date,commodity,indicator,indicator_name,location,contract_month,column_name,value,value_raw,unit,measure,currency,unit_std,price_basis,contract,state,market_type
2024-09-24,cacau,cacau-cnpc,Cacau,Preço Médio,,preco_medio_arroba,794.0,"794,00",R$,price,BRL,,spot,,,physical
2024-09-24,cacau,cacau-cnpc,Cacau,Preço Médio,,variacao_pct,0.0,"0,00",%,change_pct,,pct,spot,,,physical
2024-09-25,cacau,cacau-cnpc,Cacau,Preço Médio,,preco_medio_arroba,795.0,"795,00",R$,price,BRL,,spot,,,physical
2024-09-25,cacau,cacau-cnpc,Cacau,Preço Médio,,variacao_pct,0.13,"+0,13",%,change_pct,,pct,spot,,,physical
2024-09-26,cacau,cacau-cnpc,Cacau,Preço Médio,,preco_medio_arroba,813.4,"813,40",R$,price,BRL,,spot,,,physical
2024-09-26,cacau,cacau-cnpc,Cacau,Preço Médio,,variacao_pct,2.31,"+2,31",%,change_pct,,pct,spot,,,physical
2024-09-27,cacau,cacau-cnpc,Cacau,Preço Médio,,preco_medio_arroba,770.0,"770,00",R$,price,BRL,,spot,,,physical
2024-09-27,cacau,cacau-cnpc,Cacau,Preço Médio,,variacao_pct,-5.34,"-5,34",%,change_pct,,pct,spot,,,physical
2024-09-30,cacau,cacau-cnpc,Cacau,Preço Médio,,preco_medio_arroba,750.0,"750,00",R$,price,BRL,,spot,,,physical
2024-09-30,cacau,cacau-cnpc,Cacau,Preço Médio,,variacao_pct,-2.6,"-2,60",%,change_pct,,pct,spot,,,physical
2024-10-01,cacau,cacau-cnpc,Cacau,Preço Médio,,preco_medio_arroba,716.7,"716,70",R$,price,BRL,,spot,,,physical
2024-10-01,cacau,cacau-cnpc,Cacau,Preço Médio,,variacao_pct,-4.44,"-4,44",%,change_pct,,pct,spot,,,physical
2024-10-02,cacau,cacau-cnpc,Cacau,Preço Médio,,preco_medio_arroba,633.4,"633,40",R$,price,BRL,,spot,,,physical
2024-10-02,cacau,cacau-cnpc,Cacau,Preço Médio,,variacao_pct,-11.62,"-11,62",%,change_pct,,pct,spot,,,physical
2024-10-03,cacau,cacau-cnpc,Cacau,Preço Médio,,preco_medio_arroba,613.4,"613,40",R$,price,BRL,,spot,,,physical
2024-10-03,cacau,cacau-cnpc,Cacau,Preço Médio,,variacao_pct,-3.16,"-3,16",%,change_pct,,pct,spot,,,physical
2024-12-18,cacau,cacau-cnpc,Cacau,Preço Médio,,preco_medio_arroba,979.0,"979,00",R$,price,BRL,,spot,,,physical
2024-12-18,cacau,cacau-cnpc,Cacau,Preço Médio,,variacao_pct,,-,%,change_pct,,pct,spot,,,physical
2024-12-20,cacau,cacau-cnpc,Cacau,Preço Médio,,preco_medio_arroba,860.0,"860,00",R$,price,BRL,,spot,,,physical
2024-12-20,cacau,cacau-cnpc,Cacau,Preço Médio,,variacao_pct,-12.16,"-12,16",%,change_pct,,pct,spot,,,physical
2026-01-26,cacau,cacau-bolsa-de-nova-iorque-nybot,Cacau - Bolsa de Nova Iorque (NYBOT),,Julho/26,preco,4467.0,4467,US$ / ton,price,USD,,futures,2026-07,,nybot
2026-01-26,cacau,cacau-bolsa-de-nova-iorque-nybot,Cacau - Bolsa de Nova Iorque (NYBOT),,Julho/26,variacao_pontos,144.0,+144,%,change_abs,,pct,futures,2026-07,,nybot
2026-01-26,cacau,cacau-bolsa-de-nova-iorque-nybot,Cacau - Bolsa de Nova Iorque (NYBOT),,Maio/26,preco,4406.0,4406,US$ / ton,price,USD,,futures,2026-05,,nybot
2026-01-26,cacau,cacau-bolsa-de-nova-iorque-nybot,Cacau - Bolsa de Nova Iorque (NYBOT),,Maio/26,variacao_pontos,146.0,+146,%,change_abs,,pct,futures,2026-05,,nybot
2026-01-26,cacau,cacau-bolsa-de-nova-iorque-nybot,Cacau - Bolsa de Nova Iorque (NYBOT),,Março/26,preco,4348.0,4348,US$ / ton,price,USD,,futures,2026-03,,nybot
2026-01-26,cacau,cacau-bolsa-de-nova-iorque-nybot,Cacau - Bolsa de Nova Iorque (NYBOT),,Março/26,variacao_pontos,147.0,+147,%,change_abs,,pct,futures,2026-03,,nybot
2026-01-27,cacau,cacau-bolsa-de-nova-iorque-nybot,Cacau - Bolsa de Nova Iorque (NYBOT),,Julho/26,preco,4549.0,4549,US$ / ton,price,USD,,futures,2026-07,,nybot
2026-01-27,cacau,cacau-bolsa-de-nova-iorque-nybot,Cacau - Bolsa de Nova Iorque (NYBOT),,Julho/26,variacao_pontos,82.0,+82,%,change_abs,,pct,futures,2026-07,,nybot
2026-01-27,cacau,cacau-bolsa-de-nova-iorque-nybot,Cacau - Bolsa de Nova Iorque (NYBOT),,Maio/26,preco,4491.0,4491,US$ / ton,price,USD,,futures,2026-05,,nybot
2026-01-27,cacau,cacau-bolsa-de-nova-iorque-nybot,Cacau - Bolsa de Nova Iorque (NYBOT),,Maio/26,variacao_pontos,85.0,+85,%,change_abs,,pct,futures,2026-05,,nybot
2026-01-27,cacau,cacau-bolsa-de-nova-iorque-nybot,Cacau - Bolsa de Nova Iorque (NYBOT),,Março/26,preco,4433.0,4433,US$ / ton,price,USD,,futures,2026-03,,nybot
2026-01-27,cacau,cacau-bolsa-de-nova-iorque-nybot,Cacau - Bolsa de Nova Iorque (NYBOT),,Março/26,variacao_pontos,85.0,+85,%,change_abs,,pct,futures,2026-03,,nybot
2026-01-27,cacau,cacau-mercado-do-cacau,Cacau (Mercado do Cacau),Bahia /@,,preco,240.0,"240,00",R$,price,BRL,,spot,,BA,physical
2026-01-27,cacau,cacau-mercado-do-cacau,Cacau (Mercado do Cacau),Bahia /@,,variacao_pct,0.0,"0,00",%,change_pct,,pct,spot,,BA,physical
2026-01-27,cacau,cacau-mercado-do-cacau,Cacau (Mercado do Cacau),Espírito Santo / saca,,preco,960.0,"960,00",R$,price,BRL,,spot,,ES,physical
2026-01-27,cacau,cacau-mercado-do-cacau,Cacau (Mercado do Cacau),Espírito Santo / saca,,variacao_pct,0.0,"0,00",%,change_pct,,pct,spot,,ES,physical
2026-01-27,cacau,cacau-mercado-do-cacau,Cacau (Mercado do Cacau),Pará / Kg,,preco,16.0,"16,00",R$,price,BRL,,spot,,PA,physical
2026-01-27,cacau,cacau-mercado-do-cacau,Cacau (Mercado do Cacau),Pará / Kg,,variacao_pct,0.0,"0,00",%,change_pct,,pct,spot,,PA,physical
2026-01-28,cacau,cacau-bolsa-de-nova-iorque-nybot,Cacau - Bolsa de Nova Iorque (NYBOT),,Julho/26,preco,4272.0,4272,US$ / ton,price,USD,,futures,2026-07,,nybot
2026-01-28,cacau,cacau-bolsa-de-nova-iorque-nybot,Cacau - Bolsa de Nova Iorque (NYBOT),,Julho/26,variacao_pontos,-277.0,-277,%,change_abs,,pct,futures,2026-07,,nybot
2026-01-28,cacau,cacau-bolsa-de-nova-iorque-nybot,Cacau - Bolsa de Nova Iorque (NYBOT),,Maio/26,preco,4210.0,4210,US$ / ton,price,USD,,futures,2026-05,,nybot
2026-01-28,cacau,cacau-bolsa-de-nova-iorque-nybot,Cacau - Bolsa de Nova Iorque (NYBOT),,Maio/26,variacao_pontos,-281.0,-281,%,change_abs,,pct,futures,2026-05,,nybot
2026-01-28,cacau,cacau-bolsa-de-nova-iorque-nybot,Cacau - Bolsa de Nova Iorque (NYBOT),,Março/26,preco,4150.0,4150,US$ / ton,price,USD,,futures,2026-03,,nybot
2026-01-28,cacau,cacau-bolsa-de-nova-iorque-nybot,Cacau - Bolsa de Nova Iorque (NYBOT),,Março/26,variacao_pontos,-283.0,-283,%,change_abs,,pct,futures,2026-03,,nybot
2026-01-28,cacau,cacau-mercado-do-cacau,Cacau (Mercado do Cacau),Bahia /@,,preco,240.0,"240,00",R$,price,BRL,,spot,,BA,physical
2026-01-28,cacau,cacau-mercado-do-cacau,Cacau (Mercado do Cacau),Bahia /@,,variacao_pct,0.0,"0,00",%,change_pct,,pct,spot,,BA,physical
2026-01-28,cacau,cacau-mercado-do-cacau,Cacau (Mercado do Cacau),Espírito Santo / saca,,preco,960.0,"960,00",R$,price,BRL,,spot,,ES,physical
2026-01-28,cacau,cacau-mercado-do-cacau,Cacau (Mercado do Cacau),Espírito Santo / saca,,variacao_pct,0.0,"0,00",%,change_pct,,pct,spot,,ES,physical
2026-01-28,cacau,cacau-mercado-do-cacau,Cacau (Mercado do Cacau),Pará / Kg,,preco,16.0,"16,00",R$,price,BRL,,spot,,PA,physical
2026-01-28,cacau,cacau-mercado-do-cacau,Cacau (Mercado do Cacau),Pará / Kg,,variacao_pct,0.0,"0,00",%,change_pct,,pct,spot,,PA,physical
2026-01-29,cacau,cacau-bolsa-de-nova-iorque-nybot,Cacau - Bolsa de Nova Iorque (NYBOT),,Julho/26,preco,4290.0,4290,US$ / ton,price,USD,,futures,2026-07,,nybot
2026-01-29,cacau,cacau-bolsa-de-nova-iorque-nybot,Cacau - Bolsa de Nova Iorque (NYBOT),,Julho/26,variacao_pontos,18.0,+18,%,change_abs,,pct,futures,2026-07,,nybot
2026-01-29,cacau,cacau-bolsa-de-nova-iorque-nybot,Cacau - Bolsa de Nova Iorque (NYBOT),,Maio/26,preco,4238.0,4238,US$ / ton,price,USD,,futures,2026-05,,nybot
2026-01-29,cacau,cacau-bolsa-de-nova-iorque-nybot,Cacau - Bolsa de Nova Iorque (NYBOT),,Maio/26,variacao_pontos,28.0,+28,%,change_abs,,pct,futures,2026-05,,nybot
2026-01-29,cacau,cacau-bolsa-de-nova-iorque-nybot,Cacau - Bolsa de Nova Iorque (NYBOT),,Março/26,preco,4177.0,4177,US$ / ton,price,USD,,futures,2026-03,,nybot
2026-01-29,cacau,cacau-bolsa-de-nova-iorque-nybot,Cacau - Bolsa de Nova Iorque (NYBOT),,Março/26,variacao_pontos,27.0,+27,%,change_abs,,pct,futures,2026-03,,nybot
2026-01-29,cacau,cacau-mercado-do-cacau,Cacau (Mercado do Cacau),Bahia /@,,preco,240.0,"240,00",R$,price,BRL,,spot,,BA,physical
2026-01-29,cacau,cacau-mercado-do-cacau,Cacau (Mercado do Cacau),Bahia /@,,variacao_pct,0.0,"0,00",%,change_pct,,pct,spot,,BA,physical
2026-01-29,cacau,cacau-mercado-do-cacau,Cacau (Mercado do Cacau),Espírito Santo / saca,,preco,960.0,"960,00",R$,price,BRL,,spot,,ES,physical
2026-01-29,cacau,cacau-mercado-do-cacau,Cacau (Mercado do Cacau),Espírito Santo / saca,,variacao_pct,0.0,"0,00",%,change_pct,,pct,spot,,ES,physical
2026-01-29,cacau,cacau-mercado-do-cacau,Cacau (Mercado do Cacau),Pará / Kg,,preco,16.0,"16,00",R$,price,BRL,,spot,,PA,physical
2026-01-29,cacau,cacau-mercado-do-cacau,Cacau (Mercado do Cacau),Pará / Kg,,variacao_pct,0.0,"0,00",%,change_pct,,pct,spot,,PA,physical
2026-01-30,cacau,cacau-bolsa-de-nova-iorque-nybot,Cacau - Bolsa de Nova Iorque (NYBOT),,Julho/26,preco,4273.0,4273,US$ / ton,price,USD,,futures,2026-07,,nybot
2026-01-30,cacau,cacau-bolsa-de-nova-iorque-nybot,Cacau - Bolsa de Nova Iorque (NYBOT),,Julho/26,variacao_pontos,-17.0,-17,%,change_abs,,pct,futures,2026-07,,nybot
2026-01-30,cacau,cacau-bolsa-de-nova-iorque-nybot,Cacau - Bolsa de Nova Iorque (NYBOT),,Maio/26,preco,4226.0,4226,US$ / ton,price,USD,,futures,2026-05,,nybot
2026-01-30,cacau,cacau-bolsa-de-nova-iorque-nybot,Cacau - Bolsa de Nova Iorque (NYBOT),,Maio/26,variacao_pontos,-12.0,-12,%,change_abs,,pct,futures,2026-05,,nybot
2026-01-30,cacau,cacau-bolsa-de-nova-iorque-nybot,Cacau - Bolsa de Nova Iorque (NYBOT),,Março/26,preco,4165.0,4165,US$ / ton,price,USD,,futures,2026-03,,nybot
2026-01-30,cacau,cacau-bolsa-de-nova-iorque-nybot,Cacau - Bolsa de Nova Iorque (NYBOT),,Março/26,variacao_pontos,-12.0,-12,%,change_abs,,pct,futures,2026-03,,nybot
2026-01-30,cacau,cacau-mercado-do-cacau,Cacau (Mercado do Cacau),Bahia /@,,preco,220.0,"220,00",R$,price,BRL,,spot,,BA,physical
2026-01-30,cacau,cacau-mercado-do-cacau,Cacau (Mercado do Cacau),Bahia /@,,variacao_pct,-8.33,"-8,33",%,change_pct,,pct,spot,,BA,physical
2026-01-30,cacau,cacau-mercado-do-cacau,Cacau (Mercado do Cacau),Espírito Santo / saca,,preco,880.0,"880,00",R$,price,BRL,,spot,,ES,physical
2026-01-30,cacau,cacau-mercado-do-cacau,Cacau (Mercado do Cacau),Espírito Santo / saca,,variacao_pct,-8.33,"-8,33",%,change_pct,,pct,spot,,ES,physical
2026-01-30,cacau,cacau-mercado-do-cacau,Cacau (Mercado do Cacau),Pará / Kg,,preco,14.5,"14,50",R$,price,BRL,,spot,,PA,physical
2026-01-30,cacau,cacau-mercado-do-cacau,Cacau (Mercado do Cacau),Pará / Kg,,variacao_pct,-9.38,"-9,38",%,change_pct,,pct,spot,,PA,physical
2026-02-02,cacau,cacau-bolsa-de-nova-iorque-nybot,Cacau - Bolsa de Nova Iorque (NYBOT),,Julho/26,preco,4319.0,4319,US$ / ton,price,USD,,futures,2026-07,,nybot
2026-02-02,cacau,cacau-bolsa-de-nova-iorque-nybot,Cacau - Bolsa de Nova Iorque (NYBOT),,Julho/26,variacao_pontos,46.0,+46,%,change_abs,,pct,futures,2026-07,,nybot
2026-02-02,cacau,cacau-bolsa-de-nova-iorque-nybot,Cacau - Bolsa de Nova Iorque (NYBOT),,Maio/26,preco,4271.0,4271,US$ / ton,price,USD,,futures,2026-05,,nybot
2026-02-02,cacau,cacau-bolsa-de-nova-iorque-nybot,Cacau - Bolsa de Nova Iorque (NYBOT),,Maio/26,variacao_pontos,45.0,+45,%,change_abs,,pct,futures,2026-05,,nybot
2026-02-02,cacau,cacau-bolsa-de-nova-iorque-nybot,Cacau - Bolsa de Nova Iorque (NYBOT),,Março/26,preco,4210.0,4210,US$ / ton,price,USD,,futures,2026-03,,nybot
2026-02-02,cacau,cacau-bolsa-de-nova-iorque-nybot,Cacau - Bolsa de Nova Iorque (NYBOT),,Março/26,variacao_pontos,45.0,+45,%,change_abs,,pct,futures,2026-03,,nybot
2026-02-02,cacau,cacau-mercado-do-cacau,Cacau (Mercado do Cacau),Bahia /@,,preco,235.0,"235,00",R$,price,BRL,,spot,,BA,physical
2026-02-02,cacau,cacau-mercado-do-cacau,Cacau (Mercado do Cacau),Bahia /@,,variacao_pct,6.82,"+6,82",%,change_pct,,pct,spot,,BA,physical
2026-02-02,cacau,cacau-mercado-do-cacau,Cacau (Mercado do Cacau),Espírito Santo / saca,,preco,940.0,"940,00",R$,price,BRL,,spot,,ES,physical
2026-02-02,cacau,cacau-mercado-do-cacau,Cacau (Mercado do Cacau),Espírito Santo / saca,,variacao_pct,6.82,"+6,82",%,change_pct,,pct,spot,,ES,physical
2026-02-02,cacau,cacau-mercado-do-cacau,Cacau (Mercado do Cacau),Pará / Kg,,preco,15.0,"15,00",R$,price,BRL,,spot,,PA,physical
2026-02-02,cacau,cacau-mercado-do-cacau,Cacau (Mercado do Cacau),Pará / Kg,,variacao_pct,3.45,"+3,45",%,change_pct,,pct,spot,,PA,physical
2026-02-03,cacau,cacau-bolsa-de-nova-iorque-nybot,Cacau - Bolsa de Nova Iorque (NYBOT),,Julho/26,preco,4404.0,4404,US$ / ton,price,USD,,futures,2026-07,,nybot
2026-02-03,cacau,cacau-bolsa-de-nova-iorque-nybot,Cacau - Bolsa de Nova Iorque (NYBOT),,Julho/26,variacao_pontos,85.0,+85,%,change_abs,,pct,futures,2026-07,,nybot
2026-02-03,cacau,cacau-bolsa-de-nova-iorque-nybot,Cacau - Bolsa de Nova Iorque (NYBOT),,Maio/26,preco,4360.0,4360,US$ / ton,price,USD,,futures,2026-05,,nybot
2026-02-03,cacau,cacau-bolsa-de-nova-iorque-nybot,Cacau - Bolsa de Nova Iorque (NYBOT),,Maio/26,variacao_pontos,89.0,+89,%,change_abs,,pct,futures,2026-05,,nybot
2026-02-03,cacau,cacau-bolsa-de-nova-iorque-nybot,Cacau - Bolsa de Nova Iorque (NYBOT),,Março/26,preco,4300.0,4300,US$ / ton,price,USD,,futures,2026-03,,nybot
2026-02-03,cacau,cacau-bolsa-de-nova-iorque-nybot,Cacau - Bolsa de Nova Iorque (NYBOT),,Março/26,variacao_pontos,90.0,+90,%,change_abs,,pct,futures,2026-03,,nybot
2026-02-03,cacau,cacau-mercado-do-cacau,Cacau (Mercado do Cacau),Bahia /@,,preco,235.0,"235,00",R$,price,BRL,,spot,,BA,physical
2026-02-03,cacau,cacau-mercado-do-cacau,Cacau (Mercado do Cacau),Bahia /@,,variacao_pct,0.0,"0,00",%,change_pct,,pct,spot,,BA,physical
2026-02-03,cacau,cacau-mercado-do-cacau,Cacau (Mercado do Cacau),Espírito Santo / saca,,preco,940.0,"940,00",R$,price,BRL,,spot,,ES,physical
2026-02-03,cacau,cacau-mercado-do-cacau,Cacau (Mercado do Cacau),Espírito Santo / saca,,variacao_pct,0.0,"0,00",%,change_pct,,pct,spot,,ES,physical
2026-02-03,cacau,cacau-mercado-do-cacau,Cacau (Mercado do Cacau),Pará / Kg,,preco,15.0,"15,00",R$,price,BRL,,spot,,PA,physical
2026-02-03,cacau,cacau-mercado-do-cacau,Cacau (Mercado do Cacau),Pará / Kg,,variacao_pct,0.0,"0,00",%,change_pct,,pct,spot,,PA,physical
2026-02-04,cacau,cacau-bolsa-de-nova-iorque-nybot,Cacau - Bolsa de Nova Iorque (NYBOT),,Julho/26,preco,4206.0,4206,US$ / ton,price,USD,,futures,2026-07,,nybot
2026-02-04,cacau,cacau-bolsa-de-nova-iorque-nybot,Cacau - Bolsa de Nova Iorque (NYBOT),,Julho/26,variacao_pontos,-198.0,-198,%,change_abs,,pct,futures,2026-07,,nybot
2026-02-04,cacau,cacau-bolsa-de-nova-iorque-nybot,Cacau - Bolsa de Nova Iorque (NYBOT),,Maio/26,preco,4159.0,4159,US$ / ton,price,USD,,futures,2026-05,,nybot
2026-02-04,cacau,cacau-bolsa-de-nova-iorque-nybot,Cacau - Bolsa de Nova Iorque (NYBOT),,Maio/26,variacao_pontos,-201.0,-201,%,change_abs,,pct,futures,2026-05,,nybot
2026-02-04,cacau,cacau-bolsa-de-nova-iorque-nybot,Cacau - Bolsa de Nova Iorque (NYBOT),,Março/26,preco,4086.0,4086,US$ / ton,price,USD,,futures,2026-03,,nybot
2026-02-04,cacau,cacau-bolsa-de-nova-iorque-nybot,Cacau - Bolsa de Nova Iorque (NYBOT),,Março/26,variacao_pontos,-214.0,-214,%,change_abs,,pct,futures,2026-03,,nybot
2026-02-04,cacau,cacau-mercado-do-cacau,Cacau (Mercado do Cacau),Bahia /@,,preco,235.0,"235,00",R$,price,BRL,,spot,,BA,physical
2026-02-04,cacau,cacau-mercado-do-cacau,Cacau (Mercado do Cacau),Bahia /@,,variacao_pct,0.0,"0,00",%,change_pct,,pct,spot,,BA,physical
2026-02-04,cacau,cacau-mercado-do-cacau,Cacau (Mercado do Cacau),Espírito Santo / saca,,preco,940.0,"940,00",R$,price,BRL,,spot,,ES,physical
2026-02-04,cacau,cacau-mercado-do-cacau,Cacau (Mercado do Cacau),Espírito Santo / saca,,variacao_pct,0.0,"0,00",%,change_pct,,pct,spot,,ES,physical
2026-02-04,cacau,cacau-mercado-do-cacau,Cacau (Mercado do Cacau),Pará / Kg,,preco,15.0,"15,00",R$,price,BRL,,spot,,PA,physical
2026-02-04,cacau,cacau-mercado-do-cacau,Cacau (Mercado do Cacau),Pará / Kg,,variacao_pct,0.0,"0,00",%,change_pct,,pct,spot,,PA,physical
2026-02-05,cacau,cacau-bolsa-de-nova-iorque-nybot,Cacau - Bolsa de Nova Iorque (NYBOT),,Julho/26,preco,4345.0,4345,US$ / ton,price,USD,,futures,2026-07,,nybot
2026-02-05,cacau,cacau-bolsa-de-nova-iorque-nybot,Cacau - Bolsa de Nova Iorque (NYBOT),,Julho/26,variacao_pontos,139.0,+139,%,change_abs,,pct,futures,2026-07,,nybot
2026-02-05,cacau,cacau-bolsa-de-nova-iorque-nybot,Cacau - Bolsa de Nova Iorque (NYBOT),,Maio/26,preco,4294.0,4294,US$ / ton,price,USD,,futures,2026-05,,nybot
2026-02-05,cacau,cacau-bolsa-de-nova-iorque-nybot,Cacau - Bolsa de Nova Iorque (NYBOT),,Maio/26,variacao_pontos,135.0,+135,%,change_abs,,pct,futures,2026-05,,nybot
2026-02-05,cacau,cacau-bolsa-de-nova-iorque-nybot,Cacau - Bolsa de Nova Iorque (NYBOT),,Março/26,preco,4209.0,4209,US$ / ton,price,USD,,futures,2026-03,,nybot
2026-02-05,cacau,cacau-bolsa-de-nova-iorque-nybot,Cacau - Bolsa de Nova Iorque (NYBOT),,Março/26,variacao_pontos,123.0,+123,%,change_abs,,pct,futures,2026-03,,nybot
2026-02-05,cacau,cacau-mercado-do-cacau,Cacau (Mercado do Cacau),Bahia /@,,preco,235.0,"235,00",R$,price,BRL,,spot,,BA,physical
2026-02-05,cacau,cacau-mercado-do-cacau,Cacau (Mercado do Cacau),Bahia /@,,variacao_pct,0.0,"0,00",%,change_pct,,pct,spot,,BA,physical
2026-02-05,cacau,cacau-mercado-do-cacau,Cacau (Mercado do Cacau),Espírito Santo / saca,,preco,940.0,"940,00",R$,price,BRL,,spot,,ES,physical
2026-02-05,cacau,cacau-mercado-do-cacau,Cacau (Mercado do Cacau),Espírito Santo / saca,,variacao_pct,0.0,"0,00",%,change_pct,,pct,spot,,ES,physical
2026-02-05,cacau,cacau-mercado-do-cacau,Cacau (Mercado do Cacau),Pará / Kg,,preco,15.0,"15,00",R$,price,BRL,,spot,,PA,physical
2026-02-05,cacau,cacau-mercado-do-cacau,Cacau (Mercado do Cacau),Pará / Kg,,variacao_pct,0.0,"0,00",%,change_pct,,pct,spot,,PA,physical
2026-02-06,cacau,cacau-bolsa-de-nova-iorque-nybot,Cacau - Bolsa de Nova Iorque (NYBOT),,Julho/26,preco,4340.0,4340,US$ / ton,price,USD,,futures,2026-07,,nybot
2026-02-06,cacau,cacau-bolsa-de-nova-iorque-nybot,Cacau - Bolsa de Nova Iorque (NYBOT),,Julho/26,variacao_pontos,-5.0,-5,%,change_abs,,pct,futures,2026-07,,nybot
2026-02-06,cacau,cacau-bolsa-de-nova-iorque-nybot,Cacau - Bolsa de Nova Iorque (NYBOT),,Maio/26,preco,4286.0,4286,US$ / ton,price,USD,,futures,2026-05,,nybot
2026-02-06,cacau,cacau-bolsa-de-nova-iorque-nybot,Cacau - Bolsa de Nova Iorque (NYBOT),,Maio/26,variacao_pontos,-8.0,-8,%,change_abs,,pct,futures,2026-05,,nybot
2026-02-06,cacau,cacau-bolsa-de-nova-iorque-nybot,Cacau - Bolsa de Nova Iorque (NYBOT),,Março/26,preco,4197.0,4197,US$ / ton,price,USD,,futures,2026-03,,nybot
2026-02-06,cacau,cacau-bolsa-de-nova-iorque-nybot,Cacau - Bolsa de Nova Iorque (NYBOT),,Março/26,variacao_pontos,-12.0,-12,%,change_abs,,pct,futures,2026-03,,nybot
2026-02-06,cacau,cacau-mercado-do-cacau,Cacau (Mercado do Cacau),Bahia /@,,preco,235.0,"235,00",R$,price,BRL,,spot,,BA,physical
2026-02-06,cacau,cacau-mercado-do-cacau,Cacau (Mercado do Cacau),Bahia /@,,variacao_pct,0.0,"0,00",%,change_pct,,pct,spot,,BA,physical
2026-02-06,cacau,cacau-mercado-do-cacau,Cacau (Mercado do Cacau),Espírito Santo / saca,,preco,940.0,"940,00",R$,price,BRL,,spot,,ES,physical
2026-02-06,cacau,cacau-mercado-do-cacau,Cacau (Mercado do Cacau),Espírito Santo / saca,,variacao_pct,0.0,"0,00",%,change_pct,,pct,spot,,ES,physical
2026-02-06,cacau,cacau-mercado-do-cacau,Cacau (Mercado do Cacau),Pará / Kg,,preco,15.0,"15,00",R$,price,BRL,,spot,,PA,physical
2026-02-06,cacau,cacau-mercado-do-cacau,Cacau (Mercado do Cacau),Pará / Kg,,variacao_pct,0.0,"0,00",%,change_pct,,pct,spot,,PA,physical
2026-02-09,cacau,cacau-bolsa-de-nova-iorque-nybot,Cacau - Bolsa de Nova Iorque (NYBOT),,Julho/26,preco,4245.0,4245,US$ / ton,price,USD,,futures,2026-07,,nybot
2026-02-09,cacau,cacau-bolsa-de-nova-iorque-nybot,Cacau - Bolsa de Nova Iorque (NYBOT),,Julho/26,variacao_pontos,-95.0,-95,%,change_abs,,pct,futures,2026-07,,nybot
2026-02-09,cacau,cacau-bolsa-de-nova-iorque-nybot,Cacau - Bolsa de Nova Iorque (NYBOT),,Maio/26,preco,4186.0,4186,US$ / ton,price,USD,,futures,2026-05,,nybot
2026-02-09,cacau,cacau-bolsa-de-nova-iorque-nybot,Cacau - Bolsa de Nova Iorque (NYBOT),,Maio/26,variacao_pontos,-100.0,-100,%,change_abs,,pct,futures,2026-05,,nybot
2026-02-09,cacau,cacau-bolsa-de-nova-iorque-nybot,Cacau - Bolsa de Nova Iorque (NYBOT),,Março/26,preco,4102.0,4102,US$ / ton,price,USD,,futures,2026-03,,nybot
2026-02-09,cacau,cacau-bolsa-de-nova-iorque-nybot,Cacau - Bolsa de Nova Iorque (NYBOT),,Março/26,variacao_pontos,-95.0,-95,%,change_abs,,pct,futures,2026-03,,nybot
2026-02-09,cacau,cacau-mercado-do-cacau,Cacau (Mercado do Cacau),Bahia /@,,preco,235.0,"235,00",R$,price,BRL,,spot,,BA,physical
2026-02-09,cacau,cacau-mercado-do-cacau,Cacau (Mercado do Cacau),Bahia /@,,variacao_pct,0.0,"0,00",%,change_pct,,pct,spot,,BA,physical
2026-02-09,cacau,cacau-mercado-do-cacau,Cacau (Mercado do Cacau),Espírito Santo / saca,,preco,940.0,"940,00",R$,price,BRL,,spot,,ES,physical
2026-02-09,cacau,cacau-mercado-do-cacau,Cacau (Mercado do Cacau),Espírito Santo / saca,,variacao_pct,0.0,"0,00",%,change_pct,,pct,spot,,ES,physical
2026-02-09,cacau,cacau-mercado-do-cacau,Cacau (Mercado do Cacau),Pará / Kg,,preco,15.0,"15,00",R$,price,BRL,,spot,,PA,physical
2026-02-09,cacau,cacau-mercado-do-cacau,Cacau (Mercado do Cacau),Pará / Kg,,variacao_pct,0.0,"0,00",%,change_pct,,pct,spot,,PA,physical
2026-02-10,cacau,cacau-bolsa-de-nova-iorque-nybot,Cacau - Bolsa de Nova Iorque (NYBOT),,Julho/26,preco,3948.0,3948,US$ / ton,price,USD,,futures,2026-07,,nybot
2026-02-10,cacau,cacau-bolsa-de-nova-iorque-nybot,Cacau - Bolsa de Nova Iorque (NYBOT),,Julho/26,variacao_pontos,-297.0,-297,%,change_abs,,pct,futures,2026-07,,nybot
2026-02-10,cacau,cacau-bolsa-de-nova-iorque-nybot,Cacau - Bolsa de Nova Iorque (NYBOT),,Maio/26,preco,3891.0,3891,US$ / ton,price,USD,,futures,2026-05,,nybot
2026-02-10,cacau,cacau-bolsa-de-nova-iorque-nybot,Cacau - Bolsa de Nova Iorque (NYBOT),,Maio/26,variacao_pontos,-295.0,-295,%,change_abs,,pct,futures,2026-05,,nybot
2026-02-10,cacau,cacau-bolsa-de-nova-iorque-nybot,Cacau - Bolsa de Nova Iorque (NYBOT),,Março/26,preco,3805.0,3805,US$ / ton,price,USD,,futures,2026-03,,nybot
2026-02-10,cacau,cacau-bolsa-de-nova-iorque-nybot,Cacau - Bolsa de Nova Iorque (NYBOT),,Março/26,variacao_pontos,-297.0,-297,%,change_abs,,pct,futures,2026-03,,nybot
2026-02-10,cacau,cacau-mercado-do-cacau,Cacau (Mercado do Cacau),Bahia /@,,preco,220.0,"220,00",R$,price,BRL,,spot,,BA,physical
2026-02-10,cacau,cacau-mercado-do-cacau,Cacau (Mercado do Cacau),Bahia /@,,variacao_pct,-6.38,"-6,38",%,change_pct,,pct,spot,,BA,physical
2026-02-10,cacau,cacau-mercado-do-cacau,Cacau (Mercado do Cacau),Espírito Santo / saca,,preco,880.0,"880,00",R$,price,BRL,,spot,,ES,physical
2026-02-10,cacau,cacau-mercado-do-cacau,Cacau (Mercado do Cacau),Espírito Santo / saca,,variacao_pct,-6.38,"-6,38",%,change_pct,,pct,spot,,ES,physical
2026-02-10,cacau,cacau-mercado-do-cacau,Cacau (Mercado do Cacau),Pará / Kg,,preco,14.0,"14,00",R$,price,BRL,,spot,,PA,physical
2026-02-10,cacau,cacau-mercado-do-cacau,Cacau (Mercado do Cacau),Pará / Kg,,variacao_pct,-6.67,"-6,67",%,change_pct,,pct,spot,,PA,physical
2026-02-11,cacau,cacau-bolsa-de-nova-iorque-nybot,Cacau - Bolsa de Nova Iorque (NYBOT),,Julho/26,preco,3913.0,3913,US$ / ton,price,USD,,futures,2026-07,,nybot
2026-02-11,cacau,cacau-bolsa-de-nova-iorque-nybot,Cacau - Bolsa de Nova Iorque (NYBOT),,Julho/26,variacao_pontos,-35.0,-35,%,change_abs,,pct,futures,2026-07,,nybot
2026-02-11,cacau,cacau-bolsa-de-nova-iorque-nybot,Cacau - Bolsa de Nova Iorque (NYBOT),,Maio/26,preco,3856.0,3856,US$ / ton,price,USD,,futures,2026-05,,nybot
2026-02-11,cacau,cacau-bolsa-de-nova-iorque-nybot,Cacau - Bolsa de Nova Iorque (NYBOT),,Maio/26,variacao_pontos,-35.0,-35,%,change_abs,,pct,futures,2026-05,,nybot
2026-02-11,cacau,cacau-bolsa-de-nova-iorque-nybot,Cacau - Bolsa de Nova Iorque (NYBOT),,Março/26,preco,3762.0,3762,US$ / ton,price,USD,,futures,2026-03,,nybot
2026-02-11,cacau,cacau-bolsa-de-nova-iorque-nybot,Cacau - Bolsa de Nova Iorque (NYBOT),,Março/26,variacao_pontos,-43.0,-43,%,change_abs,,pct,futures,2026-03,,nybot
2026-02-11,cacau,cacau-mercado-do-cacau,Cacau (Mercado do Cacau),Bahia /@,,preco,220.0,"220,00",R$,price,BRL,,spot,,BA,physical
2026-02-11,cacau,cacau-mercado-do-cacau,Cacau (Mercado do Cacau),Bahia /@,,variacao_pct,0.0,"0,00",%,change_pct,,pct,spot,,BA,physical
2026-02-11,cacau,cacau-mercado-do-cacau,Cacau (Mercado do Cacau),Espírito Santo / saca,,preco,880.0,"880,00",R$,price,BRL,,spot,,ES,physical
2026-02-11,cacau,cacau-mercado-do-cacau,Cacau (Mercado do Cacau),Espírito Santo / saca,,variacao_pct,0.0,"0,00",%,change_pct,,pct,spot,,ES,physical
2026-02-11,cacau,cacau-mercado-do-cacau,Cacau (Mercado do Cacau),Pará / Kg,,preco,14.0,"14,00",R$,price,BRL,,spot,,PA,physical
2026-02-11,cacau,cacau-mercado-do-cacau,Cacau (Mercado do Cacau),Pará / Kg,,variacao_pct,0.0,"0,00",%,change_pct,,pct,spot,,PA,physical
2026-02-12,cacau,cacau-bolsa-de-nova-iorque-nybot,Cacau - Bolsa de Nova Iorque (NYBOT),,Julho/26,preco,3785.0,3785,US$ / ton,price,USD,,futures,2026-07,,nybot
2026-02-12,cacau,cacau-bolsa-de-nova-iorque-nybot,Cacau - Bolsa de Nova Iorque (NYBOT),,Julho/26,variacao_pontos,-128.0,-128,%,change_abs,,pct,futures,2026-07,,nybot
2026-02-12,cacau,cacau-bolsa-de-nova-iorque-nybot,Cacau - Bolsa de Nova Iorque (NYBOT),,Maio/26,preco,3724.0,3724,US$ / ton,price,USD,,futures,2026-05,,nybot
2026-02-12,cacau,cacau-bolsa-de-nova-iorque-nybot,Cacau - Bolsa de Nova Iorque (NYBOT),,Maio/26,variacao_pontos,-132.0,-132,%,change_abs,,pct,futures,2026-05,,nybot
2026-02-12,cacau,cacau-bolsa-de-nova-iorque-nybot,Cacau - Bolsa de Nova Iorque (NYBOT),,Março/26,preco,3632.0,3632,US$ / ton,price,USD,,futures,2026-03,,nybot
2026-02-12,cacau,cacau-bolsa-de-nova-iorque-nybot,Cacau - Bolsa de Nova Iorque (NYBOT),,Março/26,variacao_pontos,-130.0,-130,%,change_abs,,pct,futures,2026-03,,nybot
2026-02-12,cacau,cacau-mercado-do-cacau,Cacau (Mercado do Cacau),Bahia /@,,preco,210.0,"210,00",R$,price,BRL,,spot,,BA,physical
2026-02-12,cacau,cacau-mercado-do-cacau,Cacau (Mercado do Cacau),Bahia /@,,variacao_pct,-4.55,"-4,55",%,change_pct,,pct,spot,,BA,physical
2026-02-12,cacau,cacau-mercado-do-cacau,Cacau (Mercado do Cacau),Espírito Santo / saca,,preco,840.0,"840,00",R$,price,BRL,,spot,,ES,physical
2026-02-12,cacau,cacau-mercado-do-cacau,Cacau (Mercado do Cacau),Espírito Santo / saca,,variacao_pct,-4.55,"-4,55",%,change_pct,,pct,spot,,ES,physical
2026-02-12,cacau,cacau-mercado-do-cacau,Cacau (Mercado do Cacau),Pará / Kg,,preco,14.0,"14,00",R$,price,BRL,,spot,,PA,physical
2026-02-12,cacau,cacau-mercado-do-cacau,Cacau (Mercado do Cacau),Pará / Kg,,variacao_pct,0.0,"0,00",%,change_pct,,pct,spot,,PA,physical
2026-02-13,cacau,cacau-bolsa-de-nova-iorque-nybot,Cacau - Bolsa de Nova Iorque (NYBOT),,Julho/26,preco,3730.0,3730,US$ / ton,price,USD,,futures,2026-07,,nybot
2026-02-13,cacau,cacau-bolsa-de-nova-iorque-nybot,Cacau - Bolsa de Nova Iorque (NYBOT),,Julho/26,variacao_pontos,-55.0,-55,%,change_abs,,pct,futures,2026-07,,nybot
2026-02-13,cacau,cacau-bolsa-de-nova-iorque-nybot,Cacau - Bolsa de Nova Iorque (NYBOT),,Maio/26,preco,3673.0,3673,US$ / ton,price,USD,,futures,2026-05,,nybot
2026-02-13,cacau,cacau-bolsa-de-nova-iorque-nybot,Cacau - Bolsa de Nova Iorque (NYBOT),,Maio/26,variacao_pontos,-51.0,-51,%,change_abs,,pct,futures,2026-05,,nybot
2026-02-13,cacau,cacau-bolsa-de-nova-iorque-nybot,Cacau - Bolsa de Nova Iorque (NYBOT),,Março/26,preco,3581.0,3581,US$ / ton,price,USD,,futures,2026-03,,nybot
2026-02-13,cacau,cacau-bolsa-de-nova-iorque-nybot,Cacau - Bolsa de Nova Iorque (NYBOT),,Março/26,variacao_pontos,-51.0,-51,%,change_abs,,pct,futures,2026-03,,nybot
2026-02-13,cacau,cacau-mercado-do-cacau,Cacau (Mercado do Cacau),Bahia /@,,preco,210.0,"210,00",R$,price,BRL,,spot,,BA,physical
2026-02-13,cacau,cacau-mercado-do-cacau,Cacau (Mercado do Cacau),Bahia /@,,variacao_pct,0.0,"0,00",%,change_pct,,pct,spot,,BA,physical
2026-02-13,cacau,cacau-mercado-do-cacau,Cacau (Mercado do Cacau),Espírito Santo / saca,,preco,840.0,"840,00",R$,price,BRL,,spot,,ES,physical
2026-02-13,cacau,cacau-mercado-do-cacau,Cacau (Mercado do Cacau),Espírito Santo / saca,,variacao_pct,0.0,"0,00",%,change_pct,,pct,spot,,ES,physical
2026-02-13,cacau,cacau-mercado-do-cacau,Cacau (Mercado do Cacau),Pará / Kg,,preco,14.0,"14,00",R$,price,BRL,,spot,,PA,physical
2026-02-13,cacau,cacau-mercado-do-cacau,Cacau (Mercado do Cacau),Pará / Kg,,variacao_pct,0.0,"0,00",%,change_pct,,pct,spot,,PA,physical
2026-02-17,cacau,cacau-bolsa-de-nova-iorque-nybot,Cacau - Bolsa de Nova Iorque (NYBOT),,Julho/26,preco,3531.0,3531,US$ / ton,price,USD,,futures,2026-07,,nybot
2026-02-17,cacau,cacau-bolsa-de-nova-iorque-nybot,Cacau - Bolsa de Nova Iorque (NYBOT),,Julho/26,variacao_pontos,-199.0,-199,%,change_abs,,pct,futures,2026-07,,nybot
2026-02-17,cacau,cacau-bolsa-de-nova-iorque-nybot,Cacau - Bolsa de Nova Iorque (NYBOT),,Maio/26,preco,3466.0,3466,US$ / ton,price,USD,,futures,2026-05,,nybot
2026-02-17,cacau,cacau-bolsa-de-nova-iorque-nybot,Cacau - Bolsa de Nova Iorque (NYBOT),,Maio/26,variacao_pontos,-207.0,-207,%,change_abs,,pct,futures,2026-05,,nybot
2026-02-17,cacau,cacau-bolsa-de-nova-iorque-nybot,Cacau - Bolsa de Nova Iorque (NYBOT),,Março/26,preco,3384.0,3384,US$ / ton,price,USD,,futures,2026-03,,nybot
2026-02-17,cacau,cacau-bolsa-de-nova-iorque-nybot,Cacau - Bolsa de Nova Iorque (NYBOT),,Março/26,variacao_pontos,-197.0,-197,%,change_abs,,pct,futures,2026-03,,nybot
2026-02-18,cacau,cacau-bolsa-de-nova-iorque-nybot,Cacau - Bolsa de Nova Iorque (NYBOT),,Julho/26,preco,3376.0,3376,US$ / ton,price,USD,,futures,2026-07,,nybot
2026-02-18,cacau,cacau-bolsa-de-nova-iorque-nybot,Cacau - Bolsa de Nova Iorque (NYBOT),,Julho/26,variacao_pontos,-155.0,-155,%,change_abs,,pct,futures,2026-07,,nybot
2026-02-18,cacau,cacau-bolsa-de-nova-iorque-nybot,Cacau - Bolsa de Nova Iorque (NYBOT),,Maio/26,preco,3314.0,3314,US$ / ton,price,USD,,futures,2026-05,,nybot
2026-02-18,cacau,cacau-bolsa-de-nova-iorque-nybot,Cacau - Bolsa de Nova Iorque (NYBOT),,Maio/26,variacao_pontos,-152.0,-152,%,change_abs,,pct,futures,2026-05,,nybot
2026-02-18,cacau,cacau-bolsa-de-nova-iorque-nybot,Cacau - Bolsa de Nova Iorque (NYBOT),,Março/26,preco,3226.0,3226,US$ / ton,price,USD,,futures,2026-03,,nybot
2026-02-18,cacau,cacau-bolsa-de-nova-iorque-nybot,Cacau - Bolsa de Nova Iorque (NYBOT),,Março/26,variacao_pontos,-158.0,-158,%,change_abs,,pct,futures,2026-03,,nybot
2026-02-18,cacau,cacau-mercado-do-cacau,Cacau (Mercado do Cacau),Bahia /@,,preco,165.0,"165,00",R$,price,BRL,,spot,,BA,physical
2026-02-18,cacau,cacau-mercado-do-cacau,Cacau (Mercado do Cacau),Bahia /@,,variacao_pct,-21.43,"-21,43",%,change_pct,,pct,spot,,BA,physical
2026-02-18,cacau,cacau-mercado-do-cacau,Cacau (Mercado do Cacau),Espírito Santo / saca,,preco,660.0,"660,00",R$,price,BRL,,spot,,ES,physical
2026-02-18,cacau,cacau-mercado-do-cacau,Cacau (Mercado do Cacau),Espírito Santo / saca,,variacao_pct,-21.43,"-21,43",%,change_pct,,pct,spot,,ES,physical
2026-02-18,cacau,cacau-mercado-do-cacau,Cacau (Mercado do Cacau),Pará / Kg,,preco,10.5,"10,50",R$,price,BRL,,spot,,PA,physical
2026-02-18,cacau,cacau-mercado-do-cacau,Cacau (Mercado do Cacau),Pará / Kg,,variacao_pct,-25.0,"-25,00",%,change_pct,,pct,spot,,PA,physical
2026-02-19,cacau,cacau-bolsa-de-nova-iorque-nybot,Cacau - Bolsa de Nova Iorque (NYBOT),,Julho/26,preco,3113.0,3113,US$ / ton,price,USD,,futures,2026-07,,nybot
2026-02-19,cacau,cacau-bolsa-de-nova-iorque-nybot,Cacau - Bolsa de Nova Iorque (NYBOT),,Julho/26,variacao_pontos,-263.0,-263,%,change_abs,,pct,futures,2026-07,,nybot
2026-02-19,cacau,cacau-bolsa-de-nova-iorque-nybot,Cacau - Bolsa de Nova Iorque (NYBOT),,Maio/26,preco,3058.0,3058,US$ / ton,price,USD,,futures,2026-05,,nybot
2026-02-19,cacau,cacau-bolsa-de-nova-iorque-nybot,Cacau - Bolsa de Nova Iorque (NYBOT),,Maio/26,variacao_pontos,-256.0,-256,%,change_abs,,pct,futures,2026-05,,nybot
2026-02-19,cacau,cacau-bolsa-de-nova-iorque-nybot,Cacau - Bolsa de Nova Iorque (NYBOT),,Março/26,preco,2968.0,2968,US$ / ton,price,USD,,futures,2026-03,,nybot
2026-02-19,cacau,cacau-bolsa-de-nova-iorque-nybot,Cacau - Bolsa de Nova Iorque (NYBOT),,Março/26,variacao_pontos,-258.0,-258,%,change_abs,,pct,futures,2026-03,,nybot
2026-02-19,cacau,cacau-mercado-do-cacau,Cacau (Mercado do Cacau),Bahia /@,,preco,165.0,"165,00",R$,price,BRL,,spot,,BA,physical
2026-02-19,cacau,cacau-mercado-do-cacau,Cacau (Mercado do Cacau),Bahia /@,,variacao_pct,0.0,"0,00",%,change_pct,,pct,spot,,BA,physical
2026-02-19,cacau,cacau-mercado-do-cacau,Cacau (Mercado do Cacau),Espírito Santo / saca,,preco,660.0,"660,00",R$,price,BRL,,spot,,ES,physical
2026-02-19,cacau,cacau-mercado-do-cacau,Cacau (Mercado do Cacau),Espírito Santo / saca,,variacao_pct,0.0,"0,00",%,change_pct,,pct,spot,,ES,physical
2026-02-19,cacau,cacau-mercado-do-cacau,Cacau (Mercado do Cacau),Pará / Kg,,preco,10.5,"10,50",R$,price,BRL,,spot,,PA,physical
2026-02-19,cacau,cacau-mercado-do-cacau,Cacau (Mercado do Cacau),Pará / Kg,,variacao_pct,0.0,"0,00",%,change_pct,,pct,spot,,PA,physical
2026-02-20,cacau,cacau-bolsa-de-nova-iorque-nybot,Cacau - Bolsa de Nova Iorque (NYBOT),,Julho/26,preco,3233.0,3233,US$ / ton,price,USD,,futures,2026-07,,nybot
2026-02-20,cacau,cacau-bolsa-de-nova-iorque-nybot,Cacau - Bolsa de Nova Iorque (NYBOT),,Julho/26,variacao_pontos,120.0,+120,%,change_abs,,pct,futures,2026-07,,nybot
2026-02-20,cacau,cacau-bolsa-de-nova-iorque-nybot,Cacau - Bolsa de Nova Iorque (NYBOT),,Maio/26,preco,3178.0,3178,US$ / ton,price,USD,,futures,2026-05,,nybot
2026-02-20,cacau,cacau-bolsa-de-nova-iorque-nybot,Cacau - Bolsa de Nova Iorque (NYBOT),,Maio/26,variacao_pontos,120.0,+120,%,change_abs,,pct,futures,2026-05,,nybot
2026-02-20,cacau,cacau-bolsa-de-nova-iorque-nybot,Cacau - Bolsa de Nova Iorque (NYBOT),,Março/26,preco,3080.0,3080,US$ / ton,price,USD,,futures,2026-03,,nybot
2026-02-20,cacau,cacau-bolsa-de-nova-iorque-nybot,Cacau - Bolsa de Nova Iorque (NYBOT),,Março/26,variacao_pontos,112.0,+112,%,change_abs,,pct,futures,2026-03,,nybot
2026-02-20,cacau,cacau-mercado-do-cacau,Cacau (Mercado do Cacau),Bahia /@,,preco,155.0,"155,00",R$,price,BRL,,spot,,BA,physical
2026-02-20,cacau,cacau-mercado-do-cacau,Cacau (Mercado do Cacau),Bahia /@,,variacao_pct,-6.06,"-6,06",%,change_pct,,pct,spot,,BA,physical
2026-02-20,cacau,cacau-mercado-do-cacau,Cacau (Mercado do Cacau),Espírito Santo / saca,,preco,620.0,"620,00",R$,price,BRL,,spot,,ES,physical
2026-02-20,cacau,cacau-mercado-do-cacau,Cacau (Mercado do Cacau),Espírito Santo / saca,,variacao_pct,-6.06,"-6,06",%,change_pct,,pct,spot,,ES,physical
2026-02-20,cacau,cacau-mercado-do-cacau,Cacau (Mercado do Cacau),Pará / Kg,,preco,10.5,"10,50",R$,price,BRL,,spot,,PA,physical
2026-02-20,cacau,cacau-mercado-do-cacau,Cacau (Mercado do Cacau),Pará / Kg,,variacao_pct,0.0,"0,00",%,change_pct,,pct,spot,,PA,physical
2026-02-23,cacau,cacau-bolsa-de-nova-iorque-nybot,Cacau - Bolsa de Nova Iorque (NYBOT),,Julho/26,preco,3168.0,3168,US$ / ton,price,USD,,futures,2026-07,,nybot
2026-02-23,cacau,cacau-bolsa-de-nova-iorque-nybot,Cacau - Bolsa de Nova Iorque (NYBOT),,Julho/26,variacao_pontos,-65.0,-65,%,change_abs,,pct,futures,2026-07,,nybot
2026-02-23,cacau,cacau-bolsa-de-nova-iorque-nybot,Cacau - Bolsa de Nova Iorque (NYBOT),,Maio/26,preco,3103.0,3103,US$ / ton,price,USD,,futures,2026-05,,nybot
2026-02-23,cacau,cacau-bolsa-de-nova-iorque-nybot,Cacau - Bolsa de Nova Iorque (NYBOT),,Maio/26,variacao_pontos,-75.0,-75,%,change_abs,,pct,futures,2026-05,,nybot
2026-02-23,cacau,cacau-bolsa-de-nova-iorque-nybot,Cacau - Bolsa de Nova Iorque (NYBOT),,Março/26,preco,3004.0,3004,US$ / ton,price,USD,,futures,2026-03,,nybot
2026-02-23,cacau,cacau-bolsa-de-nova-iorque-nybot,Cacau - Bolsa de Nova Iorque (NYBOT),,Março/26,variacao_pontos,-76.0,-76,%,change_abs,,pct,futures,2026-03,,nybot
2026-02-23,cacau,cacau-mercado-do-cacau,Cacau (Mercado do Cacau),Bahia /@,,preco,155.0,"155,00",R$,price,BRL,,spot,,BA,physical
2026-02-23,cacau,cacau-mercado-do-cacau,Cacau (Mercado do Cacau),Bahia /@,,variacao_pct,0.0,"0,00",%,change_pct,,pct,spot,,BA,physical
2026-02-23,cacau,cacau-mercado-do-cacau,Cacau (Mercado do Cacau),Espírito Santo / saca,,preco,620.0,"620,00",R$,price,BRL,,spot,,ES,physical
2026-02-23,cacau,cacau-mercado-do-cacau,Cacau (Mercado do Cacau),Espírito Santo / saca,,variacao_pct,0.0,"0,00",%,change_pct,,pct,spot,,ES,physical
2026-02-23,cacau,cacau-mercado-do-cacau,Cacau (Mercado do Cacau),Pará / Kg,,preco,10.5,"10,50",R$,price,BRL,,spot,,PA,physical
2026-02-23,cacau,cacau-mercado-do-cacau,Cacau (Mercado do Cacau),Pará / Kg,,variacao_pct,0.0,"0,00",%,change_pct,,pct,spot,,PA,physical
2026-02-24,cacau,cacau-bolsa-de-nova-iorque-nybot,Cacau - Bolsa de Nova Iorque (NYBOT),,Julho/26,preco,3131.0,3131,US$ / ton,price,USD,,futures,2026-07,,nybot
2026-02-24,cacau,cacau-bolsa-de-nova-iorque-nybot,Cacau - Bolsa de Nova Iorque (NYBOT),,Julho/26,variacao_pontos,-37.0,-37,%,change_abs,,pct,futures,2026-07,,nybot
2026-02-24,cacau,cacau-bolsa-de-nova-iorque-nybot,Cacau - Bolsa de Nova Iorque (NYBOT),,Maio/26,preco,3078.0,3078,US$ / ton,price,USD,,futures,2026-05,,nybot
2026-02-24,cacau,cacau-bolsa-de-nova-iorque-nybot,Cacau - Bolsa de Nova Iorque (NYBOT),,Maio/26,variacao_pontos,-25.0,-25,%,change_abs,,pct,futures,2026-05,,nybot
2026-02-24,cacau,cacau-bolsa-de-nova-iorque-nybot,Cacau - Bolsa de Nova Iorque (NYBOT),,Março/26,preco,2997.0,2997,US$ / ton,price,USD,,futures,2026-03,,nybot
2026-02-24,cacau,cacau-bolsa-de-nova-iorque-nybot,Cacau - Bolsa de Nova Iorque (NYBOT),,Março/26,variacao_pontos,-7.0,-7,%,change_abs,,pct,futures,2026-03,,nybot
2026-02-24,cacau,cacau-mercado-do-cacau,Cacau (Mercado do Cacau),Bahia /@,,preco,145.0,"145,00",R$,price,BRL,,spot,,BA,physical
2026-02-24,cacau,cacau-mercado-do-cacau,Cacau (Mercado do Cacau),Bahia /@,,variacao_pct,-6.45,"-6,45",%,change_pct,,pct,spot,,BA,physical
2026-02-24,cacau,cacau-mercado-do-cacau,Cacau (Mercado do Cacau),Espírito Santo / saca,,preco,580.0,"580,00",R$,price,BRL,,spot,,ES,physical
2026-02-24,cacau,cacau-mercado-do-cacau,Cacau (Mercado do Cacau),Espírito Santo / saca,,variacao_pct,-6.45,"-6,45",%,change_pct,,pct,spot,,ES,physical
2026-02-24,cacau,cacau-mercado-do-cacau,Cacau (Mercado do Cacau),Pará / Kg,,preco,9.5,"9,50",R$,price,BRL,,spot,,PA,physical
2026-02-24,cacau,cacau-mercado-do-cacau,Cacau (Mercado do Cacau),Pará / Kg,,variacao_pct,-9.52,"-9,52",%,change_pct,,pct,spot,,PA,physical
2026-02-25,cacau,cacau-bolsa-de-nova-iorque-nybot,Cacau - Bolsa de Nova Iorque (NYBOT),,Julho/26,preco,3108.0,3108,US$ / ton,price,USD,,futures,2026-07,,nybot
2026-02-25,cacau,cacau-bolsa-de-nova-iorque-nybot,Cacau - Bolsa de Nova Iorque (NYBOT),,Julho/26,variacao_pontos,-23.0,-23,%,change_abs,,pct,futures,2026-07,,nybot
2026-02-25,cacau,cacau-bolsa-de-nova-iorque-nybot,Cacau - Bolsa de Nova Iorque (NYBOT),,Maio/26,preco,3052.0,3052,US$ / ton,price,USD,,futures,2026-05,,nybot
2026-02-25,cacau,cacau-bolsa-de-nova-iorque-nybot,Cacau - Bolsa de Nova Iorque (NYBOT),,Maio/26,variacao_pontos,-26.0,-26,%,change_abs,,pct,futures,2026-05,,nybot
2026-02-25,cacau,cacau-bolsa-de-nova-iorque-nybot,Cacau - Bolsa de Nova Iorque (NYBOT),,Março/26,preco,2957.0,2957,US$ / ton,price,USD,,futures,2026-03,,nybot
2026-02-25,cacau,cacau-bolsa-de-nova-iorque-nybot,Cacau - Bolsa de Nova Iorque (NYBOT),,Março/26,variacao_pontos,-40.0,-40,%,change_abs,,pct,futures,2026-03,,nybot
2026-02-25,cacau,cacau-mercado-do-cacau,Cacau (Mercado do Cacau),Bahia /@,,preco,150.0,"150,00",R$,price,BRL,,spot,,BA,physical
2026-02-25,cacau,cacau-mercado-do-cacau,Cacau (Mercado do Cacau),Bahia /@,,variacao_pct,3.45,"+3,45",%,change_pct,,pct,spot,,BA,physical
2026-02-25,cacau,cacau-mercado-do-cacau,Cacau (Mercado do Cacau),Espírito Santo / saca,,preco,450.0,"450,00",R$,price,BRL,,spot,,ES,physical
2026-02-25,cacau,cacau-mercado-do-cacau,Cacau (Mercado do Cacau),Espírito Santo / saca,,variacao_pct,-22.41,"-22,41",%,change_pct,,pct,spot,,ES,physical
2026-02-25,cacau,cacau-mercado-do-cacau,Cacau (Mercado do Cacau),Pará / Kg,,preco,9.5,"9,50",R$,price,BRL,,spot,,PA,physical
2026-02-25,cacau,cacau-mercado-do-cacau,Cacau (Mercado do Cacau),Pará / Kg,,variacao_pct,0.0,"0,00",%,change_pct,,pct,spot,,PA,physical
2026-02-26,cacau,cacau-bolsa-de-nova-iorque-nybot,Cacau - Bolsa de Nova Iorque (NYBOT),,Julho/26,preco,3115.0,3115,US$ / ton,price,USD,,futures,2026-07,,nybot
2026-02-26,cacau,cacau-bolsa-de-nova-iorque-nybot,Cacau - Bolsa de Nova Iorque (NYBOT),,Julho/26,variacao_pontos,7.0,+7,%,change_abs,,pct,futures,2026-07,,nybot
2026-02-26,cacau,cacau-bolsa-de-nova-iorque-nybot,Cacau - Bolsa de Nova Iorque (NYBOT),,Maio/26,preco,3063.0,3063,US$ / ton,price,USD,,futures,2026-05,,nybot
2026-02-26,cacau,cacau-bolsa-de-nova-iorque-nybot,Cacau - Bolsa de Nova Iorque (NYBOT),,Maio/26,variacao_pontos,11.0,+11,%,change_abs,,pct,futures,2026-05,,nybot
2026-02-26,cacau,cacau-bolsa-de-nova-iorque-nybot,Cacau - Bolsa de Nova Iorque (NYBOT),,Março/26,preco,2974.0,2974,US$ / ton,price,USD,,futures,2026-03,,nybot
2026-02-26,cacau,cacau-bolsa-de-nova-iorque-nybot,Cacau - Bolsa de Nova Iorque (NYBOT),,Março/26,variacao_pontos,17.0,+17,%,change_abs,,pct,futures,2026-03,,nybot
2026-02-26,cacau,cacau-mercado-do-cacau,Cacau (Mercado do Cacau),Bahia /@,,preco,150.0,"150,00",R$,price,BRL,,spot,,BA,physical
2026-02-26,cacau,cacau-mercado-do-cacau,Cacau (Mercado do Cacau),Bahia /@,,variacao_pct,0.0,"0,00",%,change_pct,,pct,spot,,BA,physical
2026-02-26,cacau,cacau-mercado-do-cacau,Cacau (Mercado do Cacau),Espírito Santo / saca,,preco,450.0,"450,00",R$,price,BRL,,spot,,ES,physical
2026-02-26,cacau,cacau-mercado-do-cacau,Cacau (Mercado do Cacau),Espírito Santo / saca,,variacao_pct,0.0,"0,00",%,change_pct,,pct,spot,,ES,physical
2026-02-26,cacau,cacau-mercado-do-cacau,Cacau (Mercado do Cacau),Pará / Kg,,preco,9.5,"9,50",R$,price,BRL,,spot,,PA,physical
2026-02-26,cacau,cacau-mercado-do-cacau,Cacau (Mercado do Cacau),Pará / Kg,,variacao_pct,0.0,"0,00",%,change_pct,,pct,spot,,PA,physical
2026-02-27,cacau,cacau-bolsa-de-nova-iorque-nybot,Cacau - Bolsa de Nova Iorque (NYBOT),,Julho/26,preco,2942.0,2942,US$ / ton,price,USD,,futures,2026-07,,nybot
2026-02-27,cacau,cacau-bolsa-de-nova-iorque-nybot,Cacau - Bolsa de Nova Iorque (NYBOT),,Julho/26,variacao_pontos,-173.0,-173,%,change_abs,,pct,futures,2026-07,,nybot
2026-02-27,cacau,cacau-bolsa-de-nova-iorque-nybot,Cacau - Bolsa de Nova Iorque (NYBOT),,Maio/26,preco,2888.0,2888,US$ / ton,price,USD,,futures,2026-05,,nybot
2026-02-27,cacau,cacau-bolsa-de-nova-iorque-nybot,Cacau - Bolsa de Nova Iorque (NYBOT),,Maio/26,variacao_pontos,-175.0,-175,%,change_abs,,pct,futures,2026-05,,nybot
2026-02-27,cacau,cacau-bolsa-de-nova-iorque-nybot,Cacau - Bolsa de Nova Iorque (NYBOT),,Março/26,preco,2798.0,2798,US$ / ton,price,USD,,futures,2026-03,,nybot
2026-02-27,cacau,cacau-bolsa-de-nova-iorque-nybot,Cacau - Bolsa de Nova Iorque (NYBOT),,Março/26,variacao_pontos,-176.0,-176,%,change_abs,,pct,futures,2026-03,,nybot
2026-02-27,cacau,cacau-mercado-do-cacau,Cacau (Mercado do Cacau),Bahia /@,,preco,150.0,"150,00",R$,price,BRL,,spot,,BA,physical
2026-02-27,cacau,cacau-mercado-do-cacau,Cacau (Mercado do Cacau),Bahia /@,,variacao_pct,0.0,"0,00",%,change_pct,,pct,spot,,BA,physical
2026-02-27,cacau,cacau-mercado-do-cacau,Cacau (Mercado do Cacau),Espírito Santo / saca,,preco,450.0,"450,00",R$,price,BRL,,spot,,ES,physical
2026-02-27,cacau,cacau-mercado-do-cacau,Cacau (Mercado do Cacau),Espírito Santo / saca,,variacao_pct,0.0,"0,00",%,change_pct,,pct,spot,,ES,physical
2026-02-27,cacau,cacau-mercado-do-cacau,Cacau (Mercado do Cacau),Pará / Kg,,preco,9.5,"9,50",R$,price,BRL,,spot,,PA,physical
2026-02-27,cacau,cacau-mercado-do-cacau,Cacau (Mercado do Cacau),Pará / Kg,,variacao_pct,0.0,"0,00",%,change_pct,,pct,spot,,PA,physical
2026-03-02,cacau,cacau-bolsa-de-nova-iorque-nybot,Cacau - Bolsa de Nova Iorque (NYBOT),,Julho/26,preco,3062.0,3062,US$ / ton,price,USD,,futures,2026-07,,nybot
2026-03-02,cacau,cacau-bolsa-de-nova-iorque-nybot,Cacau - Bolsa de Nova Iorque (NYBOT),,Julho/26,variacao_pontos,120.0,+120,%,change_abs,,pct,futures,2026-07,,nybot
2026-03-02,cacau,cacau-bolsa-de-nova-iorque-nybot,Cacau - Bolsa de Nova Iorque (NYBOT),,Maio/26,preco,3021.0,3021,US$ / ton,price,USD,,futures,2026-05,,nybot
2026-03-02,cacau,cacau-bolsa-de-nova-iorque-nybot,Cacau - Bolsa de Nova Iorque (NYBOT),,Maio/26,variacao_pontos,133.0,+133,%,change_abs,,pct,futures,2026-05,,nybot
2026-03-02,cacau,cacau-bolsa-de-nova-iorque-nybot,Cacau - Bolsa de Nova Iorque (NYBOT),,Março/26,preco,2931.0,2931,US$ / ton,price,USD,,futures,2026-03,,nybot
2026-03-02,cacau,cacau-bolsa-de-nova-iorque-nybot,Cacau - Bolsa de Nova Iorque (NYBOT),,Março/26,variacao_pontos,133.0,+133,%,change_abs,,pct,futures,2026-03,,nybot
2026-03-02,cacau,cacau-mercado-do-cacau,Cacau (Mercado do Cacau),Bahia /@,,preco,145.0,"145,00",R$,price,BRL,,spot,,BA,physical
2026-03-02,cacau,cacau-mercado-do-cacau,Cacau (Mercado do Cacau),Bahia /@,,variacao_pct,-3.33,"-3,33",%,change_pct,,pct,spot,,BA,physical
2026-03-02,cacau,cacau-mercado-do-cacau,Cacau (Mercado do Cacau),Espírito Santo / saca,,preco,580.0,"580,00",R$,price,BRL,,spot,,ES,physical
2026-03-02,cacau,cacau-mercado-do-cacau,Cacau (Mercado do Cacau),Espírito Santo / saca,,variacao_pct,28.89,"+28,89",%,change_pct,,pct,spot,,ES,physical
2026-03-02,cacau,cacau-mercado-do-cacau,Cacau (Mercado do Cacau),Pará / Kg,,preco,9.5,"9,50",R$,price,BRL,,spot,,PA,physical
2026-03-02,cacau,cacau-mercado-do-cacau,Cacau (Mercado do Cacau),Pará / Kg,,variacao_pct,0.0,"0,00",%,change_pct,,pct,spot,,PA,physical
2026-03-03,cacau,cacau-bolsa-de-nova-iorque-nybot,Cacau - Bolsa de Nova Iorque (NYBOT),,Julho/26,preco,3062.0,3062,US$ / ton,price,USD,,futures,2026-07,,nybot
2026-03-03,cacau,cacau-bolsa-de-nova-iorque-nybot,Cacau - Bolsa de Nova Iorque (NYBOT),,Julho/26,variacao_pontos,,-,%,change_abs,,pct,futures,2026-07,,nybot
2026-03-03,cacau,cacau-bolsa-de-nova-iorque-nybot,Cacau - Bolsa de Nova Iorque (NYBOT),,Maio/26,preco,3015.0,3015,US$ / ton,price,USD,,futures,2026-05,,nybot
2026-03-03,cacau,cacau-bolsa-de-nova-iorque-nybot,Cacau - Bolsa de Nova Iorque (NYBOT),,Maio/26,variacao_pontos,-6.0,-6,%,change_abs,,pct,futures,2026-05,,nybot
2026-03-03,cacau,cacau-bolsa-de-nova-iorque-nybot,Cacau - Bolsa de Nova Iorque (NYBOT),,Março/26,preco,2925.0,2925,US$ / ton,price,USD,,futures,2026-03,,nybot
2026-03-03,cacau,cacau-bolsa-de-nova-iorque-nybot,Cacau - Bolsa de Nova Iorque (NYBOT),,Março/26,variacao_pontos,-6.0,-6,%,change_abs,,pct,futures,2026-03,,nybot
2026-03-03,cacau,cacau-mercado-do-cacau,Cacau (Mercado do Cacau),Bahia /@,,preco,150.0,"150,00",R$,price,BRL,,spot,,BA,physical
2026-03-03,cacau,cacau-mercado-do-cacau,Cacau (Mercado do Cacau),Bahia /@,,variacao_pct,3.45,"+3,45",%,change_pct,,pct,spot,,BA,physical
2026-03-03,cacau,cacau-mercado-do-cacau,Cacau (Mercado do Cacau),Espírito Santo / saca,,preco,600.0,"600,00",R$,price,BRL,,spot,,ES,physical
2026-03-03,cacau,cacau-mercado-do-cacau,Cacau (Mercado do Cacau),Espírito Santo / saca,,variacao_pct,3.45,"+3,45",%,change_pct,,pct,spot,,ES,physical
2026-03-03,cacau,cacau-mercado-do-cacau,Cacau (Mercado do Cacau),Pará / Kg,,preco,9.5,"9,50",R$,price,BRL,,spot,,PA,physical
2026-03-03,cacau,cacau-mercado-do-cacau,Cacau (Mercado do Cacau),Pará / Kg,,variacao_pct,0.0,"0,00",%,change_pct,,pct,spot,,PA,physical
2026-03-04,cacau,cacau-bolsa-de-nova-iorque-nybot,Cacau - Bolsa de Nova Iorque (NYBOT),,Julho/26,preco,3119.0,3119,US$ / ton,price,USD,,futures,2026-07,,nybot
2026-03-04,cacau,cacau-bolsa-de-nova-iorque-nybot,Cacau - Bolsa de Nova Iorque (NYBOT),,Julho/26,variacao_pontos,57.0,+57,%,change_abs,,pct,futures,2026-07,,nybot
2026-03-04,cacau,cacau-bolsa-de-nova-iorque-nybot,Cacau - Bolsa de Nova Iorque (NYBOT),,Maio/26,preco,3060.0,3060,US$ / ton,price,USD,,futures,2026-05,,nybot
2026-03-04,cacau,cacau-bolsa-de-nova-iorque-nybot,Cacau - Bolsa de Nova Iorque (NYBOT),,Maio/26,variacao_pontos,45.0,+45,%,change_abs,,pct,futures,2026-05,,nybot
2026-03-04,cacau,cacau-bolsa-de-nova-iorque-nybot,Cacau - Bolsa de Nova Iorque (NYBOT),,Março/26,preco,2968.0,2968,US$ / ton,price,USD,,futures,2026-03,,nybot
2026-03-04,cacau,cacau-bolsa-de-nova-iorque-nybot,Cacau - Bolsa de Nova Iorque (NYBOT),,Março/26,variacao_pontos,43.0,+43,%,change_abs,,pct,futures,2026-03,,nybot
2026-03-04,cacau,cacau-mercado-do-cacau,Cacau (Mercado do Cacau),Bahia /@,,preco,150.0,"150,00",R$,price,BRL,,spot,,BA,physical
2026-03-04,cacau,cacau-mercado-do-cacau,Cacau (Mercado do Cacau),Bahia /@,,variacao_pct,0.0,"0,00",%,change_pct,,pct,spot,,BA,physical
2026-03-04,cacau,cacau-mercado-do-cacau,Cacau (Mercado do Cacau),Espírito Santo / saca,,preco,600.0,"600,00",R$,price,BRL,,spot,,ES,physical
2026-03-04,cacau,cacau-mercado-do-cacau,Cacau (Mercado do Cacau),Espírito Santo / saca,,variacao_pct,0.0,"0,00",%,change_pct,,pct,spot,,ES,physical
2026-03-04,cacau,cacau-mercado-do-cacau,Cacau (Mercado do Cacau),Pará / Kg,,preco,9.5,"9,50",R$,price,BRL,,spot,,PA,physical
2026-03-04,cacau,cacau-mercado-do-cacau,Cacau (Mercado do Cacau),Pará / Kg,,variacao_pct,0.0,"0,00",%,change_pct,,pct,spot,,PA,physical
2026-03-05,cacau,cacau-bolsa-de-nova-iorque-nybot,Cacau - Bolsa de Nova Iorque (NYBOT),,Julho/26,preco,3122.0,3122,US$ / ton,price,USD,,futures,2026-07,,nybot
2026-03-05,cacau,cacau-bolsa-de-nova-iorque-nybot,Cacau - Bolsa de Nova Iorque (NYBOT),,Julho/26,variacao_pontos,3.0,+3,%,change_abs,,pct,futures,2026-07,,nybot
2026-03-05,cacau,cacau-bolsa-de-nova-iorque-nybot,Cacau - Bolsa de Nova Iorque (NYBOT),,Maio/26,preco,3055.0,3055,US$ / ton,price,USD,,futures,2026-05,,nybot
2026-03-05,cacau,cacau-bolsa-de-nova-iorque-nybot,Cacau - Bolsa de Nova Iorque (NYBOT),,Maio/26,variacao_pontos,-5.0,-5,%,change_abs,,pct,futures,2026-05,,nybot
2026-03-05,cacau,cacau-bolsa-de-nova-iorque-nybot,Cacau - Bolsa de Nova Iorque (NYBOT),,Março/26,preco,2963.0,2963,US$ / ton,price,USD,,futures,2026-03,,nybot
2026-03-05,cacau,cacau-bolsa-de-nova-iorque-nybot,Cacau - Bolsa de Nova Iorque (NYBOT),,Março/26,variacao_pontos,-5.0,-5,%,change_abs,,pct,futures,2026-03,,nybot
2026-03-05,cacau,cacau-mercado-do-cacau,Cacau (Mercado do Cacau),Bahia /@,,preco,150.0,"150,00",R$,price,BRL,,spot,,BA,physical
2026-03-05,cacau,cacau-mercado-do-cacau,Cacau (Mercado do Cacau),Bahia /@,,variacao_pct,0.0,"0,00",%,change_pct,,pct,spot,,BA,physical
2026-03-05,cacau,cacau-mercado-do-cacau,Cacau (Mercado do Cacau),Espírito Santo / saca,,preco,600.0,"600,00",R$,price,BRL,,spot,,ES,physical
2026-03-05,cacau,cacau-mercado-do-cacau,Cacau (Mercado do Cacau),Espírito Santo / saca,,variacao_pct,0.0,"0,00",%,change_pct,,pct,spot,,ES,physical
2026-03-05,cacau,cacau-mercado-do-cacau,Cacau (Mercado do Cacau),Pará / Kg,,preco,9.5,"9,50",R$,price,BRL,,spot,,PA,physical
2026-03-05,cacau,cacau-mercado-do-cacau,Cacau (Mercado do Cacau),Pará / Kg,,variacao_pct,0.0,"0,00",%,change_pct,,pct,spot,,PA,physical
2026-03-06,cacau,cacau-bolsa-de-nova-iorque-nybot,Cacau - Bolsa de Nova Iorque (NYBOT),,Julho/26,preco,3287.0,3287,US$ / ton,price,USD,,futures,2026-07,,nybot
2026-03-06,cacau,cacau-bolsa-de-nova-iorque-nybot,Cacau - Bolsa de Nova Iorque (NYBOT),,Julho/26,variacao_pontos,165.0,+165,%,change_abs,,pct,futures,2026-07,,nybot
2026-03-06,cacau,cacau-bolsa-de-nova-iorque-nybot,Cacau - Bolsa de Nova Iorque (NYBOT),,Maio/26,preco,3230.0,3230,US$ / ton,price,USD,,futures,2026-05,,nybot
2026-03-06,cacau,cacau-bolsa-de-nova-iorque-nybot,Cacau - Bolsa de Nova Iorque (NYBOT),,Maio/26,variacao_pontos,175.0,+175,%,change_abs,,pct,futures,2026-05,,nybot
2026-03-06,cacau,cacau-bolsa-de-nova-iorque-nybot,Cacau - Bolsa de Nova Iorque (NYBOT),,Março/26,preco,3138.0,3138,US$ / ton,price,USD,,futures,2026-03,,nybot
2026-03-06,cacau,cacau-bolsa-de-nova-iorque-nybot,Cacau - Bolsa de Nova Iorque (NYBOT),,Março/26,variacao_pontos,175.0,+175,%,change_abs,,pct,futures,2026-03,,nybot
2026-03-06,cacau,cacau-mercado-do-cacau,Cacau (Mercado do Cacau),Bahia /@,,preco,160.0,"160,00",R$,price,BRL,,spot,,BA,physical
2026-03-06,cacau,cacau-mercado-do-cacau,Cacau (Mercado do Cacau),Bahia /@,,variacao_pct,6.67,"+6,67",%,change_pct,,pct,spot,,BA,physical
2026-03-06,cacau,cacau-mercado-do-cacau,Cacau (Mercado do Cacau),Espírito Santo / saca,,preco,640.0,"640,00",R$,price,BRL,,spot,,ES,physical
2026-03-06,cacau,cacau-mercado-do-cacau,Cacau (Mercado do Cacau),Espírito Santo / saca,,variacao_pct,6.67,"+6,67",%,change_pct,,pct,spot,,ES,physical
2026-03-06,cacau,cacau-mercado-do-cacau,Cacau (Mercado do Cacau),Pará / Kg,,preco,10.0,"10,00",R$,price,BRL,,spot,,PA,physical
2026-03-06,cacau,cacau-mercado-do-cacau,Cacau (Mercado do Cacau),Pará / Kg,,variacao_pct,5.26,"+5,26",%,change_pct,,pct,spot,,PA,physical
2026-03-09,cacau,cacau-bolsa-de-nova-iorque-nybot,Cacau - Bolsa de Nova Iorque (NYBOT),,Julho/26,preco,3348.0,3348,US$ / ton,price,USD,,futures,2026-07,,nybot
2026-03-09,cacau,cacau-bolsa-de-nova-iorque-nybot,Cacau - Bolsa de Nova Iorque (NYBOT),,Julho/26,variacao_pontos,61.0,+61,%,change_abs,,pct,futures,2026-07,,nybot
2026-03-09,cacau,cacau-bolsa-de-nova-iorque-nybot,Cacau - Bolsa de Nova Iorque (NYBOT),,Maio/26,preco,3289.0,3289,US$ / ton,price,USD,,futures,2026-05,,nybot
2026-03-09,cacau,cacau-bolsa-de-nova-iorque-nybot,Cacau - Bolsa de Nova Iorque (NYBOT),,Maio/26,variacao_pontos,59.0,+59,%,change_abs,,pct,futures,2026-05,,nybot
2026-03-09,cacau,cacau-bolsa-de-nova-iorque-nybot,Cacau - Bolsa de Nova Iorque (NYBOT),,Março/26,preco,3197.0,3197,US$ / ton,price,USD,,futures,2026-03,,nybot
2026-03-09,cacau,cacau-bolsa-de-nova-iorque-nybot,Cacau - Bolsa de Nova Iorque (NYBOT),,Março/26,variacao_pontos,59.0,+59,%,change_abs,,pct,futures,2026-03,,nybot
2026-03-09,cacau,cacau-mercado-do-cacau,Cacau (Mercado do Cacau),Bahia /@,,preco,167.0,"167,00",R$,price,BRL,,spot,,BA,physical
2026-03-09,cacau,cacau-mercado-do-cacau,Cacau (Mercado do Cacau),Bahia /@,,variacao_pct,4.37,"+4,37",%,change_pct,,pct,spot,,BA,physical
2026-03-09,cacau,cacau-mercado-do-cacau,Cacau (Mercado do Cacau),Espírito Santo / saca,,preco,668.0,"668,00",R$,price,BRL,,spot,,ES,physical
2026-03-09,cacau,cacau-mercado-do-cacau,Cacau (Mercado do Cacau),Espírito Santo / saca,,variacao_pct,4.37,"+4,37",%,change_pct,,pct,spot,,ES,physical
2026-03-09,cacau,cacau-mercado-do-cacau,Cacau (Mercado do Cacau),Pará / Kg,,preco,10.3,"10,30",R$,price,BRL,,spot,,PA,physical
2026-03-09,cacau,cacau-mercado-do-cacau,Cacau (Mercado do Cacau),Pará / Kg,,variacao_pct,3.0,"+3,00",%,change_pct,,pct,spot,,PA,physical
2026-03-10,cacau,cacau-bolsa-de-nova-iorque-nybot,Cacau - Bolsa de Nova Iorque (NYBOT),,Julho/26,preco,3512.0,3512,US$ / ton,price,USD,,futures,2026-07,,nybot
2026-03-10,cacau,cacau-bolsa-de-nova-iorque-nybot,Cacau - Bolsa de Nova Iorque (NYBOT),,Julho/26,variacao_pontos,164.0,+164,%,change_abs,,pct,futures,2026-07,,nybot
2026-03-10,cacau,cacau-bolsa-de-nova-iorque-nybot,Cacau - Bolsa de Nova Iorque (NYBOT),,Maio/26,preco,3447.0,3447,US$ / ton,price,USD,,futures,2026-05,,nybot
2026-03-10,cacau,cacau-bolsa-de-nova-iorque-nybot,Cacau - Bolsa de Nova Iorque (NYBOT),,Maio/26,variacao_pontos,158.0,+158,%,change_abs,,pct,futures,2026-05,,nybot
2026-03-10,cacau,cacau-bolsa-de-nova-iorque-nybot,Cacau - Bolsa de Nova Iorque (NYBOT),,Março/26,preco,3356.0,3356,US$ / ton,price,USD,,futures,2026-03,,nybot
2026-03-10,cacau,cacau-bolsa-de-nova-iorque-nybot,Cacau - Bolsa de Nova Iorque (NYBOT),,Março/26,variacao_pontos,159.0,+159,%,change_abs,,pct,futures,2026-03,,nybot
2026-03-10,cacau,cacau-mercado-do-cacau,Cacau (Mercado do Cacau),Bahia /@,,preco,185.0,"185,00",R$,price,BRL,,spot,,BA,physical
2026-03-10,cacau,cacau-mercado-do-cacau,Cacau (Mercado do Cacau),Bahia /@,,variacao_pct,10.78,"+10,78",%,change_pct,,pct,spot,,BA,physical
2026-03-10,cacau,cacau-mercado-do-cacau,Cacau (Mercado do Cacau),Espírito Santo / saca,,preco,740.0,"740,00",R$,price,BRL,,spot,,ES,physical
2026-03-10,cacau,cacau-mercado-do-cacau,Cacau (Mercado do Cacau),Espírito Santo / saca,,variacao_pct,10.78,"+10,78",%,change_pct,,pct,spot,,ES,physical
2026-03-10,cacau,cacau-mercado-do-cacau,Cacau (Mercado do Cacau),Pará / Kg,,preco,11.3,"11,30",R$,price,BRL,,spot,,PA,physical
2026-03-10,cacau,cacau-mercado-do-cacau,Cacau (Mercado do Cacau),Pará / Kg,,variacao_pct,9.71,"+9,71",%,change_pct,,pct,spot,,PA,physical
2026-03-11,cacau,cacau-bolsa-de-nova-iorque-nybot,Cacau - Bolsa de Nova Iorque (NYBOT),,Julho/26,preco,3498.0,3498,US$ / ton,price,USD,,futures,2026-07,,nybot
2026-03-11,cacau,cacau-bolsa-de-nova-iorque-nybot,Cacau - Bolsa de Nova Iorque (NYBOT),,Julho/26,variacao_pontos,-14.0,-14,%,change_abs,,pct,futures,2026-07,,nybot
2026-03-11,cacau,cacau-bolsa-de-nova-iorque-nybot,Cacau - Bolsa de Nova Iorque (NYBOT),,Maio/26,preco,3429.0,3429,US$ / ton,price,USD,,futures,2026-05,,nybot
2026-03-11,cacau,cacau-bolsa-de-nova-iorque-nybot,Cacau - Bolsa de Nova Iorque (NYBOT),,Maio/26,variacao_pontos,-18.0,-18,%,change_abs,,pct,futures,2026-05,,nybot
2026-03-11,cacau,cacau-bolsa-de-nova-iorque-nybot,Cacau - Bolsa de Nova Iorque (NYBOT),,Março/26,preco,3337.0,3337,US$ / ton,price,USD,,futures,2026-03,,nybot
2026-03-11,cacau,cacau-bolsa-de-nova-iorque-nybot,Cacau - Bolsa de Nova Iorque (NYBOT),,Março/26,variacao_pontos,-19.0,-19,%,change_abs,,pct,futures,2026-03,,nybot
2026-03-12,cacau,cacau-bolsa-de-nova-iorque-nybot,Cacau - Bolsa de Nova Iorque (NYBOT),,Julho/26,preco,3385.0,3385,US$ / ton,price,USD,,futures,2026-07,,nybot
2026-03-12,cacau,cacau-bolsa-de-nova-iorque-nybot,Cacau - Bolsa de Nova Iorque (NYBOT),,Julho/26,variacao_pontos,-113.0,-113,%,change_abs,,pct,futures,2026-07,,nybot
2026-03-12,cacau,cacau-bolsa-de-nova-iorque-nybot,Cacau - Bolsa de Nova Iorque (NYBOT),,Maio/26,preco,3315.0,3315,US$ / ton,price,USD,,futures,2026-05,,nybot
2026-03-12,cacau,cacau-bolsa-de-nova-iorque-nybot,Cacau - Bolsa de Nova Iorque (NYBOT),,Maio/26,variacao_pontos,-114.0,-114,%,change_abs,,pct,futures,2026-05,,nybot
2026-03-12,cacau,cacau-bolsa-de-nova-iorque-nybot,Cacau - Bolsa de Nova Iorque (NYBOT),,Março/26,preco,3223.0,3223,US$ / ton,price,USD,,futures,2026-03,,nybot
2026-03-12,cacau,cacau-bolsa-de-nova-iorque-nybot,Cacau - Bolsa de Nova Iorque (NYBOT),,Março/26,variacao_pontos,-114.0,-114,%,change_abs,,pct,futures,2026-03,,nybot
2026-03-12,cacau,cacau-mercado-do-cacau,Cacau (Mercado do Cacau),Bahia /@,,preco,185.0,"185,00",R$,price,BRL,,spot,,BA,physical
2026-03-12,cacau,cacau-mercado-do-cacau,Cacau (Mercado do Cacau),Bahia /@,,variacao_pct,0.0,"0,00",%,change_pct,,pct,spot,,BA,physical
2026-03-12,cacau,cacau-mercado-do-cacau,Cacau (Mercado do Cacau),Espírito Santo / saca,,preco,740.0,"740,00",R$,price,BRL,,spot,,ES,physical
2026-03-12,cacau,cacau-mercado-do-cacau,Cacau (Mercado do Cacau),Espírito Santo / saca,,variacao_pct,0.0,"0,00",%,change_pct,,pct,spot,,ES,physical
2026-03-12,cacau,cacau-mercado-do-cacau,Cacau (Mercado do Cacau),Pará / Kg,,preco,11.3,"11,30",R$,price,BRL,,spot,,PA,physical
2026-03-12,cacau,cacau-mercado-do-cacau,Cacau (Mercado do Cacau),Pará / Kg,,variacao_pct,0.0,"0,00",%,change_pct,,pct,spot,,PA,physical
2026-03-13,cacau,cacau-bolsa-de-nova-iorque-nybot,Cacau - Bolsa de Nova Iorque (NYBOT),,Julho/26,preco,3365.0,3365,US$ / ton,price,USD,,futures,2026-07,,nybot
2026-03-13,cacau,cacau-bolsa-de-nova-iorque-nybot,Cacau - Bolsa de Nova Iorque (NYBOT),,Julho/26,variacao_pontos,-20.0,-20,%,change_abs,,pct,futures,2026-07,,nybot
2026-03-13,cacau,cacau-bolsa-de-nova-iorque-nybot,Cacau - Bolsa de Nova Iorque (NYBOT),,Maio/26,preco,3297.0,3297,US$ / ton,price,USD,,futures,2026-05,,nybot
2026-03-13,cacau,cacau-bolsa-de-nova-iorque-nybot,Cacau - Bolsa de Nova Iorque (NYBOT),,Maio/26,variacao_pontos,-18.0,-18,%,change_abs,,pct,futures,2026-05,,nybot
2026-03-13,cacau,cacau-bolsa-de-nova-iorque-nybot,Cacau - Bolsa de Nova Iorque (NYBOT),,Março/26,preco,3205.0,3205,US$ / ton,price,USD,,futures,2026-03,,nybot
2026-03-13,cacau,cacau-bolsa-de-nova-iorque-nybot,Cacau - Bolsa de Nova Iorque (NYBOT),,Março/26,variacao_pontos,-18.0,-18,%,change_abs,,pct,futures,2026-03,,nybot
2026-03-13,cacau,cacau-mercado-do-cacau,Cacau (Mercado do Cacau),Bahia /@,,preco,175.0,"175,00",R$,price,BRL,,spot,,BA,physical
2026-03-13,cacau,cacau-mercado-do-cacau,Cacau (Mercado do Cacau),Bahia /@,,variacao_pct,-5.41,"-5,41",%,change_pct,,pct,spot,,BA,physical
2026-03-13,cacau,cacau-mercado-do-cacau,Cacau (Mercado do Cacau),Espírito Santo / saca,,preco,700.0,"700,00",R$,price,BRL,,spot,,ES,physical
2026-03-13,cacau,cacau-mercado-do-cacau,Cacau (Mercado do Cacau),Espírito Santo / saca,,variacao_pct,-5.41,"-5,41",%,change_pct,,pct,spot,,ES,physical
2026-03-13,cacau,cacau-mercado-do-cacau,Cacau (Mercado do Cacau),Pará / Kg,,preco,10.5,"10,50",R$,price,BRL,,spot,,PA,physical
2026-03-13,cacau,cacau-mercado-do-cacau,Cacau (Mercado do Cacau),Pará / Kg,,variacao_pct,-7.08,"-7,08",%,change_pct,,pct,spot,,PA,physical
2026-03-16,cacau,cacau-bolsa-de-nova-iorque-nybot,Cacau - Bolsa de Nova Iorque (NYBOT),,Julho/26,preco,3485.0,3485,US$ / ton,price,USD,,futures,2026-07,,nybot
2026-03-16,cacau,cacau-bolsa-de-nova-iorque-nybot,Cacau - Bolsa de Nova Iorque (NYBOT),,Julho/26,variacao_pontos,120.0,+120,%,change_abs,,pct,futures,2026-07,,nybot
2026-03-16,cacau,cacau-bolsa-de-nova-iorque-nybot,Cacau - Bolsa de Nova Iorque (NYBOT),,Maio/26,preco,3418.0,3418,US$ / ton,price,USD,,futures,2026-05,,nybot
2026-03-16,cacau,cacau-bolsa-de-nova-iorque-nybot,Cacau - Bolsa de Nova Iorque (NYBOT),,Maio/26,variacao_pontos,121.0,+121,%,change_abs,,pct,futures,2026-05,,nybot
2026-03-16,cacau,cacau-bolsa-de-nova-iorque-nybot,Cacau - Bolsa de Nova Iorque (NYBOT),,Março/26,preco,3328.0,3328,US$ / ton,price,USD,,futures,2026-03,,nybot
2026-03-16,cacau,cacau-bolsa-de-nova-iorque-nybot,Cacau - Bolsa de Nova Iorque (NYBOT),,Março/26,variacao_pontos,123.0,+123,%,change_abs,,pct,futures,2026-03,,nybot
2026-03-16,cacau,cacau-mercado-do-cacau,Cacau (Mercado do Cacau),Bahia /@,,preco,175.0,"175,00",R$,price,BRL,,spot,,BA,physical
2026-03-16,cacau,cacau-mercado-do-cacau,Cacau (Mercado do Cacau),Bahia /@,,variacao_pct,0.0,"0,00",%,change_pct,,pct,spot,,BA,physical
2026-03-16,cacau,cacau-mercado-do-cacau,Cacau (Mercado do Cacau),Espírito Santo / saca,,preco,700.0,"700,00",R$,price,BRL,,spot,,ES,physical
2026-03-16,cacau,cacau-mercado-do-cacau,Cacau (Mercado do Cacau),Espírito Santo / saca,,variacao_pct,0.0,"0,00",%,change_pct,,pct,spot,,ES,physical
2026-03-16,cacau,cacau-mercado-do-cacau,Cacau (Mercado do Cacau),Pará / Kg,,preco,10.5,"10,50",R$,price,BRL,,spot,,PA,physical
2026-03-16,cacau,cacau-mercado-do-cacau,Cacau (Mercado do Cacau),Pará / Kg,,variacao_pct,0.0,"0,00",%,change_pct,,pct,spot,,PA,physical
2026-03-17,cacau,cacau-bolsa-de-nova-iorque-nybot,Cacau - Bolsa de Nova Iorque (NYBOT),,Julho/26,preco,3421.0,3421,US$ / ton,price,USD,,futures,2026-07,,nybot
2026-03-17,cacau,cacau-bolsa-de-nova-iorque-nybot,Cacau - Bolsa de Nova Iorque (NYBOT),,Julho/26,variacao_pontos,-64.0,-64,%,change_abs,,pct,futures,2026-07,,nybot
2026-03-17,cacau,cacau-bolsa-de-nova-iorque-nybot,Cacau - Bolsa de Nova Iorque (NYBOT),,Maio/26,preco,3349.0,3349,US$ / ton,price,USD,,futures,2026-05,,nybot
2026-03-17,cacau,cacau-bolsa-de-nova-iorque-nybot,Cacau - Bolsa de Nova Iorque (NYBOT),,Maio/26,variacao_pontos,-69.0,-69,%,change_abs,,pct,futures,2026-05,,nybot
2026-03-17,cacau,cacau-bolsa-de-nova-iorque-nybot,Cacau - Bolsa de Nova Iorque (NYBOT),,Setembro/26,preco,3488.0,3488,US$ / ton,price,USD,,futures,2026-09,,nybot
2026-03-17,cacau,cacau-bolsa-de-nova-iorque-nybot,Cacau - Bolsa de Nova Iorque (NYBOT),,Setembro/26,variacao_pontos,-55.0,-55,%,change_abs,,pct,futures,2026-09,,nybot
2026-03-17,cacau,cacau-mercado-do-cacau,Cacau (Mercado do Cacau),Bahia /@,,preco,175.0,"175,00",R$,price,BRL,,spot,,BA,physical
2026-03-17,cacau,cacau-mercado-do-cacau,Cacau (Mercado do Cacau),Bahia /@,,variacao_pct,0.0,"0,00",%,change_pct,,pct,spot,,BA,physical
2026-03-17,cacau,cacau-mercado-do-cacau,Cacau (Mercado do Cacau),Espírito Santo / saca,,preco,700.0,"700,00",R$,price,BRL,,spot,,ES,physical
2026-03-17,cacau,cacau-mercado-do-cacau,Cacau (Mercado do Cacau),Espírito Santo / saca,,variacao_pct,0.0,"0,00",%,change_pct,,pct,spot,,ES,physical
2026-03-17,cacau,cacau-mercado-do-cacau,Cacau (Mercado do Cacau),Pará / Kg,,preco,10.5,"10,50",R$,price,BRL,,spot,,PA,physical
2026-03-17,cacau,cacau-mercado-do-cacau,Cacau (Mercado do Cacau),Pará / Kg,,variacao_pct,0.0,"0,00",%,change_pct,,pct,spot,,PA,physical
2026-03-18,cacau,cacau-bolsa-de-nova-iorque-nybot,Cacau - Bolsa de Nova Iorque (NYBOT),,Julho/26,preco,3334.0,3334,US$ / ton,price,USD,,futures,2026-07,,nybot
2026-03-18,cacau,cacau-bolsa-de-nova-iorque-nybot,Cacau - Bolsa de Nova Iorque (NYBOT),,Julho/26,variacao_pontos,-87.0,-87,%,change_abs,,pct,futures,2026-07,,nybot
2026-03-18,cacau,cacau-bolsa-de-nova-iorque-nybot,Cacau - Bolsa de Nova Iorque (NYBOT),,Maio/26,preco,3260.0,3260,US$ / ton,price,USD,,futures,2026-05,,nybot
2026-03-18,cacau,cacau-bolsa-de-nova-iorque-nybot,Cacau - Bolsa de Nova Iorque (NYBOT),,Maio/26,variacao_pontos,-89.0,-89,%,change_abs,,pct,futures,2026-05,,nybot
2026-03-18,cacau,cacau-bolsa-de-nova-iorque-nybot,Cacau - Bolsa de Nova Iorque (NYBOT),,Setembro/26,preco,3404.0,3404,US$ / ton,price,USD,,futures,2026-09,,nybot
2026-03-18,cacau,cacau-bolsa-de-nova-iorque-nybot,Cacau - Bolsa de Nova Iorque (NYBOT),,Setembro/26,variacao_pontos,-84.0,-84,%,change_abs,,pct,futures,2026-09,,nybot
2026-03-18,cacau,cacau-mercado-do-cacau,Cacau (Mercado do Cacau),Bahia /@,,preco,175.0,"175,00",R$,price,BRL,,spot,,BA,physical
2026-03-18,cacau,cacau-mercado-do-cacau,Cacau (Mercado do Cacau),Bahia /@,,variacao_pct,0.0,"0,00",%,change_pct,,pct,spot,,BA,physical
2026-03-18,cacau,cacau-mercado-do-cacau,Cacau (Mercado do Cacau),Espírito Santo / saca,,preco,700.0,"700,00",R$,price,BRL,,spot,,ES,physical
2026-03-18,cacau,cacau-mercado-do-cacau,Cacau (Mercado do Cacau),Espírito Santo / saca,,variacao_pct,0.0,"0,00",%,change_pct,,pct,spot,,ES,physical
2026-03-18,cacau,cacau-mercado-do-cacau,Cacau (Mercado do Cacau),Pará / Kg,,preco,10.5,"10,50",R$,price,BRL,,spot,,PA,physical
2026-03-18,cacau,cacau-mercado-do-cacau,Cacau (Mercado do Cacau),Pará / Kg,,variacao_pct,0.0,"0,00",%,change_pct,,pct,spot,,PA,physical
2026-03-19,cacau,cacau-bolsa-de-nova-iorque-nybot,Cacau - Bolsa de Nova Iorque (NYBOT),,Julho/26,preco,3395.0,3395,US$ / ton,price,USD,,futures,2026-07,,nybot
2026-03-19,cacau,cacau-bolsa-de-nova-iorque-nybot,Cacau - Bolsa de Nova Iorque (NYBOT),,Julho/26,variacao_pontos,61.0,+61,%,change_abs,,pct,futures,2026-07,,nybot
2026-03-19,cacau,cacau-bolsa-de-nova-iorque-nybot,Cacau - Bolsa de Nova Iorque (NYBOT),,Maio/26,preco,3331.0,3331,US$ / ton,price,USD,,futures,2026-05,,nybot
2026-03-19,cacau,cacau-bolsa-de-nova-iorque-nybot,Cacau - Bolsa de Nova Iorque (NYBOT),,Maio/26,variacao_pontos,71.0,+71,%,change_abs,,pct,futures,2026-05,,nybot
2026-03-19,cacau,cacau-bolsa-de-nova-iorque-nybot,Cacau - Bolsa de Nova Iorque (NYBOT),,Setembro/26,preco,3454.0,3454,US$ / ton,price,USD,,futures,2026-09,,nybot
2026-03-19,cacau,cacau-bolsa-de-nova-iorque-nybot,Cacau - Bolsa de Nova Iorque (NYBOT),,Setembro/26,variacao_pontos,50.0,+50,%,change_abs,,pct,futures,2026-09,,nybot
2026-03-19,cacau,cacau-mercado-do-cacau,Cacau (Mercado do Cacau),Bahia /@,,preco,175.0,"175,00",R$,price,BRL,,spot,,BA,physical
2026-03-19,cacau,cacau-mercado-do-cacau,Cacau (Mercado do Cacau),Bahia /@,,variacao_pct,0.0,"0,00",%,change_pct,,pct,spot,,BA,physical
2026-03-19,cacau,cacau-mercado-do-cacau,Cacau (Mercado do Cacau),Espírito Santo / saca,,preco,700.0,"700,00",R$,price,BRL,,spot,,ES,physical
2026-03-19,cacau,cacau-mercado-do-cacau,Cacau (Mercado do Cacau),Espírito Santo / saca,,variacao_pct,0.0,"0,00",%,change_pct,,pct,spot,,ES,physical
2026-03-19,cacau,cacau-mercado-do-cacau,Cacau (Mercado do Cacau),Pará / Kg,,preco,10.5,"10,50",R$,price,BRL,,spot,,PA,physical
2026-03-19,cacau,cacau-mercado-do-cacau,Cacau (Mercado do Cacau),Pará / Kg,,variacao_pct,0.0,"0,00",%,change_pct,,pct,spot,,PA,physical
2026-03-20,cacau,cacau-bolsa-de-nova-iorque-nybot,Cacau - Bolsa de Nova Iorque (NYBOT),,Julho/26,preco,3324.0,3324,US$ / ton,price,USD,,futures,2026-07,,nybot
2026-03-20,cacau,cacau-bolsa-de-nova-iorque-nybot,Cacau - Bolsa de Nova Iorque (NYBOT),,Julho/26,variacao_pontos,-71.0,-71,%,change_abs,,pct,futures,2026-07,,nybot
2026-03-20,cacau,cacau-bolsa-de-nova-iorque-nybot,Cacau - Bolsa de Nova Iorque (NYBOT),,Maio/26,preco,3255.0,3255,US$ / ton,price,USD,,futures,2026-05,,nybot
2026-03-20,cacau,cacau-bolsa-de-nova-iorque-nybot,Cacau - Bolsa de Nova Iorque (NYBOT),,Maio/26,variacao_pontos,-76.0,-76,%,change_abs,,pct,futures,2026-05,,nybot
2026-03-20,cacau,cacau-bolsa-de-nova-iorque-nybot,Cacau - Bolsa de Nova Iorque (NYBOT),,Setembro/26,preco,3389.0,3389,US$ / ton,price,USD,,futures,2026-09,,nybot
2026-03-20,cacau,cacau-bolsa-de-nova-iorque-nybot,Cacau - Bolsa de Nova Iorque (NYBOT),,Setembro/26,variacao_pontos,-65.0,-65,%,change_abs,,pct,futures,2026-09,,nybot
2026-03-20,cacau,cacau-mercado-do-cacau,Cacau (Mercado do Cacau),Bahia /@,,preco,175.0,"175,00",R$,price,BRL,,spot,,BA,physical
2026-03-20,cacau,cacau-mercado-do-cacau,Cacau (Mercado do Cacau),Bahia /@,,variacao_pct,0.0,"0,00",%,change_pct,,pct,spot,,BA,physical
2026-03-20,cacau,cacau-mercado-do-cacau,Cacau (Mercado do Cacau),Espírito Santo / saca,,preco,700.0,"700,00",R$,price,BRL,,spot,,ES,physical
2026-03-20,cacau,cacau-mercado-do-cacau,Cacau (Mercado do Cacau),Espírito Santo / saca,,variacao_pct,0.0,"0,00",%,change_pct,,pct,spot,,ES,physical
2026-03-20,cacau,cacau-mercado-do-cacau,Cacau (Mercado do Cacau),Pará / Kg,,preco,10.5,"10,50",R$,price,BRL,,spot,,PA,physical
2026-03-20,cacau,cacau-mercado-do-cacau,Cacau (Mercado do Cacau),Pará / Kg,,variacao_pct,0.0,"0,00",%,change_pct,,pct,spot,,PA,physical
2026-03-23,cacau,cacau-bolsa-de-nova-iorque-nybot,Cacau - Bolsa de Nova Iorque (NYBOT),,Julho/26,preco,3247.0,3247,US$ / ton,price,USD,,futures,2026-07,,nybot
2026-03-23,cacau,cacau-bolsa-de-nova-iorque-nybot,Cacau - Bolsa de Nova Iorque (NYBOT),,Julho/26,variacao_pontos,-77.0,-77,%,change_abs,,pct,futures,2026-07,,nybot
2026-03-23,cacau,cacau-bolsa-de-nova-iorque-nybot,Cacau - Bolsa de Nova Iorque (NYBOT),,Maio/26,preco,3180.0,3180,US$ / ton,price,USD,,futures,2026-05,,nybot
2026-03-23,cacau,cacau-bolsa-de-nova-iorque-nybot,Cacau - Bolsa de Nova Iorque (NYBOT),,Maio/26,variacao_pontos,-75.0,-75,%,change_abs,,pct,futures,2026-05,,nybot
2026-03-23,cacau,cacau-bolsa-de-nova-iorque-nybot,Cacau - Bolsa de Nova Iorque (NYBOT),,Setembro/26,preco,3315.0,3315,US$ / ton,price,USD,,futures,2026-09,,nybot
2026-03-23,cacau,cacau-bolsa-de-nova-iorque-nybot,Cacau - Bolsa de Nova Iorque (NYBOT),,Setembro/26,variacao_pontos,-74.0,-74,%,change_abs,,pct,futures,2026-09,,nybot
2026-03-23,cacau,cacau-mercado-do-cacau,Cacau (Mercado do Cacau),Bahia /@,,preco,175.0,"175,00",R$,price,BRL,,spot,,BA,physical
2026-03-23,cacau,cacau-mercado-do-cacau,Cacau (Mercado do Cacau),Bahia /@,,variacao_pct,0.0,"0,00",%,change_pct,,pct,spot,,BA,physical
2026-03-23,cacau,cacau-mercado-do-cacau,Cacau (Mercado do Cacau),Espírito Santo / saca,,preco,700.0,"700,00",R$,price,BRL,,spot,,ES,physical
2026-03-23,cacau,cacau-mercado-do-cacau,Cacau (Mercado do Cacau),Espírito Santo / saca,,variacao_pct,0.0,"0,00",%,change_pct,,pct,spot,,ES,physical
2026-03-23,cacau,cacau-mercado-do-cacau,Cacau (Mercado do Cacau),Pará / Kg,,preco,10.5,"10,50",R$,price,BRL,,spot,,PA,physical
2026-03-23,cacau,cacau-mercado-do-cacau,Cacau (Mercado do Cacau),Pará / Kg,,variacao_pct,0.0,"0,00",%,change_pct,,pct,spot,,PA,physical
2026-03-24,cacau,cacau-bolsa-de-nova-iorque-nybot,Cacau - Bolsa de Nova Iorque (NYBOT),,Julho/26,preco,3297.0,3297,US$ / ton,price,USD,,futures,2026-07,,nybot
2026-03-24,cacau,cacau-bolsa-de-nova-iorque-nybot,Cacau - Bolsa de Nova Iorque (NYBOT),,Julho/26,variacao_pontos,50.0,+50,%,change_abs,,pct,futures,2026-07,,nybot
2026-03-24,cacau,cacau-bolsa-de-nova-iorque-nybot,Cacau - Bolsa de Nova Iorque (NYBOT),,Maio/26,preco,3235.0,3235,US$ / ton,price,USD,,futures,2026-05,,nybot
2026-03-24,cacau,cacau-bolsa-de-nova-iorque-nybot,Cacau - Bolsa de Nova Iorque (NYBOT),,Maio/26,variacao_pontos,55.0,+55,%,change_abs,,pct,futures,2026-05,,nybot
2026-03-24,cacau,cacau-bolsa-de-nova-iorque-nybot,Cacau - Bolsa de Nova Iorque (NYBOT),,Setembro/26,preco,3356.0,3356,US$ / ton,price,USD,,futures,2026-09,,nybot
2026-03-24,cacau,cacau-bolsa-de-nova-iorque-nybot,Cacau - Bolsa de Nova Iorque (NYBOT),,Setembro/26,variacao_pontos,41.0,+41,%,change_abs,,pct,futures,2026-09,,nybot
2026-03-24,cacau,cacau-mercado-do-cacau,Cacau (Mercado do Cacau),Bahia /@,,preco,170.0,"170,00",R$,price,BRL,,spot,,BA,physical
2026-03-24,cacau,cacau-mercado-do-cacau,Cacau (Mercado do Cacau),Bahia /@,,variacao_pct,-2.86,"-2,86",%,change_pct,,pct,spot,,BA,physical
2026-03-24,cacau,cacau-mercado-do-cacau,Cacau (Mercado do Cacau),Espírito Santo / saca,,preco,680.0,"680,00",R$,price,BRL,,spot,,ES,physical
2026-03-24,cacau,cacau-mercado-do-cacau,Cacau (Mercado do Cacau),Espírito Santo / saca,,variacao_pct,-2.86,"-2,86",%,change_pct,,pct,spot,,ES,physical
2026-03-24,cacau,cacau-mercado-do-cacau,Cacau (Mercado do Cacau),Pará / Kg,,preco,10.0,"10,00",R$,price,BRL,,spot,,PA,physical
2026-03-24,cacau,cacau-mercado-do-cacau,Cacau (Mercado do Cacau),Pará / Kg,,variacao_pct,-4.76,"-4,76",%,change_pct,,pct,spot,,PA,physical
2026-03-25,cacau,cacau-bolsa-de-nova-iorque-nybot,Cacau - Bolsa de Nova Iorque (NYBOT),,Julho/26,preco,3196.0,3196,US$ / ton,price,USD,,futures,2026-07,,nybot
2026-03-25,cacau,cacau-bolsa-de-nova-iorque-nybot,Cacau - Bolsa de Nova Iorque (NYBOT),,Julho/26,variacao_pontos,-101.0,-101,%,change_abs,,pct,futures,2026-07,,nybot
2026-03-25,cacau,cacau-bolsa-de-nova-iorque-nybot,Cacau - Bolsa de Nova Iorque (NYBOT),,Maio/26,preco,3133.0,3133,US$ / ton,price,USD,,futures,2026-05,,nybot
2026-03-25,cacau,cacau-bolsa-de-nova-iorque-nybot,Cacau - Bolsa de Nova Iorque (NYBOT),,Maio/26,variacao_pontos,-102.0,-102,%,change_abs,,pct,futures,2026-05,,nybot
2026-03-25,cacau,cacau-bolsa-de-nova-iorque-nybot,Cacau - Bolsa de Nova Iorque (NYBOT),,Setembro/26,preco,3260.0,3260,US$ / ton,price,USD,,futures,2026-09,,nybot
2026-03-25,cacau,cacau-bolsa-de-nova-iorque-nybot,Cacau - Bolsa de Nova Iorque (NYBOT),,Setembro/26,variacao_pontos,-96.0,-96,%,change_abs,,pct,futures,2026-09,,nybot
2026-03-25,cacau,cacau-mercado-do-cacau,Cacau (Mercado do Cacau),Bahia /@,,preco,170.0,"170,00",R$,price,BRL,,spot,,BA,physical
2026-03-25,cacau,cacau-mercado-do-cacau,Cacau (Mercado do Cacau),Bahia /@,,variacao_pct,0.0,"0,00",%,change_pct,,pct,spot,,BA,physical
2026-03-25,cacau,cacau-mercado-do-cacau,Cacau (Mercado do Cacau),Espírito Santo / saca,,preco,680.0,"680,00",R$,price,BRL,,spot,,ES,physical
2026-03-25,cacau,cacau-mercado-do-cacau,Cacau (Mercado do Cacau),Espírito Santo / saca,,variacao_pct,0.0,"0,00",%,change_pct,,pct,spot,,ES,physical
2026-03-25,cacau,cacau-mercado-do-cacau,Cacau (Mercado do Cacau),Pará / Kg,,preco,10.0,"10,00",R$,price,BRL,,spot,,PA,physical
2026-03-25,cacau,cacau-mercado-do-cacau,Cacau (Mercado do Cacau),Pará / Kg,,variacao_pct,0.0,"0,00",%,change_pct,,pct,spot,,PA,physical
2026-03-26,cacau,cacau-bolsa-de-nova-iorque-nybot,Cacau - Bolsa de Nova Iorque (NYBOT),,Julho/26,preco,3226.0,3226,US$ / ton,price,USD,,futures,2026-07,,nybot
2026-03-26,cacau,cacau-bolsa-de-nova-iorque-nybot,Cacau - Bolsa de Nova Iorque (NYBOT),,Julho/26,variacao_pontos,30.0,+30,%,change_abs,,pct,futures,2026-07,,nybot
2026-03-26,cacau,cacau-bolsa-de-nova-iorque-nybot,Cacau - Bolsa de Nova Iorque (NYBOT),,Maio/26,preco,3164.0,3164,US$ / ton,price,USD,,futures,2026-05,,nybot
2026-03-26,cacau,cacau-bolsa-de-nova-iorque-nybot,Cacau - Bolsa de Nova Iorque (NYBOT),,Maio/26,variacao_pontos,31.0,+31,%,change_abs,,pct,futures,2026-05,,nybot
2026-03-26,cacau,cacau-bolsa-de-nova-iorque-nybot,Cacau - Bolsa de Nova Iorque (NYBOT),,Setembro/26,preco,3286.0,3286,US$ / ton,price,USD,,futures,2026-09,,nybot
2026-03-26,cacau,cacau-bolsa-de-nova-iorque-nybot,Cacau - Bolsa de Nova Iorque (NYBOT),,Setembro/26,variacao_pontos,26.0,+26,%,change_abs,,pct,futures,2026-09,,nybot
2026-03-26,cacau,cacau-mercado-do-cacau,Cacau (Mercado do Cacau),Bahia /@,,preco,167.0,"167,00",R$,price,BRL,,spot,,BA,physical
2026-03-26,cacau,cacau-mercado-do-cacau,Cacau (Mercado do Cacau),Bahia /@,,variacao_pct,-1.76,"-1,76",%,change_pct,,pct,spot,,BA,physical
2026-03-26,cacau,cacau-mercado-do-cacau,Cacau (Mercado do Cacau),Espírito Santo / saca,,preco,668.0,"668,00",R$,price,BRL,,spot,,ES,physical
2026-03-26,cacau,cacau-mercado-do-cacau,Cacau (Mercado do Cacau),Espírito Santo / saca,,variacao_pct,-1.76,"-1,76",%,change_pct,,pct,spot,,ES,physical
2026-03-26,cacau,cacau-mercado-do-cacau,Cacau (Mercado do Cacau),Pará / Kg,,preco,9.5,"9,50",R$,price,BRL,,spot,,PA,physical
2026-03-26,cacau,cacau-mercado-do-cacau,Cacau (Mercado do Cacau),Pará / Kg,,variacao_pct,-5.0,"-5,00",%,change_pct,,pct,spot,,PA,physical
2026-03-27,cacau,cacau-bolsa-de-nova-iorque-nybot,Cacau - Bolsa de Nova Iorque (NYBOT),,Julho/26,preco,3228.0,3228,US$ / ton,price,USD,,futures,2026-07,,nybot
2026-03-27,cacau,cacau-bolsa-de-nova-iorque-nybot,Cacau - Bolsa de Nova Iorque (NYBOT),,Julho/26,variacao_pontos,2.0,+2,%,change_abs,,pct,futures,2026-07,,nybot
2026-03-27,cacau,cacau-bolsa-de-nova-iorque-nybot,Cacau - Bolsa de Nova Iorque (NYBOT),,Maio/26,preco,3165.0,3165,US$ / ton,price,USD,,futures,2026-05,,nybot
2026-03-27,cacau,cacau-bolsa-de-nova-iorque-nybot,Cacau - Bolsa de Nova Iorque (NYBOT),,Maio/26,variacao_pontos,1.0,+1,%,change_abs,,pct,futures,2026-05,,nybot
2026-03-27,cacau,cacau-bolsa-de-nova-iorque-nybot,Cacau - Bolsa de Nova Iorque (NYBOT),,Setembro/26,preco,3289.0,3289,US$ / ton,price,USD,,futures,2026-09,,nybot
2026-03-27,cacau,cacau-bolsa-de-nova-iorque-nybot,Cacau - Bolsa de Nova Iorque (NYBOT),,Setembro/26,variacao_pontos,3.0,+3,%,change_abs,,pct,futures,2026-09,,nybot
2026-03-30,cacau,cacau-bolsa-de-nova-iorque-nybot,Cacau - Bolsa de Nova Iorque (NYBOT),,Julho/26,preco,3219.0,3219,US$ / ton,price,USD,,futures,2026-07,,nybot
2026-03-30,cacau,cacau-bolsa-de-nova-iorque-nybot,Cacau - Bolsa de Nova Iorque (NYBOT),,Julho/26,variacao_pontos,-9.0,-9,%,change_abs,,pct,futures,2026-07,,nybot
2026-03-30,cacau,cacau-bolsa-de-nova-iorque-nybot,Cacau - Bolsa de Nova Iorque (NYBOT),,Maio/26,preco,3155.0,3155,US$ / ton,price,USD,,futures,2026-05,,nybot
2026-03-30,cacau,cacau-bolsa-de-nova-iorque-nybot,Cacau - Bolsa de Nova Iorque (NYBOT),,Maio/26,variacao_pontos,-10.0,-10,%,change_abs,,pct,futures,2026-05,,nybot
2026-03-30,cacau,cacau-bolsa-de-nova-iorque-nybot,Cacau - Bolsa de Nova Iorque (NYBOT),,Setembro/26,preco,3277.0,3277,US$ / ton,price,USD,,futures,2026-09,,nybot
2026-03-30,cacau,cacau-bolsa-de-nova-iorque-nybot,Cacau - Bolsa de Nova Iorque (NYBOT),,Setembro/26,variacao_pontos,-12.0,-12,%,change_abs,,pct,futures,2026-09,,nybot
2026-03-30,cacau,cacau-mercado-do-cacau,Cacau (Mercado do Cacau),Bahia /@,,preco,167.0,"167,00",R$,price,BRL,,spot,,BA,physical
2026-03-30,cacau,cacau-mercado-do-cacau,Cacau (Mercado do Cacau),Bahia /@,,variacao_pct,0.0,"0,00",%,change_pct,,pct,spot,,BA,physical
2026-03-30,cacau,cacau-mercado-do-cacau,Cacau (Mercado do Cacau),Espírito Santo / saca,,preco,668.0,"668,00",R$,price,BRL,,spot,,ES,physical
2026-03-30,cacau,cacau-mercado-do-cacau,Cacau (Mercado do Cacau),Espírito Santo / saca,,variacao_pct,0.0,"0,00",%,change_pct,,pct,spot,,ES,physical
2026-03-30,cacau,cacau-mercado-do-cacau,Cacau (Mercado do Cacau),Pará / Kg,,preco,9.5,"9,50",R$,price,BRL,,spot,,PA,physical
2026-03-30,cacau,cacau-mercado-do-cacau,Cacau (Mercado do Cacau),Pará / Kg,,variacao_pct,0.0,"0,00",%,change_pct,,pct,spot,,PA,physical
2026-03-31,cacau,cacau-bolsa-de-nova-iorque-nybot,Cacau - Bolsa de Nova Iorque (NYBOT),,Julho/26,preco,3367.0,3367,US$ / ton,price,USD,,futures,2026-07,,nybot
2026-03-31,cacau,cacau-bolsa-de-nova-iorque-nybot,Cacau - Bolsa de Nova Iorque (NYBOT),,Julho/26,variacao_pontos,148.0,+148,%,change_abs,,pct,futures,2026-07,,nybot
2026-03-31,cacau,cacau-bolsa-de-nova-iorque-nybot,Cacau - Bolsa de Nova Iorque (NYBOT),,Maio/26,preco,3300.0,3300,US$ / ton,price,USD,,futures,2026-05,,nybot
2026-03-31,cacau,cacau-bolsa-de-nova-iorque-nybot,Cacau - Bolsa de Nova Iorque (NYBOT),,Maio/26,variacao_pontos,145.0,+145,%,change_abs,,pct,futures,2026-05,,nybot
2026-03-31,cacau,cacau-bolsa-de-nova-iorque-nybot,Cacau - Bolsa de Nova Iorque (NYBOT),,Setembro/26,preco,3417.0,3417,US$ / ton,price,USD,,futures,2026-09,,nybot
2026-03-31,cacau,cacau-bolsa-de-nova-iorque-nybot,Cacau - Bolsa de Nova Iorque (NYBOT),,Setembro/26,variacao_pontos,140.0,+140,%,change_abs,,pct,futures,2026-09,,nybot
2026-03-31,cacau,cacau-mercado-do-cacau,Cacau (Mercado do Cacau),Bahia /@,,preco,175.0,"175,00",R$,price,BRL,,spot,,BA,physical
2026-03-31,cacau,cacau-mercado-do-cacau,Cacau (Mercado do Cacau),Bahia /@,,variacao_pct,4.79,"+4,79",%,change_pct,,pct,spot,,BA,physical
2026-03-31,cacau,cacau-mercado-do-cacau,Cacau (Mercado do Cacau),Espírito Santo / saca,,preco,700.0,"700,00",R$,price,BRL,,spot,,ES,physical
2026-03-31,cacau,cacau-mercado-do-cacau,Cacau (Mercado do Cacau),Espírito Santo / saca,,variacao_pct,4.79,"+4,79",%,change_pct,,pct,spot,,ES,physical
2026-03-31,cacau,cacau-mercado-do-cacau,Cacau (Mercado do Cacau),Pará / Kg,,preco,10.0,"10,00",R$,price,BRL,,spot,,PA,physical
2026-03-31,cacau,cacau-mercado-do-cacau,Cacau (Mercado do Cacau),Pará / Kg,,variacao_pct,5.26,"+5,26",%,change_pct,,pct,spot,,PA,physical
2026-04-01,cacau,cacau-bolsa-de-nova-iorque-nybot,Cacau - Bolsa de Nova Iorque (NYBOT),,Julho/26,preco,3408.0,3408,US$ / ton,price,USD,,futures,2026-07,,nybot
2026-04-01,cacau,cacau-bolsa-de-nova-iorque-nybot,Cacau - Bolsa de Nova Iorque (NYBOT),,Julho/26,variacao_pontos,41.0,+41,%,change_abs,,pct,futures,2026-07,,nybot
2026-04-01,cacau,cacau-bolsa-de-nova-iorque-nybot,Cacau - Bolsa de Nova Iorque (NYBOT),,Maio/26,preco,3345.0,3345,US$ / ton,price,USD,,futures,2026-05,,nybot
2026-04-01,cacau,cacau-bolsa-de-nova-iorque-nybot,Cacau - Bolsa de Nova Iorque (NYBOT),,Maio/26,variacao_pontos,45.0,+45,%,change_abs,,pct,futures,2026-05,,nybot
2026-04-01,cacau,cacau-bolsa-de-nova-iorque-nybot,Cacau - Bolsa de Nova Iorque (NYBOT),,Setembro/26,preco,3456.0,3456,US$ / ton,price,USD,,futures,2026-09,,nybot
2026-04-01,cacau,cacau-bolsa-de-nova-iorque-nybot,Cacau - Bolsa de Nova Iorque (NYBOT),,Setembro/26,variacao_pontos,39.0,+39,%,change_abs,,pct,futures,2026-09,,nybot
2026-04-01,cacau,cacau-mercado-do-cacau,Cacau (Mercado do Cacau),Bahia /@,,preco,185.0,"185,00",R$,price,BRL,,spot,,BA,physical
2026-04-01,cacau,cacau-mercado-do-cacau,Cacau (Mercado do Cacau),Bahia /@,,variacao_pct,5.71,"+5,71",%,change_pct,,pct,spot,,BA,physical
2026-04-01,cacau,cacau-mercado-do-cacau,Cacau (Mercado do Cacau),Espírito Santo / saca,,preco,740.0,"740,00",R$,price,BRL,,spot,,ES,physical
2026-04-01,cacau,cacau-mercado-do-cacau,Cacau (Mercado do Cacau),Espírito Santo / saca,,variacao_pct,5.71,"+5,71",%,change_pct,,pct,spot,,ES,physical
2026-04-01,cacau,cacau-mercado-do-cacau,Cacau (Mercado do Cacau),Pará / Kg,,preco,11.5,"11,50",R$,price,BRL,,spot,,PA,physical
2026-04-01,cacau,cacau-mercado-do-cacau,Cacau (Mercado do Cacau),Pará / Kg,,variacao_pct,15.0,"+15,00",%,change_pct,,pct,spot,,PA,physical
2026-04-02,cacau,cacau-bolsa-de-nova-iorque-nybot,Cacau - Bolsa de Nova Iorque (NYBOT),,Julho/26,preco,3311.0,3311,US$ / ton,price,USD,,futures,2026-07,,nybot
2026-04-02,cacau,cacau-bolsa-de-nova-iorque-nybot,Cacau - Bolsa de Nova Iorque (NYBOT),,Julho/26,variacao_pontos,-97.0,-97,%,change_abs,,pct,futures,2026-07,,nybot
2026-04-02,cacau,cacau-bolsa-de-nova-iorque-nybot,Cacau - Bolsa de Nova Iorque (NYBOT),,Maio/26,preco,3245.0,3245,US$ / ton,price,USD,,futures,2026-05,,nybot
2026-04-02,cacau,cacau-bolsa-de-nova-iorque-nybot,Cacau - Bolsa de Nova Iorque (NYBOT),,Maio/26,variacao_pontos,-100.0,-100,%,change_abs,,pct,futures,2026-05,,nybot
2026-04-02,cacau,cacau-bolsa-de-nova-iorque-nybot,Cacau - Bolsa de Nova Iorque (NYBOT),,Setembro/26,preco,3370.0,3370,US$ / ton,price,USD,,futures,2026-09,,nybot
2026-04-02,cacau,cacau-bolsa-de-nova-iorque-nybot,Cacau - Bolsa de Nova Iorque (NYBOT),,Setembro/26,variacao_pontos,-86.0,-86,%,change_abs,,pct,futures,2026-09,,nybot
2026-04-02,cacau,cacau-mercado-do-cacau,Cacau (Mercado do Cacau),Bahia /@,,preco,177.0,"177,00",R$,price,BRL,,spot,,BA,physical
2026-04-02,cacau,cacau-mercado-do-cacau,Cacau (Mercado do Cacau),Bahia /@,,variacao_pct,-4.32,"-4,32",%,change_pct,,pct,spot,,BA,physical
2026-04-02,cacau,cacau-mercado-do-cacau,Cacau (Mercado do Cacau),Espírito Santo / saca,,preco,708.0,"708,00",R$,price,BRL,,spot,,ES,physical
2026-04-02,cacau,cacau-mercado-do-cacau,Cacau (Mercado do Cacau),Espírito Santo / saca,,variacao_pct,-4.32,"-4,32",%,change_pct,,pct,spot,,ES,physical
2026-04-02,cacau,cacau-mercado-do-cacau,Cacau (Mercado do Cacau),Pará / Kg,,preco,11.0,"11,00",R$,price,BRL,,spot,,PA,physical
2026-04-02,cacau,cacau-mercado-do-cacau,Cacau (Mercado do Cacau),Pará / Kg,,variacao_pct,-4.35,"-4,35",%,change_pct,,pct,spot,,PA,physical
2026-04-06,cacau,cacau-bolsa-de-nova-iorque-nybot,Cacau - Bolsa de Nova Iorque (NYBOT),,Julho/26,preco,3304.0,3304,US$ / ton,price,USD,,futures,2026-07,,nybot
2026-04-06,cacau,cacau-bolsa-de-nova-iorque-nybot,Cacau - Bolsa de Nova Iorque (NYBOT),,Julho/26,variacao_pontos,-7.0,-7,%,change_abs,,pct,futures,2026-07,,nybot
2026-04-06,cacau,cacau-bolsa-de-nova-iorque-nybot,Cacau - Bolsa de Nova Iorque (NYBOT),,Maio/26,preco,3235.0,3235,US$ / ton,price,USD,,futures,2026-05,,nybot
2026-04-06,cacau,cacau-bolsa-de-nova-iorque-nybot,Cacau - Bolsa de Nova Iorque (NYBOT),,Maio/26,variacao_pontos,-10.0,-10,%,change_abs,,pct,futures,2026-05,,nybot
2026-04-06,cacau,cacau-bolsa-de-nova-iorque-nybot,Cacau - Bolsa de Nova Iorque (NYBOT),,Setembro/26,preco,3357.0,3357,US$ / ton,price,USD,,futures,2026-09,,nybot
2026-04-06,cacau,cacau-bolsa-de-nova-iorque-nybot,Cacau - Bolsa de Nova Iorque (NYBOT),,Setembro/26,variacao_pontos,-13.0,-13,%,change_abs,,pct,futures,2026-09,,nybot
2026-04-06,cacau,cacau-mercado-do-cacau,Cacau (Mercado do Cacau),Bahia /@,,preco,177.0,"177,00",R$,price,BRL,,spot,,BA,physical
2026-04-06,cacau,cacau-mercado-do-cacau,Cacau (Mercado do Cacau),Bahia /@,,variacao_pct,0.0,"0,00",%,change_pct,,pct,spot,,BA,physical
2026-04-06,cacau,cacau-mercado-do-cacau,Cacau (Mercado do Cacau),Espírito Santo / saca,,preco,708.0,"708,00",R$,price,BRL,,spot,,ES,physical
2026-04-06,cacau,cacau-mercado-do-cacau,Cacau (Mercado do Cacau),Espírito Santo / saca,,variacao_pct,0.0,"0,00",%,change_pct,,pct,spot,,ES,physical
2026-04-06,cacau,cacau-mercado-do-cacau,Cacau (Mercado do Cacau),Pará / Kg,,preco,11.0,"11,00",R$,price,BRL,,spot,,PA,physical
2026-04-06,cacau,cacau-mercado-do-cacau,Cacau (Mercado do Cacau),Pará / Kg,,variacao_pct,0.0,"0,00",%,change_pct,,pct,spot,,PA,physical
2026-04-07,cacau,cacau-bolsa-de-nova-iorque-nybot,Cacau - Bolsa de Nova Iorque (NYBOT),,Julho/26,preco,3097.0,3097,US$ / ton,price,USD,,futures,2026-07,,nybot
2026-04-07,cacau,cacau-bolsa-de-nova-iorque-nybot,Cacau - Bolsa de Nova Iorque (NYBOT),,Julho/26,variacao_pontos,-207.0,-207,%,change_abs,,pct,futures,2026-07,,nybot
2026-04-07,cacau,cacau-bolsa-de-nova-iorque-nybot,Cacau - Bolsa de Nova Iorque (NYBOT),,Maio/26,preco,3028.0,3028,US$ / ton,price,USD,,futures,2026-05,,nybot
2026-04-07,cacau,cacau-bolsa-de-nova-iorque-nybot,Cacau - Bolsa de Nova Iorque (NYBOT),,Maio/26,variacao_pontos,-207.0,-207,%,change_abs,,pct,futures,2026-05,,nybot
2026-04-07,cacau,cacau-bolsa-de-nova-iorque-nybot,Cacau - Bolsa de Nova Iorque (NYBOT),,Setembro/26,preco,3164.0,3164,US$ / ton,price,USD,,futures,2026-09,,nybot
2026-04-07,cacau,cacau-bolsa-de-nova-iorque-nybot,Cacau - Bolsa de Nova Iorque (NYBOT),,Setembro/26,variacao_pontos,-193.0,-193,%,change_abs,,pct,futures,2026-09,,nybot
2026-04-07,cacau,cacau-mercado-do-cacau,Cacau (Mercado do Cacau),Bahia /@,,preco,165.0,"165,00",R$,price,BRL,,spot,,BA,physical
2026-04-07,cacau,cacau-mercado-do-cacau,Cacau (Mercado do Cacau),Bahia /@,,variacao_pct,-6.78,"-6,78",%,change_pct,,pct,spot,,BA,physical
2026-04-07,cacau,cacau-mercado-do-cacau,Cacau (Mercado do Cacau),Espírito Santo / saca,,preco,660.0,"660,00",R$,price,BRL,,spot,,ES,physical
2026-04-07,cacau,cacau-mercado-do-cacau,Cacau (Mercado do Cacau),Espírito Santo / saca,,variacao_pct,-6.78,"-6,78",%,change_pct,,pct,spot,,ES,physical
2026-04-07,cacau,cacau-mercado-do-cacau,Cacau (Mercado do Cacau),Pará / Kg,,preco,11.0,"11,00",R$,price,BRL,,spot,,PA,physical
2026-04-07,cacau,cacau-mercado-do-cacau,Cacau (Mercado do Cacau),Pará / Kg,,variacao_pct,0.0,"0,00",%,change_pct,,pct,spot,,PA,physical
2026-04-08,cacau,cacau-bolsa-de-nova-iorque-nybot,Cacau - Bolsa de Nova Iorque (NYBOT),,Julho/26,preco,3272.0,3272,US$ / ton,price,USD,,futures,2026-07,,nybot
2026-04-08,cacau,cacau-bolsa-de-nova-iorque-nybot,Cacau - Bolsa de Nova Iorque (NYBOT),,Julho/26,variacao_pontos,175.0,+175,%,change_abs,,pct,futures,2026-07,,nybot
2026-04-08,cacau,cacau-bolsa-de-nova-iorque-nybot,Cacau - Bolsa de Nova Iorque (NYBOT),,Maio/26,preco,3196.0,3196,US$ / ton,price,USD,,futures,2026-05,,nybot
2026-04-08,cacau,cacau-bolsa-de-nova-iorque-nybot,Cacau - Bolsa de Nova Iorque (NYBOT),,Maio/26,variacao_pontos,168.0,+168,%,change_abs,,pct,futures,2026-05,,nybot
2026-04-08,cacau,cacau-bolsa-de-nova-iorque-nybot,Cacau - Bolsa de Nova Iorque (NYBOT),,Setembro/26,preco,3336.0,3336,US$ / ton,price,USD,,futures,2026-09,,nybot
2026-04-08,cacau,cacau-bolsa-de-nova-iorque-nybot,Cacau - Bolsa de Nova Iorque (NYBOT),,Setembro/26,variacao_pontos,172.0,+172,%,change_abs,,pct,futures,2026-09,,nybot
2026-04-08,cacau,cacau-mercado-do-cacau,Cacau (Mercado do Cacau),Bahia /@,,preco,172.0,"172,00",R$,price,BRL,,spot,,BA,physical
2026-04-08,cacau,cacau-mercado-do-cacau,Cacau (Mercado do Cacau),Bahia /@,,variacao_pct,4.24,"+4,24",%,change_pct,,pct,spot,,BA,physical
2026-04-08,cacau,cacau-mercado-do-cacau,Cacau (Mercado do Cacau),Espírito Santo / saca,,preco,688.0,"688,00",R$,price,BRL,,spot,,ES,physical
2026-04-08,cacau,cacau-mercado-do-cacau,Cacau (Mercado do Cacau),Espírito Santo / saca,,variacao_pct,4.24,"+4,24",%,change_pct,,pct,spot,,ES,physical
2026-04-08,cacau,cacau-mercado-do-cacau,Cacau (Mercado do Cacau),Pará / Kg,,preco,10.0,"10,00",R$,price,BRL,,spot,,PA,physical
2026-04-08,cacau,cacau-mercado-do-cacau,Cacau (Mercado do Cacau),Pará / Kg,,variacao_pct,-9.09,"-9,09",%,change_pct,,pct,spot,,PA,physical
2026-04-09,cacau,cacau-bolsa-de-nova-iorque-nybot,Cacau - Bolsa de Nova Iorque (NYBOT),,Julho/26,preco,3240.0,3240,US$ / ton,price,USD,,futures,2026-07,,nybot
2026-04-09,cacau,cacau-bolsa-de-nova-iorque-nybot,Cacau - Bolsa de Nova Iorque (NYBOT),,Julho/26,variacao_pontos,-32.0,-32,%,change_abs,,pct,futures,2026-07,,nybot
2026-04-09,cacau,cacau-bolsa-de-nova-iorque-nybot,Cacau - Bolsa de Nova Iorque (NYBOT),,Maio/26,preco,3162.0,3162,US$ / ton,price,USD,,futures,2026-05,,nybot
2026-04-09,cacau,cacau-bolsa-de-nova-iorque-nybot,Cacau - Bolsa de Nova Iorque (NYBOT),,Maio/26,variacao_pontos,-34.0,-34,%,change_abs,,pct,futures,2026-05,,nybot
2026-04-09,cacau,cacau-bolsa-de-nova-iorque-nybot,Cacau - Bolsa de Nova Iorque (NYBOT),,Setembro/26,preco,3305.0,3305,US$ / ton,price,USD,,futures,2026-09,,nybot
2026-04-09,cacau,cacau-bolsa-de-nova-iorque-nybot,Cacau - Bolsa de Nova Iorque (NYBOT),,Setembro/26,variacao_pontos,-31.0,-31,%,change_abs,,pct,futures,2026-09,,nybot
2026-04-09,cacau,cacau-mercado-do-cacau,Cacau (Mercado do Cacau),Bahia /@,,preco,172.0,"172,00",R$,price,BRL,,spot,,BA,physical
2026-04-09,cacau,cacau-mercado-do-cacau,Cacau (Mercado do Cacau),Bahia /@,,variacao_pct,0.0,"0,00",%,change_pct,,pct,spot,,BA,physical
2026-04-09,cacau,cacau-mercado-do-cacau,Cacau (Mercado do Cacau),Espírito Santo / saca,,preco,688.0,"688,00",R$,price,BRL,,spot,,ES,physical
2026-04-09,cacau,cacau-mercado-do-cacau,Cacau (Mercado do Cacau),Espírito Santo / saca,,variacao_pct,0.0,"0,00",%,change_pct,,pct,spot,,ES,physical
2026-04-09,cacau,cacau-mercado-do-cacau,Cacau (Mercado do Cacau),Pará / Kg,,preco,10.0,"10,00",R$,price,BRL,,spot,,PA,physical
2026-04-09,cacau,cacau-mercado-do-cacau,Cacau (Mercado do Cacau),Pará / Kg,,variacao_pct,0.0,"0,00",%,change_pct,,pct,spot,,PA,physical
2026-04-10,cacau,cacau-bolsa-de-nova-iorque-nybot,Cacau - Bolsa de Nova Iorque (NYBOT),,Julho/26,preco,3327.0,3327,US$ / ton,price,USD,,futures,2026-07,,nybot
2026-04-10,cacau,cacau-bolsa-de-nova-iorque-nybot,Cacau - Bolsa de Nova Iorque (NYBOT),,Julho/26,variacao_pontos,87.0,+87,%,change_abs,,pct,futures,2026-07,,nybot
2026-04-10,cacau,cacau-bolsa-de-nova-iorque-nybot,Cacau - Bolsa de Nova Iorque (NYBOT),,Maio/26,preco,3246.0,3246,US$ / ton,price,USD,,futures,2026-05,,nybot
2026-04-10,cacau,cacau-bolsa-de-nova-iorque-nybot,Cacau - Bolsa de Nova Iorque (NYBOT),,Maio/26,variacao_pontos,84.0,+84,%,change_abs,,pct,futures,2026-05,,nybot
2026-04-10,cacau,cacau-bolsa-de-nova-iorque-nybot,Cacau - Bolsa de Nova Iorque (NYBOT),,Setembro/26,preco,3395.0,3395,US$ / ton,price,USD,,futures,2026-09,,nybot
2026-04-10,cacau,cacau-bolsa-de-nova-iorque-nybot,Cacau - Bolsa de Nova Iorque (NYBOT),,Setembro/26,variacao_pontos,90.0,+90,%,change_abs,,pct,futures,2026-09,,nybot
2026-04-10,cacau,cacau-mercado-do-cacau,Cacau (Mercado do Cacau),Bahia /@,,preco,172.0,"172,00",R$,price,BRL,,spot,,BA,physical
2026-04-10,cacau,cacau-mercado-do-cacau,Cacau (Mercado do Cacau),Bahia /@,,variacao_pct,0.0,"0,00",%,change_pct,,pct,spot,,BA,physical
2026-04-10,cacau,cacau-mercado-do-cacau,Cacau (Mercado do Cacau),Espírito Santo / saca,,preco,688.0,"688,00",R$,price,BRL,,spot,,ES,physical
2026-04-10,cacau,cacau-mercado-do-cacau,Cacau (Mercado do Cacau),Espírito Santo / saca,,variacao_pct,0.0,"0,00",%,change_pct,,pct,spot,,ES,physical
2026-04-10,cacau,cacau-mercado-do-cacau,Cacau (Mercado do Cacau),Pará / Kg,,preco,10.0,"10,00",R$,price,BRL,,spot,,PA,physical
2026-04-10,cacau,cacau-mercado-do-cacau,Cacau (Mercado do Cacau),Pará / Kg,,variacao_pct,0.0,"0,00",%,change_pct,,pct,spot,,PA,physical
2026-04-13,cacau,cacau-bolsa-de-nova-iorque-nybot,Cacau - Bolsa de Nova Iorque (NYBOT),,Julho/26,preco,3365.0,3365,US$ / ton,price,USD,,futures,2026-07,,nybot
2026-04-13,cacau,cacau-bolsa-de-nova-iorque-nybot,Cacau - Bolsa de Nova Iorque (NYBOT),,Julho/26,variacao_pontos,38.0,+38,%,change_abs,,pct,futures,2026-07,,nybot
2026-04-13,cacau,cacau-bolsa-de-nova-iorque-nybot,Cacau - Bolsa de Nova Iorque (NYBOT),,Maio/26,preco,3278.0,3278,US$ / ton,price,USD,,futures,2026-05,,nybot
2026-04-13,cacau,cacau-bolsa-de-nova-iorque-nybot,Cacau - Bolsa de Nova Iorque (NYBOT),,Maio/26,variacao_pontos,32.0,+32,%,change_abs,,pct,futures,2026-05,,nybot
2026-04-13,cacau,cacau-bolsa-de-nova-iorque-nybot,Cacau - Bolsa de Nova Iorque (NYBOT),,Setembro/26,preco,3435.0,3435,US$ / ton,price,USD,,futures,2026-09,,nybot
2026-04-13,cacau,cacau-bolsa-de-nova-iorque-nybot,Cacau - Bolsa de Nova Iorque (NYBOT),,Setembro/26,variacao_pontos,40.0,+40,%,change_abs,,pct,futures,2026-09,,nybot
2026-04-13,cacau,cacau-mercado-do-cacau,Cacau (Mercado do Cacau),Bahia /@,,preco,170.0,"170,00",R$,price,BRL,,spot,,BA,physical
2026-04-13,cacau,cacau-mercado-do-cacau,Cacau (Mercado do Cacau),Bahia /@,,variacao_pct,-1.16,"-1,16",%,change_pct,,pct,spot,,BA,physical
2026-04-13,cacau,cacau-mercado-do-cacau,Cacau (Mercado do Cacau),Espírito Santo / saca,,preco,680.0,"680,00",R$,price,BRL,,spot,,ES,physical
2026-04-13,cacau,cacau-mercado-do-cacau,Cacau (Mercado do Cacau),Espírito Santo / saca,,variacao_pct,-1.16,"-1,16",%,change_pct,,pct,spot,,ES,physical
2026-04-13,cacau,cacau-mercado-do-cacau,Cacau (Mercado do Cacau),Pará / Kg,,preco,10.0,"10,00",R$,price,BRL,,spot,,PA,physical
2026-04-13,cacau,cacau-mercado-do-cacau,Cacau (Mercado do Cacau),Pará / Kg,,variacao_pct,0.0,"0,00",%,change_pct,,pct,spot,,PA,physical
2026-04-14,cacau,cacau-bolsa-de-nova-iorque-nybot,Cacau - Bolsa de Nova Iorque (NYBOT),,Julho/26,preco,3646.0,3646,US$ / ton,price,USD,,futures,2026-07,,nybot
2026-04-14,cacau,cacau-bolsa-de-nova-iorque-nybot,Cacau - Bolsa de Nova Iorque (NYBOT),,Julho/26,variacao_pontos,281.0,+281,%,change_abs,,pct,futures,2026-07,,nybot
2026-04-14,cacau,cacau-bolsa-de-nova-iorque-nybot,Cacau - Bolsa de Nova Iorque (NYBOT),,Maio/26,preco,3557.0,3557,US$ / ton,price,USD,,futures,2026-05,,nybot
2026-04-14,cacau,cacau-bolsa-de-nova-iorque-nybot,Cacau - Bolsa de Nova Iorque (NYBOT),,Maio/26,variacao_pontos,279.0,+279,%,change_abs,,pct,futures,2026-05,,nybot
2026-04-14,cacau,cacau-bolsa-de-nova-iorque-nybot,Cacau - Bolsa de Nova Iorque (NYBOT),,Setembro/26,preco,3714.0,3714,US$ / ton,price,USD,,futures,2026-09,,nybot
2026-04-14,cacau,cacau-bolsa-de-nova-iorque-nybot,Cacau - Bolsa de Nova Iorque (NYBOT),,Setembro/26,variacao_pontos,279.0,+279,%,change_abs,,pct,futures,2026-09,,nybot
2026-04-14,cacau,cacau-mercado-do-cacau,Cacau (Mercado do Cacau),Bahia /@,,preco,185.0,"185,00",R$,price,BRL,,spot,,BA,physical
2026-04-14,cacau,cacau-mercado-do-cacau,Cacau (Mercado do Cacau),Bahia /@,,variacao_pct,8.82,"+8,82",%,change_pct,,pct,spot,,BA,physical
2026-04-14,cacau,cacau-mercado-do-cacau,Cacau (Mercado do Cacau),Espírito Santo / saca,,preco,740.0,"740,00",R$,price,BRL,,spot,,ES,physical
2026-04-14,cacau,cacau-mercado-do-cacau,Cacau (Mercado do Cacau),Espírito Santo / saca,,variacao_pct,8.82,"+8,82",%,change_pct,,pct,spot,,ES,physical
2026-04-14,cacau,cacau-mercado-do-cacau,Cacau (Mercado do Cacau),Pará / Kg,,preco,11.5,"11,50",R$,price,BRL,,spot,,PA,physical
2026-04-14,cacau,cacau-mercado-do-cacau,Cacau (Mercado do Cacau),Pará / Kg,,variacao_pct,15.0,"+15,00",%,change_pct,,pct,spot,,PA,physical
2026-04-15,cacau,cacau-bolsa-de-nova-iorque-nybot,Cacau - Bolsa de Nova Iorque (NYBOT),,Julho/26,preco,3563.0,3563,US$ / ton,price,USD,,futures,2026-07,,nybot
2026-04-15,cacau,cacau-bolsa-de-nova-iorque-nybot,Cacau - Bolsa de Nova Iorque (NYBOT),,Julho/26,variacao_pontos,-83.0,-83,%,change_abs,,pct,futures,2026-07,,nybot
2026-04-15,cacau,cacau-bolsa-de-nova-iorque-nybot,Cacau - Bolsa de Nova Iorque (NYBOT),,Maio/26,preco,3477.0,3477,US$ / ton,price,USD,,futures,2026-05,,nybot
2026-04-15,cacau,cacau-bolsa-de-nova-iorque-nybot,Cacau - Bolsa de Nova Iorque (NYBOT),,Maio/26,variacao_pontos,-80.0,-80,%,change_abs,,pct,futures,2026-05,,nybot
2026-04-15,cacau,cacau-bolsa-de-nova-iorque-nybot,Cacau - Bolsa de Nova Iorque (NYBOT),,Setembro/26,preco,3632.0,3632,US$ / ton,price,USD,,futures,2026-09,,nybot
2026-04-15,cacau,cacau-bolsa-de-nova-iorque-nybot,Cacau - Bolsa de Nova Iorque (NYBOT),,Setembro/26,variacao_pontos,-82.0,-82,%,change_abs,,pct,futures,2026-09,,nybot
2026-04-15,cacau,cacau-mercado-do-cacau,Cacau (Mercado do Cacau),Bahia /@,,preco,200.0,"200,00",R$,price,BRL,,spot,,BA,physical
2026-04-15,cacau,cacau-mercado-do-cacau,Cacau (Mercado do Cacau),Bahia /@,,variacao_pct,8.11,"+8,11",%,change_pct,,pct,spot,,BA,physical
2026-04-15,cacau,cacau-mercado-do-cacau,Cacau (Mercado do Cacau),Espírito Santo / saca,,preco,800.0,"800,00",R$,price,BRL,,spot,,ES,physical
2026-04-15,cacau,cacau-mercado-do-cacau,Cacau (Mercado do Cacau),Espírito Santo / saca,,variacao_pct,8.11,"+8,11",%,change_pct,,pct,spot,,ES,physical
2026-04-15,cacau,cacau-mercado-do-cacau,Cacau (Mercado do Cacau),Pará / Kg,,preco,12.0,"12,00",R$,price,BRL,,spot,,PA,physical
2026-04-15,cacau,cacau-mercado-do-cacau,Cacau (Mercado do Cacau),Pará / Kg,,variacao_pct,4.35,"+4,35",%,change_pct,,pct,spot,,PA,physical
2026-04-16,cacau,cacau-bolsa-de-nova-iorque-nybot,Cacau - Bolsa de Nova Iorque (NYBOT),,Julho/26,preco,3455.0,3455,US$ / ton,price,USD,,futures,2026-07,,nybot
2026-04-16,cacau,cacau-bolsa-de-nova-iorque-nybot,Cacau - Bolsa de Nova Iorque (NYBOT),,Julho/26,variacao_pontos,-108.0,-108,%,change_abs,,pct,futures,2026-07,,nybot
2026-04-16,cacau,cacau-bolsa-de-nova-iorque-nybot,Cacau - Bolsa de Nova Iorque (NYBOT),,Maio/26,preco,3367.0,3367,US$ / ton,price,USD,,futures,2026-05,,nybot
2026-04-16,cacau,cacau-bolsa-de-nova-iorque-nybot,Cacau - Bolsa de Nova Iorque (NYBOT),,Maio/26,variacao_pontos,-110.0,-110,%,change_abs,,pct,futures,2026-05,,nybot
2026-04-16,cacau,cacau-bolsa-de-nova-iorque-nybot,Cacau - Bolsa de Nova Iorque (NYBOT),,Setembro/26,preco,3527.0,3527,US$ / ton,price,USD,,futures,2026-09,,nybot
2026-04-16,cacau,cacau-bolsa-de-nova-iorque-nybot,Cacau - Bolsa de Nova Iorque (NYBOT),,Setembro/26,variacao_pontos,-105.0,-105,%,change_abs,,pct,futures,2026-09,,nybot
2026-04-16,cacau,cacau-mercado-do-cacau,Cacau (Mercado do Cacau),Bahia /@,,preco,200.0,"200,00",R$,price,BRL,,spot,,BA,physical
2026-04-16,cacau,cacau-mercado-do-cacau,Cacau (Mercado do Cacau),Bahia /@,,variacao_pct,0.0,"0,00",%,change_pct,,pct,spot,,BA,physical
2026-04-16,cacau,cacau-mercado-do-cacau,Cacau (Mercado do Cacau),Espírito Santo / saca,,preco,800.0,"800,00",R$,price,BRL,,spot,,ES,physical
2026-04-16,cacau,cacau-mercado-do-cacau,Cacau (Mercado do Cacau),Espírito Santo / saca,,variacao_pct,0.0,"0,00",%,change_pct,,pct,spot,,ES,physical
2026-04-16,cacau,cacau-mercado-do-cacau,Cacau (Mercado do Cacau),Pará / Kg,,preco,12.0,"12,00",R$,price,BRL,,spot,,PA,physical
2026-04-16,cacau,cacau-mercado-do-cacau,Cacau (Mercado do Cacau),Pará / Kg,,variacao_pct,0.0,"0,00",%,change_pct,,pct,spot,,PA,physical
2026-04-17,cacau,cacau-bolsa-de-nova-iorque-nybot,Cacau - Bolsa de Nova Iorque (NYBOT),,Julho/26,preco,3280.0,3280,US$ / ton,price,USD,,futures,2026-07,,nybot
2026-04-17,cacau,cacau-bolsa-de-nova-iorque-nybot,Cacau - Bolsa de Nova Iorque (NYBOT),,Julho/26,variacao_pontos,-175.0,-175,%,change_abs,,pct,futures,2026-07,,nybot
2026-04-17,cacau,cacau-bolsa-de-nova-iorque-nybot,Cacau - Bolsa de Nova Iorque (NYBOT),,Maio/26,preco,3186.0,3186,US$ / ton,price,USD,,futures,2026-05,,nybot
2026-04-17,cacau,cacau-bolsa-de-nova-iorque-nybot,Cacau - Bolsa de Nova Iorque (NYBOT),,Maio/26,variacao_pontos,-181.0,-181,%,change_abs,,pct,futures,2026-05,,nybot
2026-04-17,cacau,cacau-bolsa-de-nova-iorque-nybot,Cacau - Bolsa de Nova Iorque (NYBOT),,Setembro/26,preco,3353.0,3353,US$ / ton,price,USD,,futures,2026-09,,nybot
2026-04-17,cacau,cacau-bolsa-de-nova-iorque-nybot,Cacau - Bolsa de Nova Iorque (NYBOT),,Setembro/26,variacao_pontos,-174.0,-174,%,change_abs,,pct,futures,2026-09,,nybot
2026-04-17,cacau,cacau-mercado-do-cacau,Cacau (Mercado do Cacau),Bahia /@,,preco,193.0,"193,00",R$,price,BRL,,spot,,BA,physical
2026-04-17,cacau,cacau-mercado-do-cacau,Cacau (Mercado do Cacau),Bahia /@,,variacao_pct,-3.5,"-3,50",%,change_pct,,pct,spot,,BA,physical
2026-04-17,cacau,cacau-mercado-do-cacau,Cacau (Mercado do Cacau),Espírito Santo / saca,,preco,772.0,"772,00",R$,price,BRL,,spot,,ES,physical
2026-04-17,cacau,cacau-mercado-do-cacau,Cacau (Mercado do Cacau),Espírito Santo / saca,,variacao_pct,-3.5,"-3,50",%,change_pct,,pct,spot,,ES,physical
2026-04-17,cacau,cacau-mercado-do-cacau,Cacau (Mercado do Cacau),Pará / Kg,,preco,11.5,"11,50",R$,price,BRL,,spot,,PA,physical
2026-04-17,cacau,cacau-mercado-do-cacau,Cacau (Mercado do Cacau),Pará / Kg,,variacao_pct,-4.17,"-4,17",%,change_pct,,pct,spot,,PA,physical
2026-04-20,cacau,cacau-bolsa-de-nova-iorque-nybot,Cacau - Bolsa de Nova Iorque (NYBOT),,Julho/26,preco,3395.0,3395,US$ / ton,price,USD,,futures,2026-07,,nybot
2026-04-20,cacau,cacau-bolsa-de-nova-iorque-nybot,Cacau - Bolsa de Nova Iorque (NYBOT),,Julho/26,variacao_pontos,115.0,+115,%,change_abs,,pct,futures,2026-07,,nybot
2026-04-20,cacau,cacau-bolsa-de-nova-iorque-nybot,Cacau - Bolsa de Nova Iorque (NYBOT),,Maio/26,preco,3298.0,3298,US$ / ton,price,USD,,futures,2026-05,,nybot
2026-04-20,cacau,cacau-bolsa-de-nova-iorque-nybot,Cacau - Bolsa de Nova Iorque (NYBOT),,Maio/26,variacao_pontos,112.0,+112,%,change_abs,,pct,futures,2026-05,,nybot
2026-04-20,cacau,cacau-bolsa-de-nova-iorque-nybot,Cacau - Bolsa de Nova Iorque (NYBOT),,Setembro/26,preco,3465.0,3465,US$ / ton,price,USD,,futures,2026-09,,nybot
2026-04-20,cacau,cacau-bolsa-de-nova-iorque-nybot,Cacau - Bolsa de Nova Iorque (NYBOT),,Setembro/26,variacao_pontos,112.0,+112,%,change_abs,,pct,futures,2026-09,,nybot
2026-04-20,cacau,cacau-mercado-do-cacau,Cacau (Mercado do Cacau),Bahia /@,,preco,190.0,"190,00",R$,price,BRL,,spot,,BA,physical
2026-04-20,cacau,cacau-mercado-do-cacau,Cacau (Mercado do Cacau),Bahia /@,,variacao_pct,-1.55,"-1,55",%,change_pct,,pct,spot,,BA,physical
2026-04-20,cacau,cacau-mercado-do-cacau,Cacau (Mercado do Cacau),Espírito Santo / saca,,preco,760.0,"760,00",R$,price,BRL,,spot,,ES,physical
2026-04-20,cacau,cacau-mercado-do-cacau,Cacau (Mercado do Cacau),Espírito Santo / saca,,variacao_pct,-1.55,"-1,55",%,change_pct,,pct,spot,,ES,physical
2026-04-20,cacau,cacau-mercado-do-cacau,Cacau (Mercado do Cacau),Pará / Kg,,preco,11.2,"11,20",R$,price,BRL,,spot,,PA,physical
2026-04-20,cacau,cacau-mercado-do-cacau,Cacau (Mercado do Cacau),Pará / Kg,,variacao_pct,-2.61,"-2,61",%,change_pct,,pct,spot,,PA,physical
2026-04-21,cacau,cacau-bolsa-de-nova-iorque-nybot,Cacau - Bolsa de Nova Iorque (NYBOT),,Julho/26,preco,3308.0,3308,US$ / ton,price,USD,,futures,2026-07,,nybot
2026-04-21,cacau,cacau-bolsa-de-nova-iorque-nybot,Cacau - Bolsa de Nova Iorque (NYBOT),,Julho/26,variacao_pontos,-87.0,-87,%,change_abs,,pct,futures,2026-07,,nybot
2026-04-21,cacau,cacau-bolsa-de-nova-iorque-nybot,Cacau - Bolsa de Nova Iorque (NYBOT),,Maio/26,preco,3220.0,3220,US$ / ton,price,USD,,futures,2026-05,,nybot
2026-04-21,cacau,cacau-bolsa-de-nova-iorque-nybot,Cacau - Bolsa de Nova Iorque (NYBOT),,Maio/26,variacao_pontos,-78.0,-78,%,change_abs,,pct,futures,2026-05,,nybot
2026-04-21,cacau,cacau-bolsa-de-nova-iorque-nybot,Cacau - Bolsa de Nova Iorque (NYBOT),,Setembro/26,preco,3376.0,3376,US$ / ton,price,USD,,futures,2026-09,,nybot
2026-04-21,cacau,cacau-bolsa-de-nova-iorque-nybot,Cacau - Bolsa de Nova Iorque (NYBOT),,Setembro/26,variacao_pontos,-89.0,-89,%,change_abs,,pct,futures,2026-09,,nybot
2026-04-22,cacau,cacau-bolsa-de-nova-iorque-nybot,Cacau - Bolsa de Nova Iorque (NYBOT),,Julho/26,preco,3427.0,3427,US$ / ton,price,USD,,futures,2026-07,,nybot
2026-04-22,cacau,cacau-bolsa-de-nova-iorque-nybot,Cacau - Bolsa de Nova Iorque (NYBOT),,Julho/26,variacao_pontos,119.0,+119,%,change_abs,,pct,futures,2026-07,,nybot
2026-04-22,cacau,cacau-bolsa-de-nova-iorque-nybot,Cacau - Bolsa de Nova Iorque (NYBOT),,Maio/26,preco,3339.0,3339,US$ / ton,price,USD,,futures,2026-05,,nybot
2026-04-22,cacau,cacau-bolsa-de-nova-iorque-nybot,Cacau - Bolsa de Nova Iorque (NYBOT),,Maio/26,variacao_pontos,119.0,+119,%,change_abs,,pct,futures,2026-05,,nybot
2026-04-22,cacau,cacau-bolsa-de-nova-iorque-nybot,Cacau - Bolsa de Nova Iorque (NYBOT),,Setembro/26,preco,3493.0,3493,US$ / ton,price,USD,,futures,2026-09,,nybot
2026-04-22,cacau,cacau-bolsa-de-nova-iorque-nybot,Cacau - Bolsa de Nova Iorque (NYBOT),,Setembro/26,variacao_pontos,117.0,+117,%,change_abs,,pct,futures,2026-09,,nybot
2026-04-22,cacau,cacau-mercado-do-cacau,Cacau (Mercado do Cacau),Bahia /@,,preco,190.0,"190,00",R$,price,BRL,,spot,,BA,physical
2026-04-22,cacau,cacau-mercado-do-cacau,Cacau (Mercado do Cacau),Bahia /@,,variacao_pct,0.0,"0,00",%,change_pct,,pct,spot,,BA,physical
2026-04-22,cacau,cacau-mercado-do-cacau,Cacau (Mercado do Cacau),Espírito Santo / saca,,preco,760.0,"760,00",R$,price,BRL,,spot,,ES,physical
2026-04-22,cacau,cacau-mercado-do-cacau,Cacau (Mercado do Cacau),Espírito Santo / saca,,variacao_pct,0.0,"0,00",%,change_pct,,pct,spot,,ES,physical
2026-04-22,cacau,cacau-mercado-do-cacau,Cacau (Mercado do Cacau),Pará / Kg,,preco,11.2,"11,20",R$,price,BRL,,spot,,PA,physical
2026-04-22,cacau,cacau-mercado-do-cacau,Cacau (Mercado do Cacau),Pará / Kg,,variacao_pct,0.0,"0,00",%,change_pct,,pct,spot,,PA,physical
2026-04-23,cacau,cacau-bolsa-de-nova-iorque-nybot,Cacau - Bolsa de Nova Iorque (NYBOT),,Julho/26,preco,3458.0,3458,US$ / ton,price,USD,,futures,2026-07,,nybot
2026-04-23,cacau,cacau-bolsa-de-nova-iorque-nybot,Cacau - Bolsa de Nova Iorque (NYBOT),,Julho/26,variacao_pontos,31.0,+31,%,change_abs,,pct,futures,2026-07,,nybot
2026-04-23,cacau,cacau-bolsa-de-nova-iorque-nybot,Cacau - Bolsa de Nova Iorque (NYBOT),,Maio/26,preco,3369.0,3369,US$ / ton,price,USD,,futures,2026-05,,nybot
2026-04-23,cacau,cacau-bolsa-de-nova-iorque-nybot,Cacau - Bolsa de Nova Iorque (NYBOT),,Maio/26,variacao_pontos,30.0,+30,%,change_abs,,pct,futures,2026-05,,nybot
2026-04-23,cacau,cacau-bolsa-de-nova-iorque-nybot,Cacau - Bolsa de Nova Iorque (NYBOT),,Setembro/26,preco,3523.0,3523,US$ / ton,price,USD,,futures,2026-09,,nybot
2026-04-23,cacau,cacau-bolsa-de-nova-iorque-nybot,Cacau - Bolsa de Nova Iorque (NYBOT),,Setembro/26,variacao_pontos,30.0,+30,%,change_abs,,pct,futures,2026-09,,nybot
2026-04-23,cacau,cacau-mercado-do-cacau,Cacau (Mercado do Cacau),Bahia /@,,preco,190.0,"190,00",R$,price,BRL,,spot,,BA,physical
2026-04-23,cacau,cacau-mercado-do-cacau,Cacau (Mercado do Cacau),Bahia /@,,variacao_pct,0.0,"0,00",%,change_pct,,pct,spot,,BA,physical
2026-04-23,cacau,cacau-mercado-do-cacau,Cacau (Mercado do Cacau),Espírito Santo / saca,,preco,760.0,"760,00",R$,price,BRL,,spot,,ES,physical
2026-04-23,cacau,cacau-mercado-do-cacau,Cacau (Mercado do Cacau),Espírito Santo / saca,,variacao_pct,0.0,"0,00",%,change_pct,,pct,spot,,ES,physical
2026-04-23,cacau,cacau-mercado-do-cacau,Cacau (Mercado do Cacau),Pará / Kg,,preco,11.2,"11,20",R$,price,BRL,,spot,,PA,physical
2026-04-23,cacau,cacau-mercado-do-cacau,Cacau (Mercado do Cacau),Pará / Kg,,variacao_pct,0.0,"0,00",%,change_pct,,pct,spot,,PA,physical
2026-04-24,cacau,cacau-bolsa-de-nova-iorque-nybot,Cacau - Bolsa de Nova Iorque (NYBOT),,Julho/26,preco,3431.0,3431,US$ / ton,price,USD,,futures,2026-07,,nybot
2026-04-24,cacau,cacau-bolsa-de-nova-iorque-nybot,Cacau - Bolsa de Nova Iorque (NYBOT),,Julho/26,variacao_pontos,-27.0,-27,%,change_abs,,pct,futures,2026-07,,nybot
2026-04-24,cacau,cacau-bolsa-de-nova-iorque-nybot,Cacau - Bolsa de Nova Iorque (NYBOT),,Maio/26,preco,3349.0,3349,US$ / ton,price,USD,,futures,2026-05,,nybot
2026-04-24,cacau,cacau-bolsa-de-nova-iorque-nybot,Cacau - Bolsa de Nova Iorque (NYBOT),,Maio/26,variacao_pontos,-20.0,-20,%,change_abs,,pct,futures,2026-05,,nybot
2026-04-24,cacau,cacau-bolsa-de-nova-iorque-nybot,Cacau - Bolsa de Nova Iorque (NYBOT),,Setembro/26,preco,3498.0,3498,US$ / ton,price,USD,,futures,2026-09,,nybot
2026-04-24,cacau,cacau-bolsa-de-nova-iorque-nybot,Cacau - Bolsa de Nova Iorque (NYBOT),,Setembro/26,variacao_pontos,-25.0,-25,%,change_abs,,pct,futures,2026-09,,nybot
2026-04-24,cacau,cacau-mercado-do-cacau,Cacau (Mercado do Cacau),Bahia /@,,preco,190.0,"190,00",R$,price,BRL,,spot,,BA,physical
2026-04-24,cacau,cacau-mercado-do-cacau,Cacau (Mercado do Cacau),Bahia /@,,variacao_pct,0.0,"0,00",%,change_pct,,pct,spot,,BA,physical
2026-04-24,cacau,cacau-mercado-do-cacau,Cacau (Mercado do Cacau),Espírito Santo / saca,,preco,760.0,"760,00",R$,price,BRL,,spot,,ES,physical
2026-04-24,cacau,cacau-mercado-do-cacau,Cacau (Mercado do Cacau),Espírito Santo / saca,,variacao_pct,0.0,"0,00",%,change_pct,,pct,spot,,ES,physical
2026-04-24,cacau,cacau-mercado-do-cacau,Cacau (Mercado do Cacau),Pará / Kg,,preco,11.2,"11,20",R$,price,BRL,,spot,,PA,physical
2026-04-24,cacau,cacau-mercado-do-cacau,Cacau (Mercado do Cacau),Pará / Kg,,variacao_pct,0.0,"0,00",%,change_pct,,pct,spot,,PA,physical
2026-04-27,cacau,cacau-bolsa-de-nova-iorque-nybot,Cacau - Bolsa de Nova Iorque (NYBOT),,Julho/26,preco,3296.0,3296,US$ / ton,price,USD,,futures,2026-07,,nybot
2026-04-27,cacau,cacau-bolsa-de-nova-iorque-nybot,Cacau - Bolsa de Nova Iorque (NYBOT),,Julho/26,variacao_pontos,-135.0,-135,%,change_abs,,pct,futures,2026-07,,nybot
2026-04-27,cacau,cacau-bolsa-de-nova-iorque-nybot,Cacau - Bolsa de Nova Iorque (NYBOT),,Maio/26,preco,3218.0,3218,US$ / ton,price,USD,,futures,2026-05,,nybot
2026-04-27,cacau,cacau-bolsa-de-nova-iorque-nybot,Cacau - Bolsa de Nova Iorque (NYBOT),,Maio/26,variacao_pontos,-131.0,-131,%,change_abs,,pct,futures,2026-05,,nybot
2026-04-27,cacau,cacau-bolsa-de-nova-iorque-nybot,Cacau - Bolsa de Nova Iorque (NYBOT),,Setembro/26,preco,3366.0,3366,US$ / ton,price,USD,,futures,2026-09,,nybot
2026-04-27,cacau,cacau-bolsa-de-nova-iorque-nybot,Cacau - Bolsa de Nova Iorque (NYBOT),,Setembro/26,variacao_pontos,-132.0,-132,%,change_abs,,pct,futures,2026-09,,nybot
2026-04-27,cacau,cacau-mercado-do-cacau,Cacau (Mercado do Cacau),Bahia /@,,preco,177.0,"177,00",R$,price,BRL,,spot,,BA,physical
2026-04-27,cacau,cacau-mercado-do-cacau,Cacau (Mercado do Cacau),Bahia /@,,variacao_pct,-6.84,"-6,84",%,change_pct,,pct,spot,,BA,physical
2026-04-27,cacau,cacau-mercado-do-cacau,Cacau (Mercado do Cacau),Espírito Santo / saca,,preco,708.0,"708,00",R$,price,BRL,,spot,,ES,physical
2026-04-27,cacau,cacau-mercado-do-cacau,Cacau (Mercado do Cacau),Espírito Santo / saca,,variacao_pct,-6.84,"-6,84",%,change_pct,,pct,spot,,ES,physical
2026-04-27,cacau,cacau-mercado-do-cacau,Cacau (Mercado do Cacau),Pará / Kg,,preco,10.8,"10,80",R$,price,BRL,,spot,,PA,physical
2026-04-27,cacau,cacau-mercado-do-cacau,Cacau (Mercado do Cacau),Pará / Kg,,variacao_pct,-3.57,"-3,57",%,change_pct,,pct,spot,,PA,physical
2026-04-28,cacau,cacau-bolsa-de-nova-iorque-nybot,Cacau - Bolsa de Nova Iorque (NYBOT),,Julho/26,preco,3380.0,3380,US$ / ton,price,USD,,futures,2026-07,,nybot
2026-04-28,cacau,cacau-bolsa-de-nova-iorque-nybot,Cacau - Bolsa de Nova Iorque (NYBOT),,Julho/26,variacao_pontos,84.0,+84,%,change_abs,,pct,futures,2026-07,,nybot
2026-04-28,cacau,cacau-bolsa-de-nova-iorque-nybot,Cacau - Bolsa de Nova Iorque (NYBOT),,Maio/26,preco,3305.0,3305,US$ / ton,price,USD,,futures,2026-05,,nybot
2026-04-28,cacau,cacau-bolsa-de-nova-iorque-nybot,Cacau - Bolsa de Nova Iorque (NYBOT),,Maio/26,variacao_pontos,87.0,+87,%,change_abs,,pct,futures,2026-05,,nybot
2026-04-28,cacau,cacau-bolsa-de-nova-iorque-nybot,Cacau - Bolsa de Nova Iorque (NYBOT),,Setembro/26,preco,3447.0,3447,US$ / ton,price,USD,,futures,2026-09,,nybot
2026-04-28,cacau,cacau-bolsa-de-nova-iorque-nybot,Cacau - Bolsa de Nova Iorque (NYBOT),,Setembro/26,variacao_pontos,81.0,+81,%,change_abs,,pct,futures,2026-09,,nybot
2026-04-28,cacau,cacau-mercado-do-cacau,Cacau (Mercado do Cacau),Bahia /@,,preco,177.0,"177,00",R$,price,BRL,,spot,,BA,physical
2026-04-28,cacau,cacau-mercado-do-cacau,Cacau (Mercado do Cacau),Bahia /@,,variacao_pct,0.0,"0,00",%,change_pct,,pct,spot,,BA,physical
2026-04-28,cacau,cacau-mercado-do-cacau,Cacau (Mercado do Cacau),Espírito Santo / saca,,preco,708.0,"708,00",R$,price,BRL,,spot,,ES,physical
2026-04-28,cacau,cacau-mercado-do-cacau,Cacau (Mercado do Cacau),Espírito Santo / saca,,variacao_pct,0.0,"0,00",%,change_pct,,pct,spot,,ES,physical
2026-04-28,cacau,cacau-mercado-do-cacau,Cacau (Mercado do Cacau),Pará / Kg,,preco,10.8,"10,80",R$,price,BRL,,spot,,PA,physical
2026-04-28,cacau,cacau-mercado-do-cacau,Cacau (Mercado do Cacau),Pará / Kg,,variacao_pct,0.0,"0,00",%,change_pct,,pct,spot,,PA,physical
2026-04-29,cacau,cacau-bolsa-de-nova-iorque-nybot,Cacau - Bolsa de Nova Iorque (NYBOT),,Julho/26,preco,3410.0,3410,US$ / ton,price,USD,,futures,2026-07,,nybot
2026-04-29,cacau,cacau-bolsa-de-nova-iorque-nybot,Cacau - Bolsa de Nova Iorque (NYBOT),,Julho/26,variacao_pontos,30.0,+30,%,change_abs,,pct,futures,2026-07,,nybot
2026-04-29,cacau,cacau-bolsa-de-nova-iorque-nybot,Cacau - Bolsa de Nova Iorque (NYBOT),,Maio/26,preco,3335.0,3335,US$ / ton,price,USD,,futures,2026-05,,nybot
2026-04-29,cacau,cacau-bolsa-de-nova-iorque-nybot,Cacau - Bolsa de Nova Iorque (NYBOT),,Maio/26,variacao_pontos,30.0,+30,%,change_abs,,pct,futures,2026-05,,nybot
2026-04-29,cacau,cacau-bolsa-de-nova-iorque-nybot,Cacau - Bolsa de Nova Iorque (NYBOT),,Setembro/26,preco,3481.0,3481,US$ / ton,price,USD,,futures,2026-09,,nybot
2026-04-29,cacau,cacau-bolsa-de-nova-iorque-nybot,Cacau - Bolsa de Nova Iorque (NYBOT),,Setembro/26,variacao_pontos,34.0,+34,%,change_abs,,pct,futures,2026-09,,nybot
2026-04-29,cacau,cacau-mercado-do-cacau,Cacau (Mercado do Cacau),Bahia /@,,preco,187.0,"187,00",R$,price,BRL,,spot,,BA,physical
2026-04-29,cacau,cacau-mercado-do-cacau,Cacau (Mercado do Cacau),Bahia /@,,variacao_pct,5.65,"+5,65",%,change_pct,,pct,spot,,BA,physical
2026-04-29,cacau,cacau-mercado-do-cacau,Cacau (Mercado do Cacau),Espírito Santo / saca,,preco,748.0,"748,00",R$,price,BRL,,spot,,ES,physical
2026-04-29,cacau,cacau-mercado-do-cacau,Cacau (Mercado do Cacau),Espírito Santo / saca,,variacao_pct,5.65,"+5,65",%,change_pct,,pct,spot,,ES,physical
2026-04-29,cacau,cacau-mercado-do-cacau,Cacau (Mercado do Cacau),Pará / Kg,,preco,12.0,"12,00",R$,price,BRL,,spot,,PA,physical
2026-04-29,cacau,cacau-mercado-do-cacau,Cacau (Mercado do Cacau),Pará / Kg,,variacao_pct,11.11,"+11,11",%,change_pct,,pct,spot,,PA,physical
2026-04-30,cacau,cacau-bolsa-de-nova-iorque-nybot,Cacau - Bolsa de Nova Iorque (NYBOT),,Julho/26,preco,3569.0,3569,US$ / ton,price,USD,,futures,2026-07,,nybot
2026-04-30,cacau,cacau-bolsa-de-nova-iorque-nybot,Cacau - Bolsa de Nova Iorque (NYBOT),,Julho/26,variacao_pontos,159.0,+159,%,change_abs,,pct,futures,2026-07,,nybot
2026-04-30,cacau,cacau-bolsa-de-nova-iorque-nybot,Cacau - Bolsa de Nova Iorque (NYBOT),,Maio/26,preco,3494.0,3494,US$ / ton,price,USD,,futures,2026-05,,nybot
2026-04-30,cacau,cacau-bolsa-de-nova-iorque-nybot,Cacau - Bolsa de Nova Iorque (NYBOT),,Maio/26,variacao_pontos,159.0,+159,%,change_abs,,pct,futures,2026-05,,nybot
2026-04-30,cacau,cacau-bolsa-de-nova-iorque-nybot,Cacau - Bolsa de Nova Iorque (NYBOT),,Setembro/26,preco,3641.0,3641,US$ / ton,price,USD,,futures,2026-09,,nybot
2026-04-30,cacau,cacau-bolsa-de-nova-iorque-nybot,Cacau - Bolsa de Nova Iorque (NYBOT),,Setembro/26,variacao_pontos,160.0,+160,%,change_abs,,pct,futures,2026-09,,nybot
2026-04-30,cacau,cacau-mercado-do-cacau,Cacau (Mercado do Cacau),Bahia /@,,preco,200.0,"200,00",R$,price,BRL,,spot,,BA,physical
2026-04-30,cacau,cacau-mercado-do-cacau,Cacau (Mercado do Cacau),Bahia /@,,variacao_pct,6.95,"+6,95",%,change_pct,,pct,spot,,BA,physical
2026-04-30,cacau,cacau-mercado-do-cacau,Cacau (Mercado do Cacau),Espírito Santo / saca,,preco,800.0,"800,00",R$,price,BRL,,spot,,ES,physical
2026-04-30,cacau,cacau-mercado-do-cacau,Cacau (Mercado do Cacau),Espírito Santo / saca,,variacao_pct,6.95,"+6,95",%,change_pct,,pct,spot,,ES,physical
2026-04-30,cacau,cacau-mercado-do-cacau,Cacau (Mercado do Cacau),Pará / Kg,,preco,12.5,"12,50",R$,price,BRL,,spot,,PA,physical
2026-04-30,cacau,cacau-mercado-do-cacau,Cacau (Mercado do Cacau),Pará / Kg,,variacao_pct,4.17,"+4,17",%,change_pct,,pct,spot,,PA,physical
2026-05-04,cacau,cacau-bolsa-de-nova-iorque-nybot,Cacau - Bolsa de Nova Iorque (NYBOT),,Julho/26,preco,3883.0,3883,US$ / ton,price,USD,,futures,2026-07,,nybot
2026-05-04,cacau,cacau-bolsa-de-nova-iorque-nybot,Cacau - Bolsa de Nova Iorque (NYBOT),,Julho/26,variacao_pontos,287.0,+287,%,change_abs,,pct,futures,2026-07,,nybot
2026-05-04,cacau,cacau-bolsa-de-nova-iorque-nybot,Cacau - Bolsa de Nova Iorque (NYBOT),,Maio/26,preco,3812.0,3812,US$ / ton,price,USD,,futures,2026-05,,nybot
2026-05-04,cacau,cacau-bolsa-de-nova-iorque-nybot,Cacau - Bolsa de Nova Iorque (NYBOT),,Maio/26,variacao_pontos,291.0,+291,%,change_abs,,pct,futures,2026-05,,nybot
2026-05-04,cacau,cacau-bolsa-de-nova-iorque-nybot,Cacau - Bolsa de Nova Iorque (NYBOT),,Setembro/26,preco,3958.0,3958,US$ / ton,price,USD,,futures,2026-09,,nybot
2026-05-04,cacau,cacau-bolsa-de-nova-iorque-nybot,Cacau - Bolsa de Nova Iorque (NYBOT),,Setembro/26,variacao_pontos,292.0,+292,%,change_abs,,pct,futures,2026-09,,nybot
2026-05-04,cacau,cacau-mercado-do-cacau,Cacau (Mercado do Cacau),Bahia /@,,preco,215.0,"215,00",R$,price,BRL,,spot,,BA,physical
2026-05-04,cacau,cacau-mercado-do-cacau,Cacau (Mercado do Cacau),Bahia /@,,variacao_pct,7.5,"+7,50",%,change_pct,,pct,spot,,BA,physical
2026-05-04,cacau,cacau-mercado-do-cacau,Cacau (Mercado do Cacau),Espírito Santo / saca,,preco,860.0,"860,00",R$,price,BRL,,spot,,ES,physical
2026-05-04,cacau,cacau-mercado-do-cacau,Cacau (Mercado do Cacau),Espírito Santo / saca,,variacao_pct,7.5,"+7,50",%,change_pct,,pct,spot,,ES,physical
2026-05-04,cacau,cacau-mercado-do-cacau,Cacau (Mercado do Cacau),Pará / Kg,,preco,13.5,"13,50",R$,price,BRL,,spot,,PA,physical
2026-05-04,cacau,cacau-mercado-do-cacau,Cacau (Mercado do Cacau),Pará / Kg,,variacao_pct,8.0,"+8,00",%,change_pct,,pct,spot,,PA,physical
2026-05-05,cacau,cacau-bolsa-de-nova-iorque-nybot,Cacau - Bolsa de Nova Iorque (NYBOT),,Julho/26,preco,4074.0,4074,US$ / ton,price,USD,,futures,2026-07,,nybot
2026-05-05,cacau,cacau-bolsa-de-nova-iorque-nybot,Cacau - Bolsa de Nova Iorque (NYBOT),,Julho/26,variacao_pontos,191.0,+191,%,change_abs,,pct,futures,2026-07,,nybot
2026-05-05,cacau,cacau-bolsa-de-nova-iorque-nybot,Cacau - Bolsa de Nova Iorque (NYBOT),,Maio/26,preco,4003.0,4003,US$ / ton,price,USD,,futures,2026-05,,nybot
2026-05-05,cacau,cacau-bolsa-de-nova-iorque-nybot,Cacau - Bolsa de Nova Iorque (NYBOT),,Maio/26,variacao_pontos,191.0,+191,%,change_abs,,pct,futures,2026-05,,nybot
2026-05-05,cacau,cacau-bolsa-de-nova-iorque-nybot,Cacau - Bolsa de Nova Iorque (NYBOT),,Setembro/26,preco,4154.0,4154,US$ / ton,price,USD,,futures,2026-09,,nybot
2026-05-05,cacau,cacau-bolsa-de-nova-iorque-nybot,Cacau - Bolsa de Nova Iorque (NYBOT),,Setembro/26,variacao_pontos,196.0,+196,%,change_abs,,pct,futures,2026-09,,nybot
2026-05-05,cacau,cacau-mercado-do-cacau,Cacau (Mercado do Cacau),Bahia /@,,preco,220.0,"220,00",R$,price,BRL,,spot,,BA,physical
2026-05-05,cacau,cacau-mercado-do-cacau,Cacau (Mercado do Cacau),Bahia /@,,variacao_pct,2.33,"+2,33",%,change_pct,,pct,spot,,BA,physical
2026-05-05,cacau,cacau-mercado-do-cacau,Cacau (Mercado do Cacau),Espírito Santo / saca,,preco,880.0,"880,00",R$,price,BRL,,spot,,ES,physical
2026-05-05,cacau,cacau-mercado-do-cacau,Cacau (Mercado do Cacau),Espírito Santo / saca,,variacao_pct,2.33,"+2,33",%,change_pct,,pct,spot,,ES,physical
2026-05-05,cacau,cacau-mercado-do-cacau,Cacau (Mercado do Cacau),Pará / Kg,,preco,14.0,"14,00",R$,price,BRL,,spot,,PA,physical
2026-05-05,cacau,cacau-mercado-do-cacau,Cacau (Mercado do Cacau),Pará / Kg,,variacao_pct,3.7,"+3,70",%,change_pct,,pct,spot,,PA,physical
2026-05-06,cacau,cacau-bolsa-de-nova-iorque-nybot,Cacau - Bolsa de Nova Iorque (NYBOT),,Julho/26,preco,4135.0,4135,US$ / ton,price,USD,,futures,2026-07,,nybot
2026-05-06,cacau,cacau-bolsa-de-nova-iorque-nybot,Cacau - Bolsa de Nova Iorque (NYBOT),,Julho/26,variacao_pontos,61.0,+61,%,change_abs,,pct,futures,2026-07,,nybot
2026-05-06,cacau,cacau-bolsa-de-nova-iorque-nybot,Cacau - Bolsa de Nova Iorque (NYBOT),,Maio/26,preco,4064.0,4064,US$ / ton,price,USD,,futures,2026-05,,nybot
2026-05-06,cacau,cacau-bolsa-de-nova-iorque-nybot,Cacau - Bolsa de Nova Iorque (NYBOT),,Maio/26,variacao_pontos,61.0,+61,%,change_abs,,pct,futures,2026-05,,nybot
2026-05-06,cacau,cacau-bolsa-de-nova-iorque-nybot,Cacau - Bolsa de Nova Iorque (NYBOT),,Setembro/26,preco,4219.0,4219,US$ / ton,price,USD,,futures,2026-09,,nybot
2026-05-06,cacau,cacau-bolsa-de-nova-iorque-nybot,Cacau - Bolsa de Nova Iorque (NYBOT),,Setembro/26,variacao_pontos,65.0,+65,%,change_abs,,pct,futures,2026-09,,nybot
2026-05-06,cacau,cacau-mercado-do-cacau,Cacau (Mercado do Cacau),Bahia /@,,preco,230.0,"230,00",R$,price,BRL,,spot,,BA,physical
2026-05-06,cacau,cacau-mercado-do-cacau,Cacau (Mercado do Cacau),Bahia /@,,variacao_pct,4.55,"+4,55",%,change_pct,,pct,spot,,BA,physical
2026-05-06,cacau,cacau-mercado-do-cacau,Cacau (Mercado do Cacau),Espírito Santo / saca,,preco,920.0,"920,00",R$,price,BRL,,spot,,ES,physical
2026-05-06,cacau,cacau-mercado-do-cacau,Cacau (Mercado do Cacau),Espírito Santo / saca,,variacao_pct,4.55,"+4,55",%,change_pct,,pct,spot,,ES,physical
2026-05-06,cacau,cacau-mercado-do-cacau,Cacau (Mercado do Cacau),Pará / Kg,,preco,14.5,"14,50",R$,price,BRL,,spot,,PA,physical
2026-05-06,cacau,cacau-mercado-do-cacau,Cacau (Mercado do Cacau),Pará / Kg,,variacao_pct,3.57,"+3,57",%,change_pct,,pct,spot,,PA,physical
2026-05-07,cacau,cacau-bolsa-de-nova-iorque-nybot,Cacau - Bolsa de Nova Iorque (NYBOT),,Julho/26,preco,4427.0,4427,US$ / ton,price,USD,,futures,2026-07,,nybot
2026-05-07,cacau,cacau-bolsa-de-nova-iorque-nybot,Cacau - Bolsa de Nova Iorque (NYBOT),,Julho/26,variacao_pontos,292.0,+292,%,change_abs,,pct,futures,2026-07,,nybot
2026-05-07,cacau,cacau-bolsa-de-nova-iorque-nybot,Cacau - Bolsa de Nova Iorque (NYBOT),,Maio/26,preco,4356.0,4356,US$ / ton,price,USD,,futures,2026-05,,nybot
2026-05-07,cacau,cacau-bolsa-de-nova-iorque-nybot,Cacau - Bolsa de Nova Iorque (NYBOT),,Maio/26,variacao_pontos,292.0,+292,%,change_abs,,pct,futures,2026-05,,nybot
2026-05-07,cacau,cacau-bolsa-de-nova-iorque-nybot,Cacau - Bolsa de Nova Iorque (NYBOT),,Setembro/26,preco,4509.0,4509,US$ / ton,price,USD,,futures,2026-09,,nybot
2026-05-07,cacau,cacau-bolsa-de-nova-iorque-nybot,Cacau - Bolsa de Nova Iorque (NYBOT),,Setembro/26,variacao_pontos,290.0,+290,%,change_abs,,pct,futures,2026-09,,nybot
2026-05-07,cacau,cacau-mercado-do-cacau,Cacau (Mercado do Cacau),Bahia /@,,preco,245.0,"245,00",R$,price,BRL,,spot,,BA,physical
2026-05-07,cacau,cacau-mercado-do-cacau,Cacau (Mercado do Cacau),Bahia /@,,variacao_pct,6.52,"+6,52",%,change_pct,,pct,spot,,BA,physical
2026-05-07,cacau,cacau-mercado-do-cacau,Cacau (Mercado do Cacau),Espírito Santo / saca,,preco,980.0,"980,00",R$,price,BRL,,spot,,ES,physical
2026-05-07,cacau,cacau-mercado-do-cacau,Cacau (Mercado do Cacau),Espírito Santo / saca,,variacao_pct,6.52,"+6,52",%,change_pct,,pct,spot,,ES,physical
2026-05-07,cacau,cacau-mercado-do-cacau,Cacau (Mercado do Cacau),Pará / Kg,,preco,15.7,"15,70",R$,price,BRL,,spot,,PA,physical
2026-05-07,cacau,cacau-mercado-do-cacau,Cacau (Mercado do Cacau),Pará / Kg,,variacao_pct,8.28,"+8,28",%,change_pct,,pct,spot,,PA,physical
2026-05-08,cacau,cacau-bolsa-de-nova-iorque-nybot,Cacau - Bolsa de Nova Iorque (NYBOT),,Julho/26,preco,4182.0,4182,US$ / ton,price,USD,,futures,2026-07,,nybot
2026-05-08,cacau,cacau-bolsa-de-nova-iorque-nybot,Cacau - Bolsa de Nova Iorque (NYBOT),,Julho/26,variacao_pontos,-245.0,-245,%,change_abs,,pct,futures,2026-07,,nybot
2026-05-08,cacau,cacau-bolsa-de-nova-iorque-nybot,Cacau - Bolsa de Nova Iorque (NYBOT),,Maio/26,preco,4113.0,4113,US$ / ton,price,USD,,futures,2026-05,,nybot
2026-05-08,cacau,cacau-bolsa-de-nova-iorque-nybot,Cacau - Bolsa de Nova Iorque (NYBOT),,Maio/26,variacao_pontos,-243.0,-243,%,change_abs,,pct,futures,2026-05,,nybot
2026-05-08,cacau,cacau-bolsa-de-nova-iorque-nybot,Cacau - Bolsa de Nova Iorque (NYBOT),,Setembro/26,preco,4267.0,4267,US$ / ton,price,USD,,futures,2026-09,,nybot
2026-05-08,cacau,cacau-bolsa-de-nova-iorque-nybot,Cacau - Bolsa de Nova Iorque (NYBOT),,Setembro/26,variacao_pontos,-242.0,-242,%,change_abs,,pct,futures,2026-09,,nybot
2026-05-08,cacau,cacau-mercado-do-cacau,Cacau (Mercado do Cacau),Bahia /@,,preco,230.0,"230,00",R$,price,BRL,,spot,,BA,physical
2026-05-08,cacau,cacau-mercado-do-cacau,Cacau (Mercado do Cacau),Bahia /@,,variacao_pct,-6.12,"-6,12",%,change_pct,,pct,spot,,BA,physical
2026-05-08,cacau,cacau-mercado-do-cacau,Cacau (Mercado do Cacau),Espírito Santo / saca,,preco,920.0,"920,00",R$,price,BRL,,spot,,ES,physical
2026-05-08,cacau,cacau-mercado-do-cacau,Cacau (Mercado do Cacau),Espírito Santo / saca,,variacao_pct,-6.12,"-6,12",%,change_pct,,pct,spot,,ES,physical
2026-05-08,cacau,cacau-mercado-do-cacau,Cacau (Mercado do Cacau),Pará / Kg,,preco,15.0,"15,00",R$,price,BRL,,spot,,PA,physical
2026-05-08,cacau,cacau-mercado-do-cacau,Cacau (Mercado do Cacau),Pará / Kg,,variacao_pct,-4.46,"-4,46",%,change_pct,,pct,spot,,PA,physical
2026-05-11,cacau,cacau-bolsa-de-nova-iorque-nybot,Cacau - Bolsa de Nova Iorque (NYBOT),,Julho/26,preco,4709.0,4709,US$ / ton,price,USD,,futures,2026-07,,nybot
2026-05-11,cacau,cacau-bolsa-de-nova-iorque-nybot,Cacau - Bolsa de Nova Iorque (NYBOT),,Julho/26,variacao_pontos,527.0,+527,%,change_abs,,pct,futures,2026-07,,nybot
2026-05-11,cacau,cacau-bolsa-de-nova-iorque-nybot,Cacau - Bolsa de Nova Iorque (NYBOT),,Maio/26,preco,4632.0,4632,US$ / ton,price,USD,,futures,2026-05,,nybot
2026-05-11,cacau,cacau-bolsa-de-nova-iorque-nybot,Cacau - Bolsa de Nova Iorque (NYBOT),,Maio/26,variacao_pontos,519.0,+519,%,change_abs,,pct,futures,2026-05,,nybot
2026-05-11,cacau,cacau-bolsa-de-nova-iorque-nybot,Cacau - Bolsa de Nova Iorque (NYBOT),,Setembro/26,preco,4786.0,4786,US$ / ton,price,USD,,futures,2026-09,,nybot
2026-05-11,cacau,cacau-bolsa-de-nova-iorque-nybot,Cacau - Bolsa de Nova Iorque (NYBOT),,Setembro/26,variacao_pontos,519.0,+519,%,change_abs,,pct,futures,2026-09,,nybot
2026-05-11,cacau,cacau-mercado-do-cacau,Cacau (Mercado do Cacau),Bahia /@,,preco,250.0,"250,00",R$,price,BRL,,spot,,BA,physical
2026-05-11,cacau,cacau-mercado-do-cacau,Cacau (Mercado do Cacau),Bahia /@,,variacao_pct,8.7,"+8,70",%,change_pct,,pct,spot,,BA,physical
2026-05-11,cacau,cacau-mercado-do-cacau,Cacau (Mercado do Cacau),Espírito Santo / saca,,preco,1000.0,"1.000,00",R$,price,BRL,,spot,,ES,physical
2026-05-11,cacau,cacau-mercado-do-cacau,Cacau (Mercado do Cacau),Espírito Santo / saca,,variacao_pct,8.7,"+8,70",%,change_pct,,pct,spot,,ES,physical
2026-05-11,cacau,cacau-mercado-do-cacau,Cacau (Mercado do Cacau),Pará / Kg,,preco,15.5,"15,50",R$,price,BRL,,spot,,PA,physical
2026-05-11,cacau,cacau-mercado-do-cacau,Cacau (Mercado do Cacau),Pará / Kg,,variacao_pct,3.33,"+3,33",%,change_pct,,pct,spot,,PA,physical
2026-05-12,cacau,cacau-bolsa-de-nova-iorque-nybot,Cacau - Bolsa de Nova Iorque (NYBOT),,Julho/26,preco,4587.0,4587,US$ / ton,price,USD,,futures,2026-07,,nybot
2026-05-12,cacau,cacau-bolsa-de-nova-iorque-nybot,Cacau - Bolsa de Nova Iorque (NYBOT),,Julho/26,variacao_pontos,-122.0,-122,%,change_abs,,pct,futures,2026-07,,nybot
2026-05-12,cacau,cacau-bolsa-de-nova-iorque-nybot,Cacau - Bolsa de Nova Iorque (NYBOT),,Maio/26,preco,4503.0,4503,US$ / ton,price,USD,,futures,2026-05,,nybot
2026-05-12,cacau,cacau-bolsa-de-nova-iorque-nybot,Cacau - Bolsa de Nova Iorque (NYBOT),,Maio/26,variacao_pontos,-129.0,-129,%,change_abs,,pct,futures,2026-05,,nybot
2026-05-12,cacau,cacau-bolsa-de-nova-iorque-nybot,Cacau - Bolsa de Nova Iorque (NYBOT),,Setembro/26,preco,4673.0,4673,US$ / ton,price,USD,,futures,2026-09,,nybot
2026-05-12,cacau,cacau-bolsa-de-nova-iorque-nybot,Cacau - Bolsa de Nova Iorque (NYBOT),,Setembro/26,variacao_pontos,-113.0,-113,%,change_abs,,pct,futures,2026-09,,nybot
2026-05-12,cacau,cacau-mercado-do-cacau,Cacau (Mercado do Cacau),Bahia /@,,preco,240.0,"240,00",R$,price,BRL,,spot,,BA,physical
2026-05-12,cacau,cacau-mercado-do-cacau,Cacau (Mercado do Cacau),Bahia /@,,variacao_pct,-4.0,"-4,00",%,change_pct,,pct,spot,,BA,physical
2026-05-12,cacau,cacau-mercado-do-cacau,Cacau (Mercado do Cacau),Espírito Santo / saca,,preco,960.0,"960,00",R$,price,BRL,,spot,,ES,physical
2026-05-12,cacau,cacau-mercado-do-cacau,Cacau (Mercado do Cacau),Espírito Santo / saca,,variacao_pct,-4.0,"-4,00",%,change_pct,,pct,spot,,ES,physical
2026-05-12,cacau,cacau-mercado-do-cacau,Cacau (Mercado do Cacau),Pará / Kg,,preco,15.2,"15,20",R$,price,BRL,,spot,,PA,physical
2026-05-12,cacau,cacau-mercado-do-cacau,Cacau (Mercado do Cacau),Pará / Kg,,variacao_pct,-1.94,"-1,94",%,change_pct,,pct,spot,,PA,physical
2026-05-13,cacau,cacau-bolsa-de-nova-iorque-nybot,Cacau - Bolsa de Nova Iorque (NYBOT),,Julho/26,preco,4393.0,4393,US$ / ton,price,USD,,futures,2026-07,,nybot
2026-05-13,cacau,cacau-bolsa-de-nova-iorque-nybot,Cacau - Bolsa de Nova Iorque (NYBOT),,Julho/26,variacao_pontos,-194.0,-194,%,change_abs,,pct,futures,2026-07,,nybot
2026-05-13,cacau,cacau-bolsa-de-nova-iorque-nybot,Cacau - Bolsa de Nova Iorque (NYBOT),,Maio/26,preco,4309.0,4309,US$ / ton,price,USD,,futures,2026-05,,nybot
2026-05-13,cacau,cacau-bolsa-de-nova-iorque-nybot,Cacau - Bolsa de Nova Iorque (NYBOT),,Maio/26,variacao_pontos,-194.0,-194,%,change_abs,,pct,futures,2026-05,,nybot
2026-05-13,cacau,cacau-bolsa-de-nova-iorque-nybot,Cacau - Bolsa de Nova Iorque (NYBOT),,Setembro/26,preco,4479.0,4479,US$ / ton,price,USD,,futures,2026-09,,nybot
2026-05-13,cacau,cacau-bolsa-de-nova-iorque-nybot,Cacau - Bolsa de Nova Iorque (NYBOT),,Setembro/26,variacao_pontos,-194.0,-194,%,change_abs,,pct,futures,2026-09,,nybot
2026-05-13,cacau,cacau-mercado-do-cacau,Cacau (Mercado do Cacau),Bahia /@,,preco,230.0,"230,00",R$,price,BRL,,spot,,BA,physical
2026-05-13,cacau,cacau-mercado-do-cacau,Cacau (Mercado do Cacau),Bahia /@,,variacao_pct,-4.17,"-4,17",%,change_pct,,pct,spot,,BA,physical
2026-05-13,cacau,cacau-mercado-do-cacau,Cacau (Mercado do Cacau),Espírito Santo / saca,,preco,920.0,"920,00",R$,price,BRL,,spot,,ES,physical
2026-05-13,cacau,cacau-mercado-do-cacau,Cacau (Mercado do Cacau),Espírito Santo / saca,,variacao_pct,-4.17,"-4,17",%,change_pct,,pct,spot,,ES,physical
2026-05-13,cacau,cacau-mercado-do-cacau,Cacau (Mercado do Cacau),Pará / Kg,,preco,14.7,"14,70",R$,price,BRL,,spot,,PA,physical
2026-05-13,cacau,cacau-mercado-do-cacau,Cacau (Mercado do Cacau),Pará / Kg,,variacao_pct,-3.29,"-3,29",%,change_pct,,pct,spot,,PA,physical
2026-05-14,cacau,cacau-bolsa-de-nova-iorque-nybot,Cacau - Bolsa de Nova Iorque (NYBOT),,Dezembro/26,preco,4366.0,4366,US$ / ton,price,USD,,futures,2026-12,,nybot
2026-05-14,cacau,cacau-bolsa-de-nova-iorque-nybot,Cacau - Bolsa de Nova Iorque (NYBOT),,Dezembro/26,variacao_pontos,-202.0,-202,%,change_abs,,pct,futures,2026-12,,nybot
2026-05-14,cacau,cacau-bolsa-de-nova-iorque-nybot,Cacau - Bolsa de Nova Iorque (NYBOT),,Julho/26,preco,4189.0,4189,US$ / ton,price,USD,,futures,2026-07,,nybot
2026-05-14,cacau,cacau-bolsa-de-nova-iorque-nybot,Cacau - Bolsa de Nova Iorque (NYBOT),,Julho/26,variacao_pontos,-204.0,-204,%,change_abs,,pct,futures,2026-07,,nybot
2026-05-14,cacau,cacau-bolsa-de-nova-iorque-nybot,Cacau - Bolsa de Nova Iorque (NYBOT),,Setembro/26,preco,4272.0,4272,US$ / ton,price,USD,,futures,2026-09,,nybot
2026-05-14,cacau,cacau-bolsa-de-nova-iorque-nybot,Cacau - Bolsa de Nova Iorque (NYBOT),,Setembro/26,variacao_pontos,-207.0,-207,%,change_abs,,pct,futures,2026-09,,nybot
2026-05-14,cacau,cacau-mercado-do-cacau,Cacau (Mercado do Cacau),Bahia /@,,preco,240.0,"240,00",R$,price,BRL,,spot,,BA,physical
2026-05-14,cacau,cacau-mercado-do-cacau,Cacau (Mercado do Cacau),Bahia /@,,variacao_pct,4.35,"+4,35",%,change_pct,,pct,spot,,BA,physical
2026-05-14,cacau,cacau-mercado-do-cacau,Cacau (Mercado do Cacau),Espírito Santo / saca,,preco,960.0,"960,00",R$,price,BRL,,spot,,ES,physical
2026-05-14,cacau,cacau-mercado-do-cacau,Cacau (Mercado do Cacau),Espírito Santo / saca,,variacao_pct,4.35,"+4,35",%,change_pct,,pct,spot,,ES,physical
2026-05-14,cacau,cacau-mercado-do-cacau,Cacau (Mercado do Cacau),Pará / Kg,,preco,15.2,"15,20",R$,price,BRL,,spot,,PA,physical
2026-05-14,cacau,cacau-mercado-do-cacau,Cacau (Mercado do Cacau),Pará / Kg,,variacao_pct,3.4,"+3,40",%,change_pct,,pct,spot,,PA,physical
2026-05-15,cacau,cacau-bolsa-de-nova-iorque-nybot,Cacau - Bolsa de Nova Iorque (NYBOT),,Dezembro/26,preco,4177.0,4177,US$ / ton,price,USD,,futures,2026-12,,nybot
2026-05-15,cacau,cacau-bolsa-de-nova-iorque-nybot,Cacau - Bolsa de Nova Iorque (NYBOT),,Dezembro/26,variacao_pontos,-189.0,-189,%,change_abs,,pct,futures,2026-12,,nybot
2026-05-15,cacau,cacau-bolsa-de-nova-iorque-nybot,Cacau - Bolsa de Nova Iorque (NYBOT),,Julho/26,preco,4002.0,4002,US$ / ton,price,USD,,futures,2026-07,,nybot
2026-05-15,cacau,cacau-bolsa-de-nova-iorque-nybot,Cacau - Bolsa de Nova Iorque (NYBOT),,Julho/26,variacao_pontos,-187.0,-187,%,change_abs,,pct,futures,2026-07,,nybot
2026-05-15,cacau,cacau-bolsa-de-nova-iorque-nybot,Cacau - Bolsa de Nova Iorque (NYBOT),,Setembro/26,preco,4085.0,4085,US$ / ton,price,USD,,futures,2026-09,,nybot
2026-05-15,cacau,cacau-bolsa-de-nova-iorque-nybot,Cacau - Bolsa de Nova Iorque (NYBOT),,Setembro/26,variacao_pontos,-187.0,-187,%,change_abs,,pct,futures,2026-09,,nybot
2026-05-15,cacau,cacau-mercado-do-cacau,Cacau (Mercado do Cacau),Bahia /@,,preco,220.0,"220,00",R$,price,BRL,,spot,,BA,physical
2026-05-15,cacau,cacau-mercado-do-cacau,Cacau (Mercado do Cacau),Bahia /@,,variacao_pct,-8.33,"-8,33",%,change_pct,,pct,spot,,BA,physical
2026-05-15,cacau,cacau-mercado-do-cacau,Cacau (Mercado do Cacau),Espírito Santo / saca,,preco,880.0,"880,00",R$,price,BRL,,spot,,ES,physical
2026-05-15,cacau,cacau-mercado-do-cacau,Cacau (Mercado do Cacau),Espírito Santo / saca,,variacao_pct,-8.33,"-8,33",%,change_pct,,pct,spot,,ES,physical
2026-05-15,cacau,cacau-mercado-do-cacau,Cacau (Mercado do Cacau),Pará / Kg,,preco,14.7,"14,70",R$,price,BRL,,spot,,PA,physical
2026-05-15,cacau,cacau-mercado-do-cacau,Cacau (Mercado do Cacau),Pará / Kg,,variacao_pct,-3.29,"-3,29",%,change_pct,,pct,spot,,PA,physical
2026-05-18,cacau,cacau-bolsa-de-nova-iorque-nybot,Cacau - Bolsa de Nova Iorque (NYBOT),,Dezembro/26,preco,3963.0,3963,US$ / ton,price,USD,,futures,2026-12,,nybot
2026-05-18,cacau,cacau-bolsa-de-nova-iorque-nybot,Cacau - Bolsa de Nova Iorque (NYBOT),,Dezembro/26,variacao_pontos,-214.0,-214,%,change_abs,,pct,futures,2026-12,,nybot
2026-05-18,cacau,cacau-bolsa-de-nova-iorque-nybot,Cacau - Bolsa de Nova Iorque (NYBOT),,Julho/26,preco,3791.0,3791,US$ / ton,price,USD,,futures,2026-07,,nybot
2026-05-18,cacau,cacau-bolsa-de-nova-iorque-nybot,Cacau - Bolsa de Nova Iorque (NYBOT),,Julho/26,variacao_pontos,-211.0,-211,%,change_abs,,pct,futures,2026-07,,nybot
2026-05-18,cacau,cacau-bolsa-de-nova-iorque-nybot,Cacau - Bolsa de Nova Iorque (NYBOT),,Setembro/26,preco,3871.0,3871,US$ / ton,price,USD,,futures,2026-09,,nybot
2026-05-18,cacau,cacau-bolsa-de-nova-iorque-nybot,Cacau - Bolsa de Nova Iorque (NYBOT),,Setembro/26,variacao_pontos,-214.0,-214,%,change_abs,,pct,futures,2026-09,,nybot
2026-05-18,cacau,cacau-mercado-do-cacau,Cacau (Mercado do Cacau),Bahia /@,,preco,210.0,"210,00",R$,price,BRL,,spot,,BA,physical
2026-05-18,cacau,cacau-mercado-do-cacau,Cacau (Mercado do Cacau),Bahia /@,,variacao_pct,-4.55,"-4,55",%,change_pct,,pct,spot,,BA,physical
2026-05-18,cacau,cacau-mercado-do-cacau,Cacau (Mercado do Cacau),Espírito Santo / saca,,preco,840.0,"840,00",R$,price,BRL,,spot,,ES,physical
2026-05-18,cacau,cacau-mercado-do-cacau,Cacau (Mercado do Cacau),Espírito Santo / saca,,variacao_pct,-4.55,"-4,55",%,change_pct,,pct,spot,,ES,physical
2026-05-18,cacau,cacau-mercado-do-cacau,Cacau (Mercado do Cacau),Pará / Kg,,preco,13.8,"13,80",R$,price,BRL,,spot,,PA,physical
2026-05-18,cacau,cacau-mercado-do-cacau,Cacau (Mercado do Cacau),Pará / Kg,,variacao_pct,-6.12,"-6,12",%,change_pct,,pct,spot,,PA,physical
2026-05-19,cacau,cacau-bolsa-de-nova-iorque-nybot,Cacau - Bolsa de Nova Iorque (NYBOT),,Dezembro/26,preco,4070.0,4070,US$ / ton,price,USD,,futures,2026-12,,nybot
2026-05-19,cacau,cacau-bolsa-de-nova-iorque-nybot,Cacau - Bolsa de Nova Iorque (NYBOT),,Dezembro/26,variacao_pontos,107.0,+107,%,change_abs,,pct,futures,2026-12,,nybot
2026-05-19,cacau,cacau-bolsa-de-nova-iorque-nybot,Cacau - Bolsa de Nova Iorque (NYBOT),,Julho/26,preco,3907.0,3907,US$ / ton,price,USD,,futures,2026-07,,nybot
2026-05-19,cacau,cacau-bolsa-de-nova-iorque-nybot,Cacau - Bolsa de Nova Iorque (NYBOT),,Julho/26,variacao_pontos,116.0,+116,%,change_abs,,pct,futures,2026-07,,nybot
2026-05-19,cacau,cacau-bolsa-de-nova-iorque-nybot,Cacau - Bolsa de Nova Iorque (NYBOT),,Setembro/26,preco,3985.0,3985,US$ / ton,price,USD,,futures,2026-09,,nybot
2026-05-19,cacau,cacau-bolsa-de-nova-iorque-nybot,Cacau - Bolsa de Nova Iorque (NYBOT),,Setembro/26,variacao_pontos,114.0,+114,%,change_abs,,pct,futures,2026-09,,nybot
2026-05-19,cacau,cacau-mercado-do-cacau,Cacau (Mercado do Cacau),Bahia /@,,preco,215.0,"215,00",R$,price,BRL,,spot,,BA,physical
2026-05-19,cacau,cacau-mercado-do-cacau,Cacau (Mercado do Cacau),Bahia /@,,variacao_pct,2.38,"+2,38",%,change_pct,,pct,spot,,BA,physical
2026-05-19,cacau,cacau-mercado-do-cacau,Cacau (Mercado do Cacau),Espírito Santo / saca,,preco,860.0,"860,00",R$,price,BRL,,spot,,ES,physical
2026-05-19,cacau,cacau-mercado-do-cacau,Cacau (Mercado do Cacau),Espírito Santo / saca,,variacao_pct,2.38,"+2,38",%,change_pct,,pct,spot,,ES,physical
2026-05-19,cacau,cacau-mercado-do-cacau,Cacau (Mercado do Cacau),Pará / Kg,,preco,14.5,"14,50",R$,price,BRL,,spot,,PA,physical
2026-05-19,cacau,cacau-mercado-do-cacau,Cacau (Mercado do Cacau),Pará / Kg,,variacao_pct,5.07,"+5,07",%,change_pct,,pct,spot,,PA,physical
2026-05-20,cacau,cacau-bolsa-de-nova-iorque-nybot,Cacau - Bolsa de Nova Iorque (NYBOT),,Dezembro/26,preco,4055.0,4055,US$ / ton,price,USD,,futures,2026-12,,nybot
2026-05-20,cacau,cacau-bolsa-de-nova-iorque-nybot,Cacau - Bolsa de Nova Iorque (NYBOT),,Dezembro/26,variacao_pontos,-15.0,-15,%,change_abs,,pct,futures,2026-12,,nybot
2026-05-20,cacau,cacau-bolsa-de-nova-iorque-nybot,Cacau - Bolsa de Nova Iorque (NYBOT),,Julho/26,preco,3889.0,3889,US$ / ton,price,USD,,futures,2026-07,,nybot
2026-05-20,cacau,cacau-bolsa-de-nova-iorque-nybot,Cacau - Bolsa de Nova Iorque (NYBOT),,Julho/26,variacao_pontos,-18.0,-18,%,change_abs,,pct,futures,2026-07,,nybot
2026-05-20,cacau,cacau-bolsa-de-nova-iorque-nybot,Cacau - Bolsa de Nova Iorque (NYBOT),,Setembro/26,preco,3965.0,3965,US$ / ton,price,USD,,futures,2026-09,,nybot
2026-05-20,cacau,cacau-bolsa-de-nova-iorque-nybot,Cacau - Bolsa de Nova Iorque (NYBOT),,Setembro/26,variacao_pontos,-20.0,-20,%,change_abs,,pct,futures,2026-09,,nybot
2026-05-20,cacau,cacau-mercado-do-cacau,Cacau (Mercado do Cacau),Bahia /@,,preco,215.0,"215,00",R$,price,BRL,,spot,,BA,physical
2026-05-20,cacau,cacau-mercado-do-cacau,Cacau (Mercado do Cacau),Bahia /@,,variacao_pct,0.0,"0,00",%,change_pct,,pct,spot,,BA,physical
2026-05-20,cacau,cacau-mercado-do-cacau,Cacau (Mercado do Cacau),Espírito Santo / saca,,preco,860.0,"860,00",R$,price,BRL,,spot,,ES,physical
2026-05-20,cacau,cacau-mercado-do-cacau,Cacau (Mercado do Cacau),Espírito Santo / saca,,variacao_pct,0.0,"0,00",%,change_pct,,pct,spot,,ES,physical
2026-05-20,cacau,cacau-mercado-do-cacau,Cacau (Mercado do Cacau),Pará / Kg,,preco,14.5,"14,50",R$,price,BRL,,spot,,PA,physical
2026-05-20,cacau,cacau-mercado-do-cacau,Cacau (Mercado do Cacau),Pará / Kg,,variacao_pct,0.0,"0,00",%,change_pct,,pct,spot,,PA,physical
2026-05-21,cacau,cacau-bolsa-de-nova-iorque-nybot,Cacau - Bolsa de Nova Iorque (NYBOT),,Dezembro/26,preco,3935.0,3935,US$ / ton,price,USD,,futures,2026-12,,nybot
2026-05-21,cacau,cacau-bolsa-de-nova-iorque-nybot,Cacau - Bolsa de Nova Iorque (NYBOT),,Dezembro/26,variacao_pontos,-120.0,-120,%,change_abs,,pct,futures,2026-12,,nybot
2026-05-21,cacau,cacau-bolsa-de-nova-iorque-nybot,Cacau - Bolsa de Nova Iorque (NYBOT),,Julho/26,preco,3767.0,3767,US$ / ton,price,USD,,futures,2026-07,,nybot
2026-05-21,cacau,cacau-bolsa-de-nova-iorque-nybot,Cacau - Bolsa de Nova Iorque (NYBOT),,Julho/26,variacao_pontos,-122.0,-122,%,change_abs,,pct,futures,2026-07,,nybot
2026-05-21,cacau,cacau-bolsa-de-nova-iorque-nybot,Cacau - Bolsa de Nova Iorque (NYBOT),,Setembro/26,preco,3840.0,3840,US$ / ton,price,USD,,futures,2026-09,,nybot
2026-05-21,cacau,cacau-bolsa-de-nova-iorque-nybot,Cacau - Bolsa de Nova Iorque (NYBOT),,Setembro/26,variacao_pontos,-125.0,-125,%,change_abs,,pct,futures,2026-09,,nybot
2026-05-21,cacau,cacau-mercado-do-cacau,Cacau (Mercado do Cacau),Bahia /@,,preco,215.0,"215,00",R$,price,BRL,,spot,,BA,physical
2026-05-21,cacau,cacau-mercado-do-cacau,Cacau (Mercado do Cacau),Bahia /@,,variacao_pct,0.0,"0,00",%,change_pct,,pct,spot,,BA,physical
2026-05-21,cacau,cacau-mercado-do-cacau,Cacau (Mercado do Cacau),Espírito Santo / saca,,preco,860.0,"860,00",R$,price,BRL,,spot,,ES,physical
2026-05-21,cacau,cacau-mercado-do-cacau,Cacau (Mercado do Cacau),Espírito Santo / saca,,variacao_pct,0.0,"0,00",%,change_pct,,pct,spot,,ES,physical
2026-05-21,cacau,cacau-mercado-do-cacau,Cacau (Mercado do Cacau),Pará / Kg,,preco,14.5,"14,50",R$,price,BRL,,spot,,PA,physical
2026-05-21,cacau,cacau-mercado-do-cacau,Cacau (Mercado do Cacau),Pará / Kg,,variacao_pct,0.0,"0,00",%,change_pct,,pct,spot,,PA,physical
2026-05-22,cacau,cacau-bolsa-de-nova-iorque-nybot,Cacau - Bolsa de Nova Iorque (NYBOT),,Dezembro/26,preco,3959.0,3959,US$ / ton,price,USD,,futures,2026-12,,nybot
2026-05-22,cacau,cacau-bolsa-de-nova-iorque-nybot,Cacau - Bolsa de Nova Iorque (NYBOT),,Dezembro/26,variacao_pontos,24.0,+24,%,change_abs,,pct,futures,2026-12,,nybot
2026-05-22,cacau,cacau-bolsa-de-nova-iorque-nybot,Cacau - Bolsa de Nova Iorque (NYBOT),,Julho/26,preco,3796.0,3796,US$ / ton,price,USD,,futures,2026-07,,nybot
2026-05-22,cacau,cacau-bolsa-de-nova-iorque-nybot,Cacau - Bolsa de Nova Iorque (NYBOT),,Julho/26,variacao_pontos,29.0,+29,%,change_abs,,pct,futures,2026-07,,nybot
2026-05-22,cacau,cacau-bolsa-de-nova-iorque-nybot,Cacau - Bolsa de Nova Iorque (NYBOT),,Setembro/26,preco,3864.0,3864,US$ / ton,price,USD,,futures,2026-09,,nybot
2026-05-22,cacau,cacau-bolsa-de-nova-iorque-nybot,Cacau - Bolsa de Nova Iorque (NYBOT),,Setembro/26,variacao_pontos,24.0,+24,%,change_abs,,pct,futures,2026-09,,nybot
2026-05-22,cacau,cacau-mercado-do-cacau,Cacau (Mercado do Cacau),Bahia /@,,preco,210.0,"210,00",R$,price,BRL,,spot,,BA,physical
2026-05-22,cacau,cacau-mercado-do-cacau,Cacau (Mercado do Cacau),Bahia /@,,variacao_pct,-2.33,"-2,33",%,change_pct,,pct,spot,,BA,physical
2026-05-22,cacau,cacau-mercado-do-cacau,Cacau (Mercado do Cacau),Espírito Santo / saca,,preco,840.0,"840,00",R$,price,BRL,,spot,,ES,physical
2026-05-22,cacau,cacau-mercado-do-cacau,Cacau (Mercado do Cacau),Espírito Santo / saca,,variacao_pct,-2.33,"-2,33",%,change_pct,,pct,spot,,ES,physical
2026-05-22,cacau,cacau-mercado-do-cacau,Cacau (Mercado do Cacau),Pará / Kg,,preco,14.0,"14,00",R$,price,BRL,,spot,,PA,physical
2026-05-22,cacau,cacau-mercado-do-cacau,Cacau (Mercado do Cacau),Pará / Kg,,variacao_pct,-3.45,"-3,45",%,change_pct,,pct,spot,,PA,physical
2026-05-25,cacau,cacau-mercado-do-cacau,Cacau (Mercado do Cacau),Bahia /@,,preco,217.0,"217,00",R$,price,BRL,,spot,,BA,physical
2026-05-25,cacau,cacau-mercado-do-cacau,Cacau (Mercado do Cacau),Bahia /@,,variacao_pct,3.33,"+3,33",%,change_pct,,pct,spot,,BA,physical
2026-05-25,cacau,cacau-mercado-do-cacau,Cacau (Mercado do Cacau),Espírito Santo / saca,,preco,868.0,"868,00",R$,price,BRL,,spot,,ES,physical
2026-05-25,cacau,cacau-mercado-do-cacau,Cacau (Mercado do Cacau),Espírito Santo / saca,,variacao_pct,3.33,"+3,33",%,change_pct,,pct,spot,,ES,physical
2026-05-25,cacau,cacau-mercado-do-cacau,Cacau (Mercado do Cacau),Pará / Kg,,preco,14.3,"14,30",R$,price,BRL,,spot,,PA,physical
2026-05-25,cacau,cacau-mercado-do-cacau,Cacau (Mercado do Cacau),Pará / Kg,,variacao_pct,2.14,"+2,14",%,change_pct,,pct,spot,,PA,physical
2026-05-26,cacau,cacau-bolsa-de-nova-iorque-nybot,Cacau - Bolsa de Nova Iorque (NYBOT),,Dezembro/26,preco,4334.0,4334,US$ / ton,price,USD,,futures,2026-12,,nybot
2026-05-26,cacau,cacau-bolsa-de-nova-iorque-nybot,Cacau - Bolsa de Nova Iorque (NYBOT),,Dezembro/26,variacao_pontos,375.0,+375,%,change_abs,,pct,futures,2026-12,,nybot
2026-05-26,cacau,cacau-bolsa-de-nova-iorque-nybot,Cacau - Bolsa de Nova Iorque (NYBOT),,Julho/26,preco,4169.0,4169,US$ / ton,price,USD,,futures,2026-07,,nybot
2026-05-26,cacau,cacau-bolsa-de-nova-iorque-nybot,Cacau - Bolsa de Nova Iorque (NYBOT),,Julho/26,variacao_pontos,373.0,+373,%,change_abs,,pct,futures,2026-07,,nybot
2026-05-26,cacau,cacau-bolsa-de-nova-iorque-nybot,Cacau - Bolsa de Nova Iorque (NYBOT),,Setembro/26,preco,4240.0,4240,US$ / ton,price,USD,,futures,2026-09,,nybot
2026-05-26,cacau,cacau-bolsa-de-nova-iorque-nybot,Cacau - Bolsa de Nova Iorque (NYBOT),,Setembro/26,variacao_pontos,376.0,+376,%,change_abs,,pct,futures,2026-09,,nybot
2026-05-26,cacau,cacau-mercado-do-cacau,Cacau (Mercado do Cacau),Bahia /@,,preco,240.0,"240,00",R$,price,BRL,,spot,,BA,physical
2026-05-26,cacau,cacau-mercado-do-cacau,Cacau (Mercado do Cacau),Bahia /@,,variacao_pct,10.6,"+10,60",%,change_pct,,pct,spot,,BA,physical
2026-05-26,cacau,cacau-mercado-do-cacau,Cacau (Mercado do Cacau),Espírito Santo / saca,,preco,960.0,"960,00",R$,price,BRL,,spot,,ES,physical
2026-05-26,cacau,cacau-mercado-do-cacau,Cacau (Mercado do Cacau),Espírito Santo / saca,,variacao_pct,10.6,"+10,60",%,change_pct,,pct,spot,,ES,physical
2026-05-26,cacau,cacau-mercado-do-cacau,Cacau (Mercado do Cacau),Pará / Kg,,preco,15.2,"15,20",R$,price,BRL,,spot,,PA,physical
2026-05-26,cacau,cacau-mercado-do-cacau,Cacau (Mercado do Cacau),Pará / Kg,,variacao_pct,6.29,"+6,29",%,change_pct,,pct,spot,,PA,physical
2026-05-27,cacau,cacau-bolsa-de-nova-iorque-nybot,Cacau - Bolsa de Nova Iorque (NYBOT),,Dezembro/26,preco,4317.0,4317,US$ / ton,price,USD,,futures,2026-12,,nybot
2026-05-27,cacau,cacau-bolsa-de-nova-iorque-nybot,Cacau - Bolsa de Nova Iorque (NYBOT),,Dezembro/26,variacao_pontos,-17.0,-17,%,change_abs,,pct,futures,2026-12,,nybot
2026-05-27,cacau,cacau-bolsa-de-nova-iorque-nybot,Cacau - Bolsa de Nova Iorque (NYBOT),,Julho/26,preco,4140.0,4140,US$ / ton,price,USD,,futures,2026-07,,nybot
2026-05-27,cacau,cacau-bolsa-de-nova-iorque-nybot,Cacau - Bolsa de Nova Iorque (NYBOT),,Julho/26,variacao_pontos,-29.0,-29,%,change_abs,,pct,futures,2026-07,,nybot
2026-05-27,cacau,cacau-bolsa-de-nova-iorque-nybot,Cacau - Bolsa de Nova Iorque (NYBOT),,Setembro/26,preco,4213.0,4213,US$ / ton,price,USD,,futures,2026-09,,nybot
2026-05-27,cacau,cacau-bolsa-de-nova-iorque-nybot,Cacau - Bolsa de Nova Iorque (NYBOT),,Setembro/26,variacao_pontos,-27.0,-27,%,change_abs,,pct,futures,2026-09,,nybot
2026-05-27,cacau,cacau-mercado-do-cacau,Cacau (Mercado do Cacau),Bahia /@,,preco,240.0,"240,00",R$,price,BRL,,spot,,BA,physical
2026-05-27,cacau,cacau-mercado-do-cacau,Cacau (Mercado do Cacau),Bahia /@,,variacao_pct,0.0,"0,00",%,change_pct,,pct,spot,,BA,physical
2026-05-27,cacau,cacau-mercado-do-cacau,Cacau (Mercado do Cacau),Espírito Santo / saca,,preco,960.0,"960,00",R$,price,BRL,,spot,,ES,physical
2026-05-27,cacau,cacau-mercado-do-cacau,Cacau (Mercado do Cacau),Espírito Santo / saca,,variacao_pct,0.0,"0,00",%,change_pct,,pct,spot,,ES,physical
2026-05-27,cacau,cacau-mercado-do-cacau,Cacau (Mercado do Cacau),Pará / Kg,,preco,15.2,"15,20",R$,price,BRL,,spot,,PA,physical
2026-05-27,cacau,cacau-mercado-do-cacau,Cacau (Mercado do Cacau),Pará / Kg,,variacao_pct,0.0,"0,00",%,change_pct,,pct,spot,,PA,physical
2026-05-28,cacau,cacau-bolsa-de-nova-iorque-nybot,Cacau - Bolsa de Nova Iorque (NYBOT),,Dezembro/26,preco,4271.0,4271,US$ / ton,price,USD,,futures,2026-12,,nybot
2026-05-28,cacau,cacau-bolsa-de-nova-iorque-nybot,Cacau - Bolsa de Nova Iorque (NYBOT),,Dezembro/26,variacao_pontos,-46.0,-46,%,change_abs,,pct,futures,2026-12,,nybot
2026-05-28,cacau,cacau-bolsa-de-nova-iorque-nybot,Cacau - Bolsa de Nova Iorque (NYBOT),,Julho/26,preco,4099.0,4099,US$ / ton,price,USD,,futures,2026-07,,nybot
2026-05-28,cacau,cacau-bolsa-de-nova-iorque-nybot,Cacau - Bolsa de Nova Iorque (NYBOT),,Julho/26,variacao_pontos,-41.0,-41,%,change_abs,,pct,futures,2026-07,,nybot
2026-05-28,cacau,cacau-bolsa-de-nova-iorque-nybot,Cacau - Bolsa de Nova Iorque (NYBOT),,Setembro/26,preco,4171.0,4171,US$ / ton,price,USD,,futures,2026-09,,nybot
2026-05-28,cacau,cacau-bolsa-de-nova-iorque-nybot,Cacau - Bolsa de Nova Iorque (NYBOT),,Setembro/26,variacao_pontos,-42.0,-42,%,change_abs,,pct,futures,2026-09,,nybot
2026-05-28,cacau,cacau-mercado-do-cacau,Cacau (Mercado do Cacau),Bahia /@,,preco,240.0,"240,00",R$,price,BRL,,spot,,BA,physical
2026-05-28,cacau,cacau-mercado-do-cacau,Cacau (Mercado do Cacau),Bahia /@,,variacao_pct,0.0,"0,00",%,change_pct,,pct,spot,,BA,physical
2026-05-28,cacau,cacau-mercado-do-cacau,Cacau (Mercado do Cacau),Espírito Santo / saca,,preco,960.0,"960,00",R$,price,BRL,,spot,,ES,physical
2026-05-28,cacau,cacau-mercado-do-cacau,Cacau (Mercado do Cacau),Espírito Santo / saca,,variacao_pct,0.0,"0,00",%,change_pct,,pct,spot,,ES,physical
2026-05-28,cacau,cacau-mercado-do-cacau,Cacau (Mercado do Cacau),Pará / Kg,,preco,15.2,"15,20",R$,price,BRL,,spot,,PA,physical
2026-05-28,cacau,cacau-mercado-do-cacau,Cacau (Mercado do Cacau),Pará / Kg,,variacao_pct,0.0,"0,00",%,change_pct,,pct,spot,,PA,physical
2026-05-29,cacau,cacau-bolsa-de-nova-iorque-nybot,Cacau - Bolsa de Nova Iorque (NYBOT),,Dezembro/26,preco,4101.0,4101,US$ / ton,price,USD,,futures,2026-12,,nybot
2026-05-29,cacau,cacau-bolsa-de-nova-iorque-nybot,Cacau - Bolsa de Nova Iorque (NYBOT),,Dezembro/26,variacao_pontos,-170.0,-170,%,change_abs,,pct,futures,2026-12,,nybot
2026-05-29,cacau,cacau-bolsa-de-nova-iorque-nybot,Cacau - Bolsa de Nova Iorque (NYBOT),,Julho/26,preco,3923.0,3923,US$ / ton,price,USD,,futures,2026-07,,nybot
2026-05-29,cacau,cacau-bolsa-de-nova-iorque-nybot,Cacau - Bolsa de Nova Iorque (NYBOT),,Julho/26,variacao_pontos,-176.0,-176,%,change_abs,,pct,futures,2026-07,,nybot
2026-05-29,cacau,cacau-bolsa-de-nova-iorque-nybot,Cacau - Bolsa de Nova Iorque (NYBOT),,Setembro/26,preco,3999.0,3999,US$ / ton,price,USD,,futures,2026-09,,nybot
2026-05-29,cacau,cacau-bolsa-de-nova-iorque-nybot,Cacau - Bolsa de Nova Iorque (NYBOT),,Setembro/26,variacao_pontos,-172.0,-172,%,change_abs,,pct,futures,2026-09,,nybot
2026-05-29,cacau,cacau-mercado-do-cacau,Cacau (Mercado do Cacau),Bahia /@,,preco,230.0,"230,00",R$,price,BRL,,spot,,BA,physical
2026-05-29,cacau,cacau-mercado-do-cacau,Cacau (Mercado do Cacau),Bahia /@,,variacao_pct,-4.17,"-4,17",%,change_pct,,pct,spot,,BA,physical
2026-05-29,cacau,cacau-mercado-do-cacau,Cacau (Mercado do Cacau),Espírito Santo / saca,,preco,920.0,"920,00",R$,price,BRL,,spot,,ES,physical
2026-05-29,cacau,cacau-mercado-do-cacau,Cacau (Mercado do Cacau),Espírito Santo / saca,,variacao_pct,-4.17,"-4,17",%,change_pct,,pct,spot,,ES,physical
2026-05-29,cacau,cacau-mercado-do-cacau,Cacau (Mercado do Cacau),Pará / Kg,,preco,13.7,"13,70",R$,price,BRL,,spot,,PA,physical
2026-05-29,cacau,cacau-mercado-do-cacau,Cacau (Mercado do Cacau),Pará / Kg,,variacao_pct,-9.87,"-9,87",%,change_pct,,pct,spot,,PA,physical
2026-06-01,cacau,cacau-bolsa-de-nova-iorque-nybot,Cacau - Bolsa de Nova Iorque (NYBOT),,Dezembro/26,preco,4069.0,4069,US$ / ton,price,USD,,futures,2026-12,,nybot
2026-06-01,cacau,cacau-bolsa-de-nova-iorque-nybot,Cacau - Bolsa de Nova Iorque (NYBOT),,Dezembro/26,variacao_pontos,-32.0,-32,%,change_abs,,pct,futures,2026-12,,nybot
2026-06-01,cacau,cacau-bolsa-de-nova-iorque-nybot,Cacau - Bolsa de Nova Iorque (NYBOT),,Julho/26,preco,3895.0,3895,US$ / ton,price,USD,,futures,2026-07,,nybot
2026-06-01,cacau,cacau-bolsa-de-nova-iorque-nybot,Cacau - Bolsa de Nova Iorque (NYBOT),,Julho/26,variacao_pontos,-28.0,-28,%,change_abs,,pct,futures,2026-07,,nybot
2026-06-01,cacau,cacau-bolsa-de-nova-iorque-nybot,Cacau - Bolsa de Nova Iorque (NYBOT),,Setembro/26,preco,3964.0,3964,US$ / ton,price,USD,,futures,2026-09,,nybot
2026-06-01,cacau,cacau-bolsa-de-nova-iorque-nybot,Cacau - Bolsa de Nova Iorque (NYBOT),,Setembro/26,variacao_pontos,-35.0,-35,%,change_abs,,pct,futures,2026-09,,nybot
2026-06-01,cacau,cacau-mercado-do-cacau,Cacau (Mercado do Cacau),Bahia /@,,preco,230.0,"230,00",R$,price,BRL,,spot,,BA,physical
2026-06-01,cacau,cacau-mercado-do-cacau,Cacau (Mercado do Cacau),Bahia /@,,variacao_pct,0.0,"0,00",%,change_pct,,pct,spot,,BA,physical
2026-06-01,cacau,cacau-mercado-do-cacau,Cacau (Mercado do Cacau),Espírito Santo / saca,,preco,920.0,"920,00",R$,price,BRL,,spot,,ES,physical
2026-06-01,cacau,cacau-mercado-do-cacau,Cacau (Mercado do Cacau),Espírito Santo / saca,,variacao_pct,0.0,"0,00",%,change_pct,,pct,spot,,ES,physical
2026-06-01,cacau,cacau-mercado-do-cacau,Cacau (Mercado do Cacau),Pará / Kg,,preco,14.0,"14,00",R$,price,BRL,,spot,,PA,physical
2026-06-01,cacau,cacau-mercado-do-cacau,Cacau (Mercado do Cacau),Pará / Kg,,variacao_pct,2.19,"+2,19",%,change_pct,,pct,spot,,PA,physical
2026-06-02,cacau,cacau-bolsa-de-nova-iorque-nybot,Cacau - Bolsa de Nova Iorque (NYBOT),,Dezembro/26,preco,4287.0,4287,US$ / ton,price,USD,,futures,2026-12,,nybot
2026-06-02,cacau,cacau-bolsa-de-nova-iorque-nybot,Cacau - Bolsa de Nova Iorque (NYBOT),,Dezembro/26,variacao_pontos,218.0,+218,%,change_abs,,pct,futures,2026-12,,nybot
2026-06-02,cacau,cacau-bolsa-de-nova-iorque-nybot,Cacau - Bolsa de Nova Iorque (NYBOT),,Julho/26,preco,4108.0,4108,US$ / ton,price,USD,,futures,2026-07,,nybot
2026-06-02,cacau,cacau-bolsa-de-nova-iorque-nybot,Cacau - Bolsa de Nova Iorque (NYBOT),,Julho/26,variacao_pontos,213.0,+213,%,change_abs,,pct,futures,2026-07,,nybot
2026-06-02,cacau,cacau-bolsa-de-nova-iorque-nybot,Cacau - Bolsa de Nova Iorque (NYBOT),,Setembro/26,preco,4184.0,4184,US$ / ton,price,USD,,futures,2026-09,,nybot
2026-06-02,cacau,cacau-bolsa-de-nova-iorque-nybot,Cacau - Bolsa de Nova Iorque (NYBOT),,Setembro/26,variacao_pontos,220.0,+220,%,change_abs,,pct,futures,2026-09,,nybot
2026-06-02,cacau,cacau-mercado-do-cacau,Cacau (Mercado do Cacau),Bahia /@,,preco,240.0,"240,00",R$,price,BRL,,spot,,BA,physical
2026-06-02,cacau,cacau-mercado-do-cacau,Cacau (Mercado do Cacau),Bahia /@,,variacao_pct,4.35,"+4,35",%,change_pct,,pct,spot,,BA,physical
2026-06-02,cacau,cacau-mercado-do-cacau,Cacau (Mercado do Cacau),Espírito Santo / saca,,preco,960.0,"960,00",R$,price,BRL,,spot,,ES,physical
2026-06-02,cacau,cacau-mercado-do-cacau,Cacau (Mercado do Cacau),Espírito Santo / saca,,variacao_pct,4.35,"+4,35",%,change_pct,,pct,spot,,ES,physical
2026-06-02,cacau,cacau-mercado-do-cacau,Cacau (Mercado do Cacau),Pará / Kg,,preco,15.0,"15,00",R$,price,BRL,,spot,,PA,physical
2026-06-02,cacau,cacau-mercado-do-cacau,Cacau (Mercado do Cacau),Pará / Kg,,variacao_pct,7.14,"+7,14",%,change_pct,,pct,spot,,PA,physical
2026-06-03,cacau,cacau-bolsa-de-nova-iorque-nybot,Cacau - Bolsa de Nova Iorque (NYBOT),,Dezembro/26,preco,4245.0,4245,US$ / ton,price,USD,,futures,2026-12,,nybot
2026-06-03,cacau,cacau-bolsa-de-nova-iorque-nybot,Cacau - Bolsa de Nova Iorque (NYBOT),,Dezembro/26,variacao_pontos,-42.0,-42,%,change_abs,,pct,futures,2026-12,,nybot
2026-06-03,cacau,cacau-bolsa-de-nova-iorque-nybot,Cacau - Bolsa de Nova Iorque (NYBOT),,Julho/26,preco,4072.0,4072,US$ / ton,price,USD,,futures,2026-07,,nybot
2026-06-03,cacau,cacau-bolsa-de-nova-iorque-nybot,Cacau - Bolsa de Nova Iorque (NYBOT),,Julho/26,variacao_pontos,-36.0,-36,%,change_abs,,pct,futures,2026-07,,nybot
2026-06-03,cacau,cacau-bolsa-de-nova-iorque-nybot,Cacau - Bolsa de Nova Iorque (NYBOT),,Setembro/26,preco,4144.0,4144,US$ / ton,price,USD,,futures,2026-09,,nybot
2026-06-03,cacau,cacau-bolsa-de-nova-iorque-nybot,Cacau - Bolsa de Nova Iorque (NYBOT),,Setembro/26,variacao_pontos,-40.0,-40,%,change_abs,,pct,futures,2026-09,,nybot
2026-06-03,cacau,cacau-mercado-do-cacau,Cacau (Mercado do Cacau),Bahia /@,,preco,240.0,"240,00",R$,price,BRL,,spot,,BA,physical
2026-06-03,cacau,cacau-mercado-do-cacau,Cacau (Mercado do Cacau),Bahia /@,,variacao_pct,0.0,"0,00",%,change_pct,,pct,spot,,BA,physical
2026-06-03,cacau,cacau-mercado-do-cacau,Cacau (Mercado do Cacau),Espírito Santo / saca,,preco,960.0,"960,00",R$,price,BRL,,spot,,ES,physical
2026-06-03,cacau,cacau-mercado-do-cacau,Cacau (Mercado do Cacau),Espírito Santo / saca,,variacao_pct,0.0,"0,00",%,change_pct,,pct,spot,,ES,physical
2026-06-03,cacau,cacau-mercado-do-cacau,Cacau (Mercado do Cacau),Pará / Kg,,preco,15.0,"15,00",R$,price,BRL,,spot,,PA,physical
2026-06-03,cacau,cacau-mercado-do-cacau,Cacau (Mercado do Cacau),Pará / Kg,,variacao_pct,0.0,"0,00",%,change_pct,,pct,spot,,PA,physical
2026-06-05,cacau,cacau-bolsa-de-nova-iorque-nybot,Cacau - Bolsa de Nova Iorque (NYBOT),,Dezembro/26,preco,3943.0,3943,US$ / ton,price,USD,,futures,2026-12,,nybot
2026-06-05,cacau,cacau-bolsa-de-nova-iorque-nybot,Cacau - Bolsa de Nova Iorque (NYBOT),,Dezembro/26,variacao_pontos,-203.0,-203,%,change_abs,,pct,futures,2026-12,,nybot
2026-06-05,cacau,cacau-bolsa-de-nova-iorque-nybot,Cacau - Bolsa de Nova Iorque (NYBOT),,Julho/26,preco,3762.0,3762,US$ / ton,price,USD,,futures,2026-07,,nybot
2026-06-05,cacau,cacau-bolsa-de-nova-iorque-nybot,Cacau - Bolsa de Nova Iorque (NYBOT),,Julho/26,variacao_pontos,-203.0,-203,%,change_abs,,pct,futures,2026-07,,nybot
2026-06-05,cacau,cacau-bolsa-de-nova-iorque-nybot,Cacau - Bolsa de Nova Iorque (NYBOT),,Setembro/26,preco,3840.0,3840,US$ / ton,price,USD,,futures,2026-09,,nybot
2026-06-05,cacau,cacau-bolsa-de-nova-iorque-nybot,Cacau - Bolsa de Nova Iorque (NYBOT),,Setembro/26,variacao_pontos,-204.0,-204,%,change_abs,,pct,futures,2026-09,,nybot
2026-06-05,cacau,cacau-mercado-do-cacau,Cacau (Mercado do Cacau),Bahia /@,,preco,220.0,"220,00",R$,price,BRL,,spot,,BA,physical
2026-06-05,cacau,cacau-mercado-do-cacau,Cacau (Mercado do Cacau),Bahia /@,,variacao_pct,-8.33,"-8,33",%,change_pct,,pct,spot,,BA,physical
2026-06-05,cacau,cacau-mercado-do-cacau,Cacau (Mercado do Cacau),Espírito Santo / saca,,preco,880.0,"880,00",R$,price,BRL,,spot,,ES,physical
2026-06-05,cacau,cacau-mercado-do-cacau,Cacau (Mercado do Cacau),Espírito Santo / saca,,variacao_pct,-8.33,"-8,33",%,change_pct,,pct,spot,,ES,physical
2026-06-05,cacau,cacau-mercado-do-cacau,Cacau (Mercado do Cacau),Pará / Kg,,preco,13.8,"13,80",R$,price,BRL,,spot,,PA,physical
2026-06-05,cacau,cacau-mercado-do-cacau,Cacau (Mercado do Cacau),Pará / Kg,,variacao_pct,-8.0,"-8,00",%,change_pct,,pct,spot,,PA,physical
2026-06-08,cacau,cacau-bolsa-de-nova-iorque-nybot,Cacau - Bolsa de Nova Iorque (NYBOT),,Dezembro/26,preco,4004.0,4004,US$ / ton,price,USD,,futures,2026-12,,nybot
2026-06-08,cacau,cacau-bolsa-de-nova-iorque-nybot,Cacau - Bolsa de Nova Iorque (NYBOT),,Dezembro/26,variacao_pontos,61.0,+61,%,change_abs,,pct,futures,2026-12,,nybot
2026-06-08,cacau,cacau-bolsa-de-nova-iorque-nybot,Cacau - Bolsa de Nova Iorque (NYBOT),,Julho/26,preco,3831.0,3831,US$ / ton,price,USD,,futures,2026-07,,nybot
2026-06-08,cacau,cacau-bolsa-de-nova-iorque-nybot,Cacau - Bolsa de Nova Iorque (NYBOT),,Julho/26,variacao_pontos,69.0,+69,%,change_abs,,pct,futures,2026-07,,nybot
2026-06-08,cacau,cacau-bolsa-de-nova-iorque-nybot,Cacau - Bolsa de Nova Iorque (NYBOT),,Setembro/26,preco,3906.0,3906,US$ / ton,price,USD,,futures,2026-09,,nybot
2026-06-08,cacau,cacau-bolsa-de-nova-iorque-nybot,Cacau - Bolsa de Nova Iorque (NYBOT),,Setembro/26,variacao_pontos,66.0,+66,%,change_abs,,pct,futures,2026-09,,nybot
2026-06-08,cacau,cacau-mercado-do-cacau,Cacau (Mercado do Cacau),Bahia /@,,preco,235.0,"235,00",R$,price,BRL,,spot,,BA,physical
2026-06-08,cacau,cacau-mercado-do-cacau,Cacau (Mercado do Cacau),Bahia /@,,variacao_pct,6.82,"+6,82",%,change_pct,,pct,spot,,BA,physical
2026-06-08,cacau,cacau-mercado-do-cacau,Cacau (Mercado do Cacau),Espírito Santo / saca,,preco,940.0,"940,00",R$,price,BRL,,spot,,ES,physical
2026-06-08,cacau,cacau-mercado-do-cacau,Cacau (Mercado do Cacau),Espírito Santo / saca,,variacao_pct,6.82,"+6,82",%,change_pct,,pct,spot,,ES,physical
2026-06-08,cacau,cacau-mercado-do-cacau,Cacau (Mercado do Cacau),Pará / Kg,,preco,14.0,"14,00",R$,price,BRL,,spot,,PA,physical
2026-06-08,cacau,cacau-mercado-do-cacau,Cacau (Mercado do Cacau),Pará / Kg,,variacao_pct,1.45,"+1,45",%,change_pct,,pct,spot,,PA,physical
2026-06-09,cacau,cacau-bolsa-de-nova-iorque-nybot,Cacau - Bolsa de Nova Iorque (NYBOT),,Dezembro/26,preco,4008.0,4008,US$ / ton,price,USD,,futures,2026-12,,nybot
2026-06-09,cacau,cacau-bolsa-de-nova-iorque-nybot,Cacau - Bolsa de Nova Iorque (NYBOT),,Dezembro/26,variacao_pontos,4.0,+4,%,change_abs,,pct,futures,2026-12,,nybot
2026-06-09,cacau,cacau-bolsa-de-nova-iorque-nybot,Cacau - Bolsa de Nova Iorque (NYBOT),,Julho/26,preco,3831.0,3831,US$ / ton,price,USD,,futures,2026-07,,nybot
2026-06-09,cacau,cacau-bolsa-de-nova-iorque-nybot,Cacau - Bolsa de Nova Iorque (NYBOT),,Julho/26,variacao_pontos,,-,%,change_abs,,pct,futures,2026-07,,nybot
2026-06-09,cacau,cacau-bolsa-de-nova-iorque-nybot,Cacau - Bolsa de Nova Iorque (NYBOT),,Setembro/26,preco,3910.0,3910,US$ / ton,price,USD,,futures,2026-09,,nybot
2026-06-09,cacau,cacau-bolsa-de-nova-iorque-nybot,Cacau - Bolsa de Nova Iorque (NYBOT),,Setembro/26,variacao_pontos,4.0,+4,%,change_abs,,pct,futures,2026-09,,nybot
2026-06-09,cacau,cacau-mercado-do-cacau,Cacau (Mercado do Cacau),Bahia /@,,preco,235.0,"235,00",R$,price,BRL,,spot,,BA,physical
2026-06-09,cacau,cacau-mercado-do-cacau,Cacau (Mercado do Cacau),Bahia /@,,variacao_pct,0.0,"0,00",%,change_pct,,pct,spot,,BA,physical
2026-06-09,cacau,cacau-mercado-do-cacau,Cacau (Mercado do Cacau),Espírito Santo / saca,,preco,940.0,"940,00",R$,price,BRL,,spot,,ES,physical
2026-06-09,cacau,cacau-mercado-do-cacau,Cacau (Mercado do Cacau),Espírito Santo / saca,,variacao_pct,0.0,"0,00",%,change_pct,,pct,spot,,ES,physical
2026-06-09,cacau,cacau-mercado-do-cacau,Cacau (Mercado do Cacau),Pará / Kg,,preco,14.0,"14,00",R$,price,BRL,,spot,,PA,physical
2026-06-09,cacau,cacau-mercado-do-cacau,Cacau (Mercado do Cacau),Pará / Kg,,variacao_pct,0.0,"0,00",%,change_pct,,pct,spot,,PA,physical
2026-06-10,cacau,cacau-bolsa-de-nova-iorque-nybot,Cacau - Bolsa de Nova Iorque (NYBOT),,Dezembro/26,preco,3940.0,3940,US$ / ton,price,USD,,futures,2026-12,,nybot
2026-06-10,cacau,cacau-bolsa-de-nova-iorque-nybot,Cacau - Bolsa de Nova Iorque (NYBOT),,Dezembro/26,variacao_pontos,-68.0,-68,%,change_abs,,pct,futures,2026-12,,nybot
2026-06-10,cacau,cacau-bolsa-de-nova-iorque-nybot,Cacau - Bolsa de Nova Iorque (NYBOT),,Julho/26,preco,3757.0,3757,US$ / ton,price,USD,,futures,2026-07,,nybot
2026-06-10,cacau,cacau-bolsa-de-nova-iorque-nybot,Cacau - Bolsa de Nova Iorque (NYBOT),,Julho/26,variacao_pontos,-74.0,-74,%,change_abs,,pct,futures,2026-07,,nybot
2026-06-10,cacau,cacau-bolsa-de-nova-iorque-nybot,Cacau - Bolsa de Nova Iorque (NYBOT),,Setembro/26,preco,3842.0,3842,US$ / ton,price,USD,,futures,2026-09,,nybot
2026-06-10,cacau,cacau-bolsa-de-nova-iorque-nybot,Cacau - Bolsa de Nova Iorque (NYBOT),,Setembro/26,variacao_pontos,-68.0,-68,%,change_abs,,pct,futures,2026-09,,nybot
2026-06-10,cacau,cacau-mercado-do-cacau,Cacau (Mercado do Cacau),Bahia /@,,preco,230.0,"230,00",R$,price,BRL,,spot,,BA,physical
2026-06-10,cacau,cacau-mercado-do-cacau,Cacau (Mercado do Cacau),Bahia /@,,variacao_pct,-2.13,"-2,13",%,change_pct,,pct,spot,,BA,physical
2026-06-10,cacau,cacau-mercado-do-cacau,Cacau (Mercado do Cacau),Espírito Santo / saca,,preco,920.0,"920,00",R$,price,BRL,,spot,,ES,physical
2026-06-10,cacau,cacau-mercado-do-cacau,Cacau (Mercado do Cacau),Espírito Santo / saca,,variacao_pct,-2.13,"-2,13",%,change_pct,,pct,spot,,ES,physical
2026-06-10,cacau,cacau-mercado-do-cacau,Cacau (Mercado do Cacau),Pará / Kg,,preco,13.8,"13,80",R$,price,BRL,,spot,,PA,physical
2026-06-10,cacau,cacau-mercado-do-cacau,Cacau (Mercado do Cacau),Pará / Kg,,variacao_pct,-1.43,"-1,43",%,change_pct,,pct,spot,,PA,physical
2026-06-11,cacau,cacau-bolsa-de-nova-iorque-nybot,Cacau - Bolsa de Nova Iorque (NYBOT),,Dezembro/26,preco,3893.0,3893,US$ / ton,price,USD,,futures,2026-12,,nybot
2026-06-11,cacau,cacau-bolsa-de-nova-iorque-nybot,Cacau - Bolsa de Nova Iorque (NYBOT),,Dezembro/26,variacao_pontos,-47.0,-47,%,change_abs,,pct,futures,2026-12,,nybot
2026-06-11,cacau,cacau-bolsa-de-nova-iorque-nybot,Cacau - Bolsa de Nova Iorque (NYBOT),,Julho/26,preco,3710.0,3710,US$ / ton,price,USD,,futures,2026-07,,nybot
2026-06-11,cacau,cacau-bolsa-de-nova-iorque-nybot,Cacau - Bolsa de Nova Iorque (NYBOT),,Julho/26,variacao_pontos,-47.0,-47,%,change_abs,,pct,futures,2026-07,,nybot
2026-06-11,cacau,cacau-bolsa-de-nova-iorque-nybot,Cacau - Bolsa de Nova Iorque (NYBOT),,Setembro/26,preco,3798.0,3798,US$ / ton,price,USD,,futures,2026-09,,nybot
2026-06-11,cacau,cacau-bolsa-de-nova-iorque-nybot,Cacau - Bolsa de Nova Iorque (NYBOT),,Setembro/26,variacao_pontos,-44.0,-44,%,change_abs,,pct,futures,2026-09,,nybot
2026-06-11,cacau,cacau-mercado-do-cacau,Cacau (Mercado do Cacau),Bahia /@,,preco,230.0,"230,00",R$,price,BRL,,spot,,BA,physical
2026-06-11,cacau,cacau-mercado-do-cacau,Cacau (Mercado do Cacau),Bahia /@,,variacao_pct,0.0,"0,00",%,change_pct,,pct,spot,,BA,physical
2026-06-11,cacau,cacau-mercado-do-cacau,Cacau (Mercado do Cacau),Espírito Santo / saca,,preco,920.0,"920,00",R$,price,BRL,,spot,,ES,physical
2026-06-11,cacau,cacau-mercado-do-cacau,Cacau (Mercado do Cacau),Espírito Santo / saca,,variacao_pct,0.0,"0,00",%,change_pct,,pct,spot,,ES,physical
2026-06-11,cacau,cacau-mercado-do-cacau,Cacau (Mercado do Cacau),Pará / Kg,,preco,13.8,"13,80",R$,price,BRL,,spot,,PA,physical
2026-06-11,cacau,cacau-mercado-do-cacau,Cacau (Mercado do Cacau),Pará / Kg,,variacao_pct,0.0,"0,00",%,change_pct,,pct,spot,,PA,physical
2026-06-12,cacau,cacau-bolsa-de-nova-iorque-nybot,Cacau - Bolsa de Nova Iorque (NYBOT),,Dezembro/26,preco,3962.0,3962,US$ / ton,price,USD,,futures,2026-12,,nybot
2026-06-12,cacau,cacau-bolsa-de-nova-iorque-nybot,Cacau - Bolsa de Nova Iorque (NYBOT),,Dezembro/26,variacao_pontos,69.0,+69,%,change_abs,,pct,futures,2026-12,,nybot
2026-06-12,cacau,cacau-bolsa-de-nova-iorque-nybot,Cacau - Bolsa de Nova Iorque (NYBOT),,Julho/26,preco,3779.0,3779,US$ / ton,price,USD,,futures,2026-07,,nybot
2026-06-12,cacau,cacau-bolsa-de-nova-iorque-nybot,Cacau - Bolsa de Nova Iorque (NYBOT),,Julho/26,variacao_pontos,69.0,+69,%,change_abs,,pct,futures,2026-07,,nybot
2026-06-12,cacau,cacau-bolsa-de-nova-iorque-nybot,Cacau - Bolsa de Nova Iorque (NYBOT),,Setembro/26,preco,3868.0,3868,US$ / ton,price,USD,,futures,2026-09,,nybot
2026-06-12,cacau,cacau-bolsa-de-nova-iorque-nybot,Cacau - Bolsa de Nova Iorque (NYBOT),,Setembro/26,variacao_pontos,70.0,+70,%,change_abs,,pct,futures,2026-09,,nybot
2026-06-12,cacau,cacau-mercado-do-cacau,Cacau (Mercado do Cacau),Bahia /@,,preco,225.0,"225,00",R$,price,BRL,,spot,,BA,physical
2026-06-12,cacau,cacau-mercado-do-cacau,Cacau (Mercado do Cacau),Bahia /@,,variacao_pct,-2.17,"-2,17",%,change_pct,,pct,spot,,BA,physical
2026-06-12,cacau,cacau-mercado-do-cacau,Cacau (Mercado do Cacau),Espírito Santo / saca,,preco,900.0,"900,00",R$,price,BRL,,spot,,ES,physical
2026-06-12,cacau,cacau-mercado-do-cacau,Cacau (Mercado do Cacau),Espírito Santo / saca,,variacao_pct,-2.17,"-2,17",%,change_pct,,pct,spot,,ES,physical
2026-06-12,cacau,cacau-mercado-do-cacau,Cacau (Mercado do Cacau),Pará / Kg,,preco,13.6,"13,60",R$,price,BRL,,spot,,PA,physical
2026-06-12,cacau,cacau-mercado-do-cacau,Cacau (Mercado do Cacau),Pará / Kg,,variacao_pct,-1.45,"-1,45",%,change_pct,,pct,spot,,PA,physical
2026-06-15,cacau,cacau-bolsa-de-nova-iorque-nybot,Cacau - Bolsa de Nova Iorque (NYBOT),,Dezembro/26,preco,4068.0,4068,US$ / ton,price,USD,,futures,2026-12,,nybot
2026-06-15,cacau,cacau-bolsa-de-nova-iorque-nybot,Cacau - Bolsa de Nova Iorque (NYBOT),,Dezembro/26,variacao_pontos,106.0,+106,%,change_abs,,pct,futures,2026-12,,nybot
2026-06-15,cacau,cacau-bolsa-de-nova-iorque-nybot,Cacau - Bolsa de Nova Iorque (NYBOT),,Julho/26,preco,3882.0,3882,US$ / ton,price,USD,,futures,2026-07,,nybot
2026-06-15,cacau,cacau-bolsa-de-nova-iorque-nybot,Cacau - Bolsa de Nova Iorque (NYBOT),,Julho/26,variacao_pontos,103.0,+103,%,change_abs,,pct,futures,2026-07,,nybot
2026-06-15,cacau,cacau-bolsa-de-nova-iorque-nybot,Cacau - Bolsa de Nova Iorque (NYBOT),,Setembro/26,preco,3972.0,3972,US$ / ton,price,USD,,futures,2026-09,,nybot
2026-06-15,cacau,cacau-bolsa-de-nova-iorque-nybot,Cacau - Bolsa de Nova Iorque (NYBOT),,Setembro/26,variacao_pontos,104.0,+104,%,change_abs,,pct,futures,2026-09,,nybot
2026-06-15,cacau,cacau-mercado-do-cacau,Cacau (Mercado do Cacau),Bahia /@,,preco,240.0,"240,00",R$,price,BRL,,spot,,BA,physical
2026-06-15,cacau,cacau-mercado-do-cacau,Cacau (Mercado do Cacau),Bahia /@,,variacao_pct,6.67,"+6,67",%,change_pct,,pct,spot,,BA,physical
2026-06-15,cacau,cacau-mercado-do-cacau,Cacau (Mercado do Cacau),Espírito Santo / saca,,preco,960.0,"960,00",R$,price,BRL,,spot,,ES,physical
2026-06-15,cacau,cacau-mercado-do-cacau,Cacau (Mercado do Cacau),Espírito Santo / saca,,variacao_pct,6.67,"+6,67",%,change_pct,,pct,spot,,ES,physical
2026-06-15,cacau,cacau-mercado-do-cacau,Cacau (Mercado do Cacau),Pará / Kg,,preco,14.1,"14,10",R$,price,BRL,,spot,,PA,physical
2026-06-15,cacau,cacau-mercado-do-cacau,Cacau (Mercado do Cacau),Pará / Kg,,variacao_pct,3.68,"+3,68",%,change_pct,,pct,spot,,PA,physical
2026-06-16,cacau,cacau-bolsa-de-nova-iorque-nybot,Cacau - Bolsa de Nova Iorque (NYBOT),,Dezembro/26,preco,4336.0,4336,US$ / ton,price,USD,,futures,2026-12,,nybot
2026-06-16,cacau,cacau-bolsa-de-nova-iorque-nybot,Cacau - Bolsa de Nova Iorque (NYBOT),,Dezembro/26,variacao_pontos,268.0,+268,%,change_abs,,pct,futures,2026-12,,nybot
2026-06-16,cacau,cacau-bolsa-de-nova-iorque-nybot,Cacau - Bolsa de Nova Iorque (NYBOT),,Julho/26,preco,4142.0,4142,US$ / ton,price,USD,,futures,2026-07,,nybot
2026-06-16,cacau,cacau-bolsa-de-nova-iorque-nybot,Cacau - Bolsa de Nova Iorque (NYBOT),,Julho/26,variacao_pontos,260.0,+260,%,change_abs,,pct,futures,2026-07,,nybot
2026-06-16,cacau,cacau-bolsa-de-nova-iorque-nybot,Cacau - Bolsa de Nova Iorque (NYBOT),,Setembro/26,preco,4234.0,4234,US$ / ton,price,USD,,futures,2026-09,,nybot
2026-06-16,cacau,cacau-bolsa-de-nova-iorque-nybot,Cacau - Bolsa de Nova Iorque (NYBOT),,Setembro/26,variacao_pontos,262.0,+262,%,change_abs,,pct,futures,2026-09,,nybot
2026-06-16,cacau,cacau-mercado-do-cacau,Cacau (Mercado do Cacau),Bahia /@,,preco,255.0,"255,00",R$,price,BRL,,spot,,BA,physical
2026-06-16,cacau,cacau-mercado-do-cacau,Cacau (Mercado do Cacau),Bahia /@,,variacao_pct,6.25,"+6,25",%,change_pct,,pct,spot,,BA,physical
2026-06-16,cacau,cacau-mercado-do-cacau,Cacau (Mercado do Cacau),Espírito Santo / saca,,preco,1020.0,"1.020,00",R$,price,BRL,,spot,,ES,physical
2026-06-16,cacau,cacau-mercado-do-cacau,Cacau (Mercado do Cacau),Espírito Santo / saca,,variacao_pct,6.25,"+6,25",%,change_pct,,pct,spot,,ES,physical
2026-06-16,cacau,cacau-mercado-do-cacau,Cacau (Mercado do Cacau),Pará / Kg,,preco,15.2,"15,20",R$,price,BRL,,spot,,PA,physical
2026-06-16,cacau,cacau-mercado-do-cacau,Cacau (Mercado do Cacau),Pará / Kg,,variacao_pct,7.8,"+7,80",%,change_pct,,pct,spot,,PA,physical
2026-06-17,cacau,cacau-bolsa-de-nova-iorque-nybot,Cacau - Bolsa de Nova Iorque (NYBOT),,Dezembro/26,preco,4343.0,4343,US$ / ton,price,USD,,futures,2026-12,,nybot
2026-06-17,cacau,cacau-bolsa-de-nova-iorque-nybot,Cacau - Bolsa de Nova Iorque (NYBOT),,Dezembro/26,variacao_pontos,7.0,+7,%,change_abs,,pct,futures,2026-12,,nybot
2026-06-17,cacau,cacau-bolsa-de-nova-iorque-nybot,Cacau - Bolsa de Nova Iorque (NYBOT),,Julho/26,preco,4144.0,4144,US$ / ton,price,USD,,futures,2026-07,,nybot
2026-06-17,cacau,cacau-bolsa-de-nova-iorque-nybot,Cacau - Bolsa de Nova Iorque (NYBOT),,Julho/26,variacao_pontos,2.0,+2,%,change_abs,,pct,futures,2026-07,,nybot
2026-06-17,cacau,cacau-bolsa-de-nova-iorque-nybot,Cacau - Bolsa de Nova Iorque (NYBOT),,Setembro/26,preco,4237.0,4237,US$ / ton,price,USD,,futures,2026-09,,nybot
2026-06-17,cacau,cacau-bolsa-de-nova-iorque-nybot,Cacau - Bolsa de Nova Iorque (NYBOT),,Setembro/26,variacao_pontos,3.0,+3,%,change_abs,,pct,futures,2026-09,,nybot
2026-06-17,cacau,cacau-mercado-do-cacau,Cacau (Mercado do Cacau),Bahia /@,,preco,255.0,"255,00",R$,price,BRL,,spot,,BA,physical
2026-06-17,cacau,cacau-mercado-do-cacau,Cacau (Mercado do Cacau),Bahia /@,,variacao_pct,0.0,"0,00",%,change_pct,,pct,spot,,BA,physical
2026-06-17,cacau,cacau-mercado-do-cacau,Cacau (Mercado do Cacau),Espírito Santo / saca,,preco,1020.0,"1.020,00",R$,price,BRL,,spot,,ES,physical
2026-06-17,cacau,cacau-mercado-do-cacau,Cacau (Mercado do Cacau),Espírito Santo / saca,,variacao_pct,0.0,"0,00",%,change_pct,,pct,spot,,ES,physical
2026-06-17,cacau,cacau-mercado-do-cacau,Cacau (Mercado do Cacau),Pará / Kg,,preco,15.2,"15,20",R$,price,BRL,,spot,,PA,physical
2026-06-17,cacau,cacau-mercado-do-cacau,Cacau (Mercado do Cacau),Pará / Kg,,variacao_pct,0.0,"0,00",%,change_pct,,pct,spot,,PA,physical
2026-06-18,cacau,cacau-bolsa-de-nova-iorque-nybot,Cacau - Bolsa de Nova Iorque (NYBOT),,Dezembro/26,preco,4341.0,4341,US$ / ton,price,USD,,futures,2026-12,,nybot
2026-06-18,cacau,cacau-bolsa-de-nova-iorque-nybot,Cacau - Bolsa de Nova Iorque (NYBOT),,Dezembro/26,variacao_pontos,-2.0,-2,%,change_abs,,pct,futures,2026-12,,nybot
2026-06-18,cacau,cacau-bolsa-de-nova-iorque-nybot,Cacau - Bolsa de Nova Iorque (NYBOT),,Julho/26,preco,4143.0,4143,US$ / ton,price,USD,,futures,2026-07,,nybot
2026-06-18,cacau,cacau-bolsa-de-nova-iorque-nybot,Cacau - Bolsa de Nova Iorque (NYBOT),,Julho/26,variacao_pontos,-1.0,-1,%,change_abs,,pct,futures,2026-07,,nybot
2026-06-18,cacau,cacau-bolsa-de-nova-iorque-nybot,Cacau - Bolsa de Nova Iorque (NYBOT),,Setembro/26,preco,4237.0,4237,US$ / ton,price,USD,,futures,2026-09,,nybot
2026-06-18,cacau,cacau-bolsa-de-nova-iorque-nybot,Cacau - Bolsa de Nova Iorque (NYBOT),,Setembro/26,variacao_pontos,,-,%,change_abs,,pct,futures,2026-09,,nybot
2026-06-18,cacau,cacau-mercado-do-cacau,Cacau (Mercado do Cacau),Bahia /@,,preco,250.0,"250,00",R$,price,BRL,,spot,,BA,physical
2026-06-18,cacau,cacau-mercado-do-cacau,Cacau (Mercado do Cacau),Bahia /@,,variacao_pct,-1.96,"-1,96",%,change_pct,,pct,spot,,BA,physical
2026-06-18,cacau,cacau-mercado-do-cacau,Cacau (Mercado do Cacau),Espírito Santo / saca,,preco,1000.0,"1.000,00",R$,price,BRL,,spot,,ES,physical
2026-06-18,cacau,cacau-mercado-do-cacau,Cacau (Mercado do Cacau),Espírito Santo / saca,,variacao_pct,-1.96,"-1,96",%,change_pct,,pct,spot,,ES,physical
2026-06-18,cacau,cacau-mercado-do-cacau,Cacau (Mercado do Cacau),Pará / Kg,,preco,15.2,"15,20",R$,price,BRL,,spot,,PA,physical
2026-06-18,cacau,cacau-mercado-do-cacau,Cacau (Mercado do Cacau),Pará / Kg,,variacao_pct,0.0,"0,00",%,change_pct,,pct,spot,,PA,physical
2026-06-19,cacau,cacau-mercado-do-cacau,Cacau (Mercado do Cacau),Bahia /@,,preco,250.0,"250,00",R$,price,BRL,,spot,,BA,physical
2026-06-19,cacau,cacau-mercado-do-cacau,Cacau (Mercado do Cacau),Bahia /@,,variacao_pct,0.0,"0,00",%,change_pct,,pct,spot,,BA,physical
2026-06-19,cacau,cacau-mercado-do-cacau,Cacau (Mercado do Cacau),Espírito Santo / saca,,preco,1000.0,"1.000,00",R$,price,BRL,,spot,,ES,physical
2026-06-19,cacau,cacau-mercado-do-cacau,Cacau (Mercado do Cacau),Espírito Santo / saca,,variacao_pct,0.0,"0,00",%,change_pct,,pct,spot,,ES,physical
2026-06-19,cacau,cacau-mercado-do-cacau,Cacau (Mercado do Cacau),Pará / Kg,,preco,15.2,"15,20",R$,price,BRL,,spot,,PA,physical
2026-06-19,cacau,cacau-mercado-do-cacau,Cacau (Mercado do Cacau),Pará / Kg,,variacao_pct,0.0,"0,00",%,change_pct,,pct,spot,,PA,physical
2026-06-22,cacau,cacau-bolsa-de-nova-iorque-nybot,Cacau - Bolsa de Nova Iorque (NYBOT),,Dezembro/26,preco,4730.0,4730,US$ / ton,price,USD,,futures,2026-12,,nybot
2026-06-22,cacau,cacau-bolsa-de-nova-iorque-nybot,Cacau - Bolsa de Nova Iorque (NYBOT),,Dezembro/26,variacao_pontos,389.0,+389,%,change_abs,,pct,futures,2026-12,,nybot
2026-06-22,cacau,cacau-bolsa-de-nova-iorque-nybot,Cacau - Bolsa de Nova Iorque (NYBOT),,Julho/26,preco,4525.0,4525,US$ / ton,price,USD,,futures,2026-07,,nybot
2026-06-22,cacau,cacau-bolsa-de-nova-iorque-nybot,Cacau - Bolsa de Nova Iorque (NYBOT),,Julho/26,variacao_pontos,382.0,+382,%,change_abs,,pct,futures,2026-07,,nybot
2026-06-22,cacau,cacau-bolsa-de-nova-iorque-nybot,Cacau - Bolsa de Nova Iorque (NYBOT),,Setembro/26,preco,4621.0,4621,US$ / ton,price,USD,,futures,2026-09,,nybot
2026-06-22,cacau,cacau-bolsa-de-nova-iorque-nybot,Cacau - Bolsa de Nova Iorque (NYBOT),,Setembro/26,variacao_pontos,384.0,+384,%,change_abs,,pct,futures,2026-09,,nybot
2026-06-22,cacau,cacau-mercado-do-cacau,Cacau (Mercado do Cacau),Bahia /@,,preco,285.0,"285,00",R$,price,BRL,,spot,,BA,physical
2026-06-22,cacau,cacau-mercado-do-cacau,Cacau (Mercado do Cacau),Bahia /@,,variacao_pct,14.0,"+14,00",%,change_pct,,pct,spot,,BA,physical
2026-06-22,cacau,cacau-mercado-do-cacau,Cacau (Mercado do Cacau),Espírito Santo / saca,,preco,1140.0,"1.140,00",R$,price,BRL,,spot,,ES,physical
2026-06-22,cacau,cacau-mercado-do-cacau,Cacau (Mercado do Cacau),Espírito Santo / saca,,variacao_pct,14.0,"+14,00",%,change_pct,,pct,spot,,ES,physical
2026-06-22,cacau,cacau-mercado-do-cacau,Cacau (Mercado do Cacau),Pará / Kg,,preco,17.0,"17,00",R$,price,BRL,,spot,,PA,physical
2026-06-22,cacau,cacau-mercado-do-cacau,Cacau (Mercado do Cacau),Pará / Kg,,variacao_pct,11.84,"+11,84",%,change_pct,,pct,spot,,PA,physical
2026-06-23,cacau,cacau-bolsa-de-nova-iorque-nybot,Cacau - Bolsa de Nova Iorque (NYBOT),,Dezembro/26,preco,4757.0,4757,US$ / ton,price,USD,,futures,2026-12,,nybot
2026-06-23,cacau,cacau-bolsa-de-nova-iorque-nybot,Cacau - Bolsa de Nova Iorque (NYBOT),,Dezembro/26,variacao_pontos,27.0,+27,%,change_abs,,pct,futures,2026-12,,nybot
2026-06-23,cacau,cacau-bolsa-de-nova-iorque-nybot,Cacau - Bolsa de Nova Iorque (NYBOT),,Julho/26,preco,4545.0,4545,US$ / ton,price,USD,,futures,2026-07,,nybot
2026-06-23,cacau,cacau-bolsa-de-nova-iorque-nybot,Cacau - Bolsa de Nova Iorque (NYBOT),,Julho/26,variacao_pontos,20.0,+20,%,change_abs,,pct,futures,2026-07,,nybot
2026-06-23,cacau,cacau-bolsa-de-nova-iorque-nybot,Cacau - Bolsa de Nova Iorque (NYBOT),,Setembro/26,preco,4645.0,4645,US$ / ton,price,USD,,futures,2026-09,,nybot
2026-06-23,cacau,cacau-bolsa-de-nova-iorque-nybot,Cacau - Bolsa de Nova Iorque (NYBOT),,Setembro/26,variacao_pontos,24.0,+24,%,change_abs,,pct,futures,2026-09,,nybot
2026-06-23,cacau,cacau-mercado-do-cacau,Cacau (Mercado do Cacau),Bahia /@,,preco,285.0,"285,00",R$,price,BRL,,spot,,BA,physical
2026-06-23,cacau,cacau-mercado-do-cacau,Cacau (Mercado do Cacau),Bahia /@,,variacao_pct,0.0,"0,00",%,change_pct,,pct,spot,,BA,physical
2026-06-23,cacau,cacau-mercado-do-cacau,Cacau (Mercado do Cacau),Espírito Santo / saca,,preco,1140.0,"1.140,00",R$,price,BRL,,spot,,ES,physical
2026-06-23,cacau,cacau-mercado-do-cacau,Cacau (Mercado do Cacau),Espírito Santo / saca,,variacao_pct,0.0,"0,00",%,change_pct,,pct,spot,,ES,physical
2026-06-23,cacau,cacau-mercado-do-cacau,Cacau (Mercado do Cacau),Pará / Kg,,preco,17.0,"17,00",R$,price,BRL,,spot,,PA,physical
2026-06-23,cacau,cacau-mercado-do-cacau,Cacau (Mercado do Cacau),Pará / Kg,,variacao_pct,0.0,"0,00",%,change_pct,,pct,spot,,PA,physical
2026-06-24,cacau,cacau-bolsa-de-nova-iorque-nybot,Cacau - Bolsa de Nova Iorque (NYBOT),,Dezembro/26,preco,5084.0,5084,US$ / ton,price,USD,,futures,2026-12,,nybot
2026-06-24,cacau,cacau-bolsa-de-nova-iorque-nybot,Cacau - Bolsa de Nova Iorque (NYBOT),,Dezembro/26,variacao_pontos,327.0,+327,%,change_abs,,pct,futures,2026-12,,nybot
2026-06-24,cacau,cacau-bolsa-de-nova-iorque-nybot,Cacau - Bolsa de Nova Iorque (NYBOT),,Julho/26,preco,4902.0,4902,US$ / ton,price,USD,,futures,2026-07,,nybot
2026-06-24,cacau,cacau-bolsa-de-nova-iorque-nybot,Cacau - Bolsa de Nova Iorque (NYBOT),,Julho/26,variacao_pontos,357.0,+357,%,change_abs,,pct,futures,2026-07,,nybot
2026-06-24,cacau,cacau-bolsa-de-nova-iorque-nybot,Cacau - Bolsa de Nova Iorque (NYBOT),,Setembro/26,preco,4973.0,4973,US$ / ton,price,USD,,futures,2026-09,,nybot
2026-06-24,cacau,cacau-bolsa-de-nova-iorque-nybot,Cacau - Bolsa de Nova Iorque (NYBOT),,Setembro/26,variacao_pontos,328.0,+328,%,change_abs,,pct,futures,2026-09,,nybot
2026-06-24,cacau,cacau-mercado-do-cacau,Cacau (Mercado do Cacau),Bahia /@,,preco,305.0,"305,00",R$,price,BRL,,spot,,BA,physical
2026-06-24,cacau,cacau-mercado-do-cacau,Cacau (Mercado do Cacau),Bahia /@,,variacao_pct,7.02,"+7,02",%,change_pct,,pct,spot,,BA,physical
2026-06-24,cacau,cacau-mercado-do-cacau,Cacau (Mercado do Cacau),Espírito Santo / saca,,preco,1200.0,"1.200,00",R$,price,BRL,,spot,,ES,physical
2026-06-24,cacau,cacau-mercado-do-cacau,Cacau (Mercado do Cacau),Espírito Santo / saca,,variacao_pct,5.26,"+5,26",%,change_pct,,pct,spot,,ES,physical
2026-06-24,cacau,cacau-mercado-do-cacau,Cacau (Mercado do Cacau),Pará / Kg,,preco,19.3,"19,30",R$,price,BRL,,spot,,PA,physical
2026-06-24,cacau,cacau-mercado-do-cacau,Cacau (Mercado do Cacau),Pará / Kg,,variacao_pct,13.53,"+13,53",%,change_pct,,pct,spot,,PA,physical
2026-06-25,cacau,cacau-bolsa-de-nova-iorque-nybot,Cacau - Bolsa de Nova Iorque (NYBOT),,Dezembro/26,preco,5356.0,5356,US$ / ton,price,USD,,futures,2026-12,,nybot
2026-06-25,cacau,cacau-bolsa-de-nova-iorque-nybot,Cacau - Bolsa de Nova Iorque (NYBOT),,Dezembro/26,variacao_pontos,272.0,+272,%,change_abs,,pct,futures,2026-12,,nybot
2026-06-25,cacau,cacau-bolsa-de-nova-iorque-nybot,Cacau - Bolsa de Nova Iorque (NYBOT),,Julho/26,preco,5159.0,5159,US$ / ton,price,USD,,futures,2026-07,,nybot
2026-06-25,cacau,cacau-bolsa-de-nova-iorque-nybot,Cacau - Bolsa de Nova Iorque (NYBOT),,Julho/26,variacao_pontos,257.0,+257,%,change_abs,,pct,futures,2026-07,,nybot
2026-06-25,cacau,cacau-bolsa-de-nova-iorque-nybot,Cacau - Bolsa de Nova Iorque (NYBOT),,Setembro/26,preco,5247.0,5247,US$ / ton,price,USD,,futures,2026-09,,nybot
2026-06-25,cacau,cacau-bolsa-de-nova-iorque-nybot,Cacau - Bolsa de Nova Iorque (NYBOT),,Setembro/26,variacao_pontos,274.0,+274,%,change_abs,,pct,futures,2026-09,,nybot
2026-06-25,cacau,cacau-mercado-do-cacau,Cacau (Mercado do Cacau),Bahia /@,,preco,315.0,"315,00",R$,price,BRL,,spot,,BA,physical
2026-06-25,cacau,cacau-mercado-do-cacau,Cacau (Mercado do Cacau),Bahia /@,,variacao_pct,3.28,"+3,28",%,change_pct,,pct,spot,,BA,physical
2026-06-25,cacau,cacau-mercado-do-cacau,Cacau (Mercado do Cacau),Espírito Santo / saca,,preco,1260.0,"1.260,00",R$,price,BRL,,spot,,ES,physical
2026-06-25,cacau,cacau-mercado-do-cacau,Cacau (Mercado do Cacau),Espírito Santo / saca,,variacao_pct,5.0,"+5,00",%,change_pct,,pct,spot,,ES,physical
2026-06-25,cacau,cacau-mercado-do-cacau,Cacau (Mercado do Cacau),Pará / Kg,,preco,20.0,"20,00",R$,price,BRL,,spot,,PA,physical
2026-06-25,cacau,cacau-mercado-do-cacau,Cacau (Mercado do Cacau),Pará / Kg,,variacao_pct,3.63,"+3,63",%,change_pct,,pct,spot,,PA,physical
2026-06-26,cacau,cacau-bolsa-de-nova-iorque-nybot,Cacau - Bolsa de Nova Iorque (NYBOT),,Dezembro/26,preco,5208.0,5208,US$ / ton,price,USD,,futures,2026-12,,nybot
2026-06-26,cacau,cacau-bolsa-de-nova-iorque-nybot,Cacau - Bolsa de Nova Iorque (NYBOT),,Dezembro/26,variacao_pontos,-148.0,-148,%,change_abs,,pct,futures,2026-12,,nybot
2026-06-26,cacau,cacau-bolsa-de-nova-iorque-nybot,Cacau - Bolsa de Nova Iorque (NYBOT),,Julho/26,preco,5014.0,5014,US$ / ton,price,USD,,futures,2026-07,,nybot
2026-06-26,cacau,cacau-bolsa-de-nova-iorque-nybot,Cacau - Bolsa de Nova Iorque (NYBOT),,Julho/26,variacao_pontos,-145.0,-145,%,change_abs,,pct,futures,2026-07,,nybot
2026-06-26,cacau,cacau-bolsa-de-nova-iorque-nybot,Cacau - Bolsa de Nova Iorque (NYBOT),,Setembro/26,preco,5095.0,5095,US$ / ton,price,USD,,futures,2026-09,,nybot
2026-06-26,cacau,cacau-bolsa-de-nova-iorque-nybot,Cacau - Bolsa de Nova Iorque (NYBOT),,Setembro/26,variacao_pontos,-152.0,-152,%,change_abs,,pct,futures,2026-09,,nybot
2026-06-26,cacau,cacau-mercado-do-cacau,Cacau (Mercado do Cacau),Bahia /@,,preco,320.0,"320,00",R$,price,BRL,,spot,,BA,physical
2026-06-26,cacau,cacau-mercado-do-cacau,Cacau (Mercado do Cacau),Bahia /@,,variacao_pct,1.59,"+1,59",%,change_pct,,pct,spot,,BA,physical
2026-06-26,cacau,cacau-mercado-do-cacau,Cacau (Mercado do Cacau),Espírito Santo / saca,,preco,1280.0,"1.280,00",R$,price,BRL,,spot,,ES,physical
2026-06-26,cacau,cacau-mercado-do-cacau,Cacau (Mercado do Cacau),Espírito Santo / saca,,variacao_pct,1.59,"+1,59",%,change_pct,,pct,spot,,ES,physical
2026-06-26,cacau,cacau-mercado-do-cacau,Cacau (Mercado do Cacau),Pará / Kg,,preco,21.0,"21,00",R$,price,BRL,,spot,,PA,physical
2026-06-26,cacau,cacau-mercado-do-cacau,Cacau (Mercado do Cacau),Pará / Kg,,variacao_pct,5.0,"+5,00",%,change_pct,,pct,spot,,PA,physical
2026-06-29,cacau,cacau-bolsa-de-nova-iorque-nybot,Cacau - Bolsa de Nova Iorque (NYBOT),,Dezembro/26,preco,5078.0,5078,US$ / ton,price,USD,,futures,2026-12,,nybot
2026-06-29,cacau,cacau-bolsa-de-nova-iorque-nybot,Cacau - Bolsa de Nova Iorque (NYBOT),,Dezembro/26,variacao_pontos,-130.0,-130,%,change_abs,,pct,futures,2026-12,,nybot
2026-06-29,cacau,cacau-bolsa-de-nova-iorque-nybot,Cacau - Bolsa de Nova Iorque (NYBOT),,Julho/26,preco,4895.0,4895,US$ / ton,price,USD,,futures,2026-07,,nybot
2026-06-29,cacau,cacau-bolsa-de-nova-iorque-nybot,Cacau - Bolsa de Nova Iorque (NYBOT),,Julho/26,variacao_pontos,-119.0,-119,%,change_abs,,pct,futures,2026-07,,nybot
2026-06-29,cacau,cacau-bolsa-de-nova-iorque-nybot,Cacau - Bolsa de Nova Iorque (NYBOT),,Setembro/26,preco,4967.0,4967,US$ / ton,price,USD,,futures,2026-09,,nybot
2026-06-29,cacau,cacau-bolsa-de-nova-iorque-nybot,Cacau - Bolsa de Nova Iorque (NYBOT),,Setembro/26,variacao_pontos,-128.0,-128,%,change_abs,,pct,futures,2026-09,,nybot
2026-06-29,cacau,cacau-mercado-do-cacau,Cacau (Mercado do Cacau),Bahia /@,,preco,305.0,"305,00",R$,price,BRL,,spot,,BA,physical
2026-06-29,cacau,cacau-mercado-do-cacau,Cacau (Mercado do Cacau),Bahia /@,,variacao_pct,-4.69,"-4,69",%,change_pct,,pct,spot,,BA,physical
2026-06-29,cacau,cacau-mercado-do-cacau,Cacau (Mercado do Cacau),Espírito Santo / saca,,preco,1220.0,"1.220,00",R$,price,BRL,,spot,,ES,physical
2026-06-29,cacau,cacau-mercado-do-cacau,Cacau (Mercado do Cacau),Espírito Santo / saca,,variacao_pct,-4.69,"-4,69",%,change_pct,,pct,spot,,ES,physical
2026-06-29,cacau,cacau-mercado-do-cacau,Cacau (Mercado do Cacau),Pará / Kg,,preco,19.0,"19,00",R$,price,BRL,,spot,,PA,physical
2026-06-29,cacau,cacau-mercado-do-cacau,Cacau (Mercado do Cacau),Pará / Kg,,variacao_pct,-9.52,"-9,52",%,change_pct,,pct,spot,,PA,physical
2026-06-30,cacau,cacau-bolsa-de-nova-iorque-nybot,Cacau - Bolsa de Nova Iorque (NYBOT),,Dezembro/26,preco,5188.0,5188,US$ / ton,price,USD,,futures,2026-12,,nybot
2026-06-30,cacau,cacau-bolsa-de-nova-iorque-nybot,Cacau - Bolsa de Nova Iorque (NYBOT),,Dezembro/26,variacao_pontos,110.0,+110,%,change_abs,,pct,futures,2026-12,,nybot
2026-06-30,cacau,cacau-bolsa-de-nova-iorque-nybot,Cacau - Bolsa de Nova Iorque (NYBOT),,Julho/26,preco,5002.0,5002,US$ / ton,price,USD,,futures,2026-07,,nybot
2026-06-30,cacau,cacau-bolsa-de-nova-iorque-nybot,Cacau - Bolsa de Nova Iorque (NYBOT),,Julho/26,variacao_pontos,107.0,+107,%,change_abs,,pct,futures,2026-07,,nybot
2026-06-30,cacau,cacau-bolsa-de-nova-iorque-nybot,Cacau - Bolsa de Nova Iorque (NYBOT),,Setembro/26,preco,5078.0,5078,US$ / ton,price,USD,,futures,2026-09,,nybot
2026-06-30,cacau,cacau-bolsa-de-nova-iorque-nybot,Cacau - Bolsa de Nova Iorque (NYBOT),,Setembro/26,variacao_pontos,111.0,+111,%,change_abs,,pct,futures,2026-09,,nybot
2026-06-30,cacau,cacau-mercado-do-cacau,Cacau (Mercado do Cacau),Bahia /@,,preco,305.0,"305,00",R$,price,BRL,,spot,,BA,physical
2026-06-30,cacau,cacau-mercado-do-cacau,Cacau (Mercado do Cacau),Bahia /@,,variacao_pct,0.0,"0,00",%,change_pct,,pct,spot,,BA,physical
2026-06-30,cacau,cacau-mercado-do-cacau,Cacau (Mercado do Cacau),Espírito Santo / saca,,preco,1220.0,"1.220,00",R$,price,BRL,,spot,,ES,physical
2026-06-30,cacau,cacau-mercado-do-cacau,Cacau (Mercado do Cacau),Espírito Santo / saca,,variacao_pct,0.0,"0,00",%,change_pct,,pct,spot,,ES,physical
2026-06-30,cacau,cacau-mercado-do-cacau,Cacau (Mercado do Cacau),Pará / Kg,,preco,19.0,"19,00",R$,price,BRL,,spot,,PA,physical
2026-06-30,cacau,cacau-mercado-do-cacau,Cacau (Mercado do Cacau),Pará / Kg,,variacao_pct,0.0,"0,00",%,change_pct,,pct,spot,,PA,physical
2026-07-01,cacau,cacau-bolsa-de-nova-iorque-nybot,Cacau - Bolsa de Nova Iorque (NYBOT),,Dezembro/26,preco,5198.0,5198,US$ / ton,price,USD,,futures,2026-12,,nybot
2026-07-01,cacau,cacau-bolsa-de-nova-iorque-nybot,Cacau - Bolsa de Nova Iorque (NYBOT),,Dezembro/26,variacao_pontos,10.0,+10,%,change_abs,,pct,futures,2026-12,,nybot
2026-07-01,cacau,cacau-bolsa-de-nova-iorque-nybot,Cacau - Bolsa de Nova Iorque (NYBOT),,Julho/26,preco,5006.0,5006,US$ / ton,price,USD,,futures,2026-07,,nybot
2026-07-01,cacau,cacau-bolsa-de-nova-iorque-nybot,Cacau - Bolsa de Nova Iorque (NYBOT),,Julho/26,variacao_pontos,4.0,+4,%,change_abs,,pct,futures,2026-07,,nybot
2026-07-01,cacau,cacau-bolsa-de-nova-iorque-nybot,Cacau - Bolsa de Nova Iorque (NYBOT),,Setembro/26,preco,5092.0,5092,US$ / ton,price,USD,,futures,2026-09,,nybot
2026-07-01,cacau,cacau-bolsa-de-nova-iorque-nybot,Cacau - Bolsa de Nova Iorque (NYBOT),,Setembro/26,variacao_pontos,14.0,+14,%,change_abs,,pct,futures,2026-09,,nybot
2026-07-01,cacau,cacau-mercado-do-cacau,Cacau (Mercado do Cacau),Bahia /@,,preco,305.0,"305,00",R$,price,BRL,,spot,,BA,physical
2026-07-01,cacau,cacau-mercado-do-cacau,Cacau (Mercado do Cacau),Bahia /@,,variacao_pct,0.0,"0,00",%,change_pct,,pct,spot,,BA,physical
2026-07-01,cacau,cacau-mercado-do-cacau,Cacau (Mercado do Cacau),Espírito Santo / saca,,preco,1220.0,"1.220,00",R$,price,BRL,,spot,,ES,physical
2026-07-01,cacau,cacau-mercado-do-cacau,Cacau (Mercado do Cacau),Espírito Santo / saca,,variacao_pct,0.0,"0,00",%,change_pct,,pct,spot,,ES,physical
2026-07-01,cacau,cacau-mercado-do-cacau,Cacau (Mercado do Cacau),Pará / Kg,,preco,19.0,"19,00",R$,price,BRL,,spot,,PA,physical
2026-07-01,cacau,cacau-mercado-do-cacau,Cacau (Mercado do Cacau),Pará / Kg,,variacao_pct,0.0,"0,00",%,change_pct,,pct,spot,,PA,physical
2026-07-02,cacau,cacau-bolsa-de-nova-iorque-nybot,Cacau - Bolsa de Nova Iorque (NYBOT),,Dezembro/26,preco,5142.0,5142,US$ / ton,price,USD,,futures,2026-12,,nybot
2026-07-02,cacau,cacau-bolsa-de-nova-iorque-nybot,Cacau - Bolsa de Nova Iorque (NYBOT),,Dezembro/26,variacao_pontos,-56.0,-56,%,change_abs,,pct,futures,2026-12,,nybot
2026-07-02,cacau,cacau-bolsa-de-nova-iorque-nybot,Cacau - Bolsa de Nova Iorque (NYBOT),,Julho/26,preco,4949.0,4949,US$ / ton,price,USD,,futures,2026-07,,nybot
2026-07-02,cacau,cacau-bolsa-de-nova-iorque-nybot,Cacau - Bolsa de Nova Iorque (NYBOT),,Julho/26,variacao_pontos,-57.0,-57,%,change_abs,,pct,futures,2026-07,,nybot
2026-07-02,cacau,cacau-bolsa-de-nova-iorque-nybot,Cacau - Bolsa de Nova Iorque (NYBOT),,Setembro/26,preco,5036.0,5036,US$ / ton,price,USD,,futures,2026-09,,nybot
2026-07-02,cacau,cacau-bolsa-de-nova-iorque-nybot,Cacau - Bolsa de Nova Iorque (NYBOT),,Setembro/26,variacao_pontos,-56.0,-56,%,change_abs,,pct,futures,2026-09,,nybot
2026-07-02,cacau,cacau-mercado-do-cacau,Cacau (Mercado do Cacau),Bahia /@,,preco,305.0,"305,00",R$,price,BRL,,spot,,BA,physical
2026-07-02,cacau,cacau-mercado-do-cacau,Cacau (Mercado do Cacau),Bahia /@,,variacao_pct,0.0,"0,00",%,change_pct,,pct,spot,,BA,physical
2026-07-02,cacau,cacau-mercado-do-cacau,Cacau (Mercado do Cacau),Espírito Santo / saca,,preco,1220.0,"1.220,00",R$,price,BRL,,spot,,ES,physical
2026-07-02,cacau,cacau-mercado-do-cacau,Cacau (Mercado do Cacau),Espírito Santo / saca,,variacao_pct,0.0,"0,00",%,change_pct,,pct,spot,,ES,physical
2026-07-02,cacau,cacau-mercado-do-cacau,Cacau (Mercado do Cacau),Pará / Kg,,preco,19.0,"19,00",R$,price,BRL,,spot,,PA,physical
2026-07-02,cacau,cacau-mercado-do-cacau,Cacau (Mercado do Cacau),Pará / Kg,,variacao_pct,0.0,"0,00",%,change_pct,,pct,spot,,PA,physical
2026-07-03,cacau,cacau-mercado-do-cacau,Cacau (Mercado do Cacau),Bahia /@,,preco,305.0,"305,00",R$,price,BRL,,spot,,BA,physical
2026-07-03,cacau,cacau-mercado-do-cacau,Cacau (Mercado do Cacau),Bahia /@,,variacao_pct,0.0,"0,00",%,change_pct,,pct,spot,,BA,physical
2026-07-03,cacau,cacau-mercado-do-cacau,Cacau (Mercado do Cacau),Espírito Santo / saca,,preco,1220.0,"1.220,00",R$,price,BRL,,spot,,ES,physical
2026-07-03,cacau,cacau-mercado-do-cacau,Cacau (Mercado do Cacau),Espírito Santo / saca,,variacao_pct,0.0,"0,00",%,change_pct,,pct,spot,,ES,physical
2026-07-03,cacau,cacau-mercado-do-cacau,Cacau (Mercado do Cacau),Pará / Kg,,preco,19.0,"19,00",R$,price,BRL,,spot,,PA,physical
2026-07-03,cacau,cacau-mercado-do-cacau,Cacau (Mercado do Cacau),Pará / Kg,,variacao_pct,0.0,"0,00",%,change_pct,,pct,spot,,PA,physical
2026-07-06,cacau,cacau-bolsa-de-nova-iorque-nybot,Cacau - Bolsa de Nova Iorque (NYBOT),,Dezembro/26,preco,5803.0,5803,US$ / ton,price,USD,,futures,2026-12,,nybot
2026-07-06,cacau,cacau-bolsa-de-nova-iorque-nybot,Cacau - Bolsa de Nova Iorque (NYBOT),,Dezembro/26,variacao_pontos,661.0,+661,%,change_abs,,pct,futures,2026-12,,nybot
2026-07-06,cacau,cacau-bolsa-de-nova-iorque-nybot,Cacau - Bolsa de Nova Iorque (NYBOT),,Julho/26,preco,5602.0,5602,US$ / ton,price,USD,,futures,2026-07,,nybot
2026-07-06,cacau,cacau-bolsa-de-nova-iorque-nybot,Cacau - Bolsa de Nova Iorque (NYBOT),,Julho/26,variacao_pontos,653.0,+653,%,change_abs,,pct,futures,2026-07,,nybot
2026-07-06,cacau,cacau-bolsa-de-nova-iorque-nybot,Cacau - Bolsa de Nova Iorque (NYBOT),,Setembro/26,preco,5694.0,5694,US$ / ton,price,USD,,futures,2026-09,,nybot
2026-07-06,cacau,cacau-bolsa-de-nova-iorque-nybot,Cacau - Bolsa de Nova Iorque (NYBOT),,Setembro/26,variacao_pontos,658.0,+658,%,change_abs,,pct,futures,2026-09,,nybot
2026-07-06,cacau,cacau-mercado-do-cacau,Cacau (Mercado do Cacau),Bahia /@,,preco,350.0,"350,00",R$,price,BRL,,spot,,BA,physical
2026-07-06,cacau,cacau-mercado-do-cacau,Cacau (Mercado do Cacau),Bahia /@,,variacao_pct,14.75,"+14,75",%,change_pct,,pct,spot,,BA,physical
2026-07-06,cacau,cacau-mercado-do-cacau,Cacau (Mercado do Cacau),Espírito Santo / saca,,preco,1400.0,"1.400,00",R$,price,BRL,,spot,,ES,physical
2026-07-06,cacau,cacau-mercado-do-cacau,Cacau (Mercado do Cacau),Espírito Santo / saca,,variacao_pct,14.75,"+14,75",%,change_pct,,pct,spot,,ES,physical
2026-07-06,cacau,cacau-mercado-do-cacau,Cacau (Mercado do Cacau),Pará / Kg,,preco,22.7,"22,70",R$,price,BRL,,spot,,PA,physical
2026-07-06,cacau,cacau-mercado-do-cacau,Cacau (Mercado do Cacau),Pará / Kg,,variacao_pct,19.47,"+19,47",%,change_pct,,pct,spot,,PA,physical
2026-07-07,cacau,cacau-bolsa-de-nova-iorque-nybot,Cacau - Bolsa de Nova Iorque (NYBOT),,Dezembro/26,preco,5874.0,5874,US$ / ton,price,USD,,futures,2026-12,,nybot
2026-07-07,cacau,cacau-bolsa-de-nova-iorque-nybot,Cacau - Bolsa de Nova Iorque (NYBOT),,Dezembro/26,variacao_pontos,71.0,+71,%,change_abs,,pct,futures,2026-12,,nybot
2026-07-07,cacau,cacau-bolsa-de-nova-iorque-nybot,Cacau - Bolsa de Nova Iorque (NYBOT),,Julho/26,preco,5667.0,5667,US$ / ton,price,USD,,futures,2026-07,,nybot
2026-07-07,cacau,cacau-bolsa-de-nova-iorque-nybot,Cacau - Bolsa de Nova Iorque (NYBOT),,Julho/26,variacao_pontos,65.0,+65,%,change_abs,,pct,futures,2026-07,,nybot
2026-07-07,cacau,cacau-bolsa-de-nova-iorque-nybot,Cacau - Bolsa de Nova Iorque (NYBOT),,Setembro/26,preco,5759.0,5759,US$ / ton,price,USD,,futures,2026-09,,nybot
2026-07-07,cacau,cacau-bolsa-de-nova-iorque-nybot,Cacau - Bolsa de Nova Iorque (NYBOT),,Setembro/26,variacao_pontos,65.0,+65,%,change_abs,,pct,futures,2026-09,,nybot
2026-07-07,cacau,cacau-mercado-do-cacau,Cacau (Mercado do Cacau),Bahia /@,,preco,350.0,"350,00",R$,price,BRL,,spot,,BA,physical
2026-07-07,cacau,cacau-mercado-do-cacau,Cacau (Mercado do Cacau),Bahia /@,,variacao_pct,0.0,"0,00",%,change_pct,,pct,spot,,BA,physical
2026-07-07,cacau,cacau-mercado-do-cacau,Cacau (Mercado do Cacau),Espírito Santo / saca,,preco,1400.0,"1.400,00",R$,price,BRL,,spot,,ES,physical
2026-07-07,cacau,cacau-mercado-do-cacau,Cacau (Mercado do Cacau),Espírito Santo / saca,,variacao_pct,0.0,"0,00",%,change_pct,,pct,spot,,ES,physical
2026-07-07,cacau,cacau-mercado-do-cacau,Cacau (Mercado do Cacau),Pará / Kg,,preco,22.7,"22,70",R$,price,BRL,,spot,,PA,physical
2026-07-07,cacau,cacau-mercado-do-cacau,Cacau (Mercado do Cacau),Pará / Kg,,variacao_pct,0.0,"0,00",%,change_pct,,pct,spot,,PA,physical
2026-07-08,cacau,cacau-bolsa-de-nova-iorque-nybot,Cacau - Bolsa de Nova Iorque (NYBOT),,Dezembro/26,preco,6169.0,6169,US$ / ton,price,USD,,futures,2026-12,,nybot
2026-07-08,cacau,cacau-bolsa-de-nova-iorque-nybot,Cacau - Bolsa de Nova Iorque (NYBOT),,Dezembro/26,variacao_pontos,295.0,+295,%,change_abs,,pct,futures,2026-12,,nybot
2026-07-08,cacau,cacau-bolsa-de-nova-iorque-nybot,Cacau - Bolsa de Nova Iorque (NYBOT),,Julho/26,preco,5959.0,5959,US$ / ton,price,USD,,futures,2026-07,,nybot
2026-07-08,cacau,cacau-bolsa-de-nova-iorque-nybot,Cacau - Bolsa de Nova Iorque (NYBOT),,Julho/26,variacao_pontos,292.0,+292,%,change_abs,,pct,futures,2026-07,,nybot
2026-07-08,cacau,cacau-bolsa-de-nova-iorque-nybot,Cacau - Bolsa de Nova Iorque (NYBOT),,Setembro/26,preco,6052.0,6052,US$ / ton,price,USD,,futures,2026-09,,nybot
2026-07-08,cacau,cacau-bolsa-de-nova-iorque-nybot,Cacau - Bolsa de Nova Iorque (NYBOT),,Setembro/26,variacao_pontos,293.0,+293,%,change_abs,,pct,futures,2026-09,,nybot
2026-07-09,cacau,cacau-bolsa-de-nova-iorque-nybot,Cacau - Bolsa de Nova Iorque (NYBOT),,Dezembro/26,preco,6576.0,6576,US$ / ton,price,USD,,futures,2026-12,,nybot
2026-07-09,cacau,cacau-bolsa-de-nova-iorque-nybot,Cacau - Bolsa de Nova Iorque (NYBOT),,Dezembro/26,variacao_pontos,407.0,+407,%,change_abs,,pct,futures,2026-12,,nybot
2026-07-09,cacau,cacau-bolsa-de-nova-iorque-nybot,Cacau - Bolsa de Nova Iorque (NYBOT),,Julho/26,preco,6309.0,6309,US$ / ton,price,USD,,futures,2026-07,,nybot
2026-07-09,cacau,cacau-bolsa-de-nova-iorque-nybot,Cacau - Bolsa de Nova Iorque (NYBOT),,Julho/26,variacao_pontos,350.0,+350,%,change_abs,,pct,futures,2026-07,,nybot
2026-07-09,cacau,cacau-bolsa-de-nova-iorque-nybot,Cacau - Bolsa de Nova Iorque (NYBOT),,Setembro/26,preco,6455.0,6455,US$ / ton,price,USD,,futures,2026-09,,nybot
2026-07-09,cacau,cacau-bolsa-de-nova-iorque-nybot,Cacau - Bolsa de Nova Iorque (NYBOT),,Setembro/26,variacao_pontos,403.0,+403,%,change_abs,,pct,futures,2026-09,,nybot
2026-07-09,cacau,cacau-mercado-do-cacau,Cacau (Mercado do Cacau),Bahia /@,,preco,350.0,"350,00",R$,price,BRL,,spot,,BA,physical
2026-07-09,cacau,cacau-mercado-do-cacau,Cacau (Mercado do Cacau),Bahia /@,,variacao_pct,0.0,"0,00",%,change_pct,,pct,spot,,BA,physical
2026-07-09,cacau,cacau-mercado-do-cacau,Cacau (Mercado do Cacau),Espírito Santo / saca,,preco,1400.0,"1.400,00",R$,price,BRL,,spot,,ES,physical
2026-07-09,cacau,cacau-mercado-do-cacau,Cacau (Mercado do Cacau),Espírito Santo / saca,,variacao_pct,0.0,"0,00",%,change_pct,,pct,spot,,ES,physical
2026-07-09,cacau,cacau-mercado-do-cacau,Cacau (Mercado do Cacau),Pará / Kg,,preco,22.7,"22,70",R$,price,BRL,,spot,,PA,physical
2026-07-09,cacau,cacau-mercado-do-cacau,Cacau (Mercado do Cacau),Pará / Kg,,variacao_pct,0.0,"0,00",%,change_pct,,pct,spot,,PA,physical
2026-07-10,cacau,cacau-bolsa-de-nova-iorque-nybot,Cacau - Bolsa de Nova Iorque (NYBOT),,Dezembro/26,preco,6190.0,6190,US$ / ton,price,USD,,futures,2026-12,,nybot
2026-07-10,cacau,cacau-bolsa-de-nova-iorque-nybot,Cacau - Bolsa de Nova Iorque (NYBOT),,Dezembro/26,variacao_pontos,-386.0,-386,%,change_abs,,pct,futures,2026-12,,nybot
2026-07-10,cacau,cacau-bolsa-de-nova-iorque-nybot,Cacau - Bolsa de Nova Iorque (NYBOT),,Julho/26,preco,5919.0,5919,US$ / ton,price,USD,,futures,2026-07,,nybot
2026-07-10,cacau,cacau-bolsa-de-nova-iorque-nybot,Cacau - Bolsa de Nova Iorque (NYBOT),,Julho/26,variacao_pontos,-390.0,-390,%,change_abs,,pct,futures,2026-07,,nybot
2026-07-10,cacau,cacau-bolsa-de-nova-iorque-nybot,Cacau - Bolsa de Nova Iorque (NYBOT),,Setembro/26,preco,6065.0,6065,US$ / ton,price,USD,,futures,2026-09,,nybot
2026-07-10,cacau,cacau-bolsa-de-nova-iorque-nybot,Cacau - Bolsa de Nova Iorque (NYBOT),,Setembro/26,variacao_pontos,-390.0,-390,%,change_abs,,pct,futures,2026-09,,nybot
2026-07-10,cacau,cacau-mercado-do-cacau,Cacau (Mercado do Cacau),Bahia /@,,preco,325.0,"325,00",R$,price,BRL,,spot,,BA,physical
2026-07-10,cacau,cacau-mercado-do-cacau,Cacau (Mercado do Cacau),Bahia /@,,variacao_pct,-7.14,"-7,14",%,change_pct,,pct,spot,,BA,physical
2026-07-10,cacau,cacau-mercado-do-cacau,Cacau (Mercado do Cacau),Espírito Santo / saca,,preco,1300.0,"1.300,00",R$,price,BRL,,spot,,ES,physical
2026-07-10,cacau,cacau-mercado-do-cacau,Cacau (Mercado do Cacau),Espírito Santo / saca,,variacao_pct,-7.14,"-7,14",%,change_pct,,pct,spot,,ES,physical
2026-07-10,cacau,cacau-mercado-do-cacau,Cacau (Mercado do Cacau),Pará / Kg,,preco,17.0,"17,00",R$,price,BRL,,spot,,PA,physical
2026-07-10,cacau,cacau-mercado-do-cacau,Cacau (Mercado do Cacau),Pará / Kg,,variacao_pct,-25.11,"-25,11",%,change_pct,,pct,spot,,PA,physical
2026-07-13,cacau,cacau-bolsa-de-nova-iorque-nybot,Cacau - Bolsa de Nova Iorque (NYBOT),,Dezembro/26,preco,5971.0,5971,US$ / ton,price,USD,,futures,2026-12,,nybot
2026-07-13,cacau,cacau-bolsa-de-nova-iorque-nybot,Cacau - Bolsa de Nova Iorque (NYBOT),,Dezembro/26,variacao_pontos,-219.0,-219,%,change_abs,,pct,futures,2026-12,,nybot
2026-07-13,cacau,cacau-bolsa-de-nova-iorque-nybot,Cacau - Bolsa de Nova Iorque (NYBOT),,Julho/26,preco,5696.0,5696,US$ / ton,price,USD,,futures,2026-07,,nybot
2026-07-13,cacau,cacau-bolsa-de-nova-iorque-nybot,Cacau - Bolsa de Nova Iorque (NYBOT),,Julho/26,variacao_pontos,-223.0,-223,%,change_abs,,pct,futures,2026-07,,nybot
2026-07-13,cacau,cacau-bolsa-de-nova-iorque-nybot,Cacau - Bolsa de Nova Iorque (NYBOT),,Setembro/26,preco,5842.0,5842,US$ / ton,price,USD,,futures,2026-09,,nybot
2026-07-13,cacau,cacau-bolsa-de-nova-iorque-nybot,Cacau - Bolsa de Nova Iorque (NYBOT),,Setembro/26,variacao_pontos,-223.0,-223,%,change_abs,,pct,futures,2026-09,,nybot
2026-07-13,cacau,cacau-mercado-do-cacau,Cacau (Mercado do Cacau),Bahia /@,,preco,325.0,"325,00",R$,price,BRL,,spot,,BA,physical
2026-07-13,cacau,cacau-mercado-do-cacau,Cacau (Mercado do Cacau),Bahia /@,,variacao_pct,0.0,"0,00",%,change_pct,,pct,spot,,BA,physical
2026-07-13,cacau,cacau-mercado-do-cacau,Cacau (Mercado do Cacau),Espírito Santo / saca,,preco,1300.0,"1.300,00",R$,price,BRL,,spot,,ES,physical
2026-07-13,cacau,cacau-mercado-do-cacau,Cacau (Mercado do Cacau),Espírito Santo / saca,,variacao_pct,0.0,"0,00",%,change_pct,,pct,spot,,ES,physical
2026-07-13,cacau,cacau-mercado-do-cacau,Cacau (Mercado do Cacau),Pará / Kg,,preco,17.0,"17,00",R$,price,BRL,,spot,,PA,physical
2026-07-13,cacau,cacau-mercado-do-cacau,Cacau (Mercado do Cacau),Pará / Kg,,variacao_pct,0.0,"0,00",%,change_pct,,pct,spot,,PA,physical
2026-07-14,cacau,cacau-bolsa-de-nova-iorque-nybot,Cacau - Bolsa de Nova Iorque (NYBOT),,Dezembro/26,preco,5940.0,5940,US$ / ton,price,USD,,futures,2026-12,,nybot
2026-07-14,cacau,cacau-bolsa-de-nova-iorque-nybot,Cacau - Bolsa de Nova Iorque (NYBOT),,Dezembro/26,variacao_pontos,-31.0,-31,%,change_abs,,pct,futures,2026-12,,nybot
2026-07-14,cacau,cacau-bolsa-de-nova-iorque-nybot,Cacau - Bolsa de Nova Iorque (NYBOT),,Julho/26,preco,5660.0,5660,US$ / ton,price,USD,,futures,2026-07,,nybot
2026-07-14,cacau,cacau-bolsa-de-nova-iorque-nybot,Cacau - Bolsa de Nova Iorque (NYBOT),,Julho/26,variacao_pontos,-36.0,-36,%,change_abs,,pct,futures,2026-07,,nybot
2026-07-14,cacau,cacau-bolsa-de-nova-iorque-nybot,Cacau - Bolsa de Nova Iorque (NYBOT),,Setembro/26,preco,5806.0,5806,US$ / ton,price,USD,,futures,2026-09,,nybot
2026-07-14,cacau,cacau-bolsa-de-nova-iorque-nybot,Cacau - Bolsa de Nova Iorque (NYBOT),,Setembro/26,variacao_pontos,-36.0,-36,%,change_abs,,pct,futures,2026-09,,nybot
2026-07-14,cacau,cacau-mercado-do-cacau,Cacau (Mercado do Cacau),Bahia /@,,preco,325.0,"325,00",R$,price,BRL,,spot,,BA,physical
2026-07-14,cacau,cacau-mercado-do-cacau,Cacau (Mercado do Cacau),Bahia /@,,variacao_pct,0.0,"0,00",%,change_pct,,pct,spot,,BA,physical
2026-07-14,cacau,cacau-mercado-do-cacau,Cacau (Mercado do Cacau),Espírito Santo / saca,,preco,1300.0,"1.300,00",R$,price,BRL,,spot,,ES,physical
2026-07-14,cacau,cacau-mercado-do-cacau,Cacau (Mercado do Cacau),Espírito Santo / saca,,variacao_pct,0.0,"0,00",%,change_pct,,pct,spot,,ES,physical
2026-07-14,cacau,cacau-mercado-do-cacau,Cacau (Mercado do Cacau),Pará / Kg,,preco,17.0,"17,00",R$,price,BRL,,spot,,PA,physical
2026-07-14,cacau,cacau-mercado-do-cacau,Cacau (Mercado do Cacau),Pará / Kg,,variacao_pct,0.0,"0,00",%,change_pct,,pct,spot,,PA,physical
2026-07-15,cacau,cacau-bolsa-de-nova-iorque-nybot,Cacau - Bolsa de Nova Iorque (NYBOT),,Dezembro/26,preco,6029.0,6029,US$ / ton,price,USD,,futures,2026-12,,nybot
2026-07-15,cacau,cacau-bolsa-de-nova-iorque-nybot,Cacau - Bolsa de Nova Iorque (NYBOT),,Dezembro/26,variacao_pontos,89.0,+89,%,change_abs,,pct,futures,2026-12,,nybot
2026-07-15,cacau,cacau-bolsa-de-nova-iorque-nybot,Cacau - Bolsa de Nova Iorque (NYBOT),,Julho/26,preco,5737.0,5737,US$ / ton,price,USD,,futures,2026-07,,nybot
2026-07-15,cacau,cacau-bolsa-de-nova-iorque-nybot,Cacau - Bolsa de Nova Iorque (NYBOT),,Julho/26,variacao_pontos,77.0,+77,%,change_abs,,pct,futures,2026-07,,nybot
2026-07-15,cacau,cacau-bolsa-de-nova-iorque-nybot,Cacau - Bolsa de Nova Iorque (NYBOT),,Setembro/26,preco,5883.0,5883,US$ / ton,price,USD,,futures,2026-09,,nybot
2026-07-15,cacau,cacau-bolsa-de-nova-iorque-nybot,Cacau - Bolsa de Nova Iorque (NYBOT),,Setembro/26,variacao_pontos,77.0,+77,%,change_abs,,pct,futures,2026-09,,nybot
2026-07-15,cacau,cacau-mercado-do-cacau,Cacau (Mercado do Cacau),Bahia /@,,preco,352.0,"352,00",R$,price,BRL,,spot,,BA,physical
2026-07-15,cacau,cacau-mercado-do-cacau,Cacau (Mercado do Cacau),Bahia /@,,variacao_pct,8.31,"+8,31",%,change_pct,,pct,spot,,BA,physical
2026-07-15,cacau,cacau-mercado-do-cacau,Cacau (Mercado do Cacau),Espírito Santo / saca,,preco,1408.0,"1.408,00",R$,price,BRL,,spot,,ES,physical
2026-07-15,cacau,cacau-mercado-do-cacau,Cacau (Mercado do Cacau),Espírito Santo / saca,,variacao_pct,8.31,"+8,31",%,change_pct,,pct,spot,,ES,physical
2026-07-15,cacau,cacau-mercado-do-cacau,Cacau (Mercado do Cacau),Pará / Kg,,preco,19.0,"19,00",R$,price,BRL,,spot,,PA,physical
2026-07-15,cacau,cacau-mercado-do-cacau,Cacau (Mercado do Cacau),Pará / Kg,,variacao_pct,11.76,"+11,76",%,change_pct,,pct,spot,,PA,physical
2026-07-16,cacau,cacau-bolsa-de-nova-iorque-nybot,Cacau - Bolsa de Nova Iorque (NYBOT),,Dezembro/26,preco,5505.0,5505,US$ / ton,price,USD,,futures,2026-12,,nybot
2026-07-16,cacau,cacau-bolsa-de-nova-iorque-nybot,Cacau - Bolsa de Nova Iorque (NYBOT),,Dezembro/26,variacao_pontos,-524.0,-524,%,change_abs,,pct,futures,2026-12,,nybot
2026-07-16,cacau,cacau-bolsa-de-nova-iorque-nybot,Cacau - Bolsa de Nova Iorque (NYBOT),,Julho/26,preco,5216.0,5216,US$ / ton,price,USD,,futures,2026-07,,nybot
2026-07-16,cacau,cacau-bolsa-de-nova-iorque-nybot,Cacau - Bolsa de Nova Iorque (NYBOT),,Julho/26,variacao_pontos,-521.0,-521,%,change_abs,,pct,futures,2026-07,,nybot
2026-07-16,cacau,cacau-bolsa-de-nova-iorque-nybot,Cacau - Bolsa de Nova Iorque (NYBOT),,Setembro/26,preco,5362.0,5362,US$ / ton,price,USD,,futures,2026-09,,nybot
2026-07-16,cacau,cacau-bolsa-de-nova-iorque-nybot,Cacau - Bolsa de Nova Iorque (NYBOT),,Setembro/26,variacao_pontos,-521.0,-521,%,change_abs,,pct,futures,2026-09,,nybot
2026-07-17,cacau,cacau-bolsa-de-nova-iorque-nybot,Cacau - Bolsa de Nova Iorque (NYBOT),,Dezembro/26,preco,5674.0,5674,US$ / ton,price,USD,,futures,2026-12,,nybot
2026-07-17,cacau,cacau-bolsa-de-nova-iorque-nybot,Cacau - Bolsa de Nova Iorque (NYBOT),,Dezembro/26,variacao_pontos,169.0,+169,%,change_abs,,pct,futures,2026-12,,nybot
2026-07-17,cacau,cacau-bolsa-de-nova-iorque-nybot,Cacau - Bolsa de Nova Iorque (NYBOT),,Março/27,preco,5766.0,5766,US$ / ton,price,USD,,futures,2027-03,,nybot
2026-07-17,cacau,cacau-bolsa-de-nova-iorque-nybot,Cacau - Bolsa de Nova Iorque (NYBOT),,Março/27,variacao_pontos,165.0,+165,%,change_abs,,pct,futures,2027-03,,nybot
2026-07-17,cacau,cacau-bolsa-de-nova-iorque-nybot,Cacau - Bolsa de Nova Iorque (NYBOT),,Setembro/26,preco,5533.0,5533,US$ / ton,price,USD,,futures,2026-09,,nybot
2026-07-17,cacau,cacau-bolsa-de-nova-iorque-nybot,Cacau - Bolsa de Nova Iorque (NYBOT),,Setembro/26,variacao_pontos,171.0,+171,%,change_abs,,pct,futures,2026-09,,nybot
2026-07-20,cacau,cacau-bolsa-de-nova-iorque-nybot,Cacau - Bolsa de Nova Iorque (NYBOT),,Dezembro/26,preco,5672.0,5672,US$ / ton,price,USD,,futures,2026-12,,nybot
2026-07-20,cacau,cacau-bolsa-de-nova-iorque-nybot,Cacau - Bolsa de Nova Iorque (NYBOT),,Dezembro/26,variacao_pontos,-2.0,-2,%,change_abs,,pct,futures,2026-12,,nybot
2026-07-20,cacau,cacau-bolsa-de-nova-iorque-nybot,Cacau - Bolsa de Nova Iorque (NYBOT),,Março/27,preco,5764.0,5764,US$ / ton,price,USD,,futures,2027-03,,nybot
2026-07-20,cacau,cacau-bolsa-de-nova-iorque-nybot,Cacau - Bolsa de Nova Iorque (NYBOT),,Março/27,variacao_pontos,-2.0,-2,%,change_abs,,pct,futures,2027-03,,nybot
2026-07-20,cacau,cacau-bolsa-de-nova-iorque-nybot,Cacau - Bolsa de Nova Iorque (NYBOT),,Setembro/26,preco,5520.0,5520,US$ / ton,price,USD,,futures,2026-09,,nybot
2026-07-20,cacau,cacau-bolsa-de-nova-iorque-nybot,Cacau - Bolsa de Nova Iorque (NYBOT),,Setembro/26,variacao_pontos,-13.0,-13,%,change_abs,,pct,futures,2026-09,,nybot
2026-07-21,cacau,cacau-bolsa-de-nova-iorque-nybot,Cacau - Bolsa de Nova Iorque (NYBOT),,Dezembro/26,preco,5760.0,5760,US$ / ton,price,USD,,futures,2026-12,,nybot
2026-07-21,cacau,cacau-bolsa-de-nova-iorque-nybot,Cacau - Bolsa de Nova Iorque (NYBOT),,Dezembro/26,variacao_pontos,88.0,+88,%,change_abs,,pct,futures,2026-12,,nybot
2026-07-21,cacau,cacau-bolsa-de-nova-iorque-nybot,Cacau - Bolsa de Nova Iorque (NYBOT),,Março/27,preco,5854.0,5854,US$ / ton,price,USD,,futures,2027-03,,nybot
2026-07-21,cacau,cacau-bolsa-de-nova-iorque-nybot,Cacau - Bolsa de Nova Iorque (NYBOT),,Março/27,variacao_pontos,90.0,+90,%,change_abs,,pct,futures,2027-03,,nybot
2026-07-21,cacau,cacau-bolsa-de-nova-iorque-nybot,Cacau - Bolsa de Nova Iorque (NYBOT),,Setembro/26,preco,5607.0,5607,US$ / ton,price,USD,,futures,2026-09,,nybot
2026-07-21,cacau,cacau-bolsa-de-nova-iorque-nybot,Cacau - Bolsa de Nova Iorque (NYBOT),,Setembro/26,variacao_pontos,87.0,+87,%,change_abs,,pct,futures,2026-09,,nybot
2026-07-22,cacau,cacau-bolsa-de-nova-iorque-nybot,Cacau - Bolsa de Nova Iorque (NYBOT),,Dezembro/26,preco,5472.0,5472,US$ / ton,price,USD,,futures,2026-12,,nybot
2026-07-22,cacau,cacau-bolsa-de-nova-iorque-nybot,Cacau - Bolsa de Nova Iorque (NYBOT),,Dezembro/26,variacao_pontos,-288.0,-288,%,change_abs,,pct,futures,2026-12,,nybot
2026-07-22,cacau,cacau-bolsa-de-nova-iorque-nybot,Cacau - Bolsa de Nova Iorque (NYBOT),,Março/27,preco,5572.0,5572,US$ / ton,price,USD,,futures,2027-03,,nybot
2026-07-22,cacau,cacau-bolsa-de-nova-iorque-nybot,Cacau - Bolsa de Nova Iorque (NYBOT),,Março/27,variacao_pontos,-282.0,-282,%,change_abs,,pct,futures,2027-03,,nybot
2026-07-22,cacau,cacau-bolsa-de-nova-iorque-nybot,Cacau - Bolsa de Nova Iorque (NYBOT),,Setembro/26,preco,5328.0,5328,US$ / ton,price,USD,,futures,2026-09,,nybot
2026-07-22,cacau,cacau-bolsa-de-nova-iorque-nybot,Cacau - Bolsa de Nova Iorque (NYBOT),,Setembro/26,variacao_pontos,-279.0,-279,%,change_abs,,pct,futures,2026-09,,nybot
2026-07-23,cacau,cacau-bolsa-de-nova-iorque-nybot,Cacau - Bolsa de Nova Iorque (NYBOT),,Dezembro/26,preco,5441.0,5441,US$ / ton,price,USD,,futures,2026-12,,nybot
2026-07-23,cacau,cacau-bolsa-de-nova-iorque-nybot,Cacau - Bolsa de Nova Iorque (NYBOT),,Dezembro/26,variacao_pontos,-31.0,-31,%,change_abs,,pct,futures,2026-12,,nybot
2026-07-23,cacau,cacau-bolsa-de-nova-iorque-nybot,Cacau - Bolsa de Nova Iorque (NYBOT),,Março/27,preco,5538.0,5538,US$ / ton,price,USD,,futures,2027-03,,nybot
2026-07-23,cacau,cacau-bolsa-de-nova-iorque-nybot,Cacau - Bolsa de Nova Iorque (NYBOT),,Março/27,variacao_pontos,-34.0,-34,%,change_abs,,pct,futures,2027-03,,nybot
2026-07-23,cacau,cacau-bolsa-de-nova-iorque-nybot,Cacau - Bolsa de Nova Iorque (NYBOT),,Setembro/26,preco,5301.0,5301,US$ / ton,price,USD,,futures,2026-09,,nybot
2026-07-23,cacau,cacau-bolsa-de-nova-iorque-nybot,Cacau - Bolsa de Nova Iorque (NYBOT),,Setembro/26,variacao_pontos,-27.0,-27,%,change_abs,,pct,futures,2026-09,,nybot
2026-07-24,cacau,cacau-bolsa-de-nova-iorque-nybot,Cacau - Bolsa de Nova Iorque (NYBOT),,Dezembro/26,preco,5510.0,5510,US$ / ton,price,USD,,futures,2026-12,,nybot
2026-07-24,cacau,cacau-bolsa-de-nova-iorque-nybot,Cacau - Bolsa de Nova Iorque (NYBOT),,Dezembro/26,variacao_pontos,69.0,+69,%,change_abs,,pct,futures,2026-12,,nybot
2026-07-24,cacau,cacau-bolsa-de-nova-iorque-nybot,Cacau - Bolsa de Nova Iorque (NYBOT),,Março/27,preco,5603.0,5603,US$ / ton,price,USD,,futures,2027-03,,nybot
2026-07-24,cacau,cacau-bolsa-de-nova-iorque-nybot,Cacau - Bolsa de Nova Iorque (NYBOT),,Março/27,variacao_pontos,65.0,+65,%,change_abs,,pct,futures,2027-03,,nybot
2026-07-24,cacau,cacau-bolsa-de-nova-iorque-nybot,Cacau - Bolsa de Nova Iorque (NYBOT),,Setembro/26,preco,5376.0,5376,US$ / ton,price,USD,,futures,2026-09,,nybot
2026-07-24,cacau,cacau-bolsa-de-nova-iorque-nybot,Cacau - Bolsa de Nova Iorque (NYBOT),,Setembro/26,variacao_pontos,75.0,+75,%,change_abs,,pct,futures,2026-09,,nybot
2026-07-27,cacau,cacau-bolsa-de-nova-iorque-nybot,Cacau - Bolsa de Nova Iorque (NYBOT),,Dezembro/26,preco,5243.0,5243,US$ / ton,price,USD,,futures,2026-12,,nybot
2026-07-27,cacau,cacau-bolsa-de-nova-iorque-nybot,Cacau - Bolsa de Nova Iorque (NYBOT),,Dezembro/26,variacao_pontos,-267.0,-267,%,change_abs,,pct,futures,2026-12,,nybot
2026-07-27,cacau,cacau-bolsa-de-nova-iorque-nybot,Cacau - Bolsa de Nova Iorque (NYBOT),,Março/27,preco,5339.0,5339,US$ / ton,price,USD,,futures,2027-03,,nybot
2026-07-27,cacau,cacau-bolsa-de-nova-iorque-nybot,Cacau - Bolsa de Nova Iorque (NYBOT),,Março/27,variacao_pontos,-264.0,-264,%,change_abs,,pct,futures,2027-03,,nybot
2026-07-27,cacau,cacau-bolsa-de-nova-iorque-nybot,Cacau - Bolsa de Nova Iorque (NYBOT),,Setembro/26,preco,5100.0,5100,US$ / ton,price,USD,,futures,2026-09,,nybot
2026-07-27,cacau,cacau-bolsa-de-nova-iorque-nybot,Cacau - Bolsa de Nova Iorque (NYBOT),,Setembro/26,variacao_pontos,-276.0,-276,%,change_abs,,pct,futures,2026-09,,nybot
2026-07-28,cacau,cacau-bolsa-de-nova-iorque-nybot,Cacau - Bolsa de Nova Iorque (NYBOT),,Dezembro/26,preco,5332.0,5332,US$ / ton,price,USD,,futures,2026-12,,nybot
2026-07-28,cacau,cacau-bolsa-de-nova-iorque-nybot,Cacau - Bolsa de Nova Iorque (NYBOT),,Dezembro/26,variacao_pontos,89.0,+89,%,change_abs,,pct,futures,2026-12,,nybot
2026-07-28,cacau,cacau-bolsa-de-nova-iorque-nybot,Cacau - Bolsa de Nova Iorque (NYBOT),,Março/27,preco,5419.0,5419,US$ / ton,price,USD,,futures,2027-03,,nybot
2026-07-28,cacau,cacau-bolsa-de-nova-iorque-nybot,Cacau - Bolsa de Nova Iorque (NYBOT),,Março/27,variacao_pontos,80.0,+80,%,change_abs,,pct,futures,2027-03,,nybot
2026-07-28,cacau,cacau-bolsa-de-nova-iorque-nybot,Cacau - Bolsa de Nova Iorque (NYBOT),,Setembro/26,preco,5201.0,5201,US$ / ton,price,USD,,futures,2026-09,,nybot
2026-07-28,cacau,cacau-bolsa-de-nova-iorque-nybot,Cacau - Bolsa de Nova Iorque (NYBOT),,Setembro/26,variacao_pontos,101.0,+101,%,change_abs,,pct,futures,2026-09,,nybot
2026-07-29,cacau,cacau-bolsa-de-nova-iorque-nybot,Cacau - Bolsa de Nova Iorque (NYBOT),,Dezembro/26,preco,5327.0,5327,US$ / ton,price,USD,,futures,2026-12,,nybot
2026-07-29,cacau,cacau-bolsa-de-nova-iorque-nybot,Cacau - Bolsa de Nova Iorque (NYBOT),,Dezembro/26,variacao_pontos,-5.0,-5,%,change_abs,,pct,futures,2026-12,,nybot
2026-07-29,cacau,cacau-bolsa-de-nova-iorque-nybot,Cacau - Bolsa de Nova Iorque (NYBOT),,Março/27,preco,5406.0,5406,US$ / ton,price,USD,,futures,2027-03,,nybot
2026-07-29,cacau,cacau-bolsa-de-nova-iorque-nybot,Cacau - Bolsa de Nova Iorque (NYBOT),,Março/27,variacao_pontos,-13.0,-13,%,change_abs,,pct,futures,2027-03,,nybot
2026-07-29,cacau,cacau-bolsa-de-nova-iorque-nybot,Cacau - Bolsa de Nova Iorque (NYBOT),,Setembro/26,preco,5185.0,5185,US$ / ton,price,USD,,futures,2026-09,,nybot
2026-07-29,cacau,cacau-bolsa-de-nova-iorque-nybot,Cacau - Bolsa de Nova Iorque (NYBOT),,Setembro/26,variacao_pontos,-16.0,-16,%,change_abs,,pct,futures,2026-09,,nybot
2026-07-30,cacau,cacau-bolsa-de-nova-iorque-nybot,Cacau - Bolsa de Nova Iorque (NYBOT),,Dezembro/26,preco,5246.0,5246,US$ / ton,price,USD,,futures,2026-12,,nybot
2026-07-30,cacau,cacau-bolsa-de-nova-iorque-nybot,Cacau - Bolsa de Nova Iorque (NYBOT),,Dezembro/26,variacao_pontos,-81.0,-81,%,change_abs,,pct,futures,2026-12,,nybot
2026-07-30,cacau,cacau-bolsa-de-nova-iorque-nybot,Cacau - Bolsa de Nova Iorque (NYBOT),,Março/27,preco,5335.0,5335,US$ / ton,price,USD,,futures,2027-03,,nybot
2026-07-30,cacau,cacau-bolsa-de-nova-iorque-nybot,Cacau - Bolsa de Nova Iorque (NYBOT),,Março/27,variacao_pontos,-71.0,-71,%,change_abs,,pct,futures,2027-03,,nybot
2026-07-30,cacau,cacau-bolsa-de-nova-iorque-nybot,Cacau - Bolsa de Nova Iorque (NYBOT),,Setembro/26,preco,5112.0,5112,US$ / ton,price,USD,,futures,2026-09,,nybot
2026-07-30,cacau,cacau-bolsa-de-nova-iorque-nybot,Cacau - Bolsa de Nova Iorque (NYBOT),,Setembro/26,variacao_pontos,-73.0,-73,%,change_abs,,pct,futures,2026-09,,nybot
2026-07-31,cacau,cacau-bolsa-de-nova-iorque-nybot,Cacau - Bolsa de Nova Iorque (NYBOT),,Dezembro/26,preco,5536.0,5536,US$ / ton,price,USD,,futures,2026-12,,nybot
2026-07-31,cacau,cacau-bolsa-de-nova-iorque-nybot,Cacau - Bolsa de Nova Iorque (NYBOT),,Dezembro/26,variacao_pontos,290.0,+290,%,change_abs,,pct,futures,2026-12,,nybot
2026-07-31,cacau,cacau-bolsa-de-nova-iorque-nybot,Cacau - Bolsa de Nova Iorque (NYBOT),,Março/27,preco,5628.0,5628,US$ / ton,price,USD,,futures,2027-03,,nybot
2026-07-31,cacau,cacau-bolsa-de-nova-iorque-nybot,Cacau - Bolsa de Nova Iorque (NYBOT),,Março/27,variacao_pontos,293.0,+293,%,change_abs,,pct,futures,2027-03,,nybot
2026-07-31,cacau,cacau-bolsa-de-nova-iorque-nybot,Cacau - Bolsa de Nova Iorque (NYBOT),,Setembro/26,preco,5397.0,5397,US$ / ton,price,USD,,futures,2026-09,,nybot
2026-07-31,cacau,cacau-bolsa-de-nova-iorque-nybot,Cacau - Bolsa de Nova Iorque (NYBOT),,Setembro/26,variacao_pontos,285.0,+285,%,change_abs,,pct,futures,2026-09,,nybot
2026-08-03,cacau,cacau-bolsa-de-nova-iorque-nybot,Cacau - Bolsa de Nova Iorque (NYBOT),,Dezembro/26,preco,6066.0,6066,US$ / ton,price,USD,,futures,2026-12,,nybot
2026-08-03,cacau,cacau-bolsa-de-nova-iorque-nybot,Cacau - Bolsa de Nova Iorque (NYBOT),,Dezembro/26,variacao_pontos,530.0,+530,%,change_abs,,pct,futures,2026-12,,nybot
2026-08-03,cacau,cacau-bolsa-de-nova-iorque-nybot,Cacau - Bolsa de Nova Iorque (NYBOT),,Março/27,preco,6164.0,6164,US$ / ton,price,USD,,futures,2027-03,,nybot
2026-08-03,cacau,cacau-bolsa-de-nova-iorque-nybot,Cacau - Bolsa de Nova Iorque (NYBOT),,Março/27,variacao_pontos,536.0,+536,%,change_abs,,pct,futures,2027-03,,nybot
2026-08-03,cacau,cacau-bolsa-de-nova-iorque-nybot,Cacau - Bolsa de Nova Iorque (NYBOT),,Setembro/26,preco,5939.0,5939,US$ / ton,price,USD,,futures,2026-09,,nybot
2026-08-03,cacau,cacau-bolsa-de-nova-iorque-nybot,Cacau - Bolsa de Nova Iorque (NYBOT),,Setembro/26,variacao_pontos,542.0,+542,%,change_abs,,pct,futures,2026-09,,nybot
2026-08-04,cacau,cacau-bolsa-de-nova-iorque-nybot,Cacau - Bolsa de Nova Iorque (NYBOT),,Dezembro/26,preco,6045.0,6045,US$ / ton,price,USD,,futures,2026-12,,nybot
2026-08-04,cacau,cacau-bolsa-de-nova-iorque-nybot,Cacau - Bolsa de Nova Iorque (NYBOT),,Dezembro/26,variacao_pontos,-21.0,-21,%,change_abs,,pct,futures,2026-12,,nybot
2026-08-04,cacau,cacau-bolsa-de-nova-iorque-nybot,Cacau - Bolsa de Nova Iorque (NYBOT),,Março/27,preco,6137.0,6137,US$ / ton,price,USD,,futures,2027-03,,nybot
2026-08-04,cacau,cacau-bolsa-de-nova-iorque-nybot,Cacau - Bolsa de Nova Iorque (NYBOT),,Março/27,variacao_pontos,-27.0,-27,%,change_abs,,pct,futures,2027-03,,nybot
2026-08-04,cacau,cacau-bolsa-de-nova-iorque-nybot,Cacau - Bolsa de Nova Iorque (NYBOT),,Setembro/26,preco,5924.0,5924,US$ / ton,price,USD,,futures,2026-09,,nybot
2026-08-04,cacau,cacau-bolsa-de-nova-iorque-nybot,Cacau - Bolsa de Nova Iorque (NYBOT),,Setembro/26,variacao_pontos,-15.0,-15,%,change_abs,,pct,futures,2026-09,,nybot
2026-08-05,cacau,cacau-bolsa-de-nova-iorque-nybot,Cacau - Bolsa de Nova Iorque (NYBOT),,Dezembro/26,preco,6001.0,6001,US$ / ton,price,USD,,futures,2026-12,,nybot
2026-08-05,cacau,cacau-bolsa-de-nova-iorque-nybot,Cacau - Bolsa de Nova Iorque (NYBOT),,Dezembro/26,variacao_pontos,-44.0,-44,%,change_abs,,pct,futures,2026-12,,nybot
2026-08-05,cacau,cacau-bolsa-de-nova-iorque-nybot,Cacau - Bolsa de Nova Iorque (NYBOT),,Março/27,preco,6088.0,6088,US$ / ton,price,USD,,futures,2027-03,,nybot
2026-08-05,cacau,cacau-bolsa-de-nova-iorque-nybot,Cacau - Bolsa de Nova Iorque (NYBOT),,Março/27,variacao_pontos,-49.0,-49,%,change_abs,,pct,futures,2027-03,,nybot
2026-08-05,cacau,cacau-bolsa-de-nova-iorque-nybot,Cacau - Bolsa de Nova Iorque (NYBOT),,Setembro/26,preco,5882.0,5882,US$ / ton,price,USD,,futures,2026-09,,nybot
2026-08-05,cacau,cacau-bolsa-de-nova-iorque-nybot,Cacau - Bolsa de Nova Iorque (NYBOT),,Setembro/26,variacao_pontos,-42.0,-42,%,change_abs,,pct,futures,2026-09,,nybot
2026-08-06,cacau,cacau-bolsa-de-nova-iorque-nybot,Cacau - Bolsa de Nova Iorque (NYBOT),,Dezembro/26,preco,5883.0,5883,US$ / ton,price,USD,,futures,2026-12,,nybot
2026-08-06,cacau,cacau-bolsa-de-nova-iorque-nybot,Cacau - Bolsa de Nova Iorque (NYBOT),,Dezembro/26,variacao_pontos,-118.0,-118,%,change_abs,,pct,futures,2026-12,,nybot
2026-08-06,cacau,cacau-bolsa-de-nova-iorque-nybot,Cacau - Bolsa de Nova Iorque (NYBOT),,Março/27,preco,5962.0,5962,US$ / ton,price,USD,,futures,2027-03,,nybot
2026-08-06,cacau,cacau-bolsa-de-nova-iorque-nybot,Cacau - Bolsa de Nova Iorque (NYBOT),,Março/27,variacao_pontos,-126.0,-126,%,change_abs,,pct,futures,2027-03,,nybot
2026-08-06,cacau,cacau-bolsa-de-nova-iorque-nybot,Cacau - Bolsa de Nova Iorque (NYBOT),,Setembro/26,preco,5776.0,5776,US$ / ton,price,USD,,futures,2026-09,,nybot
2026-08-06,cacau,cacau-bolsa-de-nova-iorque-nybot,Cacau - Bolsa de Nova Iorque (NYBOT),,Setembro/26,variacao_pontos,-106.0,-106,%,change_abs,,pct,futures,2026-09,,nybot
2026-08-07,cacau,cacau-bolsa-de-nova-iorque-nybot,Cacau - Bolsa de Nova Iorque (NYBOT),,Dezembro/26,preco,5895.0,5895,US$ / ton,price,USD,,futures,2026-12,,nybot
2026-08-07,cacau,cacau-bolsa-de-nova-iorque-nybot,Cacau - Bolsa de Nova Iorque (NYBOT),,Dezembro/26,variacao_pontos,12.0,+12,%,change_abs,,pct,futures,2026-12,,nybot
2026-08-07,cacau,cacau-bolsa-de-nova-iorque-nybot,Cacau - Bolsa de Nova Iorque (NYBOT),,Março/27,preco,5985.0,5985,US$ / ton,price,USD,,futures,2027-03,,nybot
2026-08-07,cacau,cacau-bolsa-de-nova-iorque-nybot,Cacau - Bolsa de Nova Iorque (NYBOT),,Março/27,variacao_pontos,23.0,+23,%,change_abs,,pct,futures,2027-03,,nybot
2026-08-07,cacau,cacau-bolsa-de-nova-iorque-nybot,Cacau - Bolsa de Nova Iorque (NYBOT),,Setembro/26,preco,5782.0,5782,US$ / ton,price,USD,,futures,2026-09,,nybot
2026-08-07,cacau,cacau-bolsa-de-nova-iorque-nybot,Cacau - Bolsa de Nova Iorque (NYBOT),,Setembro/26,variacao_pontos,6.0,+6,%,change_abs,,pct,futures,2026-09,,nybot
2026-08-10,cacau,cacau-bolsa-de-nova-iorque-nybot,Cacau - Bolsa de Nova Iorque (NYBOT),,Dezembro/26,preco,5932.0,5932,US$ / ton,price,USD,,futures,2026-12,,nybot
2026-08-10,cacau,cacau-bolsa-de-nova-iorque-nybot,Cacau - Bolsa de Nova Iorque (NYBOT),,Dezembro/26,variacao_pontos,37.0,+37,%,change_abs,,pct,futures,2026-12,,nybot
2026-08-10,cacau,cacau-bolsa-de-nova-iorque-nybot,Cacau - Bolsa de Nova Iorque (NYBOT),,Março/27,preco,6022.0,6022,US$ / ton,price,USD,,futures,2027-03,,nybot
2026-08-10,cacau,cacau-bolsa-de-nova-iorque-nybot,Cacau - Bolsa de Nova Iorque (NYBOT),,Março/27,variacao_pontos,37.0,+37,%,change_abs,,pct,futures,2027-03,,nybot
2026-08-10,cacau,cacau-bolsa-de-nova-iorque-nybot,Cacau - Bolsa de Nova Iorque (NYBOT),,Setembro/26,preco,5821.0,5821,US$ / ton,price,USD,,futures,2026-09,,nybot
2026-08-10,cacau,cacau-bolsa-de-nova-iorque-nybot,Cacau - Bolsa de Nova Iorque (NYBOT),,Setembro/26,variacao_pontos,39.0,+39,%,change_abs,,pct,futures,2026-09,,nybot
2026-08-11,cacau,cacau-bolsa-de-nova-iorque-nybot,Cacau - Bolsa de Nova Iorque (NYBOT),,Dezembro/26,preco,5654.0,5654,US$ / ton,price,USD,,futures,2026-12,,nybot
2026-08-11,cacau,cacau-bolsa-de-nova-iorque-nybot,Cacau - Bolsa de Nova Iorque (NYBOT),,Dezembro/26,variacao_pontos,-278.0,-278,%,change_abs,,pct,futures,2026-12,,nybot
2026-08-11,cacau,cacau-bolsa-de-nova-iorque-nybot,Cacau - Bolsa de Nova Iorque (NYBOT),,Março/27,preco,5743.0,5743,US$ / ton,price,USD,,futures,2027-03,,nybot
2026-08-11,cacau,cacau-bolsa-de-nova-iorque-nybot,Cacau - Bolsa de Nova Iorque (NYBOT),,Março/27,variacao_pontos,-279.0,-279,%,change_abs,,pct,futures,2027-03,,nybot
2026-08-11,cacau,cacau-bolsa-de-nova-iorque-nybot,Cacau - Bolsa de Nova Iorque (NYBOT),,Setembro/26,preco,5543.0,5543,US$ / ton,price,USD,,futures,2026-09,,nybot
2026-08-11,cacau,cacau-bolsa-de-nova-iorque-nybot,Cacau - Bolsa de Nova Iorque (NYBOT),,Setembro/26,variacao_pontos,-278.0,-278,%,change_abs,,pct,futures,2026-09,,nybot
2026-08-12,cacau,cacau-bolsa-de-nova-iorque-nybot,Cacau - Bolsa de Nova Iorque (NYBOT),,Dezembro/26,preco,5725.0,5725,US$ / ton,price,USD,,futures,2026-12,,nybot
2026-08-12,cacau,cacau-bolsa-de-nova-iorque-nybot,Cacau - Bolsa de Nova Iorque (NYBOT),,Dezembro/26,variacao_pontos,71.0,+71,%,change_abs,,pct,futures,2026-12,,nybot
2026-08-12,cacau,cacau-bolsa-de-nova-iorque-nybot,Cacau - Bolsa de Nova Iorque (NYBOT),,Março/27,preco,5802.0,5802,US$ / ton,price,USD,,futures,2027-03,,nybot
2026-08-12,cacau,cacau-bolsa-de-nova-iorque-nybot,Cacau - Bolsa de Nova Iorque (NYBOT),,Março/27,variacao_pontos,59.0,+59,%,change_abs,,pct,futures,2027-03,,nybot
2026-08-12,cacau,cacau-bolsa-de-nova-iorque-nybot,Cacau - Bolsa de Nova Iorque (NYBOT),,Setembro/26,preco,5619.0,5619,US$ / ton,price,USD,,futures,2026-09,,nybot
2026-08-12,cacau,cacau-bolsa-de-nova-iorque-nybot,Cacau - Bolsa de Nova Iorque (NYBOT),,Setembro/26,variacao_pontos,76.0,+76,%,change_abs,,pct,futures,2026-09,,nybot
2026-08-13,cacau,cacau-bolsa-de-nova-iorque-nybot,Cacau - Bolsa de Nova Iorque (NYBOT),,Dezembro/26,preco,5719.0,5719,US$ / ton,price,USD,,futures,2026-12,,nybot
2026-08-13,cacau,cacau-bolsa-de-nova-iorque-nybot,Cacau - Bolsa de Nova Iorque (NYBOT),,Dezembro/26,variacao_pontos,-6.0,-6,%,change_abs,,pct,futures,2026-12,,nybot
2026-08-13,cacau,cacau-bolsa-de-nova-iorque-nybot,Cacau - Bolsa de Nova Iorque (NYBOT),,Março/27,preco,5794.0,5794,US$ / ton,price,USD,,futures,2027-03,,nybot
2026-08-13,cacau,cacau-bolsa-de-nova-iorque-nybot,Cacau - Bolsa de Nova Iorque (NYBOT),,Março/27,variacao_pontos,-8.0,-8,%,change_abs,,pct,futures,2027-03,,nybot
2026-08-13,cacau,cacau-bolsa-de-nova-iorque-nybot,Cacau - Bolsa de Nova Iorque (NYBOT),,Setembro/26,preco,5648.0,5648,US$ / ton,price,USD,,futures,2026-09,,nybot
2026-08-13,cacau,cacau-bolsa-de-nova-iorque-nybot,Cacau - Bolsa de Nova Iorque (NYBOT),,Setembro/26,variacao_pontos,29.0,+29,%,change_abs,,pct,futures,2026-09,,nybot
2026-08-14,cacau,cacau-bolsa-de-nova-iorque-nybot,Cacau - Bolsa de Nova Iorque (NYBOT),,Dezembro/26,preco,5773.0,5773,US$ / ton,price,USD,,futures,2026-12,,nybot
2026-08-14,cacau,cacau-bolsa-de-nova-iorque-nybot,Cacau - Bolsa de Nova Iorque (NYBOT),,Dezembro/26,variacao_pontos,54.0,+54,%,change_abs,,pct,futures,2026-12,,nybot
2026-08-14,cacau,cacau-bolsa-de-nova-iorque-nybot,Cacau - Bolsa de Nova Iorque (NYBOT),,Março/27,preco,5842.0,5842,US$ / ton,price,USD,,futures,2027-03,,nybot
2026-08-14,cacau,cacau-bolsa-de-nova-iorque-nybot,Cacau - Bolsa de Nova Iorque (NYBOT),,Março/27,variacao_pontos,48.0,+48,%,change_abs,,pct,futures,2027-03,,nybot
2026-08-14,cacau,cacau-bolsa-de-nova-iorque-nybot,Cacau - Bolsa de Nova Iorque (NYBOT),,Setembro/26,preco,5734.0,5734,US$ / ton,price,USD,,futures,2026-09,,nybot
2026-08-14,cacau,cacau-bolsa-de-nova-iorque-nybot,Cacau - Bolsa de Nova Iorque (NYBOT),,Setembro/26,variacao_pontos,86.0,+86,%,change_abs,,pct,futures,2026-09,,nybot
2026-08-17,cacau,cacau-bolsa-de-nova-iorque-nybot,Cacau - Bolsa de Nova Iorque (NYBOT),,Dezembro/26,preco,6069.0,6069,US$ / ton,price,USD,,futures,2026-12,,nybot
2026-08-17,cacau,cacau-bolsa-de-nova-iorque-nybot,Cacau - Bolsa de Nova Iorque (NYBOT),,Dezembro/26,variacao_pontos,296.0,+296,%,change_abs,,pct,futures,2026-12,,nybot
2026-08-17,cacau,cacau-bolsa-de-nova-iorque-nybot,Cacau - Bolsa de Nova Iorque (NYBOT),,Março/27,preco,6144.0,6144,US$ / ton,price,USD,,futures,2027-03,,nybot
2026-08-17,cacau,cacau-bolsa-de-nova-iorque-nybot,Cacau - Bolsa de Nova Iorque (NYBOT),,Março/27,variacao_pontos,302.0,+302,%,change_abs,,pct,futures,2027-03,,nybot
2026-08-17,cacau,cacau-bolsa-de-nova-iorque-nybot,Cacau - Bolsa de Nova Iorque (NYBOT),,Setembro/26,preco,6044.0,6044,US$ / ton,price,USD,,futures,2026-09,,nybot
2026-08-17,cacau,cacau-bolsa-de-nova-iorque-nybot,Cacau - Bolsa de Nova Iorque (NYBOT),,Setembro/26,variacao_pontos,310.0,+310,%,change_abs,,pct,futures,2026-09,,nybot
2026-08-18,cacau,cacau-bolsa-de-nova-iorque-nybot,Cacau - Bolsa de Nova Iorque (NYBOT),,Dezembro/26,preco,5919.0,5919,US$ / ton,price,USD,,futures,2026-12,,nybot
2026-08-18,cacau,cacau-bolsa-de-nova-iorque-nybot,Cacau - Bolsa de Nova Iorque (NYBOT),,Dezembro/26,variacao_pontos,-150.0,-150,%,change_abs,,pct,futures,2026-12,,nybot
2026-08-18,cacau,cacau-bolsa-de-nova-iorque-nybot,Cacau - Bolsa de Nova Iorque (NYBOT),,Março/27,preco,5993.0,5993,US$ / ton,price,USD,,futures,2027-03,,nybot
2026-08-18,cacau,cacau-bolsa-de-nova-iorque-nybot,Cacau - Bolsa de Nova Iorque (NYBOT),,Março/27,variacao_pontos,-151.0,-151,%,change_abs,,pct,futures,2027-03,,nybot
2026-08-18,cacau,cacau-bolsa-de-nova-iorque-nybot,Cacau - Bolsa de Nova Iorque (NYBOT),,Setembro/26,preco,5905.0,5905,US$ / ton,price,USD,,futures,2026-09,,nybot
2026-08-18,cacau,cacau-bolsa-de-nova-iorque-nybot,Cacau - Bolsa de Nova Iorque (NYBOT),,Setembro/26,variacao_pontos,-139.0,-139,%,change_abs,,pct,futures,2026-09,,nybot
2026-08-19,cacau,cacau-bolsa-de-nova-iorque-nybot,Cacau - Bolsa de Nova Iorque (NYBOT),,Dezembro/26,preco,6031.0,6031,US$ / ton,price,USD,,futures,2026-12,,nybot
2026-08-19,cacau,cacau-bolsa-de-nova-iorque-nybot,Cacau - Bolsa de Nova Iorque (NYBOT),,Dezembro/26,variacao_pontos,112.0,+112,%,change_abs,,pct,futures,2026-12,,nybot
2026-08-19,cacau,cacau-bolsa-de-nova-iorque-nybot,Cacau - Bolsa de Nova Iorque (NYBOT),,Março/27,preco,6102.0,6102,US$ / ton,price,USD,,futures,2027-03,,nybot
2026-08-19,cacau,cacau-bolsa-de-nova-iorque-nybot,Cacau - Bolsa de Nova Iorque (NYBOT),,Março/27,variacao_pontos,109.0,+109,%,change_abs,,pct,futures,2027-03,,nybot
2026-08-19,cacau,cacau-bolsa-de-nova-iorque-nybot,Cacau - Bolsa de Nova Iorque (NYBOT),,Setembro/26,preco,6046.0,6046,US$ / ton,price,USD,,futures,2026-09,,nybot
2026-08-19,cacau,cacau-bolsa-de-nova-iorque-nybot,Cacau - Bolsa de Nova Iorque (NYBOT),,Setembro/26,variacao_pontos,141.0,+141,%,change_abs,,pct,futures,2026-09,,nybot
2026-08-20,cacau,cacau-bolsa-de-nova-iorque-nybot,Cacau - Bolsa de Nova Iorque (NYBOT),,Dezembro/26,preco,6064.0,6064,US$ / ton,price,USD,,futures,2026-12,,nybot
2026-08-20,cacau,cacau-bolsa-de-nova-iorque-nybot,Cacau - Bolsa de Nova Iorque (NYBOT),,Dezembro/26,variacao_pontos,33.0,+33,%,change_abs,,pct,futures,2026-12,,nybot
2026-08-20,cacau,cacau-bolsa-de-nova-iorque-nybot,Cacau - Bolsa de Nova Iorque (NYBOT),,Março/27,preco,6138.0,6138,US$ / ton,price,USD,,futures,2027-03,,nybot
2026-08-20,cacau,cacau-bolsa-de-nova-iorque-nybot,Cacau - Bolsa de Nova Iorque (NYBOT),,Março/27,variacao_pontos,36.0,+36,%,change_abs,,pct,futures,2027-03,,nybot
2026-08-20,cacau,cacau-bolsa-de-nova-iorque-nybot,Cacau - Bolsa de Nova Iorque (NYBOT),,Setembro/26,preco,6088.0,6088,US$ / ton,price,USD,,futures,2026-09,,nybot
2026-08-20,cacau,cacau-bolsa-de-nova-iorque-nybot,Cacau - Bolsa de Nova Iorque (NYBOT),,Setembro/26,variacao_pontos,42.0,+42,%,change_abs,,pct,futures,2026-09,,nybot
2026-08-21,cacau,cacau-bolsa-de-nova-iorque-nybot,Cacau - Bolsa de Nova Iorque (NYBOT),,Dezembro/26,preco,6034.0,6034,US$ / ton,price,USD,,futures,2026-12,,nybot
2026-08-21,cacau,cacau-bolsa-de-nova-iorque-nybot,Cacau - Bolsa de Nova Iorque (NYBOT),,Dezembro/26,variacao_pontos,-30.0,-30,%,change_abs,,pct,futures,2026-12,,nybot
2026-08-21,cacau,cacau-bolsa-de-nova-iorque-nybot,Cacau - Bolsa de Nova Iorque (NYBOT),,Março/27,preco,6119.0,6119,US$ / ton,price,USD,,futures,2027-03,,nybot
2026-08-21,cacau,cacau-bolsa-de-nova-iorque-nybot,Cacau - Bolsa de Nova Iorque (NYBOT),,Março/27,variacao_pontos,-19.0,-19,%,change_abs,,pct,futures,2027-03,,nybot
2026-08-21,cacau,cacau-bolsa-de-nova-iorque-nybot,Cacau - Bolsa de Nova Iorque (NYBOT),,Setembro/26,preco,5990.0,5990,US$ / ton,price,USD,,futures,2026-09,,nybot
2026-08-21,cacau,cacau-bolsa-de-nova-iorque-nybot,Cacau - Bolsa de Nova Iorque (NYBOT),,Setembro/26,variacao_pontos,-98.0,-98,%,change_abs,,pct,futures,2026-09,,nybot
2026-08-24,cacau,cacau-bolsa-de-nova-iorque-nybot,Cacau - Bolsa de Nova Iorque (NYBOT),,Dezembro/26,preco,5945.0,5945,US$ / ton,price,USD,,futures,2026-12,,nybot
2026-08-24,cacau,cacau-bolsa-de-nova-iorque-nybot,Cacau - Bolsa de Nova Iorque (NYBOT),,Dezembro/26,variacao_pontos,-89.0,-89,%,change_abs,,pct,futures,2026-12,,nybot
2026-08-24,cacau,cacau-bolsa-de-nova-iorque-nybot,Cacau - Bolsa de Nova Iorque (NYBOT),,Março/27,preco,6036.0,6036,US$ / ton,price,USD,,futures,2027-03,,nybot
2026-08-24,cacau,cacau-bolsa-de-nova-iorque-nybot,Cacau - Bolsa de Nova Iorque (NYBOT),,Março/27,variacao_pontos,-83.0,-83,%,change_abs,,pct,futures,2027-03,,nybot
2026-08-24,cacau,cacau-bolsa-de-nova-iorque-nybot,Cacau - Bolsa de Nova Iorque (NYBOT),,Setembro/26,preco,5820.0,5820,US$ / ton,price,USD,,futures,2026-09,,nybot
2026-08-24,cacau,cacau-bolsa-de-nova-iorque-nybot,Cacau - Bolsa de Nova Iorque (NYBOT),,Setembro/26,variacao_pontos,-170.0,-170,%,change_abs,,pct,futures,2026-09,,nybot
2026-08-25,cacau,cacau-bolsa-de-nova-iorque-nybot,Cacau - Bolsa de Nova Iorque (NYBOT),,Dezembro/26,preco,5829.0,5829,US$ / ton,price,USD,,futures,2026-12,,nybot
2026-08-25,cacau,cacau-bolsa-de-nova-iorque-nybot,Cacau - Bolsa de Nova Iorque (NYBOT),,Dezembro/26,variacao_pontos,-116.0,-116,%,change_abs,,pct,futures,2026-12,,nybot
2026-08-25,cacau,cacau-bolsa-de-nova-iorque-nybot,Cacau - Bolsa de Nova Iorque (NYBOT),,Março/27,preco,5935.0,5935,US$ / ton,price,USD,,futures,2027-03,,nybot
2026-08-25,cacau,cacau-bolsa-de-nova-iorque-nybot,Cacau - Bolsa de Nova Iorque (NYBOT),,Março/27,variacao_pontos,-101.0,-101,%,change_abs,,pct,futures,2027-03,,nybot
2026-08-25,cacau,cacau-bolsa-de-nova-iorque-nybot,Cacau - Bolsa de Nova Iorque (NYBOT),,Setembro/26,preco,5759.0,5759,US$ / ton,price,USD,,futures,2026-09,,nybot
2026-08-25,cacau,cacau-bolsa-de-nova-iorque-nybot,Cacau - Bolsa de Nova Iorque (NYBOT),,Setembro/26,variacao_pontos,-61.0,-61,%,change_abs,,pct,futures,2026-09,,nybot
2026-08-26,cacau,cacau-bolsa-de-nova-iorque-nybot,Cacau - Bolsa de Nova Iorque (NYBOT),,Dezembro/26,preco,5831.0,5831,US$ / ton,price,USD,,futures,2026-12,,nybot
2026-08-26,cacau,cacau-bolsa-de-nova-iorque-nybot,Cacau - Bolsa de Nova Iorque (NYBOT),,Dezembro/26,variacao_pontos,2.0,+2,%,change_abs,,pct,futures,2026-12,,nybot
2026-08-26,cacau,cacau-bolsa-de-nova-iorque-nybot,Cacau - Bolsa de Nova Iorque (NYBOT),,Março/27,preco,5939.0,5939,US$ / ton,price,USD,,futures,2027-03,,nybot
2026-08-26,cacau,cacau-bolsa-de-nova-iorque-nybot,Cacau - Bolsa de Nova Iorque (NYBOT),,Março/27,variacao_pontos,4.0,+4,%,change_abs,,pct,futures,2027-03,,nybot
2026-08-26,cacau,cacau-bolsa-de-nova-iorque-nybot,Cacau - Bolsa de Nova Iorque (NYBOT),,Setembro/26,preco,5817.0,5817,US$ / ton,price,USD,,futures,2026-09,,nybot
2026-08-26,cacau,cacau-bolsa-de-nova-iorque-nybot,Cacau - Bolsa de Nova Iorque (NYBOT),,Setembro/26,variacao_pontos,58.0,+58,%,change_abs,,pct,futures,2026-09,,nybot
2026-08-27,cacau,cacau-bolsa-de-nova-iorque-nybot,Cacau - Bolsa de Nova Iorque (NYBOT),,Dezembro/26,preco,6173.0,6173,US$ / ton,price,USD,,futures,2026-12,,nybot
2026-08-27,cacau,cacau-bolsa-de-nova-iorque-nybot,Cacau - Bolsa de Nova Iorque (NYBOT),,Dezembro/26,variacao_pontos,342.0,+342,%,change_abs,,pct,futures,2026-12,,nybot
2026-08-27,cacau,cacau-bolsa-de-nova-iorque-nybot,Cacau - Bolsa de Nova Iorque (NYBOT),,Março/27,preco,6294.0,6294,US$ / ton,price,USD,,futures,2027-03,,nybot
2026-08-27,cacau,cacau-bolsa-de-nova-iorque-nybot,Cacau - Bolsa de Nova Iorque (NYBOT),,Março/27,variacao_pontos,355.0,+355,%,change_abs,,pct,futures,2027-03,,nybot
2026-08-27,cacau,cacau-bolsa-de-nova-iorque-nybot,Cacau - Bolsa de Nova Iorque (NYBOT),,Setembro/26,preco,6155.0,6155,US$ / ton,price,USD,,futures,2026-09,,nybot
2026-08-27,cacau,cacau-bolsa-de-nova-iorque-nybot,Cacau - Bolsa de Nova Iorque (NYBOT),,Setembro/26,variacao_pontos,338.0,+338,%,change_abs,,pct,futures,2026-09,,nybot
2026-08-28,cacau,cacau-bolsa-de-nova-iorque-nybot,Cacau - Bolsa de Nova Iorque (NYBOT),,Dezembro/26,preco,6648.0,6648,US$ / ton,price,USD,,futures,2026-12,,nybot
2026-08-28,cacau,cacau-bolsa-de-nova-iorque-nybot,Cacau - Bolsa de Nova Iorque (NYBOT),,Dezembro/26,variacao_pontos,475.0,+475,%,change_abs,,pct,futures,2026-12,,nybot
2026-08-28,cacau,cacau-bolsa-de-nova-iorque-nybot,Cacau - Bolsa de Nova Iorque (NYBOT),,Março/27,preco,6782.0,6782,US$ / ton,price,USD,,futures,2027-03,,nybot
2026-08-28,cacau,cacau-bolsa-de-nova-iorque-nybot,Cacau - Bolsa de Nova Iorque (NYBOT),,Março/27,variacao_pontos,488.0,+488,%,change_abs,,pct,futures,2027-03,,nybot
2026-08-28,cacau,cacau-bolsa-de-nova-iorque-nybot,Cacau - Bolsa de Nova Iorque (NYBOT),,Setembro/26,preco,6527.0,6527,US$ / ton,price,USD,,futures,2026-09,,nybot
2026-08-28,cacau,cacau-bolsa-de-nova-iorque-nybot,Cacau - Bolsa de Nova Iorque (NYBOT),,Setembro/26,variacao_pontos,372.0,+372,%,change_abs,,pct,futures,2026-09,,nybot
2026-08-31,cacau,cacau-bolsa-de-nova-iorque-nybot,Cacau - Bolsa de Nova Iorque (NYBOT),,Dezembro/26,preco,6771.0,6771,US$ / ton,price,USD,,futures,2026-12,,nybot
2026-08-31,cacau,cacau-bolsa-de-nova-iorque-nybot,Cacau - Bolsa de Nova Iorque (NYBOT),,Dezembro/26,variacao_pontos,123.0,+123,%,change_abs,,pct,futures,2026-12,,nybot
2026-08-31,cacau,cacau-bolsa-de-nova-iorque-nybot,Cacau - Bolsa de Nova Iorque (NYBOT),,Março/27,preco,6905.0,6905,US$ / ton,price,USD,,futures,2027-03,,nybot
2026-08-31,cacau,cacau-bolsa-de-nova-iorque-nybot,Cacau - Bolsa de Nova Iorque (NYBOT),,Março/27,variacao_pontos,123.0,+123,%,change_abs,,pct,futures,2027-03,,nybot
2026-08-31,cacau,cacau-bolsa-de-nova-iorque-nybot,Cacau - Bolsa de Nova Iorque (NYBOT),,Setembro/26,preco,6650.0,6650,US$ / ton,price,USD,,futures,2026-09,,nybot
2026-08-31,cacau,cacau-bolsa-de-nova-iorque-nybot,Cacau - Bolsa de Nova Iorque (NYBOT),,Setembro/26,variacao_pontos,123.0,+123,%,change_abs,,pct,futures,2026-09,,nybot
2026-09-01,cacau,cacau-bolsa-de-nova-iorque-nybot,Cacau - Bolsa de Nova Iorque (NYBOT),,Dezembro/26,preco,6571.0,6571,US$ / ton,price,USD,,futures,2026-12,,nybot
2026-09-01,cacau,cacau-bolsa-de-nova-iorque-nybot,Cacau - Bolsa de Nova Iorque (NYBOT),,Dezembro/26,variacao_pontos,-200.0,-200,%,change_abs,,pct,futures,2026-12,,nybot
2026-09-01,cacau,cacau-bolsa-de-nova-iorque-nybot,Cacau - Bolsa de Nova Iorque (NYBOT),,Março/27,preco,6701.0,6701,US$ / ton,price,USD,,futures,2027-03,,nybot
2026-09-01,cacau,cacau-bolsa-de-nova-iorque-nybot,Cacau - Bolsa de Nova Iorque (NYBOT),,Março/27,variacao_pontos,-204.0,-204,%,change_abs,,pct,futures,2027-03,,nybot
2026-09-01,cacau,cacau-bolsa-de-nova-iorque-nybot,Cacau - Bolsa de Nova Iorque (NYBOT),,Setembro/26,preco,6552.0,6552,US$ / ton,price,USD,,futures,2026-09,,nybot
2026-09-01,cacau,cacau-bolsa-de-nova-iorque-nybot,Cacau - Bolsa de Nova Iorque (NYBOT),,Setembro/26,variacao_pontos,-98.0,-98,%,change_abs,,pct,futures,2026-09,,nybot
2026-09-02,cacau,cacau-bolsa-de-nova-iorque-nybot,Cacau - Bolsa de Nova Iorque (NYBOT),,Dezembro/26,preco,6273.0,6273,US$ / ton,price,USD,,futures,2026-12,,nybot
2026-09-02,cacau,cacau-bolsa-de-nova-iorque-nybot,Cacau - Bolsa de Nova Iorque (NYBOT),,Dezembro/26,variacao_pontos,-298.0,-298,%,change_abs,,pct,futures,2026-12,,nybot
2026-09-02,cacau,cacau-bolsa-de-nova-iorque-nybot,Cacau - Bolsa de Nova Iorque (NYBOT),,Março/27,preco,6382.0,6382,US$ / ton,price,USD,,futures,2027-03,,nybot
2026-09-02,cacau,cacau-bolsa-de-nova-iorque-nybot,Cacau - Bolsa de Nova Iorque (NYBOT),,Março/27,variacao_pontos,-319.0,-319,%,change_abs,,pct,futures,2027-03,,nybot
2026-09-02,cacau,cacau-bolsa-de-nova-iorque-nybot,Cacau - Bolsa de Nova Iorque (NYBOT),,Setembro/26,preco,6254.0,6254,US$ / ton,price,USD,,futures,2026-09,,nybot
2026-09-02,cacau,cacau-bolsa-de-nova-iorque-nybot,Cacau - Bolsa de Nova Iorque (NYBOT),,Setembro/26,variacao_pontos,-298.0,-298,%,change_abs,,pct,futures,2026-09,,nybot
2026-09-03,cacau,cacau-bolsa-de-nova-iorque-nybot,Cacau - Bolsa de Nova Iorque (NYBOT),,Dezembro/26,preco,6174.0,6174,US$ / ton,price,USD,,futures,2026-12,,nybot
2026-09-03,cacau,cacau-bolsa-de-nova-iorque-nybot,Cacau - Bolsa de Nova Iorque (NYBOT),,Dezembro/26,variacao_pontos,-99.0,-99,%,change_abs,,pct,futures,2026-12,,nybot
2026-09-03,cacau,cacau-bolsa-de-nova-iorque-nybot,Cacau - Bolsa de Nova Iorque (NYBOT),,Março/27,preco,6294.0,6294,US$ / ton,price,USD,,futures,2027-03,,nybot
2026-09-03,cacau,cacau-bolsa-de-nova-iorque-nybot,Cacau - Bolsa de Nova Iorque (NYBOT),,Março/27,variacao_pontos,-88.0,-88,%,change_abs,,pct,futures,2027-03,,nybot
2026-09-03,cacau,cacau-bolsa-de-nova-iorque-nybot,Cacau - Bolsa de Nova Iorque (NYBOT),,Setembro/26,preco,6057.0,6057,US$ / ton,price,USD,,futures,2026-09,,nybot
2026-09-03,cacau,cacau-bolsa-de-nova-iorque-nybot,Cacau - Bolsa de Nova Iorque (NYBOT),,Setembro/26,variacao_pontos,-197.0,-197,%,change_abs,,pct,futures,2026-09,,nybot
2026-09-04,cacau,cacau-bolsa-de-nova-iorque-nybot,Cacau - Bolsa de Nova Iorque (NYBOT),,Dezembro/26,preco,6188.0,6188,US$ / ton,price,USD,,futures,2026-12,,nybot
2026-09-04,cacau,cacau-bolsa-de-nova-iorque-nybot,Cacau - Bolsa de Nova Iorque (NYBOT),,Dezembro/26,variacao_pontos,14.0,+14,%,change_abs,,pct,futures,2026-12,,nybot
2026-09-04,cacau,cacau-bolsa-de-nova-iorque-nybot,Cacau - Bolsa de Nova Iorque (NYBOT),,Março/27,preco,6310.0,6310,US$ / ton,price,USD,,futures,2027-03,,nybot
2026-09-04,cacau,cacau-bolsa-de-nova-iorque-nybot,Cacau - Bolsa de Nova Iorque (NYBOT),,Março/27,variacao_pontos,16.0,+16,%,change_abs,,pct,futures,2027-03,,nybot
2026-09-04,cacau,cacau-bolsa-de-nova-iorque-nybot,Cacau - Bolsa de Nova Iorque (NYBOT),,Setembro/26,preco,6082.0,6082,US$ / ton,price,USD,,futures,2026-09,,nybot
2026-09-04,cacau,cacau-bolsa-de-nova-iorque-nybot,Cacau - Bolsa de Nova Iorque (NYBOT),,Setembro/26,variacao_pontos,25.0,+25,%,change_abs,,pct,futures,2026-09,,nybot
