date,commodity,indicator,indicator_name,location,contract_month,column_name,value,value_raw,unit,measure,currency,unit_std,price_basis,contract,state,market_type
2026-01-26,frango,precos-do-frango-congelado-cepea-esalq,Frango Congelado Cepea/Esalq,,,kg,7.16,"7,16",R$,price,BRL,,spot,,,indicator
2026-01-26,frango,precos-do-frango-congelado-cepea-esalq,Frango Congelado Cepea/Esalq,,,variacao_pct,-1.24,"-1,24%",%,change_pct,,pct,spot,,,indicator
2026-01-26,frango,precos-do-frango-resfriado-cepea-esalq,Frango Resfriado Cepea/Esalq,,,kg,7.24,"7,24",R$,price,BRL,,spot,,,indicator
2026-01-26,frango,precos-do-frango-resfriado-cepea-esalq,Frango Resfriado Cepea/Esalq,,,variacao_pct,-1.09,"-1,09%",%,change_pct,,pct,spot,,,indicator
2026-01-27,frango,frango-vivo-estados,Frango Vivo,Paraná,,preco,4.58,"4,58",R$/Kg,price,BRL,kg,spot,,PR,physical
2026-01-27,frango,frango-vivo-estados,Frango Vivo,Paraná,,variacao_pct,0.0,"0,00",%,change_pct,,pct,spot,,PR,physical
2026-01-27,frango,frango-vivo-estados,Frango Vivo,Santa Catarina,,preco,4.69,"4,69",R$/Kg,price,BRL,kg,spot,,SC,physical
2026-01-27,frango,frango-vivo-estados,Frango Vivo,Santa Catarina,,variacao_pct,0.0,"0,00",%,change_pct,,pct,spot,,SC,physical
2026-01-27,frango,precos-do-frango-congelado-cepea-esalq,Frango Congelado Cepea/Esalq,,,kg,7.09,"7,09",R$,price,BRL,,spot,,,indicator
2026-01-27,frango,precos-do-frango-congelado-cepea-esalq,Frango Congelado Cepea/Esalq,,,variacao_pct,-0.98,"-0,98%",%,change_pct,,pct,spot,,,indicator
2026-01-27,frango,precos-do-frango-resfriado-cepea-esalq,Frango Resfriado Cepea/Esalq,,,kg,7.16,"7,16",R$,price,BRL,,spot,,,indicator
2026-01-27,frango,precos-do-frango-resfriado-cepea-esalq,Frango Resfriado Cepea/Esalq,,,variacao_pct,-1.1,"-1,10%",%,change_pct,,pct,spot,,,indicator
2026-01-28,frango,frango-vivo-estados,Frango Vivo,Paraná,,preco,4.58,"4,58",R$/Kg,price,BRL,kg,spot,,PR,physical
2026-01-28,frango,frango-vivo-estados,Frango Vivo,Paraná,,variacao_pct,0.0,"0,00",%,change_pct,,pct,spot,,PR,physical
2026-01-28,frango,frango-vivo-estados,Frango Vivo,Santa Catarina,,preco,4.69,"4,69",R$/Kg,price,BRL,kg,spot,,SC,physical
2026-01-28,frango,frango-vivo-estados,Frango Vivo,Santa Catarina,,variacao_pct,0.0,"0,00",%,change_pct,,pct,spot,,SC,physical
2026-01-28,frango,precos-do-frango-congelado-cepea-esalq,Frango Congelado Cepea/Esalq,,,kg,7.07,"7,07",R$,price,BRL,,spot,,,indicator
2026-01-28,frango,precos-do-frango-congelado-cepea-esalq,Frango Congelado Cepea/Esalq,,,variacao_pct,-0.28,"-0,28%",%,change_pct,,pct,spot,,,indicator
2026-01-28,frango,precos-do-frango-resfriado-cepea-esalq,Frango Resfriado Cepea/Esalq,,,kg,7.14,"7,14",R$,price,BRL,,spot,,,indicator
2026-01-28,frango,precos-do-frango-resfriado-cepea-esalq,Frango Resfriado Cepea/Esalq,,,variacao_pct,-0.28,"-0,28%",%,change_pct,,pct,spot,,,indicator
2026-01-29,frango,frango-vivo-estados,Frango Vivo,Paraná,,preco,4.58,"4,58",R$/Kg,price,BRL,kg,spot,,PR,physical
2026-01-29,frango,frango-vivo-estados,Frango Vivo,Paraná,,variacao_pct,0.0,"0,00",%,change_pct,,pct,spot,,PR,physical
2026-01-29,frango,frango-vivo-estados,Frango Vivo,Santa Catarina,,preco,4.69,"4,69",R$/Kg,price,BRL,kg,spot,,SC,physical
2026-01-29,frango,frango-vivo-estados,Frango Vivo,Santa Catarina,,variacao_pct,0.0,"0,00",%,change_pct,,pct,spot,,SC,physical
2026-01-29,frango,precos-do-frango-congelado-cepea-esalq,Frango Congelado Cepea/Esalq,,,kg,7.07,"7,07",R$,price,BRL,,spot,,,indicator
2026-01-29,frango,precos-do-frango-congelado-cepea-esalq,Frango Congelado Cepea/Esalq,,,variacao_pct,0.0,"0,00",%,change_pct,,pct,spot,,,indicator
2026-01-29,frango,precos-do-frango-resfriado-cepea-esalq,Frango Resfriado Cepea/Esalq,,,kg,7.14,"7,14",R$,price,BRL,,spot,,,indicator
2026-01-29,frango,precos-do-frango-resfriado-cepea-esalq,Frango Resfriado Cepea/Esalq,,,variacao_pct,0.0,"0,00",%,change_pct,,pct,spot,,,indicator
2026-01-30,frango,frango-vivo-estados,Frango Vivo,Paraná,,preco,4.75,"4,75",R$/Kg,price,BRL,kg,spot,,PR,physical
2026-01-30,frango,frango-vivo-estados,Frango Vivo,Paraná,,variacao_pct,3.71,"+3,71",%,change_pct,,pct,spot,,PR,physical
2026-01-30,frango,frango-vivo-estados,Frango Vivo,Santa Catarina,,preco,4.69,"4,69",R$/Kg,price,BRL,kg,spot,,SC,physical
2026-01-30,frango,frango-vivo-estados,Frango Vivo,Santa Catarina,,variacao_pct,0.0,"0,00",%,change_pct,,pct,spot,,SC,physical
2026-01-30,frango,precos-do-frango-congelado-cepea-esalq,Frango Congelado Cepea/Esalq,,,kg,6.99,"6,99",R$,price,BRL,,spot,,,indicator
2026-01-30,frango,precos-do-frango-congelado-cepea-esalq,Frango Congelado Cepea/Esalq,,,variacao_pct,-1.13,"-1,13",%,change_pct,,pct,spot,,,indicator
2026-01-30,frango,precos-do-frango-resfriado-cepea-esalq,Frango Resfriado Cepea/Esalq,,,kg,7.05,"7,05",R$,price,BRL,,spot,,,indicator
2026-01-30,frango,precos-do-frango-resfriado-cepea-esalq,Frango Resfriado Cepea/Esalq,,,variacao_pct,-1.26,"-1,26",%,change_pct,,pct,spot,,,indicator
2026-02-02,frango,frango-vivo-estados,Frango Vivo,Paraná,,preco,4.75,"4,75",R$/Kg,price,BRL,kg,spot,,PR,physical
2026-02-02,frango,frango-vivo-estados,Frango Vivo,Paraná,,variacao_pct,0.0,"0,00",%,change_pct,,pct,spot,,PR,physical
2026-02-02,frango,frango-vivo-estados,Frango Vivo,Santa Catarina,,preco,4.7,"4,70",R$/Kg,price,BRL,kg,spot,,SC,physical
2026-02-02,frango,frango-vivo-estados,Frango Vivo,Santa Catarina,,variacao_pct,0.21,"+0,21",%,change_pct,,pct,spot,,SC,physical
2026-02-02,frango,precos-do-frango-congelado-cepea-esalq,Frango Congelado Cepea/Esalq,,,kg,6.92,"6,92",R$,price,BRL,,spot,,,indicator
2026-02-02,frango,precos-do-frango-congelado-cepea-esalq,Frango Congelado Cepea/Esalq,,,variacao_pct,-1.0,"-1,00",%,change_pct,,pct,spot,,,indicator
2026-02-02,frango,precos-do-frango-resfriado-cepea-esalq,Frango Resfriado Cepea/Esalq,,,kg,6.98,"6,98",R$,price,BRL,,spot,,,indicator
2026-02-02,frango,precos-do-frango-resfriado-cepea-esalq,Frango Resfriado Cepea/Esalq,,,variacao_pct,-0.99,"-0,99",%,change_pct,,pct,spot,,,indicator
2026-02-03,frango,frango-vivo-estados,Frango Vivo,Paraná,,preco,4.75,"4,75",R$/Kg,price,BRL,kg,spot,,PR,physical
2026-02-03,frango,frango-vivo-estados,Frango Vivo,Paraná,,variacao_pct,0.0,"0,00",%,change_pct,,pct,spot,,PR,physical
2026-02-03,frango,frango-vivo-estados,Frango Vivo,Santa Catarina,,preco,4.7,"4,70",R$/Kg,price,BRL,kg,spot,,SC,physical
2026-02-03,frango,frango-vivo-estados,Frango Vivo,Santa Catarina,,variacao_pct,0.0,"0,00",%,change_pct,,pct,spot,,SC,physical
2026-02-03,frango,precos-do-frango-congelado-cepea-esalq,Frango Congelado Cepea/Esalq,,,kg,6.9,"6,90",R$,price,BRL,,spot,,,indicator
2026-02-03,frango,precos-do-frango-congelado-cepea-esalq,Frango Congelado Cepea/Esalq,,,variacao_pct,-0.29,"-0,29",%,change_pct,,pct,spot,,,indicator
2026-02-03,frango,precos-do-frango-resfriado-cepea-esalq,Frango Resfriado Cepea/Esalq,,,kg,6.96,"6,96",R$,price,BRL,,spot,,,indicator
2026-02-03,frango,precos-do-frango-resfriado-cepea-esalq,Frango Resfriado Cepea/Esalq,,,variacao_pct,-0.29,"-0,29",%,change_pct,,pct,spot,,,indicator
2026-02-04,frango,frango-vivo-estados,Frango Vivo,Paraná,,preco,4.75,"4,75",R$/Kg,price,BRL,kg,spot,,PR,physical
2026-02-04,frango,frango-vivo-estados,Frango Vivo,Paraná,,variacao_pct,0.0,"0,00",%,change_pct,,pct,spot,,PR,physical
2026-02-04,frango,frango-vivo-estados,Frango Vivo,Santa Catarina,,preco,4.7,"4,70",R$/Kg,price,BRL,kg,spot,,SC,physical
2026-02-04,frango,frango-vivo-estados,Frango Vivo,Santa Catarina,,variacao_pct,0.0,"0,00",%,change_pct,,pct,spot,,SC,physical
2026-02-04,frango,precos-do-frango-congelado-cepea-esalq,Frango Congelado Cepea/Esalq,,,kg,6.96,"6,96",R$,price,BRL,,spot,,,indicator
2026-02-04,frango,precos-do-frango-congelado-cepea-esalq,Frango Congelado Cepea/Esalq,,,variacao_pct,0.87,"+0,87",%,change_pct,,pct,spot,,,indicator
2026-02-04,frango,precos-do-frango-resfriado-cepea-esalq,Frango Resfriado Cepea/Esalq,,,kg,7.02,"7,02",R$,price,BRL,,spot,,,indicator
2026-02-04,frango,precos-do-frango-resfriado-cepea-esalq,Frango Resfriado Cepea/Esalq,,,variacao_pct,0.86,"+0,86",%,change_pct,,pct,spot,,,indicator
2026-02-05,frango,frango-vivo-estados,Frango Vivo,Paraná,,preco,4.75,"4,75",R$/Kg,price,BRL,kg,spot,,PR,physical
2026-02-05,frango,frango-vivo-estados,Frango Vivo,Paraná,,variacao_pct,0.0,"0,00",%,change_pct,,pct,spot,,PR,physical
2026-02-05,frango,frango-vivo-estados,Frango Vivo,Santa Catarina,,preco,4.7,"4,70",R$/Kg,price,BRL,kg,spot,,SC,physical
2026-02-05,frango,frango-vivo-estados,Frango Vivo,Santa Catarina,,variacao_pct,0.0,"0,00",%,change_pct,,pct,spot,,SC,physical
2026-02-05,frango,precos-do-frango-congelado-cepea-esalq,Frango Congelado Cepea/Esalq,,,kg,6.96,"6,96",R$,price,BRL,,spot,,,indicator
2026-02-05,frango,precos-do-frango-congelado-cepea-esalq,Frango Congelado Cepea/Esalq,,,variacao_pct,0.0,"0,00",%,change_pct,,pct,spot,,,indicator
2026-02-05,frango,precos-do-frango-resfriado-cepea-esalq,Frango Resfriado Cepea/Esalq,,,kg,7.02,"7,02",R$,price,BRL,,spot,,,indicator
2026-02-05,frango,precos-do-frango-resfriado-cepea-esalq,Frango Resfriado Cepea/Esalq,,,variacao_pct,0.0,"0,00",%,change_pct,,pct,spot,,,indicator
2026-02-06,frango,frango-sp,Frango (SP),Frango Atacado,,preco_kg,6.65,"6,65",R$,price,BRL,,spot,,,physical
2026-02-06,frango,frango-sp,Frango (SP),Frango Atacado,,variacao_pct,1.53,"+1,53",%,change_pct,,pct,spot,,,physical
2026-02-06,frango,frango-sp,Frango (SP),Frango Granja,,preco_kg,5.2,"5,20",R$,price,BRL,,spot,,,physical
2026-02-06,frango,frango-sp,Frango (SP),Frango Granja,,variacao_pct,0.0,"0,00",%,change_pct,,pct,spot,,,physical
2026-02-06,frango,frango-vivo-estados,Frango Vivo,Paraná,,preco,4.74,"4,74",R$/Kg,price,BRL,kg,spot,,PR,physical
2026-02-06,frango,frango-vivo-estados,Frango Vivo,Paraná,,variacao_pct,-0.21,"-0,21",%,change_pct,,pct,spot,,PR,physical
2026-02-06,frango,frango-vivo-estados,Frango Vivo,Santa Catarina,,preco,4.7,"4,70",R$/Kg,price,BRL,kg,spot,,SC,physical
2026-02-06,frango,frango-vivo-estados,Frango Vivo,Santa Catarina,,variacao_pct,0.0,"0,00",%,change_pct,,pct,spot,,SC,physical
2026-02-06,frango,precos-do-frango-congelado-cepea-esalq,Frango Congelado Cepea/Esalq,,,kg,6.97,"6,97",R$,price,BRL,,spot,,,indicator
2026-02-06,frango,precos-do-frango-congelado-cepea-esalq,Frango Congelado Cepea/Esalq,,,variacao_pct,0.14,"+0,14",%,change_pct,,pct,spot,,,indicator
2026-02-06,frango,precos-do-frango-resfriado-cepea-esalq,Frango Resfriado Cepea/Esalq,,,kg,7.03,"7,03",R$,price,BRL,,spot,,,indicator
2026-02-06,frango,precos-do-frango-resfriado-cepea-esalq,Frango Resfriado Cepea/Esalq,,,variacao_pct,0.14,"+0,14",%,change_pct,,pct,spot,,,indicator
2026-02-09,frango,frango-vivo-estados,Frango Vivo,Paraná,,preco,4.74,"4,74",R$/Kg,price,BRL,kg,spot,,PR,physical
2026-02-09,frango,frango-vivo-estados,Frango Vivo,Paraná,,variacao_pct,0.0,"0,00",%,change_pct,,pct,spot,,PR,physical
2026-02-09,frango,frango-vivo-estados,Frango Vivo,Santa Catarina,,preco,4.7,"4,70",R$/Kg,price,BRL,kg,spot,,SC,physical
2026-02-09,frango,frango-vivo-estados,Frango Vivo,Santa Catarina,,variacao_pct,0.0,"0,00",%,change_pct,,pct,spot,,SC,physical
2026-02-09,frango,precos-do-frango-congelado-cepea-esalq,Frango Congelado Cepea/Esalq,,,kg,6.97,"6,97",R$,price,BRL,,spot,,,indicator
2026-02-09,frango,precos-do-frango-congelado-cepea-esalq,Frango Congelado Cepea/Esalq,,,variacao_pct,0.0,"0,00",%,change_pct,,pct,spot,,,indicator
2026-02-09,frango,precos-do-frango-resfriado-cepea-esalq,Frango Resfriado Cepea/Esalq,,,kg,7.03,"7,03",R$,price,BRL,,spot,,,indicator
2026-02-09,frango,precos-do-frango-resfriado-cepea-esalq,Frango Resfriado Cepea/Esalq,,,variacao_pct,0.0,"0,00",%,change_pct,,pct,spot,,,indicator
2026-02-10,frango,frango-vivo-estados,Frango Vivo,Paraná,,preco,4.74,"4,74",R$/Kg,price,BRL,kg,spot,,PR,physical
2026-02-10,frango,frango-vivo-estados,Frango Vivo,Paraná,,variacao_pct,0.0,"0,00",%,change_pct,,pct,spot,,PR,physical
2026-02-10,frango,frango-vivo-estados,Frango Vivo,Santa Catarina,,preco,4.7,"4,70",R$/Kg,price,BRL,kg,spot,,SC,physical
2026-02-10,frango,frango-vivo-estados,Frango Vivo,Santa Catarina,,variacao_pct,0.0,"0,00",%,change_pct,,pct,spot,,SC,physical
2026-02-10,frango,precos-do-frango-congelado-cepea-esalq,Frango Congelado Cepea/Esalq,,,kg,7.07,"7,07",R$,price,BRL,,spot,,,indicator
2026-02-10,frango,precos-do-frango-congelado-cepea-esalq,Frango Congelado Cepea/Esalq,,,variacao_pct,1.43,"+1,43",%,change_pct,,pct,spot,,,indicator
2026-02-10,frango,precos-do-frango-resfriado-cepea-esalq,Frango Resfriado Cepea/Esalq,,,kg,7.13,"7,13",R$,price,BRL,,spot,,,indicator
2026-02-10,frango,precos-do-frango-resfriado-cepea-esalq,Frango Resfriado Cepea/Esalq,,,variacao_pct,1.42,"+1,42",%,change_pct,,pct,spot,,,indicator
2026-02-11,frango,frango-vivo-estados,Frango Vivo,Paraná,,preco,4.74,"4,74",R$/Kg,price,BRL,kg,spot,,PR,physical
2026-02-11,frango,frango-vivo-estados,Frango Vivo,Paraná,,variacao_pct,0.0,"0,00",%,change_pct,,pct,spot,,PR,physical
2026-02-11,frango,frango-vivo-estados,Frango Vivo,Santa Catarina,,preco,4.7,"4,70",R$/Kg,price,BRL,kg,spot,,SC,physical
2026-02-11,frango,frango-vivo-estados,Frango Vivo,Santa Catarina,,variacao_pct,0.0,"0,00",%,change_pct,,pct,spot,,SC,physical
2026-02-11,frango,precos-do-frango-congelado-cepea-esalq,Frango Congelado Cepea/Esalq,,,kg,7.26,"7,26",R$,price,BRL,,spot,,,indicator
2026-02-11,frango,precos-do-frango-congelado-cepea-esalq,Frango Congelado Cepea/Esalq,,,variacao_pct,2.69,"+2,69",%,change_pct,,pct,spot,,,indicator
2026-02-11,frango,precos-do-frango-resfriado-cepea-esalq,Frango Resfriado Cepea/Esalq,,,kg,7.29,"7,29",R$,price,BRL,,spot,,,indicator
2026-02-11,frango,precos-do-frango-resfriado-cepea-esalq,Frango Resfriado Cepea/Esalq,,,variacao_pct,2.24,"+2,24",%,change_pct,,pct,spot,,,indicator
2026-02-12,frango,frango-sp,Frango (SP),Frango Atacado,,preco_kg,6.63,"6,63",R$,price,BRL,,spot,,,physical
2026-02-12,frango,frango-sp,Frango (SP),Frango Atacado,,variacao_pct,-0.3,"-0,30",%,change_pct,,pct,spot,,,physical
2026-02-12,frango,frango-sp,Frango (SP),Frango Granja,,preco_kg,5.2,"5,20",R$,price,BRL,,spot,,,physical
2026-02-12,frango,frango-sp,Frango (SP),Frango Granja,,variacao_pct,0.0,"0,00",%,change_pct,,pct,spot,,,physical
2026-02-12,frango,frango-vivo-estados,Frango Vivo,Paraná,,preco,4.74,"4,74",R$/Kg,price,BRL,kg,spot,,PR,physical
2026-02-12,frango,frango-vivo-estados,Frango Vivo,Paraná,,variacao_pct,0.0,"0,00",%,change_pct,,pct,spot,,PR,physical
2026-02-12,frango,frango-vivo-estados,Frango Vivo,Santa Catarina,,preco,4.7,"4,70",R$/Kg,price,BRL,kg,spot,,SC,physical
2026-02-12,frango,frango-vivo-estados,Frango Vivo,Santa Catarina,,variacao_pct,0.0,"0,00",%,change_pct,,pct,spot,,SC,physical
2026-02-12,frango,precos-do-frango-congelado-cepea-esalq,Frango Congelado Cepea/Esalq,,,kg,7.26,"7,26",R$,price,BRL,,spot,,,indicator
2026-02-12,frango,precos-do-frango-congelado-cepea-esalq,Frango Congelado Cepea/Esalq,,,variacao_pct,0.0,"0,00",%,change_pct,,pct,spot,,,indicator
2026-02-12,frango,precos-do-frango-resfriado-cepea-esalq,Frango Resfriado Cepea/Esalq,,,kg,7.29,"7,29",R$,price,BRL,,spot,,,indicator
2026-02-12,frango,precos-do-frango-resfriado-cepea-esalq,Frango Resfriado Cepea/Esalq,,,variacao_pct,0.0,"0,00",%,change_pct,,pct,spot,,,indicator
2026-02-13,frango,frango-sp,Frango (SP),Frango Atacado,,preco_kg,6.6,"6,60",R$,price,BRL,,spot,,,physical
2026-02-13,frango,frango-sp,Frango (SP),Frango Atacado,,variacao_pct,-0.45,"-0,45",%,change_pct,,pct,spot,,,physical
2026-02-13,frango,frango-sp,Frango (SP),Frango Granja,,preco_kg,5.1,"5,10",R$,price,BRL,,spot,,,physical
2026-02-13,frango,frango-sp,Frango (SP),Frango Granja,,variacao_pct,-1.92,"-1,92",%,change_pct,,pct,spot,,,physical
2026-02-13,frango,frango-vivo-estados,Frango Vivo,Paraná,,preco,4.74,"4,74",R$/Kg,price,BRL,kg,spot,,PR,physical
2026-02-13,frango,frango-vivo-estados,Frango Vivo,Paraná,,variacao_pct,0.0,"0,00",%,change_pct,,pct,spot,,PR,physical
2026-02-13,frango,frango-vivo-estados,Frango Vivo,Santa Catarina,,preco,4.7,"4,70",R$/Kg,price,BRL,kg,spot,,SC,physical
2026-02-13,frango,frango-vivo-estados,Frango Vivo,Santa Catarina,,variacao_pct,0.0,"0,00",%,change_pct,,pct,spot,,SC,physical
2026-02-13,frango,precos-do-frango-congelado-cepea-esalq,Frango Congelado Cepea/Esalq,,,kg,7.31,"7,31",R$,price,BRL,,spot,,,indicator
2026-02-13,frango,precos-do-frango-congelado-cepea-esalq,Frango Congelado Cepea/Esalq,,,variacao_pct,0.69,"+0,69",%,change_pct,,pct,spot,,,indicator
2026-02-13,frango,precos-do-frango-resfriado-cepea-esalq,Frango Resfriado Cepea/Esalq,,,kg,7.33,"7,33",R$,price,BRL,,spot,,,indicator
2026-02-13,frango,precos-do-frango-resfriado-cepea-esalq,Frango Resfriado Cepea/Esalq,,,variacao_pct,0.55,"+0,55",%,change_pct,,pct,spot,,,indicator
2026-02-18,frango,frango-vivo-estados,Frango Vivo,Paraná,,preco,4.74,"4,74",R$/Kg,price,BRL,kg,spot,,PR,physical
2026-02-18,frango,frango-vivo-estados,Frango Vivo,Paraná,,variacao_pct,0.0,"0,00",%,change_pct,,pct,spot,,PR,physical
2026-02-18,frango,frango-vivo-estados,Frango Vivo,Santa Catarina,,preco,4.7,"4,70",R$/Kg,price,BRL,kg,spot,,SC,physical
2026-02-18,frango,frango-vivo-estados,Frango Vivo,Santa Catarina,,variacao_pct,0.0,"0,00",%,change_pct,,pct,spot,,SC,physical
2026-02-18,frango,precos-do-frango-congelado-cepea-esalq,Frango Congelado Cepea/Esalq,,,kg,7.31,"7,31",R$,price,BRL,,spot,,,indicator
2026-02-18,frango,precos-do-frango-congelado-cepea-esalq,Frango Congelado Cepea/Esalq,,,variacao_pct,0.0,"0,00",%,change_pct,,pct,spot,,,indicator
2026-02-18,frango,precos-do-frango-resfriado-cepea-esalq,Frango Resfriado Cepea/Esalq,,,kg,7.33,"7,33",R$,price,BRL,,spot,,,indicator
2026-02-18,frango,precos-do-frango-resfriado-cepea-esalq,Frango Resfriado Cepea/Esalq,,,variacao_pct,0.0,"0,00",%,change_pct,,pct,spot,,,indicator
2026-02-19,frango,frango-sp,Frango (SP),Frango Atacado,,preco_kg,6.47,"6,47",R$,price,BRL,,spot,,,physical
2026-02-19,frango,frango-sp,Frango (SP),Frango Atacado,,variacao_pct,-1.97,"-1,97",%,change_pct,,pct,spot,,,physical
2026-02-19,frango,frango-sp,Frango (SP),Frango Granja,,preco_kg,5.0,"5,00",R$,price,BRL,,spot,,,physical
2026-02-19,frango,frango-sp,Frango (SP),Frango Granja,,variacao_pct,-1.96,"-1,96",%,change_pct,,pct,spot,,,physical
2026-02-19,frango,frango-vivo-estados,Frango Vivo,Paraná,,preco,4.74,"4,74",R$/Kg,price,BRL,kg,spot,,PR,physical
2026-02-19,frango,frango-vivo-estados,Frango Vivo,Paraná,,variacao_pct,0.0,"0,00",%,change_pct,,pct,spot,,PR,physical
2026-02-19,frango,frango-vivo-estados,Frango Vivo,Santa Catarina,,preco,4.7,"4,70",R$/Kg,price,BRL,kg,spot,,SC,physical
2026-02-19,frango,frango-vivo-estados,Frango Vivo,Santa Catarina,,variacao_pct,0.0,"0,00",%,change_pct,,pct,spot,,SC,physical
2026-02-19,frango,precos-do-frango-congelado-cepea-esalq,Frango Congelado Cepea/Esalq,,,kg,7.3,"7,30",R$,price,BRL,,spot,,,indicator
2026-02-19,frango,precos-do-frango-congelado-cepea-esalq,Frango Congelado Cepea/Esalq,,,variacao_pct,-0.14,"-0,14",%,change_pct,,pct,spot,,,indicator
2026-02-19,frango,precos-do-frango-resfriado-cepea-esalq,Frango Resfriado Cepea/Esalq,,,kg,7.32,"7,32",R$,price,BRL,,spot,,,indicator
2026-02-19,frango,precos-do-frango-resfriado-cepea-esalq,Frango Resfriado Cepea/Esalq,,,variacao_pct,-0.14,"-0,14",%,change_pct,,pct,spot,,,indicator
2026-02-20,frango,frango-sp,Frango (SP),Frango Atacado,,preco_kg,6.4,"6,40",R$,price,BRL,,spot,,,physical
2026-02-20,frango,frango-sp,Frango (SP),Frango Atacado,,variacao_pct,-1.08,"-1,08",%,change_pct,,pct,spot,,,physical
2026-02-20,frango,frango-sp,Frango (SP),Frango Granja,,preco_kg,5.0,"5,00",R$,price,BRL,,spot,,,physical
2026-02-20,frango,frango-sp,Frango (SP),Frango Granja,,variacao_pct,0.0,"0,00",%,change_pct,,pct,spot,,,physical
2026-02-20,frango,frango-vivo-estados,Frango Vivo,Paraná,,preco,4.7,"4,70",R$/Kg,price,BRL,kg,spot,,PR,physical
2026-02-20,frango,frango-vivo-estados,Frango Vivo,Paraná,,variacao_pct,-0.84,"-0,84",%,change_pct,,pct,spot,,PR,physical
2026-02-20,frango,frango-vivo-estados,Frango Vivo,Santa Catarina,,preco,4.7,"4,70",R$/Kg,price,BRL,kg,spot,,SC,physical
2026-02-20,frango,frango-vivo-estados,Frango Vivo,Santa Catarina,,variacao_pct,0.0,"0,00",%,change_pct,,pct,spot,,SC,physical
2026-02-20,frango,precos-do-frango-congelado-cepea-esalq,Frango Congelado Cepea/Esalq,,,kg,7.29,"7,29",R$,price,BRL,,spot,,,indicator
2026-02-20,frango,precos-do-frango-congelado-cepea-esalq,Frango Congelado Cepea/Esalq,,,variacao_pct,-0.14,"-0,14",%,change_pct,,pct,spot,,,indicator
2026-02-20,frango,precos-do-frango-resfriado-cepea-esalq,Frango Resfriado Cepea/Esalq,,,kg,7.31,"7,31",R$,price,BRL,,spot,,,indicator
2026-02-20,frango,precos-do-frango-resfriado-cepea-esalq,Frango Resfriado Cepea/Esalq,,,variacao_pct,-0.14,"-0,14",%,change_pct,,pct,spot,,,indicator
2026-02-23,frango,frango-sp,Frango (SP),Frango Atacado,,preco_kg,6.38,"6,38",R$,price,BRL,,spot,,,physical
2026-02-23,frango,frango-sp,Frango (SP),Frango Atacado,,variacao_pct,-0.31,"-0,31",%,change_pct,,pct,spot,,,physical
2026-02-23,frango,frango-sp,Frango (SP),Frango Granja,,preco_kg,5.0,"5,00",R$,price,BRL,,spot,,,physical
2026-02-23,frango,frango-sp,Frango (SP),Frango Granja,,variacao_pct,0.0,"0,00",%,change_pct,,pct,spot,,,physical
2026-02-23,frango,frango-vivo-estados,Frango Vivo,Paraná,,preco,4.7,"4,70",R$/Kg,price,BRL,kg,spot,,PR,physical
2026-02-23,frango,frango-vivo-estados,Frango Vivo,Paraná,,variacao_pct,0.0,"0,00",%,change_pct,,pct,spot,,PR,physical
2026-02-23,frango,frango-vivo-estados,Frango Vivo,Santa Catarina,,preco,4.7,"4,70",R$/Kg,price,BRL,kg,spot,,SC,physical
2026-02-23,frango,frango-vivo-estados,Frango Vivo,Santa Catarina,,variacao_pct,0.0,"0,00",%,change_pct,,pct,spot,,SC,physical
2026-02-23,frango,precos-do-frango-congelado-cepea-esalq,Frango Congelado Cepea/Esalq,,,kg,7.26,"7,26",R$,price,BRL,,spot,,,indicator
2026-02-23,frango,precos-do-frango-congelado-cepea-esalq,Frango Congelado Cepea/Esalq,,,variacao_pct,-0.41,"-0,41",%,change_pct,,pct,spot,,,indicator
2026-02-23,frango,precos-do-frango-resfriado-cepea-esalq,Frango Resfriado Cepea/Esalq,,,kg,7.31,"7,31",R$,price,BRL,,spot,,,indicator
2026-02-23,frango,precos-do-frango-resfriado-cepea-esalq,Frango Resfriado Cepea/Esalq,,,variacao_pct,0.0,"0,00",%,change_pct,,pct,spot,,,indicator
2026-02-24,frango,frango-sp,Frango (SP),Frango Atacado,,preco_kg,6.35,"6,35",R$,price,BRL,,spot,,,physical
2026-02-24,frango,frango-sp,Frango (SP),Frango Atacado,,variacao_pct,-0.47,"-0,47",%,change_pct,,pct,spot,,,physical
2026-02-24,frango,frango-sp,Frango (SP),Frango Granja,,preco_kg,5.0,"5,00",R$,price,BRL,,spot,,,physical
2026-02-24,frango,frango-sp,Frango (SP),Frango Granja,,variacao_pct,0.0,"0,00",%,change_pct,,pct,spot,,,physical
2026-02-24,frango,frango-vivo-estados,Frango Vivo,Paraná,,preco,4.7,"4,70",R$/Kg,price,BRL,kg,spot,,PR,physical
2026-02-24,frango,frango-vivo-estados,Frango Vivo,Paraná,,variacao_pct,0.0,"0,00",%,change_pct,,pct,spot,,PR,physical
2026-02-24,frango,frango-vivo-estados,Frango Vivo,Santa Catarina,,preco,4.7,"4,70",R$/Kg,price,BRL,kg,spot,,SC,physical
2026-02-24,frango,frango-vivo-estados,Frango Vivo,Santa Catarina,,variacao_pct,0.0,"0,00",%,change_pct,,pct,spot,,SC,physical
2026-02-24,frango,precos-do-frango-congelado-cepea-esalq,Frango Congelado Cepea/Esalq,,,kg,7.26,"7,26",R$,price,BRL,,spot,,,indicator
2026-02-24,frango,precos-do-frango-congelado-cepea-esalq,Frango Congelado Cepea/Esalq,,,variacao_pct,0.0,"0,00",%,change_pct,,pct,spot,,,indicator
2026-02-24,frango,precos-do-frango-resfriado-cepea-esalq,Frango Resfriado Cepea/Esalq,,,kg,7.31,"7,31",R$,price,BRL,,spot,,,indicator
2026-02-24,frango,precos-do-frango-resfriado-cepea-esalq,Frango Resfriado Cepea/Esalq,,,variacao_pct,0.0,"0,00",%,change_pct,,pct,spot,,,indicator
2026-02-25,frango,frango-sp,Frango (SP),Frango Atacado,,preco_kg,6.35,"6,35",R$,price,BRL,,spot,,,physical
2026-02-25,frango,frango-sp,Frango (SP),Frango Atacado,,variacao_pct,0.0,"0,00",%,change_pct,,pct,spot,,,physical
2026-02-25,frango,frango-sp,Frango (SP),Frango Granja,,preco_kg,4.9,"4,90",R$,price,BRL,,spot,,,physical
2026-02-25,frango,frango-sp,Frango (SP),Frango Granja,,variacao_pct,-2.0,"-2,00",%,change_pct,,pct,spot,,,physical
2026-02-25,frango,frango-vivo-estados,Frango Vivo,Paraná,,preco,4.7,"4,70",R$/Kg,price,BRL,kg,spot,,PR,physical
2026-02-25,frango,frango-vivo-estados,Frango Vivo,Paraná,,variacao_pct,0.0,"0,00",%,change_pct,,pct,spot,,PR,physical
2026-02-25,frango,frango-vivo-estados,Frango Vivo,Santa Catarina,,preco,4.7,"4,70",R$/Kg,price,BRL,kg,spot,,SC,physical
2026-02-25,frango,frango-vivo-estados,Frango Vivo,Santa Catarina,,variacao_pct,0.0,"0,00",%,change_pct,,pct,spot,,SC,physical
2026-02-25,frango,precos-do-frango-congelado-cepea-esalq,Frango Congelado Cepea/Esalq,,,kg,7.26,"7,26",R$,price,BRL,,spot,,,indicator
2026-02-25,frango,precos-do-frango-congelado-cepea-esalq,Frango Congelado Cepea/Esalq,,,variacao_pct,0.0,"0,00",%,change_pct,,pct,spot,,,indicator
2026-02-25,frango,precos-do-frango-resfriado-cepea-esalq,Frango Resfriado Cepea/Esalq,,,kg,7.31,"7,31",R$,price,BRL,,spot,,,indicator
2026-02-25,frango,precos-do-frango-resfriado-cepea-esalq,Frango Resfriado Cepea/Esalq,,,variacao_pct,0.0,"0,00",%,change_pct,,pct,spot,,,indicator
2026-02-26,frango,frango-sp,Frango (SP),Frango Atacado,,preco_kg,6.3,"6,30",R$,price,BRL,,spot,,,physical
2026-02-26,frango,frango-sp,Frango (SP),Frango Atacado,,variacao_pct,-0.79,"-0,79",%,change_pct,,pct,spot,,,physical
2026-02-26,frango,frango-sp,Frango (SP),Frango Granja,,preco_kg,4.8,"4,80",R$,price,BRL,,spot,,,physical
2026-02-26,frango,frango-sp,Frango (SP),Frango Granja,,variacao_pct,-2.04,"-2,04",%,change_pct,,pct,spot,,,physical
2026-02-26,frango,frango-vivo-estados,Frango Vivo,Paraná,,preco,4.7,"4,70",R$/Kg,price,BRL,kg,spot,,PR,physical
2026-02-26,frango,frango-vivo-estados,Frango Vivo,Paraná,,variacao_pct,0.0,"0,00",%,change_pct,,pct,spot,,PR,physical
2026-02-26,frango,frango-vivo-estados,Frango Vivo,Santa Catarina,,preco,4.7,"4,70",R$/Kg,price,BRL,kg,spot,,SC,physical
2026-02-26,frango,frango-vivo-estados,Frango Vivo,Santa Catarina,,variacao_pct,0.0,"0,00",%,change_pct,,pct,spot,,SC,physical
2026-02-26,frango,precos-do-frango-congelado-cepea-esalq,Frango Congelado Cepea/Esalq,,,kg,7.26,"7,26",R$,price,BRL,,spot,,,indicator
2026-02-26,frango,precos-do-frango-congelado-cepea-esalq,Frango Congelado Cepea/Esalq,,,variacao_pct,0.0,"0,00",%,change_pct,,pct,spot,,,indicator
2026-02-26,frango,precos-do-frango-resfriado-cepea-esalq,Frango Resfriado Cepea/Esalq,,,kg,7.31,"7,31",R$,price,BRL,,spot,,,indicator
2026-02-26,frango,precos-do-frango-resfriado-cepea-esalq,Frango Resfriado Cepea/Esalq,,,variacao_pct,0.0,"0,00",%,change_pct,,pct,spot,,,indicator
2026-02-27,frango,frango-sp,Frango (SP),Frango Atacado,,preco_kg,6.2,"6,20",R$,price,BRL,,spot,,,physical
2026-02-27,frango,frango-sp,Frango (SP),Frango Atacado,,variacao_pct,-1.59,"-1,59",%,change_pct,,pct,spot,,,physical
2026-02-27,frango,frango-sp,Frango (SP),Frango Granja,,preco_kg,4.8,"4,80",R$,price,BRL,,spot,,,physical
2026-02-27,frango,frango-sp,Frango (SP),Frango Granja,,variacao_pct,0.0,"0,00",%,change_pct,,pct,spot,,,physical
2026-02-27,frango,frango-vivo-estados,Frango Vivo,Paraná,,preco,4.7,"4,70",R$/Kg,price,BRL,kg,spot,,PR,physical
2026-02-27,frango,frango-vivo-estados,Frango Vivo,Paraná,,variacao_pct,0.0,"0,00",%,change_pct,,pct,spot,,PR,physical
2026-02-27,frango,frango-vivo-estados,Frango Vivo,Santa Catarina,,preco,4.7,"4,70",R$/Kg,price,BRL,kg,spot,,SC,physical
2026-02-27,frango,frango-vivo-estados,Frango Vivo,Santa Catarina,,variacao_pct,0.0,"0,00",%,change_pct,,pct,spot,,SC,physical
2026-02-27,frango,precos-do-frango-congelado-cepea-esalq,Frango Congelado Cepea/Esalq,,,kg,7.26,"7,26",R$,price,BRL,,spot,,,indicator
2026-02-27,frango,precos-do-frango-congelado-cepea-esalq,Frango Congelado Cepea/Esalq,,,variacao_pct,0.0,"0,00",%,change_pct,,pct,spot,,,indicator
2026-02-27,frango,precos-do-frango-resfriado-cepea-esalq,Frango Resfriado Cepea/Esalq,,,kg,7.31,"7,31",R$,price,BRL,,spot,,,indicator
2026-02-27,frango,precos-do-frango-resfriado-cepea-esalq,Frango Resfriado Cepea/Esalq,,,variacao_pct,0.0,"0,00",%,change_pct,,pct,spot,,,indicator
2026-03-02,frango,frango-sp,Frango (SP),Frango Atacado,,preco_kg,6.17,"6,17",R$,price,BRL,,spot,,,physical
2026-03-02,frango,frango-sp,Frango (SP),Frango Atacado,,variacao_pct,-0.48,"-0,48",%,change_pct,,pct,spot,,,physical
2026-03-02,frango,frango-sp,Frango (SP),Frango Granja,,preco_kg,4.7,"4,70",R$,price,BRL,,spot,,,physical
2026-03-02,frango,frango-sp,Frango (SP),Frango Granja,,variacao_pct,-2.08,"-2,08",%,change_pct,,pct,spot,,,physical
2026-03-02,frango,frango-vivo-estados,Frango Vivo,Paraná,,preco,4.7,"4,70",R$/Kg,price,BRL,kg,spot,,PR,physical
2026-03-02,frango,frango-vivo-estados,Frango Vivo,Paraná,,variacao_pct,0.0,"0,00",%,change_pct,,pct,spot,,PR,physical
2026-03-02,frango,frango-vivo-estados,Frango Vivo,Santa Catarina,,preco,4.7,"4,70",R$/Kg,price,BRL,kg,spot,,SC,physical
2026-03-02,frango,frango-vivo-estados,Frango Vivo,Santa Catarina,,variacao_pct,0.0,"0,00",%,change_pct,,pct,spot,,SC,physical
2026-03-02,frango,precos-do-frango-congelado-cepea-esalq,Frango Congelado Cepea/Esalq,,,kg,7.12,"7,12",R$,price,BRL,,spot,,,indicator
2026-03-02,frango,precos-do-frango-congelado-cepea-esalq,Frango Congelado Cepea/Esalq,,,variacao_pct,-1.93,"-1,93",%,change_pct,,pct,spot,,,indicator
2026-03-02,frango,precos-do-frango-resfriado-cepea-esalq,Frango Resfriado Cepea/Esalq,,,kg,7.17,"7,17",R$,price,BRL,,spot,,,indicator
2026-03-02,frango,precos-do-frango-resfriado-cepea-esalq,Frango Resfriado Cepea/Esalq,,,variacao_pct,-1.92,"-1,92",%,change_pct,,pct,spot,,,indicator
2026-03-03,frango,frango-sp,Frango (SP),Frango Atacado,,preco_kg,6.18,"6,18",R$,price,BRL,,spot,,,physical
2026-03-03,frango,frango-sp,Frango (SP),Frango Atacado,,variacao_pct,0.16,"+0,16",%,change_pct,,pct,spot,,,physical
2026-03-03,frango,frango-sp,Frango (SP),Frango Granja,,preco_kg,4.7,"4,70",R$,price,BRL,,spot,,,physical
2026-03-03,frango,frango-sp,Frango (SP),Frango Granja,,variacao_pct,0.0,"0,00",%,change_pct,,pct,spot,,,physical
2026-03-03,frango,frango-vivo-estados,Frango Vivo,Paraná,,preco,4.7,"4,70",R$/Kg,price,BRL,kg,spot,,PR,physical
2026-03-03,frango,frango-vivo-estados,Frango Vivo,Paraná,,variacao_pct,0.0,"0,00",%,change_pct,,pct,spot,,PR,physical
2026-03-03,frango,frango-vivo-estados,Frango Vivo,Santa Catarina,,preco,4.73,"4,73",R$/Kg,price,BRL,kg,spot,,SC,physical
2026-03-03,frango,frango-vivo-estados,Frango Vivo,Santa Catarina,,variacao_pct,0.64,"+0,64",%,change_pct,,pct,spot,,SC,physical
2026-03-03,frango,precos-do-frango-congelado-cepea-esalq,Frango Congelado Cepea/Esalq,,,kg,7.07,"7,07",R$,price,BRL,,spot,,,indicator
2026-03-03,frango,precos-do-frango-congelado-cepea-esalq,Frango Congelado Cepea/Esalq,,,variacao_pct,-0.7,"-0,70",%,change_pct,,pct,spot,,,indicator
2026-03-03,frango,precos-do-frango-resfriado-cepea-esalq,Frango Resfriado Cepea/Esalq,,,kg,7.11,"7,11",R$,price,BRL,,spot,,,indicator
2026-03-03,frango,precos-do-frango-resfriado-cepea-esalq,Frango Resfriado Cepea/Esalq,,,variacao_pct,-0.84,"-0,84",%,change_pct,,pct,spot,,,indicator
2026-03-04,frango,frango-sp,Frango (SP),Frango Atacado,,preco_kg,6.2,"6,20",R$,price,BRL,,spot,,,physical
2026-03-04,frango,frango-sp,Frango (SP),Frango Atacado,,variacao_pct,0.32,"+0,32",%,change_pct,,pct,spot,,,physical
2026-03-04,frango,frango-sp,Frango (SP),Frango Granja,,preco_kg,4.6,"4,60",R$,price,BRL,,spot,,,physical
2026-03-04,frango,frango-sp,Frango (SP),Frango Granja,,variacao_pct,-2.13,"-2,13",%,change_pct,,pct,spot,,,physical
2026-03-04,frango,frango-vivo-estados,Frango Vivo,Paraná,,preco,4.7,"4,70",R$/Kg,price,BRL,kg,spot,,PR,physical
2026-03-04,frango,frango-vivo-estados,Frango Vivo,Paraná,,variacao_pct,0.0,"0,00",%,change_pct,,pct,spot,,PR,physical
2026-03-04,frango,frango-vivo-estados,Frango Vivo,Santa Catarina,,preco,4.73,"4,73",R$/Kg,price,BRL,kg,spot,,SC,physical
2026-03-04,frango,frango-vivo-estados,Frango Vivo,Santa Catarina,,variacao_pct,0.0,"0,00",%,change_pct,,pct,spot,,SC,physical
2026-03-04,frango,precos-do-frango-congelado-cepea-esalq,Frango Congelado Cepea/Esalq,,,kg,7.06,"7,06",R$,price,BRL,,spot,,,indicator
2026-03-04,frango,precos-do-frango-congelado-cepea-esalq,Frango Congelado Cepea/Esalq,,,variacao_pct,-0.14,"-0,14",%,change_pct,,pct,spot,,,indicator
2026-03-04,frango,precos-do-frango-resfriado-cepea-esalq,Frango Resfriado Cepea/Esalq,,,kg,7.1,"7,10",R$,price,BRL,,spot,,,indicator
2026-03-04,frango,precos-do-frango-resfriado-cepea-esalq,Frango Resfriado Cepea/Esalq,,,variacao_pct,-0.14,"-0,14",%,change_pct,,pct,spot,,,indicator
2026-03-05,frango,frango-sp,Frango (SP),Frango Atacado,,preco_kg,6.23,"6,23",R$,price,BRL,,spot,,,physical
2026-03-05,frango,frango-sp,Frango (SP),Frango Atacado,,variacao_pct,0.48,"+0,48",%,change_pct,,pct,spot,,,physical
2026-03-05,frango,frango-sp,Frango (SP),Frango Granja,,preco_kg,4.5,"4,50",R$,price,BRL,,spot,,,physical
2026-03-05,frango,frango-sp,Frango (SP),Frango Granja,,variacao_pct,-2.17,"-2,17",%,change_pct,,pct,spot,,,physical
2026-03-05,frango,frango-vivo-estados,Frango Vivo,Paraná,,preco,4.7,"4,70",R$/Kg,price,BRL,kg,spot,,PR,physical
2026-03-05,frango,frango-vivo-estados,Frango Vivo,Paraná,,variacao_pct,0.0,"0,00",%,change_pct,,pct,spot,,PR,physical
2026-03-05,frango,frango-vivo-estados,Frango Vivo,Santa Catarina,,preco,4.73,"4,73",R$/Kg,price,BRL,kg,spot,,SC,physical
2026-03-05,frango,frango-vivo-estados,Frango Vivo,Santa Catarina,,variacao_pct,0.0,"0,00",%,change_pct,,pct,spot,,SC,physical
2026-03-05,frango,precos-do-frango-congelado-cepea-esalq,Frango Congelado Cepea/Esalq,,,kg,7.06,"7,06",R$,price,BRL,,spot,,,indicator
2026-03-05,frango,precos-do-frango-congelado-cepea-esalq,Frango Congelado Cepea/Esalq,,,variacao_pct,0.0,"0,00",%,change_pct,,pct,spot,,,indicator
2026-03-05,frango,precos-do-frango-resfriado-cepea-esalq,Frango Resfriado Cepea/Esalq,,,kg,7.1,"7,10",R$,price,BRL,,spot,,,indicator
2026-03-05,frango,precos-do-frango-resfriado-cepea-esalq,Frango Resfriado Cepea/Esalq,,,variacao_pct,0.0,"0,00",%,change_pct,,pct,spot,,,indicator
2026-03-06,frango,frango-sp,Frango (SP),Frango Atacado,,preco_kg,6.22,"6,22",R$,price,BRL,,spot,,,physical
2026-03-06,frango,frango-sp,Frango (SP),Frango Atacado,,variacao_pct,-0.16,"-0,16",%,change_pct,,pct,spot,,,physical
2026-03-06,frango,frango-sp,Frango (SP),Frango Granja,,preco_kg,4.5,"4,50",R$,price,BRL,,spot,,,physical
2026-03-06,frango,frango-sp,Frango (SP),Frango Granja,,variacao_pct,0.0,"0,00",%,change_pct,,pct,spot,,,physical
2026-03-06,frango,frango-vivo-estados,Frango Vivo,Paraná,,preco,4.55,"4,55",R$/Kg,price,BRL,kg,spot,,PR,physical
2026-03-06,frango,frango-vivo-estados,Frango Vivo,Paraná,,variacao_pct,-3.19,"-3,19",%,change_pct,,pct,spot,,PR,physical
2026-03-06,frango,frango-vivo-estados,Frango Vivo,Santa Catarina,,preco,4.73,"4,73",R$/Kg,price,BRL,kg,spot,,SC,physical
2026-03-06,frango,frango-vivo-estados,Frango Vivo,Santa Catarina,,variacao_pct,0.0,"0,00",%,change_pct,,pct,spot,,SC,physical
2026-03-06,frango,precos-do-frango-congelado-cepea-esalq,Frango Congelado Cepea/Esalq,,,kg,7.06,"7,06",R$,price,BRL,,spot,,,indicator
2026-03-06,frango,precos-do-frango-congelado-cepea-esalq,Frango Congelado Cepea/Esalq,,,variacao_pct,0.0,"0,00",%,change_pct,,pct,spot,,,indicator
2026-03-06,frango,precos-do-frango-resfriado-cepea-esalq,Frango Resfriado Cepea/Esalq,,,kg,7.1,"7,10",R$,price,BRL,,spot,,,indicator
2026-03-06,frango,precos-do-frango-resfriado-cepea-esalq,Frango Resfriado Cepea/Esalq,,,variacao_pct,0.0,"0,00",%,change_pct,,pct,spot,,,indicator
2026-03-09,frango,frango-sp,Frango (SP),Frango Atacado,,preco_kg,6.18,"6,18",R$,price,BRL,,spot,,,physical
2026-03-09,frango,frango-sp,Frango (SP),Frango Atacado,,variacao_pct,-0.64,"-0,64",%,change_pct,,pct,spot,,,physical
2026-03-09,frango,frango-sp,Frango (SP),Frango Granja,,preco_kg,4.5,"4,50",R$,price,BRL,,spot,,,physical
2026-03-09,frango,frango-sp,Frango (SP),Frango Granja,,variacao_pct,0.0,"0,00",%,change_pct,,pct,spot,,,physical
2026-03-09,frango,frango-vivo-estados,Frango Vivo,Paraná,,preco,4.55,"4,55",R$/Kg,price,BRL,kg,spot,,PR,physical
2026-03-09,frango,frango-vivo-estados,Frango Vivo,Paraná,,variacao_pct,0.0,"0,00",%,change_pct,,pct,spot,,PR,physical
2026-03-09,frango,frango-vivo-estados,Frango Vivo,Santa Catarina,,preco,4.73,"4,73",R$/Kg,price,BRL,kg,spot,,SC,physical
2026-03-09,frango,frango-vivo-estados,Frango Vivo,Santa Catarina,,variacao_pct,0.0,"0,00",%,change_pct,,pct,spot,,SC,physical
2026-03-09,frango,precos-do-frango-congelado-cepea-esalq,Frango Congelado Cepea/Esalq,,,kg,7.05,"7,05",R$,price,BRL,,spot,,,indicator
2026-03-09,frango,precos-do-frango-congelado-cepea-esalq,Frango Congelado Cepea/Esalq,,,variacao_pct,-0.14,"-0,14",%,change_pct,,pct,spot,,,indicator
2026-03-09,frango,precos-do-frango-resfriado-cepea-esalq,Frango Resfriado Cepea/Esalq,,,kg,7.09,"7,09",R$,price,BRL,,spot,,,indicator
2026-03-09,frango,precos-do-frango-resfriado-cepea-esalq,Frango Resfriado Cepea/Esalq,,,variacao_pct,-0.14,"-0,14",%,change_pct,,pct,spot,,,indicator
2026-03-10,frango,frango-sp,Frango (SP),Frango Atacado,,preco_kg,6.2,"6,20",R$,price,BRL,,spot,,,physical
2026-03-10,frango,frango-sp,Frango (SP),Frango Atacado,,variacao_pct,0.0,"0,00",%,change_pct,,pct,spot,,,physical
2026-03-10,frango,frango-sp,Frango (SP),Frango Granja,,preco_kg,4.5,"4,50",R$,price,BRL,,spot,,,physical
2026-03-10,frango,frango-sp,Frango (SP),Frango Granja,,variacao_pct,0.0,"0,00",%,change_pct,,pct,spot,,,physical
2026-03-10,frango,frango-vivo-estados,Frango Vivo,Paraná,,preco,4.55,"4,55",R$/Kg,price,BRL,kg,spot,,PR,physical
2026-03-10,frango,frango-vivo-estados,Frango Vivo,Paraná,,variacao_pct,0.0,"0,00",%,change_pct,,pct,spot,,PR,physical
2026-03-10,frango,frango-vivo-estados,Frango Vivo,Santa Catarina,,preco,4.73,"4,73",R$/Kg,price,BRL,kg,spot,,SC,physical
2026-03-10,frango,frango-vivo-estados,Frango Vivo,Santa Catarina,,variacao_pct,0.0,"0,00",%,change_pct,,pct,spot,,SC,physical
2026-03-10,frango,precos-do-frango-congelado-cepea-esalq,Frango Congelado Cepea/Esalq,,,kg,7.05,"7,05",R$,price,BRL,,spot,,,indicator
2026-03-10,frango,precos-do-frango-congelado-cepea-esalq,Frango Congelado Cepea/Esalq,,,variacao_pct,0.0,"0,00",%,change_pct,,pct,spot,,,indicator
2026-03-10,frango,precos-do-frango-resfriado-cepea-esalq,Frango Resfriado Cepea/Esalq,,,kg,7.09,"7,09",R$,price,BRL,,spot,,,indicator
2026-03-10,frango,precos-do-frango-resfriado-cepea-esalq,Frango Resfriado Cepea/Esalq,,,variacao_pct,0.0,"0,00",%,change_pct,,pct,spot,,,indicator
2026-03-11,frango,frango-sp,Frango (SP),Frango Atacado,,preco_kg,6.15,"6,15",R$,price,BRL,,spot,,,physical
2026-03-11,frango,frango-sp,Frango (SP),Frango Atacado,,variacao_pct,-0.81,"-0,81",%,change_pct,,pct,spot,,,physical
2026-03-11,frango,frango-sp,Frango (SP),Frango Granja,,preco_kg,4.5,"4,50",R$,price,BRL,,spot,,,physical
2026-03-11,frango,frango-sp,Frango (SP),Frango Granja,,variacao_pct,0.0,"0,00",%,change_pct,,pct,spot,,,physical
2026-03-11,frango,frango-vivo-estados,Frango Vivo,Paraná,,preco,4.55,"4,55",R$/Kg,price,BRL,kg,spot,,PR,physical
2026-03-11,frango,frango-vivo-estados,Frango Vivo,Paraná,,variacao_pct,0.0,"0,00",%,change_pct,,pct,spot,,PR,physical
2026-03-11,frango,frango-vivo-estados,Frango Vivo,Santa Catarina,,preco,4.73,"4,73",R$/Kg,price,BRL,kg,spot,,SC,physical
2026-03-11,frango,frango-vivo-estados,Frango Vivo,Santa Catarina,,variacao_pct,0.0,"0,00",%,change_pct,,pct,spot,,SC,physical
2026-03-11,frango,precos-do-frango-congelado-cepea-esalq,Frango Congelado Cepea/Esalq,,,kg,7.05,"7,05",R$,price,BRL,,spot,,,indicator
2026-03-11,frango,precos-do-frango-congelado-cepea-esalq,Frango Congelado Cepea/Esalq,,,variacao_pct,0.0,"0,00",%,change_pct,,pct,spot,,,indicator
2026-03-11,frango,precos-do-frango-resfriado-cepea-esalq,Frango Resfriado Cepea/Esalq,,,kg,7.09,"7,09",R$,price,BRL,,spot,,,indicator
2026-03-11,frango,precos-do-frango-resfriado-cepea-esalq,Frango Resfriado Cepea/Esalq,,,variacao_pct,0.0,"0,00",%,change_pct,,pct,spot,,,indicator
2026-03-12,frango,frango-sp,Frango (SP),Frango Atacado,,preco_kg,6.05,"6,05",R$,price,BRL,,spot,,,physical
2026-03-12,frango,frango-sp,Frango (SP),Frango Atacado,,variacao_pct,-1.63,"-1,63",%,change_pct,,pct,spot,,,physical
2026-03-12,frango,frango-sp,Frango (SP),Frango Granja,,preco_kg,4.5,"4,50",R$,price,BRL,,spot,,,physical
2026-03-12,frango,frango-sp,Frango (SP),Frango Granja,,variacao_pct,0.0,"0,00",%,change_pct,,pct,spot,,,physical
2026-03-12,frango,frango-vivo-estados,Frango Vivo,Paraná,,preco,4.55,"4,55",R$/Kg,price,BRL,kg,spot,,PR,physical
2026-03-12,frango,frango-vivo-estados,Frango Vivo,Paraná,,variacao_pct,0.0,"0,00",%,change_pct,,pct,spot,,PR,physical
2026-03-12,frango,frango-vivo-estados,Frango Vivo,Santa Catarina,,preco,4.73,"4,73",R$/Kg,price,BRL,kg,spot,,SC,physical
2026-03-12,frango,frango-vivo-estados,Frango Vivo,Santa Catarina,,variacao_pct,0.0,"0,00",%,change_pct,,pct,spot,,SC,physical
2026-03-12,frango,precos-do-frango-congelado-cepea-esalq,Frango Congelado Cepea/Esalq,,,kg,7.05,"7,05",R$,price,BRL,,spot,,,indicator
2026-03-12,frango,precos-do-frango-congelado-cepea-esalq,Frango Congelado Cepea/Esalq,,,variacao_pct,0.0,"0,00",%,change_pct,,pct,spot,,,indicator
2026-03-12,frango,precos-do-frango-resfriado-cepea-esalq,Frango Resfriado Cepea/Esalq,,,kg,7.09,"7,09",R$,price,BRL,,spot,,,indicator
2026-03-12,frango,precos-do-frango-resfriado-cepea-esalq,Frango Resfriado Cepea/Esalq,,,variacao_pct,0.0,"0,00",%,change_pct,,pct,spot,,,indicator
2026-03-13,frango,frango-sp,Frango (SP),Frango Atacado,,preco_kg,6.0,"6,00",R$,price,BRL,,spot,,,physical
2026-03-13,frango,frango-sp,Frango (SP),Frango Atacado,,variacao_pct,-0.83,"-0,83",%,change_pct,,pct,spot,,,physical
2026-03-13,frango,frango-sp,Frango (SP),Frango Granja,,preco_kg,4.5,"4,50",R$,price,BRL,,spot,,,physical
2026-03-13,frango,frango-sp,Frango (SP),Frango Granja,,variacao_pct,0.0,"0,00",%,change_pct,,pct,spot,,,physical
2026-03-13,frango,frango-vivo-estados,Frango Vivo,Paraná,,preco,4.61,"4,61",R$/Kg,price,BRL,kg,spot,,PR,physical
2026-03-13,frango,frango-vivo-estados,Frango Vivo,Paraná,,variacao_pct,1.32,"+1,32",%,change_pct,,pct,spot,,PR,physical
2026-03-13,frango,frango-vivo-estados,Frango Vivo,Santa Catarina,,preco,4.73,"4,73",R$/Kg,price,BRL,kg,spot,,SC,physical
2026-03-13,frango,frango-vivo-estados,Frango Vivo,Santa Catarina,,variacao_pct,0.0,"0,00",%,change_pct,,pct,spot,,SC,physical
2026-03-13,frango,precos-do-frango-congelado-cepea-esalq,Frango Congelado Cepea/Esalq,,,kg,7.03,"7,03",R$,price,BRL,,spot,,,indicator
2026-03-13,frango,precos-do-frango-congelado-cepea-esalq,Frango Congelado Cepea/Esalq,,,variacao_pct,-0.28,"-0,28",%,change_pct,,pct,spot,,,indicator
2026-03-13,frango,precos-do-frango-resfriado-cepea-esalq,Frango Resfriado Cepea/Esalq,,,kg,7.07,"7,07",R$,price,BRL,,spot,,,indicator
2026-03-13,frango,precos-do-frango-resfriado-cepea-esalq,Frango Resfriado Cepea/Esalq,,,variacao_pct,-0.28,"-0,28",%,change_pct,,pct,spot,,,indicator
2026-03-16,frango,frango-sp,Frango (SP),Frango Atacado,,preco_kg,6.0,"6,00",R$,price,BRL,,spot,,,physical
2026-03-16,frango,frango-sp,Frango (SP),Frango Atacado,,variacao_pct,0.0,"0,00",%,change_pct,,pct,spot,,,physical
2026-03-16,frango,frango-sp,Frango (SP),Frango Granja,,preco_kg,4.5,"4,50",R$,price,BRL,,spot,,,physical
2026-03-16,frango,frango-sp,Frango (SP),Frango Granja,,variacao_pct,0.0,"0,00",%,change_pct,,pct,spot,,,physical
2026-03-16,frango,frango-vivo-estados,Frango Vivo,Paraná,,preco,4.61,"4,61",R$/Kg,price,BRL,kg,spot,,PR,physical
2026-03-16,frango,frango-vivo-estados,Frango Vivo,Paraná,,variacao_pct,0.0,"0,00",%,change_pct,,pct,spot,,PR,physical
2026-03-16,frango,frango-vivo-estados,Frango Vivo,Santa Catarina,,preco,4.73,"4,73",R$/Kg,price,BRL,kg,spot,,SC,physical
2026-03-16,frango,frango-vivo-estados,Frango Vivo,Santa Catarina,,variacao_pct,0.0,"0,00",%,change_pct,,pct,spot,,SC,physical
2026-03-16,frango,precos-do-frango-congelado-cepea-esalq,Frango Congelado Cepea/Esalq,,,kg,7.03,"7,03",R$,price,BRL,,spot,,,indicator
2026-03-16,frango,precos-do-frango-congelado-cepea-esalq,Frango Congelado Cepea/Esalq,,,variacao_pct,0.0,"0,00",%,change_pct,,pct,spot,,,indicator
2026-03-16,frango,precos-do-frango-resfriado-cepea-esalq,Frango Resfriado Cepea/Esalq,,,kg,7.04,"7,04",R$,price,BRL,,spot,,,indicator
2026-03-16,frango,precos-do-frango-resfriado-cepea-esalq,Frango Resfriado Cepea/Esalq,,,variacao_pct,-0.42,"-0,42",%,change_pct,,pct,spot,,,indicator
2026-03-17,frango,frango-sp,Frango (SP),Frango Atacado,,preco_kg,6.1,"6,10",R$,price,BRL,,spot,,,physical
2026-03-17,frango,frango-sp,Frango (SP),Frango Atacado,,variacao_pct,1.67,"+1,67",%,change_pct,,pct,spot,,,physical
2026-03-17,frango,frango-sp,Frango (SP),Frango Granja,,preco_kg,4.5,"4,50",R$,price,BRL,,spot,,,physical
2026-03-17,frango,frango-sp,Frango (SP),Frango Granja,,variacao_pct,0.0,"0,00",%,change_pct,,pct,spot,,,physical
2026-03-17,frango,frango-vivo-estados,Frango Vivo,Paraná,,preco,4.61,"4,61",R$/Kg,price,BRL,kg,spot,,PR,physical
2026-03-17,frango,frango-vivo-estados,Frango Vivo,Paraná,,variacao_pct,0.0,"0,00",%,change_pct,,pct,spot,,PR,physical
2026-03-17,frango,frango-vivo-estados,Frango Vivo,Santa Catarina,,preco,4.73,"4,73",R$/Kg,price,BRL,kg,spot,,SC,physical
2026-03-17,frango,frango-vivo-estados,Frango Vivo,Santa Catarina,,variacao_pct,0.0,"0,00",%,change_pct,,pct,spot,,SC,physical
2026-03-17,frango,precos-do-frango-congelado-cepea-esalq,Frango Congelado Cepea/Esalq,,,kg,7.0,"7,00",R$,price,BRL,,spot,,,indicator
2026-03-17,frango,precos-do-frango-congelado-cepea-esalq,Frango Congelado Cepea/Esalq,,,variacao_pct,-0.43,"-0,43",%,change_pct,,pct,spot,,,indicator
2026-03-17,frango,precos-do-frango-resfriado-cepea-esalq,Frango Resfriado Cepea/Esalq,,,kg,7.01,"7,01",R$,price,BRL,,spot,,,indicator
2026-03-17,frango,precos-do-frango-resfriado-cepea-esalq,Frango Resfriado Cepea/Esalq,,,variacao_pct,-0.43,"-0,43",%,change_pct,,pct,spot,,,indicator
2026-03-18,frango,frango-sp,Frango (SP),Frango Atacado,,preco_kg,6.1,"6,10",R$,price,BRL,,spot,,,physical
2026-03-18,frango,frango-sp,Frango (SP),Frango Atacado,,variacao_pct,0.0,"0,00",%,change_pct,,pct,spot,,,physical
2026-03-18,frango,frango-sp,Frango (SP),Frango Granja,,preco_kg,4.5,"4,50",R$,price,BRL,,spot,,,physical
2026-03-18,frango,frango-sp,Frango (SP),Frango Granja,,variacao_pct,0.0,"0,00",%,change_pct,,pct,spot,,,physical
2026-03-18,frango,frango-vivo-estados,Frango Vivo,Paraná,,preco,4.61,"4,61",R$/Kg,price,BRL,kg,spot,,PR,physical
2026-03-18,frango,frango-vivo-estados,Frango Vivo,Paraná,,variacao_pct,0.0,"0,00",%,change_pct,,pct,spot,,PR,physical
2026-03-18,frango,frango-vivo-estados,Frango Vivo,Santa Catarina,,preco,4.73,"4,73",R$/Kg,price,BRL,kg,spot,,SC,physical
2026-03-18,frango,frango-vivo-estados,Frango Vivo,Santa Catarina,,variacao_pct,0.0,"0,00",%,change_pct,,pct,spot,,SC,physical
2026-03-18,frango,precos-do-frango-congelado-cepea-esalq,Frango Congelado Cepea/Esalq,,,kg,6.81,"6,81",R$,price,BRL,,spot,,,indicator
2026-03-18,frango,precos-do-frango-congelado-cepea-esalq,Frango Congelado Cepea/Esalq,,,variacao_pct,-2.71,"-2,71",%,change_pct,,pct,spot,,,indicator
2026-03-18,frango,precos-do-frango-resfriado-cepea-esalq,Frango Resfriado Cepea/Esalq,,,kg,6.87,"6,87",R$,price,BRL,,spot,,,indicator
2026-03-18,frango,precos-do-frango-resfriado-cepea-esalq,Frango Resfriado Cepea/Esalq,,,variacao_pct,-2.0,"-2,00",%,change_pct,,pct,spot,,,indicator
2026-03-19,frango,frango-sp,Frango (SP),Frango Atacado,,preco_kg,6.1,"6,10",R$,price,BRL,,spot,,,physical
2026-03-19,frango,frango-sp,Frango (SP),Frango Atacado,,variacao_pct,0.0,"0,00",%,change_pct,,pct,spot,,,physical
2026-03-19,frango,frango-sp,Frango (SP),Frango Granja,,preco_kg,4.5,"4,50",R$,price,BRL,,spot,,,physical
2026-03-19,frango,frango-sp,Frango (SP),Frango Granja,,variacao_pct,0.0,"0,00",%,change_pct,,pct,spot,,,physical
2026-03-19,frango,frango-vivo-estados,Frango Vivo,Paraná,,preco,4.61,"4,61",R$/Kg,price,BRL,kg,spot,,PR,physical
2026-03-19,frango,frango-vivo-estados,Frango Vivo,Paraná,,variacao_pct,0.0,"0,00",%,change_pct,,pct,spot,,PR,physical
2026-03-19,frango,frango-vivo-estados,Frango Vivo,Santa Catarina,,preco,4.73,"4,73",R$/Kg,price,BRL,kg,spot,,SC,physical
2026-03-19,frango,frango-vivo-estados,Frango Vivo,Santa Catarina,,variacao_pct,0.0,"0,00",%,change_pct,,pct,spot,,SC,physical
2026-03-19,frango,precos-do-frango-congelado-cepea-esalq,Frango Congelado Cepea/Esalq,,,kg,6.81,"6,81",R$,price,BRL,,spot,,,indicator
2026-03-19,frango,precos-do-frango-congelado-cepea-esalq,Frango Congelado Cepea/Esalq,,,variacao_pct,0.0,"0,00",%,change_pct,,pct,spot,,,indicator
2026-03-19,frango,precos-do-frango-resfriado-cepea-esalq,Frango Resfriado Cepea/Esalq,,,kg,6.87,"6,87",R$,price,BRL,,spot,,,indicator
2026-03-19,frango,precos-do-frango-resfriado-cepea-esalq,Frango Resfriado Cepea/Esalq,,,variacao_pct,0.0,"0,00",%,change_pct,,pct,spot,,,indicator
2026-03-20,frango,frango-sp,Frango (SP),Frango Atacado,,preco_kg,6.1,"6,10",R$,price,BRL,,spot,,,physical
2026-03-20,frango,frango-sp,Frango (SP),Frango Atacado,,variacao_pct,0.0,"0,00",%,change_pct,,pct,spot,,,physical
2026-03-20,frango,frango-sp,Frango (SP),Frango Granja,,preco_kg,4.5,"4,50",R$,price,BRL,,spot,,,physical
2026-03-20,frango,frango-sp,Frango (SP),Frango Granja,,variacao_pct,0.0,"0,00",%,change_pct,,pct,spot,,,physical
2026-03-20,frango,frango-vivo-estados,Frango Vivo,Paraná,,preco,4.61,"4,61",R$/Kg,price,BRL,kg,spot,,PR,physical
2026-03-20,frango,frango-vivo-estados,Frango Vivo,Paraná,,variacao_pct,0.0,"0,00",%,change_pct,,pct,spot,,PR,physical
2026-03-20,frango,frango-vivo-estados,Frango Vivo,Santa Catarina,,preco,4.73,"4,73",R$/Kg,price,BRL,kg,spot,,SC,physical
2026-03-20,frango,frango-vivo-estados,Frango Vivo,Santa Catarina,,variacao_pct,0.0,"0,00",%,change_pct,,pct,spot,,SC,physical
2026-03-20,frango,precos-do-frango-congelado-cepea-esalq,Frango Congelado Cepea/Esalq,,,kg,6.81,"6,81",R$,price,BRL,,spot,,,indicator
2026-03-20,frango,precos-do-frango-congelado-cepea-esalq,Frango Congelado Cepea/Esalq,,,variacao_pct,0.0,"0,00",%,change_pct,,pct,spot,,,indicator
2026-03-20,frango,precos-do-frango-resfriado-cepea-esalq,Frango Resfriado Cepea/Esalq,,,kg,6.87,"6,87",R$,price,BRL,,spot,,,indicator
2026-03-20,frango,precos-do-frango-resfriado-cepea-esalq,Frango Resfriado Cepea/Esalq,,,variacao_pct,0.0,"0,00",%,change_pct,,pct,spot,,,indicator
2026-03-23,frango,frango-sp,Frango (SP),Frango Atacado,,preco_kg,6.15,"6,15",R$,price,BRL,,spot,,,physical
2026-03-23,frango,frango-sp,Frango (SP),Frango Atacado,,variacao_pct,0.82,"+0,82",%,change_pct,,pct,spot,,,physical
2026-03-23,frango,frango-sp,Frango (SP),Frango Granja,,preco_kg,4.5,"4,50",R$,price,BRL,,spot,,,physical
2026-03-23,frango,frango-sp,Frango (SP),Frango Granja,,variacao_pct,0.0,"0,00",%,change_pct,,pct,spot,,,physical
2026-03-23,frango,frango-vivo-estados,Frango Vivo,Paraná,,preco,4.61,"4,61",R$/Kg,price,BRL,kg,spot,,PR,physical
2026-03-23,frango,frango-vivo-estados,Frango Vivo,Paraná,,variacao_pct,0.0,"0,00",%,change_pct,,pct,spot,,PR,physical
2026-03-23,frango,frango-vivo-estados,Frango Vivo,Santa Catarina,,preco,4.73,"4,73",R$/Kg,price,BRL,kg,spot,,SC,physical
2026-03-23,frango,frango-vivo-estados,Frango Vivo,Santa Catarina,,variacao_pct,0.0,"0,00",%,change_pct,,pct,spot,,SC,physical
2026-03-23,frango,precos-do-frango-congelado-cepea-esalq,Frango Congelado Cepea/Esalq,,,kg,6.88,"6,88",R$,price,BRL,,spot,,,indicator
2026-03-23,frango,precos-do-frango-congelado-cepea-esalq,Frango Congelado Cepea/Esalq,,,variacao_pct,1.03,"+1,03",%,change_pct,,pct,spot,,,indicator
2026-03-23,frango,precos-do-frango-resfriado-cepea-esalq,Frango Resfriado Cepea/Esalq,,,kg,6.93,"6,93",R$,price,BRL,,spot,,,indicator
2026-03-23,frango,precos-do-frango-resfriado-cepea-esalq,Frango Resfriado Cepea/Esalq,,,variacao_pct,0.87,"+0,87",%,change_pct,,pct,spot,,,indicator
2026-03-24,frango,frango-sp,Frango (SP),Frango Atacado,,preco_kg,6.35,"6,35",R$,price,BRL,,spot,,,physical
2026-03-24,frango,frango-sp,Frango (SP),Frango Atacado,,variacao_pct,3.25,"+3,25",%,change_pct,,pct,spot,,,physical
2026-03-24,frango,frango-sp,Frango (SP),Frango Granja,,preco_kg,4.5,"4,50",R$,price,BRL,,spot,,,physical
2026-03-24,frango,frango-sp,Frango (SP),Frango Granja,,variacao_pct,0.0,"0,00",%,change_pct,,pct,spot,,,physical
2026-03-24,frango,frango-vivo-estados,Frango Vivo,Paraná,,preco,4.61,"4,61",R$/Kg,price,BRL,kg,spot,,PR,physical
2026-03-24,frango,frango-vivo-estados,Frango Vivo,Paraná,,variacao_pct,0.0,"0,00",%,change_pct,,pct,spot,,PR,physical
2026-03-24,frango,frango-vivo-estados,Frango Vivo,Santa Catarina,,preco,4.73,"4,73",R$/Kg,price,BRL,kg,spot,,SC,physical
2026-03-24,frango,frango-vivo-estados,Frango Vivo,Santa Catarina,,variacao_pct,0.0,"0,00",%,change_pct,,pct,spot,,SC,physical
2026-03-24,frango,precos-do-frango-congelado-cepea-esalq,Frango Congelado Cepea/Esalq,,,kg,6.88,"6,88",R$,price,BRL,,spot,,,indicator
2026-03-24,frango,precos-do-frango-congelado-cepea-esalq,Frango Congelado Cepea/Esalq,,,variacao_pct,0.0,"0,00",%,change_pct,,pct,spot,,,indicator
2026-03-24,frango,precos-do-frango-resfriado-cepea-esalq,Frango Resfriado Cepea/Esalq,,,kg,6.93,"6,93",R$,price,BRL,,spot,,,indicator
2026-03-24,frango,precos-do-frango-resfriado-cepea-esalq,Frango Resfriado Cepea/Esalq,,,variacao_pct,0.0,"0,00",%,change_pct,,pct,spot,,,indicator
2026-03-25,frango,frango-sp,Frango (SP),Frango Atacado,,preco_kg,6.48,"6,48",R$,price,BRL,,spot,,,physical
2026-03-25,frango,frango-sp,Frango (SP),Frango Atacado,,variacao_pct,2.05,"+2,05",%,change_pct,,pct,spot,,,physical
2026-03-25,frango,frango-sp,Frango (SP),Frango Granja,,preco_kg,4.5,"4,50",R$,price,BRL,,spot,,,physical
2026-03-25,frango,frango-sp,Frango (SP),Frango Granja,,variacao_pct,0.0,"0,00",%,change_pct,,pct,spot,,,physical
2026-03-25,frango,frango-vivo-estados,Frango Vivo,Paraná,,preco,4.61,"4,61",R$/Kg,price,BRL,kg,spot,,PR,physical
2026-03-25,frango,frango-vivo-estados,Frango Vivo,Paraná,,variacao_pct,0.0,"0,00",%,change_pct,,pct,spot,,PR,physical
2026-03-25,frango,frango-vivo-estados,Frango Vivo,Santa Catarina,,preco,4.73,"4,73",R$/Kg,price,BRL,kg,spot,,SC,physical
2026-03-25,frango,frango-vivo-estados,Frango Vivo,Santa Catarina,,variacao_pct,0.0,"0,00",%,change_pct,,pct,spot,,SC,physical
2026-03-25,frango,precos-do-frango-congelado-cepea-esalq,Frango Congelado Cepea/Esalq,,,kg,6.9,"6,90",R$,price,BRL,,spot,,,indicator
2026-03-25,frango,precos-do-frango-congelado-cepea-esalq,Frango Congelado Cepea/Esalq,,,variacao_pct,0.29,"+0,29",%,change_pct,,pct,spot,,,indicator
2026-03-25,frango,precos-do-frango-resfriado-cepea-esalq,Frango Resfriado Cepea/Esalq,,,kg,6.92,"6,92",R$,price,BRL,,spot,,,indicator
2026-03-25,frango,precos-do-frango-resfriado-cepea-esalq,Frango Resfriado Cepea/Esalq,,,variacao_pct,-0.14,"-0,14",%,change_pct,,pct,spot,,,indicator
2026-03-26,frango,frango-sp,Frango (SP),Frango Atacado,,preco_kg,6.55,"6,55",R$,price,BRL,,spot,,,physical
2026-03-26,frango,frango-sp,Frango (SP),Frango Atacado,,variacao_pct,1.08,"+1,08",%,change_pct,,pct,spot,,,physical
2026-03-26,frango,frango-sp,Frango (SP),Frango Granja,,preco_kg,4.5,"4,50",R$,price,BRL,,spot,,,physical
2026-03-26,frango,frango-sp,Frango (SP),Frango Granja,,variacao_pct,0.0,"0,00",%,change_pct,,pct,spot,,,physical
2026-03-26,frango,frango-vivo-estados,Frango Vivo,Paraná,,preco,4.61,"4,61",R$/Kg,price,BRL,kg,spot,,PR,physical
2026-03-26,frango,frango-vivo-estados,Frango Vivo,Paraná,,variacao_pct,0.0,"0,00",%,change_pct,,pct,spot,,PR,physical
2026-03-26,frango,frango-vivo-estados,Frango Vivo,Santa Catarina,,preco,4.73,"4,73",R$/Kg,price,BRL,kg,spot,,SC,physical
2026-03-26,frango,frango-vivo-estados,Frango Vivo,Santa Catarina,,variacao_pct,0.0,"0,00",%,change_pct,,pct,spot,,SC,physical
2026-03-26,frango,precos-do-frango-congelado-cepea-esalq,Frango Congelado Cepea/Esalq,,,kg,6.9,"6,90",R$,price,BRL,,spot,,,indicator
2026-03-26,frango,precos-do-frango-congelado-cepea-esalq,Frango Congelado Cepea/Esalq,,,variacao_pct,0.0,"0,00",%,change_pct,,pct,spot,,,indicator
2026-03-26,frango,precos-do-frango-resfriado-cepea-esalq,Frango Resfriado Cepea/Esalq,,,kg,6.9,"6,90",R$,price,BRL,,spot,,,indicator
2026-03-26,frango,precos-do-frango-resfriado-cepea-esalq,Frango Resfriado Cepea/Esalq,,,variacao_pct,-0.29,"-0,29",%,change_pct,,pct,spot,,,indicator
2026-03-27,frango,frango-sp,Frango (SP),Frango Atacado,,preco_kg,6.55,"6,55",R$,price,BRL,,spot,,,physical
2026-03-27,frango,frango-sp,Frango (SP),Frango Atacado,,variacao_pct,0.0,"0,00",%,change_pct,,pct,spot,,,physical
2026-03-27,frango,frango-sp,Frango (SP),Frango Granja,,preco_kg,4.5,"4,50",R$,price,BRL,,spot,,,physical
2026-03-27,frango,frango-sp,Frango (SP),Frango Granja,,variacao_pct,0.0,"0,00",%,change_pct,,pct,spot,,,physical
2026-03-27,frango,frango-vivo-estados,Frango Vivo,Paraná,,preco,4.61,"4,61",R$/Kg,price,BRL,kg,spot,,PR,physical
2026-03-27,frango,frango-vivo-estados,Frango Vivo,Paraná,,variacao_pct,0.0,"0,00",%,change_pct,,pct,spot,,PR,physical
2026-03-27,frango,frango-vivo-estados,Frango Vivo,Santa Catarina,,preco,4.73,"4,73",R$/Kg,price,BRL,kg,spot,,SC,physical
2026-03-27,frango,frango-vivo-estados,Frango Vivo,Santa Catarina,,variacao_pct,0.0,"0,00",%,change_pct,,pct,spot,,SC,physical
2026-03-27,frango,precos-do-frango-congelado-cepea-esalq,Frango Congelado Cepea/Esalq,,,kg,6.95,"6,95",R$,price,BRL,,spot,,,indicator
2026-03-27,frango,precos-do-frango-congelado-cepea-esalq,Frango Congelado Cepea/Esalq,,,variacao_pct,0.72,"+0,72",%,change_pct,,pct,spot,,,indicator
2026-03-27,frango,precos-do-frango-resfriado-cepea-esalq,Frango Resfriado Cepea/Esalq,,,kg,6.95,"6,95",R$,price,BRL,,spot,,,indicator
2026-03-27,frango,precos-do-frango-resfriado-cepea-esalq,Frango Resfriado Cepea/Esalq,,,variacao_pct,0.72,"+0,72",%,change_pct,,pct,spot,,,indicator
2026-03-30,frango,frango-sp,Frango (SP),Frango Atacado,,preco_kg,6.55,"6,55",R$,price,BRL,,spot,,,physical
2026-03-30,frango,frango-sp,Frango (SP),Frango Atacado,,variacao_pct,0.0,"0,00",%,change_pct,,pct,spot,,,physical
2026-03-30,frango,frango-sp,Frango (SP),Frango Granja,,preco_kg,4.5,"4,50",R$,price,BRL,,spot,,,physical
2026-03-30,frango,frango-sp,Frango (SP),Frango Granja,,variacao_pct,0.0,"0,00",%,change_pct,,pct,spot,,,physical
2026-03-30,frango,frango-vivo-estados,Frango Vivo,Paraná,,preco,4.61,"4,61",R$/Kg,price,BRL,kg,spot,,PR,physical
2026-03-30,frango,frango-vivo-estados,Frango Vivo,Paraná,,variacao_pct,0.0,"0,00",%,change_pct,,pct,spot,,PR,physical
2026-03-30,frango,frango-vivo-estados,Frango Vivo,Santa Catarina,,preco,4.73,"4,73",R$/Kg,price,BRL,kg,spot,,SC,physical
2026-03-30,frango,frango-vivo-estados,Frango Vivo,Santa Catarina,,variacao_pct,0.0,"0,00",%,change_pct,,pct,spot,,SC,physical
2026-03-30,frango,precos-do-frango-congelado-cepea-esalq,Frango Congelado Cepea/Esalq,,,kg,7.12,"7,12",R$,price,BRL,,spot,,,indicator
2026-03-30,frango,precos-do-frango-congelado-cepea-esalq,Frango Congelado Cepea/Esalq,,,variacao_pct,2.45,"+2,45",%,change_pct,,pct,spot,,,indicator
2026-03-30,frango,precos-do-frango-resfriado-cepea-esalq,Frango Resfriado Cepea/Esalq,,,kg,7.09,"7,09",R$,price,BRL,,spot,,,indicator
2026-03-30,frango,precos-do-frango-resfriado-cepea-esalq,Frango Resfriado Cepea/Esalq,,,variacao_pct,2.01,"+2,01",%,change_pct,,pct,spot,,,indicator
2026-03-31,frango,frango-sp,Frango (SP),Frango Atacado,,preco_kg,6.7,"6,70",R$,price,BRL,,spot,,,physical
2026-03-31,frango,frango-sp,Frango (SP),Frango Atacado,,variacao_pct,2.29,"+2,29",%,change_pct,,pct,spot,,,physical
2026-03-31,frango,frango-sp,Frango (SP),Frango Granja,,preco_kg,4.5,"4,50",R$,price,BRL,,spot,,,physical
2026-03-31,frango,frango-sp,Frango (SP),Frango Granja,,variacao_pct,0.0,"0,00",%,change_pct,,pct,spot,,,physical
2026-03-31,frango,frango-vivo-estados,Frango Vivo,Paraná,,preco,4.61,"4,61",R$/Kg,price,BRL,kg,spot,,PR,physical
2026-03-31,frango,frango-vivo-estados,Frango Vivo,Paraná,,variacao_pct,0.0,"0,00",%,change_pct,,pct,spot,,PR,physical
2026-03-31,frango,frango-vivo-estados,Frango Vivo,Santa Catarina,,preco,4.73,"4,73",R$/Kg,price,BRL,kg,spot,,SC,physical
2026-03-31,frango,frango-vivo-estados,Frango Vivo,Santa Catarina,,variacao_pct,0.0,"0,00",%,change_pct,,pct,spot,,SC,physical
2026-03-31,frango,precos-do-frango-congelado-cepea-esalq,Frango Congelado Cepea/Esalq,,,kg,7.24,"7,24",R$,price,BRL,,spot,,,indicator
2026-03-31,frango,precos-do-frango-congelado-cepea-esalq,Frango Congelado Cepea/Esalq,,,variacao_pct,2.12,"+2,12",%,change_pct,,pct,spot,,,indicator
2026-03-31,frango,precos-do-frango-resfriado-cepea-esalq,Frango Resfriado Cepea/Esalq,,,kg,7.27,"7,27",R$,price,BRL,,spot,,,indicator
2026-03-31,frango,precos-do-frango-resfriado-cepea-esalq,Frango Resfriado Cepea/Esalq,,,variacao_pct,2.11,"+2,11",%,change_pct,,pct,spot,,,indicator
2026-04-01,frango,frango-sp,Frango (SP),Frango Atacado,,preco_kg,6.8,"6,80",R$,price,BRL,,spot,,,physical
2026-04-01,frango,frango-sp,Frango (SP),Frango Atacado,,variacao_pct,1.49,"+1,49",%,change_pct,,pct,spot,,,physical
2026-04-01,frango,frango-sp,Frango (SP),Frango Granja,,preco_kg,4.5,"4,50",R$,price,BRL,,spot,,,physical
2026-04-01,frango,frango-sp,Frango (SP),Frango Granja,,variacao_pct,0.0,"0,00",%,change_pct,,pct,spot,,,physical
2026-04-01,frango,frango-vivo-estados,Frango Vivo,Paraná,,preco,4.61,"4,61",R$/Kg,price,BRL,kg,spot,,PR,physical
2026-04-01,frango,frango-vivo-estados,Frango Vivo,Paraná,,variacao_pct,0.0,"0,00",%,change_pct,,pct,spot,,PR,physical
2026-04-01,frango,frango-vivo-estados,Frango Vivo,Santa Catarina,,preco,4.73,"4,73",R$/Kg,price,BRL,kg,spot,,SC,physical
2026-04-01,frango,frango-vivo-estados,Frango Vivo,Santa Catarina,,variacao_pct,0.0,"0,00",%,change_pct,,pct,spot,,SC,physical
2026-04-01,frango,precos-do-frango-congelado-cepea-esalq,Frango Congelado Cepea/Esalq,,,kg,7.24,"7,24",R$,price,BRL,,spot,,,indicator
2026-04-01,frango,precos-do-frango-congelado-cepea-esalq,Frango Congelado Cepea/Esalq,,,variacao_pct,0.0,"0,00",%,change_pct,,pct,spot,,,indicator
2026-04-01,frango,precos-do-frango-resfriado-cepea-esalq,Frango Resfriado Cepea/Esalq,,,kg,7.27,"7,27",R$,price,BRL,,spot,,,indicator
2026-04-01,frango,precos-do-frango-resfriado-cepea-esalq,Frango Resfriado Cepea/Esalq,,,variacao_pct,0.0,"0,00",%,change_pct,,pct,spot,,,indicator
2026-04-02,frango,frango-sp,Frango (SP),Frango Atacado,,preco_kg,6.87,"6,87",R$,price,BRL,,spot,,,physical
2026-04-02,frango,frango-sp,Frango (SP),Frango Atacado,,variacao_pct,1.03,"+1,03",%,change_pct,,pct,spot,,,physical
2026-04-02,frango,frango-sp,Frango (SP),Frango Granja,,preco_kg,4.5,"4,50",R$,price,BRL,,spot,,,physical
2026-04-02,frango,frango-sp,Frango (SP),Frango Granja,,variacao_pct,0.0,"0,00",%,change_pct,,pct,spot,,,physical
2026-04-02,frango,frango-vivo-estados,Frango Vivo,Paraná,,preco,4.61,"4,61",R$/Kg,price,BRL,kg,spot,,PR,physical
2026-04-02,frango,frango-vivo-estados,Frango Vivo,Paraná,,variacao_pct,0.0,"0,00",%,change_pct,,pct,spot,,PR,physical
2026-04-02,frango,frango-vivo-estados,Frango Vivo,Santa Catarina,,preco,4.76,"4,76",R$/Kg,price,BRL,kg,spot,,SC,physical
2026-04-02,frango,frango-vivo-estados,Frango Vivo,Santa Catarina,,variacao_pct,0.63,"+0,63",%,change_pct,,pct,spot,,SC,physical
2026-04-06,frango,frango-sp,Frango (SP),Frango Atacado,,preco_kg,6.9,"6,90",R$,price,BRL,,spot,,,physical
2026-04-06,frango,frango-sp,Frango (SP),Frango Atacado,,variacao_pct,0.44,"+0,44",%,change_pct,,pct,spot,,,physical
2026-04-06,frango,frango-sp,Frango (SP),Frango Granja,,preco_kg,4.5,"4,50",R$,price,BRL,,spot,,,physical
2026-04-06,frango,frango-sp,Frango (SP),Frango Granja,,variacao_pct,0.0,"0,00",%,change_pct,,pct,spot,,,physical
2026-04-06,frango,frango-vivo-estados,Frango Vivo,Paraná,,preco,4.61,"4,61",R$/Kg,price,BRL,kg,spot,,PR,physical
2026-04-06,frango,frango-vivo-estados,Frango Vivo,Paraná,,variacao_pct,0.0,"0,00",%,change_pct,,pct,spot,,PR,physical
2026-04-06,frango,frango-vivo-estados,Frango Vivo,Santa Catarina,,preco,4.76,"4,76",R$/Kg,price,BRL,kg,spot,,SC,physical
2026-04-06,frango,frango-vivo-estados,Frango Vivo,Santa Catarina,,variacao_pct,0.0,"0,00",%,change_pct,,pct,spot,,SC,physical
2026-04-06,frango,precos-do-frango-congelado-cepea-esalq,Frango Congelado Cepea/Esalq,,,kg,7.27,"7,27",R$,price,BRL,,spot,,,indicator
2026-04-06,frango,precos-do-frango-congelado-cepea-esalq,Frango Congelado Cepea/Esalq,,,variacao_pct,0.41,"+0,41",%,change_pct,,pct,spot,,,indicator
2026-04-06,frango,precos-do-frango-resfriado-cepea-esalq,Frango Resfriado Cepea/Esalq,,,kg,7.3,"7,30",R$,price,BRL,,spot,,,indicator
2026-04-06,frango,precos-do-frango-resfriado-cepea-esalq,Frango Resfriado Cepea/Esalq,,,variacao_pct,0.41,"+0,41",%,change_pct,,pct,spot,,,indicator
2026-04-07,frango,frango-sp,Frango (SP),Frango Atacado,,preco_kg,7.1,"7,10",R$,price,BRL,,spot,,,physical
2026-04-07,frango,frango-sp,Frango (SP),Frango Atacado,,variacao_pct,2.9,"+2,90",%,change_pct,,pct,spot,,,physical
2026-04-07,frango,frango-sp,Frango (SP),Frango Granja,,preco_kg,4.5,"4,50",R$,price,BRL,,spot,,,physical
2026-04-07,frango,frango-sp,Frango (SP),Frango Granja,,variacao_pct,0.0,"0,00",%,change_pct,,pct,spot,,,physical
2026-04-07,frango,frango-vivo-estados,Frango Vivo,Paraná,,preco,4.61,"4,61",R$/Kg,price,BRL,kg,spot,,PR,physical
2026-04-07,frango,frango-vivo-estados,Frango Vivo,Paraná,,variacao_pct,0.0,"0,00",%,change_pct,,pct,spot,,PR,physical
2026-04-07,frango,frango-vivo-estados,Frango Vivo,Santa Catarina,,preco,4.76,"4,76",R$/Kg,price,BRL,kg,spot,,SC,physical
2026-04-07,frango,frango-vivo-estados,Frango Vivo,Santa Catarina,,variacao_pct,0.0,"0,00",%,change_pct,,pct,spot,,SC,physical
2026-04-07,frango,precos-do-frango-congelado-cepea-esalq,Frango Congelado Cepea/Esalq,,,kg,7.27,"7,27",R$,price,BRL,,spot,,,indicator
2026-04-07,frango,precos-do-frango-congelado-cepea-esalq,Frango Congelado Cepea/Esalq,,,variacao_pct,0.0,"0,00",%,change_pct,,pct,spot,,,indicator
2026-04-07,frango,precos-do-frango-resfriado-cepea-esalq,Frango Resfriado Cepea/Esalq,,,kg,7.3,"7,30",R$,price,BRL,,spot,,,indicator
2026-04-07,frango,precos-do-frango-resfriado-cepea-esalq,Frango Resfriado Cepea/Esalq,,,variacao_pct,0.0,"0,00",%,change_pct,,pct,spot,,,indicator
2026-04-08,frango,frango-sp,Frango (SP),Frango Atacado,,preco_kg,7.1,"7,10",R$,price,BRL,,spot,,,physical
2026-04-08,frango,frango-sp,Frango (SP),Frango Atacado,,variacao_pct,0.0,"0,00",%,change_pct,,pct,spot,,,physical
2026-04-08,frango,frango-sp,Frango (SP),Frango Granja,,preco_kg,4.5,"4,50",R$,price,BRL,,spot,,,physical
2026-04-08,frango,frango-sp,Frango (SP),Frango Granja,,variacao_pct,0.0,"0,00",%,change_pct,,pct,spot,,,physical
2026-04-08,frango,frango-vivo-estados,Frango Vivo,Paraná,,preco,4.61,"4,61",R$/Kg,price,BRL,kg,spot,,PR,physical
2026-04-08,frango,frango-vivo-estados,Frango Vivo,Paraná,,variacao_pct,0.0,"0,00",%,change_pct,,pct,spot,,PR,physical
2026-04-08,frango,frango-vivo-estados,Frango Vivo,Santa Catarina,,preco,4.76,"4,76",R$/Kg,price,BRL,kg,spot,,SC,physical
2026-04-08,frango,frango-vivo-estados,Frango Vivo,Santa Catarina,,variacao_pct,0.0,"0,00",%,change_pct,,pct,spot,,SC,physical
2026-04-08,frango,precos-do-frango-congelado-cepea-esalq,Frango Congelado Cepea/Esalq,,,kg,7.29,"7,29",R$,price,BRL,,spot,,,indicator
2026-04-08,frango,precos-do-frango-congelado-cepea-esalq,Frango Congelado Cepea/Esalq,,,variacao_pct,0.28,"+0,28",%,change_pct,,pct,spot,,,indicator
2026-04-08,frango,precos-do-frango-resfriado-cepea-esalq,Frango Resfriado Cepea/Esalq,,,kg,7.3,"7,30",R$,price,BRL,,spot,,,indicator
2026-04-08,frango,precos-do-frango-resfriado-cepea-esalq,Frango Resfriado Cepea/Esalq,,,variacao_pct,0.0,"0,00",%,change_pct,,pct,spot,,,indicator
2026-04-09,frango,frango-sp,Frango (SP),Frango Atacado,,preco_kg,7.07,"7,07",R$,price,BRL,,spot,,,physical
2026-04-09,frango,frango-sp,Frango (SP),Frango Atacado,,variacao_pct,-0.42,"-0,42",%,change_pct,,pct,spot,,,physical
2026-04-09,frango,frango-sp,Frango (SP),Frango Granja,,preco_kg,4.5,"4,50",R$,price,BRL,,spot,,,physical
2026-04-09,frango,frango-sp,Frango (SP),Frango Granja,,variacao_pct,0.0,"0,00",%,change_pct,,pct,spot,,,physical
2026-04-09,frango,frango-vivo-estados,Frango Vivo,Paraná,,preco,4.61,"4,61",R$/Kg,price,BRL,kg,spot,,PR,physical
2026-04-09,frango,frango-vivo-estados,Frango Vivo,Paraná,,variacao_pct,0.0,"0,00",%,change_pct,,pct,spot,,PR,physical
2026-04-09,frango,frango-vivo-estados,Frango Vivo,Santa Catarina,,preco,4.76,"4,76",R$/Kg,price,BRL,kg,spot,,SC,physical
2026-04-09,frango,frango-vivo-estados,Frango Vivo,Santa Catarina,,variacao_pct,0.0,"0,00",%,change_pct,,pct,spot,,SC,physical
2026-04-09,frango,precos-do-frango-congelado-cepea-esalq,Frango Congelado Cepea/Esalq,,,kg,7.32,"7,32",R$,price,BRL,,spot,,,indicator
2026-04-09,frango,precos-do-frango-congelado-cepea-esalq,Frango Congelado Cepea/Esalq,,,variacao_pct,0.41,"+0,41",%,change_pct,,pct,spot,,,indicator
2026-04-09,frango,precos-do-frango-resfriado-cepea-esalq,Frango Resfriado Cepea/Esalq,,,kg,7.33,"7,33",R$,price,BRL,,spot,,,indicator
2026-04-09,frango,precos-do-frango-resfriado-cepea-esalq,Frango Resfriado Cepea/Esalq,,,variacao_pct,0.41,"+0,41",%,change_pct,,pct,spot,,,indicator
2026-04-10,frango,frango-vivo-estados,Frango Vivo,Paraná,,preco,4.64,"4,64",R$/Kg,price,BRL,kg,spot,,PR,physical
2026-04-10,frango,frango-vivo-estados,Frango Vivo,Paraná,,variacao_pct,0.65,"+0,65",%,change_pct,,pct,spot,,PR,physical
2026-04-10,frango,frango-vivo-estados,Frango Vivo,Santa Catarina,,preco,4.76,"4,76",R$/Kg,price,BRL,kg,spot,,SC,physical
2026-04-10,frango,frango-vivo-estados,Frango Vivo,Santa Catarina,,variacao_pct,0.0,"0,00",%,change_pct,,pct,spot,,SC,physical
2026-04-10,frango,precos-do-frango-congelado-cepea-esalq,Frango Congelado Cepea/Esalq,,,kg,7.27,"7,27",R$,price,BRL,,spot,,,indicator
2026-04-10,frango,precos-do-frango-congelado-cepea-esalq,Frango Congelado Cepea/Esalq,,,variacao_pct,-0.68,"-0,68",%,change_pct,,pct,spot,,,indicator
2026-04-10,frango,precos-do-frango-resfriado-cepea-esalq,Frango Resfriado Cepea/Esalq,,,kg,7.29,"7,29",R$,price,BRL,,spot,,,indicator
2026-04-10,frango,precos-do-frango-resfriado-cepea-esalq,Frango Resfriado Cepea/Esalq,,,variacao_pct,-0.55,"-0,55",%,change_pct,,pct,spot,,,indicator
2026-04-13,frango,frango-sp,Frango (SP),Frango Atacado,,preco_kg,6.95,"6,95",R$,price,BRL,,spot,,,physical
2026-04-13,frango,frango-sp,Frango (SP),Frango Atacado,,variacao_pct,-1.7,"-1,70",%,change_pct,,pct,spot,,,physical
2026-04-13,frango,frango-sp,Frango (SP),Frango Granja,,preco_kg,4.5,"4,50",R$,price,BRL,,spot,,,physical
2026-04-13,frango,frango-sp,Frango (SP),Frango Granja,,variacao_pct,0.0,"0,00",%,change_pct,,pct,spot,,,physical
2026-04-13,frango,frango-vivo-estados,Frango Vivo,Paraná,,preco,4.64,"4,64",R$/Kg,price,BRL,kg,spot,,PR,physical
2026-04-13,frango,frango-vivo-estados,Frango Vivo,Paraná,,variacao_pct,0.0,"0,00",%,change_pct,,pct,spot,,PR,physical
2026-04-13,frango,frango-vivo-estados,Frango Vivo,Santa Catarina,,preco,4.76,"4,76",R$/Kg,price,BRL,kg,spot,,SC,physical
2026-04-13,frango,frango-vivo-estados,Frango Vivo,Santa Catarina,,variacao_pct,0.0,"0,00",%,change_pct,,pct,spot,,SC,physical
2026-04-13,frango,precos-do-frango-congelado-cepea-esalq,Frango Congelado Cepea/Esalq,,,kg,7.34,"7,34",R$,price,BRL,,spot,,,indicator
2026-04-13,frango,precos-do-frango-congelado-cepea-esalq,Frango Congelado Cepea/Esalq,,,variacao_pct,0.96,"+0,96",%,change_pct,,pct,spot,,,indicator
2026-04-13,frango,precos-do-frango-resfriado-cepea-esalq,Frango Resfriado Cepea/Esalq,,,kg,7.36,"7,36",R$,price,BRL,,spot,,,indicator
2026-04-13,frango,precos-do-frango-resfriado-cepea-esalq,Frango Resfriado Cepea/Esalq,,,variacao_pct,0.96,"+0,96",%,change_pct,,pct,spot,,,indicator
2026-04-14,frango,frango-sp,Frango (SP),Frango Atacado,,preco_kg,6.9,"6,90",R$,price,BRL,,spot,,,physical
2026-04-14,frango,frango-sp,Frango (SP),Frango Atacado,,variacao_pct,-0.72,"-0,72",%,change_pct,,pct,spot,,,physical
2026-04-14,frango,frango-sp,Frango (SP),Frango Granja,,preco_kg,4.5,"4,50",R$,price,BRL,,spot,,,physical
2026-04-14,frango,frango-sp,Frango (SP),Frango Granja,,variacao_pct,0.0,"0,00",%,change_pct,,pct,spot,,,physical
2026-04-14,frango,frango-vivo-estados,Frango Vivo,Paraná,,preco,4.64,"4,64",R$/Kg,price,BRL,kg,spot,,PR,physical
2026-04-14,frango,frango-vivo-estados,Frango Vivo,Paraná,,variacao_pct,0.0,"0,00",%,change_pct,,pct,spot,,PR,physical
2026-04-14,frango,frango-vivo-estados,Frango Vivo,Santa Catarina,,preco,4.76,"4,76",R$/Kg,price,BRL,kg,spot,,SC,physical
2026-04-14,frango,frango-vivo-estados,Frango Vivo,Santa Catarina,,variacao_pct,0.0,"0,00",%,change_pct,,pct,spot,,SC,physical
2026-04-14,frango,precos-do-frango-congelado-cepea-esalq,Frango Congelado Cepea/Esalq,,,kg,7.34,"7,34",R$,price,BRL,,spot,,,indicator
2026-04-14,frango,precos-do-frango-congelado-cepea-esalq,Frango Congelado Cepea/Esalq,,,variacao_pct,0.0,"0,00",%,change_pct,,pct,spot,,,indicator
2026-04-14,frango,precos-do-frango-resfriado-cepea-esalq,Frango Resfriado Cepea/Esalq,,,kg,7.36,"7,36",R$,price,BRL,,spot,,,indicator
2026-04-14,frango,precos-do-frango-resfriado-cepea-esalq,Frango Resfriado Cepea/Esalq,,,variacao_pct,0.0,"0,00",%,change_pct,,pct,spot,,,indicator
2026-04-15,frango,frango-sp,Frango (SP),Frango Atacado,,preco_kg,6.85,"6,85",R$,price,BRL,,spot,,,physical
2026-04-15,frango,frango-sp,Frango (SP),Frango Atacado,,variacao_pct,-0.72,"-0,72",%,change_pct,,pct,spot,,,physical
2026-04-15,frango,frango-sp,Frango (SP),Frango Granja,,preco_kg,4.5,"4,50",R$,price,BRL,,spot,,,physical
2026-04-15,frango,frango-sp,Frango (SP),Frango Granja,,variacao_pct,0.0,"0,00",%,change_pct,,pct,spot,,,physical
2026-04-15,frango,frango-vivo-estados,Frango Vivo,Paraná,,preco,4.64,"4,64",R$/Kg,price,BRL,kg,spot,,PR,physical
2026-04-15,frango,frango-vivo-estados,Frango Vivo,Paraná,,variacao_pct,0.0,"0,00",%,change_pct,,pct,spot,,PR,physical
2026-04-15,frango,frango-vivo-estados,Frango Vivo,Santa Catarina,,preco,4.76,"4,76",R$/Kg,price,BRL,kg,spot,,SC,physical
2026-04-15,frango,frango-vivo-estados,Frango Vivo,Santa Catarina,,variacao_pct,0.0,"0,00",%,change_pct,,pct,spot,,SC,physical
2026-04-15,frango,precos-do-frango-congelado-cepea-esalq,Frango Congelado Cepea/Esalq,,,kg,7.34,"7,34",R$,price,BRL,,spot,,,indicator
2026-04-15,frango,precos-do-frango-congelado-cepea-esalq,Frango Congelado Cepea/Esalq,,,variacao_pct,0.0,"0,00",%,change_pct,,pct,spot,,,indicator
2026-04-15,frango,precos-do-frango-resfriado-cepea-esalq,Frango Resfriado Cepea/Esalq,,,kg,7.36,"7,36",R$,price,BRL,,spot,,,indicator
2026-04-15,frango,precos-do-frango-resfriado-cepea-esalq,Frango Resfriado Cepea/Esalq,,,variacao_pct,0.0,"0,00",%,change_pct,,pct,spot,,,indicator
2026-04-16,frango,frango-vivo-estados,Frango Vivo,Paraná,,preco,4.64,"4,64",R$/Kg,price,BRL,kg,spot,,PR,physical
2026-04-16,frango,frango-vivo-estados,Frango Vivo,Paraná,,variacao_pct,0.0,"0,00",%,change_pct,,pct,spot,,PR,physical
2026-04-16,frango,frango-vivo-estados,Frango Vivo,Santa Catarina,,preco,4.76,"4,76",R$/Kg,price,BRL,kg,spot,,SC,physical
2026-04-16,frango,frango-vivo-estados,Frango Vivo,Santa Catarina,,variacao_pct,0.0,"0,00",%,change_pct,,pct,spot,,SC,physical
2026-04-16,frango,precos-do-frango-congelado-cepea-esalq,Frango Congelado Cepea/Esalq,,,kg,7.34,"7,34",R$,price,BRL,,spot,,,indicator
2026-04-16,frango,precos-do-frango-congelado-cepea-esalq,Frango Congelado Cepea/Esalq,,,variacao_pct,0.0,"0,00",%,change_pct,,pct,spot,,,indicator
2026-04-16,frango,precos-do-frango-resfriado-cepea-esalq,Frango Resfriado Cepea/Esalq,,,kg,7.36,"7,36",R$,price,BRL,,spot,,,indicator
2026-04-16,frango,precos-do-frango-resfriado-cepea-esalq,Frango Resfriado Cepea/Esalq,,,variacao_pct,0.0,"0,00",%,change_pct,,pct,spot,,,indicator
2026-04-17,frango,frango-sp,Frango (SP),Frango Atacado,,preco_kg,6.78,"6,78",R$,price,BRL,,spot,,,physical
2026-04-17,frango,frango-sp,Frango (SP),Frango Atacado,,variacao_pct,-1.02,"-1,02",%,change_pct,,pct,spot,,,physical
2026-04-17,frango,frango-sp,Frango (SP),Frango Granja,,preco_kg,4.5,"4,50",R$,price,BRL,,spot,,,physical
2026-04-17,frango,frango-sp,Frango (SP),Frango Granja,,variacao_pct,0.0,"0,00",%,change_pct,,pct,spot,,,physical
2026-04-17,frango,frango-vivo-estados,Frango Vivo,Paraná,,preco,4.61,"4,61",R$/Kg,price,BRL,kg,spot,,PR,physical
2026-04-17,frango,frango-vivo-estados,Frango Vivo,Paraná,,variacao_pct,-0.65,"-0,65",%,change_pct,,pct,spot,,PR,physical
2026-04-17,frango,frango-vivo-estados,Frango Vivo,Santa Catarina,,preco,4.76,"4,76",R$/Kg,price,BRL,kg,spot,,SC,physical
2026-04-17,frango,frango-vivo-estados,Frango Vivo,Santa Catarina,,variacao_pct,0.0,"0,00",%,change_pct,,pct,spot,,SC,physical
2026-04-17,frango,precos-do-frango-congelado-cepea-esalq,Frango Congelado Cepea/Esalq,,,kg,7.34,"7,34",R$,price,BRL,,spot,,,indicator
2026-04-17,frango,precos-do-frango-congelado-cepea-esalq,Frango Congelado Cepea/Esalq,,,variacao_pct,0.0,"0,00",%,change_pct,,pct,spot,,,indicator
2026-04-17,frango,precos-do-frango-resfriado-cepea-esalq,Frango Resfriado Cepea/Esalq,,,kg,7.36,"7,36",R$,price,BRL,,spot,,,indicator
2026-04-17,frango,precos-do-frango-resfriado-cepea-esalq,Frango Resfriado Cepea/Esalq,,,variacao_pct,0.0,"0,00",%,change_pct,,pct,spot,,,indicator
2026-04-20,frango,frango-sp,Frango (SP),Frango Atacado,,preco_kg,6.75,"6,75",R$,price,BRL,,spot,,,physical
2026-04-20,frango,frango-sp,Frango (SP),Frango Atacado,,variacao_pct,-0.44,"-0,44",%,change_pct,,pct,spot,,,physical
2026-04-20,frango,frango-sp,Frango (SP),Frango Granja,,preco_kg,4.5,"4,50",R$,price,BRL,,spot,,,physical
2026-04-20,frango,frango-sp,Frango (SP),Frango Granja,,variacao_pct,0.0,"0,00",%,change_pct,,pct,spot,,,physical
2026-04-20,frango,frango-vivo-estados,Frango Vivo,Paraná,,preco,4.61,"4,61",R$/Kg,price,BRL,kg,spot,,PR,physical
2026-04-20,frango,frango-vivo-estados,Frango Vivo,Paraná,,variacao_pct,0.0,"0,00",%,change_pct,,pct,spot,,PR,physical
2026-04-20,frango,frango-vivo-estados,Frango Vivo,Santa Catarina,,preco,4.76,"4,76",R$/Kg,price,BRL,kg,spot,,SC,physical
2026-04-20,frango,frango-vivo-estados,Frango Vivo,Santa Catarina,,variacao_pct,0.0,"0,00",%,change_pct,,pct,spot,,SC,physical
2026-04-20,frango,precos-do-frango-congelado-cepea-esalq,Frango Congelado Cepea/Esalq,,,kg,7.34,"7,34",R$,price,BRL,,spot,,,indicator
2026-04-20,frango,precos-do-frango-congelado-cepea-esalq,Frango Congelado Cepea/Esalq,,,variacao_pct,0.0,"0,00",%,change_pct,,pct,spot,,,indicator
2026-04-20,frango,precos-do-frango-resfriado-cepea-esalq,Frango Resfriado Cepea/Esalq,,,kg,7.36,"7,36",R$,price,BRL,,spot,,,indicator
2026-04-20,frango,precos-do-frango-resfriado-cepea-esalq,Frango Resfriado Cepea/Esalq,,,variacao_pct,0.0,"0,00",%,change_pct,,pct,spot,,,indicator
2026-04-22,frango,frango-sp,Frango (SP),Frango Atacado,,preco_kg,6.75,"6,75",R$,price,BRL,,spot,,,physical
2026-04-22,frango,frango-sp,Frango (SP),Frango Atacado,,variacao_pct,0.0,"0,00",%,change_pct,,pct,spot,,,physical
2026-04-22,frango,frango-sp,Frango (SP),Frango Granja,,preco_kg,4.5,"4,50",R$,price,BRL,,spot,,,physical
2026-04-22,frango,frango-sp,Frango (SP),Frango Granja,,variacao_pct,0.0,"0,00",%,change_pct,,pct,spot,,,physical
2026-04-22,frango,frango-vivo-estados,Frango Vivo,Paraná,,preco,4.61,"4,61",R$/Kg,price,BRL,kg,spot,,PR,physical
2026-04-22,frango,frango-vivo-estados,Frango Vivo,Paraná,,variacao_pct,0.0,"0,00",%,change_pct,,pct,spot,,PR,physical
2026-04-22,frango,frango-vivo-estados,Frango Vivo,Santa Catarina,,preco,4.76,"4,76",R$/Kg,price,BRL,kg,spot,,SC,physical
2026-04-22,frango,frango-vivo-estados,Frango Vivo,Santa Catarina,,variacao_pct,0.0,"0,00",%,change_pct,,pct,spot,,SC,physical
2026-04-22,frango,precos-do-frango-congelado-cepea-esalq,Frango Congelado Cepea/Esalq,,,kg,7.23,"7,23",R$,price,BRL,,spot,,,indicator
2026-04-22,frango,precos-do-frango-congelado-cepea-esalq,Frango Congelado Cepea/Esalq,,,variacao_pct,-1.5,"-1,50",%,change_pct,,pct,spot,,,indicator
2026-04-22,frango,precos-do-frango-resfriado-cepea-esalq,Frango Resfriado Cepea/Esalq,,,kg,7.24,"7,24",R$,price,BRL,,spot,,,indicator
2026-04-22,frango,precos-do-frango-resfriado-cepea-esalq,Frango Resfriado Cepea/Esalq,,,variacao_pct,-1.63,"-1,63",%,change_pct,,pct,spot,,,indicator
2026-04-23,frango,frango-sp,Frango (SP),Frango Atacado,,preco_kg,6.72,"6,72",R$,price,BRL,,spot,,,physical
2026-04-23,frango,frango-sp,Frango (SP),Frango Atacado,,variacao_pct,-0.44,"-0,44",%,change_pct,,pct,spot,,,physical
2026-04-23,frango,frango-sp,Frango (SP),Frango Granja,,preco_kg,4.5,"4,50",R$,price,BRL,,spot,,,physical
2026-04-23,frango,frango-sp,Frango (SP),Frango Granja,,variacao_pct,0.0,"0,00",%,change_pct,,pct,spot,,,physical
2026-04-23,frango,frango-vivo-estados,Frango Vivo,Paraná,,preco,4.61,"4,61",R$/Kg,price,BRL,kg,spot,,PR,physical
2026-04-23,frango,frango-vivo-estados,Frango Vivo,Paraná,,variacao_pct,0.0,"0,00",%,change_pct,,pct,spot,,PR,physical
2026-04-23,frango,frango-vivo-estados,Frango Vivo,Santa Catarina,,preco,4.76,"4,76",R$/Kg,price,BRL,kg,spot,,SC,physical
2026-04-23,frango,frango-vivo-estados,Frango Vivo,Santa Catarina,,variacao_pct,0.0,"0,00",%,change_pct,,pct,spot,,SC,physical
2026-04-23,frango,precos-do-frango-congelado-cepea-esalq,Frango Congelado Cepea/Esalq,,,kg,7.23,"7,23",R$,price,BRL,,spot,,,indicator
2026-04-23,frango,precos-do-frango-congelado-cepea-esalq,Frango Congelado Cepea/Esalq,,,variacao_pct,0.0,"0,00",%,change_pct,,pct,spot,,,indicator
2026-04-23,frango,precos-do-frango-resfriado-cepea-esalq,Frango Resfriado Cepea/Esalq,,,kg,7.24,"7,24",R$,price,BRL,,spot,,,indicator
2026-04-23,frango,precos-do-frango-resfriado-cepea-esalq,Frango Resfriado Cepea/Esalq,,,variacao_pct,0.0,"0,00",%,change_pct,,pct,spot,,,indicator
2026-04-24,frango,frango-sp,Frango (SP),Frango Atacado,,preco_kg,6.7,"6,70",R$,price,BRL,,spot,,,physical
2026-04-24,frango,frango-sp,Frango (SP),Frango Atacado,,variacao_pct,-0.3,"-0,30",%,change_pct,,pct,spot,,,physical
2026-04-24,frango,frango-sp,Frango (SP),Frango Granja,,preco_kg,4.55,"4,55",R$,price,BRL,,spot,,,physical
2026-04-24,frango,frango-sp,Frango (SP),Frango Granja,,variacao_pct,1.11,"+1,11",%,change_pct,,pct,spot,,,physical
2026-04-24,frango,frango-vivo-estados,Frango Vivo,Paraná,,preco,4.6,"4,60",R$/Kg,price,BRL,kg,spot,,PR,physical
2026-04-24,frango,frango-vivo-estados,Frango Vivo,Paraná,,variacao_pct,-0.22,"-0,22",%,change_pct,,pct,spot,,PR,physical
2026-04-24,frango,frango-vivo-estados,Frango Vivo,Santa Catarina,,preco,4.76,"4,76",R$/Kg,price,BRL,kg,spot,,SC,physical
2026-04-24,frango,frango-vivo-estados,Frango Vivo,Santa Catarina,,variacao_pct,0.0,"0,00",%,change_pct,,pct,spot,,SC,physical
2026-04-24,frango,precos-do-frango-congelado-cepea-esalq,Frango Congelado Cepea/Esalq,,,kg,7.19,"7,19",R$,price,BRL,,spot,,,indicator
2026-04-24,frango,precos-do-frango-congelado-cepea-esalq,Frango Congelado Cepea/Esalq,,,variacao_pct,-0.55,"-0,55",%,change_pct,,pct,spot,,,indicator
2026-04-24,frango,precos-do-frango-resfriado-cepea-esalq,Frango Resfriado Cepea/Esalq,,,kg,7.2,"7,20",R$,price,BRL,,spot,,,indicator
2026-04-24,frango,precos-do-frango-resfriado-cepea-esalq,Frango Resfriado Cepea/Esalq,,,variacao_pct,-0.55,"-0,55",%,change_pct,,pct,spot,,,indicator
2026-04-27,frango,frango-sp,Frango (SP),Frango Atacado,,preco_kg,6.67,"6,67",R$,price,BRL,,spot,,,physical
2026-04-27,frango,frango-sp,Frango (SP),Frango Atacado,,variacao_pct,-0.45,"-0,45",%,change_pct,,pct,spot,,,physical
2026-04-27,frango,frango-sp,Frango (SP),Frango Granja,,preco_kg,4.6,"4,60",R$,price,BRL,,spot,,,physical
2026-04-27,frango,frango-sp,Frango (SP),Frango Granja,,variacao_pct,1.1,"+1,10",%,change_pct,,pct,spot,,,physical
2026-04-27,frango,frango-vivo-estados,Frango Vivo,Paraná,,preco,4.6,"4,60",R$/Kg,price,BRL,kg,spot,,PR,physical
2026-04-27,frango,frango-vivo-estados,Frango Vivo,Paraná,,variacao_pct,0.0,"0,00",%,change_pct,,pct,spot,,PR,physical
2026-04-27,frango,frango-vivo-estados,Frango Vivo,Santa Catarina,,preco,4.76,"4,76",R$/Kg,price,BRL,kg,spot,,SC,physical
2026-04-27,frango,frango-vivo-estados,Frango Vivo,Santa Catarina,,variacao_pct,0.0,"0,00",%,change_pct,,pct,spot,,SC,physical
2026-04-27,frango,precos-do-frango-congelado-cepea-esalq,Frango Congelado Cepea/Esalq,,,kg,7.16,"7,16",R$,price,BRL,,spot,,,indicator
2026-04-27,frango,precos-do-frango-congelado-cepea-esalq,Frango Congelado Cepea/Esalq,,,variacao_pct,-0.42,"-0,42",%,change_pct,,pct,spot,,,indicator
2026-04-27,frango,precos-do-frango-resfriado-cepea-esalq,Frango Resfriado Cepea/Esalq,,,kg,7.17,"7,17",R$,price,BRL,,spot,,,indicator
2026-04-27,frango,precos-do-frango-resfriado-cepea-esalq,Frango Resfriado Cepea/Esalq,,,variacao_pct,-0.42,"-0,42",%,change_pct,,pct,spot,,,indicator
2026-04-28,frango,frango-vivo-estados,Frango Vivo,Paraná,,preco,4.6,"4,60",R$/Kg,price,BRL,kg,spot,,PR,physical
2026-04-28,frango,frango-vivo-estados,Frango Vivo,Paraná,,variacao_pct,0.0,"0,00",%,change_pct,,pct,spot,,PR,physical
2026-04-28,frango,frango-vivo-estados,Frango Vivo,Santa Catarina,,preco,4.76,"4,76",R$/Kg,price,BRL,kg,spot,,SC,physical
2026-04-28,frango,frango-vivo-estados,Frango Vivo,Santa Catarina,,variacao_pct,0.0,"0,00",%,change_pct,,pct,spot,,SC,physical
2026-04-28,frango,precos-do-frango-congelado-cepea-esalq,Frango Congelado Cepea/Esalq,,,kg,7.16,"7,16",R$,price,BRL,,spot,,,indicator
2026-04-28,frango,precos-do-frango-congelado-cepea-esalq,Frango Congelado Cepea/Esalq,,,variacao_pct,0.0,"0,00",%,change_pct,,pct,spot,,,indicator
2026-04-28,frango,precos-do-frango-resfriado-cepea-esalq,Frango Resfriado Cepea/Esalq,,,kg,7.17,"7,17",R$,price,BRL,,spot,,,indicator
2026-04-28,frango,precos-do-frango-resfriado-cepea-esalq,Frango Resfriado Cepea/Esalq,,,variacao_pct,0.0,"0,00",%,change_pct,,pct,spot,,,indicator
2026-04-29,frango,frango-sp,Frango (SP),Frango Atacado,,preco_kg,6.75,"6,75",R$,price,BRL,,spot,,,physical
2026-04-29,frango,frango-sp,Frango (SP),Frango Atacado,,variacao_pct,1.2,"+1,20",%,change_pct,,pct,spot,,,physical
2026-04-29,frango,frango-sp,Frango (SP),Frango Granja,,preco_kg,4.8,"4,80",R$,price,BRL,,spot,,,physical
2026-04-29,frango,frango-sp,Frango (SP),Frango Granja,,variacao_pct,4.35,"+4,35",%,change_pct,,pct,spot,,,physical
2026-04-29,frango,frango-vivo-estados,Frango Vivo,Paraná,,preco,4.6,"4,60",R$/Kg,price,BRL,kg,spot,,PR,physical
2026-04-29,frango,frango-vivo-estados,Frango Vivo,Paraná,,variacao_pct,0.0,"0,00",%,change_pct,,pct,spot,,PR,physical
2026-04-29,frango,frango-vivo-estados,Frango Vivo,Santa Catarina,,preco,4.76,"4,76",R$/Kg,price,BRL,kg,spot,,SC,physical
2026-04-29,frango,frango-vivo-estados,Frango Vivo,Santa Catarina,,variacao_pct,0.0,"0,00",%,change_pct,,pct,spot,,SC,physical
2026-04-29,frango,precos-do-frango-congelado-cepea-esalq,Frango Congelado Cepea/Esalq,,,kg,7.16,"7,16",R$,price,BRL,,spot,,,indicator
2026-04-29,frango,precos-do-frango-congelado-cepea-esalq,Frango Congelado Cepea/Esalq,,,variacao_pct,0.0,"0,00",%,change_pct,,pct,spot,,,indicator
2026-04-29,frango,precos-do-frango-resfriado-cepea-esalq,Frango Resfriado Cepea/Esalq,,,kg,7.17,"7,17",R$,price,BRL,,spot,,,indicator
2026-04-29,frango,precos-do-frango-resfriado-cepea-esalq,Frango Resfriado Cepea/Esalq,,,variacao_pct,0.0,"0,00",%,change_pct,,pct,spot,,,indicator
2026-04-30,frango,frango-vivo-estados,Frango Vivo,Paraná,,preco,4.65,"4,65",R$/Kg,price,BRL,kg,spot,,PR,physical
2026-04-30,frango,frango-vivo-estados,Frango Vivo,Paraná,,variacao_pct,1.09,"+1,09",%,change_pct,,pct,spot,,PR,physical
2026-04-30,frango,frango-vivo-estados,Frango Vivo,Santa Catarina,,preco,4.76,"4,76",R$/Kg,price,BRL,kg,spot,,SC,physical
2026-04-30,frango,frango-vivo-estados,Frango Vivo,Santa Catarina,,variacao_pct,0.0,"0,00",%,change_pct,,pct,spot,,SC,physical
2026-04-30,frango,precos-do-frango-congelado-cepea-esalq,Frango Congelado Cepea/Esalq,,,kg,7.16,"7,16",R$,price,BRL,,spot,,,indicator
2026-04-30,frango,precos-do-frango-congelado-cepea-esalq,Frango Congelado Cepea/Esalq,,,variacao_pct,0.0,"0,00",%,change_pct,,pct,spot,,,indicator
2026-04-30,frango,precos-do-frango-resfriado-cepea-esalq,Frango Resfriado Cepea/Esalq,,,kg,7.17,"7,17",R$,price,BRL,,spot,,,indicator
2026-04-30,frango,precos-do-frango-resfriado-cepea-esalq,Frango Resfriado Cepea/Esalq,,,variacao_pct,0.0,"0,00",%,change_pct,,pct,spot,,,indicator
2026-05-04,frango,frango-sp,Frango (SP),Frango Atacado,,preco_kg,6.85,"6,85",R$,price,BRL,,spot,,,physical
2026-05-04,frango,frango-sp,Frango (SP),Frango Atacado,,variacao_pct,1.48,"+1,48",%,change_pct,,pct,spot,,,physical
2026-05-04,frango,frango-sp,Frango (SP),Frango Granja,,preco_kg,4.9,"4,90",R$,price,BRL,,spot,,,physical
2026-05-04,frango,frango-sp,Frango (SP),Frango Granja,,variacao_pct,2.08,"+2,08",%,change_pct,,pct,spot,,,physical
2026-05-04,frango,frango-vivo-estados,Frango Vivo,Paraná,,preco,4.65,"4,65",R$/Kg,price,BRL,kg,spot,,PR,physical
2026-05-04,frango,frango-vivo-estados,Frango Vivo,Paraná,,variacao_pct,0.0,"0,00",%,change_pct,,pct,spot,,PR,physical
2026-05-04,frango,frango-vivo-estados,Frango Vivo,Santa Catarina,,preco,4.77,"4,77",R$/Kg,price,BRL,kg,spot,,SC,physical
2026-05-04,frango,frango-vivo-estados,Frango Vivo,Santa Catarina,,variacao_pct,0.21,"+0,21",%,change_pct,,pct,spot,,SC,physical
2026-05-04,frango,precos-do-frango-congelado-cepea-esalq,Frango Congelado Cepea/Esalq,,,kg,7.16,"7,16",R$,price,BRL,,spot,,,indicator
2026-05-04,frango,precos-do-frango-congelado-cepea-esalq,Frango Congelado Cepea/Esalq,,,variacao_pct,0.0,"0,00",%,change_pct,,pct,spot,,,indicator
2026-05-04,frango,precos-do-frango-resfriado-cepea-esalq,Frango Resfriado Cepea/Esalq,,,kg,7.17,"7,17",R$,price,BRL,,spot,,,indicator
2026-05-04,frango,precos-do-frango-resfriado-cepea-esalq,Frango Resfriado Cepea/Esalq,,,variacao_pct,0.0,"0,00",%,change_pct,,pct,spot,,,indicator
2026-05-05,frango,frango-vivo-estados,Frango Vivo,Paraná,,preco,4.65,"4,65",R$/Kg,price,BRL,kg,spot,,PR,physical
2026-05-05,frango,frango-vivo-estados,Frango Vivo,Paraná,,variacao_pct,0.0,"0,00",%,change_pct,,pct,spot,,PR,physical
2026-05-05,frango,frango-vivo-estados,Frango Vivo,Santa Catarina,,preco,4.77,"4,77",R$/Kg,price,BRL,kg,spot,,SC,physical
2026-05-05,frango,frango-vivo-estados,Frango Vivo,Santa Catarina,,variacao_pct,0.0,"0,00",%,change_pct,,pct,spot,,SC,physical
2026-05-05,frango,precos-do-frango-congelado-cepea-esalq,Frango Congelado Cepea/Esalq,,,kg,7.21,"7,21",R$,price,BRL,,spot,,,indicator
2026-05-05,frango,precos-do-frango-congelado-cepea-esalq,Frango Congelado Cepea/Esalq,,,variacao_pct,0.7,"+0,70",%,change_pct,,pct,spot,,,indicator
2026-05-05,frango,precos-do-frango-resfriado-cepea-esalq,Frango Resfriado Cepea/Esalq,,,kg,7.22,"7,22",R$,price,BRL,,spot,,,indicator
2026-05-05,frango,precos-do-frango-resfriado-cepea-esalq,Frango Resfriado Cepea/Esalq,,,variacao_pct,0.7,"+0,70",%,change_pct,,pct,spot,,,indicator
2026-05-06,frango,frango-sp,Frango (SP),Frango Atacado,,preco_kg,6.97,"6,97",R$,price,BRL,,spot,,,physical
2026-05-06,frango,frango-sp,Frango (SP),Frango Atacado,,variacao_pct,1.75,"+1,75",%,change_pct,,pct,spot,,,physical
2026-05-06,frango,frango-sp,Frango (SP),Frango Granja,,preco_kg,5.0,"5,00",R$,price,BRL,,spot,,,physical
2026-05-06,frango,frango-sp,Frango (SP),Frango Granja,,variacao_pct,2.04,"+2,04",%,change_pct,,pct,spot,,,physical
2026-05-06,frango,frango-vivo-estados,Frango Vivo,Paraná,,preco,4.65,"4,65",R$/Kg,price,BRL,kg,spot,,PR,physical
2026-05-06,frango,frango-vivo-estados,Frango Vivo,Paraná,,variacao_pct,0.0,"0,00",%,change_pct,,pct,spot,,PR,physical
2026-05-06,frango,frango-vivo-estados,Frango Vivo,Santa Catarina,,preco,4.77,"4,77",R$/Kg,price,BRL,kg,spot,,SC,physical
2026-05-06,frango,frango-vivo-estados,Frango Vivo,Santa Catarina,,variacao_pct,0.0,"0,00",%,change_pct,,pct,spot,,SC,physical
2026-05-06,frango,precos-do-frango-congelado-cepea-esalq,Frango Congelado Cepea/Esalq,,,kg,7.45,"7,45",R$,price,BRL,,spot,,,indicator
2026-05-06,frango,precos-do-frango-congelado-cepea-esalq,Frango Congelado Cepea/Esalq,,,variacao_pct,3.33,"+3,33",%,change_pct,,pct,spot,,,indicator
2026-05-06,frango,precos-do-frango-resfriado-cepea-esalq,Frango Resfriado Cepea/Esalq,,,kg,7.47,"7,47",R$,price,BRL,,spot,,,indicator
2026-05-06,frango,precos-do-frango-resfriado-cepea-esalq,Frango Resfriado Cepea/Esalq,,,variacao_pct,3.46,"+3,46",%,change_pct,,pct,spot,,,indicator
2026-05-07,frango,frango-sp,Frango (SP),Frango Atacado,,preco_kg,7.05,"7,05",R$,price,BRL,,spot,,,physical
2026-05-07,frango,frango-sp,Frango (SP),Frango Atacado,,variacao_pct,1.15,"+1,15",%,change_pct,,pct,spot,,,physical
2026-05-07,frango,frango-sp,Frango (SP),Frango Granja,,preco_kg,5.0,"5,00",R$,price,BRL,,spot,,,physical
2026-05-07,frango,frango-sp,Frango (SP),Frango Granja,,variacao_pct,0.0,"0,00",%,change_pct,,pct,spot,,,physical
2026-05-07,frango,frango-vivo-estados,Frango Vivo,Paraná,,preco,4.65,"4,65",R$/Kg,price,BRL,kg,spot,,PR,physical
2026-05-07,frango,frango-vivo-estados,Frango Vivo,Paraná,,variacao_pct,0.0,"0,00",%,change_pct,,pct,spot,,PR,physical
2026-05-07,frango,frango-vivo-estados,Frango Vivo,Santa Catarina,,preco,4.77,"4,77",R$/Kg,price,BRL,kg,spot,,SC,physical
2026-05-07,frango,frango-vivo-estados,Frango Vivo,Santa Catarina,,variacao_pct,0.0,"0,00",%,change_pct,,pct,spot,,SC,physical
2026-05-07,frango,precos-do-frango-congelado-cepea-esalq,Frango Congelado Cepea/Esalq,,,kg,7.61,"7,61",R$,price,BRL,,spot,,,indicator
2026-05-07,frango,precos-do-frango-congelado-cepea-esalq,Frango Congelado Cepea/Esalq,,,variacao_pct,2.15,"+2,15",%,change_pct,,pct,spot,,,indicator
2026-05-07,frango,precos-do-frango-resfriado-cepea-esalq,Frango Resfriado Cepea/Esalq,,,kg,7.62,"7,62",R$,price,BRL,,spot,,,indicator
2026-05-07,frango,precos-do-frango-resfriado-cepea-esalq,Frango Resfriado Cepea/Esalq,,,variacao_pct,2.01,"+2,01",%,change_pct,,pct,spot,,,indicator
2026-05-08,frango,frango-sp,Frango (SP),Frango Atacado,,preco_kg,7.07,"7,07",R$,price,BRL,,spot,,,physical
2026-05-08,frango,frango-sp,Frango (SP),Frango Atacado,,variacao_pct,0.28,"+0,28",%,change_pct,,pct,spot,,,physical
2026-05-08,frango,frango-sp,Frango (SP),Frango Granja,,preco_kg,5.1,"5,10",R$,price,BRL,,spot,,,physical
2026-05-08,frango,frango-sp,Frango (SP),Frango Granja,,variacao_pct,2.0,"+2,00",%,change_pct,,pct,spot,,,physical
2026-05-08,frango,frango-vivo-estados,Frango Vivo,Paraná,,preco,4.66,"4,66",R$/Kg,price,BRL,kg,spot,,PR,physical
2026-05-08,frango,frango-vivo-estados,Frango Vivo,Paraná,,variacao_pct,0.22,"+0,22",%,change_pct,,pct,spot,,PR,physical
2026-05-08,frango,frango-vivo-estados,Frango Vivo,Santa Catarina,,preco,4.77,"4,77",R$/Kg,price,BRL,kg,spot,,SC,physical
2026-05-08,frango,frango-vivo-estados,Frango Vivo,Santa Catarina,,variacao_pct,0.0,"0,00",%,change_pct,,pct,spot,,SC,physical
2026-05-08,frango,precos-do-frango-congelado-cepea-esalq,Frango Congelado Cepea/Esalq,,,kg,7.61,"7,61",R$,price,BRL,,spot,,,indicator
2026-05-08,frango,precos-do-frango-congelado-cepea-esalq,Frango Congelado Cepea/Esalq,,,variacao_pct,0.0,"0,00",%,change_pct,,pct,spot,,,indicator
2026-05-08,frango,precos-do-frango-resfriado-cepea-esalq,Frango Resfriado Cepea/Esalq,,,kg,7.62,"7,62",R$,price,BRL,,spot,,,indicator
2026-05-08,frango,precos-do-frango-resfriado-cepea-esalq,Frango Resfriado Cepea/Esalq,,,variacao_pct,0.0,"0,00",%,change_pct,,pct,spot,,,indicator
2026-05-11,frango,frango-sp,Frango (SP),Frango Atacado,,preco_kg,7.1,"7,10",R$,price,BRL,,spot,,,physical
2026-05-11,frango,frango-sp,Frango (SP),Frango Atacado,,variacao_pct,0.42,"+0,42",%,change_pct,,pct,spot,,,physical
2026-05-11,frango,frango-sp,Frango (SP),Frango Granja,,preco_kg,5.1,"5,10",R$,price,BRL,,spot,,,physical
2026-05-11,frango,frango-sp,Frango (SP),Frango Granja,,variacao_pct,0.0,"0,00",%,change_pct,,pct,spot,,,physical
2026-05-11,frango,frango-vivo-estados,Frango Vivo,Paraná,,preco,4.66,"4,66",R$/Kg,price,BRL,kg,spot,,PR,physical
2026-05-11,frango,frango-vivo-estados,Frango Vivo,Paraná,,variacao_pct,0.0,"0,00",%,change_pct,,pct,spot,,PR,physical
2026-05-11,frango,frango-vivo-estados,Frango Vivo,Santa Catarina,,preco,4.77,"4,77",R$/Kg,price,BRL,kg,spot,,SC,physical
2026-05-11,frango,frango-vivo-estados,Frango Vivo,Santa Catarina,,variacao_pct,0.0,"0,00",%,change_pct,,pct,spot,,SC,physical
2026-05-11,frango,precos-do-frango-congelado-cepea-esalq,Frango Congelado Cepea/Esalq,,,kg,7.66,"7,66",R$,price,BRL,,spot,,,indicator
2026-05-11,frango,precos-do-frango-congelado-cepea-esalq,Frango Congelado Cepea/Esalq,,,variacao_pct,0.66,"+0,66",%,change_pct,,pct,spot,,,indicator
2026-05-11,frango,precos-do-frango-resfriado-cepea-esalq,Frango Resfriado Cepea/Esalq,,,kg,7.68,"7,68",R$,price,BRL,,spot,,,indicator
2026-05-11,frango,precos-do-frango-resfriado-cepea-esalq,Frango Resfriado Cepea/Esalq,,,variacao_pct,0.79,"+0,79",%,change_pct,,pct,spot,,,indicator
2026-05-12,frango,frango-sp,Frango (SP),Frango Atacado,,preco_kg,7.1,"7,10",R$,price,BRL,,spot,,,physical
2026-05-12,frango,frango-sp,Frango (SP),Frango Atacado,,variacao_pct,0.0,"0,00",%,change_pct,,pct,spot,,,physical
2026-05-12,frango,frango-sp,Frango (SP),Frango Granja,,preco_kg,5.2,"5,20",R$,price,BRL,,spot,,,physical
2026-05-12,frango,frango-sp,Frango (SP),Frango Granja,,variacao_pct,1.96,"+1,96",%,change_pct,,pct,spot,,,physical
2026-05-12,frango,frango-vivo-estados,Frango Vivo,Paraná,,preco,4.66,"4,66",R$/Kg,price,BRL,kg,spot,,PR,physical
2026-05-12,frango,frango-vivo-estados,Frango Vivo,Paraná,,variacao_pct,0.0,"0,00",%,change_pct,,pct,spot,,PR,physical
2026-05-12,frango,frango-vivo-estados,Frango Vivo,Santa Catarina,,preco,4.77,"4,77",R$/Kg,price,BRL,kg,spot,,SC,physical
2026-05-12,frango,frango-vivo-estados,Frango Vivo,Santa Catarina,,variacao_pct,0.0,"0,00",%,change_pct,,pct,spot,,SC,physical
2026-05-12,frango,precos-do-frango-congelado-cepea-esalq,Frango Congelado Cepea/Esalq,,,kg,7.66,"7,66",R$,price,BRL,,spot,,,indicator
2026-05-12,frango,precos-do-frango-congelado-cepea-esalq,Frango Congelado Cepea/Esalq,,,variacao_pct,0.0,"0,00",%,change_pct,,pct,spot,,,indicator
2026-05-12,frango,precos-do-frango-resfriado-cepea-esalq,Frango Resfriado Cepea/Esalq,,,kg,7.68,"7,68",R$,price,BRL,,spot,,,indicator
2026-05-12,frango,precos-do-frango-resfriado-cepea-esalq,Frango Resfriado Cepea/Esalq,,,variacao_pct,0.0,"0,00",%,change_pct,,pct,spot,,,indicator
2026-05-13,frango,frango-vivo-estados,Frango Vivo,Paraná,,preco,4.66,"4,66",R$/Kg,price,BRL,kg,spot,,PR,physical
2026-05-13,frango,frango-vivo-estados,Frango Vivo,Paraná,,variacao_pct,0.0,"0,00",%,change_pct,,pct,spot,,PR,physical
2026-05-13,frango,frango-vivo-estados,Frango Vivo,Santa Catarina,,preco,4.77,"4,77",R$/Kg,price,BRL,kg,spot,,SC,physical
2026-05-13,frango,frango-vivo-estados,Frango Vivo,Santa Catarina,,variacao_pct,0.0,"0,00",%,change_pct,,pct,spot,,SC,physical
2026-05-13,frango,precos-do-frango-congelado-cepea-esalq,Frango Congelado Cepea/Esalq,,,kg,7.66,"7,66",R$,price,BRL,,spot,,,indicator
2026-05-13,frango,precos-do-frango-congelado-cepea-esalq,Frango Congelado Cepea/Esalq,,,variacao_pct,0.0,"0,00",%,change_pct,,pct,spot,,,indicator
2026-05-13,frango,precos-do-frango-resfriado-cepea-esalq,Frango Resfriado Cepea/Esalq,,,kg,7.68,"7,68",R$,price,BRL,,spot,,,indicator
2026-05-13,frango,precos-do-frango-resfriado-cepea-esalq,Frango Resfriado Cepea/Esalq,,,variacao_pct,0.0,"0,00",%,change_pct,,pct,spot,,,indicator
2026-05-14,frango,frango-sp,Frango (SP),Frango Atacado,,preco_kg,6.98,"6,98",R$,price,BRL,,spot,,,physical
2026-05-14,frango,frango-sp,Frango (SP),Frango Atacado,,variacao_pct,-1.69,"-1,69",%,change_pct,,pct,spot,,,physical
2026-05-14,frango,frango-sp,Frango (SP),Frango Granja,,preco_kg,5.2,"5,20",R$,price,BRL,,spot,,,physical
2026-05-14,frango,frango-sp,Frango (SP),Frango Granja,,variacao_pct,0.0,"0,00",%,change_pct,,pct,spot,,,physical
2026-05-14,frango,frango-vivo-estados,Frango Vivo,Paraná,,preco,4.66,"4,66",R$/Kg,price,BRL,kg,spot,,PR,physical
2026-05-14,frango,frango-vivo-estados,Frango Vivo,Paraná,,variacao_pct,0.0,"0,00",%,change_pct,,pct,spot,,PR,physical
2026-05-14,frango,frango-vivo-estados,Frango Vivo,Santa Catarina,,preco,4.77,"4,77",R$/Kg,price,BRL,kg,spot,,SC,physical
2026-05-14,frango,frango-vivo-estados,Frango Vivo,Santa Catarina,,variacao_pct,0.0,"0,00",%,change_pct,,pct,spot,,SC,physical
2026-05-14,frango,precos-do-frango-congelado-cepea-esalq,Frango Congelado Cepea/Esalq,,,kg,7.66,"7,66",R$,price,BRL,,spot,,,indicator
2026-05-14,frango,precos-do-frango-congelado-cepea-esalq,Frango Congelado Cepea/Esalq,,,variacao_pct,0.0,"0,00",%,change_pct,,pct,spot,,,indicator
2026-05-14,frango,precos-do-frango-resfriado-cepea-esalq,Frango Resfriado Cepea/Esalq,,,kg,7.68,"7,68",R$,price,BRL,,spot,,,indicator
2026-05-14,frango,precos-do-frango-resfriado-cepea-esalq,Frango Resfriado Cepea/Esalq,,,variacao_pct,0.0,"0,00",%,change_pct,,pct,spot,,,indicator
2026-05-15,frango,frango-sp,Frango (SP),Frango Atacado,,preco_kg,6.92,"6,92",R$,price,BRL,,spot,,,physical
2026-05-15,frango,frango-sp,Frango (SP),Frango Atacado,,variacao_pct,-0.86,"-0,86",%,change_pct,,pct,spot,,,physical
2026-05-15,frango,frango-sp,Frango (SP),Frango Granja,,preco_kg,5.2,"5,20",R$,price,BRL,,spot,,,physical
2026-05-15,frango,frango-sp,Frango (SP),Frango Granja,,variacao_pct,0.0,"0,00",%,change_pct,,pct,spot,,,physical
2026-05-15,frango,frango-vivo-estados,Frango Vivo,Paraná,,preco,4.64,"4,64",R$/Kg,price,BRL,kg,spot,,PR,physical
2026-05-15,frango,frango-vivo-estados,Frango Vivo,Paraná,,variacao_pct,-0.43,"-0,43",%,change_pct,,pct,spot,,PR,physical
2026-05-15,frango,frango-vivo-estados,Frango Vivo,Santa Catarina,,preco,4.77,"4,77",R$/Kg,price,BRL,kg,spot,,SC,physical
2026-05-15,frango,frango-vivo-estados,Frango Vivo,Santa Catarina,,variacao_pct,0.0,"0,00",%,change_pct,,pct,spot,,SC,physical
2026-05-15,frango,precos-do-frango-congelado-cepea-esalq,Frango Congelado Cepea/Esalq,,,kg,7.61,"7,61",R$,price,BRL,,spot,,,indicator
2026-05-15,frango,precos-do-frango-congelado-cepea-esalq,Frango Congelado Cepea/Esalq,,,variacao_pct,-0.65,"-0,65",%,change_pct,,pct,spot,,,indicator
2026-05-15,frango,precos-do-frango-resfriado-cepea-esalq,Frango Resfriado Cepea/Esalq,,,kg,7.62,"7,62",R$,price,BRL,,spot,,,indicator
2026-05-15,frango,precos-do-frango-resfriado-cepea-esalq,Frango Resfriado Cepea/Esalq,,,variacao_pct,-0.78,"-0,78",%,change_pct,,pct,spot,,,indicator
2026-05-18,frango,frango-sp,Frango (SP),Frango Atacado,,preco_kg,6.85,"6,85",R$,price,BRL,,spot,,,physical
2026-05-18,frango,frango-sp,Frango (SP),Frango Atacado,,variacao_pct,-1.01,"-1,01",%,change_pct,,pct,spot,,,physical
2026-05-18,frango,frango-sp,Frango (SP),Frango Granja,,preco_kg,5.2,"5,20",R$,price,BRL,,spot,,,physical
2026-05-18,frango,frango-sp,Frango (SP),Frango Granja,,variacao_pct,0.0,"0,00",%,change_pct,,pct,spot,,,physical
2026-05-18,frango,frango-vivo-estados,Frango Vivo,Paraná,,preco,4.64,"4,64",R$/Kg,price,BRL,kg,spot,,PR,physical
2026-05-18,frango,frango-vivo-estados,Frango Vivo,Paraná,,variacao_pct,0.0,"0,00",%,change_pct,,pct,spot,,PR,physical
2026-05-18,frango,frango-vivo-estados,Frango Vivo,Santa Catarina,,preco,4.77,"4,77",R$/Kg,price,BRL,kg,spot,,SC,physical
2026-05-18,frango,frango-vivo-estados,Frango Vivo,Santa Catarina,,variacao_pct,0.0,"0,00",%,change_pct,,pct,spot,,SC,physical
2026-05-18,frango,precos-do-frango-congelado-cepea-esalq,Frango Congelado Cepea/Esalq,,,kg,7.6,"7,60",R$,price,BRL,,spot,,,indicator
2026-05-18,frango,precos-do-frango-congelado-cepea-esalq,Frango Congelado Cepea/Esalq,,,variacao_pct,-0.13,"-0,13",%,change_pct,,pct,spot,,,indicator
2026-05-18,frango,precos-do-frango-resfriado-cepea-esalq,Frango Resfriado Cepea/Esalq,,,kg,7.61,"7,61",R$,price,BRL,,spot,,,indicator
2026-05-18,frango,precos-do-frango-resfriado-cepea-esalq,Frango Resfriado Cepea/Esalq,,,variacao_pct,-0.13,"-0,13",%,change_pct,,pct,spot,,,indicator
2026-05-19,frango,frango-sp,Frango (SP),Frango Atacado,,preco_kg,6.8,"6,80",R$,price,BRL,,spot,,,physical
2026-05-19,frango,frango-sp,Frango (SP),Frango Atacado,,variacao_pct,-0.73,"-0,73",%,change_pct,,pct,spot,,,physical
2026-05-19,frango,frango-sp,Frango (SP),Frango Granja,,preco_kg,5.2,"5,20",R$,price,BRL,,spot,,,physical
2026-05-19,frango,frango-sp,Frango (SP),Frango Granja,,variacao_pct,0.0,"0,00",%,change_pct,,pct,spot,,,physical
2026-05-19,frango,frango-vivo-estados,Frango Vivo,Paraná,,preco,4.64,"4,64",R$/Kg,price,BRL,kg,spot,,PR,physical
2026-05-19,frango,frango-vivo-estados,Frango Vivo,Paraná,,variacao_pct,0.0,"0,00",%,change_pct,,pct,spot,,PR,physical
2026-05-19,frango,frango-vivo-estados,Frango Vivo,Santa Catarina,,preco,4.77,"4,77",R$/Kg,price,BRL,kg,spot,,SC,physical
2026-05-19,frango,frango-vivo-estados,Frango Vivo,Santa Catarina,,variacao_pct,0.0,"0,00",%,change_pct,,pct,spot,,SC,physical
2026-05-19,frango,precos-do-frango-congelado-cepea-esalq,Frango Congelado Cepea/Esalq,,,kg,7.58,"7,58",R$,price,BRL,,spot,,,indicator
2026-05-19,frango,precos-do-frango-congelado-cepea-esalq,Frango Congelado Cepea/Esalq,,,variacao_pct,-0.26,"-0,26",%,change_pct,,pct,spot,,,indicator
2026-05-19,frango,precos-do-frango-resfriado-cepea-esalq,Frango Resfriado Cepea/Esalq,,,kg,7.59,"7,59",R$,price,BRL,,spot,,,indicator
2026-05-19,frango,precos-do-frango-resfriado-cepea-esalq,Frango Resfriado Cepea/Esalq,,,variacao_pct,-0.26,"-0,26",%,change_pct,,pct,spot,,,indicator
2026-05-20,frango,frango-sp,Frango (SP),Frango Atacado,,preco_kg,6.7,"6,70",R$,price,BRL,,spot,,,physical
2026-05-20,frango,frango-sp,Frango (SP),Frango Atacado,,variacao_pct,-1.47,"-1,47",%,change_pct,,pct,spot,,,physical
2026-05-20,frango,frango-sp,Frango (SP),Frango Granja,,preco_kg,5.2,"5,20",R$,price,BRL,,spot,,,physical
2026-05-20,frango,frango-sp,Frango (SP),Frango Granja,,variacao_pct,0.0,"0,00",%,change_pct,,pct,spot,,,physical
2026-05-20,frango,frango-vivo-estados,Frango Vivo,Paraná,,preco,4.64,"4,64",R$/Kg,price,BRL,kg,spot,,PR,physical
2026-05-20,frango,frango-vivo-estados,Frango Vivo,Paraná,,variacao_pct,0.0,"0,00",%,change_pct,,pct,spot,,PR,physical
2026-05-20,frango,frango-vivo-estados,Frango Vivo,Santa Catarina,,preco,4.77,"4,77",R$/Kg,price,BRL,kg,spot,,SC,physical
2026-05-20,frango,frango-vivo-estados,Frango Vivo,Santa Catarina,,variacao_pct,0.0,"0,00",%,change_pct,,pct,spot,,SC,physical
2026-05-20,frango,precos-do-frango-congelado-cepea-esalq,Frango Congelado Cepea/Esalq,,,kg,7.48,"7,48",R$,price,BRL,,spot,,,indicator
2026-05-20,frango,precos-do-frango-congelado-cepea-esalq,Frango Congelado Cepea/Esalq,,,variacao_pct,-1.32,"-1,32",%,change_pct,,pct,spot,,,indicator
2026-05-20,frango,precos-do-frango-resfriado-cepea-esalq,Frango Resfriado Cepea/Esalq,,,kg,7.49,"7,49",R$,price,BRL,,spot,,,indicator
2026-05-20,frango,precos-do-frango-resfriado-cepea-esalq,Frango Resfriado Cepea/Esalq,,,variacao_pct,-1.32,"-1,32",%,change_pct,,pct,spot,,,indicator
2026-05-21,frango,frango-sp,Frango (SP),Frango Atacado,,preco_kg,6.7,"6,70",R$,price,BRL,,spot,,,physical
2026-05-21,frango,frango-sp,Frango (SP),Frango Atacado,,variacao_pct,0.0,"0,00",%,change_pct,,pct,spot,,,physical
2026-05-21,frango,frango-sp,Frango (SP),Frango Granja,,preco_kg,5.2,"5,20",R$,price,BRL,,spot,,,physical
2026-05-21,frango,frango-sp,Frango (SP),Frango Granja,,variacao_pct,0.0,"0,00",%,change_pct,,pct,spot,,,physical
2026-05-21,frango,frango-vivo-estados,Frango Vivo,Paraná,,preco,4.64,"4,64",R$/Kg,price,BRL,kg,spot,,PR,physical
2026-05-21,frango,frango-vivo-estados,Frango Vivo,Paraná,,variacao_pct,0.0,"0,00",%,change_pct,,pct,spot,,PR,physical
2026-05-21,frango,frango-vivo-estados,Frango Vivo,Santa Catarina,,preco,4.77,"4,77",R$/Kg,price,BRL,kg,spot,,SC,physical
2026-05-21,frango,frango-vivo-estados,Frango Vivo,Santa Catarina,,variacao_pct,0.0,"0,00",%,change_pct,,pct,spot,,SC,physical
2026-05-21,frango,precos-do-frango-congelado-cepea-esalq,Frango Congelado Cepea/Esalq,,,kg,7.48,"7,48",R$,price,BRL,,spot,,,indicator
2026-05-21,frango,precos-do-frango-congelado-cepea-esalq,Frango Congelado Cepea/Esalq,,,variacao_pct,0.0,"0,00",%,change_pct,,pct,spot,,,indicator
2026-05-21,frango,precos-do-frango-resfriado-cepea-esalq,Frango Resfriado Cepea/Esalq,,,kg,7.49,"7,49",R$,price,BRL,,spot,,,indicator
2026-05-21,frango,precos-do-frango-resfriado-cepea-esalq,Frango Resfriado Cepea/Esalq,,,variacao_pct,0.0,"0,00",%,change_pct,,pct,spot,,,indicator
2026-05-22,frango,frango-sp,Frango (SP),Frango Atacado,,preco_kg,6.5,"6,50",R$,price,BRL,,spot,,,physical
2026-05-22,frango,frango-sp,Frango (SP),Frango Atacado,,variacao_pct,-2.99,"-2,99",%,change_pct,,pct,spot,,,physical
2026-05-22,frango,frango-sp,Frango (SP),Frango Granja,,preco_kg,5.2,"5,20",R$,price,BRL,,spot,,,physical
2026-05-22,frango,frango-sp,Frango (SP),Frango Granja,,variacao_pct,0.0,"0,00",%,change_pct,,pct,spot,,,physical
2026-05-22,frango,frango-vivo-estados,Frango Vivo,Paraná,,preco,4.73,"4,73",R$/Kg,price,BRL,kg,spot,,PR,physical
2026-05-22,frango,frango-vivo-estados,Frango Vivo,Paraná,,variacao_pct,1.94,"+1,94",%,change_pct,,pct,spot,,PR,physical
2026-05-22,frango,frango-vivo-estados,Frango Vivo,Santa Catarina,,preco,4.77,"4,77",R$/Kg,price,BRL,kg,spot,,SC,physical
2026-05-22,frango,frango-vivo-estados,Frango Vivo,Santa Catarina,,variacao_pct,0.0,"0,00",%,change_pct,,pct,spot,,SC,physical
2026-05-22,frango,precos-do-frango-congelado-cepea-esalq,Frango Congelado Cepea/Esalq,,,kg,7.48,"7,48",R$,price,BRL,,spot,,,indicator
2026-05-22,frango,precos-do-frango-congelado-cepea-esalq,Frango Congelado Cepea/Esalq,,,variacao_pct,0.0,"0,00",%,change_pct,,pct,spot,,,indicator
2026-05-22,frango,precos-do-frango-resfriado-cepea-esalq,Frango Resfriado Cepea/Esalq,,,kg,7.49,"7,49",R$,price,BRL,,spot,,,indicator
2026-05-22,frango,precos-do-frango-resfriado-cepea-esalq,Frango Resfriado Cepea/Esalq,,,variacao_pct,0.0,"0,00",%,change_pct,,pct,spot,,,indicator
2026-05-25,frango,frango-sp,Frango (SP),Frango Atacado,,preco_kg,6.4,"6,40",R$,price,BRL,,spot,,,physical
2026-05-25,frango,frango-sp,Frango (SP),Frango Atacado,,variacao_pct,-1.54,"-1,54",%,change_pct,,pct,spot,,,physical
2026-05-25,frango,frango-sp,Frango (SP),Frango Granja,,preco_kg,5.2,"5,20",R$,price,BRL,,spot,,,physical
2026-05-25,frango,frango-sp,Frango (SP),Frango Granja,,variacao_pct,0.0,"0,00",%,change_pct,,pct,spot,,,physical
2026-05-25,frango,frango-vivo-estados,Frango Vivo,Paraná,,preco,4.73,"4,73",R$/Kg,price,BRL,kg,spot,,PR,physical
2026-05-25,frango,frango-vivo-estados,Frango Vivo,Paraná,,variacao_pct,0.0,"0,00",%,change_pct,,pct,spot,,PR,physical
2026-05-25,frango,frango-vivo-estados,Frango Vivo,Santa Catarina,,preco,4.77,"4,77",R$/Kg,price,BRL,kg,spot,,SC,physical
2026-05-25,frango,frango-vivo-estados,Frango Vivo,Santa Catarina,,variacao_pct,0.0,"0,00",%,change_pct,,pct,spot,,SC,physical
2026-05-25,frango,precos-do-frango-congelado-cepea-esalq,Frango Congelado Cepea/Esalq,,,kg,7.46,"7,46",R$,price,BRL,,spot,,,indicator
2026-05-25,frango,precos-do-frango-congelado-cepea-esalq,Frango Congelado Cepea/Esalq,,,variacao_pct,-0.27,"-0,27",%,change_pct,,pct,spot,,,indicator
2026-05-25,frango,precos-do-frango-resfriado-cepea-esalq,Frango Resfriado Cepea/Esalq,,,kg,7.47,"7,47",R$,price,BRL,,spot,,,indicator
2026-05-25,frango,precos-do-frango-resfriado-cepea-esalq,Frango Resfriado Cepea/Esalq,,,variacao_pct,-0.27,"-0,27",%,change_pct,,pct,spot,,,indicator
2026-05-26,frango,frango-sp,Frango (SP),Frango Atacado,,preco_kg,6.38,"6,38",R$,price,BRL,,spot,,,physical
2026-05-26,frango,frango-sp,Frango (SP),Frango Atacado,,variacao_pct,-0.31,"-0,31",%,change_pct,,pct,spot,,,physical
2026-05-26,frango,frango-sp,Frango (SP),Frango Granja,,preco_kg,5.2,"5,20",R$,price,BRL,,spot,,,physical
2026-05-26,frango,frango-sp,Frango (SP),Frango Granja,,variacao_pct,0.0,"0,00",%,change_pct,,pct,spot,,,physical
2026-05-26,frango,frango-vivo-estados,Frango Vivo,Paraná,,preco,4.73,"4,73",R$/Kg,price,BRL,kg,spot,,PR,physical
2026-05-26,frango,frango-vivo-estados,Frango Vivo,Paraná,,variacao_pct,0.0,"0,00",%,change_pct,,pct,spot,,PR,physical
2026-05-26,frango,frango-vivo-estados,Frango Vivo,Santa Catarina,,preco,4.77,"4,77",R$/Kg,price,BRL,kg,spot,,SC,physical
2026-05-26,frango,frango-vivo-estados,Frango Vivo,Santa Catarina,,variacao_pct,0.0,"0,00",%,change_pct,,pct,spot,,SC,physical
2026-05-26,frango,precos-do-frango-congelado-cepea-esalq,Frango Congelado Cepea/Esalq,,,kg,7.41,"7,41",R$,price,BRL,,spot,,,indicator
2026-05-26,frango,precos-do-frango-congelado-cepea-esalq,Frango Congelado Cepea/Esalq,,,variacao_pct,-0.67,"-0,67",%,change_pct,,pct,spot,,,indicator
2026-05-26,frango,precos-do-frango-resfriado-cepea-esalq,Frango Resfriado Cepea/Esalq,,,kg,7.42,"7,42",R$,price,BRL,,spot,,,indicator
2026-05-26,frango,precos-do-frango-resfriado-cepea-esalq,Frango Resfriado Cepea/Esalq,,,variacao_pct,-0.67,"-0,67",%,change_pct,,pct,spot,,,indicator
2026-05-27,frango,frango-sp,Frango (SP),Frango Atacado,,preco_kg,6.35,"6,35",R$,price,BRL,,spot,,,physical
2026-05-27,frango,frango-sp,Frango (SP),Frango Atacado,,variacao_pct,-0.47,"-0,47",%,change_pct,,pct,spot,,,physical
2026-05-27,frango,frango-sp,Frango (SP),Frango Granja,,preco_kg,5.2,"5,20",R$,price,BRL,,spot,,,physical
2026-05-27,frango,frango-sp,Frango (SP),Frango Granja,,variacao_pct,0.0,"0,00",%,change_pct,,pct,spot,,,physical
2026-05-27,frango,frango-vivo-estados,Frango Vivo,Paraná,,preco,4.73,"4,73",R$/Kg,price,BRL,kg,spot,,PR,physical
2026-05-27,frango,frango-vivo-estados,Frango Vivo,Paraná,,variacao_pct,0.0,"0,00",%,change_pct,,pct,spot,,PR,physical
2026-05-27,frango,frango-vivo-estados,Frango Vivo,Santa Catarina,,preco,4.77,"4,77",R$/Kg,price,BRL,kg,spot,,SC,physical
2026-05-27,frango,frango-vivo-estados,Frango Vivo,Santa Catarina,,variacao_pct,0.0,"0,00",%,change_pct,,pct,spot,,SC,physical
2026-05-27,frango,precos-do-frango-congelado-cepea-esalq,Frango Congelado Cepea/Esalq,,,kg,7.41,"7,41",R$,price,BRL,,spot,,,indicator
2026-05-27,frango,precos-do-frango-congelado-cepea-esalq,Frango Congelado Cepea/Esalq,,,variacao_pct,0.0,"0,00",%,change_pct,,pct,spot,,,indicator
2026-05-27,frango,precos-do-frango-resfriado-cepea-esalq,Frango Resfriado Cepea/Esalq,,,kg,7.42,"7,42",R$,price,BRL,,spot,,,indicator
2026-05-27,frango,precos-do-frango-resfriado-cepea-esalq,Frango Resfriado Cepea/Esalq,,,variacao_pct,0.0,"0,00",%,change_pct,,pct,spot,,,indicator
2026-05-28,frango,frango-sp,Frango (SP),Frango Atacado,,preco_kg,6.3,"6,30",R$,price,BRL,,spot,,,physical
2026-05-28,frango,frango-sp,Frango (SP),Frango Atacado,,variacao_pct,-0.79,"-0,79",%,change_pct,,pct,spot,,,physical
2026-05-28,frango,frango-sp,Frango (SP),Frango Granja,,preco_kg,5.2,"5,20",R$,price,BRL,,spot,,,physical
2026-05-28,frango,frango-sp,Frango (SP),Frango Granja,,variacao_pct,0.0,"0,00",%,change_pct,,pct,spot,,,physical
2026-05-28,frango,frango-vivo-estados,Frango Vivo,Paraná,,preco,4.73,"4,73",R$/Kg,price,BRL,kg,spot,,PR,physical
2026-05-28,frango,frango-vivo-estados,Frango Vivo,Paraná,,variacao_pct,0.0,"0,00",%,change_pct,,pct,spot,,PR,physical
2026-05-28,frango,frango-vivo-estados,Frango Vivo,Santa Catarina,,preco,4.77,"4,77",R$/Kg,price,BRL,kg,spot,,SC,physical
2026-05-28,frango,frango-vivo-estados,Frango Vivo,Santa Catarina,,variacao_pct,0.0,"0,00",%,change_pct,,pct,spot,,SC,physical
2026-05-28,frango,precos-do-frango-congelado-cepea-esalq,Frango Congelado Cepea/Esalq,,,kg,7.39,"7,39",R$,price,BRL,,spot,,,indicator
2026-05-28,frango,precos-do-frango-congelado-cepea-esalq,Frango Congelado Cepea/Esalq,,,variacao_pct,-0.27,"-0,27",%,change_pct,,pct,spot,,,indicator
2026-05-28,frango,precos-do-frango-resfriado-cepea-esalq,Frango Resfriado Cepea/Esalq,,,kg,7.4,"7,40",R$,price,BRL,,spot,,,indicator
2026-05-28,frango,precos-do-frango-resfriado-cepea-esalq,Frango Resfriado Cepea/Esalq,,,variacao_pct,-0.27,"-0,27",%,change_pct,,pct,spot,,,indicator
2026-05-29,frango,frango-sp,Frango (SP),Frango Atacado,,preco_kg,6.25,"6,25",R$,price,BRL,,spot,,,physical
2026-05-29,frango,frango-sp,Frango (SP),Frango Atacado,,variacao_pct,-0.79,"-0,79",%,change_pct,,pct,spot,,,physical
2026-05-29,frango,frango-sp,Frango (SP),Frango Granja,,preco_kg,5.2,"5,20",R$,price,BRL,,spot,,,physical
2026-05-29,frango,frango-sp,Frango (SP),Frango Granja,,variacao_pct,0.0,"0,00",%,change_pct,,pct,spot,,,physical
2026-05-29,frango,frango-vivo-estados,Frango Vivo,Paraná,,preco,4.76,"4,76",R$/Kg,price,BRL,kg,spot,,PR,physical
2026-05-29,frango,frango-vivo-estados,Frango Vivo,Paraná,,variacao_pct,0.63,"+0,63",%,change_pct,,pct,spot,,PR,physical
2026-05-29,frango,frango-vivo-estados,Frango Vivo,Santa Catarina,,preco,4.77,"4,77",R$/Kg,price,BRL,kg,spot,,SC,physical
2026-05-29,frango,frango-vivo-estados,Frango Vivo,Santa Catarina,,variacao_pct,0.0,"0,00",%,change_pct,,pct,spot,,SC,physical
2026-05-29,frango,precos-do-frango-congelado-cepea-esalq,Frango Congelado Cepea/Esalq,,,kg,7.03,"7,03",R$,price,BRL,,spot,,,indicator
2026-05-29,frango,precos-do-frango-congelado-cepea-esalq,Frango Congelado Cepea/Esalq,,,variacao_pct,-4.87,"-4,87",%,change_pct,,pct,spot,,,indicator
2026-05-29,frango,precos-do-frango-resfriado-cepea-esalq,Frango Resfriado Cepea/Esalq,,,kg,7.05,"7,05",R$,price,BRL,,spot,,,indicator
2026-05-29,frango,precos-do-frango-resfriado-cepea-esalq,Frango Resfriado Cepea/Esalq,,,variacao_pct,-4.73,"-4,73",%,change_pct,,pct,spot,,,indicator
2026-06-01,frango,frango-sp,Frango (SP),Frango Atacado,,preco_kg,6.15,"6,15",R$,price,BRL,,spot,,,physical
2026-06-01,frango,frango-sp,Frango (SP),Frango Atacado,,variacao_pct,-1.6,"-1,60",%,change_pct,,pct,spot,,,physical
2026-06-01,frango,frango-sp,Frango (SP),Frango Granja,,preco_kg,5.2,"5,20",R$,price,BRL,,spot,,,physical
2026-06-01,frango,frango-sp,Frango (SP),Frango Granja,,variacao_pct,0.0,"0,00",%,change_pct,,pct,spot,,,physical
2026-06-01,frango,frango-vivo-estados,Frango Vivo,Paraná,,preco,4.76,"4,76",R$/Kg,price,BRL,kg,spot,,PR,physical
2026-06-01,frango,frango-vivo-estados,Frango Vivo,Paraná,,variacao_pct,0.0,"0,00",%,change_pct,,pct,spot,,PR,physical
2026-06-01,frango,frango-vivo-estados,Frango Vivo,Santa Catarina,,preco,4.77,"4,77",R$/Kg,price,BRL,kg,spot,,SC,physical
2026-06-01,frango,frango-vivo-estados,Frango Vivo,Santa Catarina,,variacao_pct,0.0,"0,00",%,change_pct,,pct,spot,,SC,physical
2026-06-01,frango,precos-do-frango-congelado-cepea-esalq,Frango Congelado Cepea/Esalq,,,kg,7.18,"7,18",R$,price,BRL,,spot,,,indicator
2026-06-01,frango,precos-do-frango-congelado-cepea-esalq,Frango Congelado Cepea/Esalq,,,variacao_pct,2.13,"+2,13",%,change_pct,,pct,spot,,,indicator
2026-06-01,frango,precos-do-frango-resfriado-cepea-esalq,Frango Resfriado Cepea/Esalq,,,kg,7.2,"7,20",R$,price,BRL,,spot,,,indicator
2026-06-01,frango,precos-do-frango-resfriado-cepea-esalq,Frango Resfriado Cepea/Esalq,,,variacao_pct,2.13,"+2,13",%,change_pct,,pct,spot,,,indicator
2026-06-02,frango,frango-sp,Frango (SP),Frango Atacado,,preco_kg,6.35,"6,35",R$,price,BRL,,spot,,,physical
2026-06-02,frango,frango-sp,Frango (SP),Frango Atacado,,variacao_pct,3.25,"+3,25",%,change_pct,,pct,spot,,,physical
2026-06-02,frango,frango-sp,Frango (SP),Frango Granja,,preco_kg,5.2,"5,20",R$,price,BRL,,spot,,,physical
2026-06-02,frango,frango-sp,Frango (SP),Frango Granja,,variacao_pct,0.0,"0,00",%,change_pct,,pct,spot,,,physical
2026-06-02,frango,frango-vivo-estados,Frango Vivo,Paraná,,preco,4.76,"4,76",R$/Kg,price,BRL,kg,spot,,PR,physical
2026-06-02,frango,frango-vivo-estados,Frango Vivo,Paraná,,variacao_pct,0.0,"0,00",%,change_pct,,pct,spot,,PR,physical
2026-06-02,frango,frango-vivo-estados,Frango Vivo,Santa Catarina,,preco,4.73,"4,73",R$/Kg,price,BRL,kg,spot,,SC,physical
2026-06-02,frango,frango-vivo-estados,Frango Vivo,Santa Catarina,,variacao_pct,-0.84,"-0,84",%,change_pct,,pct,spot,,SC,physical
2026-06-02,frango,precos-do-frango-congelado-cepea-esalq,Frango Congelado Cepea/Esalq,,,kg,7.03,"7,03",R$,price,BRL,,spot,,,indicator
2026-06-02,frango,precos-do-frango-congelado-cepea-esalq,Frango Congelado Cepea/Esalq,,,variacao_pct,-2.09,"-2,09",%,change_pct,,pct,spot,,,indicator
2026-06-02,frango,precos-do-frango-resfriado-cepea-esalq,Frango Resfriado Cepea/Esalq,,,kg,7.04,"7,04",R$,price,BRL,,spot,,,indicator
2026-06-02,frango,precos-do-frango-resfriado-cepea-esalq,Frango Resfriado Cepea/Esalq,,,variacao_pct,-2.22,"-2,22",%,change_pct,,pct,spot,,,indicator
2026-06-03,frango,frango-sp,Frango (SP),Frango Atacado,,preco_kg,6.38,"6,38",R$,price,BRL,,spot,,,physical
2026-06-03,frango,frango-sp,Frango (SP),Frango Atacado,,variacao_pct,0.47,"+0,47",%,change_pct,,pct,spot,,,physical
2026-06-03,frango,frango-sp,Frango (SP),Frango Granja,,preco_kg,5.2,"5,20",R$,price,BRL,,spot,,,physical
2026-06-03,frango,frango-sp,Frango (SP),Frango Granja,,variacao_pct,0.0,"0,00",%,change_pct,,pct,spot,,,physical
2026-06-03,frango,frango-vivo-estados,Frango Vivo,Paraná,,preco,4.76,"4,76",R$/Kg,price,BRL,kg,spot,,PR,physical
2026-06-03,frango,frango-vivo-estados,Frango Vivo,Paraná,,variacao_pct,0.0,"0,00",%,change_pct,,pct,spot,,PR,physical
2026-06-03,frango,frango-vivo-estados,Frango Vivo,Santa Catarina,,preco,4.73,"4,73",R$/Kg,price,BRL,kg,spot,,SC,physical
2026-06-03,frango,frango-vivo-estados,Frango Vivo,Santa Catarina,,variacao_pct,0.0,"0,00",%,change_pct,,pct,spot,,SC,physical
2026-06-03,frango,precos-do-frango-congelado-cepea-esalq,Frango Congelado Cepea/Esalq,,,kg,7.13,"7,13",R$,price,BRL,,spot,,,indicator
2026-06-03,frango,precos-do-frango-congelado-cepea-esalq,Frango Congelado Cepea/Esalq,,,variacao_pct,1.42,"+1,42",%,change_pct,,pct,spot,,,indicator
2026-06-03,frango,precos-do-frango-resfriado-cepea-esalq,Frango Resfriado Cepea/Esalq,,,kg,7.14,"7,14",R$,price,BRL,,spot,,,indicator
2026-06-03,frango,precos-do-frango-resfriado-cepea-esalq,Frango Resfriado Cepea/Esalq,,,variacao_pct,1.42,"+1,42",%,change_pct,,pct,spot,,,indicator
2026-06-05,frango,frango-sp,Frango (SP),Frango Atacado,,preco_kg,6.4,"6,40",R$,price,BRL,,spot,,,physical
2026-06-05,frango,frango-sp,Frango (SP),Frango Atacado,,variacao_pct,0.31,"+0,31",%,change_pct,,pct,spot,,,physical
2026-06-05,frango,frango-sp,Frango (SP),Frango Granja,,preco_kg,5.2,"5,20",R$,price,BRL,,spot,,,physical
2026-06-05,frango,frango-sp,Frango (SP),Frango Granja,,variacao_pct,0.0,"0,00",%,change_pct,,pct,spot,,,physical
2026-06-05,frango,frango-vivo-estados,Frango Vivo,Paraná,,preco,4.76,"4,76",R$/Kg,price,BRL,kg,spot,,PR,physical
2026-06-05,frango,frango-vivo-estados,Frango Vivo,Paraná,,variacao_pct,0.0,"0,00",%,change_pct,,pct,spot,,PR,physical
2026-06-05,frango,frango-vivo-estados,Frango Vivo,Santa Catarina,,preco,4.73,"4,73",R$/Kg,price,BRL,kg,spot,,SC,physical
2026-06-05,frango,frango-vivo-estados,Frango Vivo,Santa Catarina,,variacao_pct,0.0,"0,00",%,change_pct,,pct,spot,,SC,physical
2026-06-05,frango,precos-do-frango-congelado-cepea-esalq,Frango Congelado Cepea/Esalq,,,kg,7.13,"7,13",R$,price,BRL,,spot,,,indicator
2026-06-05,frango,precos-do-frango-congelado-cepea-esalq,Frango Congelado Cepea/Esalq,,,variacao_pct,0.0,"0,00",%,change_pct,,pct,spot,,,indicator
2026-06-05,frango,precos-do-frango-resfriado-cepea-esalq,Frango Resfriado Cepea/Esalq,,,kg,7.14,"7,14",R$,price,BRL,,spot,,,indicator
2026-06-05,frango,precos-do-frango-resfriado-cepea-esalq,Frango Resfriado Cepea/Esalq,,,variacao_pct,0.0,"0,00",%,change_pct,,pct,spot,,,indicator
2026-06-08,frango,frango-sp,Frango (SP),Frango Atacado,,preco_kg,6.42,"6,42",R$,price,BRL,,spot,,,physical
2026-06-08,frango,frango-sp,Frango (SP),Frango Atacado,,variacao_pct,0.31,"+0,31",%,change_pct,,pct,spot,,,physical
2026-06-08,frango,frango-sp,Frango (SP),Frango Granja,,preco_kg,5.2,"5,20",R$,price,BRL,,spot,,,physical
2026-06-08,frango,frango-sp,Frango (SP),Frango Granja,,variacao_pct,0.0,"0,00",%,change_pct,,pct,spot,,,physical
2026-06-08,frango,frango-vivo-estados,Frango Vivo,Paraná,,preco,4.76,"4,76",R$/Kg,price,BRL,kg,spot,,PR,physical
2026-06-08,frango,frango-vivo-estados,Frango Vivo,Paraná,,variacao_pct,0.0,"0,00",%,change_pct,,pct,spot,,PR,physical
2026-06-08,frango,frango-vivo-estados,Frango Vivo,Santa Catarina,,preco,4.73,"4,73",R$/Kg,price,BRL,kg,spot,,SC,physical
2026-06-08,frango,frango-vivo-estados,Frango Vivo,Santa Catarina,,variacao_pct,0.0,"0,00",%,change_pct,,pct,spot,,SC,physical
2026-06-08,frango,precos-do-frango-congelado-cepea-esalq,Frango Congelado Cepea/Esalq,,,kg,7.18,"7,18",R$,price,BRL,,spot,,,indicator
2026-06-08,frango,precos-do-frango-congelado-cepea-esalq,Frango Congelado Cepea/Esalq,,,variacao_pct,0.7,"+0,70",%,change_pct,,pct,spot,,,indicator
2026-06-08,frango,precos-do-frango-resfriado-cepea-esalq,Frango Resfriado Cepea/Esalq,,,kg,7.19,"7,19",R$,price,BRL,,spot,,,indicator
2026-06-08,frango,precos-do-frango-resfriado-cepea-esalq,Frango Resfriado Cepea/Esalq,,,variacao_pct,0.7,"+0,70",%,change_pct,,pct,spot,,,indicator
2026-06-09,frango,frango-sp,Frango (SP),Frango Atacado,,preco_kg,6.53,"6,53",R$,price,BRL,,spot,,,physical
2026-06-09,frango,frango-sp,Frango (SP),Frango Atacado,,variacao_pct,1.71,"+1,71",%,change_pct,,pct,spot,,,physical
2026-06-09,frango,frango-sp,Frango (SP),Frango Granja,,preco_kg,5.2,"5,20",R$,price,BRL,,spot,,,physical
2026-06-09,frango,frango-sp,Frango (SP),Frango Granja,,variacao_pct,0.0,"0,00",%,change_pct,,pct,spot,,,physical
2026-06-09,frango,frango-vivo-estados,Frango Vivo,Paraná,,preco,4.76,"4,76",R$/Kg,price,BRL,kg,spot,,PR,physical
2026-06-09,frango,frango-vivo-estados,Frango Vivo,Paraná,,variacao_pct,0.0,"0,00",%,change_pct,,pct,spot,,PR,physical
2026-06-09,frango,frango-vivo-estados,Frango Vivo,Santa Catarina,,preco,4.73,"4,73",R$/Kg,price,BRL,kg,spot,,SC,physical
2026-06-09,frango,frango-vivo-estados,Frango Vivo,Santa Catarina,,variacao_pct,0.0,"0,00",%,change_pct,,pct,spot,,SC,physical
2026-06-09,frango,precos-do-frango-congelado-cepea-esalq,Frango Congelado Cepea/Esalq,,,kg,7.2,"7,20",R$,price,BRL,,spot,,,indicator
2026-06-09,frango,precos-do-frango-congelado-cepea-esalq,Frango Congelado Cepea/Esalq,,,variacao_pct,0.28,"+0,28",%,change_pct,,pct,spot,,,indicator
2026-06-09,frango,precos-do-frango-resfriado-cepea-esalq,Frango Resfriado Cepea/Esalq,,,kg,7.22,"7,22",R$,price,BRL,,spot,,,indicator
2026-06-09,frango,precos-do-frango-resfriado-cepea-esalq,Frango Resfriado Cepea/Esalq,,,variacao_pct,0.42,"+0,42",%,change_pct,,pct,spot,,,indicator
2026-06-10,frango,frango-sp,Frango (SP),Frango Atacado,,preco_kg,6.55,"6,55",R$,price,BRL,,spot,,,physical
2026-06-10,frango,frango-sp,Frango (SP),Frango Atacado,,variacao_pct,0.31,"+0,31",%,change_pct,,pct,spot,,,physical
2026-06-10,frango,frango-sp,Frango (SP),Frango Granja,,preco_kg,5.2,"5,20",R$,price,BRL,,spot,,,physical
2026-06-10,frango,frango-sp,Frango (SP),Frango Granja,,variacao_pct,0.0,"0,00",%,change_pct,,pct,spot,,,physical
2026-06-10,frango,frango-vivo-estados,Frango Vivo,Paraná,,preco,4.76,"4,76",R$/Kg,price,BRL,kg,spot,,PR,physical
2026-06-10,frango,frango-vivo-estados,Frango Vivo,Paraná,,variacao_pct,0.0,"0,00",%,change_pct,,pct,spot,,PR,physical
2026-06-10,frango,frango-vivo-estados,Frango Vivo,Santa Catarina,,preco,4.73,"4,73",R$/Kg,price,BRL,kg,spot,,SC,physical
2026-06-10,frango,frango-vivo-estados,Frango Vivo,Santa Catarina,,variacao_pct,0.0,"0,00",%,change_pct,,pct,spot,,SC,physical
2026-06-10,frango,precos-do-frango-congelado-cepea-esalq,Frango Congelado Cepea/Esalq,,,kg,7.27,"7,27",R$,price,BRL,,spot,,,indicator
2026-06-10,frango,precos-do-frango-congelado-cepea-esalq,Frango Congelado Cepea/Esalq,,,variacao_pct,0.97,"+0,97",%,change_pct,,pct,spot,,,indicator
2026-06-10,frango,precos-do-frango-resfriado-cepea-esalq,Frango Resfriado Cepea/Esalq,,,kg,7.28,"7,28",R$,price,BRL,,spot,,,indicator
2026-06-10,frango,precos-do-frango-resfriado-cepea-esalq,Frango Resfriado Cepea/Esalq,,,variacao_pct,0.83,"+0,83",%,change_pct,,pct,spot,,,indicator
2026-06-11,frango,frango-sp,Frango (SP),Frango Atacado,,preco_kg,6.57,"6,57",R$,price,BRL,,spot,,,physical
2026-06-11,frango,frango-sp,Frango (SP),Frango Atacado,,variacao_pct,0.31,"+0,31",%,change_pct,,pct,spot,,,physical
2026-06-11,frango,frango-sp,Frango (SP),Frango Granja,,preco_kg,5.2,"5,20",R$,price,BRL,,spot,,,physical
2026-06-11,frango,frango-sp,Frango (SP),Frango Granja,,variacao_pct,0.0,"0,00",%,change_pct,,pct,spot,,,physical
2026-06-11,frango,frango-vivo-estados,Frango Vivo,Paraná,,preco,4.76,"4,76",R$/Kg,price,BRL,kg,spot,,PR,physical
2026-06-11,frango,frango-vivo-estados,Frango Vivo,Paraná,,variacao_pct,0.0,"0,00",%,change_pct,,pct,spot,,PR,physical
2026-06-11,frango,frango-vivo-estados,Frango Vivo,Santa Catarina,,preco,4.73,"4,73",R$/Kg,price,BRL,kg,spot,,SC,physical
2026-06-11,frango,frango-vivo-estados,Frango Vivo,Santa Catarina,,variacao_pct,0.0,"0,00",%,change_pct,,pct,spot,,SC,physical
2026-06-11,frango,precos-do-frango-congelado-cepea-esalq,Frango Congelado Cepea/Esalq,,,kg,7.28,"7,28",R$,price,BRL,,spot,,,indicator
2026-06-11,frango,precos-do-frango-congelado-cepea-esalq,Frango Congelado Cepea/Esalq,,,variacao_pct,0.14,"+0,14",%,change_pct,,pct,spot,,,indicator
2026-06-11,frango,precos-do-frango-resfriado-cepea-esalq,Frango Resfriado Cepea/Esalq,,,kg,7.3,"7,30",R$,price,BRL,,spot,,,indicator
2026-06-11,frango,precos-do-frango-resfriado-cepea-esalq,Frango Resfriado Cepea/Esalq,,,variacao_pct,0.27,"+0,27",%,change_pct,,pct,spot,,,indicator
2026-06-12,frango,frango-sp,Frango (SP),Frango Atacado,,preco_kg,6.55,"6,55",R$,price,BRL,,spot,,,physical
2026-06-12,frango,frango-sp,Frango (SP),Frango Atacado,,variacao_pct,-0.3,"-0,30",%,change_pct,,pct,spot,,,physical
2026-06-12,frango,frango-sp,Frango (SP),Frango Granja,,preco_kg,5.2,"5,20",R$,price,BRL,,spot,,,physical
2026-06-12,frango,frango-sp,Frango (SP),Frango Granja,,variacao_pct,0.0,"0,00",%,change_pct,,pct,spot,,,physical
2026-06-12,frango,frango-vivo-estados,Frango Vivo,Paraná,,preco,4.71,"4,71",R$/Kg,price,BRL,kg,spot,,PR,physical
2026-06-12,frango,frango-vivo-estados,Frango Vivo,Paraná,,variacao_pct,-1.05,"-1,05",%,change_pct,,pct,spot,,PR,physical
2026-06-12,frango,frango-vivo-estados,Frango Vivo,Santa Catarina,,preco,4.73,"4,73",R$/Kg,price,BRL,kg,spot,,SC,physical
2026-06-12,frango,frango-vivo-estados,Frango Vivo,Santa Catarina,,variacao_pct,0.0,"0,00",%,change_pct,,pct,spot,,SC,physical
2026-06-12,frango,precos-do-frango-congelado-cepea-esalq,Frango Congelado Cepea/Esalq,,,kg,7.28,"7,28",R$,price,BRL,,spot,,,indicator
2026-06-12,frango,precos-do-frango-congelado-cepea-esalq,Frango Congelado Cepea/Esalq,,,variacao_pct,0.0,"0,00",%,change_pct,,pct,spot,,,indicator
2026-06-12,frango,precos-do-frango-resfriado-cepea-esalq,Frango Resfriado Cepea/Esalq,,,kg,7.3,"7,30",R$,price,BRL,,spot,,,indicator
2026-06-12,frango,precos-do-frango-resfriado-cepea-esalq,Frango Resfriado Cepea/Esalq,,,variacao_pct,0.0,"0,00",%,change_pct,,pct,spot,,,indicator
2026-06-15,frango,frango-sp,Frango (SP),Frango Atacado,,preco_kg,6.55,"6,55",R$,price,BRL,,spot,,,physical
2026-06-15,frango,frango-sp,Frango (SP),Frango Atacado,,variacao_pct,0.0,"0,00",%,change_pct,,pct,spot,,,physical
2026-06-15,frango,frango-sp,Frango (SP),Frango Granja,,preco_kg,5.2,"5,20",R$,price,BRL,,spot,,,physical
2026-06-15,frango,frango-sp,Frango (SP),Frango Granja,,variacao_pct,0.0,"0,00",%,change_pct,,pct,spot,,,physical
2026-06-15,frango,frango-vivo-estados,Frango Vivo,Paraná,,preco,4.71,"4,71",R$/Kg,price,BRL,kg,spot,,PR,physical
2026-06-15,frango,frango-vivo-estados,Frango Vivo,Paraná,,variacao_pct,0.0,"0,00",%,change_pct,,pct,spot,,PR,physical
2026-06-15,frango,frango-vivo-estados,Frango Vivo,Santa Catarina,,preco,4.73,"4,73",R$/Kg,price,BRL,kg,spot,,SC,physical
2026-06-15,frango,frango-vivo-estados,Frango Vivo,Santa Catarina,,variacao_pct,0.0,"0,00",%,change_pct,,pct,spot,,SC,physical
2026-06-15,frango,precos-do-frango-congelado-cepea-esalq,Frango Congelado Cepea/Esalq,,,kg,7.33,"7,33",R$,price,BRL,,spot,,,indicator
2026-06-15,frango,precos-do-frango-congelado-cepea-esalq,Frango Congelado Cepea/Esalq,,,variacao_pct,0.69,"+0,69",%,change_pct,,pct,spot,,,indicator
2026-06-15,frango,precos-do-frango-resfriado-cepea-esalq,Frango Resfriado Cepea/Esalq,,,kg,7.34,"7,34",R$,price,BRL,,spot,,,indicator
2026-06-15,frango,precos-do-frango-resfriado-cepea-esalq,Frango Resfriado Cepea/Esalq,,,variacao_pct,0.55,"+0,55",%,change_pct,,pct,spot,,,indicator
2026-06-16,frango,frango-sp,Frango (SP),Frango Atacado,,preco_kg,6.5,"6,50",R$,price,BRL,,spot,,,physical
2026-06-16,frango,frango-sp,Frango (SP),Frango Atacado,,variacao_pct,-0.76,"-0,76",%,change_pct,,pct,spot,,,physical
2026-06-16,frango,frango-sp,Frango (SP),Frango Granja,,preco_kg,5.2,"5,20",R$,price,BRL,,spot,,,physical
2026-06-16,frango,frango-sp,Frango (SP),Frango Granja,,variacao_pct,0.0,"0,00",%,change_pct,,pct,spot,,,physical
2026-06-16,frango,frango-vivo-estados,Frango Vivo,Paraná,,preco,4.71,"4,71",R$/Kg,price,BRL,kg,spot,,PR,physical
2026-06-16,frango,frango-vivo-estados,Frango Vivo,Paraná,,variacao_pct,0.0,"0,00",%,change_pct,,pct,spot,,PR,physical
2026-06-16,frango,frango-vivo-estados,Frango Vivo,Santa Catarina,,preco,4.73,"4,73",R$/Kg,price,BRL,kg,spot,,SC,physical
2026-06-16,frango,frango-vivo-estados,Frango Vivo,Santa Catarina,,variacao_pct,0.0,"0,00",%,change_pct,,pct,spot,,SC,physical
2026-06-16,frango,precos-do-frango-congelado-cepea-esalq,Frango Congelado Cepea/Esalq,,,kg,7.29,"7,29",R$,price,BRL,,spot,,,indicator
2026-06-16,frango,precos-do-frango-congelado-cepea-esalq,Frango Congelado Cepea/Esalq,,,variacao_pct,-0.55,"-0,55",%,change_pct,,pct,spot,,,indicator
2026-06-16,frango,precos-do-frango-resfriado-cepea-esalq,Frango Resfriado Cepea/Esalq,,,kg,7.31,"7,31",R$,price,BRL,,spot,,,indicator
2026-06-16,frango,precos-do-frango-resfriado-cepea-esalq,Frango Resfriado Cepea/Esalq,,,variacao_pct,-0.41,"-0,41",%,change_pct,,pct,spot,,,indicator
2026-06-17,frango,frango-sp,Frango (SP),Frango Atacado,,preco_kg,6.48,"6,48",R$,price,BRL,,spot,,,physical
2026-06-17,frango,frango-sp,Frango (SP),Frango Atacado,,variacao_pct,-0.31,"-0,31",%,change_pct,,pct,spot,,,physical
2026-06-17,frango,frango-sp,Frango (SP),Frango Granja,,preco_kg,5.2,"5,20",R$,price,BRL,,spot,,,physical
2026-06-17,frango,frango-sp,Frango (SP),Frango Granja,,variacao_pct,0.0,"0,00",%,change_pct,,pct,spot,,,physical
2026-06-17,frango,frango-vivo-estados,Frango Vivo,Paraná,,preco,4.71,"4,71",R$/Kg,price,BRL,kg,spot,,PR,physical
2026-06-17,frango,frango-vivo-estados,Frango Vivo,Paraná,,variacao_pct,0.0,"0,00",%,change_pct,,pct,spot,,PR,physical
2026-06-17,frango,frango-vivo-estados,Frango Vivo,Santa Catarina,,preco,4.73,"4,73",R$/Kg,price,BRL,kg,spot,,SC,physical
2026-06-17,frango,frango-vivo-estados,Frango Vivo,Santa Catarina,,variacao_pct,0.0,"0,00",%,change_pct,,pct,spot,,SC,physical
2026-06-17,frango,precos-do-frango-congelado-cepea-esalq,Frango Congelado Cepea/Esalq,,,kg,7.29,"7,29",R$,price,BRL,,spot,,,indicator
2026-06-17,frango,precos-do-frango-congelado-cepea-esalq,Frango Congelado Cepea/Esalq,,,variacao_pct,0.0,"0,00",%,change_pct,,pct,spot,,,indicator
2026-06-17,frango,precos-do-frango-resfriado-cepea-esalq,Frango Resfriado Cepea/Esalq,,,kg,7.31,"7,31",R$,price,BRL,,spot,,,indicator
2026-06-17,frango,precos-do-frango-resfriado-cepea-esalq,Frango Resfriado Cepea/Esalq,,,variacao_pct,0.0,"0,00",%,change_pct,,pct,spot,,,indicator
2026-06-18,frango,frango-sp,Frango (SP),Frango Atacado,,preco_kg,6.4,"6,40",R$,price,BRL,,spot,,,physical
2026-06-18,frango,frango-sp,Frango (SP),Frango Atacado,,variacao_pct,-1.23,"-1,23",%,change_pct,,pct,spot,,,physical
2026-06-18,frango,frango-sp,Frango (SP),Frango Granja,,preco_kg,5.2,"5,20",R$,price,BRL,,spot,,,physical
2026-06-18,frango,frango-sp,Frango (SP),Frango Granja,,variacao_pct,0.0,"0,00",%,change_pct,,pct,spot,,,physical
2026-06-18,frango,frango-vivo-estados,Frango Vivo,Paraná,,preco,4.71,"4,71",R$/Kg,price,BRL,kg,spot,,PR,physical
2026-06-18,frango,frango-vivo-estados,Frango Vivo,Paraná,,variacao_pct,0.0,"0,00",%,change_pct,,pct,spot,,PR,physical
2026-06-18,frango,frango-vivo-estados,Frango Vivo,Santa Catarina,,preco,4.73,"4,73",R$/Kg,price,BRL,kg,spot,,SC,physical
2026-06-18,frango,frango-vivo-estados,Frango Vivo,Santa Catarina,,variacao_pct,0.0,"0,00",%,change_pct,,pct,spot,,SC,physical
2026-06-18,frango,precos-do-frango-congelado-cepea-esalq,Frango Congelado Cepea/Esalq,,,kg,7.29,"7,29",R$,price,BRL,,spot,,,indicator
2026-06-18,frango,precos-do-frango-congelado-cepea-esalq,Frango Congelado Cepea/Esalq,,,variacao_pct,0.0,"0,00",%,change_pct,,pct,spot,,,indicator
2026-06-18,frango,precos-do-frango-resfriado-cepea-esalq,Frango Resfriado Cepea/Esalq,,,kg,7.31,"7,31",R$,price,BRL,,spot,,,indicator
2026-06-18,frango,precos-do-frango-resfriado-cepea-esalq,Frango Resfriado Cepea/Esalq,,,variacao_pct,0.0,"0,00",%,change_pct,,pct,spot,,,indicator
2026-06-19,frango,frango-sp,Frango (SP),Frango Atacado,,preco_kg,6.4,"6,40",R$,price,BRL,,spot,,,physical
2026-06-19,frango,frango-sp,Frango (SP),Frango Atacado,,variacao_pct,0.0,"0,00",%,change_pct,,pct,spot,,,physical
2026-06-19,frango,frango-sp,Frango (SP),Frango Granja,,preco_kg,5.2,"5,20",R$,price,BRL,,spot,,,physical
2026-06-19,frango,frango-sp,Frango (SP),Frango Granja,,variacao_pct,0.0,"0,00",%,change_pct,,pct,spot,,,physical
2026-06-19,frango,frango-vivo-estados,Frango Vivo,Paraná,,preco,4.76,"4,76",R$/Kg,price,BRL,kg,spot,,PR,physical
2026-06-19,frango,frango-vivo-estados,Frango Vivo,Paraná,,variacao_pct,1.06,"+1,06",%,change_pct,,pct,spot,,PR,physical
2026-06-19,frango,frango-vivo-estados,Frango Vivo,Santa Catarina,,preco,4.73,"4,73",R$/Kg,price,BRL,kg,spot,,SC,physical
2026-06-19,frango,frango-vivo-estados,Frango Vivo,Santa Catarina,,variacao_pct,0.0,"0,00",%,change_pct,,pct,spot,,SC,physical
2026-06-19,frango,precos-do-frango-congelado-cepea-esalq,Frango Congelado Cepea/Esalq,,,kg,7.27,"7,27",R$,price,BRL,,spot,,,indicator
2026-06-19,frango,precos-do-frango-congelado-cepea-esalq,Frango Congelado Cepea/Esalq,,,variacao_pct,-0.27,"-0,27",%,change_pct,,pct,spot,,,indicator
2026-06-19,frango,precos-do-frango-resfriado-cepea-esalq,Frango Resfriado Cepea/Esalq,,,kg,7.28,"7,28",R$,price,BRL,,spot,,,indicator
2026-06-19,frango,precos-do-frango-resfriado-cepea-esalq,Frango Resfriado Cepea/Esalq,,,variacao_pct,-0.41,"-0,41",%,change_pct,,pct,spot,,,indicator
2026-06-22,frango,frango-sp,Frango (SP),Frango Atacado,,preco_kg,6.4,"6,40",R$,price,BRL,,spot,,,physical
2026-06-22,frango,frango-sp,Frango (SP),Frango Atacado,,variacao_pct,0.0,"0,00",%,change_pct,,pct,spot,,,physical
2026-06-22,frango,frango-sp,Frango (SP),Frango Granja,,preco_kg,5.2,"5,20",R$,price,BRL,,spot,,,physical
2026-06-22,frango,frango-sp,Frango (SP),Frango Granja,,variacao_pct,0.0,"0,00",%,change_pct,,pct,spot,,,physical
2026-06-22,frango,frango-vivo-estados,Frango Vivo,Paraná,,preco,4.76,"4,76",R$/Kg,price,BRL,kg,spot,,PR,physical
2026-06-22,frango,frango-vivo-estados,Frango Vivo,Paraná,,variacao_pct,0.0,"0,00",%,change_pct,,pct,spot,,PR,physical
2026-06-22,frango,frango-vivo-estados,Frango Vivo,Santa Catarina,,preco,4.73,"4,73",R$/Kg,price,BRL,kg,spot,,SC,physical
2026-06-22,frango,frango-vivo-estados,Frango Vivo,Santa Catarina,,variacao_pct,0.0,"0,00",%,change_pct,,pct,spot,,SC,physical
2026-06-22,frango,precos-do-frango-congelado-cepea-esalq,Frango Congelado Cepea/Esalq,,,kg,7.29,"7,29",R$,price,BRL,,spot,,,indicator
2026-06-22,frango,precos-do-frango-congelado-cepea-esalq,Frango Congelado Cepea/Esalq,,,variacao_pct,0.28,"+0,28",%,change_pct,,pct,spot,,,indicator
2026-06-22,frango,precos-do-frango-resfriado-cepea-esalq,Frango Resfriado Cepea/Esalq,,,kg,7.29,"7,29",R$,price,BRL,,spot,,,indicator
2026-06-22,frango,precos-do-frango-resfriado-cepea-esalq,Frango Resfriado Cepea/Esalq,,,variacao_pct,0.14,"+0,14",%,change_pct,,pct,spot,,,indicator
2026-06-23,frango,frango-sp,Frango (SP),Frango Atacado,,preco_kg,6.4,"6,40",R$,price,BRL,,spot,,,physical
2026-06-23,frango,frango-sp,Frango (SP),Frango Atacado,,variacao_pct,0.0,"0,00",%,change_pct,,pct,spot,,,physical
2026-06-23,frango,frango-sp,Frango (SP),Frango Granja,,preco_kg,5.2,"5,20",R$,price,BRL,,spot,,,physical
2026-06-23,frango,frango-sp,Frango (SP),Frango Granja,,variacao_pct,0.0,"0,00",%,change_pct,,pct,spot,,,physical
2026-06-23,frango,frango-vivo-estados,Frango Vivo,Paraná,,preco,4.76,"4,76",R$/Kg,price,BRL,kg,spot,,PR,physical
2026-06-23,frango,frango-vivo-estados,Frango Vivo,Paraná,,variacao_pct,0.0,"0,00",%,change_pct,,pct,spot,,PR,physical
2026-06-23,frango,frango-vivo-estados,Frango Vivo,Santa Catarina,,preco,4.73,"4,73",R$/Kg,price,BRL,kg,spot,,SC,physical
2026-06-23,frango,frango-vivo-estados,Frango Vivo,Santa Catarina,,variacao_pct,0.0,"0,00",%,change_pct,,pct,spot,,SC,physical
2026-06-23,frango,precos-do-frango-congelado-cepea-esalq,Frango Congelado Cepea/Esalq,,,kg,7.29,"7,29",R$,price,BRL,,spot,,,indicator
2026-06-23,frango,precos-do-frango-congelado-cepea-esalq,Frango Congelado Cepea/Esalq,,,variacao_pct,0.0,"0,00",%,change_pct,,pct,spot,,,indicator
2026-06-23,frango,precos-do-frango-resfriado-cepea-esalq,Frango Resfriado Cepea/Esalq,,,kg,7.29,"7,29",R$,price,BRL,,spot,,,indicator
2026-06-23,frango,precos-do-frango-resfriado-cepea-esalq,Frango Resfriado Cepea/Esalq,,,variacao_pct,0.0,"0,00",%,change_pct,,pct,spot,,,indicator
2026-06-24,frango,frango-vivo-estados,Frango Vivo,Paraná,,preco,4.76,"4,76",R$/Kg,price,BRL,kg,spot,,PR,physical
2026-06-24,frango,frango-vivo-estados,Frango Vivo,Paraná,,variacao_pct,0.0,"0,00",%,change_pct,,pct,spot,,PR,physical
2026-06-24,frango,frango-vivo-estados,Frango Vivo,Santa Catarina,,preco,4.73,"4,73",R$/Kg,price,BRL,kg,spot,,SC,physical
2026-06-24,frango,frango-vivo-estados,Frango Vivo,Santa Catarina,,variacao_pct,0.0,"0,00",%,change_pct,,pct,spot,,SC,physical
2026-06-24,frango,precos-do-frango-congelado-cepea-esalq,Frango Congelado Cepea/Esalq,,,kg,7.29,"7,29",R$,price,BRL,,spot,,,indicator
2026-06-24,frango,precos-do-frango-congelado-cepea-esalq,Frango Congelado Cepea/Esalq,,,variacao_pct,0.0,"0,00",%,change_pct,,pct,spot,,,indicator
2026-06-24,frango,precos-do-frango-resfriado-cepea-esalq,Frango Resfriado Cepea/Esalq,,,kg,7.29,"7,29",R$,price,BRL,,spot,,,indicator
2026-06-24,frango,precos-do-frango-resfriado-cepea-esalq,Frango Resfriado Cepea/Esalq,,,variacao_pct,0.0,"0,00",%,change_pct,,pct,spot,,,indicator
2026-06-25,frango,frango-sp,Frango (SP),Frango Atacado,,preco_kg,6.3,"6,30",R$,price,BRL,,spot,,,physical
2026-06-25,frango,frango-sp,Frango (SP),Frango Atacado,,variacao_pct,-1.56,"-1,56",%,change_pct,,pct,spot,,,physical
2026-06-25,frango,frango-sp,Frango (SP),Frango Granja,,preco_kg,5.2,"5,20",R$,price,BRL,,spot,,,physical
2026-06-25,frango,frango-sp,Frango (SP),Frango Granja,,variacao_pct,0.0,"0,00",%,change_pct,,pct,spot,,,physical
2026-06-25,frango,frango-vivo-estados,Frango Vivo,Paraná,,preco,4.76,"4,76",R$/Kg,price,BRL,kg,spot,,PR,physical
2026-06-25,frango,frango-vivo-estados,Frango Vivo,Paraná,,variacao_pct,0.0,"0,00",%,change_pct,,pct,spot,,PR,physical
2026-06-25,frango,frango-vivo-estados,Frango Vivo,Santa Catarina,,preco,4.73,"4,73",R$/Kg,price,BRL,kg,spot,,SC,physical
2026-06-25,frango,frango-vivo-estados,Frango Vivo,Santa Catarina,,variacao_pct,0.0,"0,00",%,change_pct,,pct,spot,,SC,physical
2026-06-25,frango,precos-do-frango-congelado-cepea-esalq,Frango Congelado Cepea/Esalq,,,kg,7.29,"7,29",R$,price,BRL,,spot,,,indicator
2026-06-25,frango,precos-do-frango-congelado-cepea-esalq,Frango Congelado Cepea/Esalq,,,variacao_pct,0.0,"0,00",%,change_pct,,pct,spot,,,indicator
2026-06-25,frango,precos-do-frango-resfriado-cepea-esalq,Frango Resfriado Cepea/Esalq,,,kg,7.29,"7,29",R$,price,BRL,,spot,,,indicator
2026-06-25,frango,precos-do-frango-resfriado-cepea-esalq,Frango Resfriado Cepea/Esalq,,,variacao_pct,0.0,"0,00",%,change_pct,,pct,spot,,,indicator
2026-06-26,frango,frango-sp,Frango (SP),Frango Atacado,,preco_kg,6.28,"6,28",R$,price,BRL,,spot,,,physical
2026-06-26,frango,frango-sp,Frango (SP),Frango Atacado,,variacao_pct,-0.32,"-0,32",%,change_pct,,pct,spot,,,physical
2026-06-26,frango,frango-sp,Frango (SP),Frango Granja,,preco_kg,5.2,"5,20",R$,price,BRL,,spot,,,physical
2026-06-26,frango,frango-sp,Frango (SP),Frango Granja,,variacao_pct,0.0,"0,00",%,change_pct,,pct,spot,,,physical
2026-06-26,frango,frango-vivo-estados,Frango Vivo,Paraná,,preco,4.76,"4,76",R$/Kg,price,BRL,kg,spot,,PR,physical
2026-06-26,frango,frango-vivo-estados,Frango Vivo,Paraná,,variacao_pct,0.0,"0,00",%,change_pct,,pct,spot,,PR,physical
2026-06-26,frango,frango-vivo-estados,Frango Vivo,Santa Catarina,,preco,4.73,"4,73",R$/Kg,price,BRL,kg,spot,,SC,physical
2026-06-26,frango,frango-vivo-estados,Frango Vivo,Santa Catarina,,variacao_pct,0.0,"0,00",%,change_pct,,pct,spot,,SC,physical
2026-06-26,frango,precos-do-frango-congelado-cepea-esalq,Frango Congelado Cepea/Esalq,,,kg,7.29,"7,29",R$,price,BRL,,spot,,,indicator
2026-06-26,frango,precos-do-frango-congelado-cepea-esalq,Frango Congelado Cepea/Esalq,,,variacao_pct,0.0,"0,00",%,change_pct,,pct,spot,,,indicator
2026-06-26,frango,precos-do-frango-resfriado-cepea-esalq,Frango Resfriado Cepea/Esalq,,,kg,7.29,"7,29",R$,price,BRL,,spot,,,indicator
2026-06-26,frango,precos-do-frango-resfriado-cepea-esalq,Frango Resfriado Cepea/Esalq,,,variacao_pct,0.0,"0,00",%,change_pct,,pct,spot,,,indicator
2026-06-29,frango,frango-sp,Frango (SP),Frango Atacado,,preco_kg,6.23,"6,23",R$,price,BRL,,spot,,,physical
2026-06-29,frango,frango-sp,Frango (SP),Frango Atacado,,variacao_pct,-0.8,"-0,80",%,change_pct,,pct,spot,,,physical
2026-06-29,frango,frango-sp,Frango (SP),Frango Granja,,preco_kg,5.2,"5,20",R$,price,BRL,,spot,,,physical
2026-06-29,frango,frango-sp,Frango (SP),Frango Granja,,variacao_pct,0.0,"0,00",%,change_pct,,pct,spot,,,physical
2026-06-29,frango,frango-vivo-estados,Frango Vivo,Paraná,,preco,4.76,"4,76",R$/Kg,price,BRL,kg,spot,,PR,physical
2026-06-29,frango,frango-vivo-estados,Frango Vivo,Paraná,,variacao_pct,0.0,"0,00",%,change_pct,,pct,spot,,PR,physical
2026-06-29,frango,frango-vivo-estados,Frango Vivo,Santa Catarina,,preco,4.73,"4,73",R$/Kg,price,BRL,kg,spot,,SC,physical
2026-06-29,frango,frango-vivo-estados,Frango Vivo,Santa Catarina,,variacao_pct,0.0,"0,00",%,change_pct,,pct,spot,,SC,physical
2026-06-29,frango,precos-do-frango-congelado-cepea-esalq,Frango Congelado Cepea/Esalq,,,kg,7.29,"7,29",R$,price,BRL,,spot,,,indicator
2026-06-29,frango,precos-do-frango-congelado-cepea-esalq,Frango Congelado Cepea/Esalq,,,variacao_pct,0.0,"0,00",%,change_pct,,pct,spot,,,indicator
2026-06-29,frango,precos-do-frango-resfriado-cepea-esalq,Frango Resfriado Cepea/Esalq,,,kg,7.29,"7,29",R$,price,BRL,,spot,,,indicator
2026-06-29,frango,precos-do-frango-resfriado-cepea-esalq,Frango Resfriado Cepea/Esalq,,,variacao_pct,0.0,"0,00",%,change_pct,,pct,spot,,,indicator
2026-06-30,frango,frango-sp,Frango (SP),Frango Atacado,,preco_kg,6.22,"6,22",R$,price,BRL,,spot,,,physical
2026-06-30,frango,frango-sp,Frango (SP),Frango Atacado,,variacao_pct,-0.16,"-0,16",%,change_pct,,pct,spot,,,physical
2026-06-30,frango,frango-sp,Frango (SP),Frango Granja,,preco_kg,5.2,"5,20",R$,price,BRL,,spot,,,physical
2026-06-30,frango,frango-sp,Frango (SP),Frango Granja,,variacao_pct,0.0,"0,00",%,change_pct,,pct,spot,,,physical
2026-06-30,frango,frango-vivo-estados,Frango Vivo,Paraná,,preco,4.76,"4,76",R$/Kg,price,BRL,kg,spot,,PR,physical
2026-06-30,frango,frango-vivo-estados,Frango Vivo,Paraná,,variacao_pct,0.0,"0,00",%,change_pct,,pct,spot,,PR,physical
2026-06-30,frango,frango-vivo-estados,Frango Vivo,Santa Catarina,,preco,4.73,"4,73",R$/Kg,price,BRL,kg,spot,,SC,physical
2026-06-30,frango,frango-vivo-estados,Frango Vivo,Santa Catarina,,variacao_pct,0.0,"0,00",%,change_pct,,pct,spot,,SC,physical
2026-06-30,frango,precos-do-frango-congelado-cepea-esalq,Frango Congelado Cepea/Esalq,,,kg,7.26,"7,26",R$,price,BRL,,spot,,,indicator
2026-06-30,frango,precos-do-frango-congelado-cepea-esalq,Frango Congelado Cepea/Esalq,,,variacao_pct,-0.41,"-0,41",%,change_pct,,pct,spot,,,indicator
2026-06-30,frango,precos-do-frango-resfriado-cepea-esalq,Frango Resfriado Cepea/Esalq,,,kg,7.26,"7,26",R$,price,BRL,,spot,,,indicator
2026-06-30,frango,precos-do-frango-resfriado-cepea-esalq,Frango Resfriado Cepea/Esalq,,,variacao_pct,-0.41,"-0,41",%,change_pct,,pct,spot,,,indicator
2026-07-01,frango,frango-sp,Frango (SP),Frango Atacado,,preco_kg,6.2,"6,20",R$,price,BRL,,spot,,,physical
2026-07-01,frango,frango-sp,Frango (SP),Frango Atacado,,variacao_pct,-0.32,"-0,32",%,change_pct,,pct,spot,,,physical
2026-07-01,frango,frango-sp,Frango (SP),Frango Granja,,preco_kg,5.2,"5,20",R$,price,BRL,,spot,,,physical
2026-07-01,frango,frango-sp,Frango (SP),Frango Granja,,variacao_pct,0.0,"0,00",%,change_pct,,pct,spot,,,physical
2026-07-01,frango,frango-vivo-estados,Frango Vivo,Paraná,,preco,4.76,"4,76",R$/Kg,price,BRL,kg,spot,,PR,physical
2026-07-01,frango,frango-vivo-estados,Frango Vivo,Paraná,,variacao_pct,0.0,"0,00",%,change_pct,,pct,spot,,PR,physical
2026-07-01,frango,frango-vivo-estados,Frango Vivo,Santa Catarina,,preco,4.73,"4,73",R$/Kg,price,BRL,kg,spot,,SC,physical
2026-07-01,frango,frango-vivo-estados,Frango Vivo,Santa Catarina,,variacao_pct,0.0,"0,00",%,change_pct,,pct,spot,,SC,physical
2026-07-01,frango,precos-do-frango-congelado-cepea-esalq,Frango Congelado Cepea/Esalq,,,kg,7.2,"7,20",R$,price,BRL,,spot,,,indicator
2026-07-01,frango,precos-do-frango-congelado-cepea-esalq,Frango Congelado Cepea/Esalq,,,variacao_pct,-0.83,"-0,83",%,change_pct,,pct,spot,,,indicator
2026-07-01,frango,precos-do-frango-resfriado-cepea-esalq,Frango Resfriado Cepea/Esalq,,,kg,7.2,"7,20",R$,price,BRL,,spot,,,indicator
2026-07-01,frango,precos-do-frango-resfriado-cepea-esalq,Frango Resfriado Cepea/Esalq,,,variacao_pct,-0.83,"-0,83",%,change_pct,,pct,spot,,,indicator
2026-07-02,frango,frango-sp,Frango (SP),Frango Atacado,,preco_kg,6.2,"6,20",R$,price,BRL,,spot,,,physical
2026-07-02,frango,frango-sp,Frango (SP),Frango Atacado,,variacao_pct,0.0,"0,00",%,change_pct,,pct,spot,,,physical
2026-07-02,frango,frango-sp,Frango (SP),Frango Granja,,preco_kg,5.2,"5,20",R$,price,BRL,,spot,,,physical
2026-07-02,frango,frango-sp,Frango (SP),Frango Granja,,variacao_pct,0.0,"0,00",%,change_pct,,pct,spot,,,physical
2026-07-02,frango,frango-vivo-estados,Frango Vivo,Paraná,,preco,4.76,"4,76",R$/Kg,price,BRL,kg,spot,,PR,physical
2026-07-02,frango,frango-vivo-estados,Frango Vivo,Paraná,,variacao_pct,0.0,"0,00",%,change_pct,,pct,spot,,PR,physical
2026-07-02,frango,frango-vivo-estados,Frango Vivo,Santa Catarina,,preco,4.72,"4,72",R$/Kg,price,BRL,kg,spot,,SC,physical
2026-07-02,frango,frango-vivo-estados,Frango Vivo,Santa Catarina,,variacao_pct,-0.21,"-0,21",%,change_pct,,pct,spot,,SC,physical
2026-07-02,frango,precos-do-frango-congelado-cepea-esalq,Frango Congelado Cepea/Esalq,,,kg,7.2,"7,20",R$,price,BRL,,spot,,,indicator
2026-07-02,frango,precos-do-frango-congelado-cepea-esalq,Frango Congelado Cepea/Esalq,,,variacao_pct,0.0,"0,00",%,change_pct,,pct,spot,,,indicator
2026-07-02,frango,precos-do-frango-resfriado-cepea-esalq,Frango Resfriado Cepea/Esalq,,,kg,7.2,"7,20",R$,price,BRL,,spot,,,indicator
2026-07-02,frango,precos-do-frango-resfriado-cepea-esalq,Frango Resfriado Cepea/Esalq,,,variacao_pct,0.0,"0,00",%,change_pct,,pct,spot,,,indicator
2026-07-03,frango,frango-sp,Frango (SP),Frango Atacado,,preco_kg,6.2,"6,20",R$,price,BRL,,spot,,,physical
2026-07-03,frango,frango-sp,Frango (SP),Frango Atacado,,variacao_pct,0.0,"0,00",%,change_pct,,pct,spot,,,physical
2026-07-03,frango,frango-sp,Frango (SP),Frango Granja,,preco_kg,5.2,"5,20",R$,price,BRL,,spot,,,physical
2026-07-03,frango,frango-sp,Frango (SP),Frango Granja,,variacao_pct,0.0,"0,00",%,change_pct,,pct,spot,,,physical
2026-07-03,frango,frango-vivo-estados,Frango Vivo,Paraná,,preco,4.75,"4,75",R$/Kg,price,BRL,kg,spot,,PR,physical
2026-07-03,frango,frango-vivo-estados,Frango Vivo,Paraná,,variacao_pct,-0.21,"-0,21",%,change_pct,,pct,spot,,PR,physical
2026-07-03,frango,frango-vivo-estados,Frango Vivo,Santa Catarina,,preco,4.72,"4,72",R$/Kg,price,BRL,kg,spot,,SC,physical
2026-07-03,frango,frango-vivo-estados,Frango Vivo,Santa Catarina,,variacao_pct,0.0,"0,00",%,change_pct,,pct,spot,,SC,physical
2026-07-03,frango,precos-do-frango-congelado-cepea-esalq,Frango Congelado Cepea/Esalq,,,kg,7.2,"7,20",R$,price,BRL,,spot,,,indicator
2026-07-03,frango,precos-do-frango-congelado-cepea-esalq,Frango Congelado Cepea/Esalq,,,variacao_pct,0.0,"0,00",%,change_pct,,pct,spot,,,indicator
2026-07-03,frango,precos-do-frango-resfriado-cepea-esalq,Frango Resfriado Cepea/Esalq,,,kg,7.2,"7,20",R$,price,BRL,,spot,,,indicator
2026-07-03,frango,precos-do-frango-resfriado-cepea-esalq,Frango Resfriado Cepea/Esalq,,,variacao_pct,0.0,"0,00",%,change_pct,,pct,spot,,,indicator
2026-07-06,frango,frango-sp,Frango (SP),Frango Atacado,,preco_kg,6.2,"6,20",R$,price,BRL,,spot,,,physical
2026-07-06,frango,frango-sp,Frango (SP),Frango Atacado,,variacao_pct,0.0,"0,00",%,change_pct,,pct,spot,,,physical
2026-07-06,frango,frango-sp,Frango (SP),Frango Granja,,preco_kg,5.2,"5,20",R$,price,BRL,,spot,,,physical
2026-07-06,frango,frango-sp,Frango (SP),Frango Granja,,variacao_pct,0.0,"0,00",%,change_pct,,pct,spot,,,physical
2026-07-06,frango,frango-vivo-estados,Frango Vivo,Paraná,,preco,4.75,"4,75",R$/Kg,price,BRL,kg,spot,,PR,physical
2026-07-06,frango,frango-vivo-estados,Frango Vivo,Paraná,,variacao_pct,0.0,"0,00",%,change_pct,,pct,spot,,PR,physical
2026-07-06,frango,frango-vivo-estados,Frango Vivo,Santa Catarina,,preco,4.72,"4,72",R$/Kg,price,BRL,kg,spot,,SC,physical
2026-07-06,frango,frango-vivo-estados,Frango Vivo,Santa Catarina,,variacao_pct,0.0,"0,00",%,change_pct,,pct,spot,,SC,physical
2026-07-06,frango,precos-do-frango-congelado-cepea-esalq,Frango Congelado Cepea/Esalq,,,kg,7.18,"7,18",R$,price,BRL,,spot,,,indicator
2026-07-06,frango,precos-do-frango-congelado-cepea-esalq,Frango Congelado Cepea/Esalq,,,variacao_pct,-0.28,"-0,28",%,change_pct,,pct,spot,,,indicator
2026-07-06,frango,precos-do-frango-resfriado-cepea-esalq,Frango Resfriado Cepea/Esalq,,,kg,7.18,"7,18",R$,price,BRL,,spot,,,indicator
2026-07-06,frango,precos-do-frango-resfriado-cepea-esalq,Frango Resfriado Cepea/Esalq,,,variacao_pct,-0.28,"-0,28",%,change_pct,,pct,spot,,,indicator
2026-07-07,frango,frango-sp,Frango (SP),Frango Atacado,,preco_kg,6.3,"6,30",R$,price,BRL,,spot,,,physical
2026-07-07,frango,frango-sp,Frango (SP),Frango Atacado,,variacao_pct,1.61,"+1,61",%,change_pct,,pct,spot,,,physical
2026-07-07,frango,frango-sp,Frango (SP),Frango Granja,,preco_kg,5.2,"5,20",R$,price,BRL,,spot,,,physical
2026-07-07,frango,frango-sp,Frango (SP),Frango Granja,,variacao_pct,0.0,"0,00",%,change_pct,,pct,spot,,,physical
2026-07-07,frango,frango-vivo-estados,Frango Vivo,Paraná,,preco,4.75,"4,75",R$/Kg,price,BRL,kg,spot,,PR,physical
2026-07-07,frango,frango-vivo-estados,Frango Vivo,Paraná,,variacao_pct,0.0,"0,00",%,change_pct,,pct,spot,,PR,physical
2026-07-07,frango,frango-vivo-estados,Frango Vivo,Santa Catarina,,preco,4.72,"4,72",R$/Kg,price,BRL,kg,spot,,SC,physical
2026-07-07,frango,frango-vivo-estados,Frango Vivo,Santa Catarina,,variacao_pct,0.0,"0,00",%,change_pct,,pct,spot,,SC,physical
2026-07-07,frango,precos-do-frango-congelado-cepea-esalq,Frango Congelado Cepea/Esalq,,,kg,7.18,"7,18",R$,price,BRL,,spot,,,indicator
2026-07-07,frango,precos-do-frango-congelado-cepea-esalq,Frango Congelado Cepea/Esalq,,,variacao_pct,0.0,"0,00",%,change_pct,,pct,spot,,,indicator
2026-07-07,frango,precos-do-frango-resfriado-cepea-esalq,Frango Resfriado Cepea/Esalq,,,kg,7.18,"7,18",R$,price,BRL,,spot,,,indicator
2026-07-07,frango,precos-do-frango-resfriado-cepea-esalq,Frango Resfriado Cepea/Esalq,,,variacao_pct,0.0,"0,00",%,change_pct,,pct,spot,,,indicator
2026-07-08,frango,frango-sp,Frango (SP),Frango Atacado,,preco_kg,6.35,"6,35",R$,price,BRL,,spot,,,physical
2026-07-08,frango,frango-sp,Frango (SP),Frango Atacado,,variacao_pct,0.79,"+0,79",%,change_pct,,pct,spot,,,physical
2026-07-08,frango,frango-sp,Frango (SP),Frango Granja,,preco_kg,5.2,"5,20",R$,price,BRL,,spot,,,physical
2026-07-08,frango,frango-sp,Frango (SP),Frango Granja,,variacao_pct,0.0,"0,00",%,change_pct,,pct,spot,,,physical
2026-07-08,frango,frango-vivo-estados,Frango Vivo,Paraná,,preco,4.75,"4,75",R$/Kg,price,BRL,kg,spot,,PR,physical
2026-07-08,frango,frango-vivo-estados,Frango Vivo,Paraná,,variacao_pct,0.0,"0,00",%,change_pct,,pct,spot,,PR,physical
2026-07-08,frango,frango-vivo-estados,Frango Vivo,Santa Catarina,,preco,4.72,"4,72",R$/Kg,price,BRL,kg,spot,,SC,physical
2026-07-08,frango,frango-vivo-estados,Frango Vivo,Santa Catarina,,variacao_pct,0.0,"0,00",%,change_pct,,pct,spot,,SC,physical
2026-07-08,frango,precos-do-frango-congelado-cepea-esalq,Frango Congelado Cepea/Esalq,,,kg,7.19,"7,19",R$,price,BRL,,spot,,,indicator
2026-07-08,frango,precos-do-frango-congelado-cepea-esalq,Frango Congelado Cepea/Esalq,,,variacao_pct,0.14,"+0,14",%,change_pct,,pct,spot,,,indicator
2026-07-08,frango,precos-do-frango-resfriado-cepea-esalq,Frango Resfriado Cepea/Esalq,,,kg,7.19,"7,19",R$,price,BRL,,spot,,,indicator
2026-07-08,frango,precos-do-frango-resfriado-cepea-esalq,Frango Resfriado Cepea/Esalq,,,variacao_pct,0.14,"+0,14",%,change_pct,,pct,spot,,,indicator
2026-07-09,frango,frango-sp,Frango (SP),Frango Atacado,,preco_kg,6.4,"6,40",R$,price,BRL,,spot,,,physical
2026-07-09,frango,frango-sp,Frango (SP),Frango Atacado,,variacao_pct,0.79,"+0,79",%,change_pct,,pct,spot,,,physical
2026-07-09,frango,frango-sp,Frango (SP),Frango Granja,,preco_kg,5.2,"5,20",R$,price,BRL,,spot,,,physical
2026-07-09,frango,frango-sp,Frango (SP),Frango Granja,,variacao_pct,0.0,"0,00",%,change_pct,,pct,spot,,,physical
2026-07-09,frango,frango-vivo-estados,Frango Vivo,Paraná,,preco,4.75,"4,75",R$/Kg,price,BRL,kg,spot,,PR,physical
2026-07-09,frango,frango-vivo-estados,Frango Vivo,Paraná,,variacao_pct,0.0,"0,00",%,change_pct,,pct,spot,,PR,physical
2026-07-09,frango,frango-vivo-estados,Frango Vivo,Santa Catarina,,preco,4.72,"4,72",R$/Kg,price,BRL,kg,spot,,SC,physical
2026-07-09,frango,frango-vivo-estados,Frango Vivo,Santa Catarina,,variacao_pct,0.0,"0,00",%,change_pct,,pct,spot,,SC,physical
2026-07-09,frango,precos-do-frango-congelado-cepea-esalq,Frango Congelado Cepea/Esalq,,,kg,7.19,"7,19",R$,price,BRL,,spot,,,indicator
2026-07-09,frango,precos-do-frango-congelado-cepea-esalq,Frango Congelado Cepea/Esalq,,,variacao_pct,0.0,"0,00",%,change_pct,,pct,spot,,,indicator
2026-07-09,frango,precos-do-frango-resfriado-cepea-esalq,Frango Resfriado Cepea/Esalq,,,kg,7.19,"7,19",R$,price,BRL,,spot,,,indicator
2026-07-09,frango,precos-do-frango-resfriado-cepea-esalq,Frango Resfriado Cepea/Esalq,,,variacao_pct,0.0,"0,00",%,change_pct,,pct,spot,,,indicator
2026-07-10,frango,frango-vivo-estados,Frango Vivo,Paraná,,preco,4.72,"4,72",R$/Kg,price,BRL,kg,spot,,PR,physical
2026-07-10,frango,frango-vivo-estados,Frango Vivo,Paraná,,variacao_pct,-0.63,"-0,63",%,change_pct,,pct,spot,,PR,physical
2026-07-10,frango,frango-vivo-estados,Frango Vivo,Santa Catarina,,preco,4.72,"4,72",R$/Kg,price,BRL,kg,spot,,SC,physical
2026-07-10,frango,frango-vivo-estados,Frango Vivo,Santa Catarina,,variacao_pct,0.0,"0,00",%,change_pct,,pct,spot,,SC,physical
2026-07-10,frango,precos-do-frango-congelado-cepea-esalq,Frango Congelado Cepea/Esalq,,,kg,7.26,"7,26",R$,price,BRL,,spot,,,indicator
2026-07-10,frango,precos-do-frango-congelado-cepea-esalq,Frango Congelado Cepea/Esalq,,,variacao_pct,0.97,"+0,97",%,change_pct,,pct,spot,,,indicator
2026-07-10,frango,precos-do-frango-resfriado-cepea-esalq,Frango Resfriado Cepea/Esalq,,,kg,7.26,"7,26",R$,price,BRL,,spot,,,indicator
2026-07-10,frango,precos-do-frango-resfriado-cepea-esalq,Frango Resfriado Cepea/Esalq,,,variacao_pct,0.97,"+0,97",%,change_pct,,pct,spot,,,indicator
2026-07-13,frango,frango-sp,Frango (SP),Frango Atacado,,preco_kg,6.43,"6,43",R$,price,BRL,,spot,,,physical
2026-07-13,frango,frango-sp,Frango (SP),Frango Atacado,,variacao_pct,0.47,"+0,47",%,change_pct,,pct,spot,,,physical
2026-07-13,frango,frango-sp,Frango (SP),Frango Granja,,preco_kg,5.2,"5,20",R$,price,BRL,,spot,,,physical
2026-07-13,frango,frango-sp,Frango (SP),Frango Granja,,variacao_pct,0.0,"0,00",%,change_pct,,pct,spot,,,physical
2026-07-13,frango,frango-vivo-estados,Frango Vivo,Paraná,,preco,4.72,"4,72",R$/Kg,price,BRL,kg,spot,,PR,physical
2026-07-13,frango,frango-vivo-estados,Frango Vivo,Paraná,,variacao_pct,0.0,"0,00",%,change_pct,,pct,spot,,PR,physical
2026-07-13,frango,frango-vivo-estados,Frango Vivo,Santa Catarina,,preco,4.72,"4,72",R$/Kg,price,BRL,kg,spot,,SC,physical
2026-07-13,frango,frango-vivo-estados,Frango Vivo,Santa Catarina,,variacao_pct,0.0,"0,00",%,change_pct,,pct,spot,,SC,physical
2026-07-13,frango,precos-do-frango-congelado-cepea-esalq,Frango Congelado Cepea/Esalq,,,kg,7.27,"7,27",R$,price,BRL,,spot,,,indicator
2026-07-13,frango,precos-do-frango-congelado-cepea-esalq,Frango Congelado Cepea/Esalq,,,variacao_pct,0.14,"+0,14",%,change_pct,,pct,spot,,,indicator
2026-07-13,frango,precos-do-frango-resfriado-cepea-esalq,Frango Resfriado Cepea/Esalq,,,kg,7.29,"7,29",R$,price,BRL,,spot,,,indicator
2026-07-13,frango,precos-do-frango-resfriado-cepea-esalq,Frango Resfriado Cepea/Esalq,,,variacao_pct,0.41,"+0,41",%,change_pct,,pct,spot,,,indicator
2026-07-14,frango,frango-sp,Frango (SP),Frango Atacado,,preco_kg,6.43,"6,43",R$,price,BRL,,spot,,,physical
2026-07-14,frango,frango-sp,Frango (SP),Frango Atacado,,variacao_pct,0.0,"0,00",%,change_pct,,pct,spot,,,physical
2026-07-14,frango,frango-sp,Frango (SP),Frango Granja,,preco_kg,5.2,"5,20",R$,price,BRL,,spot,,,physical
2026-07-14,frango,frango-sp,Frango (SP),Frango Granja,,variacao_pct,0.0,"0,00",%,change_pct,,pct,spot,,,physical
2026-07-14,frango,frango-vivo-estados,Frango Vivo,Paraná,,preco,4.72,"4,72",R$/Kg,price,BRL,kg,spot,,PR,physical
2026-07-14,frango,frango-vivo-estados,Frango Vivo,Paraná,,variacao_pct,0.0,"0,00",%,change_pct,,pct,spot,,PR,physical
2026-07-14,frango,frango-vivo-estados,Frango Vivo,Santa Catarina,,preco,4.72,"4,72",R$/Kg,price,BRL,kg,spot,,SC,physical
2026-07-14,frango,frango-vivo-estados,Frango Vivo,Santa Catarina,,variacao_pct,0.0,"0,00",%,change_pct,,pct,spot,,SC,physical
2026-07-14,frango,precos-do-frango-congelado-cepea-esalq,Frango Congelado Cepea/Esalq,,,kg,7.27,"7,27",R$,price,BRL,,spot,,,indicator
2026-07-14,frango,precos-do-frango-congelado-cepea-esalq,Frango Congelado Cepea/Esalq,,,variacao_pct,0.0,"0,00",%,change_pct,,pct,spot,,,indicator
2026-07-14,frango,precos-do-frango-resfriado-cepea-esalq,Frango Resfriado Cepea/Esalq,,,kg,7.29,"7,29",R$,price,BRL,,spot,,,indicator
2026-07-14,frango,precos-do-frango-resfriado-cepea-esalq,Frango Resfriado Cepea/Esalq,,,variacao_pct,0.0,"0,00",%,change_pct,,pct,spot,,,indicator
2026-07-15,frango,frango-sp,Frango (SP),Frango Atacado,,preco_kg,6.42,"6,42",R$,price,BRL,,spot,,,physical
2026-07-15,frango,frango-sp,Frango (SP),Frango Atacado,,variacao_pct,-0.16,"-0,16",%,change_pct,,pct,spot,,,physical
2026-07-15,frango,frango-sp,Frango (SP),Frango Granja,,preco_kg,5.2,"5,20",R$,price,BRL,,spot,,,physical
2026-07-15,frango,frango-sp,Frango (SP),Frango Granja,,variacao_pct,0.0,"0,00",%,change_pct,,pct,spot,,,physical
2026-07-15,frango,frango-vivo-estados,Frango Vivo,Paraná,,preco,4.72,"4,72",R$/Kg,price,BRL,kg,spot,,PR,physical
2026-07-15,frango,frango-vivo-estados,Frango Vivo,Paraná,,variacao_pct,0.0,"0,00",%,change_pct,,pct,spot,,PR,physical
2026-07-15,frango,frango-vivo-estados,Frango Vivo,Santa Catarina,,preco,4.72,"4,72",R$/Kg,price,BRL,kg,spot,,SC,physical
2026-07-15,frango,frango-vivo-estados,Frango Vivo,Santa Catarina,,variacao_pct,0.0,"0,00",%,change_pct,,pct,spot,,SC,physical
2026-07-15,frango,precos-do-frango-congelado-cepea-esalq,Frango Congelado Cepea/Esalq,,,kg,7.32,"7,32",R$,price,BRL,,spot,,,indicator
2026-07-15,frango,precos-do-frango-congelado-cepea-esalq,Frango Congelado Cepea/Esalq,,,variacao_pct,0.69,"+0,69",%,change_pct,,pct,spot,,,indicator
2026-07-15,frango,precos-do-frango-resfriado-cepea-esalq,Frango Resfriado Cepea/Esalq,,,kg,7.34,"7,34",R$,price,BRL,,spot,,,indicator
2026-07-15,frango,precos-do-frango-resfriado-cepea-esalq,Frango Resfriado Cepea/Esalq,,,variacao_pct,0.69,"+0,69",%,change_pct,,pct,spot,,,indicator
2026-07-16,frango,frango-vivo-estados,Frango Vivo,Paraná,,preco,4.72,"4,72",R$/Kg,price,BRL,kg,spot,,PR,physical
2026-07-16,frango,frango-vivo-estados,Frango Vivo,Paraná,,variacao_pct,0.0,"0,00",%,change_pct,,pct,spot,,PR,physical
2026-07-16,frango,frango-vivo-estados,Frango Vivo,Santa Catarina,,preco,4.72,"4,72",R$/Kg,price,BRL,kg,spot,,SC,physical
2026-07-16,frango,frango-vivo-estados,Frango Vivo,Santa Catarina,,variacao_pct,0.0,"0,00",%,change_pct,,pct,spot,,SC,physical
2026-07-16,frango,precos-do-frango-congelado-cepea-esalq,Frango Congelado Cepea/Esalq,,,kg,7.32,"7,32",R$,price,BRL,,spot,,,indicator
2026-07-16,frango,precos-do-frango-congelado-cepea-esalq,Frango Congelado Cepea/Esalq,,,variacao_pct,0.0,"0,00",%,change_pct,,pct,spot,,,indicator
2026-07-16,frango,precos-do-frango-resfriado-cepea-esalq,Frango Resfriado Cepea/Esalq,,,kg,7.34,"7,34",R$,price,BRL,,spot,,,indicator
2026-07-16,frango,precos-do-frango-resfriado-cepea-esalq,Frango Resfriado Cepea/Esalq,,,variacao_pct,0.0,"0,00",%,change_pct,,pct,spot,,,indicator
2026-07-17,frango,frango-sp,Frango (SP),Frango Atacado,,preco_kg,6.4,"6,40",R$,price,BRL,,spot,,,physical
2026-07-17,frango,frango-sp,Frango (SP),Frango Atacado,,variacao_pct,0.0,"0,00",%,change_pct,,pct,spot,,,physical
2026-07-17,frango,frango-sp,Frango (SP),Frango Granja,,preco_kg,5.2,"5,20",R$,price,BRL,,spot,,,physical
2026-07-17,frango,frango-sp,Frango (SP),Frango Granja,,variacao_pct,0.0,"0,00",%,change_pct,,pct,spot,,,physical
2026-07-17,frango,frango-vivo-estados,Frango Vivo,Paraná,,preco,4.74,"4,74",R$/Kg,price,BRL,kg,spot,,PR,physical
2026-07-17,frango,frango-vivo-estados,Frango Vivo,Paraná,,variacao_pct,0.42,"+0,42",%,change_pct,,pct,spot,,PR,physical
2026-07-17,frango,frango-vivo-estados,Frango Vivo,Santa Catarina,,preco,4.72,"4,72",R$/Kg,price,BRL,kg,spot,,SC,physical
2026-07-17,frango,frango-vivo-estados,Frango Vivo,Santa Catarina,,variacao_pct,0.0,"0,00",%,change_pct,,pct,spot,,SC,physical
2026-07-17,frango,precos-do-frango-congelado-cepea-esalq,Frango Congelado Cepea/Esalq,,,kg,7.27,"7,27",R$,price,BRL,,spot,,,indicator
2026-07-17,frango,precos-do-frango-congelado-cepea-esalq,Frango Congelado Cepea/Esalq,,,variacao_pct,-0.68,"-0,68",%,change_pct,,pct,spot,,,indicator
2026-07-17,frango,precos-do-frango-resfriado-cepea-esalq,Frango Resfriado Cepea/Esalq,,,kg,7.28,"7,28",R$,price,BRL,,spot,,,indicator
2026-07-17,frango,precos-do-frango-resfriado-cepea-esalq,Frango Resfriado Cepea/Esalq,,,variacao_pct,-0.82,"-0,82",%,change_pct,,pct,spot,,,indicator
2026-07-20,frango,frango-sp,Frango (SP),Frango Atacado,,preco_kg,6.4,"6,40",R$,price,BRL,,spot,,,physical
2026-07-20,frango,frango-sp,Frango (SP),Frango Atacado,,variacao_pct,0.0,"0,00",%,change_pct,,pct,spot,,,physical
2026-07-20,frango,frango-sp,Frango (SP),Frango Granja,,preco_kg,5.2,"5,20",R$,price,BRL,,spot,,,physical
2026-07-20,frango,frango-sp,Frango (SP),Frango Granja,,variacao_pct,0.0,"0,00",%,change_pct,,pct,spot,,,physical
2026-07-20,frango,frango-vivo-estados,Frango Vivo,Paraná,,preco,4.74,"4,74",R$/Kg,price,BRL,kg,spot,,PR,physical
2026-07-20,frango,frango-vivo-estados,Frango Vivo,Paraná,,variacao_pct,0.0,"0,00",%,change_pct,,pct,spot,,PR,physical
2026-07-20,frango,frango-vivo-estados,Frango Vivo,Santa Catarina,,preco,4.72,"4,72",R$/Kg,price,BRL,kg,spot,,SC,physical
2026-07-20,frango,frango-vivo-estados,Frango Vivo,Santa Catarina,,variacao_pct,0.0,"0,00",%,change_pct,,pct,spot,,SC,physical
2026-07-20,frango,precos-do-frango-congelado-cepea-esalq,Frango Congelado Cepea/Esalq,,,kg,7.27,"7,27",R$,price,BRL,,spot,,,indicator
2026-07-20,frango,precos-do-frango-congelado-cepea-esalq,Frango Congelado Cepea/Esalq,,,variacao_pct,0.0,"0,00",%,change_pct,,pct,spot,,,indicator
2026-07-20,frango,precos-do-frango-resfriado-cepea-esalq,Frango Resfriado Cepea/Esalq,,,kg,7.29,"7,29",R$,price,BRL,,spot,,,indicator
2026-07-20,frango,precos-do-frango-resfriado-cepea-esalq,Frango Resfriado Cepea/Esalq,,,variacao_pct,0.14,"+0,14",%,change_pct,,pct,spot,,,indicator
2026-07-21,frango,frango-sp,Frango (SP),Frango Atacado,,preco_kg,6.28,"6,28",R$,price,BRL,,spot,,,physical
2026-07-21,frango,frango-sp,Frango (SP),Frango Atacado,,variacao_pct,-1.88,"-1,88",%,change_pct,,pct,spot,,,physical
2026-07-21,frango,frango-sp,Frango (SP),Frango Granja,,preco_kg,5.2,"5,20",R$,price,BRL,,spot,,,physical
2026-07-21,frango,frango-sp,Frango (SP),Frango Granja,,variacao_pct,0.0,"0,00",%,change_pct,,pct,spot,,,physical
2026-07-21,frango,frango-vivo-estados,Frango Vivo,Paraná,,preco,4.74,"4,74",R$/Kg,price,BRL,kg,spot,,PR,physical
2026-07-21,frango,frango-vivo-estados,Frango Vivo,Paraná,,variacao_pct,0.0,"0,00",%,change_pct,,pct,spot,,PR,physical
2026-07-21,frango,frango-vivo-estados,Frango Vivo,Santa Catarina,,preco,4.72,"4,72",R$/Kg,price,BRL,kg,spot,,SC,physical
2026-07-21,frango,frango-vivo-estados,Frango Vivo,Santa Catarina,,variacao_pct,0.0,"0,00",%,change_pct,,pct,spot,,SC,physical
2026-07-21,frango,precos-do-frango-congelado-cepea-esalq,Frango Congelado Cepea/Esalq,,,kg,7.27,"7,27",R$,price,BRL,,spot,,,indicator
2026-07-21,frango,precos-do-frango-congelado-cepea-esalq,Frango Congelado Cepea/Esalq,,,variacao_pct,0.0,"0,00",%,change_pct,,pct,spot,,,indicator
2026-07-21,frango,precos-do-frango-resfriado-cepea-esalq,Frango Resfriado Cepea/Esalq,,,kg,7.29,"7,29",R$,price,BRL,,spot,,,indicator
2026-07-21,frango,precos-do-frango-resfriado-cepea-esalq,Frango Resfriado Cepea/Esalq,,,variacao_pct,0.0,"0,00",%,change_pct,,pct,spot,,,indicator
2026-07-22,frango,frango-sp,Frango (SP),Frango Atacado,,preco_kg,6.23,"6,23",R$,price,BRL,,spot,,,physical
2026-07-22,frango,frango-sp,Frango (SP),Frango Atacado,,variacao_pct,-0.8,"-0,80",%,change_pct,,pct,spot,,,physical
2026-07-22,frango,frango-sp,Frango (SP),Frango Granja,,preco_kg,5.2,"5,20",R$,price,BRL,,spot,,,physical
2026-07-22,frango,frango-sp,Frango (SP),Frango Granja,,variacao_pct,0.0,"0,00",%,change_pct,,pct,spot,,,physical
2026-07-22,frango,frango-vivo-estados,Frango Vivo,Paraná,,preco,4.74,"4,74",R$/Kg,price,BRL,kg,spot,,PR,physical
2026-07-22,frango,frango-vivo-estados,Frango Vivo,Paraná,,variacao_pct,0.0,"0,00",%,change_pct,,pct,spot,,PR,physical
2026-07-22,frango,frango-vivo-estados,Frango Vivo,Santa Catarina,,preco,4.72,"4,72",R$/Kg,price,BRL,kg,spot,,SC,physical
2026-07-22,frango,frango-vivo-estados,Frango Vivo,Santa Catarina,,variacao_pct,0.0,"0,00",%,change_pct,,pct,spot,,SC,physical
2026-07-22,frango,precos-do-frango-congelado-cepea-esalq,Frango Congelado Cepea/Esalq,,,kg,7.17,"7,17",R$,price,BRL,,spot,,,indicator
2026-07-22,frango,precos-do-frango-congelado-cepea-esalq,Frango Congelado Cepea/Esalq,,,variacao_pct,-1.38,"-1,38",%,change_pct,,pct,spot,,,indicator
2026-07-22,frango,precos-do-frango-resfriado-cepea-esalq,Frango Resfriado Cepea/Esalq,,,kg,7.19,"7,19",R$,price,BRL,,spot,,,indicator
2026-07-22,frango,precos-do-frango-resfriado-cepea-esalq,Frango Resfriado Cepea/Esalq,,,variacao_pct,-1.37,"-1,37",%,change_pct,,pct,spot,,,indicator
2026-07-23,frango,frango-sp,Frango (SP),Frango Atacado,,preco_kg,6.2,"6,20",R$,price,BRL,,spot,,,physical
2026-07-23,frango,frango-sp,Frango (SP),Frango Atacado,,variacao_pct,-0.48,"-0,48",%,change_pct,,pct,spot,,,physical
2026-07-23,frango,frango-sp,Frango (SP),Frango Granja,,preco_kg,5.2,"5,20",R$,price,BRL,,spot,,,physical
2026-07-23,frango,frango-sp,Frango (SP),Frango Granja,,variacao_pct,0.0,"0,00",%,change_pct,,pct,spot,,,physical
2026-07-23,frango,frango-vivo-estados,Frango Vivo,Paraná,,preco,4.74,"4,74",R$/Kg,price,BRL,kg,spot,,PR,physical
2026-07-23,frango,frango-vivo-estados,Frango Vivo,Paraná,,variacao_pct,0.0,"0,00",%,change_pct,,pct,spot,,PR,physical
2026-07-23,frango,frango-vivo-estados,Frango Vivo,Santa Catarina,,preco,4.72,"4,72",R$/Kg,price,BRL,kg,spot,,SC,physical
2026-07-23,frango,frango-vivo-estados,Frango Vivo,Santa Catarina,,variacao_pct,0.0,"0,00",%,change_pct,,pct,spot,,SC,physical
2026-07-23,frango,precos-do-frango-congelado-cepea-esalq,Frango Congelado Cepea/Esalq,,,kg,7.17,"7,17",R$,price,BRL,,spot,,,indicator
2026-07-23,frango,precos-do-frango-congelado-cepea-esalq,Frango Congelado Cepea/Esalq,,,variacao_pct,0.0,"0,00",%,change_pct,,pct,spot,,,indicator
2026-07-23,frango,precos-do-frango-resfriado-cepea-esalq,Frango Resfriado Cepea/Esalq,,,kg,7.19,"7,19",R$,price,BRL,,spot,,,indicator
2026-07-23,frango,precos-do-frango-resfriado-cepea-esalq,Frango Resfriado Cepea/Esalq,,,variacao_pct,0.0,"0,00",%,change_pct,,pct,spot,,,indicator
2026-07-24,frango,frango-sp,Frango (SP),Frango Atacado,,preco_kg,6.2,"6,20",R$,price,BRL,,spot,,,physical
2026-07-24,frango,frango-sp,Frango (SP),Frango Atacado,,variacao_pct,0.0,"0,00",%,change_pct,,pct,spot,,,physical
2026-07-24,frango,frango-sp,Frango (SP),Frango Granja,,preco_kg,5.2,"5,20",R$,price,BRL,,spot,,,physical
2026-07-24,frango,frango-sp,Frango (SP),Frango Granja,,variacao_pct,0.0,"0,00",%,change_pct,,pct,spot,,,physical
2026-07-24,frango,frango-vivo-estados,Frango Vivo,Paraná,,preco,4.73,"4,73",R$/Kg,price,BRL,kg,spot,,PR,physical
2026-07-24,frango,frango-vivo-estados,Frango Vivo,Paraná,,variacao_pct,-0.21,"-0,21",%,change_pct,,pct,spot,,PR,physical
2026-07-24,frango,frango-vivo-estados,Frango Vivo,Santa Catarina,,preco,4.72,"4,72",R$/Kg,price,BRL,kg,spot,,SC,physical
2026-07-24,frango,frango-vivo-estados,Frango Vivo,Santa Catarina,,variacao_pct,0.0,"0,00",%,change_pct,,pct,spot,,SC,physical
2026-07-24,frango,precos-do-frango-congelado-cepea-esalq,Frango Congelado Cepea/Esalq,,,kg,7.15,"7,15",R$,price,BRL,,spot,,,indicator
2026-07-24,frango,precos-do-frango-congelado-cepea-esalq,Frango Congelado Cepea/Esalq,,,variacao_pct,-0.28,"-0,28",%,change_pct,,pct,spot,,,indicator
2026-07-24,frango,precos-do-frango-resfriado-cepea-esalq,Frango Resfriado Cepea/Esalq,,,kg,7.16,"7,16",R$,price,BRL,,spot,,,indicator
2026-07-24,frango,precos-do-frango-resfriado-cepea-esalq,Frango Resfriado Cepea/Esalq,,,variacao_pct,-0.42,"-0,42",%,change_pct,,pct,spot,,,indicator
2026-07-27,frango,frango-sp,Frango (SP),Frango Atacado,,preco_kg,6.2,"6,20",R$,price,BRL,,spot,,,physical
2026-07-27,frango,frango-sp,Frango (SP),Frango Atacado,,variacao_pct,0.0,"0,00",%,change_pct,,pct,spot,,,physical
2026-07-27,frango,frango-sp,Frango (SP),Frango Granja,,preco_kg,5.2,"5,20",R$,price,BRL,,spot,,,physical
2026-07-27,frango,frango-sp,Frango (SP),Frango Granja,,variacao_pct,0.0,"0,00",%,change_pct,,pct,spot,,,physical
2026-07-27,frango,frango-vivo-estados,Frango Vivo,Paraná,,preco,4.73,"4,73",R$/Kg,price,BRL,kg,spot,,PR,physical
2026-07-27,frango,frango-vivo-estados,Frango Vivo,Paraná,,variacao_pct,0.0,"0,00",%,change_pct,,pct,spot,,PR,physical
2026-07-27,frango,frango-vivo-estados,Frango Vivo,Santa Catarina,,preco,4.72,"4,72",R$/Kg,price,BRL,kg,spot,,SC,physical
2026-07-27,frango,frango-vivo-estados,Frango Vivo,Santa Catarina,,variacao_pct,0.0,"0,00",%,change_pct,,pct,spot,,SC,physical
2026-07-27,frango,precos-do-frango-congelado-cepea-esalq,Frango Congelado Cepea/Esalq,,,kg,7.15,"7,15",R$,price,BRL,,spot,,,indicator
2026-07-27,frango,precos-do-frango-congelado-cepea-esalq,Frango Congelado Cepea/Esalq,,,variacao_pct,0.0,"0,00",%,change_pct,,pct,spot,,,indicator
2026-07-27,frango,precos-do-frango-resfriado-cepea-esalq,Frango Resfriado Cepea/Esalq,,,kg,7.16,"7,16",R$,price,BRL,,spot,,,indicator
2026-07-27,frango,precos-do-frango-resfriado-cepea-esalq,Frango Resfriado Cepea/Esalq,,,variacao_pct,0.0,"0,00",%,change_pct,,pct,spot,,,indicator
2026-07-28,frango,frango-sp,Frango (SP),Frango Atacado,,preco_kg,6.15,"6,15",R$,price,BRL,,spot,,,physical
2026-07-28,frango,frango-sp,Frango (SP),Frango Atacado,,variacao_pct,-0.81,"-0,81",%,change_pct,,pct,spot,,,physical
2026-07-28,frango,frango-sp,Frango (SP),Frango Granja,,preco_kg,5.2,"5,20",R$,price,BRL,,spot,,,physical
2026-07-28,frango,frango-sp,Frango (SP),Frango Granja,,variacao_pct,0.0,"0,00",%,change_pct,,pct,spot,,,physical
2026-07-28,frango,frango-vivo-estados,Frango Vivo,Paraná,,preco,4.73,"4,73",R$/Kg,price,BRL,kg,spot,,PR,physical
2026-07-28,frango,frango-vivo-estados,Frango Vivo,Paraná,,variacao_pct,0.0,"0,00",%,change_pct,,pct,spot,,PR,physical
2026-07-28,frango,frango-vivo-estados,Frango Vivo,Santa Catarina,,preco,4.72,"4,72",R$/Kg,price,BRL,kg,spot,,SC,physical
2026-07-28,frango,frango-vivo-estados,Frango Vivo,Santa Catarina,,variacao_pct,0.0,"0,00",%,change_pct,,pct,spot,,SC,physical
2026-07-28,frango,precos-do-frango-congelado-cepea-esalq,Frango Congelado Cepea/Esalq,,,kg,7.15,"7,15",R$,price,BRL,,spot,,,indicator
2026-07-28,frango,precos-do-frango-congelado-cepea-esalq,Frango Congelado Cepea/Esalq,,,variacao_pct,0.0,"0,00",%,change_pct,,pct,spot,,,indicator
2026-07-28,frango,precos-do-frango-resfriado-cepea-esalq,Frango Resfriado Cepea/Esalq,,,kg,7.16,"7,16",R$,price,BRL,,spot,,,indicator
2026-07-28,frango,precos-do-frango-resfriado-cepea-esalq,Frango Resfriado Cepea/Esalq,,,variacao_pct,0.0,"0,00",%,change_pct,,pct,spot,,,indicator
2026-07-29,frango,frango-sp,Frango (SP),Frango Atacado,,preco_kg,6.1,"6,10",R$,price,BRL,,spot,,,physical
2026-07-29,frango,frango-sp,Frango (SP),Frango Atacado,,variacao_pct,-0.81,"-0,81",%,change_pct,,pct,spot,,,physical
2026-07-29,frango,frango-sp,Frango (SP),Frango Granja,,preco_kg,5.1,"5,10",R$,price,BRL,,spot,,,physical
2026-07-29,frango,frango-sp,Frango (SP),Frango Granja,,variacao_pct,-1.92,"-1,92",%,change_pct,,pct,spot,,,physical
2026-07-29,frango,frango-vivo-estados,Frango Vivo,Paraná,,preco,4.73,"4,73",R$/Kg,price,BRL,kg,spot,,PR,physical
2026-07-29,frango,frango-vivo-estados,Frango Vivo,Paraná,,variacao_pct,0.0,"0,00",%,change_pct,,pct,spot,,PR,physical
2026-07-29,frango,frango-vivo-estados,Frango Vivo,Santa Catarina,,preco,4.72,"4,72",R$/Kg,price,BRL,kg,spot,,SC,physical
2026-07-29,frango,frango-vivo-estados,Frango Vivo,Santa Catarina,,variacao_pct,0.0,"0,00",%,change_pct,,pct,spot,,SC,physical
2026-07-29,frango,precos-do-frango-congelado-cepea-esalq,Frango Congelado Cepea/Esalq,,,kg,7.15,"7,15",R$,price,BRL,,spot,,,indicator
2026-07-29,frango,precos-do-frango-congelado-cepea-esalq,Frango Congelado Cepea/Esalq,,,variacao_pct,0.0,"0,00",%,change_pct,,pct,spot,,,indicator
2026-07-29,frango,precos-do-frango-resfriado-cepea-esalq,Frango Resfriado Cepea/Esalq,,,kg,7.16,"7,16",R$,price,BRL,,spot,,,indicator
2026-07-29,frango,precos-do-frango-resfriado-cepea-esalq,Frango Resfriado Cepea/Esalq,,,variacao_pct,0.0,"0,00",%,change_pct,,pct,spot,,,indicator
2026-07-30,frango,frango-sp,Frango (SP),Frango Atacado,,preco_kg,6.1,"6,10",R$,price,BRL,,spot,,,physical
2026-07-30,frango,frango-sp,Frango (SP),Frango Atacado,,variacao_pct,0.0,"0,00",%,change_pct,,pct,spot,,,physical
2026-07-30,frango,frango-sp,Frango (SP),Frango Granja,,preco_kg,5.1,"5,10",R$,price,BRL,,spot,,,physical
2026-07-30,frango,frango-sp,Frango (SP),Frango Granja,,variacao_pct,0.0,"0,00",%,change_pct,,pct,spot,,,physical
2026-07-30,frango,frango-vivo-estados,Frango Vivo,Paraná,,preco,4.73,"4,73",R$/Kg,price,BRL,kg,spot,,PR,physical
2026-07-30,frango,frango-vivo-estados,Frango Vivo,Paraná,,variacao_pct,0.0,"0,00",%,change_pct,,pct,spot,,PR,physical
2026-07-30,frango,frango-vivo-estados,Frango Vivo,Santa Catarina,,preco,4.72,"4,72",R$/Kg,price,BRL,kg,spot,,SC,physical
2026-07-30,frango,frango-vivo-estados,Frango Vivo,Santa Catarina,,variacao_pct,0.0,"0,00",%,change_pct,,pct,spot,,SC,physical
2026-07-30,frango,precos-do-frango-congelado-cepea-esalq,Frango Congelado Cepea/Esalq,,,kg,7.14,"7,14",R$,price,BRL,,spot,,,indicator
2026-07-30,frango,precos-do-frango-congelado-cepea-esalq,Frango Congelado Cepea/Esalq,,,variacao_pct,-0.14,"-0,14",%,change_pct,,pct,spot,,,indicator
2026-07-30,frango,precos-do-frango-resfriado-cepea-esalq,Frango Resfriado Cepea/Esalq,,,kg,7.16,"7,16",R$,price,BRL,,spot,,,indicator
2026-07-30,frango,precos-do-frango-resfriado-cepea-esalq,Frango Resfriado Cepea/Esalq,,,variacao_pct,0.0,"0,00",%,change_pct,,pct,spot,,,indicator
2026-07-31,frango,frango-sp,Frango (SP),Frango Atacado,,preco_kg,6.1,"6,10",R$,price,BRL,,spot,,,physical
2026-07-31,frango,frango-sp,Frango (SP),Frango Atacado,,variacao_pct,0.0,"0,00",%,change_pct,,pct,spot,,,physical
2026-07-31,frango,frango-sp,Frango (SP),Frango Granja,,preco_kg,5.0,"5,00",R$,price,BRL,,spot,,,physical
2026-07-31,frango,frango-sp,Frango (SP),Frango Granja,,variacao_pct,-1.96,"-1,96",%,change_pct,,pct,spot,,,physical
2026-07-31,frango,frango-vivo-estados,Frango Vivo,Paraná,,preco,4.74,"4,74",R$/Kg,price,BRL,kg,spot,,PR,physical
2026-07-31,frango,frango-vivo-estados,Frango Vivo,Paraná,,variacao_pct,0.21,"+0,21",%,change_pct,,pct,spot,,PR,physical
2026-07-31,frango,frango-vivo-estados,Frango Vivo,Santa Catarina,,preco,4.72,"4,72",R$/Kg,price,BRL,kg,spot,,SC,physical
2026-07-31,frango,frango-vivo-estados,Frango Vivo,Santa Catarina,,variacao_pct,0.0,"0,00",%,change_pct,,pct,spot,,SC,physical
2026-07-31,frango,precos-do-frango-congelado-cepea-esalq,Frango Congelado Cepea/Esalq,,,kg,7.14,"7,14",R$,price,BRL,,spot,,,indicator
2026-07-31,frango,precos-do-frango-congelado-cepea-esalq,Frango Congelado Cepea/Esalq,,,variacao_pct,0.0,"0,00",%,change_pct,,pct,spot,,,indicator
2026-07-31,frango,precos-do-frango-resfriado-cepea-esalq,Frango Resfriado Cepea/Esalq,,,kg,7.15,"7,15",R$,price,BRL,,spot,,,indicator
2026-07-31,frango,precos-do-frango-resfriado-cepea-esalq,Frango Resfriado Cepea/Esalq,,,variacao_pct,-0.14,"-0,14",%,change_pct,,pct,spot,,,indicator
2026-08-03,frango,frango-sp,Frango (SP),Frango Atacado,,preco_kg,6.1,"6,10",R$,price,BRL,,spot,,,physical
2026-08-03,frango,frango-sp,Frango (SP),Frango Atacado,,variacao_pct,0.0,"0,00",%,change_pct,,pct,spot,,,physical
2026-08-03,frango,frango-sp,Frango (SP),Frango Granja,,preco_kg,5.0,"5,00",R$,price,BRL,,spot,,,physical
2026-08-03,frango,frango-sp,Frango (SP),Frango Granja,,variacao_pct,0.0,"0,00",%,change_pct,,pct,spot,,,physical
2026-08-03,frango,frango-vivo-estados,Frango Vivo,Paraná,,preco,4.74,"4,74",R$/Kg,price,BRL,kg,spot,,PR,physical
2026-08-03,frango,frango-vivo-estados,Frango Vivo,Paraná,,variacao_pct,0.0,"0,00",%,change_pct,,pct,spot,,PR,physical
2026-08-03,frango,frango-vivo-estados,Frango Vivo,Santa Catarina,,preco,4.74,"4,74",R$/Kg,price,BRL,kg,spot,,SC,physical
2026-08-03,frango,frango-vivo-estados,Frango Vivo,Santa Catarina,,variacao_pct,0.42,"+0,42",%,change_pct,,pct,spot,,SC,physical
2026-08-03,frango,precos-do-frango-congelado-cepea-esalq,Frango Congelado Cepea/Esalq,,,kg,6.87,"6,87",R$,price,BRL,,spot,,,indicator
2026-08-03,frango,precos-do-frango-congelado-cepea-esalq,Frango Congelado Cepea/Esalq,,,variacao_pct,-3.78,"-3,78",%,change_pct,,pct,spot,,,indicator
2026-08-03,frango,precos-do-frango-resfriado-cepea-esalq,Frango Resfriado Cepea/Esalq,,,kg,6.89,"6,89",R$,price,BRL,,spot,,,indicator
2026-08-03,frango,precos-do-frango-resfriado-cepea-esalq,Frango Resfriado Cepea/Esalq,,,variacao_pct,-3.64,"-3,64",%,change_pct,,pct,spot,,,indicator
2026-08-04,frango,frango-sp,Frango (SP),Frango Atacado,,preco_kg,6.35,"6,35",R$,price,BRL,,spot,,,physical
2026-08-04,frango,frango-sp,Frango (SP),Frango Atacado,,variacao_pct,4.1,"+4,10",%,change_pct,,pct,spot,,,physical
2026-08-04,frango,frango-sp,Frango (SP),Frango Granja,,preco_kg,5.0,"5,00",R$,price,BRL,,spot,,,physical
2026-08-04,frango,frango-sp,Frango (SP),Frango Granja,,variacao_pct,0.0,"0,00",%,change_pct,,pct,spot,,,physical
2026-08-04,frango,frango-vivo-estados,Frango Vivo,Paraná,,preco,4.74,"4,74",R$/Kg,price,BRL,kg,spot,,PR,physical
2026-08-04,frango,frango-vivo-estados,Frango Vivo,Paraná,,variacao_pct,0.0,"0,00",%,change_pct,,pct,spot,,PR,physical
2026-08-04,frango,frango-vivo-estados,Frango Vivo,Santa Catarina,,preco,4.74,"4,74",R$/Kg,price,BRL,kg,spot,,SC,physical
2026-08-04,frango,frango-vivo-estados,Frango Vivo,Santa Catarina,,variacao_pct,0.0,"0,00",%,change_pct,,pct,spot,,SC,physical
2026-08-04,frango,precos-do-frango-congelado-cepea-esalq,Frango Congelado Cepea/Esalq,,,kg,6.88,"6,88",R$,price,BRL,,spot,,,indicator
2026-08-04,frango,precos-do-frango-congelado-cepea-esalq,Frango Congelado Cepea/Esalq,,,variacao_pct,0.15,"+0,15",%,change_pct,,pct,spot,,,indicator
2026-08-04,frango,precos-do-frango-resfriado-cepea-esalq,Frango Resfriado Cepea/Esalq,,,kg,6.9,"6,90",R$,price,BRL,,spot,,,indicator
2026-08-04,frango,precos-do-frango-resfriado-cepea-esalq,Frango Resfriado Cepea/Esalq,,,variacao_pct,0.15,"+0,15",%,change_pct,,pct,spot,,,indicator
2026-08-05,frango,frango-sp,Frango (SP),Frango Atacado,,preco_kg,6.4,"6,40",R$,price,BRL,,spot,,,physical
2026-08-05,frango,frango-sp,Frango (SP),Frango Atacado,,variacao_pct,0.79,"+0,79",%,change_pct,,pct,spot,,,physical
2026-08-05,frango,frango-sp,Frango (SP),Frango Granja,,preco_kg,5.0,"5,00",R$,price,BRL,,spot,,,physical
2026-08-05,frango,frango-sp,Frango (SP),Frango Granja,,variacao_pct,0.0,"0,00",%,change_pct,,pct,spot,,,physical
2026-08-05,frango,frango-vivo-estados,Frango Vivo,Paraná,,preco,4.74,"4,74",R$/Kg,price,BRL,kg,spot,,PR,physical
2026-08-05,frango,frango-vivo-estados,Frango Vivo,Paraná,,variacao_pct,0.0,"0,00",%,change_pct,,pct,spot,,PR,physical
2026-08-05,frango,frango-vivo-estados,Frango Vivo,Santa Catarina,,preco,4.74,"4,74",R$/Kg,price,BRL,kg,spot,,SC,physical
2026-08-05,frango,frango-vivo-estados,Frango Vivo,Santa Catarina,,variacao_pct,0.0,"0,00",%,change_pct,,pct,spot,,SC,physical
2026-08-05,frango,precos-do-frango-congelado-cepea-esalq,Frango Congelado Cepea/Esalq,,,kg,7.13,"7,13",R$,price,BRL,,spot,,,indicator
2026-08-05,frango,precos-do-frango-congelado-cepea-esalq,Frango Congelado Cepea/Esalq,,,variacao_pct,3.63,"+3,63",%,change_pct,,pct,spot,,,indicator
2026-08-05,frango,precos-do-frango-resfriado-cepea-esalq,Frango Resfriado Cepea/Esalq,,,kg,7.15,"7,15",R$,price,BRL,,spot,,,indicator
2026-08-05,frango,precos-do-frango-resfriado-cepea-esalq,Frango Resfriado Cepea/Esalq,,,variacao_pct,3.62,"+3,62",%,change_pct,,pct,spot,,,indicator
2026-08-06,frango,frango-sp,Frango (SP),Frango Atacado,,preco_kg,6.42,"6,42",R$,price,BRL,,spot,,,physical
2026-08-06,frango,frango-sp,Frango (SP),Frango Atacado,,variacao_pct,0.31,"+0,31",%,change_pct,,pct,spot,,,physical
2026-08-06,frango,frango-sp,Frango (SP),Frango Granja,,preco_kg,5.0,"5,00",R$,price,BRL,,spot,,,physical
2026-08-06,frango,frango-sp,Frango (SP),Frango Granja,,variacao_pct,0.0,"0,00",%,change_pct,,pct,spot,,,physical
2026-08-06,frango,frango-vivo-estados,Frango Vivo,Paraná,,preco,4.74,"4,74",R$/Kg,price,BRL,kg,spot,,PR,physical
2026-08-06,frango,frango-vivo-estados,Frango Vivo,Paraná,,variacao_pct,0.0,"0,00",%,change_pct,,pct,spot,,PR,physical
2026-08-06,frango,frango-vivo-estados,Frango Vivo,Santa Catarina,,preco,4.74,"4,74",R$/Kg,price,BRL,kg,spot,,SC,physical
2026-08-06,frango,frango-vivo-estados,Frango Vivo,Santa Catarina,,variacao_pct,0.0,"0,00",%,change_pct,,pct,spot,,SC,physical
2026-08-06,frango,precos-do-frango-congelado-cepea-esalq,Frango Congelado Cepea/Esalq,,,kg,7.13,"7,13",R$,price,BRL,,spot,,,indicator
2026-08-06,frango,precos-do-frango-congelado-cepea-esalq,Frango Congelado Cepea/Esalq,,,variacao_pct,0.0,"0,00",%,change_pct,,pct,spot,,,indicator
2026-08-06,frango,precos-do-frango-resfriado-cepea-esalq,Frango Resfriado Cepea/Esalq,,,kg,7.15,"7,15",R$,price,BRL,,spot,,,indicator
2026-08-06,frango,precos-do-frango-resfriado-cepea-esalq,Frango Resfriado Cepea/Esalq,,,variacao_pct,0.0,"0,00",%,change_pct,,pct,spot,,,indicator
2026-08-07,frango,frango-sp,Frango (SP),Frango Atacado,,preco_kg,6.42,"6,42",R$,price,BRL,,spot,,,physical
2026-08-07,frango,frango-sp,Frango (SP),Frango Atacado,,variacao_pct,0.0,"0,00",%,change_pct,,pct,spot,,,physical
2026-08-07,frango,frango-sp,Frango (SP),Frango Granja,,preco_kg,5.0,"5,00",R$,price,BRL,,spot,,,physical
2026-08-07,frango,frango-sp,Frango (SP),Frango Granja,,variacao_pct,0.0,"0,00",%,change_pct,,pct,spot,,,physical
2026-08-07,frango,frango-vivo-estados,Frango Vivo,Paraná,,preco,4.74,"4,74",R$/Kg,price,BRL,kg,spot,,PR,physical
2026-08-07,frango,frango-vivo-estados,Frango Vivo,Paraná,,variacao_pct,0.0,"0,00",%,change_pct,,pct,spot,,PR,physical
2026-08-07,frango,frango-vivo-estados,Frango Vivo,Santa Catarina,,preco,4.74,"4,74",R$/Kg,price,BRL,kg,spot,,SC,physical
2026-08-07,frango,frango-vivo-estados,Frango Vivo,Santa Catarina,,variacao_pct,0.0,"0,00",%,change_pct,,pct,spot,,SC,physical
2026-08-07,frango,precos-do-frango-congelado-cepea-esalq,Frango Congelado Cepea/Esalq,,,kg,7.16,"7,16",R$,price,BRL,,spot,,,indicator
2026-08-07,frango,precos-do-frango-congelado-cepea-esalq,Frango Congelado Cepea/Esalq,,,variacao_pct,0.42,"+0,42",%,change_pct,,pct,spot,,,indicator
2026-08-07,frango,precos-do-frango-resfriado-cepea-esalq,Frango Resfriado Cepea/Esalq,,,kg,7.18,"7,18",R$,price,BRL,,spot,,,indicator
2026-08-07,frango,precos-do-frango-resfriado-cepea-esalq,Frango Resfriado Cepea/Esalq,,,variacao_pct,0.42,"+0,42",%,change_pct,,pct,spot,,,indicator
2026-08-10,frango,frango-sp,Frango (SP),Frango Atacado,,preco_kg,6.45,"6,45",R$,price,BRL,,spot,,,physical
2026-08-10,frango,frango-sp,Frango (SP),Frango Atacado,,variacao_pct,0.47,"+0,47",%,change_pct,,pct,spot,,,physical
2026-08-10,frango,frango-sp,Frango (SP),Frango Granja,,preco_kg,5.0,"5,00",R$,price,BRL,,spot,,,physical
2026-08-10,frango,frango-sp,Frango (SP),Frango Granja,,variacao_pct,0.0,"0,00",%,change_pct,,pct,spot,,,physical
2026-08-10,frango,frango-vivo-estados,Frango Vivo,Paraná,,preco,4.74,"4,74",R$/Kg,price,BRL,kg,spot,,PR,physical
2026-08-10,frango,frango-vivo-estados,Frango Vivo,Paraná,,variacao_pct,0.0,"0,00",%,change_pct,,pct,spot,,PR,physical
2026-08-10,frango,frango-vivo-estados,Frango Vivo,Santa Catarina,,preco,4.74,"4,74",R$/Kg,price,BRL,kg,spot,,SC,physical
2026-08-10,frango,frango-vivo-estados,Frango Vivo,Santa Catarina,,variacao_pct,0.0,"0,00",%,change_pct,,pct,spot,,SC,physical
2026-08-10,frango,precos-do-frango-congelado-cepea-esalq,Frango Congelado Cepea/Esalq,,,kg,7.19,"7,19",R$,price,BRL,,spot,,,indicator
2026-08-10,frango,precos-do-frango-congelado-cepea-esalq,Frango Congelado Cepea/Esalq,,,variacao_pct,0.42,"+0,42",%,change_pct,,pct,spot,,,indicator
2026-08-10,frango,precos-do-frango-resfriado-cepea-esalq,Frango Resfriado Cepea/Esalq,,,kg,7.21,"7,21",R$,price,BRL,,spot,,,indicator
2026-08-10,frango,precos-do-frango-resfriado-cepea-esalq,Frango Resfriado Cepea/Esalq,,,variacao_pct,0.42,"+0,42",%,change_pct,,pct,spot,,,indicator
2026-08-11,frango,frango-sp,Frango (SP),Frango Atacado,,preco_kg,6.45,"6,45",R$,price,BRL,,spot,,,physical
2026-08-11,frango,frango-sp,Frango (SP),Frango Atacado,,variacao_pct,0.0,"0,00",%,change_pct,,pct,spot,,,physical
2026-08-11,frango,frango-sp,Frango (SP),Frango Granja,,preco_kg,5.2,"5,20",R$,price,BRL,,spot,,,physical
2026-08-11,frango,frango-sp,Frango (SP),Frango Granja,,variacao_pct,4.0,"+4,00",%,change_pct,,pct,spot,,,physical
2026-08-11,frango,frango-vivo-estados,Frango Vivo,Paraná,,preco,4.74,"4,74",R$/Kg,price,BRL,kg,spot,,PR,physical
2026-08-11,frango,frango-vivo-estados,Frango Vivo,Paraná,,variacao_pct,0.0,"0,00",%,change_pct,,pct,spot,,PR,physical
2026-08-11,frango,frango-vivo-estados,Frango Vivo,Santa Catarina,,preco,4.74,"4,74",R$/Kg,price,BRL,kg,spot,,SC,physical
2026-08-11,frango,frango-vivo-estados,Frango Vivo,Santa Catarina,,variacao_pct,0.0,"0,00",%,change_pct,,pct,spot,,SC,physical
2026-08-11,frango,precos-do-frango-congelado-cepea-esalq,Frango Congelado Cepea/Esalq,,,kg,7.19,"7,19",R$,price,BRL,,spot,,,indicator
2026-08-11,frango,precos-do-frango-congelado-cepea-esalq,Frango Congelado Cepea/Esalq,,,variacao_pct,0.0,"0,00",%,change_pct,,pct,spot,,,indicator
2026-08-11,frango,precos-do-frango-resfriado-cepea-esalq,Frango Resfriado Cepea/Esalq,,,kg,7.21,"7,21",R$,price,BRL,,spot,,,indicator
2026-08-11,frango,precos-do-frango-resfriado-cepea-esalq,Frango Resfriado Cepea/Esalq,,,variacao_pct,0.0,"0,00",%,change_pct,,pct,spot,,,indicator
2026-08-12,frango,frango-sp,Frango (SP),Frango Atacado,,preco_kg,6.43,"6,43",R$,price,BRL,,spot,,,physical
2026-08-12,frango,frango-sp,Frango (SP),Frango Atacado,,variacao_pct,-0.31,"-0,31",%,change_pct,,pct,spot,,,physical
2026-08-12,frango,frango-sp,Frango (SP),Frango Granja,,preco_kg,5.2,"5,20",R$,price,BRL,,spot,,,physical
2026-08-12,frango,frango-sp,Frango (SP),Frango Granja,,variacao_pct,0.0,"0,00",%,change_pct,,pct,spot,,,physical
2026-08-12,frango,frango-vivo-estados,Frango Vivo,Paraná,,preco,4.74,"4,74",R$/Kg,price,BRL,kg,spot,,PR,physical
2026-08-12,frango,frango-vivo-estados,Frango Vivo,Paraná,,variacao_pct,0.0,"0,00",%,change_pct,,pct,spot,,PR,physical
2026-08-12,frango,frango-vivo-estados,Frango Vivo,Santa Catarina,,preco,4.74,"4,74",R$/Kg,price,BRL,kg,spot,,SC,physical
2026-08-12,frango,frango-vivo-estados,Frango Vivo,Santa Catarina,,variacao_pct,0.0,"0,00",%,change_pct,,pct,spot,,SC,physical
2026-08-12,frango,precos-do-frango-congelado-cepea-esalq,Frango Congelado Cepea/Esalq,,,kg,7.19,"7,19",R$,price,BRL,,spot,,,indicator
2026-08-12,frango,precos-do-frango-congelado-cepea-esalq,Frango Congelado Cepea/Esalq,,,variacao_pct,0.0,"0,00",%,change_pct,,pct,spot,,,indicator
2026-08-12,frango,precos-do-frango-resfriado-cepea-esalq,Frango Resfriado Cepea/Esalq,,,kg,7.21,"7,21",R$,price,BRL,,spot,,,indicator
2026-08-12,frango,precos-do-frango-resfriado-cepea-esalq,Frango Resfriado Cepea/Esalq,,,variacao_pct,0.0,"0,00",%,change_pct,,pct,spot,,,indicator
2026-08-13,frango,frango-sp,Frango (SP),Frango Atacado,,preco_kg,6.4,"6,40",R$,price,BRL,,spot,,,physical
2026-08-13,frango,frango-sp,Frango (SP),Frango Atacado,,variacao_pct,-0.47,"-0,47",%,change_pct,,pct,spot,,,physical
2026-08-13,frango,frango-sp,Frango (SP),Frango Granja,,preco_kg,5.2,"5,20",R$,price,BRL,,spot,,,physical
2026-08-13,frango,frango-sp,Frango (SP),Frango Granja,,variacao_pct,0.0,"0,00",%,change_pct,,pct,spot,,,physical
2026-08-13,frango,frango-vivo-estados,Frango Vivo,Paraná,,preco,4.74,"4,74",R$/Kg,price,BRL,kg,spot,,PR,physical
2026-08-13,frango,frango-vivo-estados,Frango Vivo,Paraná,,variacao_pct,0.0,"0,00",%,change_pct,,pct,spot,,PR,physical
2026-08-13,frango,frango-vivo-estados,Frango Vivo,Santa Catarina,,preco,4.74,"4,74",R$/Kg,price,BRL,kg,spot,,SC,physical
2026-08-13,frango,frango-vivo-estados,Frango Vivo,Santa Catarina,,variacao_pct,0.0,"0,00",%,change_pct,,pct,spot,,SC,physical
2026-08-13,frango,precos-do-frango-congelado-cepea-esalq,Frango Congelado Cepea/Esalq,,,kg,7.2,"7,20",R$,price,BRL,,spot,,,indicator
2026-08-13,frango,precos-do-frango-congelado-cepea-esalq,Frango Congelado Cepea/Esalq,,,variacao_pct,0.14,"+0,14",%,change_pct,,pct,spot,,,indicator
2026-08-13,frango,precos-do-frango-resfriado-cepea-esalq,Frango Resfriado Cepea/Esalq,,,kg,7.21,"7,21",R$,price,BRL,,spot,,,indicator
2026-08-13,frango,precos-do-frango-resfriado-cepea-esalq,Frango Resfriado Cepea/Esalq,,,variacao_pct,0.0,"0,00",%,change_pct,,pct,spot,,,indicator
2026-08-14,frango,frango-sp,Frango (SP),Frango Atacado,,preco_kg,6.4,"6,40",R$,price,BRL,,spot,,,physical
2026-08-14,frango,frango-sp,Frango (SP),Frango Atacado,,variacao_pct,0.0,"0,00",%,change_pct,,pct,spot,,,physical
2026-08-14,frango,frango-sp,Frango (SP),Frango Granja,,preco_kg,5.2,"5,20",R$,price,BRL,,spot,,,physical
2026-08-14,frango,frango-sp,Frango (SP),Frango Granja,,variacao_pct,0.0,"0,00",%,change_pct,,pct,spot,,,physical
2026-08-14,frango,frango-vivo-estados,Frango Vivo,Paraná,,preco,4.74,"4,74",R$/Kg,price,BRL,kg,spot,,PR,physical
2026-08-14,frango,frango-vivo-estados,Frango Vivo,Paraná,,variacao_pct,0.0,"0,00",%,change_pct,,pct,spot,,PR,physical
2026-08-14,frango,frango-vivo-estados,Frango Vivo,Santa Catarina,,preco,4.74,"4,74",R$/Kg,price,BRL,kg,spot,,SC,physical
2026-08-14,frango,frango-vivo-estados,Frango Vivo,Santa Catarina,,variacao_pct,0.0,"0,00",%,change_pct,,pct,spot,,SC,physical
2026-08-14,frango,precos-do-frango-congelado-cepea-esalq,Frango Congelado Cepea/Esalq,,,kg,7.19,"7,19",R$,price,BRL,,spot,,,indicator
2026-08-14,frango,precos-do-frango-congelado-cepea-esalq,Frango Congelado Cepea/Esalq,,,variacao_pct,-0.14,"-0,14",%,change_pct,,pct,spot,,,indicator
2026-08-14,frango,precos-do-frango-resfriado-cepea-esalq,Frango Resfriado Cepea/Esalq,,,kg,7.2,"7,20",R$,price,BRL,,spot,,,indicator
2026-08-14,frango,precos-do-frango-resfriado-cepea-esalq,Frango Resfriado Cepea/Esalq,,,variacao_pct,-0.14,"-0,14",%,change_pct,,pct,spot,,,indicator
2026-08-17,frango,frango-sp,Frango (SP),Frango Atacado,,preco_kg,6.37,"6,37",R$,price,BRL,,spot,,,physical
2026-08-17,frango,frango-sp,Frango (SP),Frango Atacado,,variacao_pct,-0.47,"-0,47",%,change_pct,,pct,spot,,,physical
2026-08-17,frango,frango-sp,Frango (SP),Frango Granja,,preco_kg,5.2,"5,20",R$,price,BRL,,spot,,,physical
2026-08-17,frango,frango-sp,Frango (SP),Frango Granja,,variacao_pct,0.0,"0,00",%,change_pct,,pct,spot,,,physical
2026-08-17,frango,frango-vivo-estados,Frango Vivo,Paraná,,preco,4.74,"4,74",R$/Kg,price,BRL,kg,spot,,PR,physical
2026-08-17,frango,frango-vivo-estados,Frango Vivo,Paraná,,variacao_pct,0.0,"0,00",%,change_pct,,pct,spot,,PR,physical
2026-08-17,frango,frango-vivo-estados,Frango Vivo,Santa Catarina,,preco,4.74,"4,74",R$/Kg,price,BRL,kg,spot,,SC,physical
2026-08-17,frango,frango-vivo-estados,Frango Vivo,Santa Catarina,,variacao_pct,0.0,"0,00",%,change_pct,,pct,spot,,SC,physical
2026-08-17,frango,precos-do-frango-congelado-cepea-esalq,Frango Congelado Cepea/Esalq,,,kg,7.17,"7,17",R$,price,BRL,,spot,,,indicator
2026-08-17,frango,precos-do-frango-congelado-cepea-esalq,Frango Congelado Cepea/Esalq,,,variacao_pct,-0.28,"-0,28",%,change_pct,,pct,spot,,,indicator
2026-08-17,frango,precos-do-frango-resfriado-cepea-esalq,Frango Resfriado Cepea/Esalq,,,kg,7.18,"7,18",R$,price,BRL,,spot,,,indicator
2026-08-17,frango,precos-do-frango-resfriado-cepea-esalq,Frango Resfriado Cepea/Esalq,,,variacao_pct,-0.28,"-0,28",%,change_pct,,pct,spot,,,indicator
2026-08-18,frango,frango-sp,Frango (SP),Frango Atacado,,preco_kg,6.4,"6,40",R$,price,BRL,,spot,,,physical
2026-08-18,frango,frango-sp,Frango (SP),Frango Atacado,,variacao_pct,0.47,"+0,47",%,change_pct,,pct,spot,,,physical
2026-08-18,frango,frango-sp,Frango (SP),Frango Granja,,preco_kg,5.2,"5,20",R$,price,BRL,,spot,,,physical
2026-08-18,frango,frango-sp,Frango (SP),Frango Granja,,variacao_pct,0.0,"0,00",%,change_pct,,pct,spot,,,physical
2026-08-18,frango,frango-vivo-estados,Frango Vivo,Paraná,,preco,4.74,"4,74",R$/Kg,price,BRL,kg,spot,,PR,physical
2026-08-18,frango,frango-vivo-estados,Frango Vivo,Paraná,,variacao_pct,0.0,"0,00",%,change_pct,,pct,spot,,PR,physical
2026-08-18,frango,frango-vivo-estados,Frango Vivo,Santa Catarina,,preco,4.74,"4,74",R$/Kg,price,BRL,kg,spot,,SC,physical
2026-08-18,frango,frango-vivo-estados,Frango Vivo,Santa Catarina,,variacao_pct,0.0,"0,00",%,change_pct,,pct,spot,,SC,physical
2026-08-18,frango,precos-do-frango-congelado-cepea-esalq,Frango Congelado Cepea/Esalq,,,kg,7.17,"7,17",R$,price,BRL,,spot,,,indicator
2026-08-18,frango,precos-do-frango-congelado-cepea-esalq,Frango Congelado Cepea/Esalq,,,variacao_pct,0.0,"0,00",%,change_pct,,pct,spot,,,indicator
2026-08-18,frango,precos-do-frango-resfriado-cepea-esalq,Frango Resfriado Cepea/Esalq,,,kg,7.18,"7,18",R$,price,BRL,,spot,,,indicator
2026-08-18,frango,precos-do-frango-resfriado-cepea-esalq,Frango Resfriado Cepea/Esalq,,,variacao_pct,0.0,"0,00",%,change_pct,,pct,spot,,,indicator
2026-08-19,frango,frango-sp,Frango (SP),Frango Atacado,,preco_kg,6.4,"6,40",R$,price,BRL,,spot,,,physical
2026-08-19,frango,frango-sp,Frango (SP),Frango Atacado,,variacao_pct,0.0,"0,00",%,change_pct,,pct,spot,,,physical
2026-08-19,frango,frango-sp,Frango (SP),Frango Granja,,preco_kg,5.2,"5,20",R$,price,BRL,,spot,,,physical
2026-08-19,frango,frango-sp,Frango (SP),Frango Granja,,variacao_pct,0.0,"0,00",%,change_pct,,pct,spot,,,physical
2026-08-19,frango,frango-vivo-estados,Frango Vivo,Paraná,,preco,4.74,"4,74",R$/Kg,price,BRL,kg,spot,,PR,physical
2026-08-19,frango,frango-vivo-estados,Frango Vivo,Paraná,,variacao_pct,0.0,"0,00",%,change_pct,,pct,spot,,PR,physical
2026-08-19,frango,frango-vivo-estados,Frango Vivo,Santa Catarina,,preco,4.74,"4,74",R$/Kg,price,BRL,kg,spot,,SC,physical
2026-08-19,frango,frango-vivo-estados,Frango Vivo,Santa Catarina,,variacao_pct,0.0,"0,00",%,change_pct,,pct,spot,,SC,physical
2026-08-19,frango,precos-do-frango-congelado-cepea-esalq,Frango Congelado Cepea/Esalq,,,kg,7.17,"7,17",R$,price,BRL,,spot,,,indicator
2026-08-19,frango,precos-do-frango-congelado-cepea-esalq,Frango Congelado Cepea/Esalq,,,variacao_pct,0.0,"0,00",%,change_pct,,pct,spot,,,indicator
2026-08-19,frango,precos-do-frango-resfriado-cepea-esalq,Frango Resfriado Cepea/Esalq,,,kg,7.18,"7,18",R$,price,BRL,,spot,,,indicator
2026-08-19,frango,precos-do-frango-resfriado-cepea-esalq,Frango Resfriado Cepea/Esalq,,,variacao_pct,0.0,"0,00",%,change_pct,,pct,spot,,,indicator
2026-08-20,frango,frango-sp,Frango (SP),Frango Atacado,,preco_kg,6.4,"6,40",R$,price,BRL,,spot,,,physical
2026-08-20,frango,frango-sp,Frango (SP),Frango Atacado,,variacao_pct,0.0,"0,00",%,change_pct,,pct,spot,,,physical
2026-08-20,frango,frango-sp,Frango (SP),Frango Granja,,preco_kg,5.2,"5,20",R$,price,BRL,,spot,,,physical
2026-08-20,frango,frango-sp,Frango (SP),Frango Granja,,variacao_pct,0.0,"0,00",%,change_pct,,pct,spot,,,physical
2026-08-20,frango,frango-vivo-estados,Frango Vivo,Paraná,,preco,4.74,"4,74",R$/Kg,price,BRL,kg,spot,,PR,physical
2026-08-20,frango,frango-vivo-estados,Frango Vivo,Paraná,,variacao_pct,0.0,"0,00",%,change_pct,,pct,spot,,PR,physical
2026-08-20,frango,frango-vivo-estados,Frango Vivo,Santa Catarina,,preco,4.74,"4,74",R$/Kg,price,BRL,kg,spot,,SC,physical
2026-08-20,frango,frango-vivo-estados,Frango Vivo,Santa Catarina,,variacao_pct,0.0,"0,00",%,change_pct,,pct,spot,,SC,physical
2026-08-20,frango,precos-do-frango-congelado-cepea-esalq,Frango Congelado Cepea/Esalq,,,kg,7.17,"7,17",R$,price,BRL,,spot,,,indicator
2026-08-20,frango,precos-do-frango-congelado-cepea-esalq,Frango Congelado Cepea/Esalq,,,variacao_pct,0.0,"0,00",%,change_pct,,pct,spot,,,indicator
2026-08-20,frango,precos-do-frango-resfriado-cepea-esalq,Frango Resfriado Cepea/Esalq,,,kg,7.18,"7,18",R$,price,BRL,,spot,,,indicator
2026-08-20,frango,precos-do-frango-resfriado-cepea-esalq,Frango Resfriado Cepea/Esalq,,,variacao_pct,0.0,"0,00",%,change_pct,,pct,spot,,,indicator
2026-08-21,frango,frango-sp,Frango (SP),Frango Atacado,,preco_kg,6.4,"6,40",R$,price,BRL,,spot,,,physical
2026-08-21,frango,frango-sp,Frango (SP),Frango Atacado,,variacao_pct,0.0,"0,00",%,change_pct,,pct,spot,,,physical
2026-08-21,frango,frango-sp,Frango (SP),Frango Granja,,preco_kg,5.2,"5,20",R$,price,BRL,,spot,,,physical
2026-08-21,frango,frango-sp,Frango (SP),Frango Granja,,variacao_pct,0.0,"0,00",%,change_pct,,pct,spot,,,physical
2026-08-21,frango,frango-vivo-estados,Frango Vivo,Paraná,,preco,4.78,"4,78",R$/Kg,price,BRL,kg,spot,,PR,physical
2026-08-21,frango,frango-vivo-estados,Frango Vivo,Paraná,,variacao_pct,0.84,"+0,84",%,change_pct,,pct,spot,,PR,physical
2026-08-21,frango,frango-vivo-estados,Frango Vivo,Santa Catarina,,preco,4.74,"4,74",R$/Kg,price,BRL,kg,spot,,SC,physical
2026-08-21,frango,frango-vivo-estados,Frango Vivo,Santa Catarina,,variacao_pct,0.0,"0,00",%,change_pct,,pct,spot,,SC,physical
2026-08-21,frango,precos-do-frango-congelado-cepea-esalq,Frango Congelado Cepea/Esalq,,,kg,7.22,"7,22",R$,price,BRL,,spot,,,indicator
2026-08-21,frango,precos-do-frango-congelado-cepea-esalq,Frango Congelado Cepea/Esalq,,,variacao_pct,0.7,"+0,70",%,change_pct,,pct,spot,,,indicator
2026-08-21,frango,precos-do-frango-resfriado-cepea-esalq,Frango Resfriado Cepea/Esalq,,,kg,7.24,"7,24",R$,price,BRL,,spot,,,indicator
2026-08-21,frango,precos-do-frango-resfriado-cepea-esalq,Frango Resfriado Cepea/Esalq,,,variacao_pct,0.84,"+0,84",%,change_pct,,pct,spot,,,indicator
2026-08-24,frango,frango-sp,Frango (SP),Frango Atacado,,preco_kg,6.37,"6,37",R$,price,BRL,,spot,,,physical
2026-08-24,frango,frango-sp,Frango (SP),Frango Atacado,,variacao_pct,-0.47,"-0,47",%,change_pct,,pct,spot,,,physical
2026-08-24,frango,frango-sp,Frango (SP),Frango Granja,,preco_kg,5.2,"5,20",R$,price,BRL,,spot,,,physical
2026-08-24,frango,frango-sp,Frango (SP),Frango Granja,,variacao_pct,0.0,"0,00",%,change_pct,,pct,spot,,,physical
2026-08-24,frango,frango-vivo-estados,Frango Vivo,Paraná,,preco,4.78,"4,78",R$/Kg,price,BRL,kg,spot,,PR,physical
2026-08-24,frango,frango-vivo-estados,Frango Vivo,Paraná,,variacao_pct,0.0,"0,00",%,change_pct,,pct,spot,,PR,physical
2026-08-24,frango,frango-vivo-estados,Frango Vivo,Santa Catarina,,preco,4.74,"4,74",R$/Kg,price,BRL,kg,spot,,SC,physical
2026-08-24,frango,frango-vivo-estados,Frango Vivo,Santa Catarina,,variacao_pct,0.0,"0,00",%,change_pct,,pct,spot,,SC,physical
2026-08-24,frango,precos-do-frango-congelado-cepea-esalq,Frango Congelado Cepea/Esalq,,,kg,7.29,"7,29",R$,price,BRL,,spot,,,indicator
2026-08-24,frango,precos-do-frango-congelado-cepea-esalq,Frango Congelado Cepea/Esalq,,,variacao_pct,0.97,"+0,97",%,change_pct,,pct,spot,,,indicator
2026-08-24,frango,precos-do-frango-resfriado-cepea-esalq,Frango Resfriado Cepea/Esalq,,,kg,7.26,"7,26",R$,price,BRL,,spot,,,indicator
2026-08-24,frango,precos-do-frango-resfriado-cepea-esalq,Frango Resfriado Cepea/Esalq,,,variacao_pct,0.28,"+0,28",%,change_pct,,pct,spot,,,indicator
2026-08-25,frango,frango-sp,Frango (SP),Frango Atacado,,preco_kg,6.4,"6,40",R$,price,BRL,,spot,,,physical
2026-08-25,frango,frango-sp,Frango (SP),Frango Atacado,,variacao_pct,0.47,"+0,47",%,change_pct,,pct,spot,,,physical
2026-08-25,frango,frango-sp,Frango (SP),Frango Granja,,preco_kg,5.2,"5,20",R$,price,BRL,,spot,,,physical
2026-08-25,frango,frango-sp,Frango (SP),Frango Granja,,variacao_pct,0.0,"0,00",%,change_pct,,pct,spot,,,physical
2026-08-25,frango,frango-vivo-estados,Frango Vivo,Paraná,,preco,4.78,"4,78",R$/Kg,price,BRL,kg,spot,,PR,physical
2026-08-25,frango,frango-vivo-estados,Frango Vivo,Paraná,,variacao_pct,0.0,"0,00",%,change_pct,,pct,spot,,PR,physical
2026-08-25,frango,frango-vivo-estados,Frango Vivo,Santa Catarina,,preco,4.74,"4,74",R$/Kg,price,BRL,kg,spot,,SC,physical
2026-08-25,frango,frango-vivo-estados,Frango Vivo,Santa Catarina,,variacao_pct,0.0,"0,00",%,change_pct,,pct,spot,,SC,physical
2026-08-25,frango,precos-do-frango-congelado-cepea-esalq,Frango Congelado Cepea/Esalq,,,kg,7.29,"7,29",R$,price,BRL,,spot,,,indicator
2026-08-25,frango,precos-do-frango-congelado-cepea-esalq,Frango Congelado Cepea/Esalq,,,variacao_pct,0.0,"0,00",%,change_pct,,pct,spot,,,indicator
2026-08-25,frango,precos-do-frango-resfriado-cepea-esalq,Frango Resfriado Cepea/Esalq,,,kg,7.26,"7,26",R$,price,BRL,,spot,,,indicator
2026-08-25,frango,precos-do-frango-resfriado-cepea-esalq,Frango Resfriado Cepea/Esalq,,,variacao_pct,0.0,"0,00",%,change_pct,,pct,spot,,,indicator
2026-08-26,frango,frango-sp,Frango (SP),Frango Atacado,,preco_kg,6.4,"6,40",R$,price,BRL,,spot,,,physical
2026-08-26,frango,frango-sp,Frango (SP),Frango Atacado,,variacao_pct,0.0,"0,00",%,change_pct,,pct,spot,,,physical
2026-08-26,frango,frango-sp,Frango (SP),Frango Granja,,preco_kg,5.2,"5,20",R$,price,BRL,,spot,,,physical
2026-08-26,frango,frango-sp,Frango (SP),Frango Granja,,variacao_pct,0.0,"0,00",%,change_pct,,pct,spot,,,physical
2026-08-26,frango,frango-vivo-estados,Frango Vivo,Paraná,,preco,4.78,"4,78",R$/Kg,price,BRL,kg,spot,,PR,physical
2026-08-26,frango,frango-vivo-estados,Frango Vivo,Paraná,,variacao_pct,0.0,"0,00",%,change_pct,,pct,spot,,PR,physical
2026-08-26,frango,frango-vivo-estados,Frango Vivo,Santa Catarina,,preco,4.74,"4,74",R$/Kg,price,BRL,kg,spot,,SC,physical
2026-08-26,frango,frango-vivo-estados,Frango Vivo,Santa Catarina,,variacao_pct,0.0,"0,00",%,change_pct,,pct,spot,,SC,physical
2026-08-26,frango,precos-do-frango-congelado-cepea-esalq,Frango Congelado Cepea/Esalq,,,kg,7.3,"7,30",R$,price,BRL,,spot,,,indicator
2026-08-26,frango,precos-do-frango-congelado-cepea-esalq,Frango Congelado Cepea/Esalq,,,variacao_pct,0.14,"+0,14",%,change_pct,,pct,spot,,,indicator
2026-08-26,frango,precos-do-frango-resfriado-cepea-esalq,Frango Resfriado Cepea/Esalq,,,kg,7.27,"7,27",R$,price,BRL,,spot,,,indicator
2026-08-26,frango,precos-do-frango-resfriado-cepea-esalq,Frango Resfriado Cepea/Esalq,,,variacao_pct,0.14,"+0,14",%,change_pct,,pct,spot,,,indicator
2026-08-27,frango,frango-sp,Frango (SP),Frango Atacado,,preco_kg,6.4,"6,40",R$,price,BRL,,spot,,,physical
2026-08-27,frango,frango-sp,Frango (SP),Frango Atacado,,variacao_pct,0.0,"0,00",%,change_pct,,pct,spot,,,physical
2026-08-27,frango,frango-sp,Frango (SP),Frango Granja,,preco_kg,5.2,"5,20",R$,price,BRL,,spot,,,physical
2026-08-27,frango,frango-sp,Frango (SP),Frango Granja,,variacao_pct,0.0,"0,00",%,change_pct,,pct,spot,,,physical
2026-08-27,frango,frango-vivo-estados,Frango Vivo,Paraná,,preco,4.78,"4,78",R$/Kg,price,BRL,kg,spot,,PR,physical
2026-08-27,frango,frango-vivo-estados,Frango Vivo,Paraná,,variacao_pct,0.0,"0,00",%,change_pct,,pct,spot,,PR,physical
2026-08-27,frango,frango-vivo-estados,Frango Vivo,Santa Catarina,,preco,4.74,"4,74",R$/Kg,price,BRL,kg,spot,,SC,physical
2026-08-27,frango,frango-vivo-estados,Frango Vivo,Santa Catarina,,variacao_pct,0.0,"0,00",%,change_pct,,pct,spot,,SC,physical
2026-08-27,frango,precos-do-frango-congelado-cepea-esalq,Frango Congelado Cepea/Esalq,,,kg,7.3,"7,30",R$,price,BRL,,spot,,,indicator
2026-08-27,frango,precos-do-frango-congelado-cepea-esalq,Frango Congelado Cepea/Esalq,,,variacao_pct,0.0,"0,00",%,change_pct,,pct,spot,,,indicator
2026-08-27,frango,precos-do-frango-resfriado-cepea-esalq,Frango Resfriado Cepea/Esalq,,,kg,7.27,"7,27",R$,price,BRL,,spot,,,indicator
2026-08-27,frango,precos-do-frango-resfriado-cepea-esalq,Frango Resfriado Cepea/Esalq,,,variacao_pct,0.0,"0,00",%,change_pct,,pct,spot,,,indicator
2026-08-28,frango,frango-sp,Frango (SP),Frango Atacado,,preco_kg,6.45,"6,45",R$,price,BRL,,spot,,,physical
2026-08-28,frango,frango-sp,Frango (SP),Frango Atacado,,variacao_pct,0.78,"+0,78",%,change_pct,,pct,spot,,,physical
2026-08-28,frango,frango-sp,Frango (SP),Frango Granja,,preco_kg,5.2,"5,20",R$,price,BRL,,spot,,,physical
2026-08-28,frango,frango-sp,Frango (SP),Frango Granja,,variacao_pct,0.0,"0,00",%,change_pct,,pct,spot,,,physical
2026-08-28,frango,frango-vivo-estados,Frango Vivo,Paraná,,preco,4.64,"4,64",R$/Kg,price,BRL,kg,spot,,PR,physical
2026-08-28,frango,frango-vivo-estados,Frango Vivo,Paraná,,variacao_pct,-2.93,"-2,93",%,change_pct,,pct,spot,,PR,physical
2026-08-28,frango,frango-vivo-estados,Frango Vivo,Santa Catarina,,preco,4.74,"4,74",R$/Kg,price,BRL,kg,spot,,SC,physical
2026-08-28,frango,frango-vivo-estados,Frango Vivo,Santa Catarina,,variacao_pct,0.0,"0,00",%,change_pct,,pct,spot,,SC,physical
2026-08-28,frango,precos-do-frango-congelado-cepea-esalq,Frango Congelado Cepea/Esalq,,,kg,7.32,"7,32",R$,price,BRL,,spot,,,indicator
2026-08-28,frango,precos-do-frango-congelado-cepea-esalq,Frango Congelado Cepea/Esalq,,,variacao_pct,0.27,"+0,27",%,change_pct,,pct,spot,,,indicator
2026-08-28,frango,precos-do-frango-resfriado-cepea-esalq,Frango Resfriado Cepea/Esalq,,,kg,7.29,"7,29",R$,price,BRL,,spot,,,indicator
2026-08-28,frango,precos-do-frango-resfriado-cepea-esalq,Frango Resfriado Cepea/Esalq,,,variacao_pct,0.28,"+0,28",%,change_pct,,pct,spot,,,indicator
2026-08-31,frango,frango-sp,Frango (SP),Frango Atacado,,preco_kg,6.5,"6,50",R$,price,BRL,,spot,,,physical
2026-08-31,frango,frango-sp,Frango (SP),Frango Atacado,,variacao_pct,0.78,"+0,78",%,change_pct,,pct,spot,,,physical
2026-08-31,frango,frango-sp,Frango (SP),Frango Granja,,preco_kg,5.2,"5,20",R$,price,BRL,,spot,,,physical
2026-08-31,frango,frango-sp,Frango (SP),Frango Granja,,variacao_pct,0.0,"0,00",%,change_pct,,pct,spot,,,physical
2026-08-31,frango,frango-vivo-estados,Frango Vivo,Paraná,,preco,4.64,"4,64",R$/Kg,price,BRL,kg,spot,,PR,physical
2026-08-31,frango,frango-vivo-estados,Frango Vivo,Paraná,,variacao_pct,0.0,"0,00",%,change_pct,,pct,spot,,PR,physical
2026-08-31,frango,frango-vivo-estados,Frango Vivo,Santa Catarina,,preco,4.74,"4,74",R$/Kg,price,BRL,kg,spot,,SC,physical
2026-08-31,frango,frango-vivo-estados,Frango Vivo,Santa Catarina,,variacao_pct,0.0,"0,00",%,change_pct,,pct,spot,,SC,physical
2026-08-31,frango,precos-do-frango-congelado-cepea-esalq,Frango Congelado Cepea/Esalq,,,kg,7.32,"7,32",R$,price,BRL,,spot,,,indicator
2026-08-31,frango,precos-do-frango-congelado-cepea-esalq,Frango Congelado Cepea/Esalq,,,variacao_pct,0.0,"0,00",%,change_pct,,pct,spot,,,indicator
2026-08-31,frango,precos-do-frango-resfriado-cepea-esalq,Frango Resfriado Cepea/Esalq,,,kg,7.29,"7,29",R$,price,BRL,,spot,,,indicator
2026-08-31,frango,precos-do-frango-resfriado-cepea-esalq,Frango Resfriado Cepea/Esalq,,,variacao_pct,0.0,"0,00",%,change_pct,,pct,spot,,,indicator
2026-09-01,frango,frango-sp,Frango (SP),Frango Atacado,,preco_kg,6.72,"6,72",R$,price,BRL,,spot,,,physical
2026-09-01,frango,frango-sp,Frango (SP),Frango Atacado,,variacao_pct,3.38,"+3,38",%,change_pct,,pct,spot,,,physical
2026-09-01,frango,frango-sp,Frango (SP),Frango Granja,,preco_kg,5.2,"5,20",R$,price,BRL,,spot,,,physical
2026-09-01,frango,frango-sp,Frango (SP),Frango Granja,,variacao_pct,0.0,"0,00",%,change_pct,,pct,spot,,,physical
2026-09-01,frango,frango-vivo-estados,Frango Vivo,Paraná,,preco,4.64,"4,64",R$/Kg,price,BRL,kg,spot,,PR,physical
2026-09-01,frango,frango-vivo-estados,Frango Vivo,Paraná,,variacao_pct,0.0,"0,00",%,change_pct,,pct,spot,,PR,physical
2026-09-01,frango,frango-vivo-estados,Frango Vivo,Santa Catarina,,preco,4.74,"4,74",R$/Kg,price,BRL,kg,spot,,SC,physical
2026-09-01,frango,frango-vivo-estados,Frango Vivo,Santa Catarina,,variacao_pct,0.0,"0,00",%,change_pct,,pct,spot,,SC,physical
2026-09-01,frango,precos-do-frango-congelado-cepea-esalq,Frango Congelado Cepea/Esalq,,,kg,7.42,"7,42",R$,price,BRL,,spot,,,indicator
2026-09-01,frango,precos-do-frango-congelado-cepea-esalq,Frango Congelado Cepea/Esalq,,,variacao_pct,1.37,"+1,37",%,change_pct,,pct,spot,,,indicator
2026-09-01,frango,precos-do-frango-resfriado-cepea-esalq,Frango Resfriado Cepea/Esalq,,,kg,7.39,"7,39",R$,price,BRL,,spot,,,indicator
2026-09-01,frango,precos-do-frango-resfriado-cepea-esalq,Frango Resfriado Cepea/Esalq,,,variacao_pct,1.37,"+1,37",%,change_pct,,pct,spot,,,indicator
2026-09-02,frango,frango-sp,Frango (SP),Frango Atacado,,preco_kg,6.8,"6,80",R$,price,BRL,,spot,,,physical
2026-09-02,frango,frango-sp,Frango (SP),Frango Atacado,,variacao_pct,1.19,"+1,19",%,change_pct,,pct,spot,,,physical
2026-09-02,frango,frango-sp,Frango (SP),Frango Granja,,preco_kg,5.2,"5,20",R$,price,BRL,,spot,,,physical
2026-09-02,frango,frango-sp,Frango (SP),Frango Granja,,variacao_pct,0.0,"0,00",%,change_pct,,pct,spot,,,physical
2026-09-02,frango,frango-vivo-estados,Frango Vivo,Paraná,,preco,4.64,"4,64",R$/Kg,price,BRL,kg,spot,,PR,physical
2026-09-02,frango,frango-vivo-estados,Frango Vivo,Paraná,,variacao_pct,0.0,"0,00",%,change_pct,,pct,spot,,PR,physical
2026-09-02,frango,frango-vivo-estados,Frango Vivo,Santa Catarina,,preco,4.76,"4,76",R$/Kg,price,BRL,kg,spot,,SC,physical
2026-09-02,frango,frango-vivo-estados,Frango Vivo,Santa Catarina,,variacao_pct,0.42,"+0,42",%,change_pct,,pct,spot,,SC,physical
2026-09-02,frango,precos-do-frango-congelado-cepea-esalq,Frango Congelado Cepea/Esalq,,,kg,7.34,"7,34",R$,price,BRL,,spot,,,indicator
2026-09-02,frango,precos-do-frango-congelado-cepea-esalq,Frango Congelado Cepea/Esalq,,,variacao_pct,-1.08,"-1,08",%,change_pct,,pct,spot,,,indicator
2026-09-02,frango,precos-do-frango-resfriado-cepea-esalq,Frango Resfriado Cepea/Esalq,,,kg,7.35,"7,35",R$,price,BRL,,spot,,,indicator
2026-09-02,frango,precos-do-frango-resfriado-cepea-esalq,Frango Resfriado Cepea/Esalq,,,variacao_pct,-0.54,"-0,54",%,change_pct,,pct,spot,,,indicator
2026-09-03,frango,frango-sp,Frango (SP),Frango Atacado,,preco_kg,6.9,"6,90",R$,price,BRL,,spot,,,physical
2026-09-03,frango,frango-sp,Frango (SP),Frango Atacado,,variacao_pct,1.47,"+1,47",%,change_pct,,pct,spot,,,physical
2026-09-03,frango,frango-sp,Frango (SP),Frango Granja,,preco_kg,5.3,"5,30",R$,price,BRL,,spot,,,physical
2026-09-03,frango,frango-sp,Frango (SP),Frango Granja,,variacao_pct,1.92,"+1,92",%,change_pct,,pct,spot,,,physical
2026-09-03,frango,frango-vivo-estados,Frango Vivo,Paraná,,preco,4.64,"4,64",R$/Kg,price,BRL,kg,spot,,PR,physical
2026-09-03,frango,frango-vivo-estados,Frango Vivo,Paraná,,variacao_pct,0.0,"0,00",%,change_pct,,pct,spot,,PR,physical
2026-09-03,frango,frango-vivo-estados,Frango Vivo,Santa Catarina,,preco,4.76,"4,76",R$/Kg,price,BRL,kg,spot,,SC,physical
2026-09-03,frango,frango-vivo-estados,Frango Vivo,Santa Catarina,,variacao_pct,0.0,"0,00",%,change_pct,,pct,spot,,SC,physical
2026-09-03,frango,precos-do-frango-congelado-cepea-esalq,Frango Congelado Cepea/Esalq,,,kg,7.52,"7,52",R$,price,BRL,,spot,,,indicator
2026-09-03,frango,precos-do-frango-congelado-cepea-esalq,Frango Congelado Cepea/Esalq,,,variacao_pct,2.45,"+2,45",%,change_pct,,pct,spot,,,indicator
2026-09-03,frango,precos-do-frango-resfriado-cepea-esalq,Frango Resfriado Cepea/Esalq,,,kg,7.54,"7,54",R$,price,BRL,,spot,,,indicator
2026-09-03,frango,precos-do-frango-resfriado-cepea-esalq,Frango Resfriado Cepea/Esalq,,,variacao_pct,2.59,"+2,59",%,change_pct,,pct,spot,,,indicator
2026-09-04,frango,frango-sp,Frango (SP),Frango Atacado,,preco_kg,7.1,"7,10",R$,price,BRL,,spot,,,physical
2026-09-04,frango,frango-sp,Frango (SP),Frango Atacado,,variacao_pct,2.9,"+2,90",%,change_pct,,pct,spot,,,physical
2026-09-04,frango,frango-sp,Frango (SP),Frango Granja,,preco_kg,5.3,"5,30",R$,price,BRL,,spot,,,physical
2026-09-04,frango,frango-sp,Frango (SP),Frango Granja,,variacao_pct,0.0,"0,00",%,change_pct,,pct,spot,,,physical
2026-09-04,frango,frango-vivo-estados,Frango Vivo,Paraná,,preco,4.79,"4,79",R$/Kg,price,BRL,kg,spot,,PR,physical
2026-09-04,frango,frango-vivo-estados,Frango Vivo,Paraná,,variacao_pct,3.23,"+3,23",%,change_pct,,pct,spot,,PR,physical
2026-09-04,frango,frango-vivo-estados,Frango Vivo,Santa Catarina,,preco,4.76,"4,76",R$/Kg,price,BRL,kg,spot,,SC,physical
2026-09-04,frango,frango-vivo-estados,Frango Vivo,Santa Catarina,,variacao_pct,0.0,"0,00",%,change_pct,,pct,spot,,SC,physical
2026-09-04,frango,precos-do-frango-congelado-cepea-esalq,Frango Congelado Cepea/Esalq,,,kg,7.61,"7,61",R$,price,BRL,,spot,,,indicator
2026-09-04,frango,precos-do-frango-congelado-cepea-esalq,Frango Congelado Cepea/Esalq,,,variacao_pct,1.2,"+1,20",%,change_pct,,pct,spot,,,indicator
2026-09-04,frango,precos-do-frango-resfriado-cepea-esalq,Frango Resfriado Cepea/Esalq,,,kg,7.61,"7,61",R$,price,BRL,,spot,,,indicator
2026-09-04,frango,precos-do-frango-resfriado-cepea-esalq,Frango Resfriado Cepea/Esalq,,,variacao_pct,0.93,"+0,93",%,change_pct,,pct,spot,,,indicator
