date,commodity,indicator,indicator_name,location,contract_month,column_name,value,value_raw,unit,measure,currency,unit_std,price_basis,contract,state,market_type
2026-01-26,laranja,laranja-industria,Laranja Indústria,,,r_a_prazocaixa_408_kg_prazo,37.26,"37,26",R$,price,BRL,,spot,,,physical
2026-01-26,laranja,laranja-industria,Laranja Indústria,,,variacao_pct,0.0,"0,00%",%,change_pct,,pct,spot,,,physical
2026-01-26,laranja,laranja-pera-in-natura,Laranja Pera In Natura,,,caixa_40_8_kg,42.29,"42,29",R$,price,BRL,,spot,,,other
2026-01-26,laranja,laranja-pera-in-natura,Laranja Pera In Natura,,,variacao_pct,-0.75,"-0,75%",%,change_pct,,pct,spot,,,other
2026-01-26,laranja,suco-de-laranja-bolsa-de-nova-iorque-nybot,Suco de Laranja - Bolsa de Nova Iorque (NYBOT),,Julho/26,fechamento,215.45,"215,45",c/US$/libra peso,price,USD,lb,futures,2026-07,,nybot
2026-01-26,laranja,suco-de-laranja-bolsa-de-nova-iorque-nybot,Suco de Laranja - Bolsa de Nova Iorque (NYBOT),,Julho/26,variacao_pontos,6.2,"+6,20",%,change_abs,,pct,futures,2026-07,,nybot
2026-01-26,laranja,suco-de-laranja-bolsa-de-nova-iorque-nybot,Suco de Laranja - Bolsa de Nova Iorque (NYBOT),,Maio/26,fechamento,215.25,"215,25",c/US$/libra peso,price,USD,lb,futures,2026-05,,nybot
2026-01-26,laranja,suco-de-laranja-bolsa-de-nova-iorque-nybot,Suco de Laranja - Bolsa de Nova Iorque (NYBOT),,Maio/26,variacao_pontos,5.15,"+5,15",%,change_abs,,pct,futures,2026-05,,nybot
2026-01-26,laranja,suco-de-laranja-bolsa-de-nova-iorque-nybot,Suco de Laranja - Bolsa de Nova Iorque (NYBOT),,Março/26,fechamento,219.3,"219,30",c/US$/libra peso,price,USD,lb,futures,2026-03,,nybot
2026-01-26,laranja,suco-de-laranja-bolsa-de-nova-iorque-nybot,Suco de Laranja - Bolsa de Nova Iorque (NYBOT),,Março/26,variacao_pontos,-0.1,"-0,10",%,change_abs,,pct,futures,2026-03,,nybot
2026-01-27,laranja,laranja-ceasas,Laranja - Ceasas,Laranja Pera (13 a 15 DZ),,preco,2.22,"2,22",R$/Kg,price,BRL,kg,spot,,,physical
2026-01-27,laranja,laranja-ceasas,Laranja - Ceasas,Laranja Pera (13 a 15 DZ),,variacao_pct,-2.2,"-2,20",%,change_pct,,pct,spot,,,physical
2026-01-27,laranja,laranja-ceasas,Laranja - Ceasas,Laranja Pera Extra,,preco,2.5,"2,50",R$/Kg,price,BRL,kg,spot,,,physical
2026-01-27,laranja,laranja-ceasas,Laranja - Ceasas,Laranja Pera Extra,,variacao_pct,0.0,"0,00",%,change_pct,,pct,spot,,,physical
2026-01-27,laranja,laranja-ceasas,Laranja - Ceasas,Laranja Pera Gde (11-12 DZ),,preco,2.5,"2,50",R$/Kg,price,BRL,kg,spot,,,physical
2026-01-27,laranja,laranja-ceasas,Laranja - Ceasas,Laranja Pera Gde (11-12 DZ),,variacao_pct,0.0,"0,00",%,change_pct,,pct,spot,,,physical
2026-01-27,laranja,laranja-industria,Laranja Indústria,,,r_a_prazocaixa_408_kg_prazo,37.26,"37,26",R$,price,BRL,,spot,,,physical
2026-01-27,laranja,laranja-industria,Laranja Indústria,,,variacao_pct,0.0,"0,00%",%,change_pct,,pct,spot,,,physical
2026-01-27,laranja,laranja-pera-in-natura,Laranja Pera In Natura,,,caixa_40_8_kg,42.22,"42,22",R$,price,BRL,,spot,,,other
2026-01-27,laranja,laranja-pera-in-natura,Laranja Pera In Natura,,,variacao_pct,-0.17,"-0,17%",%,change_pct,,pct,spot,,,other
2026-01-27,laranja,suco-de-laranja-bolsa-de-nova-iorque-nybot,Suco de Laranja - Bolsa de Nova Iorque (NYBOT),,Julho/26,fechamento,219.85,"219,85",c/US$/libra peso,price,USD,lb,futures,2026-07,,nybot
2026-01-27,laranja,suco-de-laranja-bolsa-de-nova-iorque-nybot,Suco de Laranja - Bolsa de Nova Iorque (NYBOT),,Julho/26,variacao_pontos,4.4,"+4,40",%,change_abs,,pct,futures,2026-07,,nybot
2026-01-27,laranja,suco-de-laranja-bolsa-de-nova-iorque-nybot,Suco de Laranja - Bolsa de Nova Iorque (NYBOT),,Maio/26,fechamento,219.6,"219,60",c/US$/libra peso,price,USD,lb,futures,2026-05,,nybot
2026-01-27,laranja,suco-de-laranja-bolsa-de-nova-iorque-nybot,Suco de Laranja - Bolsa de Nova Iorque (NYBOT),,Maio/26,variacao_pontos,4.35,"+4,35",%,change_abs,,pct,futures,2026-05,,nybot
2026-01-27,laranja,suco-de-laranja-bolsa-de-nova-iorque-nybot,Suco de Laranja - Bolsa de Nova Iorque (NYBOT),,Março/26,fechamento,220.05,"220,05",c/US$/libra peso,price,USD,lb,futures,2026-03,,nybot
2026-01-27,laranja,suco-de-laranja-bolsa-de-nova-iorque-nybot,Suco de Laranja - Bolsa de Nova Iorque (NYBOT),,Março/26,variacao_pontos,0.75,"+0,75",%,change_abs,,pct,futures,2026-03,,nybot
2026-01-28,laranja,laranja-ceasas,Laranja - Ceasas,Laranja Pera (13 a 15 DZ),,preco,2.22,"2,22",R$/Kg,price,BRL,kg,spot,,,physical
2026-01-28,laranja,laranja-ceasas,Laranja - Ceasas,Laranja Pera (13 a 15 DZ),,variacao_pct,0.0,"0,00",%,change_pct,,pct,spot,,,physical
2026-01-28,laranja,laranja-ceasas,Laranja - Ceasas,Laranja Pera Extra,,preco,2.5,"2,50",R$/Kg,price,BRL,kg,spot,,,physical
2026-01-28,laranja,laranja-ceasas,Laranja - Ceasas,Laranja Pera Extra,,variacao_pct,0.0,"0,00",%,change_pct,,pct,spot,,,physical
2026-01-28,laranja,laranja-ceasas,Laranja - Ceasas,Laranja Pera Gde (11-12 DZ),,preco,2.5,"2,50",R$/Kg,price,BRL,kg,spot,,,physical
2026-01-28,laranja,laranja-ceasas,Laranja - Ceasas,Laranja Pera Gde (11-12 DZ),,variacao_pct,0.0,"0,00",%,change_pct,,pct,spot,,,physical
2026-01-28,laranja,laranja-industria,Laranja Indústria,,,r_a_prazocaixa_408_kg_prazo,37.63,"37,63",R$,price,BRL,,spot,,,physical
2026-01-28,laranja,laranja-industria,Laranja Indústria,,,variacao_pct,0.99,"0,99%",%,change_pct,,pct,spot,,,physical
2026-01-28,laranja,laranja-pera-in-natura,Laranja Pera In Natura,,,caixa_40_8_kg,41.47,"41,47",R$,price,BRL,,spot,,,other
2026-01-28,laranja,laranja-pera-in-natura,Laranja Pera In Natura,,,variacao_pct,-1.78,"-1,78%",%,change_pct,,pct,spot,,,other
2026-01-28,laranja,suco-de-laranja-bolsa-de-nova-iorque-nybot,Suco de Laranja - Bolsa de Nova Iorque (NYBOT),,Julho/26,fechamento,224.75,"224,75",c/US$/libra peso,price,USD,lb,futures,2026-07,,nybot
2026-01-28,laranja,suco-de-laranja-bolsa-de-nova-iorque-nybot,Suco de Laranja - Bolsa de Nova Iorque (NYBOT),,Julho/26,variacao_pontos,4.9,"+4,90",%,change_abs,,pct,futures,2026-07,,nybot
2026-01-28,laranja,suco-de-laranja-bolsa-de-nova-iorque-nybot,Suco de Laranja - Bolsa de Nova Iorque (NYBOT),,Maio/26,fechamento,225.5,"225,50",c/US$/libra peso,price,USD,lb,futures,2026-05,,nybot
2026-01-28,laranja,suco-de-laranja-bolsa-de-nova-iorque-nybot,Suco de Laranja - Bolsa de Nova Iorque (NYBOT),,Maio/26,variacao_pontos,5.9,"+5,90",%,change_abs,,pct,futures,2026-05,,nybot
2026-01-28,laranja,suco-de-laranja-bolsa-de-nova-iorque-nybot,Suco de Laranja - Bolsa de Nova Iorque (NYBOT),,Março/26,fechamento,226.6,"226,60",c/US$/libra peso,price,USD,lb,futures,2026-03,,nybot
2026-01-28,laranja,suco-de-laranja-bolsa-de-nova-iorque-nybot,Suco de Laranja - Bolsa de Nova Iorque (NYBOT),,Março/26,variacao_pontos,6.55,"+6,55",%,change_abs,,pct,futures,2026-03,,nybot
2026-01-29,laranja,laranja-ceasas,Laranja - Ceasas,Laranja Pera (13 a 15 DZ),,preco,2.25,"2,25",R$/Kg,price,BRL,kg,spot,,,physical
2026-01-29,laranja,laranja-ceasas,Laranja - Ceasas,Laranja Pera (13 a 15 DZ),,variacao_pct,1.35,"+1,35",%,change_pct,,pct,spot,,,physical
2026-01-29,laranja,laranja-ceasas,Laranja - Ceasas,Laranja Pera Extra,,preco,2.5,"2,50",R$/Kg,price,BRL,kg,spot,,,physical
2026-01-29,laranja,laranja-ceasas,Laranja - Ceasas,Laranja Pera Extra,,variacao_pct,0.0,"0,00",%,change_pct,,pct,spot,,,physical
2026-01-29,laranja,laranja-ceasas,Laranja - Ceasas,Laranja Pera Gde (11-12 DZ),,preco,2.5,"2,50",R$/Kg,price,BRL,kg,spot,,,physical
2026-01-29,laranja,laranja-ceasas,Laranja - Ceasas,Laranja Pera Gde (11-12 DZ),,variacao_pct,0.0,"0,00",%,change_pct,,pct,spot,,,physical
2026-01-29,laranja,laranja-industria,Laranja Indústria,,,r_a_prazocaixa_408_kg_prazo,36.88,"36,88",R$,price,BRL,,spot,,,physical
2026-01-29,laranja,laranja-industria,Laranja Indústria,,,variacao_pct,-1.99,"-1,99",%,change_pct,,pct,spot,,,physical
2026-01-29,laranja,laranja-pera-in-natura,Laranja Pera In Natura,,,caixa_40_8_kg,41.32,"41,32",R$,price,BRL,,spot,,,other
2026-01-29,laranja,laranja-pera-in-natura,Laranja Pera In Natura,,,variacao_pct,-0.36,"-0,36",%,change_pct,,pct,spot,,,other
2026-01-29,laranja,suco-de-laranja-bolsa-de-nova-iorque-nybot,Suco de Laranja - Bolsa de Nova Iorque (NYBOT),,Julho/26,fechamento,224.4,"224,40",c/US$/libra peso,price,USD,lb,futures,2026-07,,nybot
2026-01-29,laranja,suco-de-laranja-bolsa-de-nova-iorque-nybot,Suco de Laranja - Bolsa de Nova Iorque (NYBOT),,Julho/26,variacao_pontos,-0.35,"-0,35",%,change_abs,,pct,futures,2026-07,,nybot
2026-01-29,laranja,suco-de-laranja-bolsa-de-nova-iorque-nybot,Suco de Laranja - Bolsa de Nova Iorque (NYBOT),,Maio/26,fechamento,225.45,"225,45",c/US$/libra peso,price,USD,lb,futures,2026-05,,nybot
2026-01-29,laranja,suco-de-laranja-bolsa-de-nova-iorque-nybot,Suco de Laranja - Bolsa de Nova Iorque (NYBOT),,Maio/26,variacao_pontos,-0.05,"-0,05",%,change_abs,,pct,futures,2026-05,,nybot
2026-01-29,laranja,suco-de-laranja-bolsa-de-nova-iorque-nybot,Suco de Laranja - Bolsa de Nova Iorque (NYBOT),,Março/26,fechamento,226.1,"226,10",c/US$/libra peso,price,USD,lb,futures,2026-03,,nybot
2026-01-29,laranja,suco-de-laranja-bolsa-de-nova-iorque-nybot,Suco de Laranja - Bolsa de Nova Iorque (NYBOT),,Março/26,variacao_pontos,-0.5,"-0,50",%,change_abs,,pct,futures,2026-03,,nybot
2026-01-30,laranja,laranja-ceasas,Laranja - Ceasas,Laranja Pera (13 a 15 DZ),,preco,2.25,"2,25",R$/Kg,price,BRL,kg,spot,,,physical
2026-01-30,laranja,laranja-ceasas,Laranja - Ceasas,Laranja Pera (13 a 15 DZ),,variacao_pct,0.0,"0,00",%,change_pct,,pct,spot,,,physical
2026-01-30,laranja,laranja-ceasas,Laranja - Ceasas,Laranja Pera Extra,,preco,2.5,"2,50",R$/Kg,price,BRL,kg,spot,,,physical
2026-01-30,laranja,laranja-ceasas,Laranja - Ceasas,Laranja Pera Extra,,variacao_pct,0.0,"0,00",%,change_pct,,pct,spot,,,physical
2026-01-30,laranja,laranja-ceasas,Laranja - Ceasas,Laranja Pera Gde (11-12 DZ),,preco,2.5,"2,50",R$/Kg,price,BRL,kg,spot,,,physical
2026-01-30,laranja,laranja-ceasas,Laranja - Ceasas,Laranja Pera Gde (11-12 DZ),,variacao_pct,0.0,"0,00",%,change_pct,,pct,spot,,,physical
2026-01-30,laranja,laranja-industria,Laranja Indústria,,,r_a_prazocaixa_408_kg_prazo,36.88,"36,88",R$,price,BRL,,spot,,,physical
2026-01-30,laranja,laranja-industria,Laranja Indústria,,,variacao_pct,0.0,"0,00",%,change_pct,,pct,spot,,,physical
2026-01-30,laranja,laranja-pera-in-natura,Laranja Pera In Natura,,,caixa_40_8_kg,41.32,"41,32",R$,price,BRL,,spot,,,other
2026-01-30,laranja,laranja-pera-in-natura,Laranja Pera In Natura,,,variacao_pct,0.0,"0,00",%,change_pct,,pct,spot,,,other
2026-01-30,laranja,suco-de-laranja-bolsa-de-nova-iorque-nybot,Suco de Laranja - Bolsa de Nova Iorque (NYBOT),,Julho/26,fechamento,211.2,"211,20",c/US$/libra peso,price,USD,lb,futures,2026-07,,nybot
2026-01-30,laranja,suco-de-laranja-bolsa-de-nova-iorque-nybot,Suco de Laranja - Bolsa de Nova Iorque (NYBOT),,Julho/26,variacao_pontos,-13.2,"-13,20",%,change_abs,,pct,futures,2026-07,,nybot
2026-01-30,laranja,suco-de-laranja-bolsa-de-nova-iorque-nybot,Suco de Laranja - Bolsa de Nova Iorque (NYBOT),,Maio/26,fechamento,210.45,"210,45",c/US$/libra peso,price,USD,lb,futures,2026-05,,nybot
2026-01-30,laranja,suco-de-laranja-bolsa-de-nova-iorque-nybot,Suco de Laranja - Bolsa de Nova Iorque (NYBOT),,Maio/26,variacao_pontos,-15.0,"-15,00",%,change_abs,,pct,futures,2026-05,,nybot
2026-01-30,laranja,suco-de-laranja-bolsa-de-nova-iorque-nybot,Suco de Laranja - Bolsa de Nova Iorque (NYBOT),,Março/26,fechamento,211.1,"211,10",c/US$/libra peso,price,USD,lb,futures,2026-03,,nybot
2026-01-30,laranja,suco-de-laranja-bolsa-de-nova-iorque-nybot,Suco de Laranja - Bolsa de Nova Iorque (NYBOT),,Março/26,variacao_pontos,-15.0,"-15,00",%,change_abs,,pct,futures,2026-03,,nybot
2026-02-02,laranja,laranja-ceasas,Laranja - Ceasas,Laranja Pera (13 a 15 DZ),,preco,2.23,"2,23",R$/Kg,price,BRL,kg,spot,,,physical
2026-02-02,laranja,laranja-ceasas,Laranja - Ceasas,Laranja Pera (13 a 15 DZ),,variacao_pct,-0.89,"-0,89",%,change_pct,,pct,spot,,,physical
2026-02-02,laranja,laranja-ceasas,Laranja - Ceasas,Laranja Pera Extra,,preco,2.5,"2,50",R$/Kg,price,BRL,kg,spot,,,physical
2026-02-02,laranja,laranja-ceasas,Laranja - Ceasas,Laranja Pera Extra,,variacao_pct,0.0,"0,00",%,change_pct,,pct,spot,,,physical
2026-02-02,laranja,laranja-ceasas,Laranja - Ceasas,Laranja Pera Gde (11-12 DZ),,preco,2.5,"2,50",R$/Kg,price,BRL,kg,spot,,,physical
2026-02-02,laranja,laranja-ceasas,Laranja - Ceasas,Laranja Pera Gde (11-12 DZ),,variacao_pct,0.0,"0,00",%,change_pct,,pct,spot,,,physical
2026-02-02,laranja,laranja-industria,Laranja Indústria,,,r_a_prazocaixa_408_kg_prazo,36.38,"36,38",R$,price,BRL,,spot,,,physical
2026-02-02,laranja,laranja-industria,Laranja Indústria,,,variacao_pct,-1.36,"-1,36",%,change_pct,,pct,spot,,,physical
2026-02-02,laranja,laranja-pera-in-natura,Laranja Pera In Natura,,,caixa_40_8_kg,41.53,"41,53",R$,price,BRL,,spot,,,other
2026-02-02,laranja,laranja-pera-in-natura,Laranja Pera In Natura,,,variacao_pct,0.51,"+0,51",%,change_pct,,pct,spot,,,other
2026-02-02,laranja,suco-de-laranja-bolsa-de-nova-iorque-nybot,Suco de Laranja - Bolsa de Nova Iorque (NYBOT),,Julho/26,fechamento,193.05,"193,05",c/US$/libra peso,price,USD,lb,futures,2026-07,,nybot
2026-02-02,laranja,suco-de-laranja-bolsa-de-nova-iorque-nybot,Suco de Laranja - Bolsa de Nova Iorque (NYBOT),,Julho/26,variacao_pontos,-18.15,"-18,15",%,change_abs,,pct,futures,2026-07,,nybot
2026-02-02,laranja,suco-de-laranja-bolsa-de-nova-iorque-nybot,Suco de Laranja - Bolsa de Nova Iorque (NYBOT),,Maio/26,fechamento,190.85,"190,85",c/US$/libra peso,price,USD,lb,futures,2026-05,,nybot
2026-02-02,laranja,suco-de-laranja-bolsa-de-nova-iorque-nybot,Suco de Laranja - Bolsa de Nova Iorque (NYBOT),,Maio/26,variacao_pontos,-19.6,"-19,60",%,change_abs,,pct,futures,2026-05,,nybot
2026-02-02,laranja,suco-de-laranja-bolsa-de-nova-iorque-nybot,Suco de Laranja - Bolsa de Nova Iorque (NYBOT),,Março/26,fechamento,188.3,"188,30",c/US$/libra peso,price,USD,lb,futures,2026-03,,nybot
2026-02-02,laranja,suco-de-laranja-bolsa-de-nova-iorque-nybot,Suco de Laranja - Bolsa de Nova Iorque (NYBOT),,Março/26,variacao_pontos,-22.8,"-22,80",%,change_abs,,pct,futures,2026-03,,nybot
2026-02-03,laranja,laranja-ceasas,Laranja - Ceasas,Laranja Pera (13 a 15 DZ),,preco,2.17,"2,17",R$/Kg,price,BRL,kg,spot,,,physical
2026-02-03,laranja,laranja-ceasas,Laranja - Ceasas,Laranja Pera (13 a 15 DZ),,variacao_pct,-2.69,"-2,69",%,change_pct,,pct,spot,,,physical
2026-02-03,laranja,laranja-ceasas,Laranja - Ceasas,Laranja Pera Extra,,preco,2.5,"2,50",R$/Kg,price,BRL,kg,spot,,,physical
2026-02-03,laranja,laranja-ceasas,Laranja - Ceasas,Laranja Pera Extra,,variacao_pct,0.0,"0,00",%,change_pct,,pct,spot,,,physical
2026-02-03,laranja,laranja-ceasas,Laranja - Ceasas,Laranja Pera Gde (11-12 DZ),,preco,2.5,"2,50",R$/Kg,price,BRL,kg,spot,,,physical
2026-02-03,laranja,laranja-ceasas,Laranja - Ceasas,Laranja Pera Gde (11-12 DZ),,variacao_pct,0.0,"0,00",%,change_pct,,pct,spot,,,physical
2026-02-03,laranja,laranja-industria,Laranja Indústria,,,r_a_prazocaixa_408_kg_prazo,36.38,"36,38",R$,price,BRL,,spot,,,physical
2026-02-03,laranja,laranja-industria,Laranja Indústria,,,variacao_pct,0.0,"0,00",%,change_pct,,pct,spot,,,physical
2026-02-03,laranja,laranja-pera-in-natura,Laranja Pera In Natura,,,caixa_40_8_kg,41.6,"41,60",R$,price,BRL,,spot,,,other
2026-02-03,laranja,laranja-pera-in-natura,Laranja Pera In Natura,,,variacao_pct,0.17,"+0,17",%,change_pct,,pct,spot,,,other
2026-02-03,laranja,suco-de-laranja-bolsa-de-nova-iorque-nybot,Suco de Laranja - Bolsa de Nova Iorque (NYBOT),,Julho/26,fechamento,173.65,"173,65",c/US$/libra peso,price,USD,lb,futures,2026-07,,nybot
2026-02-03,laranja,suco-de-laranja-bolsa-de-nova-iorque-nybot,Suco de Laranja - Bolsa de Nova Iorque (NYBOT),,Julho/26,variacao_pontos,-19.4,"-19,40",%,change_abs,,pct,futures,2026-07,,nybot
2026-02-03,laranja,suco-de-laranja-bolsa-de-nova-iorque-nybot,Suco de Laranja - Bolsa de Nova Iorque (NYBOT),,Maio/26,fechamento,171.2,"171,20",c/US$/libra peso,price,USD,lb,futures,2026-05,,nybot
2026-02-03,laranja,suco-de-laranja-bolsa-de-nova-iorque-nybot,Suco de Laranja - Bolsa de Nova Iorque (NYBOT),,Maio/26,variacao_pontos,-19.65,"-19,65",%,change_abs,,pct,futures,2026-05,,nybot
2026-02-03,laranja,suco-de-laranja-bolsa-de-nova-iorque-nybot,Suco de Laranja - Bolsa de Nova Iorque (NYBOT),,Março/26,fechamento,168.6,"168,60",c/US$/libra peso,price,USD,lb,futures,2026-03,,nybot
2026-02-03,laranja,suco-de-laranja-bolsa-de-nova-iorque-nybot,Suco de Laranja - Bolsa de Nova Iorque (NYBOT),,Março/26,variacao_pontos,-19.7,"-19,70",%,change_abs,,pct,futures,2026-03,,nybot
2026-02-04,laranja,laranja-ceasas,Laranja - Ceasas,Laranja Pera (13 a 15 DZ),,preco,2.17,"2,17",R$/Kg,price,BRL,kg,spot,,,physical
2026-02-04,laranja,laranja-ceasas,Laranja - Ceasas,Laranja Pera (13 a 15 DZ),,variacao_pct,0.0,"0,00",%,change_pct,,pct,spot,,,physical
2026-02-04,laranja,laranja-ceasas,Laranja - Ceasas,Laranja Pera Extra,,preco,2.5,"2,50",R$/Kg,price,BRL,kg,spot,,,physical
2026-02-04,laranja,laranja-ceasas,Laranja - Ceasas,Laranja Pera Extra,,variacao_pct,0.0,"0,00",%,change_pct,,pct,spot,,,physical
2026-02-04,laranja,laranja-ceasas,Laranja - Ceasas,Laranja Pera Gde (11-12 DZ),,preco,2.5,"2,50",R$/Kg,price,BRL,kg,spot,,,physical
2026-02-04,laranja,laranja-ceasas,Laranja - Ceasas,Laranja Pera Gde (11-12 DZ),,variacao_pct,0.0,"0,00",%,change_pct,,pct,spot,,,physical
2026-02-04,laranja,laranja-industria,Laranja Indústria,,,r_a_prazocaixa_408_kg_prazo,36.38,"36,38",R$,price,BRL,,spot,,,physical
2026-02-04,laranja,laranja-industria,Laranja Indústria,,,variacao_pct,0.0,"0,00",%,change_pct,,pct,spot,,,physical
2026-02-04,laranja,laranja-pera-in-natura,Laranja Pera In Natura,,,caixa_40_8_kg,41.28,"41,28",R$,price,BRL,,spot,,,other
2026-02-04,laranja,laranja-pera-in-natura,Laranja Pera In Natura,,,variacao_pct,-0.77,"-0,77",%,change_pct,,pct,spot,,,other
2026-02-04,laranja,suco-de-laranja-bolsa-de-nova-iorque-nybot,Suco de Laranja - Bolsa de Nova Iorque (NYBOT),,Julho/26,fechamento,174.4,"174,40",c/US$/libra peso,price,USD,lb,futures,2026-07,,nybot
2026-02-04,laranja,suco-de-laranja-bolsa-de-nova-iorque-nybot,Suco de Laranja - Bolsa de Nova Iorque (NYBOT),,Julho/26,variacao_pontos,0.75,"+0,75",%,change_abs,,pct,futures,2026-07,,nybot
2026-02-04,laranja,suco-de-laranja-bolsa-de-nova-iorque-nybot,Suco de Laranja - Bolsa de Nova Iorque (NYBOT),,Maio/26,fechamento,171.75,"171,75",c/US$/libra peso,price,USD,lb,futures,2026-05,,nybot
2026-02-04,laranja,suco-de-laranja-bolsa-de-nova-iorque-nybot,Suco de Laranja - Bolsa de Nova Iorque (NYBOT),,Maio/26,variacao_pontos,0.55,"+0,55",%,change_abs,,pct,futures,2026-05,,nybot
2026-02-04,laranja,suco-de-laranja-bolsa-de-nova-iorque-nybot,Suco de Laranja - Bolsa de Nova Iorque (NYBOT),,Março/26,fechamento,169.65,"169,65",c/US$/libra peso,price,USD,lb,futures,2026-03,,nybot
2026-02-04,laranja,suco-de-laranja-bolsa-de-nova-iorque-nybot,Suco de Laranja - Bolsa de Nova Iorque (NYBOT),,Março/26,variacao_pontos,1.05,"+1,05",%,change_abs,,pct,futures,2026-03,,nybot
2026-02-05,laranja,laranja-ceasas,Laranja - Ceasas,Laranja Pera (13 a 15 DZ),,preco,2.19,"2,19",R$/Kg,price,BRL,kg,spot,,,physical
2026-02-05,laranja,laranja-ceasas,Laranja - Ceasas,Laranja Pera (13 a 15 DZ),,variacao_pct,0.92,"+0,92",%,change_pct,,pct,spot,,,physical
2026-02-05,laranja,laranja-ceasas,Laranja - Ceasas,Laranja Pera Extra,,preco,2.5,"2,50",R$/Kg,price,BRL,kg,spot,,,physical
2026-02-05,laranja,laranja-ceasas,Laranja - Ceasas,Laranja Pera Extra,,variacao_pct,0.0,"0,00",%,change_pct,,pct,spot,,,physical
2026-02-05,laranja,laranja-ceasas,Laranja - Ceasas,Laranja Pera Gde (11-12 DZ),,preco,2.5,"2,50",R$/Kg,price,BRL,kg,spot,,,physical
2026-02-05,laranja,laranja-ceasas,Laranja - Ceasas,Laranja Pera Gde (11-12 DZ),,variacao_pct,0.0,"0,00",%,change_pct,,pct,spot,,,physical
2026-02-05,laranja,laranja-industria,Laranja Indústria,,,r_a_prazocaixa_408_kg_prazo,36.45,"36,45",R$,price,BRL,,spot,,,physical
2026-02-05,laranja,laranja-industria,Laranja Indústria,,,variacao_pct,0.19,"+0,19",%,change_pct,,pct,spot,,,physical
2026-02-05,laranja,laranja-pera-in-natura,Laranja Pera In Natura,,,caixa_40_8_kg,41.69,"41,69",R$,price,BRL,,spot,,,other
2026-02-05,laranja,laranja-pera-in-natura,Laranja Pera In Natura,,,variacao_pct,0.99,"+0,99",%,change_pct,,pct,spot,,,other
2026-02-05,laranja,suco-de-laranja-bolsa-de-nova-iorque-nybot,Suco de Laranja - Bolsa de Nova Iorque (NYBOT),,Julho/26,fechamento,164.4,"164,40",c/US$/libra peso,price,USD,lb,futures,2026-07,,nybot
2026-02-05,laranja,suco-de-laranja-bolsa-de-nova-iorque-nybot,Suco de Laranja - Bolsa de Nova Iorque (NYBOT),,Julho/26,variacao_pontos,-10.0,"-10,00",%,change_abs,,pct,futures,2026-07,,nybot
2026-02-05,laranja,suco-de-laranja-bolsa-de-nova-iorque-nybot,Suco de Laranja - Bolsa de Nova Iorque (NYBOT),,Maio/26,fechamento,161.75,"161,75",c/US$/libra peso,price,USD,lb,futures,2026-05,,nybot
2026-02-05,laranja,suco-de-laranja-bolsa-de-nova-iorque-nybot,Suco de Laranja - Bolsa de Nova Iorque (NYBOT),,Maio/26,variacao_pontos,-10.0,"-10,00",%,change_abs,,pct,futures,2026-05,,nybot
2026-02-05,laranja,suco-de-laranja-bolsa-de-nova-iorque-nybot,Suco de Laranja - Bolsa de Nova Iorque (NYBOT),,Março/26,fechamento,159.65,"159,65",c/US$/libra peso,price,USD,lb,futures,2026-03,,nybot
2026-02-05,laranja,suco-de-laranja-bolsa-de-nova-iorque-nybot,Suco de Laranja - Bolsa de Nova Iorque (NYBOT),,Março/26,variacao_pontos,-10.0,"-10,00",%,change_abs,,pct,futures,2026-03,,nybot
2026-02-06,laranja,laranja-ceasas,Laranja - Ceasas,Laranja Pera (13 a 15 DZ),,preco,2.19,"2,19",R$/Kg,price,BRL,kg,spot,,,physical
2026-02-06,laranja,laranja-ceasas,Laranja - Ceasas,Laranja Pera (13 a 15 DZ),,variacao_pct,0.0,"0,00",%,change_pct,,pct,spot,,,physical
2026-02-06,laranja,laranja-ceasas,Laranja - Ceasas,Laranja Pera Extra,,preco,2.5,"2,50",R$/Kg,price,BRL,kg,spot,,,physical
2026-02-06,laranja,laranja-ceasas,Laranja - Ceasas,Laranja Pera Extra,,variacao_pct,0.0,"0,00",%,change_pct,,pct,spot,,,physical
2026-02-06,laranja,laranja-ceasas,Laranja - Ceasas,Laranja Pera Gde (11-12 DZ),,preco,2.5,"2,50",R$/Kg,price,BRL,kg,spot,,,physical
2026-02-06,laranja,laranja-ceasas,Laranja - Ceasas,Laranja Pera Gde (11-12 DZ),,variacao_pct,0.0,"0,00",%,change_pct,,pct,spot,,,physical
2026-02-06,laranja,laranja-industria,Laranja Indústria,,,r_a_prazocaixa_408_kg_prazo,36.45,"36,45",R$,price,BRL,,spot,,,physical
2026-02-06,laranja,laranja-industria,Laranja Indústria,,,variacao_pct,0.0,"0,00",%,change_pct,,pct,spot,,,physical
2026-02-06,laranja,laranja-pera-in-natura,Laranja Pera In Natura,,,caixa_40_8_kg,41.69,"41,69",R$,price,BRL,,spot,,,other
2026-02-06,laranja,laranja-pera-in-natura,Laranja Pera In Natura,,,variacao_pct,0.0,"0,00",%,change_pct,,pct,spot,,,other
2026-02-06,laranja,suco-de-laranja-bolsa-de-nova-iorque-nybot,Suco de Laranja - Bolsa de Nova Iorque (NYBOT),,Julho/26,fechamento,162.0,"162,00",c/US$/libra peso,price,USD,lb,futures,2026-07,,nybot
2026-02-06,laranja,suco-de-laranja-bolsa-de-nova-iorque-nybot,Suco de Laranja - Bolsa de Nova Iorque (NYBOT),,Julho/26,variacao_pontos,-2.4,"-2,40",%,change_abs,,pct,futures,2026-07,,nybot
2026-02-06,laranja,suco-de-laranja-bolsa-de-nova-iorque-nybot,Suco de Laranja - Bolsa de Nova Iorque (NYBOT),,Maio/26,fechamento,159.5,"159,50",c/US$/libra peso,price,USD,lb,futures,2026-05,,nybot
2026-02-06,laranja,suco-de-laranja-bolsa-de-nova-iorque-nybot,Suco de Laranja - Bolsa de Nova Iorque (NYBOT),,Maio/26,variacao_pontos,-2.25,"-2,25",%,change_abs,,pct,futures,2026-05,,nybot
2026-02-06,laranja,suco-de-laranja-bolsa-de-nova-iorque-nybot,Suco de Laranja - Bolsa de Nova Iorque (NYBOT),,Março/26,fechamento,158.85,"158,85",c/US$/libra peso,price,USD,lb,futures,2026-03,,nybot
2026-02-06,laranja,suco-de-laranja-bolsa-de-nova-iorque-nybot,Suco de Laranja - Bolsa de Nova Iorque (NYBOT),,Março/26,variacao_pontos,-0.8,"-0,80",%,change_abs,,pct,futures,2026-03,,nybot
2026-02-09,laranja,laranja-ceasas,Laranja - Ceasas,Laranja Pera (13 a 15 DZ),,preco,2.18,"2,18",R$/Kg,price,BRL,kg,spot,,,physical
2026-02-09,laranja,laranja-ceasas,Laranja - Ceasas,Laranja Pera (13 a 15 DZ),,variacao_pct,-0.46,"-0,46",%,change_pct,,pct,spot,,,physical
2026-02-09,laranja,laranja-ceasas,Laranja - Ceasas,Laranja Pera Extra,,preco,2.5,"2,50",R$/Kg,price,BRL,kg,spot,,,physical
2026-02-09,laranja,laranja-ceasas,Laranja - Ceasas,Laranja Pera Extra,,variacao_pct,0.0,"0,00",%,change_pct,,pct,spot,,,physical
2026-02-09,laranja,laranja-ceasas,Laranja - Ceasas,Laranja Pera Gde (11-12 DZ),,preco,2.5,"2,50",R$/Kg,price,BRL,kg,spot,,,physical
2026-02-09,laranja,laranja-ceasas,Laranja - Ceasas,Laranja Pera Gde (11-12 DZ),,variacao_pct,0.0,"0,00",%,change_pct,,pct,spot,,,physical
2026-02-09,laranja,laranja-industria,Laranja Indústria,,,r_a_prazocaixa_408_kg_prazo,36.25,"36,25",R$,price,BRL,,spot,,,physical
2026-02-09,laranja,laranja-industria,Laranja Indústria,,,variacao_pct,-0.55,"-0,55",%,change_pct,,pct,spot,,,physical
2026-02-09,laranja,laranja-pera-in-natura,Laranja Pera In Natura,,,caixa_40_8_kg,41.13,"41,13",R$,price,BRL,,spot,,,other
2026-02-09,laranja,laranja-pera-in-natura,Laranja Pera In Natura,,,variacao_pct,-1.34,"-1,34",%,change_pct,,pct,spot,,,other
2026-02-09,laranja,suco-de-laranja-bolsa-de-nova-iorque-nybot,Suco de Laranja - Bolsa de Nova Iorque (NYBOT),,Julho/26,fechamento,172.0,"172,00",c/US$/libra peso,price,USD,lb,futures,2026-07,,nybot
2026-02-09,laranja,suco-de-laranja-bolsa-de-nova-iorque-nybot,Suco de Laranja - Bolsa de Nova Iorque (NYBOT),,Julho/26,variacao_pontos,10.0,"+10,00",%,change_abs,,pct,futures,2026-07,,nybot
2026-02-09,laranja,suco-de-laranja-bolsa-de-nova-iorque-nybot,Suco de Laranja - Bolsa de Nova Iorque (NYBOT),,Maio/26,fechamento,169.5,"169,50",c/US$/libra peso,price,USD,lb,futures,2026-05,,nybot
2026-02-09,laranja,suco-de-laranja-bolsa-de-nova-iorque-nybot,Suco de Laranja - Bolsa de Nova Iorque (NYBOT),,Maio/26,variacao_pontos,10.0,"+10,00",%,change_abs,,pct,futures,2026-05,,nybot
2026-02-09,laranja,suco-de-laranja-bolsa-de-nova-iorque-nybot,Suco de Laranja - Bolsa de Nova Iorque (NYBOT),,Março/26,fechamento,168.85,"168,85",c/US$/libra peso,price,USD,lb,futures,2026-03,,nybot
2026-02-09,laranja,suco-de-laranja-bolsa-de-nova-iorque-nybot,Suco de Laranja - Bolsa de Nova Iorque (NYBOT),,Março/26,variacao_pontos,10.0,"+10,00",%,change_abs,,pct,futures,2026-03,,nybot
2026-02-10,laranja,laranja-ceasas,Laranja - Ceasas,Laranja Pera (13 a 15 DZ),,preco,2.27,"2,27",R$/Kg,price,BRL,kg,spot,,,physical
2026-02-10,laranja,laranja-ceasas,Laranja - Ceasas,Laranja Pera (13 a 15 DZ),,variacao_pct,4.13,"+4,13",%,change_pct,,pct,spot,,,physical
2026-02-10,laranja,laranja-ceasas,Laranja - Ceasas,Laranja Pera Extra,,preco,2.5,"2,50",R$/Kg,price,BRL,kg,spot,,,physical
2026-02-10,laranja,laranja-ceasas,Laranja - Ceasas,Laranja Pera Extra,,variacao_pct,0.0,"0,00",%,change_pct,,pct,spot,,,physical
2026-02-10,laranja,laranja-ceasas,Laranja - Ceasas,Laranja Pera Gde (11-12 DZ),,preco,2.5,"2,50",R$/Kg,price,BRL,kg,spot,,,physical
2026-02-10,laranja,laranja-ceasas,Laranja - Ceasas,Laranja Pera Gde (11-12 DZ),,variacao_pct,0.0,"0,00",%,change_pct,,pct,spot,,,physical
2026-02-10,laranja,laranja-industria,Laranja Indústria,,,r_a_prazocaixa_408_kg_prazo,35.97,"35,97",R$,price,BRL,,spot,,,physical
2026-02-10,laranja,laranja-industria,Laranja Indústria,,,variacao_pct,-0.77,"-0,77",%,change_pct,,pct,spot,,,physical
2026-02-10,laranja,laranja-pera-in-natura,Laranja Pera In Natura,,,caixa_40_8_kg,40.25,"40,25",R$,price,BRL,,spot,,,other
2026-02-10,laranja,laranja-pera-in-natura,Laranja Pera In Natura,,,variacao_pct,-2.14,"-2,14",%,change_pct,,pct,spot,,,other
2026-02-10,laranja,suco-de-laranja-bolsa-de-nova-iorque-nybot,Suco de Laranja - Bolsa de Nova Iorque (NYBOT),,Julho/26,fechamento,174.15,"174,15",c/US$/libra peso,price,USD,lb,futures,2026-07,,nybot
2026-02-10,laranja,suco-de-laranja-bolsa-de-nova-iorque-nybot,Suco de Laranja - Bolsa de Nova Iorque (NYBOT),,Julho/26,variacao_pontos,2.15,"+2,15",%,change_abs,,pct,futures,2026-07,,nybot
2026-02-10,laranja,suco-de-laranja-bolsa-de-nova-iorque-nybot,Suco de Laranja - Bolsa de Nova Iorque (NYBOT),,Maio/26,fechamento,172.05,"172,05",c/US$/libra peso,price,USD,lb,futures,2026-05,,nybot
2026-02-10,laranja,suco-de-laranja-bolsa-de-nova-iorque-nybot,Suco de Laranja - Bolsa de Nova Iorque (NYBOT),,Maio/26,variacao_pontos,2.55,"+2,55",%,change_abs,,pct,futures,2026-05,,nybot
2026-02-10,laranja,suco-de-laranja-bolsa-de-nova-iorque-nybot,Suco de Laranja - Bolsa de Nova Iorque (NYBOT),,Março/26,fechamento,175.8,"175,80",c/US$/libra peso,price,USD,lb,futures,2026-03,,nybot
2026-02-10,laranja,suco-de-laranja-bolsa-de-nova-iorque-nybot,Suco de Laranja - Bolsa de Nova Iorque (NYBOT),,Março/26,variacao_pontos,6.95,"+6,95",%,change_abs,,pct,futures,2026-03,,nybot
2026-02-11,laranja,laranja-ceasas,Laranja - Ceasas,Laranja Pera (13 a 15 DZ),,preco,2.27,"2,27",R$/Kg,price,BRL,kg,spot,,,physical
2026-02-11,laranja,laranja-ceasas,Laranja - Ceasas,Laranja Pera (13 a 15 DZ),,variacao_pct,0.0,"0,00",%,change_pct,,pct,spot,,,physical
2026-02-11,laranja,laranja-ceasas,Laranja - Ceasas,Laranja Pera Extra,,preco,2.5,"2,50",R$/Kg,price,BRL,kg,spot,,,physical
2026-02-11,laranja,laranja-ceasas,Laranja - Ceasas,Laranja Pera Extra,,variacao_pct,0.0,"0,00",%,change_pct,,pct,spot,,,physical
2026-02-11,laranja,laranja-ceasas,Laranja - Ceasas,Laranja Pera Gde (11-12 DZ),,preco,2.5,"2,50",R$/Kg,price,BRL,kg,spot,,,physical
2026-02-11,laranja,laranja-ceasas,Laranja - Ceasas,Laranja Pera Gde (11-12 DZ),,variacao_pct,0.0,"0,00",%,change_pct,,pct,spot,,,physical
2026-02-11,laranja,laranja-industria,Laranja Indústria,,,r_a_prazocaixa_408_kg_prazo,35.69,"35,69",R$,price,BRL,,spot,,,physical
2026-02-11,laranja,laranja-industria,Laranja Indústria,,,variacao_pct,-0.78,"-0,78",%,change_pct,,pct,spot,,,physical
2026-02-11,laranja,laranja-pera-in-natura,Laranja Pera In Natura,,,caixa_40_8_kg,40.67,"40,67",R$,price,BRL,,spot,,,other
2026-02-11,laranja,laranja-pera-in-natura,Laranja Pera In Natura,,,variacao_pct,1.04,"+1,04",%,change_pct,,pct,spot,,,other
2026-02-11,laranja,suco-de-laranja-bolsa-de-nova-iorque-nybot,Suco de Laranja - Bolsa de Nova Iorque (NYBOT),,Julho/26,fechamento,179.85,"179,85",c/US$/libra peso,price,USD,lb,futures,2026-07,,nybot
2026-02-11,laranja,suco-de-laranja-bolsa-de-nova-iorque-nybot,Suco de Laranja - Bolsa de Nova Iorque (NYBOT),,Julho/26,variacao_pontos,5.7,"+5,70",%,change_abs,,pct,futures,2026-07,,nybot
2026-02-11,laranja,suco-de-laranja-bolsa-de-nova-iorque-nybot,Suco de Laranja - Bolsa de Nova Iorque (NYBOT),,Maio/26,fechamento,179.75,"179,75",c/US$/libra peso,price,USD,lb,futures,2026-05,,nybot
2026-02-11,laranja,suco-de-laranja-bolsa-de-nova-iorque-nybot,Suco de Laranja - Bolsa de Nova Iorque (NYBOT),,Maio/26,variacao_pontos,7.7,"+7,70",%,change_abs,,pct,futures,2026-05,,nybot
2026-02-11,laranja,suco-de-laranja-bolsa-de-nova-iorque-nybot,Suco de Laranja - Bolsa de Nova Iorque (NYBOT),,Março/26,fechamento,185.8,"185,80",c/US$/libra peso,price,USD,lb,futures,2026-03,,nybot
2026-02-11,laranja,suco-de-laranja-bolsa-de-nova-iorque-nybot,Suco de Laranja - Bolsa de Nova Iorque (NYBOT),,Março/26,variacao_pontos,10.0,"+10,00",%,change_abs,,pct,futures,2026-03,,nybot
2026-02-12,laranja,laranja-ceasas,Laranja - Ceasas,Laranja Pera (13 a 15 DZ),,preco,2.23,"2,23",R$/Kg,price,BRL,kg,spot,,,physical
2026-02-12,laranja,laranja-ceasas,Laranja - Ceasas,Laranja Pera (13 a 15 DZ),,variacao_pct,-1.76,"-1,76",%,change_pct,,pct,spot,,,physical
2026-02-12,laranja,laranja-ceasas,Laranja - Ceasas,Laranja Pera Extra,,preco,2.5,"2,50",R$/Kg,price,BRL,kg,spot,,,physical
2026-02-12,laranja,laranja-ceasas,Laranja - Ceasas,Laranja Pera Extra,,variacao_pct,0.0,"0,00",%,change_pct,,pct,spot,,,physical
2026-02-12,laranja,laranja-ceasas,Laranja - Ceasas,Laranja Pera Gde (11-12 DZ),,preco,2.5,"2,50",R$/Kg,price,BRL,kg,spot,,,physical
2026-02-12,laranja,laranja-ceasas,Laranja - Ceasas,Laranja Pera Gde (11-12 DZ),,variacao_pct,0.0,"0,00",%,change_pct,,pct,spot,,,physical
2026-02-12,laranja,laranja-industria,Laranja Indústria,,,r_a_prazocaixa_408_kg_prazo,35.66,"35,66",R$,price,BRL,,spot,,,physical
2026-02-12,laranja,laranja-industria,Laranja Indústria,,,variacao_pct,-0.08,"-0,08",%,change_pct,,pct,spot,,,physical
2026-02-12,laranja,laranja-pera-in-natura,Laranja Pera In Natura,,,caixa_40_8_kg,40.48,"40,48",R$,price,BRL,,spot,,,other
2026-02-12,laranja,laranja-pera-in-natura,Laranja Pera In Natura,,,variacao_pct,-0.47,"-0,47",%,change_pct,,pct,spot,,,other
2026-02-12,laranja,suco-de-laranja-bolsa-de-nova-iorque-nybot,Suco de Laranja - Bolsa de Nova Iorque (NYBOT),,Julho/26,fechamento,160.5,"160,50",c/US$/libra peso,price,USD,lb,futures,2026-07,,nybot
2026-02-12,laranja,suco-de-laranja-bolsa-de-nova-iorque-nybot,Suco de Laranja - Bolsa de Nova Iorque (NYBOT),,Julho/26,variacao_pontos,-19.35,"-19,35",%,change_abs,,pct,futures,2026-07,,nybot
2026-02-12,laranja,suco-de-laranja-bolsa-de-nova-iorque-nybot,Suco de Laranja - Bolsa de Nova Iorque (NYBOT),,Maio/26,fechamento,162.5,"162,50",c/US$/libra peso,price,USD,lb,futures,2026-05,,nybot
2026-02-12,laranja,suco-de-laranja-bolsa-de-nova-iorque-nybot,Suco de Laranja - Bolsa de Nova Iorque (NYBOT),,Maio/26,variacao_pontos,-17.25,"-17,25",%,change_abs,,pct,futures,2026-05,,nybot
2026-02-12,laranja,suco-de-laranja-bolsa-de-nova-iorque-nybot,Suco de Laranja - Bolsa de Nova Iorque (NYBOT),,Março/26,fechamento,167.65,"167,65",c/US$/libra peso,price,USD,lb,futures,2026-03,,nybot
2026-02-12,laranja,suco-de-laranja-bolsa-de-nova-iorque-nybot,Suco de Laranja - Bolsa de Nova Iorque (NYBOT),,Março/26,variacao_pontos,-18.15,"-18,15",%,change_abs,,pct,futures,2026-03,,nybot
2026-02-13,laranja,laranja-ceasas,Laranja - Ceasas,Laranja Pera (13 a 15 DZ),,preco,2.23,"2,23",R$/Kg,price,BRL,kg,spot,,,physical
2026-02-13,laranja,laranja-ceasas,Laranja - Ceasas,Laranja Pera (13 a 15 DZ),,variacao_pct,0.0,"0,00",%,change_pct,,pct,spot,,,physical
2026-02-13,laranja,laranja-ceasas,Laranja - Ceasas,Laranja Pera Extra,,preco,2.5,"2,50",R$/Kg,price,BRL,kg,spot,,,physical
2026-02-13,laranja,laranja-ceasas,Laranja - Ceasas,Laranja Pera Extra,,variacao_pct,0.0,"0,00",%,change_pct,,pct,spot,,,physical
2026-02-13,laranja,laranja-ceasas,Laranja - Ceasas,Laranja Pera Gde (11-12 DZ),,preco,2.5,"2,50",R$/Kg,price,BRL,kg,spot,,,physical
2026-02-13,laranja,laranja-ceasas,Laranja - Ceasas,Laranja Pera Gde (11-12 DZ),,variacao_pct,0.0,"0,00",%,change_pct,,pct,spot,,,physical
2026-02-13,laranja,laranja-industria,Laranja Indústria,,,r_a_prazocaixa_408_kg_prazo,35.66,"35,66",R$,price,BRL,,spot,,,physical
2026-02-13,laranja,laranja-industria,Laranja Indústria,,,variacao_pct,0.0,"0,00",%,change_pct,,pct,spot,,,physical
2026-02-13,laranja,laranja-pera-in-natura,Laranja Pera In Natura,,,caixa_40_8_kg,40.48,"40,48",R$,price,BRL,,spot,,,other
2026-02-13,laranja,laranja-pera-in-natura,Laranja Pera In Natura,,,variacao_pct,0.0,"0,00",%,change_pct,,pct,spot,,,other
2026-02-13,laranja,suco-de-laranja-bolsa-de-nova-iorque-nybot,Suco de Laranja - Bolsa de Nova Iorque (NYBOT),,Julho/26,fechamento,175.0,"175,00",c/US$/libra peso,price,USD,lb,futures,2026-07,,nybot
2026-02-13,laranja,suco-de-laranja-bolsa-de-nova-iorque-nybot,Suco de Laranja - Bolsa de Nova Iorque (NYBOT),,Julho/26,variacao_pontos,10.65,"+10,65",%,change_abs,,pct,futures,2026-07,,nybot
2026-02-13,laranja,suco-de-laranja-bolsa-de-nova-iorque-nybot,Suco de Laranja - Bolsa de Nova Iorque (NYBOT),,Maio/26,fechamento,174.9,"174,90",c/US$/libra peso,price,USD,lb,futures,2026-05,,nybot
2026-02-13,laranja,suco-de-laranja-bolsa-de-nova-iorque-nybot,Suco de Laranja - Bolsa de Nova Iorque (NYBOT),,Maio/26,variacao_pontos,10.95,"+10,95",%,change_abs,,pct,futures,2026-05,,nybot
2026-02-13,laranja,suco-de-laranja-bolsa-de-nova-iorque-nybot,Suco de Laranja - Bolsa de Nova Iorque (NYBOT),,Março/26,fechamento,184.0,"184,00",c/US$/libra peso,price,USD,lb,futures,2026-03,,nybot
2026-02-13,laranja,suco-de-laranja-bolsa-de-nova-iorque-nybot,Suco de Laranja - Bolsa de Nova Iorque (NYBOT),,Março/26,variacao_pontos,13.65,"+13,65",%,change_abs,,pct,futures,2026-03,,nybot
2026-02-17,laranja,laranja-ceasas,Laranja - Ceasas,Laranja Pera (13 a 15 DZ),,preco,2.24,"2,24",R$/Kg,price,BRL,kg,spot,,,physical
2026-02-17,laranja,laranja-ceasas,Laranja - Ceasas,Laranja Pera (13 a 15 DZ),,variacao_pct,0.45,"+0,45",%,change_pct,,pct,spot,,,physical
2026-02-17,laranja,laranja-ceasas,Laranja - Ceasas,Laranja Pera Extra,,preco,2.5,"2,50",R$/Kg,price,BRL,kg,spot,,,physical
2026-02-17,laranja,laranja-ceasas,Laranja - Ceasas,Laranja Pera Extra,,variacao_pct,0.0,"0,00",%,change_pct,,pct,spot,,,physical
2026-02-17,laranja,laranja-ceasas,Laranja - Ceasas,Laranja Pera Gde (11-12 DZ),,preco,2.5,"2,50",R$/Kg,price,BRL,kg,spot,,,physical
2026-02-17,laranja,laranja-ceasas,Laranja - Ceasas,Laranja Pera Gde (11-12 DZ),,variacao_pct,0.0,"0,00",%,change_pct,,pct,spot,,,physical
2026-02-17,laranja,suco-de-laranja-bolsa-de-nova-iorque-nybot,Suco de Laranja - Bolsa de Nova Iorque (NYBOT),,Julho/26,fechamento,193.45,"193,45",c/US$/libra peso,price,USD,lb,futures,2026-07,,nybot
2026-02-17,laranja,suco-de-laranja-bolsa-de-nova-iorque-nybot,Suco de Laranja - Bolsa de Nova Iorque (NYBOT),,Julho/26,variacao_pontos,18.45,"+18,45",%,change_abs,,pct,futures,2026-07,,nybot
2026-02-17,laranja,suco-de-laranja-bolsa-de-nova-iorque-nybot,Suco de Laranja - Bolsa de Nova Iorque (NYBOT),,Maio/26,fechamento,193.95,"193,95",c/US$/libra peso,price,USD,lb,futures,2026-05,,nybot
2026-02-17,laranja,suco-de-laranja-bolsa-de-nova-iorque-nybot,Suco de Laranja - Bolsa de Nova Iorque (NYBOT),,Maio/26,variacao_pontos,19.05,"+19,05",%,change_abs,,pct,futures,2026-05,,nybot
2026-02-17,laranja,suco-de-laranja-bolsa-de-nova-iorque-nybot,Suco de Laranja - Bolsa de Nova Iorque (NYBOT),,Março/26,fechamento,200.0,"200,00",c/US$/libra peso,price,USD,lb,futures,2026-03,,nybot
2026-02-17,laranja,suco-de-laranja-bolsa-de-nova-iorque-nybot,Suco de Laranja - Bolsa de Nova Iorque (NYBOT),,Março/26,variacao_pontos,16.0,"+16,00",%,change_abs,,pct,futures,2026-03,,nybot
2026-02-18,laranja,laranja-ceasas,Laranja - Ceasas,Laranja Pera (13 a 15 DZ),,preco,2.24,"2,24",R$/Kg,price,BRL,kg,spot,,,physical
2026-02-18,laranja,laranja-ceasas,Laranja - Ceasas,Laranja Pera (13 a 15 DZ),,variacao_pct,0.0,"0,00",%,change_pct,,pct,spot,,,physical
2026-02-18,laranja,laranja-ceasas,Laranja - Ceasas,Laranja Pera Extra,,preco,2.5,"2,50",R$/Kg,price,BRL,kg,spot,,,physical
2026-02-18,laranja,laranja-ceasas,Laranja - Ceasas,Laranja Pera Extra,,variacao_pct,0.0,"0,00",%,change_pct,,pct,spot,,,physical
2026-02-18,laranja,laranja-ceasas,Laranja - Ceasas,Laranja Pera Gde (11-12 DZ),,preco,2.5,"2,50",R$/Kg,price,BRL,kg,spot,,,physical
2026-02-18,laranja,laranja-ceasas,Laranja - Ceasas,Laranja Pera Gde (11-12 DZ),,variacao_pct,0.0,"0,00",%,change_pct,,pct,spot,,,physical
2026-02-18,laranja,laranja-industria,Laranja Indústria,,,r_a_prazocaixa_408_kg_prazo,32.5,"32,50",R$,price,BRL,,spot,,,physical
2026-02-18,laranja,laranja-industria,Laranja Indústria,,,variacao_pct,-8.86,"-8,86",%,change_pct,,pct,spot,,,physical
2026-02-18,laranja,laranja-pera-in-natura,Laranja Pera In Natura,,,caixa_40_8_kg,41.14,"41,14",R$,price,BRL,,spot,,,other
2026-02-18,laranja,laranja-pera-in-natura,Laranja Pera In Natura,,,variacao_pct,1.63,"+1,63",%,change_pct,,pct,spot,,,other
2026-02-18,laranja,suco-de-laranja-bolsa-de-nova-iorque-nybot,Suco de Laranja - Bolsa de Nova Iorque (NYBOT),,Julho/26,fechamento,196.75,"196,75",c/US$/libra peso,price,USD,lb,futures,2026-07,,nybot
2026-02-18,laranja,suco-de-laranja-bolsa-de-nova-iorque-nybot,Suco de Laranja - Bolsa de Nova Iorque (NYBOT),,Julho/26,variacao_pontos,3.3,"+3,30",%,change_abs,,pct,futures,2026-07,,nybot
2026-02-18,laranja,suco-de-laranja-bolsa-de-nova-iorque-nybot,Suco de Laranja - Bolsa de Nova Iorque (NYBOT),,Maio/26,fechamento,197.35,"197,35",c/US$/libra peso,price,USD,lb,futures,2026-05,,nybot
2026-02-18,laranja,suco-de-laranja-bolsa-de-nova-iorque-nybot,Suco de Laranja - Bolsa de Nova Iorque (NYBOT),,Maio/26,variacao_pontos,3.4,"+3,40",%,change_abs,,pct,futures,2026-05,,nybot
2026-02-18,laranja,suco-de-laranja-bolsa-de-nova-iorque-nybot,Suco de Laranja - Bolsa de Nova Iorque (NYBOT),,Março/26,fechamento,197.3,"197,30",c/US$/libra peso,price,USD,lb,futures,2026-03,,nybot
2026-02-18,laranja,suco-de-laranja-bolsa-de-nova-iorque-nybot,Suco de Laranja - Bolsa de Nova Iorque (NYBOT),,Março/26,variacao_pontos,-2.7,"-2,70",%,change_abs,,pct,futures,2026-03,,nybot
2026-02-19,laranja,laranja-ceasas,Laranja - Ceasas,Laranja Pera (13 a 15 DZ),,preco,2.24,"2,24",R$/Kg,price,BRL,kg,spot,,,physical
2026-02-19,laranja,laranja-ceasas,Laranja - Ceasas,Laranja Pera (13 a 15 DZ),,variacao_pct,0.0,"0,00",%,change_pct,,pct,spot,,,physical
2026-02-19,laranja,laranja-ceasas,Laranja - Ceasas,Laranja Pera Extra,,preco,2.5,"2,50",R$/Kg,price,BRL,kg,spot,,,physical
2026-02-19,laranja,laranja-ceasas,Laranja - Ceasas,Laranja Pera Extra,,variacao_pct,0.0,"0,00",%,change_pct,,pct,spot,,,physical
2026-02-19,laranja,laranja-ceasas,Laranja - Ceasas,Laranja Pera Gde (11-12 DZ),,preco,2.5,"2,50",R$/Kg,price,BRL,kg,spot,,,physical
2026-02-19,laranja,laranja-ceasas,Laranja - Ceasas,Laranja Pera Gde (11-12 DZ),,variacao_pct,0.0,"0,00",%,change_pct,,pct,spot,,,physical
2026-02-19,laranja,laranja-industria,Laranja Indústria,,,r_a_prazocaixa_408_kg_prazo,31.43,"31,43",R$,price,BRL,,spot,,,physical
2026-02-19,laranja,laranja-industria,Laranja Indústria,,,variacao_pct,-3.29,"-3,29",%,change_pct,,pct,spot,,,physical
2026-02-19,laranja,laranja-pera-in-natura,Laranja Pera In Natura,,,caixa_40_8_kg,42.0,"42,00",R$,price,BRL,,spot,,,other
2026-02-19,laranja,laranja-pera-in-natura,Laranja Pera In Natura,,,variacao_pct,2.09,"+2,09",%,change_pct,,pct,spot,,,other
2026-02-19,laranja,suco-de-laranja-bolsa-de-nova-iorque-nybot,Suco de Laranja - Bolsa de Nova Iorque (NYBOT),,Julho/26,fechamento,186.75,"186,75",c/US$/libra peso,price,USD,lb,futures,2026-07,,nybot
2026-02-19,laranja,suco-de-laranja-bolsa-de-nova-iorque-nybot,Suco de Laranja - Bolsa de Nova Iorque (NYBOT),,Julho/26,variacao_pontos,-10.0,"-10,00",%,change_abs,,pct,futures,2026-07,,nybot
2026-02-19,laranja,suco-de-laranja-bolsa-de-nova-iorque-nybot,Suco de Laranja - Bolsa de Nova Iorque (NYBOT),,Maio/26,fechamento,187.35,"187,35",c/US$/libra peso,price,USD,lb,futures,2026-05,,nybot
2026-02-19,laranja,suco-de-laranja-bolsa-de-nova-iorque-nybot,Suco de Laranja - Bolsa de Nova Iorque (NYBOT),,Maio/26,variacao_pontos,-10.0,"-10,00",%,change_abs,,pct,futures,2026-05,,nybot
2026-02-19,laranja,suco-de-laranja-bolsa-de-nova-iorque-nybot,Suco de Laranja - Bolsa de Nova Iorque (NYBOT),,Março/26,fechamento,187.3,"187,30",c/US$/libra peso,price,USD,lb,futures,2026-03,,nybot
2026-02-19,laranja,suco-de-laranja-bolsa-de-nova-iorque-nybot,Suco de Laranja - Bolsa de Nova Iorque (NYBOT),,Março/26,variacao_pontos,-10.0,"-10,00",%,change_abs,,pct,futures,2026-03,,nybot
2026-02-20,laranja,laranja-ceasas,Laranja - Ceasas,Laranja Pera (13 a 15 DZ),,preco,2.24,"2,24",R$/Kg,price,BRL,kg,spot,,,physical
2026-02-20,laranja,laranja-ceasas,Laranja - Ceasas,Laranja Pera (13 a 15 DZ),,variacao_pct,0.0,"0,00",%,change_pct,,pct,spot,,,physical
2026-02-20,laranja,laranja-ceasas,Laranja - Ceasas,Laranja Pera Extra,,preco,2.5,"2,50",R$/Kg,price,BRL,kg,spot,,,physical
2026-02-20,laranja,laranja-ceasas,Laranja - Ceasas,Laranja Pera Extra,,variacao_pct,0.0,"0,00",%,change_pct,,pct,spot,,,physical
2026-02-20,laranja,laranja-ceasas,Laranja - Ceasas,Laranja Pera Gde (11-12 DZ),,preco,2.5,"2,50",R$/Kg,price,BRL,kg,spot,,,physical
2026-02-20,laranja,laranja-ceasas,Laranja - Ceasas,Laranja Pera Gde (11-12 DZ),,variacao_pct,0.0,"0,00",%,change_pct,,pct,spot,,,physical
2026-02-20,laranja,laranja-industria,Laranja Indústria,,,r_a_prazocaixa_408_kg_prazo,32.5,"32,50",R$,price,BRL,,spot,,,physical
2026-02-20,laranja,laranja-industria,Laranja Indústria,,,variacao_pct,3.4,"+3,40",%,change_pct,,pct,spot,,,physical
2026-02-20,laranja,laranja-pera-in-natura,Laranja Pera In Natura,,,caixa_40_8_kg,42.5,"42,50",R$,price,BRL,,spot,,,other
2026-02-20,laranja,laranja-pera-in-natura,Laranja Pera In Natura,,,variacao_pct,1.19,"+1,19",%,change_pct,,pct,spot,,,other
2026-02-20,laranja,suco-de-laranja-bolsa-de-nova-iorque-nybot,Suco de Laranja - Bolsa de Nova Iorque (NYBOT),,Julho/26,fechamento,169.15,"169,15",c/US$/libra peso,price,USD,lb,futures,2026-07,,nybot
2026-02-20,laranja,suco-de-laranja-bolsa-de-nova-iorque-nybot,Suco de Laranja - Bolsa de Nova Iorque (NYBOT),,Julho/26,variacao_pontos,-17.6,"-17,60",%,change_abs,,pct,futures,2026-07,,nybot
2026-02-20,laranja,suco-de-laranja-bolsa-de-nova-iorque-nybot,Suco de Laranja - Bolsa de Nova Iorque (NYBOT),,Maio/26,fechamento,169.95,"169,95",c/US$/libra peso,price,USD,lb,futures,2026-05,,nybot
2026-02-20,laranja,suco-de-laranja-bolsa-de-nova-iorque-nybot,Suco de Laranja - Bolsa de Nova Iorque (NYBOT),,Maio/26,variacao_pontos,-17.4,"-17,40",%,change_abs,,pct,futures,2026-05,,nybot
2026-02-20,laranja,suco-de-laranja-bolsa-de-nova-iorque-nybot,Suco de Laranja - Bolsa de Nova Iorque (NYBOT),,Março/26,fechamento,181.05,"181,05",c/US$/libra peso,price,USD,lb,futures,2026-03,,nybot
2026-02-20,laranja,suco-de-laranja-bolsa-de-nova-iorque-nybot,Suco de Laranja - Bolsa de Nova Iorque (NYBOT),,Março/26,variacao_pontos,-6.25,"-6,25",%,change_abs,,pct,futures,2026-03,,nybot
2026-02-23,laranja,laranja-ceasas,Laranja - Ceasas,Laranja Pera (13 a 15 DZ),,preco,2.24,"2,24",R$/Kg,price,BRL,kg,spot,,,physical
2026-02-23,laranja,laranja-ceasas,Laranja - Ceasas,Laranja Pera (13 a 15 DZ),,variacao_pct,0.0,"0,00",%,change_pct,,pct,spot,,,physical
2026-02-23,laranja,laranja-ceasas,Laranja - Ceasas,Laranja Pera Extra,,preco,2.5,"2,50",R$/Kg,price,BRL,kg,spot,,,physical
2026-02-23,laranja,laranja-ceasas,Laranja - Ceasas,Laranja Pera Extra,,variacao_pct,0.0,"0,00",%,change_pct,,pct,spot,,,physical
2026-02-23,laranja,laranja-ceasas,Laranja - Ceasas,Laranja Pera Gde (11-12 DZ),,preco,2.5,"2,50",R$/Kg,price,BRL,kg,spot,,,physical
2026-02-23,laranja,laranja-ceasas,Laranja - Ceasas,Laranja Pera Gde (11-12 DZ),,variacao_pct,0.0,"0,00",%,change_pct,,pct,spot,,,physical
2026-02-23,laranja,laranja-industria,Laranja Indústria,,,r_a_prazocaixa_408_kg_prazo,32.22,"32,22",R$,price,BRL,,spot,,,physical
2026-02-23,laranja,laranja-industria,Laranja Indústria,,,variacao_pct,-0.86,"-0,86",%,change_pct,,pct,spot,,,physical
2026-02-23,laranja,laranja-pera-in-natura,Laranja Pera In Natura,,,caixa_40_8_kg,41.61,"41,61",R$,price,BRL,,spot,,,other
2026-02-23,laranja,laranja-pera-in-natura,Laranja Pera In Natura,,,variacao_pct,-2.09,"-2,09",%,change_pct,,pct,spot,,,other
2026-02-23,laranja,suco-de-laranja-bolsa-de-nova-iorque-nybot,Suco de Laranja - Bolsa de Nova Iorque (NYBOT),,Julho/26,fechamento,163.6,"163,60",c/US$/libra peso,price,USD,lb,futures,2026-07,,nybot
2026-02-23,laranja,suco-de-laranja-bolsa-de-nova-iorque-nybot,Suco de Laranja - Bolsa de Nova Iorque (NYBOT),,Julho/26,variacao_pontos,-5.55,"-5,55",%,change_abs,,pct,futures,2026-07,,nybot
2026-02-23,laranja,suco-de-laranja-bolsa-de-nova-iorque-nybot,Suco de Laranja - Bolsa de Nova Iorque (NYBOT),,Maio/26,fechamento,165.5,"165,50",c/US$/libra peso,price,USD,lb,futures,2026-05,,nybot
2026-02-23,laranja,suco-de-laranja-bolsa-de-nova-iorque-nybot,Suco de Laranja - Bolsa de Nova Iorque (NYBOT),,Maio/26,variacao_pontos,-4.45,"-4,45",%,change_abs,,pct,futures,2026-05,,nybot
2026-02-23,laranja,suco-de-laranja-bolsa-de-nova-iorque-nybot,Suco de Laranja - Bolsa de Nova Iorque (NYBOT),,Março/26,fechamento,173.65,"173,65",c/US$/libra peso,price,USD,lb,futures,2026-03,,nybot
2026-02-23,laranja,suco-de-laranja-bolsa-de-nova-iorque-nybot,Suco de Laranja - Bolsa de Nova Iorque (NYBOT),,Março/26,variacao_pontos,-7.4,"-7,40",%,change_abs,,pct,futures,2026-03,,nybot
2026-02-24,laranja,laranja-ceasas,Laranja - Ceasas,Laranja Pera (13 a 15 DZ),,preco,2.42,"2,42",R$/Kg,price,BRL,kg,spot,,,physical
2026-02-24,laranja,laranja-ceasas,Laranja - Ceasas,Laranja Pera (13 a 15 DZ),,variacao_pct,8.04,"+8,04",%,change_pct,,pct,spot,,,physical
2026-02-24,laranja,laranja-ceasas,Laranja - Ceasas,Laranja Pera Extra,,preco,2.5,"2,50",R$/Kg,price,BRL,kg,spot,,,physical
2026-02-24,laranja,laranja-ceasas,Laranja - Ceasas,Laranja Pera Extra,,variacao_pct,0.0,"0,00",%,change_pct,,pct,spot,,,physical
2026-02-24,laranja,laranja-ceasas,Laranja - Ceasas,Laranja Pera Gde (11-12 DZ),,preco,2.5,"2,50",R$/Kg,price,BRL,kg,spot,,,physical
2026-02-24,laranja,laranja-ceasas,Laranja - Ceasas,Laranja Pera Gde (11-12 DZ),,variacao_pct,0.0,"0,00",%,change_pct,,pct,spot,,,physical
2026-02-24,laranja,laranja-industria,Laranja Indústria,,,r_a_prazocaixa_408_kg_prazo,32.11,"32,11",R$,price,BRL,,spot,,,physical
2026-02-24,laranja,laranja-industria,Laranja Indústria,,,variacao_pct,-0.34,"-0,34",%,change_pct,,pct,spot,,,physical
2026-02-24,laranja,laranja-pera-in-natura,Laranja Pera In Natura,,,caixa_40_8_kg,41.88,"41,88",R$,price,BRL,,spot,,,other
2026-02-24,laranja,laranja-pera-in-natura,Laranja Pera In Natura,,,variacao_pct,0.65,"+0,65",%,change_pct,,pct,spot,,,other
2026-02-24,laranja,suco-de-laranja-bolsa-de-nova-iorque-nybot,Suco de Laranja - Bolsa de Nova Iorque (NYBOT),,Julho/26,fechamento,173.4,"173,40",c/US$/libra peso,price,USD,lb,futures,2026-07,,nybot
2026-02-24,laranja,suco-de-laranja-bolsa-de-nova-iorque-nybot,Suco de Laranja - Bolsa de Nova Iorque (NYBOT),,Julho/26,variacao_pontos,9.8,"+9,80",%,change_abs,,pct,futures,2026-07,,nybot
2026-02-24,laranja,suco-de-laranja-bolsa-de-nova-iorque-nybot,Suco de Laranja - Bolsa de Nova Iorque (NYBOT),,Maio/26,fechamento,175.5,"175,50",c/US$/libra peso,price,USD,lb,futures,2026-05,,nybot
2026-02-24,laranja,suco-de-laranja-bolsa-de-nova-iorque-nybot,Suco de Laranja - Bolsa de Nova Iorque (NYBOT),,Maio/26,variacao_pontos,10.0,"+10,00",%,change_abs,,pct,futures,2026-05,,nybot
2026-02-24,laranja,suco-de-laranja-bolsa-de-nova-iorque-nybot,Suco de Laranja - Bolsa de Nova Iorque (NYBOT),,Março/26,fechamento,182.2,"182,20",c/US$/libra peso,price,USD,lb,futures,2026-03,,nybot
2026-02-24,laranja,suco-de-laranja-bolsa-de-nova-iorque-nybot,Suco de Laranja - Bolsa de Nova Iorque (NYBOT),,Março/26,variacao_pontos,8.55,"+8,55",%,change_abs,,pct,futures,2026-03,,nybot
2026-02-25,laranja,laranja-ceasas,Laranja - Ceasas,Laranja Pera (13 a 15 DZ),,preco,2.42,"2,42",R$/Kg,price,BRL,kg,spot,,,physical
2026-02-25,laranja,laranja-ceasas,Laranja - Ceasas,Laranja Pera (13 a 15 DZ),,variacao_pct,0.0,"0,00",%,change_pct,,pct,spot,,,physical
2026-02-25,laranja,laranja-ceasas,Laranja - Ceasas,Laranja Pera Extra,,preco,2.5,"2,50",R$/Kg,price,BRL,kg,spot,,,physical
2026-02-25,laranja,laranja-ceasas,Laranja - Ceasas,Laranja Pera Extra,,variacao_pct,0.0,"0,00",%,change_pct,,pct,spot,,,physical
2026-02-25,laranja,laranja-ceasas,Laranja - Ceasas,Laranja Pera Gde (11-12 DZ),,preco,2.5,"2,50",R$/Kg,price,BRL,kg,spot,,,physical
2026-02-25,laranja,laranja-ceasas,Laranja - Ceasas,Laranja Pera Gde (11-12 DZ),,variacao_pct,0.0,"0,00",%,change_pct,,pct,spot,,,physical
2026-02-25,laranja,laranja-industria,Laranja Indústria,,,r_a_prazocaixa_408_kg_prazo,32.5,"32,50",R$,price,BRL,,spot,,,physical
2026-02-25,laranja,laranja-industria,Laranja Indústria,,,variacao_pct,1.21,"+1,21",%,change_pct,,pct,spot,,,physical
2026-02-25,laranja,laranja-pera-in-natura,Laranja Pera In Natura,,,caixa_40_8_kg,41.43,"41,43",R$,price,BRL,,spot,,,other
2026-02-25,laranja,laranja-pera-in-natura,Laranja Pera In Natura,,,variacao_pct,-1.07,"-1,07",%,change_pct,,pct,spot,,,other
2026-02-25,laranja,suco-de-laranja-bolsa-de-nova-iorque-nybot,Suco de Laranja - Bolsa de Nova Iorque (NYBOT),,Julho/26,fechamento,176.25,"176,25",c/US$/libra peso,price,USD,lb,futures,2026-07,,nybot
2026-02-25,laranja,suco-de-laranja-bolsa-de-nova-iorque-nybot,Suco de Laranja - Bolsa de Nova Iorque (NYBOT),,Julho/26,variacao_pontos,2.85,"+2,85",%,change_abs,,pct,futures,2026-07,,nybot
2026-02-25,laranja,suco-de-laranja-bolsa-de-nova-iorque-nybot,Suco de Laranja - Bolsa de Nova Iorque (NYBOT),,Maio/26,fechamento,178.45,"178,45",c/US$/libra peso,price,USD,lb,futures,2026-05,,nybot
2026-02-25,laranja,suco-de-laranja-bolsa-de-nova-iorque-nybot,Suco de Laranja - Bolsa de Nova Iorque (NYBOT),,Maio/26,variacao_pontos,2.95,"+2,95",%,change_abs,,pct,futures,2026-05,,nybot
2026-02-25,laranja,suco-de-laranja-bolsa-de-nova-iorque-nybot,Suco de Laranja - Bolsa de Nova Iorque (NYBOT),,Março/26,fechamento,185.6,"185,60",c/US$/libra peso,price,USD,lb,futures,2026-03,,nybot
2026-02-25,laranja,suco-de-laranja-bolsa-de-nova-iorque-nybot,Suco de Laranja - Bolsa de Nova Iorque (NYBOT),,Março/26,variacao_pontos,3.4,"+3,40",%,change_abs,,pct,futures,2026-03,,nybot
2026-02-26,laranja,laranja-ceasas,Laranja - Ceasas,Laranja Pera (13 a 15 DZ),,preco,2.42,"2,42",R$/Kg,price,BRL,kg,spot,,,physical
2026-02-26,laranja,laranja-ceasas,Laranja - Ceasas,Laranja Pera (13 a 15 DZ),,variacao_pct,0.0,"0,00",%,change_pct,,pct,spot,,,physical
2026-02-26,laranja,laranja-ceasas,Laranja - Ceasas,Laranja Pera Extra,,preco,2.5,"2,50",R$/Kg,price,BRL,kg,spot,,,physical
2026-02-26,laranja,laranja-ceasas,Laranja - Ceasas,Laranja Pera Extra,,variacao_pct,0.0,"0,00",%,change_pct,,pct,spot,,,physical
2026-02-26,laranja,laranja-ceasas,Laranja - Ceasas,Laranja Pera Gde (11-12 DZ),,preco,2.5,"2,50",R$/Kg,price,BRL,kg,spot,,,physical
2026-02-26,laranja,laranja-ceasas,Laranja - Ceasas,Laranja Pera Gde (11-12 DZ),,variacao_pct,0.0,"0,00",%,change_pct,,pct,spot,,,physical
2026-02-26,laranja,laranja-industria,Laranja Indústria,,,r_a_prazocaixa_408_kg_prazo,32.5,"32,50",R$,price,BRL,,spot,,,physical
2026-02-26,laranja,laranja-industria,Laranja Indústria,,,variacao_pct,0.0,"0,00",%,change_pct,,pct,spot,,,physical
2026-02-26,laranja,laranja-pera-in-natura,Laranja Pera In Natura,,,caixa_40_8_kg,42.4,"42,40",R$,price,BRL,,spot,,,other
2026-02-26,laranja,laranja-pera-in-natura,Laranja Pera In Natura,,,variacao_pct,2.34,"+2,34",%,change_pct,,pct,spot,,,other
2026-02-26,laranja,suco-de-laranja-bolsa-de-nova-iorque-nybot,Suco de Laranja - Bolsa de Nova Iorque (NYBOT),,Julho/26,fechamento,185.75,"185,75",c/US$/libra peso,price,USD,lb,futures,2026-07,,nybot
2026-02-26,laranja,suco-de-laranja-bolsa-de-nova-iorque-nybot,Suco de Laranja - Bolsa de Nova Iorque (NYBOT),,Julho/26,variacao_pontos,9.5,"+9,50",%,change_abs,,pct,futures,2026-07,,nybot
2026-02-26,laranja,suco-de-laranja-bolsa-de-nova-iorque-nybot,Suco de Laranja - Bolsa de Nova Iorque (NYBOT),,Maio/26,fechamento,186.6,"186,60",c/US$/libra peso,price,USD,lb,futures,2026-05,,nybot
2026-02-26,laranja,suco-de-laranja-bolsa-de-nova-iorque-nybot,Suco de Laranja - Bolsa de Nova Iorque (NYBOT),,Maio/26,variacao_pontos,8.15,"+8,15",%,change_abs,,pct,futures,2026-05,,nybot
2026-02-26,laranja,suco-de-laranja-bolsa-de-nova-iorque-nybot,Suco de Laranja - Bolsa de Nova Iorque (NYBOT),,Março/26,fechamento,175.6,"175,60",c/US$/libra peso,price,USD,lb,futures,2026-03,,nybot
2026-02-26,laranja,suco-de-laranja-bolsa-de-nova-iorque-nybot,Suco de Laranja - Bolsa de Nova Iorque (NYBOT),,Março/26,variacao_pontos,-10.0,"-10,00",%,change_abs,,pct,futures,2026-03,,nybot
2026-02-27,laranja,laranja-ceasas,Laranja - Ceasas,Laranja Pera (13 a 15 DZ),,preco,2.42,"2,42",R$/Kg,price,BRL,kg,spot,,,physical
2026-02-27,laranja,laranja-ceasas,Laranja - Ceasas,Laranja Pera (13 a 15 DZ),,variacao_pct,0.0,"0,00",%,change_pct,,pct,spot,,,physical
2026-02-27,laranja,laranja-ceasas,Laranja - Ceasas,Laranja Pera Extra,,preco,2.5,"2,50",R$/Kg,price,BRL,kg,spot,,,physical
2026-02-27,laranja,laranja-ceasas,Laranja - Ceasas,Laranja Pera Extra,,variacao_pct,0.0,"0,00",%,change_pct,,pct,spot,,,physical
2026-02-27,laranja,laranja-ceasas,Laranja - Ceasas,Laranja Pera Gde (11-12 DZ),,preco,2.5,"2,50",R$/Kg,price,BRL,kg,spot,,,physical
2026-02-27,laranja,laranja-ceasas,Laranja - Ceasas,Laranja Pera Gde (11-12 DZ),,variacao_pct,0.0,"0,00",%,change_pct,,pct,spot,,,physical
2026-02-27,laranja,laranja-industria,Laranja Indústria,,,r_a_prazocaixa_408_kg_prazo,31.67,"31,67",R$,price,BRL,,spot,,,physical
2026-02-27,laranja,laranja-industria,Laranja Indústria,,,variacao_pct,-2.55,"-2,55",%,change_pct,,pct,spot,,,physical
2026-02-27,laranja,laranja-pera-in-natura,Laranja Pera In Natura,,,caixa_40_8_kg,42.04,"42,04",R$,price,BRL,,spot,,,other
2026-02-27,laranja,laranja-pera-in-natura,Laranja Pera In Natura,,,variacao_pct,-0.85,"-0,85",%,change_pct,,pct,spot,,,other
2026-02-27,laranja,suco-de-laranja-bolsa-de-nova-iorque-nybot,Suco de Laranja - Bolsa de Nova Iorque (NYBOT),,Julho/26,fechamento,180.65,"180,65",c/US$/libra peso,price,USD,lb,futures,2026-07,,nybot
2026-02-27,laranja,suco-de-laranja-bolsa-de-nova-iorque-nybot,Suco de Laranja - Bolsa de Nova Iorque (NYBOT),,Julho/26,variacao_pontos,-5.1,"-5,10",%,change_abs,,pct,futures,2026-07,,nybot
2026-02-27,laranja,suco-de-laranja-bolsa-de-nova-iorque-nybot,Suco de Laranja - Bolsa de Nova Iorque (NYBOT),,Maio/26,fechamento,181.5,"181,50",c/US$/libra peso,price,USD,lb,futures,2026-05,,nybot
2026-02-27,laranja,suco-de-laranja-bolsa-de-nova-iorque-nybot,Suco de Laranja - Bolsa de Nova Iorque (NYBOT),,Maio/26,variacao_pontos,-5.1,"-5,10",%,change_abs,,pct,futures,2026-05,,nybot
2026-02-27,laranja,suco-de-laranja-bolsa-de-nova-iorque-nybot,Suco de Laranja - Bolsa de Nova Iorque (NYBOT),,Março/26,fechamento,175.7,"175,70",c/US$/libra peso,price,USD,lb,futures,2026-03,,nybot
2026-02-27,laranja,suco-de-laranja-bolsa-de-nova-iorque-nybot,Suco de Laranja - Bolsa de Nova Iorque (NYBOT),,Março/26,variacao_pontos,0.1,"+0,10",%,change_abs,,pct,futures,2026-03,,nybot
2026-03-02,laranja,laranja-ceasas,Laranja - Ceasas,Laranja Pera (13 a 15 DZ),,preco,2.44,"2,44",R$/Kg,price,BRL,kg,spot,,,physical
2026-03-02,laranja,laranja-ceasas,Laranja - Ceasas,Laranja Pera (13 a 15 DZ),,variacao_pct,0.83,"+0,83",%,change_pct,,pct,spot,,,physical
2026-03-02,laranja,laranja-ceasas,Laranja - Ceasas,Laranja Pera Extra,,preco,2.5,"2,50",R$/Kg,price,BRL,kg,spot,,,physical
2026-03-02,laranja,laranja-ceasas,Laranja - Ceasas,Laranja Pera Extra,,variacao_pct,0.0,"0,00",%,change_pct,,pct,spot,,,physical
2026-03-02,laranja,laranja-ceasas,Laranja - Ceasas,Laranja Pera Gde (11-12 DZ),,preco,2.5,"2,50",R$/Kg,price,BRL,kg,spot,,,physical
2026-03-02,laranja,laranja-ceasas,Laranja - Ceasas,Laranja Pera Gde (11-12 DZ),,variacao_pct,0.0,"0,00",%,change_pct,,pct,spot,,,physical
2026-03-02,laranja,laranja-industria,Laranja Indústria,,,r_a_prazocaixa_408_kg_prazo,31.25,"31,25",R$,price,BRL,,spot,,,physical
2026-03-02,laranja,laranja-industria,Laranja Indústria,,,variacao_pct,-1.33,"-1,33",%,change_pct,,pct,spot,,,physical
2026-03-02,laranja,laranja-pera-in-natura,Laranja Pera In Natura,,,caixa_40_8_kg,42.04,"42,04",R$,price,BRL,,spot,,,other
2026-03-02,laranja,laranja-pera-in-natura,Laranja Pera In Natura,,,variacao_pct,0.0,"0,00",%,change_pct,,pct,spot,,,other
2026-03-02,laranja,suco-de-laranja-bolsa-de-nova-iorque-nybot,Suco de Laranja - Bolsa de Nova Iorque (NYBOT),,Julho/26,fechamento,171.0,"171,00",c/US$/libra peso,price,USD,lb,futures,2026-07,,nybot
2026-03-02,laranja,suco-de-laranja-bolsa-de-nova-iorque-nybot,Suco de Laranja - Bolsa de Nova Iorque (NYBOT),,Julho/26,variacao_pontos,-9.65,"-9,65",%,change_abs,,pct,futures,2026-07,,nybot
2026-03-02,laranja,suco-de-laranja-bolsa-de-nova-iorque-nybot,Suco de Laranja - Bolsa de Nova Iorque (NYBOT),,Maio/26,fechamento,172.35,"172,35",c/US$/libra peso,price,USD,lb,futures,2026-05,,nybot
2026-03-02,laranja,suco-de-laranja-bolsa-de-nova-iorque-nybot,Suco de Laranja - Bolsa de Nova Iorque (NYBOT),,Maio/26,variacao_pontos,-9.15,"-9,15",%,change_abs,,pct,futures,2026-05,,nybot
2026-03-02,laranja,suco-de-laranja-bolsa-de-nova-iorque-nybot,Suco de Laranja - Bolsa de Nova Iorque (NYBOT),,Março/26,fechamento,166.55,"166,55",c/US$/libra peso,price,USD,lb,futures,2026-03,,nybot
2026-03-02,laranja,suco-de-laranja-bolsa-de-nova-iorque-nybot,Suco de Laranja - Bolsa de Nova Iorque (NYBOT),,Março/26,variacao_pontos,-9.15,"-9,15",%,change_abs,,pct,futures,2026-03,,nybot
2026-03-03,laranja,laranja-ceasas,Laranja - Ceasas,Laranja Pera (13 a 15 DZ),,preco,2.17,"2,17",R$/Kg,price,BRL,kg,spot,,,physical
2026-03-03,laranja,laranja-ceasas,Laranja - Ceasas,Laranja Pera (13 a 15 DZ),,variacao_pct,-11.07,"-11,07",%,change_pct,,pct,spot,,,physical
2026-03-03,laranja,laranja-ceasas,Laranja - Ceasas,Laranja Pera Extra,,preco,2.5,"2,50",R$/Kg,price,BRL,kg,spot,,,physical
2026-03-03,laranja,laranja-ceasas,Laranja - Ceasas,Laranja Pera Extra,,variacao_pct,0.0,"0,00",%,change_pct,,pct,spot,,,physical
2026-03-03,laranja,laranja-ceasas,Laranja - Ceasas,Laranja Pera Gde (11-12 DZ),,preco,2.5,"2,50",R$/Kg,price,BRL,kg,spot,,,physical
2026-03-03,laranja,laranja-ceasas,Laranja - Ceasas,Laranja Pera Gde (11-12 DZ),,variacao_pct,0.0,"0,00",%,change_pct,,pct,spot,,,physical
2026-03-03,laranja,laranja-industria,Laranja Indústria,,,r_a_prazocaixa_408_kg_prazo,31.67,"31,67",R$,price,BRL,,spot,,,physical
2026-03-03,laranja,laranja-industria,Laranja Indústria,,,variacao_pct,1.34,"+1,34",%,change_pct,,pct,spot,,,physical
2026-03-03,laranja,laranja-pera-in-natura,Laranja Pera In Natura,,,caixa_40_8_kg,41.68,"41,68",R$,price,BRL,,spot,,,other
2026-03-03,laranja,laranja-pera-in-natura,Laranja Pera In Natura,,,variacao_pct,-0.86,"-0,86",%,change_pct,,pct,spot,,,other
2026-03-03,laranja,suco-de-laranja-bolsa-de-nova-iorque-nybot,Suco de Laranja - Bolsa de Nova Iorque (NYBOT),,Julho/26,fechamento,180.15,"180,15",c/US$/libra peso,price,USD,lb,futures,2026-07,,nybot
2026-03-03,laranja,suco-de-laranja-bolsa-de-nova-iorque-nybot,Suco de Laranja - Bolsa de Nova Iorque (NYBOT),,Julho/26,variacao_pontos,9.15,"+9,15",%,change_abs,,pct,futures,2026-07,,nybot
2026-03-03,laranja,suco-de-laranja-bolsa-de-nova-iorque-nybot,Suco de Laranja - Bolsa de Nova Iorque (NYBOT),,Maio/26,fechamento,182.35,"182,35",c/US$/libra peso,price,USD,lb,futures,2026-05,,nybot
2026-03-03,laranja,suco-de-laranja-bolsa-de-nova-iorque-nybot,Suco de Laranja - Bolsa de Nova Iorque (NYBOT),,Maio/26,variacao_pontos,10.0,"+10,00",%,change_abs,,pct,futures,2026-05,,nybot
2026-03-03,laranja,suco-de-laranja-bolsa-de-nova-iorque-nybot,Suco de Laranja - Bolsa de Nova Iorque (NYBOT),,Março/26,fechamento,176.55,"176,55",c/US$/libra peso,price,USD,lb,futures,2026-03,,nybot
2026-03-03,laranja,suco-de-laranja-bolsa-de-nova-iorque-nybot,Suco de Laranja - Bolsa de Nova Iorque (NYBOT),,Março/26,variacao_pontos,10.0,"+10,00",%,change_abs,,pct,futures,2026-03,,nybot
2026-03-04,laranja,laranja-ceasas,Laranja - Ceasas,Laranja Pera (13 a 15 DZ),,preco,2.17,"2,17",R$/Kg,price,BRL,kg,spot,,,physical
2026-03-04,laranja,laranja-ceasas,Laranja - Ceasas,Laranja Pera (13 a 15 DZ),,variacao_pct,0.0,"0,00",%,change_pct,,pct,spot,,,physical
2026-03-04,laranja,laranja-ceasas,Laranja - Ceasas,Laranja Pera Extra,,preco,2.5,"2,50",R$/Kg,price,BRL,kg,spot,,,physical
2026-03-04,laranja,laranja-ceasas,Laranja - Ceasas,Laranja Pera Extra,,variacao_pct,0.0,"0,00",%,change_pct,,pct,spot,,,physical
2026-03-04,laranja,laranja-ceasas,Laranja - Ceasas,Laranja Pera Gde (11-12 DZ),,preco,2.5,"2,50",R$/Kg,price,BRL,kg,spot,,,physical
2026-03-04,laranja,laranja-ceasas,Laranja - Ceasas,Laranja Pera Gde (11-12 DZ),,variacao_pct,0.0,"0,00",%,change_pct,,pct,spot,,,physical
2026-03-04,laranja,laranja-industria,Laranja Indústria,,,r_a_prazocaixa_408_kg_prazo,31.5,"31,50",R$,price,BRL,,spot,,,physical
2026-03-04,laranja,laranja-industria,Laranja Indústria,,,variacao_pct,-0.54,"-0,54",%,change_pct,,pct,spot,,,physical
2026-03-04,laranja,laranja-pera-in-natura,Laranja Pera In Natura,,,caixa_40_8_kg,43.1,"43,10",R$,price,BRL,,spot,,,other
2026-03-04,laranja,laranja-pera-in-natura,Laranja Pera In Natura,,,variacao_pct,3.41,"+3,41",%,change_pct,,pct,spot,,,other
2026-03-04,laranja,suco-de-laranja-bolsa-de-nova-iorque-nybot,Suco de Laranja - Bolsa de Nova Iorque (NYBOT),,Julho/26,fechamento,191.85,"191,85",c/US$/libra peso,price,USD,lb,futures,2026-07,,nybot
2026-03-04,laranja,suco-de-laranja-bolsa-de-nova-iorque-nybot,Suco de Laranja - Bolsa de Nova Iorque (NYBOT),,Julho/26,variacao_pontos,11.7,"+11,70",%,change_abs,,pct,futures,2026-07,,nybot
2026-03-04,laranja,suco-de-laranja-bolsa-de-nova-iorque-nybot,Suco de Laranja - Bolsa de Nova Iorque (NYBOT),,Maio/26,fechamento,194.0,"194,00",c/US$/libra peso,price,USD,lb,futures,2026-05,,nybot
2026-03-04,laranja,suco-de-laranja-bolsa-de-nova-iorque-nybot,Suco de Laranja - Bolsa de Nova Iorque (NYBOT),,Maio/26,variacao_pontos,11.65,"+11,65",%,change_abs,,pct,futures,2026-05,,nybot
2026-03-04,laranja,suco-de-laranja-bolsa-de-nova-iorque-nybot,Suco de Laranja - Bolsa de Nova Iorque (NYBOT),,Março/26,fechamento,187.8,"187,80",c/US$/libra peso,price,USD,lb,futures,2026-03,,nybot
2026-03-04,laranja,suco-de-laranja-bolsa-de-nova-iorque-nybot,Suco de Laranja - Bolsa de Nova Iorque (NYBOT),,Março/26,variacao_pontos,11.25,"+11,25",%,change_abs,,pct,futures,2026-03,,nybot
2026-03-05,laranja,laranja-ceasas,Laranja - Ceasas,Laranja Pera (13 a 15 DZ),,preco,2.21,"2,21",R$/Kg,price,BRL,kg,spot,,,physical
2026-03-05,laranja,laranja-ceasas,Laranja - Ceasas,Laranja Pera (13 a 15 DZ),,variacao_pct,1.84,"+1,84",%,change_pct,,pct,spot,,,physical
2026-03-05,laranja,laranja-ceasas,Laranja - Ceasas,Laranja Pera Extra,,preco,2.5,"2,50",R$/Kg,price,BRL,kg,spot,,,physical
2026-03-05,laranja,laranja-ceasas,Laranja - Ceasas,Laranja Pera Extra,,variacao_pct,0.0,"0,00",%,change_pct,,pct,spot,,,physical
2026-03-05,laranja,laranja-ceasas,Laranja - Ceasas,Laranja Pera Gde (11-12 DZ),,preco,2.5,"2,50",R$/Kg,price,BRL,kg,spot,,,physical
2026-03-05,laranja,laranja-ceasas,Laranja - Ceasas,Laranja Pera Gde (11-12 DZ),,variacao_pct,0.0,"0,00",%,change_pct,,pct,spot,,,physical
2026-03-05,laranja,laranja-industria,Laranja Indústria,,,r_a_prazocaixa_408_kg_prazo,31.15,"31,15",R$,price,BRL,,spot,,,physical
2026-03-05,laranja,laranja-industria,Laranja Indústria,,,variacao_pct,-1.11,"-1,11",%,change_pct,,pct,spot,,,physical
2026-03-05,laranja,laranja-pera-in-natura,Laranja Pera In Natura,,,caixa_40_8_kg,43.46,"43,46",R$,price,BRL,,spot,,,other
2026-03-05,laranja,laranja-pera-in-natura,Laranja Pera In Natura,,,variacao_pct,0.84,"+0,84",%,change_pct,,pct,spot,,,other
2026-03-05,laranja,suco-de-laranja-bolsa-de-nova-iorque-nybot,Suco de Laranja - Bolsa de Nova Iorque (NYBOT),,Julho/26,fechamento,186.95,"186,95",c/US$/libra peso,price,USD,lb,futures,2026-07,,nybot
2026-03-05,laranja,suco-de-laranja-bolsa-de-nova-iorque-nybot,Suco de Laranja - Bolsa de Nova Iorque (NYBOT),,Julho/26,variacao_pontos,-4.9,"-4,90",%,change_abs,,pct,futures,2026-07,,nybot
2026-03-05,laranja,suco-de-laranja-bolsa-de-nova-iorque-nybot,Suco de Laranja - Bolsa de Nova Iorque (NYBOT),,Maio/26,fechamento,189.6,"189,60",c/US$/libra peso,price,USD,lb,futures,2026-05,,nybot
2026-03-05,laranja,suco-de-laranja-bolsa-de-nova-iorque-nybot,Suco de Laranja - Bolsa de Nova Iorque (NYBOT),,Maio/26,variacao_pontos,-4.4,"-4,40",%,change_abs,,pct,futures,2026-05,,nybot
2026-03-05,laranja,suco-de-laranja-bolsa-de-nova-iorque-nybot,Suco de Laranja - Bolsa de Nova Iorque (NYBOT),,Março/26,fechamento,183.4,"183,40",c/US$/libra peso,price,USD,lb,futures,2026-03,,nybot
2026-03-05,laranja,suco-de-laranja-bolsa-de-nova-iorque-nybot,Suco de Laranja - Bolsa de Nova Iorque (NYBOT),,Março/26,variacao_pontos,-4.4,"-4,40",%,change_abs,,pct,futures,2026-03,,nybot
2026-03-06,laranja,laranja-ceasas,Laranja - Ceasas,Laranja Pera (13 a 15 DZ),,preco,2.21,"2,21",R$/Kg,price,BRL,kg,spot,,,physical
2026-03-06,laranja,laranja-ceasas,Laranja - Ceasas,Laranja Pera (13 a 15 DZ),,variacao_pct,0.0,"0,00",%,change_pct,,pct,spot,,,physical
2026-03-06,laranja,laranja-ceasas,Laranja - Ceasas,Laranja Pera Extra,,preco,2.5,"2,50",R$/Kg,price,BRL,kg,spot,,,physical
2026-03-06,laranja,laranja-ceasas,Laranja - Ceasas,Laranja Pera Extra,,variacao_pct,0.0,"0,00",%,change_pct,,pct,spot,,,physical
2026-03-06,laranja,laranja-ceasas,Laranja - Ceasas,Laranja Pera Gde (11-12 DZ),,preco,2.5,"2,50",R$/Kg,price,BRL,kg,spot,,,physical
2026-03-06,laranja,laranja-ceasas,Laranja - Ceasas,Laranja Pera Gde (11-12 DZ),,variacao_pct,0.0,"0,00",%,change_pct,,pct,spot,,,physical
2026-03-06,laranja,laranja-industria,Laranja Indústria,,,r_a_prazocaixa_408_kg_prazo,31.15,"31,15",R$,price,BRL,,spot,,,physical
2026-03-06,laranja,laranja-industria,Laranja Indústria,,,variacao_pct,0.0,"0,00",%,change_pct,,pct,spot,,,physical
2026-03-06,laranja,laranja-pera-in-natura,Laranja Pera In Natura,,,caixa_40_8_kg,43.46,"43,46",R$,price,BRL,,spot,,,other
2026-03-06,laranja,laranja-pera-in-natura,Laranja Pera In Natura,,,variacao_pct,0.0,"0,00",%,change_pct,,pct,spot,,,other
2026-03-06,laranja,suco-de-laranja-bolsa-de-nova-iorque-nybot,Suco de Laranja - Bolsa de Nova Iorque (NYBOT),,Julho/26,fechamento,177.75,"177,75",c/US$/libra peso,price,USD,lb,futures,2026-07,,nybot
2026-03-06,laranja,suco-de-laranja-bolsa-de-nova-iorque-nybot,Suco de Laranja - Bolsa de Nova Iorque (NYBOT),,Julho/26,variacao_pontos,-9.2,"-9,20",%,change_abs,,pct,futures,2026-07,,nybot
2026-03-06,laranja,suco-de-laranja-bolsa-de-nova-iorque-nybot,Suco de Laranja - Bolsa de Nova Iorque (NYBOT),,Maio/26,fechamento,180.25,"180,25",c/US$/libra peso,price,USD,lb,futures,2026-05,,nybot
2026-03-06,laranja,suco-de-laranja-bolsa-de-nova-iorque-nybot,Suco de Laranja - Bolsa de Nova Iorque (NYBOT),,Maio/26,variacao_pontos,-9.35,"-9,35",%,change_abs,,pct,futures,2026-05,,nybot
2026-03-06,laranja,suco-de-laranja-bolsa-de-nova-iorque-nybot,Suco de Laranja - Bolsa de Nova Iorque (NYBOT),,Março/26,fechamento,174.05,"174,05",c/US$/libra peso,price,USD,lb,futures,2026-03,,nybot
2026-03-06,laranja,suco-de-laranja-bolsa-de-nova-iorque-nybot,Suco de Laranja - Bolsa de Nova Iorque (NYBOT),,Março/26,variacao_pontos,-9.35,"-9,35",%,change_abs,,pct,futures,2026-03,,nybot
2026-03-09,laranja,laranja-ceasas,Laranja - Ceasas,Laranja Pera (13 a 15 DZ),,preco,2.26,"2,26",R$/Kg,price,BRL,kg,spot,,,physical
2026-03-09,laranja,laranja-ceasas,Laranja - Ceasas,Laranja Pera (13 a 15 DZ),,variacao_pct,2.26,"+2,26",%,change_pct,,pct,spot,,,physical
2026-03-09,laranja,laranja-ceasas,Laranja - Ceasas,Laranja Pera Extra,,preco,2.5,"2,50",R$/Kg,price,BRL,kg,spot,,,physical
2026-03-09,laranja,laranja-ceasas,Laranja - Ceasas,Laranja Pera Extra,,variacao_pct,0.0,"0,00",%,change_pct,,pct,spot,,,physical
2026-03-09,laranja,laranja-ceasas,Laranja - Ceasas,Laranja Pera Gde (11-12 DZ),,preco,2.5,"2,50",R$/Kg,price,BRL,kg,spot,,,physical
2026-03-09,laranja,laranja-ceasas,Laranja - Ceasas,Laranja Pera Gde (11-12 DZ),,variacao_pct,0.0,"0,00",%,change_pct,,pct,spot,,,physical
2026-03-09,laranja,laranja-industria,Laranja Indústria,,,r_a_prazocaixa_408_kg_prazo,32.27,"32,27",R$,price,BRL,,spot,,,physical
2026-03-09,laranja,laranja-industria,Laranja Indústria,,,variacao_pct,3.6,"+3,60",%,change_pct,,pct,spot,,,physical
2026-03-09,laranja,laranja-pera-in-natura,Laranja Pera In Natura,,,caixa_40_8_kg,43.62,"43,62",R$,price,BRL,,spot,,,other
2026-03-09,laranja,laranja-pera-in-natura,Laranja Pera In Natura,,,variacao_pct,0.37,"+0,37",%,change_pct,,pct,spot,,,other
2026-03-09,laranja,suco-de-laranja-bolsa-de-nova-iorque-nybot,Suco de Laranja - Bolsa de Nova Iorque (NYBOT),,Julho/26,fechamento,177.35,"177,35",c/US$/libra peso,price,USD,lb,futures,2026-07,,nybot
2026-03-09,laranja,suco-de-laranja-bolsa-de-nova-iorque-nybot,Suco de Laranja - Bolsa de Nova Iorque (NYBOT),,Julho/26,variacao_pontos,-0.4,"-0,40",%,change_abs,,pct,futures,2026-07,,nybot
2026-03-09,laranja,suco-de-laranja-bolsa-de-nova-iorque-nybot,Suco de Laranja - Bolsa de Nova Iorque (NYBOT),,Maio/26,fechamento,180.8,"180,80",c/US$/libra peso,price,USD,lb,futures,2026-05,,nybot
2026-03-09,laranja,suco-de-laranja-bolsa-de-nova-iorque-nybot,Suco de Laranja - Bolsa de Nova Iorque (NYBOT),,Maio/26,variacao_pontos,0.55,"+0,55",%,change_abs,,pct,futures,2026-05,,nybot
2026-03-09,laranja,suco-de-laranja-bolsa-de-nova-iorque-nybot,Suco de Laranja - Bolsa de Nova Iorque (NYBOT),,Março/26,fechamento,174.6,"174,60",c/US$/libra peso,price,USD,lb,futures,2026-03,,nybot
2026-03-09,laranja,suco-de-laranja-bolsa-de-nova-iorque-nybot,Suco de Laranja - Bolsa de Nova Iorque (NYBOT),,Março/26,variacao_pontos,0.55,"+0,55",%,change_abs,,pct,futures,2026-03,,nybot
2026-03-10,laranja,laranja-ceasas,Laranja - Ceasas,Laranja Pera (13 a 15 DZ),,preco,2.33,"2,33",R$/Kg,price,BRL,kg,spot,,,physical
2026-03-10,laranja,laranja-ceasas,Laranja - Ceasas,Laranja Pera (13 a 15 DZ),,variacao_pct,3.1,"+3,10",%,change_pct,,pct,spot,,,physical
2026-03-10,laranja,laranja-ceasas,Laranja - Ceasas,Laranja Pera Extra,,preco,2.5,"2,50",R$/Kg,price,BRL,kg,spot,,,physical
2026-03-10,laranja,laranja-ceasas,Laranja - Ceasas,Laranja Pera Extra,,variacao_pct,0.0,"0,00",%,change_pct,,pct,spot,,,physical
2026-03-10,laranja,laranja-ceasas,Laranja - Ceasas,Laranja Pera Gde (11-12 DZ),,preco,2.5,"2,50",R$/Kg,price,BRL,kg,spot,,,physical
2026-03-10,laranja,laranja-ceasas,Laranja - Ceasas,Laranja Pera Gde (11-12 DZ),,variacao_pct,0.0,"0,00",%,change_pct,,pct,spot,,,physical
2026-03-10,laranja,laranja-industria,Laranja Indústria,,,r_a_prazocaixa_408_kg_prazo,32.0,"32,00",R$,price,BRL,,spot,,,physical
2026-03-10,laranja,laranja-industria,Laranja Indústria,,,variacao_pct,-0.84,"-0,84",%,change_pct,,pct,spot,,,physical
2026-03-10,laranja,laranja-pera-in-natura,Laranja Pera In Natura,,,caixa_40_8_kg,44.23,"44,23",R$,price,BRL,,spot,,,other
2026-03-10,laranja,laranja-pera-in-natura,Laranja Pera In Natura,,,variacao_pct,1.4,"+1,40",%,change_pct,,pct,spot,,,other
2026-03-10,laranja,suco-de-laranja-bolsa-de-nova-iorque-nybot,Suco de Laranja - Bolsa de Nova Iorque (NYBOT),,Julho/26,fechamento,186.2,"186,20",c/US$/libra peso,price,USD,lb,futures,2026-07,,nybot
2026-03-10,laranja,suco-de-laranja-bolsa-de-nova-iorque-nybot,Suco de Laranja - Bolsa de Nova Iorque (NYBOT),,Julho/26,variacao_pontos,8.85,"+8,85",%,change_abs,,pct,futures,2026-07,,nybot
2026-03-10,laranja,suco-de-laranja-bolsa-de-nova-iorque-nybot,Suco de Laranja - Bolsa de Nova Iorque (NYBOT),,Maio/26,fechamento,190.5,"190,50",c/US$/libra peso,price,USD,lb,futures,2026-05,,nybot
2026-03-10,laranja,suco-de-laranja-bolsa-de-nova-iorque-nybot,Suco de Laranja - Bolsa de Nova Iorque (NYBOT),,Maio/26,variacao_pontos,9.7,"+9,70",%,change_abs,,pct,futures,2026-05,,nybot
2026-03-10,laranja,suco-de-laranja-bolsa-de-nova-iorque-nybot,Suco de Laranja - Bolsa de Nova Iorque (NYBOT),,Março/26,fechamento,184.3,"184,30",c/US$/libra peso,price,USD,lb,futures,2026-03,,nybot
2026-03-10,laranja,suco-de-laranja-bolsa-de-nova-iorque-nybot,Suco de Laranja - Bolsa de Nova Iorque (NYBOT),,Março/26,variacao_pontos,9.7,"+9,70",%,change_abs,,pct,futures,2026-03,,nybot
2026-03-11,laranja,laranja-ceasas,Laranja - Ceasas,Laranja Pera (13 a 15 DZ),,preco,2.33,"2,33",R$/Kg,price,BRL,kg,spot,,,physical
2026-03-11,laranja,laranja-ceasas,Laranja - Ceasas,Laranja Pera (13 a 15 DZ),,variacao_pct,0.0,"0,00",%,change_pct,,pct,spot,,,physical
2026-03-11,laranja,laranja-ceasas,Laranja - Ceasas,Laranja Pera Extra,,preco,2.5,"2,50",R$/Kg,price,BRL,kg,spot,,,physical
2026-03-11,laranja,laranja-ceasas,Laranja - Ceasas,Laranja Pera Extra,,variacao_pct,0.0,"0,00",%,change_pct,,pct,spot,,,physical
2026-03-11,laranja,laranja-ceasas,Laranja - Ceasas,Laranja Pera Gde (11-12 DZ),,preco,2.5,"2,50",R$/Kg,price,BRL,kg,spot,,,physical
2026-03-11,laranja,laranja-ceasas,Laranja - Ceasas,Laranja Pera Gde (11-12 DZ),,variacao_pct,0.0,"0,00",%,change_pct,,pct,spot,,,physical
2026-03-11,laranja,laranja-industria,Laranja Indústria,,,r_a_prazocaixa_408_kg_prazo,32.22,"32,22",R$,price,BRL,,spot,,,physical
2026-03-11,laranja,laranja-industria,Laranja Indústria,,,variacao_pct,0.69,"+0,69",%,change_pct,,pct,spot,,,physical
2026-03-11,laranja,laranja-pera-in-natura,Laranja Pera In Natura,,,caixa_40_8_kg,44.32,"44,32",R$,price,BRL,,spot,,,other
2026-03-11,laranja,laranja-pera-in-natura,Laranja Pera In Natura,,,variacao_pct,0.2,"+0,20",%,change_pct,,pct,spot,,,other
2026-03-11,laranja,suco-de-laranja-bolsa-de-nova-iorque-nybot,Suco de Laranja - Bolsa de Nova Iorque (NYBOT),,Julho/26,fechamento,195.55,"195,55",c/US$/libra peso,price,USD,lb,futures,2026-07,,nybot
2026-03-11,laranja,suco-de-laranja-bolsa-de-nova-iorque-nybot,Suco de Laranja - Bolsa de Nova Iorque (NYBOT),,Julho/26,variacao_pontos,9.35,"+9,35",%,change_abs,,pct,futures,2026-07,,nybot
2026-03-11,laranja,suco-de-laranja-bolsa-de-nova-iorque-nybot,Suco de Laranja - Bolsa de Nova Iorque (NYBOT),,Maio/26,fechamento,199.15,"199,15",c/US$/libra peso,price,USD,lb,futures,2026-05,,nybot
2026-03-11,laranja,suco-de-laranja-bolsa-de-nova-iorque-nybot,Suco de Laranja - Bolsa de Nova Iorque (NYBOT),,Maio/26,variacao_pontos,8.65,"+8,65",%,change_abs,,pct,futures,2026-05,,nybot
2026-03-11,laranja,suco-de-laranja-bolsa-de-nova-iorque-nybot,Suco de Laranja - Bolsa de Nova Iorque (NYBOT),,Março/26,fechamento,192.95,"192,95",c/US$/libra peso,price,USD,lb,futures,2026-03,,nybot
2026-03-11,laranja,suco-de-laranja-bolsa-de-nova-iorque-nybot,Suco de Laranja - Bolsa de Nova Iorque (NYBOT),,Março/26,variacao_pontos,8.65,"+8,65",%,change_abs,,pct,futures,2026-03,,nybot
2026-03-12,laranja,laranja-ceasas,Laranja - Ceasas,Laranja Pera (13 a 15 DZ),,preco,2.35,"2,35",R$/Kg,price,BRL,kg,spot,,,physical
2026-03-12,laranja,laranja-ceasas,Laranja - Ceasas,Laranja Pera (13 a 15 DZ),,variacao_pct,0.86,"+0,86",%,change_pct,,pct,spot,,,physical
2026-03-12,laranja,laranja-ceasas,Laranja - Ceasas,Laranja Pera Extra,,preco,2.5,"2,50",R$/Kg,price,BRL,kg,spot,,,physical
2026-03-12,laranja,laranja-ceasas,Laranja - Ceasas,Laranja Pera Extra,,variacao_pct,0.0,"0,00",%,change_pct,,pct,spot,,,physical
2026-03-12,laranja,laranja-ceasas,Laranja - Ceasas,Laranja Pera Gde (11-12 DZ),,preco,2.5,"2,50",R$/Kg,price,BRL,kg,spot,,,physical
2026-03-12,laranja,laranja-ceasas,Laranja - Ceasas,Laranja Pera Gde (11-12 DZ),,variacao_pct,0.0,"0,00",%,change_pct,,pct,spot,,,physical
2026-03-12,laranja,laranja-industria,Laranja Indústria,,,r_a_prazocaixa_408_kg_prazo,33.33,"33,33",R$,price,BRL,,spot,,,physical
2026-03-12,laranja,laranja-industria,Laranja Indústria,,,variacao_pct,3.45,"+3,45",%,change_pct,,pct,spot,,,physical
2026-03-12,laranja,laranja-pera-in-natura,Laranja Pera In Natura,,,caixa_40_8_kg,43.87,"43,87",R$,price,BRL,,spot,,,other
2026-03-12,laranja,laranja-pera-in-natura,Laranja Pera In Natura,,,variacao_pct,-1.02,"-1,02",%,change_pct,,pct,spot,,,other
2026-03-12,laranja,suco-de-laranja-bolsa-de-nova-iorque-nybot,Suco de Laranja - Bolsa de Nova Iorque (NYBOT),,Julho/26,fechamento,193.8,"193,80",c/US$/libra peso,price,USD,lb,futures,2026-07,,nybot
2026-03-12,laranja,suco-de-laranja-bolsa-de-nova-iorque-nybot,Suco de Laranja - Bolsa de Nova Iorque (NYBOT),,Julho/26,variacao_pontos,-1.75,"-1,75",%,change_abs,,pct,futures,2026-07,,nybot
2026-03-12,laranja,suco-de-laranja-bolsa-de-nova-iorque-nybot,Suco de Laranja - Bolsa de Nova Iorque (NYBOT),,Maio/26,fechamento,197.8,"197,80",c/US$/libra peso,price,USD,lb,futures,2026-05,,nybot
2026-03-12,laranja,suco-de-laranja-bolsa-de-nova-iorque-nybot,Suco de Laranja - Bolsa de Nova Iorque (NYBOT),,Maio/26,variacao_pontos,-1.35,"-1,35",%,change_abs,,pct,futures,2026-05,,nybot
2026-03-12,laranja,suco-de-laranja-bolsa-de-nova-iorque-nybot,Suco de Laranja - Bolsa de Nova Iorque (NYBOT),,Setembro/26,fechamento,192.25,"192,25",c/US$/libra peso,price,USD,lb,futures,2026-09,,nybot
2026-03-12,laranja,suco-de-laranja-bolsa-de-nova-iorque-nybot,Suco de Laranja - Bolsa de Nova Iorque (NYBOT),,Setembro/26,variacao_pontos,-3.8,"-3,80",%,change_abs,,pct,futures,2026-09,,nybot
2026-03-13,laranja,laranja-ceasas,Laranja - Ceasas,Laranja Pera (13 a 15 DZ),,preco,2.35,"2,35",R$/Kg,price,BRL,kg,spot,,,physical
2026-03-13,laranja,laranja-ceasas,Laranja - Ceasas,Laranja Pera (13 a 15 DZ),,variacao_pct,0.0,"0,00",%,change_pct,,pct,spot,,,physical
2026-03-13,laranja,laranja-ceasas,Laranja - Ceasas,Laranja Pera Extra,,preco,2.5,"2,50",R$/Kg,price,BRL,kg,spot,,,physical
2026-03-13,laranja,laranja-ceasas,Laranja - Ceasas,Laranja Pera Extra,,variacao_pct,0.0,"0,00",%,change_pct,,pct,spot,,,physical
2026-03-13,laranja,laranja-ceasas,Laranja - Ceasas,Laranja Pera Gde (11-12 DZ),,preco,2.5,"2,50",R$/Kg,price,BRL,kg,spot,,,physical
2026-03-13,laranja,laranja-ceasas,Laranja - Ceasas,Laranja Pera Gde (11-12 DZ),,variacao_pct,0.0,"0,00",%,change_pct,,pct,spot,,,physical
2026-03-13,laranja,laranja-industria,Laranja Indústria,,,r_a_prazocaixa_408_kg_prazo,32.86,"32,86",R$,price,BRL,,spot,,,physical
2026-03-13,laranja,laranja-industria,Laranja Indústria,,,variacao_pct,-1.41,"-1,41",%,change_pct,,pct,spot,,,physical
2026-03-13,laranja,laranja-pera-in-natura,Laranja Pera In Natura,,,caixa_40_8_kg,43.47,"43,47",R$,price,BRL,,spot,,,other
2026-03-13,laranja,laranja-pera-in-natura,Laranja Pera In Natura,,,variacao_pct,-0.91,"-0,91",%,change_pct,,pct,spot,,,other
2026-03-13,laranja,suco-de-laranja-bolsa-de-nova-iorque-nybot,Suco de Laranja - Bolsa de Nova Iorque (NYBOT),,Julho/26,fechamento,195.5,"195,50",c/US$/libra peso,price,USD,lb,futures,2026-07,,nybot
2026-03-13,laranja,suco-de-laranja-bolsa-de-nova-iorque-nybot,Suco de Laranja - Bolsa de Nova Iorque (NYBOT),,Julho/26,variacao_pontos,1.7,"+1,70",%,change_abs,,pct,futures,2026-07,,nybot
2026-03-13,laranja,suco-de-laranja-bolsa-de-nova-iorque-nybot,Suco de Laranja - Bolsa de Nova Iorque (NYBOT),,Maio/26,fechamento,199.3,"199,30",c/US$/libra peso,price,USD,lb,futures,2026-05,,nybot
2026-03-13,laranja,suco-de-laranja-bolsa-de-nova-iorque-nybot,Suco de Laranja - Bolsa de Nova Iorque (NYBOT),,Maio/26,variacao_pontos,1.5,"+1,50",%,change_abs,,pct,futures,2026-05,,nybot
2026-03-13,laranja,suco-de-laranja-bolsa-de-nova-iorque-nybot,Suco de Laranja - Bolsa de Nova Iorque (NYBOT),,Setembro/26,fechamento,194.7,"194,70",c/US$/libra peso,price,USD,lb,futures,2026-09,,nybot
2026-03-13,laranja,suco-de-laranja-bolsa-de-nova-iorque-nybot,Suco de Laranja - Bolsa de Nova Iorque (NYBOT),,Setembro/26,variacao_pontos,2.45,"+2,45",%,change_abs,,pct,futures,2026-09,,nybot
2026-03-16,laranja,laranja-ceasas,Laranja - Ceasas,Laranja Pera (13 a 15 DZ),,preco,2.28,"2,28",R$/Kg,price,BRL,kg,spot,,,physical
2026-03-16,laranja,laranja-ceasas,Laranja - Ceasas,Laranja Pera (13 a 15 DZ),,variacao_pct,-2.98,"-2,98",%,change_pct,,pct,spot,,,physical
2026-03-16,laranja,laranja-ceasas,Laranja - Ceasas,Laranja Pera Extra,,preco,2.5,"2,50",R$/Kg,price,BRL,kg,spot,,,physical
2026-03-16,laranja,laranja-ceasas,Laranja - Ceasas,Laranja Pera Extra,,variacao_pct,0.0,"0,00",%,change_pct,,pct,spot,,,physical
2026-03-16,laranja,laranja-ceasas,Laranja - Ceasas,Laranja Pera Gde (11-12 DZ),,preco,2.5,"2,50",R$/Kg,price,BRL,kg,spot,,,physical
2026-03-16,laranja,laranja-ceasas,Laranja - Ceasas,Laranja Pera Gde (11-12 DZ),,variacao_pct,0.0,"0,00",%,change_pct,,pct,spot,,,physical
2026-03-16,laranja,laranja-industria,Laranja Indústria,,,r_a_prazocaixa_408_kg_prazo,31.0,"31,00",R$,price,BRL,,spot,,,physical
2026-03-16,laranja,laranja-industria,Laranja Indústria,,,variacao_pct,-5.66,"-5,66",%,change_pct,,pct,spot,,,physical
2026-03-16,laranja,laranja-pera-in-natura,Laranja Pera In Natura,,,caixa_40_8_kg,43.33,"43,33",R$,price,BRL,,spot,,,other
2026-03-16,laranja,laranja-pera-in-natura,Laranja Pera In Natura,,,variacao_pct,-0.32,"-0,32",%,change_pct,,pct,spot,,,other
2026-03-16,laranja,suco-de-laranja-bolsa-de-nova-iorque-nybot,Suco de Laranja - Bolsa de Nova Iorque (NYBOT),,Julho/26,fechamento,197.65,"197,65",c/US$/libra peso,price,USD,lb,futures,2026-07,,nybot
2026-03-16,laranja,suco-de-laranja-bolsa-de-nova-iorque-nybot,Suco de Laranja - Bolsa de Nova Iorque (NYBOT),,Julho/26,variacao_pontos,2.15,"+2,15",%,change_abs,,pct,futures,2026-07,,nybot
2026-03-16,laranja,suco-de-laranja-bolsa-de-nova-iorque-nybot,Suco de Laranja - Bolsa de Nova Iorque (NYBOT),,Maio/26,fechamento,199.8,"199,80",c/US$/libra peso,price,USD,lb,futures,2026-05,,nybot
2026-03-16,laranja,suco-de-laranja-bolsa-de-nova-iorque-nybot,Suco de Laranja - Bolsa de Nova Iorque (NYBOT),,Maio/26,variacao_pontos,0.5,"+0,50",%,change_abs,,pct,futures,2026-05,,nybot
2026-03-16,laranja,suco-de-laranja-bolsa-de-nova-iorque-nybot,Suco de Laranja - Bolsa de Nova Iorque (NYBOT),,Setembro/26,fechamento,197.25,"197,25",c/US$/libra peso,price,USD,lb,futures,2026-09,,nybot
2026-03-16,laranja,suco-de-laranja-bolsa-de-nova-iorque-nybot,Suco de Laranja - Bolsa de Nova Iorque (NYBOT),,Setembro/26,variacao_pontos,2.55,"+2,55",%,change_abs,,pct,futures,2026-09,,nybot
2026-03-17,laranja,laranja-ceasas,Laranja - Ceasas,Laranja Pera (13 a 15 DZ),,preco,2.29,"2,29",R$/Kg,price,BRL,kg,spot,,,physical
2026-03-17,laranja,laranja-ceasas,Laranja - Ceasas,Laranja Pera (13 a 15 DZ),,variacao_pct,0.44,"+0,44",%,change_pct,,pct,spot,,,physical
2026-03-17,laranja,laranja-ceasas,Laranja - Ceasas,Laranja Pera Extra,,preco,2.5,"2,50",R$/Kg,price,BRL,kg,spot,,,physical
2026-03-17,laranja,laranja-ceasas,Laranja - Ceasas,Laranja Pera Extra,,variacao_pct,0.0,"0,00",%,change_pct,,pct,spot,,,physical
2026-03-17,laranja,laranja-ceasas,Laranja - Ceasas,Laranja Pera Gde (11-12 DZ),,preco,2.5,"2,50",R$/Kg,price,BRL,kg,spot,,,physical
2026-03-17,laranja,laranja-ceasas,Laranja - Ceasas,Laranja Pera Gde (11-12 DZ),,variacao_pct,0.0,"0,00",%,change_pct,,pct,spot,,,physical
2026-03-17,laranja,laranja-industria,Laranja Indústria,,,r_a_prazocaixa_408_kg_prazo,31.11,"31,11",R$,price,BRL,,spot,,,physical
2026-03-17,laranja,laranja-industria,Laranja Indústria,,,variacao_pct,0.35,"+0,35",%,change_pct,,pct,spot,,,physical
2026-03-17,laranja,laranja-pera-in-natura,Laranja Pera In Natura,,,caixa_40_8_kg,42.76,"42,76",R$,price,BRL,,spot,,,other
2026-03-17,laranja,laranja-pera-in-natura,Laranja Pera In Natura,,,variacao_pct,-1.32,"-1,32",%,change_pct,,pct,spot,,,other
2026-03-17,laranja,suco-de-laranja-bolsa-de-nova-iorque-nybot,Suco de Laranja - Bolsa de Nova Iorque (NYBOT),,Julho/26,fechamento,189.55,"189,55",c/US$/libra peso,price,USD,lb,futures,2026-07,,nybot
2026-03-17,laranja,suco-de-laranja-bolsa-de-nova-iorque-nybot,Suco de Laranja - Bolsa de Nova Iorque (NYBOT),,Julho/26,variacao_pontos,-8.1,"-8,10",%,change_abs,,pct,futures,2026-07,,nybot
2026-03-17,laranja,suco-de-laranja-bolsa-de-nova-iorque-nybot,Suco de Laranja - Bolsa de Nova Iorque (NYBOT),,Maio/26,fechamento,190.5,"190,50",c/US$/libra peso,price,USD,lb,futures,2026-05,,nybot
2026-03-17,laranja,suco-de-laranja-bolsa-de-nova-iorque-nybot,Suco de Laranja - Bolsa de Nova Iorque (NYBOT),,Maio/26,variacao_pontos,-9.3,"-9,30",%,change_abs,,pct,futures,2026-05,,nybot
2026-03-17,laranja,suco-de-laranja-bolsa-de-nova-iorque-nybot,Suco de Laranja - Bolsa de Nova Iorque (NYBOT),,Setembro/26,fechamento,189.7,"189,70",c/US$/libra peso,price,USD,lb,futures,2026-09,,nybot
2026-03-17,laranja,suco-de-laranja-bolsa-de-nova-iorque-nybot,Suco de Laranja - Bolsa de Nova Iorque (NYBOT),,Setembro/26,variacao_pontos,-7.55,"-7,55",%,change_abs,,pct,futures,2026-09,,nybot
2026-03-18,laranja,laranja-ceasas,Laranja - Ceasas,Laranja Pera (13 a 15 DZ),,preco,2.29,"2,29",R$/Kg,price,BRL,kg,spot,,,physical
2026-03-18,laranja,laranja-ceasas,Laranja - Ceasas,Laranja Pera (13 a 15 DZ),,variacao_pct,0.0,"0,00",%,change_pct,,pct,spot,,,physical
2026-03-18,laranja,laranja-ceasas,Laranja - Ceasas,Laranja Pera Extra,,preco,2.5,"2,50",R$/Kg,price,BRL,kg,spot,,,physical
2026-03-18,laranja,laranja-ceasas,Laranja - Ceasas,Laranja Pera Extra,,variacao_pct,0.0,"0,00",%,change_pct,,pct,spot,,,physical
2026-03-18,laranja,laranja-ceasas,Laranja - Ceasas,Laranja Pera Gde (11-12 DZ),,preco,2.5,"2,50",R$/Kg,price,BRL,kg,spot,,,physical
2026-03-18,laranja,laranja-ceasas,Laranja - Ceasas,Laranja Pera Gde (11-12 DZ),,variacao_pct,0.0,"0,00",%,change_pct,,pct,spot,,,physical
2026-03-18,laranja,laranja-industria,Laranja Indústria,,,r_a_prazocaixa_408_kg_prazo,30.91,"30,91",R$,price,BRL,,spot,,,physical
2026-03-18,laranja,laranja-industria,Laranja Indústria,,,variacao_pct,-0.64,"-0,64",%,change_pct,,pct,spot,,,physical
2026-03-18,laranja,laranja-pera-in-natura,Laranja Pera In Natura,,,caixa_40_8_kg,43.7,"43,70",R$,price,BRL,,spot,,,other
2026-03-18,laranja,laranja-pera-in-natura,Laranja Pera In Natura,,,variacao_pct,2.2,"+2,20",%,change_pct,,pct,spot,,,other
2026-03-18,laranja,suco-de-laranja-bolsa-de-nova-iorque-nybot,Suco de Laranja - Bolsa de Nova Iorque (NYBOT),,Julho/26,fechamento,179.55,"179,55",c/US$/libra peso,price,USD,lb,futures,2026-07,,nybot
2026-03-18,laranja,suco-de-laranja-bolsa-de-nova-iorque-nybot,Suco de Laranja - Bolsa de Nova Iorque (NYBOT),,Julho/26,variacao_pontos,-10.0,"-10,00",%,change_abs,,pct,futures,2026-07,,nybot
2026-03-18,laranja,suco-de-laranja-bolsa-de-nova-iorque-nybot,Suco de Laranja - Bolsa de Nova Iorque (NYBOT),,Maio/26,fechamento,180.5,"180,50",c/US$/libra peso,price,USD,lb,futures,2026-05,,nybot
2026-03-18,laranja,suco-de-laranja-bolsa-de-nova-iorque-nybot,Suco de Laranja - Bolsa de Nova Iorque (NYBOT),,Maio/26,variacao_pontos,-10.0,"-10,00",%,change_abs,,pct,futures,2026-05,,nybot
2026-03-18,laranja,suco-de-laranja-bolsa-de-nova-iorque-nybot,Suco de Laranja - Bolsa de Nova Iorque (NYBOT),,Setembro/26,fechamento,179.75,"179,75",c/US$/libra peso,price,USD,lb,futures,2026-09,,nybot
2026-03-18,laranja,suco-de-laranja-bolsa-de-nova-iorque-nybot,Suco de Laranja - Bolsa de Nova Iorque (NYBOT),,Setembro/26,variacao_pontos,-9.95,"-9,95",%,change_abs,,pct,futures,2026-09,,nybot
2026-03-19,laranja,laranja-ceasas,Laranja - Ceasas,Laranja Pera (13 a 15 DZ),,preco,2.29,"2,29",R$/Kg,price,BRL,kg,spot,,,physical
2026-03-19,laranja,laranja-ceasas,Laranja - Ceasas,Laranja Pera (13 a 15 DZ),,variacao_pct,0.0,"0,00",%,change_pct,,pct,spot,,,physical
2026-03-19,laranja,laranja-ceasas,Laranja - Ceasas,Laranja Pera Extra,,preco,2.5,"2,50",R$/Kg,price,BRL,kg,spot,,,physical
2026-03-19,laranja,laranja-ceasas,Laranja - Ceasas,Laranja Pera Extra,,variacao_pct,0.0,"0,00",%,change_pct,,pct,spot,,,physical
2026-03-19,laranja,laranja-ceasas,Laranja - Ceasas,Laranja Pera Gde (11-12 DZ),,preco,2.5,"2,50",R$/Kg,price,BRL,kg,spot,,,physical
2026-03-19,laranja,laranja-ceasas,Laranja - Ceasas,Laranja Pera Gde (11-12 DZ),,variacao_pct,0.0,"0,00",%,change_pct,,pct,spot,,,physical
2026-03-19,laranja,laranja-industria,Laranja Indústria,,,r_a_prazocaixa_408_kg_prazo,30.71,"30,71",R$,price,BRL,,spot,,,physical
2026-03-19,laranja,laranja-industria,Laranja Indústria,,,variacao_pct,-0.65,"-0,65",%,change_pct,,pct,spot,,,physical
2026-03-19,laranja,laranja-pera-in-natura,Laranja Pera In Natura,,,caixa_40_8_kg,43.82,"43,82",R$,price,BRL,,spot,,,other
2026-03-19,laranja,laranja-pera-in-natura,Laranja Pera In Natura,,,variacao_pct,0.27,"+0,27",%,change_pct,,pct,spot,,,other
2026-03-19,laranja,suco-de-laranja-bolsa-de-nova-iorque-nybot,Suco de Laranja - Bolsa de Nova Iorque (NYBOT),,Julho/26,fechamento,166.6,"166,60",c/US$/libra peso,price,USD,lb,futures,2026-07,,nybot
2026-03-19,laranja,suco-de-laranja-bolsa-de-nova-iorque-nybot,Suco de Laranja - Bolsa de Nova Iorque (NYBOT),,Julho/26,variacao_pontos,-12.95,"-12,95",%,change_abs,,pct,futures,2026-07,,nybot
2026-03-19,laranja,suco-de-laranja-bolsa-de-nova-iorque-nybot,Suco de Laranja - Bolsa de Nova Iorque (NYBOT),,Maio/26,fechamento,167.05,"167,05",c/US$/libra peso,price,USD,lb,futures,2026-05,,nybot
2026-03-19,laranja,suco-de-laranja-bolsa-de-nova-iorque-nybot,Suco de Laranja - Bolsa de Nova Iorque (NYBOT),,Maio/26,variacao_pontos,-13.45,"-13,45",%,change_abs,,pct,futures,2026-05,,nybot
2026-03-19,laranja,suco-de-laranja-bolsa-de-nova-iorque-nybot,Suco de Laranja - Bolsa de Nova Iorque (NYBOT),,Setembro/26,fechamento,168.3,"168,30",c/US$/libra peso,price,USD,lb,futures,2026-09,,nybot
2026-03-19,laranja,suco-de-laranja-bolsa-de-nova-iorque-nybot,Suco de Laranja - Bolsa de Nova Iorque (NYBOT),,Setembro/26,variacao_pontos,-11.45,"-11,45",%,change_abs,,pct,futures,2026-09,,nybot
2026-03-20,laranja,laranja-ceasas,Laranja - Ceasas,Laranja Pera (13 a 15 DZ),,preco,2.31,"2,31",R$/Kg,price,BRL,kg,spot,,,physical
2026-03-20,laranja,laranja-ceasas,Laranja - Ceasas,Laranja Pera (13 a 15 DZ),,variacao_pct,0.87,"+0,87",%,change_pct,,pct,spot,,,physical
2026-03-20,laranja,laranja-ceasas,Laranja - Ceasas,Laranja Pera Extra,,preco,2.5,"2,50",R$/Kg,price,BRL,kg,spot,,,physical
2026-03-20,laranja,laranja-ceasas,Laranja - Ceasas,Laranja Pera Extra,,variacao_pct,0.0,"0,00",%,change_pct,,pct,spot,,,physical
2026-03-20,laranja,laranja-ceasas,Laranja - Ceasas,Laranja Pera Gde (11-12 DZ),,preco,2.5,"2,50",R$/Kg,price,BRL,kg,spot,,,physical
2026-03-20,laranja,laranja-ceasas,Laranja - Ceasas,Laranja Pera Gde (11-12 DZ),,variacao_pct,0.0,"0,00",%,change_pct,,pct,spot,,,physical
2026-03-20,laranja,laranja-industria,Laranja Indústria,,,r_a_prazocaixa_408_kg_prazo,30.77,"30,77",R$,price,BRL,,spot,,,physical
2026-03-20,laranja,laranja-industria,Laranja Indústria,,,variacao_pct,0.2,"+0,20",%,change_pct,,pct,spot,,,physical
2026-03-20,laranja,laranja-pera-in-natura,Laranja Pera In Natura,,,caixa_40_8_kg,44.35,"44,35",R$,price,BRL,,spot,,,other
2026-03-20,laranja,laranja-pera-in-natura,Laranja Pera In Natura,,,variacao_pct,1.21,"+1,21",%,change_pct,,pct,spot,,,other
2026-03-20,laranja,suco-de-laranja-bolsa-de-nova-iorque-nybot,Suco de Laranja - Bolsa de Nova Iorque (NYBOT),,Julho/26,fechamento,161.2,"161,20",c/US$/libra peso,price,USD,lb,futures,2026-07,,nybot
2026-03-20,laranja,suco-de-laranja-bolsa-de-nova-iorque-nybot,Suco de Laranja - Bolsa de Nova Iorque (NYBOT),,Julho/26,variacao_pontos,-5.4,"-5,40",%,change_abs,,pct,futures,2026-07,,nybot
2026-03-20,laranja,suco-de-laranja-bolsa-de-nova-iorque-nybot,Suco de Laranja - Bolsa de Nova Iorque (NYBOT),,Maio/26,fechamento,161.5,"161,50",c/US$/libra peso,price,USD,lb,futures,2026-05,,nybot
2026-03-20,laranja,suco-de-laranja-bolsa-de-nova-iorque-nybot,Suco de Laranja - Bolsa de Nova Iorque (NYBOT),,Maio/26,variacao_pontos,-5.55,"-5,55",%,change_abs,,pct,futures,2026-05,,nybot
2026-03-20,laranja,suco-de-laranja-bolsa-de-nova-iorque-nybot,Suco de Laranja - Bolsa de Nova Iorque (NYBOT),,Setembro/26,fechamento,162.9,"162,90",c/US$/libra peso,price,USD,lb,futures,2026-09,,nybot
2026-03-20,laranja,suco-de-laranja-bolsa-de-nova-iorque-nybot,Suco de Laranja - Bolsa de Nova Iorque (NYBOT),,Setembro/26,variacao_pontos,-5.4,"-5,40",%,change_abs,,pct,futures,2026-09,,nybot
2026-03-23,laranja,laranja-ceasas,Laranja - Ceasas,Laranja Pera (13 a 15 DZ),,preco,2.3,"2,30",R$/Kg,price,BRL,kg,spot,,,physical
2026-03-23,laranja,laranja-ceasas,Laranja - Ceasas,Laranja Pera (13 a 15 DZ),,variacao_pct,-0.43,"-0,43",%,change_pct,,pct,spot,,,physical
2026-03-23,laranja,laranja-ceasas,Laranja - Ceasas,Laranja Pera Extra,,preco,2.25,"2,25",R$/Kg,price,BRL,kg,spot,,,physical
2026-03-23,laranja,laranja-ceasas,Laranja - Ceasas,Laranja Pera Extra,,variacao_pct,-10.0,"-10,00",%,change_pct,,pct,spot,,,physical
2026-03-23,laranja,laranja-ceasas,Laranja - Ceasas,Laranja Pera Gde (11-12 DZ),,preco,2.5,"2,50",R$/Kg,price,BRL,kg,spot,,,physical
2026-03-23,laranja,laranja-ceasas,Laranja - Ceasas,Laranja Pera Gde (11-12 DZ),,variacao_pct,0.0,"0,00",%,change_pct,,pct,spot,,,physical
2026-03-23,laranja,laranja-industria,Laranja Indústria,,,r_a_prazocaixa_408_kg_prazo,30.23,"30,23",R$,price,BRL,,spot,,,physical
2026-03-23,laranja,laranja-industria,Laranja Indústria,,,variacao_pct,-1.75,"-1,75",%,change_pct,,pct,spot,,,physical
2026-03-23,laranja,laranja-pera-in-natura,Laranja Pera In Natura,,,caixa_40_8_kg,45.39,"45,39",R$,price,BRL,,spot,,,other
2026-03-23,laranja,laranja-pera-in-natura,Laranja Pera In Natura,,,variacao_pct,2.34,"+2,34",%,change_pct,,pct,spot,,,other
2026-03-23,laranja,suco-de-laranja-bolsa-de-nova-iorque-nybot,Suco de Laranja - Bolsa de Nova Iorque (NYBOT),,Julho/26,fechamento,161.3,"161,30",c/US$/libra peso,price,USD,lb,futures,2026-07,,nybot
2026-03-23,laranja,suco-de-laranja-bolsa-de-nova-iorque-nybot,Suco de Laranja - Bolsa de Nova Iorque (NYBOT),,Julho/26,variacao_pontos,0.1,"+0,10",%,change_abs,,pct,futures,2026-07,,nybot
2026-03-23,laranja,suco-de-laranja-bolsa-de-nova-iorque-nybot,Suco de Laranja - Bolsa de Nova Iorque (NYBOT),,Maio/26,fechamento,161.95,"161,95",c/US$/libra peso,price,USD,lb,futures,2026-05,,nybot
2026-03-23,laranja,suco-de-laranja-bolsa-de-nova-iorque-nybot,Suco de Laranja - Bolsa de Nova Iorque (NYBOT),,Maio/26,variacao_pontos,0.45,"+0,45",%,change_abs,,pct,futures,2026-05,,nybot
2026-03-23,laranja,suco-de-laranja-bolsa-de-nova-iorque-nybot,Suco de Laranja - Bolsa de Nova Iorque (NYBOT),,Setembro/26,fechamento,162.85,"162,85",c/US$/libra peso,price,USD,lb,futures,2026-09,,nybot
2026-03-23,laranja,suco-de-laranja-bolsa-de-nova-iorque-nybot,Suco de Laranja - Bolsa de Nova Iorque (NYBOT),,Setembro/26,variacao_pontos,-0.05,"-0,05",%,change_abs,,pct,futures,2026-09,,nybot
2026-03-24,laranja,laranja-ceasas,Laranja - Ceasas,Laranja Pera (13 a 15 DZ),,preco,2.39,"2,39",R$/Kg,price,BRL,kg,spot,,,physical
2026-03-24,laranja,laranja-ceasas,Laranja - Ceasas,Laranja Pera (13 a 15 DZ),,variacao_pct,3.91,"+3,91",%,change_pct,,pct,spot,,,physical
2026-03-24,laranja,laranja-ceasas,Laranja - Ceasas,Laranja Pera Extra,,preco,2.25,"2,25",R$/Kg,price,BRL,kg,spot,,,physical
2026-03-24,laranja,laranja-ceasas,Laranja - Ceasas,Laranja Pera Extra,,variacao_pct,0.0,"0,00",%,change_pct,,pct,spot,,,physical
2026-03-24,laranja,laranja-ceasas,Laranja - Ceasas,Laranja Pera Gde (11-12 DZ),,preco,2.5,"2,50",R$/Kg,price,BRL,kg,spot,,,physical
2026-03-24,laranja,laranja-ceasas,Laranja - Ceasas,Laranja Pera Gde (11-12 DZ),,variacao_pct,0.0,"0,00",%,change_pct,,pct,spot,,,physical
2026-03-24,laranja,laranja-industria,Laranja Indústria,,,r_a_prazocaixa_408_kg_prazo,30.21,"30,21",R$,price,BRL,,spot,,,physical
2026-03-24,laranja,laranja-industria,Laranja Indústria,,,variacao_pct,-0.07,"-0,07",%,change_pct,,pct,spot,,,physical
2026-03-24,laranja,laranja-pera-in-natura,Laranja Pera In Natura,,,caixa_40_8_kg,44.93,"44,93",R$,price,BRL,,spot,,,other
2026-03-24,laranja,laranja-pera-in-natura,Laranja Pera In Natura,,,variacao_pct,-1.01,"-1,01",%,change_pct,,pct,spot,,,other
2026-03-24,laranja,suco-de-laranja-bolsa-de-nova-iorque-nybot,Suco de Laranja - Bolsa de Nova Iorque (NYBOT),,Julho/26,fechamento,171.3,"171,30",c/US$/libra peso,price,USD,lb,futures,2026-07,,nybot
2026-03-24,laranja,suco-de-laranja-bolsa-de-nova-iorque-nybot,Suco de Laranja - Bolsa de Nova Iorque (NYBOT),,Julho/26,variacao_pontos,10.0,"+10,00",%,change_abs,,pct,futures,2026-07,,nybot
2026-03-24,laranja,suco-de-laranja-bolsa-de-nova-iorque-nybot,Suco de Laranja - Bolsa de Nova Iorque (NYBOT),,Maio/26,fechamento,171.95,"171,95",c/US$/libra peso,price,USD,lb,futures,2026-05,,nybot
2026-03-24,laranja,suco-de-laranja-bolsa-de-nova-iorque-nybot,Suco de Laranja - Bolsa de Nova Iorque (NYBOT),,Maio/26,variacao_pontos,10.0,"+10,00",%,change_abs,,pct,futures,2026-05,,nybot
2026-03-24,laranja,suco-de-laranja-bolsa-de-nova-iorque-nybot,Suco de Laranja - Bolsa de Nova Iorque (NYBOT),,Setembro/26,fechamento,172.85,"172,85",c/US$/libra peso,price,USD,lb,futures,2026-09,,nybot
2026-03-24,laranja,suco-de-laranja-bolsa-de-nova-iorque-nybot,Suco de Laranja - Bolsa de Nova Iorque (NYBOT),,Setembro/26,variacao_pontos,10.0,"+10,00",%,change_abs,,pct,futures,2026-09,,nybot
2026-03-25,laranja,laranja-ceasas,Laranja - Ceasas,Laranja Pera (13 a 15 DZ),,preco,2.39,"2,39",R$/Kg,price,BRL,kg,spot,,,physical
2026-03-25,laranja,laranja-ceasas,Laranja - Ceasas,Laranja Pera (13 a 15 DZ),,variacao_pct,0.0,"0,00",%,change_pct,,pct,spot,,,physical
2026-03-25,laranja,laranja-ceasas,Laranja - Ceasas,Laranja Pera Extra,,preco,2.25,"2,25",R$/Kg,price,BRL,kg,spot,,,physical
2026-03-25,laranja,laranja-ceasas,Laranja - Ceasas,Laranja Pera Extra,,variacao_pct,0.0,"0,00",%,change_pct,,pct,spot,,,physical
2026-03-25,laranja,laranja-ceasas,Laranja - Ceasas,Laranja Pera Gde (11-12 DZ),,preco,2.5,"2,50",R$/Kg,price,BRL,kg,spot,,,physical
2026-03-25,laranja,laranja-ceasas,Laranja - Ceasas,Laranja Pera Gde (11-12 DZ),,variacao_pct,0.0,"0,00",%,change_pct,,pct,spot,,,physical
2026-03-25,laranja,laranja-industria,Laranja Indústria,,,r_a_prazocaixa_408_kg_prazo,30.25,"30,25",R$,price,BRL,,spot,,,physical
2026-03-25,laranja,laranja-industria,Laranja Indústria,,,variacao_pct,0.13,"+0,13",%,change_pct,,pct,spot,,,physical
2026-03-25,laranja,laranja-pera-in-natura,Laranja Pera In Natura,,,caixa_40_8_kg,43.36,"43,36",R$,price,BRL,,spot,,,other
2026-03-25,laranja,laranja-pera-in-natura,Laranja Pera In Natura,,,variacao_pct,-3.49,"-3,49",%,change_pct,,pct,spot,,,other
2026-03-25,laranja,suco-de-laranja-bolsa-de-nova-iorque-nybot,Suco de Laranja - Bolsa de Nova Iorque (NYBOT),,Julho/26,fechamento,181.8,"181,80",c/US$/libra peso,price,USD,lb,futures,2026-07,,nybot
2026-03-25,laranja,suco-de-laranja-bolsa-de-nova-iorque-nybot,Suco de Laranja - Bolsa de Nova Iorque (NYBOT),,Julho/26,variacao_pontos,10.5,"+10,50",%,change_abs,,pct,futures,2026-07,,nybot
2026-03-25,laranja,suco-de-laranja-bolsa-de-nova-iorque-nybot,Suco de Laranja - Bolsa de Nova Iorque (NYBOT),,Maio/26,fechamento,182.55,"182,55",c/US$/libra peso,price,USD,lb,futures,2026-05,,nybot
2026-03-25,laranja,suco-de-laranja-bolsa-de-nova-iorque-nybot,Suco de Laranja - Bolsa de Nova Iorque (NYBOT),,Maio/26,variacao_pontos,10.6,"+10,60",%,change_abs,,pct,futures,2026-05,,nybot
2026-03-25,laranja,suco-de-laranja-bolsa-de-nova-iorque-nybot,Suco de Laranja - Bolsa de Nova Iorque (NYBOT),,Setembro/26,fechamento,183.55,"183,55",c/US$/libra peso,price,USD,lb,futures,2026-09,,nybot
2026-03-25,laranja,suco-de-laranja-bolsa-de-nova-iorque-nybot,Suco de Laranja - Bolsa de Nova Iorque (NYBOT),,Setembro/26,variacao_pontos,10.7,"+10,70",%,change_abs,,pct,futures,2026-09,,nybot
2026-03-26,laranja,laranja-ceasas,Laranja - Ceasas,Laranja Pera (13 a 15 DZ),,preco,2.39,"2,39",R$/Kg,price,BRL,kg,spot,,,physical
2026-03-26,laranja,laranja-ceasas,Laranja - Ceasas,Laranja Pera (13 a 15 DZ),,variacao_pct,0.0,"0,00",%,change_pct,,pct,spot,,,physical
2026-03-26,laranja,laranja-ceasas,Laranja - Ceasas,Laranja Pera Extra,,preco,2.25,"2,25",R$/Kg,price,BRL,kg,spot,,,physical
2026-03-26,laranja,laranja-ceasas,Laranja - Ceasas,Laranja Pera Extra,,variacao_pct,0.0,"0,00",%,change_pct,,pct,spot,,,physical
2026-03-26,laranja,laranja-ceasas,Laranja - Ceasas,Laranja Pera Gde (11-12 DZ),,preco,2.5,"2,50",R$/Kg,price,BRL,kg,spot,,,physical
2026-03-26,laranja,laranja-ceasas,Laranja - Ceasas,Laranja Pera Gde (11-12 DZ),,variacao_pct,0.0,"0,00",%,change_pct,,pct,spot,,,physical
2026-03-26,laranja,laranja-industria,Laranja Indústria,,,r_a_prazocaixa_408_kg_prazo,30.25,"30,25",R$,price,BRL,,spot,,,physical
2026-03-26,laranja,laranja-industria,Laranja Indústria,,,variacao_pct,0.0,"0,00",%,change_pct,,pct,spot,,,physical
2026-03-26,laranja,laranja-pera-in-natura,Laranja Pera In Natura,,,caixa_40_8_kg,43.96,"43,96",R$,price,BRL,,spot,,,other
2026-03-26,laranja,laranja-pera-in-natura,Laranja Pera In Natura,,,variacao_pct,1.38,"+1,38",%,change_pct,,pct,spot,,,other
2026-03-26,laranja,suco-de-laranja-bolsa-de-nova-iorque-nybot,Suco de Laranja - Bolsa de Nova Iorque (NYBOT),,Julho/26,fechamento,180.1,"180,10",c/US$/libra peso,price,USD,lb,futures,2026-07,,nybot
2026-03-26,laranja,suco-de-laranja-bolsa-de-nova-iorque-nybot,Suco de Laranja - Bolsa de Nova Iorque (NYBOT),,Julho/26,variacao_pontos,-1.7,"-1,70",%,change_abs,,pct,futures,2026-07,,nybot
2026-03-26,laranja,suco-de-laranja-bolsa-de-nova-iorque-nybot,Suco de Laranja - Bolsa de Nova Iorque (NYBOT),,Maio/26,fechamento,180.4,"180,40",c/US$/libra peso,price,USD,lb,futures,2026-05,,nybot
2026-03-26,laranja,suco-de-laranja-bolsa-de-nova-iorque-nybot,Suco de Laranja - Bolsa de Nova Iorque (NYBOT),,Maio/26,variacao_pontos,-2.15,"-2,15",%,change_abs,,pct,futures,2026-05,,nybot
2026-03-26,laranja,suco-de-laranja-bolsa-de-nova-iorque-nybot,Suco de Laranja - Bolsa de Nova Iorque (NYBOT),,Setembro/26,fechamento,181.9,"181,90",c/US$/libra peso,price,USD,lb,futures,2026-09,,nybot
2026-03-26,laranja,suco-de-laranja-bolsa-de-nova-iorque-nybot,Suco de Laranja - Bolsa de Nova Iorque (NYBOT),,Setembro/26,variacao_pontos,-1.65,"-1,65",%,change_abs,,pct,futures,2026-09,,nybot
2026-03-27,laranja,laranja-ceasas,Laranja - Ceasas,Laranja Pera (13 a 15 DZ),,preco,2.38,"2,38",R$/Kg,price,BRL,kg,spot,,,physical
2026-03-27,laranja,laranja-ceasas,Laranja - Ceasas,Laranja Pera (13 a 15 DZ),,variacao_pct,-0.42,"-0,42",%,change_pct,,pct,spot,,,physical
2026-03-27,laranja,laranja-ceasas,Laranja - Ceasas,Laranja Pera Extra,,preco,2.25,"2,25",R$/Kg,price,BRL,kg,spot,,,physical
2026-03-27,laranja,laranja-ceasas,Laranja - Ceasas,Laranja Pera Extra,,variacao_pct,0.0,"0,00",%,change_pct,,pct,spot,,,physical
2026-03-27,laranja,laranja-ceasas,Laranja - Ceasas,Laranja Pera Gde (11-12 DZ),,preco,2.5,"2,50",R$/Kg,price,BRL,kg,spot,,,physical
2026-03-27,laranja,laranja-ceasas,Laranja - Ceasas,Laranja Pera Gde (11-12 DZ),,variacao_pct,0.0,"0,00",%,change_pct,,pct,spot,,,physical
2026-03-27,laranja,laranja-industria,Laranja Indústria,,,r_a_prazocaixa_408_kg_prazo,30.25,"30,25",R$,price,BRL,,spot,,,physical
2026-03-27,laranja,laranja-industria,Laranja Indústria,,,variacao_pct,0.0,"0,00",%,change_pct,,pct,spot,,,physical
2026-03-27,laranja,laranja-pera-in-natura,Laranja Pera In Natura,,,caixa_40_8_kg,44.46,"44,46",R$,price,BRL,,spot,,,other
2026-03-27,laranja,laranja-pera-in-natura,Laranja Pera In Natura,,,variacao_pct,1.14,"+1,14",%,change_pct,,pct,spot,,,other
2026-03-27,laranja,suco-de-laranja-bolsa-de-nova-iorque-nybot,Suco de Laranja - Bolsa de Nova Iorque (NYBOT),,Julho/26,fechamento,176.2,"176,20",c/US$/libra peso,price,USD,lb,futures,2026-07,,nybot
2026-03-27,laranja,suco-de-laranja-bolsa-de-nova-iorque-nybot,Suco de Laranja - Bolsa de Nova Iorque (NYBOT),,Julho/26,variacao_pontos,-3.9,"-3,90",%,change_abs,,pct,futures,2026-07,,nybot
2026-03-27,laranja,suco-de-laranja-bolsa-de-nova-iorque-nybot,Suco de Laranja - Bolsa de Nova Iorque (NYBOT),,Maio/26,fechamento,176.55,"176,55",c/US$/libra peso,price,USD,lb,futures,2026-05,,nybot
2026-03-27,laranja,suco-de-laranja-bolsa-de-nova-iorque-nybot,Suco de Laranja - Bolsa de Nova Iorque (NYBOT),,Maio/26,variacao_pontos,-3.85,"-3,85",%,change_abs,,pct,futures,2026-05,,nybot
2026-03-27,laranja,suco-de-laranja-bolsa-de-nova-iorque-nybot,Suco de Laranja - Bolsa de Nova Iorque (NYBOT),,Setembro/26,fechamento,178.0,"178,00",c/US$/libra peso,price,USD,lb,futures,2026-09,,nybot
2026-03-27,laranja,suco-de-laranja-bolsa-de-nova-iorque-nybot,Suco de Laranja - Bolsa de Nova Iorque (NYBOT),,Setembro/26,variacao_pontos,-3.9,"-3,90",%,change_abs,,pct,futures,2026-09,,nybot
2026-03-30,laranja,laranja-ceasas,Laranja - Ceasas,Laranja Pera (13 a 15 DZ),,preco,2.36,"2,36",R$/Kg,price,BRL,kg,spot,,,physical
2026-03-30,laranja,laranja-ceasas,Laranja - Ceasas,Laranja Pera (13 a 15 DZ),,variacao_pct,-0.84,"-0,84",%,change_pct,,pct,spot,,,physical
2026-03-30,laranja,laranja-ceasas,Laranja - Ceasas,Laranja Pera Extra,,preco,2.4,"2,40",R$/Kg,price,BRL,kg,spot,,,physical
2026-03-30,laranja,laranja-ceasas,Laranja - Ceasas,Laranja Pera Extra,,variacao_pct,6.67,"+6,67",%,change_pct,,pct,spot,,,physical
2026-03-30,laranja,laranja-ceasas,Laranja - Ceasas,Laranja Pera Gde (11-12 DZ),,preco,2.5,"2,50",R$/Kg,price,BRL,kg,spot,,,physical
2026-03-30,laranja,laranja-ceasas,Laranja - Ceasas,Laranja Pera Gde (11-12 DZ),,variacao_pct,0.0,"0,00",%,change_pct,,pct,spot,,,physical
2026-03-30,laranja,laranja-industria,Laranja Indústria,,,r_a_prazocaixa_408_kg_prazo,29.38,"29,38",R$,price,BRL,,spot,,,physical
2026-03-30,laranja,laranja-industria,Laranja Indústria,,,variacao_pct,-2.88,"-2,88",%,change_pct,,pct,spot,,,physical
2026-03-30,laranja,laranja-pera-in-natura,Laranja Pera In Natura,,,caixa_40_8_kg,44.46,"44,46",R$,price,BRL,,spot,,,other
2026-03-30,laranja,laranja-pera-in-natura,Laranja Pera In Natura,,,variacao_pct,0.0,"0,00",%,change_pct,,pct,spot,,,other
2026-03-30,laranja,suco-de-laranja-bolsa-de-nova-iorque-nybot,Suco de Laranja - Bolsa de Nova Iorque (NYBOT),,Julho/26,fechamento,180.2,"180,20",c/US$/libra peso,price,USD,lb,futures,2026-07,,nybot
2026-03-30,laranja,suco-de-laranja-bolsa-de-nova-iorque-nybot,Suco de Laranja - Bolsa de Nova Iorque (NYBOT),,Julho/26,variacao_pontos,4.0,"+4,00",%,change_abs,,pct,futures,2026-07,,nybot
2026-03-30,laranja,suco-de-laranja-bolsa-de-nova-iorque-nybot,Suco de Laranja - Bolsa de Nova Iorque (NYBOT),,Maio/26,fechamento,180.1,"180,10",c/US$/libra peso,price,USD,lb,futures,2026-05,,nybot
2026-03-30,laranja,suco-de-laranja-bolsa-de-nova-iorque-nybot,Suco de Laranja - Bolsa de Nova Iorque (NYBOT),,Maio/26,variacao_pontos,3.55,"+3,55",%,change_abs,,pct,futures,2026-05,,nybot
2026-03-30,laranja,suco-de-laranja-bolsa-de-nova-iorque-nybot,Suco de Laranja - Bolsa de Nova Iorque (NYBOT),,Setembro/26,fechamento,182.05,"182,05",c/US$/libra peso,price,USD,lb,futures,2026-09,,nybot
2026-03-30,laranja,suco-de-laranja-bolsa-de-nova-iorque-nybot,Suco de Laranja - Bolsa de Nova Iorque (NYBOT),,Setembro/26,variacao_pontos,4.05,"+4,05",%,change_abs,,pct,futures,2026-09,,nybot
2026-03-31,laranja,laranja-ceasas,Laranja - Ceasas,Laranja Pera (13 a 15 DZ),,preco,2.23,"2,23",R$/Kg,price,BRL,kg,spot,,,physical
2026-03-31,laranja,laranja-ceasas,Laranja - Ceasas,Laranja Pera (13 a 15 DZ),,variacao_pct,-5.51,"-5,51",%,change_pct,,pct,spot,,,physical
2026-03-31,laranja,laranja-ceasas,Laranja - Ceasas,Laranja Pera Extra,,preco,2.4,"2,40",R$/Kg,price,BRL,kg,spot,,,physical
2026-03-31,laranja,laranja-ceasas,Laranja - Ceasas,Laranja Pera Extra,,variacao_pct,0.0,"0,00",%,change_pct,,pct,spot,,,physical
2026-03-31,laranja,laranja-ceasas,Laranja - Ceasas,Laranja Pera Gde (11-12 DZ),,preco,2.5,"2,50",R$/Kg,price,BRL,kg,spot,,,physical
2026-03-31,laranja,laranja-ceasas,Laranja - Ceasas,Laranja Pera Gde (11-12 DZ),,variacao_pct,0.0,"0,00",%,change_pct,,pct,spot,,,physical
2026-03-31,laranja,laranja-industria,Laranja Indústria,,,r_a_prazocaixa_408_kg_prazo,29.29,"29,29",R$,price,BRL,,spot,,,physical
2026-03-31,laranja,laranja-industria,Laranja Indústria,,,variacao_pct,-0.31,"-0,31",%,change_pct,,pct,spot,,,physical
2026-03-31,laranja,laranja-pera-in-natura,Laranja Pera In Natura,,,caixa_40_8_kg,45.0,"45,00",R$,price,BRL,,spot,,,other
2026-03-31,laranja,laranja-pera-in-natura,Laranja Pera In Natura,,,variacao_pct,1.21,"+1,21",%,change_pct,,pct,spot,,,other
2026-03-31,laranja,suco-de-laranja-bolsa-de-nova-iorque-nybot,Suco de Laranja - Bolsa de Nova Iorque (NYBOT),,Julho/26,fechamento,189.8,"189,80",c/US$/libra peso,price,USD,lb,futures,2026-07,,nybot
2026-03-31,laranja,suco-de-laranja-bolsa-de-nova-iorque-nybot,Suco de Laranja - Bolsa de Nova Iorque (NYBOT),,Julho/26,variacao_pontos,9.6,"+9,60",%,change_abs,,pct,futures,2026-07,,nybot
2026-03-31,laranja,suco-de-laranja-bolsa-de-nova-iorque-nybot,Suco de Laranja - Bolsa de Nova Iorque (NYBOT),,Maio/26,fechamento,190.0,"190,00",c/US$/libra peso,price,USD,lb,futures,2026-05,,nybot
2026-03-31,laranja,suco-de-laranja-bolsa-de-nova-iorque-nybot,Suco de Laranja - Bolsa de Nova Iorque (NYBOT),,Maio/26,variacao_pontos,9.9,"+9,90",%,change_abs,,pct,futures,2026-05,,nybot
2026-03-31,laranja,suco-de-laranja-bolsa-de-nova-iorque-nybot,Suco de Laranja - Bolsa de Nova Iorque (NYBOT),,Setembro/26,fechamento,191.0,"191,00",c/US$/libra peso,price,USD,lb,futures,2026-09,,nybot
2026-03-31,laranja,suco-de-laranja-bolsa-de-nova-iorque-nybot,Suco de Laranja - Bolsa de Nova Iorque (NYBOT),,Setembro/26,variacao_pontos,8.95,"+8,95",%,change_abs,,pct,futures,2026-09,,nybot
2026-04-01,laranja,laranja-ceasas,Laranja - Ceasas,Laranja Pera (13 a 15 DZ),,preco,2.23,"2,23",R$/Kg,price,BRL,kg,spot,,,physical
2026-04-01,laranja,laranja-ceasas,Laranja - Ceasas,Laranja Pera (13 a 15 DZ),,variacao_pct,0.0,"0,00",%,change_pct,,pct,spot,,,physical
2026-04-01,laranja,laranja-ceasas,Laranja - Ceasas,Laranja Pera Extra,,preco,2.4,"2,40",R$/Kg,price,BRL,kg,spot,,,physical
2026-04-01,laranja,laranja-ceasas,Laranja - Ceasas,Laranja Pera Extra,,variacao_pct,0.0,"0,00",%,change_pct,,pct,spot,,,physical
2026-04-01,laranja,laranja-ceasas,Laranja - Ceasas,Laranja Pera Gde (11-12 DZ),,preco,2.5,"2,50",R$/Kg,price,BRL,kg,spot,,,physical
2026-04-01,laranja,laranja-ceasas,Laranja - Ceasas,Laranja Pera Gde (11-12 DZ),,variacao_pct,0.0,"0,00",%,change_pct,,pct,spot,,,physical
2026-04-01,laranja,laranja-industria,Laranja Indústria,,,r_a_prazocaixa_408_kg_prazo,29.29,"29,29",R$,price,BRL,,spot,,,physical
2026-04-01,laranja,laranja-industria,Laranja Indústria,,,variacao_pct,0.0,"0,00",%,change_pct,,pct,spot,,,physical
2026-04-01,laranja,laranja-pera-in-natura,Laranja Pera In Natura,,,caixa_40_8_kg,45.54,"45,54",R$,price,BRL,,spot,,,other
2026-04-01,laranja,laranja-pera-in-natura,Laranja Pera In Natura,,,variacao_pct,1.2,"+1,20",%,change_pct,,pct,spot,,,other
2026-04-01,laranja,suco-de-laranja-bolsa-de-nova-iorque-nybot,Suco de Laranja - Bolsa de Nova Iorque (NYBOT),,Julho/26,fechamento,199.8,"199,80",c/US$/libra peso,price,USD,lb,futures,2026-07,,nybot
2026-04-01,laranja,suco-de-laranja-bolsa-de-nova-iorque-nybot,Suco de Laranja - Bolsa de Nova Iorque (NYBOT),,Julho/26,variacao_pontos,10.0,"+10,00",%,change_abs,,pct,futures,2026-07,,nybot
2026-04-01,laranja,suco-de-laranja-bolsa-de-nova-iorque-nybot,Suco de Laranja - Bolsa de Nova Iorque (NYBOT),,Maio/26,fechamento,199.9,"199,90",c/US$/libra peso,price,USD,lb,futures,2026-05,,nybot
2026-04-01,laranja,suco-de-laranja-bolsa-de-nova-iorque-nybot,Suco de Laranja - Bolsa de Nova Iorque (NYBOT),,Maio/26,variacao_pontos,9.9,"+9,90",%,change_abs,,pct,futures,2026-05,,nybot
2026-04-01,laranja,suco-de-laranja-bolsa-de-nova-iorque-nybot,Suco de Laranja - Bolsa de Nova Iorque (NYBOT),,Setembro/26,fechamento,200.1,"200,10",c/US$/libra peso,price,USD,lb,futures,2026-09,,nybot
2026-04-01,laranja,suco-de-laranja-bolsa-de-nova-iorque-nybot,Suco de Laranja - Bolsa de Nova Iorque (NYBOT),,Setembro/26,variacao_pontos,9.1,"+9,10",%,change_abs,,pct,futures,2026-09,,nybot
2026-04-02,laranja,laranja-ceasas,Laranja - Ceasas,Laranja Pera (13 a 15 DZ),,preco,2.25,"2,25",R$/Kg,price,BRL,kg,spot,,,physical
2026-04-02,laranja,laranja-ceasas,Laranja - Ceasas,Laranja Pera (13 a 15 DZ),,variacao_pct,0.9,"+0,90",%,change_pct,,pct,spot,,,physical
2026-04-02,laranja,laranja-ceasas,Laranja - Ceasas,Laranja Pera Extra,,preco,2.4,"2,40",R$/Kg,price,BRL,kg,spot,,,physical
2026-04-02,laranja,laranja-ceasas,Laranja - Ceasas,Laranja Pera Extra,,variacao_pct,0.0,"0,00",%,change_pct,,pct,spot,,,physical
2026-04-02,laranja,laranja-ceasas,Laranja - Ceasas,Laranja Pera Gde (11-12 DZ),,preco,2.5,"2,50",R$/Kg,price,BRL,kg,spot,,,physical
2026-04-02,laranja,laranja-ceasas,Laranja - Ceasas,Laranja Pera Gde (11-12 DZ),,variacao_pct,0.0,"0,00",%,change_pct,,pct,spot,,,physical
2026-04-02,laranja,suco-de-laranja-bolsa-de-nova-iorque-nybot,Suco de Laranja - Bolsa de Nova Iorque (NYBOT),,Julho/26,fechamento,199.5,"199,50",c/US$/libra peso,price,USD,lb,futures,2026-07,,nybot
2026-04-02,laranja,suco-de-laranja-bolsa-de-nova-iorque-nybot,Suco de Laranja - Bolsa de Nova Iorque (NYBOT),,Julho/26,variacao_pontos,-0.3,"-0,30",%,change_abs,,pct,futures,2026-07,,nybot
2026-04-02,laranja,suco-de-laranja-bolsa-de-nova-iorque-nybot,Suco de Laranja - Bolsa de Nova Iorque (NYBOT),,Maio/26,fechamento,199.4,"199,40",c/US$/libra peso,price,USD,lb,futures,2026-05,,nybot
2026-04-02,laranja,suco-de-laranja-bolsa-de-nova-iorque-nybot,Suco de Laranja - Bolsa de Nova Iorque (NYBOT),,Maio/26,variacao_pontos,-0.5,"-0,50",%,change_abs,,pct,futures,2026-05,,nybot
2026-04-02,laranja,suco-de-laranja-bolsa-de-nova-iorque-nybot,Suco de Laranja - Bolsa de Nova Iorque (NYBOT),,Setembro/26,fechamento,199.9,"199,90",c/US$/libra peso,price,USD,lb,futures,2026-09,,nybot
2026-04-02,laranja,suco-de-laranja-bolsa-de-nova-iorque-nybot,Suco de Laranja - Bolsa de Nova Iorque (NYBOT),,Setembro/26,variacao_pontos,-0.2,"-0,20",%,change_abs,,pct,futures,2026-09,,nybot
2026-04-06,laranja,laranja-ceasas,Laranja - Ceasas,Laranja Pera (13 a 15 DZ),,preco,2.25,"2,25",R$/Kg,price,BRL,kg,spot,,,physical
2026-04-06,laranja,laranja-ceasas,Laranja - Ceasas,Laranja Pera (13 a 15 DZ),,variacao_pct,0.0,"0,00",%,change_pct,,pct,spot,,,physical
2026-04-06,laranja,laranja-ceasas,Laranja - Ceasas,Laranja Pera Extra,,preco,2.4,"2,40",R$/Kg,price,BRL,kg,spot,,,physical
2026-04-06,laranja,laranja-ceasas,Laranja - Ceasas,Laranja Pera Extra,,variacao_pct,0.0,"0,00",%,change_pct,,pct,spot,,,physical
2026-04-06,laranja,laranja-ceasas,Laranja - Ceasas,Laranja Pera Gde (11-12 DZ),,preco,2.5,"2,50",R$/Kg,price,BRL,kg,spot,,,physical
2026-04-06,laranja,laranja-ceasas,Laranja - Ceasas,Laranja Pera Gde (11-12 DZ),,variacao_pct,0.0,"0,00",%,change_pct,,pct,spot,,,physical
2026-04-06,laranja,laranja-industria,Laranja Indústria,,,r_a_prazocaixa_408_kg_prazo,27.4,"27,40",R$,price,BRL,,spot,,,physical
2026-04-06,laranja,laranja-industria,Laranja Indústria,,,variacao_pct,-4.7,"-4,70",%,change_pct,,pct,spot,,,physical
2026-04-06,laranja,laranja-pera-in-natura,Laranja Pera In Natura,,,caixa_40_8_kg,43.69,"43,69",R$,price,BRL,,spot,,,other
2026-04-06,laranja,laranja-pera-in-natura,Laranja Pera In Natura,,,variacao_pct,-1.18,"-1,18",%,change_pct,,pct,spot,,,other
2026-04-06,laranja,suco-de-laranja-bolsa-de-nova-iorque-nybot,Suco de Laranja - Bolsa de Nova Iorque (NYBOT),,Julho/26,fechamento,200.75,"200,75",c/US$/libra peso,price,USD,lb,futures,2026-07,,nybot
2026-04-06,laranja,suco-de-laranja-bolsa-de-nova-iorque-nybot,Suco de Laranja - Bolsa de Nova Iorque (NYBOT),,Julho/26,variacao_pontos,1.25,"+1,25",%,change_abs,,pct,futures,2026-07,,nybot
2026-04-06,laranja,suco-de-laranja-bolsa-de-nova-iorque-nybot,Suco de Laranja - Bolsa de Nova Iorque (NYBOT),,Maio/26,fechamento,200.65,"200,65",c/US$/libra peso,price,USD,lb,futures,2026-05,,nybot
2026-04-06,laranja,suco-de-laranja-bolsa-de-nova-iorque-nybot,Suco de Laranja - Bolsa de Nova Iorque (NYBOT),,Maio/26,variacao_pontos,1.25,"+1,25",%,change_abs,,pct,futures,2026-05,,nybot
2026-04-06,laranja,suco-de-laranja-bolsa-de-nova-iorque-nybot,Suco de Laranja - Bolsa de Nova Iorque (NYBOT),,Setembro/26,fechamento,201.35,"201,35",c/US$/libra peso,price,USD,lb,futures,2026-09,,nybot
2026-04-06,laranja,suco-de-laranja-bolsa-de-nova-iorque-nybot,Suco de Laranja - Bolsa de Nova Iorque (NYBOT),,Setembro/26,variacao_pontos,1.45,"+1,45",%,change_abs,,pct,futures,2026-09,,nybot
2026-04-07,laranja,laranja-ceasas,Laranja - Ceasas,Laranja Pera (13 a 15 DZ),,preco,2.2,"2,20",R$/Kg,price,BRL,kg,spot,,,physical
2026-04-07,laranja,laranja-ceasas,Laranja - Ceasas,Laranja Pera (13 a 15 DZ),,variacao_pct,-2.22,"-2,22",%,change_pct,,pct,spot,,,physical
2026-04-07,laranja,laranja-ceasas,Laranja - Ceasas,Laranja Pera Extra,,preco,2.4,"2,40",R$/Kg,price,BRL,kg,spot,,,physical
2026-04-07,laranja,laranja-ceasas,Laranja - Ceasas,Laranja Pera Extra,,variacao_pct,0.0,"0,00",%,change_pct,,pct,spot,,,physical
2026-04-07,laranja,laranja-ceasas,Laranja - Ceasas,Laranja Pera Gde (11-12 DZ),,preco,2.5,"2,50",R$/Kg,price,BRL,kg,spot,,,physical
2026-04-07,laranja,laranja-ceasas,Laranja - Ceasas,Laranja Pera Gde (11-12 DZ),,variacao_pct,0.0,"0,00",%,change_pct,,pct,spot,,,physical
2026-04-07,laranja,laranja-industria,Laranja Indústria,,,r_a_prazocaixa_408_kg_prazo,27.4,"27,40",R$,price,BRL,,spot,,,physical
2026-04-07,laranja,laranja-industria,Laranja Indústria,,,variacao_pct,0.0,"0,00",%,change_pct,,pct,spot,,,physical
2026-04-07,laranja,laranja-pera-in-natura,Laranja Pera In Natura,,,caixa_40_8_kg,43.5,"43,50",R$,price,BRL,,spot,,,other
2026-04-07,laranja,laranja-pera-in-natura,Laranja Pera In Natura,,,variacao_pct,-0.43,"-0,43",%,change_pct,,pct,spot,,,other
2026-04-07,laranja,suco-de-laranja-bolsa-de-nova-iorque-nybot,Suco de Laranja - Bolsa de Nova Iorque (NYBOT),,Julho/26,fechamento,200.65,"200,65",c/US$/libra peso,price,USD,lb,futures,2026-07,,nybot
2026-04-07,laranja,suco-de-laranja-bolsa-de-nova-iorque-nybot,Suco de Laranja - Bolsa de Nova Iorque (NYBOT),,Julho/26,variacao_pontos,-0.1,"-0,10",%,change_abs,,pct,futures,2026-07,,nybot
2026-04-07,laranja,suco-de-laranja-bolsa-de-nova-iorque-nybot,Suco de Laranja - Bolsa de Nova Iorque (NYBOT),,Maio/26,fechamento,199.6,"199,60",c/US$/libra peso,price,USD,lb,futures,2026-05,,nybot
2026-04-07,laranja,suco-de-laranja-bolsa-de-nova-iorque-nybot,Suco de Laranja - Bolsa de Nova Iorque (NYBOT),,Maio/26,variacao_pontos,-1.05,"-1,05",%,change_abs,,pct,futures,2026-05,,nybot
2026-04-07,laranja,suco-de-laranja-bolsa-de-nova-iorque-nybot,Suco de Laranja - Bolsa de Nova Iorque (NYBOT),,Setembro/26,fechamento,200.95,"200,95",c/US$/libra peso,price,USD,lb,futures,2026-09,,nybot
2026-04-07,laranja,suco-de-laranja-bolsa-de-nova-iorque-nybot,Suco de Laranja - Bolsa de Nova Iorque (NYBOT),,Setembro/26,variacao_pontos,-0.4,"-0,40",%,change_abs,,pct,futures,2026-09,,nybot
2026-04-08,laranja,laranja-ceasas,Laranja - Ceasas,Laranja Pera (13 a 15 DZ),,preco,2.2,"2,20",R$/Kg,price,BRL,kg,spot,,,physical
2026-04-08,laranja,laranja-ceasas,Laranja - Ceasas,Laranja Pera (13 a 15 DZ),,variacao_pct,0.0,"0,00",%,change_pct,,pct,spot,,,physical
2026-04-08,laranja,laranja-ceasas,Laranja - Ceasas,Laranja Pera Extra,,preco,2.4,"2,40",R$/Kg,price,BRL,kg,spot,,,physical
2026-04-08,laranja,laranja-ceasas,Laranja - Ceasas,Laranja Pera Extra,,variacao_pct,0.0,"0,00",%,change_pct,,pct,spot,,,physical
2026-04-08,laranja,laranja-ceasas,Laranja - Ceasas,Laranja Pera Gde (11-12 DZ),,preco,2.5,"2,50",R$/Kg,price,BRL,kg,spot,,,physical
2026-04-08,laranja,laranja-ceasas,Laranja - Ceasas,Laranja Pera Gde (11-12 DZ),,variacao_pct,0.0,"0,00",%,change_pct,,pct,spot,,,physical
2026-04-08,laranja,laranja-industria,Laranja Indústria,,,r_a_prazocaixa_408_kg_prazo,27.4,"27,40",R$,price,BRL,,spot,,,physical
2026-04-08,laranja,laranja-industria,Laranja Indústria,,,variacao_pct,0.0,"0,00",%,change_pct,,pct,spot,,,physical
2026-04-08,laranja,laranja-pera-in-natura,Laranja Pera In Natura,,,caixa_40_8_kg,44.08,"44,08",R$,price,BRL,,spot,,,other
2026-04-08,laranja,laranja-pera-in-natura,Laranja Pera In Natura,,,variacao_pct,1.33,"+1,33",%,change_pct,,pct,spot,,,other
2026-04-08,laranja,suco-de-laranja-bolsa-de-nova-iorque-nybot,Suco de Laranja - Bolsa de Nova Iorque (NYBOT),,Julho/26,fechamento,205.0,"205,00",c/US$/libra peso,price,USD,lb,futures,2026-07,,nybot
2026-04-08,laranja,suco-de-laranja-bolsa-de-nova-iorque-nybot,Suco de Laranja - Bolsa de Nova Iorque (NYBOT),,Julho/26,variacao_pontos,4.35,"+4,35",%,change_abs,,pct,futures,2026-07,,nybot
2026-04-08,laranja,suco-de-laranja-bolsa-de-nova-iorque-nybot,Suco de Laranja - Bolsa de Nova Iorque (NYBOT),,Maio/26,fechamento,205.1,"205,10",c/US$/libra peso,price,USD,lb,futures,2026-05,,nybot
2026-04-08,laranja,suco-de-laranja-bolsa-de-nova-iorque-nybot,Suco de Laranja - Bolsa de Nova Iorque (NYBOT),,Maio/26,variacao_pontos,5.5,"+5,50",%,change_abs,,pct,futures,2026-05,,nybot
2026-04-08,laranja,suco-de-laranja-bolsa-de-nova-iorque-nybot,Suco de Laranja - Bolsa de Nova Iorque (NYBOT),,Setembro/26,fechamento,204.6,"204,60",c/US$/libra peso,price,USD,lb,futures,2026-09,,nybot
2026-04-08,laranja,suco-de-laranja-bolsa-de-nova-iorque-nybot,Suco de Laranja - Bolsa de Nova Iorque (NYBOT),,Setembro/26,variacao_pontos,3.65,"+3,65",%,change_abs,,pct,futures,2026-09,,nybot
2026-04-09,laranja,laranja-ceasas,Laranja - Ceasas,Laranja Pera (13 a 15 DZ),,preco,2.19,"2,19",R$/Kg,price,BRL,kg,spot,,,physical
2026-04-09,laranja,laranja-ceasas,Laranja - Ceasas,Laranja Pera (13 a 15 DZ),,variacao_pct,-0.45,"-0,45",%,change_pct,,pct,spot,,,physical
2026-04-09,laranja,laranja-ceasas,Laranja - Ceasas,Laranja Pera Extra,,preco,2.4,"2,40",R$/Kg,price,BRL,kg,spot,,,physical
2026-04-09,laranja,laranja-ceasas,Laranja - Ceasas,Laranja Pera Extra,,variacao_pct,0.0,"0,00",%,change_pct,,pct,spot,,,physical
2026-04-09,laranja,laranja-ceasas,Laranja - Ceasas,Laranja Pera Gde (11-12 DZ),,preco,2.5,"2,50",R$/Kg,price,BRL,kg,spot,,,physical
2026-04-09,laranja,laranja-ceasas,Laranja - Ceasas,Laranja Pera Gde (11-12 DZ),,variacao_pct,0.0,"0,00",%,change_pct,,pct,spot,,,physical
2026-04-09,laranja,laranja-industria,Laranja Indústria,,,r_a_prazocaixa_408_kg_prazo,27.4,"27,40",R$,price,BRL,,spot,,,physical
2026-04-09,laranja,laranja-industria,Laranja Indústria,,,variacao_pct,0.0,"0,00",%,change_pct,,pct,spot,,,physical
2026-04-09,laranja,laranja-pera-in-natura,Laranja Pera In Natura,,,caixa_40_8_kg,44.17,"44,17",R$,price,BRL,,spot,,,other
2026-04-09,laranja,laranja-pera-in-natura,Laranja Pera In Natura,,,variacao_pct,0.2,"+0,20",%,change_pct,,pct,spot,,,other
2026-04-09,laranja,suco-de-laranja-bolsa-de-nova-iorque-nybot,Suco de Laranja - Bolsa de Nova Iorque (NYBOT),,Julho/26,fechamento,194.65,"194,65",c/US$/libra peso,price,USD,lb,futures,2026-07,,nybot
2026-04-09,laranja,suco-de-laranja-bolsa-de-nova-iorque-nybot,Suco de Laranja - Bolsa de Nova Iorque (NYBOT),,Julho/26,variacao_pontos,-10.35,"-10,35",%,change_abs,,pct,futures,2026-07,,nybot
2026-04-09,laranja,suco-de-laranja-bolsa-de-nova-iorque-nybot,Suco de Laranja - Bolsa de Nova Iorque (NYBOT),,Maio/26,fechamento,193.8,"193,80",c/US$/libra peso,price,USD,lb,futures,2026-05,,nybot
2026-04-09,laranja,suco-de-laranja-bolsa-de-nova-iorque-nybot,Suco de Laranja - Bolsa de Nova Iorque (NYBOT),,Maio/26,variacao_pontos,-11.3,"-11,30",%,change_abs,,pct,futures,2026-05,,nybot
2026-04-09,laranja,suco-de-laranja-bolsa-de-nova-iorque-nybot,Suco de Laranja - Bolsa de Nova Iorque (NYBOT),,Setembro/26,fechamento,193.9,"193,90",c/US$/libra peso,price,USD,lb,futures,2026-09,,nybot
2026-04-09,laranja,suco-de-laranja-bolsa-de-nova-iorque-nybot,Suco de Laranja - Bolsa de Nova Iorque (NYBOT),,Setembro/26,variacao_pontos,-10.7,"-10,70",%,change_abs,,pct,futures,2026-09,,nybot
2026-04-10,laranja,laranja-ceasas,Laranja - Ceasas,Laranja Pera (13 a 15 DZ),,preco,2.19,"2,19",R$/Kg,price,BRL,kg,spot,,,physical
2026-04-10,laranja,laranja-ceasas,Laranja - Ceasas,Laranja Pera (13 a 15 DZ),,variacao_pct,0.0,"0,00",%,change_pct,,pct,spot,,,physical
2026-04-10,laranja,laranja-ceasas,Laranja - Ceasas,Laranja Pera Extra,,preco,2.5,"2,50",R$/Kg,price,BRL,kg,spot,,,physical
2026-04-10,laranja,laranja-ceasas,Laranja - Ceasas,Laranja Pera Extra,,variacao_pct,4.17,"+4,17",%,change_pct,,pct,spot,,,physical
2026-04-10,laranja,laranja-ceasas,Laranja - Ceasas,Laranja Pera Gde (11-12 DZ),,preco,2.5,"2,50",R$/Kg,price,BRL,kg,spot,,,physical
2026-04-10,laranja,laranja-ceasas,Laranja - Ceasas,Laranja Pera Gde (11-12 DZ),,variacao_pct,0.0,"0,00",%,change_pct,,pct,spot,,,physical
2026-04-10,laranja,laranja-industria,Laranja Indústria,,,r_a_prazocaixa_408_kg_prazo,27.4,"27,40",R$,price,BRL,,spot,,,physical
2026-04-10,laranja,laranja-industria,Laranja Indústria,,,variacao_pct,0.0,"0,00",%,change_pct,,pct,spot,,,physical
2026-04-10,laranja,laranja-pera-in-natura,Laranja Pera In Natura,,,caixa_40_8_kg,44.17,"44,17",R$,price,BRL,,spot,,,other
2026-04-10,laranja,laranja-pera-in-natura,Laranja Pera In Natura,,,variacao_pct,0.0,"0,00",%,change_pct,,pct,spot,,,other
2026-04-10,laranja,suco-de-laranja-bolsa-de-nova-iorque-nybot,Suco de Laranja - Bolsa de Nova Iorque (NYBOT),,Julho/26,fechamento,198.45,"198,45",c/US$/libra peso,price,USD,lb,futures,2026-07,,nybot
2026-04-10,laranja,suco-de-laranja-bolsa-de-nova-iorque-nybot,Suco de Laranja - Bolsa de Nova Iorque (NYBOT),,Julho/26,variacao_pontos,3.8,"+3,80",%,change_abs,,pct,futures,2026-07,,nybot
2026-04-10,laranja,suco-de-laranja-bolsa-de-nova-iorque-nybot,Suco de Laranja - Bolsa de Nova Iorque (NYBOT),,Maio/26,fechamento,197.45,"197,45",c/US$/libra peso,price,USD,lb,futures,2026-05,,nybot
2026-04-10,laranja,suco-de-laranja-bolsa-de-nova-iorque-nybot,Suco de Laranja - Bolsa de Nova Iorque (NYBOT),,Maio/26,variacao_pontos,3.65,"+3,65",%,change_abs,,pct,futures,2026-05,,nybot
2026-04-10,laranja,suco-de-laranja-bolsa-de-nova-iorque-nybot,Suco de Laranja - Bolsa de Nova Iorque (NYBOT),,Setembro/26,fechamento,197.95,"197,95",c/US$/libra peso,price,USD,lb,futures,2026-09,,nybot
2026-04-10,laranja,suco-de-laranja-bolsa-de-nova-iorque-nybot,Suco de Laranja - Bolsa de Nova Iorque (NYBOT),,Setembro/26,variacao_pontos,4.05,"+4,05",%,change_abs,,pct,futures,2026-09,,nybot
2026-04-13,laranja,laranja-ceasas,Laranja - Ceasas,Laranja Pera (13 a 15 DZ),,preco,2.16,"2,16",R$/Kg,price,BRL,kg,spot,,,physical
2026-04-13,laranja,laranja-ceasas,Laranja - Ceasas,Laranja Pera (13 a 15 DZ),,variacao_pct,-1.37,"-1,37",%,change_pct,,pct,spot,,,physical
2026-04-13,laranja,laranja-ceasas,Laranja - Ceasas,Laranja Pera Extra,,preco,2.5,"2,50",R$/Kg,price,BRL,kg,spot,,,physical
2026-04-13,laranja,laranja-ceasas,Laranja - Ceasas,Laranja Pera Extra,,variacao_pct,0.0,"0,00",%,change_pct,,pct,spot,,,physical
2026-04-13,laranja,laranja-ceasas,Laranja - Ceasas,Laranja Pera Gde (11-12 DZ),,preco,2.5,"2,50",R$/Kg,price,BRL,kg,spot,,,physical
2026-04-13,laranja,laranja-ceasas,Laranja - Ceasas,Laranja Pera Gde (11-12 DZ),,variacao_pct,0.0,"0,00",%,change_pct,,pct,spot,,,physical
2026-04-13,laranja,laranja-industria,Laranja Indústria,,,r_a_prazocaixa_408_kg_prazo,28.0,"28,00",R$,price,BRL,,spot,,,physical
2026-04-13,laranja,laranja-industria,Laranja Indústria,,,variacao_pct,2.19,"+2,19",%,change_pct,,pct,spot,,,physical
2026-04-13,laranja,laranja-pera-in-natura,Laranja Pera In Natura,,,caixa_40_8_kg,43.5,"43,50",R$,price,BRL,,spot,,,other
2026-04-13,laranja,laranja-pera-in-natura,Laranja Pera In Natura,,,variacao_pct,-1.52,"-1,52",%,change_pct,,pct,spot,,,other
2026-04-13,laranja,suco-de-laranja-bolsa-de-nova-iorque-nybot,Suco de Laranja - Bolsa de Nova Iorque (NYBOT),,Julho/26,fechamento,195.75,"195,75",c/US$/libra peso,price,USD,lb,futures,2026-07,,nybot
2026-04-13,laranja,suco-de-laranja-bolsa-de-nova-iorque-nybot,Suco de Laranja - Bolsa de Nova Iorque (NYBOT),,Julho/26,variacao_pontos,-2.7,"-2,70",%,change_abs,,pct,futures,2026-07,,nybot
2026-04-13,laranja,suco-de-laranja-bolsa-de-nova-iorque-nybot,Suco de Laranja - Bolsa de Nova Iorque (NYBOT),,Maio/26,fechamento,195.5,"195,50",c/US$/libra peso,price,USD,lb,futures,2026-05,,nybot
2026-04-13,laranja,suco-de-laranja-bolsa-de-nova-iorque-nybot,Suco de Laranja - Bolsa de Nova Iorque (NYBOT),,Maio/26,variacao_pontos,-1.95,"-1,95",%,change_abs,,pct,futures,2026-05,,nybot
2026-04-13,laranja,suco-de-laranja-bolsa-de-nova-iorque-nybot,Suco de Laranja - Bolsa de Nova Iorque (NYBOT),,Setembro/26,fechamento,195.5,"195,50",c/US$/libra peso,price,USD,lb,futures,2026-09,,nybot
2026-04-13,laranja,suco-de-laranja-bolsa-de-nova-iorque-nybot,Suco de Laranja - Bolsa de Nova Iorque (NYBOT),,Setembro/26,variacao_pontos,-2.45,"-2,45",%,change_abs,,pct,futures,2026-09,,nybot
2026-04-14,laranja,laranja-ceasas,Laranja - Ceasas,Laranja Pera (13 a 15 DZ),,preco,2.04,"2,04",R$/Kg,price,BRL,kg,spot,,,physical
2026-04-14,laranja,laranja-ceasas,Laranja - Ceasas,Laranja Pera (13 a 15 DZ),,variacao_pct,-5.56,"-5,56",%,change_pct,,pct,spot,,,physical
2026-04-14,laranja,laranja-ceasas,Laranja - Ceasas,Laranja Pera Extra,,preco,2.5,"2,50",R$/Kg,price,BRL,kg,spot,,,physical
2026-04-14,laranja,laranja-ceasas,Laranja - Ceasas,Laranja Pera Extra,,variacao_pct,0.0,"0,00",%,change_pct,,pct,spot,,,physical
2026-04-14,laranja,laranja-ceasas,Laranja - Ceasas,Laranja Pera Gde (11-12 DZ),,preco,2.5,"2,50",R$/Kg,price,BRL,kg,spot,,,physical
2026-04-14,laranja,laranja-ceasas,Laranja - Ceasas,Laranja Pera Gde (11-12 DZ),,variacao_pct,0.0,"0,00",%,change_pct,,pct,spot,,,physical
2026-04-14,laranja,laranja-industria,Laranja Indústria,,,r_a_prazocaixa_408_kg_prazo,28.33,"28,33",R$,price,BRL,,spot,,,physical
2026-04-14,laranja,laranja-industria,Laranja Indústria,,,variacao_pct,1.18,"+1,18",%,change_pct,,pct,spot,,,physical
2026-04-14,laranja,laranja-pera-in-natura,Laranja Pera In Natura,,,caixa_40_8_kg,43.67,"43,67",R$,price,BRL,,spot,,,other
2026-04-14,laranja,laranja-pera-in-natura,Laranja Pera In Natura,,,variacao_pct,0.39,"+0,39",%,change_pct,,pct,spot,,,other
2026-04-14,laranja,suco-de-laranja-bolsa-de-nova-iorque-nybot,Suco de Laranja - Bolsa de Nova Iorque (NYBOT),,Julho/26,fechamento,194.1,"194,10",c/US$/libra peso,price,USD,lb,futures,2026-07,,nybot
2026-04-14,laranja,suco-de-laranja-bolsa-de-nova-iorque-nybot,Suco de Laranja - Bolsa de Nova Iorque (NYBOT),,Julho/26,variacao_pontos,-1.65,"-1,65",%,change_abs,,pct,futures,2026-07,,nybot
2026-04-14,laranja,suco-de-laranja-bolsa-de-nova-iorque-nybot,Suco de Laranja - Bolsa de Nova Iorque (NYBOT),,Maio/26,fechamento,192.5,"192,50",c/US$/libra peso,price,USD,lb,futures,2026-05,,nybot
2026-04-14,laranja,suco-de-laranja-bolsa-de-nova-iorque-nybot,Suco de Laranja - Bolsa de Nova Iorque (NYBOT),,Maio/26,variacao_pontos,-3.0,"-3,00",%,change_abs,,pct,futures,2026-05,,nybot
2026-04-14,laranja,suco-de-laranja-bolsa-de-nova-iorque-nybot,Suco de Laranja - Bolsa de Nova Iorque (NYBOT),,Setembro/26,fechamento,195.05,"195,05",c/US$/libra peso,price,USD,lb,futures,2026-09,,nybot
2026-04-14,laranja,suco-de-laranja-bolsa-de-nova-iorque-nybot,Suco de Laranja - Bolsa de Nova Iorque (NYBOT),,Setembro/26,variacao_pontos,-0.45,"-0,45",%,change_abs,,pct,futures,2026-09,,nybot
2026-04-15,laranja,laranja-ceasas,Laranja - Ceasas,Laranja Pera (13 a 15 DZ),,preco,2.04,"2,04",R$/Kg,price,BRL,kg,spot,,,physical
2026-04-15,laranja,laranja-ceasas,Laranja - Ceasas,Laranja Pera (13 a 15 DZ),,variacao_pct,0.0,"0,00",%,change_pct,,pct,spot,,,physical
2026-04-15,laranja,laranja-ceasas,Laranja - Ceasas,Laranja Pera Extra,,preco,2.4,"2,40",R$/Kg,price,BRL,kg,spot,,,physical
2026-04-15,laranja,laranja-ceasas,Laranja - Ceasas,Laranja Pera Extra,,variacao_pct,-4.0,"-4,00",%,change_pct,,pct,spot,,,physical
2026-04-15,laranja,laranja-ceasas,Laranja - Ceasas,Laranja Pera Gde (11-12 DZ),,preco,2.5,"2,50",R$/Kg,price,BRL,kg,spot,,,physical
2026-04-15,laranja,laranja-ceasas,Laranja - Ceasas,Laranja Pera Gde (11-12 DZ),,variacao_pct,0.0,"0,00",%,change_pct,,pct,spot,,,physical
2026-04-15,laranja,laranja-industria,Laranja Indústria,,,r_a_prazocaixa_408_kg_prazo,28.33,"28,33",R$,price,BRL,,spot,,,physical
2026-04-15,laranja,laranja-industria,Laranja Indústria,,,variacao_pct,0.0,"0,00",%,change_pct,,pct,spot,,,physical
2026-04-15,laranja,laranja-pera-in-natura,Laranja Pera In Natura,,,caixa_40_8_kg,43.92,"43,92",R$,price,BRL,,spot,,,other
2026-04-15,laranja,laranja-pera-in-natura,Laranja Pera In Natura,,,variacao_pct,0.57,"+0,57",%,change_pct,,pct,spot,,,other
2026-04-15,laranja,suco-de-laranja-bolsa-de-nova-iorque-nybot,Suco de Laranja - Bolsa de Nova Iorque (NYBOT),,Julho/26,fechamento,186.75,"186,75",c/US$/libra peso,price,USD,lb,futures,2026-07,,nybot
2026-04-15,laranja,suco-de-laranja-bolsa-de-nova-iorque-nybot,Suco de Laranja - Bolsa de Nova Iorque (NYBOT),,Julho/26,variacao_pontos,-7.35,"-7,35",%,change_abs,,pct,futures,2026-07,,nybot
2026-04-15,laranja,suco-de-laranja-bolsa-de-nova-iorque-nybot,Suco de Laranja - Bolsa de Nova Iorque (NYBOT),,Maio/26,fechamento,184.6,"184,60",c/US$/libra peso,price,USD,lb,futures,2026-05,,nybot
2026-04-15,laranja,suco-de-laranja-bolsa-de-nova-iorque-nybot,Suco de Laranja - Bolsa de Nova Iorque (NYBOT),,Maio/26,variacao_pontos,-7.9,"-7,90",%,change_abs,,pct,futures,2026-05,,nybot
2026-04-15,laranja,suco-de-laranja-bolsa-de-nova-iorque-nybot,Suco de Laranja - Bolsa de Nova Iorque (NYBOT),,Setembro/26,fechamento,188.2,"188,20",c/US$/libra peso,price,USD,lb,futures,2026-09,,nybot
2026-04-15,laranja,suco-de-laranja-bolsa-de-nova-iorque-nybot,Suco de Laranja - Bolsa de Nova Iorque (NYBOT),,Setembro/26,variacao_pontos,-6.85,"-6,85",%,change_abs,,pct,futures,2026-09,,nybot
2026-04-16,laranja,laranja-ceasas,Laranja - Ceasas,Laranja Pera (13 a 15 DZ),,preco,2.06,"2,06",R$/Kg,price,BRL,kg,spot,,,physical
2026-04-16,laranja,laranja-ceasas,Laranja - Ceasas,Laranja Pera (13 a 15 DZ),,variacao_pct,0.98,"+0,98",%,change_pct,,pct,spot,,,physical
2026-04-16,laranja,laranja-ceasas,Laranja - Ceasas,Laranja Pera Extra,,preco,2.4,"2,40",R$/Kg,price,BRL,kg,spot,,,physical
2026-04-16,laranja,laranja-ceasas,Laranja - Ceasas,Laranja Pera Extra,,variacao_pct,0.0,"0,00",%,change_pct,,pct,spot,,,physical
2026-04-16,laranja,laranja-ceasas,Laranja - Ceasas,Laranja Pera Gde (11-12 DZ),,preco,2.5,"2,50",R$/Kg,price,BRL,kg,spot,,,physical
2026-04-16,laranja,laranja-ceasas,Laranja - Ceasas,Laranja Pera Gde (11-12 DZ),,variacao_pct,0.0,"0,00",%,change_pct,,pct,spot,,,physical
2026-04-16,laranja,laranja-industria,Laranja Indústria,,,r_a_prazocaixa_408_kg_prazo,28.33,"28,33",R$,price,BRL,,spot,,,physical
2026-04-16,laranja,laranja-industria,Laranja Indústria,,,variacao_pct,0.0,"0,00",%,change_pct,,pct,spot,,,physical
2026-04-16,laranja,laranja-pera-in-natura,Laranja Pera In Natura,,,caixa_40_8_kg,43.95,"43,95",R$,price,BRL,,spot,,,other
2026-04-16,laranja,laranja-pera-in-natura,Laranja Pera In Natura,,,variacao_pct,0.07,"+0,07",%,change_pct,,pct,spot,,,other
2026-04-16,laranja,suco-de-laranja-bolsa-de-nova-iorque-nybot,Suco de Laranja - Bolsa de Nova Iorque (NYBOT),,Julho/26,fechamento,178.05,"178,05",c/US$/libra peso,price,USD,lb,futures,2026-07,,nybot
2026-04-16,laranja,suco-de-laranja-bolsa-de-nova-iorque-nybot,Suco de Laranja - Bolsa de Nova Iorque (NYBOT),,Julho/26,variacao_pontos,-8.7,"-8,70",%,change_abs,,pct,futures,2026-07,,nybot
2026-04-16,laranja,suco-de-laranja-bolsa-de-nova-iorque-nybot,Suco de Laranja - Bolsa de Nova Iorque (NYBOT),,Maio/26,fechamento,176.1,"176,10",c/US$/libra peso,price,USD,lb,futures,2026-05,,nybot
2026-04-16,laranja,suco-de-laranja-bolsa-de-nova-iorque-nybot,Suco de Laranja - Bolsa de Nova Iorque (NYBOT),,Maio/26,variacao_pontos,-8.5,"-8,50",%,change_abs,,pct,futures,2026-05,,nybot
2026-04-16,laranja,suco-de-laranja-bolsa-de-nova-iorque-nybot,Suco de Laranja - Bolsa de Nova Iorque (NYBOT),,Setembro/26,fechamento,179.2,"179,20",c/US$/libra peso,price,USD,lb,futures,2026-09,,nybot
2026-04-16,laranja,suco-de-laranja-bolsa-de-nova-iorque-nybot,Suco de Laranja - Bolsa de Nova Iorque (NYBOT),,Setembro/26,variacao_pontos,-9.0,"-9,00",%,change_abs,,pct,futures,2026-09,,nybot
2026-04-17,laranja,laranja-ceasas,Laranja - Ceasas,Laranja Pera (13 a 15 DZ),,preco,2.06,"2,06",R$/Kg,price,BRL,kg,spot,,,physical
2026-04-17,laranja,laranja-ceasas,Laranja - Ceasas,Laranja Pera (13 a 15 DZ),,variacao_pct,0.0,"0,00",%,change_pct,,pct,spot,,,physical
2026-04-17,laranja,laranja-ceasas,Laranja - Ceasas,Laranja Pera Extra,,preco,2.4,"2,40",R$/Kg,price,BRL,kg,spot,,,physical
2026-04-17,laranja,laranja-ceasas,Laranja - Ceasas,Laranja Pera Extra,,variacao_pct,0.0,"0,00",%,change_pct,,pct,spot,,,physical
2026-04-17,laranja,laranja-ceasas,Laranja - Ceasas,Laranja Pera Gde (11-12 DZ),,preco,2.5,"2,50",R$/Kg,price,BRL,kg,spot,,,physical
2026-04-17,laranja,laranja-ceasas,Laranja - Ceasas,Laranja Pera Gde (11-12 DZ),,variacao_pct,0.0,"0,00",%,change_pct,,pct,spot,,,physical
2026-04-17,laranja,laranja-industria,Laranja Indústria,,,r_a_prazocaixa_408_kg_prazo,28.57,"28,57",R$,price,BRL,,spot,,,physical
2026-04-17,laranja,laranja-industria,Laranja Indústria,,,variacao_pct,0.85,"+0,85",%,change_pct,,pct,spot,,,physical
2026-04-17,laranja,laranja-pera-in-natura,Laranja Pera In Natura,,,caixa_40_8_kg,43.46,"43,46",R$,price,BRL,,spot,,,other
2026-04-17,laranja,laranja-pera-in-natura,Laranja Pera In Natura,,,variacao_pct,-1.11,"-1,11",%,change_pct,,pct,spot,,,other
2026-04-17,laranja,suco-de-laranja-bolsa-de-nova-iorque-nybot,Suco de Laranja - Bolsa de Nova Iorque (NYBOT),,Julho/26,fechamento,188.05,"188,05",c/US$/libra peso,price,USD,lb,futures,2026-07,,nybot
2026-04-17,laranja,suco-de-laranja-bolsa-de-nova-iorque-nybot,Suco de Laranja - Bolsa de Nova Iorque (NYBOT),,Julho/26,variacao_pontos,10.0,"+10,00",%,change_abs,,pct,futures,2026-07,,nybot
2026-04-17,laranja,suco-de-laranja-bolsa-de-nova-iorque-nybot,Suco de Laranja - Bolsa de Nova Iorque (NYBOT),,Maio/26,fechamento,186.1,"186,10",c/US$/libra peso,price,USD,lb,futures,2026-05,,nybot
2026-04-17,laranja,suco-de-laranja-bolsa-de-nova-iorque-nybot,Suco de Laranja - Bolsa de Nova Iorque (NYBOT),,Maio/26,variacao_pontos,10.0,"+10,00",%,change_abs,,pct,futures,2026-05,,nybot
2026-04-17,laranja,suco-de-laranja-bolsa-de-nova-iorque-nybot,Suco de Laranja - Bolsa de Nova Iorque (NYBOT),,Setembro/26,fechamento,189.2,"189,20",c/US$/libra peso,price,USD,lb,futures,2026-09,,nybot
2026-04-17,laranja,suco-de-laranja-bolsa-de-nova-iorque-nybot,Suco de Laranja - Bolsa de Nova Iorque (NYBOT),,Setembro/26,variacao_pontos,10.0,"+10,00",%,change_abs,,pct,futures,2026-09,,nybot
2026-04-20,laranja,laranja-ceasas,Laranja - Ceasas,Laranja Pera (13 a 15 DZ),,preco,2.06,"2,06",R$/Kg,price,BRL,kg,spot,,,physical
2026-04-20,laranja,laranja-ceasas,Laranja - Ceasas,Laranja Pera (13 a 15 DZ),,variacao_pct,0.0,"0,00",%,change_pct,,pct,spot,,,physical
2026-04-20,laranja,laranja-ceasas,Laranja - Ceasas,Laranja Pera Extra,,preco,2.4,"2,40",R$/Kg,price,BRL,kg,spot,,,physical
2026-04-20,laranja,laranja-ceasas,Laranja - Ceasas,Laranja Pera Extra,,variacao_pct,0.0,"0,00",%,change_pct,,pct,spot,,,physical
2026-04-20,laranja,laranja-ceasas,Laranja - Ceasas,Laranja Pera Gde (11-12 DZ),,preco,2.5,"2,50",R$/Kg,price,BRL,kg,spot,,,physical
2026-04-20,laranja,laranja-ceasas,Laranja - Ceasas,Laranja Pera Gde (11-12 DZ),,variacao_pct,0.0,"0,00",%,change_pct,,pct,spot,,,physical
2026-04-20,laranja,laranja-industria,Laranja Indústria,,,r_a_prazocaixa_408_kg_prazo,27.5,"27,50",R$,price,BRL,,spot,,,physical
2026-04-20,laranja,laranja-industria,Laranja Indústria,,,variacao_pct,-3.75,"-3,75",%,change_pct,,pct,spot,,,physical
2026-04-20,laranja,laranja-pera-in-natura,Laranja Pera In Natura,,,caixa_40_8_kg,42.74,"42,74",R$,price,BRL,,spot,,,other
2026-04-20,laranja,laranja-pera-in-natura,Laranja Pera In Natura,,,variacao_pct,-1.66,"-1,66",%,change_pct,,pct,spot,,,other
2026-04-20,laranja,suco-de-laranja-bolsa-de-nova-iorque-nybot,Suco de Laranja - Bolsa de Nova Iorque (NYBOT),,Julho/26,fechamento,177.3,"177,30",c/US$/libra peso,price,USD,lb,futures,2026-07,,nybot
2026-04-20,laranja,suco-de-laranja-bolsa-de-nova-iorque-nybot,Suco de Laranja - Bolsa de Nova Iorque (NYBOT),,Julho/26,variacao_pontos,-10.75,"-10,75",%,change_abs,,pct,futures,2026-07,,nybot
2026-04-20,laranja,suco-de-laranja-bolsa-de-nova-iorque-nybot,Suco de Laranja - Bolsa de Nova Iorque (NYBOT),,Maio/26,fechamento,174.45,"174,45",c/US$/libra peso,price,USD,lb,futures,2026-05,,nybot
2026-04-20,laranja,suco-de-laranja-bolsa-de-nova-iorque-nybot,Suco de Laranja - Bolsa de Nova Iorque (NYBOT),,Maio/26,variacao_pontos,-11.65,"-11,65",%,change_abs,,pct,futures,2026-05,,nybot
2026-04-20,laranja,suco-de-laranja-bolsa-de-nova-iorque-nybot,Suco de Laranja - Bolsa de Nova Iorque (NYBOT),,Setembro/26,fechamento,178.6,"178,60",c/US$/libra peso,price,USD,lb,futures,2026-09,,nybot
2026-04-20,laranja,suco-de-laranja-bolsa-de-nova-iorque-nybot,Suco de Laranja - Bolsa de Nova Iorque (NYBOT),,Setembro/26,variacao_pontos,-10.6,"-10,60",%,change_abs,,pct,futures,2026-09,,nybot
2026-04-21,laranja,suco-de-laranja-bolsa-de-nova-iorque-nybot,Suco de Laranja - Bolsa de Nova Iorque (NYBOT),,Julho/26,fechamento,174.8,"174,80",c/US$/libra peso,price,USD,lb,futures,2026-07,,nybot
2026-04-21,laranja,suco-de-laranja-bolsa-de-nova-iorque-nybot,Suco de Laranja - Bolsa de Nova Iorque (NYBOT),,Julho/26,variacao_pontos,-2.5,"-2,50",%,change_abs,,pct,futures,2026-07,,nybot
2026-04-21,laranja,suco-de-laranja-bolsa-de-nova-iorque-nybot,Suco de Laranja - Bolsa de Nova Iorque (NYBOT),,Maio/26,fechamento,169.95,"169,95",c/US$/libra peso,price,USD,lb,futures,2026-05,,nybot
2026-04-21,laranja,suco-de-laranja-bolsa-de-nova-iorque-nybot,Suco de Laranja - Bolsa de Nova Iorque (NYBOT),,Maio/26,variacao_pontos,-4.5,"-4,50",%,change_abs,,pct,futures,2026-05,,nybot
2026-04-21,laranja,suco-de-laranja-bolsa-de-nova-iorque-nybot,Suco de Laranja - Bolsa de Nova Iorque (NYBOT),,Setembro/26,fechamento,176.3,"176,30",c/US$/libra peso,price,USD,lb,futures,2026-09,,nybot
2026-04-21,laranja,suco-de-laranja-bolsa-de-nova-iorque-nybot,Suco de Laranja - Bolsa de Nova Iorque (NYBOT),,Setembro/26,variacao_pontos,-2.3,"-2,30",%,change_abs,,pct,futures,2026-09,,nybot
2026-04-22,laranja,laranja-ceasas,Laranja - Ceasas,Laranja Pera (13 a 15 DZ),,preco,2.06,"2,06",R$/Kg,price,BRL,kg,spot,,,physical
2026-04-22,laranja,laranja-ceasas,Laranja - Ceasas,Laranja Pera (13 a 15 DZ),,variacao_pct,0.0,"0,00",%,change_pct,,pct,spot,,,physical
2026-04-22,laranja,laranja-ceasas,Laranja - Ceasas,Laranja Pera Extra,,preco,2.4,"2,40",R$/Kg,price,BRL,kg,spot,,,physical
2026-04-22,laranja,laranja-ceasas,Laranja - Ceasas,Laranja Pera Extra,,variacao_pct,0.0,"0,00",%,change_pct,,pct,spot,,,physical
2026-04-22,laranja,laranja-ceasas,Laranja - Ceasas,Laranja Pera Gde (11-12 DZ),,preco,2.5,"2,50",R$/Kg,price,BRL,kg,spot,,,physical
2026-04-22,laranja,laranja-ceasas,Laranja - Ceasas,Laranja Pera Gde (11-12 DZ),,variacao_pct,0.0,"0,00",%,change_pct,,pct,spot,,,physical
2026-04-22,laranja,laranja-industria,Laranja Indústria,,,r_a_prazocaixa_408_kg_prazo,27.5,"27,50",R$,price,BRL,,spot,,,physical
2026-04-22,laranja,laranja-industria,Laranja Indústria,,,variacao_pct,0.0,"0,00",%,change_pct,,pct,spot,,,physical
2026-04-22,laranja,laranja-pera-in-natura,Laranja Pera In Natura,,,caixa_40_8_kg,41.87,"41,87",R$,price,BRL,,spot,,,other
2026-04-22,laranja,laranja-pera-in-natura,Laranja Pera In Natura,,,variacao_pct,-2.04,"-2,04",%,change_pct,,pct,spot,,,other
2026-04-22,laranja,suco-de-laranja-bolsa-de-nova-iorque-nybot,Suco de Laranja - Bolsa de Nova Iorque (NYBOT),,Julho/26,fechamento,173.25,"173,25",c/US$/libra peso,price,USD,lb,futures,2026-07,,nybot
2026-04-22,laranja,suco-de-laranja-bolsa-de-nova-iorque-nybot,Suco de Laranja - Bolsa de Nova Iorque (NYBOT),,Julho/26,variacao_pontos,-1.55,"-1,55",%,change_abs,,pct,futures,2026-07,,nybot
2026-04-22,laranja,suco-de-laranja-bolsa-de-nova-iorque-nybot,Suco de Laranja - Bolsa de Nova Iorque (NYBOT),,Maio/26,fechamento,165.1,"165,10",c/US$/libra peso,price,USD,lb,futures,2026-05,,nybot
2026-04-22,laranja,suco-de-laranja-bolsa-de-nova-iorque-nybot,Suco de Laranja - Bolsa de Nova Iorque (NYBOT),,Maio/26,variacao_pontos,-4.85,"-4,85",%,change_abs,,pct,futures,2026-05,,nybot
2026-04-22,laranja,suco-de-laranja-bolsa-de-nova-iorque-nybot,Suco de Laranja - Bolsa de Nova Iorque (NYBOT),,Setembro/26,fechamento,174.6,"174,60",c/US$/libra peso,price,USD,lb,futures,2026-09,,nybot
2026-04-22,laranja,suco-de-laranja-bolsa-de-nova-iorque-nybot,Suco de Laranja - Bolsa de Nova Iorque (NYBOT),,Setembro/26,variacao_pontos,-1.7,"-1,70",%,change_abs,,pct,futures,2026-09,,nybot
2026-04-23,laranja,laranja-ceasas,Laranja - Ceasas,Laranja Pera (13 a 15 DZ),,preco,2.07,"2,07",R$/Kg,price,BRL,kg,spot,,,physical
2026-04-23,laranja,laranja-ceasas,Laranja - Ceasas,Laranja Pera (13 a 15 DZ),,variacao_pct,0.49,"+0,49",%,change_pct,,pct,spot,,,physical
2026-04-23,laranja,laranja-ceasas,Laranja - Ceasas,Laranja Pera Extra,,preco,2.4,"2,40",R$/Kg,price,BRL,kg,spot,,,physical
2026-04-23,laranja,laranja-ceasas,Laranja - Ceasas,Laranja Pera Extra,,variacao_pct,0.0,"0,00",%,change_pct,,pct,spot,,,physical
2026-04-23,laranja,laranja-ceasas,Laranja - Ceasas,Laranja Pera Gde (11-12 DZ),,preco,2.5,"2,50",R$/Kg,price,BRL,kg,spot,,,physical
2026-04-23,laranja,laranja-ceasas,Laranja - Ceasas,Laranja Pera Gde (11-12 DZ),,variacao_pct,0.0,"0,00",%,change_pct,,pct,spot,,,physical
2026-04-23,laranja,laranja-industria,Laranja Indústria,,,r_a_prazocaixa_408_kg_prazo,27.5,"27,50",R$,price,BRL,,spot,,,physical
2026-04-23,laranja,laranja-industria,Laranja Indústria,,,variacao_pct,0.0,"0,00",%,change_pct,,pct,spot,,,physical
2026-04-23,laranja,laranja-pera-in-natura,Laranja Pera In Natura,,,caixa_40_8_kg,41.81,"41,81",R$,price,BRL,,spot,,,other
2026-04-23,laranja,laranja-pera-in-natura,Laranja Pera In Natura,,,variacao_pct,-0.14,"-0,14",%,change_pct,,pct,spot,,,other
2026-04-23,laranja,suco-de-laranja-bolsa-de-nova-iorque-nybot,Suco de Laranja - Bolsa de Nova Iorque (NYBOT),,Julho/26,fechamento,167.8,"167,80",c/US$/libra peso,price,USD,lb,futures,2026-07,,nybot
2026-04-23,laranja,suco-de-laranja-bolsa-de-nova-iorque-nybot,Suco de Laranja - Bolsa de Nova Iorque (NYBOT),,Julho/26,variacao_pontos,-5.45,"-5,45",%,change_abs,,pct,futures,2026-07,,nybot
2026-04-23,laranja,suco-de-laranja-bolsa-de-nova-iorque-nybot,Suco de Laranja - Bolsa de Nova Iorque (NYBOT),,Maio/26,fechamento,157.25,"157,25",c/US$/libra peso,price,USD,lb,futures,2026-05,,nybot
2026-04-23,laranja,suco-de-laranja-bolsa-de-nova-iorque-nybot,Suco de Laranja - Bolsa de Nova Iorque (NYBOT),,Maio/26,variacao_pontos,-7.85,"-7,85",%,change_abs,,pct,futures,2026-05,,nybot
2026-04-23,laranja,suco-de-laranja-bolsa-de-nova-iorque-nybot,Suco de Laranja - Bolsa de Nova Iorque (NYBOT),,Setembro/26,fechamento,169.85,"169,85",c/US$/libra peso,price,USD,lb,futures,2026-09,,nybot
2026-04-23,laranja,suco-de-laranja-bolsa-de-nova-iorque-nybot,Suco de Laranja - Bolsa de Nova Iorque (NYBOT),,Setembro/26,variacao_pontos,-4.75,"-4,75",%,change_abs,,pct,futures,2026-09,,nybot
2026-04-24,laranja,laranja-ceasas,Laranja - Ceasas,Laranja Pera (13 a 15 DZ),,preco,2.07,"2,07",R$/Kg,price,BRL,kg,spot,,,physical
2026-04-24,laranja,laranja-ceasas,Laranja - Ceasas,Laranja Pera (13 a 15 DZ),,variacao_pct,0.0,"0,00",%,change_pct,,pct,spot,,,physical
2026-04-24,laranja,laranja-ceasas,Laranja - Ceasas,Laranja Pera Extra,,preco,2.4,"2,40",R$/Kg,price,BRL,kg,spot,,,physical
2026-04-24,laranja,laranja-ceasas,Laranja - Ceasas,Laranja Pera Extra,,variacao_pct,0.0,"0,00",%,change_pct,,pct,spot,,,physical
2026-04-24,laranja,laranja-ceasas,Laranja - Ceasas,Laranja Pera Gde (11-12 DZ),,preco,2.5,"2,50",R$/Kg,price,BRL,kg,spot,,,physical
2026-04-24,laranja,laranja-ceasas,Laranja - Ceasas,Laranja Pera Gde (11-12 DZ),,variacao_pct,0.0,"0,00",%,change_pct,,pct,spot,,,physical
2026-04-24,laranja,laranja-industria,Laranja Indústria,,,r_a_prazocaixa_408_kg_prazo,26.88,"26,88",R$,price,BRL,,spot,,,physical
2026-04-24,laranja,laranja-industria,Laranja Indústria,,,variacao_pct,-2.25,"-2,25",%,change_pct,,pct,spot,,,physical
2026-04-24,laranja,laranja-pera-in-natura,Laranja Pera In Natura,,,caixa_40_8_kg,41.78,"41,78",R$,price,BRL,,spot,,,other
2026-04-24,laranja,laranja-pera-in-natura,Laranja Pera In Natura,,,variacao_pct,-0.07,"-0,07",%,change_pct,,pct,spot,,,other
2026-04-24,laranja,suco-de-laranja-bolsa-de-nova-iorque-nybot,Suco de Laranja - Bolsa de Nova Iorque (NYBOT),,Julho/26,fechamento,162.0,"162,00",c/US$/libra peso,price,USD,lb,futures,2026-07,,nybot
2026-04-24,laranja,suco-de-laranja-bolsa-de-nova-iorque-nybot,Suco de Laranja - Bolsa de Nova Iorque (NYBOT),,Julho/26,variacao_pontos,-5.8,"-5,80",%,change_abs,,pct,futures,2026-07,,nybot
2026-04-24,laranja,suco-de-laranja-bolsa-de-nova-iorque-nybot,Suco de Laranja - Bolsa de Nova Iorque (NYBOT),,Maio/26,fechamento,147.25,"147,25",c/US$/libra peso,price,USD,lb,futures,2026-05,,nybot
2026-04-24,laranja,suco-de-laranja-bolsa-de-nova-iorque-nybot,Suco de Laranja - Bolsa de Nova Iorque (NYBOT),,Maio/26,variacao_pontos,-10.0,"-10,00",%,change_abs,,pct,futures,2026-05,,nybot
2026-04-24,laranja,suco-de-laranja-bolsa-de-nova-iorque-nybot,Suco de Laranja - Bolsa de Nova Iorque (NYBOT),,Setembro/26,fechamento,164.75,"164,75",c/US$/libra peso,price,USD,lb,futures,2026-09,,nybot
2026-04-24,laranja,suco-de-laranja-bolsa-de-nova-iorque-nybot,Suco de Laranja - Bolsa de Nova Iorque (NYBOT),,Setembro/26,variacao_pontos,-5.1,"-5,10",%,change_abs,,pct,futures,2026-09,,nybot
2026-04-27,laranja,laranja-ceasas,Laranja - Ceasas,Laranja Pera (13 a 15 DZ),,preco,2.07,"2,07",R$/Kg,price,BRL,kg,spot,,,physical
2026-04-27,laranja,laranja-ceasas,Laranja - Ceasas,Laranja Pera (13 a 15 DZ),,variacao_pct,0.0,"0,00",%,change_pct,,pct,spot,,,physical
2026-04-27,laranja,laranja-ceasas,Laranja - Ceasas,Laranja Pera Extra,,preco,2.4,"2,40",R$/Kg,price,BRL,kg,spot,,,physical
2026-04-27,laranja,laranja-ceasas,Laranja - Ceasas,Laranja Pera Extra,,variacao_pct,0.0,"0,00",%,change_pct,,pct,spot,,,physical
2026-04-27,laranja,laranja-ceasas,Laranja - Ceasas,Laranja Pera Gde (11-12 DZ),,preco,2.5,"2,50",R$/Kg,price,BRL,kg,spot,,,physical
2026-04-27,laranja,laranja-ceasas,Laranja - Ceasas,Laranja Pera Gde (11-12 DZ),,variacao_pct,0.0,"0,00",%,change_pct,,pct,spot,,,physical
2026-04-27,laranja,laranja-industria,Laranja Indústria,,,r_a_prazocaixa_408_kg_prazo,26.67,"26,67",R$,price,BRL,,spot,,,physical
2026-04-27,laranja,laranja-industria,Laranja Indústria,,,variacao_pct,-0.78,"-0,78",%,change_pct,,pct,spot,,,physical
2026-04-27,laranja,laranja-pera-in-natura,Laranja Pera In Natura,,,caixa_40_8_kg,41.41,"41,41",R$,price,BRL,,spot,,,other
2026-04-27,laranja,laranja-pera-in-natura,Laranja Pera In Natura,,,variacao_pct,-0.89,"-0,89",%,change_pct,,pct,spot,,,other
2026-04-27,laranja,suco-de-laranja-bolsa-de-nova-iorque-nybot,Suco de Laranja - Bolsa de Nova Iorque (NYBOT),,Julho/26,fechamento,163.5,"163,50",c/US$/libra peso,price,USD,lb,futures,2026-07,,nybot
2026-04-27,laranja,suco-de-laranja-bolsa-de-nova-iorque-nybot,Suco de Laranja - Bolsa de Nova Iorque (NYBOT),,Julho/26,variacao_pontos,1.5,"+1,50",%,change_abs,,pct,futures,2026-07,,nybot
2026-04-27,laranja,suco-de-laranja-bolsa-de-nova-iorque-nybot,Suco de Laranja - Bolsa de Nova Iorque (NYBOT),,Maio/26,fechamento,142.75,"142,75",c/US$/libra peso,price,USD,lb,futures,2026-05,,nybot
2026-04-27,laranja,suco-de-laranja-bolsa-de-nova-iorque-nybot,Suco de Laranja - Bolsa de Nova Iorque (NYBOT),,Maio/26,variacao_pontos,-4.5,"-4,50",%,change_abs,,pct,futures,2026-05,,nybot
2026-04-27,laranja,suco-de-laranja-bolsa-de-nova-iorque-nybot,Suco de Laranja - Bolsa de Nova Iorque (NYBOT),,Setembro/26,fechamento,166.05,"166,05",c/US$/libra peso,price,USD,lb,futures,2026-09,,nybot
2026-04-27,laranja,suco-de-laranja-bolsa-de-nova-iorque-nybot,Suco de Laranja - Bolsa de Nova Iorque (NYBOT),,Setembro/26,variacao_pontos,1.3,"+1,30",%,change_abs,,pct,futures,2026-09,,nybot
2026-04-28,laranja,laranja-ceasas,Laranja - Ceasas,Laranja Pera (13 a 15 DZ),,preco,2.02,"2,02",R$/Kg,price,BRL,kg,spot,,,physical
2026-04-28,laranja,laranja-ceasas,Laranja - Ceasas,Laranja Pera (13 a 15 DZ),,variacao_pct,-2.42,"-2,42",%,change_pct,,pct,spot,,,physical
2026-04-28,laranja,laranja-ceasas,Laranja - Ceasas,Laranja Pera Extra,,preco,2.4,"2,40",R$/Kg,price,BRL,kg,spot,,,physical
2026-04-28,laranja,laranja-ceasas,Laranja - Ceasas,Laranja Pera Extra,,variacao_pct,0.0,"0,00",%,change_pct,,pct,spot,,,physical
2026-04-28,laranja,laranja-ceasas,Laranja - Ceasas,Laranja Pera Gde (11-12 DZ),,preco,2.5,"2,50",R$/Kg,price,BRL,kg,spot,,,physical
2026-04-28,laranja,laranja-ceasas,Laranja - Ceasas,Laranja Pera Gde (11-12 DZ),,variacao_pct,0.0,"0,00",%,change_pct,,pct,spot,,,physical
2026-04-28,laranja,laranja-industria,Laranja Indústria,,,r_a_prazocaixa_408_kg_prazo,26.67,"26,67",R$,price,BRL,,spot,,,physical
2026-04-28,laranja,laranja-industria,Laranja Indústria,,,variacao_pct,0.0,"0,00",%,change_pct,,pct,spot,,,physical
2026-04-28,laranja,laranja-pera-in-natura,Laranja Pera In Natura,,,caixa_40_8_kg,40.14,"40,14",R$,price,BRL,,spot,,,other
2026-04-28,laranja,laranja-pera-in-natura,Laranja Pera In Natura,,,variacao_pct,-3.07,"-3,07",%,change_pct,,pct,spot,,,other
2026-04-28,laranja,suco-de-laranja-bolsa-de-nova-iorque-nybot,Suco de Laranja - Bolsa de Nova Iorque (NYBOT),,Julho/26,fechamento,173.5,"173,50",c/US$/libra peso,price,USD,lb,futures,2026-07,,nybot
2026-04-28,laranja,suco-de-laranja-bolsa-de-nova-iorque-nybot,Suco de Laranja - Bolsa de Nova Iorque (NYBOT),,Julho/26,variacao_pontos,10.0,"+10,00",%,change_abs,,pct,futures,2026-07,,nybot
2026-04-28,laranja,suco-de-laranja-bolsa-de-nova-iorque-nybot,Suco de Laranja - Bolsa de Nova Iorque (NYBOT),,Maio/26,fechamento,152.25,"152,25",c/US$/libra peso,price,USD,lb,futures,2026-05,,nybot
2026-04-28,laranja,suco-de-laranja-bolsa-de-nova-iorque-nybot,Suco de Laranja - Bolsa de Nova Iorque (NYBOT),,Maio/26,variacao_pontos,9.5,"+9,50",%,change_abs,,pct,futures,2026-05,,nybot
2026-04-28,laranja,suco-de-laranja-bolsa-de-nova-iorque-nybot,Suco de Laranja - Bolsa de Nova Iorque (NYBOT),,Setembro/26,fechamento,175.5,"175,50",c/US$/libra peso,price,USD,lb,futures,2026-09,,nybot
2026-04-28,laranja,suco-de-laranja-bolsa-de-nova-iorque-nybot,Suco de Laranja - Bolsa de Nova Iorque (NYBOT),,Setembro/26,variacao_pontos,9.45,"+9,45",%,change_abs,,pct,futures,2026-09,,nybot
2026-04-29,laranja,laranja-ceasas,Laranja - Ceasas,Laranja Pera (13 a 15 DZ),,preco,2.02,"2,02",R$/Kg,price,BRL,kg,spot,,,physical
2026-04-29,laranja,laranja-ceasas,Laranja - Ceasas,Laranja Pera (13 a 15 DZ),,variacao_pct,0.0,"0,00",%,change_pct,,pct,spot,,,physical
2026-04-29,laranja,laranja-ceasas,Laranja - Ceasas,Laranja Pera Extra,,preco,2.4,"2,40",R$/Kg,price,BRL,kg,spot,,,physical
2026-04-29,laranja,laranja-ceasas,Laranja - Ceasas,Laranja Pera Extra,,variacao_pct,0.0,"0,00",%,change_pct,,pct,spot,,,physical
2026-04-29,laranja,laranja-ceasas,Laranja - Ceasas,Laranja Pera Gde (11-12 DZ),,preco,2.5,"2,50",R$/Kg,price,BRL,kg,spot,,,physical
2026-04-29,laranja,laranja-ceasas,Laranja - Ceasas,Laranja Pera Gde (11-12 DZ),,variacao_pct,0.0,"0,00",%,change_pct,,pct,spot,,,physical
2026-04-29,laranja,laranja-industria,Laranja Indústria,,,r_a_prazocaixa_408_kg_prazo,26.43,"26,43",R$,price,BRL,,spot,,,physical
2026-04-29,laranja,laranja-industria,Laranja Indústria,,,variacao_pct,-0.9,"-0,90",%,change_pct,,pct,spot,,,physical
2026-04-29,laranja,laranja-pera-in-natura,Laranja Pera In Natura,,,caixa_40_8_kg,39.41,"39,41",R$,price,BRL,,spot,,,other
2026-04-29,laranja,laranja-pera-in-natura,Laranja Pera In Natura,,,variacao_pct,-1.82,"-1,82",%,change_pct,,pct,spot,,,other
2026-04-29,laranja,suco-de-laranja-bolsa-de-nova-iorque-nybot,Suco de Laranja - Bolsa de Nova Iorque (NYBOT),,Julho/26,fechamento,184.4,"184,40",c/US$/libra peso,price,USD,lb,futures,2026-07,,nybot
2026-04-29,laranja,suco-de-laranja-bolsa-de-nova-iorque-nybot,Suco de Laranja - Bolsa de Nova Iorque (NYBOT),,Julho/26,variacao_pontos,10.9,"+10,90",%,change_abs,,pct,futures,2026-07,,nybot
2026-04-29,laranja,suco-de-laranja-bolsa-de-nova-iorque-nybot,Suco de Laranja - Bolsa de Nova Iorque (NYBOT),,Maio/26,fechamento,157.4,"157,40",c/US$/libra peso,price,USD,lb,futures,2026-05,,nybot
2026-04-29,laranja,suco-de-laranja-bolsa-de-nova-iorque-nybot,Suco de Laranja - Bolsa de Nova Iorque (NYBOT),,Maio/26,variacao_pontos,5.15,"+5,15",%,change_abs,,pct,futures,2026-05,,nybot
2026-04-29,laranja,suco-de-laranja-bolsa-de-nova-iorque-nybot,Suco de Laranja - Bolsa de Nova Iorque (NYBOT),,Setembro/26,fechamento,186.4,"186,40",c/US$/libra peso,price,USD,lb,futures,2026-09,,nybot
2026-04-29,laranja,suco-de-laranja-bolsa-de-nova-iorque-nybot,Suco de Laranja - Bolsa de Nova Iorque (NYBOT),,Setembro/26,variacao_pontos,10.9,"+10,90",%,change_abs,,pct,futures,2026-09,,nybot
2026-04-30,laranja,laranja-ceasas,Laranja - Ceasas,Laranja Pera (13 a 15 DZ),,preco,2.06,"2,06",R$/Kg,price,BRL,kg,spot,,,physical
2026-04-30,laranja,laranja-ceasas,Laranja - Ceasas,Laranja Pera (13 a 15 DZ),,variacao_pct,1.98,"+1,98",%,change_pct,,pct,spot,,,physical
2026-04-30,laranja,laranja-ceasas,Laranja - Ceasas,Laranja Pera Extra,,preco,2.4,"2,40",R$/Kg,price,BRL,kg,spot,,,physical
2026-04-30,laranja,laranja-ceasas,Laranja - Ceasas,Laranja Pera Extra,,variacao_pct,0.0,"0,00",%,change_pct,,pct,spot,,,physical
2026-04-30,laranja,laranja-ceasas,Laranja - Ceasas,Laranja Pera Gde (11-12 DZ),,preco,2.5,"2,50",R$/Kg,price,BRL,kg,spot,,,physical
2026-04-30,laranja,laranja-ceasas,Laranja - Ceasas,Laranja Pera Gde (11-12 DZ),,variacao_pct,0.0,"0,00",%,change_pct,,pct,spot,,,physical
2026-04-30,laranja,laranja-industria,Laranja Indústria,,,r_a_prazocaixa_408_kg_prazo,25.82,"25,82",R$,price,BRL,,spot,,,physical
2026-04-30,laranja,laranja-industria,Laranja Indústria,,,variacao_pct,-2.31,"-2,31",%,change_pct,,pct,spot,,,physical
2026-04-30,laranja,laranja-pera-in-natura,Laranja Pera In Natura,,,caixa_40_8_kg,40.03,"40,03",R$,price,BRL,,spot,,,other
2026-04-30,laranja,laranja-pera-in-natura,Laranja Pera In Natura,,,variacao_pct,1.57,"+1,57",%,change_pct,,pct,spot,,,other
2026-04-30,laranja,suco-de-laranja-bolsa-de-nova-iorque-nybot,Suco de Laranja - Bolsa de Nova Iorque (NYBOT),,Julho/26,fechamento,190.25,"190,25",c/US$/libra peso,price,USD,lb,futures,2026-07,,nybot
2026-04-30,laranja,suco-de-laranja-bolsa-de-nova-iorque-nybot,Suco de Laranja - Bolsa de Nova Iorque (NYBOT),,Julho/26,variacao_pontos,5.85,"+5,85",%,change_abs,,pct,futures,2026-07,,nybot
2026-04-30,laranja,suco-de-laranja-bolsa-de-nova-iorque-nybot,Suco de Laranja - Bolsa de Nova Iorque (NYBOT),,Maio/26,fechamento,167.3,"167,30",c/US$/libra peso,price,USD,lb,futures,2026-05,,nybot
2026-04-30,laranja,suco-de-laranja-bolsa-de-nova-iorque-nybot,Suco de Laranja - Bolsa de Nova Iorque (NYBOT),,Maio/26,variacao_pontos,9.9,"+9,90",%,change_abs,,pct,futures,2026-05,,nybot
2026-04-30,laranja,suco-de-laranja-bolsa-de-nova-iorque-nybot,Suco de Laranja - Bolsa de Nova Iorque (NYBOT),,Setembro/26,fechamento,191.85,"191,85",c/US$/libra peso,price,USD,lb,futures,2026-09,,nybot
2026-04-30,laranja,suco-de-laranja-bolsa-de-nova-iorque-nybot,Suco de Laranja - Bolsa de Nova Iorque (NYBOT),,Setembro/26,variacao_pontos,5.45,"+5,45",%,change_abs,,pct,futures,2026-09,,nybot
2026-05-04,laranja,laranja-ceasas,Laranja - Ceasas,Laranja Pera (13 a 15 DZ),,preco,2.06,"2,06",R$/Kg,price,BRL,kg,spot,,,physical
2026-05-04,laranja,laranja-ceasas,Laranja - Ceasas,Laranja Pera (13 a 15 DZ),,variacao_pct,0.0,"0,00",%,change_pct,,pct,spot,,,physical
2026-05-04,laranja,laranja-ceasas,Laranja - Ceasas,Laranja Pera Extra,,preco,2.4,"2,40",R$/Kg,price,BRL,kg,spot,,,physical
2026-05-04,laranja,laranja-ceasas,Laranja - Ceasas,Laranja Pera Extra,,variacao_pct,0.0,"0,00",%,change_pct,,pct,spot,,,physical
2026-05-04,laranja,laranja-ceasas,Laranja - Ceasas,Laranja Pera Gde (11-12 DZ),,preco,2.5,"2,50",R$/Kg,price,BRL,kg,spot,,,physical
2026-05-04,laranja,laranja-ceasas,Laranja - Ceasas,Laranja Pera Gde (11-12 DZ),,variacao_pct,0.0,"0,00",%,change_pct,,pct,spot,,,physical
2026-05-04,laranja,laranja-industria,Laranja Indústria,,,r_a_prazocaixa_408_kg_prazo,26.22,"26,22",R$,price,BRL,,spot,,,physical
2026-05-04,laranja,laranja-industria,Laranja Indústria,,,variacao_pct,1.55,"+1,55",%,change_pct,,pct,spot,,,physical
2026-05-04,laranja,laranja-pera-in-natura,Laranja Pera In Natura,,,caixa_40_8_kg,40.37,"40,37",R$,price,BRL,,spot,,,other
2026-05-04,laranja,laranja-pera-in-natura,Laranja Pera In Natura,,,variacao_pct,0.85,"+0,85",%,change_pct,,pct,spot,,,other
2026-05-04,laranja,suco-de-laranja-bolsa-de-nova-iorque-nybot,Suco de Laranja - Bolsa de Nova Iorque (NYBOT),,Julho/26,fechamento,190.9,"190,90",c/US$/libra peso,price,USD,lb,futures,2026-07,,nybot
2026-05-04,laranja,suco-de-laranja-bolsa-de-nova-iorque-nybot,Suco de Laranja - Bolsa de Nova Iorque (NYBOT),,Julho/26,variacao_pontos,1.6,"+1,60",%,change_abs,,pct,futures,2026-07,,nybot
2026-05-04,laranja,suco-de-laranja-bolsa-de-nova-iorque-nybot,Suco de Laranja - Bolsa de Nova Iorque (NYBOT),,Maio/26,fechamento,173.4,"173,40",c/US$/libra peso,price,USD,lb,futures,2026-05,,nybot
2026-05-04,laranja,suco-de-laranja-bolsa-de-nova-iorque-nybot,Suco de Laranja - Bolsa de Nova Iorque (NYBOT),,Maio/26,variacao_pontos,7.05,"+7,05",%,change_abs,,pct,futures,2026-05,,nybot
2026-05-04,laranja,suco-de-laranja-bolsa-de-nova-iorque-nybot,Suco de Laranja - Bolsa de Nova Iorque (NYBOT),,Setembro/26,fechamento,192.05,"192,05",c/US$/libra peso,price,USD,lb,futures,2026-09,,nybot
2026-05-04,laranja,suco-de-laranja-bolsa-de-nova-iorque-nybot,Suco de Laranja - Bolsa de Nova Iorque (NYBOT),,Setembro/26,variacao_pontos,1.25,"+1,25",%,change_abs,,pct,futures,2026-09,,nybot
2026-05-05,laranja,laranja-ceasas,Laranja - Ceasas,Laranja Pera (13 a 15 DZ),,preco,2.07,"2,07",R$/Kg,price,BRL,kg,spot,,,physical
2026-05-05,laranja,laranja-ceasas,Laranja - Ceasas,Laranja Pera (13 a 15 DZ),,variacao_pct,0.49,"+0,49",%,change_pct,,pct,spot,,,physical
2026-05-05,laranja,laranja-ceasas,Laranja - Ceasas,Laranja Pera Extra,,preco,2.4,"2,40",R$/Kg,price,BRL,kg,spot,,,physical
2026-05-05,laranja,laranja-ceasas,Laranja - Ceasas,Laranja Pera Extra,,variacao_pct,0.0,"0,00",%,change_pct,,pct,spot,,,physical
2026-05-05,laranja,laranja-ceasas,Laranja - Ceasas,Laranja Pera Gde (11-12 DZ),,preco,2.5,"2,50",R$/Kg,price,BRL,kg,spot,,,physical
2026-05-05,laranja,laranja-ceasas,Laranja - Ceasas,Laranja Pera Gde (11-12 DZ),,variacao_pct,0.0,"0,00",%,change_pct,,pct,spot,,,physical
2026-05-05,laranja,laranja-industria,Laranja Indústria,,,r_a_prazocaixa_408_kg_prazo,26.22,"26,22",R$,price,BRL,,spot,,,physical
2026-05-05,laranja,laranja-industria,Laranja Indústria,,,variacao_pct,0.0,"0,00",%,change_pct,,pct,spot,,,physical
2026-05-05,laranja,laranja-pera-in-natura,Laranja Pera In Natura,,,caixa_40_8_kg,41.2,"41,20",R$,price,BRL,,spot,,,other
2026-05-05,laranja,laranja-pera-in-natura,Laranja Pera In Natura,,,variacao_pct,2.06,"+2,06",%,change_pct,,pct,spot,,,other
2026-05-05,laranja,suco-de-laranja-bolsa-de-nova-iorque-nybot,Suco de Laranja - Bolsa de Nova Iorque (NYBOT),,Julho/26,fechamento,182.2,"182,20",c/US$/libra peso,price,USD,lb,futures,2026-07,,nybot
2026-05-05,laranja,suco-de-laranja-bolsa-de-nova-iorque-nybot,Suco de Laranja - Bolsa de Nova Iorque (NYBOT),,Julho/26,variacao_pontos,-8.7,"-8,70",%,change_abs,,pct,futures,2026-07,,nybot
2026-05-05,laranja,suco-de-laranja-bolsa-de-nova-iorque-nybot,Suco de Laranja - Bolsa de Nova Iorque (NYBOT),,Maio/26,fechamento,167.2,"167,20",c/US$/libra peso,price,USD,lb,futures,2026-05,,nybot
2026-05-05,laranja,suco-de-laranja-bolsa-de-nova-iorque-nybot,Suco de Laranja - Bolsa de Nova Iorque (NYBOT),,Maio/26,variacao_pontos,-6.2,"-6,20",%,change_abs,,pct,futures,2026-05,,nybot
2026-05-05,laranja,suco-de-laranja-bolsa-de-nova-iorque-nybot,Suco de Laranja - Bolsa de Nova Iorque (NYBOT),,Setembro/26,fechamento,183.95,"183,95",c/US$/libra peso,price,USD,lb,futures,2026-09,,nybot
2026-05-05,laranja,suco-de-laranja-bolsa-de-nova-iorque-nybot,Suco de Laranja - Bolsa de Nova Iorque (NYBOT),,Setembro/26,variacao_pontos,-8.1,"-8,10",%,change_abs,,pct,futures,2026-09,,nybot
2026-05-06,laranja,laranja-ceasas,Laranja - Ceasas,Laranja Pera (13 a 15 DZ),,preco,2.07,"2,07",R$/Kg,price,BRL,kg,spot,,,physical
2026-05-06,laranja,laranja-ceasas,Laranja - Ceasas,Laranja Pera (13 a 15 DZ),,variacao_pct,0.0,"0,00",%,change_pct,,pct,spot,,,physical
2026-05-06,laranja,laranja-ceasas,Laranja - Ceasas,Laranja Pera Extra,,preco,2.4,"2,40",R$/Kg,price,BRL,kg,spot,,,physical
2026-05-06,laranja,laranja-ceasas,Laranja - Ceasas,Laranja Pera Extra,,variacao_pct,0.0,"0,00",%,change_pct,,pct,spot,,,physical
2026-05-06,laranja,laranja-ceasas,Laranja - Ceasas,Laranja Pera Gde (11-12 DZ),,preco,2.5,"2,50",R$/Kg,price,BRL,kg,spot,,,physical
2026-05-06,laranja,laranja-ceasas,Laranja - Ceasas,Laranja Pera Gde (11-12 DZ),,variacao_pct,0.0,"0,00",%,change_pct,,pct,spot,,,physical
2026-05-06,laranja,laranja-industria,Laranja Indústria,,,r_a_prazocaixa_408_kg_prazo,26.38,"26,38",R$,price,BRL,,spot,,,physical
2026-05-06,laranja,laranja-industria,Laranja Indústria,,,variacao_pct,0.61,"+0,61",%,change_pct,,pct,spot,,,physical
2026-05-06,laranja,laranja-pera-in-natura,Laranja Pera In Natura,,,caixa_40_8_kg,39.77,"39,77",R$,price,BRL,,spot,,,other
2026-05-06,laranja,laranja-pera-in-natura,Laranja Pera In Natura,,,variacao_pct,-3.47,"-3,47",%,change_pct,,pct,spot,,,other
2026-05-06,laranja,suco-de-laranja-bolsa-de-nova-iorque-nybot,Suco de Laranja - Bolsa de Nova Iorque (NYBOT),,Julho/26,fechamento,179.95,"179,95",c/US$/libra peso,price,USD,lb,futures,2026-07,,nybot
2026-05-06,laranja,suco-de-laranja-bolsa-de-nova-iorque-nybot,Suco de Laranja - Bolsa de Nova Iorque (NYBOT),,Julho/26,variacao_pontos,-2.25,"-2,25",%,change_abs,,pct,futures,2026-07,,nybot
2026-05-06,laranja,suco-de-laranja-bolsa-de-nova-iorque-nybot,Suco de Laranja - Bolsa de Nova Iorque (NYBOT),,Maio/26,fechamento,170.4,"170,40",c/US$/libra peso,price,USD,lb,futures,2026-05,,nybot
2026-05-06,laranja,suco-de-laranja-bolsa-de-nova-iorque-nybot,Suco de Laranja - Bolsa de Nova Iorque (NYBOT),,Maio/26,variacao_pontos,3.2,"+3,20",%,change_abs,,pct,futures,2026-05,,nybot
2026-05-06,laranja,suco-de-laranja-bolsa-de-nova-iorque-nybot,Suco de Laranja - Bolsa de Nova Iorque (NYBOT),,Setembro/26,fechamento,181.95,"181,95",c/US$/libra peso,price,USD,lb,futures,2026-09,,nybot
2026-05-06,laranja,suco-de-laranja-bolsa-de-nova-iorque-nybot,Suco de Laranja - Bolsa de Nova Iorque (NYBOT),,Setembro/26,variacao_pontos,-2.0,"-2,00",%,change_abs,,pct,futures,2026-09,,nybot
2026-05-07,laranja,laranja-ceasas,Laranja - Ceasas,Laranja Pera (13 a 15 DZ),,preco,2.08,"2,08",R$/Kg,price,BRL,kg,spot,,,physical
2026-05-07,laranja,laranja-ceasas,Laranja - Ceasas,Laranja Pera (13 a 15 DZ),,variacao_pct,0.48,"+0,48",%,change_pct,,pct,spot,,,physical
2026-05-07,laranja,laranja-ceasas,Laranja - Ceasas,Laranja Pera Extra,,preco,2.4,"2,40",R$/Kg,price,BRL,kg,spot,,,physical
2026-05-07,laranja,laranja-ceasas,Laranja - Ceasas,Laranja Pera Extra,,variacao_pct,0.0,"0,00",%,change_pct,,pct,spot,,,physical
2026-05-07,laranja,laranja-ceasas,Laranja - Ceasas,Laranja Pera Gde (11-12 DZ),,preco,2.5,"2,50",R$/Kg,price,BRL,kg,spot,,,physical
2026-05-07,laranja,laranja-ceasas,Laranja - Ceasas,Laranja Pera Gde (11-12 DZ),,variacao_pct,0.0,"0,00",%,change_pct,,pct,spot,,,physical
2026-05-07,laranja,laranja-industria,Laranja Indústria,,,r_a_prazocaixa_408_kg_prazo,25.43,"25,43",R$,price,BRL,,spot,,,physical
2026-05-07,laranja,laranja-industria,Laranja Indústria,,,variacao_pct,-3.6,"-3,60",%,change_pct,,pct,spot,,,physical
2026-05-07,laranja,laranja-pera-in-natura,Laranja Pera In Natura,,,caixa_40_8_kg,39.58,"39,58",R$,price,BRL,,spot,,,other
2026-05-07,laranja,laranja-pera-in-natura,Laranja Pera In Natura,,,variacao_pct,-0.48,"-0,48",%,change_pct,,pct,spot,,,other
2026-05-07,laranja,suco-de-laranja-bolsa-de-nova-iorque-nybot,Suco de Laranja - Bolsa de Nova Iorque (NYBOT),,Julho/26,fechamento,173.2,"173,20",c/US$/libra peso,price,USD,lb,futures,2026-07,,nybot
2026-05-07,laranja,suco-de-laranja-bolsa-de-nova-iorque-nybot,Suco de Laranja - Bolsa de Nova Iorque (NYBOT),,Julho/26,variacao_pontos,-6.75,"-6,75",%,change_abs,,pct,futures,2026-07,,nybot
2026-05-07,laranja,suco-de-laranja-bolsa-de-nova-iorque-nybot,Suco de Laranja - Bolsa de Nova Iorque (NYBOT),,Maio/26,fechamento,163.65,"163,65",c/US$/libra peso,price,USD,lb,futures,2026-05,,nybot
2026-05-07,laranja,suco-de-laranja-bolsa-de-nova-iorque-nybot,Suco de Laranja - Bolsa de Nova Iorque (NYBOT),,Maio/26,variacao_pontos,-6.75,"-6,75",%,change_abs,,pct,futures,2026-05,,nybot
2026-05-07,laranja,suco-de-laranja-bolsa-de-nova-iorque-nybot,Suco de Laranja - Bolsa de Nova Iorque (NYBOT),,Setembro/26,fechamento,174.75,"174,75",c/US$/libra peso,price,USD,lb,futures,2026-09,,nybot
2026-05-07,laranja,suco-de-laranja-bolsa-de-nova-iorque-nybot,Suco de Laranja - Bolsa de Nova Iorque (NYBOT),,Setembro/26,variacao_pontos,-7.2,"-7,20",%,change_abs,,pct,futures,2026-09,,nybot
2026-05-08,laranja,laranja-ceasas,Laranja - Ceasas,Laranja Pera (13 a 15 DZ),,preco,2.08,"2,08",R$/Kg,price,BRL,kg,spot,,,physical
2026-05-08,laranja,laranja-ceasas,Laranja - Ceasas,Laranja Pera (13 a 15 DZ),,variacao_pct,0.0,"0,00",%,change_pct,,pct,spot,,,physical
2026-05-08,laranja,laranja-ceasas,Laranja - Ceasas,Laranja Pera Extra,,preco,2.4,"2,40",R$/Kg,price,BRL,kg,spot,,,physical
2026-05-08,laranja,laranja-ceasas,Laranja - Ceasas,Laranja Pera Extra,,variacao_pct,0.0,"0,00",%,change_pct,,pct,spot,,,physical
2026-05-08,laranja,laranja-ceasas,Laranja - Ceasas,Laranja Pera Gde (11-12 DZ),,preco,2.5,"2,50",R$/Kg,price,BRL,kg,spot,,,physical
2026-05-08,laranja,laranja-ceasas,Laranja - Ceasas,Laranja Pera Gde (11-12 DZ),,variacao_pct,0.0,"0,00",%,change_pct,,pct,spot,,,physical
2026-05-08,laranja,laranja-industria,Laranja Indústria,,,r_a_prazocaixa_408_kg_prazo,25.43,"25,43",R$,price,BRL,,spot,,,physical
2026-05-08,laranja,laranja-industria,Laranja Indústria,,,variacao_pct,0.0,"0,00",%,change_pct,,pct,spot,,,physical
2026-05-08,laranja,laranja-pera-in-natura,Laranja Pera In Natura,,,caixa_40_8_kg,40.1,"40,10",R$,price,BRL,,spot,,,other
2026-05-08,laranja,laranja-pera-in-natura,Laranja Pera In Natura,,,variacao_pct,1.31,"+1,31",%,change_pct,,pct,spot,,,other
2026-05-08,laranja,suco-de-laranja-bolsa-de-nova-iorque-nybot,Suco de Laranja - Bolsa de Nova Iorque (NYBOT),,Julho/26,fechamento,183.2,"183,20",c/US$/libra peso,price,USD,lb,futures,2026-07,,nybot
2026-05-08,laranja,suco-de-laranja-bolsa-de-nova-iorque-nybot,Suco de Laranja - Bolsa de Nova Iorque (NYBOT),,Julho/26,variacao_pontos,10.0,"+10,00",%,change_abs,,pct,futures,2026-07,,nybot
2026-05-08,laranja,suco-de-laranja-bolsa-de-nova-iorque-nybot,Suco de Laranja - Bolsa de Nova Iorque (NYBOT),,Maio/26,fechamento,173.65,"173,65",c/US$/libra peso,price,USD,lb,futures,2026-05,,nybot
2026-05-08,laranja,suco-de-laranja-bolsa-de-nova-iorque-nybot,Suco de Laranja - Bolsa de Nova Iorque (NYBOT),,Maio/26,variacao_pontos,10.0,"+10,00",%,change_abs,,pct,futures,2026-05,,nybot
2026-05-08,laranja,suco-de-laranja-bolsa-de-nova-iorque-nybot,Suco de Laranja - Bolsa de Nova Iorque (NYBOT),,Setembro/26,fechamento,184.75,"184,75",c/US$/libra peso,price,USD,lb,futures,2026-09,,nybot
2026-05-08,laranja,suco-de-laranja-bolsa-de-nova-iorque-nybot,Suco de Laranja - Bolsa de Nova Iorque (NYBOT),,Setembro/26,variacao_pontos,10.0,"+10,00",%,change_abs,,pct,futures,2026-09,,nybot
2026-05-11,laranja,laranja-ceasas,Laranja - Ceasas,Laranja Pera (13 a 15 DZ),,preco,2.1,"2,10",R$/Kg,price,BRL,kg,spot,,,physical
2026-05-11,laranja,laranja-ceasas,Laranja - Ceasas,Laranja Pera (13 a 15 DZ),,variacao_pct,0.96,"+0,96",%,change_pct,,pct,spot,,,physical
2026-05-11,laranja,laranja-ceasas,Laranja - Ceasas,Laranja Pera Extra,,preco,2.4,"2,40",R$/Kg,price,BRL,kg,spot,,,physical
2026-05-11,laranja,laranja-ceasas,Laranja - Ceasas,Laranja Pera Extra,,variacao_pct,0.0,"0,00",%,change_pct,,pct,spot,,,physical
2026-05-11,laranja,laranja-ceasas,Laranja - Ceasas,Laranja Pera Gde (11-12 DZ),,preco,2.5,"2,50",R$/Kg,price,BRL,kg,spot,,,physical
2026-05-11,laranja,laranja-ceasas,Laranja - Ceasas,Laranja Pera Gde (11-12 DZ),,variacao_pct,0.0,"0,00",%,change_pct,,pct,spot,,,physical
2026-05-11,laranja,laranja-industria,Laranja Indústria,,,r_a_prazocaixa_408_kg_prazo,24.86,"24,86",R$,price,BRL,,spot,,,physical
2026-05-11,laranja,laranja-industria,Laranja Indústria,,,variacao_pct,-2.24,"-2,24",%,change_pct,,pct,spot,,,physical
2026-05-11,laranja,laranja-pera-in-natura,Laranja Pera In Natura,,,caixa_40_8_kg,40.09,"40,09",R$,price,BRL,,spot,,,other
2026-05-11,laranja,laranja-pera-in-natura,Laranja Pera In Natura,,,variacao_pct,-0.02,"-0,02",%,change_pct,,pct,spot,,,other
2026-05-11,laranja,suco-de-laranja-bolsa-de-nova-iorque-nybot,Suco de Laranja - Bolsa de Nova Iorque (NYBOT),,Julho/26,fechamento,183.6,"183,60",c/US$/libra peso,price,USD,lb,futures,2026-07,,nybot
2026-05-11,laranja,suco-de-laranja-bolsa-de-nova-iorque-nybot,Suco de Laranja - Bolsa de Nova Iorque (NYBOT),,Julho/26,variacao_pontos,0.4,"+0,40",%,change_abs,,pct,futures,2026-07,,nybot
2026-05-11,laranja,suco-de-laranja-bolsa-de-nova-iorque-nybot,Suco de Laranja - Bolsa de Nova Iorque (NYBOT),,Novembro/26,fechamento,186.5,"186,50",c/US$/libra peso,price,USD,lb,futures,2026-11,,nybot
2026-05-11,laranja,suco-de-laranja-bolsa-de-nova-iorque-nybot,Suco de Laranja - Bolsa de Nova Iorque (NYBOT),,Novembro/26,variacao_pontos,-0.45,"-0,45",%,change_abs,,pct,futures,2026-11,,nybot
2026-05-11,laranja,suco-de-laranja-bolsa-de-nova-iorque-nybot,Suco de Laranja - Bolsa de Nova Iorque (NYBOT),,Setembro/26,fechamento,184.75,"184,75",c/US$/libra peso,price,USD,lb,futures,2026-09,,nybot
2026-05-11,laranja,suco-de-laranja-bolsa-de-nova-iorque-nybot,Suco de Laranja - Bolsa de Nova Iorque (NYBOT),,Setembro/26,variacao_pontos,0.0,"0,00",%,change_abs,,pct,futures,2026-09,,nybot
2026-05-12,laranja,laranja-ceasas,Laranja - Ceasas,Laranja Pera (13 a 15 DZ),,preco,2.07,"2,07",R$/Kg,price,BRL,kg,spot,,,physical
2026-05-12,laranja,laranja-ceasas,Laranja - Ceasas,Laranja Pera (13 a 15 DZ),,variacao_pct,-1.43,"-1,43",%,change_pct,,pct,spot,,,physical
2026-05-12,laranja,laranja-ceasas,Laranja - Ceasas,Laranja Pera Extra,,preco,2.4,"2,40",R$/Kg,price,BRL,kg,spot,,,physical
2026-05-12,laranja,laranja-ceasas,Laranja - Ceasas,Laranja Pera Extra,,variacao_pct,0.0,"0,00",%,change_pct,,pct,spot,,,physical
2026-05-12,laranja,laranja-ceasas,Laranja - Ceasas,Laranja Pera Gde (11-12 DZ),,preco,2.5,"2,50",R$/Kg,price,BRL,kg,spot,,,physical
2026-05-12,laranja,laranja-ceasas,Laranja - Ceasas,Laranja Pera Gde (11-12 DZ),,variacao_pct,0.0,"0,00",%,change_pct,,pct,spot,,,physical
2026-05-12,laranja,laranja-industria,Laranja Indústria,,,r_a_prazocaixa_408_kg_prazo,24.86,"24,86",R$,price,BRL,,spot,,,physical
2026-05-12,laranja,laranja-industria,Laranja Indústria,,,variacao_pct,0.0,"0,00",%,change_pct,,pct,spot,,,physical
2026-05-12,laranja,laranja-pera-in-natura,Laranja Pera In Natura,,,caixa_40_8_kg,40.38,"40,38",R$,price,BRL,,spot,,,other
2026-05-12,laranja,laranja-pera-in-natura,Laranja Pera In Natura,,,variacao_pct,0.72,"+0,72",%,change_pct,,pct,spot,,,other
2026-05-12,laranja,suco-de-laranja-bolsa-de-nova-iorque-nybot,Suco de Laranja - Bolsa de Nova Iorque (NYBOT),,Julho/26,fechamento,192.6,"192,60",c/US$/libra peso,price,USD,lb,futures,2026-07,,nybot
2026-05-12,laranja,suco-de-laranja-bolsa-de-nova-iorque-nybot,Suco de Laranja - Bolsa de Nova Iorque (NYBOT),,Julho/26,variacao_pontos,9.0,"+9,00",%,change_abs,,pct,futures,2026-07,,nybot
2026-05-12,laranja,suco-de-laranja-bolsa-de-nova-iorque-nybot,Suco de Laranja - Bolsa de Nova Iorque (NYBOT),,Novembro/26,fechamento,194.7,"194,70",c/US$/libra peso,price,USD,lb,futures,2026-11,,nybot
2026-05-12,laranja,suco-de-laranja-bolsa-de-nova-iorque-nybot,Suco de Laranja - Bolsa de Nova Iorque (NYBOT),,Novembro/26,variacao_pontos,8.2,"+8,20",%,change_abs,,pct,futures,2026-11,,nybot
2026-05-12,laranja,suco-de-laranja-bolsa-de-nova-iorque-nybot,Suco de Laranja - Bolsa de Nova Iorque (NYBOT),,Setembro/26,fechamento,192.95,"192,95",c/US$/libra peso,price,USD,lb,futures,2026-09,,nybot
2026-05-12,laranja,suco-de-laranja-bolsa-de-nova-iorque-nybot,Suco de Laranja - Bolsa de Nova Iorque (NYBOT),,Setembro/26,variacao_pontos,8.2,"+8,20",%,change_abs,,pct,futures,2026-09,,nybot
2026-05-13,laranja,laranja-ceasas,Laranja - Ceasas,Laranja Pera (13 a 15 DZ),,preco,2.07,"2,07",R$/Kg,price,BRL,kg,spot,,,physical
2026-05-13,laranja,laranja-ceasas,Laranja - Ceasas,Laranja Pera (13 a 15 DZ),,variacao_pct,0.0,"0,00",%,change_pct,,pct,spot,,,physical
2026-05-13,laranja,laranja-ceasas,Laranja - Ceasas,Laranja Pera Extra,,preco,2.4,"2,40",R$/Kg,price,BRL,kg,spot,,,physical
2026-05-13,laranja,laranja-ceasas,Laranja - Ceasas,Laranja Pera Extra,,variacao_pct,0.0,"0,00",%,change_pct,,pct,spot,,,physical
2026-05-13,laranja,laranja-ceasas,Laranja - Ceasas,Laranja Pera Gde (11-12 DZ),,preco,2.5,"2,50",R$/Kg,price,BRL,kg,spot,,,physical
2026-05-13,laranja,laranja-ceasas,Laranja - Ceasas,Laranja Pera Gde (11-12 DZ),,variacao_pct,0.0,"0,00",%,change_pct,,pct,spot,,,physical
2026-05-13,laranja,laranja-industria,Laranja Indústria,,,r_a_prazocaixa_408_kg_prazo,24.86,"24,86",R$,price,BRL,,spot,,,physical
2026-05-13,laranja,laranja-industria,Laranja Indústria,,,variacao_pct,0.0,"0,00",%,change_pct,,pct,spot,,,physical
2026-05-13,laranja,laranja-pera-in-natura,Laranja Pera In Natura,,,caixa_40_8_kg,40.3,"40,30",R$,price,BRL,,spot,,,other
2026-05-13,laranja,laranja-pera-in-natura,Laranja Pera In Natura,,,variacao_pct,-0.2,"-0,20",%,change_pct,,pct,spot,,,other
2026-05-13,laranja,suco-de-laranja-bolsa-de-nova-iorque-nybot,Suco de Laranja - Bolsa de Nova Iorque (NYBOT),,Julho/26,fechamento,191.3,"191,30",c/US$/libra peso,price,USD,lb,futures,2026-07,,nybot
2026-05-13,laranja,suco-de-laranja-bolsa-de-nova-iorque-nybot,Suco de Laranja - Bolsa de Nova Iorque (NYBOT),,Julho/26,variacao_pontos,-1.3,"-1,30",%,change_abs,,pct,futures,2026-07,,nybot
2026-05-13,laranja,suco-de-laranja-bolsa-de-nova-iorque-nybot,Suco de Laranja - Bolsa de Nova Iorque (NYBOT),,Novembro/26,fechamento,192.6,"192,60",c/US$/libra peso,price,USD,lb,futures,2026-11,,nybot
2026-05-13,laranja,suco-de-laranja-bolsa-de-nova-iorque-nybot,Suco de Laranja - Bolsa de Nova Iorque (NYBOT),,Novembro/26,variacao_pontos,-2.1,"-2,10",%,change_abs,,pct,futures,2026-11,,nybot
2026-05-13,laranja,suco-de-laranja-bolsa-de-nova-iorque-nybot,Suco de Laranja - Bolsa de Nova Iorque (NYBOT),,Setembro/26,fechamento,192.0,"192,00",c/US$/libra peso,price,USD,lb,futures,2026-09,,nybot
2026-05-13,laranja,suco-de-laranja-bolsa-de-nova-iorque-nybot,Suco de Laranja - Bolsa de Nova Iorque (NYBOT),,Setembro/26,variacao_pontos,-0.95,"-0,95",%,change_abs,,pct,futures,2026-09,,nybot
2026-05-14,laranja,laranja-ceasas,Laranja - Ceasas,Laranja Pera (13 a 15 DZ),,preco,2.07,"2,07",R$/Kg,price,BRL,kg,spot,,,physical
2026-05-14,laranja,laranja-ceasas,Laranja - Ceasas,Laranja Pera (13 a 15 DZ),,variacao_pct,0.0,"0,00",%,change_pct,,pct,spot,,,physical
2026-05-14,laranja,laranja-ceasas,Laranja - Ceasas,Laranja Pera Extra,,preco,2.4,"2,40",R$/Kg,price,BRL,kg,spot,,,physical
2026-05-14,laranja,laranja-ceasas,Laranja - Ceasas,Laranja Pera Extra,,variacao_pct,0.0,"0,00",%,change_pct,,pct,spot,,,physical
2026-05-14,laranja,laranja-ceasas,Laranja - Ceasas,Laranja Pera Gde (11-12 DZ),,preco,2.5,"2,50",R$/Kg,price,BRL,kg,spot,,,physical
2026-05-14,laranja,laranja-ceasas,Laranja - Ceasas,Laranja Pera Gde (11-12 DZ),,variacao_pct,0.0,"0,00",%,change_pct,,pct,spot,,,physical
2026-05-14,laranja,laranja-industria,Laranja Indústria,,,r_a_prazocaixa_408_kg_prazo,25.33,"25,33",R$,price,BRL,,spot,,,physical
2026-05-14,laranja,laranja-industria,Laranja Indústria,,,variacao_pct,1.89,"+1,89",%,change_pct,,pct,spot,,,physical
2026-05-14,laranja,laranja-pera-in-natura,Laranja Pera In Natura,,,caixa_40_8_kg,40.23,"40,23",R$,price,BRL,,spot,,,other
2026-05-14,laranja,laranja-pera-in-natura,Laranja Pera In Natura,,,variacao_pct,-0.17,"-0,17",%,change_pct,,pct,spot,,,other
2026-05-14,laranja,suco-de-laranja-bolsa-de-nova-iorque-nybot,Suco de Laranja - Bolsa de Nova Iorque (NYBOT),,Julho/26,fechamento,181.3,"181,30",c/US$/libra peso,price,USD,lb,futures,2026-07,,nybot
2026-05-14,laranja,suco-de-laranja-bolsa-de-nova-iorque-nybot,Suco de Laranja - Bolsa de Nova Iorque (NYBOT),,Julho/26,variacao_pontos,-10.0,"-10,00",%,change_abs,,pct,futures,2026-07,,nybot
2026-05-14,laranja,suco-de-laranja-bolsa-de-nova-iorque-nybot,Suco de Laranja - Bolsa de Nova Iorque (NYBOT),,Novembro/26,fechamento,184.4,"184,40",c/US$/libra peso,price,USD,lb,futures,2026-11,,nybot
2026-05-14,laranja,suco-de-laranja-bolsa-de-nova-iorque-nybot,Suco de Laranja - Bolsa de Nova Iorque (NYBOT),,Novembro/26,variacao_pontos,-8.2,"-8,20",%,change_abs,,pct,futures,2026-11,,nybot
2026-05-14,laranja,suco-de-laranja-bolsa-de-nova-iorque-nybot,Suco de Laranja - Bolsa de Nova Iorque (NYBOT),,Setembro/26,fechamento,183.0,"183,00",c/US$/libra peso,price,USD,lb,futures,2026-09,,nybot
2026-05-14,laranja,suco-de-laranja-bolsa-de-nova-iorque-nybot,Suco de Laranja - Bolsa de Nova Iorque (NYBOT),,Setembro/26,variacao_pontos,-9.0,"-9,00",%,change_abs,,pct,futures,2026-09,,nybot
2026-05-15,laranja,laranja-ceasas,Laranja - Ceasas,Laranja Pera (13 a 15 DZ),,preco,2.08,"2,08",R$/Kg,price,BRL,kg,spot,,,physical
2026-05-15,laranja,laranja-ceasas,Laranja - Ceasas,Laranja Pera (13 a 15 DZ),,variacao_pct,0.48,"+0,48",%,change_pct,,pct,spot,,,physical
2026-05-15,laranja,laranja-ceasas,Laranja - Ceasas,Laranja Pera Extra,,preco,2.4,"2,40",R$/Kg,price,BRL,kg,spot,,,physical
2026-05-15,laranja,laranja-ceasas,Laranja - Ceasas,Laranja Pera Extra,,variacao_pct,0.0,"0,00",%,change_pct,,pct,spot,,,physical
2026-05-15,laranja,laranja-ceasas,Laranja - Ceasas,Laranja Pera Gde (11-12 DZ),,preco,2.5,"2,50",R$/Kg,price,BRL,kg,spot,,,physical
2026-05-15,laranja,laranja-ceasas,Laranja - Ceasas,Laranja Pera Gde (11-12 DZ),,variacao_pct,0.0,"0,00",%,change_pct,,pct,spot,,,physical
2026-05-15,laranja,laranja-industria,Laranja Indústria,,,r_a_prazocaixa_408_kg_prazo,24.57,"24,57",R$,price,BRL,,spot,,,physical
2026-05-15,laranja,laranja-industria,Laranja Indústria,,,variacao_pct,-3.0,"-3,00",%,change_pct,,pct,spot,,,physical
2026-05-15,laranja,laranja-pera-in-natura,Laranja Pera In Natura,,,caixa_40_8_kg,39.79,"39,79",R$,price,BRL,,spot,,,other
2026-05-15,laranja,laranja-pera-in-natura,Laranja Pera In Natura,,,variacao_pct,-1.09,"-1,09",%,change_pct,,pct,spot,,,other
2026-05-15,laranja,suco-de-laranja-bolsa-de-nova-iorque-nybot,Suco de Laranja - Bolsa de Nova Iorque (NYBOT),,Julho/26,fechamento,164.45,"164,45",c/US$/libra peso,price,USD,lb,futures,2026-07,,nybot
2026-05-15,laranja,suco-de-laranja-bolsa-de-nova-iorque-nybot,Suco de Laranja - Bolsa de Nova Iorque (NYBOT),,Julho/26,variacao_pontos,-16.85,"-16,85",%,change_abs,,pct,futures,2026-07,,nybot
2026-05-15,laranja,suco-de-laranja-bolsa-de-nova-iorque-nybot,Suco de Laranja - Bolsa de Nova Iorque (NYBOT),,Novembro/26,fechamento,172.3,"172,30",c/US$/libra peso,price,USD,lb,futures,2026-11,,nybot
2026-05-15,laranja,suco-de-laranja-bolsa-de-nova-iorque-nybot,Suco de Laranja - Bolsa de Nova Iorque (NYBOT),,Novembro/26,variacao_pontos,-12.1,"-12,10",%,change_abs,,pct,futures,2026-11,,nybot
2026-05-15,laranja,suco-de-laranja-bolsa-de-nova-iorque-nybot,Suco de Laranja - Bolsa de Nova Iorque (NYBOT),,Setembro/26,fechamento,168.45,"168,45",c/US$/libra peso,price,USD,lb,futures,2026-09,,nybot
2026-05-15,laranja,suco-de-laranja-bolsa-de-nova-iorque-nybot,Suco de Laranja - Bolsa de Nova Iorque (NYBOT),,Setembro/26,variacao_pontos,-14.55,"-14,55",%,change_abs,,pct,futures,2026-09,,nybot
2026-05-18,laranja,laranja-ceasas,Laranja - Ceasas,Laranja Pera (13 a 15 DZ),,preco,2.08,"2,08",R$/Kg,price,BRL,kg,spot,,,physical
2026-05-18,laranja,laranja-ceasas,Laranja - Ceasas,Laranja Pera (13 a 15 DZ),,variacao_pct,0.0,"0,00",%,change_pct,,pct,spot,,,physical
2026-05-18,laranja,laranja-ceasas,Laranja - Ceasas,Laranja Pera Extra,,preco,2.25,"2,25",R$/Kg,price,BRL,kg,spot,,,physical
2026-05-18,laranja,laranja-ceasas,Laranja - Ceasas,Laranja Pera Extra,,variacao_pct,-6.25,"-6,25",%,change_pct,,pct,spot,,,physical
2026-05-18,laranja,laranja-ceasas,Laranja - Ceasas,Laranja Pera Gde (11-12 DZ),,preco,2.5,"2,50",R$/Kg,price,BRL,kg,spot,,,physical
2026-05-18,laranja,laranja-ceasas,Laranja - Ceasas,Laranja Pera Gde (11-12 DZ),,variacao_pct,0.0,"0,00",%,change_pct,,pct,spot,,,physical
2026-05-18,laranja,laranja-industria,Laranja Indústria,,,r_a_prazocaixa_408_kg_prazo,25.29,"25,29",R$,price,BRL,,spot,,,physical
2026-05-18,laranja,laranja-industria,Laranja Indústria,,,variacao_pct,2.93,"+2,93",%,change_pct,,pct,spot,,,physical
2026-05-18,laranja,laranja-pera-in-natura,Laranja Pera In Natura,,,caixa_40_8_kg,40.14,"40,14",R$,price,BRL,,spot,,,other
2026-05-18,laranja,laranja-pera-in-natura,Laranja Pera In Natura,,,variacao_pct,0.88,"+0,88",%,change_pct,,pct,spot,,,other
2026-05-18,laranja,suco-de-laranja-bolsa-de-nova-iorque-nybot,Suco de Laranja - Bolsa de Nova Iorque (NYBOT),,Julho/26,fechamento,160.3,"160,30",c/US$/libra peso,price,USD,lb,futures,2026-07,,nybot
2026-05-18,laranja,suco-de-laranja-bolsa-de-nova-iorque-nybot,Suco de Laranja - Bolsa de Nova Iorque (NYBOT),,Julho/26,variacao_pontos,-4.15,"-4,15",%,change_abs,,pct,futures,2026-07,,nybot
2026-05-18,laranja,suco-de-laranja-bolsa-de-nova-iorque-nybot,Suco de Laranja - Bolsa de Nova Iorque (NYBOT),,Novembro/26,fechamento,168.35,"168,35",c/US$/libra peso,price,USD,lb,futures,2026-11,,nybot
2026-05-18,laranja,suco-de-laranja-bolsa-de-nova-iorque-nybot,Suco de Laranja - Bolsa de Nova Iorque (NYBOT),,Novembro/26,variacao_pontos,-3.95,"-3,95",%,change_abs,,pct,futures,2026-11,,nybot
2026-05-18,laranja,suco-de-laranja-bolsa-de-nova-iorque-nybot,Suco de Laranja - Bolsa de Nova Iorque (NYBOT),,Setembro/26,fechamento,164.8,"164,80",c/US$/libra peso,price,USD,lb,futures,2026-09,,nybot
2026-05-18,laranja,suco-de-laranja-bolsa-de-nova-iorque-nybot,Suco de Laranja - Bolsa de Nova Iorque (NYBOT),,Setembro/26,variacao_pontos,-3.65,"-3,65",%,change_abs,,pct,futures,2026-09,,nybot
2026-05-19,laranja,laranja-ceasas,Laranja - Ceasas,Laranja Pera (13 a 15 DZ),,preco,2.02,"2,02",R$/Kg,price,BRL,kg,spot,,,physical
2026-05-19,laranja,laranja-ceasas,Laranja - Ceasas,Laranja Pera (13 a 15 DZ),,variacao_pct,-2.88,"-2,88",%,change_pct,,pct,spot,,,physical
2026-05-19,laranja,laranja-ceasas,Laranja - Ceasas,Laranja Pera Extra,,preco,2.25,"2,25",R$/Kg,price,BRL,kg,spot,,,physical
2026-05-19,laranja,laranja-ceasas,Laranja - Ceasas,Laranja Pera Extra,,variacao_pct,0.0,"0,00",%,change_pct,,pct,spot,,,physical
2026-05-19,laranja,laranja-ceasas,Laranja - Ceasas,Laranja Pera Gde (11-12 DZ),,preco,2.5,"2,50",R$/Kg,price,BRL,kg,spot,,,physical
2026-05-19,laranja,laranja-ceasas,Laranja - Ceasas,Laranja Pera Gde (11-12 DZ),,variacao_pct,0.0,"0,00",%,change_pct,,pct,spot,,,physical
2026-05-19,laranja,laranja-industria,Laranja Indústria,,,r_a_prazocaixa_408_kg_prazo,25.29,"25,29",R$,price,BRL,,spot,,,physical
2026-05-19,laranja,laranja-industria,Laranja Indústria,,,variacao_pct,0.0,"0,00",%,change_pct,,pct,spot,,,physical
2026-05-19,laranja,laranja-pera-in-natura,Laranja Pera In Natura,,,caixa_40_8_kg,39.81,"39,81",R$,price,BRL,,spot,,,other
2026-05-19,laranja,laranja-pera-in-natura,Laranja Pera In Natura,,,variacao_pct,-0.82,"-0,82",%,change_pct,,pct,spot,,,other
2026-05-19,laranja,suco-de-laranja-bolsa-de-nova-iorque-nybot,Suco de Laranja - Bolsa de Nova Iorque (NYBOT),,Julho/26,fechamento,154.15,"154,15",c/US$/libra peso,price,USD,lb,futures,2026-07,,nybot
2026-05-19,laranja,suco-de-laranja-bolsa-de-nova-iorque-nybot,Suco de Laranja - Bolsa de Nova Iorque (NYBOT),,Julho/26,variacao_pontos,-6.15,"-6,15",%,change_abs,,pct,futures,2026-07,,nybot
2026-05-19,laranja,suco-de-laranja-bolsa-de-nova-iorque-nybot,Suco de Laranja - Bolsa de Nova Iorque (NYBOT),,Novembro/26,fechamento,163.9,"163,90",c/US$/libra peso,price,USD,lb,futures,2026-11,,nybot
2026-05-19,laranja,suco-de-laranja-bolsa-de-nova-iorque-nybot,Suco de Laranja - Bolsa de Nova Iorque (NYBOT),,Novembro/26,variacao_pontos,-4.45,"-4,45",%,change_abs,,pct,futures,2026-11,,nybot
2026-05-19,laranja,suco-de-laranja-bolsa-de-nova-iorque-nybot,Suco de Laranja - Bolsa de Nova Iorque (NYBOT),,Setembro/26,fechamento,159.9,"159,90",c/US$/libra peso,price,USD,lb,futures,2026-09,,nybot
2026-05-19,laranja,suco-de-laranja-bolsa-de-nova-iorque-nybot,Suco de Laranja - Bolsa de Nova Iorque (NYBOT),,Setembro/26,variacao_pontos,-4.9,"-4,90",%,change_abs,,pct,futures,2026-09,,nybot
2026-05-20,laranja,laranja-ceasas,Laranja - Ceasas,Laranja Pera (13 a 15 DZ),,preco,2.02,"2,02",R$/Kg,price,BRL,kg,spot,,,physical
2026-05-20,laranja,laranja-ceasas,Laranja - Ceasas,Laranja Pera (13 a 15 DZ),,variacao_pct,0.0,"0,00",%,change_pct,,pct,spot,,,physical
2026-05-20,laranja,laranja-ceasas,Laranja - Ceasas,Laranja Pera Extra,,preco,2.0,"2,00",R$/Kg,price,BRL,kg,spot,,,physical
2026-05-20,laranja,laranja-ceasas,Laranja - Ceasas,Laranja Pera Extra,,variacao_pct,-11.11,"-11,11",%,change_pct,,pct,spot,,,physical
2026-05-20,laranja,laranja-ceasas,Laranja - Ceasas,Laranja Pera Gde (11-12 DZ),,preco,2.5,"2,50",R$/Kg,price,BRL,kg,spot,,,physical
2026-05-20,laranja,laranja-ceasas,Laranja - Ceasas,Laranja Pera Gde (11-12 DZ),,variacao_pct,0.0,"0,00",%,change_pct,,pct,spot,,,physical
2026-05-20,laranja,laranja-industria,Laranja Indústria,,,r_a_prazocaixa_408_kg_prazo,25.29,"25,29",R$,price,BRL,,spot,,,physical
2026-05-20,laranja,laranja-industria,Laranja Indústria,,,variacao_pct,0.0,"0,00",%,change_pct,,pct,spot,,,physical
2026-05-20,laranja,laranja-pera-in-natura,Laranja Pera In Natura,,,caixa_40_8_kg,38.83,"38,83",R$,price,BRL,,spot,,,other
2026-05-20,laranja,laranja-pera-in-natura,Laranja Pera In Natura,,,variacao_pct,-2.46,"-2,46",%,change_pct,,pct,spot,,,other
2026-05-20,laranja,suco-de-laranja-bolsa-de-nova-iorque-nybot,Suco de Laranja - Bolsa de Nova Iorque (NYBOT),,Julho/26,fechamento,156.95,"156,95",c/US$/libra peso,price,USD,lb,futures,2026-07,,nybot
2026-05-20,laranja,suco-de-laranja-bolsa-de-nova-iorque-nybot,Suco de Laranja - Bolsa de Nova Iorque (NYBOT),,Julho/26,variacao_pontos,2.8,"+2,80",%,change_abs,,pct,futures,2026-07,,nybot
2026-05-20,laranja,suco-de-laranja-bolsa-de-nova-iorque-nybot,Suco de Laranja - Bolsa de Nova Iorque (NYBOT),,Novembro/26,fechamento,163.95,"163,95",c/US$/libra peso,price,USD,lb,futures,2026-11,,nybot
2026-05-20,laranja,suco-de-laranja-bolsa-de-nova-iorque-nybot,Suco de Laranja - Bolsa de Nova Iorque (NYBOT),,Novembro/26,variacao_pontos,0.05,"+0,05",%,change_abs,,pct,futures,2026-11,,nybot
2026-05-20,laranja,suco-de-laranja-bolsa-de-nova-iorque-nybot,Suco de Laranja - Bolsa de Nova Iorque (NYBOT),,Setembro/26,fechamento,160.5,"160,50",c/US$/libra peso,price,USD,lb,futures,2026-09,,nybot
2026-05-20,laranja,suco-de-laranja-bolsa-de-nova-iorque-nybot,Suco de Laranja - Bolsa de Nova Iorque (NYBOT),,Setembro/26,variacao_pontos,0.6,"+0,60",%,change_abs,,pct,futures,2026-09,,nybot
2026-05-21,laranja,laranja-ceasas,Laranja - Ceasas,Laranja Pera (13 a 15 DZ),,preco,2.05,"2,05",R$/Kg,price,BRL,kg,spot,,,physical
2026-05-21,laranja,laranja-ceasas,Laranja - Ceasas,Laranja Pera (13 a 15 DZ),,variacao_pct,1.49,"+1,49",%,change_pct,,pct,spot,,,physical
2026-05-21,laranja,laranja-ceasas,Laranja - Ceasas,Laranja Pera Extra,,preco,2.0,"2,00",R$/Kg,price,BRL,kg,spot,,,physical
2026-05-21,laranja,laranja-ceasas,Laranja - Ceasas,Laranja Pera Extra,,variacao_pct,0.0,"0,00",%,change_pct,,pct,spot,,,physical
2026-05-21,laranja,laranja-ceasas,Laranja - Ceasas,Laranja Pera Gde (11-12 DZ),,preco,2.5,"2,50",R$/Kg,price,BRL,kg,spot,,,physical
2026-05-21,laranja,laranja-ceasas,Laranja - Ceasas,Laranja Pera Gde (11-12 DZ),,variacao_pct,0.0,"0,00",%,change_pct,,pct,spot,,,physical
2026-05-21,laranja,laranja-industria,Laranja Indústria,,,r_a_prazocaixa_408_kg_prazo,25.29,"25,29",R$,price,BRL,,spot,,,physical
2026-05-21,laranja,laranja-industria,Laranja Indústria,,,variacao_pct,0.0,"0,00",%,change_pct,,pct,spot,,,physical
2026-05-21,laranja,laranja-pera-in-natura,Laranja Pera In Natura,,,caixa_40_8_kg,37.81,"37,81",R$,price,BRL,,spot,,,other
2026-05-21,laranja,laranja-pera-in-natura,Laranja Pera In Natura,,,variacao_pct,-2.63,"-2,63",%,change_pct,,pct,spot,,,other
2026-05-21,laranja,suco-de-laranja-bolsa-de-nova-iorque-nybot,Suco de Laranja - Bolsa de Nova Iorque (NYBOT),,Julho/26,fechamento,166.6,"166,60",c/US$/libra peso,price,USD,lb,futures,2026-07,,nybot
2026-05-21,laranja,suco-de-laranja-bolsa-de-nova-iorque-nybot,Suco de Laranja - Bolsa de Nova Iorque (NYBOT),,Julho/26,variacao_pontos,9.65,"+9,65",%,change_abs,,pct,futures,2026-07,,nybot
2026-05-21,laranja,suco-de-laranja-bolsa-de-nova-iorque-nybot,Suco de Laranja - Bolsa de Nova Iorque (NYBOT),,Novembro/26,fechamento,172.75,"172,75",c/US$/libra peso,price,USD,lb,futures,2026-11,,nybot
2026-05-21,laranja,suco-de-laranja-bolsa-de-nova-iorque-nybot,Suco de Laranja - Bolsa de Nova Iorque (NYBOT),,Novembro/26,variacao_pontos,8.8,"+8,80",%,change_abs,,pct,futures,2026-11,,nybot
2026-05-21,laranja,suco-de-laranja-bolsa-de-nova-iorque-nybot,Suco de Laranja - Bolsa de Nova Iorque (NYBOT),,Setembro/26,fechamento,169.45,"169,45",c/US$/libra peso,price,USD,lb,futures,2026-09,,nybot
2026-05-21,laranja,suco-de-laranja-bolsa-de-nova-iorque-nybot,Suco de Laranja - Bolsa de Nova Iorque (NYBOT),,Setembro/26,variacao_pontos,8.95,"+8,95",%,change_abs,,pct,futures,2026-09,,nybot
2026-05-22,laranja,laranja-ceasas,Laranja - Ceasas,Laranja Pera (13 a 15 DZ),,preco,2.05,"2,05",R$/Kg,price,BRL,kg,spot,,,physical
2026-05-22,laranja,laranja-ceasas,Laranja - Ceasas,Laranja Pera (13 a 15 DZ),,variacao_pct,0.0,"0,00",%,change_pct,,pct,spot,,,physical
2026-05-22,laranja,laranja-ceasas,Laranja - Ceasas,Laranja Pera Extra,,preco,2.25,"2,25",R$/Kg,price,BRL,kg,spot,,,physical
2026-05-22,laranja,laranja-ceasas,Laranja - Ceasas,Laranja Pera Extra,,variacao_pct,12.5,"+12,50",%,change_pct,,pct,spot,,,physical
2026-05-22,laranja,laranja-ceasas,Laranja - Ceasas,Laranja Pera Gde (11-12 DZ),,preco,2.5,"2,50",R$/Kg,price,BRL,kg,spot,,,physical
2026-05-22,laranja,laranja-ceasas,Laranja - Ceasas,Laranja Pera Gde (11-12 DZ),,variacao_pct,0.0,"0,00",%,change_pct,,pct,spot,,,physical
2026-05-22,laranja,laranja-industria,Laranja Indústria,,,r_a_prazocaixa_408_kg_prazo,24.67,"24,67",R$,price,BRL,,spot,,,physical
2026-05-22,laranja,laranja-industria,Laranja Indústria,,,variacao_pct,-2.45,"-2,45",%,change_pct,,pct,spot,,,physical
2026-05-22,laranja,laranja-pera-in-natura,Laranja Pera In Natura,,,caixa_40_8_kg,38.53,"38,53",R$,price,BRL,,spot,,,other
2026-05-22,laranja,laranja-pera-in-natura,Laranja Pera In Natura,,,variacao_pct,1.9,"+1,90",%,change_pct,,pct,spot,,,other
2026-05-22,laranja,suco-de-laranja-bolsa-de-nova-iorque-nybot,Suco de Laranja - Bolsa de Nova Iorque (NYBOT),,Julho/26,fechamento,171.45,"171,45",c/US$/libra peso,price,USD,lb,futures,2026-07,,nybot
2026-05-22,laranja,suco-de-laranja-bolsa-de-nova-iorque-nybot,Suco de Laranja - Bolsa de Nova Iorque (NYBOT),,Julho/26,variacao_pontos,4.85,"+4,85",%,change_abs,,pct,futures,2026-07,,nybot
2026-05-22,laranja,suco-de-laranja-bolsa-de-nova-iorque-nybot,Suco de Laranja - Bolsa de Nova Iorque (NYBOT),,Novembro/26,fechamento,176.9,"176,90",c/US$/libra peso,price,USD,lb,futures,2026-11,,nybot
2026-05-22,laranja,suco-de-laranja-bolsa-de-nova-iorque-nybot,Suco de Laranja - Bolsa de Nova Iorque (NYBOT),,Novembro/26,variacao_pontos,4.15,"+4,15",%,change_abs,,pct,futures,2026-11,,nybot
2026-05-22,laranja,suco-de-laranja-bolsa-de-nova-iorque-nybot,Suco de Laranja - Bolsa de Nova Iorque (NYBOT),,Setembro/26,fechamento,173.9,"173,90",c/US$/libra peso,price,USD,lb,futures,2026-09,,nybot
2026-05-22,laranja,suco-de-laranja-bolsa-de-nova-iorque-nybot,Suco de Laranja - Bolsa de Nova Iorque (NYBOT),,Setembro/26,variacao_pontos,4.45,"+4,45",%,change_abs,,pct,futures,2026-09,,nybot
2026-05-25,laranja,laranja-ceasas,Laranja - Ceasas,Laranja Pera (13 a 15 DZ),,preco,2.0,"2,00",R$/Kg,price,BRL,kg,spot,,,physical
2026-05-25,laranja,laranja-ceasas,Laranja - Ceasas,Laranja Pera (13 a 15 DZ),,variacao_pct,-2.44,"-2,44",%,change_pct,,pct,spot,,,physical
2026-05-25,laranja,laranja-ceasas,Laranja - Ceasas,Laranja Pera Extra,,preco,2.25,"2,25",R$/Kg,price,BRL,kg,spot,,,physical
2026-05-25,laranja,laranja-ceasas,Laranja - Ceasas,Laranja Pera Extra,,variacao_pct,0.0,"0,00",%,change_pct,,pct,spot,,,physical
2026-05-25,laranja,laranja-ceasas,Laranja - Ceasas,Laranja Pera Gde (11-12 DZ),,preco,2.5,"2,50",R$/Kg,price,BRL,kg,spot,,,physical
2026-05-25,laranja,laranja-ceasas,Laranja - Ceasas,Laranja Pera Gde (11-12 DZ),,variacao_pct,0.0,"0,00",%,change_pct,,pct,spot,,,physical
2026-05-25,laranja,laranja-industria,Laranja Indústria,,,r_a_prazocaixa_408_kg_prazo,25.0,"25,00",R$,price,BRL,,spot,,,physical
2026-05-25,laranja,laranja-industria,Laranja Indústria,,,variacao_pct,1.34,"+1,34",%,change_pct,,pct,spot,,,physical
2026-05-25,laranja,laranja-pera-in-natura,Laranja Pera In Natura,,,caixa_40_8_kg,38.15,"38,15",R$,price,BRL,,spot,,,other
2026-05-25,laranja,laranja-pera-in-natura,Laranja Pera In Natura,,,variacao_pct,-0.99,"-0,99",%,change_pct,,pct,spot,,,other
2026-05-26,laranja,laranja-ceasas,Laranja - Ceasas,Laranja Pera (13 a 15 DZ),,preco,1.88,"1,88",R$/Kg,price,BRL,kg,spot,,,physical
2026-05-26,laranja,laranja-ceasas,Laranja - Ceasas,Laranja Pera (13 a 15 DZ),,variacao_pct,-6.0,"-6,00",%,change_pct,,pct,spot,,,physical
2026-05-26,laranja,laranja-ceasas,Laranja - Ceasas,Laranja Pera Extra,,preco,2.25,"2,25",R$/Kg,price,BRL,kg,spot,,,physical
2026-05-26,laranja,laranja-ceasas,Laranja - Ceasas,Laranja Pera Extra,,variacao_pct,0.0,"0,00",%,change_pct,,pct,spot,,,physical
2026-05-26,laranja,laranja-ceasas,Laranja - Ceasas,Laranja Pera Gde (11-12 DZ),,preco,2.5,"2,50",R$/Kg,price,BRL,kg,spot,,,physical
2026-05-26,laranja,laranja-ceasas,Laranja - Ceasas,Laranja Pera Gde (11-12 DZ),,variacao_pct,0.0,"0,00",%,change_pct,,pct,spot,,,physical
2026-05-26,laranja,laranja-industria,Laranja Indústria,,,r_a_prazocaixa_408_kg_prazo,25.0,"25,00",R$,price,BRL,,spot,,,physical
2026-05-26,laranja,laranja-industria,Laranja Indústria,,,variacao_pct,0.0,"0,00",%,change_pct,,pct,spot,,,physical
2026-05-26,laranja,laranja-pera-in-natura,Laranja Pera In Natura,,,caixa_40_8_kg,37.53,"37,53",R$,price,BRL,,spot,,,other
2026-05-26,laranja,laranja-pera-in-natura,Laranja Pera In Natura,,,variacao_pct,-1.63,"-1,63",%,change_pct,,pct,spot,,,other
2026-05-26,laranja,suco-de-laranja-bolsa-de-nova-iorque-nybot,Suco de Laranja - Bolsa de Nova Iorque (NYBOT),,Julho/26,fechamento,177.1,"177,10",c/US$/libra peso,price,USD,lb,futures,2026-07,,nybot
2026-05-26,laranja,suco-de-laranja-bolsa-de-nova-iorque-nybot,Suco de Laranja - Bolsa de Nova Iorque (NYBOT),,Julho/26,variacao_pontos,5.65,"+5,65",%,change_abs,,pct,futures,2026-07,,nybot
2026-05-26,laranja,suco-de-laranja-bolsa-de-nova-iorque-nybot,Suco de Laranja - Bolsa de Nova Iorque (NYBOT),,Novembro/26,fechamento,183.6,"183,60",c/US$/libra peso,price,USD,lb,futures,2026-11,,nybot
2026-05-26,laranja,suco-de-laranja-bolsa-de-nova-iorque-nybot,Suco de Laranja - Bolsa de Nova Iorque (NYBOT),,Novembro/26,variacao_pontos,6.7,"+6,70",%,change_abs,,pct,futures,2026-11,,nybot
2026-05-26,laranja,suco-de-laranja-bolsa-de-nova-iorque-nybot,Suco de Laranja - Bolsa de Nova Iorque (NYBOT),,Setembro/26,fechamento,180.55,"180,55",c/US$/libra peso,price,USD,lb,futures,2026-09,,nybot
2026-05-26,laranja,suco-de-laranja-bolsa-de-nova-iorque-nybot,Suco de Laranja - Bolsa de Nova Iorque (NYBOT),,Setembro/26,variacao_pontos,6.65,"+6,65",%,change_abs,,pct,futures,2026-09,,nybot
2026-05-27,laranja,laranja-ceasas,Laranja - Ceasas,Laranja Pera (13 a 15 DZ),,preco,1.88,"1,88",R$/Kg,price,BRL,kg,spot,,,physical
2026-05-27,laranja,laranja-ceasas,Laranja - Ceasas,Laranja Pera (13 a 15 DZ),,variacao_pct,0.0,"0,00",%,change_pct,,pct,spot,,,physical
2026-05-27,laranja,laranja-ceasas,Laranja - Ceasas,Laranja Pera Extra,,preco,2.25,"2,25",R$/Kg,price,BRL,kg,spot,,,physical
2026-05-27,laranja,laranja-ceasas,Laranja - Ceasas,Laranja Pera Extra,,variacao_pct,0.0,"0,00",%,change_pct,,pct,spot,,,physical
2026-05-27,laranja,laranja-ceasas,Laranja - Ceasas,Laranja Pera Gde (11-12 DZ),,preco,2.5,"2,50",R$/Kg,price,BRL,kg,spot,,,physical
2026-05-27,laranja,laranja-ceasas,Laranja - Ceasas,Laranja Pera Gde (11-12 DZ),,variacao_pct,0.0,"0,00",%,change_pct,,pct,spot,,,physical
2026-05-27,laranja,laranja-industria,Laranja Indústria,,,r_a_prazocaixa_408_kg_prazo,25.0,"25,00",R$,price,BRL,,spot,,,physical
2026-05-27,laranja,laranja-industria,Laranja Indústria,,,variacao_pct,0.0,"0,00",%,change_pct,,pct,spot,,,physical
2026-05-27,laranja,laranja-pera-in-natura,Laranja Pera In Natura,,,caixa_40_8_kg,38.71,"38,71",R$,price,BRL,,spot,,,other
2026-05-27,laranja,laranja-pera-in-natura,Laranja Pera In Natura,,,variacao_pct,3.14,"+3,14",%,change_pct,,pct,spot,,,other
2026-05-27,laranja,suco-de-laranja-bolsa-de-nova-iorque-nybot,Suco de Laranja - Bolsa de Nova Iorque (NYBOT),,Julho/26,fechamento,167.1,"167,10",c/US$/libra peso,price,USD,lb,futures,2026-07,,nybot
2026-05-27,laranja,suco-de-laranja-bolsa-de-nova-iorque-nybot,Suco de Laranja - Bolsa de Nova Iorque (NYBOT),,Julho/26,variacao_pontos,-10.0,"-10,00",%,change_abs,,pct,futures,2026-07,,nybot
2026-05-27,laranja,suco-de-laranja-bolsa-de-nova-iorque-nybot,Suco de Laranja - Bolsa de Nova Iorque (NYBOT),,Novembro/26,fechamento,174.5,"174,50",c/US$/libra peso,price,USD,lb,futures,2026-11,,nybot
2026-05-27,laranja,suco-de-laranja-bolsa-de-nova-iorque-nybot,Suco de Laranja - Bolsa de Nova Iorque (NYBOT),,Novembro/26,variacao_pontos,-9.1,"-9,10",%,change_abs,,pct,futures,2026-11,,nybot
2026-05-27,laranja,suco-de-laranja-bolsa-de-nova-iorque-nybot,Suco de Laranja - Bolsa de Nova Iorque (NYBOT),,Setembro/26,fechamento,170.85,"170,85",c/US$/libra peso,price,USD,lb,futures,2026-09,,nybot
2026-05-27,laranja,suco-de-laranja-bolsa-de-nova-iorque-nybot,Suco de Laranja - Bolsa de Nova Iorque (NYBOT),,Setembro/26,variacao_pontos,-9.7,"-9,70",%,change_abs,,pct,futures,2026-09,,nybot
2026-05-28,laranja,laranja-ceasas,Laranja - Ceasas,Laranja Pera (13 a 15 DZ),,preco,1.9,"1,90",R$/Kg,price,BRL,kg,spot,,,physical
2026-05-28,laranja,laranja-ceasas,Laranja - Ceasas,Laranja Pera (13 a 15 DZ),,variacao_pct,1.06,"+1,06",%,change_pct,,pct,spot,,,physical
2026-05-28,laranja,laranja-ceasas,Laranja - Ceasas,Laranja Pera Extra,,preco,2.25,"2,25",R$/Kg,price,BRL,kg,spot,,,physical
2026-05-28,laranja,laranja-ceasas,Laranja - Ceasas,Laranja Pera Extra,,variacao_pct,0.0,"0,00",%,change_pct,,pct,spot,,,physical
2026-05-28,laranja,laranja-ceasas,Laranja - Ceasas,Laranja Pera Gde (11-12 DZ),,preco,2.5,"2,50",R$/Kg,price,BRL,kg,spot,,,physical
2026-05-28,laranja,laranja-ceasas,Laranja - Ceasas,Laranja Pera Gde (11-12 DZ),,variacao_pct,0.0,"0,00",%,change_pct,,pct,spot,,,physical
2026-05-28,laranja,laranja-industria,Laranja Indústria,,,r_a_prazocaixa_408_kg_prazo,24.18,"24,18",R$,price,BRL,,spot,,,physical
2026-05-28,laranja,laranja-industria,Laranja Indústria,,,variacao_pct,-3.28,"-3,28",%,change_pct,,pct,spot,,,physical
2026-05-28,laranja,laranja-pera-in-natura,Laranja Pera In Natura,,,caixa_40_8_kg,37.99,"37,99",R$,price,BRL,,spot,,,other
2026-05-28,laranja,laranja-pera-in-natura,Laranja Pera In Natura,,,variacao_pct,-1.86,"-1,86",%,change_pct,,pct,spot,,,other
2026-05-28,laranja,suco-de-laranja-bolsa-de-nova-iorque-nybot,Suco de Laranja - Bolsa de Nova Iorque (NYBOT),,Julho/26,fechamento,168.65,"168,65",c/US$/libra peso,price,USD,lb,futures,2026-07,,nybot
2026-05-28,laranja,suco-de-laranja-bolsa-de-nova-iorque-nybot,Suco de Laranja - Bolsa de Nova Iorque (NYBOT),,Julho/26,variacao_pontos,1.55,"+1,55",%,change_abs,,pct,futures,2026-07,,nybot
2026-05-28,laranja,suco-de-laranja-bolsa-de-nova-iorque-nybot,Suco de Laranja - Bolsa de Nova Iorque (NYBOT),,Novembro/26,fechamento,176.7,"176,70",c/US$/libra peso,price,USD,lb,futures,2026-11,,nybot
2026-05-28,laranja,suco-de-laranja-bolsa-de-nova-iorque-nybot,Suco de Laranja - Bolsa de Nova Iorque (NYBOT),,Novembro/26,variacao_pontos,2.2,"+2,20",%,change_abs,,pct,futures,2026-11,,nybot
2026-05-28,laranja,suco-de-laranja-bolsa-de-nova-iorque-nybot,Suco de Laranja - Bolsa de Nova Iorque (NYBOT),,Setembro/26,fechamento,173.15,"173,15",c/US$/libra peso,price,USD,lb,futures,2026-09,,nybot
2026-05-28,laranja,suco-de-laranja-bolsa-de-nova-iorque-nybot,Suco de Laranja - Bolsa de Nova Iorque (NYBOT),,Setembro/26,variacao_pontos,2.3,"+2,30",%,change_abs,,pct,futures,2026-09,,nybot
2026-05-29,laranja,laranja-ceasas,Laranja - Ceasas,Laranja Pera (13 a 15 DZ),,preco,1.9,"1,90",R$/Kg,price,BRL,kg,spot,,,physical
2026-05-29,laranja,laranja-ceasas,Laranja - Ceasas,Laranja Pera (13 a 15 DZ),,variacao_pct,0.0,"0,00",%,change_pct,,pct,spot,,,physical
2026-05-29,laranja,laranja-ceasas,Laranja - Ceasas,Laranja Pera Extra,,preco,2.25,"2,25",R$/Kg,price,BRL,kg,spot,,,physical
2026-05-29,laranja,laranja-ceasas,Laranja - Ceasas,Laranja Pera Extra,,variacao_pct,0.0,"0,00",%,change_pct,,pct,spot,,,physical
2026-05-29,laranja,laranja-ceasas,Laranja - Ceasas,Laranja Pera Gde (11-12 DZ),,preco,2.5,"2,50",R$/Kg,price,BRL,kg,spot,,,physical
2026-05-29,laranja,laranja-ceasas,Laranja - Ceasas,Laranja Pera Gde (11-12 DZ),,variacao_pct,0.0,"0,00",%,change_pct,,pct,spot,,,physical
2026-05-29,laranja,laranja-industria,Laranja Indústria,,,r_a_prazocaixa_408_kg_prazo,24.88,"24,88",R$,price,BRL,,spot,,,physical
2026-05-29,laranja,laranja-industria,Laranja Indústria,,,variacao_pct,2.89,"+2,89",%,change_pct,,pct,spot,,,physical
2026-05-29,laranja,laranja-pera-in-natura,Laranja Pera In Natura,,,caixa_40_8_kg,37.45,"37,45",R$,price,BRL,,spot,,,other
2026-05-29,laranja,laranja-pera-in-natura,Laranja Pera In Natura,,,variacao_pct,-1.42,"-1,42",%,change_pct,,pct,spot,,,other
2026-05-29,laranja,suco-de-laranja-bolsa-de-nova-iorque-nybot,Suco de Laranja - Bolsa de Nova Iorque (NYBOT),,Julho/26,fechamento,159.25,"159,25",c/US$/libra peso,price,USD,lb,futures,2026-07,,nybot
2026-05-29,laranja,suco-de-laranja-bolsa-de-nova-iorque-nybot,Suco de Laranja - Bolsa de Nova Iorque (NYBOT),,Julho/26,variacao_pontos,-9.4,"-9,40",%,change_abs,,pct,futures,2026-07,,nybot
2026-05-29,laranja,suco-de-laranja-bolsa-de-nova-iorque-nybot,Suco de Laranja - Bolsa de Nova Iorque (NYBOT),,Novembro/26,fechamento,168.3,"168,30",c/US$/libra peso,price,USD,lb,futures,2026-11,,nybot
2026-05-29,laranja,suco-de-laranja-bolsa-de-nova-iorque-nybot,Suco de Laranja - Bolsa de Nova Iorque (NYBOT),,Novembro/26,variacao_pontos,-8.4,"-8,40",%,change_abs,,pct,futures,2026-11,,nybot
2026-05-29,laranja,suco-de-laranja-bolsa-de-nova-iorque-nybot,Suco de Laranja - Bolsa de Nova Iorque (NYBOT),,Setembro/26,fechamento,164.4,"164,40",c/US$/libra peso,price,USD,lb,futures,2026-09,,nybot
2026-05-29,laranja,suco-de-laranja-bolsa-de-nova-iorque-nybot,Suco de Laranja - Bolsa de Nova Iorque (NYBOT),,Setembro/26,variacao_pontos,-8.75,"-8,75",%,change_abs,,pct,futures,2026-09,,nybot
2026-06-01,laranja,laranja-ceasas,Laranja - Ceasas,Laranja Pera (13 a 15 DZ),,preco,1.87,"1,87",R$/Kg,price,BRL,kg,spot,,,physical
2026-06-01,laranja,laranja-ceasas,Laranja - Ceasas,Laranja Pera (13 a 15 DZ),,variacao_pct,-1.58,"-1,58",%,change_pct,,pct,spot,,,physical
2026-06-01,laranja,laranja-ceasas,Laranja - Ceasas,Laranja Pera Extra,,preco,2.25,"2,25",R$/Kg,price,BRL,kg,spot,,,physical
2026-06-01,laranja,laranja-ceasas,Laranja - Ceasas,Laranja Pera Extra,,variacao_pct,0.0,"0,00",%,change_pct,,pct,spot,,,physical
2026-06-01,laranja,laranja-ceasas,Laranja - Ceasas,Laranja Pera Gde (11-12 DZ),,preco,2.5,"2,50",R$/Kg,price,BRL,kg,spot,,,physical
2026-06-01,laranja,laranja-ceasas,Laranja - Ceasas,Laranja Pera Gde (11-12 DZ),,variacao_pct,0.0,"0,00",%,change_pct,,pct,spot,,,physical
2026-06-01,laranja,laranja-industria,Laranja Indústria,,,r_a_prazocaixa_408_kg_prazo,24.44,"24,44",R$,price,BRL,,spot,,,physical
2026-06-01,laranja,laranja-industria,Laranja Indústria,,,variacao_pct,-1.77,"-1,77",%,change_pct,,pct,spot,,,physical
2026-06-01,laranja,laranja-pera-in-natura,Laranja Pera In Natura,,,caixa_40_8_kg,37.28,"37,28",R$,price,BRL,,spot,,,other
2026-06-01,laranja,laranja-pera-in-natura,Laranja Pera In Natura,,,variacao_pct,-0.45,"-0,45",%,change_pct,,pct,spot,,,other
2026-06-01,laranja,suco-de-laranja-bolsa-de-nova-iorque-nybot,Suco de Laranja - Bolsa de Nova Iorque (NYBOT),,Julho/26,fechamento,150.0,"150,00",c/US$/libra peso,price,USD,lb,futures,2026-07,,nybot
2026-06-01,laranja,suco-de-laranja-bolsa-de-nova-iorque-nybot,Suco de Laranja - Bolsa de Nova Iorque (NYBOT),,Julho/26,variacao_pontos,-9.25,"-9,25",%,change_abs,,pct,futures,2026-07,,nybot
2026-06-01,laranja,suco-de-laranja-bolsa-de-nova-iorque-nybot,Suco de Laranja - Bolsa de Nova Iorque (NYBOT),,Novembro/26,fechamento,159.9,"159,90",c/US$/libra peso,price,USD,lb,futures,2026-11,,nybot
2026-06-01,laranja,suco-de-laranja-bolsa-de-nova-iorque-nybot,Suco de Laranja - Bolsa de Nova Iorque (NYBOT),,Novembro/26,variacao_pontos,-8.4,"-8,40",%,change_abs,,pct,futures,2026-11,,nybot
2026-06-01,laranja,suco-de-laranja-bolsa-de-nova-iorque-nybot,Suco de Laranja - Bolsa de Nova Iorque (NYBOT),,Setembro/26,fechamento,155.65,"155,65",c/US$/libra peso,price,USD,lb,futures,2026-09,,nybot
2026-06-01,laranja,suco-de-laranja-bolsa-de-nova-iorque-nybot,Suco de Laranja - Bolsa de Nova Iorque (NYBOT),,Setembro/26,variacao_pontos,-8.75,"-8,75",%,change_abs,,pct,futures,2026-09,,nybot
2026-06-02,laranja,laranja-ceasas,Laranja - Ceasas,Laranja Pera (13 a 15 DZ),,preco,1.77,"1,77",R$/Kg,price,BRL,kg,spot,,,physical
2026-06-02,laranja,laranja-ceasas,Laranja - Ceasas,Laranja Pera (13 a 15 DZ),,variacao_pct,-5.35,"-5,35",%,change_pct,,pct,spot,,,physical
2026-06-02,laranja,laranja-ceasas,Laranja - Ceasas,Laranja Pera Extra,,preco,2.25,"2,25",R$/Kg,price,BRL,kg,spot,,,physical
2026-06-02,laranja,laranja-ceasas,Laranja - Ceasas,Laranja Pera Extra,,variacao_pct,0.0,"0,00",%,change_pct,,pct,spot,,,physical
2026-06-02,laranja,laranja-ceasas,Laranja - Ceasas,Laranja Pera Gde (11-12 DZ),,preco,2.5,"2,50",R$/Kg,price,BRL,kg,spot,,,physical
2026-06-02,laranja,laranja-ceasas,Laranja - Ceasas,Laranja Pera Gde (11-12 DZ),,variacao_pct,0.0,"0,00",%,change_pct,,pct,spot,,,physical
2026-06-02,laranja,laranja-industria,Laranja Indústria,,,r_a_prazocaixa_408_kg_prazo,24.44,"24,44",R$,price,BRL,,spot,,,physical
2026-06-02,laranja,laranja-industria,Laranja Indústria,,,variacao_pct,0.0,"0,00",%,change_pct,,pct,spot,,,physical
2026-06-02,laranja,laranja-pera-in-natura,Laranja Pera In Natura,,,caixa_40_8_kg,37.64,"37,64",R$,price,BRL,,spot,,,other
2026-06-02,laranja,laranja-pera-in-natura,Laranja Pera In Natura,,,variacao_pct,0.97,"+0,97",%,change_pct,,pct,spot,,,other
2026-06-02,laranja,suco-de-laranja-bolsa-de-nova-iorque-nybot,Suco de Laranja - Bolsa de Nova Iorque (NYBOT),,Julho/26,fechamento,160.0,"160,00",c/US$/libra peso,price,USD,lb,futures,2026-07,,nybot
2026-06-02,laranja,suco-de-laranja-bolsa-de-nova-iorque-nybot,Suco de Laranja - Bolsa de Nova Iorque (NYBOT),,Julho/26,variacao_pontos,10.0,"+10,00",%,change_abs,,pct,futures,2026-07,,nybot
2026-06-02,laranja,suco-de-laranja-bolsa-de-nova-iorque-nybot,Suco de Laranja - Bolsa de Nova Iorque (NYBOT),,Novembro/26,fechamento,167.95,"167,95",c/US$/libra peso,price,USD,lb,futures,2026-11,,nybot
2026-06-02,laranja,suco-de-laranja-bolsa-de-nova-iorque-nybot,Suco de Laranja - Bolsa de Nova Iorque (NYBOT),,Novembro/26,variacao_pontos,8.05,"+8,05",%,change_abs,,pct,futures,2026-11,,nybot
2026-06-02,laranja,suco-de-laranja-bolsa-de-nova-iorque-nybot,Suco de Laranja - Bolsa de Nova Iorque (NYBOT),,Setembro/26,fechamento,164.1,"164,10",c/US$/libra peso,price,USD,lb,futures,2026-09,,nybot
2026-06-02,laranja,suco-de-laranja-bolsa-de-nova-iorque-nybot,Suco de Laranja - Bolsa de Nova Iorque (NYBOT),,Setembro/26,variacao_pontos,8.45,"+8,45",%,change_abs,,pct,futures,2026-09,,nybot
2026-06-03,laranja,laranja-ceasas,Laranja - Ceasas,Laranja Pera (13 a 15 DZ),,preco,1.77,"1,77",R$/Kg,price,BRL,kg,spot,,,physical
2026-06-03,laranja,laranja-ceasas,Laranja - Ceasas,Laranja Pera (13 a 15 DZ),,variacao_pct,0.0,"0,00",%,change_pct,,pct,spot,,,physical
2026-06-03,laranja,laranja-ceasas,Laranja - Ceasas,Laranja Pera Extra,,preco,2.25,"2,25",R$/Kg,price,BRL,kg,spot,,,physical
2026-06-03,laranja,laranja-ceasas,Laranja - Ceasas,Laranja Pera Extra,,variacao_pct,0.0,"0,00",%,change_pct,,pct,spot,,,physical
2026-06-03,laranja,laranja-ceasas,Laranja - Ceasas,Laranja Pera Gde (11-12 DZ),,preco,2.5,"2,50",R$/Kg,price,BRL,kg,spot,,,physical
2026-06-03,laranja,laranja-ceasas,Laranja - Ceasas,Laranja Pera Gde (11-12 DZ),,variacao_pct,0.0,"0,00",%,change_pct,,pct,spot,,,physical
2026-06-03,laranja,laranja-industria,Laranja Indústria,,,r_a_prazocaixa_408_kg_prazo,24.44,"24,44",R$,price,BRL,,spot,,,physical
2026-06-03,laranja,laranja-industria,Laranja Indústria,,,variacao_pct,0.0,"0,00",%,change_pct,,pct,spot,,,physical
2026-06-03,laranja,laranja-pera-in-natura,Laranja Pera In Natura,,,caixa_40_8_kg,37.31,"37,31",R$,price,BRL,,spot,,,other
2026-06-03,laranja,laranja-pera-in-natura,Laranja Pera In Natura,,,variacao_pct,-0.88,"-0,88",%,change_pct,,pct,spot,,,other
2026-06-03,laranja,suco-de-laranja-bolsa-de-nova-iorque-nybot,Suco de Laranja - Bolsa de Nova Iorque (NYBOT),,Julho/26,fechamento,168.4,"168,40",c/US$/libra peso,price,USD,lb,futures,2026-07,,nybot
2026-06-03,laranja,suco-de-laranja-bolsa-de-nova-iorque-nybot,Suco de Laranja - Bolsa de Nova Iorque (NYBOT),,Julho/26,variacao_pontos,8.4,"+8,40",%,change_abs,,pct,futures,2026-07,,nybot
2026-06-03,laranja,suco-de-laranja-bolsa-de-nova-iorque-nybot,Suco de Laranja - Bolsa de Nova Iorque (NYBOT),,Novembro/26,fechamento,174.75,"174,75",c/US$/libra peso,price,USD,lb,futures,2026-11,,nybot
2026-06-03,laranja,suco-de-laranja-bolsa-de-nova-iorque-nybot,Suco de Laranja - Bolsa de Nova Iorque (NYBOT),,Novembro/26,variacao_pontos,6.8,"+6,80",%,change_abs,,pct,futures,2026-11,,nybot
2026-06-03,laranja,suco-de-laranja-bolsa-de-nova-iorque-nybot,Suco de Laranja - Bolsa de Nova Iorque (NYBOT),,Setembro/26,fechamento,171.3,"171,30",c/US$/libra peso,price,USD,lb,futures,2026-09,,nybot
2026-06-03,laranja,suco-de-laranja-bolsa-de-nova-iorque-nybot,Suco de Laranja - Bolsa de Nova Iorque (NYBOT),,Setembro/26,variacao_pontos,7.2,"+7,20",%,change_abs,,pct,futures,2026-09,,nybot
2026-06-05,laranja,laranja-ceasas,Laranja - Ceasas,Laranja Pera (13 a 15 DZ),,preco,1.78,"1,78",R$/Kg,price,BRL,kg,spot,,,physical
2026-06-05,laranja,laranja-ceasas,Laranja - Ceasas,Laranja Pera (13 a 15 DZ),,variacao_pct,0.56,"+0,56",%,change_pct,,pct,spot,,,physical
2026-06-05,laranja,laranja-ceasas,Laranja - Ceasas,Laranja Pera Extra,,preco,2.25,"2,25",R$/Kg,price,BRL,kg,spot,,,physical
2026-06-05,laranja,laranja-ceasas,Laranja - Ceasas,Laranja Pera Extra,,variacao_pct,0.0,"0,00",%,change_pct,,pct,spot,,,physical
2026-06-05,laranja,laranja-ceasas,Laranja - Ceasas,Laranja Pera Gde (11-12 DZ),,preco,2.5,"2,50",R$/Kg,price,BRL,kg,spot,,,physical
2026-06-05,laranja,laranja-ceasas,Laranja - Ceasas,Laranja Pera Gde (11-12 DZ),,variacao_pct,0.0,"0,00",%,change_pct,,pct,spot,,,physical
2026-06-05,laranja,laranja-industria,Laranja Indústria,,,r_a_prazocaixa_408_kg_prazo,24.0,"24,00",R$,price,BRL,,spot,,,physical
2026-06-05,laranja,laranja-industria,Laranja Indústria,,,variacao_pct,-1.8,"-1,80",%,change_pct,,pct,spot,,,physical
2026-06-05,laranja,laranja-pera-in-natura,Laranja Pera In Natura,,,caixa_40_8_kg,36.9,"36,90",R$,price,BRL,,spot,,,other
2026-06-05,laranja,laranja-pera-in-natura,Laranja Pera In Natura,,,variacao_pct,-1.1,"-1,10",%,change_pct,,pct,spot,,,other
2026-06-05,laranja,suco-de-laranja-bolsa-de-nova-iorque-nybot,Suco de Laranja - Bolsa de Nova Iorque (NYBOT),,Julho/26,fechamento,159.4,"159,40",c/US$/libra peso,price,USD,lb,futures,2026-07,,nybot
2026-06-05,laranja,suco-de-laranja-bolsa-de-nova-iorque-nybot,Suco de Laranja - Bolsa de Nova Iorque (NYBOT),,Julho/26,variacao_pontos,-9.0,"-9,00",%,change_abs,,pct,futures,2026-07,,nybot
2026-06-05,laranja,suco-de-laranja-bolsa-de-nova-iorque-nybot,Suco de Laranja - Bolsa de Nova Iorque (NYBOT),,Novembro/26,fechamento,165.7,"165,70",c/US$/libra peso,price,USD,lb,futures,2026-11,,nybot
2026-06-05,laranja,suco-de-laranja-bolsa-de-nova-iorque-nybot,Suco de Laranja - Bolsa de Nova Iorque (NYBOT),,Novembro/26,variacao_pontos,-8.2,"-8,20",%,change_abs,,pct,futures,2026-11,,nybot
2026-06-05,laranja,suco-de-laranja-bolsa-de-nova-iorque-nybot,Suco de Laranja - Bolsa de Nova Iorque (NYBOT),,Setembro/26,fechamento,162.3,"162,30",c/US$/libra peso,price,USD,lb,futures,2026-09,,nybot
2026-06-05,laranja,suco-de-laranja-bolsa-de-nova-iorque-nybot,Suco de Laranja - Bolsa de Nova Iorque (NYBOT),,Setembro/26,variacao_pontos,-8.55,"-8,55",%,change_abs,,pct,futures,2026-09,,nybot
2026-06-08,laranja,laranja-ceasas,Laranja - Ceasas,Laranja Pera (13 a 15 DZ),,preco,1.78,"1,78",R$/Kg,price,BRL,kg,spot,,,physical
2026-06-08,laranja,laranja-ceasas,Laranja - Ceasas,Laranja Pera (13 a 15 DZ),,variacao_pct,0.0,"0,00",%,change_pct,,pct,spot,,,physical
2026-06-08,laranja,laranja-ceasas,Laranja - Ceasas,Laranja Pera Extra,,preco,2.25,"2,25",R$/Kg,price,BRL,kg,spot,,,physical
2026-06-08,laranja,laranja-ceasas,Laranja - Ceasas,Laranja Pera Extra,,variacao_pct,0.0,"0,00",%,change_pct,,pct,spot,,,physical
2026-06-08,laranja,laranja-ceasas,Laranja - Ceasas,Laranja Pera Gde (11-12 DZ),,preco,2.5,"2,50",R$/Kg,price,BRL,kg,spot,,,physical
2026-06-08,laranja,laranja-ceasas,Laranja - Ceasas,Laranja Pera Gde (11-12 DZ),,variacao_pct,0.0,"0,00",%,change_pct,,pct,spot,,,physical
2026-06-08,laranja,laranja-industria,Laranja Indústria,,,r_a_prazocaixa_408_kg_prazo,24.71,"24,71",R$,price,BRL,,spot,,,physical
2026-06-08,laranja,laranja-industria,Laranja Indústria,,,variacao_pct,2.96,"+2,96",%,change_pct,,pct,spot,,,physical
2026-06-08,laranja,laranja-pera-in-natura,Laranja Pera In Natura,,,caixa_40_8_kg,36.59,"36,59",R$,price,BRL,,spot,,,other
2026-06-08,laranja,laranja-pera-in-natura,Laranja Pera In Natura,,,variacao_pct,-0.84,"-0,84",%,change_pct,,pct,spot,,,other
2026-06-08,laranja,suco-de-laranja-bolsa-de-nova-iorque-nybot,Suco de Laranja - Bolsa de Nova Iorque (NYBOT),,Julho/26,fechamento,160.6,"160,60",c/US$/libra peso,price,USD,lb,futures,2026-07,,nybot
2026-06-08,laranja,suco-de-laranja-bolsa-de-nova-iorque-nybot,Suco de Laranja - Bolsa de Nova Iorque (NYBOT),,Julho/26,variacao_pontos,1.2,"+1,20",%,change_abs,,pct,futures,2026-07,,nybot
2026-06-08,laranja,suco-de-laranja-bolsa-de-nova-iorque-nybot,Suco de Laranja - Bolsa de Nova Iorque (NYBOT),,Novembro/26,fechamento,166.2,"166,20",c/US$/libra peso,price,USD,lb,futures,2026-11,,nybot
2026-06-08,laranja,suco-de-laranja-bolsa-de-nova-iorque-nybot,Suco de Laranja - Bolsa de Nova Iorque (NYBOT),,Novembro/26,variacao_pontos,0.5,"+0,50",%,change_abs,,pct,futures,2026-11,,nybot
2026-06-08,laranja,suco-de-laranja-bolsa-de-nova-iorque-nybot,Suco de Laranja - Bolsa de Nova Iorque (NYBOT),,Setembro/26,fechamento,163.0,"163,00",c/US$/libra peso,price,USD,lb,futures,2026-09,,nybot
2026-06-08,laranja,suco-de-laranja-bolsa-de-nova-iorque-nybot,Suco de Laranja - Bolsa de Nova Iorque (NYBOT),,Setembro/26,variacao_pontos,0.7,"+0,70",%,change_abs,,pct,futures,2026-09,,nybot
2026-06-09,laranja,laranja-ceasas,Laranja - Ceasas,Laranja Pera (13 a 15 DZ),,preco,1.84,"1,84",R$/Kg,price,BRL,kg,spot,,,physical
2026-06-09,laranja,laranja-ceasas,Laranja - Ceasas,Laranja Pera (13 a 15 DZ),,variacao_pct,3.37,"+3,37",%,change_pct,,pct,spot,,,physical
2026-06-09,laranja,laranja-ceasas,Laranja - Ceasas,Laranja Pera Extra,,preco,2.25,"2,25",R$/Kg,price,BRL,kg,spot,,,physical
2026-06-09,laranja,laranja-ceasas,Laranja - Ceasas,Laranja Pera Extra,,variacao_pct,0.0,"0,00",%,change_pct,,pct,spot,,,physical
2026-06-09,laranja,laranja-ceasas,Laranja - Ceasas,Laranja Pera Gde (11-12 DZ),,preco,2.5,"2,50",R$/Kg,price,BRL,kg,spot,,,physical
2026-06-09,laranja,laranja-ceasas,Laranja - Ceasas,Laranja Pera Gde (11-12 DZ),,variacao_pct,0.0,"0,00",%,change_pct,,pct,spot,,,physical
2026-06-09,laranja,laranja-industria,Laranja Indústria,,,r_a_prazocaixa_408_kg_prazo,24.71,"24,71",R$,price,BRL,,spot,,,physical
2026-06-09,laranja,laranja-industria,Laranja Indústria,,,variacao_pct,0.0,"0,00",%,change_pct,,pct,spot,,,physical
2026-06-09,laranja,laranja-pera-in-natura,Laranja Pera In Natura,,,caixa_40_8_kg,35.3,"35,30",R$,price,BRL,,spot,,,other
2026-06-09,laranja,laranja-pera-in-natura,Laranja Pera In Natura,,,variacao_pct,-3.53,"-3,53",%,change_pct,,pct,spot,,,other
2026-06-09,laranja,suco-de-laranja-bolsa-de-nova-iorque-nybot,Suco de Laranja - Bolsa de Nova Iorque (NYBOT),,Julho/26,fechamento,170.35,"170,35",c/US$/libra peso,price,USD,lb,futures,2026-07,,nybot
2026-06-09,laranja,suco-de-laranja-bolsa-de-nova-iorque-nybot,Suco de Laranja - Bolsa de Nova Iorque (NYBOT),,Julho/26,variacao_pontos,9.75,"+9,75",%,change_abs,,pct,futures,2026-07,,nybot
2026-06-09,laranja,suco-de-laranja-bolsa-de-nova-iorque-nybot,Suco de Laranja - Bolsa de Nova Iorque (NYBOT),,Novembro/26,fechamento,174.45,"174,45",c/US$/libra peso,price,USD,lb,futures,2026-11,,nybot
2026-06-09,laranja,suco-de-laranja-bolsa-de-nova-iorque-nybot,Suco de Laranja - Bolsa de Nova Iorque (NYBOT),,Novembro/26,variacao_pontos,8.25,"+8,25",%,change_abs,,pct,futures,2026-11,,nybot
2026-06-09,laranja,suco-de-laranja-bolsa-de-nova-iorque-nybot,Suco de Laranja - Bolsa de Nova Iorque (NYBOT),,Setembro/26,fechamento,171.5,"171,50",c/US$/libra peso,price,USD,lb,futures,2026-09,,nybot
2026-06-09,laranja,suco-de-laranja-bolsa-de-nova-iorque-nybot,Suco de Laranja - Bolsa de Nova Iorque (NYBOT),,Setembro/26,variacao_pontos,8.5,"+8,50",%,change_abs,,pct,futures,2026-09,,nybot
2026-06-10,laranja,laranja-ceasas,Laranja - Ceasas,Laranja Pera (13 a 15 DZ),,preco,1.84,"1,84",R$/Kg,price,BRL,kg,spot,,,physical
2026-06-10,laranja,laranja-ceasas,Laranja - Ceasas,Laranja Pera (13 a 15 DZ),,variacao_pct,0.0,"0,00",%,change_pct,,pct,spot,,,physical
2026-06-10,laranja,laranja-ceasas,Laranja - Ceasas,Laranja Pera Extra,,preco,2.0,"2,00",R$/Kg,price,BRL,kg,spot,,,physical
2026-06-10,laranja,laranja-ceasas,Laranja - Ceasas,Laranja Pera Extra,,variacao_pct,-11.11,"-11,11",%,change_pct,,pct,spot,,,physical
2026-06-10,laranja,laranja-ceasas,Laranja - Ceasas,Laranja Pera Gde (11-12 DZ),,preco,2.5,"2,50",R$/Kg,price,BRL,kg,spot,,,physical
2026-06-10,laranja,laranja-ceasas,Laranja - Ceasas,Laranja Pera Gde (11-12 DZ),,variacao_pct,0.0,"0,00",%,change_pct,,pct,spot,,,physical
2026-06-10,laranja,laranja-industria,Laranja Indústria,,,r_a_prazocaixa_408_kg_prazo,24.71,"24,71",R$,price,BRL,,spot,,,physical
2026-06-10,laranja,laranja-industria,Laranja Indústria,,,variacao_pct,0.0,"0,00",%,change_pct,,pct,spot,,,physical
2026-06-10,laranja,laranja-pera-in-natura,Laranja Pera In Natura,,,caixa_40_8_kg,33.81,"33,81",R$,price,BRL,,spot,,,other
2026-06-10,laranja,laranja-pera-in-natura,Laranja Pera In Natura,,,variacao_pct,-4.22,"-4,22",%,change_pct,,pct,spot,,,other
2026-06-10,laranja,suco-de-laranja-bolsa-de-nova-iorque-nybot,Suco de Laranja - Bolsa de Nova Iorque (NYBOT),,Julho/26,fechamento,166.8,"166,80",c/US$/libra peso,price,USD,lb,futures,2026-07,,nybot
2026-06-10,laranja,suco-de-laranja-bolsa-de-nova-iorque-nybot,Suco de Laranja - Bolsa de Nova Iorque (NYBOT),,Julho/26,variacao_pontos,-3.55,"-3,55",%,change_abs,,pct,futures,2026-07,,nybot
2026-06-10,laranja,suco-de-laranja-bolsa-de-nova-iorque-nybot,Suco de Laranja - Bolsa de Nova Iorque (NYBOT),,Novembro/26,fechamento,171.9,"171,90",c/US$/libra peso,price,USD,lb,futures,2026-11,,nybot
2026-06-10,laranja,suco-de-laranja-bolsa-de-nova-iorque-nybot,Suco de Laranja - Bolsa de Nova Iorque (NYBOT),,Novembro/26,variacao_pontos,-2.55,"-2,55",%,change_abs,,pct,futures,2026-11,,nybot
2026-06-10,laranja,suco-de-laranja-bolsa-de-nova-iorque-nybot,Suco de Laranja - Bolsa de Nova Iorque (NYBOT),,Setembro/26,fechamento,169.1,"169,10",c/US$/libra peso,price,USD,lb,futures,2026-09,,nybot
2026-06-10,laranja,suco-de-laranja-bolsa-de-nova-iorque-nybot,Suco de Laranja - Bolsa de Nova Iorque (NYBOT),,Setembro/26,variacao_pontos,-2.4,"-2,40",%,change_abs,,pct,futures,2026-09,,nybot
2026-06-11,laranja,laranja-ceasas,Laranja - Ceasas,Laranja Pera (13 a 15 DZ),,preco,1.81,"1,81",R$/Kg,price,BRL,kg,spot,,,physical
2026-06-11,laranja,laranja-ceasas,Laranja - Ceasas,Laranja Pera (13 a 15 DZ),,variacao_pct,-1.63,"-1,63",%,change_pct,,pct,spot,,,physical
2026-06-11,laranja,laranja-ceasas,Laranja - Ceasas,Laranja Pera Extra,,preco,2.0,"2,00",R$/Kg,price,BRL,kg,spot,,,physical
2026-06-11,laranja,laranja-ceasas,Laranja - Ceasas,Laranja Pera Extra,,variacao_pct,0.0,"0,00",%,change_pct,,pct,spot,,,physical
2026-06-11,laranja,laranja-ceasas,Laranja - Ceasas,Laranja Pera Gde (11-12 DZ),,preco,2.5,"2,50",R$/Kg,price,BRL,kg,spot,,,physical
2026-06-11,laranja,laranja-ceasas,Laranja - Ceasas,Laranja Pera Gde (11-12 DZ),,variacao_pct,0.0,"0,00",%,change_pct,,pct,spot,,,physical
2026-06-11,laranja,laranja-industria,Laranja Indústria,,,r_a_prazocaixa_408_kg_prazo,24.71,"24,71",R$,price,BRL,,spot,,,physical
2026-06-11,laranja,laranja-industria,Laranja Indústria,,,variacao_pct,0.0,"0,00",%,change_pct,,pct,spot,,,physical
2026-06-11,laranja,laranja-pera-in-natura,Laranja Pera In Natura,,,caixa_40_8_kg,33.21,"33,21",R$,price,BRL,,spot,,,other
2026-06-11,laranja,laranja-pera-in-natura,Laranja Pera In Natura,,,variacao_pct,-1.77,"-1,77",%,change_pct,,pct,spot,,,other
2026-06-11,laranja,suco-de-laranja-bolsa-de-nova-iorque-nybot,Suco de Laranja - Bolsa de Nova Iorque (NYBOT),,Julho/26,fechamento,165.8,"165,80",c/US$/libra peso,price,USD,lb,futures,2026-07,,nybot
2026-06-11,laranja,suco-de-laranja-bolsa-de-nova-iorque-nybot,Suco de Laranja - Bolsa de Nova Iorque (NYBOT),,Julho/26,variacao_pontos,-1.0,"-1,00",%,change_abs,,pct,futures,2026-07,,nybot
2026-06-11,laranja,suco-de-laranja-bolsa-de-nova-iorque-nybot,Suco de Laranja - Bolsa de Nova Iorque (NYBOT),,Novembro/26,fechamento,173.0,"173,00",c/US$/libra peso,price,USD,lb,futures,2026-11,,nybot
2026-06-11,laranja,suco-de-laranja-bolsa-de-nova-iorque-nybot,Suco de Laranja - Bolsa de Nova Iorque (NYBOT),,Novembro/26,variacao_pontos,1.1,"+1,10",%,change_abs,,pct,futures,2026-11,,nybot
2026-06-11,laranja,suco-de-laranja-bolsa-de-nova-iorque-nybot,Suco de Laranja - Bolsa de Nova Iorque (NYBOT),,Setembro/26,fechamento,170.1,"170,10",c/US$/libra peso,price,USD,lb,futures,2026-09,,nybot
2026-06-11,laranja,suco-de-laranja-bolsa-de-nova-iorque-nybot,Suco de Laranja - Bolsa de Nova Iorque (NYBOT),,Setembro/26,variacao_pontos,1.0,"+1,00",%,change_abs,,pct,futures,2026-09,,nybot
2026-06-12,laranja,laranja-ceasas,Laranja - Ceasas,Laranja Pera (13 a 15 DZ),,preco,1.81,"1,81",R$/Kg,price,BRL,kg,spot,,,physical
2026-06-12,laranja,laranja-ceasas,Laranja - Ceasas,Laranja Pera (13 a 15 DZ),,variacao_pct,0.0,"0,00",%,change_pct,,pct,spot,,,physical
2026-06-12,laranja,laranja-ceasas,Laranja - Ceasas,Laranja Pera Extra,,preco,2.0,"2,00",R$/Kg,price,BRL,kg,spot,,,physical
2026-06-12,laranja,laranja-ceasas,Laranja - Ceasas,Laranja Pera Extra,,variacao_pct,0.0,"0,00",%,change_pct,,pct,spot,,,physical
2026-06-12,laranja,laranja-ceasas,Laranja - Ceasas,Laranja Pera Gde (11-12 DZ),,preco,2.5,"2,50",R$/Kg,price,BRL,kg,spot,,,physical
2026-06-12,laranja,laranja-ceasas,Laranja - Ceasas,Laranja Pera Gde (11-12 DZ),,variacao_pct,0.0,"0,00",%,change_pct,,pct,spot,,,physical
2026-06-12,laranja,laranja-industria,Laranja Indústria,,,r_a_prazocaixa_408_kg_prazo,24.71,"24,71",R$,price,BRL,,spot,,,physical
2026-06-12,laranja,laranja-industria,Laranja Indústria,,,variacao_pct,0.0,"0,00",%,change_pct,,pct,spot,,,physical
2026-06-12,laranja,laranja-pera-in-natura,Laranja Pera In Natura,,,caixa_40_8_kg,35.63,"35,63",R$,price,BRL,,spot,,,other
2026-06-12,laranja,laranja-pera-in-natura,Laranja Pera In Natura,,,variacao_pct,7.29,"+7,29",%,change_pct,,pct,spot,,,other
2026-06-12,laranja,suco-de-laranja-bolsa-de-nova-iorque-nybot,Suco de Laranja - Bolsa de Nova Iorque (NYBOT),,Julho/26,fechamento,163.3,"163,30",c/US$/libra peso,price,USD,lb,futures,2026-07,,nybot
2026-06-12,laranja,suco-de-laranja-bolsa-de-nova-iorque-nybot,Suco de Laranja - Bolsa de Nova Iorque (NYBOT),,Julho/26,variacao_pontos,-2.5,"-2,50",%,change_abs,,pct,futures,2026-07,,nybot
2026-06-12,laranja,suco-de-laranja-bolsa-de-nova-iorque-nybot,Suco de Laranja - Bolsa de Nova Iorque (NYBOT),,Novembro/26,fechamento,171.2,"171,20",c/US$/libra peso,price,USD,lb,futures,2026-11,,nybot
2026-06-12,laranja,suco-de-laranja-bolsa-de-nova-iorque-nybot,Suco de Laranja - Bolsa de Nova Iorque (NYBOT),,Novembro/26,variacao_pontos,-1.8,"-1,80",%,change_abs,,pct,futures,2026-11,,nybot
2026-06-12,laranja,suco-de-laranja-bolsa-de-nova-iorque-nybot,Suco de Laranja - Bolsa de Nova Iorque (NYBOT),,Setembro/26,fechamento,168.1,"168,10",c/US$/libra peso,price,USD,lb,futures,2026-09,,nybot
2026-06-12,laranja,suco-de-laranja-bolsa-de-nova-iorque-nybot,Suco de Laranja - Bolsa de Nova Iorque (NYBOT),,Setembro/26,variacao_pontos,-2.0,"-2,00",%,change_abs,,pct,futures,2026-09,,nybot
2026-06-15,laranja,laranja-ceasas,Laranja - Ceasas,Laranja Pera (13 a 15 DZ),,preco,1.8,"1,80",R$/Kg,price,BRL,kg,spot,,,physical
2026-06-15,laranja,laranja-ceasas,Laranja - Ceasas,Laranja Pera (13 a 15 DZ),,variacao_pct,-0.55,"-0,55",%,change_pct,,pct,spot,,,physical
2026-06-15,laranja,laranja-ceasas,Laranja - Ceasas,Laranja Pera Extra,,preco,2.0,"2,00",R$/Kg,price,BRL,kg,spot,,,physical
2026-06-15,laranja,laranja-ceasas,Laranja - Ceasas,Laranja Pera Extra,,variacao_pct,0.0,"0,00",%,change_pct,,pct,spot,,,physical
2026-06-15,laranja,laranja-ceasas,Laranja - Ceasas,Laranja Pera Gde (11-12 DZ),,preco,2.5,"2,50",R$/Kg,price,BRL,kg,spot,,,physical
2026-06-15,laranja,laranja-ceasas,Laranja - Ceasas,Laranja Pera Gde (11-12 DZ),,variacao_pct,0.0,"0,00",%,change_pct,,pct,spot,,,physical
2026-06-15,laranja,laranja-industria,Laranja Indústria,,,r_a_prazocaixa_408_kg_prazo,25.17,"25,17",R$,price,BRL,,spot,,,physical
2026-06-15,laranja,laranja-industria,Laranja Indústria,,,variacao_pct,1.86,"+1,86",%,change_pct,,pct,spot,,,physical
2026-06-15,laranja,laranja-pera-in-natura,Laranja Pera In Natura,,,caixa_40_8_kg,35.99,"35,99",R$,price,BRL,,spot,,,other
2026-06-15,laranja,laranja-pera-in-natura,Laranja Pera In Natura,,,variacao_pct,1.01,"+1,01",%,change_pct,,pct,spot,,,other
2026-06-15,laranja,suco-de-laranja-bolsa-de-nova-iorque-nybot,Suco de Laranja - Bolsa de Nova Iorque (NYBOT),,Julho/26,fechamento,154.7,"154,70",c/US$/libra peso,price,USD,lb,futures,2026-07,,nybot
2026-06-15,laranja,suco-de-laranja-bolsa-de-nova-iorque-nybot,Suco de Laranja - Bolsa de Nova Iorque (NYBOT),,Julho/26,variacao_pontos,-8.6,"-8,60",%,change_abs,,pct,futures,2026-07,,nybot
2026-06-15,laranja,suco-de-laranja-bolsa-de-nova-iorque-nybot,Suco de Laranja - Bolsa de Nova Iorque (NYBOT),,Novembro/26,fechamento,163.2,"163,20",c/US$/libra peso,price,USD,lb,futures,2026-11,,nybot
2026-06-15,laranja,suco-de-laranja-bolsa-de-nova-iorque-nybot,Suco de Laranja - Bolsa de Nova Iorque (NYBOT),,Novembro/26,variacao_pontos,-8.0,"-8,00",%,change_abs,,pct,futures,2026-11,,nybot
2026-06-15,laranja,suco-de-laranja-bolsa-de-nova-iorque-nybot,Suco de Laranja - Bolsa de Nova Iorque (NYBOT),,Setembro/26,fechamento,160.05,"160,05",c/US$/libra peso,price,USD,lb,futures,2026-09,,nybot
2026-06-15,laranja,suco-de-laranja-bolsa-de-nova-iorque-nybot,Suco de Laranja - Bolsa de Nova Iorque (NYBOT),,Setembro/26,variacao_pontos,-8.05,"-8,05",%,change_abs,,pct,futures,2026-09,,nybot
2026-06-16,laranja,laranja-ceasas,Laranja - Ceasas,Laranja Pera (13 a 15 DZ),,preco,1.71,"1,71",R$/Kg,price,BRL,kg,spot,,,physical
2026-06-16,laranja,laranja-ceasas,Laranja - Ceasas,Laranja Pera (13 a 15 DZ),,variacao_pct,-5.0,"-5,00",%,change_pct,,pct,spot,,,physical
2026-06-16,laranja,laranja-ceasas,Laranja - Ceasas,Laranja Pera Extra,,preco,2.0,"2,00",R$/Kg,price,BRL,kg,spot,,,physical
2026-06-16,laranja,laranja-ceasas,Laranja - Ceasas,Laranja Pera Extra,,variacao_pct,0.0,"0,00",%,change_pct,,pct,spot,,,physical
2026-06-16,laranja,laranja-ceasas,Laranja - Ceasas,Laranja Pera Gde (11-12 DZ),,preco,2.5,"2,50",R$/Kg,price,BRL,kg,spot,,,physical
2026-06-16,laranja,laranja-ceasas,Laranja - Ceasas,Laranja Pera Gde (11-12 DZ),,variacao_pct,0.0,"0,00",%,change_pct,,pct,spot,,,physical
2026-06-16,laranja,laranja-industria,Laranja Indústria,,,r_a_prazocaixa_408_kg_prazo,25.17,"25,17",R$,price,BRL,,spot,,,physical
2026-06-16,laranja,laranja-industria,Laranja Indústria,,,variacao_pct,0.0,"0,00",%,change_pct,,pct,spot,,,physical
2026-06-16,laranja,laranja-pera-in-natura,Laranja Pera In Natura,,,caixa_40_8_kg,37.39,"37,39",R$,price,BRL,,spot,,,other
2026-06-16,laranja,laranja-pera-in-natura,Laranja Pera In Natura,,,variacao_pct,3.89,"+3,89",%,change_pct,,pct,spot,,,other
2026-06-16,laranja,suco-de-laranja-bolsa-de-nova-iorque-nybot,Suco de Laranja - Bolsa de Nova Iorque (NYBOT),,Julho/26,fechamento,147.65,"147,65",c/US$/libra peso,price,USD,lb,futures,2026-07,,nybot
2026-06-16,laranja,suco-de-laranja-bolsa-de-nova-iorque-nybot,Suco de Laranja - Bolsa de Nova Iorque (NYBOT),,Julho/26,variacao_pontos,-7.05,"-7,05",%,change_abs,,pct,futures,2026-07,,nybot
2026-06-16,laranja,suco-de-laranja-bolsa-de-nova-iorque-nybot,Suco de Laranja - Bolsa de Nova Iorque (NYBOT),,Novembro/26,fechamento,157.65,"157,65",c/US$/libra peso,price,USD,lb,futures,2026-11,,nybot
2026-06-16,laranja,suco-de-laranja-bolsa-de-nova-iorque-nybot,Suco de Laranja - Bolsa de Nova Iorque (NYBOT),,Novembro/26,variacao_pontos,-5.55,"-5,55",%,change_abs,,pct,futures,2026-11,,nybot
2026-06-16,laranja,suco-de-laranja-bolsa-de-nova-iorque-nybot,Suco de Laranja - Bolsa de Nova Iorque (NYBOT),,Setembro/26,fechamento,153.95,"153,95",c/US$/libra peso,price,USD,lb,futures,2026-09,,nybot
2026-06-16,laranja,suco-de-laranja-bolsa-de-nova-iorque-nybot,Suco de Laranja - Bolsa de Nova Iorque (NYBOT),,Setembro/26,variacao_pontos,-6.1,"-6,10",%,change_abs,,pct,futures,2026-09,,nybot
2026-06-17,laranja,laranja-ceasas,Laranja - Ceasas,Laranja Pera (13 a 15 DZ),,preco,1.71,"1,71",R$/Kg,price,BRL,kg,spot,,,physical
2026-06-17,laranja,laranja-ceasas,Laranja - Ceasas,Laranja Pera (13 a 15 DZ),,variacao_pct,0.0,"0,00",%,change_pct,,pct,spot,,,physical
2026-06-17,laranja,laranja-ceasas,Laranja - Ceasas,Laranja Pera Extra,,preco,2.0,"2,00",R$/Kg,price,BRL,kg,spot,,,physical
2026-06-17,laranja,laranja-ceasas,Laranja - Ceasas,Laranja Pera Extra,,variacao_pct,0.0,"0,00",%,change_pct,,pct,spot,,,physical
2026-06-17,laranja,laranja-ceasas,Laranja - Ceasas,Laranja Pera Gde (11-12 DZ),,preco,2.5,"2,50",R$/Kg,price,BRL,kg,spot,,,physical
2026-06-17,laranja,laranja-ceasas,Laranja - Ceasas,Laranja Pera Gde (11-12 DZ),,variacao_pct,0.0,"0,00",%,change_pct,,pct,spot,,,physical
2026-06-17,laranja,laranja-industria,Laranja Indústria,,,r_a_prazocaixa_408_kg_prazo,25.14,"25,14",R$,price,BRL,,spot,,,physical
2026-06-17,laranja,laranja-industria,Laranja Indústria,,,variacao_pct,-0.12,"-0,12",%,change_pct,,pct,spot,,,physical
2026-06-17,laranja,laranja-pera-in-natura,Laranja Pera In Natura,,,caixa_40_8_kg,37.03,"37,03",R$,price,BRL,,spot,,,other
2026-06-17,laranja,laranja-pera-in-natura,Laranja Pera In Natura,,,variacao_pct,-0.96,"-0,96",%,change_pct,,pct,spot,,,other
2026-06-17,laranja,suco-de-laranja-bolsa-de-nova-iorque-nybot,Suco de Laranja - Bolsa de Nova Iorque (NYBOT),,Julho/26,fechamento,148.85,"148,85",c/US$/libra peso,price,USD,lb,futures,2026-07,,nybot
2026-06-17,laranja,suco-de-laranja-bolsa-de-nova-iorque-nybot,Suco de Laranja - Bolsa de Nova Iorque (NYBOT),,Julho/26,variacao_pontos,1.2,"+1,20",%,change_abs,,pct,futures,2026-07,,nybot
2026-06-17,laranja,suco-de-laranja-bolsa-de-nova-iorque-nybot,Suco de Laranja - Bolsa de Nova Iorque (NYBOT),,Novembro/26,fechamento,157.9,"157,90",c/US$/libra peso,price,USD,lb,futures,2026-11,,nybot
2026-06-17,laranja,suco-de-laranja-bolsa-de-nova-iorque-nybot,Suco de Laranja - Bolsa de Nova Iorque (NYBOT),,Novembro/26,variacao_pontos,0.25,"+0,25",%,change_abs,,pct,futures,2026-11,,nybot
2026-06-17,laranja,suco-de-laranja-bolsa-de-nova-iorque-nybot,Suco de Laranja - Bolsa de Nova Iorque (NYBOT),,Setembro/26,fechamento,154.35,"154,35",c/US$/libra peso,price,USD,lb,futures,2026-09,,nybot
2026-06-17,laranja,suco-de-laranja-bolsa-de-nova-iorque-nybot,Suco de Laranja - Bolsa de Nova Iorque (NYBOT),,Setembro/26,variacao_pontos,0.4,"+0,40",%,change_abs,,pct,futures,2026-09,,nybot
2026-06-18,laranja,laranja-ceasas,Laranja - Ceasas,Laranja Pera (13 a 15 DZ),,preco,1.74,"1,74",R$/Kg,price,BRL,kg,spot,,,physical
2026-06-18,laranja,laranja-ceasas,Laranja - Ceasas,Laranja Pera (13 a 15 DZ),,variacao_pct,1.75,"+1,75",%,change_pct,,pct,spot,,,physical
2026-06-18,laranja,laranja-ceasas,Laranja - Ceasas,Laranja Pera Extra,,preco,1.9,"1,90",R$/Kg,price,BRL,kg,spot,,,physical
2026-06-18,laranja,laranja-ceasas,Laranja - Ceasas,Laranja Pera Extra,,variacao_pct,-5.0,"-5,00",%,change_pct,,pct,spot,,,physical
2026-06-18,laranja,laranja-ceasas,Laranja - Ceasas,Laranja Pera Gde (11-12 DZ),,preco,2.5,"2,50",R$/Kg,price,BRL,kg,spot,,,physical
2026-06-18,laranja,laranja-ceasas,Laranja - Ceasas,Laranja Pera Gde (11-12 DZ),,variacao_pct,0.0,"0,00",%,change_pct,,pct,spot,,,physical
2026-06-18,laranja,laranja-industria,Laranja Indústria,,,r_a_prazocaixa_408_kg_prazo,25.14,"25,14",R$,price,BRL,,spot,,,physical
2026-06-18,laranja,laranja-industria,Laranja Indústria,,,variacao_pct,0.0,"0,00",%,change_pct,,pct,spot,,,physical
2026-06-18,laranja,laranja-pera-in-natura,Laranja Pera In Natura,,,caixa_40_8_kg,36.83,"36,83",R$,price,BRL,,spot,,,other
2026-06-18,laranja,laranja-pera-in-natura,Laranja Pera In Natura,,,variacao_pct,-0.54,"-0,54",%,change_pct,,pct,spot,,,other
2026-06-18,laranja,suco-de-laranja-bolsa-de-nova-iorque-nybot,Suco de Laranja - Bolsa de Nova Iorque (NYBOT),,Julho/26,fechamento,158.5,"158,50",c/US$/libra peso,price,USD,lb,futures,2026-07,,nybot
2026-06-18,laranja,suco-de-laranja-bolsa-de-nova-iorque-nybot,Suco de Laranja - Bolsa de Nova Iorque (NYBOT),,Julho/26,variacao_pontos,9.65,"+9,65",%,change_abs,,pct,futures,2026-07,,nybot
2026-06-18,laranja,suco-de-laranja-bolsa-de-nova-iorque-nybot,Suco de Laranja - Bolsa de Nova Iorque (NYBOT),,Novembro/26,fechamento,162.15,"162,15",c/US$/libra peso,price,USD,lb,futures,2026-11,,nybot
2026-06-18,laranja,suco-de-laranja-bolsa-de-nova-iorque-nybot,Suco de Laranja - Bolsa de Nova Iorque (NYBOT),,Novembro/26,variacao_pontos,4.25,"+4,25",%,change_abs,,pct,futures,2026-11,,nybot
2026-06-18,laranja,suco-de-laranja-bolsa-de-nova-iorque-nybot,Suco de Laranja - Bolsa de Nova Iorque (NYBOT),,Setembro/26,fechamento,159.4,"159,40",c/US$/libra peso,price,USD,lb,futures,2026-09,,nybot
2026-06-18,laranja,suco-de-laranja-bolsa-de-nova-iorque-nybot,Suco de Laranja - Bolsa de Nova Iorque (NYBOT),,Setembro/26,variacao_pontos,5.05,"+5,05",%,change_abs,,pct,futures,2026-09,,nybot
2026-06-19,laranja,laranja-ceasas,Laranja - Ceasas,Laranja Pera (13 a 15 DZ),,preco,1.74,"1,74",R$/Kg,price,BRL,kg,spot,,,physical
2026-06-19,laranja,laranja-ceasas,Laranja - Ceasas,Laranja Pera (13 a 15 DZ),,variacao_pct,0.0,"0,00",%,change_pct,,pct,spot,,,physical
2026-06-19,laranja,laranja-ceasas,Laranja - Ceasas,Laranja Pera Extra,,preco,1.9,"1,90",R$/Kg,price,BRL,kg,spot,,,physical
2026-06-19,laranja,laranja-ceasas,Laranja - Ceasas,Laranja Pera Extra,,variacao_pct,0.0,"0,00",%,change_pct,,pct,spot,,,physical
2026-06-19,laranja,laranja-ceasas,Laranja - Ceasas,Laranja Pera Gde (11-12 DZ),,preco,2.5,"2,50",R$/Kg,price,BRL,kg,spot,,,physical
2026-06-19,laranja,laranja-ceasas,Laranja - Ceasas,Laranja Pera Gde (11-12 DZ),,variacao_pct,0.0,"0,00",%,change_pct,,pct,spot,,,physical
2026-06-19,laranja,laranja-industria,Laranja Indústria,,,r_a_prazocaixa_408_kg_prazo,25.14,"25,14",R$,price,BRL,,spot,,,physical
2026-06-19,laranja,laranja-industria,Laranja Indústria,,,variacao_pct,0.0,"0,00",%,change_pct,,pct,spot,,,physical
2026-06-19,laranja,laranja-pera-in-natura,Laranja Pera In Natura,,,caixa_40_8_kg,35.92,"35,92",R$,price,BRL,,spot,,,other
2026-06-19,laranja,laranja-pera-in-natura,Laranja Pera In Natura,,,variacao_pct,-2.47,"-2,47",%,change_pct,,pct,spot,,,other
2026-06-22,laranja,laranja-ceasas,Laranja - Ceasas,Laranja Pera (13 a 15 DZ),,preco,1.73,"1,73",R$/Kg,price,BRL,kg,spot,,,physical
2026-06-22,laranja,laranja-ceasas,Laranja - Ceasas,Laranja Pera (13 a 15 DZ),,variacao_pct,-0.57,"-0,57",%,change_pct,,pct,spot,,,physical
2026-06-22,laranja,laranja-ceasas,Laranja - Ceasas,Laranja Pera Extra,,preco,1.75,"1,75",R$/Kg,price,BRL,kg,spot,,,physical
2026-06-22,laranja,laranja-ceasas,Laranja - Ceasas,Laranja Pera Extra,,variacao_pct,-7.89,"-7,89",%,change_pct,,pct,spot,,,physical
2026-06-22,laranja,laranja-ceasas,Laranja - Ceasas,Laranja Pera Gde (11-12 DZ),,preco,2.51,"2,51",R$/Kg,price,BRL,kg,spot,,,physical
2026-06-22,laranja,laranja-ceasas,Laranja - Ceasas,Laranja Pera Gde (11-12 DZ),,variacao_pct,0.4,"+0,40",%,change_pct,,pct,spot,,,physical
2026-06-22,laranja,laranja-industria,Laranja Indústria,,,r_a_prazocaixa_408_kg_prazo,29.5,"29,50",R$,price,BRL,,spot,,,physical
2026-06-22,laranja,laranja-industria,Laranja Indústria,,,variacao_pct,17.34,"+17,34",%,change_pct,,pct,spot,,,physical
2026-06-22,laranja,laranja-pera-in-natura,Laranja Pera In Natura,,,caixa_40_8_kg,35.92,"35,92",R$,price,BRL,,spot,,,other
2026-06-22,laranja,laranja-pera-in-natura,Laranja Pera In Natura,,,variacao_pct,0.0,"0,00",%,change_pct,,pct,spot,,,other
2026-06-22,laranja,suco-de-laranja-bolsa-de-nova-iorque-nybot,Suco de Laranja - Bolsa de Nova Iorque (NYBOT),,Julho/26,fechamento,154.6,"154,60",c/US$/libra peso,price,USD,lb,futures,2026-07,,nybot
2026-06-22,laranja,suco-de-laranja-bolsa-de-nova-iorque-nybot,Suco de Laranja - Bolsa de Nova Iorque (NYBOT),,Julho/26,variacao_pontos,-3.9,"-3,90",%,change_abs,,pct,futures,2026-07,,nybot
2026-06-22,laranja,suco-de-laranja-bolsa-de-nova-iorque-nybot,Suco de Laranja - Bolsa de Nova Iorque (NYBOT),,Novembro/26,fechamento,159.15,"159,15",c/US$/libra peso,price,USD,lb,futures,2026-11,,nybot
2026-06-22,laranja,suco-de-laranja-bolsa-de-nova-iorque-nybot,Suco de Laranja - Bolsa de Nova Iorque (NYBOT),,Novembro/26,variacao_pontos,-3.0,"-3,00",%,change_abs,,pct,futures,2026-11,,nybot
2026-06-22,laranja,suco-de-laranja-bolsa-de-nova-iorque-nybot,Suco de Laranja - Bolsa de Nova Iorque (NYBOT),,Setembro/26,fechamento,155.6,"155,60",c/US$/libra peso,price,USD,lb,futures,2026-09,,nybot
2026-06-22,laranja,suco-de-laranja-bolsa-de-nova-iorque-nybot,Suco de Laranja - Bolsa de Nova Iorque (NYBOT),,Setembro/26,variacao_pontos,-3.8,"-3,80",%,change_abs,,pct,futures,2026-09,,nybot
2026-06-23,laranja,laranja-ceasas,Laranja - Ceasas,Laranja Pera (13 a 15 DZ),,preco,1.77,"1,77",R$/Kg,price,BRL,kg,spot,,,physical
2026-06-23,laranja,laranja-ceasas,Laranja - Ceasas,Laranja Pera (13 a 15 DZ),,variacao_pct,2.31,"+2,31",%,change_pct,,pct,spot,,,physical
2026-06-23,laranja,laranja-ceasas,Laranja - Ceasas,Laranja Pera Extra,,preco,1.75,"1,75",R$/Kg,price,BRL,kg,spot,,,physical
2026-06-23,laranja,laranja-ceasas,Laranja - Ceasas,Laranja Pera Extra,,variacao_pct,0.0,"0,00",%,change_pct,,pct,spot,,,physical
2026-06-23,laranja,laranja-ceasas,Laranja - Ceasas,Laranja Pera Gde (11-12 DZ),,preco,2.51,"2,51",R$/Kg,price,BRL,kg,spot,,,physical
2026-06-23,laranja,laranja-ceasas,Laranja - Ceasas,Laranja Pera Gde (11-12 DZ),,variacao_pct,0.0,"0,00",%,change_pct,,pct,spot,,,physical
2026-06-23,laranja,laranja-industria,Laranja Indústria,,,r_a_prazocaixa_408_kg_prazo,29.5,"29,50",R$,price,BRL,,spot,,,physical
2026-06-23,laranja,laranja-industria,Laranja Indústria,,,variacao_pct,0.0,"0,00",%,change_pct,,pct,spot,,,physical
2026-06-23,laranja,laranja-pera-in-natura,Laranja Pera In Natura,,,caixa_40_8_kg,35.55,"35,55",R$,price,BRL,,spot,,,other
2026-06-23,laranja,laranja-pera-in-natura,Laranja Pera In Natura,,,variacao_pct,-1.03,"-1,03",%,change_pct,,pct,spot,,,other
2026-06-23,laranja,suco-de-laranja-bolsa-de-nova-iorque-nybot,Suco de Laranja - Bolsa de Nova Iorque (NYBOT),,Julho/26,fechamento,149.1,"149,10",c/US$/libra peso,price,USD,lb,futures,2026-07,,nybot
2026-06-23,laranja,suco-de-laranja-bolsa-de-nova-iorque-nybot,Suco de Laranja - Bolsa de Nova Iorque (NYBOT),,Julho/26,variacao_pontos,-5.5,"-5,50",%,change_abs,,pct,futures,2026-07,,nybot
2026-06-23,laranja,suco-de-laranja-bolsa-de-nova-iorque-nybot,Suco de Laranja - Bolsa de Nova Iorque (NYBOT),,Novembro/26,fechamento,155.1,"155,10",c/US$/libra peso,price,USD,lb,futures,2026-11,,nybot
2026-06-23,laranja,suco-de-laranja-bolsa-de-nova-iorque-nybot,Suco de Laranja - Bolsa de Nova Iorque (NYBOT),,Novembro/26,variacao_pontos,-4.05,"-4,05",%,change_abs,,pct,futures,2026-11,,nybot
2026-06-23,laranja,suco-de-laranja-bolsa-de-nova-iorque-nybot,Suco de Laranja - Bolsa de Nova Iorque (NYBOT),,Setembro/26,fechamento,151.75,"151,75",c/US$/libra peso,price,USD,lb,futures,2026-09,,nybot
2026-06-23,laranja,suco-de-laranja-bolsa-de-nova-iorque-nybot,Suco de Laranja - Bolsa de Nova Iorque (NYBOT),,Setembro/26,variacao_pontos,-3.85,"-3,85",%,change_abs,,pct,futures,2026-09,,nybot
2026-06-24,laranja,laranja-ceasas,Laranja - Ceasas,Laranja Pera (13 a 15 DZ),,preco,1.77,"1,77",R$/Kg,price,BRL,kg,spot,,,physical
2026-06-24,laranja,laranja-ceasas,Laranja - Ceasas,Laranja Pera (13 a 15 DZ),,variacao_pct,0.0,"0,00",%,change_pct,,pct,spot,,,physical
2026-06-24,laranja,laranja-ceasas,Laranja - Ceasas,Laranja Pera Extra,,preco,1.75,"1,75",R$/Kg,price,BRL,kg,spot,,,physical
2026-06-24,laranja,laranja-ceasas,Laranja - Ceasas,Laranja Pera Extra,,variacao_pct,0.0,"0,00",%,change_pct,,pct,spot,,,physical
2026-06-24,laranja,laranja-ceasas,Laranja - Ceasas,Laranja Pera Gde (11-12 DZ),,preco,2.51,"2,51",R$/Kg,price,BRL,kg,spot,,,physical
2026-06-24,laranja,laranja-ceasas,Laranja - Ceasas,Laranja Pera Gde (11-12 DZ),,variacao_pct,0.0,"0,00",%,change_pct,,pct,spot,,,physical
2026-06-24,laranja,laranja-industria,Laranja Indústria,,,r_a_prazocaixa_408_kg_prazo,29.57,"29,57",R$,price,BRL,,spot,,,physical
2026-06-24,laranja,laranja-industria,Laranja Indústria,,,variacao_pct,0.24,"+0,24",%,change_pct,,pct,spot,,,physical
2026-06-24,laranja,laranja-pera-in-natura,Laranja Pera In Natura,,,caixa_40_8_kg,34.52,"34,52",R$,price,BRL,,spot,,,other
2026-06-24,laranja,laranja-pera-in-natura,Laranja Pera In Natura,,,variacao_pct,-2.9,"-2,90",%,change_pct,,pct,spot,,,other
2026-06-24,laranja,suco-de-laranja-bolsa-de-nova-iorque-nybot,Suco de Laranja - Bolsa de Nova Iorque (NYBOT),,Julho/26,fechamento,139.1,"139,10",c/US$/libra peso,price,USD,lb,futures,2026-07,,nybot
2026-06-24,laranja,suco-de-laranja-bolsa-de-nova-iorque-nybot,Suco de Laranja - Bolsa de Nova Iorque (NYBOT),,Julho/26,variacao_pontos,-10.0,"-10,00",%,change_abs,,pct,futures,2026-07,,nybot
2026-06-24,laranja,suco-de-laranja-bolsa-de-nova-iorque-nybot,Suco de Laranja - Bolsa de Nova Iorque (NYBOT),,Novembro/26,fechamento,149.75,"149,75",c/US$/libra peso,price,USD,lb,futures,2026-11,,nybot
2026-06-24,laranja,suco-de-laranja-bolsa-de-nova-iorque-nybot,Suco de Laranja - Bolsa de Nova Iorque (NYBOT),,Novembro/26,variacao_pontos,-5.35,"-5,35",%,change_abs,,pct,futures,2026-11,,nybot
2026-06-24,laranja,suco-de-laranja-bolsa-de-nova-iorque-nybot,Suco de Laranja - Bolsa de Nova Iorque (NYBOT),,Setembro/26,fechamento,146.25,"146,25",c/US$/libra peso,price,USD,lb,futures,2026-09,,nybot
2026-06-24,laranja,suco-de-laranja-bolsa-de-nova-iorque-nybot,Suco de Laranja - Bolsa de Nova Iorque (NYBOT),,Setembro/26,variacao_pontos,-5.5,"-5,50",%,change_abs,,pct,futures,2026-09,,nybot
2026-06-25,laranja,laranja-ceasas,Laranja - Ceasas,Laranja Pera (13 a 15 DZ),,preco,1.78,"1,78",R$/Kg,price,BRL,kg,spot,,,physical
2026-06-25,laranja,laranja-ceasas,Laranja - Ceasas,Laranja Pera (13 a 15 DZ),,variacao_pct,0.56,"+0,56",%,change_pct,,pct,spot,,,physical
2026-06-25,laranja,laranja-ceasas,Laranja - Ceasas,Laranja Pera Extra,,preco,1.75,"1,75",R$/Kg,price,BRL,kg,spot,,,physical
2026-06-25,laranja,laranja-ceasas,Laranja - Ceasas,Laranja Pera Extra,,variacao_pct,0.0,"0,00",%,change_pct,,pct,spot,,,physical
2026-06-25,laranja,laranja-ceasas,Laranja - Ceasas,Laranja Pera Gde (11-12 DZ),,preco,2.51,"2,51",R$/Kg,price,BRL,kg,spot,,,physical
2026-06-25,laranja,laranja-ceasas,Laranja - Ceasas,Laranja Pera Gde (11-12 DZ),,variacao_pct,0.0,"0,00",%,change_pct,,pct,spot,,,physical
2026-06-25,laranja,laranja-industria,Laranja Indústria,,,r_a_prazocaixa_408_kg_prazo,29.57,"29,57",R$,price,BRL,,spot,,,physical
2026-06-25,laranja,laranja-industria,Laranja Indústria,,,variacao_pct,0.0,"0,00",%,change_pct,,pct,spot,,,physical
2026-06-25,laranja,laranja-pera-in-natura,Laranja Pera In Natura,,,caixa_40_8_kg,35.85,"35,85",R$,price,BRL,,spot,,,other
2026-06-25,laranja,laranja-pera-in-natura,Laranja Pera In Natura,,,variacao_pct,3.85,"+3,85",%,change_pct,,pct,spot,,,other
2026-06-25,laranja,suco-de-laranja-bolsa-de-nova-iorque-nybot,Suco de Laranja - Bolsa de Nova Iorque (NYBOT),,Julho/26,fechamento,133.35,"133,35",c/US$/libra peso,price,USD,lb,futures,2026-07,,nybot
2026-06-25,laranja,suco-de-laranja-bolsa-de-nova-iorque-nybot,Suco de Laranja - Bolsa de Nova Iorque (NYBOT),,Julho/26,variacao_pontos,-5.75,"-5,75",%,change_abs,,pct,futures,2026-07,,nybot
2026-06-25,laranja,suco-de-laranja-bolsa-de-nova-iorque-nybot,Suco de Laranja - Bolsa de Nova Iorque (NYBOT),,Novembro/26,fechamento,146.1,"146,10",c/US$/libra peso,price,USD,lb,futures,2026-11,,nybot
2026-06-25,laranja,suco-de-laranja-bolsa-de-nova-iorque-nybot,Suco de Laranja - Bolsa de Nova Iorque (NYBOT),,Novembro/26,variacao_pontos,-3.65,"-3,65",%,change_abs,,pct,futures,2026-11,,nybot
2026-06-25,laranja,suco-de-laranja-bolsa-de-nova-iorque-nybot,Suco de Laranja - Bolsa de Nova Iorque (NYBOT),,Setembro/26,fechamento,142.2,"142,20",c/US$/libra peso,price,USD,lb,futures,2026-09,,nybot
2026-06-25,laranja,suco-de-laranja-bolsa-de-nova-iorque-nybot,Suco de Laranja - Bolsa de Nova Iorque (NYBOT),,Setembro/26,variacao_pontos,-4.05,"-4,05",%,change_abs,,pct,futures,2026-09,,nybot
2026-06-26,laranja,laranja-ceasas,Laranja - Ceasas,Laranja Pera (13 a 15 DZ),,preco,1.78,"1,78",R$/Kg,price,BRL,kg,spot,,,physical
2026-06-26,laranja,laranja-ceasas,Laranja - Ceasas,Laranja Pera (13 a 15 DZ),,variacao_pct,0.0,"0,00",%,change_pct,,pct,spot,,,physical
2026-06-26,laranja,laranja-ceasas,Laranja - Ceasas,Laranja Pera Extra,,preco,1.75,"1,75",R$/Kg,price,BRL,kg,spot,,,physical
2026-06-26,laranja,laranja-ceasas,Laranja - Ceasas,Laranja Pera Extra,,variacao_pct,0.0,"0,00",%,change_pct,,pct,spot,,,physical
2026-06-26,laranja,laranja-ceasas,Laranja - Ceasas,Laranja Pera Gde (11-12 DZ),,preco,2.51,"2,51",R$/Kg,price,BRL,kg,spot,,,physical
2026-06-26,laranja,laranja-ceasas,Laranja - Ceasas,Laranja Pera Gde (11-12 DZ),,variacao_pct,0.0,"0,00",%,change_pct,,pct,spot,,,physical
2026-06-26,laranja,laranja-industria,Laranja Indústria,,,r_a_prazocaixa_408_kg_prazo,29.57,"29,57",R$,price,BRL,,spot,,,physical
2026-06-26,laranja,laranja-industria,Laranja Indústria,,,variacao_pct,0.0,"0,00",%,change_pct,,pct,spot,,,physical
2026-06-26,laranja,laranja-pera-in-natura,Laranja Pera In Natura,,,caixa_40_8_kg,35.32,"35,32",R$,price,BRL,,spot,,,other
2026-06-26,laranja,laranja-pera-in-natura,Laranja Pera In Natura,,,variacao_pct,-1.48,"-1,48",%,change_pct,,pct,spot,,,other
2026-06-26,laranja,suco-de-laranja-bolsa-de-nova-iorque-nybot,Suco de Laranja - Bolsa de Nova Iorque (NYBOT),,Julho/26,fechamento,140.9,"140,90",c/US$/libra peso,price,USD,lb,futures,2026-07,,nybot
2026-06-26,laranja,suco-de-laranja-bolsa-de-nova-iorque-nybot,Suco de Laranja - Bolsa de Nova Iorque (NYBOT),,Julho/26,variacao_pontos,7.55,"+7,55",%,change_abs,,pct,futures,2026-07,,nybot
2026-06-26,laranja,suco-de-laranja-bolsa-de-nova-iorque-nybot,Suco de Laranja - Bolsa de Nova Iorque (NYBOT),,Novembro/26,fechamento,152.0,"152,00",c/US$/libra peso,price,USD,lb,futures,2026-11,,nybot
2026-06-26,laranja,suco-de-laranja-bolsa-de-nova-iorque-nybot,Suco de Laranja - Bolsa de Nova Iorque (NYBOT),,Novembro/26,variacao_pontos,5.9,"+5,90",%,change_abs,,pct,futures,2026-11,,nybot
2026-06-26,laranja,suco-de-laranja-bolsa-de-nova-iorque-nybot,Suco de Laranja - Bolsa de Nova Iorque (NYBOT),,Setembro/26,fechamento,148.65,"148,65",c/US$/libra peso,price,USD,lb,futures,2026-09,,nybot
2026-06-26,laranja,suco-de-laranja-bolsa-de-nova-iorque-nybot,Suco de Laranja - Bolsa de Nova Iorque (NYBOT),,Setembro/26,variacao_pontos,6.45,"+6,45",%,change_abs,,pct,futures,2026-09,,nybot
2026-06-29,laranja,laranja-ceasas,Laranja - Ceasas,Laranja Pera (13 a 15 DZ),,preco,1.72,"1,72",R$/Kg,price,BRL,kg,spot,,,physical
2026-06-29,laranja,laranja-ceasas,Laranja - Ceasas,Laranja Pera (13 a 15 DZ),,variacao_pct,-3.37,"-3,37",%,change_pct,,pct,spot,,,physical
2026-06-29,laranja,laranja-ceasas,Laranja - Ceasas,Laranja Pera Extra,,preco,1.75,"1,75",R$/Kg,price,BRL,kg,spot,,,physical
2026-06-29,laranja,laranja-ceasas,Laranja - Ceasas,Laranja Pera Extra,,variacao_pct,0.0,"0,00",%,change_pct,,pct,spot,,,physical
2026-06-29,laranja,laranja-ceasas,Laranja - Ceasas,Laranja Pera Gde (11-12 DZ),,preco,2.51,"2,51",R$/Kg,price,BRL,kg,spot,,,physical
2026-06-29,laranja,laranja-ceasas,Laranja - Ceasas,Laranja Pera Gde (11-12 DZ),,variacao_pct,0.0,"0,00",%,change_pct,,pct,spot,,,physical
2026-06-29,laranja,laranja-industria,Laranja Indústria,,,r_a_prazocaixa_408_kg_prazo,30.63,"30,63",R$,price,BRL,,spot,,,physical
2026-06-29,laranja,laranja-industria,Laranja Indústria,,,variacao_pct,3.58,"+3,58",%,change_pct,,pct,spot,,,physical
2026-06-29,laranja,laranja-pera-in-natura,Laranja Pera In Natura,,,caixa_40_8_kg,34.37,"34,37",R$,price,BRL,,spot,,,other
2026-06-29,laranja,laranja-pera-in-natura,Laranja Pera In Natura,,,variacao_pct,-2.69,"-2,69",%,change_pct,,pct,spot,,,other
2026-06-29,laranja,suco-de-laranja-bolsa-de-nova-iorque-nybot,Suco de Laranja - Bolsa de Nova Iorque (NYBOT),,Julho/26,fechamento,141.75,"141,75",c/US$/libra peso,price,USD,lb,futures,2026-07,,nybot
2026-06-29,laranja,suco-de-laranja-bolsa-de-nova-iorque-nybot,Suco de Laranja - Bolsa de Nova Iorque (NYBOT),,Julho/26,variacao_pontos,0.85,"+0,85",%,change_abs,,pct,futures,2026-07,,nybot
2026-06-29,laranja,suco-de-laranja-bolsa-de-nova-iorque-nybot,Suco de Laranja - Bolsa de Nova Iorque (NYBOT),,Novembro/26,fechamento,158.15,"158,15",c/US$/libra peso,price,USD,lb,futures,2026-11,,nybot
2026-06-29,laranja,suco-de-laranja-bolsa-de-nova-iorque-nybot,Suco de Laranja - Bolsa de Nova Iorque (NYBOT),,Novembro/26,variacao_pontos,6.15,"+6,15",%,change_abs,,pct,futures,2026-11,,nybot
2026-06-29,laranja,suco-de-laranja-bolsa-de-nova-iorque-nybot,Suco de Laranja - Bolsa de Nova Iorque (NYBOT),,Setembro/26,fechamento,155.25,"155,25",c/US$/libra peso,price,USD,lb,futures,2026-09,,nybot
2026-06-29,laranja,suco-de-laranja-bolsa-de-nova-iorque-nybot,Suco de Laranja - Bolsa de Nova Iorque (NYBOT),,Setembro/26,variacao_pontos,6.6,"+6,60",%,change_abs,,pct,futures,2026-09,,nybot
2026-06-30,laranja,laranja-ceasas,Laranja - Ceasas,Laranja Pera (13 a 15 DZ),,preco,1.69,"1,69",R$/Kg,price,BRL,kg,spot,,,physical
2026-06-30,laranja,laranja-ceasas,Laranja - Ceasas,Laranja Pera (13 a 15 DZ),,variacao_pct,-1.74,"-1,74",%,change_pct,,pct,spot,,,physical
2026-06-30,laranja,laranja-ceasas,Laranja - Ceasas,Laranja Pera Extra,,preco,1.75,"1,75",R$/Kg,price,BRL,kg,spot,,,physical
2026-06-30,laranja,laranja-ceasas,Laranja - Ceasas,Laranja Pera Extra,,variacao_pct,0.0,"0,00",%,change_pct,,pct,spot,,,physical
2026-06-30,laranja,laranja-ceasas,Laranja - Ceasas,Laranja Pera Gde (11-12 DZ),,preco,2.51,"2,51",R$/Kg,price,BRL,kg,spot,,,physical
2026-06-30,laranja,laranja-ceasas,Laranja - Ceasas,Laranja Pera Gde (11-12 DZ),,variacao_pct,0.0,"0,00",%,change_pct,,pct,spot,,,physical
2026-06-30,laranja,laranja-industria,Laranja Indústria,,,r_a_prazocaixa_408_kg_prazo,30.63,"30,63",R$,price,BRL,,spot,,,physical
2026-06-30,laranja,laranja-industria,Laranja Indústria,,,variacao_pct,0.0,"0,00",%,change_pct,,pct,spot,,,physical
2026-06-30,laranja,laranja-pera-in-natura,Laranja Pera In Natura,,,caixa_40_8_kg,34.52,"34,52",R$,price,BRL,,spot,,,other
2026-06-30,laranja,laranja-pera-in-natura,Laranja Pera In Natura,,,variacao_pct,0.44,"+0,44",%,change_pct,,pct,spot,,,other
2026-06-30,laranja,suco-de-laranja-bolsa-de-nova-iorque-nybot,Suco de Laranja - Bolsa de Nova Iorque (NYBOT),,Julho/26,fechamento,172.75,"172,75",c/US$/libra peso,price,USD,lb,futures,2026-07,,nybot
2026-06-30,laranja,suco-de-laranja-bolsa-de-nova-iorque-nybot,Suco de Laranja - Bolsa de Nova Iorque (NYBOT),,Julho/26,variacao_pontos,31.0,"+31,00",%,change_abs,,pct,futures,2026-07,,nybot
2026-06-30,laranja,suco-de-laranja-bolsa-de-nova-iorque-nybot,Suco de Laranja - Bolsa de Nova Iorque (NYBOT),,Novembro/26,fechamento,168.15,"168,15",c/US$/libra peso,price,USD,lb,futures,2026-11,,nybot
2026-06-30,laranja,suco-de-laranja-bolsa-de-nova-iorque-nybot,Suco de Laranja - Bolsa de Nova Iorque (NYBOT),,Novembro/26,variacao_pontos,10.0,"+10,00",%,change_abs,,pct,futures,2026-11,,nybot
2026-06-30,laranja,suco-de-laranja-bolsa-de-nova-iorque-nybot,Suco de Laranja - Bolsa de Nova Iorque (NYBOT),,Setembro/26,fechamento,165.25,"165,25",c/US$/libra peso,price,USD,lb,futures,2026-09,,nybot
2026-06-30,laranja,suco-de-laranja-bolsa-de-nova-iorque-nybot,Suco de Laranja - Bolsa de Nova Iorque (NYBOT),,Setembro/26,variacao_pontos,10.0,"+10,00",%,change_abs,,pct,futures,2026-09,,nybot
2026-07-01,laranja,laranja-ceasas,Laranja - Ceasas,Laranja Pera (13 a 15 DZ),,preco,1.69,"1,69",R$/Kg,price,BRL,kg,spot,,,physical
2026-07-01,laranja,laranja-ceasas,Laranja - Ceasas,Laranja Pera (13 a 15 DZ),,variacao_pct,0.0,"0,00",%,change_pct,,pct,spot,,,physical
2026-07-01,laranja,laranja-ceasas,Laranja - Ceasas,Laranja Pera Extra,,preco,1.75,"1,75",R$/Kg,price,BRL,kg,spot,,,physical
2026-07-01,laranja,laranja-ceasas,Laranja - Ceasas,Laranja Pera Extra,,variacao_pct,0.0,"0,00",%,change_pct,,pct,spot,,,physical
2026-07-01,laranja,laranja-ceasas,Laranja - Ceasas,Laranja Pera Gde (11-12 DZ),,preco,2.51,"2,51",R$/Kg,price,BRL,kg,spot,,,physical
2026-07-01,laranja,laranja-ceasas,Laranja - Ceasas,Laranja Pera Gde (11-12 DZ),,variacao_pct,0.0,"0,00",%,change_pct,,pct,spot,,,physical
2026-07-01,laranja,laranja-industria,Laranja Indústria,,,r_a_prazocaixa_408_kg_prazo,31.25,"31,25",R$,price,BRL,,spot,,,physical
2026-07-01,laranja,laranja-industria,Laranja Indústria,,,variacao_pct,2.02,"+2,02",%,change_pct,,pct,spot,,,physical
2026-07-01,laranja,laranja-pera-in-natura,Laranja Pera In Natura,,,caixa_40_8_kg,34.76,"34,76",R$,price,BRL,,spot,,,other
2026-07-01,laranja,laranja-pera-in-natura,Laranja Pera In Natura,,,variacao_pct,0.7,"+0,70",%,change_pct,,pct,spot,,,other
2026-07-01,laranja,suco-de-laranja-bolsa-de-nova-iorque-nybot,Suco de Laranja - Bolsa de Nova Iorque (NYBOT),,Julho/26,fechamento,174.9,"174,90",c/US$/libra peso,price,USD,lb,futures,2026-07,,nybot
2026-07-01,laranja,suco-de-laranja-bolsa-de-nova-iorque-nybot,Suco de Laranja - Bolsa de Nova Iorque (NYBOT),,Julho/26,variacao_pontos,2.15,"+2,15",%,change_abs,,pct,futures,2026-07,,nybot
2026-07-01,laranja,suco-de-laranja-bolsa-de-nova-iorque-nybot,Suco de Laranja - Bolsa de Nova Iorque (NYBOT),,Novembro/26,fechamento,174.25,"174,25",c/US$/libra peso,price,USD,lb,futures,2026-11,,nybot
2026-07-01,laranja,suco-de-laranja-bolsa-de-nova-iorque-nybot,Suco de Laranja - Bolsa de Nova Iorque (NYBOT),,Novembro/26,variacao_pontos,6.1,"+6,10",%,change_abs,,pct,futures,2026-11,,nybot
2026-07-01,laranja,suco-de-laranja-bolsa-de-nova-iorque-nybot,Suco de Laranja - Bolsa de Nova Iorque (NYBOT),,Setembro/26,fechamento,171.6,"171,60",c/US$/libra peso,price,USD,lb,futures,2026-09,,nybot
2026-07-01,laranja,suco-de-laranja-bolsa-de-nova-iorque-nybot,Suco de Laranja - Bolsa de Nova Iorque (NYBOT),,Setembro/26,variacao_pontos,6.35,"+6,35",%,change_abs,,pct,futures,2026-09,,nybot
2026-07-02,laranja,laranja-ceasas,Laranja - Ceasas,Laranja Pera (13 a 15 DZ),,preco,1.67,"1,67",R$/Kg,price,BRL,kg,spot,,,physical
2026-07-02,laranja,laranja-ceasas,Laranja - Ceasas,Laranja Pera (13 a 15 DZ),,variacao_pct,-1.18,"-1,18",%,change_pct,,pct,spot,,,physical
2026-07-02,laranja,laranja-ceasas,Laranja - Ceasas,Laranja Pera Extra,,preco,1.75,"1,75",R$/Kg,price,BRL,kg,spot,,,physical
2026-07-02,laranja,laranja-ceasas,Laranja - Ceasas,Laranja Pera Extra,,variacao_pct,0.0,"0,00",%,change_pct,,pct,spot,,,physical
2026-07-02,laranja,laranja-ceasas,Laranja - Ceasas,Laranja Pera Gde (11-12 DZ),,preco,2.51,"2,51",R$/Kg,price,BRL,kg,spot,,,physical
2026-07-02,laranja,laranja-ceasas,Laranja - Ceasas,Laranja Pera Gde (11-12 DZ),,variacao_pct,0.0,"0,00",%,change_pct,,pct,spot,,,physical
2026-07-02,laranja,laranja-industria,Laranja Indústria,,,r_a_prazocaixa_408_kg_prazo,31.25,"31,25",R$,price,BRL,,spot,,,physical
2026-07-02,laranja,laranja-industria,Laranja Indústria,,,variacao_pct,0.0,"0,00",%,change_pct,,pct,spot,,,physical
2026-07-02,laranja,laranja-pera-in-natura,Laranja Pera In Natura,,,caixa_40_8_kg,36.41,"36,41",R$,price,BRL,,spot,,,other
2026-07-02,laranja,laranja-pera-in-natura,Laranja Pera In Natura,,,variacao_pct,4.75,"+4,75",%,change_pct,,pct,spot,,,other
2026-07-02,laranja,suco-de-laranja-bolsa-de-nova-iorque-nybot,Suco de Laranja - Bolsa de Nova Iorque (NYBOT),,Julho/26,fechamento,174.0,"174,00",c/US$/libra peso,price,USD,lb,futures,2026-07,,nybot
2026-07-02,laranja,suco-de-laranja-bolsa-de-nova-iorque-nybot,Suco de Laranja - Bolsa de Nova Iorque (NYBOT),,Julho/26,variacao_pontos,-0.9,"-0,90",%,change_abs,,pct,futures,2026-07,,nybot
2026-07-02,laranja,suco-de-laranja-bolsa-de-nova-iorque-nybot,Suco de Laranja - Bolsa de Nova Iorque (NYBOT),,Novembro/26,fechamento,174.0,"174,00",c/US$/libra peso,price,USD,lb,futures,2026-11,,nybot
2026-07-02,laranja,suco-de-laranja-bolsa-de-nova-iorque-nybot,Suco de Laranja - Bolsa de Nova Iorque (NYBOT),,Novembro/26,variacao_pontos,-0.25,"-0,25",%,change_abs,,pct,futures,2026-11,,nybot
2026-07-02,laranja,suco-de-laranja-bolsa-de-nova-iorque-nybot,Suco de Laranja - Bolsa de Nova Iorque (NYBOT),,Setembro/26,fechamento,171.1,"171,10",c/US$/libra peso,price,USD,lb,futures,2026-09,,nybot
2026-07-02,laranja,suco-de-laranja-bolsa-de-nova-iorque-nybot,Suco de Laranja - Bolsa de Nova Iorque (NYBOT),,Setembro/26,variacao_pontos,-0.5,"-0,50",%,change_abs,,pct,futures,2026-09,,nybot
2026-07-03,laranja,laranja-ceasas,Laranja - Ceasas,Laranja Pera (13 a 15 DZ),,preco,1.67,"1,67",R$/Kg,price,BRL,kg,spot,,,physical
2026-07-03,laranja,laranja-ceasas,Laranja - Ceasas,Laranja Pera (13 a 15 DZ),,variacao_pct,0.0,"0,00",%,change_pct,,pct,spot,,,physical
2026-07-03,laranja,laranja-ceasas,Laranja - Ceasas,Laranja Pera Extra,,preco,1.75,"1,75",R$/Kg,price,BRL,kg,spot,,,physical
2026-07-03,laranja,laranja-ceasas,Laranja - Ceasas,Laranja Pera Extra,,variacao_pct,0.0,"0,00",%,change_pct,,pct,spot,,,physical
2026-07-03,laranja,laranja-ceasas,Laranja - Ceasas,Laranja Pera Gde (11-12 DZ),,preco,2.51,"2,51",R$/Kg,price,BRL,kg,spot,,,physical
2026-07-03,laranja,laranja-ceasas,Laranja - Ceasas,Laranja Pera Gde (11-12 DZ),,variacao_pct,0.0,"0,00",%,change_pct,,pct,spot,,,physical
2026-07-03,laranja,laranja-industria,Laranja Indústria,,,r_a_prazocaixa_408_kg_prazo,31.67,"31,67",R$,price,BRL,,spot,,,physical
2026-07-03,laranja,laranja-industria,Laranja Indústria,,,variacao_pct,1.34,"+1,34",%,change_pct,,pct,spot,,,physical
2026-07-03,laranja,laranja-pera-in-natura,Laranja Pera In Natura,,,caixa_40_8_kg,37.08,"37,08",R$,price,BRL,,spot,,,other
2026-07-03,laranja,laranja-pera-in-natura,Laranja Pera In Natura,,,variacao_pct,1.84,"+1,84",%,change_pct,,pct,spot,,,other
2026-07-06,laranja,laranja-ceasas,Laranja - Ceasas,Laranja Pera (13 a 15 DZ),,preco,1.65,"1,65",R$/Kg,price,BRL,kg,spot,,,physical
2026-07-06,laranja,laranja-ceasas,Laranja - Ceasas,Laranja Pera (13 a 15 DZ),,variacao_pct,-1.2,"-1,20",%,change_pct,,pct,spot,,,physical
2026-07-06,laranja,laranja-ceasas,Laranja - Ceasas,Laranja Pera Extra,,preco,1.75,"1,75",R$/Kg,price,BRL,kg,spot,,,physical
2026-07-06,laranja,laranja-ceasas,Laranja - Ceasas,Laranja Pera Extra,,variacao_pct,0.0,"0,00",%,change_pct,,pct,spot,,,physical
2026-07-06,laranja,laranja-ceasas,Laranja - Ceasas,Laranja Pera Gde (11-12 DZ),,preco,2.51,"2,51",R$/Kg,price,BRL,kg,spot,,,physical
2026-07-06,laranja,laranja-ceasas,Laranja - Ceasas,Laranja Pera Gde (11-12 DZ),,variacao_pct,0.0,"0,00",%,change_pct,,pct,spot,,,physical
2026-07-06,laranja,laranja-industria,Laranja Indústria,,,r_a_prazocaixa_408_kg_prazo,31.64,"31,64",R$,price,BRL,,spot,,,physical
2026-07-06,laranja,laranja-industria,Laranja Indústria,,,variacao_pct,-0.09,"-0,09",%,change_pct,,pct,spot,,,physical
2026-07-06,laranja,laranja-pera-in-natura,Laranja Pera In Natura,,,caixa_40_8_kg,36.08,"36,08",R$,price,BRL,,spot,,,other
2026-07-06,laranja,laranja-pera-in-natura,Laranja Pera In Natura,,,variacao_pct,-2.7,"-2,70",%,change_pct,,pct,spot,,,other
2026-07-06,laranja,suco-de-laranja-bolsa-de-nova-iorque-nybot,Suco de Laranja - Bolsa de Nova Iorque (NYBOT),,Julho/26,fechamento,182.75,"182,75",c/US$/libra peso,price,USD,lb,futures,2026-07,,nybot
2026-07-06,laranja,suco-de-laranja-bolsa-de-nova-iorque-nybot,Suco de Laranja - Bolsa de Nova Iorque (NYBOT),,Julho/26,variacao_pontos,8.75,"+8,75",%,change_abs,,pct,futures,2026-07,,nybot
2026-07-06,laranja,suco-de-laranja-bolsa-de-nova-iorque-nybot,Suco de Laranja - Bolsa de Nova Iorque (NYBOT),,Novembro/26,fechamento,169.3,"169,30",c/US$/libra peso,price,USD,lb,futures,2026-11,,nybot
2026-07-06,laranja,suco-de-laranja-bolsa-de-nova-iorque-nybot,Suco de Laranja - Bolsa de Nova Iorque (NYBOT),,Novembro/26,variacao_pontos,-4.7,"-4,70",%,change_abs,,pct,futures,2026-11,,nybot
2026-07-06,laranja,suco-de-laranja-bolsa-de-nova-iorque-nybot,Suco de Laranja - Bolsa de Nova Iorque (NYBOT),,Setembro/26,fechamento,166.75,"166,75",c/US$/libra peso,price,USD,lb,futures,2026-09,,nybot
2026-07-06,laranja,suco-de-laranja-bolsa-de-nova-iorque-nybot,Suco de Laranja - Bolsa de Nova Iorque (NYBOT),,Setembro/26,variacao_pontos,-4.35,"-4,35",%,change_abs,,pct,futures,2026-09,,nybot
2026-07-07,laranja,laranja-ceasas,Laranja - Ceasas,Laranja Pera (13 a 15 DZ),,preco,1.74,"1,74",R$/Kg,price,BRL,kg,spot,,,physical
2026-07-07,laranja,laranja-ceasas,Laranja - Ceasas,Laranja Pera (13 a 15 DZ),,variacao_pct,5.45,"+5,45",%,change_pct,,pct,spot,,,physical
2026-07-07,laranja,laranja-ceasas,Laranja - Ceasas,Laranja Pera Extra,,preco,1.75,"1,75",R$/Kg,price,BRL,kg,spot,,,physical
2026-07-07,laranja,laranja-ceasas,Laranja - Ceasas,Laranja Pera Extra,,variacao_pct,0.0,"0,00",%,change_pct,,pct,spot,,,physical
2026-07-07,laranja,laranja-ceasas,Laranja - Ceasas,Laranja Pera Gde (11-12 DZ),,preco,2.51,"2,51",R$/Kg,price,BRL,kg,spot,,,physical
2026-07-07,laranja,laranja-ceasas,Laranja - Ceasas,Laranja Pera Gde (11-12 DZ),,variacao_pct,0.0,"0,00",%,change_pct,,pct,spot,,,physical
2026-07-07,laranja,laranja-industria,Laranja Indústria,,,r_a_prazocaixa_408_kg_prazo,31.64,"31,64",R$,price,BRL,,spot,,,physical
2026-07-07,laranja,laranja-industria,Laranja Indústria,,,variacao_pct,0.0,"0,00",%,change_pct,,pct,spot,,,physical
2026-07-07,laranja,laranja-pera-in-natura,Laranja Pera In Natura,,,caixa_40_8_kg,35.66,"35,66",R$,price,BRL,,spot,,,other
2026-07-07,laranja,laranja-pera-in-natura,Laranja Pera In Natura,,,variacao_pct,-1.16,"-1,16",%,change_pct,,pct,spot,,,other
2026-07-07,laranja,suco-de-laranja-bolsa-de-nova-iorque-nybot,Suco de Laranja - Bolsa de Nova Iorque (NYBOT),,Julho/26,fechamento,162.1,"162,10",c/US$/libra peso,price,USD,lb,futures,2026-07,,nybot
2026-07-07,laranja,suco-de-laranja-bolsa-de-nova-iorque-nybot,Suco de Laranja - Bolsa de Nova Iorque (NYBOT),,Julho/26,variacao_pontos,-20.65,"-20,65",%,change_abs,,pct,futures,2026-07,,nybot
2026-07-07,laranja,suco-de-laranja-bolsa-de-nova-iorque-nybot,Suco de Laranja - Bolsa de Nova Iorque (NYBOT),,Novembro/26,fechamento,159.55,"159,55",c/US$/libra peso,price,USD,lb,futures,2026-11,,nybot
2026-07-07,laranja,suco-de-laranja-bolsa-de-nova-iorque-nybot,Suco de Laranja - Bolsa de Nova Iorque (NYBOT),,Novembro/26,variacao_pontos,-9.75,"-9,75",%,change_abs,,pct,futures,2026-11,,nybot
2026-07-07,laranja,suco-de-laranja-bolsa-de-nova-iorque-nybot,Suco de Laranja - Bolsa de Nova Iorque (NYBOT),,Setembro/26,fechamento,156.75,"156,75",c/US$/libra peso,price,USD,lb,futures,2026-09,,nybot
2026-07-07,laranja,suco-de-laranja-bolsa-de-nova-iorque-nybot,Suco de Laranja - Bolsa de Nova Iorque (NYBOT),,Setembro/26,variacao_pontos,-10.0,"-10,00",%,change_abs,,pct,futures,2026-09,,nybot
2026-07-08,laranja,laranja-ceasas,Laranja - Ceasas,Laranja Pera (13 a 15 DZ),,preco,1.74,"1,74",R$/Kg,price,BRL,kg,spot,,,physical
2026-07-08,laranja,laranja-ceasas,Laranja - Ceasas,Laranja Pera (13 a 15 DZ),,variacao_pct,0.0,"0,00",%,change_pct,,pct,spot,,,physical
2026-07-08,laranja,laranja-ceasas,Laranja - Ceasas,Laranja Pera Extra,,preco,1.75,"1,75",R$/Kg,price,BRL,kg,spot,,,physical
2026-07-08,laranja,laranja-ceasas,Laranja - Ceasas,Laranja Pera Extra,,variacao_pct,0.0,"0,00",%,change_pct,,pct,spot,,,physical
2026-07-08,laranja,laranja-ceasas,Laranja - Ceasas,Laranja Pera Gde (11-12 DZ),,preco,2.51,"2,51",R$/Kg,price,BRL,kg,spot,,,physical
2026-07-08,laranja,laranja-ceasas,Laranja - Ceasas,Laranja Pera Gde (11-12 DZ),,variacao_pct,0.0,"0,00",%,change_pct,,pct,spot,,,physical
2026-07-08,laranja,laranja-industria,Laranja Indústria,,,r_a_prazocaixa_408_kg_prazo,32.09,"32,09",R$,price,BRL,,spot,,,physical
2026-07-08,laranja,laranja-industria,Laranja Indústria,,,variacao_pct,1.42,"+1,42",%,change_pct,,pct,spot,,,physical
2026-07-08,laranja,laranja-pera-in-natura,Laranja Pera In Natura,,,caixa_40_8_kg,35.52,"35,52",R$,price,BRL,,spot,,,other
2026-07-08,laranja,laranja-pera-in-natura,Laranja Pera In Natura,,,variacao_pct,-0.39,"-0,39",%,change_pct,,pct,spot,,,other
2026-07-08,laranja,suco-de-laranja-bolsa-de-nova-iorque-nybot,Suco de Laranja - Bolsa de Nova Iorque (NYBOT),,Julho/26,fechamento,158.25,"158,25",c/US$/libra peso,price,USD,lb,futures,2026-07,,nybot
2026-07-08,laranja,suco-de-laranja-bolsa-de-nova-iorque-nybot,Suco de Laranja - Bolsa de Nova Iorque (NYBOT),,Julho/26,variacao_pontos,-3.85,"-3,85",%,change_abs,,pct,futures,2026-07,,nybot
2026-07-08,laranja,suco-de-laranja-bolsa-de-nova-iorque-nybot,Suco de Laranja - Bolsa de Nova Iorque (NYBOT),,Novembro/26,fechamento,155.95,"155,95",c/US$/libra peso,price,USD,lb,futures,2026-11,,nybot
2026-07-08,laranja,suco-de-laranja-bolsa-de-nova-iorque-nybot,Suco de Laranja - Bolsa de Nova Iorque (NYBOT),,Novembro/26,variacao_pontos,-3.6,"-3,60",%,change_abs,,pct,futures,2026-11,,nybot
2026-07-08,laranja,suco-de-laranja-bolsa-de-nova-iorque-nybot,Suco de Laranja - Bolsa de Nova Iorque (NYBOT),,Setembro/26,fechamento,152.9,"152,90",c/US$/libra peso,price,USD,lb,futures,2026-09,,nybot
2026-07-08,laranja,suco-de-laranja-bolsa-de-nova-iorque-nybot,Suco de Laranja - Bolsa de Nova Iorque (NYBOT),,Setembro/26,variacao_pontos,-3.85,"-3,85",%,change_abs,,pct,futures,2026-09,,nybot
2026-07-09,laranja,laranja-ceasas,Laranja - Ceasas,Laranja Pera (13 a 15 DZ),,preco,1.82,"1,82",R$/Kg,price,BRL,kg,spot,,,physical
2026-07-09,laranja,laranja-ceasas,Laranja - Ceasas,Laranja Pera (13 a 15 DZ),,variacao_pct,4.6,"+4,60",%,change_pct,,pct,spot,,,physical
2026-07-09,laranja,laranja-ceasas,Laranja - Ceasas,Laranja Pera Extra,,preco,1.75,"1,75",R$/Kg,price,BRL,kg,spot,,,physical
2026-07-09,laranja,laranja-ceasas,Laranja - Ceasas,Laranja Pera Extra,,variacao_pct,0.0,"0,00",%,change_pct,,pct,spot,,,physical
2026-07-09,laranja,laranja-ceasas,Laranja - Ceasas,Laranja Pera Gde (11-12 DZ),,preco,2.51,"2,51",R$/Kg,price,BRL,kg,spot,,,physical
2026-07-09,laranja,laranja-ceasas,Laranja - Ceasas,Laranja Pera Gde (11-12 DZ),,variacao_pct,0.0,"0,00",%,change_pct,,pct,spot,,,physical
2026-07-09,laranja,laranja-industria,Laranja Indústria,,,r_a_prazocaixa_408_kg_prazo,31.5,"31,50",R$,price,BRL,,spot,,,physical
2026-07-09,laranja,laranja-industria,Laranja Indústria,,,variacao_pct,-1.84,"-1,84",%,change_pct,,pct,spot,,,physical
2026-07-09,laranja,laranja-pera-in-natura,Laranja Pera In Natura,,,caixa_40_8_kg,33.21,"33,21",R$,price,BRL,,spot,,,other
2026-07-09,laranja,laranja-pera-in-natura,Laranja Pera In Natura,,,variacao_pct,-6.5,"-6,50",%,change_pct,,pct,spot,,,other
2026-07-09,laranja,suco-de-laranja-bolsa-de-nova-iorque-nybot,Suco de Laranja - Bolsa de Nova Iorque (NYBOT),,Julho/26,fechamento,149.9,"149,90",c/US$/libra peso,price,USD,lb,futures,2026-07,,nybot
2026-07-09,laranja,suco-de-laranja-bolsa-de-nova-iorque-nybot,Suco de Laranja - Bolsa de Nova Iorque (NYBOT),,Julho/26,variacao_pontos,-8.35,"-8,35",%,change_abs,,pct,futures,2026-07,,nybot
2026-07-09,laranja,suco-de-laranja-bolsa-de-nova-iorque-nybot,Suco de Laranja - Bolsa de Nova Iorque (NYBOT),,Novembro/26,fechamento,148.05,"148,05",c/US$/libra peso,price,USD,lb,futures,2026-11,,nybot
2026-07-09,laranja,suco-de-laranja-bolsa-de-nova-iorque-nybot,Suco de Laranja - Bolsa de Nova Iorque (NYBOT),,Novembro/26,variacao_pontos,-7.9,"-7,90",%,change_abs,,pct,futures,2026-11,,nybot
2026-07-09,laranja,suco-de-laranja-bolsa-de-nova-iorque-nybot,Suco de Laranja - Bolsa de Nova Iorque (NYBOT),,Setembro/26,fechamento,144.55,"144,55",c/US$/libra peso,price,USD,lb,futures,2026-09,,nybot
2026-07-09,laranja,suco-de-laranja-bolsa-de-nova-iorque-nybot,Suco de Laranja - Bolsa de Nova Iorque (NYBOT),,Setembro/26,variacao_pontos,-8.35,"-8,35",%,change_abs,,pct,futures,2026-09,,nybot
2026-07-10,laranja,laranja-ceasas,Laranja - Ceasas,Laranja Pera (13 a 15 DZ),,preco,1.82,"1,82",R$/Kg,price,BRL,kg,spot,,,physical
2026-07-10,laranja,laranja-ceasas,Laranja - Ceasas,Laranja Pera (13 a 15 DZ),,variacao_pct,0.0,"0,00",%,change_pct,,pct,spot,,,physical
2026-07-10,laranja,laranja-ceasas,Laranja - Ceasas,Laranja Pera Extra,,preco,1.75,"1,75",R$/Kg,price,BRL,kg,spot,,,physical
2026-07-10,laranja,laranja-ceasas,Laranja - Ceasas,Laranja Pera Extra,,variacao_pct,0.0,"0,00",%,change_pct,,pct,spot,,,physical
2026-07-10,laranja,laranja-ceasas,Laranja - Ceasas,Laranja Pera Gde (11-12 DZ),,preco,2.25,"2,25",R$/Kg,price,BRL,kg,spot,,,physical
2026-07-10,laranja,laranja-ceasas,Laranja - Ceasas,Laranja Pera Gde (11-12 DZ),,variacao_pct,-10.36,"-10,36",%,change_pct,,pct,spot,,,physical
2026-07-10,laranja,laranja-industria,Laranja Indústria,,,r_a_prazocaixa_408_kg_prazo,31.8,"31,80",R$,price,BRL,,spot,,,physical
2026-07-10,laranja,laranja-industria,Laranja Indústria,,,variacao_pct,0.95,"+0,95",%,change_pct,,pct,spot,,,physical
2026-07-10,laranja,laranja-pera-in-natura,Laranja Pera In Natura,,,caixa_40_8_kg,33.34,"33,34",R$,price,BRL,,spot,,,other
2026-07-10,laranja,laranja-pera-in-natura,Laranja Pera In Natura,,,variacao_pct,0.39,"+0,39",%,change_pct,,pct,spot,,,other
2026-07-10,laranja,suco-de-laranja-bolsa-de-nova-iorque-nybot,Suco de Laranja - Bolsa de Nova Iorque (NYBOT),,Julho/26,fechamento,147.85,"147,85",c/US$/libra peso,price,USD,lb,futures,2026-07,,nybot
2026-07-10,laranja,suco-de-laranja-bolsa-de-nova-iorque-nybot,Suco de Laranja - Bolsa de Nova Iorque (NYBOT),,Julho/26,variacao_pontos,-2.05,"-2,05",%,change_abs,,pct,futures,2026-07,,nybot
2026-07-10,laranja,suco-de-laranja-bolsa-de-nova-iorque-nybot,Suco de Laranja - Bolsa de Nova Iorque (NYBOT),,Novembro/26,fechamento,146.25,"146,25",c/US$/libra peso,price,USD,lb,futures,2026-11,,nybot
2026-07-10,laranja,suco-de-laranja-bolsa-de-nova-iorque-nybot,Suco de Laranja - Bolsa de Nova Iorque (NYBOT),,Novembro/26,variacao_pontos,-1.8,"-1,80",%,change_abs,,pct,futures,2026-11,,nybot
2026-07-10,laranja,suco-de-laranja-bolsa-de-nova-iorque-nybot,Suco de Laranja - Bolsa de Nova Iorque (NYBOT),,Setembro/26,fechamento,142.5,"142,50",c/US$/libra peso,price,USD,lb,futures,2026-09,,nybot
2026-07-10,laranja,suco-de-laranja-bolsa-de-nova-iorque-nybot,Suco de Laranja - Bolsa de Nova Iorque (NYBOT),,Setembro/26,variacao_pontos,-2.05,"-2,05",%,change_abs,,pct,futures,2026-09,,nybot
2026-07-13,laranja,laranja-ceasas,Laranja - Ceasas,Laranja Pera (13 a 15 DZ),,preco,1.82,"1,82",R$/Kg,price,BRL,kg,spot,,,physical
2026-07-13,laranja,laranja-ceasas,Laranja - Ceasas,Laranja Pera (13 a 15 DZ),,variacao_pct,0.0,"0,00",%,change_pct,,pct,spot,,,physical
2026-07-13,laranja,laranja-ceasas,Laranja - Ceasas,Laranja Pera Extra,,preco,1.75,"1,75",R$/Kg,price,BRL,kg,spot,,,physical
2026-07-13,laranja,laranja-ceasas,Laranja - Ceasas,Laranja Pera Extra,,variacao_pct,0.0,"0,00",%,change_pct,,pct,spot,,,physical
2026-07-13,laranja,laranja-ceasas,Laranja - Ceasas,Laranja Pera Gde (11-12 DZ),,preco,2.25,"2,25",R$/Kg,price,BRL,kg,spot,,,physical
2026-07-13,laranja,laranja-ceasas,Laranja - Ceasas,Laranja Pera Gde (11-12 DZ),,variacao_pct,0.0,"0,00",%,change_pct,,pct,spot,,,physical
2026-07-13,laranja,laranja-industria,Laranja Indústria,,,r_a_prazocaixa_408_kg_prazo,31.8,"31,80",R$,price,BRL,,spot,,,physical
2026-07-13,laranja,laranja-industria,Laranja Indústria,,,variacao_pct,0.0,"0,00",%,change_pct,,pct,spot,,,physical
2026-07-13,laranja,laranja-pera-in-natura,Laranja Pera In Natura,,,caixa_40_8_kg,33.34,"33,34",R$,price,BRL,,spot,,,other
2026-07-13,laranja,laranja-pera-in-natura,Laranja Pera In Natura,,,variacao_pct,0.0,"0,00",%,change_pct,,pct,spot,,,other
2026-07-13,laranja,suco-de-laranja-bolsa-de-nova-iorque-nybot,Suco de Laranja - Bolsa de Nova Iorque (NYBOT),,Julho/26,fechamento,142.55,"142,55",c/US$/libra peso,price,USD,lb,futures,2026-07,,nybot
2026-07-13,laranja,suco-de-laranja-bolsa-de-nova-iorque-nybot,Suco de Laranja - Bolsa de Nova Iorque (NYBOT),,Julho/26,variacao_pontos,-5.3,"-5,30",%,change_abs,,pct,futures,2026-07,,nybot
2026-07-13,laranja,suco-de-laranja-bolsa-de-nova-iorque-nybot,Suco de Laranja - Bolsa de Nova Iorque (NYBOT),,Novembro/26,fechamento,140.8,"140,80",c/US$/libra peso,price,USD,lb,futures,2026-11,,nybot
2026-07-13,laranja,suco-de-laranja-bolsa-de-nova-iorque-nybot,Suco de Laranja - Bolsa de Nova Iorque (NYBOT),,Novembro/26,variacao_pontos,-5.45,"-5,45",%,change_abs,,pct,futures,2026-11,,nybot
2026-07-13,laranja,suco-de-laranja-bolsa-de-nova-iorque-nybot,Suco de Laranja - Bolsa de Nova Iorque (NYBOT),,Setembro/26,fechamento,137.2,"137,20",c/US$/libra peso,price,USD,lb,futures,2026-09,,nybot
2026-07-13,laranja,suco-de-laranja-bolsa-de-nova-iorque-nybot,Suco de Laranja - Bolsa de Nova Iorque (NYBOT),,Setembro/26,variacao_pontos,-5.3,"-5,30",%,change_abs,,pct,futures,2026-09,,nybot
2026-07-14,laranja,laranja-ceasas,Laranja - Ceasas,Laranja Pera (13 a 15 DZ),,preco,1.95,"1,95",R$/Kg,price,BRL,kg,spot,,,physical
2026-07-14,laranja,laranja-ceasas,Laranja - Ceasas,Laranja Pera (13 a 15 DZ),,variacao_pct,7.14,"+7,14",%,change_pct,,pct,spot,,,physical
2026-07-14,laranja,laranja-ceasas,Laranja - Ceasas,Laranja Pera Extra,,preco,1.75,"1,75",R$/Kg,price,BRL,kg,spot,,,physical
2026-07-14,laranja,laranja-ceasas,Laranja - Ceasas,Laranja Pera Extra,,variacao_pct,0.0,"0,00",%,change_pct,,pct,spot,,,physical
2026-07-14,laranja,laranja-ceasas,Laranja - Ceasas,Laranja Pera Gde (11-12 DZ),,preco,2.25,"2,25",R$/Kg,price,BRL,kg,spot,,,physical
2026-07-14,laranja,laranja-ceasas,Laranja - Ceasas,Laranja Pera Gde (11-12 DZ),,variacao_pct,0.0,"0,00",%,change_pct,,pct,spot,,,physical
2026-07-14,laranja,laranja-industria,Laranja Indústria,,,r_a_prazocaixa_408_kg_prazo,31.8,"31,80",R$,price,BRL,,spot,,,physical
2026-07-14,laranja,laranja-industria,Laranja Indústria,,,variacao_pct,0.0,"0,00",%,change_pct,,pct,spot,,,physical
2026-07-14,laranja,laranja-pera-in-natura,Laranja Pera In Natura,,,caixa_40_8_kg,34.05,"34,05",R$,price,BRL,,spot,,,other
2026-07-14,laranja,laranja-pera-in-natura,Laranja Pera In Natura,,,variacao_pct,2.13,"+2,13",%,change_pct,,pct,spot,,,other
2026-07-14,laranja,suco-de-laranja-bolsa-de-nova-iorque-nybot,Suco de Laranja - Bolsa de Nova Iorque (NYBOT),,Janeiro/27,fechamento,148.0,"148,00",c/US$/libra peso,price,USD,lb,futures,2027-01,,nybot
2026-07-14,laranja,suco-de-laranja-bolsa-de-nova-iorque-nybot,Suco de Laranja - Bolsa de Nova Iorque (NYBOT),,Janeiro/27,variacao_pontos,2.95,"+2,95",%,change_abs,,pct,futures,2027-01,,nybot
2026-07-14,laranja,suco-de-laranja-bolsa-de-nova-iorque-nybot,Suco de Laranja - Bolsa de Nova Iorque (NYBOT),,Novembro/26,fechamento,143.75,"143,75",c/US$/libra peso,price,USD,lb,futures,2026-11,,nybot
2026-07-14,laranja,suco-de-laranja-bolsa-de-nova-iorque-nybot,Suco de Laranja - Bolsa de Nova Iorque (NYBOT),,Novembro/26,variacao_pontos,2.95,"+2,95",%,change_abs,,pct,futures,2026-11,,nybot
2026-07-14,laranja,suco-de-laranja-bolsa-de-nova-iorque-nybot,Suco de Laranja - Bolsa de Nova Iorque (NYBOT),,Setembro/26,fechamento,140.25,"140,25",c/US$/libra peso,price,USD,lb,futures,2026-09,,nybot
2026-07-14,laranja,suco-de-laranja-bolsa-de-nova-iorque-nybot,Suco de Laranja - Bolsa de Nova Iorque (NYBOT),,Setembro/26,variacao_pontos,3.05,"+3,05",%,change_abs,,pct,futures,2026-09,,nybot
2026-07-15,laranja,laranja-ceasas,Laranja - Ceasas,Laranja Pera (13 a 15 DZ),,preco,1.95,"1,95",R$/Kg,price,BRL,kg,spot,,,physical
2026-07-15,laranja,laranja-ceasas,Laranja - Ceasas,Laranja Pera (13 a 15 DZ),,variacao_pct,0.0,"0,00",%,change_pct,,pct,spot,,,physical
2026-07-15,laranja,laranja-ceasas,Laranja - Ceasas,Laranja Pera Extra,,preco,1.75,"1,75",R$/Kg,price,BRL,kg,spot,,,physical
2026-07-15,laranja,laranja-ceasas,Laranja - Ceasas,Laranja Pera Extra,,variacao_pct,0.0,"0,00",%,change_pct,,pct,spot,,,physical
2026-07-15,laranja,laranja-ceasas,Laranja - Ceasas,Laranja Pera Gde (11-12 DZ),,preco,2.25,"2,25",R$/Kg,price,BRL,kg,spot,,,physical
2026-07-15,laranja,laranja-ceasas,Laranja - Ceasas,Laranja Pera Gde (11-12 DZ),,variacao_pct,0.0,"0,00",%,change_pct,,pct,spot,,,physical
2026-07-15,laranja,laranja-industria,Laranja Indústria,,,r_a_prazocaixa_408_kg_prazo,31.41,"31,41",R$,price,BRL,,spot,,,physical
2026-07-15,laranja,laranja-industria,Laranja Indústria,,,variacao_pct,-1.23,"-1,23",%,change_pct,,pct,spot,,,physical
2026-07-15,laranja,laranja-pera-in-natura,Laranja Pera In Natura,,,caixa_40_8_kg,32.15,"32,15",R$,price,BRL,,spot,,,other
2026-07-15,laranja,laranja-pera-in-natura,Laranja Pera In Natura,,,variacao_pct,-5.58,"-5,58",%,change_pct,,pct,spot,,,other
2026-07-15,laranja,suco-de-laranja-bolsa-de-nova-iorque-nybot,Suco de Laranja - Bolsa de Nova Iorque (NYBOT),,Janeiro/27,fechamento,146.55,"146,55",c/US$/libra peso,price,USD,lb,futures,2027-01,,nybot
2026-07-15,laranja,suco-de-laranja-bolsa-de-nova-iorque-nybot,Suco de Laranja - Bolsa de Nova Iorque (NYBOT),,Janeiro/27,variacao_pontos,-1.45,"-1,45",%,change_abs,,pct,futures,2027-01,,nybot
2026-07-15,laranja,suco-de-laranja-bolsa-de-nova-iorque-nybot,Suco de Laranja - Bolsa de Nova Iorque (NYBOT),,Novembro/26,fechamento,142.25,"142,25",c/US$/libra peso,price,USD,lb,futures,2026-11,,nybot
2026-07-15,laranja,suco-de-laranja-bolsa-de-nova-iorque-nybot,Suco de Laranja - Bolsa de Nova Iorque (NYBOT),,Novembro/26,variacao_pontos,-1.5,"-1,50",%,change_abs,,pct,futures,2026-11,,nybot
2026-07-15,laranja,suco-de-laranja-bolsa-de-nova-iorque-nybot,Suco de Laranja - Bolsa de Nova Iorque (NYBOT),,Setembro/26,fechamento,138.85,"138,85",c/US$/libra peso,price,USD,lb,futures,2026-09,,nybot
2026-07-15,laranja,suco-de-laranja-bolsa-de-nova-iorque-nybot,Suco de Laranja - Bolsa de Nova Iorque (NYBOT),,Setembro/26,variacao_pontos,-1.4,"-1,40",%,change_abs,,pct,futures,2026-09,,nybot
2026-07-16,laranja,laranja-ceasas,Laranja - Ceasas,Laranja Pera (13 a 15 DZ),,preco,1.95,"1,95",R$/Kg,price,BRL,kg,spot,,,physical
2026-07-16,laranja,laranja-ceasas,Laranja - Ceasas,Laranja Pera (13 a 15 DZ),,variacao_pct,0.0,"0,00",%,change_pct,,pct,spot,,,physical
2026-07-16,laranja,laranja-ceasas,Laranja - Ceasas,Laranja Pera Extra,,preco,1.75,"1,75",R$/Kg,price,BRL,kg,spot,,,physical
2026-07-16,laranja,laranja-ceasas,Laranja - Ceasas,Laranja Pera Extra,,variacao_pct,0.0,"0,00",%,change_pct,,pct,spot,,,physical
2026-07-16,laranja,laranja-ceasas,Laranja - Ceasas,Laranja Pera Gde (11-12 DZ),,preco,2.25,"2,25",R$/Kg,price,BRL,kg,spot,,,physical
2026-07-16,laranja,laranja-ceasas,Laranja - Ceasas,Laranja Pera Gde (11-12 DZ),,variacao_pct,0.0,"0,00",%,change_pct,,pct,spot,,,physical
2026-07-16,laranja,laranja-industria,Laranja Indústria,,,r_a_prazocaixa_408_kg_prazo,31.41,"31,41",R$,price,BRL,,spot,,,physical
2026-07-16,laranja,laranja-industria,Laranja Indústria,,,variacao_pct,0.0,"0,00",%,change_pct,,pct,spot,,,physical
2026-07-16,laranja,laranja-pera-in-natura,Laranja Pera In Natura,,,caixa_40_8_kg,33.42,"33,42",R$,price,BRL,,spot,,,other
2026-07-16,laranja,laranja-pera-in-natura,Laranja Pera In Natura,,,variacao_pct,3.95,"+3,95",%,change_pct,,pct,spot,,,other
2026-07-16,laranja,suco-de-laranja-bolsa-de-nova-iorque-nybot,Suco de Laranja - Bolsa de Nova Iorque (NYBOT),,Janeiro/27,fechamento,142.3,"142,30",c/US$/libra peso,price,USD,lb,futures,2027-01,,nybot
2026-07-16,laranja,suco-de-laranja-bolsa-de-nova-iorque-nybot,Suco de Laranja - Bolsa de Nova Iorque (NYBOT),,Janeiro/27,variacao_pontos,-4.25,"-4,25",%,change_abs,,pct,futures,2027-01,,nybot
2026-07-16,laranja,suco-de-laranja-bolsa-de-nova-iorque-nybot,Suco de Laranja - Bolsa de Nova Iorque (NYBOT),,Novembro/26,fechamento,137.7,"137,70",c/US$/libra peso,price,USD,lb,futures,2026-11,,nybot
2026-07-16,laranja,suco-de-laranja-bolsa-de-nova-iorque-nybot,Suco de Laranja - Bolsa de Nova Iorque (NYBOT),,Novembro/26,variacao_pontos,-4.55,"-4,55",%,change_abs,,pct,futures,2026-11,,nybot
2026-07-16,laranja,suco-de-laranja-bolsa-de-nova-iorque-nybot,Suco de Laranja - Bolsa de Nova Iorque (NYBOT),,Setembro/26,fechamento,133.8,"133,80",c/US$/libra peso,price,USD,lb,futures,2026-09,,nybot
2026-07-16,laranja,suco-de-laranja-bolsa-de-nova-iorque-nybot,Suco de Laranja - Bolsa de Nova Iorque (NYBOT),,Setembro/26,variacao_pontos,-5.05,"-5,05",%,change_abs,,pct,futures,2026-09,,nybot
2026-07-17,laranja,laranja-ceasas,Laranja - Ceasas,Laranja Pera (13 a 15 DZ),,preco,1.95,"1,95",R$/Kg,price,BRL,kg,spot,,,physical
2026-07-17,laranja,laranja-ceasas,Laranja - Ceasas,Laranja Pera (13 a 15 DZ),,variacao_pct,0.0,"0,00",%,change_pct,,pct,spot,,,physical
2026-07-17,laranja,laranja-ceasas,Laranja - Ceasas,Laranja Pera Extra,,preco,1.75,"1,75",R$/Kg,price,BRL,kg,spot,,,physical
2026-07-17,laranja,laranja-ceasas,Laranja - Ceasas,Laranja Pera Extra,,variacao_pct,0.0,"0,00",%,change_pct,,pct,spot,,,physical
2026-07-17,laranja,laranja-ceasas,Laranja - Ceasas,Laranja Pera Gde (11-12 DZ),,preco,2.25,"2,25",R$/Kg,price,BRL,kg,spot,,,physical
2026-07-17,laranja,laranja-ceasas,Laranja - Ceasas,Laranja Pera Gde (11-12 DZ),,variacao_pct,0.0,"0,00",%,change_pct,,pct,spot,,,physical
2026-07-17,laranja,laranja-industria,Laranja Indústria,,,r_a_prazocaixa_408_kg_prazo,31.41,"31,41",R$,price,BRL,,spot,,,physical
2026-07-17,laranja,laranja-industria,Laranja Indústria,,,variacao_pct,0.0,"0,00",%,change_pct,,pct,spot,,,physical
2026-07-17,laranja,laranja-pera-in-natura,Laranja Pera In Natura,,,caixa_40_8_kg,33.06,"33,06",R$,price,BRL,,spot,,,other
2026-07-17,laranja,laranja-pera-in-natura,Laranja Pera In Natura,,,variacao_pct,-1.08,"-1,08",%,change_pct,,pct,spot,,,other
2026-07-17,laranja,suco-de-laranja-bolsa-de-nova-iorque-nybot,Suco de Laranja - Bolsa de Nova Iorque (NYBOT),,Janeiro/27,fechamento,146.5,"146,50",c/US$/libra peso,price,USD,lb,futures,2027-01,,nybot
2026-07-17,laranja,suco-de-laranja-bolsa-de-nova-iorque-nybot,Suco de Laranja - Bolsa de Nova Iorque (NYBOT),,Janeiro/27,variacao_pontos,2.95,"+2,95",%,change_abs,,pct,futures,2027-01,,nybot
2026-07-17,laranja,suco-de-laranja-bolsa-de-nova-iorque-nybot,Suco de Laranja - Bolsa de Nova Iorque (NYBOT),,Novembro/26,fechamento,142.2,"142,20",c/US$/libra peso,price,USD,lb,futures,2026-11,,nybot
2026-07-17,laranja,suco-de-laranja-bolsa-de-nova-iorque-nybot,Suco de Laranja - Bolsa de Nova Iorque (NYBOT),,Novembro/26,variacao_pontos,4.5,"+4,50",%,change_abs,,pct,futures,2026-11,,nybot
2026-07-17,laranja,suco-de-laranja-bolsa-de-nova-iorque-nybot,Suco de Laranja - Bolsa de Nova Iorque (NYBOT),,Setembro/26,fechamento,138.2,"138,20",c/US$/libra peso,price,USD,lb,futures,2026-09,,nybot
2026-07-17,laranja,suco-de-laranja-bolsa-de-nova-iorque-nybot,Suco de Laranja - Bolsa de Nova Iorque (NYBOT),,Setembro/26,variacao_pontos,4.4,"+4,40",%,change_abs,,pct,futures,2026-09,,nybot
2026-07-20,laranja,laranja-ceasas,Laranja - Ceasas,Laranja Pera (13 a 15 DZ),,preco,1.95,"1,95",R$/Kg,price,BRL,kg,spot,,,physical
2026-07-20,laranja,laranja-ceasas,Laranja - Ceasas,Laranja Pera (13 a 15 DZ),,variacao_pct,0.0,"0,00",%,change_pct,,pct,spot,,,physical
2026-07-20,laranja,laranja-ceasas,Laranja - Ceasas,Laranja Pera Extra,,preco,1.75,"1,75",R$/Kg,price,BRL,kg,spot,,,physical
2026-07-20,laranja,laranja-ceasas,Laranja - Ceasas,Laranja Pera Extra,,variacao_pct,0.0,"0,00",%,change_pct,,pct,spot,,,physical
2026-07-20,laranja,laranja-ceasas,Laranja - Ceasas,Laranja Pera Gde (11-12 DZ),,preco,2.25,"2,25",R$/Kg,price,BRL,kg,spot,,,physical
2026-07-20,laranja,laranja-ceasas,Laranja - Ceasas,Laranja Pera Gde (11-12 DZ),,variacao_pct,0.0,"0,00",%,change_pct,,pct,spot,,,physical
2026-07-20,laranja,laranja-industria,Laranja Indústria,,,r_a_prazocaixa_408_kg_prazo,31.41,"31,41",R$,price,BRL,,spot,,,physical
2026-07-20,laranja,laranja-industria,Laranja Indústria,,,variacao_pct,0.0,"0,00",%,change_pct,,pct,spot,,,physical
2026-07-20,laranja,laranja-pera-in-natura,Laranja Pera In Natura,,,caixa_40_8_kg,33.06,"33,06",R$,price,BRL,,spot,,,other
2026-07-20,laranja,laranja-pera-in-natura,Laranja Pera In Natura,,,variacao_pct,0.0,"0,00",%,change_pct,,pct,spot,,,other
2026-07-20,laranja,suco-de-laranja-bolsa-de-nova-iorque-nybot,Suco de Laranja - Bolsa de Nova Iorque (NYBOT),,Janeiro/27,fechamento,155.55,"155,55",c/US$/libra peso,price,USD,lb,futures,2027-01,,nybot
2026-07-20,laranja,suco-de-laranja-bolsa-de-nova-iorque-nybot,Suco de Laranja - Bolsa de Nova Iorque (NYBOT),,Janeiro/27,variacao_pontos,9.05,"+9,05",%,change_abs,,pct,futures,2027-01,,nybot
2026-07-20,laranja,suco-de-laranja-bolsa-de-nova-iorque-nybot,Suco de Laranja - Bolsa de Nova Iorque (NYBOT),,Novembro/26,fechamento,151.45,"151,45",c/US$/libra peso,price,USD,lb,futures,2026-11,,nybot
2026-07-20,laranja,suco-de-laranja-bolsa-de-nova-iorque-nybot,Suco de Laranja - Bolsa de Nova Iorque (NYBOT),,Novembro/26,variacao_pontos,9.25,"+9,25",%,change_abs,,pct,futures,2026-11,,nybot
2026-07-20,laranja,suco-de-laranja-bolsa-de-nova-iorque-nybot,Suco de Laranja - Bolsa de Nova Iorque (NYBOT),,Setembro/26,fechamento,147.4,"147,40",c/US$/libra peso,price,USD,lb,futures,2026-09,,nybot
2026-07-20,laranja,suco-de-laranja-bolsa-de-nova-iorque-nybot,Suco de Laranja - Bolsa de Nova Iorque (NYBOT),,Setembro/26,variacao_pontos,9.2,"+9,20",%,change_abs,,pct,futures,2026-09,,nybot
2026-07-21,laranja,laranja-ceasas,Laranja - Ceasas,Laranja Pera (13 a 15 DZ),,preco,1.78,"1,78",R$/Kg,price,BRL,kg,spot,,,physical
2026-07-21,laranja,laranja-ceasas,Laranja - Ceasas,Laranja Pera (13 a 15 DZ),,variacao_pct,-8.72,"-8,72",%,change_pct,,pct,spot,,,physical
2026-07-21,laranja,laranja-ceasas,Laranja - Ceasas,Laranja Pera Extra,,preco,1.75,"1,75",R$/Kg,price,BRL,kg,spot,,,physical
2026-07-21,laranja,laranja-ceasas,Laranja - Ceasas,Laranja Pera Extra,,variacao_pct,0.0,"0,00",%,change_pct,,pct,spot,,,physical
2026-07-21,laranja,laranja-ceasas,Laranja - Ceasas,Laranja Pera Gde (11-12 DZ),,preco,2.25,"2,25",R$/Kg,price,BRL,kg,spot,,,physical
2026-07-21,laranja,laranja-ceasas,Laranja - Ceasas,Laranja Pera Gde (11-12 DZ),,variacao_pct,0.0,"0,00",%,change_pct,,pct,spot,,,physical
2026-07-21,laranja,laranja-industria,Laranja Indústria,,,r_a_prazocaixa_408_kg_prazo,31.41,"31,41",R$,price,BRL,,spot,,,physical
2026-07-21,laranja,laranja-industria,Laranja Indústria,,,variacao_pct,0.0,"0,00",%,change_pct,,pct,spot,,,physical
2026-07-21,laranja,laranja-pera-in-natura,Laranja Pera In Natura,,,caixa_40_8_kg,34.92,"34,92",R$,price,BRL,,spot,,,other
2026-07-21,laranja,laranja-pera-in-natura,Laranja Pera In Natura,,,variacao_pct,5.63,"+5,63",%,change_pct,,pct,spot,,,other
2026-07-21,laranja,suco-de-laranja-bolsa-de-nova-iorque-nybot,Suco de Laranja - Bolsa de Nova Iorque (NYBOT),,Janeiro/27,fechamento,151.4,"151,40",c/US$/libra peso,price,USD,lb,futures,2027-01,,nybot
2026-07-21,laranja,suco-de-laranja-bolsa-de-nova-iorque-nybot,Suco de Laranja - Bolsa de Nova Iorque (NYBOT),,Janeiro/27,variacao_pontos,-4.15,"-4,15",%,change_abs,,pct,futures,2027-01,,nybot
2026-07-21,laranja,suco-de-laranja-bolsa-de-nova-iorque-nybot,Suco de Laranja - Bolsa de Nova Iorque (NYBOT),,Novembro/26,fechamento,147.6,"147,60",c/US$/libra peso,price,USD,lb,futures,2026-11,,nybot
2026-07-21,laranja,suco-de-laranja-bolsa-de-nova-iorque-nybot,Suco de Laranja - Bolsa de Nova Iorque (NYBOT),,Novembro/26,variacao_pontos,-3.85,"-3,85",%,change_abs,,pct,futures,2026-11,,nybot
2026-07-21,laranja,suco-de-laranja-bolsa-de-nova-iorque-nybot,Suco de Laranja - Bolsa de Nova Iorque (NYBOT),,Setembro/26,fechamento,143.8,"143,80",c/US$/libra peso,price,USD,lb,futures,2026-09,,nybot
2026-07-21,laranja,suco-de-laranja-bolsa-de-nova-iorque-nybot,Suco de Laranja - Bolsa de Nova Iorque (NYBOT),,Setembro/26,variacao_pontos,-3.6,"-3,60",%,change_abs,,pct,futures,2026-09,,nybot
2026-07-22,laranja,laranja-ceasas,Laranja - Ceasas,Laranja Pera (13 a 15 DZ),,preco,1.78,"1,78",R$/Kg,price,BRL,kg,spot,,,physical
2026-07-22,laranja,laranja-ceasas,Laranja - Ceasas,Laranja Pera (13 a 15 DZ),,variacao_pct,0.0,"0,00",%,change_pct,,pct,spot,,,physical
2026-07-22,laranja,laranja-ceasas,Laranja - Ceasas,Laranja Pera Extra,,preco,1.75,"1,75",R$/Kg,price,BRL,kg,spot,,,physical
2026-07-22,laranja,laranja-ceasas,Laranja - Ceasas,Laranja Pera Extra,,variacao_pct,0.0,"0,00",%,change_pct,,pct,spot,,,physical
2026-07-22,laranja,laranja-ceasas,Laranja - Ceasas,Laranja Pera Gde (11-12 DZ),,preco,2.25,"2,25",R$/Kg,price,BRL,kg,spot,,,physical
2026-07-22,laranja,laranja-ceasas,Laranja - Ceasas,Laranja Pera Gde (11-12 DZ),,variacao_pct,0.0,"0,00",%,change_pct,,pct,spot,,,physical
2026-07-22,laranja,laranja-industria,Laranja Indústria,,,r_a_prazocaixa_408_kg_prazo,31.18,"31,18",R$,price,BRL,,spot,,,physical
2026-07-22,laranja,laranja-industria,Laranja Indústria,,,variacao_pct,-0.73,"-0,73",%,change_pct,,pct,spot,,,physical
2026-07-22,laranja,laranja-pera-in-natura,Laranja Pera In Natura,,,caixa_40_8_kg,33.74,"33,74",R$,price,BRL,,spot,,,other
2026-07-22,laranja,laranja-pera-in-natura,Laranja Pera In Natura,,,variacao_pct,-3.38,"-3,38",%,change_pct,,pct,spot,,,other
2026-07-22,laranja,suco-de-laranja-bolsa-de-nova-iorque-nybot,Suco de Laranja - Bolsa de Nova Iorque (NYBOT),,Janeiro/27,fechamento,157.55,"157,55",c/US$/libra peso,price,USD,lb,futures,2027-01,,nybot
2026-07-22,laranja,suco-de-laranja-bolsa-de-nova-iorque-nybot,Suco de Laranja - Bolsa de Nova Iorque (NYBOT),,Janeiro/27,variacao_pontos,6.15,"+6,15",%,change_abs,,pct,futures,2027-01,,nybot
2026-07-22,laranja,suco-de-laranja-bolsa-de-nova-iorque-nybot,Suco de Laranja - Bolsa de Nova Iorque (NYBOT),,Novembro/26,fechamento,153.85,"153,85",c/US$/libra peso,price,USD,lb,futures,2026-11,,nybot
2026-07-22,laranja,suco-de-laranja-bolsa-de-nova-iorque-nybot,Suco de Laranja - Bolsa de Nova Iorque (NYBOT),,Novembro/26,variacao_pontos,6.25,"+6,25",%,change_abs,,pct,futures,2026-11,,nybot
2026-07-22,laranja,suco-de-laranja-bolsa-de-nova-iorque-nybot,Suco de Laranja - Bolsa de Nova Iorque (NYBOT),,Setembro/26,fechamento,150.3,"150,30",c/US$/libra peso,price,USD,lb,futures,2026-09,,nybot
2026-07-22,laranja,suco-de-laranja-bolsa-de-nova-iorque-nybot,Suco de Laranja - Bolsa de Nova Iorque (NYBOT),,Setembro/26,variacao_pontos,6.5,"+6,50",%,change_abs,,pct,futures,2026-09,,nybot
2026-07-23,laranja,laranja-ceasas,Laranja - Ceasas,Laranja Pera (13 a 15 DZ),,preco,1.73,"1,73",R$/Kg,price,BRL,kg,spot,,,physical
2026-07-23,laranja,laranja-ceasas,Laranja - Ceasas,Laranja Pera (13 a 15 DZ),,variacao_pct,-2.81,"-2,81",%,change_pct,,pct,spot,,,physical
2026-07-23,laranja,laranja-ceasas,Laranja - Ceasas,Laranja Pera Extra,,preco,1.75,"1,75",R$/Kg,price,BRL,kg,spot,,,physical
2026-07-23,laranja,laranja-ceasas,Laranja - Ceasas,Laranja Pera Extra,,variacao_pct,0.0,"0,00",%,change_pct,,pct,spot,,,physical
2026-07-23,laranja,laranja-ceasas,Laranja - Ceasas,Laranja Pera Gde (11-12 DZ),,preco,2.25,"2,25",R$/Kg,price,BRL,kg,spot,,,physical
2026-07-23,laranja,laranja-ceasas,Laranja - Ceasas,Laranja Pera Gde (11-12 DZ),,variacao_pct,0.0,"0,00",%,change_pct,,pct,spot,,,physical
2026-07-23,laranja,laranja-industria,Laranja Indústria,,,r_a_prazocaixa_408_kg_prazo,30.67,"30,67",R$,price,BRL,,spot,,,physical
2026-07-23,laranja,laranja-industria,Laranja Indústria,,,variacao_pct,-1.64,"-1,64",%,change_pct,,pct,spot,,,physical
2026-07-23,laranja,laranja-pera-in-natura,Laranja Pera In Natura,,,caixa_40_8_kg,31.54,"31,54",R$,price,BRL,,spot,,,other
2026-07-23,laranja,laranja-pera-in-natura,Laranja Pera In Natura,,,variacao_pct,-6.52,"-6,52",%,change_pct,,pct,spot,,,other
2026-07-23,laranja,suco-de-laranja-bolsa-de-nova-iorque-nybot,Suco de Laranja - Bolsa de Nova Iorque (NYBOT),,Janeiro/27,fechamento,154.45,"154,45",c/US$/libra peso,price,USD,lb,futures,2027-01,,nybot
2026-07-23,laranja,suco-de-laranja-bolsa-de-nova-iorque-nybot,Suco de Laranja - Bolsa de Nova Iorque (NYBOT),,Janeiro/27,variacao_pontos,-3.1,"-3,10",%,change_abs,,pct,futures,2027-01,,nybot
2026-07-23,laranja,suco-de-laranja-bolsa-de-nova-iorque-nybot,Suco de Laranja - Bolsa de Nova Iorque (NYBOT),,Novembro/26,fechamento,150.7,"150,70",c/US$/libra peso,price,USD,lb,futures,2026-11,,nybot
2026-07-23,laranja,suco-de-laranja-bolsa-de-nova-iorque-nybot,Suco de Laranja - Bolsa de Nova Iorque (NYBOT),,Novembro/26,variacao_pontos,-3.15,"-3,15",%,change_abs,,pct,futures,2026-11,,nybot
2026-07-23,laranja,suco-de-laranja-bolsa-de-nova-iorque-nybot,Suco de Laranja - Bolsa de Nova Iorque (NYBOT),,Setembro/26,fechamento,146.8,"146,80",c/US$/libra peso,price,USD,lb,futures,2026-09,,nybot
2026-07-23,laranja,suco-de-laranja-bolsa-de-nova-iorque-nybot,Suco de Laranja - Bolsa de Nova Iorque (NYBOT),,Setembro/26,variacao_pontos,-3.5,"-3,50",%,change_abs,,pct,futures,2026-09,,nybot
2026-07-24,laranja,laranja-ceasas,Laranja - Ceasas,Laranja Pera (13 a 15 DZ),,preco,1.73,"1,73",R$/Kg,price,BRL,kg,spot,,,physical
2026-07-24,laranja,laranja-ceasas,Laranja - Ceasas,Laranja Pera (13 a 15 DZ),,variacao_pct,0.0,"0,00",%,change_pct,,pct,spot,,,physical
2026-07-24,laranja,laranja-ceasas,Laranja - Ceasas,Laranja Pera Extra,,preco,1.75,"1,75",R$/Kg,price,BRL,kg,spot,,,physical
2026-07-24,laranja,laranja-ceasas,Laranja - Ceasas,Laranja Pera Extra,,variacao_pct,0.0,"0,00",%,change_pct,,pct,spot,,,physical
2026-07-24,laranja,laranja-ceasas,Laranja - Ceasas,Laranja Pera Gde (11-12 DZ),,preco,2.25,"2,25",R$/Kg,price,BRL,kg,spot,,,physical
2026-07-24,laranja,laranja-ceasas,Laranja - Ceasas,Laranja Pera Gde (11-12 DZ),,variacao_pct,0.0,"0,00",%,change_pct,,pct,spot,,,physical
2026-07-24,laranja,laranja-industria,Laranja Indústria,,,r_a_prazocaixa_408_kg_prazo,30.67,"30,67",R$,price,BRL,,spot,,,physical
2026-07-24,laranja,laranja-industria,Laranja Indústria,,,variacao_pct,0.0,"0,00",%,change_pct,,pct,spot,,,physical
2026-07-24,laranja,laranja-pera-in-natura,Laranja Pera In Natura,,,caixa_40_8_kg,31.54,"31,54",R$,price,BRL,,spot,,,other
2026-07-24,laranja,laranja-pera-in-natura,Laranja Pera In Natura,,,variacao_pct,0.0,"0,00",%,change_pct,,pct,spot,,,other
2026-07-24,laranja,suco-de-laranja-bolsa-de-nova-iorque-nybot,Suco de Laranja - Bolsa de Nova Iorque (NYBOT),,Janeiro/27,fechamento,149.65,"149,65",c/US$/libra peso,price,USD,lb,futures,2027-01,,nybot
2026-07-24,laranja,suco-de-laranja-bolsa-de-nova-iorque-nybot,Suco de Laranja - Bolsa de Nova Iorque (NYBOT),,Janeiro/27,variacao_pontos,-4.8,"-4,80",%,change_abs,,pct,futures,2027-01,,nybot
2026-07-24,laranja,suco-de-laranja-bolsa-de-nova-iorque-nybot,Suco de Laranja - Bolsa de Nova Iorque (NYBOT),,Novembro/26,fechamento,145.65,"145,65",c/US$/libra peso,price,USD,lb,futures,2026-11,,nybot
2026-07-24,laranja,suco-de-laranja-bolsa-de-nova-iorque-nybot,Suco de Laranja - Bolsa de Nova Iorque (NYBOT),,Novembro/26,variacao_pontos,-5.05,"-5,05",%,change_abs,,pct,futures,2026-11,,nybot
2026-07-24,laranja,suco-de-laranja-bolsa-de-nova-iorque-nybot,Suco de Laranja - Bolsa de Nova Iorque (NYBOT),,Setembro/26,fechamento,141.75,"141,75",c/US$/libra peso,price,USD,lb,futures,2026-09,,nybot
2026-07-24,laranja,suco-de-laranja-bolsa-de-nova-iorque-nybot,Suco de Laranja - Bolsa de Nova Iorque (NYBOT),,Setembro/26,variacao_pontos,-5.05,"-5,05",%,change_abs,,pct,futures,2026-09,,nybot
2026-07-27,laranja,laranja-ceasas,Laranja - Ceasas,Laranja Pera (13 a 15 DZ),,preco,1.73,"1,73",R$/Kg,price,BRL,kg,spot,,,physical
2026-07-27,laranja,laranja-ceasas,Laranja - Ceasas,Laranja Pera (13 a 15 DZ),,variacao_pct,0.0,"0,00",%,change_pct,,pct,spot,,,physical
2026-07-27,laranja,laranja-ceasas,Laranja - Ceasas,Laranja Pera Extra,,preco,1.75,"1,75",R$/Kg,price,BRL,kg,spot,,,physical
2026-07-27,laranja,laranja-ceasas,Laranja - Ceasas,Laranja Pera Extra,,variacao_pct,0.0,"0,00",%,change_pct,,pct,spot,,,physical
2026-07-27,laranja,laranja-ceasas,Laranja - Ceasas,Laranja Pera Gde (11-12 DZ),,preco,2.25,"2,25",R$/Kg,price,BRL,kg,spot,,,physical
2026-07-27,laranja,laranja-ceasas,Laranja - Ceasas,Laranja Pera Gde (11-12 DZ),,variacao_pct,0.0,"0,00",%,change_pct,,pct,spot,,,physical
2026-07-27,laranja,laranja-industria,Laranja Indústria,,,r_a_prazocaixa_408_kg_prazo,30.67,"30,67",R$,price,BRL,,spot,,,physical
2026-07-27,laranja,laranja-industria,Laranja Indústria,,,variacao_pct,0.0,"0,00",%,change_pct,,pct,spot,,,physical
2026-07-27,laranja,laranja-pera-in-natura,Laranja Pera In Natura,,,caixa_40_8_kg,29.76,"29,76",R$,price,BRL,,spot,,,other
2026-07-27,laranja,laranja-pera-in-natura,Laranja Pera In Natura,,,variacao_pct,-5.64,"-5,64",%,change_pct,,pct,spot,,,other
2026-07-27,laranja,suco-de-laranja-bolsa-de-nova-iorque-nybot,Suco de Laranja - Bolsa de Nova Iorque (NYBOT),,Janeiro/27,fechamento,149.25,"149,25",c/US$/libra peso,price,USD,lb,futures,2027-01,,nybot
2026-07-27,laranja,suco-de-laranja-bolsa-de-nova-iorque-nybot,Suco de Laranja - Bolsa de Nova Iorque (NYBOT),,Janeiro/27,variacao_pontos,-0.4,"-0,40",%,change_abs,,pct,futures,2027-01,,nybot
2026-07-27,laranja,suco-de-laranja-bolsa-de-nova-iorque-nybot,Suco de Laranja - Bolsa de Nova Iorque (NYBOT),,Novembro/26,fechamento,145.3,"145,30",c/US$/libra peso,price,USD,lb,futures,2026-11,,nybot
2026-07-27,laranja,suco-de-laranja-bolsa-de-nova-iorque-nybot,Suco de Laranja - Bolsa de Nova Iorque (NYBOT),,Novembro/26,variacao_pontos,-0.35,"-0,35",%,change_abs,,pct,futures,2026-11,,nybot
2026-07-27,laranja,suco-de-laranja-bolsa-de-nova-iorque-nybot,Suco de Laranja - Bolsa de Nova Iorque (NYBOT),,Setembro/26,fechamento,141.45,"141,45",c/US$/libra peso,price,USD,lb,futures,2026-09,,nybot
2026-07-27,laranja,suco-de-laranja-bolsa-de-nova-iorque-nybot,Suco de Laranja - Bolsa de Nova Iorque (NYBOT),,Setembro/26,variacao_pontos,-0.3,"-0,30",%,change_abs,,pct,futures,2026-09,,nybot
2026-07-28,laranja,laranja-ceasas,Laranja - Ceasas,Laranja Pera (13 a 15 DZ),,preco,1.77,"1,77",R$/Kg,price,BRL,kg,spot,,,physical
2026-07-28,laranja,laranja-ceasas,Laranja - Ceasas,Laranja Pera (13 a 15 DZ),,variacao_pct,2.31,"+2,31",%,change_pct,,pct,spot,,,physical
2026-07-28,laranja,laranja-ceasas,Laranja - Ceasas,Laranja Pera Extra,,preco,1.75,"1,75",R$/Kg,price,BRL,kg,spot,,,physical
2026-07-28,laranja,laranja-ceasas,Laranja - Ceasas,Laranja Pera Extra,,variacao_pct,0.0,"0,00",%,change_pct,,pct,spot,,,physical
2026-07-28,laranja,laranja-ceasas,Laranja - Ceasas,Laranja Pera Gde (11-12 DZ),,preco,2.2,"2,20",R$/Kg,price,BRL,kg,spot,,,physical
2026-07-28,laranja,laranja-ceasas,Laranja - Ceasas,Laranja Pera Gde (11-12 DZ),,variacao_pct,-2.22,"-2,22",%,change_pct,,pct,spot,,,physical
2026-07-28,laranja,laranja-industria,Laranja Indústria,,,r_a_prazocaixa_408_kg_prazo,30.67,"30,67",R$,price,BRL,,spot,,,physical
2026-07-28,laranja,laranja-industria,Laranja Indústria,,,variacao_pct,0.0,"0,00",%,change_pct,,pct,spot,,,physical
2026-07-28,laranja,laranja-pera-in-natura,Laranja Pera In Natura,,,caixa_40_8_kg,32.07,"32,07",R$,price,BRL,,spot,,,other
2026-07-28,laranja,laranja-pera-in-natura,Laranja Pera In Natura,,,variacao_pct,7.76,"+7,76",%,change_pct,,pct,spot,,,other
2026-07-28,laranja,suco-de-laranja-bolsa-de-nova-iorque-nybot,Suco de Laranja - Bolsa de Nova Iorque (NYBOT),,Janeiro/27,fechamento,145.0,"145,00",c/US$/libra peso,price,USD,lb,futures,2027-01,,nybot
2026-07-28,laranja,suco-de-laranja-bolsa-de-nova-iorque-nybot,Suco de Laranja - Bolsa de Nova Iorque (NYBOT),,Janeiro/27,variacao_pontos,-4.25,"-4,25",%,change_abs,,pct,futures,2027-01,,nybot
2026-07-28,laranja,suco-de-laranja-bolsa-de-nova-iorque-nybot,Suco de Laranja - Bolsa de Nova Iorque (NYBOT),,Novembro/26,fechamento,140.65,"140,65",c/US$/libra peso,price,USD,lb,futures,2026-11,,nybot
2026-07-28,laranja,suco-de-laranja-bolsa-de-nova-iorque-nybot,Suco de Laranja - Bolsa de Nova Iorque (NYBOT),,Novembro/26,variacao_pontos,-4.65,"-4,65",%,change_abs,,pct,futures,2026-11,,nybot
2026-07-28,laranja,suco-de-laranja-bolsa-de-nova-iorque-nybot,Suco de Laranja - Bolsa de Nova Iorque (NYBOT),,Setembro/26,fechamento,136.85,"136,85",c/US$/libra peso,price,USD,lb,futures,2026-09,,nybot
2026-07-28,laranja,suco-de-laranja-bolsa-de-nova-iorque-nybot,Suco de Laranja - Bolsa de Nova Iorque (NYBOT),,Setembro/26,variacao_pontos,-4.6,"-4,60",%,change_abs,,pct,futures,2026-09,,nybot
2026-07-29,laranja,laranja-ceasas,Laranja - Ceasas,Laranja Pera (13 a 15 DZ),,preco,1.77,"1,77",R$/Kg,price,BRL,kg,spot,,,physical
2026-07-29,laranja,laranja-ceasas,Laranja - Ceasas,Laranja Pera (13 a 15 DZ),,variacao_pct,0.0,"0,00",%,change_pct,,pct,spot,,,physical
2026-07-29,laranja,laranja-ceasas,Laranja - Ceasas,Laranja Pera Extra,,preco,1.75,"1,75",R$/Kg,price,BRL,kg,spot,,,physical
2026-07-29,laranja,laranja-ceasas,Laranja - Ceasas,Laranja Pera Extra,,variacao_pct,0.0,"0,00",%,change_pct,,pct,spot,,,physical
2026-07-29,laranja,laranja-ceasas,Laranja - Ceasas,Laranja Pera Gde (11-12 DZ),,preco,2.2,"2,20",R$/Kg,price,BRL,kg,spot,,,physical
2026-07-29,laranja,laranja-ceasas,Laranja - Ceasas,Laranja Pera Gde (11-12 DZ),,variacao_pct,0.0,"0,00",%,change_pct,,pct,spot,,,physical
2026-07-29,laranja,laranja-industria,Laranja Indústria,,,r_a_prazocaixa_408_kg_prazo,30.67,"30,67",R$,price,BRL,,spot,,,physical
2026-07-29,laranja,laranja-industria,Laranja Indústria,,,variacao_pct,0.0,"0,00",%,change_pct,,pct,spot,,,physical
2026-07-29,laranja,laranja-pera-in-natura,Laranja Pera In Natura,,,caixa_40_8_kg,32.8,"32,80",R$,price,BRL,,spot,,,other
2026-07-29,laranja,laranja-pera-in-natura,Laranja Pera In Natura,,,variacao_pct,2.28,"+2,28",%,change_pct,,pct,spot,,,other
2026-07-29,laranja,suco-de-laranja-bolsa-de-nova-iorque-nybot,Suco de Laranja - Bolsa de Nova Iorque (NYBOT),,Janeiro/27,fechamento,145.95,"145,95",c/US$/libra peso,price,USD,lb,futures,2027-01,,nybot
2026-07-29,laranja,suco-de-laranja-bolsa-de-nova-iorque-nybot,Suco de Laranja - Bolsa de Nova Iorque (NYBOT),,Janeiro/27,variacao_pontos,0.95,"+0,95",%,change_abs,,pct,futures,2027-01,,nybot
2026-07-29,laranja,suco-de-laranja-bolsa-de-nova-iorque-nybot,Suco de Laranja - Bolsa de Nova Iorque (NYBOT),,Novembro/26,fechamento,141.6,"141,60",c/US$/libra peso,price,USD,lb,futures,2026-11,,nybot
2026-07-29,laranja,suco-de-laranja-bolsa-de-nova-iorque-nybot,Suco de Laranja - Bolsa de Nova Iorque (NYBOT),,Novembro/26,variacao_pontos,0.95,"+0,95",%,change_abs,,pct,futures,2026-11,,nybot
2026-07-29,laranja,suco-de-laranja-bolsa-de-nova-iorque-nybot,Suco de Laranja - Bolsa de Nova Iorque (NYBOT),,Setembro/26,fechamento,137.95,"137,95",c/US$/libra peso,price,USD,lb,futures,2026-09,,nybot
2026-07-29,laranja,suco-de-laranja-bolsa-de-nova-iorque-nybot,Suco de Laranja - Bolsa de Nova Iorque (NYBOT),,Setembro/26,variacao_pontos,1.1,"+1,10",%,change_abs,,pct,futures,2026-09,,nybot
2026-07-30,laranja,laranja-ceasas,Laranja - Ceasas,Laranja Pera (13 a 15 DZ),,preco,1.75,"1,75",R$/Kg,price,BRL,kg,spot,,,physical
2026-07-30,laranja,laranja-ceasas,Laranja - Ceasas,Laranja Pera (13 a 15 DZ),,variacao_pct,-1.13,"-1,13",%,change_pct,,pct,spot,,,physical
2026-07-30,laranja,laranja-ceasas,Laranja - Ceasas,Laranja Pera Extra,,preco,1.75,"1,75",R$/Kg,price,BRL,kg,spot,,,physical
2026-07-30,laranja,laranja-ceasas,Laranja - Ceasas,Laranja Pera Extra,,variacao_pct,0.0,"0,00",%,change_pct,,pct,spot,,,physical
2026-07-30,laranja,laranja-ceasas,Laranja - Ceasas,Laranja Pera Gde (11-12 DZ),,preco,2.2,"2,20",R$/Kg,price,BRL,kg,spot,,,physical
2026-07-30,laranja,laranja-ceasas,Laranja - Ceasas,Laranja Pera Gde (11-12 DZ),,variacao_pct,0.0,"0,00",%,change_pct,,pct,spot,,,physical
2026-07-30,laranja,laranja-industria,Laranja Indústria,,,r_a_prazocaixa_408_kg_prazo,30.57,"30,57",R$,price,BRL,,spot,,,physical
2026-07-30,laranja,laranja-industria,Laranja Indústria,,,variacao_pct,-0.33,"-0,33",%,change_pct,,pct,spot,,,physical
2026-07-30,laranja,laranja-pera-in-natura,Laranja Pera In Natura,,,caixa_40_8_kg,33.68,"33,68",R$,price,BRL,,spot,,,other
2026-07-30,laranja,laranja-pera-in-natura,Laranja Pera In Natura,,,variacao_pct,2.68,"2,68",%,change_pct,,pct,spot,,,other
2026-07-30,laranja,suco-de-laranja-bolsa-de-nova-iorque-nybot,Suco de Laranja - Bolsa de Nova Iorque (NYBOT),,Janeiro/27,fechamento,154.35,"154,35",c/US$/libra peso,price,USD,lb,futures,2027-01,,nybot
2026-07-30,laranja,suco-de-laranja-bolsa-de-nova-iorque-nybot,Suco de Laranja - Bolsa de Nova Iorque (NYBOT),,Janeiro/27,variacao_pontos,8.4,"+8,40",%,change_abs,,pct,futures,2027-01,,nybot
2026-07-30,laranja,suco-de-laranja-bolsa-de-nova-iorque-nybot,Suco de Laranja - Bolsa de Nova Iorque (NYBOT),,Novembro/26,fechamento,150.0,"150,00",c/US$/libra peso,price,USD,lb,futures,2026-11,,nybot
2026-07-30,laranja,suco-de-laranja-bolsa-de-nova-iorque-nybot,Suco de Laranja - Bolsa de Nova Iorque (NYBOT),,Novembro/26,variacao_pontos,8.4,"+8,40",%,change_abs,,pct,futures,2026-11,,nybot
2026-07-30,laranja,suco-de-laranja-bolsa-de-nova-iorque-nybot,Suco de Laranja - Bolsa de Nova Iorque (NYBOT),,Setembro/26,fechamento,146.0,"146,00",c/US$/libra peso,price,USD,lb,futures,2026-09,,nybot
2026-07-30,laranja,suco-de-laranja-bolsa-de-nova-iorque-nybot,Suco de Laranja - Bolsa de Nova Iorque (NYBOT),,Setembro/26,variacao_pontos,8.05,"+8,05",%,change_abs,,pct,futures,2026-09,,nybot
2026-07-31,laranja,laranja-ceasas,Laranja - Ceasas,Laranja Pera (13 a 15 DZ),,preco,1.75,"1,75",R$/Kg,price,BRL,kg,spot,,,physical
2026-07-31,laranja,laranja-ceasas,Laranja - Ceasas,Laranja Pera (13 a 15 DZ),,variacao_pct,0.0,"0,00",%,change_pct,,pct,spot,,,physical
2026-07-31,laranja,laranja-ceasas,Laranja - Ceasas,Laranja Pera Extra,,preco,1.75,"1,75",R$/Kg,price,BRL,kg,spot,,,physical
2026-07-31,laranja,laranja-ceasas,Laranja - Ceasas,Laranja Pera Extra,,variacao_pct,0.0,"0,00",%,change_pct,,pct,spot,,,physical
2026-07-31,laranja,laranja-ceasas,Laranja - Ceasas,Laranja Pera Gde (11-12 DZ),,preco,2.2,"2,20",R$/Kg,price,BRL,kg,spot,,,physical
2026-07-31,laranja,laranja-ceasas,Laranja - Ceasas,Laranja Pera Gde (11-12 DZ),,variacao_pct,0.0,"0,00",%,change_pct,,pct,spot,,,physical
2026-07-31,laranja,laranja-industria,Laranja Indústria,,,r_a_prazocaixa_408_kg_prazo,30.57,"30,57",R$,price,BRL,,spot,,,physical
2026-07-31,laranja,laranja-industria,Laranja Indústria,,,variacao_pct,0.0,"0,00",%,change_pct,,pct,spot,,,physical
2026-07-31,laranja,laranja-pera-in-natura,Laranja Pera In Natura,,,caixa_40_8_kg,32.99,"32,99",R$,price,BRL,,spot,,,other
2026-07-31,laranja,laranja-pera-in-natura,Laranja Pera In Natura,,,variacao_pct,-2.05,"-2,05",%,change_pct,,pct,spot,,,other
2026-07-31,laranja,suco-de-laranja-bolsa-de-nova-iorque-nybot,Suco de Laranja - Bolsa de Nova Iorque (NYBOT),,Janeiro/27,fechamento,163.0,"163,00",c/US$/libra peso,price,USD,lb,futures,2027-01,,nybot
2026-07-31,laranja,suco-de-laranja-bolsa-de-nova-iorque-nybot,Suco de Laranja - Bolsa de Nova Iorque (NYBOT),,Janeiro/27,variacao_pontos,8.65,"+8,65",%,change_abs,,pct,futures,2027-01,,nybot
2026-07-31,laranja,suco-de-laranja-bolsa-de-nova-iorque-nybot,Suco de Laranja - Bolsa de Nova Iorque (NYBOT),,Novembro/26,fechamento,159.15,"159,15",c/US$/libra peso,price,USD,lb,futures,2026-11,,nybot
2026-07-31,laranja,suco-de-laranja-bolsa-de-nova-iorque-nybot,Suco de Laranja - Bolsa de Nova Iorque (NYBOT),,Novembro/26,variacao_pontos,9.15,"+9,15",%,change_abs,,pct,futures,2026-11,,nybot
2026-07-31,laranja,suco-de-laranja-bolsa-de-nova-iorque-nybot,Suco de Laranja - Bolsa de Nova Iorque (NYBOT),,Setembro/26,fechamento,154.95,"154,95",c/US$/libra peso,price,USD,lb,futures,2026-09,,nybot
2026-07-31,laranja,suco-de-laranja-bolsa-de-nova-iorque-nybot,Suco de Laranja - Bolsa de Nova Iorque (NYBOT),,Setembro/26,variacao_pontos,8.95,"+8,95",%,change_abs,,pct,futures,2026-09,,nybot
2026-08-03,laranja,laranja-ceasas,Laranja - Ceasas,Laranja Pera (13 a 15 DZ),,preco,1.75,"1,75",R$/Kg,price,BRL,kg,spot,,,physical
2026-08-03,laranja,laranja-ceasas,Laranja - Ceasas,Laranja Pera (13 a 15 DZ),,variacao_pct,0.0,"0,00",%,change_pct,,pct,spot,,,physical
2026-08-03,laranja,laranja-ceasas,Laranja - Ceasas,Laranja Pera Extra,,preco,1.75,"1,75",R$/Kg,price,BRL,kg,spot,,,physical
2026-08-03,laranja,laranja-ceasas,Laranja - Ceasas,Laranja Pera Extra,,variacao_pct,0.0,"0,00",%,change_pct,,pct,spot,,,physical
2026-08-03,laranja,laranja-ceasas,Laranja - Ceasas,Laranja Pera Gde (11-12 DZ),,preco,2.2,"2,20",R$/Kg,price,BRL,kg,spot,,,physical
2026-08-03,laranja,laranja-ceasas,Laranja - Ceasas,Laranja Pera Gde (11-12 DZ),,variacao_pct,0.0,"0,00",%,change_pct,,pct,spot,,,physical
2026-08-03,laranja,laranja-industria,Laranja Indústria,,,r_a_prazocaixa_408_kg_prazo,31.0,"31,00",R$,price,BRL,,spot,,,physical
2026-08-03,laranja,laranja-industria,Laranja Indústria,,,variacao_pct,1.41,"+1,41",%,change_pct,,pct,spot,,,physical
2026-08-03,laranja,laranja-pera-in-natura,Laranja Pera In Natura,,,caixa_40_8_kg,32.25,"32,25",R$,price,BRL,,spot,,,other
2026-08-03,laranja,laranja-pera-in-natura,Laranja Pera In Natura,,,variacao_pct,-2.24,"-2,24",%,change_pct,,pct,spot,,,other
2026-08-03,laranja,suco-de-laranja-bolsa-de-nova-iorque-nybot,Suco de Laranja - Bolsa de Nova Iorque (NYBOT),,Janeiro/27,fechamento,166.05,"166,05",c/US$/libra peso,price,USD,lb,futures,2027-01,,nybot
2026-08-03,laranja,suco-de-laranja-bolsa-de-nova-iorque-nybot,Suco de Laranja - Bolsa de Nova Iorque (NYBOT),,Janeiro/27,variacao_pontos,3.05,"+3,05",%,change_abs,,pct,futures,2027-01,,nybot
2026-08-03,laranja,suco-de-laranja-bolsa-de-nova-iorque-nybot,Suco de Laranja - Bolsa de Nova Iorque (NYBOT),,Novembro/26,fechamento,162.45,"162,45",c/US$/libra peso,price,USD,lb,futures,2026-11,,nybot
2026-08-03,laranja,suco-de-laranja-bolsa-de-nova-iorque-nybot,Suco de Laranja - Bolsa de Nova Iorque (NYBOT),,Novembro/26,variacao_pontos,3.3,"+3,30",%,change_abs,,pct,futures,2026-11,,nybot
2026-08-03,laranja,suco-de-laranja-bolsa-de-nova-iorque-nybot,Suco de Laranja - Bolsa de Nova Iorque (NYBOT),,Setembro/26,fechamento,158.35,"158,35",c/US$/libra peso,price,USD,lb,futures,2026-09,,nybot
2026-08-03,laranja,suco-de-laranja-bolsa-de-nova-iorque-nybot,Suco de Laranja - Bolsa de Nova Iorque (NYBOT),,Setembro/26,variacao_pontos,3.4,"+3,40",%,change_abs,,pct,futures,2026-09,,nybot
2026-08-04,laranja,laranja-ceasas,Laranja - Ceasas,Laranja Pera (13 a 15 DZ),,preco,1.8,"1,80",R$/Kg,price,BRL,kg,spot,,,physical
2026-08-04,laranja,laranja-ceasas,Laranja - Ceasas,Laranja Pera (13 a 15 DZ),,variacao_pct,2.86,"+2,86",%,change_pct,,pct,spot,,,physical
2026-08-04,laranja,laranja-ceasas,Laranja - Ceasas,Laranja Pera Extra,,preco,1.75,"1,75",R$/Kg,price,BRL,kg,spot,,,physical
2026-08-04,laranja,laranja-ceasas,Laranja - Ceasas,Laranja Pera Extra,,variacao_pct,0.0,"0,00",%,change_pct,,pct,spot,,,physical
2026-08-04,laranja,laranja-ceasas,Laranja - Ceasas,Laranja Pera Gde (11-12 DZ),,preco,2.2,"2,20",R$/Kg,price,BRL,kg,spot,,,physical
2026-08-04,laranja,laranja-ceasas,Laranja - Ceasas,Laranja Pera Gde (11-12 DZ),,variacao_pct,0.0,"0,00",%,change_pct,,pct,spot,,,physical
2026-08-04,laranja,laranja-industria,Laranja Indústria,,,r_a_prazocaixa_408_kg_prazo,31.0,"31,00",R$,price,BRL,,spot,,,physical
2026-08-04,laranja,laranja-industria,Laranja Indústria,,,variacao_pct,0.0,"0,00",%,change_pct,,pct,spot,,,physical
2026-08-04,laranja,laranja-pera-in-natura,Laranja Pera In Natura,,,caixa_40_8_kg,31.3,"31,30",R$,price,BRL,,spot,,,other
2026-08-04,laranja,laranja-pera-in-natura,Laranja Pera In Natura,,,variacao_pct,-2.95,"-2,95",%,change_pct,,pct,spot,,,other
2026-08-04,laranja,suco-de-laranja-bolsa-de-nova-iorque-nybot,Suco de Laranja - Bolsa de Nova Iorque (NYBOT),,Janeiro/27,fechamento,167.05,"167,05",c/US$/libra peso,price,USD,lb,futures,2027-01,,nybot
2026-08-04,laranja,suco-de-laranja-bolsa-de-nova-iorque-nybot,Suco de Laranja - Bolsa de Nova Iorque (NYBOT),,Janeiro/27,variacao_pontos,1.0,"+1,00",%,change_abs,,pct,futures,2027-01,,nybot
2026-08-04,laranja,suco-de-laranja-bolsa-de-nova-iorque-nybot,Suco de Laranja - Bolsa de Nova Iorque (NYBOT),,Novembro/26,fechamento,163.6,"163,60",c/US$/libra peso,price,USD,lb,futures,2026-11,,nybot
2026-08-04,laranja,suco-de-laranja-bolsa-de-nova-iorque-nybot,Suco de Laranja - Bolsa de Nova Iorque (NYBOT),,Novembro/26,variacao_pontos,1.15,"+1,15",%,change_abs,,pct,futures,2026-11,,nybot
2026-08-04,laranja,suco-de-laranja-bolsa-de-nova-iorque-nybot,Suco de Laranja - Bolsa de Nova Iorque (NYBOT),,Setembro/26,fechamento,159.7,"159,70",c/US$/libra peso,price,USD,lb,futures,2026-09,,nybot
2026-08-04,laranja,suco-de-laranja-bolsa-de-nova-iorque-nybot,Suco de Laranja - Bolsa de Nova Iorque (NYBOT),,Setembro/26,variacao_pontos,1.35,"+1,35",%,change_abs,,pct,futures,2026-09,,nybot
2026-08-05,laranja,laranja-ceasas,Laranja - Ceasas,Laranja Pera (13 a 15 DZ),,preco,1.8,"1,80",R$/Kg,price,BRL,kg,spot,,,physical
2026-08-05,laranja,laranja-ceasas,Laranja - Ceasas,Laranja Pera (13 a 15 DZ),,variacao_pct,0.0,"0,00",%,change_pct,,pct,spot,,,physical
2026-08-05,laranja,laranja-ceasas,Laranja - Ceasas,Laranja Pera Extra,,preco,1.75,"1,75",R$/Kg,price,BRL,kg,spot,,,physical
2026-08-05,laranja,laranja-ceasas,Laranja - Ceasas,Laranja Pera Extra,,variacao_pct,0.0,"0,00",%,change_pct,,pct,spot,,,physical
2026-08-05,laranja,laranja-ceasas,Laranja - Ceasas,Laranja Pera Gde (11-12 DZ),,preco,2.2,"2,20",R$/Kg,price,BRL,kg,spot,,,physical
2026-08-05,laranja,laranja-ceasas,Laranja - Ceasas,Laranja Pera Gde (11-12 DZ),,variacao_pct,0.0,"0,00",%,change_pct,,pct,spot,,,physical
2026-08-05,laranja,laranja-industria,Laranja Indústria,,,r_a_prazocaixa_408_kg_prazo,30.93,"30,93",R$,price,BRL,,spot,,,physical
2026-08-05,laranja,laranja-industria,Laranja Indústria,,,variacao_pct,-0.23,"-0,23",%,change_pct,,pct,spot,,,physical
2026-08-05,laranja,laranja-pera-in-natura,Laranja Pera In Natura,,,caixa_40_8_kg,31.38,"31,38",R$,price,BRL,,spot,,,other
2026-08-05,laranja,laranja-pera-in-natura,Laranja Pera In Natura,,,variacao_pct,0.26,"+0,26",%,change_pct,,pct,spot,,,other
2026-08-05,laranja,suco-de-laranja-bolsa-de-nova-iorque-nybot,Suco de Laranja - Bolsa de Nova Iorque (NYBOT),,Janeiro/27,fechamento,164.9,"164,90",c/US$/libra peso,price,USD,lb,futures,2027-01,,nybot
2026-08-05,laranja,suco-de-laranja-bolsa-de-nova-iorque-nybot,Suco de Laranja - Bolsa de Nova Iorque (NYBOT),,Janeiro/27,variacao_pontos,-2.15,"-2,15",%,change_abs,,pct,futures,2027-01,,nybot
2026-08-05,laranja,suco-de-laranja-bolsa-de-nova-iorque-nybot,Suco de Laranja - Bolsa de Nova Iorque (NYBOT),,Novembro/26,fechamento,161.1,"161,10",c/US$/libra peso,price,USD,lb,futures,2026-11,,nybot
2026-08-05,laranja,suco-de-laranja-bolsa-de-nova-iorque-nybot,Suco de Laranja - Bolsa de Nova Iorque (NYBOT),,Novembro/26,variacao_pontos,-2.5,"-2,50",%,change_abs,,pct,futures,2026-11,,nybot
2026-08-05,laranja,suco-de-laranja-bolsa-de-nova-iorque-nybot,Suco de Laranja - Bolsa de Nova Iorque (NYBOT),,Setembro/26,fechamento,157.7,"157,70",c/US$/libra peso,price,USD,lb,futures,2026-09,,nybot
2026-08-05,laranja,suco-de-laranja-bolsa-de-nova-iorque-nybot,Suco de Laranja - Bolsa de Nova Iorque (NYBOT),,Setembro/26,variacao_pontos,-2.0,"-2,00",%,change_abs,,pct,futures,2026-09,,nybot
2026-08-06,laranja,laranja-ceasas,Laranja - Ceasas,Laranja Pera (13 a 15 DZ),,preco,1.81,"1,81",R$/Kg,price,BRL,kg,spot,,,physical
2026-08-06,laranja,laranja-ceasas,Laranja - Ceasas,Laranja Pera (13 a 15 DZ),,variacao_pct,0.56,"+0,56",%,change_pct,,pct,spot,,,physical
2026-08-06,laranja,laranja-ceasas,Laranja - Ceasas,Laranja Pera Extra,,preco,1.75,"1,75",R$/Kg,price,BRL,kg,spot,,,physical
2026-08-06,laranja,laranja-ceasas,Laranja - Ceasas,Laranja Pera Extra,,variacao_pct,0.0,"0,00",%,change_pct,,pct,spot,,,physical
2026-08-06,laranja,laranja-ceasas,Laranja - Ceasas,Laranja Pera Gde (11-12 DZ),,preco,2.2,"2,20",R$/Kg,price,BRL,kg,spot,,,physical
2026-08-06,laranja,laranja-ceasas,Laranja - Ceasas,Laranja Pera Gde (11-12 DZ),,variacao_pct,0.0,"0,00",%,change_pct,,pct,spot,,,physical
2026-08-06,laranja,laranja-industria,Laranja Indústria,,,r_a_prazocaixa_408_kg_prazo,31.08,"31,08",R$,price,BRL,,spot,,,physical
2026-08-06,laranja,laranja-industria,Laranja Indústria,,,variacao_pct,0.48,"+0,48",%,change_pct,,pct,spot,,,physical
2026-08-06,laranja,laranja-pera-in-natura,Laranja Pera In Natura,,,caixa_40_8_kg,31.67,"31,67",R$,price,BRL,,spot,,,other
2026-08-06,laranja,laranja-pera-in-natura,Laranja Pera In Natura,,,variacao_pct,0.92,"+0,92",%,change_pct,,pct,spot,,,other
2026-08-06,laranja,suco-de-laranja-bolsa-de-nova-iorque-nybot,Suco de Laranja - Bolsa de Nova Iorque (NYBOT),,Janeiro/27,fechamento,158.45,"158,45",c/US$/libra peso,price,USD,lb,futures,2027-01,,nybot
2026-08-06,laranja,suco-de-laranja-bolsa-de-nova-iorque-nybot,Suco de Laranja - Bolsa de Nova Iorque (NYBOT),,Janeiro/27,variacao_pontos,-6.45,"-6,45",%,change_abs,,pct,futures,2027-01,,nybot
2026-08-06,laranja,suco-de-laranja-bolsa-de-nova-iorque-nybot,Suco de Laranja - Bolsa de Nova Iorque (NYBOT),,Novembro/26,fechamento,154.55,"154,55",c/US$/libra peso,price,USD,lb,futures,2026-11,,nybot
2026-08-06,laranja,suco-de-laranja-bolsa-de-nova-iorque-nybot,Suco de Laranja - Bolsa de Nova Iorque (NYBOT),,Novembro/26,variacao_pontos,-6.55,"-6,55",%,change_abs,,pct,futures,2026-11,,nybot
2026-08-06,laranja,suco-de-laranja-bolsa-de-nova-iorque-nybot,Suco de Laranja - Bolsa de Nova Iorque (NYBOT),,Setembro/26,fechamento,151.4,"151,40",c/US$/libra peso,price,USD,lb,futures,2026-09,,nybot
2026-08-06,laranja,suco-de-laranja-bolsa-de-nova-iorque-nybot,Suco de Laranja - Bolsa de Nova Iorque (NYBOT),,Setembro/26,variacao_pontos,-6.3,"-6,30",%,change_abs,,pct,futures,2026-09,,nybot
2026-08-07,laranja,laranja-ceasas,Laranja - Ceasas,Laranja Pera (13 a 15 DZ),,preco,1.81,"1,81",R$/Kg,price,BRL,kg,spot,,,physical
2026-08-07,laranja,laranja-ceasas,Laranja - Ceasas,Laranja Pera (13 a 15 DZ),,variacao_pct,0.0,"0,00",%,change_pct,,pct,spot,,,physical
2026-08-07,laranja,laranja-ceasas,Laranja - Ceasas,Laranja Pera Extra,,preco,1.75,"1,75",R$/Kg,price,BRL,kg,spot,,,physical
2026-08-07,laranja,laranja-ceasas,Laranja - Ceasas,Laranja Pera Extra,,variacao_pct,0.0,"0,00",%,change_pct,,pct,spot,,,physical
2026-08-07,laranja,laranja-ceasas,Laranja - Ceasas,Laranja Pera Gde (11-12 DZ),,preco,2.2,"2,20",R$/Kg,price,BRL,kg,spot,,,physical
2026-08-07,laranja,laranja-ceasas,Laranja - Ceasas,Laranja Pera Gde (11-12 DZ),,variacao_pct,0.0,"0,00",%,change_pct,,pct,spot,,,physical
2026-08-07,laranja,laranja-industria,Laranja Indústria,,,r_a_prazocaixa_408_kg_prazo,31.08,"31,08",R$,price,BRL,,spot,,,physical
2026-08-07,laranja,laranja-industria,Laranja Indústria,,,variacao_pct,0.0,"0,00",%,change_pct,,pct,spot,,,physical
2026-08-07,laranja,laranja-pera-in-natura,Laranja Pera In Natura,,,caixa_40_8_kg,31.61,"31,61",R$,price,BRL,,spot,,,other
2026-08-07,laranja,laranja-pera-in-natura,Laranja Pera In Natura,,,variacao_pct,-0.19,"-0,19",%,change_pct,,pct,spot,,,other
2026-08-07,laranja,suco-de-laranja-bolsa-de-nova-iorque-nybot,Suco de Laranja - Bolsa de Nova Iorque (NYBOT),,Janeiro/27,fechamento,148.65,"148,65",c/US$/libra peso,price,USD,lb,futures,2027-01,,nybot
2026-08-07,laranja,suco-de-laranja-bolsa-de-nova-iorque-nybot,Suco de Laranja - Bolsa de Nova Iorque (NYBOT),,Janeiro/27,variacao_pontos,-9.8,"-9,80",%,change_abs,,pct,futures,2027-01,,nybot
2026-08-07,laranja,suco-de-laranja-bolsa-de-nova-iorque-nybot,Suco de Laranja - Bolsa de Nova Iorque (NYBOT),,Novembro/26,fechamento,144.75,"144,75",c/US$/libra peso,price,USD,lb,futures,2026-11,,nybot
2026-08-07,laranja,suco-de-laranja-bolsa-de-nova-iorque-nybot,Suco de Laranja - Bolsa de Nova Iorque (NYBOT),,Novembro/26,variacao_pontos,-9.8,"-9,80",%,change_abs,,pct,futures,2026-11,,nybot
2026-08-07,laranja,suco-de-laranja-bolsa-de-nova-iorque-nybot,Suco de Laranja - Bolsa de Nova Iorque (NYBOT),,Setembro/26,fechamento,142.55,"142,55",c/US$/libra peso,price,USD,lb,futures,2026-09,,nybot
2026-08-07,laranja,suco-de-laranja-bolsa-de-nova-iorque-nybot,Suco de Laranja - Bolsa de Nova Iorque (NYBOT),,Setembro/26,variacao_pontos,-8.85,"-8,85",%,change_abs,,pct,futures,2026-09,,nybot
2026-08-10,laranja,laranja-ceasas,Laranja - Ceasas,Laranja Pera (13 a 15 DZ),,preco,1.81,"1,81",R$/Kg,price,BRL,kg,spot,,,physical
2026-08-10,laranja,laranja-ceasas,Laranja - Ceasas,Laranja Pera (13 a 15 DZ),,variacao_pct,0.0,"0,00",%,change_pct,,pct,spot,,,physical
2026-08-10,laranja,laranja-ceasas,Laranja - Ceasas,Laranja Pera Extra,,preco,1.75,"1,75",R$/Kg,price,BRL,kg,spot,,,physical
2026-08-10,laranja,laranja-ceasas,Laranja - Ceasas,Laranja Pera Extra,,variacao_pct,0.0,"0,00",%,change_pct,,pct,spot,,,physical
2026-08-10,laranja,laranja-ceasas,Laranja - Ceasas,Laranja Pera Gde (11-12 DZ),,preco,2.2,"2,20",R$/Kg,price,BRL,kg,spot,,,physical
2026-08-10,laranja,laranja-ceasas,Laranja - Ceasas,Laranja Pera Gde (11-12 DZ),,variacao_pct,0.0,"0,00",%,change_pct,,pct,spot,,,physical
2026-08-10,laranja,laranja-industria,Laranja Indústria,,,r_a_prazocaixa_408_kg_prazo,31.08,"31,08",R$,price,BRL,,spot,,,physical
2026-08-10,laranja,laranja-industria,Laranja Indústria,,,variacao_pct,0.0,"0,00",%,change_pct,,pct,spot,,,physical
2026-08-10,laranja,laranja-pera-in-natura,Laranja Pera In Natura,,,caixa_40_8_kg,31.85,"31,85",R$,price,BRL,,spot,,,other
2026-08-10,laranja,laranja-pera-in-natura,Laranja Pera In Natura,,,variacao_pct,0.76,"+0,76",%,change_pct,,pct,spot,,,other
2026-08-10,laranja,suco-de-laranja-bolsa-de-nova-iorque-nybot,Suco de Laranja - Bolsa de Nova Iorque (NYBOT),,Janeiro/27,fechamento,148.35,"148,35",c/US$/libra peso,price,USD,lb,futures,2027-01,,nybot
2026-08-10,laranja,suco-de-laranja-bolsa-de-nova-iorque-nybot,Suco de Laranja - Bolsa de Nova Iorque (NYBOT),,Janeiro/27,variacao_pontos,-0.3,"-0,30",%,change_abs,,pct,futures,2027-01,,nybot
2026-08-10,laranja,suco-de-laranja-bolsa-de-nova-iorque-nybot,Suco de Laranja - Bolsa de Nova Iorque (NYBOT),,Novembro/26,fechamento,144.55,"144,55",c/US$/libra peso,price,USD,lb,futures,2026-11,,nybot
2026-08-10,laranja,suco-de-laranja-bolsa-de-nova-iorque-nybot,Suco de Laranja - Bolsa de Nova Iorque (NYBOT),,Novembro/26,variacao_pontos,-0.2,"-0,20",%,change_abs,,pct,futures,2026-11,,nybot
2026-08-10,laranja,suco-de-laranja-bolsa-de-nova-iorque-nybot,Suco de Laranja - Bolsa de Nova Iorque (NYBOT),,Setembro/26,fechamento,141.85,"141,85",c/US$/libra peso,price,USD,lb,futures,2026-09,,nybot
2026-08-10,laranja,suco-de-laranja-bolsa-de-nova-iorque-nybot,Suco de Laranja - Bolsa de Nova Iorque (NYBOT),,Setembro/26,variacao_pontos,-0.7,"-0,70",%,change_abs,,pct,futures,2026-09,,nybot
2026-08-11,laranja,laranja-ceasas,Laranja - Ceasas,Laranja Pera (13 a 15 DZ),,preco,1.76,"1,76",R$/Kg,price,BRL,kg,spot,,,physical
2026-08-11,laranja,laranja-ceasas,Laranja - Ceasas,Laranja Pera (13 a 15 DZ),,variacao_pct,-2.76,"-2,76",%,change_pct,,pct,spot,,,physical
2026-08-11,laranja,laranja-ceasas,Laranja - Ceasas,Laranja Pera Extra,,preco,1.75,"1,75",R$/Kg,price,BRL,kg,spot,,,physical
2026-08-11,laranja,laranja-ceasas,Laranja - Ceasas,Laranja Pera Extra,,variacao_pct,0.0,"0,00",%,change_pct,,pct,spot,,,physical
2026-08-11,laranja,laranja-ceasas,Laranja - Ceasas,Laranja Pera Gde (11-12 DZ),,preco,2.2,"2,20",R$/Kg,price,BRL,kg,spot,,,physical
2026-08-11,laranja,laranja-ceasas,Laranja - Ceasas,Laranja Pera Gde (11-12 DZ),,variacao_pct,0.0,"0,00",%,change_pct,,pct,spot,,,physical
2026-08-11,laranja,laranja-industria,Laranja Indústria,,,r_a_prazocaixa_408_kg_prazo,31.08,"31,08",R$,price,BRL,,spot,,,physical
2026-08-11,laranja,laranja-industria,Laranja Indústria,,,variacao_pct,0.0,"0,00",%,change_pct,,pct,spot,,,physical
2026-08-11,laranja,laranja-pera-in-natura,Laranja Pera In Natura,,,caixa_40_8_kg,31.62,"31,62",R$,price,BRL,,spot,,,other
2026-08-11,laranja,laranja-pera-in-natura,Laranja Pera In Natura,,,variacao_pct,-0.72,"-0,72",%,change_pct,,pct,spot,,,other
2026-08-11,laranja,suco-de-laranja-bolsa-de-nova-iorque-nybot,Suco de Laranja - Bolsa de Nova Iorque (NYBOT),,Janeiro/27,fechamento,145.9,"145,90",c/US$/libra peso,price,USD,lb,futures,2027-01,,nybot
2026-08-11,laranja,suco-de-laranja-bolsa-de-nova-iorque-nybot,Suco de Laranja - Bolsa de Nova Iorque (NYBOT),,Janeiro/27,variacao_pontos,-2.45,"-2,45",%,change_abs,,pct,futures,2027-01,,nybot
2026-08-11,laranja,suco-de-laranja-bolsa-de-nova-iorque-nybot,Suco de Laranja - Bolsa de Nova Iorque (NYBOT),,Novembro/26,fechamento,142.1,"142,10",c/US$/libra peso,price,USD,lb,futures,2026-11,,nybot
2026-08-11,laranja,suco-de-laranja-bolsa-de-nova-iorque-nybot,Suco de Laranja - Bolsa de Nova Iorque (NYBOT),,Novembro/26,variacao_pontos,-2.45,"-2,45",%,change_abs,,pct,futures,2026-11,,nybot
2026-08-11,laranja,suco-de-laranja-bolsa-de-nova-iorque-nybot,Suco de Laranja - Bolsa de Nova Iorque (NYBOT),,Setembro/26,fechamento,139.2,"139,20",c/US$/libra peso,price,USD,lb,futures,2026-09,,nybot
2026-08-11,laranja,suco-de-laranja-bolsa-de-nova-iorque-nybot,Suco de Laranja - Bolsa de Nova Iorque (NYBOT),,Setembro/26,variacao_pontos,-2.65,"-2,65",%,change_abs,,pct,futures,2026-09,,nybot
2026-08-12,laranja,laranja-ceasas,Laranja - Ceasas,Laranja Pera (13 a 15 DZ),,preco,1.76,"1,76",R$/Kg,price,BRL,kg,spot,,,physical
2026-08-12,laranja,laranja-ceasas,Laranja - Ceasas,Laranja Pera (13 a 15 DZ),,variacao_pct,0.0,"0,00",%,change_pct,,pct,spot,,,physical
2026-08-12,laranja,laranja-ceasas,Laranja - Ceasas,Laranja Pera Extra,,preco,1.9,"1,90",R$/Kg,price,BRL,kg,spot,,,physical
2026-08-12,laranja,laranja-ceasas,Laranja - Ceasas,Laranja Pera Extra,,variacao_pct,8.57,"+8,57",%,change_pct,,pct,spot,,,physical
2026-08-12,laranja,laranja-ceasas,Laranja - Ceasas,Laranja Pera Gde (11-12 DZ),,preco,2.2,"2,20",R$/Kg,price,BRL,kg,spot,,,physical
2026-08-12,laranja,laranja-ceasas,Laranja - Ceasas,Laranja Pera Gde (11-12 DZ),,variacao_pct,0.0,"0,00",%,change_pct,,pct,spot,,,physical
2026-08-12,laranja,laranja-industria,Laranja Indústria,,,r_a_prazocaixa_408_kg_prazo,30.8,"30,80",R$,price,BRL,,spot,,,physical
2026-08-12,laranja,laranja-industria,Laranja Indústria,,,variacao_pct,-0.9,"-0,90",%,change_pct,,pct,spot,,,physical
2026-08-12,laranja,laranja-pera-in-natura,Laranja Pera In Natura,,,caixa_40_8_kg,31.29,"31,29",R$,price,BRL,,spot,,,other
2026-08-12,laranja,laranja-pera-in-natura,Laranja Pera In Natura,,,variacao_pct,-1.04,"-1,04",%,change_pct,,pct,spot,,,other
2026-08-12,laranja,suco-de-laranja-bolsa-de-nova-iorque-nybot,Suco de Laranja - Bolsa de Nova Iorque (NYBOT),,Janeiro/27,fechamento,145.65,"145,65",c/US$/libra peso,price,USD,lb,futures,2027-01,,nybot
2026-08-12,laranja,suco-de-laranja-bolsa-de-nova-iorque-nybot,Suco de Laranja - Bolsa de Nova Iorque (NYBOT),,Janeiro/27,variacao_pontos,-0.25,"-0,25",%,change_abs,,pct,futures,2027-01,,nybot
2026-08-12,laranja,suco-de-laranja-bolsa-de-nova-iorque-nybot,Suco de Laranja - Bolsa de Nova Iorque (NYBOT),,Novembro/26,fechamento,141.9,"141,90",c/US$/libra peso,price,USD,lb,futures,2026-11,,nybot
2026-08-12,laranja,suco-de-laranja-bolsa-de-nova-iorque-nybot,Suco de Laranja - Bolsa de Nova Iorque (NYBOT),,Novembro/26,variacao_pontos,-0.2,"-0,20",%,change_abs,,pct,futures,2026-11,,nybot
2026-08-12,laranja,suco-de-laranja-bolsa-de-nova-iorque-nybot,Suco de Laranja - Bolsa de Nova Iorque (NYBOT),,Setembro/26,fechamento,138.25,"138,25",c/US$/libra peso,price,USD,lb,futures,2026-09,,nybot
2026-08-12,laranja,suco-de-laranja-bolsa-de-nova-iorque-nybot,Suco de Laranja - Bolsa de Nova Iorque (NYBOT),,Setembro/26,variacao_pontos,-0.95,"-0,95",%,change_abs,,pct,futures,2026-09,,nybot
2026-08-13,laranja,laranja-ceasas,Laranja - Ceasas,Laranja Pera (13 a 15 DZ),,preco,1.8,"1,80",R$/Kg,price,BRL,kg,spot,,,physical
2026-08-13,laranja,laranja-ceasas,Laranja - Ceasas,Laranja Pera (13 a 15 DZ),,variacao_pct,2.27,"+2,27",%,change_pct,,pct,spot,,,physical
2026-08-13,laranja,laranja-ceasas,Laranja - Ceasas,Laranja Pera Extra,,preco,1.9,"1,90",R$/Kg,price,BRL,kg,spot,,,physical
2026-08-13,laranja,laranja-ceasas,Laranja - Ceasas,Laranja Pera Extra,,variacao_pct,0.0,"0,00",%,change_pct,,pct,spot,,,physical
2026-08-13,laranja,laranja-ceasas,Laranja - Ceasas,Laranja Pera Gde (11-12 DZ),,preco,2.2,"2,20",R$/Kg,price,BRL,kg,spot,,,physical
2026-08-13,laranja,laranja-ceasas,Laranja - Ceasas,Laranja Pera Gde (11-12 DZ),,variacao_pct,0.0,"0,00",%,change_pct,,pct,spot,,,physical
2026-08-13,laranja,laranja-industria,Laranja Indústria,,,r_a_prazocaixa_408_kg_prazo,30.8,"30,80",R$,price,BRL,,spot,,,physical
2026-08-13,laranja,laranja-industria,Laranja Indústria,,,variacao_pct,0.0,"0,00",%,change_pct,,pct,spot,,,physical
2026-08-13,laranja,laranja-pera-in-natura,Laranja Pera In Natura,,,caixa_40_8_kg,30.53,"30,53",R$,price,BRL,,spot,,,other
2026-08-13,laranja,laranja-pera-in-natura,Laranja Pera In Natura,,,variacao_pct,-2.43,"-2,43",%,change_pct,,pct,spot,,,other
2026-08-13,laranja,suco-de-laranja-bolsa-de-nova-iorque-nybot,Suco de Laranja - Bolsa de Nova Iorque (NYBOT),,Janeiro/27,fechamento,144.6,"144,60",c/US$/libra peso,price,USD,lb,futures,2027-01,,nybot
2026-08-13,laranja,suco-de-laranja-bolsa-de-nova-iorque-nybot,Suco de Laranja - Bolsa de Nova Iorque (NYBOT),,Janeiro/27,variacao_pontos,-1.05,"-1,05",%,change_abs,,pct,futures,2027-01,,nybot
2026-08-13,laranja,suco-de-laranja-bolsa-de-nova-iorque-nybot,Suco de Laranja - Bolsa de Nova Iorque (NYBOT),,Novembro/26,fechamento,141.15,"141,15",c/US$/libra peso,price,USD,lb,futures,2026-11,,nybot
2026-08-13,laranja,suco-de-laranja-bolsa-de-nova-iorque-nybot,Suco de Laranja - Bolsa de Nova Iorque (NYBOT),,Novembro/26,variacao_pontos,-0.75,"-0,75",%,change_abs,,pct,futures,2026-11,,nybot
2026-08-13,laranja,suco-de-laranja-bolsa-de-nova-iorque-nybot,Suco de Laranja - Bolsa de Nova Iorque (NYBOT),,Setembro/26,fechamento,139.55,"139,55",c/US$/libra peso,price,USD,lb,futures,2026-09,,nybot
2026-08-13,laranja,suco-de-laranja-bolsa-de-nova-iorque-nybot,Suco de Laranja - Bolsa de Nova Iorque (NYBOT),,Setembro/26,variacao_pontos,1.3,"+1,30",%,change_abs,,pct,futures,2026-09,,nybot
2026-08-14,laranja,laranja-ceasas,Laranja - Ceasas,Laranja Pera (13 a 15 DZ),,preco,1.8,"1,80",R$/Kg,price,BRL,kg,spot,,,physical
2026-08-14,laranja,laranja-ceasas,Laranja - Ceasas,Laranja Pera (13 a 15 DZ),,variacao_pct,0.0,"0,00",%,change_pct,,pct,spot,,,physical
2026-08-14,laranja,laranja-ceasas,Laranja - Ceasas,Laranja Pera Extra,,preco,1.9,"1,90",R$/Kg,price,BRL,kg,spot,,,physical
2026-08-14,laranja,laranja-ceasas,Laranja - Ceasas,Laranja Pera Extra,,variacao_pct,0.0,"0,00",%,change_pct,,pct,spot,,,physical
2026-08-14,laranja,laranja-ceasas,Laranja - Ceasas,Laranja Pera Gde (11-12 DZ),,preco,2.2,"2,20",R$/Kg,price,BRL,kg,spot,,,physical
2026-08-14,laranja,laranja-ceasas,Laranja - Ceasas,Laranja Pera Gde (11-12 DZ),,variacao_pct,0.0,"0,00",%,change_pct,,pct,spot,,,physical
2026-08-14,laranja,laranja-industria,Laranja Indústria,,,r_a_prazocaixa_408_kg_prazo,30.8,"30,80",R$,price,BRL,,spot,,,physical
2026-08-14,laranja,laranja-industria,Laranja Indústria,,,variacao_pct,0.0,"0,00",%,change_pct,,pct,spot,,,physical
2026-08-14,laranja,laranja-pera-in-natura,Laranja Pera In Natura,,,caixa_40_8_kg,30.85,"30,85",R$,price,BRL,,spot,,,other
2026-08-14,laranja,laranja-pera-in-natura,Laranja Pera In Natura,,,variacao_pct,1.05,"+1,05",%,change_pct,,pct,spot,,,other
2026-08-14,laranja,suco-de-laranja-bolsa-de-nova-iorque-nybot,Suco de Laranja - Bolsa de Nova Iorque (NYBOT),,Janeiro/27,fechamento,151.5,"151,50",c/US$/libra peso,price,USD,lb,futures,2027-01,,nybot
2026-08-14,laranja,suco-de-laranja-bolsa-de-nova-iorque-nybot,Suco de Laranja - Bolsa de Nova Iorque (NYBOT),,Janeiro/27,variacao_pontos,6.9,"+6,90",%,change_abs,,pct,futures,2027-01,,nybot
2026-08-14,laranja,suco-de-laranja-bolsa-de-nova-iorque-nybot,Suco de Laranja - Bolsa de Nova Iorque (NYBOT),,Novembro/26,fechamento,148.25,"148,25",c/US$/libra peso,price,USD,lb,futures,2026-11,,nybot
2026-08-14,laranja,suco-de-laranja-bolsa-de-nova-iorque-nybot,Suco de Laranja - Bolsa de Nova Iorque (NYBOT),,Novembro/26,variacao_pontos,7.1,"+7,10",%,change_abs,,pct,futures,2026-11,,nybot
2026-08-14,laranja,suco-de-laranja-bolsa-de-nova-iorque-nybot,Suco de Laranja - Bolsa de Nova Iorque (NYBOT),,Setembro/26,fechamento,145.05,"145,05",c/US$/libra peso,price,USD,lb,futures,2026-09,,nybot
2026-08-14,laranja,suco-de-laranja-bolsa-de-nova-iorque-nybot,Suco de Laranja - Bolsa de Nova Iorque (NYBOT),,Setembro/26,variacao_pontos,5.5,"+5,50",%,change_abs,,pct,futures,2026-09,,nybot
2026-08-17,laranja,laranja-ceasas,Laranja - Ceasas,Laranja Pera (13 a 15 DZ),,preco,1.79,"1,79",R$/Kg,price,BRL,kg,spot,,,physical
2026-08-17,laranja,laranja-ceasas,Laranja - Ceasas,Laranja Pera (13 a 15 DZ),,variacao_pct,-0.56,"-0,56",%,change_pct,,pct,spot,,,physical
2026-08-17,laranja,laranja-ceasas,Laranja - Ceasas,Laranja Pera Extra,,preco,1.9,"1,90",R$/Kg,price,BRL,kg,spot,,,physical
2026-08-17,laranja,laranja-ceasas,Laranja - Ceasas,Laranja Pera Extra,,variacao_pct,0.0,"0,00",%,change_pct,,pct,spot,,,physical
2026-08-17,laranja,laranja-ceasas,Laranja - Ceasas,Laranja Pera Gde (11-12 DZ),,preco,2.2,"2,20",R$/Kg,price,BRL,kg,spot,,,physical
2026-08-17,laranja,laranja-ceasas,Laranja - Ceasas,Laranja Pera Gde (11-12 DZ),,variacao_pct,0.0,"0,00",%,change_pct,,pct,spot,,,physical
2026-08-17,laranja,laranja-industria,Laranja Indústria,,,r_a_prazocaixa_408_kg_prazo,30.8,"30,80",R$,price,BRL,,spot,,,physical
2026-08-17,laranja,laranja-industria,Laranja Indústria,,,variacao_pct,0.0,"0,00",%,change_pct,,pct,spot,,,physical
2026-08-17,laranja,laranja-pera-in-natura,Laranja Pera In Natura,,,caixa_40_8_kg,30.94,"30,94",R$,price,BRL,,spot,,,other
2026-08-17,laranja,laranja-pera-in-natura,Laranja Pera In Natura,,,variacao_pct,0.29,"+0,29",%,change_pct,,pct,spot,,,other
2026-08-17,laranja,suco-de-laranja-bolsa-de-nova-iorque-nybot,Suco de Laranja - Bolsa de Nova Iorque (NYBOT),,Janeiro/27,fechamento,153.2,"153,20",c/US$/libra peso,price,USD,lb,futures,2027-01,,nybot
2026-08-17,laranja,suco-de-laranja-bolsa-de-nova-iorque-nybot,Suco de Laranja - Bolsa de Nova Iorque (NYBOT),,Janeiro/27,variacao_pontos,1.7,"+1,70",%,change_abs,,pct,futures,2027-01,,nybot
2026-08-17,laranja,suco-de-laranja-bolsa-de-nova-iorque-nybot,Suco de Laranja - Bolsa de Nova Iorque (NYBOT),,Novembro/26,fechamento,149.8,"149,80",c/US$/libra peso,price,USD,lb,futures,2026-11,,nybot
2026-08-17,laranja,suco-de-laranja-bolsa-de-nova-iorque-nybot,Suco de Laranja - Bolsa de Nova Iorque (NYBOT),,Novembro/26,variacao_pontos,1.55,"+1,55",%,change_abs,,pct,futures,2026-11,,nybot
2026-08-17,laranja,suco-de-laranja-bolsa-de-nova-iorque-nybot,Suco de Laranja - Bolsa de Nova Iorque (NYBOT),,Setembro/26,fechamento,146.8,"146,80",c/US$/libra peso,price,USD,lb,futures,2026-09,,nybot
2026-08-17,laranja,suco-de-laranja-bolsa-de-nova-iorque-nybot,Suco de Laranja - Bolsa de Nova Iorque (NYBOT),,Setembro/26,variacao_pontos,1.75,"+1,75",%,change_abs,,pct,futures,2026-09,,nybot
2026-08-18,laranja,laranja-ceasas,Laranja - Ceasas,Laranja Pera (13 a 15 DZ),,preco,1.71,"1,71",R$/Kg,price,BRL,kg,spot,,,physical
2026-08-18,laranja,laranja-ceasas,Laranja - Ceasas,Laranja Pera (13 a 15 DZ),,variacao_pct,-4.47,"-4,47",%,change_pct,,pct,spot,,,physical
2026-08-18,laranja,laranja-ceasas,Laranja - Ceasas,Laranja Pera Extra,,preco,1.9,"1,90",R$/Kg,price,BRL,kg,spot,,,physical
2026-08-18,laranja,laranja-ceasas,Laranja - Ceasas,Laranja Pera Extra,,variacao_pct,0.0,"0,00",%,change_pct,,pct,spot,,,physical
2026-08-18,laranja,laranja-ceasas,Laranja - Ceasas,Laranja Pera Gde (11-12 DZ),,preco,2.2,"2,20",R$/Kg,price,BRL,kg,spot,,,physical
2026-08-18,laranja,laranja-ceasas,Laranja - Ceasas,Laranja Pera Gde (11-12 DZ),,variacao_pct,0.0,"0,00",%,change_pct,,pct,spot,,,physical
2026-08-18,laranja,laranja-industria,Laranja Indústria,,,r_a_prazocaixa_408_kg_prazo,30.8,"30,80",R$,price,BRL,,spot,,,physical
2026-08-18,laranja,laranja-industria,Laranja Indústria,,,variacao_pct,0.0,"0,00",%,change_pct,,pct,spot,,,physical
2026-08-18,laranja,laranja-pera-in-natura,Laranja Pera In Natura,,,caixa_40_8_kg,31.31,"31,31",R$,price,BRL,,spot,,,other
2026-08-18,laranja,laranja-pera-in-natura,Laranja Pera In Natura,,,variacao_pct,1.2,"+1,20",%,change_pct,,pct,spot,,,other
2026-08-18,laranja,suco-de-laranja-bolsa-de-nova-iorque-nybot,Suco de Laranja - Bolsa de Nova Iorque (NYBOT),,Janeiro/27,fechamento,154.1,"154,10",c/US$/libra peso,price,USD,lb,futures,2027-01,,nybot
2026-08-18,laranja,suco-de-laranja-bolsa-de-nova-iorque-nybot,Suco de Laranja - Bolsa de Nova Iorque (NYBOT),,Janeiro/27,variacao_pontos,0.9,"+0,90",%,change_abs,,pct,futures,2027-01,,nybot
2026-08-18,laranja,suco-de-laranja-bolsa-de-nova-iorque-nybot,Suco de Laranja - Bolsa de Nova Iorque (NYBOT),,Novembro/26,fechamento,150.75,"150,75",c/US$/libra peso,price,USD,lb,futures,2026-11,,nybot
2026-08-18,laranja,suco-de-laranja-bolsa-de-nova-iorque-nybot,Suco de Laranja - Bolsa de Nova Iorque (NYBOT),,Novembro/26,variacao_pontos,0.95,"+0,95",%,change_abs,,pct,futures,2026-11,,nybot
2026-08-18,laranja,suco-de-laranja-bolsa-de-nova-iorque-nybot,Suco de Laranja - Bolsa de Nova Iorque (NYBOT),,Setembro/26,fechamento,146.9,"146,90",c/US$/libra peso,price,USD,lb,futures,2026-09,,nybot
2026-08-18,laranja,suco-de-laranja-bolsa-de-nova-iorque-nybot,Suco de Laranja - Bolsa de Nova Iorque (NYBOT),,Setembro/26,variacao_pontos,0.1,"+0,10",%,change_abs,,pct,futures,2026-09,,nybot
2026-08-19,laranja,laranja-ceasas,Laranja - Ceasas,Laranja Pera (13 a 15 DZ),,preco,1.71,"1,71",R$/Kg,price,BRL,kg,spot,,,physical
2026-08-19,laranja,laranja-ceasas,Laranja - Ceasas,Laranja Pera (13 a 15 DZ),,variacao_pct,0.0,"0,00",%,change_pct,,pct,spot,,,physical
2026-08-19,laranja,laranja-ceasas,Laranja - Ceasas,Laranja Pera Extra,,preco,1.9,"1,90",R$/Kg,price,BRL,kg,spot,,,physical
2026-08-19,laranja,laranja-ceasas,Laranja - Ceasas,Laranja Pera Extra,,variacao_pct,0.0,"0,00",%,change_pct,,pct,spot,,,physical
2026-08-19,laranja,laranja-ceasas,Laranja - Ceasas,Laranja Pera Gde (11-12 DZ),,preco,2.2,"2,20",R$/Kg,price,BRL,kg,spot,,,physical
2026-08-19,laranja,laranja-ceasas,Laranja - Ceasas,Laranja Pera Gde (11-12 DZ),,variacao_pct,0.0,"0,00",%,change_pct,,pct,spot,,,physical
2026-08-19,laranja,laranja-industria,Laranja Indústria,,,r_a_prazocaixa_408_kg_prazo,30.8,"30,80",R$,price,BRL,,spot,,,physical
2026-08-19,laranja,laranja-industria,Laranja Indústria,,,variacao_pct,0.0,"0,00",%,change_pct,,pct,spot,,,physical
2026-08-19,laranja,laranja-pera-in-natura,Laranja Pera In Natura,,,caixa_40_8_kg,30.66,"30,66",R$,price,BRL,,spot,,,other
2026-08-19,laranja,laranja-pera-in-natura,Laranja Pera In Natura,,,variacao_pct,-2.08,"-2,08",%,change_pct,,pct,spot,,,other
2026-08-19,laranja,suco-de-laranja-bolsa-de-nova-iorque-nybot,Suco de Laranja - Bolsa de Nova Iorque (NYBOT),,Janeiro/27,fechamento,152.7,"152,70",c/US$/libra peso,price,USD,lb,futures,2027-01,,nybot
2026-08-19,laranja,suco-de-laranja-bolsa-de-nova-iorque-nybot,Suco de Laranja - Bolsa de Nova Iorque (NYBOT),,Janeiro/27,variacao_pontos,-1.4,"-1,40",%,change_abs,,pct,futures,2027-01,,nybot
2026-08-19,laranja,suco-de-laranja-bolsa-de-nova-iorque-nybot,Suco de Laranja - Bolsa de Nova Iorque (NYBOT),,Novembro/26,fechamento,149.9,"149,90",c/US$/libra peso,price,USD,lb,futures,2026-11,,nybot
2026-08-19,laranja,suco-de-laranja-bolsa-de-nova-iorque-nybot,Suco de Laranja - Bolsa de Nova Iorque (NYBOT),,Novembro/26,variacao_pontos,-0.85,"-0,85",%,change_abs,,pct,futures,2026-11,,nybot
2026-08-19,laranja,suco-de-laranja-bolsa-de-nova-iorque-nybot,Suco de Laranja - Bolsa de Nova Iorque (NYBOT),,Setembro/26,fechamento,147.1,"147,10",c/US$/libra peso,price,USD,lb,futures,2026-09,,nybot
2026-08-19,laranja,suco-de-laranja-bolsa-de-nova-iorque-nybot,Suco de Laranja - Bolsa de Nova Iorque (NYBOT),,Setembro/26,variacao_pontos,0.2,"+0,20",%,change_abs,,pct,futures,2026-09,,nybot
2026-08-20,laranja,laranja-ceasas,Laranja - Ceasas,Laranja Pera (13 a 15 DZ),,preco,1.7,"1,70",R$/Kg,price,BRL,kg,spot,,,physical
2026-08-20,laranja,laranja-ceasas,Laranja - Ceasas,Laranja Pera (13 a 15 DZ),,variacao_pct,-0.58,"-0,58",%,change_pct,,pct,spot,,,physical
2026-08-20,laranja,laranja-ceasas,Laranja - Ceasas,Laranja Pera Extra,,preco,1.9,"1,90",R$/Kg,price,BRL,kg,spot,,,physical
2026-08-20,laranja,laranja-ceasas,Laranja - Ceasas,Laranja Pera Extra,,variacao_pct,0.0,"0,00",%,change_pct,,pct,spot,,,physical
2026-08-20,laranja,laranja-ceasas,Laranja - Ceasas,Laranja Pera Gde (11-12 DZ),,preco,2.2,"2,20",R$/Kg,price,BRL,kg,spot,,,physical
2026-08-20,laranja,laranja-ceasas,Laranja - Ceasas,Laranja Pera Gde (11-12 DZ),,variacao_pct,0.0,"0,00",%,change_pct,,pct,spot,,,physical
2026-08-20,laranja,laranja-industria,Laranja Indústria,,,r_a_prazocaixa_408_kg_prazo,31.18,"31,18",R$,price,BRL,,spot,,,physical
2026-08-20,laranja,laranja-industria,Laranja Indústria,,,variacao_pct,1.23,"+1,23",%,change_pct,,pct,spot,,,physical
2026-08-20,laranja,laranja-pera-in-natura,Laranja Pera In Natura,,,caixa_40_8_kg,31.53,"31,53",R$,price,BRL,,spot,,,other
2026-08-20,laranja,laranja-pera-in-natura,Laranja Pera In Natura,,,variacao_pct,2.84,"+2,84",%,change_pct,,pct,spot,,,other
2026-08-20,laranja,suco-de-laranja-bolsa-de-nova-iorque-nybot,Suco de Laranja - Bolsa de Nova Iorque (NYBOT),,Janeiro/27,fechamento,157.45,"157,45",c/US$/libra peso,price,USD,lb,futures,2027-01,,nybot
2026-08-20,laranja,suco-de-laranja-bolsa-de-nova-iorque-nybot,Suco de Laranja - Bolsa de Nova Iorque (NYBOT),,Janeiro/27,variacao_pontos,4.75,"+4,75",%,change_abs,,pct,futures,2027-01,,nybot
2026-08-20,laranja,suco-de-laranja-bolsa-de-nova-iorque-nybot,Suco de Laranja - Bolsa de Nova Iorque (NYBOT),,Novembro/26,fechamento,155.0,"155,00",c/US$/libra peso,price,USD,lb,futures,2026-11,,nybot
2026-08-20,laranja,suco-de-laranja-bolsa-de-nova-iorque-nybot,Suco de Laranja - Bolsa de Nova Iorque (NYBOT),,Novembro/26,variacao_pontos,5.1,"+5,10",%,change_abs,,pct,futures,2026-11,,nybot
2026-08-20,laranja,suco-de-laranja-bolsa-de-nova-iorque-nybot,Suco de Laranja - Bolsa de Nova Iorque (NYBOT),,Setembro/26,fechamento,151.8,"151,80",c/US$/libra peso,price,USD,lb,futures,2026-09,,nybot
2026-08-20,laranja,suco-de-laranja-bolsa-de-nova-iorque-nybot,Suco de Laranja - Bolsa de Nova Iorque (NYBOT),,Setembro/26,variacao_pontos,4.7,"+4,70",%,change_abs,,pct,futures,2026-09,,nybot
2026-08-21,laranja,laranja-ceasas,Laranja - Ceasas,Laranja Pera (13 a 15 DZ),,preco,1.7,"1,70",R$/Kg,price,BRL,kg,spot,,,physical
2026-08-21,laranja,laranja-ceasas,Laranja - Ceasas,Laranja Pera (13 a 15 DZ),,variacao_pct,0.0,"0,00",%,change_pct,,pct,spot,,,physical
2026-08-21,laranja,laranja-ceasas,Laranja - Ceasas,Laranja Pera Extra,,preco,1.9,"1,90",R$/Kg,price,BRL,kg,spot,,,physical
2026-08-21,laranja,laranja-ceasas,Laranja - Ceasas,Laranja Pera Extra,,variacao_pct,0.0,"0,00",%,change_pct,,pct,spot,,,physical
2026-08-21,laranja,laranja-ceasas,Laranja - Ceasas,Laranja Pera Gde (11-12 DZ),,preco,2.2,"2,20",R$/Kg,price,BRL,kg,spot,,,physical
2026-08-21,laranja,laranja-ceasas,Laranja - Ceasas,Laranja Pera Gde (11-12 DZ),,variacao_pct,0.0,"0,00",%,change_pct,,pct,spot,,,physical
2026-08-21,laranja,laranja-industria,Laranja Indústria,,,r_a_prazocaixa_408_kg_prazo,31.18,"31,18",R$,price,BRL,,spot,,,physical
2026-08-21,laranja,laranja-industria,Laranja Indústria,,,variacao_pct,0.0,"0,00",%,change_pct,,pct,spot,,,physical
2026-08-21,laranja,laranja-pera-in-natura,Laranja Pera In Natura,,,caixa_40_8_kg,31.53,"31,53",R$,price,BRL,,spot,,,other
2026-08-21,laranja,laranja-pera-in-natura,Laranja Pera In Natura,,,variacao_pct,0.0,"0,00",%,change_pct,,pct,spot,,,other
2026-08-21,laranja,suco-de-laranja-bolsa-de-nova-iorque-nybot,Suco de Laranja - Bolsa de Nova Iorque (NYBOT),,Janeiro/27,fechamento,157.05,"157,05",c/US$/libra peso,price,USD,lb,futures,2027-01,,nybot
2026-08-21,laranja,suco-de-laranja-bolsa-de-nova-iorque-nybot,Suco de Laranja - Bolsa de Nova Iorque (NYBOT),,Janeiro/27,variacao_pontos,-0.4,"-0,40",%,change_abs,,pct,futures,2027-01,,nybot
2026-08-21,laranja,suco-de-laranja-bolsa-de-nova-iorque-nybot,Suco de Laranja - Bolsa de Nova Iorque (NYBOT),,Novembro/26,fechamento,154.55,"154,55",c/US$/libra peso,price,USD,lb,futures,2026-11,,nybot
2026-08-21,laranja,suco-de-laranja-bolsa-de-nova-iorque-nybot,Suco de Laranja - Bolsa de Nova Iorque (NYBOT),,Novembro/26,variacao_pontos,-0.45,"-0,45",%,change_abs,,pct,futures,2026-11,,nybot
2026-08-21,laranja,suco-de-laranja-bolsa-de-nova-iorque-nybot,Suco de Laranja - Bolsa de Nova Iorque (NYBOT),,Setembro/26,fechamento,150.8,"150,80",c/US$/libra peso,price,USD,lb,futures,2026-09,,nybot
2026-08-21,laranja,suco-de-laranja-bolsa-de-nova-iorque-nybot,Suco de Laranja - Bolsa de Nova Iorque (NYBOT),,Setembro/26,variacao_pontos,-1.0,"-1,00",%,change_abs,,pct,futures,2026-09,,nybot
2026-08-24,laranja,laranja-ceasas,Laranja - Ceasas,Laranja Pera (13 a 15 DZ),,preco,1.7,"1,70",R$/Kg,price,BRL,kg,spot,,,physical
2026-08-24,laranja,laranja-ceasas,Laranja - Ceasas,Laranja Pera (13 a 15 DZ),,variacao_pct,0.0,"0,00",%,change_pct,,pct,spot,,,physical
2026-08-24,laranja,laranja-ceasas,Laranja - Ceasas,Laranja Pera Extra,,preco,2.0,"2,00",R$/Kg,price,BRL,kg,spot,,,physical
2026-08-24,laranja,laranja-ceasas,Laranja - Ceasas,Laranja Pera Extra,,variacao_pct,5.26,"+5,26",%,change_pct,,pct,spot,,,physical
2026-08-24,laranja,laranja-ceasas,Laranja - Ceasas,Laranja Pera Gde (11-12 DZ),,preco,2.2,"2,20",R$/Kg,price,BRL,kg,spot,,,physical
2026-08-24,laranja,laranja-ceasas,Laranja - Ceasas,Laranja Pera Gde (11-12 DZ),,variacao_pct,0.0,"0,00",%,change_pct,,pct,spot,,,physical
2026-08-24,laranja,laranja-industria,Laranja Indústria,,,r_a_prazocaixa_408_kg_prazo,31.18,"31,18",R$,price,BRL,,spot,,,physical
2026-08-24,laranja,laranja-industria,Laranja Indústria,,,variacao_pct,0.0,"0,00",%,change_pct,,pct,spot,,,physical
2026-08-24,laranja,laranja-pera-in-natura,Laranja Pera In Natura,,,caixa_40_8_kg,31.8,"31,80",R$,price,BRL,,spot,,,other
2026-08-24,laranja,laranja-pera-in-natura,Laranja Pera In Natura,,,variacao_pct,0.86,"+0,86",%,change_pct,,pct,spot,,,other
2026-08-24,laranja,suco-de-laranja-bolsa-de-nova-iorque-nybot,Suco de Laranja - Bolsa de Nova Iorque (NYBOT),,Janeiro/27,fechamento,160.8,"160,80",c/US$/libra peso,price,USD,lb,futures,2027-01,,nybot
2026-08-24,laranja,suco-de-laranja-bolsa-de-nova-iorque-nybot,Suco de Laranja - Bolsa de Nova Iorque (NYBOT),,Janeiro/27,variacao_pontos,3.75,"+3,75",%,change_abs,,pct,futures,2027-01,,nybot
2026-08-24,laranja,suco-de-laranja-bolsa-de-nova-iorque-nybot,Suco de Laranja - Bolsa de Nova Iorque (NYBOT),,Novembro/26,fechamento,158.95,"158,95",c/US$/libra peso,price,USD,lb,futures,2026-11,,nybot
2026-08-24,laranja,suco-de-laranja-bolsa-de-nova-iorque-nybot,Suco de Laranja - Bolsa de Nova Iorque (NYBOT),,Novembro/26,variacao_pontos,4.4,"+4,40",%,change_abs,,pct,futures,2026-11,,nybot
2026-08-24,laranja,suco-de-laranja-bolsa-de-nova-iorque-nybot,Suco de Laranja - Bolsa de Nova Iorque (NYBOT),,Setembro/26,fechamento,155.9,"155,90",c/US$/libra peso,price,USD,lb,futures,2026-09,,nybot
2026-08-24,laranja,suco-de-laranja-bolsa-de-nova-iorque-nybot,Suco de Laranja - Bolsa de Nova Iorque (NYBOT),,Setembro/26,variacao_pontos,5.1,"+5,10",%,change_abs,,pct,futures,2026-09,,nybot
2026-08-25,laranja,laranja-ceasas,Laranja - Ceasas,Laranja Pera (13 a 15 DZ),,preco,1.76,"1,76",R$/Kg,price,BRL,kg,spot,,,physical
2026-08-25,laranja,laranja-ceasas,Laranja - Ceasas,Laranja Pera (13 a 15 DZ),,variacao_pct,3.53,"+3,53",%,change_pct,,pct,spot,,,physical
2026-08-25,laranja,laranja-ceasas,Laranja - Ceasas,Laranja Pera Extra,,preco,2.0,"2,00",R$/Kg,price,BRL,kg,spot,,,physical
2026-08-25,laranja,laranja-ceasas,Laranja - Ceasas,Laranja Pera Extra,,variacao_pct,0.0,"0,00",%,change_pct,,pct,spot,,,physical
2026-08-25,laranja,laranja-ceasas,Laranja - Ceasas,Laranja Pera Gde (11-12 DZ),,preco,2.2,"2,20",R$/Kg,price,BRL,kg,spot,,,physical
2026-08-25,laranja,laranja-ceasas,Laranja - Ceasas,Laranja Pera Gde (11-12 DZ),,variacao_pct,0.0,"0,00",%,change_pct,,pct,spot,,,physical
2026-08-25,laranja,laranja-industria,Laranja Indústria,,,r_a_prazocaixa_408_kg_prazo,31.18,"31,18",R$,price,BRL,,spot,,,physical
2026-08-25,laranja,laranja-industria,Laranja Indústria,,,variacao_pct,0.0,"0,00",%,change_pct,,pct,spot,,,physical
2026-08-25,laranja,laranja-pera-in-natura,Laranja Pera In Natura,,,caixa_40_8_kg,31.53,"31,53",R$,price,BRL,,spot,,,other
2026-08-25,laranja,laranja-pera-in-natura,Laranja Pera In Natura,,,variacao_pct,-0.85,"-0,85",%,change_pct,,pct,spot,,,other
2026-08-25,laranja,suco-de-laranja-bolsa-de-nova-iorque-nybot,Suco de Laranja - Bolsa de Nova Iorque (NYBOT),,Janeiro/27,fechamento,157.4,"157,40",c/US$/libra peso,price,USD,lb,futures,2027-01,,nybot
2026-08-25,laranja,suco-de-laranja-bolsa-de-nova-iorque-nybot,Suco de Laranja - Bolsa de Nova Iorque (NYBOT),,Janeiro/27,variacao_pontos,-3.4,"-3,40",%,change_abs,,pct,futures,2027-01,,nybot
2026-08-25,laranja,suco-de-laranja-bolsa-de-nova-iorque-nybot,Suco de Laranja - Bolsa de Nova Iorque (NYBOT),,Novembro/26,fechamento,155.65,"155,65",c/US$/libra peso,price,USD,lb,futures,2026-11,,nybot
2026-08-25,laranja,suco-de-laranja-bolsa-de-nova-iorque-nybot,Suco de Laranja - Bolsa de Nova Iorque (NYBOT),,Novembro/26,variacao_pontos,-3.3,"-3,30",%,change_abs,,pct,futures,2026-11,,nybot
2026-08-25,laranja,suco-de-laranja-bolsa-de-nova-iorque-nybot,Suco de Laranja - Bolsa de Nova Iorque (NYBOT),,Setembro/26,fechamento,150.95,"150,95",c/US$/libra peso,price,USD,lb,futures,2026-09,,nybot
2026-08-25,laranja,suco-de-laranja-bolsa-de-nova-iorque-nybot,Suco de Laranja - Bolsa de Nova Iorque (NYBOT),,Setembro/26,variacao_pontos,-4.95,"-4,95",%,change_abs,,pct,futures,2026-09,,nybot
2026-08-26,laranja,laranja-ceasas,Laranja - Ceasas,Laranja Pera (13 a 15 DZ),,preco,1.76,"1,76",R$/Kg,price,BRL,kg,spot,,,physical
2026-08-26,laranja,laranja-ceasas,Laranja - Ceasas,Laranja Pera (13 a 15 DZ),,variacao_pct,0.0,"0,00",%,change_pct,,pct,spot,,,physical
2026-08-26,laranja,laranja-ceasas,Laranja - Ceasas,Laranja Pera Extra,,preco,2.0,"2,00",R$/Kg,price,BRL,kg,spot,,,physical
2026-08-26,laranja,laranja-ceasas,Laranja - Ceasas,Laranja Pera Extra,,variacao_pct,0.0,"0,00",%,change_pct,,pct,spot,,,physical
2026-08-26,laranja,laranja-ceasas,Laranja - Ceasas,Laranja Pera Gde (11-12 DZ),,preco,2.2,"2,20",R$/Kg,price,BRL,kg,spot,,,physical
2026-08-26,laranja,laranja-ceasas,Laranja - Ceasas,Laranja Pera Gde (11-12 DZ),,variacao_pct,0.0,"0,00",%,change_pct,,pct,spot,,,physical
2026-08-26,laranja,laranja-industria,Laranja Indústria,,,r_a_prazocaixa_408_kg_prazo,31.18,"31,18",R$,price,BRL,,spot,,,physical
2026-08-26,laranja,laranja-industria,Laranja Indústria,,,variacao_pct,0.0,"0,00",%,change_pct,,pct,spot,,,physical
2026-08-26,laranja,laranja-pera-in-natura,Laranja Pera In Natura,,,caixa_40_8_kg,31.17,"31,17",R$,price,BRL,,spot,,,other
2026-08-26,laranja,laranja-pera-in-natura,Laranja Pera In Natura,,,variacao_pct,-1.14,"-1,14",%,change_pct,,pct,spot,,,other
2026-08-26,laranja,suco-de-laranja-bolsa-de-nova-iorque-nybot,Suco de Laranja - Bolsa de Nova Iorque (NYBOT),,Janeiro/27,fechamento,148.75,"148,75",c/US$/libra peso,price,USD,lb,futures,2027-01,,nybot
2026-08-26,laranja,suco-de-laranja-bolsa-de-nova-iorque-nybot,Suco de Laranja - Bolsa de Nova Iorque (NYBOT),,Janeiro/27,variacao_pontos,-8.65,"-8,65",%,change_abs,,pct,futures,2027-01,,nybot
2026-08-26,laranja,suco-de-laranja-bolsa-de-nova-iorque-nybot,Suco de Laranja - Bolsa de Nova Iorque (NYBOT),,Novembro/26,fechamento,146.35,"146,35",c/US$/libra peso,price,USD,lb,futures,2026-11,,nybot
2026-08-26,laranja,suco-de-laranja-bolsa-de-nova-iorque-nybot,Suco de Laranja - Bolsa de Nova Iorque (NYBOT),,Novembro/26,variacao_pontos,-9.3,"-9,30",%,change_abs,,pct,futures,2026-11,,nybot
2026-08-26,laranja,suco-de-laranja-bolsa-de-nova-iorque-nybot,Suco de Laranja - Bolsa de Nova Iorque (NYBOT),,Setembro/26,fechamento,140.8,"140,80",c/US$/libra peso,price,USD,lb,futures,2026-09,,nybot
2026-08-26,laranja,suco-de-laranja-bolsa-de-nova-iorque-nybot,Suco de Laranja - Bolsa de Nova Iorque (NYBOT),,Setembro/26,variacao_pontos,-10.15,"-10,15",%,change_abs,,pct,futures,2026-09,,nybot
2026-08-27,laranja,laranja-ceasas,Laranja - Ceasas,Laranja Pera (13 a 15 DZ),,preco,1.79,"1,79",R$/Kg,price,BRL,kg,spot,,,physical
2026-08-27,laranja,laranja-ceasas,Laranja - Ceasas,Laranja Pera (13 a 15 DZ),,variacao_pct,1.7,"+1,70",%,change_pct,,pct,spot,,,physical
2026-08-27,laranja,laranja-ceasas,Laranja - Ceasas,Laranja Pera Extra,,preco,2.0,"2,00",R$/Kg,price,BRL,kg,spot,,,physical
2026-08-27,laranja,laranja-ceasas,Laranja - Ceasas,Laranja Pera Extra,,variacao_pct,0.0,"0,00",%,change_pct,,pct,spot,,,physical
2026-08-27,laranja,laranja-ceasas,Laranja - Ceasas,Laranja Pera Gde (11-12 DZ),,preco,2.2,"2,20",R$/Kg,price,BRL,kg,spot,,,physical
2026-08-27,laranja,laranja-ceasas,Laranja - Ceasas,Laranja Pera Gde (11-12 DZ),,variacao_pct,0.0,"0,00",%,change_pct,,pct,spot,,,physical
2026-08-27,laranja,laranja-industria,Laranja Indústria,,,r_a_prazocaixa_408_kg_prazo,31.18,"31,18",R$,price,BRL,,spot,,,physical
2026-08-27,laranja,laranja-industria,Laranja Indústria,,,variacao_pct,0.0,"0,00",%,change_pct,,pct,spot,,,physical
2026-08-27,laranja,laranja-pera-in-natura,Laranja Pera In Natura,,,caixa_40_8_kg,31.09,"31,09",R$,price,BRL,,spot,,,other
2026-08-27,laranja,laranja-pera-in-natura,Laranja Pera In Natura,,,variacao_pct,-0.26,"-0,26",%,change_pct,,pct,spot,,,other
2026-08-27,laranja,suco-de-laranja-bolsa-de-nova-iorque-nybot,Suco de Laranja - Bolsa de Nova Iorque (NYBOT),,Janeiro/27,fechamento,150.55,"150,55",c/US$/libra peso,price,USD,lb,futures,2027-01,,nybot
2026-08-27,laranja,suco-de-laranja-bolsa-de-nova-iorque-nybot,Suco de Laranja - Bolsa de Nova Iorque (NYBOT),,Janeiro/27,variacao_pontos,1.8,"+1,80",%,change_abs,,pct,futures,2027-01,,nybot
2026-08-27,laranja,suco-de-laranja-bolsa-de-nova-iorque-nybot,Suco de Laranja - Bolsa de Nova Iorque (NYBOT),,Novembro/26,fechamento,147.6,"147,60",c/US$/libra peso,price,USD,lb,futures,2026-11,,nybot
2026-08-27,laranja,suco-de-laranja-bolsa-de-nova-iorque-nybot,Suco de Laranja - Bolsa de Nova Iorque (NYBOT),,Novembro/26,variacao_pontos,1.25,"+1,25",%,change_abs,,pct,futures,2026-11,,nybot
2026-08-27,laranja,suco-de-laranja-bolsa-de-nova-iorque-nybot,Suco de Laranja - Bolsa de Nova Iorque (NYBOT),,Setembro/26,fechamento,137.35,"137,35",c/US$/libra peso,price,USD,lb,futures,2026-09,,nybot
2026-08-27,laranja,suco-de-laranja-bolsa-de-nova-iorque-nybot,Suco de Laranja - Bolsa de Nova Iorque (NYBOT),,Setembro/26,variacao_pontos,-3.6,"-3,60",%,change_abs,,pct,futures,2026-09,,nybot
2026-08-28,laranja,laranja-ceasas,Laranja - Ceasas,Laranja Pera (13 a 15 DZ),,preco,1.79,"1,79",R$/Kg,price,BRL,kg,spot,,,physical
2026-08-28,laranja,laranja-ceasas,Laranja - Ceasas,Laranja Pera (13 a 15 DZ),,variacao_pct,0.0,"0,00",%,change_pct,,pct,spot,,,physical
2026-08-28,laranja,laranja-ceasas,Laranja - Ceasas,Laranja Pera Extra,,preco,2.0,"2,00",R$/Kg,price,BRL,kg,spot,,,physical
2026-08-28,laranja,laranja-ceasas,Laranja - Ceasas,Laranja Pera Extra,,variacao_pct,0.0,"0,00",%,change_pct,,pct,spot,,,physical
2026-08-28,laranja,laranja-ceasas,Laranja - Ceasas,Laranja Pera Gde (11-12 DZ),,preco,2.2,"2,20",R$/Kg,price,BRL,kg,spot,,,physical
2026-08-28,laranja,laranja-ceasas,Laranja - Ceasas,Laranja Pera Gde (11-12 DZ),,variacao_pct,0.0,"0,00",%,change_pct,,pct,spot,,,physical
2026-08-28,laranja,laranja-industria,Laranja Indústria,,,r_a_prazocaixa_408_kg_prazo,31.18,"31,18",R$,price,BRL,,spot,,,physical
2026-08-28,laranja,laranja-industria,Laranja Indústria,,,variacao_pct,0.0,"0,00",%,change_pct,,pct,spot,,,physical
2026-08-28,laranja,laranja-pera-in-natura,Laranja Pera In Natura,,,caixa_40_8_kg,31.09,"31,09",R$,price,BRL,,spot,,,other
2026-08-28,laranja,laranja-pera-in-natura,Laranja Pera In Natura,,,variacao_pct,0.0,"0,00",%,change_pct,,pct,spot,,,other
2026-08-28,laranja,suco-de-laranja-bolsa-de-nova-iorque-nybot,Suco de Laranja - Bolsa de Nova Iorque (NYBOT),,Janeiro/27,fechamento,148.15,"148,15",c/US$/libra peso,price,USD,lb,futures,2027-01,,nybot
2026-08-28,laranja,suco-de-laranja-bolsa-de-nova-iorque-nybot,Suco de Laranja - Bolsa de Nova Iorque (NYBOT),,Janeiro/27,variacao_pontos,-2.4,"-2,40",%,change_abs,,pct,futures,2027-01,,nybot
2026-08-28,laranja,suco-de-laranja-bolsa-de-nova-iorque-nybot,Suco de Laranja - Bolsa de Nova Iorque (NYBOT),,Novembro/26,fechamento,145.0,"145,00",c/US$/libra peso,price,USD,lb,futures,2026-11,,nybot
2026-08-28,laranja,suco-de-laranja-bolsa-de-nova-iorque-nybot,Suco de Laranja - Bolsa de Nova Iorque (NYBOT),,Novembro/26,variacao_pontos,-2.6,"-2,60",%,change_abs,,pct,futures,2026-11,,nybot
2026-08-28,laranja,suco-de-laranja-bolsa-de-nova-iorque-nybot,Suco de Laranja - Bolsa de Nova Iorque (NYBOT),,Setembro/26,fechamento,132.95,"132,95",c/US$/libra peso,price,USD,lb,futures,2026-09,,nybot
2026-08-28,laranja,suco-de-laranja-bolsa-de-nova-iorque-nybot,Suco de Laranja - Bolsa de Nova Iorque (NYBOT),,Setembro/26,variacao_pontos,-4.4,"-4,40",%,change_abs,,pct,futures,2026-09,,nybot
2026-08-31,laranja,laranja-ceasas,Laranja - Ceasas,Laranja Pera (13 a 15 DZ),,preco,1.79,"1,79",R$/Kg,price,BRL,kg,spot,,,physical
2026-08-31,laranja,laranja-ceasas,Laranja - Ceasas,Laranja Pera (13 a 15 DZ),,variacao_pct,0.0,"0,00",%,change_pct,,pct,spot,,,physical
2026-08-31,laranja,laranja-ceasas,Laranja - Ceasas,Laranja Pera Extra,,preco,2.0,"2,00",R$/Kg,price,BRL,kg,spot,,,physical
2026-08-31,laranja,laranja-ceasas,Laranja - Ceasas,Laranja Pera Extra,,variacao_pct,0.0,"0,00",%,change_pct,,pct,spot,,,physical
2026-08-31,laranja,laranja-ceasas,Laranja - Ceasas,Laranja Pera Gde (11-12 DZ),,preco,2.2,"2,20",R$/Kg,price,BRL,kg,spot,,,physical
2026-08-31,laranja,laranja-ceasas,Laranja - Ceasas,Laranja Pera Gde (11-12 DZ),,variacao_pct,0.0,"0,00",%,change_pct,,pct,spot,,,physical
2026-08-31,laranja,laranja-industria,Laranja Indústria,,,r_a_prazocaixa_408_kg_prazo,31.18,"31,18",R$,price,BRL,,spot,,,physical
2026-08-31,laranja,laranja-industria,Laranja Indústria,,,variacao_pct,0.0,"0,00",%,change_pct,,pct,spot,,,physical
2026-08-31,laranja,laranja-pera-in-natura,Laranja Pera In Natura,,,caixa_40_8_kg,31.43,"31,43",R$,price,BRL,,spot,,,other
2026-08-31,laranja,laranja-pera-in-natura,Laranja Pera In Natura,,,variacao_pct,1.09,"+1,09",%,change_pct,,pct,spot,,,other
2026-08-31,laranja,suco-de-laranja-bolsa-de-nova-iorque-nybot,Suco de Laranja - Bolsa de Nova Iorque (NYBOT),,Janeiro/27,fechamento,140.55,"140,55",c/US$/libra peso,price,USD,lb,futures,2027-01,,nybot
2026-08-31,laranja,suco-de-laranja-bolsa-de-nova-iorque-nybot,Suco de Laranja - Bolsa de Nova Iorque (NYBOT),,Janeiro/27,variacao_pontos,-7.6,"-7,60",%,change_abs,,pct,futures,2027-01,,nybot
2026-08-31,laranja,suco-de-laranja-bolsa-de-nova-iorque-nybot,Suco de Laranja - Bolsa de Nova Iorque (NYBOT),,Novembro/26,fechamento,137.25,"137,25",c/US$/libra peso,price,USD,lb,futures,2026-11,,nybot
2026-08-31,laranja,suco-de-laranja-bolsa-de-nova-iorque-nybot,Suco de Laranja - Bolsa de Nova Iorque (NYBOT),,Novembro/26,variacao_pontos,-7.75,"-7,75",%,change_abs,,pct,futures,2026-11,,nybot
2026-08-31,laranja,suco-de-laranja-bolsa-de-nova-iorque-nybot,Suco de Laranja - Bolsa de Nova Iorque (NYBOT),,Setembro/26,fechamento,119.25,"119,25",c/US$/libra peso,price,USD,lb,futures,2026-09,,nybot
2026-08-31,laranja,suco-de-laranja-bolsa-de-nova-iorque-nybot,Suco de Laranja - Bolsa de Nova Iorque (NYBOT),,Setembro/26,variacao_pontos,-13.7,"-13,70",%,change_abs,,pct,futures,2026-09,,nybot
2026-09-01,laranja,laranja-ceasas,Laranja - Ceasas,Laranja Pera (13 a 15 DZ),,preco,1.78,"1,78",R$/Kg,price,BRL,kg,spot,,,physical
2026-09-01,laranja,laranja-ceasas,Laranja - Ceasas,Laranja Pera (13 a 15 DZ),,variacao_pct,-0.56,"-0,56",%,change_pct,,pct,spot,,,physical
2026-09-01,laranja,laranja-ceasas,Laranja - Ceasas,Laranja Pera Extra,,preco,2.0,"2,00",R$/Kg,price,BRL,kg,spot,,,physical
2026-09-01,laranja,laranja-ceasas,Laranja - Ceasas,Laranja Pera Extra,,variacao_pct,0.0,"0,00",%,change_pct,,pct,spot,,,physical
2026-09-01,laranja,laranja-ceasas,Laranja - Ceasas,Laranja Pera Gde (11-12 DZ),,preco,2.2,"2,20",R$/Kg,price,BRL,kg,spot,,,physical
2026-09-01,laranja,laranja-ceasas,Laranja - Ceasas,Laranja Pera Gde (11-12 DZ),,variacao_pct,0.0,"0,00",%,change_pct,,pct,spot,,,physical
2026-09-01,laranja,laranja-industria,Laranja Indústria,,,r_a_prazocaixa_408_kg_prazo,31.18,"31,18",R$,price,BRL,,spot,,,physical
2026-09-01,laranja,laranja-industria,Laranja Indústria,,,variacao_pct,0.0,"0,00",%,change_pct,,pct,spot,,,physical
2026-09-01,laranja,laranja-pera-in-natura,Laranja Pera In Natura,,,caixa_40_8_kg,31.14,"31,14",R$,price,BRL,,spot,,,other
2026-09-01,laranja,laranja-pera-in-natura,Laranja Pera In Natura,,,variacao_pct,-0.92,"-0,92",%,change_pct,,pct,spot,,,other
2026-09-01,laranja,suco-de-laranja-bolsa-de-nova-iorque-nybot,Suco de Laranja - Bolsa de Nova Iorque (NYBOT),,Janeiro/27,fechamento,148.5,"148,50",c/US$/libra peso,price,USD,lb,futures,2027-01,,nybot
2026-09-01,laranja,suco-de-laranja-bolsa-de-nova-iorque-nybot,Suco de Laranja - Bolsa de Nova Iorque (NYBOT),,Janeiro/27,variacao_pontos,7.95,"+7,95",%,change_abs,,pct,futures,2027-01,,nybot
2026-09-01,laranja,suco-de-laranja-bolsa-de-nova-iorque-nybot,Suco de Laranja - Bolsa de Nova Iorque (NYBOT),,Novembro/26,fechamento,145.15,"145,15",c/US$/libra peso,price,USD,lb,futures,2026-11,,nybot
2026-09-01,laranja,suco-de-laranja-bolsa-de-nova-iorque-nybot,Suco de Laranja - Bolsa de Nova Iorque (NYBOT),,Novembro/26,variacao_pontos,7.9,"+7,90",%,change_abs,,pct,futures,2026-11,,nybot
2026-09-01,laranja,suco-de-laranja-bolsa-de-nova-iorque-nybot,Suco de Laranja - Bolsa de Nova Iorque (NYBOT),,Setembro/26,fechamento,127.15,"127,15",c/US$/libra peso,price,USD,lb,futures,2026-09,,nybot
2026-09-01,laranja,suco-de-laranja-bolsa-de-nova-iorque-nybot,Suco de Laranja - Bolsa de Nova Iorque (NYBOT),,Setembro/26,variacao_pontos,7.9,"+7,90",%,change_abs,,pct,futures,2026-09,,nybot
2026-09-02,laranja,laranja-ceasas,Laranja - Ceasas,Laranja Pera (13 a 15 DZ),,preco,1.78,"1,78",R$/Kg,price,BRL,kg,spot,,,physical
2026-09-02,laranja,laranja-ceasas,Laranja - Ceasas,Laranja Pera (13 a 15 DZ),,variacao_pct,0.0,"0,00",%,change_pct,,pct,spot,,,physical
2026-09-02,laranja,laranja-ceasas,Laranja - Ceasas,Laranja Pera Extra,,preco,2.0,"2,00",R$/Kg,price,BRL,kg,spot,,,physical
2026-09-02,laranja,laranja-ceasas,Laranja - Ceasas,Laranja Pera Extra,,variacao_pct,0.0,"0,00",%,change_pct,,pct,spot,,,physical
2026-09-02,laranja,laranja-ceasas,Laranja - Ceasas,Laranja Pera Gde (11-12 DZ),,preco,2.2,"2,20",R$/Kg,price,BRL,kg,spot,,,physical
2026-09-02,laranja,laranja-ceasas,Laranja - Ceasas,Laranja Pera Gde (11-12 DZ),,variacao_pct,0.0,"0,00",%,change_pct,,pct,spot,,,physical
2026-09-02,laranja,laranja-industria,Laranja Indústria,,,r_a_prazocaixa_408_kg_prazo,31.3,"31,30",R$,price,BRL,,spot,,,physical
2026-09-02,laranja,laranja-industria,Laranja Indústria,,,variacao_pct,0.38,"+0,38",%,change_pct,,pct,spot,,,physical
2026-09-02,laranja,laranja-pera-in-natura,Laranja Pera In Natura,,,caixa_40_8_kg,31.97,"31,97",R$,price,BRL,,spot,,,other
2026-09-02,laranja,laranja-pera-in-natura,Laranja Pera In Natura,,,variacao_pct,2.67,"+2,67",%,change_pct,,pct,spot,,,other
2026-09-02,laranja,suco-de-laranja-bolsa-de-nova-iorque-nybot,Suco de Laranja - Bolsa de Nova Iorque (NYBOT),,Janeiro/27,fechamento,152.3,"152,30",c/US$/libra peso,price,USD,lb,futures,2027-01,,nybot
2026-09-02,laranja,suco-de-laranja-bolsa-de-nova-iorque-nybot,Suco de Laranja - Bolsa de Nova Iorque (NYBOT),,Janeiro/27,variacao_pontos,3.8,"+3,80",%,change_abs,,pct,futures,2027-01,,nybot
2026-09-02,laranja,suco-de-laranja-bolsa-de-nova-iorque-nybot,Suco de Laranja - Bolsa de Nova Iorque (NYBOT),,Novembro/26,fechamento,149.4,"149,40",c/US$/libra peso,price,USD,lb,futures,2026-11,,nybot
2026-09-02,laranja,suco-de-laranja-bolsa-de-nova-iorque-nybot,Suco de Laranja - Bolsa de Nova Iorque (NYBOT),,Novembro/26,variacao_pontos,4.25,"+4,25",%,change_abs,,pct,futures,2026-11,,nybot
2026-09-02,laranja,suco-de-laranja-bolsa-de-nova-iorque-nybot,Suco de Laranja - Bolsa de Nova Iorque (NYBOT),,Setembro/26,fechamento,131.4,"131,40",c/US$/libra peso,price,USD,lb,futures,2026-09,,nybot
2026-09-02,laranja,suco-de-laranja-bolsa-de-nova-iorque-nybot,Suco de Laranja - Bolsa de Nova Iorque (NYBOT),,Setembro/26,variacao_pontos,4.25,"+4,25",%,change_abs,,pct,futures,2026-09,,nybot
2026-09-03,laranja,laranja-ceasas,Laranja - Ceasas,Laranja Pera (13 a 15 DZ),,preco,1.78,"1,78",R$/Kg,price,BRL,kg,spot,,,physical
2026-09-03,laranja,laranja-ceasas,Laranja - Ceasas,Laranja Pera (13 a 15 DZ),,variacao_pct,0.0,"0,00",%,change_pct,,pct,spot,,,physical
2026-09-03,laranja,laranja-ceasas,Laranja - Ceasas,Laranja Pera Extra,,preco,2.0,"2,00",R$/Kg,price,BRL,kg,spot,,,physical
2026-09-03,laranja,laranja-ceasas,Laranja - Ceasas,Laranja Pera Extra,,variacao_pct,0.0,"0,00",%,change_pct,,pct,spot,,,physical
2026-09-03,laranja,laranja-ceasas,Laranja - Ceasas,Laranja Pera Gde (11-12 DZ),,preco,2.2,"2,20",R$/Kg,price,BRL,kg,spot,,,physical
2026-09-03,laranja,laranja-ceasas,Laranja - Ceasas,Laranja Pera Gde (11-12 DZ),,variacao_pct,0.0,"0,00",%,change_pct,,pct,spot,,,physical
2026-09-03,laranja,laranja-industria,Laranja Indústria,,,r_a_prazocaixa_408_kg_prazo,31.3,"31,30",R$,price,BRL,,spot,,,physical
2026-09-03,laranja,laranja-industria,Laranja Indústria,,,variacao_pct,0.0,"0,00",%,change_pct,,pct,spot,,,physical
2026-09-03,laranja,laranja-pera-in-natura,Laranja Pera In Natura,,,caixa_40_8_kg,30.97,"30,97",R$,price,BRL,,spot,,,other
2026-09-03,laranja,laranja-pera-in-natura,Laranja Pera In Natura,,,variacao_pct,-3.13,"-3,13",%,change_pct,,pct,spot,,,other
2026-09-03,laranja,suco-de-laranja-bolsa-de-nova-iorque-nybot,Suco de Laranja - Bolsa de Nova Iorque (NYBOT),,Janeiro/27,fechamento,158.5,"158,50",c/US$/libra peso,price,USD,lb,futures,2027-01,,nybot
2026-09-03,laranja,suco-de-laranja-bolsa-de-nova-iorque-nybot,Suco de Laranja - Bolsa de Nova Iorque (NYBOT),,Janeiro/27,variacao_pontos,6.2,"+6,20",%,change_abs,,pct,futures,2027-01,,nybot
2026-09-03,laranja,suco-de-laranja-bolsa-de-nova-iorque-nybot,Suco de Laranja - Bolsa de Nova Iorque (NYBOT),,Novembro/26,fechamento,155.75,"155,75",c/US$/libra peso,price,USD,lb,futures,2026-11,,nybot
2026-09-03,laranja,suco-de-laranja-bolsa-de-nova-iorque-nybot,Suco de Laranja - Bolsa de Nova Iorque (NYBOT),,Novembro/26,variacao_pontos,6.35,"+6,35",%,change_abs,,pct,futures,2026-11,,nybot
2026-09-03,laranja,suco-de-laranja-bolsa-de-nova-iorque-nybot,Suco de Laranja - Bolsa de Nova Iorque (NYBOT),,Setembro/26,fechamento,137.75,"137,75",c/US$/libra peso,price,USD,lb,futures,2026-09,,nybot
2026-09-03,laranja,suco-de-laranja-bolsa-de-nova-iorque-nybot,Suco de Laranja - Bolsa de Nova Iorque (NYBOT),,Setembro/26,variacao_pontos,6.35,"+6,35",%,change_abs,,pct,futures,2026-09,,nybot
2026-09-04,laranja,laranja-ceasas,Laranja - Ceasas,Laranja Pera (13 a 15 DZ),,preco,1.78,"1,78",R$/Kg,price,BRL,kg,spot,,,physical
2026-09-04,laranja,laranja-ceasas,Laranja - Ceasas,Laranja Pera (13 a 15 DZ),,variacao_pct,0.0,"0,00",%,change_pct,,pct,spot,,,physical
2026-09-04,laranja,laranja-ceasas,Laranja - Ceasas,Laranja Pera Extra,,preco,2.0,"2,00",R$/Kg,price,BRL,kg,spot,,,physical
2026-09-04,laranja,laranja-ceasas,Laranja - Ceasas,Laranja Pera Extra,,variacao_pct,0.0,"0,00",%,change_pct,,pct,spot,,,physical
2026-09-04,laranja,laranja-ceasas,Laranja - Ceasas,Laranja Pera Gde (11-12 DZ),,preco,2.2,"2,20",R$/Kg,price,BRL,kg,spot,,,physical
2026-09-04,laranja,laranja-ceasas,Laranja - Ceasas,Laranja Pera Gde (11-12 DZ),,variacao_pct,0.0,"0,00",%,change_pct,,pct,spot,,,physical
2026-09-04,laranja,laranja-industria,Laranja Indústria,,,r_a_prazocaixa_408_kg_prazo,30.73,"30,73",R$,price,BRL,,spot,,,physical
2026-09-04,laranja,laranja-industria,Laranja Indústria,,,variacao_pct,-1.82,"-1,82",%,change_pct,,pct,spot,,,physical
2026-09-04,laranja,laranja-pera-in-natura,Laranja Pera In Natura,,,caixa_40_8_kg,30.97,"30,97",R$,price,BRL,,spot,,,other
2026-09-04,laranja,laranja-pera-in-natura,Laranja Pera In Natura,,,variacao_pct,0.0,"0,00",%,change_pct,,pct,spot,,,other
2026-09-04,laranja,suco-de-laranja-bolsa-de-nova-iorque-nybot,Suco de Laranja - Bolsa de Nova Iorque (NYBOT),,Janeiro/27,fechamento,159.4,"159,40",c/US$/libra peso,price,USD,lb,futures,2027-01,,nybot
2026-09-04,laranja,suco-de-laranja-bolsa-de-nova-iorque-nybot,Suco de Laranja - Bolsa de Nova Iorque (NYBOT),,Janeiro/27,variacao_pontos,0.9,"+0,90",%,change_abs,,pct,futures,2027-01,,nybot
2026-09-04,laranja,suco-de-laranja-bolsa-de-nova-iorque-nybot,Suco de Laranja - Bolsa de Nova Iorque (NYBOT),,Novembro/26,fechamento,156.15,"156,15",c/US$/libra peso,price,USD,lb,futures,2026-11,,nybot
2026-09-04,laranja,suco-de-laranja-bolsa-de-nova-iorque-nybot,Suco de Laranja - Bolsa de Nova Iorque (NYBOT),,Novembro/26,variacao_pontos,0.4,"+0,40",%,change_abs,,pct,futures,2026-11,,nybot
2026-09-04,laranja,suco-de-laranja-bolsa-de-nova-iorque-nybot,Suco de Laranja - Bolsa de Nova Iorque (NYBOT),,Setembro/26,fechamento,138.15,"138,15",c/US$/libra peso,price,USD,lb,futures,2026-09,,nybot
2026-09-04,laranja,suco-de-laranja-bolsa-de-nova-iorque-nybot,Suco de Laranja - Bolsa de Nova Iorque (NYBOT),,Setembro/26,variacao_pontos,0.4,"+0,40",%,change_abs,,pct,futures,2026-09,,nybot
