date,commodity,indicator,indicator_name,location,contract_month,column_name,value,value_raw,unit,measure,currency,unit_std,price_basis,contract,state,market_type
2026-01-27,legumes,batata-ceasas,Batata - Ceasas,Agatha Primeira,,preco,1.4,"1,40",R$/Kg,price,BRL,kg,spot,,,physical
2026-01-27,legumes,batata-ceasas,Batata - Ceasas,Agatha Primeira,,variacao_pct,0.0,"0,00",%,change_pct,,pct,spot,,,physical
2026-01-27,legumes,batata-ceasas,Batata - Ceasas,Aster Primeira,,preco,0.8,"0,80",R$/Kg,price,BRL,kg,spot,,,physical
2026-01-27,legumes,batata-ceasas,Batata - Ceasas,Aster Primeira,,variacao_pct,0.0,"0,00",%,change_pct,,pct,spot,,,physical
2026-01-27,legumes,batata-ceasas,Batata - Ceasas,Asterix,,preco,2.06,"2,06",R$/Kg,price,BRL,kg,spot,,,physical
2026-01-27,legumes,batata-ceasas,Batata - Ceasas,Asterix,,variacao_pct,5.64,"+5,64",%,change_pct,,pct,spot,,,physical
2026-01-27,legumes,batata-ceasas,Batata - Ceasas,Escovada Especial,,preco,2.0,"2,00",R$/Kg,price,BRL,kg,spot,,,physical
2026-01-27,legumes,batata-ceasas,Batata - Ceasas,Escovada Especial,,variacao_pct,0.0,"0,00",%,change_pct,,pct,spot,,,physical
2026-01-27,legumes,batata-ceasas,Batata - Ceasas,Lavada Especial,,preco,2.02,"2,02",R$/Kg,price,BRL,kg,spot,,,physical
2026-01-27,legumes,batata-ceasas,Batata - Ceasas,Lavada Especial,,variacao_pct,-2.88,"-2,88",%,change_pct,,pct,spot,,,physical
2026-01-27,legumes,batata-ceasas,Batata - Ceasas,Yacon,,preco,8.0,"8,00",R$/Kg,price,BRL,kg,spot,,,physical
2026-01-27,legumes,batata-ceasas,Batata - Ceasas,Yacon,,variacao_pct,0.0,"0,00",%,change_pct,,pct,spot,,,physical
2026-01-27,legumes,cebola-no-atacado,Cebola - Ceasas,Amarela Mineira,,preco,1.75,"1,75",R$/Kg,price,BRL,kg,spot,,,physical
2026-01-27,legumes,cebola-no-atacado,Cebola - Ceasas,Amarela Mineira,,variacao_pct,0.0,"0,00",%,change_pct,,pct,spot,,,physical
2026-01-27,legumes,cebola-no-atacado,Cebola - Ceasas,Amarela Paulista,,preco,,s/ cotação,R$/Kg,price,BRL,kg,spot,,,physical
2026-01-27,legumes,cebola-no-atacado,Cebola - Ceasas,Amarela Paulista,,variacao_pct,,-,%,change_pct,,pct,spot,,,physical
2026-01-27,legumes,cebola-no-atacado,Cebola - Ceasas,Amarela Pernambucana,,preco,,s/ cotação,R$/Kg,price,BRL,kg,spot,,,physical
2026-01-27,legumes,cebola-no-atacado,Cebola - Ceasas,Amarela Pernambucana,,variacao_pct,,-,%,change_pct,,pct,spot,,,physical
2026-01-27,legumes,cebola-no-atacado,Cebola - Ceasas,Amarela Santa Catarina,,preco,1.75,"1,75",R$/Kg,price,BRL,kg,spot,,,physical
2026-01-27,legumes,cebola-no-atacado,Cebola - Ceasas,Amarela Santa Catarina,,variacao_pct,0.0,"0,00",%,change_pct,,pct,spot,,,physical
2026-01-27,legumes,cebola-no-atacado,Cebola - Ceasas,Importada Argentina,,preco,,s/ cotação,R$/Kg,price,BRL,kg,spot,,,physical
2026-01-27,legumes,cebola-no-atacado,Cebola - Ceasas,Importada Argentina,,variacao_pct,,-,%,change_pct,,pct,spot,,,physical
2026-01-27,legumes,cebola-no-atacado,Cebola - Ceasas,Nacional (Caixa 4),,preco,1.62,"1,62",R$/Kg,price,BRL,kg,spot,,,physical
2026-01-27,legumes,cebola-no-atacado,Cebola - Ceasas,Nacional (Caixa 4),,variacao_pct,5.88,"+5,88",%,change_pct,,pct,spot,,,physical
2026-01-27,legumes,cebola-no-atacado,Cebola - Ceasas,Roxa (Caixa 4),,preco,2.92,"2,92",R$/Kg,price,BRL,kg,spot,,,physical
2026-01-27,legumes,cebola-no-atacado,Cebola - Ceasas,Roxa (Caixa 4),,variacao_pct,8.15,"+8,15",%,change_pct,,pct,spot,,,physical
2026-01-27,legumes,cenoura-ceasas,Cenoura - Ceasas,Cenoura 2A,,preco,2.05,"2,05",R$/Kg,price,BRL,kg,spot,,,physical
2026-01-27,legumes,cenoura-ceasas,Cenoura - Ceasas,Cenoura 2A,,variacao_pct,6.22,"+6,22",%,change_pct,,pct,spot,,,physical
2026-01-27,legumes,cenoura-ceasas,Cenoura - Ceasas,Cenoura G,,preco,1.58,"1,58",R$/Kg,price,BRL,kg,spot,,,physical
2026-01-27,legumes,cenoura-ceasas,Cenoura - Ceasas,Cenoura G,,variacao_pct,1.94,"+1,94",%,change_pct,,pct,spot,,,physical
2026-01-27,legumes,cenoura-ceasas,Cenoura - Ceasas,Especial,,preco,1.5,"1,50",R$/Kg,price,BRL,kg,spot,,,physical
2026-01-27,legumes,cenoura-ceasas,Cenoura - Ceasas,Especial,,variacao_pct,0.0,"0,00",%,change_pct,,pct,spot,,,physical
2026-01-27,legumes,cenoura-ceasas,Cenoura - Ceasas,Extra,,preco,1.5,"1,50",R$/Kg,price,BRL,kg,spot,,,physical
2026-01-27,legumes,cenoura-ceasas,Cenoura - Ceasas,Extra,,variacao_pct,0.0,"0,00",%,change_pct,,pct,spot,,,physical
2026-01-27,legumes,cenoura-ceasas,Cenoura - Ceasas,Extra A,,preco,2.25,"2,25",R$/Kg,price,BRL,kg,spot,,,physical
2026-01-27,legumes,cenoura-ceasas,Cenoura - Ceasas,Extra A,,variacao_pct,0.0,"0,00",%,change_pct,,pct,spot,,,physical
2026-01-27,legumes,tomate-ceasas,Tomate - Ceasas,Carmem 3A,,preco,3.53,"3,53",R$/Kg,price,BRL,kg,spot,,,physical
2026-01-27,legumes,tomate-ceasas,Tomate - Ceasas,Carmem 3A,,variacao_pct,0.28,"+0,28",%,change_pct,,pct,spot,,,physical
2026-01-27,legumes,tomate-ceasas,Tomate - Ceasas,Débora 3A,,preco,3.39,"3,39",R$/Kg,price,BRL,kg,spot,,,physical
2026-01-27,legumes,tomate-ceasas,Tomate - Ceasas,Débora 3A,,variacao_pct,28.41,"+28,41",%,change_pct,,pct,spot,,,physical
2026-01-27,legumes,tomate-ceasas,Tomate - Ceasas,Longa Vida/Carmem Extra,,preco,4.5,"4,50",R$/Kg,price,BRL,kg,spot,,,physical
2026-01-27,legumes,tomate-ceasas,Tomate - Ceasas,Longa Vida/Carmem Extra,,variacao_pct,0.0,"0,00",%,change_pct,,pct,spot,,,physical
2026-01-27,legumes,tomate-ceasas,Tomate - Ceasas,Longa Vida/Débora Extra,,preco,4.25,"4,25",R$/Kg,price,BRL,kg,spot,,,physical
2026-01-27,legumes,tomate-ceasas,Tomate - Ceasas,Longa Vida/Débora Extra,,variacao_pct,0.0,"0,00",%,change_pct,,pct,spot,,,physical
2026-01-27,legumes,tomate-ceasas,Tomate - Ceasas,Longa Vida/Extra A,,preco,2.75,"2,75",R$/Kg,price,BRL,kg,spot,,,physical
2026-01-27,legumes,tomate-ceasas,Tomate - Ceasas,Longa Vida/Extra A,,variacao_pct,0.0,"0,00",%,change_pct,,pct,spot,,,physical
2026-01-27,legumes,tomate-ceasas,Tomate - Ceasas,Santa Cruz/Extra A,,preco,,s/ cotação,R$/Kg,price,BRL,kg,spot,,,physical
2026-01-27,legumes,tomate-ceasas,Tomate - Ceasas,Santa Cruz/Extra A,,variacao_pct,,-,%,change_pct,,pct,spot,,,physical
2026-01-28,legumes,batata-ceasas,Batata - Ceasas,Agatha Primeira,,preco,1.4,"1,40",R$/Kg,price,BRL,kg,spot,,,physical
2026-01-28,legumes,batata-ceasas,Batata - Ceasas,Agatha Primeira,,variacao_pct,0.0,"0,00",%,change_pct,,pct,spot,,,physical
2026-01-28,legumes,batata-ceasas,Batata - Ceasas,Aster Primeira,,preco,0.8,"0,80",R$/Kg,price,BRL,kg,spot,,,physical
2026-01-28,legumes,batata-ceasas,Batata - Ceasas,Aster Primeira,,variacao_pct,0.0,"0,00",%,change_pct,,pct,spot,,,physical
2026-01-28,legumes,batata-ceasas,Batata - Ceasas,Asterix,,preco,2.06,"2,06",R$/Kg,price,BRL,kg,spot,,,physical
2026-01-28,legumes,batata-ceasas,Batata - Ceasas,Asterix,,variacao_pct,0.0,"0,00",%,change_pct,,pct,spot,,,physical
2026-01-28,legumes,batata-ceasas,Batata - Ceasas,Escovada Especial,,preco,2.0,"2,00",R$/Kg,price,BRL,kg,spot,,,physical
2026-01-28,legumes,batata-ceasas,Batata - Ceasas,Escovada Especial,,variacao_pct,0.0,"0,00",%,change_pct,,pct,spot,,,physical
2026-01-28,legumes,batata-ceasas,Batata - Ceasas,Lavada Especial,,preco,2.02,"2,02",R$/Kg,price,BRL,kg,spot,,,physical
2026-01-28,legumes,batata-ceasas,Batata - Ceasas,Lavada Especial,,variacao_pct,0.0,"0,00",%,change_pct,,pct,spot,,,physical
2026-01-28,legumes,batata-ceasas,Batata - Ceasas,Yacon,,preco,8.0,"8,00",R$/Kg,price,BRL,kg,spot,,,physical
2026-01-28,legumes,batata-ceasas,Batata - Ceasas,Yacon,,variacao_pct,0.0,"0,00",%,change_pct,,pct,spot,,,physical
2026-01-28,legumes,cebola-no-atacado,Cebola - Ceasas,Amarela Mineira,,preco,1.75,"1,75",R$/Kg,price,BRL,kg,spot,,,physical
2026-01-28,legumes,cebola-no-atacado,Cebola - Ceasas,Amarela Mineira,,variacao_pct,0.0,"0,00",%,change_pct,,pct,spot,,,physical
2026-01-28,legumes,cebola-no-atacado,Cebola - Ceasas,Amarela Paulista,,preco,,s/ cotação,R$/Kg,price,BRL,kg,spot,,,physical
2026-01-28,legumes,cebola-no-atacado,Cebola - Ceasas,Amarela Paulista,,variacao_pct,,-,%,change_pct,,pct,spot,,,physical
2026-01-28,legumes,cebola-no-atacado,Cebola - Ceasas,Amarela Pernambucana,,preco,,s/ cotação,R$/Kg,price,BRL,kg,spot,,,physical
2026-01-28,legumes,cebola-no-atacado,Cebola - Ceasas,Amarela Pernambucana,,variacao_pct,,-,%,change_pct,,pct,spot,,,physical
2026-01-28,legumes,cebola-no-atacado,Cebola - Ceasas,Amarela Santa Catarina,,preco,1.75,"1,75",R$/Kg,price,BRL,kg,spot,,,physical
2026-01-28,legumes,cebola-no-atacado,Cebola - Ceasas,Amarela Santa Catarina,,variacao_pct,0.0,"0,00",%,change_pct,,pct,spot,,,physical
2026-01-28,legumes,cebola-no-atacado,Cebola - Ceasas,Importada Argentina,,preco,,s/ cotação,R$/Kg,price,BRL,kg,spot,,,physical
2026-01-28,legumes,cebola-no-atacado,Cebola - Ceasas,Importada Argentina,,variacao_pct,,-,%,change_pct,,pct,spot,,,physical
2026-01-28,legumes,cebola-no-atacado,Cebola - Ceasas,Nacional (Caixa 4),,preco,1.62,"1,62",R$/Kg,price,BRL,kg,spot,,,physical
2026-01-28,legumes,cebola-no-atacado,Cebola - Ceasas,Nacional (Caixa 4),,variacao_pct,0.0,"0,00",%,change_pct,,pct,spot,,,physical
2026-01-28,legumes,cebola-no-atacado,Cebola - Ceasas,Roxa (Caixa 4),,preco,2.92,"2,92",R$/Kg,price,BRL,kg,spot,,,physical
2026-01-28,legumes,cebola-no-atacado,Cebola - Ceasas,Roxa (Caixa 4),,variacao_pct,0.0,"0,00",%,change_pct,,pct,spot,,,physical
2026-01-28,legumes,cenoura-ceasas,Cenoura - Ceasas,Cenoura 2A,,preco,2.05,"2,05",R$/Kg,price,BRL,kg,spot,,,physical
2026-01-28,legumes,cenoura-ceasas,Cenoura - Ceasas,Cenoura 2A,,variacao_pct,0.0,"0,00",%,change_pct,,pct,spot,,,physical
2026-01-28,legumes,cenoura-ceasas,Cenoura - Ceasas,Cenoura G,,preco,1.58,"1,58",R$/Kg,price,BRL,kg,spot,,,physical
2026-01-28,legumes,cenoura-ceasas,Cenoura - Ceasas,Cenoura G,,variacao_pct,0.0,"0,00",%,change_pct,,pct,spot,,,physical
2026-01-28,legumes,cenoura-ceasas,Cenoura - Ceasas,Especial,,preco,1.5,"1,50",R$/Kg,price,BRL,kg,spot,,,physical
2026-01-28,legumes,cenoura-ceasas,Cenoura - Ceasas,Especial,,variacao_pct,0.0,"0,00",%,change_pct,,pct,spot,,,physical
2026-01-28,legumes,cenoura-ceasas,Cenoura - Ceasas,Extra,,preco,1.5,"1,50",R$/Kg,price,BRL,kg,spot,,,physical
2026-01-28,legumes,cenoura-ceasas,Cenoura - Ceasas,Extra,,variacao_pct,0.0,"0,00",%,change_pct,,pct,spot,,,physical
2026-01-28,legumes,cenoura-ceasas,Cenoura - Ceasas,Extra A,,preco,2.25,"2,25",R$/Kg,price,BRL,kg,spot,,,physical
2026-01-28,legumes,cenoura-ceasas,Cenoura - Ceasas,Extra A,,variacao_pct,0.0,"0,00",%,change_pct,,pct,spot,,,physical
2026-01-28,legumes,tomate-ceasas,Tomate - Ceasas,Carmem 3A,,preco,3.53,"3,53",R$/Kg,price,BRL,kg,spot,,,physical
2026-01-28,legumes,tomate-ceasas,Tomate - Ceasas,Carmem 3A,,variacao_pct,0.0,"0,00",%,change_pct,,pct,spot,,,physical
2026-01-28,legumes,tomate-ceasas,Tomate - Ceasas,Débora 3A,,preco,3.39,"3,39",R$/Kg,price,BRL,kg,spot,,,physical
2026-01-28,legumes,tomate-ceasas,Tomate - Ceasas,Débora 3A,,variacao_pct,0.0,"0,00",%,change_pct,,pct,spot,,,physical
2026-01-28,legumes,tomate-ceasas,Tomate - Ceasas,Longa Vida/Carmem Extra,,preco,4.5,"4,50",R$/Kg,price,BRL,kg,spot,,,physical
2026-01-28,legumes,tomate-ceasas,Tomate - Ceasas,Longa Vida/Carmem Extra,,variacao_pct,0.0,"0,00",%,change_pct,,pct,spot,,,physical
2026-01-28,legumes,tomate-ceasas,Tomate - Ceasas,Longa Vida/Débora Extra,,preco,4.25,"4,25",R$/Kg,price,BRL,kg,spot,,,physical
2026-01-28,legumes,tomate-ceasas,Tomate - Ceasas,Longa Vida/Débora Extra,,variacao_pct,0.0,"0,00",%,change_pct,,pct,spot,,,physical
2026-01-28,legumes,tomate-ceasas,Tomate - Ceasas,Longa Vida/Extra A,,preco,2.75,"2,75",R$/Kg,price,BRL,kg,spot,,,physical
2026-01-28,legumes,tomate-ceasas,Tomate - Ceasas,Longa Vida/Extra A,,variacao_pct,0.0,"0,00",%,change_pct,,pct,spot,,,physical
2026-01-28,legumes,tomate-ceasas,Tomate - Ceasas,Santa Cruz/Extra A,,preco,,s/ cotação,R$/Kg,price,BRL,kg,spot,,,physical
2026-01-28,legumes,tomate-ceasas,Tomate - Ceasas,Santa Cruz/Extra A,,variacao_pct,,-,%,change_pct,,pct,spot,,,physical
2026-01-29,legumes,batata-ceasas,Batata - Ceasas,Agatha Primeira,,preco,1.4,"1,40",R$/Kg,price,BRL,kg,spot,,,physical
2026-01-29,legumes,batata-ceasas,Batata - Ceasas,Agatha Primeira,,variacao_pct,0.0,"0,00",%,change_pct,,pct,spot,,,physical
2026-01-29,legumes,batata-ceasas,Batata - Ceasas,Aster Primeira,,preco,0.8,"0,80",R$/Kg,price,BRL,kg,spot,,,physical
2026-01-29,legumes,batata-ceasas,Batata - Ceasas,Aster Primeira,,variacao_pct,0.0,"0,00",%,change_pct,,pct,spot,,,physical
2026-01-29,legumes,batata-ceasas,Batata - Ceasas,Asterix,,preco,2.18,"2,18",R$/Kg,price,BRL,kg,spot,,,physical
2026-01-29,legumes,batata-ceasas,Batata - Ceasas,Asterix,,variacao_pct,5.83,"+5,83",%,change_pct,,pct,spot,,,physical
2026-01-29,legumes,batata-ceasas,Batata - Ceasas,Escovada Especial,,preco,2.0,"2,00",R$/Kg,price,BRL,kg,spot,,,physical
2026-01-29,legumes,batata-ceasas,Batata - Ceasas,Escovada Especial,,variacao_pct,0.0,"0,00",%,change_pct,,pct,spot,,,physical
2026-01-29,legumes,batata-ceasas,Batata - Ceasas,Lavada Especial,,preco,2.21,"2,21",R$/Kg,price,BRL,kg,spot,,,physical
2026-01-29,legumes,batata-ceasas,Batata - Ceasas,Lavada Especial,,variacao_pct,9.41,"+9,41",%,change_pct,,pct,spot,,,physical
2026-01-29,legumes,batata-ceasas,Batata - Ceasas,Yacon,,preco,8.0,"8,00",R$/Kg,price,BRL,kg,spot,,,physical
2026-01-29,legumes,batata-ceasas,Batata - Ceasas,Yacon,,variacao_pct,0.0,"0,00",%,change_pct,,pct,spot,,,physical
2026-01-29,legumes,cebola-no-atacado,Cebola - Ceasas,Amarela Mineira,,preco,,s/ cotação,R$/Kg,price,BRL,kg,spot,,,physical
2026-01-29,legumes,cebola-no-atacado,Cebola - Ceasas,Amarela Mineira,,variacao_pct,,-,%,change_pct,,pct,spot,,,physical
2026-01-29,legumes,cebola-no-atacado,Cebola - Ceasas,Amarela Paulista,,preco,,s/ cotação,R$/Kg,price,BRL,kg,spot,,,physical
2026-01-29,legumes,cebola-no-atacado,Cebola - Ceasas,Amarela Paulista,,variacao_pct,,-,%,change_pct,,pct,spot,,,physical
2026-01-29,legumes,cebola-no-atacado,Cebola - Ceasas,Amarela Pernambucana,,preco,,s/ cotação,R$/Kg,price,BRL,kg,spot,,,physical
2026-01-29,legumes,cebola-no-atacado,Cebola - Ceasas,Amarela Pernambucana,,variacao_pct,,-,%,change_pct,,pct,spot,,,physical
2026-01-29,legumes,cebola-no-atacado,Cebola - Ceasas,Amarela Santa Catarina,,preco,1.75,"1,75",R$/Kg,price,BRL,kg,spot,,,physical
2026-01-29,legumes,cebola-no-atacado,Cebola - Ceasas,Amarela Santa Catarina,,variacao_pct,0.0,"0,00",%,change_pct,,pct,spot,,,physical
2026-01-29,legumes,cebola-no-atacado,Cebola - Ceasas,Importada Argentina,,preco,,s/ cotação,R$/Kg,price,BRL,kg,spot,,,physical
2026-01-29,legumes,cebola-no-atacado,Cebola - Ceasas,Importada Argentina,,variacao_pct,,-,%,change_pct,,pct,spot,,,physical
2026-01-29,legumes,cebola-no-atacado,Cebola - Ceasas,Nacional (Caixa 4),,preco,1.57,"1,57",R$/Kg,price,BRL,kg,spot,,,physical
2026-01-29,legumes,cebola-no-atacado,Cebola - Ceasas,Nacional (Caixa 4),,variacao_pct,-3.09,"-3,09",%,change_pct,,pct,spot,,,physical
2026-01-29,legumes,cebola-no-atacado,Cebola - Ceasas,Roxa (Caixa 4),,preco,3.11,"3,11",R$/Kg,price,BRL,kg,spot,,,physical
2026-01-29,legumes,cebola-no-atacado,Cebola - Ceasas,Roxa (Caixa 4),,variacao_pct,6.51,"+6,51",%,change_pct,,pct,spot,,,physical
2026-01-29,legumes,cenoura-ceasas,Cenoura - Ceasas,Cenoura 2A,,preco,2.11,"2,11",R$/Kg,price,BRL,kg,spot,,,physical
2026-01-29,legumes,cenoura-ceasas,Cenoura - Ceasas,Cenoura 2A,,variacao_pct,2.93,"+2,93",%,change_pct,,pct,spot,,,physical
2026-01-29,legumes,cenoura-ceasas,Cenoura - Ceasas,Cenoura G,,preco,1.65,"1,65",R$/Kg,price,BRL,kg,spot,,,physical
2026-01-29,legumes,cenoura-ceasas,Cenoura - Ceasas,Cenoura G,,variacao_pct,4.43,"+4,43",%,change_pct,,pct,spot,,,physical
2026-01-29,legumes,cenoura-ceasas,Cenoura - Ceasas,Especial,,preco,1.5,"1,50",R$/Kg,price,BRL,kg,spot,,,physical
2026-01-29,legumes,cenoura-ceasas,Cenoura - Ceasas,Especial,,variacao_pct,0.0,"0,00",%,change_pct,,pct,spot,,,physical
2026-01-29,legumes,cenoura-ceasas,Cenoura - Ceasas,Extra,,preco,1.5,"1,50",R$/Kg,price,BRL,kg,spot,,,physical
2026-01-29,legumes,cenoura-ceasas,Cenoura - Ceasas,Extra,,variacao_pct,0.0,"0,00",%,change_pct,,pct,spot,,,physical
2026-01-29,legumes,cenoura-ceasas,Cenoura - Ceasas,Extra A,,preco,2.25,"2,25",R$/Kg,price,BRL,kg,spot,,,physical
2026-01-29,legumes,cenoura-ceasas,Cenoura - Ceasas,Extra A,,variacao_pct,0.0,"0,00",%,change_pct,,pct,spot,,,physical
2026-01-29,legumes,tomate-ceasas,Tomate - Ceasas,Carmem 3A,,preco,3.99,"3,99",R$/Kg,price,BRL,kg,spot,,,physical
2026-01-29,legumes,tomate-ceasas,Tomate - Ceasas,Carmem 3A,,variacao_pct,13.03,"+13,03",%,change_pct,,pct,spot,,,physical
2026-01-29,legumes,tomate-ceasas,Tomate - Ceasas,Débora 3A,,preco,4.11,"4,11",R$/Kg,price,BRL,kg,spot,,,physical
2026-01-29,legumes,tomate-ceasas,Tomate - Ceasas,Débora 3A,,variacao_pct,21.24,"+21,24",%,change_pct,,pct,spot,,,physical
2026-01-29,legumes,tomate-ceasas,Tomate - Ceasas,Longa Vida/Carmem Extra,,preco,4.5,"4,50",R$/Kg,price,BRL,kg,spot,,,physical
2026-01-29,legumes,tomate-ceasas,Tomate - Ceasas,Longa Vida/Carmem Extra,,variacao_pct,0.0,"0,00",%,change_pct,,pct,spot,,,physical
2026-01-29,legumes,tomate-ceasas,Tomate - Ceasas,Longa Vida/Débora Extra,,preco,4.25,"4,25",R$/Kg,price,BRL,kg,spot,,,physical
2026-01-29,legumes,tomate-ceasas,Tomate - Ceasas,Longa Vida/Débora Extra,,variacao_pct,0.0,"0,00",%,change_pct,,pct,spot,,,physical
2026-01-29,legumes,tomate-ceasas,Tomate - Ceasas,Longa Vida/Extra A,,preco,3.25,"3,25",R$/Kg,price,BRL,kg,spot,,,physical
2026-01-29,legumes,tomate-ceasas,Tomate - Ceasas,Longa Vida/Extra A,,variacao_pct,18.18,"+18,18",%,change_pct,,pct,spot,,,physical
2026-01-29,legumes,tomate-ceasas,Tomate - Ceasas,Santa Cruz/Extra A,,preco,,s/ cotação,R$/Kg,price,BRL,kg,spot,,,physical
2026-01-29,legumes,tomate-ceasas,Tomate - Ceasas,Santa Cruz/Extra A,,variacao_pct,,-,%,change_pct,,pct,spot,,,physical
2026-01-30,legumes,batata-ceasas,Batata - Ceasas,Agatha Primeira,,preco,1.4,"1,40",R$/Kg,price,BRL,kg,spot,,,physical
2026-01-30,legumes,batata-ceasas,Batata - Ceasas,Agatha Primeira,,variacao_pct,0.0,"0,00",%,change_pct,,pct,spot,,,physical
2026-01-30,legumes,batata-ceasas,Batata - Ceasas,Aster Primeira,,preco,0.8,"0,80",R$/Kg,price,BRL,kg,spot,,,physical
2026-01-30,legumes,batata-ceasas,Batata - Ceasas,Aster Primeira,,variacao_pct,0.0,"0,00",%,change_pct,,pct,spot,,,physical
2026-01-30,legumes,batata-ceasas,Batata - Ceasas,Asterix,,preco,2.18,"2,18",R$/Kg,price,BRL,kg,spot,,,physical
2026-01-30,legumes,batata-ceasas,Batata - Ceasas,Asterix,,variacao_pct,0.0,"0,00",%,change_pct,,pct,spot,,,physical
2026-01-30,legumes,batata-ceasas,Batata - Ceasas,Escovada Especial,,preco,2.0,"2,00",R$/Kg,price,BRL,kg,spot,,,physical
2026-01-30,legumes,batata-ceasas,Batata - Ceasas,Escovada Especial,,variacao_pct,0.0,"0,00",%,change_pct,,pct,spot,,,physical
2026-01-30,legumes,batata-ceasas,Batata - Ceasas,Lavada Especial,,preco,2.21,"2,21",R$/Kg,price,BRL,kg,spot,,,physical
2026-01-30,legumes,batata-ceasas,Batata - Ceasas,Lavada Especial,,variacao_pct,0.0,"0,00",%,change_pct,,pct,spot,,,physical
2026-01-30,legumes,batata-ceasas,Batata - Ceasas,Yacon,,preco,8.0,"8,00",R$/Kg,price,BRL,kg,spot,,,physical
2026-01-30,legumes,batata-ceasas,Batata - Ceasas,Yacon,,variacao_pct,0.0,"0,00",%,change_pct,,pct,spot,,,physical
2026-01-30,legumes,cebola-no-atacado,Cebola - Ceasas,Amarela Mineira,,preco,,s/ cotação,R$/Kg,price,BRL,kg,spot,,,physical
2026-01-30,legumes,cebola-no-atacado,Cebola - Ceasas,Amarela Mineira,,variacao_pct,,-,%,change_pct,,pct,spot,,,physical
2026-01-30,legumes,cebola-no-atacado,Cebola - Ceasas,Amarela Paulista,,preco,,s/ cotação,R$/Kg,price,BRL,kg,spot,,,physical
2026-01-30,legumes,cebola-no-atacado,Cebola - Ceasas,Amarela Paulista,,variacao_pct,,-,%,change_pct,,pct,spot,,,physical
2026-01-30,legumes,cebola-no-atacado,Cebola - Ceasas,Amarela Pernambucana,,preco,,s/ cotação,R$/Kg,price,BRL,kg,spot,,,physical
2026-01-30,legumes,cebola-no-atacado,Cebola - Ceasas,Amarela Pernambucana,,variacao_pct,,-,%,change_pct,,pct,spot,,,physical
2026-01-30,legumes,cebola-no-atacado,Cebola - Ceasas,Amarela Santa Catarina,,preco,1.75,"1,75",R$/Kg,price,BRL,kg,spot,,,physical
2026-01-30,legumes,cebola-no-atacado,Cebola - Ceasas,Amarela Santa Catarina,,variacao_pct,0.0,"0,00",%,change_pct,,pct,spot,,,physical
2026-01-30,legumes,cebola-no-atacado,Cebola - Ceasas,Importada Argentina,,preco,,s/ cotação,R$/Kg,price,BRL,kg,spot,,,physical
2026-01-30,legumes,cebola-no-atacado,Cebola - Ceasas,Importada Argentina,,variacao_pct,,-,%,change_pct,,pct,spot,,,physical
2026-01-30,legumes,cebola-no-atacado,Cebola - Ceasas,Nacional (Caixa 4),,preco,1.57,"1,57",R$/Kg,price,BRL,kg,spot,,,physical
2026-01-30,legumes,cebola-no-atacado,Cebola - Ceasas,Nacional (Caixa 4),,variacao_pct,0.0,"0,00",%,change_pct,,pct,spot,,,physical
2026-01-30,legumes,cebola-no-atacado,Cebola - Ceasas,Roxa (Caixa 4),,preco,3.11,"3,11",R$/Kg,price,BRL,kg,spot,,,physical
2026-01-30,legumes,cebola-no-atacado,Cebola - Ceasas,Roxa (Caixa 4),,variacao_pct,0.0,"0,00",%,change_pct,,pct,spot,,,physical
2026-01-30,legumes,cenoura-ceasas,Cenoura - Ceasas,Cenoura 2A,,preco,2.11,"2,11",R$/Kg,price,BRL,kg,spot,,,physical
2026-01-30,legumes,cenoura-ceasas,Cenoura - Ceasas,Cenoura 2A,,variacao_pct,0.0,"0,00",%,change_pct,,pct,spot,,,physical
2026-01-30,legumes,cenoura-ceasas,Cenoura - Ceasas,Cenoura G,,preco,1.65,"1,65",R$/Kg,price,BRL,kg,spot,,,physical
2026-01-30,legumes,cenoura-ceasas,Cenoura - Ceasas,Cenoura G,,variacao_pct,0.0,"0,00",%,change_pct,,pct,spot,,,physical
2026-01-30,legumes,cenoura-ceasas,Cenoura - Ceasas,Especial,,preco,1.5,"1,50",R$/Kg,price,BRL,kg,spot,,,physical
2026-01-30,legumes,cenoura-ceasas,Cenoura - Ceasas,Especial,,variacao_pct,0.0,"0,00",%,change_pct,,pct,spot,,,physical
2026-01-30,legumes,cenoura-ceasas,Cenoura - Ceasas,Extra,,preco,1.5,"1,50",R$/Kg,price,BRL,kg,spot,,,physical
2026-01-30,legumes,cenoura-ceasas,Cenoura - Ceasas,Extra,,variacao_pct,0.0,"0,00",%,change_pct,,pct,spot,,,physical
2026-01-30,legumes,cenoura-ceasas,Cenoura - Ceasas,Extra A,,preco,2.25,"2,25",R$/Kg,price,BRL,kg,spot,,,physical
2026-01-30,legumes,cenoura-ceasas,Cenoura - Ceasas,Extra A,,variacao_pct,0.0,"0,00",%,change_pct,,pct,spot,,,physical
2026-01-30,legumes,tomate-ceasas,Tomate - Ceasas,Carmem 3A,,preco,3.99,"3,99",R$/Kg,price,BRL,kg,spot,,,physical
2026-01-30,legumes,tomate-ceasas,Tomate - Ceasas,Carmem 3A,,variacao_pct,0.0,"0,00",%,change_pct,,pct,spot,,,physical
2026-01-30,legumes,tomate-ceasas,Tomate - Ceasas,Débora 3A,,preco,4.11,"4,11",R$/Kg,price,BRL,kg,spot,,,physical
2026-01-30,legumes,tomate-ceasas,Tomate - Ceasas,Débora 3A,,variacao_pct,0.0,"0,00",%,change_pct,,pct,spot,,,physical
2026-01-30,legumes,tomate-ceasas,Tomate - Ceasas,Longa Vida/Carmem Extra,,preco,4.5,"4,50",R$/Kg,price,BRL,kg,spot,,,physical
2026-01-30,legumes,tomate-ceasas,Tomate - Ceasas,Longa Vida/Carmem Extra,,variacao_pct,0.0,"0,00",%,change_pct,,pct,spot,,,physical
2026-01-30,legumes,tomate-ceasas,Tomate - Ceasas,Longa Vida/Débora Extra,,preco,4.25,"4,25",R$/Kg,price,BRL,kg,spot,,,physical
2026-01-30,legumes,tomate-ceasas,Tomate - Ceasas,Longa Vida/Débora Extra,,variacao_pct,0.0,"0,00",%,change_pct,,pct,spot,,,physical
2026-01-30,legumes,tomate-ceasas,Tomate - Ceasas,Longa Vida/Extra A,,preco,3.25,"3,25",R$/Kg,price,BRL,kg,spot,,,physical
2026-01-30,legumes,tomate-ceasas,Tomate - Ceasas,Longa Vida/Extra A,,variacao_pct,0.0,"0,00",%,change_pct,,pct,spot,,,physical
2026-01-30,legumes,tomate-ceasas,Tomate - Ceasas,Santa Cruz/Extra A,,preco,,s/ cotação,R$/Kg,price,BRL,kg,spot,,,physical
2026-01-30,legumes,tomate-ceasas,Tomate - Ceasas,Santa Cruz/Extra A,,variacao_pct,,-,%,change_pct,,pct,spot,,,physical
2026-02-02,legumes,batata-ceasas,Batata - Ceasas,Agatha Primeira,,preco,1.6,"1,60",R$/Kg,price,BRL,kg,spot,,,physical
2026-02-02,legumes,batata-ceasas,Batata - Ceasas,Agatha Primeira,,variacao_pct,14.29,"+14,29",%,change_pct,,pct,spot,,,physical
2026-02-02,legumes,batata-ceasas,Batata - Ceasas,Aster Primeira,,preco,0.8,"0,80",R$/Kg,price,BRL,kg,spot,,,physical
2026-02-02,legumes,batata-ceasas,Batata - Ceasas,Aster Primeira,,variacao_pct,0.0,"0,00",%,change_pct,,pct,spot,,,physical
2026-02-02,legumes,batata-ceasas,Batata - Ceasas,Asterix,,preco,2.44,"2,44",R$/Kg,price,BRL,kg,spot,,,physical
2026-02-02,legumes,batata-ceasas,Batata - Ceasas,Asterix,,variacao_pct,11.93,"+11,93",%,change_pct,,pct,spot,,,physical
2026-02-02,legumes,batata-ceasas,Batata - Ceasas,Escovada Especial,,preco,2.4,"2,40",R$/Kg,price,BRL,kg,spot,,,physical
2026-02-02,legumes,batata-ceasas,Batata - Ceasas,Escovada Especial,,variacao_pct,20.0,"+20,00",%,change_pct,,pct,spot,,,physical
2026-02-02,legumes,batata-ceasas,Batata - Ceasas,Lavada Especial,,preco,3.29,"3,29",R$/Kg,price,BRL,kg,spot,,,physical
2026-02-02,legumes,batata-ceasas,Batata - Ceasas,Lavada Especial,,variacao_pct,48.87,"+48,87",%,change_pct,,pct,spot,,,physical
2026-02-02,legumes,batata-ceasas,Batata - Ceasas,Yacon,,preco,8.0,"8,00",R$/Kg,price,BRL,kg,spot,,,physical
2026-02-02,legumes,batata-ceasas,Batata - Ceasas,Yacon,,variacao_pct,0.0,"0,00",%,change_pct,,pct,spot,,,physical
2026-02-02,legumes,cebola-no-atacado,Cebola - Ceasas,Amarela Mineira,,preco,,s/ cotação,R$/Kg,price,BRL,kg,spot,,,physical
2026-02-02,legumes,cebola-no-atacado,Cebola - Ceasas,Amarela Mineira,,variacao_pct,,-,%,change_pct,,pct,spot,,,physical
2026-02-02,legumes,cebola-no-atacado,Cebola - Ceasas,Amarela Paulista,,preco,,s/ cotação,R$/Kg,price,BRL,kg,spot,,,physical
2026-02-02,legumes,cebola-no-atacado,Cebola - Ceasas,Amarela Paulista,,variacao_pct,,-,%,change_pct,,pct,spot,,,physical
2026-02-02,legumes,cebola-no-atacado,Cebola - Ceasas,Amarela Pernambucana,,preco,,s/ cotação,R$/Kg,price,BRL,kg,spot,,,physical
2026-02-02,legumes,cebola-no-atacado,Cebola - Ceasas,Amarela Pernambucana,,variacao_pct,,-,%,change_pct,,pct,spot,,,physical
2026-02-02,legumes,cebola-no-atacado,Cebola - Ceasas,Amarela Santa Catarina,,preco,1.75,"1,75",R$/Kg,price,BRL,kg,spot,,,physical
2026-02-02,legumes,cebola-no-atacado,Cebola - Ceasas,Amarela Santa Catarina,,variacao_pct,0.0,"0,00",%,change_pct,,pct,spot,,,physical
2026-02-02,legumes,cebola-no-atacado,Cebola - Ceasas,Importada Argentina,,preco,,s/ cotação,R$/Kg,price,BRL,kg,spot,,,physical
2026-02-02,legumes,cebola-no-atacado,Cebola - Ceasas,Importada Argentina,,variacao_pct,,-,%,change_pct,,pct,spot,,,physical
2026-02-02,legumes,cebola-no-atacado,Cebola - Ceasas,Nacional (Caixa 4),,preco,1.58,"1,58",R$/Kg,price,BRL,kg,spot,,,physical
2026-02-02,legumes,cebola-no-atacado,Cebola - Ceasas,Nacional (Caixa 4),,variacao_pct,0.64,"+0,64",%,change_pct,,pct,spot,,,physical
2026-02-02,legumes,cebola-no-atacado,Cebola - Ceasas,Roxa (Caixa 4),,preco,2.9,"2,90",R$/Kg,price,BRL,kg,spot,,,physical
2026-02-02,legumes,cebola-no-atacado,Cebola - Ceasas,Roxa (Caixa 4),,variacao_pct,-6.75,"-6,75",%,change_pct,,pct,spot,,,physical
2026-02-02,legumes,cenoura-ceasas,Cenoura - Ceasas,Cenoura 2A,,preco,2.1,"2,10",R$/Kg,price,BRL,kg,spot,,,physical
2026-02-02,legumes,cenoura-ceasas,Cenoura - Ceasas,Cenoura 2A,,variacao_pct,-0.47,"-0,47",%,change_pct,,pct,spot,,,physical
2026-02-02,legumes,cenoura-ceasas,Cenoura - Ceasas,Cenoura G,,preco,1.64,"1,64",R$/Kg,price,BRL,kg,spot,,,physical
2026-02-02,legumes,cenoura-ceasas,Cenoura - Ceasas,Cenoura G,,variacao_pct,-0.61,"-0,61",%,change_pct,,pct,spot,,,physical
2026-02-02,legumes,cenoura-ceasas,Cenoura - Ceasas,Especial,,preco,1.75,"1,75",R$/Kg,price,BRL,kg,spot,,,physical
2026-02-02,legumes,cenoura-ceasas,Cenoura - Ceasas,Especial,,variacao_pct,16.67,"+16,67",%,change_pct,,pct,spot,,,physical
2026-02-02,legumes,cenoura-ceasas,Cenoura - Ceasas,Extra,,preco,1.5,"1,50",R$/Kg,price,BRL,kg,spot,,,physical
2026-02-02,legumes,cenoura-ceasas,Cenoura - Ceasas,Extra,,variacao_pct,0.0,"0,00",%,change_pct,,pct,spot,,,physical
2026-02-02,legumes,cenoura-ceasas,Cenoura - Ceasas,Extra A,,preco,2.25,"2,25",R$/Kg,price,BRL,kg,spot,,,physical
2026-02-02,legumes,cenoura-ceasas,Cenoura - Ceasas,Extra A,,variacao_pct,0.0,"0,00",%,change_pct,,pct,spot,,,physical
2026-02-02,legumes,tomate-ceasas,Tomate - Ceasas,Carmem 3A,,preco,5.81,"5,81",R$/Kg,price,BRL,kg,spot,,,physical
2026-02-02,legumes,tomate-ceasas,Tomate - Ceasas,Carmem 3A,,variacao_pct,45.61,"+45,61",%,change_pct,,pct,spot,,,physical
2026-02-02,legumes,tomate-ceasas,Tomate - Ceasas,Débora 3A,,preco,4.87,"4,87",R$/Kg,price,BRL,kg,spot,,,physical
2026-02-02,legumes,tomate-ceasas,Tomate - Ceasas,Débora 3A,,variacao_pct,18.49,"+18,49",%,change_pct,,pct,spot,,,physical
2026-02-02,legumes,tomate-ceasas,Tomate - Ceasas,Longa Vida/Carmem Extra,,preco,5.5,"5,50",R$/Kg,price,BRL,kg,spot,,,physical
2026-02-02,legumes,tomate-ceasas,Tomate - Ceasas,Longa Vida/Carmem Extra,,variacao_pct,22.22,"+22,22",%,change_pct,,pct,spot,,,physical
2026-02-02,legumes,tomate-ceasas,Tomate - Ceasas,Longa Vida/Débora Extra,,preco,5.0,"5,00",R$/Kg,price,BRL,kg,spot,,,physical
2026-02-02,legumes,tomate-ceasas,Tomate - Ceasas,Longa Vida/Débora Extra,,variacao_pct,17.65,"+17,65",%,change_pct,,pct,spot,,,physical
2026-02-02,legumes,tomate-ceasas,Tomate - Ceasas,Longa Vida/Extra A,,preco,3.5,"3,50",R$/Kg,price,BRL,kg,spot,,,physical
2026-02-02,legumes,tomate-ceasas,Tomate - Ceasas,Longa Vida/Extra A,,variacao_pct,7.69,"+7,69",%,change_pct,,pct,spot,,,physical
2026-02-02,legumes,tomate-ceasas,Tomate - Ceasas,Santa Cruz/Extra A,,preco,,s/ cotação,R$/Kg,price,BRL,kg,spot,,,physical
2026-02-02,legumes,tomate-ceasas,Tomate - Ceasas,Santa Cruz/Extra A,,variacao_pct,,-,%,change_pct,,pct,spot,,,physical
2026-02-03,legumes,batata-ceasas,Batata - Ceasas,Agatha Primeira,,preco,1.6,"1,60",R$/Kg,price,BRL,kg,spot,,,physical
2026-02-03,legumes,batata-ceasas,Batata - Ceasas,Agatha Primeira,,variacao_pct,0.0,"0,00",%,change_pct,,pct,spot,,,physical
2026-02-03,legumes,batata-ceasas,Batata - Ceasas,Aster Primeira,,preco,0.8,"0,80",R$/Kg,price,BRL,kg,spot,,,physical
2026-02-03,legumes,batata-ceasas,Batata - Ceasas,Aster Primeira,,variacao_pct,0.0,"0,00",%,change_pct,,pct,spot,,,physical
2026-02-03,legumes,batata-ceasas,Batata - Ceasas,Asterix,,preco,2.08,"2,08",R$/Kg,price,BRL,kg,spot,,,physical
2026-02-03,legumes,batata-ceasas,Batata - Ceasas,Asterix,,variacao_pct,-14.75,"-14,75",%,change_pct,,pct,spot,,,physical
2026-02-03,legumes,batata-ceasas,Batata - Ceasas,Escovada Especial,,preco,2.4,"2,40",R$/Kg,price,BRL,kg,spot,,,physical
2026-02-03,legumes,batata-ceasas,Batata - Ceasas,Escovada Especial,,variacao_pct,0.0,"0,00",%,change_pct,,pct,spot,,,physical
2026-02-03,legumes,batata-ceasas,Batata - Ceasas,Lavada Especial,,preco,2.71,"2,71",R$/Kg,price,BRL,kg,spot,,,physical
2026-02-03,legumes,batata-ceasas,Batata - Ceasas,Lavada Especial,,variacao_pct,-17.63,"-17,63",%,change_pct,,pct,spot,,,physical
2026-02-03,legumes,batata-ceasas,Batata - Ceasas,Yacon,,preco,8.0,"8,00",R$/Kg,price,BRL,kg,spot,,,physical
2026-02-03,legumes,batata-ceasas,Batata - Ceasas,Yacon,,variacao_pct,0.0,"0,00",%,change_pct,,pct,spot,,,physical
2026-02-03,legumes,cebola-no-atacado,Cebola - Ceasas,Amarela Mineira,,preco,,s/ cotação,R$/Kg,price,BRL,kg,spot,,,physical
2026-02-03,legumes,cebola-no-atacado,Cebola - Ceasas,Amarela Mineira,,variacao_pct,,-,%,change_pct,,pct,spot,,,physical
2026-02-03,legumes,cebola-no-atacado,Cebola - Ceasas,Amarela Paulista,,preco,,s/ cotação,R$/Kg,price,BRL,kg,spot,,,physical
2026-02-03,legumes,cebola-no-atacado,Cebola - Ceasas,Amarela Paulista,,variacao_pct,,-,%,change_pct,,pct,spot,,,physical
2026-02-03,legumes,cebola-no-atacado,Cebola - Ceasas,Amarela Pernambucana,,preco,,s/ cotação,R$/Kg,price,BRL,kg,spot,,,physical
2026-02-03,legumes,cebola-no-atacado,Cebola - Ceasas,Amarela Pernambucana,,variacao_pct,,-,%,change_pct,,pct,spot,,,physical
2026-02-03,legumes,cebola-no-atacado,Cebola - Ceasas,Amarela Santa Catarina,,preco,1.75,"1,75",R$/Kg,price,BRL,kg,spot,,,physical
2026-02-03,legumes,cebola-no-atacado,Cebola - Ceasas,Amarela Santa Catarina,,variacao_pct,0.0,"0,00",%,change_pct,,pct,spot,,,physical
2026-02-03,legumes,cebola-no-atacado,Cebola - Ceasas,Importada Argentina,,preco,,s/ cotação,R$/Kg,price,BRL,kg,spot,,,physical
2026-02-03,legumes,cebola-no-atacado,Cebola - Ceasas,Importada Argentina,,variacao_pct,,-,%,change_pct,,pct,spot,,,physical
2026-02-03,legumes,cebola-no-atacado,Cebola - Ceasas,Nacional (Caixa 4),,preco,1.6,"1,60",R$/Kg,price,BRL,kg,spot,,,physical
2026-02-03,legumes,cebola-no-atacado,Cebola - Ceasas,Nacional (Caixa 4),,variacao_pct,1.27,"+1,27",%,change_pct,,pct,spot,,,physical
2026-02-03,legumes,cebola-no-atacado,Cebola - Ceasas,Roxa (Caixa 4),,preco,2.43,"2,43",R$/Kg,price,BRL,kg,spot,,,physical
2026-02-03,legumes,cebola-no-atacado,Cebola - Ceasas,Roxa (Caixa 4),,variacao_pct,-16.21,"-16,21",%,change_pct,,pct,spot,,,physical
2026-02-03,legumes,cenoura-ceasas,Cenoura - Ceasas,Cenoura 2A,,preco,2.23,"2,23",R$/Kg,price,BRL,kg,spot,,,physical
2026-02-03,legumes,cenoura-ceasas,Cenoura - Ceasas,Cenoura 2A,,variacao_pct,6.19,"+6,19",%,change_pct,,pct,spot,,,physical
2026-02-03,legumes,cenoura-ceasas,Cenoura - Ceasas,Cenoura G,,preco,1.82,"1,82",R$/Kg,price,BRL,kg,spot,,,physical
2026-02-03,legumes,cenoura-ceasas,Cenoura - Ceasas,Cenoura G,,variacao_pct,10.98,"+10,98",%,change_pct,,pct,spot,,,physical
2026-02-03,legumes,cenoura-ceasas,Cenoura - Ceasas,Especial,,preco,1.75,"1,75",R$/Kg,price,BRL,kg,spot,,,physical
2026-02-03,legumes,cenoura-ceasas,Cenoura - Ceasas,Especial,,variacao_pct,0.0,"0,00",%,change_pct,,pct,spot,,,physical
2026-02-03,legumes,cenoura-ceasas,Cenoura - Ceasas,Extra,,preco,1.5,"1,50",R$/Kg,price,BRL,kg,spot,,,physical
2026-02-03,legumes,cenoura-ceasas,Cenoura - Ceasas,Extra,,variacao_pct,0.0,"0,00",%,change_pct,,pct,spot,,,physical
2026-02-03,legumes,cenoura-ceasas,Cenoura - Ceasas,Extra A,,preco,2.0,"2,00",R$/Kg,price,BRL,kg,spot,,,physical
2026-02-03,legumes,cenoura-ceasas,Cenoura - Ceasas,Extra A,,variacao_pct,-11.11,"-11,11",%,change_pct,,pct,spot,,,physical
2026-02-03,legumes,tomate-ceasas,Tomate - Ceasas,Carmem 3A,,preco,5.66,"5,66",R$/Kg,price,BRL,kg,spot,,,physical
2026-02-03,legumes,tomate-ceasas,Tomate - Ceasas,Carmem 3A,,variacao_pct,-2.58,"-2,58",%,change_pct,,pct,spot,,,physical
2026-02-03,legumes,tomate-ceasas,Tomate - Ceasas,Débora 3A,,preco,5.01,"5,01",R$/Kg,price,BRL,kg,spot,,,physical
2026-02-03,legumes,tomate-ceasas,Tomate - Ceasas,Débora 3A,,variacao_pct,2.87,"+2,87",%,change_pct,,pct,spot,,,physical
2026-02-03,legumes,tomate-ceasas,Tomate - Ceasas,Longa Vida/Carmem Extra,,preco,5.5,"5,50",R$/Kg,price,BRL,kg,spot,,,physical
2026-02-03,legumes,tomate-ceasas,Tomate - Ceasas,Longa Vida/Carmem Extra,,variacao_pct,0.0,"0,00",%,change_pct,,pct,spot,,,physical
2026-02-03,legumes,tomate-ceasas,Tomate - Ceasas,Longa Vida/Débora Extra,,preco,5.0,"5,00",R$/Kg,price,BRL,kg,spot,,,physical
2026-02-03,legumes,tomate-ceasas,Tomate - Ceasas,Longa Vida/Débora Extra,,variacao_pct,0.0,"0,00",%,change_pct,,pct,spot,,,physical
2026-02-03,legumes,tomate-ceasas,Tomate - Ceasas,Longa Vida/Extra A,,preco,2.75,"2,75",R$/Kg,price,BRL,kg,spot,,,physical
2026-02-03,legumes,tomate-ceasas,Tomate - Ceasas,Longa Vida/Extra A,,variacao_pct,-21.43,"-21,43",%,change_pct,,pct,spot,,,physical
2026-02-03,legumes,tomate-ceasas,Tomate - Ceasas,Santa Cruz/Extra A,,preco,,s/ cotação,R$/Kg,price,BRL,kg,spot,,,physical
2026-02-03,legumes,tomate-ceasas,Tomate - Ceasas,Santa Cruz/Extra A,,variacao_pct,,-,%,change_pct,,pct,spot,,,physical
2026-02-04,legumes,batata-ceasas,Batata - Ceasas,Agatha Primeira,,preco,1.6,"1,60",R$/Kg,price,BRL,kg,spot,,,physical
2026-02-04,legumes,batata-ceasas,Batata - Ceasas,Agatha Primeira,,variacao_pct,0.0,"0,00",%,change_pct,,pct,spot,,,physical
2026-02-04,legumes,batata-ceasas,Batata - Ceasas,Aster Primeira,,preco,0.8,"0,80",R$/Kg,price,BRL,kg,spot,,,physical
2026-02-04,legumes,batata-ceasas,Batata - Ceasas,Aster Primeira,,variacao_pct,0.0,"0,00",%,change_pct,,pct,spot,,,physical
2026-02-04,legumes,batata-ceasas,Batata - Ceasas,Asterix,,preco,2.08,"2,08",R$/Kg,price,BRL,kg,spot,,,physical
2026-02-04,legumes,batata-ceasas,Batata - Ceasas,Asterix,,variacao_pct,0.0,"0,00",%,change_pct,,pct,spot,,,physical
2026-02-04,legumes,batata-ceasas,Batata - Ceasas,Escovada Especial,,preco,2.4,"2,40",R$/Kg,price,BRL,kg,spot,,,physical
2026-02-04,legumes,batata-ceasas,Batata - Ceasas,Escovada Especial,,variacao_pct,0.0,"0,00",%,change_pct,,pct,spot,,,physical
2026-02-04,legumes,batata-ceasas,Batata - Ceasas,Lavada Especial,,preco,2.71,"2,71",R$/Kg,price,BRL,kg,spot,,,physical
2026-02-04,legumes,batata-ceasas,Batata - Ceasas,Lavada Especial,,variacao_pct,0.0,"0,00",%,change_pct,,pct,spot,,,physical
2026-02-04,legumes,batata-ceasas,Batata - Ceasas,Yacon,,preco,8.0,"8,00",R$/Kg,price,BRL,kg,spot,,,physical
2026-02-04,legumes,batata-ceasas,Batata - Ceasas,Yacon,,variacao_pct,0.0,"0,00",%,change_pct,,pct,spot,,,physical
2026-02-04,legumes,cebola-no-atacado,Cebola - Ceasas,Amarela Mineira,,preco,,s/ cotação,R$/Kg,price,BRL,kg,spot,,,physical
2026-02-04,legumes,cebola-no-atacado,Cebola - Ceasas,Amarela Mineira,,variacao_pct,,-,%,change_pct,,pct,spot,,,physical
2026-02-04,legumes,cebola-no-atacado,Cebola - Ceasas,Amarela Paulista,,preco,,s/ cotação,R$/Kg,price,BRL,kg,spot,,,physical
2026-02-04,legumes,cebola-no-atacado,Cebola - Ceasas,Amarela Paulista,,variacao_pct,,-,%,change_pct,,pct,spot,,,physical
2026-02-04,legumes,cebola-no-atacado,Cebola - Ceasas,Amarela Pernambucana,,preco,,s/ cotação,R$/Kg,price,BRL,kg,spot,,,physical
2026-02-04,legumes,cebola-no-atacado,Cebola - Ceasas,Amarela Pernambucana,,variacao_pct,,-,%,change_pct,,pct,spot,,,physical
2026-02-04,legumes,cebola-no-atacado,Cebola - Ceasas,Amarela Santa Catarina,,preco,1.75,"1,75",R$/Kg,price,BRL,kg,spot,,,physical
2026-02-04,legumes,cebola-no-atacado,Cebola - Ceasas,Amarela Santa Catarina,,variacao_pct,0.0,"0,00",%,change_pct,,pct,spot,,,physical
2026-02-04,legumes,cebola-no-atacado,Cebola - Ceasas,Importada Argentina,,preco,,s/ cotação,R$/Kg,price,BRL,kg,spot,,,physical
2026-02-04,legumes,cebola-no-atacado,Cebola - Ceasas,Importada Argentina,,variacao_pct,,-,%,change_pct,,pct,spot,,,physical
2026-02-04,legumes,cebola-no-atacado,Cebola - Ceasas,Nacional (Caixa 4),,preco,1.6,"1,60",R$/Kg,price,BRL,kg,spot,,,physical
2026-02-04,legumes,cebola-no-atacado,Cebola - Ceasas,Nacional (Caixa 4),,variacao_pct,0.0,"0,00",%,change_pct,,pct,spot,,,physical
2026-02-04,legumes,cebola-no-atacado,Cebola - Ceasas,Roxa (Caixa 4),,preco,2.43,"2,43",R$/Kg,price,BRL,kg,spot,,,physical
2026-02-04,legumes,cebola-no-atacado,Cebola - Ceasas,Roxa (Caixa 4),,variacao_pct,0.0,"0,00",%,change_pct,,pct,spot,,,physical
2026-02-04,legumes,cenoura-ceasas,Cenoura - Ceasas,Cenoura 2A,,preco,2.23,"2,23",R$/Kg,price,BRL,kg,spot,,,physical
2026-02-04,legumes,cenoura-ceasas,Cenoura - Ceasas,Cenoura 2A,,variacao_pct,0.0,"0,00",%,change_pct,,pct,spot,,,physical
2026-02-04,legumes,cenoura-ceasas,Cenoura - Ceasas,Cenoura G,,preco,1.82,"1,82",R$/Kg,price,BRL,kg,spot,,,physical
2026-02-04,legumes,cenoura-ceasas,Cenoura - Ceasas,Cenoura G,,variacao_pct,0.0,"0,00",%,change_pct,,pct,spot,,,physical
2026-02-04,legumes,cenoura-ceasas,Cenoura - Ceasas,Especial,,preco,1.75,"1,75",R$/Kg,price,BRL,kg,spot,,,physical
2026-02-04,legumes,cenoura-ceasas,Cenoura - Ceasas,Especial,,variacao_pct,0.0,"0,00",%,change_pct,,pct,spot,,,physical
2026-02-04,legumes,cenoura-ceasas,Cenoura - Ceasas,Extra,,preco,1.5,"1,50",R$/Kg,price,BRL,kg,spot,,,physical
2026-02-04,legumes,cenoura-ceasas,Cenoura - Ceasas,Extra,,variacao_pct,0.0,"0,00",%,change_pct,,pct,spot,,,physical
2026-02-04,legumes,cenoura-ceasas,Cenoura - Ceasas,Extra A,,preco,2.0,"2,00",R$/Kg,price,BRL,kg,spot,,,physical
2026-02-04,legumes,cenoura-ceasas,Cenoura - Ceasas,Extra A,,variacao_pct,0.0,"0,00",%,change_pct,,pct,spot,,,physical
2026-02-04,legumes,tomate-ceasas,Tomate - Ceasas,Carmem 3A,,preco,5.66,"5,66",R$/Kg,price,BRL,kg,spot,,,physical
2026-02-04,legumes,tomate-ceasas,Tomate - Ceasas,Carmem 3A,,variacao_pct,0.0,"0,00",%,change_pct,,pct,spot,,,physical
2026-02-04,legumes,tomate-ceasas,Tomate - Ceasas,Débora 3A,,preco,5.01,"5,01",R$/Kg,price,BRL,kg,spot,,,physical
2026-02-04,legumes,tomate-ceasas,Tomate - Ceasas,Débora 3A,,variacao_pct,0.0,"0,00",%,change_pct,,pct,spot,,,physical
2026-02-04,legumes,tomate-ceasas,Tomate - Ceasas,Longa Vida/Carmem Extra,,preco,5.5,"5,50",R$/Kg,price,BRL,kg,spot,,,physical
2026-02-04,legumes,tomate-ceasas,Tomate - Ceasas,Longa Vida/Carmem Extra,,variacao_pct,0.0,"0,00",%,change_pct,,pct,spot,,,physical
2026-02-04,legumes,tomate-ceasas,Tomate - Ceasas,Longa Vida/Débora Extra,,preco,5.0,"5,00",R$/Kg,price,BRL,kg,spot,,,physical
2026-02-04,legumes,tomate-ceasas,Tomate - Ceasas,Longa Vida/Débora Extra,,variacao_pct,0.0,"0,00",%,change_pct,,pct,spot,,,physical
2026-02-04,legumes,tomate-ceasas,Tomate - Ceasas,Longa Vida/Extra A,,preco,2.75,"2,75",R$/Kg,price,BRL,kg,spot,,,physical
2026-02-04,legumes,tomate-ceasas,Tomate - Ceasas,Longa Vida/Extra A,,variacao_pct,0.0,"0,00",%,change_pct,,pct,spot,,,physical
2026-02-04,legumes,tomate-ceasas,Tomate - Ceasas,Santa Cruz/Extra A,,preco,,s/ cotação,R$/Kg,price,BRL,kg,spot,,,physical
2026-02-04,legumes,tomate-ceasas,Tomate - Ceasas,Santa Cruz/Extra A,,variacao_pct,,-,%,change_pct,,pct,spot,,,physical
2026-02-05,legumes,batata-ceasas,Batata - Ceasas,Agatha Primeira,,preco,1.4,"1,40",R$/Kg,price,BRL,kg,spot,,,physical
2026-02-05,legumes,batata-ceasas,Batata - Ceasas,Agatha Primeira,,variacao_pct,-12.5,"-12,50",%,change_pct,,pct,spot,,,physical
2026-02-05,legumes,batata-ceasas,Batata - Ceasas,Aster Primeira,,preco,1.0,"1,00",R$/Kg,price,BRL,kg,spot,,,physical
2026-02-05,legumes,batata-ceasas,Batata - Ceasas,Aster Primeira,,variacao_pct,25.0,"+25,00",%,change_pct,,pct,spot,,,physical
2026-02-05,legumes,batata-ceasas,Batata - Ceasas,Asterix,,preco,2.2,"2,20",R$/Kg,price,BRL,kg,spot,,,physical
2026-02-05,legumes,batata-ceasas,Batata - Ceasas,Asterix,,variacao_pct,5.77,"+5,77",%,change_pct,,pct,spot,,,physical
2026-02-05,legumes,batata-ceasas,Batata - Ceasas,Escovada Especial,,preco,2.0,"2,00",R$/Kg,price,BRL,kg,spot,,,physical
2026-02-05,legumes,batata-ceasas,Batata - Ceasas,Escovada Especial,,variacao_pct,-16.67,"-16,67",%,change_pct,,pct,spot,,,physical
2026-02-05,legumes,batata-ceasas,Batata - Ceasas,Lavada Especial,,preco,2.47,"2,47",R$/Kg,price,BRL,kg,spot,,,physical
2026-02-05,legumes,batata-ceasas,Batata - Ceasas,Lavada Especial,,variacao_pct,-8.86,"-8,86",%,change_pct,,pct,spot,,,physical
2026-02-05,legumes,batata-ceasas,Batata - Ceasas,Yacon,,preco,8.0,"8,00",R$/Kg,price,BRL,kg,spot,,,physical
2026-02-05,legumes,batata-ceasas,Batata - Ceasas,Yacon,,variacao_pct,0.0,"0,00",%,change_pct,,pct,spot,,,physical
2026-02-05,legumes,cebola-no-atacado,Cebola - Ceasas,Amarela Mineira,,preco,1.5,"1,50",R$/Kg,price,BRL,kg,spot,,,physical
2026-02-05,legumes,cebola-no-atacado,Cebola - Ceasas,Amarela Mineira,,variacao_pct,,-,%,change_pct,,pct,spot,,,physical
2026-02-05,legumes,cebola-no-atacado,Cebola - Ceasas,Amarela Paulista,,preco,,s/ cotação,R$/Kg,price,BRL,kg,spot,,,physical
2026-02-05,legumes,cebola-no-atacado,Cebola - Ceasas,Amarela Paulista,,variacao_pct,,-,%,change_pct,,pct,spot,,,physical
2026-02-05,legumes,cebola-no-atacado,Cebola - Ceasas,Amarela Pernambucana,,preco,,s/ cotação,R$/Kg,price,BRL,kg,spot,,,physical
2026-02-05,legumes,cebola-no-atacado,Cebola - Ceasas,Amarela Pernambucana,,variacao_pct,,-,%,change_pct,,pct,spot,,,physical
2026-02-05,legumes,cebola-no-atacado,Cebola - Ceasas,Amarela Santa Catarina,,preco,2.0,"2,00",R$/Kg,price,BRL,kg,spot,,,physical
2026-02-05,legumes,cebola-no-atacado,Cebola - Ceasas,Amarela Santa Catarina,,variacao_pct,14.29,"+14,29",%,change_pct,,pct,spot,,,physical
2026-02-05,legumes,cebola-no-atacado,Cebola - Ceasas,Importada Argentina,,preco,,s/ cotação,R$/Kg,price,BRL,kg,spot,,,physical
2026-02-05,legumes,cebola-no-atacado,Cebola - Ceasas,Importada Argentina,,variacao_pct,,-,%,change_pct,,pct,spot,,,physical
2026-02-05,legumes,cebola-no-atacado,Cebola - Ceasas,Nacional (Caixa 4),,preco,1.62,"1,62",R$/Kg,price,BRL,kg,spot,,,physical
2026-02-05,legumes,cebola-no-atacado,Cebola - Ceasas,Nacional (Caixa 4),,variacao_pct,1.25,"+1,25",%,change_pct,,pct,spot,,,physical
2026-02-05,legumes,cebola-no-atacado,Cebola - Ceasas,Roxa (Caixa 4),,preco,2.39,"2,39",R$/Kg,price,BRL,kg,spot,,,physical
2026-02-05,legumes,cebola-no-atacado,Cebola - Ceasas,Roxa (Caixa 4),,variacao_pct,-1.65,"-1,65",%,change_pct,,pct,spot,,,physical
2026-02-05,legumes,cenoura-ceasas,Cenoura - Ceasas,Cenoura 2A,,preco,2.33,"2,33",R$/Kg,price,BRL,kg,spot,,,physical
2026-02-05,legumes,cenoura-ceasas,Cenoura - Ceasas,Cenoura 2A,,variacao_pct,4.48,"+4,48",%,change_pct,,pct,spot,,,physical
2026-02-05,legumes,cenoura-ceasas,Cenoura - Ceasas,Cenoura G,,preco,1.96,"1,96",R$/Kg,price,BRL,kg,spot,,,physical
2026-02-05,legumes,cenoura-ceasas,Cenoura - Ceasas,Cenoura G,,variacao_pct,7.69,"+7,69",%,change_pct,,pct,spot,,,physical
2026-02-05,legumes,cenoura-ceasas,Cenoura - Ceasas,Especial,,preco,1.75,"1,75",R$/Kg,price,BRL,kg,spot,,,physical
2026-02-05,legumes,cenoura-ceasas,Cenoura - Ceasas,Especial,,variacao_pct,0.0,"0,00",%,change_pct,,pct,spot,,,physical
2026-02-05,legumes,cenoura-ceasas,Cenoura - Ceasas,Extra,,preco,1.5,"1,50",R$/Kg,price,BRL,kg,spot,,,physical
2026-02-05,legumes,cenoura-ceasas,Cenoura - Ceasas,Extra,,variacao_pct,0.0,"0,00",%,change_pct,,pct,spot,,,physical
2026-02-05,legumes,cenoura-ceasas,Cenoura - Ceasas,Extra A,,preco,2.25,"2,25",R$/Kg,price,BRL,kg,spot,,,physical
2026-02-05,legumes,cenoura-ceasas,Cenoura - Ceasas,Extra A,,variacao_pct,12.5,"+12,50",%,change_pct,,pct,spot,,,physical
2026-02-05,legumes,tomate-ceasas,Tomate - Ceasas,Carmem 3A,,preco,5.55,"5,55",R$/Kg,price,BRL,kg,spot,,,physical
2026-02-05,legumes,tomate-ceasas,Tomate - Ceasas,Carmem 3A,,variacao_pct,-1.94,"-1,94",%,change_pct,,pct,spot,,,physical
2026-02-05,legumes,tomate-ceasas,Tomate - Ceasas,Débora 3A,,preco,2.92,"2,92",R$/Kg,price,BRL,kg,spot,,,physical
2026-02-05,legumes,tomate-ceasas,Tomate - Ceasas,Débora 3A,,variacao_pct,-41.72,"-41,72",%,change_pct,,pct,spot,,,physical
2026-02-05,legumes,tomate-ceasas,Tomate - Ceasas,Longa Vida/Carmem Extra,,preco,5.5,"5,50",R$/Kg,price,BRL,kg,spot,,,physical
2026-02-05,legumes,tomate-ceasas,Tomate - Ceasas,Longa Vida/Carmem Extra,,variacao_pct,0.0,"0,00",%,change_pct,,pct,spot,,,physical
2026-02-05,legumes,tomate-ceasas,Tomate - Ceasas,Longa Vida/Débora Extra,,preco,5.0,"5,00",R$/Kg,price,BRL,kg,spot,,,physical
2026-02-05,legumes,tomate-ceasas,Tomate - Ceasas,Longa Vida/Débora Extra,,variacao_pct,0.0,"0,00",%,change_pct,,pct,spot,,,physical
2026-02-05,legumes,tomate-ceasas,Tomate - Ceasas,Longa Vida/Extra A,,preco,1.75,"1,75",R$/Kg,price,BRL,kg,spot,,,physical
2026-02-05,legumes,tomate-ceasas,Tomate - Ceasas,Longa Vida/Extra A,,variacao_pct,-36.36,"-36,36",%,change_pct,,pct,spot,,,physical
2026-02-05,legumes,tomate-ceasas,Tomate - Ceasas,Santa Cruz/Extra A,,preco,,s/ cotação,R$/Kg,price,BRL,kg,spot,,,physical
2026-02-05,legumes,tomate-ceasas,Tomate - Ceasas,Santa Cruz/Extra A,,variacao_pct,,-,%,change_pct,,pct,spot,,,physical
2026-02-06,legumes,batata-ceasas,Batata - Ceasas,Agatha Primeira,,preco,1.4,"1,40",R$/Kg,price,BRL,kg,spot,,,physical
2026-02-06,legumes,batata-ceasas,Batata - Ceasas,Agatha Primeira,,variacao_pct,0.0,"0,00",%,change_pct,,pct,spot,,,physical
2026-02-06,legumes,batata-ceasas,Batata - Ceasas,Aster Primeira,,preco,1.0,"1,00",R$/Kg,price,BRL,kg,spot,,,physical
2026-02-06,legumes,batata-ceasas,Batata - Ceasas,Aster Primeira,,variacao_pct,0.0,"0,00",%,change_pct,,pct,spot,,,physical
2026-02-06,legumes,batata-ceasas,Batata - Ceasas,Asterix,,preco,2.2,"2,20",R$/Kg,price,BRL,kg,spot,,,physical
2026-02-06,legumes,batata-ceasas,Batata - Ceasas,Asterix,,variacao_pct,0.0,"0,00",%,change_pct,,pct,spot,,,physical
2026-02-06,legumes,batata-ceasas,Batata - Ceasas,Escovada Especial,,preco,2.0,"2,00",R$/Kg,price,BRL,kg,spot,,,physical
2026-02-06,legumes,batata-ceasas,Batata - Ceasas,Escovada Especial,,variacao_pct,0.0,"0,00",%,change_pct,,pct,spot,,,physical
2026-02-06,legumes,batata-ceasas,Batata - Ceasas,Lavada Especial,,preco,2.47,"2,47",R$/Kg,price,BRL,kg,spot,,,physical
2026-02-06,legumes,batata-ceasas,Batata - Ceasas,Lavada Especial,,variacao_pct,0.0,"0,00",%,change_pct,,pct,spot,,,physical
2026-02-06,legumes,batata-ceasas,Batata - Ceasas,Yacon,,preco,8.0,"8,00",R$/Kg,price,BRL,kg,spot,,,physical
2026-02-06,legumes,batata-ceasas,Batata - Ceasas,Yacon,,variacao_pct,0.0,"0,00",%,change_pct,,pct,spot,,,physical
2026-02-06,legumes,cebola-no-atacado,Cebola - Ceasas,Amarela Mineira,,preco,1.5,"1,50",R$/Kg,price,BRL,kg,spot,,,physical
2026-02-06,legumes,cebola-no-atacado,Cebola - Ceasas,Amarela Mineira,,variacao_pct,0.0,"0,00",%,change_pct,,pct,spot,,,physical
2026-02-06,legumes,cebola-no-atacado,Cebola - Ceasas,Amarela Paulista,,preco,,s/ cotação,R$/Kg,price,BRL,kg,spot,,,physical
2026-02-06,legumes,cebola-no-atacado,Cebola - Ceasas,Amarela Paulista,,variacao_pct,,-,%,change_pct,,pct,spot,,,physical
2026-02-06,legumes,cebola-no-atacado,Cebola - Ceasas,Amarela Pernambucana,,preco,,s/ cotação,R$/Kg,price,BRL,kg,spot,,,physical
2026-02-06,legumes,cebola-no-atacado,Cebola - Ceasas,Amarela Pernambucana,,variacao_pct,,-,%,change_pct,,pct,spot,,,physical
2026-02-06,legumes,cebola-no-atacado,Cebola - Ceasas,Amarela Santa Catarina,,preco,2.0,"2,00",R$/Kg,price,BRL,kg,spot,,,physical
2026-02-06,legumes,cebola-no-atacado,Cebola - Ceasas,Amarela Santa Catarina,,variacao_pct,0.0,"0,00",%,change_pct,,pct,spot,,,physical
2026-02-06,legumes,cebola-no-atacado,Cebola - Ceasas,Importada Argentina,,preco,,s/ cotação,R$/Kg,price,BRL,kg,spot,,,physical
2026-02-06,legumes,cebola-no-atacado,Cebola - Ceasas,Importada Argentina,,variacao_pct,,-,%,change_pct,,pct,spot,,,physical
2026-02-06,legumes,cebola-no-atacado,Cebola - Ceasas,Nacional (Caixa 4),,preco,1.62,"1,62",R$/Kg,price,BRL,kg,spot,,,physical
2026-02-06,legumes,cebola-no-atacado,Cebola - Ceasas,Nacional (Caixa 4),,variacao_pct,0.0,"0,00",%,change_pct,,pct,spot,,,physical
2026-02-06,legumes,cebola-no-atacado,Cebola - Ceasas,Roxa (Caixa 4),,preco,2.39,"2,39",R$/Kg,price,BRL,kg,spot,,,physical
2026-02-06,legumes,cebola-no-atacado,Cebola - Ceasas,Roxa (Caixa 4),,variacao_pct,0.0,"0,00",%,change_pct,,pct,spot,,,physical
2026-02-06,legumes,cenoura-ceasas,Cenoura - Ceasas,Cenoura 2A,,preco,2.33,"2,33",R$/Kg,price,BRL,kg,spot,,,physical
2026-02-06,legumes,cenoura-ceasas,Cenoura - Ceasas,Cenoura 2A,,variacao_pct,0.0,"0,00",%,change_pct,,pct,spot,,,physical
2026-02-06,legumes,cenoura-ceasas,Cenoura - Ceasas,Cenoura G,,preco,1.96,"1,96",R$/Kg,price,BRL,kg,spot,,,physical
2026-02-06,legumes,cenoura-ceasas,Cenoura - Ceasas,Cenoura G,,variacao_pct,0.0,"0,00",%,change_pct,,pct,spot,,,physical
2026-02-06,legumes,cenoura-ceasas,Cenoura - Ceasas,Especial,,preco,1.75,"1,75",R$/Kg,price,BRL,kg,spot,,,physical
2026-02-06,legumes,cenoura-ceasas,Cenoura - Ceasas,Especial,,variacao_pct,0.0,"0,00",%,change_pct,,pct,spot,,,physical
2026-02-06,legumes,cenoura-ceasas,Cenoura - Ceasas,Extra,,preco,1.5,"1,50",R$/Kg,price,BRL,kg,spot,,,physical
2026-02-06,legumes,cenoura-ceasas,Cenoura - Ceasas,Extra,,variacao_pct,0.0,"0,00",%,change_pct,,pct,spot,,,physical
2026-02-06,legumes,cenoura-ceasas,Cenoura - Ceasas,Extra A,,preco,2.25,"2,25",R$/Kg,price,BRL,kg,spot,,,physical
2026-02-06,legumes,cenoura-ceasas,Cenoura - Ceasas,Extra A,,variacao_pct,0.0,"0,00",%,change_pct,,pct,spot,,,physical
2026-02-06,legumes,tomate-ceasas,Tomate - Ceasas,Carmem 3A,,preco,5.55,"5,55",R$/Kg,price,BRL,kg,spot,,,physical
2026-02-06,legumes,tomate-ceasas,Tomate - Ceasas,Carmem 3A,,variacao_pct,0.0,"0,00",%,change_pct,,pct,spot,,,physical
2026-02-06,legumes,tomate-ceasas,Tomate - Ceasas,Débora 3A,,preco,2.92,"2,92",R$/Kg,price,BRL,kg,spot,,,physical
2026-02-06,legumes,tomate-ceasas,Tomate - Ceasas,Débora 3A,,variacao_pct,0.0,"0,00",%,change_pct,,pct,spot,,,physical
2026-02-06,legumes,tomate-ceasas,Tomate - Ceasas,Longa Vida/Carmem Extra,,preco,4.5,"4,50",R$/Kg,price,BRL,kg,spot,,,physical
2026-02-06,legumes,tomate-ceasas,Tomate - Ceasas,Longa Vida/Carmem Extra,,variacao_pct,-18.18,"-18,18",%,change_pct,,pct,spot,,,physical
2026-02-06,legumes,tomate-ceasas,Tomate - Ceasas,Longa Vida/Débora Extra,,preco,3.5,"3,50",R$/Kg,price,BRL,kg,spot,,,physical
2026-02-06,legumes,tomate-ceasas,Tomate - Ceasas,Longa Vida/Débora Extra,,variacao_pct,-30.0,"-30,00",%,change_pct,,pct,spot,,,physical
2026-02-06,legumes,tomate-ceasas,Tomate - Ceasas,Longa Vida/Extra A,,preco,1.75,"1,75",R$/Kg,price,BRL,kg,spot,,,physical
2026-02-06,legumes,tomate-ceasas,Tomate - Ceasas,Longa Vida/Extra A,,variacao_pct,0.0,"0,00",%,change_pct,,pct,spot,,,physical
2026-02-06,legumes,tomate-ceasas,Tomate - Ceasas,Santa Cruz/Extra A,,preco,,s/ cotação,R$/Kg,price,BRL,kg,spot,,,physical
2026-02-06,legumes,tomate-ceasas,Tomate - Ceasas,Santa Cruz/Extra A,,variacao_pct,,-,%,change_pct,,pct,spot,,,physical
2026-02-09,legumes,batata-ceasas,Batata - Ceasas,Agatha Primeira,,preco,1.8,"1,80",R$/Kg,price,BRL,kg,spot,,,physical
2026-02-09,legumes,batata-ceasas,Batata - Ceasas,Agatha Primeira,,variacao_pct,28.57,"+28,57",%,change_pct,,pct,spot,,,physical
2026-02-09,legumes,batata-ceasas,Batata - Ceasas,Aster Primeira,,preco,1.2,"1,20",R$/Kg,price,BRL,kg,spot,,,physical
2026-02-09,legumes,batata-ceasas,Batata - Ceasas,Aster Primeira,,variacao_pct,20.0,"+20,00",%,change_pct,,pct,spot,,,physical
2026-02-09,legumes,batata-ceasas,Batata - Ceasas,Asterix,,preco,1.94,"1,94",R$/Kg,price,BRL,kg,spot,,,physical
2026-02-09,legumes,batata-ceasas,Batata - Ceasas,Asterix,,variacao_pct,-11.82,"-11,82",%,change_pct,,pct,spot,,,physical
2026-02-09,legumes,batata-ceasas,Batata - Ceasas,Escovada Especial,,preco,,s/ cotação,R$/Kg,price,BRL,kg,spot,,,physical
2026-02-09,legumes,batata-ceasas,Batata - Ceasas,Escovada Especial,,variacao_pct,,-,%,change_pct,,pct,spot,,,physical
2026-02-09,legumes,batata-ceasas,Batata - Ceasas,Lavada Especial,,preco,2.47,"2,47",R$/Kg,price,BRL,kg,spot,,,physical
2026-02-09,legumes,batata-ceasas,Batata - Ceasas,Lavada Especial,,variacao_pct,0.0,"0,00",%,change_pct,,pct,spot,,,physical
2026-02-09,legumes,batata-ceasas,Batata - Ceasas,Yacon,,preco,,s/ cotação,R$/Kg,price,BRL,kg,spot,,,physical
2026-02-09,legumes,batata-ceasas,Batata - Ceasas,Yacon,,variacao_pct,,-,%,change_pct,,pct,spot,,,physical
2026-02-09,legumes,cebola-no-atacado,Cebola - Ceasas,Amarela Mineira,,preco,1.5,"1,50",R$/Kg,price,BRL,kg,spot,,,physical
2026-02-09,legumes,cebola-no-atacado,Cebola - Ceasas,Amarela Mineira,,variacao_pct,0.0,"0,00",%,change_pct,,pct,spot,,,physical
2026-02-09,legumes,cebola-no-atacado,Cebola - Ceasas,Amarela Paulista,,preco,,s/ cotação,R$/Kg,price,BRL,kg,spot,,,physical
2026-02-09,legumes,cebola-no-atacado,Cebola - Ceasas,Amarela Paulista,,variacao_pct,,-,%,change_pct,,pct,spot,,,physical
2026-02-09,legumes,cebola-no-atacado,Cebola - Ceasas,Amarela Pernambucana,,preco,,s/ cotação,R$/Kg,price,BRL,kg,spot,,,physical
2026-02-09,legumes,cebola-no-atacado,Cebola - Ceasas,Amarela Pernambucana,,variacao_pct,,-,%,change_pct,,pct,spot,,,physical
2026-02-09,legumes,cebola-no-atacado,Cebola - Ceasas,Amarela Santa Catarina,,preco,2.0,"2,00",R$/Kg,price,BRL,kg,spot,,,physical
2026-02-09,legumes,cebola-no-atacado,Cebola - Ceasas,Amarela Santa Catarina,,variacao_pct,0.0,"0,00",%,change_pct,,pct,spot,,,physical
2026-02-09,legumes,cebola-no-atacado,Cebola - Ceasas,Importada Argentina,,preco,,s/ cotação,R$/Kg,price,BRL,kg,spot,,,physical
2026-02-09,legumes,cebola-no-atacado,Cebola - Ceasas,Importada Argentina,,variacao_pct,,-,%,change_pct,,pct,spot,,,physical
2026-02-09,legumes,cebola-no-atacado,Cebola - Ceasas,Nacional (Caixa 4),,preco,1.62,"1,62",R$/Kg,price,BRL,kg,spot,,,physical
2026-02-09,legumes,cebola-no-atacado,Cebola - Ceasas,Nacional (Caixa 4),,variacao_pct,0.0,"0,00",%,change_pct,,pct,spot,,,physical
2026-02-09,legumes,cebola-no-atacado,Cebola - Ceasas,Roxa (Caixa 4),,preco,2.59,"2,59",R$/Kg,price,BRL,kg,spot,,,physical
2026-02-09,legumes,cebola-no-atacado,Cebola - Ceasas,Roxa (Caixa 4),,variacao_pct,8.37,"+8,37",%,change_pct,,pct,spot,,,physical
2026-02-09,legumes,cenoura-ceasas,Cenoura - Ceasas,Cenoura 2A,,preco,2.4,"2,40",R$/Kg,price,BRL,kg,spot,,,physical
2026-02-09,legumes,cenoura-ceasas,Cenoura - Ceasas,Cenoura 2A,,variacao_pct,3.0,"+3,00",%,change_pct,,pct,spot,,,physical
2026-02-09,legumes,cenoura-ceasas,Cenoura - Ceasas,Cenoura G,,preco,2.04,"2,04",R$/Kg,price,BRL,kg,spot,,,physical
2026-02-09,legumes,cenoura-ceasas,Cenoura - Ceasas,Cenoura G,,variacao_pct,4.08,"+4,08",%,change_pct,,pct,spot,,,physical
2026-02-09,legumes,cenoura-ceasas,Cenoura - Ceasas,Especial,,preco,1.75,"1,75",R$/Kg,price,BRL,kg,spot,,,physical
2026-02-09,legumes,cenoura-ceasas,Cenoura - Ceasas,Especial,,variacao_pct,0.0,"0,00",%,change_pct,,pct,spot,,,physical
2026-02-09,legumes,cenoura-ceasas,Cenoura - Ceasas,Extra,,preco,1.5,"1,50",R$/Kg,price,BRL,kg,spot,,,physical
2026-02-09,legumes,cenoura-ceasas,Cenoura - Ceasas,Extra,,variacao_pct,0.0,"0,00",%,change_pct,,pct,spot,,,physical
2026-02-09,legumes,cenoura-ceasas,Cenoura - Ceasas,Extra A,,preco,2.25,"2,25",R$/Kg,price,BRL,kg,spot,,,physical
2026-02-09,legumes,cenoura-ceasas,Cenoura - Ceasas,Extra A,,variacao_pct,0.0,"0,00",%,change_pct,,pct,spot,,,physical
2026-02-09,legumes,tomate-ceasas,Tomate - Ceasas,Carmem 3A,,preco,4.11,"4,11",R$/Kg,price,BRL,kg,spot,,,physical
2026-02-09,legumes,tomate-ceasas,Tomate - Ceasas,Carmem 3A,,variacao_pct,-25.95,"-25,95",%,change_pct,,pct,spot,,,physical
2026-02-09,legumes,tomate-ceasas,Tomate - Ceasas,Débora 3A,,preco,2.13,"2,13",R$/Kg,price,BRL,kg,spot,,,physical
2026-02-09,legumes,tomate-ceasas,Tomate - Ceasas,Débora 3A,,variacao_pct,-27.05,"-27,05",%,change_pct,,pct,spot,,,physical
2026-02-09,legumes,tomate-ceasas,Tomate - Ceasas,Longa Vida/Carmem Extra,,preco,4.0,"4,00",R$/Kg,price,BRL,kg,spot,,,physical
2026-02-09,legumes,tomate-ceasas,Tomate - Ceasas,Longa Vida/Carmem Extra,,variacao_pct,-11.11,"-11,11",%,change_pct,,pct,spot,,,physical
2026-02-09,legumes,tomate-ceasas,Tomate - Ceasas,Longa Vida/Débora Extra,,preco,3.25,"3,25",R$/Kg,price,BRL,kg,spot,,,physical
2026-02-09,legumes,tomate-ceasas,Tomate - Ceasas,Longa Vida/Débora Extra,,variacao_pct,-7.14,"-7,14",%,change_pct,,pct,spot,,,physical
2026-02-09,legumes,tomate-ceasas,Tomate - Ceasas,Longa Vida/Extra A,,preco,1.25,"1,25",R$/Kg,price,BRL,kg,spot,,,physical
2026-02-09,legumes,tomate-ceasas,Tomate - Ceasas,Longa Vida/Extra A,,variacao_pct,-28.57,"-28,57",%,change_pct,,pct,spot,,,physical
2026-02-09,legumes,tomate-ceasas,Tomate - Ceasas,Santa Cruz/Extra A,,preco,,s/ cotação,R$/Kg,price,BRL,kg,spot,,,physical
2026-02-09,legumes,tomate-ceasas,Tomate - Ceasas,Santa Cruz/Extra A,,variacao_pct,,-,%,change_pct,,pct,spot,,,physical
2026-02-10,legumes,batata-ceasas,Batata - Ceasas,Agatha Primeira,,preco,1.8,"1,80",R$/Kg,price,BRL,kg,spot,,,physical
2026-02-10,legumes,batata-ceasas,Batata - Ceasas,Agatha Primeira,,variacao_pct,0.0,"0,00",%,change_pct,,pct,spot,,,physical
2026-02-10,legumes,batata-ceasas,Batata - Ceasas,Aster Primeira,,preco,1.2,"1,20",R$/Kg,price,BRL,kg,spot,,,physical
2026-02-10,legumes,batata-ceasas,Batata - Ceasas,Aster Primeira,,variacao_pct,0.0,"0,00",%,change_pct,,pct,spot,,,physical
2026-02-10,legumes,batata-ceasas,Batata - Ceasas,Asterix,,preco,2.07,"2,07",R$/Kg,price,BRL,kg,spot,,,physical
2026-02-10,legumes,batata-ceasas,Batata - Ceasas,Asterix,,variacao_pct,6.7,"+6,70",%,change_pct,,pct,spot,,,physical
2026-02-10,legumes,batata-ceasas,Batata - Ceasas,Escovada Especial,,preco,2.1,"2,10",R$/Kg,price,BRL,kg,spot,,,physical
2026-02-10,legumes,batata-ceasas,Batata - Ceasas,Escovada Especial,,variacao_pct,,-,%,change_pct,,pct,spot,,,physical
2026-02-10,legumes,batata-ceasas,Batata - Ceasas,Lavada Especial,,preco,2.55,"2,55",R$/Kg,price,BRL,kg,spot,,,physical
2026-02-10,legumes,batata-ceasas,Batata - Ceasas,Lavada Especial,,variacao_pct,3.24,"+3,24",%,change_pct,,pct,spot,,,physical
2026-02-10,legumes,batata-ceasas,Batata - Ceasas,Yacon,,preco,,s/ cotação,R$/Kg,price,BRL,kg,spot,,,physical
2026-02-10,legumes,batata-ceasas,Batata - Ceasas,Yacon,,variacao_pct,,-,%,change_pct,,pct,spot,,,physical
2026-02-10,legumes,cebola-no-atacado,Cebola - Ceasas,Amarela Mineira,,preco,1.5,"1,50",R$/Kg,price,BRL,kg,spot,,,physical
2026-02-10,legumes,cebola-no-atacado,Cebola - Ceasas,Amarela Mineira,,variacao_pct,0.0,"0,00",%,change_pct,,pct,spot,,,physical
2026-02-10,legumes,cebola-no-atacado,Cebola - Ceasas,Amarela Paulista,,preco,,s/ cotação,R$/Kg,price,BRL,kg,spot,,,physical
2026-02-10,legumes,cebola-no-atacado,Cebola - Ceasas,Amarela Paulista,,variacao_pct,,-,%,change_pct,,pct,spot,,,physical
2026-02-10,legumes,cebola-no-atacado,Cebola - Ceasas,Amarela Pernambucana,,preco,,s/ cotação,R$/Kg,price,BRL,kg,spot,,,physical
2026-02-10,legumes,cebola-no-atacado,Cebola - Ceasas,Amarela Pernambucana,,variacao_pct,,-,%,change_pct,,pct,spot,,,physical
2026-02-10,legumes,cebola-no-atacado,Cebola - Ceasas,Amarela Santa Catarina,,preco,2.0,"2,00",R$/Kg,price,BRL,kg,spot,,,physical
2026-02-10,legumes,cebola-no-atacado,Cebola - Ceasas,Amarela Santa Catarina,,variacao_pct,0.0,"0,00",%,change_pct,,pct,spot,,,physical
2026-02-10,legumes,cebola-no-atacado,Cebola - Ceasas,Importada Argentina,,preco,,s/ cotação,R$/Kg,price,BRL,kg,spot,,,physical
2026-02-10,legumes,cebola-no-atacado,Cebola - Ceasas,Importada Argentina,,variacao_pct,,-,%,change_pct,,pct,spot,,,physical
2026-02-10,legumes,cebola-no-atacado,Cebola - Ceasas,Nacional (Caixa 4),,preco,1.64,"1,64",R$/Kg,price,BRL,kg,spot,,,physical
2026-02-10,legumes,cebola-no-atacado,Cebola - Ceasas,Nacional (Caixa 4),,variacao_pct,1.23,"+1,23",%,change_pct,,pct,spot,,,physical
2026-02-10,legumes,cebola-no-atacado,Cebola - Ceasas,Roxa (Caixa 4),,preco,3.27,"3,27",R$/Kg,price,BRL,kg,spot,,,physical
2026-02-10,legumes,cebola-no-atacado,Cebola - Ceasas,Roxa (Caixa 4),,variacao_pct,26.25,"+26,25",%,change_pct,,pct,spot,,,physical
2026-02-10,legumes,cenoura-ceasas,Cenoura - Ceasas,Cenoura 2A,,preco,2.22,"2,22",R$/Kg,price,BRL,kg,spot,,,physical
2026-02-10,legumes,cenoura-ceasas,Cenoura - Ceasas,Cenoura 2A,,variacao_pct,-7.5,"-7,50",%,change_pct,,pct,spot,,,physical
2026-02-10,legumes,cenoura-ceasas,Cenoura - Ceasas,Cenoura G,,preco,1.94,"1,94",R$/Kg,price,BRL,kg,spot,,,physical
2026-02-10,legumes,cenoura-ceasas,Cenoura - Ceasas,Cenoura G,,variacao_pct,-4.9,"-4,90",%,change_pct,,pct,spot,,,physical
2026-02-10,legumes,cenoura-ceasas,Cenoura - Ceasas,Especial,,preco,1.75,"1,75",R$/Kg,price,BRL,kg,spot,,,physical
2026-02-10,legumes,cenoura-ceasas,Cenoura - Ceasas,Especial,,variacao_pct,0.0,"0,00",%,change_pct,,pct,spot,,,physical
2026-02-10,legumes,cenoura-ceasas,Cenoura - Ceasas,Extra,,preco,1.5,"1,50",R$/Kg,price,BRL,kg,spot,,,physical
2026-02-10,legumes,cenoura-ceasas,Cenoura - Ceasas,Extra,,variacao_pct,0.0,"0,00",%,change_pct,,pct,spot,,,physical
2026-02-10,legumes,cenoura-ceasas,Cenoura - Ceasas,Extra A,,preco,2.25,"2,25",R$/Kg,price,BRL,kg,spot,,,physical
2026-02-10,legumes,cenoura-ceasas,Cenoura - Ceasas,Extra A,,variacao_pct,0.0,"0,00",%,change_pct,,pct,spot,,,physical
2026-02-10,legumes,tomate-ceasas,Tomate - Ceasas,Carmem 3A,,preco,3.93,"3,93",R$/Kg,price,BRL,kg,spot,,,physical
2026-02-10,legumes,tomate-ceasas,Tomate - Ceasas,Carmem 3A,,variacao_pct,-4.38,"-4,38",%,change_pct,,pct,spot,,,physical
2026-02-10,legumes,tomate-ceasas,Tomate - Ceasas,Débora 3A,,preco,1.98,"1,98",R$/Kg,price,BRL,kg,spot,,,physical
2026-02-10,legumes,tomate-ceasas,Tomate - Ceasas,Débora 3A,,variacao_pct,-7.04,"-7,04",%,change_pct,,pct,spot,,,physical
2026-02-10,legumes,tomate-ceasas,Tomate - Ceasas,Longa Vida/Carmem Extra,,preco,4.0,"4,00",R$/Kg,price,BRL,kg,spot,,,physical
2026-02-10,legumes,tomate-ceasas,Tomate - Ceasas,Longa Vida/Carmem Extra,,variacao_pct,0.0,"0,00",%,change_pct,,pct,spot,,,physical
2026-02-10,legumes,tomate-ceasas,Tomate - Ceasas,Longa Vida/Débora Extra,,preco,3.25,"3,25",R$/Kg,price,BRL,kg,spot,,,physical
2026-02-10,legumes,tomate-ceasas,Tomate - Ceasas,Longa Vida/Débora Extra,,variacao_pct,0.0,"0,00",%,change_pct,,pct,spot,,,physical
2026-02-10,legumes,tomate-ceasas,Tomate - Ceasas,Longa Vida/Extra A,,preco,1.25,"1,25",R$/Kg,price,BRL,kg,spot,,,physical
2026-02-10,legumes,tomate-ceasas,Tomate - Ceasas,Longa Vida/Extra A,,variacao_pct,0.0,"0,00",%,change_pct,,pct,spot,,,physical
2026-02-10,legumes,tomate-ceasas,Tomate - Ceasas,Santa Cruz/Extra A,,preco,,s/ cotação,R$/Kg,price,BRL,kg,spot,,,physical
2026-02-10,legumes,tomate-ceasas,Tomate - Ceasas,Santa Cruz/Extra A,,variacao_pct,,-,%,change_pct,,pct,spot,,,physical
2026-02-11,legumes,batata-ceasas,Batata - Ceasas,Agatha Primeira,,preco,1.8,"1,80",R$/Kg,price,BRL,kg,spot,,,physical
2026-02-11,legumes,batata-ceasas,Batata - Ceasas,Agatha Primeira,,variacao_pct,0.0,"0,00",%,change_pct,,pct,spot,,,physical
2026-02-11,legumes,batata-ceasas,Batata - Ceasas,Aster Primeira,,preco,1.2,"1,20",R$/Kg,price,BRL,kg,spot,,,physical
2026-02-11,legumes,batata-ceasas,Batata - Ceasas,Aster Primeira,,variacao_pct,0.0,"0,00",%,change_pct,,pct,spot,,,physical
2026-02-11,legumes,batata-ceasas,Batata - Ceasas,Asterix,,preco,2.07,"2,07",R$/Kg,price,BRL,kg,spot,,,physical
2026-02-11,legumes,batata-ceasas,Batata - Ceasas,Asterix,,variacao_pct,0.0,"0,00",%,change_pct,,pct,spot,,,physical
2026-02-11,legumes,batata-ceasas,Batata - Ceasas,Escovada Especial,,preco,2.1,"2,10",R$/Kg,price,BRL,kg,spot,,,physical
2026-02-11,legumes,batata-ceasas,Batata - Ceasas,Escovada Especial,,variacao_pct,0.0,"0,00",%,change_pct,,pct,spot,,,physical
2026-02-11,legumes,batata-ceasas,Batata - Ceasas,Lavada Especial,,preco,2.55,"2,55",R$/Kg,price,BRL,kg,spot,,,physical
2026-02-11,legumes,batata-ceasas,Batata - Ceasas,Lavada Especial,,variacao_pct,0.0,"0,00",%,change_pct,,pct,spot,,,physical
2026-02-11,legumes,batata-ceasas,Batata - Ceasas,Yacon,,preco,8.0,"8,00",R$/Kg,price,BRL,kg,spot,,,physical
2026-02-11,legumes,batata-ceasas,Batata - Ceasas,Yacon,,variacao_pct,,-,%,change_pct,,pct,spot,,,physical
2026-02-11,legumes,cebola-no-atacado,Cebola - Ceasas,Amarela Mineira,,preco,1.5,"1,50",R$/Kg,price,BRL,kg,spot,,,physical
2026-02-11,legumes,cebola-no-atacado,Cebola - Ceasas,Amarela Mineira,,variacao_pct,0.0,"0,00",%,change_pct,,pct,spot,,,physical
2026-02-11,legumes,cebola-no-atacado,Cebola - Ceasas,Amarela Paulista,,preco,,s/ cotação,R$/Kg,price,BRL,kg,spot,,,physical
2026-02-11,legumes,cebola-no-atacado,Cebola - Ceasas,Amarela Paulista,,variacao_pct,,-,%,change_pct,,pct,spot,,,physical
2026-02-11,legumes,cebola-no-atacado,Cebola - Ceasas,Amarela Pernambucana,,preco,,s/ cotação,R$/Kg,price,BRL,kg,spot,,,physical
2026-02-11,legumes,cebola-no-atacado,Cebola - Ceasas,Amarela Pernambucana,,variacao_pct,,-,%,change_pct,,pct,spot,,,physical
2026-02-11,legumes,cebola-no-atacado,Cebola - Ceasas,Amarela Santa Catarina,,preco,,s/ cotação,R$/Kg,price,BRL,kg,spot,,,physical
2026-02-11,legumes,cebola-no-atacado,Cebola - Ceasas,Amarela Santa Catarina,,variacao_pct,,-,%,change_pct,,pct,spot,,,physical
2026-02-11,legumes,cebola-no-atacado,Cebola - Ceasas,Importada Argentina,,preco,,s/ cotação,R$/Kg,price,BRL,kg,spot,,,physical
2026-02-11,legumes,cebola-no-atacado,Cebola - Ceasas,Importada Argentina,,variacao_pct,,-,%,change_pct,,pct,spot,,,physical
2026-02-11,legumes,cebola-no-atacado,Cebola - Ceasas,Nacional (Caixa 4),,preco,1.64,"1,64",R$/Kg,price,BRL,kg,spot,,,physical
2026-02-11,legumes,cebola-no-atacado,Cebola - Ceasas,Nacional (Caixa 4),,variacao_pct,0.0,"0,00",%,change_pct,,pct,spot,,,physical
2026-02-11,legumes,cebola-no-atacado,Cebola - Ceasas,Roxa (Caixa 4),,preco,3.27,"3,27",R$/Kg,price,BRL,kg,spot,,,physical
2026-02-11,legumes,cebola-no-atacado,Cebola - Ceasas,Roxa (Caixa 4),,variacao_pct,0.0,"0,00",%,change_pct,,pct,spot,,,physical
2026-02-11,legumes,cenoura-ceasas,Cenoura - Ceasas,Cenoura 2A,,preco,2.22,"2,22",R$/Kg,price,BRL,kg,spot,,,physical
2026-02-11,legumes,cenoura-ceasas,Cenoura - Ceasas,Cenoura 2A,,variacao_pct,0.0,"0,00",%,change_pct,,pct,spot,,,physical
2026-02-11,legumes,cenoura-ceasas,Cenoura - Ceasas,Cenoura G,,preco,1.94,"1,94",R$/Kg,price,BRL,kg,spot,,,physical
2026-02-11,legumes,cenoura-ceasas,Cenoura - Ceasas,Cenoura G,,variacao_pct,0.0,"0,00",%,change_pct,,pct,spot,,,physical
2026-02-11,legumes,cenoura-ceasas,Cenoura - Ceasas,Especial,,preco,1.75,"1,75",R$/Kg,price,BRL,kg,spot,,,physical
2026-02-11,legumes,cenoura-ceasas,Cenoura - Ceasas,Especial,,variacao_pct,0.0,"0,00",%,change_pct,,pct,spot,,,physical
2026-02-11,legumes,cenoura-ceasas,Cenoura - Ceasas,Extra,,preco,1.5,"1,50",R$/Kg,price,BRL,kg,spot,,,physical
2026-02-11,legumes,cenoura-ceasas,Cenoura - Ceasas,Extra,,variacao_pct,0.0,"0,00",%,change_pct,,pct,spot,,,physical
2026-02-11,legumes,cenoura-ceasas,Cenoura - Ceasas,Extra A,,preco,2.25,"2,25",R$/Kg,price,BRL,kg,spot,,,physical
2026-02-11,legumes,cenoura-ceasas,Cenoura - Ceasas,Extra A,,variacao_pct,0.0,"0,00",%,change_pct,,pct,spot,,,physical
2026-02-11,legumes,tomate-ceasas,Tomate - Ceasas,Carmem 3A,,preco,3.93,"3,93",R$/Kg,price,BRL,kg,spot,,,physical
2026-02-11,legumes,tomate-ceasas,Tomate - Ceasas,Carmem 3A,,variacao_pct,0.0,"0,00",%,change_pct,,pct,spot,,,physical
2026-02-11,legumes,tomate-ceasas,Tomate - Ceasas,Débora 3A,,preco,1.98,"1,98",R$/Kg,price,BRL,kg,spot,,,physical
2026-02-11,legumes,tomate-ceasas,Tomate - Ceasas,Débora 3A,,variacao_pct,0.0,"0,00",%,change_pct,,pct,spot,,,physical
2026-02-11,legumes,tomate-ceasas,Tomate - Ceasas,Longa Vida/Carmem Extra,,preco,4.0,"4,00",R$/Kg,price,BRL,kg,spot,,,physical
2026-02-11,legumes,tomate-ceasas,Tomate - Ceasas,Longa Vida/Carmem Extra,,variacao_pct,0.0,"0,00",%,change_pct,,pct,spot,,,physical
2026-02-11,legumes,tomate-ceasas,Tomate - Ceasas,Longa Vida/Débora Extra,,preco,3.25,"3,25",R$/Kg,price,BRL,kg,spot,,,physical
2026-02-11,legumes,tomate-ceasas,Tomate - Ceasas,Longa Vida/Débora Extra,,variacao_pct,0.0,"0,00",%,change_pct,,pct,spot,,,physical
2026-02-11,legumes,tomate-ceasas,Tomate - Ceasas,Longa Vida/Extra A,,preco,1.25,"1,25",R$/Kg,price,BRL,kg,spot,,,physical
2026-02-11,legumes,tomate-ceasas,Tomate - Ceasas,Longa Vida/Extra A,,variacao_pct,0.0,"0,00",%,change_pct,,pct,spot,,,physical
2026-02-11,legumes,tomate-ceasas,Tomate - Ceasas,Santa Cruz/Extra A,,preco,,s/ cotação,R$/Kg,price,BRL,kg,spot,,,physical
2026-02-11,legumes,tomate-ceasas,Tomate - Ceasas,Santa Cruz/Extra A,,variacao_pct,,-,%,change_pct,,pct,spot,,,physical
2026-02-12,legumes,batata-ceasas,Batata - Ceasas,Agatha Primeira,,preco,2.0,"2,00",R$/Kg,price,BRL,kg,spot,,,physical
2026-02-12,legumes,batata-ceasas,Batata - Ceasas,Agatha Primeira,,variacao_pct,11.11,"+11,11",%,change_pct,,pct,spot,,,physical
2026-02-12,legumes,batata-ceasas,Batata - Ceasas,Aster Primeira,,preco,1.2,"1,20",R$/Kg,price,BRL,kg,spot,,,physical
2026-02-12,legumes,batata-ceasas,Batata - Ceasas,Aster Primeira,,variacao_pct,0.0,"0,00",%,change_pct,,pct,spot,,,physical
2026-02-12,legumes,batata-ceasas,Batata - Ceasas,Asterix,,preco,2.22,"2,22",R$/Kg,price,BRL,kg,spot,,,physical
2026-02-12,legumes,batata-ceasas,Batata - Ceasas,Asterix,,variacao_pct,7.25,"+7,25",%,change_pct,,pct,spot,,,physical
2026-02-12,legumes,batata-ceasas,Batata - Ceasas,Escovada Especial,,preco,2.16,"2,16",R$/Kg,price,BRL,kg,spot,,,physical
2026-02-12,legumes,batata-ceasas,Batata - Ceasas,Escovada Especial,,variacao_pct,2.86,"+2,86",%,change_pct,,pct,spot,,,physical
2026-02-12,legumes,batata-ceasas,Batata - Ceasas,Lavada Especial,,preco,2.75,"2,75",R$/Kg,price,BRL,kg,spot,,,physical
2026-02-12,legumes,batata-ceasas,Batata - Ceasas,Lavada Especial,,variacao_pct,7.84,"+7,84",%,change_pct,,pct,spot,,,physical
2026-02-12,legumes,batata-ceasas,Batata - Ceasas,Yacon,,preco,8.0,"8,00",R$/Kg,price,BRL,kg,spot,,,physical
2026-02-12,legumes,batata-ceasas,Batata - Ceasas,Yacon,,variacao_pct,,-,%,change_pct,,pct,spot,,,physical
2026-02-12,legumes,cebola-no-atacado,Cebola - Ceasas,Amarela Mineira,,preco,1.75,"1,75",R$/Kg,price,BRL,kg,spot,,,physical
2026-02-12,legumes,cebola-no-atacado,Cebola - Ceasas,Amarela Mineira,,variacao_pct,16.67,"+16,67",%,change_pct,,pct,spot,,,physical
2026-02-12,legumes,cebola-no-atacado,Cebola - Ceasas,Amarela Paulista,,preco,,s/ cotação,R$/Kg,price,BRL,kg,spot,,,physical
2026-02-12,legumes,cebola-no-atacado,Cebola - Ceasas,Amarela Paulista,,variacao_pct,,-,%,change_pct,,pct,spot,,,physical
2026-02-12,legumes,cebola-no-atacado,Cebola - Ceasas,Amarela Pernambucana,,preco,,s/ cotação,R$/Kg,price,BRL,kg,spot,,,physical
2026-02-12,legumes,cebola-no-atacado,Cebola - Ceasas,Amarela Pernambucana,,variacao_pct,,-,%,change_pct,,pct,spot,,,physical
2026-02-12,legumes,cebola-no-atacado,Cebola - Ceasas,Amarela Santa Catarina,,preco,,s/ cotação,R$/Kg,price,BRL,kg,spot,,,physical
2026-02-12,legumes,cebola-no-atacado,Cebola - Ceasas,Amarela Santa Catarina,,variacao_pct,,-,%,change_pct,,pct,spot,,,physical
2026-02-12,legumes,cebola-no-atacado,Cebola - Ceasas,Importada Argentina,,preco,,s/ cotação,R$/Kg,price,BRL,kg,spot,,,physical
2026-02-12,legumes,cebola-no-atacado,Cebola - Ceasas,Importada Argentina,,variacao_pct,,-,%,change_pct,,pct,spot,,,physical
2026-02-12,legumes,cebola-no-atacado,Cebola - Ceasas,Nacional (Caixa 4),,preco,1.64,"1,64",R$/Kg,price,BRL,kg,spot,,,physical
2026-02-12,legumes,cebola-no-atacado,Cebola - Ceasas,Nacional (Caixa 4),,variacao_pct,0.0,"0,00",%,change_pct,,pct,spot,,,physical
2026-02-12,legumes,cebola-no-atacado,Cebola - Ceasas,Roxa (Caixa 4),,preco,2.79,"2,79",R$/Kg,price,BRL,kg,spot,,,physical
2026-02-12,legumes,cebola-no-atacado,Cebola - Ceasas,Roxa (Caixa 4),,variacao_pct,-14.68,"-14,68",%,change_pct,,pct,spot,,,physical
2026-02-12,legumes,cenoura-ceasas,Cenoura - Ceasas,Cenoura 2A,,preco,2.21,"2,21",R$/Kg,price,BRL,kg,spot,,,physical
2026-02-12,legumes,cenoura-ceasas,Cenoura - Ceasas,Cenoura 2A,,variacao_pct,-0.45,"-0,45",%,change_pct,,pct,spot,,,physical
2026-02-12,legumes,cenoura-ceasas,Cenoura - Ceasas,Cenoura G,,preco,1.92,"1,92",R$/Kg,price,BRL,kg,spot,,,physical
2026-02-12,legumes,cenoura-ceasas,Cenoura - Ceasas,Cenoura G,,variacao_pct,-1.03,"-1,03",%,change_pct,,pct,spot,,,physical
2026-02-12,legumes,cenoura-ceasas,Cenoura - Ceasas,Especial,,preco,1.75,"1,75",R$/Kg,price,BRL,kg,spot,,,physical
2026-02-12,legumes,cenoura-ceasas,Cenoura - Ceasas,Especial,,variacao_pct,0.0,"0,00",%,change_pct,,pct,spot,,,physical
2026-02-12,legumes,cenoura-ceasas,Cenoura - Ceasas,Extra,,preco,1.5,"1,50",R$/Kg,price,BRL,kg,spot,,,physical
2026-02-12,legumes,cenoura-ceasas,Cenoura - Ceasas,Extra,,variacao_pct,0.0,"0,00",%,change_pct,,pct,spot,,,physical
2026-02-12,legumes,cenoura-ceasas,Cenoura - Ceasas,Extra A,,preco,2.25,"2,25",R$/Kg,price,BRL,kg,spot,,,physical
2026-02-12,legumes,cenoura-ceasas,Cenoura - Ceasas,Extra A,,variacao_pct,0.0,"0,00",%,change_pct,,pct,spot,,,physical
2026-02-12,legumes,tomate-ceasas,Tomate - Ceasas,Carmem 3A,,preco,3.3,"3,30",R$/Kg,price,BRL,kg,spot,,,physical
2026-02-12,legumes,tomate-ceasas,Tomate - Ceasas,Carmem 3A,,variacao_pct,-16.03,"-16,03",%,change_pct,,pct,spot,,,physical
2026-02-12,legumes,tomate-ceasas,Tomate - Ceasas,Débora 3A,,preco,2.64,"2,64",R$/Kg,price,BRL,kg,spot,,,physical
2026-02-12,legumes,tomate-ceasas,Tomate - Ceasas,Débora 3A,,variacao_pct,33.33,"+33,33",%,change_pct,,pct,spot,,,physical
2026-02-12,legumes,tomate-ceasas,Tomate - Ceasas,Longa Vida/Carmem Extra,,preco,4.0,"4,00",R$/Kg,price,BRL,kg,spot,,,physical
2026-02-12,legumes,tomate-ceasas,Tomate - Ceasas,Longa Vida/Carmem Extra,,variacao_pct,0.0,"0,00",%,change_pct,,pct,spot,,,physical
2026-02-12,legumes,tomate-ceasas,Tomate - Ceasas,Longa Vida/Débora Extra,,preco,3.25,"3,25",R$/Kg,price,BRL,kg,spot,,,physical
2026-02-12,legumes,tomate-ceasas,Tomate - Ceasas,Longa Vida/Débora Extra,,variacao_pct,0.0,"0,00",%,change_pct,,pct,spot,,,physical
2026-02-12,legumes,tomate-ceasas,Tomate - Ceasas,Longa Vida/Extra A,,preco,1.35,"1,35",R$/Kg,price,BRL,kg,spot,,,physical
2026-02-12,legumes,tomate-ceasas,Tomate - Ceasas,Longa Vida/Extra A,,variacao_pct,8.0,"+8,00",%,change_pct,,pct,spot,,,physical
2026-02-12,legumes,tomate-ceasas,Tomate - Ceasas,Santa Cruz/Extra A,,preco,,s/ cotação,R$/Kg,price,BRL,kg,spot,,,physical
2026-02-12,legumes,tomate-ceasas,Tomate - Ceasas,Santa Cruz/Extra A,,variacao_pct,,-,%,change_pct,,pct,spot,,,physical
2026-02-13,legumes,batata-ceasas,Batata - Ceasas,Agatha Primeira,,preco,2.0,"2,00",R$/Kg,price,BRL,kg,spot,,,physical
2026-02-13,legumes,batata-ceasas,Batata - Ceasas,Agatha Primeira,,variacao_pct,0.0,"0,00",%,change_pct,,pct,spot,,,physical
2026-02-13,legumes,batata-ceasas,Batata - Ceasas,Aster Primeira,,preco,1.2,"1,20",R$/Kg,price,BRL,kg,spot,,,physical
2026-02-13,legumes,batata-ceasas,Batata - Ceasas,Aster Primeira,,variacao_pct,0.0,"0,00",%,change_pct,,pct,spot,,,physical
2026-02-13,legumes,batata-ceasas,Batata - Ceasas,Asterix,,preco,2.22,"2,22",R$/Kg,price,BRL,kg,spot,,,physical
2026-02-13,legumes,batata-ceasas,Batata - Ceasas,Asterix,,variacao_pct,0.0,"0,00",%,change_pct,,pct,spot,,,physical
2026-02-13,legumes,batata-ceasas,Batata - Ceasas,Escovada Especial,,preco,2.16,"2,16",R$/Kg,price,BRL,kg,spot,,,physical
2026-02-13,legumes,batata-ceasas,Batata - Ceasas,Escovada Especial,,variacao_pct,0.0,"0,00",%,change_pct,,pct,spot,,,physical
2026-02-13,legumes,batata-ceasas,Batata - Ceasas,Lavada Especial,,preco,2.75,"2,75",R$/Kg,price,BRL,kg,spot,,,physical
2026-02-13,legumes,batata-ceasas,Batata - Ceasas,Lavada Especial,,variacao_pct,0.0,"0,00",%,change_pct,,pct,spot,,,physical
2026-02-13,legumes,batata-ceasas,Batata - Ceasas,Yacon,,preco,8.0,"8,00",R$/Kg,price,BRL,kg,spot,,,physical
2026-02-13,legumes,batata-ceasas,Batata - Ceasas,Yacon,,variacao_pct,0.0,"0,00",%,change_pct,,pct,spot,,,physical
2026-02-13,legumes,cebola-no-atacado,Cebola - Ceasas,Amarela Mineira,,preco,1.75,"1,75",R$/Kg,price,BRL,kg,spot,,,physical
2026-02-13,legumes,cebola-no-atacado,Cebola - Ceasas,Amarela Mineira,,variacao_pct,0.0,"0,00",%,change_pct,,pct,spot,,,physical
2026-02-13,legumes,cebola-no-atacado,Cebola - Ceasas,Amarela Paulista,,preco,,s/ cotação,R$/Kg,price,BRL,kg,spot,,,physical
2026-02-13,legumes,cebola-no-atacado,Cebola - Ceasas,Amarela Paulista,,variacao_pct,,-,%,change_pct,,pct,spot,,,physical
2026-02-13,legumes,cebola-no-atacado,Cebola - Ceasas,Amarela Pernambucana,,preco,,s/ cotação,R$/Kg,price,BRL,kg,spot,,,physical
2026-02-13,legumes,cebola-no-atacado,Cebola - Ceasas,Amarela Pernambucana,,variacao_pct,,-,%,change_pct,,pct,spot,,,physical
2026-02-13,legumes,cebola-no-atacado,Cebola - Ceasas,Amarela Santa Catarina,,preco,,s/ cotação,R$/Kg,price,BRL,kg,spot,,,physical
2026-02-13,legumes,cebola-no-atacado,Cebola - Ceasas,Amarela Santa Catarina,,variacao_pct,,-,%,change_pct,,pct,spot,,,physical
2026-02-13,legumes,cebola-no-atacado,Cebola - Ceasas,Importada Argentina,,preco,,s/ cotação,R$/Kg,price,BRL,kg,spot,,,physical
2026-02-13,legumes,cebola-no-atacado,Cebola - Ceasas,Importada Argentina,,variacao_pct,,-,%,change_pct,,pct,spot,,,physical
2026-02-13,legumes,cebola-no-atacado,Cebola - Ceasas,Nacional (Caixa 4),,preco,1.64,"1,64",R$/Kg,price,BRL,kg,spot,,,physical
2026-02-13,legumes,cebola-no-atacado,Cebola - Ceasas,Nacional (Caixa 4),,variacao_pct,0.0,"0,00",%,change_pct,,pct,spot,,,physical
2026-02-13,legumes,cebola-no-atacado,Cebola - Ceasas,Roxa (Caixa 4),,preco,2.79,"2,79",R$/Kg,price,BRL,kg,spot,,,physical
2026-02-13,legumes,cebola-no-atacado,Cebola - Ceasas,Roxa (Caixa 4),,variacao_pct,0.0,"0,00",%,change_pct,,pct,spot,,,physical
2026-02-13,legumes,cenoura-ceasas,Cenoura - Ceasas,Cenoura 2A,,preco,2.21,"2,21",R$/Kg,price,BRL,kg,spot,,,physical
2026-02-13,legumes,cenoura-ceasas,Cenoura - Ceasas,Cenoura 2A,,variacao_pct,0.0,"0,00",%,change_pct,,pct,spot,,,physical
2026-02-13,legumes,cenoura-ceasas,Cenoura - Ceasas,Cenoura G,,preco,1.92,"1,92",R$/Kg,price,BRL,kg,spot,,,physical
2026-02-13,legumes,cenoura-ceasas,Cenoura - Ceasas,Cenoura G,,variacao_pct,0.0,"0,00",%,change_pct,,pct,spot,,,physical
2026-02-13,legumes,cenoura-ceasas,Cenoura - Ceasas,Especial,,preco,1.75,"1,75",R$/Kg,price,BRL,kg,spot,,,physical
2026-02-13,legumes,cenoura-ceasas,Cenoura - Ceasas,Especial,,variacao_pct,0.0,"0,00",%,change_pct,,pct,spot,,,physical
2026-02-13,legumes,cenoura-ceasas,Cenoura - Ceasas,Extra,,preco,1.5,"1,50",R$/Kg,price,BRL,kg,spot,,,physical
2026-02-13,legumes,cenoura-ceasas,Cenoura - Ceasas,Extra,,variacao_pct,0.0,"0,00",%,change_pct,,pct,spot,,,physical
2026-02-13,legumes,cenoura-ceasas,Cenoura - Ceasas,Extra A,,preco,2.25,"2,25",R$/Kg,price,BRL,kg,spot,,,physical
2026-02-13,legumes,cenoura-ceasas,Cenoura - Ceasas,Extra A,,variacao_pct,0.0,"0,00",%,change_pct,,pct,spot,,,physical
2026-02-13,legumes,tomate-ceasas,Tomate - Ceasas,Carmem 3A,,preco,3.3,"3,30",R$/Kg,price,BRL,kg,spot,,,physical
2026-02-13,legumes,tomate-ceasas,Tomate - Ceasas,Carmem 3A,,variacao_pct,0.0,"0,00",%,change_pct,,pct,spot,,,physical
2026-02-13,legumes,tomate-ceasas,Tomate - Ceasas,Débora 3A,,preco,2.64,"2,64",R$/Kg,price,BRL,kg,spot,,,physical
2026-02-13,legumes,tomate-ceasas,Tomate - Ceasas,Débora 3A,,variacao_pct,0.0,"0,00",%,change_pct,,pct,spot,,,physical
2026-02-13,legumes,tomate-ceasas,Tomate - Ceasas,Longa Vida/Carmem Extra,,preco,4.0,"4,00",R$/Kg,price,BRL,kg,spot,,,physical
2026-02-13,legumes,tomate-ceasas,Tomate - Ceasas,Longa Vida/Carmem Extra,,variacao_pct,0.0,"0,00",%,change_pct,,pct,spot,,,physical
2026-02-13,legumes,tomate-ceasas,Tomate - Ceasas,Longa Vida/Débora Extra,,preco,3.25,"3,25",R$/Kg,price,BRL,kg,spot,,,physical
2026-02-13,legumes,tomate-ceasas,Tomate - Ceasas,Longa Vida/Débora Extra,,variacao_pct,0.0,"0,00",%,change_pct,,pct,spot,,,physical
2026-02-13,legumes,tomate-ceasas,Tomate - Ceasas,Longa Vida/Extra A,,preco,1.35,"1,35",R$/Kg,price,BRL,kg,spot,,,physical
2026-02-13,legumes,tomate-ceasas,Tomate - Ceasas,Longa Vida/Extra A,,variacao_pct,0.0,"0,00",%,change_pct,,pct,spot,,,physical
2026-02-13,legumes,tomate-ceasas,Tomate - Ceasas,Santa Cruz/Extra A,,preco,,s/ cotação,R$/Kg,price,BRL,kg,spot,,,physical
2026-02-13,legumes,tomate-ceasas,Tomate - Ceasas,Santa Cruz/Extra A,,variacao_pct,,-,%,change_pct,,pct,spot,,,physical
2026-02-17,legumes,batata-ceasas,Batata - Ceasas,Agatha Primeira,,preco,1.6,"1,60",R$/Kg,price,BRL,kg,spot,,,physical
2026-02-17,legumes,batata-ceasas,Batata - Ceasas,Agatha Primeira,,variacao_pct,-20.0,"-20,00",%,change_pct,,pct,spot,,,physical
2026-02-17,legumes,batata-ceasas,Batata - Ceasas,Aster Primeira,,preco,,s/ cotação,R$/Kg,price,BRL,kg,spot,,,physical
2026-02-17,legumes,batata-ceasas,Batata - Ceasas,Aster Primeira,,variacao_pct,,-,%,change_pct,,pct,spot,,,physical
2026-02-17,legumes,batata-ceasas,Batata - Ceasas,Asterix,,preco,2.44,"2,44",R$/Kg,price,BRL,kg,spot,,,physical
2026-02-17,legumes,batata-ceasas,Batata - Ceasas,Asterix,,variacao_pct,9.91,"+9,91",%,change_pct,,pct,spot,,,physical
2026-02-17,legumes,batata-ceasas,Batata - Ceasas,Escovada Especial,,preco,2.07,"2,07",R$/Kg,price,BRL,kg,spot,,,physical
2026-02-17,legumes,batata-ceasas,Batata - Ceasas,Escovada Especial,,variacao_pct,-4.17,"-4,17",%,change_pct,,pct,spot,,,physical
2026-02-17,legumes,batata-ceasas,Batata - Ceasas,Lavada Especial,,preco,2.58,"2,58",R$/Kg,price,BRL,kg,spot,,,physical
2026-02-17,legumes,batata-ceasas,Batata - Ceasas,Lavada Especial,,variacao_pct,-6.18,"-6,18",%,change_pct,,pct,spot,,,physical
2026-02-17,legumes,batata-ceasas,Batata - Ceasas,Yacon,,preco,8.0,"8,00",R$/Kg,price,BRL,kg,spot,,,physical
2026-02-17,legumes,batata-ceasas,Batata - Ceasas,Yacon,,variacao_pct,0.0,"0,00",%,change_pct,,pct,spot,,,physical
2026-02-17,legumes,cebola-no-atacado,Cebola - Ceasas,Amarela Mineira,,preco,1.75,"1,75",R$/Kg,price,BRL,kg,spot,,,physical
2026-02-17,legumes,cebola-no-atacado,Cebola - Ceasas,Amarela Mineira,,variacao_pct,0.0,"0,00",%,change_pct,,pct,spot,,,physical
2026-02-17,legumes,cebola-no-atacado,Cebola - Ceasas,Amarela Paulista,,preco,,s/ cotação,R$/Kg,price,BRL,kg,spot,,,physical
2026-02-17,legumes,cebola-no-atacado,Cebola - Ceasas,Amarela Paulista,,variacao_pct,,-,%,change_pct,,pct,spot,,,physical
2026-02-17,legumes,cebola-no-atacado,Cebola - Ceasas,Amarela Pernambucana,,preco,,s/ cotação,R$/Kg,price,BRL,kg,spot,,,physical
2026-02-17,legumes,cebola-no-atacado,Cebola - Ceasas,Amarela Pernambucana,,variacao_pct,,-,%,change_pct,,pct,spot,,,physical
2026-02-17,legumes,cebola-no-atacado,Cebola - Ceasas,Amarela Santa Catarina,,preco,2.0,"2,00",R$/Kg,price,BRL,kg,spot,,,physical
2026-02-17,legumes,cebola-no-atacado,Cebola - Ceasas,Amarela Santa Catarina,,variacao_pct,,-,%,change_pct,,pct,spot,,,physical
2026-02-17,legumes,cebola-no-atacado,Cebola - Ceasas,Importada Argentina,,preco,,s/ cotação,R$/Kg,price,BRL,kg,spot,,,physical
2026-02-17,legumes,cebola-no-atacado,Cebola - Ceasas,Importada Argentina,,variacao_pct,,-,%,change_pct,,pct,spot,,,physical
2026-02-17,legumes,cebola-no-atacado,Cebola - Ceasas,Nacional (Caixa 4),,preco,1.59,"1,59",R$/Kg,price,BRL,kg,spot,,,physical
2026-02-17,legumes,cebola-no-atacado,Cebola - Ceasas,Nacional (Caixa 4),,variacao_pct,-3.05,"-3,05",%,change_pct,,pct,spot,,,physical
2026-02-17,legumes,cebola-no-atacado,Cebola - Ceasas,Roxa (Caixa 4),,preco,2.84,"2,84",R$/Kg,price,BRL,kg,spot,,,physical
2026-02-17,legumes,cebola-no-atacado,Cebola - Ceasas,Roxa (Caixa 4),,variacao_pct,1.79,"+1,79",%,change_pct,,pct,spot,,,physical
2026-02-17,legumes,cenoura-ceasas,Cenoura - Ceasas,Cenoura 2A,,preco,2.14,"2,14",R$/Kg,price,BRL,kg,spot,,,physical
2026-02-17,legumes,cenoura-ceasas,Cenoura - Ceasas,Cenoura 2A,,variacao_pct,-3.17,"-3,17",%,change_pct,,pct,spot,,,physical
2026-02-17,legumes,cenoura-ceasas,Cenoura - Ceasas,Cenoura G,,preco,1.8,"1,80",R$/Kg,price,BRL,kg,spot,,,physical
2026-02-17,legumes,cenoura-ceasas,Cenoura - Ceasas,Cenoura G,,variacao_pct,-6.25,"-6,25",%,change_pct,,pct,spot,,,physical
2026-02-17,legumes,cenoura-ceasas,Cenoura - Ceasas,Especial,,preco,1.75,"1,75",R$/Kg,price,BRL,kg,spot,,,physical
2026-02-17,legumes,cenoura-ceasas,Cenoura - Ceasas,Especial,,variacao_pct,0.0,"0,00",%,change_pct,,pct,spot,,,physical
2026-02-17,legumes,cenoura-ceasas,Cenoura - Ceasas,Extra,,preco,1.75,"1,75",R$/Kg,price,BRL,kg,spot,,,physical
2026-02-17,legumes,cenoura-ceasas,Cenoura - Ceasas,Extra,,variacao_pct,16.67,"+16,67",%,change_pct,,pct,spot,,,physical
2026-02-17,legumes,cenoura-ceasas,Cenoura - Ceasas,Extra A,,preco,2.25,"2,25",R$/Kg,price,BRL,kg,spot,,,physical
2026-02-17,legumes,cenoura-ceasas,Cenoura - Ceasas,Extra A,,variacao_pct,0.0,"0,00",%,change_pct,,pct,spot,,,physical
2026-02-17,legumes,tomate-ceasas,Tomate - Ceasas,Carmem 3A,,preco,3.34,"3,34",R$/Kg,price,BRL,kg,spot,,,physical
2026-02-17,legumes,tomate-ceasas,Tomate - Ceasas,Carmem 3A,,variacao_pct,1.21,"+1,21",%,change_pct,,pct,spot,,,physical
2026-02-17,legumes,tomate-ceasas,Tomate - Ceasas,Débora 3A,,preco,2.29,"2,29",R$/Kg,price,BRL,kg,spot,,,physical
2026-02-17,legumes,tomate-ceasas,Tomate - Ceasas,Débora 3A,,variacao_pct,-13.26,"-13,26",%,change_pct,,pct,spot,,,physical
2026-02-17,legumes,tomate-ceasas,Tomate - Ceasas,Longa Vida/Carmem Extra,,preco,3.5,"3,50",R$/Kg,price,BRL,kg,spot,,,physical
2026-02-17,legumes,tomate-ceasas,Tomate - Ceasas,Longa Vida/Carmem Extra,,variacao_pct,-12.5,"-12,50",%,change_pct,,pct,spot,,,physical
2026-02-17,legumes,tomate-ceasas,Tomate - Ceasas,Longa Vida/Débora Extra,,preco,3.0,"3,00",R$/Kg,price,BRL,kg,spot,,,physical
2026-02-17,legumes,tomate-ceasas,Tomate - Ceasas,Longa Vida/Débora Extra,,variacao_pct,-7.69,"-7,69",%,change_pct,,pct,spot,,,physical
2026-02-17,legumes,tomate-ceasas,Tomate - Ceasas,Longa Vida/Extra A,,preco,2.5,"2,50",R$/Kg,price,BRL,kg,spot,,,physical
2026-02-17,legumes,tomate-ceasas,Tomate - Ceasas,Longa Vida/Extra A,,variacao_pct,85.19,"+85,19",%,change_pct,,pct,spot,,,physical
2026-02-17,legumes,tomate-ceasas,Tomate - Ceasas,Santa Cruz/Extra A,,preco,,s/ cotação,R$/Kg,price,BRL,kg,spot,,,physical
2026-02-17,legumes,tomate-ceasas,Tomate - Ceasas,Santa Cruz/Extra A,,variacao_pct,,-,%,change_pct,,pct,spot,,,physical
2026-02-18,legumes,batata-ceasas,Batata - Ceasas,Agatha Primeira,,preco,1.6,"1,60",R$/Kg,price,BRL,kg,spot,,,physical
2026-02-18,legumes,batata-ceasas,Batata - Ceasas,Agatha Primeira,,variacao_pct,0.0,"0,00",%,change_pct,,pct,spot,,,physical
2026-02-18,legumes,batata-ceasas,Batata - Ceasas,Aster Primeira,,preco,,s/ cotação,R$/Kg,price,BRL,kg,spot,,,physical
2026-02-18,legumes,batata-ceasas,Batata - Ceasas,Aster Primeira,,variacao_pct,,-,%,change_pct,,pct,spot,,,physical
2026-02-18,legumes,batata-ceasas,Batata - Ceasas,Asterix,,preco,2.44,"2,44",R$/Kg,price,BRL,kg,spot,,,physical
2026-02-18,legumes,batata-ceasas,Batata - Ceasas,Asterix,,variacao_pct,0.0,"0,00",%,change_pct,,pct,spot,,,physical
2026-02-18,legumes,batata-ceasas,Batata - Ceasas,Escovada Especial,,preco,2.07,"2,07",R$/Kg,price,BRL,kg,spot,,,physical
2026-02-18,legumes,batata-ceasas,Batata - Ceasas,Escovada Especial,,variacao_pct,0.0,"0,00",%,change_pct,,pct,spot,,,physical
2026-02-18,legumes,batata-ceasas,Batata - Ceasas,Lavada Especial,,preco,2.58,"2,58",R$/Kg,price,BRL,kg,spot,,,physical
2026-02-18,legumes,batata-ceasas,Batata - Ceasas,Lavada Especial,,variacao_pct,0.0,"0,00",%,change_pct,,pct,spot,,,physical
2026-02-18,legumes,batata-ceasas,Batata - Ceasas,Yacon,,preco,8.0,"8,00",R$/Kg,price,BRL,kg,spot,,,physical
2026-02-18,legumes,batata-ceasas,Batata - Ceasas,Yacon,,variacao_pct,0.0,"0,00",%,change_pct,,pct,spot,,,physical
2026-02-18,legumes,cebola-no-atacado,Cebola - Ceasas,Amarela Mineira,,preco,1.75,"1,75",R$/Kg,price,BRL,kg,spot,,,physical
2026-02-18,legumes,cebola-no-atacado,Cebola - Ceasas,Amarela Mineira,,variacao_pct,0.0,"0,00",%,change_pct,,pct,spot,,,physical
2026-02-18,legumes,cebola-no-atacado,Cebola - Ceasas,Amarela Paulista,,preco,,s/ cotação,R$/Kg,price,BRL,kg,spot,,,physical
2026-02-18,legumes,cebola-no-atacado,Cebola - Ceasas,Amarela Paulista,,variacao_pct,,-,%,change_pct,,pct,spot,,,physical
2026-02-18,legumes,cebola-no-atacado,Cebola - Ceasas,Amarela Pernambucana,,preco,,s/ cotação,R$/Kg,price,BRL,kg,spot,,,physical
2026-02-18,legumes,cebola-no-atacado,Cebola - Ceasas,Amarela Pernambucana,,variacao_pct,,-,%,change_pct,,pct,spot,,,physical
2026-02-18,legumes,cebola-no-atacado,Cebola - Ceasas,Amarela Santa Catarina,,preco,2.0,"2,00",R$/Kg,price,BRL,kg,spot,,,physical
2026-02-18,legumes,cebola-no-atacado,Cebola - Ceasas,Amarela Santa Catarina,,variacao_pct,,-,%,change_pct,,pct,spot,,,physical
2026-02-18,legumes,cebola-no-atacado,Cebola - Ceasas,Importada Argentina,,preco,,s/ cotação,R$/Kg,price,BRL,kg,spot,,,physical
2026-02-18,legumes,cebola-no-atacado,Cebola - Ceasas,Importada Argentina,,variacao_pct,,-,%,change_pct,,pct,spot,,,physical
2026-02-18,legumes,cebola-no-atacado,Cebola - Ceasas,Nacional (Caixa 4),,preco,1.59,"1,59",R$/Kg,price,BRL,kg,spot,,,physical
2026-02-18,legumes,cebola-no-atacado,Cebola - Ceasas,Nacional (Caixa 4),,variacao_pct,0.0,"0,00",%,change_pct,,pct,spot,,,physical
2026-02-18,legumes,cebola-no-atacado,Cebola - Ceasas,Roxa (Caixa 4),,preco,2.84,"2,84",R$/Kg,price,BRL,kg,spot,,,physical
2026-02-18,legumes,cebola-no-atacado,Cebola - Ceasas,Roxa (Caixa 4),,variacao_pct,0.0,"0,00",%,change_pct,,pct,spot,,,physical
2026-02-18,legumes,cenoura-ceasas,Cenoura - Ceasas,Cenoura 2A,,preco,2.14,"2,14",R$/Kg,price,BRL,kg,spot,,,physical
2026-02-18,legumes,cenoura-ceasas,Cenoura - Ceasas,Cenoura 2A,,variacao_pct,0.0,"0,00",%,change_pct,,pct,spot,,,physical
2026-02-18,legumes,cenoura-ceasas,Cenoura - Ceasas,Cenoura G,,preco,1.8,"1,80",R$/Kg,price,BRL,kg,spot,,,physical
2026-02-18,legumes,cenoura-ceasas,Cenoura - Ceasas,Cenoura G,,variacao_pct,0.0,"0,00",%,change_pct,,pct,spot,,,physical
2026-02-18,legumes,cenoura-ceasas,Cenoura - Ceasas,Especial,,preco,1.75,"1,75",R$/Kg,price,BRL,kg,spot,,,physical
2026-02-18,legumes,cenoura-ceasas,Cenoura - Ceasas,Especial,,variacao_pct,0.0,"0,00",%,change_pct,,pct,spot,,,physical
2026-02-18,legumes,cenoura-ceasas,Cenoura - Ceasas,Extra,,preco,1.75,"1,75",R$/Kg,price,BRL,kg,spot,,,physical
2026-02-18,legumes,cenoura-ceasas,Cenoura - Ceasas,Extra,,variacao_pct,0.0,"0,00",%,change_pct,,pct,spot,,,physical
2026-02-18,legumes,cenoura-ceasas,Cenoura - Ceasas,Extra A,,preco,2.25,"2,25",R$/Kg,price,BRL,kg,spot,,,physical
2026-02-18,legumes,cenoura-ceasas,Cenoura - Ceasas,Extra A,,variacao_pct,0.0,"0,00",%,change_pct,,pct,spot,,,physical
2026-02-18,legumes,tomate-ceasas,Tomate - Ceasas,Carmem 3A,,preco,3.34,"3,34",R$/Kg,price,BRL,kg,spot,,,physical
2026-02-18,legumes,tomate-ceasas,Tomate - Ceasas,Carmem 3A,,variacao_pct,0.0,"0,00",%,change_pct,,pct,spot,,,physical
2026-02-18,legumes,tomate-ceasas,Tomate - Ceasas,Débora 3A,,preco,2.29,"2,29",R$/Kg,price,BRL,kg,spot,,,physical
2026-02-18,legumes,tomate-ceasas,Tomate - Ceasas,Débora 3A,,variacao_pct,0.0,"0,00",%,change_pct,,pct,spot,,,physical
2026-02-18,legumes,tomate-ceasas,Tomate - Ceasas,Longa Vida/Carmem Extra,,preco,3.5,"3,50",R$/Kg,price,BRL,kg,spot,,,physical
2026-02-18,legumes,tomate-ceasas,Tomate - Ceasas,Longa Vida/Carmem Extra,,variacao_pct,0.0,"0,00",%,change_pct,,pct,spot,,,physical
2026-02-18,legumes,tomate-ceasas,Tomate - Ceasas,Longa Vida/Débora Extra,,preco,3.0,"3,00",R$/Kg,price,BRL,kg,spot,,,physical
2026-02-18,legumes,tomate-ceasas,Tomate - Ceasas,Longa Vida/Débora Extra,,variacao_pct,0.0,"0,00",%,change_pct,,pct,spot,,,physical
2026-02-18,legumes,tomate-ceasas,Tomate - Ceasas,Longa Vida/Extra A,,preco,2.5,"2,50",R$/Kg,price,BRL,kg,spot,,,physical
2026-02-18,legumes,tomate-ceasas,Tomate - Ceasas,Longa Vida/Extra A,,variacao_pct,0.0,"0,00",%,change_pct,,pct,spot,,,physical
2026-02-18,legumes,tomate-ceasas,Tomate - Ceasas,Santa Cruz/Extra A,,preco,,s/ cotação,R$/Kg,price,BRL,kg,spot,,,physical
2026-02-18,legumes,tomate-ceasas,Tomate - Ceasas,Santa Cruz/Extra A,,variacao_pct,,-,%,change_pct,,pct,spot,,,physical
2026-02-19,legumes,batata-ceasas,Batata - Ceasas,Agatha Primeira,,preco,1.6,"1,60",R$/Kg,price,BRL,kg,spot,,,physical
2026-02-19,legumes,batata-ceasas,Batata - Ceasas,Agatha Primeira,,variacao_pct,0.0,"0,00",%,change_pct,,pct,spot,,,physical
2026-02-19,legumes,batata-ceasas,Batata - Ceasas,Aster Primeira,,preco,1.0,"1,00",R$/Kg,price,BRL,kg,spot,,,physical
2026-02-19,legumes,batata-ceasas,Batata - Ceasas,Aster Primeira,,variacao_pct,,-,%,change_pct,,pct,spot,,,physical
2026-02-19,legumes,batata-ceasas,Batata - Ceasas,Asterix,,preco,2.44,"2,44",R$/Kg,price,BRL,kg,spot,,,physical
2026-02-19,legumes,batata-ceasas,Batata - Ceasas,Asterix,,variacao_pct,0.0,"0,00",%,change_pct,,pct,spot,,,physical
2026-02-19,legumes,batata-ceasas,Batata - Ceasas,Escovada Especial,,preco,2.07,"2,07",R$/Kg,price,BRL,kg,spot,,,physical
2026-02-19,legumes,batata-ceasas,Batata - Ceasas,Escovada Especial,,variacao_pct,0.0,"0,00",%,change_pct,,pct,spot,,,physical
2026-02-19,legumes,batata-ceasas,Batata - Ceasas,Lavada Especial,,preco,2.58,"2,58",R$/Kg,price,BRL,kg,spot,,,physical
2026-02-19,legumes,batata-ceasas,Batata - Ceasas,Lavada Especial,,variacao_pct,0.0,"0,00",%,change_pct,,pct,spot,,,physical
2026-02-19,legumes,batata-ceasas,Batata - Ceasas,Yacon,,preco,8.0,"8,00",R$/Kg,price,BRL,kg,spot,,,physical
2026-02-19,legumes,batata-ceasas,Batata - Ceasas,Yacon,,variacao_pct,0.0,"0,00",%,change_pct,,pct,spot,,,physical
2026-02-19,legumes,cebola-no-atacado,Cebola - Ceasas,Amarela Mineira,,preco,1.75,"1,75",R$/Kg,price,BRL,kg,spot,,,physical
2026-02-19,legumes,cebola-no-atacado,Cebola - Ceasas,Amarela Mineira,,variacao_pct,0.0,"0,00",%,change_pct,,pct,spot,,,physical
2026-02-19,legumes,cebola-no-atacado,Cebola - Ceasas,Amarela Paulista,,preco,,s/ cotação,R$/Kg,price,BRL,kg,spot,,,physical
2026-02-19,legumes,cebola-no-atacado,Cebola - Ceasas,Amarela Paulista,,variacao_pct,,-,%,change_pct,,pct,spot,,,physical
2026-02-19,legumes,cebola-no-atacado,Cebola - Ceasas,Amarela Pernambucana,,preco,,s/ cotação,R$/Kg,price,BRL,kg,spot,,,physical
2026-02-19,legumes,cebola-no-atacado,Cebola - Ceasas,Amarela Pernambucana,,variacao_pct,,-,%,change_pct,,pct,spot,,,physical
2026-02-19,legumes,cebola-no-atacado,Cebola - Ceasas,Amarela Santa Catarina,,preco,2.0,"2,00",R$/Kg,price,BRL,kg,spot,,,physical
2026-02-19,legumes,cebola-no-atacado,Cebola - Ceasas,Amarela Santa Catarina,,variacao_pct,0.0,"0,00",%,change_pct,,pct,spot,,,physical
2026-02-19,legumes,cebola-no-atacado,Cebola - Ceasas,Importada Argentina,,preco,,s/ cotação,R$/Kg,price,BRL,kg,spot,,,physical
2026-02-19,legumes,cebola-no-atacado,Cebola - Ceasas,Importada Argentina,,variacao_pct,,-,%,change_pct,,pct,spot,,,physical
2026-02-19,legumes,cebola-no-atacado,Cebola - Ceasas,Nacional (Caixa 4),,preco,1.59,"1,59",R$/Kg,price,BRL,kg,spot,,,physical
2026-02-19,legumes,cebola-no-atacado,Cebola - Ceasas,Nacional (Caixa 4),,variacao_pct,0.0,"0,00",%,change_pct,,pct,spot,,,physical
2026-02-19,legumes,cebola-no-atacado,Cebola - Ceasas,Roxa (Caixa 4),,preco,2.84,"2,84",R$/Kg,price,BRL,kg,spot,,,physical
2026-02-19,legumes,cebola-no-atacado,Cebola - Ceasas,Roxa (Caixa 4),,variacao_pct,0.0,"0,00",%,change_pct,,pct,spot,,,physical
2026-02-19,legumes,cenoura-ceasas,Cenoura - Ceasas,Cenoura 2A,,preco,2.14,"2,14",R$/Kg,price,BRL,kg,spot,,,physical
2026-02-19,legumes,cenoura-ceasas,Cenoura - Ceasas,Cenoura 2A,,variacao_pct,0.0,"0,00",%,change_pct,,pct,spot,,,physical
2026-02-19,legumes,cenoura-ceasas,Cenoura - Ceasas,Cenoura G,,preco,1.8,"1,80",R$/Kg,price,BRL,kg,spot,,,physical
2026-02-19,legumes,cenoura-ceasas,Cenoura - Ceasas,Cenoura G,,variacao_pct,0.0,"0,00",%,change_pct,,pct,spot,,,physical
2026-02-19,legumes,cenoura-ceasas,Cenoura - Ceasas,Especial,,preco,1.75,"1,75",R$/Kg,price,BRL,kg,spot,,,physical
2026-02-19,legumes,cenoura-ceasas,Cenoura - Ceasas,Especial,,variacao_pct,0.0,"0,00",%,change_pct,,pct,spot,,,physical
2026-02-19,legumes,cenoura-ceasas,Cenoura - Ceasas,Extra,,preco,1.75,"1,75",R$/Kg,price,BRL,kg,spot,,,physical
2026-02-19,legumes,cenoura-ceasas,Cenoura - Ceasas,Extra,,variacao_pct,0.0,"0,00",%,change_pct,,pct,spot,,,physical
2026-02-19,legumes,cenoura-ceasas,Cenoura - Ceasas,Extra A,,preco,2.5,"2,50",R$/Kg,price,BRL,kg,spot,,,physical
2026-02-19,legumes,cenoura-ceasas,Cenoura - Ceasas,Extra A,,variacao_pct,11.11,"+11,11",%,change_pct,,pct,spot,,,physical
2026-02-19,legumes,tomate-ceasas,Tomate - Ceasas,Carmem 3A,,preco,3.34,"3,34",R$/Kg,price,BRL,kg,spot,,,physical
2026-02-19,legumes,tomate-ceasas,Tomate - Ceasas,Carmem 3A,,variacao_pct,0.0,"0,00",%,change_pct,,pct,spot,,,physical
2026-02-19,legumes,tomate-ceasas,Tomate - Ceasas,Débora 3A,,preco,2.29,"2,29",R$/Kg,price,BRL,kg,spot,,,physical
2026-02-19,legumes,tomate-ceasas,Tomate - Ceasas,Débora 3A,,variacao_pct,0.0,"0,00",%,change_pct,,pct,spot,,,physical
2026-02-19,legumes,tomate-ceasas,Tomate - Ceasas,Longa Vida/Carmem Extra,,preco,3.5,"3,50",R$/Kg,price,BRL,kg,spot,,,physical
2026-02-19,legumes,tomate-ceasas,Tomate - Ceasas,Longa Vida/Carmem Extra,,variacao_pct,0.0,"0,00",%,change_pct,,pct,spot,,,physical
2026-02-19,legumes,tomate-ceasas,Tomate - Ceasas,Longa Vida/Débora Extra,,preco,3.0,"3,00",R$/Kg,price,BRL,kg,spot,,,physical
2026-02-19,legumes,tomate-ceasas,Tomate - Ceasas,Longa Vida/Débora Extra,,variacao_pct,0.0,"0,00",%,change_pct,,pct,spot,,,physical
2026-02-19,legumes,tomate-ceasas,Tomate - Ceasas,Longa Vida/Extra A,,preco,2.0,"2,00",R$/Kg,price,BRL,kg,spot,,,physical
2026-02-19,legumes,tomate-ceasas,Tomate - Ceasas,Longa Vida/Extra A,,variacao_pct,-20.0,"-20,00",%,change_pct,,pct,spot,,,physical
2026-02-19,legumes,tomate-ceasas,Tomate - Ceasas,Santa Cruz/Extra A,,preco,,s/ cotação,R$/Kg,price,BRL,kg,spot,,,physical
2026-02-19,legumes,tomate-ceasas,Tomate - Ceasas,Santa Cruz/Extra A,,variacao_pct,,-,%,change_pct,,pct,spot,,,physical
2026-02-20,legumes,batata-ceasas,Batata - Ceasas,Agatha Primeira,,preco,1.4,"1,40",R$/Kg,price,BRL,kg,spot,,,physical
2026-02-20,legumes,batata-ceasas,Batata - Ceasas,Agatha Primeira,,variacao_pct,-12.5,"-12,50",%,change_pct,,pct,spot,,,physical
2026-02-20,legumes,batata-ceasas,Batata - Ceasas,Aster Primeira,,preco,1.0,"1,00",R$/Kg,price,BRL,kg,spot,,,physical
2026-02-20,legumes,batata-ceasas,Batata - Ceasas,Aster Primeira,,variacao_pct,0.0,"0,00",%,change_pct,,pct,spot,,,physical
2026-02-20,legumes,batata-ceasas,Batata - Ceasas,Asterix,,preco,2.44,"2,44",R$/Kg,price,BRL,kg,spot,,,physical
2026-02-20,legumes,batata-ceasas,Batata - Ceasas,Asterix,,variacao_pct,0.0,"0,00",%,change_pct,,pct,spot,,,physical
2026-02-20,legumes,batata-ceasas,Batata - Ceasas,Escovada Especial,,preco,2.07,"2,07",R$/Kg,price,BRL,kg,spot,,,physical
2026-02-20,legumes,batata-ceasas,Batata - Ceasas,Escovada Especial,,variacao_pct,0.0,"0,00",%,change_pct,,pct,spot,,,physical
2026-02-20,legumes,batata-ceasas,Batata - Ceasas,Lavada Especial,,preco,2.58,"2,58",R$/Kg,price,BRL,kg,spot,,,physical
2026-02-20,legumes,batata-ceasas,Batata - Ceasas,Lavada Especial,,variacao_pct,0.0,"0,00",%,change_pct,,pct,spot,,,physical
2026-02-20,legumes,batata-ceasas,Batata - Ceasas,Yacon,,preco,8.0,"8,00",R$/Kg,price,BRL,kg,spot,,,physical
2026-02-20,legumes,batata-ceasas,Batata - Ceasas,Yacon,,variacao_pct,0.0,"0,00",%,change_pct,,pct,spot,,,physical
2026-02-20,legumes,cebola-no-atacado,Cebola - Ceasas,Amarela Mineira,,preco,1.75,"1,75",R$/Kg,price,BRL,kg,spot,,,physical
2026-02-20,legumes,cebola-no-atacado,Cebola - Ceasas,Amarela Mineira,,variacao_pct,0.0,"0,00",%,change_pct,,pct,spot,,,physical
2026-02-20,legumes,cebola-no-atacado,Cebola - Ceasas,Amarela Paulista,,preco,,s/ cotação,R$/Kg,price,BRL,kg,spot,,,physical
2026-02-20,legumes,cebola-no-atacado,Cebola - Ceasas,Amarela Paulista,,variacao_pct,,-,%,change_pct,,pct,spot,,,physical
2026-02-20,legumes,cebola-no-atacado,Cebola - Ceasas,Amarela Pernambucana,,preco,,s/ cotação,R$/Kg,price,BRL,kg,spot,,,physical
2026-02-20,legumes,cebola-no-atacado,Cebola - Ceasas,Amarela Pernambucana,,variacao_pct,,-,%,change_pct,,pct,spot,,,physical
2026-02-20,legumes,cebola-no-atacado,Cebola - Ceasas,Amarela Santa Catarina,,preco,,s/ cotação,R$/Kg,price,BRL,kg,spot,,,physical
2026-02-20,legumes,cebola-no-atacado,Cebola - Ceasas,Amarela Santa Catarina,,variacao_pct,,-,%,change_pct,,pct,spot,,,physical
2026-02-20,legumes,cebola-no-atacado,Cebola - Ceasas,Importada Argentina,,preco,,s/ cotação,R$/Kg,price,BRL,kg,spot,,,physical
2026-02-20,legumes,cebola-no-atacado,Cebola - Ceasas,Importada Argentina,,variacao_pct,,-,%,change_pct,,pct,spot,,,physical
2026-02-20,legumes,cebola-no-atacado,Cebola - Ceasas,Nacional (Caixa 4),,preco,1.59,"1,59",R$/Kg,price,BRL,kg,spot,,,physical
2026-02-20,legumes,cebola-no-atacado,Cebola - Ceasas,Nacional (Caixa 4),,variacao_pct,0.0,"0,00",%,change_pct,,pct,spot,,,physical
2026-02-20,legumes,cebola-no-atacado,Cebola - Ceasas,Roxa (Caixa 4),,preco,2.84,"2,84",R$/Kg,price,BRL,kg,spot,,,physical
2026-02-20,legumes,cebola-no-atacado,Cebola - Ceasas,Roxa (Caixa 4),,variacao_pct,0.0,"0,00",%,change_pct,,pct,spot,,,physical
2026-02-20,legumes,cenoura-ceasas,Cenoura - Ceasas,Cenoura 2A,,preco,2.14,"2,14",R$/Kg,price,BRL,kg,spot,,,physical
2026-02-20,legumes,cenoura-ceasas,Cenoura - Ceasas,Cenoura 2A,,variacao_pct,0.0,"0,00",%,change_pct,,pct,spot,,,physical
2026-02-20,legumes,cenoura-ceasas,Cenoura - Ceasas,Cenoura G,,preco,1.8,"1,80",R$/Kg,price,BRL,kg,spot,,,physical
2026-02-20,legumes,cenoura-ceasas,Cenoura - Ceasas,Cenoura G,,variacao_pct,0.0,"0,00",%,change_pct,,pct,spot,,,physical
2026-02-20,legumes,cenoura-ceasas,Cenoura - Ceasas,Especial,,preco,1.75,"1,75",R$/Kg,price,BRL,kg,spot,,,physical
2026-02-20,legumes,cenoura-ceasas,Cenoura - Ceasas,Especial,,variacao_pct,0.0,"0,00",%,change_pct,,pct,spot,,,physical
2026-02-20,legumes,cenoura-ceasas,Cenoura - Ceasas,Extra,,preco,2.25,"2,25",R$/Kg,price,BRL,kg,spot,,,physical
2026-02-20,legumes,cenoura-ceasas,Cenoura - Ceasas,Extra,,variacao_pct,28.57,"+28,57",%,change_pct,,pct,spot,,,physical
2026-02-20,legumes,cenoura-ceasas,Cenoura - Ceasas,Extra A,,preco,2.75,"2,75",R$/Kg,price,BRL,kg,spot,,,physical
2026-02-20,legumes,cenoura-ceasas,Cenoura - Ceasas,Extra A,,variacao_pct,10.0,"+10,00",%,change_pct,,pct,spot,,,physical
2026-02-20,legumes,tomate-ceasas,Tomate - Ceasas,Carmem 3A,,preco,3.34,"3,34",R$/Kg,price,BRL,kg,spot,,,physical
2026-02-20,legumes,tomate-ceasas,Tomate - Ceasas,Carmem 3A,,variacao_pct,0.0,"0,00",%,change_pct,,pct,spot,,,physical
2026-02-20,legumes,tomate-ceasas,Tomate - Ceasas,Débora 3A,,preco,2.29,"2,29",R$/Kg,price,BRL,kg,spot,,,physical
2026-02-20,legumes,tomate-ceasas,Tomate - Ceasas,Débora 3A,,variacao_pct,0.0,"0,00",%,change_pct,,pct,spot,,,physical
2026-02-20,legumes,tomate-ceasas,Tomate - Ceasas,Longa Vida/Carmem Extra,,preco,3.5,"3,50",R$/Kg,price,BRL,kg,spot,,,physical
2026-02-20,legumes,tomate-ceasas,Tomate - Ceasas,Longa Vida/Carmem Extra,,variacao_pct,0.0,"0,00",%,change_pct,,pct,spot,,,physical
2026-02-20,legumes,tomate-ceasas,Tomate - Ceasas,Longa Vida/Débora Extra,,preco,3.0,"3,00",R$/Kg,price,BRL,kg,spot,,,physical
2026-02-20,legumes,tomate-ceasas,Tomate - Ceasas,Longa Vida/Débora Extra,,variacao_pct,0.0,"0,00",%,change_pct,,pct,spot,,,physical
2026-02-20,legumes,tomate-ceasas,Tomate - Ceasas,Longa Vida/Extra A,,preco,2.5,"2,50",R$/Kg,price,BRL,kg,spot,,,physical
2026-02-20,legumes,tomate-ceasas,Tomate - Ceasas,Longa Vida/Extra A,,variacao_pct,25.0,"+25,00",%,change_pct,,pct,spot,,,physical
2026-02-20,legumes,tomate-ceasas,Tomate - Ceasas,Santa Cruz/Extra A,,preco,,s/ cotação,R$/Kg,price,BRL,kg,spot,,,physical
2026-02-20,legumes,tomate-ceasas,Tomate - Ceasas,Santa Cruz/Extra A,,variacao_pct,,-,%,change_pct,,pct,spot,,,physical
2026-02-23,legumes,batata-ceasas,Batata - Ceasas,Agatha Primeira,,preco,1.6,"1,60",R$/Kg,price,BRL,kg,spot,,,physical
2026-02-23,legumes,batata-ceasas,Batata - Ceasas,Agatha Primeira,,variacao_pct,14.29,"+14,29",%,change_pct,,pct,spot,,,physical
2026-02-23,legumes,batata-ceasas,Batata - Ceasas,Aster Primeira,,preco,1.0,"1,00",R$/Kg,price,BRL,kg,spot,,,physical
2026-02-23,legumes,batata-ceasas,Batata - Ceasas,Aster Primeira,,variacao_pct,0.0,"0,00",%,change_pct,,pct,spot,,,physical
2026-02-23,legumes,batata-ceasas,Batata - Ceasas,Asterix,,preco,2.44,"2,44",R$/Kg,price,BRL,kg,spot,,,physical
2026-02-23,legumes,batata-ceasas,Batata - Ceasas,Asterix,,variacao_pct,0.0,"0,00",%,change_pct,,pct,spot,,,physical
2026-02-23,legumes,batata-ceasas,Batata - Ceasas,Escovada Especial,,preco,2.07,"2,07",R$/Kg,price,BRL,kg,spot,,,physical
2026-02-23,legumes,batata-ceasas,Batata - Ceasas,Escovada Especial,,variacao_pct,0.0,"0,00",%,change_pct,,pct,spot,,,physical
2026-02-23,legumes,batata-ceasas,Batata - Ceasas,Lavada Especial,,preco,2.58,"2,58",R$/Kg,price,BRL,kg,spot,,,physical
2026-02-23,legumes,batata-ceasas,Batata - Ceasas,Lavada Especial,,variacao_pct,0.0,"0,00",%,change_pct,,pct,spot,,,physical
2026-02-23,legumes,batata-ceasas,Batata - Ceasas,Yacon,,preco,8.0,"8,00",R$/Kg,price,BRL,kg,spot,,,physical
2026-02-23,legumes,batata-ceasas,Batata - Ceasas,Yacon,,variacao_pct,0.0,"0,00",%,change_pct,,pct,spot,,,physical
2026-02-23,legumes,cebola-no-atacado,Cebola - Ceasas,Amarela Mineira,,preco,1.75,"1,75",R$/Kg,price,BRL,kg,spot,,,physical
2026-02-23,legumes,cebola-no-atacado,Cebola - Ceasas,Amarela Mineira,,variacao_pct,0.0,"0,00",%,change_pct,,pct,spot,,,physical
2026-02-23,legumes,cebola-no-atacado,Cebola - Ceasas,Amarela Paulista,,preco,,s/ cotação,R$/Kg,price,BRL,kg,spot,,,physical
2026-02-23,legumes,cebola-no-atacado,Cebola - Ceasas,Amarela Paulista,,variacao_pct,,-,%,change_pct,,pct,spot,,,physical
2026-02-23,legumes,cebola-no-atacado,Cebola - Ceasas,Amarela Pernambucana,,preco,,s/ cotação,R$/Kg,price,BRL,kg,spot,,,physical
2026-02-23,legumes,cebola-no-atacado,Cebola - Ceasas,Amarela Pernambucana,,variacao_pct,,-,%,change_pct,,pct,spot,,,physical
2026-02-23,legumes,cebola-no-atacado,Cebola - Ceasas,Amarela Santa Catarina,,preco,2.0,"2,00",R$/Kg,price,BRL,kg,spot,,,physical
2026-02-23,legumes,cebola-no-atacado,Cebola - Ceasas,Amarela Santa Catarina,,variacao_pct,,-,%,change_pct,,pct,spot,,,physical
2026-02-23,legumes,cebola-no-atacado,Cebola - Ceasas,Importada Argentina,,preco,,s/ cotação,R$/Kg,price,BRL,kg,spot,,,physical
2026-02-23,legumes,cebola-no-atacado,Cebola - Ceasas,Importada Argentina,,variacao_pct,,-,%,change_pct,,pct,spot,,,physical
2026-02-23,legumes,cebola-no-atacado,Cebola - Ceasas,Nacional (Caixa 4),,preco,1.59,"1,59",R$/Kg,price,BRL,kg,spot,,,physical
2026-02-23,legumes,cebola-no-atacado,Cebola - Ceasas,Nacional (Caixa 4),,variacao_pct,0.0,"0,00",%,change_pct,,pct,spot,,,physical
2026-02-23,legumes,cebola-no-atacado,Cebola - Ceasas,Roxa (Caixa 4),,preco,2.84,"2,84",R$/Kg,price,BRL,kg,spot,,,physical
2026-02-23,legumes,cebola-no-atacado,Cebola - Ceasas,Roxa (Caixa 4),,variacao_pct,0.0,"0,00",%,change_pct,,pct,spot,,,physical
2026-02-23,legumes,cenoura-ceasas,Cenoura - Ceasas,Cenoura 2A,,preco,2.14,"2,14",R$/Kg,price,BRL,kg,spot,,,physical
2026-02-23,legumes,cenoura-ceasas,Cenoura - Ceasas,Cenoura 2A,,variacao_pct,0.0,"0,00",%,change_pct,,pct,spot,,,physical
2026-02-23,legumes,cenoura-ceasas,Cenoura - Ceasas,Cenoura G,,preco,1.8,"1,80",R$/Kg,price,BRL,kg,spot,,,physical
2026-02-23,legumes,cenoura-ceasas,Cenoura - Ceasas,Cenoura G,,variacao_pct,0.0,"0,00",%,change_pct,,pct,spot,,,physical
2026-02-23,legumes,cenoura-ceasas,Cenoura - Ceasas,Especial,,preco,1.75,"1,75",R$/Kg,price,BRL,kg,spot,,,physical
2026-02-23,legumes,cenoura-ceasas,Cenoura - Ceasas,Especial,,variacao_pct,0.0,"0,00",%,change_pct,,pct,spot,,,physical
2026-02-23,legumes,cenoura-ceasas,Cenoura - Ceasas,Extra,,preco,1.5,"1,50",R$/Kg,price,BRL,kg,spot,,,physical
2026-02-23,legumes,cenoura-ceasas,Cenoura - Ceasas,Extra,,variacao_pct,-33.33,"-33,33",%,change_pct,,pct,spot,,,physical
2026-02-23,legumes,cenoura-ceasas,Cenoura - Ceasas,Extra A,,preco,2.25,"2,25",R$/Kg,price,BRL,kg,spot,,,physical
2026-02-23,legumes,cenoura-ceasas,Cenoura - Ceasas,Extra A,,variacao_pct,-18.18,"-18,18",%,change_pct,,pct,spot,,,physical
2026-02-23,legumes,tomate-ceasas,Tomate - Ceasas,Carmem 3A,,preco,3.34,"3,34",R$/Kg,price,BRL,kg,spot,,,physical
2026-02-23,legumes,tomate-ceasas,Tomate - Ceasas,Carmem 3A,,variacao_pct,0.0,"0,00",%,change_pct,,pct,spot,,,physical
2026-02-23,legumes,tomate-ceasas,Tomate - Ceasas,Débora 3A,,preco,2.29,"2,29",R$/Kg,price,BRL,kg,spot,,,physical
2026-02-23,legumes,tomate-ceasas,Tomate - Ceasas,Débora 3A,,variacao_pct,0.0,"0,00",%,change_pct,,pct,spot,,,physical
2026-02-23,legumes,tomate-ceasas,Tomate - Ceasas,Longa Vida/Carmem Extra,,preco,3.5,"3,50",R$/Kg,price,BRL,kg,spot,,,physical
2026-02-23,legumes,tomate-ceasas,Tomate - Ceasas,Longa Vida/Carmem Extra,,variacao_pct,0.0,"0,00",%,change_pct,,pct,spot,,,physical
2026-02-23,legumes,tomate-ceasas,Tomate - Ceasas,Longa Vida/Débora Extra,,preco,3.0,"3,00",R$/Kg,price,BRL,kg,spot,,,physical
2026-02-23,legumes,tomate-ceasas,Tomate - Ceasas,Longa Vida/Débora Extra,,variacao_pct,0.0,"0,00",%,change_pct,,pct,spot,,,physical
2026-02-23,legumes,tomate-ceasas,Tomate - Ceasas,Longa Vida/Extra A,,preco,1.5,"1,50",R$/Kg,price,BRL,kg,spot,,,physical
2026-02-23,legumes,tomate-ceasas,Tomate - Ceasas,Longa Vida/Extra A,,variacao_pct,-40.0,"-40,00",%,change_pct,,pct,spot,,,physical
2026-02-23,legumes,tomate-ceasas,Tomate - Ceasas,Santa Cruz/Extra A,,preco,,s/ cotação,R$/Kg,price,BRL,kg,spot,,,physical
2026-02-23,legumes,tomate-ceasas,Tomate - Ceasas,Santa Cruz/Extra A,,variacao_pct,,-,%,change_pct,,pct,spot,,,physical
2026-02-24,legumes,batata-ceasas,Batata - Ceasas,Agatha Primeira,,preco,1.6,"1,60",R$/Kg,price,BRL,kg,spot,,,physical
2026-02-24,legumes,batata-ceasas,Batata - Ceasas,Agatha Primeira,,variacao_pct,0.0,"0,00",%,change_pct,,pct,spot,,,physical
2026-02-24,legumes,batata-ceasas,Batata - Ceasas,Aster Primeira,,preco,1.0,"1,00",R$/Kg,price,BRL,kg,spot,,,physical
2026-02-24,legumes,batata-ceasas,Batata - Ceasas,Aster Primeira,,variacao_pct,0.0,"0,00",%,change_pct,,pct,spot,,,physical
2026-02-24,legumes,batata-ceasas,Batata - Ceasas,Asterix,,preco,2.51,"2,51",R$/Kg,price,BRL,kg,spot,,,physical
2026-02-24,legumes,batata-ceasas,Batata - Ceasas,Asterix,,variacao_pct,2.87,"+2,87",%,change_pct,,pct,spot,,,physical
2026-02-24,legumes,batata-ceasas,Batata - Ceasas,Escovada Especial,,preco,2.23,"2,23",R$/Kg,price,BRL,kg,spot,,,physical
2026-02-24,legumes,batata-ceasas,Batata - Ceasas,Escovada Especial,,variacao_pct,7.73,"+7,73",%,change_pct,,pct,spot,,,physical
2026-02-24,legumes,batata-ceasas,Batata - Ceasas,Lavada Especial,,preco,2.55,"2,55",R$/Kg,price,BRL,kg,spot,,,physical
2026-02-24,legumes,batata-ceasas,Batata - Ceasas,Lavada Especial,,variacao_pct,-1.16,"-1,16",%,change_pct,,pct,spot,,,physical
2026-02-24,legumes,batata-ceasas,Batata - Ceasas,Yacon,,preco,8.0,"8,00",R$/Kg,price,BRL,kg,spot,,,physical
2026-02-24,legumes,batata-ceasas,Batata - Ceasas,Yacon,,variacao_pct,0.0,"0,00",%,change_pct,,pct,spot,,,physical
2026-02-24,legumes,cebola-no-atacado,Cebola - Ceasas,Amarela Mineira,,preco,1.75,"1,75",R$/Kg,price,BRL,kg,spot,,,physical
2026-02-24,legumes,cebola-no-atacado,Cebola - Ceasas,Amarela Mineira,,variacao_pct,0.0,"0,00",%,change_pct,,pct,spot,,,physical
2026-02-24,legumes,cebola-no-atacado,Cebola - Ceasas,Amarela Paulista,,preco,,s/ cotação,R$/Kg,price,BRL,kg,spot,,,physical
2026-02-24,legumes,cebola-no-atacado,Cebola - Ceasas,Amarela Paulista,,variacao_pct,,-,%,change_pct,,pct,spot,,,physical
2026-02-24,legumes,cebola-no-atacado,Cebola - Ceasas,Amarela Pernambucana,,preco,,s/ cotação,R$/Kg,price,BRL,kg,spot,,,physical
2026-02-24,legumes,cebola-no-atacado,Cebola - Ceasas,Amarela Pernambucana,,variacao_pct,,-,%,change_pct,,pct,spot,,,physical
2026-02-24,legumes,cebola-no-atacado,Cebola - Ceasas,Amarela Santa Catarina,,preco,2.0,"2,00",R$/Kg,price,BRL,kg,spot,,,physical
2026-02-24,legumes,cebola-no-atacado,Cebola - Ceasas,Amarela Santa Catarina,,variacao_pct,,-,%,change_pct,,pct,spot,,,physical
2026-02-24,legumes,cebola-no-atacado,Cebola - Ceasas,Importada Argentina,,preco,,s/ cotação,R$/Kg,price,BRL,kg,spot,,,physical
2026-02-24,legumes,cebola-no-atacado,Cebola - Ceasas,Importada Argentina,,variacao_pct,,-,%,change_pct,,pct,spot,,,physical
2026-02-24,legumes,cebola-no-atacado,Cebola - Ceasas,Nacional (Caixa 4),,preco,1.55,"1,55",R$/Kg,price,BRL,kg,spot,,,physical
2026-02-24,legumes,cebola-no-atacado,Cebola - Ceasas,Nacional (Caixa 4),,variacao_pct,-2.52,"-2,52",%,change_pct,,pct,spot,,,physical
2026-02-24,legumes,cebola-no-atacado,Cebola - Ceasas,Roxa (Caixa 4),,preco,3.51,"3,51",R$/Kg,price,BRL,kg,spot,,,physical
2026-02-24,legumes,cebola-no-atacado,Cebola - Ceasas,Roxa (Caixa 4),,variacao_pct,23.59,"+23,59",%,change_pct,,pct,spot,,,physical
2026-02-24,legumes,cenoura-ceasas,Cenoura - Ceasas,Cenoura 2A,,preco,2.06,"2,06",R$/Kg,price,BRL,kg,spot,,,physical
2026-02-24,legumes,cenoura-ceasas,Cenoura - Ceasas,Cenoura 2A,,variacao_pct,-3.74,"-3,74",%,change_pct,,pct,spot,,,physical
2026-02-24,legumes,cenoura-ceasas,Cenoura - Ceasas,Cenoura G,,preco,1.62,"1,62",R$/Kg,price,BRL,kg,spot,,,physical
2026-02-24,legumes,cenoura-ceasas,Cenoura - Ceasas,Cenoura G,,variacao_pct,-10.0,"-10,00",%,change_pct,,pct,spot,,,physical
2026-02-24,legumes,cenoura-ceasas,Cenoura - Ceasas,Especial,,preco,1.75,"1,75",R$/Kg,price,BRL,kg,spot,,,physical
2026-02-24,legumes,cenoura-ceasas,Cenoura - Ceasas,Especial,,variacao_pct,0.0,"0,00",%,change_pct,,pct,spot,,,physical
2026-02-24,legumes,cenoura-ceasas,Cenoura - Ceasas,Extra,,preco,1.5,"1,50",R$/Kg,price,BRL,kg,spot,,,physical
2026-02-24,legumes,cenoura-ceasas,Cenoura - Ceasas,Extra,,variacao_pct,0.0,"0,00",%,change_pct,,pct,spot,,,physical
2026-02-24,legumes,cenoura-ceasas,Cenoura - Ceasas,Extra A,,preco,2.25,"2,25",R$/Kg,price,BRL,kg,spot,,,physical
2026-02-24,legumes,cenoura-ceasas,Cenoura - Ceasas,Extra A,,variacao_pct,0.0,"0,00",%,change_pct,,pct,spot,,,physical
2026-02-24,legumes,tomate-ceasas,Tomate - Ceasas,Carmem 3A,,preco,3.63,"3,63",R$/Kg,price,BRL,kg,spot,,,physical
2026-02-24,legumes,tomate-ceasas,Tomate - Ceasas,Carmem 3A,,variacao_pct,8.68,"+8,68",%,change_pct,,pct,spot,,,physical
2026-02-24,legumes,tomate-ceasas,Tomate - Ceasas,Débora 3A,,preco,2.9,"2,90",R$/Kg,price,BRL,kg,spot,,,physical
2026-02-24,legumes,tomate-ceasas,Tomate - Ceasas,Débora 3A,,variacao_pct,26.64,"+26,64",%,change_pct,,pct,spot,,,physical
2026-02-24,legumes,tomate-ceasas,Tomate - Ceasas,Longa Vida/Carmem Extra,,preco,3.5,"3,50",R$/Kg,price,BRL,kg,spot,,,physical
2026-02-24,legumes,tomate-ceasas,Tomate - Ceasas,Longa Vida/Carmem Extra,,variacao_pct,0.0,"0,00",%,change_pct,,pct,spot,,,physical
2026-02-24,legumes,tomate-ceasas,Tomate - Ceasas,Longa Vida/Débora Extra,,preco,3.0,"3,00",R$/Kg,price,BRL,kg,spot,,,physical
2026-02-24,legumes,tomate-ceasas,Tomate - Ceasas,Longa Vida/Débora Extra,,variacao_pct,0.0,"0,00",%,change_pct,,pct,spot,,,physical
2026-02-24,legumes,tomate-ceasas,Tomate - Ceasas,Longa Vida/Extra A,,preco,1.5,"1,50",R$/Kg,price,BRL,kg,spot,,,physical
2026-02-24,legumes,tomate-ceasas,Tomate - Ceasas,Longa Vida/Extra A,,variacao_pct,0.0,"0,00",%,change_pct,,pct,spot,,,physical
2026-02-24,legumes,tomate-ceasas,Tomate - Ceasas,Santa Cruz/Extra A,,preco,,s/ cotação,R$/Kg,price,BRL,kg,spot,,,physical
2026-02-24,legumes,tomate-ceasas,Tomate - Ceasas,Santa Cruz/Extra A,,variacao_pct,,-,%,change_pct,,pct,spot,,,physical
2026-02-25,legumes,batata-ceasas,Batata - Ceasas,Agatha Primeira,,preco,2.0,"2,00",R$/Kg,price,BRL,kg,spot,,,physical
2026-02-25,legumes,batata-ceasas,Batata - Ceasas,Agatha Primeira,,variacao_pct,25.0,"+25,00",%,change_pct,,pct,spot,,,physical
2026-02-25,legumes,batata-ceasas,Batata - Ceasas,Aster Primeira,,preco,1.0,"1,00",R$/Kg,price,BRL,kg,spot,,,physical
2026-02-25,legumes,batata-ceasas,Batata - Ceasas,Aster Primeira,,variacao_pct,0.0,"0,00",%,change_pct,,pct,spot,,,physical
2026-02-25,legumes,batata-ceasas,Batata - Ceasas,Asterix,,preco,2.51,"2,51",R$/Kg,price,BRL,kg,spot,,,physical
2026-02-25,legumes,batata-ceasas,Batata - Ceasas,Asterix,,variacao_pct,0.0,"0,00",%,change_pct,,pct,spot,,,physical
2026-02-25,legumes,batata-ceasas,Batata - Ceasas,Escovada Especial,,preco,2.23,"2,23",R$/Kg,price,BRL,kg,spot,,,physical
2026-02-25,legumes,batata-ceasas,Batata - Ceasas,Escovada Especial,,variacao_pct,0.0,"0,00",%,change_pct,,pct,spot,,,physical
2026-02-25,legumes,batata-ceasas,Batata - Ceasas,Lavada Especial,,preco,2.55,"2,55",R$/Kg,price,BRL,kg,spot,,,physical
2026-02-25,legumes,batata-ceasas,Batata - Ceasas,Lavada Especial,,variacao_pct,0.0,"0,00",%,change_pct,,pct,spot,,,physical
2026-02-25,legumes,batata-ceasas,Batata - Ceasas,Yacon,,preco,8.0,"8,00",R$/Kg,price,BRL,kg,spot,,,physical
2026-02-25,legumes,batata-ceasas,Batata - Ceasas,Yacon,,variacao_pct,0.0,"0,00",%,change_pct,,pct,spot,,,physical
2026-02-25,legumes,cebola-no-atacado,Cebola - Ceasas,Amarela Mineira,,preco,2.0,"2,00",R$/Kg,price,BRL,kg,spot,,,physical
2026-02-25,legumes,cebola-no-atacado,Cebola - Ceasas,Amarela Mineira,,variacao_pct,14.29,"+14,29",%,change_pct,,pct,spot,,,physical
2026-02-25,legumes,cebola-no-atacado,Cebola - Ceasas,Amarela Paulista,,preco,,s/ cotação,R$/Kg,price,BRL,kg,spot,,,physical
2026-02-25,legumes,cebola-no-atacado,Cebola - Ceasas,Amarela Paulista,,variacao_pct,,-,%,change_pct,,pct,spot,,,physical
2026-02-25,legumes,cebola-no-atacado,Cebola - Ceasas,Amarela Pernambucana,,preco,,s/ cotação,R$/Kg,price,BRL,kg,spot,,,physical
2026-02-25,legumes,cebola-no-atacado,Cebola - Ceasas,Amarela Pernambucana,,variacao_pct,,-,%,change_pct,,pct,spot,,,physical
2026-02-25,legumes,cebola-no-atacado,Cebola - Ceasas,Amarela Santa Catarina,,preco,2.0,"2,00",R$/Kg,price,BRL,kg,spot,,,physical
2026-02-25,legumes,cebola-no-atacado,Cebola - Ceasas,Amarela Santa Catarina,,variacao_pct,0.0,"0,00",%,change_pct,,pct,spot,,,physical
2026-02-25,legumes,cebola-no-atacado,Cebola - Ceasas,Importada Argentina,,preco,,s/ cotação,R$/Kg,price,BRL,kg,spot,,,physical
2026-02-25,legumes,cebola-no-atacado,Cebola - Ceasas,Importada Argentina,,variacao_pct,,-,%,change_pct,,pct,spot,,,physical
2026-02-25,legumes,cebola-no-atacado,Cebola - Ceasas,Nacional (Caixa 4),,preco,1.55,"1,55",R$/Kg,price,BRL,kg,spot,,,physical
2026-02-25,legumes,cebola-no-atacado,Cebola - Ceasas,Nacional (Caixa 4),,variacao_pct,0.0,"0,00",%,change_pct,,pct,spot,,,physical
2026-02-25,legumes,cebola-no-atacado,Cebola - Ceasas,Roxa (Caixa 4),,preco,3.51,"3,51",R$/Kg,price,BRL,kg,spot,,,physical
2026-02-25,legumes,cebola-no-atacado,Cebola - Ceasas,Roxa (Caixa 4),,variacao_pct,0.0,"0,00",%,change_pct,,pct,spot,,,physical
2026-02-25,legumes,cenoura-ceasas,Cenoura - Ceasas,Cenoura 2A,,preco,2.06,"2,06",R$/Kg,price,BRL,kg,spot,,,physical
2026-02-25,legumes,cenoura-ceasas,Cenoura - Ceasas,Cenoura 2A,,variacao_pct,0.0,"0,00",%,change_pct,,pct,spot,,,physical
2026-02-25,legumes,cenoura-ceasas,Cenoura - Ceasas,Cenoura G,,preco,1.62,"1,62",R$/Kg,price,BRL,kg,spot,,,physical
2026-02-25,legumes,cenoura-ceasas,Cenoura - Ceasas,Cenoura G,,variacao_pct,0.0,"0,00",%,change_pct,,pct,spot,,,physical
2026-02-25,legumes,cenoura-ceasas,Cenoura - Ceasas,Especial,,preco,1.75,"1,75",R$/Kg,price,BRL,kg,spot,,,physical
2026-02-25,legumes,cenoura-ceasas,Cenoura - Ceasas,Especial,,variacao_pct,0.0,"0,00",%,change_pct,,pct,spot,,,physical
2026-02-25,legumes,cenoura-ceasas,Cenoura - Ceasas,Extra,,preco,1.5,"1,50",R$/Kg,price,BRL,kg,spot,,,physical
2026-02-25,legumes,cenoura-ceasas,Cenoura - Ceasas,Extra,,variacao_pct,0.0,"0,00",%,change_pct,,pct,spot,,,physical
2026-02-25,legumes,cenoura-ceasas,Cenoura - Ceasas,Extra A,,preco,2.75,"2,75",R$/Kg,price,BRL,kg,spot,,,physical
2026-02-25,legumes,cenoura-ceasas,Cenoura - Ceasas,Extra A,,variacao_pct,22.22,"+22,22",%,change_pct,,pct,spot,,,physical
2026-02-25,legumes,tomate-ceasas,Tomate - Ceasas,Carmem 3A,,preco,3.63,"3,63",R$/Kg,price,BRL,kg,spot,,,physical
2026-02-25,legumes,tomate-ceasas,Tomate - Ceasas,Carmem 3A,,variacao_pct,0.0,"0,00",%,change_pct,,pct,spot,,,physical
2026-02-25,legumes,tomate-ceasas,Tomate - Ceasas,Débora 3A,,preco,2.9,"2,90",R$/Kg,price,BRL,kg,spot,,,physical
2026-02-25,legumes,tomate-ceasas,Tomate - Ceasas,Débora 3A,,variacao_pct,0.0,"0,00",%,change_pct,,pct,spot,,,physical
2026-02-25,legumes,tomate-ceasas,Tomate - Ceasas,Longa Vida/Carmem Extra,,preco,3.5,"3,50",R$/Kg,price,BRL,kg,spot,,,physical
2026-02-25,legumes,tomate-ceasas,Tomate - Ceasas,Longa Vida/Carmem Extra,,variacao_pct,0.0,"0,00",%,change_pct,,pct,spot,,,physical
2026-02-25,legumes,tomate-ceasas,Tomate - Ceasas,Longa Vida/Débora Extra,,preco,3.0,"3,00",R$/Kg,price,BRL,kg,spot,,,physical
2026-02-25,legumes,tomate-ceasas,Tomate - Ceasas,Longa Vida/Débora Extra,,variacao_pct,0.0,"0,00",%,change_pct,,pct,spot,,,physical
2026-02-25,legumes,tomate-ceasas,Tomate - Ceasas,Longa Vida/Extra A,,preco,1.25,"1,25",R$/Kg,price,BRL,kg,spot,,,physical
2026-02-25,legumes,tomate-ceasas,Tomate - Ceasas,Longa Vida/Extra A,,variacao_pct,-16.67,"-16,67",%,change_pct,,pct,spot,,,physical
2026-02-25,legumes,tomate-ceasas,Tomate - Ceasas,Santa Cruz/Extra A,,preco,,s/ cotação,R$/Kg,price,BRL,kg,spot,,,physical
2026-02-25,legumes,tomate-ceasas,Tomate - Ceasas,Santa Cruz/Extra A,,variacao_pct,,-,%,change_pct,,pct,spot,,,physical
2026-02-26,legumes,batata-ceasas,Batata - Ceasas,Agatha Primeira,,preco,2.0,"2,00",R$/Kg,price,BRL,kg,spot,,,physical
2026-02-26,legumes,batata-ceasas,Batata - Ceasas,Agatha Primeira,,variacao_pct,0.0,"0,00",%,change_pct,,pct,spot,,,physical
2026-02-26,legumes,batata-ceasas,Batata - Ceasas,Aster Primeira,,preco,1.0,"1,00",R$/Kg,price,BRL,kg,spot,,,physical
2026-02-26,legumes,batata-ceasas,Batata - Ceasas,Aster Primeira,,variacao_pct,0.0,"0,00",%,change_pct,,pct,spot,,,physical
2026-02-26,legumes,batata-ceasas,Batata - Ceasas,Asterix,,preco,2.51,"2,51",R$/Kg,price,BRL,kg,spot,,,physical
2026-02-26,legumes,batata-ceasas,Batata - Ceasas,Asterix,,variacao_pct,0.0,"0,00",%,change_pct,,pct,spot,,,physical
2026-02-26,legumes,batata-ceasas,Batata - Ceasas,Escovada Especial,,preco,2.23,"2,23",R$/Kg,price,BRL,kg,spot,,,physical
2026-02-26,legumes,batata-ceasas,Batata - Ceasas,Escovada Especial,,variacao_pct,0.0,"0,00",%,change_pct,,pct,spot,,,physical
2026-02-26,legumes,batata-ceasas,Batata - Ceasas,Lavada Especial,,preco,2.55,"2,55",R$/Kg,price,BRL,kg,spot,,,physical
2026-02-26,legumes,batata-ceasas,Batata - Ceasas,Lavada Especial,,variacao_pct,0.0,"0,00",%,change_pct,,pct,spot,,,physical
2026-02-26,legumes,batata-ceasas,Batata - Ceasas,Yacon,,preco,8.0,"8,00",R$/Kg,price,BRL,kg,spot,,,physical
2026-02-26,legumes,batata-ceasas,Batata - Ceasas,Yacon,,variacao_pct,0.0,"0,00",%,change_pct,,pct,spot,,,physical
2026-02-26,legumes,cebola-no-atacado,Cebola - Ceasas,Amarela Mineira,,preco,2.0,"2,00",R$/Kg,price,BRL,kg,spot,,,physical
2026-02-26,legumes,cebola-no-atacado,Cebola - Ceasas,Amarela Mineira,,variacao_pct,0.0,"0,00",%,change_pct,,pct,spot,,,physical
2026-02-26,legumes,cebola-no-atacado,Cebola - Ceasas,Amarela Paulista,,preco,,s/ cotação,R$/Kg,price,BRL,kg,spot,,,physical
2026-02-26,legumes,cebola-no-atacado,Cebola - Ceasas,Amarela Paulista,,variacao_pct,,-,%,change_pct,,pct,spot,,,physical
2026-02-26,legumes,cebola-no-atacado,Cebola - Ceasas,Amarela Pernambucana,,preco,,s/ cotação,R$/Kg,price,BRL,kg,spot,,,physical
2026-02-26,legumes,cebola-no-atacado,Cebola - Ceasas,Amarela Pernambucana,,variacao_pct,,-,%,change_pct,,pct,spot,,,physical
2026-02-26,legumes,cebola-no-atacado,Cebola - Ceasas,Amarela Santa Catarina,,preco,2.0,"2,00",R$/Kg,price,BRL,kg,spot,,,physical
2026-02-26,legumes,cebola-no-atacado,Cebola - Ceasas,Amarela Santa Catarina,,variacao_pct,0.0,"0,00",%,change_pct,,pct,spot,,,physical
2026-02-26,legumes,cebola-no-atacado,Cebola - Ceasas,Importada Argentina,,preco,,s/ cotação,R$/Kg,price,BRL,kg,spot,,,physical
2026-02-26,legumes,cebola-no-atacado,Cebola - Ceasas,Importada Argentina,,variacao_pct,,-,%,change_pct,,pct,spot,,,physical
2026-02-26,legumes,cebola-no-atacado,Cebola - Ceasas,Nacional (Caixa 4),,preco,1.55,"1,55",R$/Kg,price,BRL,kg,spot,,,physical
2026-02-26,legumes,cebola-no-atacado,Cebola - Ceasas,Nacional (Caixa 4),,variacao_pct,0.0,"0,00",%,change_pct,,pct,spot,,,physical
2026-02-26,legumes,cebola-no-atacado,Cebola - Ceasas,Roxa (Caixa 4),,preco,3.51,"3,51",R$/Kg,price,BRL,kg,spot,,,physical
2026-02-26,legumes,cebola-no-atacado,Cebola - Ceasas,Roxa (Caixa 4),,variacao_pct,0.0,"0,00",%,change_pct,,pct,spot,,,physical
2026-02-26,legumes,cenoura-ceasas,Cenoura - Ceasas,Cenoura 2A,,preco,2.06,"2,06",R$/Kg,price,BRL,kg,spot,,,physical
2026-02-26,legumes,cenoura-ceasas,Cenoura - Ceasas,Cenoura 2A,,variacao_pct,0.0,"0,00",%,change_pct,,pct,spot,,,physical
2026-02-26,legumes,cenoura-ceasas,Cenoura - Ceasas,Cenoura G,,preco,1.62,"1,62",R$/Kg,price,BRL,kg,spot,,,physical
2026-02-26,legumes,cenoura-ceasas,Cenoura - Ceasas,Cenoura G,,variacao_pct,0.0,"0,00",%,change_pct,,pct,spot,,,physical
2026-02-26,legumes,cenoura-ceasas,Cenoura - Ceasas,Especial,,preco,1.75,"1,75",R$/Kg,price,BRL,kg,spot,,,physical
2026-02-26,legumes,cenoura-ceasas,Cenoura - Ceasas,Especial,,variacao_pct,0.0,"0,00",%,change_pct,,pct,spot,,,physical
2026-02-26,legumes,cenoura-ceasas,Cenoura - Ceasas,Extra,,preco,1.5,"1,50",R$/Kg,price,BRL,kg,spot,,,physical
2026-02-26,legumes,cenoura-ceasas,Cenoura - Ceasas,Extra,,variacao_pct,0.0,"0,00",%,change_pct,,pct,spot,,,physical
2026-02-26,legumes,cenoura-ceasas,Cenoura - Ceasas,Extra A,,preco,2.75,"2,75",R$/Kg,price,BRL,kg,spot,,,physical
2026-02-26,legumes,cenoura-ceasas,Cenoura - Ceasas,Extra A,,variacao_pct,0.0,"0,00",%,change_pct,,pct,spot,,,physical
2026-02-26,legumes,tomate-ceasas,Tomate - Ceasas,Carmem 3A,,preco,3.63,"3,63",R$/Kg,price,BRL,kg,spot,,,physical
2026-02-26,legumes,tomate-ceasas,Tomate - Ceasas,Carmem 3A,,variacao_pct,0.0,"0,00",%,change_pct,,pct,spot,,,physical
2026-02-26,legumes,tomate-ceasas,Tomate - Ceasas,Débora 3A,,preco,2.9,"2,90",R$/Kg,price,BRL,kg,spot,,,physical
2026-02-26,legumes,tomate-ceasas,Tomate - Ceasas,Débora 3A,,variacao_pct,0.0,"0,00",%,change_pct,,pct,spot,,,physical
2026-02-26,legumes,tomate-ceasas,Tomate - Ceasas,Longa Vida/Carmem Extra,,preco,3.5,"3,50",R$/Kg,price,BRL,kg,spot,,,physical
2026-02-26,legumes,tomate-ceasas,Tomate - Ceasas,Longa Vida/Carmem Extra,,variacao_pct,0.0,"0,00",%,change_pct,,pct,spot,,,physical
2026-02-26,legumes,tomate-ceasas,Tomate - Ceasas,Longa Vida/Débora Extra,,preco,3.0,"3,00",R$/Kg,price,BRL,kg,spot,,,physical
2026-02-26,legumes,tomate-ceasas,Tomate - Ceasas,Longa Vida/Débora Extra,,variacao_pct,0.0,"0,00",%,change_pct,,pct,spot,,,physical
2026-02-26,legumes,tomate-ceasas,Tomate - Ceasas,Longa Vida/Extra A,,preco,1.25,"1,25",R$/Kg,price,BRL,kg,spot,,,physical
2026-02-26,legumes,tomate-ceasas,Tomate - Ceasas,Longa Vida/Extra A,,variacao_pct,0.0,"0,00",%,change_pct,,pct,spot,,,physical
2026-02-26,legumes,tomate-ceasas,Tomate - Ceasas,Santa Cruz/Extra A,,preco,,s/ cotação,R$/Kg,price,BRL,kg,spot,,,physical
2026-02-26,legumes,tomate-ceasas,Tomate - Ceasas,Santa Cruz/Extra A,,variacao_pct,,-,%,change_pct,,pct,spot,,,physical
2026-02-27,legumes,batata-ceasas,Batata - Ceasas,Agatha Primeira,,preco,2.0,"2,00",R$/Kg,price,BRL,kg,spot,,,physical
2026-02-27,legumes,batata-ceasas,Batata - Ceasas,Agatha Primeira,,variacao_pct,0.0,"0,00",%,change_pct,,pct,spot,,,physical
2026-02-27,legumes,batata-ceasas,Batata - Ceasas,Aster Primeira,,preco,1.2,"1,20",R$/Kg,price,BRL,kg,spot,,,physical
2026-02-27,legumes,batata-ceasas,Batata - Ceasas,Aster Primeira,,variacao_pct,20.0,"+20,00",%,change_pct,,pct,spot,,,physical
2026-02-27,legumes,batata-ceasas,Batata - Ceasas,Asterix,,preco,2.51,"2,51",R$/Kg,price,BRL,kg,spot,,,physical
2026-02-27,legumes,batata-ceasas,Batata - Ceasas,Asterix,,variacao_pct,0.0,"0,00",%,change_pct,,pct,spot,,,physical
2026-02-27,legumes,batata-ceasas,Batata - Ceasas,Escovada Especial,,preco,2.23,"2,23",R$/Kg,price,BRL,kg,spot,,,physical
2026-02-27,legumes,batata-ceasas,Batata - Ceasas,Escovada Especial,,variacao_pct,0.0,"0,00",%,change_pct,,pct,spot,,,physical
2026-02-27,legumes,batata-ceasas,Batata - Ceasas,Lavada Especial,,preco,2.55,"2,55",R$/Kg,price,BRL,kg,spot,,,physical
2026-02-27,legumes,batata-ceasas,Batata - Ceasas,Lavada Especial,,variacao_pct,0.0,"0,00",%,change_pct,,pct,spot,,,physical
2026-02-27,legumes,batata-ceasas,Batata - Ceasas,Yacon,,preco,8.0,"8,00",R$/Kg,price,BRL,kg,spot,,,physical
2026-02-27,legumes,batata-ceasas,Batata - Ceasas,Yacon,,variacao_pct,0.0,"0,00",%,change_pct,,pct,spot,,,physical
2026-02-27,legumes,cebola-no-atacado,Cebola - Ceasas,Amarela Mineira,,preco,2.0,"2,00",R$/Kg,price,BRL,kg,spot,,,physical
2026-02-27,legumes,cebola-no-atacado,Cebola - Ceasas,Amarela Mineira,,variacao_pct,0.0,"0,00",%,change_pct,,pct,spot,,,physical
2026-02-27,legumes,cebola-no-atacado,Cebola - Ceasas,Amarela Paulista,,preco,,s/ cotação,R$/Kg,price,BRL,kg,spot,,,physical
2026-02-27,legumes,cebola-no-atacado,Cebola - Ceasas,Amarela Paulista,,variacao_pct,,-,%,change_pct,,pct,spot,,,physical
2026-02-27,legumes,cebola-no-atacado,Cebola - Ceasas,Amarela Pernambucana,,preco,,s/ cotação,R$/Kg,price,BRL,kg,spot,,,physical
2026-02-27,legumes,cebola-no-atacado,Cebola - Ceasas,Amarela Pernambucana,,variacao_pct,,-,%,change_pct,,pct,spot,,,physical
2026-02-27,legumes,cebola-no-atacado,Cebola - Ceasas,Amarela Santa Catarina,,preco,2.0,"2,00",R$/Kg,price,BRL,kg,spot,,,physical
2026-02-27,legumes,cebola-no-atacado,Cebola - Ceasas,Amarela Santa Catarina,,variacao_pct,0.0,"0,00",%,change_pct,,pct,spot,,,physical
2026-02-27,legumes,cebola-no-atacado,Cebola - Ceasas,Importada Argentina,,preco,,s/ cotação,R$/Kg,price,BRL,kg,spot,,,physical
2026-02-27,legumes,cebola-no-atacado,Cebola - Ceasas,Importada Argentina,,variacao_pct,,-,%,change_pct,,pct,spot,,,physical
2026-02-27,legumes,cebola-no-atacado,Cebola - Ceasas,Nacional (Caixa 4),,preco,1.55,"1,55",R$/Kg,price,BRL,kg,spot,,,physical
2026-02-27,legumes,cebola-no-atacado,Cebola - Ceasas,Nacional (Caixa 4),,variacao_pct,0.0,"0,00",%,change_pct,,pct,spot,,,physical
2026-02-27,legumes,cebola-no-atacado,Cebola - Ceasas,Roxa (Caixa 4),,preco,3.51,"3,51",R$/Kg,price,BRL,kg,spot,,,physical
2026-02-27,legumes,cebola-no-atacado,Cebola - Ceasas,Roxa (Caixa 4),,variacao_pct,0.0,"0,00",%,change_pct,,pct,spot,,,physical
2026-02-27,legumes,cenoura-ceasas,Cenoura - Ceasas,Cenoura 2A,,preco,2.06,"2,06",R$/Kg,price,BRL,kg,spot,,,physical
2026-02-27,legumes,cenoura-ceasas,Cenoura - Ceasas,Cenoura 2A,,variacao_pct,0.0,"0,00",%,change_pct,,pct,spot,,,physical
2026-02-27,legumes,cenoura-ceasas,Cenoura - Ceasas,Cenoura G,,preco,1.62,"1,62",R$/Kg,price,BRL,kg,spot,,,physical
2026-02-27,legumes,cenoura-ceasas,Cenoura - Ceasas,Cenoura G,,variacao_pct,0.0,"0,00",%,change_pct,,pct,spot,,,physical
2026-02-27,legumes,cenoura-ceasas,Cenoura - Ceasas,Especial,,preco,1.75,"1,75",R$/Kg,price,BRL,kg,spot,,,physical
2026-02-27,legumes,cenoura-ceasas,Cenoura - Ceasas,Especial,,variacao_pct,0.0,"0,00",%,change_pct,,pct,spot,,,physical
2026-02-27,legumes,cenoura-ceasas,Cenoura - Ceasas,Extra,,preco,2.0,"2,00",R$/Kg,price,BRL,kg,spot,,,physical
2026-02-27,legumes,cenoura-ceasas,Cenoura - Ceasas,Extra,,variacao_pct,33.33,"+33,33",%,change_pct,,pct,spot,,,physical
2026-02-27,legumes,cenoura-ceasas,Cenoura - Ceasas,Extra A,,preco,3.5,"3,50",R$/Kg,price,BRL,kg,spot,,,physical
2026-02-27,legumes,cenoura-ceasas,Cenoura - Ceasas,Extra A,,variacao_pct,27.27,"+27,27",%,change_pct,,pct,spot,,,physical
2026-02-27,legumes,tomate-ceasas,Tomate - Ceasas,Carmem 3A,,preco,3.63,"3,63",R$/Kg,price,BRL,kg,spot,,,physical
2026-02-27,legumes,tomate-ceasas,Tomate - Ceasas,Carmem 3A,,variacao_pct,0.0,"0,00",%,change_pct,,pct,spot,,,physical
2026-02-27,legumes,tomate-ceasas,Tomate - Ceasas,Débora 3A,,preco,2.9,"2,90",R$/Kg,price,BRL,kg,spot,,,physical
2026-02-27,legumes,tomate-ceasas,Tomate - Ceasas,Débora 3A,,variacao_pct,0.0,"0,00",%,change_pct,,pct,spot,,,physical
2026-02-27,legumes,tomate-ceasas,Tomate - Ceasas,Longa Vida/Carmem Extra,,preco,3.5,"3,50",R$/Kg,price,BRL,kg,spot,,,physical
2026-02-27,legumes,tomate-ceasas,Tomate - Ceasas,Longa Vida/Carmem Extra,,variacao_pct,0.0,"0,00",%,change_pct,,pct,spot,,,physical
2026-02-27,legumes,tomate-ceasas,Tomate - Ceasas,Longa Vida/Débora Extra,,preco,3.0,"3,00",R$/Kg,price,BRL,kg,spot,,,physical
2026-02-27,legumes,tomate-ceasas,Tomate - Ceasas,Longa Vida/Débora Extra,,variacao_pct,0.0,"0,00",%,change_pct,,pct,spot,,,physical
2026-02-27,legumes,tomate-ceasas,Tomate - Ceasas,Longa Vida/Extra A,,preco,1.4,"1,40",R$/Kg,price,BRL,kg,spot,,,physical
2026-02-27,legumes,tomate-ceasas,Tomate - Ceasas,Longa Vida/Extra A,,variacao_pct,12.0,"+12,00",%,change_pct,,pct,spot,,,physical
2026-02-27,legumes,tomate-ceasas,Tomate - Ceasas,Santa Cruz/Extra A,,preco,,s/ cotação,R$/Kg,price,BRL,kg,spot,,,physical
2026-02-27,legumes,tomate-ceasas,Tomate - Ceasas,Santa Cruz/Extra A,,variacao_pct,,-,%,change_pct,,pct,spot,,,physical
2026-03-02,legumes,batata-ceasas,Batata - Ceasas,Agatha Primeira,,preco,1.6,"1,60",R$/Kg,price,BRL,kg,spot,,,physical
2026-03-02,legumes,batata-ceasas,Batata - Ceasas,Agatha Primeira,,variacao_pct,-20.0,"-20,00",%,change_pct,,pct,spot,,,physical
2026-03-02,legumes,batata-ceasas,Batata - Ceasas,Aster Primeira,,preco,1.2,"1,20",R$/Kg,price,BRL,kg,spot,,,physical
2026-03-02,legumes,batata-ceasas,Batata - Ceasas,Aster Primeira,,variacao_pct,0.0,"0,00",%,change_pct,,pct,spot,,,physical
2026-03-02,legumes,batata-ceasas,Batata - Ceasas,Asterix,,preco,2.89,"2,89",R$/Kg,price,BRL,kg,spot,,,physical
2026-03-02,legumes,batata-ceasas,Batata - Ceasas,Asterix,,variacao_pct,15.14,"+15,14",%,change_pct,,pct,spot,,,physical
2026-03-02,legumes,batata-ceasas,Batata - Ceasas,Escovada Especial,,preco,1.8,"1,80",R$/Kg,price,BRL,kg,spot,,,physical
2026-03-02,legumes,batata-ceasas,Batata - Ceasas,Escovada Especial,,variacao_pct,-19.28,"-19,28",%,change_pct,,pct,spot,,,physical
2026-03-02,legumes,batata-ceasas,Batata - Ceasas,Lavada Especial,,preco,3.5,"3,50",R$/Kg,price,BRL,kg,spot,,,physical
2026-03-02,legumes,batata-ceasas,Batata - Ceasas,Lavada Especial,,variacao_pct,37.25,"+37,25",%,change_pct,,pct,spot,,,physical
2026-03-02,legumes,batata-ceasas,Batata - Ceasas,Yacon,,preco,8.0,"8,00",R$/Kg,price,BRL,kg,spot,,,physical
2026-03-02,legumes,batata-ceasas,Batata - Ceasas,Yacon,,variacao_pct,0.0,"0,00",%,change_pct,,pct,spot,,,physical
2026-03-02,legumes,cebola-no-atacado,Cebola - Ceasas,Amarela Mineira,,preco,2.75,"2,75",R$/Kg,price,BRL,kg,spot,,,physical
2026-03-02,legumes,cebola-no-atacado,Cebola - Ceasas,Amarela Mineira,,variacao_pct,37.5,"+37,50",%,change_pct,,pct,spot,,,physical
2026-03-02,legumes,cebola-no-atacado,Cebola - Ceasas,Amarela Paulista,,preco,,s/ cotação,R$/Kg,price,BRL,kg,spot,,,physical
2026-03-02,legumes,cebola-no-atacado,Cebola - Ceasas,Amarela Paulista,,variacao_pct,,-,%,change_pct,,pct,spot,,,physical
2026-03-02,legumes,cebola-no-atacado,Cebola - Ceasas,Amarela Pernambucana,,preco,,s/ cotação,R$/Kg,price,BRL,kg,spot,,,physical
2026-03-02,legumes,cebola-no-atacado,Cebola - Ceasas,Amarela Pernambucana,,variacao_pct,,-,%,change_pct,,pct,spot,,,physical
2026-03-02,legumes,cebola-no-atacado,Cebola - Ceasas,Amarela Santa Catarina,,preco,2.25,"2,25",R$/Kg,price,BRL,kg,spot,,,physical
2026-03-02,legumes,cebola-no-atacado,Cebola - Ceasas,Amarela Santa Catarina,,variacao_pct,12.5,"+12,50",%,change_pct,,pct,spot,,,physical
2026-03-02,legumes,cebola-no-atacado,Cebola - Ceasas,Importada Argentina,,preco,,s/ cotação,R$/Kg,price,BRL,kg,spot,,,physical
2026-03-02,legumes,cebola-no-atacado,Cebola - Ceasas,Importada Argentina,,variacao_pct,,-,%,change_pct,,pct,spot,,,physical
2026-03-02,legumes,cebola-no-atacado,Cebola - Ceasas,Nacional (Caixa 4),,preco,2.04,"2,04",R$/Kg,price,BRL,kg,spot,,,physical
2026-03-02,legumes,cebola-no-atacado,Cebola - Ceasas,Nacional (Caixa 4),,variacao_pct,31.61,"+31,61",%,change_pct,,pct,spot,,,physical
2026-03-02,legumes,cebola-no-atacado,Cebola - Ceasas,Roxa (Caixa 4),,preco,2.62,"2,62",R$/Kg,price,BRL,kg,spot,,,physical
2026-03-02,legumes,cebola-no-atacado,Cebola - Ceasas,Roxa (Caixa 4),,variacao_pct,-25.36,"-25,36",%,change_pct,,pct,spot,,,physical
2026-03-02,legumes,cenoura-ceasas,Cenoura - Ceasas,Cenoura 2A,,preco,2.46,"2,46",R$/Kg,price,BRL,kg,spot,,,physical
2026-03-02,legumes,cenoura-ceasas,Cenoura - Ceasas,Cenoura 2A,,variacao_pct,19.42,"+19,42",%,change_pct,,pct,spot,,,physical
2026-03-02,legumes,cenoura-ceasas,Cenoura - Ceasas,Cenoura G,,preco,2.02,"2,02",R$/Kg,price,BRL,kg,spot,,,physical
2026-03-02,legumes,cenoura-ceasas,Cenoura - Ceasas,Cenoura G,,variacao_pct,24.69,"+24,69",%,change_pct,,pct,spot,,,physical
2026-03-02,legumes,cenoura-ceasas,Cenoura - Ceasas,Especial,,preco,2.5,"2,50",R$/Kg,price,BRL,kg,spot,,,physical
2026-03-02,legumes,cenoura-ceasas,Cenoura - Ceasas,Especial,,variacao_pct,42.86,"+42,86",%,change_pct,,pct,spot,,,physical
2026-03-02,legumes,cenoura-ceasas,Cenoura - Ceasas,Extra,,preco,2.25,"2,25",R$/Kg,price,BRL,kg,spot,,,physical
2026-03-02,legumes,cenoura-ceasas,Cenoura - Ceasas,Extra,,variacao_pct,12.5,"+12,50",%,change_pct,,pct,spot,,,physical
2026-03-02,legumes,cenoura-ceasas,Cenoura - Ceasas,Extra A,,preco,3.75,"3,75",R$/Kg,price,BRL,kg,spot,,,physical
2026-03-02,legumes,cenoura-ceasas,Cenoura - Ceasas,Extra A,,variacao_pct,7.14,"+7,14",%,change_pct,,pct,spot,,,physical
2026-03-02,legumes,tomate-ceasas,Tomate - Ceasas,Carmem 3A,,preco,4.73,"4,73",R$/Kg,price,BRL,kg,spot,,,physical
2026-03-02,legumes,tomate-ceasas,Tomate - Ceasas,Carmem 3A,,variacao_pct,30.3,"+30,30",%,change_pct,,pct,spot,,,physical
2026-03-02,legumes,tomate-ceasas,Tomate - Ceasas,Débora 3A,,preco,3.96,"3,96",R$/Kg,price,BRL,kg,spot,,,physical
2026-03-02,legumes,tomate-ceasas,Tomate - Ceasas,Débora 3A,,variacao_pct,36.55,"+36,55",%,change_pct,,pct,spot,,,physical
2026-03-02,legumes,tomate-ceasas,Tomate - Ceasas,Longa Vida/Carmem Extra,,preco,5.0,"5,00",R$/Kg,price,BRL,kg,spot,,,physical
2026-03-02,legumes,tomate-ceasas,Tomate - Ceasas,Longa Vida/Carmem Extra,,variacao_pct,42.86,"+42,86",%,change_pct,,pct,spot,,,physical
2026-03-02,legumes,tomate-ceasas,Tomate - Ceasas,Longa Vida/Débora Extra,,preco,4.5,"4,50",R$/Kg,price,BRL,kg,spot,,,physical
2026-03-02,legumes,tomate-ceasas,Tomate - Ceasas,Longa Vida/Débora Extra,,variacao_pct,50.0,"+50,00",%,change_pct,,pct,spot,,,physical
2026-03-02,legumes,tomate-ceasas,Tomate - Ceasas,Longa Vida/Extra A,,preco,2.5,"2,50",R$/Kg,price,BRL,kg,spot,,,physical
2026-03-02,legumes,tomate-ceasas,Tomate - Ceasas,Longa Vida/Extra A,,variacao_pct,78.57,"+78,57",%,change_pct,,pct,spot,,,physical
2026-03-02,legumes,tomate-ceasas,Tomate - Ceasas,Santa Cruz/Extra A,,preco,,s/ cotação,R$/Kg,price,BRL,kg,spot,,,physical
2026-03-02,legumes,tomate-ceasas,Tomate - Ceasas,Santa Cruz/Extra A,,variacao_pct,,-,%,change_pct,,pct,spot,,,physical
2026-03-03,legumes,batata-ceasas,Batata - Ceasas,Agatha Primeira,,preco,1.6,"1,60",R$/Kg,price,BRL,kg,spot,,,physical
2026-03-03,legumes,batata-ceasas,Batata - Ceasas,Agatha Primeira,,variacao_pct,0.0,"0,00",%,change_pct,,pct,spot,,,physical
2026-03-03,legumes,batata-ceasas,Batata - Ceasas,Aster Primeira,,preco,1.2,"1,20",R$/Kg,price,BRL,kg,spot,,,physical
2026-03-03,legumes,batata-ceasas,Batata - Ceasas,Aster Primeira,,variacao_pct,0.0,"0,00",%,change_pct,,pct,spot,,,physical
2026-03-03,legumes,batata-ceasas,Batata - Ceasas,Asterix,,preco,2.86,"2,86",R$/Kg,price,BRL,kg,spot,,,physical
2026-03-03,legumes,batata-ceasas,Batata - Ceasas,Asterix,,variacao_pct,-1.04,"-1,04",%,change_pct,,pct,spot,,,physical
2026-03-03,legumes,batata-ceasas,Batata - Ceasas,Escovada Especial,,preco,2.4,"2,40",R$/Kg,price,BRL,kg,spot,,,physical
2026-03-03,legumes,batata-ceasas,Batata - Ceasas,Escovada Especial,,variacao_pct,33.33,"+33,33",%,change_pct,,pct,spot,,,physical
2026-03-03,legumes,batata-ceasas,Batata - Ceasas,Lavada Especial,,preco,3.01,"3,01",R$/Kg,price,BRL,kg,spot,,,physical
2026-03-03,legumes,batata-ceasas,Batata - Ceasas,Lavada Especial,,variacao_pct,-14.0,"-14,00",%,change_pct,,pct,spot,,,physical
2026-03-03,legumes,batata-ceasas,Batata - Ceasas,Yacon,,preco,8.0,"8,00",R$/Kg,price,BRL,kg,spot,,,physical
2026-03-03,legumes,batata-ceasas,Batata - Ceasas,Yacon,,variacao_pct,0.0,"0,00",%,change_pct,,pct,spot,,,physical
2026-03-03,legumes,cebola-no-atacado,Cebola - Ceasas,Amarela Mineira,,preco,2.75,"2,75",R$/Kg,price,BRL,kg,spot,,,physical
2026-03-03,legumes,cebola-no-atacado,Cebola - Ceasas,Amarela Mineira,,variacao_pct,0.0,"0,00",%,change_pct,,pct,spot,,,physical
2026-03-03,legumes,cebola-no-atacado,Cebola - Ceasas,Amarela Paulista,,preco,,s/ cotação,R$/Kg,price,BRL,kg,spot,,,physical
2026-03-03,legumes,cebola-no-atacado,Cebola - Ceasas,Amarela Paulista,,variacao_pct,,-,%,change_pct,,pct,spot,,,physical
2026-03-03,legumes,cebola-no-atacado,Cebola - Ceasas,Amarela Pernambucana,,preco,,s/ cotação,R$/Kg,price,BRL,kg,spot,,,physical
2026-03-03,legumes,cebola-no-atacado,Cebola - Ceasas,Amarela Pernambucana,,variacao_pct,,-,%,change_pct,,pct,spot,,,physical
2026-03-03,legumes,cebola-no-atacado,Cebola - Ceasas,Amarela Santa Catarina,,preco,2.25,"2,25",R$/Kg,price,BRL,kg,spot,,,physical
2026-03-03,legumes,cebola-no-atacado,Cebola - Ceasas,Amarela Santa Catarina,,variacao_pct,0.0,"0,00",%,change_pct,,pct,spot,,,physical
2026-03-03,legumes,cebola-no-atacado,Cebola - Ceasas,Importada Argentina,,preco,,s/ cotação,R$/Kg,price,BRL,kg,spot,,,physical
2026-03-03,legumes,cebola-no-atacado,Cebola - Ceasas,Importada Argentina,,variacao_pct,,-,%,change_pct,,pct,spot,,,physical
2026-03-03,legumes,cebola-no-atacado,Cebola - Ceasas,Nacional (Caixa 4),,preco,2.28,"2,28",R$/Kg,price,BRL,kg,spot,,,physical
2026-03-03,legumes,cebola-no-atacado,Cebola - Ceasas,Nacional (Caixa 4),,variacao_pct,11.76,"+11,76",%,change_pct,,pct,spot,,,physical
2026-03-03,legumes,cebola-no-atacado,Cebola - Ceasas,Roxa (Caixa 4),,preco,3.01,"3,01",R$/Kg,price,BRL,kg,spot,,,physical
2026-03-03,legumes,cebola-no-atacado,Cebola - Ceasas,Roxa (Caixa 4),,variacao_pct,14.89,"+14,89",%,change_pct,,pct,spot,,,physical
2026-03-03,legumes,cenoura-ceasas,Cenoura - Ceasas,Cenoura 2A,,preco,3.3,"3,30",R$/Kg,price,BRL,kg,spot,,,physical
2026-03-03,legumes,cenoura-ceasas,Cenoura - Ceasas,Cenoura 2A,,variacao_pct,34.15,"+34,15",%,change_pct,,pct,spot,,,physical
2026-03-03,legumes,cenoura-ceasas,Cenoura - Ceasas,Cenoura G,,preco,2.81,"2,81",R$/Kg,price,BRL,kg,spot,,,physical
2026-03-03,legumes,cenoura-ceasas,Cenoura - Ceasas,Cenoura G,,variacao_pct,39.11,"+39,11",%,change_pct,,pct,spot,,,physical
2026-03-03,legumes,cenoura-ceasas,Cenoura - Ceasas,Especial,,preco,2.5,"2,50",R$/Kg,price,BRL,kg,spot,,,physical
2026-03-03,legumes,cenoura-ceasas,Cenoura - Ceasas,Especial,,variacao_pct,0.0,"0,00",%,change_pct,,pct,spot,,,physical
2026-03-03,legumes,cenoura-ceasas,Cenoura - Ceasas,Extra,,preco,2.25,"2,25",R$/Kg,price,BRL,kg,spot,,,physical
2026-03-03,legumes,cenoura-ceasas,Cenoura - Ceasas,Extra,,variacao_pct,0.0,"0,00",%,change_pct,,pct,spot,,,physical
2026-03-03,legumes,cenoura-ceasas,Cenoura - Ceasas,Extra A,,preco,3.75,"3,75",R$/Kg,price,BRL,kg,spot,,,physical
2026-03-03,legumes,cenoura-ceasas,Cenoura - Ceasas,Extra A,,variacao_pct,0.0,"0,00",%,change_pct,,pct,spot,,,physical
2026-03-03,legumes,tomate-ceasas,Tomate - Ceasas,Carmem 3A,,preco,5.6,"5,60",R$/Kg,price,BRL,kg,spot,,,physical
2026-03-03,legumes,tomate-ceasas,Tomate - Ceasas,Carmem 3A,,variacao_pct,18.39,"+18,39",%,change_pct,,pct,spot,,,physical
2026-03-03,legumes,tomate-ceasas,Tomate - Ceasas,Débora 3A,,preco,5.17,"5,17",R$/Kg,price,BRL,kg,spot,,,physical
2026-03-03,legumes,tomate-ceasas,Tomate - Ceasas,Débora 3A,,variacao_pct,30.56,"+30,56",%,change_pct,,pct,spot,,,physical
2026-03-03,legumes,tomate-ceasas,Tomate - Ceasas,Longa Vida/Carmem Extra,,preco,5.0,"5,00",R$/Kg,price,BRL,kg,spot,,,physical
2026-03-03,legumes,tomate-ceasas,Tomate - Ceasas,Longa Vida/Carmem Extra,,variacao_pct,0.0,"0,00",%,change_pct,,pct,spot,,,physical
2026-03-03,legumes,tomate-ceasas,Tomate - Ceasas,Longa Vida/Débora Extra,,preco,4.5,"4,50",R$/Kg,price,BRL,kg,spot,,,physical
2026-03-03,legumes,tomate-ceasas,Tomate - Ceasas,Longa Vida/Débora Extra,,variacao_pct,0.0,"0,00",%,change_pct,,pct,spot,,,physical
2026-03-03,legumes,tomate-ceasas,Tomate - Ceasas,Longa Vida/Extra A,,preco,2.5,"2,50",R$/Kg,price,BRL,kg,spot,,,physical
2026-03-03,legumes,tomate-ceasas,Tomate - Ceasas,Longa Vida/Extra A,,variacao_pct,0.0,"0,00",%,change_pct,,pct,spot,,,physical
2026-03-03,legumes,tomate-ceasas,Tomate - Ceasas,Santa Cruz/Extra A,,preco,,s/ cotação,R$/Kg,price,BRL,kg,spot,,,physical
2026-03-03,legumes,tomate-ceasas,Tomate - Ceasas,Santa Cruz/Extra A,,variacao_pct,,-,%,change_pct,,pct,spot,,,physical
2026-03-04,legumes,batata-ceasas,Batata - Ceasas,Agatha Primeira,,preco,1.6,"1,60",R$/Kg,price,BRL,kg,spot,,,physical
2026-03-04,legumes,batata-ceasas,Batata - Ceasas,Agatha Primeira,,variacao_pct,0.0,"0,00",%,change_pct,,pct,spot,,,physical
2026-03-04,legumes,batata-ceasas,Batata - Ceasas,Aster Primeira,,preco,1.2,"1,20",R$/Kg,price,BRL,kg,spot,,,physical
2026-03-04,legumes,batata-ceasas,Batata - Ceasas,Aster Primeira,,variacao_pct,0.0,"0,00",%,change_pct,,pct,spot,,,physical
2026-03-04,legumes,batata-ceasas,Batata - Ceasas,Asterix,,preco,2.86,"2,86",R$/Kg,price,BRL,kg,spot,,,physical
2026-03-04,legumes,batata-ceasas,Batata - Ceasas,Asterix,,variacao_pct,0.0,"0,00",%,change_pct,,pct,spot,,,physical
2026-03-04,legumes,batata-ceasas,Batata - Ceasas,Escovada Especial,,preco,2.4,"2,40",R$/Kg,price,BRL,kg,spot,,,physical
2026-03-04,legumes,batata-ceasas,Batata - Ceasas,Escovada Especial,,variacao_pct,0.0,"0,00",%,change_pct,,pct,spot,,,physical
2026-03-04,legumes,batata-ceasas,Batata - Ceasas,Lavada Especial,,preco,3.01,"3,01",R$/Kg,price,BRL,kg,spot,,,physical
2026-03-04,legumes,batata-ceasas,Batata - Ceasas,Lavada Especial,,variacao_pct,0.0,"0,00",%,change_pct,,pct,spot,,,physical
2026-03-04,legumes,batata-ceasas,Batata - Ceasas,Yacon,,preco,8.0,"8,00",R$/Kg,price,BRL,kg,spot,,,physical
2026-03-04,legumes,batata-ceasas,Batata - Ceasas,Yacon,,variacao_pct,0.0,"0,00",%,change_pct,,pct,spot,,,physical
2026-03-04,legumes,cebola-no-atacado,Cebola - Ceasas,Amarela Mineira,,preco,2.75,"2,75",R$/Kg,price,BRL,kg,spot,,,physical
2026-03-04,legumes,cebola-no-atacado,Cebola - Ceasas,Amarela Mineira,,variacao_pct,0.0,"0,00",%,change_pct,,pct,spot,,,physical
2026-03-04,legumes,cebola-no-atacado,Cebola - Ceasas,Amarela Paulista,,preco,,s/ cotação,R$/Kg,price,BRL,kg,spot,,,physical
2026-03-04,legumes,cebola-no-atacado,Cebola - Ceasas,Amarela Paulista,,variacao_pct,,-,%,change_pct,,pct,spot,,,physical
2026-03-04,legumes,cebola-no-atacado,Cebola - Ceasas,Amarela Pernambucana,,preco,,s/ cotação,R$/Kg,price,BRL,kg,spot,,,physical
2026-03-04,legumes,cebola-no-atacado,Cebola - Ceasas,Amarela Pernambucana,,variacao_pct,,-,%,change_pct,,pct,spot,,,physical
2026-03-04,legumes,cebola-no-atacado,Cebola - Ceasas,Amarela Santa Catarina,,preco,2.25,"2,25",R$/Kg,price,BRL,kg,spot,,,physical
2026-03-04,legumes,cebola-no-atacado,Cebola - Ceasas,Amarela Santa Catarina,,variacao_pct,0.0,"0,00",%,change_pct,,pct,spot,,,physical
2026-03-04,legumes,cebola-no-atacado,Cebola - Ceasas,Importada Argentina,,preco,,s/ cotação,R$/Kg,price,BRL,kg,spot,,,physical
2026-03-04,legumes,cebola-no-atacado,Cebola - Ceasas,Importada Argentina,,variacao_pct,,-,%,change_pct,,pct,spot,,,physical
2026-03-04,legumes,cebola-no-atacado,Cebola - Ceasas,Nacional (Caixa 4),,preco,2.28,"2,28",R$/Kg,price,BRL,kg,spot,,,physical
2026-03-04,legumes,cebola-no-atacado,Cebola - Ceasas,Nacional (Caixa 4),,variacao_pct,0.0,"0,00",%,change_pct,,pct,spot,,,physical
2026-03-04,legumes,cebola-no-atacado,Cebola - Ceasas,Roxa (Caixa 4),,preco,3.01,"3,01",R$/Kg,price,BRL,kg,spot,,,physical
2026-03-04,legumes,cebola-no-atacado,Cebola - Ceasas,Roxa (Caixa 4),,variacao_pct,0.0,"0,00",%,change_pct,,pct,spot,,,physical
2026-03-04,legumes,cenoura-ceasas,Cenoura - Ceasas,Cenoura 2A,,preco,3.3,"3,30",R$/Kg,price,BRL,kg,spot,,,physical
2026-03-04,legumes,cenoura-ceasas,Cenoura - Ceasas,Cenoura 2A,,variacao_pct,0.0,"0,00",%,change_pct,,pct,spot,,,physical
2026-03-04,legumes,cenoura-ceasas,Cenoura - Ceasas,Cenoura G,,preco,2.81,"2,81",R$/Kg,price,BRL,kg,spot,,,physical
2026-03-04,legumes,cenoura-ceasas,Cenoura - Ceasas,Cenoura G,,variacao_pct,0.0,"0,00",%,change_pct,,pct,spot,,,physical
2026-03-04,legumes,cenoura-ceasas,Cenoura - Ceasas,Especial,,preco,2.5,"2,50",R$/Kg,price,BRL,kg,spot,,,physical
2026-03-04,legumes,cenoura-ceasas,Cenoura - Ceasas,Especial,,variacao_pct,0.0,"0,00",%,change_pct,,pct,spot,,,physical
2026-03-04,legumes,cenoura-ceasas,Cenoura - Ceasas,Extra,,preco,2.25,"2,25",R$/Kg,price,BRL,kg,spot,,,physical
2026-03-04,legumes,cenoura-ceasas,Cenoura - Ceasas,Extra,,variacao_pct,0.0,"0,00",%,change_pct,,pct,spot,,,physical
2026-03-04,legumes,cenoura-ceasas,Cenoura - Ceasas,Extra A,,preco,3.75,"3,75",R$/Kg,price,BRL,kg,spot,,,physical
2026-03-04,legumes,cenoura-ceasas,Cenoura - Ceasas,Extra A,,variacao_pct,0.0,"0,00",%,change_pct,,pct,spot,,,physical
2026-03-04,legumes,tomate-ceasas,Tomate - Ceasas,Carmem 3A,,preco,5.6,"5,60",R$/Kg,price,BRL,kg,spot,,,physical
2026-03-04,legumes,tomate-ceasas,Tomate - Ceasas,Carmem 3A,,variacao_pct,0.0,"0,00",%,change_pct,,pct,spot,,,physical
2026-03-04,legumes,tomate-ceasas,Tomate - Ceasas,Débora 3A,,preco,5.17,"5,17",R$/Kg,price,BRL,kg,spot,,,physical
2026-03-04,legumes,tomate-ceasas,Tomate - Ceasas,Débora 3A,,variacao_pct,0.0,"0,00",%,change_pct,,pct,spot,,,physical
2026-03-04,legumes,tomate-ceasas,Tomate - Ceasas,Longa Vida/Carmem Extra,,preco,5.0,"5,00",R$/Kg,price,BRL,kg,spot,,,physical
2026-03-04,legumes,tomate-ceasas,Tomate - Ceasas,Longa Vida/Carmem Extra,,variacao_pct,0.0,"0,00",%,change_pct,,pct,spot,,,physical
2026-03-04,legumes,tomate-ceasas,Tomate - Ceasas,Longa Vida/Débora Extra,,preco,4.5,"4,50",R$/Kg,price,BRL,kg,spot,,,physical
2026-03-04,legumes,tomate-ceasas,Tomate - Ceasas,Longa Vida/Débora Extra,,variacao_pct,0.0,"0,00",%,change_pct,,pct,spot,,,physical
2026-03-04,legumes,tomate-ceasas,Tomate - Ceasas,Longa Vida/Extra A,,preco,2.5,"2,50",R$/Kg,price,BRL,kg,spot,,,physical
2026-03-04,legumes,tomate-ceasas,Tomate - Ceasas,Longa Vida/Extra A,,variacao_pct,0.0,"0,00",%,change_pct,,pct,spot,,,physical
2026-03-04,legumes,tomate-ceasas,Tomate - Ceasas,Santa Cruz/Extra A,,preco,,s/ cotação,R$/Kg,price,BRL,kg,spot,,,physical
2026-03-04,legumes,tomate-ceasas,Tomate - Ceasas,Santa Cruz/Extra A,,variacao_pct,,-,%,change_pct,,pct,spot,,,physical
2026-03-05,legumes,batata-ceasas,Batata - Ceasas,Agatha Primeira,,preco,1.6,"1,60",R$/Kg,price,BRL,kg,spot,,,physical
2026-03-05,legumes,batata-ceasas,Batata - Ceasas,Agatha Primeira,,variacao_pct,0.0,"0,00",%,change_pct,,pct,spot,,,physical
2026-03-05,legumes,batata-ceasas,Batata - Ceasas,Aster Primeira,,preco,1.0,"1,00",R$/Kg,price,BRL,kg,spot,,,physical
2026-03-05,legumes,batata-ceasas,Batata - Ceasas,Aster Primeira,,variacao_pct,-16.67,"-16,67",%,change_pct,,pct,spot,,,physical
2026-03-05,legumes,batata-ceasas,Batata - Ceasas,Asterix,,preco,2.73,"2,73",R$/Kg,price,BRL,kg,spot,,,physical
2026-03-05,legumes,batata-ceasas,Batata - Ceasas,Asterix,,variacao_pct,-4.55,"-4,55",%,change_pct,,pct,spot,,,physical
2026-03-05,legumes,batata-ceasas,Batata - Ceasas,Escovada Especial,,preco,,s/ cotação,R$/Kg,price,BRL,kg,spot,,,physical
2026-03-05,legumes,batata-ceasas,Batata - Ceasas,Escovada Especial,,variacao_pct,,-,%,change_pct,,pct,spot,,,physical
2026-03-05,legumes,batata-ceasas,Batata - Ceasas,Lavada Especial,,preco,2.8,"2,80",R$/Kg,price,BRL,kg,spot,,,physical
2026-03-05,legumes,batata-ceasas,Batata - Ceasas,Lavada Especial,,variacao_pct,-6.98,"-6,98",%,change_pct,,pct,spot,,,physical
2026-03-05,legumes,batata-ceasas,Batata - Ceasas,Yacon,,preco,8.0,"8,00",R$/Kg,price,BRL,kg,spot,,,physical
2026-03-05,legumes,batata-ceasas,Batata - Ceasas,Yacon,,variacao_pct,0.0,"0,00",%,change_pct,,pct,spot,,,physical
2026-03-05,legumes,cebola-no-atacado,Cebola - Ceasas,Amarela Mineira,,preco,2.75,"2,75",R$/Kg,price,BRL,kg,spot,,,physical
2026-03-05,legumes,cebola-no-atacado,Cebola - Ceasas,Amarela Mineira,,variacao_pct,0.0,"0,00",%,change_pct,,pct,spot,,,physical
2026-03-05,legumes,cebola-no-atacado,Cebola - Ceasas,Amarela Paulista,,preco,,s/ cotação,R$/Kg,price,BRL,kg,spot,,,physical
2026-03-05,legumes,cebola-no-atacado,Cebola - Ceasas,Amarela Paulista,,variacao_pct,,-,%,change_pct,,pct,spot,,,physical
2026-03-05,legumes,cebola-no-atacado,Cebola - Ceasas,Amarela Pernambucana,,preco,,s/ cotação,R$/Kg,price,BRL,kg,spot,,,physical
2026-03-05,legumes,cebola-no-atacado,Cebola - Ceasas,Amarela Pernambucana,,variacao_pct,,-,%,change_pct,,pct,spot,,,physical
2026-03-05,legumes,cebola-no-atacado,Cebola - Ceasas,Amarela Santa Catarina,,preco,2.5,"2,50",R$/Kg,price,BRL,kg,spot,,,physical
2026-03-05,legumes,cebola-no-atacado,Cebola - Ceasas,Amarela Santa Catarina,,variacao_pct,11.11,"+11,11",%,change_pct,,pct,spot,,,physical
2026-03-05,legumes,cebola-no-atacado,Cebola - Ceasas,Importada Argentina,,preco,,s/ cotação,R$/Kg,price,BRL,kg,spot,,,physical
2026-03-05,legumes,cebola-no-atacado,Cebola - Ceasas,Importada Argentina,,variacao_pct,,-,%,change_pct,,pct,spot,,,physical
2026-03-05,legumes,cebola-no-atacado,Cebola - Ceasas,Nacional (Caixa 4),,preco,2.85,"2,85",R$/Kg,price,BRL,kg,spot,,,physical
2026-03-05,legumes,cebola-no-atacado,Cebola - Ceasas,Nacional (Caixa 4),,variacao_pct,25.0,"+25,00",%,change_pct,,pct,spot,,,physical
2026-03-05,legumes,cebola-no-atacado,Cebola - Ceasas,Roxa (Caixa 4),,preco,3.25,"3,25",R$/Kg,price,BRL,kg,spot,,,physical
2026-03-05,legumes,cebola-no-atacado,Cebola - Ceasas,Roxa (Caixa 4),,variacao_pct,7.97,"+7,97",%,change_pct,,pct,spot,,,physical
2026-03-05,legumes,cenoura-ceasas,Cenoura - Ceasas,Cenoura 2A,,preco,3.39,"3,39",R$/Kg,price,BRL,kg,spot,,,physical
2026-03-05,legumes,cenoura-ceasas,Cenoura - Ceasas,Cenoura 2A,,variacao_pct,2.73,"+2,73",%,change_pct,,pct,spot,,,physical
2026-03-05,legumes,cenoura-ceasas,Cenoura - Ceasas,Cenoura G,,preco,2.95,"2,95",R$/Kg,price,BRL,kg,spot,,,physical
2026-03-05,legumes,cenoura-ceasas,Cenoura - Ceasas,Cenoura G,,variacao_pct,4.98,"+4,98",%,change_pct,,pct,spot,,,physical
2026-03-05,legumes,cenoura-ceasas,Cenoura - Ceasas,Especial,,preco,2.5,"2,50",R$/Kg,price,BRL,kg,spot,,,physical
2026-03-05,legumes,cenoura-ceasas,Cenoura - Ceasas,Especial,,variacao_pct,0.0,"0,00",%,change_pct,,pct,spot,,,physical
2026-03-05,legumes,cenoura-ceasas,Cenoura - Ceasas,Extra,,preco,2.25,"2,25",R$/Kg,price,BRL,kg,spot,,,physical
2026-03-05,legumes,cenoura-ceasas,Cenoura - Ceasas,Extra,,variacao_pct,0.0,"0,00",%,change_pct,,pct,spot,,,physical
2026-03-05,legumes,cenoura-ceasas,Cenoura - Ceasas,Extra A,,preco,3.5,"3,50",R$/Kg,price,BRL,kg,spot,,,physical
2026-03-05,legumes,cenoura-ceasas,Cenoura - Ceasas,Extra A,,variacao_pct,-6.67,"-6,67",%,change_pct,,pct,spot,,,physical
2026-03-05,legumes,tomate-ceasas,Tomate - Ceasas,Carmem 3A,,preco,6.45,"6,45",R$/Kg,price,BRL,kg,spot,,,physical
2026-03-05,legumes,tomate-ceasas,Tomate - Ceasas,Carmem 3A,,variacao_pct,15.18,"+15,18",%,change_pct,,pct,spot,,,physical
2026-03-05,legumes,tomate-ceasas,Tomate - Ceasas,Débora 3A,,preco,4.87,"4,87",R$/Kg,price,BRL,kg,spot,,,physical
2026-03-05,legumes,tomate-ceasas,Tomate - Ceasas,Débora 3A,,variacao_pct,-5.8,"-5,80",%,change_pct,,pct,spot,,,physical
2026-03-05,legumes,tomate-ceasas,Tomate - Ceasas,Longa Vida/Carmem Extra,,preco,6.5,"6,50",R$/Kg,price,BRL,kg,spot,,,physical
2026-03-05,legumes,tomate-ceasas,Tomate - Ceasas,Longa Vida/Carmem Extra,,variacao_pct,30.0,"+30,00",%,change_pct,,pct,spot,,,physical
2026-03-05,legumes,tomate-ceasas,Tomate - Ceasas,Longa Vida/Débora Extra,,preco,6.5,"6,50",R$/Kg,price,BRL,kg,spot,,,physical
2026-03-05,legumes,tomate-ceasas,Tomate - Ceasas,Longa Vida/Débora Extra,,variacao_pct,44.44,"+44,44",%,change_pct,,pct,spot,,,physical
2026-03-05,legumes,tomate-ceasas,Tomate - Ceasas,Longa Vida/Extra A,,preco,3.25,"3,25",R$/Kg,price,BRL,kg,spot,,,physical
2026-03-05,legumes,tomate-ceasas,Tomate - Ceasas,Longa Vida/Extra A,,variacao_pct,30.0,"+30,00",%,change_pct,,pct,spot,,,physical
2026-03-05,legumes,tomate-ceasas,Tomate - Ceasas,Santa Cruz/Extra A,,preco,,s/ cotação,R$/Kg,price,BRL,kg,spot,,,physical
2026-03-05,legumes,tomate-ceasas,Tomate - Ceasas,Santa Cruz/Extra A,,variacao_pct,,-,%,change_pct,,pct,spot,,,physical
2026-03-06,legumes,batata-ceasas,Batata - Ceasas,Agatha Primeira,,preco,1.4,"1,40",R$/Kg,price,BRL,kg,spot,,,physical
2026-03-06,legumes,batata-ceasas,Batata - Ceasas,Agatha Primeira,,variacao_pct,-12.5,"-12,50",%,change_pct,,pct,spot,,,physical
2026-03-06,legumes,batata-ceasas,Batata - Ceasas,Aster Primeira,,preco,1.0,"1,00",R$/Kg,price,BRL,kg,spot,,,physical
2026-03-06,legumes,batata-ceasas,Batata - Ceasas,Aster Primeira,,variacao_pct,0.0,"0,00",%,change_pct,,pct,spot,,,physical
2026-03-06,legumes,batata-ceasas,Batata - Ceasas,Asterix,,preco,2.73,"2,73",R$/Kg,price,BRL,kg,spot,,,physical
2026-03-06,legumes,batata-ceasas,Batata - Ceasas,Asterix,,variacao_pct,0.0,"0,00",%,change_pct,,pct,spot,,,physical
2026-03-06,legumes,batata-ceasas,Batata - Ceasas,Escovada Especial,,preco,,s/ cotação,R$/Kg,price,BRL,kg,spot,,,physical
2026-03-06,legumes,batata-ceasas,Batata - Ceasas,Escovada Especial,,variacao_pct,,-,%,change_pct,,pct,spot,,,physical
2026-03-06,legumes,batata-ceasas,Batata - Ceasas,Lavada Especial,,preco,2.8,"2,80",R$/Kg,price,BRL,kg,spot,,,physical
2026-03-06,legumes,batata-ceasas,Batata - Ceasas,Lavada Especial,,variacao_pct,0.0,"0,00",%,change_pct,,pct,spot,,,physical
2026-03-06,legumes,batata-ceasas,Batata - Ceasas,Yacon,,preco,8.0,"8,00",R$/Kg,price,BRL,kg,spot,,,physical
2026-03-06,legumes,batata-ceasas,Batata - Ceasas,Yacon,,variacao_pct,0.0,"0,00",%,change_pct,,pct,spot,,,physical
2026-03-06,legumes,cebola-no-atacado,Cebola - Ceasas,Amarela Mineira,,preco,3.0,"3,00",R$/Kg,price,BRL,kg,spot,,,physical
2026-03-06,legumes,cebola-no-atacado,Cebola - Ceasas,Amarela Mineira,,variacao_pct,9.09,"+9,09",%,change_pct,,pct,spot,,,physical
2026-03-06,legumes,cebola-no-atacado,Cebola - Ceasas,Amarela Paulista,,preco,,s/ cotação,R$/Kg,price,BRL,kg,spot,,,physical
2026-03-06,legumes,cebola-no-atacado,Cebola - Ceasas,Amarela Paulista,,variacao_pct,,-,%,change_pct,,pct,spot,,,physical
2026-03-06,legumes,cebola-no-atacado,Cebola - Ceasas,Amarela Pernambucana,,preco,,s/ cotação,R$/Kg,price,BRL,kg,spot,,,physical
2026-03-06,legumes,cebola-no-atacado,Cebola - Ceasas,Amarela Pernambucana,,variacao_pct,,-,%,change_pct,,pct,spot,,,physical
2026-03-06,legumes,cebola-no-atacado,Cebola - Ceasas,Amarela Santa Catarina,,preco,2.5,"2,50",R$/Kg,price,BRL,kg,spot,,,physical
2026-03-06,legumes,cebola-no-atacado,Cebola - Ceasas,Amarela Santa Catarina,,variacao_pct,0.0,"0,00",%,change_pct,,pct,spot,,,physical
2026-03-06,legumes,cebola-no-atacado,Cebola - Ceasas,Importada Argentina,,preco,,s/ cotação,R$/Kg,price,BRL,kg,spot,,,physical
2026-03-06,legumes,cebola-no-atacado,Cebola - Ceasas,Importada Argentina,,variacao_pct,,-,%,change_pct,,pct,spot,,,physical
2026-03-06,legumes,cebola-no-atacado,Cebola - Ceasas,Nacional (Caixa 4),,preco,2.85,"2,85",R$/Kg,price,BRL,kg,spot,,,physical
2026-03-06,legumes,cebola-no-atacado,Cebola - Ceasas,Nacional (Caixa 4),,variacao_pct,0.0,"0,00",%,change_pct,,pct,spot,,,physical
2026-03-06,legumes,cebola-no-atacado,Cebola - Ceasas,Roxa (Caixa 4),,preco,3.25,"3,25",R$/Kg,price,BRL,kg,spot,,,physical
2026-03-06,legumes,cebola-no-atacado,Cebola - Ceasas,Roxa (Caixa 4),,variacao_pct,0.0,"0,00",%,change_pct,,pct,spot,,,physical
2026-03-06,legumes,cenoura-ceasas,Cenoura - Ceasas,Cenoura 2A,,preco,3.39,"3,39",R$/Kg,price,BRL,kg,spot,,,physical
2026-03-06,legumes,cenoura-ceasas,Cenoura - Ceasas,Cenoura 2A,,variacao_pct,0.0,"0,00",%,change_pct,,pct,spot,,,physical
2026-03-06,legumes,cenoura-ceasas,Cenoura - Ceasas,Cenoura G,,preco,2.95,"2,95",R$/Kg,price,BRL,kg,spot,,,physical
2026-03-06,legumes,cenoura-ceasas,Cenoura - Ceasas,Cenoura G,,variacao_pct,0.0,"0,00",%,change_pct,,pct,spot,,,physical
2026-03-06,legumes,cenoura-ceasas,Cenoura - Ceasas,Especial,,preco,2.5,"2,50",R$/Kg,price,BRL,kg,spot,,,physical
2026-03-06,legumes,cenoura-ceasas,Cenoura - Ceasas,Especial,,variacao_pct,0.0,"0,00",%,change_pct,,pct,spot,,,physical
2026-03-06,legumes,cenoura-ceasas,Cenoura - Ceasas,Extra,,preco,2.0,"2,00",R$/Kg,price,BRL,kg,spot,,,physical
2026-03-06,legumes,cenoura-ceasas,Cenoura - Ceasas,Extra,,variacao_pct,-11.11,"-11,11",%,change_pct,,pct,spot,,,physical
2026-03-06,legumes,cenoura-ceasas,Cenoura - Ceasas,Extra A,,preco,3.75,"3,75",R$/Kg,price,BRL,kg,spot,,,physical
2026-03-06,legumes,cenoura-ceasas,Cenoura - Ceasas,Extra A,,variacao_pct,7.14,"+7,14",%,change_pct,,pct,spot,,,physical
2026-03-06,legumes,tomate-ceasas,Tomate - Ceasas,Carmem 3A,,preco,6.45,"6,45",R$/Kg,price,BRL,kg,spot,,,physical
2026-03-06,legumes,tomate-ceasas,Tomate - Ceasas,Carmem 3A,,variacao_pct,0.0,"0,00",%,change_pct,,pct,spot,,,physical
2026-03-06,legumes,tomate-ceasas,Tomate - Ceasas,Débora 3A,,preco,4.87,"4,87",R$/Kg,price,BRL,kg,spot,,,physical
2026-03-06,legumes,tomate-ceasas,Tomate - Ceasas,Débora 3A,,variacao_pct,0.0,"0,00",%,change_pct,,pct,spot,,,physical
2026-03-06,legumes,tomate-ceasas,Tomate - Ceasas,Longa Vida/Carmem Extra,,preco,7.0,"7,00",R$/Kg,price,BRL,kg,spot,,,physical
2026-03-06,legumes,tomate-ceasas,Tomate - Ceasas,Longa Vida/Carmem Extra,,variacao_pct,7.69,"+7,69",%,change_pct,,pct,spot,,,physical
2026-03-06,legumes,tomate-ceasas,Tomate - Ceasas,Longa Vida/Débora Extra,,preco,6.5,"6,50",R$/Kg,price,BRL,kg,spot,,,physical
2026-03-06,legumes,tomate-ceasas,Tomate - Ceasas,Longa Vida/Débora Extra,,variacao_pct,0.0,"0,00",%,change_pct,,pct,spot,,,physical
2026-03-06,legumes,tomate-ceasas,Tomate - Ceasas,Longa Vida/Extra A,,preco,2.25,"2,25",R$/Kg,price,BRL,kg,spot,,,physical
2026-03-06,legumes,tomate-ceasas,Tomate - Ceasas,Longa Vida/Extra A,,variacao_pct,-30.77,"-30,77",%,change_pct,,pct,spot,,,physical
2026-03-06,legumes,tomate-ceasas,Tomate - Ceasas,Santa Cruz/Extra A,,preco,,s/ cotação,R$/Kg,price,BRL,kg,spot,,,physical
2026-03-06,legumes,tomate-ceasas,Tomate - Ceasas,Santa Cruz/Extra A,,variacao_pct,,-,%,change_pct,,pct,spot,,,physical
2026-03-09,legumes,batata-ceasas,Batata - Ceasas,Agatha Primeira,,preco,1.4,"1,40",R$/Kg,price,BRL,kg,spot,,,physical
2026-03-09,legumes,batata-ceasas,Batata - Ceasas,Agatha Primeira,,variacao_pct,0.0,"0,00",%,change_pct,,pct,spot,,,physical
2026-03-09,legumes,batata-ceasas,Batata - Ceasas,Aster Primeira,,preco,1.0,"1,00",R$/Kg,price,BRL,kg,spot,,,physical
2026-03-09,legumes,batata-ceasas,Batata - Ceasas,Aster Primeira,,variacao_pct,0.0,"0,00",%,change_pct,,pct,spot,,,physical
2026-03-09,legumes,batata-ceasas,Batata - Ceasas,Asterix,,preco,3.25,"3,25",R$/Kg,price,BRL,kg,spot,,,physical
2026-03-09,legumes,batata-ceasas,Batata - Ceasas,Asterix,,variacao_pct,19.05,"+19,05",%,change_pct,,pct,spot,,,physical
2026-03-09,legumes,batata-ceasas,Batata - Ceasas,Escovada Especial,,preco,,s/ cotação,R$/Kg,price,BRL,kg,spot,,,physical
2026-03-09,legumes,batata-ceasas,Batata - Ceasas,Escovada Especial,,variacao_pct,,-,%,change_pct,,pct,spot,,,physical
2026-03-09,legumes,batata-ceasas,Batata - Ceasas,Lavada Especial,,preco,2.99,"2,99",R$/Kg,price,BRL,kg,spot,,,physical
2026-03-09,legumes,batata-ceasas,Batata - Ceasas,Lavada Especial,,variacao_pct,6.79,"+6,79",%,change_pct,,pct,spot,,,physical
2026-03-09,legumes,batata-ceasas,Batata - Ceasas,Yacon,,preco,8.0,"8,00",R$/Kg,price,BRL,kg,spot,,,physical
2026-03-09,legumes,batata-ceasas,Batata - Ceasas,Yacon,,variacao_pct,0.0,"0,00",%,change_pct,,pct,spot,,,physical
2026-03-09,legumes,cebola-no-atacado,Cebola - Ceasas,Amarela Mineira,,preco,3.0,"3,00",R$/Kg,price,BRL,kg,spot,,,physical
2026-03-09,legumes,cebola-no-atacado,Cebola - Ceasas,Amarela Mineira,,variacao_pct,0.0,"0,00",%,change_pct,,pct,spot,,,physical
2026-03-09,legumes,cebola-no-atacado,Cebola - Ceasas,Amarela Paulista,,preco,,s/ cotação,R$/Kg,price,BRL,kg,spot,,,physical
2026-03-09,legumes,cebola-no-atacado,Cebola - Ceasas,Amarela Paulista,,variacao_pct,,-,%,change_pct,,pct,spot,,,physical
2026-03-09,legumes,cebola-no-atacado,Cebola - Ceasas,Amarela Pernambucana,,preco,,s/ cotação,R$/Kg,price,BRL,kg,spot,,,physical
2026-03-09,legumes,cebola-no-atacado,Cebola - Ceasas,Amarela Pernambucana,,variacao_pct,,-,%,change_pct,,pct,spot,,,physical
2026-03-09,legumes,cebola-no-atacado,Cebola - Ceasas,Amarela Santa Catarina,,preco,2.5,"2,50",R$/Kg,price,BRL,kg,spot,,,physical
2026-03-09,legumes,cebola-no-atacado,Cebola - Ceasas,Amarela Santa Catarina,,variacao_pct,0.0,"0,00",%,change_pct,,pct,spot,,,physical
2026-03-09,legumes,cebola-no-atacado,Cebola - Ceasas,Importada Argentina,,preco,,s/ cotação,R$/Kg,price,BRL,kg,spot,,,physical
2026-03-09,legumes,cebola-no-atacado,Cebola - Ceasas,Importada Argentina,,variacao_pct,,-,%,change_pct,,pct,spot,,,physical
2026-03-09,legumes,cebola-no-atacado,Cebola - Ceasas,Nacional (Caixa 4),,preco,2.68,"2,68",R$/Kg,price,BRL,kg,spot,,,physical
2026-03-09,legumes,cebola-no-atacado,Cebola - Ceasas,Nacional (Caixa 4),,variacao_pct,-5.96,"-5,96",%,change_pct,,pct,spot,,,physical
2026-03-09,legumes,cebola-no-atacado,Cebola - Ceasas,Roxa (Caixa 4),,preco,3.3,"3,30",R$/Kg,price,BRL,kg,spot,,,physical
2026-03-09,legumes,cebola-no-atacado,Cebola - Ceasas,Roxa (Caixa 4),,variacao_pct,1.54,"+1,54",%,change_pct,,pct,spot,,,physical
2026-03-09,legumes,cenoura-ceasas,Cenoura - Ceasas,Cenoura 2A,,preco,3.84,"3,84",R$/Kg,price,BRL,kg,spot,,,physical
2026-03-09,legumes,cenoura-ceasas,Cenoura - Ceasas,Cenoura 2A,,variacao_pct,13.27,"+13,27",%,change_pct,,pct,spot,,,physical
2026-03-09,legumes,cenoura-ceasas,Cenoura - Ceasas,Cenoura G,,preco,3.3,"3,30",R$/Kg,price,BRL,kg,spot,,,physical
2026-03-09,legumes,cenoura-ceasas,Cenoura - Ceasas,Cenoura G,,variacao_pct,11.86,"+11,86",%,change_pct,,pct,spot,,,physical
2026-03-09,legumes,cenoura-ceasas,Cenoura - Ceasas,Especial,,preco,2.5,"2,50",R$/Kg,price,BRL,kg,spot,,,physical
2026-03-09,legumes,cenoura-ceasas,Cenoura - Ceasas,Especial,,variacao_pct,0.0,"0,00",%,change_pct,,pct,spot,,,physical
2026-03-09,legumes,cenoura-ceasas,Cenoura - Ceasas,Extra,,preco,2.75,"2,75",R$/Kg,price,BRL,kg,spot,,,physical
2026-03-09,legumes,cenoura-ceasas,Cenoura - Ceasas,Extra,,variacao_pct,37.5,"+37,50",%,change_pct,,pct,spot,,,physical
2026-03-09,legumes,cenoura-ceasas,Cenoura - Ceasas,Extra A,,preco,3.75,"3,75",R$/Kg,price,BRL,kg,spot,,,physical
2026-03-09,legumes,cenoura-ceasas,Cenoura - Ceasas,Extra A,,variacao_pct,0.0,"0,00",%,change_pct,,pct,spot,,,physical
2026-03-09,legumes,tomate-ceasas,Tomate - Ceasas,Carmem 3A,,preco,7.89,"7,89",R$/Kg,price,BRL,kg,spot,,,physical
2026-03-09,legumes,tomate-ceasas,Tomate - Ceasas,Carmem 3A,,variacao_pct,22.33,"+22,33",%,change_pct,,pct,spot,,,physical
2026-03-09,legumes,tomate-ceasas,Tomate - Ceasas,Débora 3A,,preco,6.17,"6,17",R$/Kg,price,BRL,kg,spot,,,physical
2026-03-09,legumes,tomate-ceasas,Tomate - Ceasas,Débora 3A,,variacao_pct,26.69,"+26,69",%,change_pct,,pct,spot,,,physical
2026-03-09,legumes,tomate-ceasas,Tomate - Ceasas,Longa Vida/Carmem Extra,,preco,7.0,"7,00",R$/Kg,price,BRL,kg,spot,,,physical
2026-03-09,legumes,tomate-ceasas,Tomate - Ceasas,Longa Vida/Carmem Extra,,variacao_pct,0.0,"0,00",%,change_pct,,pct,spot,,,physical
2026-03-09,legumes,tomate-ceasas,Tomate - Ceasas,Longa Vida/Débora Extra,,preco,6.5,"6,50",R$/Kg,price,BRL,kg,spot,,,physical
2026-03-09,legumes,tomate-ceasas,Tomate - Ceasas,Longa Vida/Débora Extra,,variacao_pct,0.0,"0,00",%,change_pct,,pct,spot,,,physical
2026-03-09,legumes,tomate-ceasas,Tomate - Ceasas,Longa Vida/Extra A,,preco,5.0,"5,00",R$/Kg,price,BRL,kg,spot,,,physical
2026-03-09,legumes,tomate-ceasas,Tomate - Ceasas,Longa Vida/Extra A,,variacao_pct,,-,%,change_pct,,pct,spot,,,physical
2026-03-09,legumes,tomate-ceasas,Tomate - Ceasas,Santa Cruz/Extra A,,preco,,s/ cotação,R$/Kg,price,BRL,kg,spot,,,physical
2026-03-09,legumes,tomate-ceasas,Tomate - Ceasas,Santa Cruz/Extra A,,variacao_pct,,-,%,change_pct,,pct,spot,,,physical
2026-03-10,legumes,batata-ceasas,Batata - Ceasas,Agatha Primeira,,preco,1.4,"1,40",R$/Kg,price,BRL,kg,spot,,,physical
2026-03-10,legumes,batata-ceasas,Batata - Ceasas,Agatha Primeira,,variacao_pct,0.0,"0,00",%,change_pct,,pct,spot,,,physical
2026-03-10,legumes,batata-ceasas,Batata - Ceasas,Aster Primeira,,preco,1.0,"1,00",R$/Kg,price,BRL,kg,spot,,,physical
2026-03-10,legumes,batata-ceasas,Batata - Ceasas,Aster Primeira,,variacao_pct,0.0,"0,00",%,change_pct,,pct,spot,,,physical
2026-03-10,legumes,batata-ceasas,Batata - Ceasas,Asterix,,preco,3.26,"3,26",R$/Kg,price,BRL,kg,spot,,,physical
2026-03-10,legumes,batata-ceasas,Batata - Ceasas,Asterix,,variacao_pct,0.31,"+0,31",%,change_pct,,pct,spot,,,physical
2026-03-10,legumes,batata-ceasas,Batata - Ceasas,Escovada Especial,,preco,2.55,"2,55",R$/Kg,price,BRL,kg,spot,,,physical
2026-03-10,legumes,batata-ceasas,Batata - Ceasas,Escovada Especial,,variacao_pct,,-,%,change_pct,,pct,spot,,,physical
2026-03-10,legumes,batata-ceasas,Batata - Ceasas,Lavada Especial,,preco,3.53,"3,53",R$/Kg,price,BRL,kg,spot,,,physical
2026-03-10,legumes,batata-ceasas,Batata - Ceasas,Lavada Especial,,variacao_pct,18.06,"+18,06",%,change_pct,,pct,spot,,,physical
2026-03-10,legumes,batata-ceasas,Batata - Ceasas,Yacon,,preco,8.0,"8,00",R$/Kg,price,BRL,kg,spot,,,physical
2026-03-10,legumes,batata-ceasas,Batata - Ceasas,Yacon,,variacao_pct,0.0,"0,00",%,change_pct,,pct,spot,,,physical
2026-03-10,legumes,cebola-no-atacado,Cebola - Ceasas,Amarela Mineira,,preco,3.0,"3,00",R$/Kg,price,BRL,kg,spot,,,physical
2026-03-10,legumes,cebola-no-atacado,Cebola - Ceasas,Amarela Mineira,,variacao_pct,0.0,"0,00",%,change_pct,,pct,spot,,,physical
2026-03-10,legumes,cebola-no-atacado,Cebola - Ceasas,Amarela Paulista,,preco,,s/ cotação,R$/Kg,price,BRL,kg,spot,,,physical
2026-03-10,legumes,cebola-no-atacado,Cebola - Ceasas,Amarela Paulista,,variacao_pct,,-,%,change_pct,,pct,spot,,,physical
2026-03-10,legumes,cebola-no-atacado,Cebola - Ceasas,Amarela Pernambucana,,preco,,s/ cotação,R$/Kg,price,BRL,kg,spot,,,physical
2026-03-10,legumes,cebola-no-atacado,Cebola - Ceasas,Amarela Pernambucana,,variacao_pct,,-,%,change_pct,,pct,spot,,,physical
2026-03-10,legumes,cebola-no-atacado,Cebola - Ceasas,Amarela Santa Catarina,,preco,2.5,"2,50",R$/Kg,price,BRL,kg,spot,,,physical
2026-03-10,legumes,cebola-no-atacado,Cebola - Ceasas,Amarela Santa Catarina,,variacao_pct,0.0,"0,00",%,change_pct,,pct,spot,,,physical
2026-03-10,legumes,cebola-no-atacado,Cebola - Ceasas,Importada Argentina,,preco,,s/ cotação,R$/Kg,price,BRL,kg,spot,,,physical
2026-03-10,legumes,cebola-no-atacado,Cebola - Ceasas,Importada Argentina,,variacao_pct,,-,%,change_pct,,pct,spot,,,physical
2026-03-10,legumes,cebola-no-atacado,Cebola - Ceasas,Nacional (Caixa 4),,preco,2.94,"2,94",R$/Kg,price,BRL,kg,spot,,,physical
2026-03-10,legumes,cebola-no-atacado,Cebola - Ceasas,Nacional (Caixa 4),,variacao_pct,9.7,"+9,70",%,change_pct,,pct,spot,,,physical
2026-03-10,legumes,cebola-no-atacado,Cebola - Ceasas,Roxa (Caixa 4),,preco,3.36,"3,36",R$/Kg,price,BRL,kg,spot,,,physical
2026-03-10,legumes,cebola-no-atacado,Cebola - Ceasas,Roxa (Caixa 4),,variacao_pct,1.82,"+1,82",%,change_pct,,pct,spot,,,physical
2026-03-10,legumes,cenoura-ceasas,Cenoura - Ceasas,Cenoura 2A,,preco,4.03,"4,03",R$/Kg,price,BRL,kg,spot,,,physical
2026-03-10,legumes,cenoura-ceasas,Cenoura - Ceasas,Cenoura 2A,,variacao_pct,4.95,"+4,95",%,change_pct,,pct,spot,,,physical
2026-03-10,legumes,cenoura-ceasas,Cenoura - Ceasas,Cenoura G,,preco,3.56,"3,56",R$/Kg,price,BRL,kg,spot,,,physical
2026-03-10,legumes,cenoura-ceasas,Cenoura - Ceasas,Cenoura G,,variacao_pct,7.88,"+7,88",%,change_pct,,pct,spot,,,physical
2026-03-10,legumes,cenoura-ceasas,Cenoura - Ceasas,Especial,,preco,2.5,"2,50",R$/Kg,price,BRL,kg,spot,,,physical
2026-03-10,legumes,cenoura-ceasas,Cenoura - Ceasas,Especial,,variacao_pct,0.0,"0,00",%,change_pct,,pct,spot,,,physical
2026-03-10,legumes,cenoura-ceasas,Cenoura - Ceasas,Extra,,preco,2.75,"2,75",R$/Kg,price,BRL,kg,spot,,,physical
2026-03-10,legumes,cenoura-ceasas,Cenoura - Ceasas,Extra,,variacao_pct,0.0,"0,00",%,change_pct,,pct,spot,,,physical
2026-03-10,legumes,cenoura-ceasas,Cenoura - Ceasas,Extra A,,preco,3.75,"3,75",R$/Kg,price,BRL,kg,spot,,,physical
2026-03-10,legumes,cenoura-ceasas,Cenoura - Ceasas,Extra A,,variacao_pct,0.0,"0,00",%,change_pct,,pct,spot,,,physical
2026-03-10,legumes,tomate-ceasas,Tomate - Ceasas,Carmem 3A,,preco,8.78,"8,78",R$/Kg,price,BRL,kg,spot,,,physical
2026-03-10,legumes,tomate-ceasas,Tomate - Ceasas,Carmem 3A,,variacao_pct,11.28,"+11,28",%,change_pct,,pct,spot,,,physical
2026-03-10,legumes,tomate-ceasas,Tomate - Ceasas,Débora 3A,,preco,5.28,"5,28",R$/Kg,price,BRL,kg,spot,,,physical
2026-03-10,legumes,tomate-ceasas,Tomate - Ceasas,Débora 3A,,variacao_pct,-14.42,"-14,42",%,change_pct,,pct,spot,,,physical
2026-03-10,legumes,tomate-ceasas,Tomate - Ceasas,Longa Vida/Carmem Extra,,preco,7.0,"7,00",R$/Kg,price,BRL,kg,spot,,,physical
2026-03-10,legumes,tomate-ceasas,Tomate - Ceasas,Longa Vida/Carmem Extra,,variacao_pct,0.0,"0,00",%,change_pct,,pct,spot,,,physical
2026-03-10,legumes,tomate-ceasas,Tomate - Ceasas,Longa Vida/Débora Extra,,preco,6.5,"6,50",R$/Kg,price,BRL,kg,spot,,,physical
2026-03-10,legumes,tomate-ceasas,Tomate - Ceasas,Longa Vida/Débora Extra,,variacao_pct,0.0,"0,00",%,change_pct,,pct,spot,,,physical
2026-03-10,legumes,tomate-ceasas,Tomate - Ceasas,Longa Vida/Extra A,,preco,5.0,"5,00",R$/Kg,price,BRL,kg,spot,,,physical
2026-03-10,legumes,tomate-ceasas,Tomate - Ceasas,Longa Vida/Extra A,,variacao_pct,0.0,"0,00",%,change_pct,,pct,spot,,,physical
2026-03-10,legumes,tomate-ceasas,Tomate - Ceasas,Santa Cruz/Extra A,,preco,,s/ cotação,R$/Kg,price,BRL,kg,spot,,,physical
2026-03-10,legumes,tomate-ceasas,Tomate - Ceasas,Santa Cruz/Extra A,,variacao_pct,,-,%,change_pct,,pct,spot,,,physical
2026-03-11,legumes,batata-ceasas,Batata - Ceasas,Agatha Primeira,,preco,1.4,"1,40",R$/Kg,price,BRL,kg,spot,,,physical
2026-03-11,legumes,batata-ceasas,Batata - Ceasas,Agatha Primeira,,variacao_pct,0.0,"0,00",%,change_pct,,pct,spot,,,physical
2026-03-11,legumes,batata-ceasas,Batata - Ceasas,Aster Primeira,,preco,1.0,"1,00",R$/Kg,price,BRL,kg,spot,,,physical
2026-03-11,legumes,batata-ceasas,Batata - Ceasas,Aster Primeira,,variacao_pct,0.0,"0,00",%,change_pct,,pct,spot,,,physical
2026-03-11,legumes,batata-ceasas,Batata - Ceasas,Asterix,,preco,3.26,"3,26",R$/Kg,price,BRL,kg,spot,,,physical
2026-03-11,legumes,batata-ceasas,Batata - Ceasas,Asterix,,variacao_pct,0.0,"0,00",%,change_pct,,pct,spot,,,physical
2026-03-11,legumes,batata-ceasas,Batata - Ceasas,Escovada Especial,,preco,2.55,"2,55",R$/Kg,price,BRL,kg,spot,,,physical
2026-03-11,legumes,batata-ceasas,Batata - Ceasas,Escovada Especial,,variacao_pct,0.0,"0,00",%,change_pct,,pct,spot,,,physical
2026-03-11,legumes,batata-ceasas,Batata - Ceasas,Lavada Especial,,preco,3.53,"3,53",R$/Kg,price,BRL,kg,spot,,,physical
2026-03-11,legumes,batata-ceasas,Batata - Ceasas,Lavada Especial,,variacao_pct,0.0,"0,00",%,change_pct,,pct,spot,,,physical
2026-03-11,legumes,batata-ceasas,Batata - Ceasas,Yacon,,preco,8.0,"8,00",R$/Kg,price,BRL,kg,spot,,,physical
2026-03-11,legumes,batata-ceasas,Batata - Ceasas,Yacon,,variacao_pct,0.0,"0,00",%,change_pct,,pct,spot,,,physical
2026-03-11,legumes,cebola-no-atacado,Cebola - Ceasas,Amarela Mineira,,preco,3.0,"3,00",R$/Kg,price,BRL,kg,spot,,,physical
2026-03-11,legumes,cebola-no-atacado,Cebola - Ceasas,Amarela Mineira,,variacao_pct,0.0,"0,00",%,change_pct,,pct,spot,,,physical
2026-03-11,legumes,cebola-no-atacado,Cebola - Ceasas,Amarela Paulista,,preco,,s/ cotação,R$/Kg,price,BRL,kg,spot,,,physical
2026-03-11,legumes,cebola-no-atacado,Cebola - Ceasas,Amarela Paulista,,variacao_pct,,-,%,change_pct,,pct,spot,,,physical
2026-03-11,legumes,cebola-no-atacado,Cebola - Ceasas,Amarela Pernambucana,,preco,,s/ cotação,R$/Kg,price,BRL,kg,spot,,,physical
2026-03-11,legumes,cebola-no-atacado,Cebola - Ceasas,Amarela Pernambucana,,variacao_pct,,-,%,change_pct,,pct,spot,,,physical
2026-03-11,legumes,cebola-no-atacado,Cebola - Ceasas,Amarela Santa Catarina,,preco,2.5,"2,50",R$/Kg,price,BRL,kg,spot,,,physical
2026-03-11,legumes,cebola-no-atacado,Cebola - Ceasas,Amarela Santa Catarina,,variacao_pct,0.0,"0,00",%,change_pct,,pct,spot,,,physical
2026-03-11,legumes,cebola-no-atacado,Cebola - Ceasas,Importada Argentina,,preco,,s/ cotação,R$/Kg,price,BRL,kg,spot,,,physical
2026-03-11,legumes,cebola-no-atacado,Cebola - Ceasas,Importada Argentina,,variacao_pct,,-,%,change_pct,,pct,spot,,,physical
2026-03-11,legumes,cebola-no-atacado,Cebola - Ceasas,Nacional (Caixa 4),,preco,2.94,"2,94",R$/Kg,price,BRL,kg,spot,,,physical
2026-03-11,legumes,cebola-no-atacado,Cebola - Ceasas,Nacional (Caixa 4),,variacao_pct,0.0,"0,00",%,change_pct,,pct,spot,,,physical
2026-03-11,legumes,cebola-no-atacado,Cebola - Ceasas,Roxa (Caixa 4),,preco,3.36,"3,36",R$/Kg,price,BRL,kg,spot,,,physical
2026-03-11,legumes,cebola-no-atacado,Cebola - Ceasas,Roxa (Caixa 4),,variacao_pct,0.0,"0,00",%,change_pct,,pct,spot,,,physical
2026-03-11,legumes,cenoura-ceasas,Cenoura - Ceasas,Cenoura 2A,,preco,4.03,"4,03",R$/Kg,price,BRL,kg,spot,,,physical
2026-03-11,legumes,cenoura-ceasas,Cenoura - Ceasas,Cenoura 2A,,variacao_pct,0.0,"0,00",%,change_pct,,pct,spot,,,physical
2026-03-11,legumes,cenoura-ceasas,Cenoura - Ceasas,Cenoura G,,preco,3.56,"3,56",R$/Kg,price,BRL,kg,spot,,,physical
2026-03-11,legumes,cenoura-ceasas,Cenoura - Ceasas,Cenoura G,,variacao_pct,0.0,"0,00",%,change_pct,,pct,spot,,,physical
2026-03-11,legumes,cenoura-ceasas,Cenoura - Ceasas,Especial,,preco,2.5,"2,50",R$/Kg,price,BRL,kg,spot,,,physical
2026-03-11,legumes,cenoura-ceasas,Cenoura - Ceasas,Especial,,variacao_pct,0.0,"0,00",%,change_pct,,pct,spot,,,physical
2026-03-11,legumes,cenoura-ceasas,Cenoura - Ceasas,Extra,,preco,2.75,"2,75",R$/Kg,price,BRL,kg,spot,,,physical
2026-03-11,legumes,cenoura-ceasas,Cenoura - Ceasas,Extra,,variacao_pct,0.0,"0,00",%,change_pct,,pct,spot,,,physical
2026-03-11,legumes,cenoura-ceasas,Cenoura - Ceasas,Extra A,,preco,3.75,"3,75",R$/Kg,price,BRL,kg,spot,,,physical
2026-03-11,legumes,cenoura-ceasas,Cenoura - Ceasas,Extra A,,variacao_pct,0.0,"0,00",%,change_pct,,pct,spot,,,physical
2026-03-11,legumes,tomate-ceasas,Tomate - Ceasas,Carmem 3A,,preco,8.78,"8,78",R$/Kg,price,BRL,kg,spot,,,physical
2026-03-11,legumes,tomate-ceasas,Tomate - Ceasas,Carmem 3A,,variacao_pct,0.0,"0,00",%,change_pct,,pct,spot,,,physical
2026-03-11,legumes,tomate-ceasas,Tomate - Ceasas,Débora 3A,,preco,5.28,"5,28",R$/Kg,price,BRL,kg,spot,,,physical
2026-03-11,legumes,tomate-ceasas,Tomate - Ceasas,Débora 3A,,variacao_pct,0.0,"0,00",%,change_pct,,pct,spot,,,physical
2026-03-11,legumes,tomate-ceasas,Tomate - Ceasas,Longa Vida/Carmem Extra,,preco,7.0,"7,00",R$/Kg,price,BRL,kg,spot,,,physical
2026-03-11,legumes,tomate-ceasas,Tomate - Ceasas,Longa Vida/Carmem Extra,,variacao_pct,0.0,"0,00",%,change_pct,,pct,spot,,,physical
2026-03-11,legumes,tomate-ceasas,Tomate - Ceasas,Longa Vida/Débora Extra,,preco,6.5,"6,50",R$/Kg,price,BRL,kg,spot,,,physical
2026-03-11,legumes,tomate-ceasas,Tomate - Ceasas,Longa Vida/Débora Extra,,variacao_pct,0.0,"0,00",%,change_pct,,pct,spot,,,physical
2026-03-11,legumes,tomate-ceasas,Tomate - Ceasas,Longa Vida/Extra A,,preco,5.0,"5,00",R$/Kg,price,BRL,kg,spot,,,physical
2026-03-11,legumes,tomate-ceasas,Tomate - Ceasas,Longa Vida/Extra A,,variacao_pct,0.0,"0,00",%,change_pct,,pct,spot,,,physical
2026-03-11,legumes,tomate-ceasas,Tomate - Ceasas,Santa Cruz/Extra A,,preco,,s/ cotação,R$/Kg,price,BRL,kg,spot,,,physical
2026-03-11,legumes,tomate-ceasas,Tomate - Ceasas,Santa Cruz/Extra A,,variacao_pct,,-,%,change_pct,,pct,spot,,,physical
2026-03-12,legumes,batata-ceasas,Batata - Ceasas,Agatha Primeira,,preco,1.6,"1,60",R$/Kg,price,BRL,kg,spot,,,physical
2026-03-12,legumes,batata-ceasas,Batata - Ceasas,Agatha Primeira,,variacao_pct,14.29,"+14,29",%,change_pct,,pct,spot,,,physical
2026-03-12,legumes,batata-ceasas,Batata - Ceasas,Aster Primeira,,preco,1.0,"1,00",R$/Kg,price,BRL,kg,spot,,,physical
2026-03-12,legumes,batata-ceasas,Batata - Ceasas,Aster Primeira,,variacao_pct,0.0,"0,00",%,change_pct,,pct,spot,,,physical
2026-03-12,legumes,batata-ceasas,Batata - Ceasas,Asterix,,preco,3.24,"3,24",R$/Kg,price,BRL,kg,spot,,,physical
2026-03-12,legumes,batata-ceasas,Batata - Ceasas,Asterix,,variacao_pct,-0.61,"-0,61",%,change_pct,,pct,spot,,,physical
2026-03-12,legumes,batata-ceasas,Batata - Ceasas,Escovada Especial,,preco,2.53,"2,53",R$/Kg,price,BRL,kg,spot,,,physical
2026-03-12,legumes,batata-ceasas,Batata - Ceasas,Escovada Especial,,variacao_pct,-0.78,"-0,78",%,change_pct,,pct,spot,,,physical
2026-03-12,legumes,batata-ceasas,Batata - Ceasas,Lavada Especial,,preco,3.25,"3,25",R$/Kg,price,BRL,kg,spot,,,physical
2026-03-12,legumes,batata-ceasas,Batata - Ceasas,Lavada Especial,,variacao_pct,-7.93,"-7,93",%,change_pct,,pct,spot,,,physical
2026-03-12,legumes,batata-ceasas,Batata - Ceasas,Yacon,,preco,7.0,"7,00",R$/Kg,price,BRL,kg,spot,,,physical
2026-03-12,legumes,batata-ceasas,Batata - Ceasas,Yacon,,variacao_pct,-12.5,"-12,50",%,change_pct,,pct,spot,,,physical
2026-03-12,legumes,cebola-no-atacado,Cebola - Ceasas,Amarela Mineira,,preco,3.0,"3,00",R$/Kg,price,BRL,kg,spot,,,physical
2026-03-12,legumes,cebola-no-atacado,Cebola - Ceasas,Amarela Mineira,,variacao_pct,0.0,"0,00",%,change_pct,,pct,spot,,,physical
2026-03-12,legumes,cebola-no-atacado,Cebola - Ceasas,Amarela Paulista,,preco,,s/ cotação,R$/Kg,price,BRL,kg,spot,,,physical
2026-03-12,legumes,cebola-no-atacado,Cebola - Ceasas,Amarela Paulista,,variacao_pct,,-,%,change_pct,,pct,spot,,,physical
2026-03-12,legumes,cebola-no-atacado,Cebola - Ceasas,Amarela Pernambucana,,preco,,s/ cotação,R$/Kg,price,BRL,kg,spot,,,physical
2026-03-12,legumes,cebola-no-atacado,Cebola - Ceasas,Amarela Pernambucana,,variacao_pct,,-,%,change_pct,,pct,spot,,,physical
2026-03-12,legumes,cebola-no-atacado,Cebola - Ceasas,Amarela Santa Catarina,,preco,3.0,"3,00",R$/Kg,price,BRL,kg,spot,,,physical
2026-03-12,legumes,cebola-no-atacado,Cebola - Ceasas,Amarela Santa Catarina,,variacao_pct,20.0,"+20,00",%,change_pct,,pct,spot,,,physical
2026-03-12,legumes,cebola-no-atacado,Cebola - Ceasas,Importada Argentina,,preco,,s/ cotação,R$/Kg,price,BRL,kg,spot,,,physical
2026-03-12,legumes,cebola-no-atacado,Cebola - Ceasas,Importada Argentina,,variacao_pct,,-,%,change_pct,,pct,spot,,,physical
2026-03-12,legumes,cebola-no-atacado,Cebola - Ceasas,Nacional (Caixa 4),,preco,2.92,"2,92",R$/Kg,price,BRL,kg,spot,,,physical
2026-03-12,legumes,cebola-no-atacado,Cebola - Ceasas,Nacional (Caixa 4),,variacao_pct,-0.68,"-0,68",%,change_pct,,pct,spot,,,physical
2026-03-12,legumes,cebola-no-atacado,Cebola - Ceasas,Roxa (Caixa 4),,preco,3.32,"3,32",R$/Kg,price,BRL,kg,spot,,,physical
2026-03-12,legumes,cebola-no-atacado,Cebola - Ceasas,Roxa (Caixa 4),,variacao_pct,-1.19,"-1,19",%,change_pct,,pct,spot,,,physical
2026-03-12,legumes,cenoura-ceasas,Cenoura - Ceasas,Cenoura 2A,,preco,4.07,"4,07",R$/Kg,price,BRL,kg,spot,,,physical
2026-03-12,legumes,cenoura-ceasas,Cenoura - Ceasas,Cenoura 2A,,variacao_pct,0.99,"+0,99",%,change_pct,,pct,spot,,,physical
2026-03-12,legumes,cenoura-ceasas,Cenoura - Ceasas,Cenoura G,,preco,3.62,"3,62",R$/Kg,price,BRL,kg,spot,,,physical
2026-03-12,legumes,cenoura-ceasas,Cenoura - Ceasas,Cenoura G,,variacao_pct,1.69,"+1,69",%,change_pct,,pct,spot,,,physical
2026-03-12,legumes,cenoura-ceasas,Cenoura - Ceasas,Especial,,preco,2.5,"2,50",R$/Kg,price,BRL,kg,spot,,,physical
2026-03-12,legumes,cenoura-ceasas,Cenoura - Ceasas,Especial,,variacao_pct,0.0,"0,00",%,change_pct,,pct,spot,,,physical
2026-03-12,legumes,cenoura-ceasas,Cenoura - Ceasas,Extra,,preco,2.0,"2,00",R$/Kg,price,BRL,kg,spot,,,physical
2026-03-12,legumes,cenoura-ceasas,Cenoura - Ceasas,Extra,,variacao_pct,-27.27,"-27,27",%,change_pct,,pct,spot,,,physical
2026-03-12,legumes,cenoura-ceasas,Cenoura - Ceasas,Extra A,,preco,3.75,"3,75",R$/Kg,price,BRL,kg,spot,,,physical
2026-03-12,legumes,cenoura-ceasas,Cenoura - Ceasas,Extra A,,variacao_pct,0.0,"0,00",%,change_pct,,pct,spot,,,physical
2026-03-12,legumes,tomate-ceasas,Tomate - Ceasas,Carmem 3A,,preco,7.45,"7,45",R$/Kg,price,BRL,kg,spot,,,physical
2026-03-12,legumes,tomate-ceasas,Tomate - Ceasas,Carmem 3A,,variacao_pct,-15.15,"-15,15",%,change_pct,,pct,spot,,,physical
2026-03-12,legumes,tomate-ceasas,Tomate - Ceasas,Débora 3A,,preco,5.98,"5,98",R$/Kg,price,BRL,kg,spot,,,physical
2026-03-12,legumes,tomate-ceasas,Tomate - Ceasas,Débora 3A,,variacao_pct,13.26,"+13,26",%,change_pct,,pct,spot,,,physical
2026-03-12,legumes,tomate-ceasas,Tomate - Ceasas,Longa Vida/Carmem Extra,,preco,7.0,"7,00",R$/Kg,price,BRL,kg,spot,,,physical
2026-03-12,legumes,tomate-ceasas,Tomate - Ceasas,Longa Vida/Carmem Extra,,variacao_pct,0.0,"0,00",%,change_pct,,pct,spot,,,physical
2026-03-12,legumes,tomate-ceasas,Tomate - Ceasas,Longa Vida/Débora Extra,,preco,6.5,"6,50",R$/Kg,price,BRL,kg,spot,,,physical
2026-03-12,legumes,tomate-ceasas,Tomate - Ceasas,Longa Vida/Débora Extra,,variacao_pct,0.0,"0,00",%,change_pct,,pct,spot,,,physical
2026-03-12,legumes,tomate-ceasas,Tomate - Ceasas,Longa Vida/Extra A,,preco,2.89,"2,89",R$/Kg,price,BRL,kg,spot,,,physical
2026-03-12,legumes,tomate-ceasas,Tomate - Ceasas,Longa Vida/Extra A,,variacao_pct,-42.2,"-42,20",%,change_pct,,pct,spot,,,physical
2026-03-12,legumes,tomate-ceasas,Tomate - Ceasas,Santa Cruz/Extra A,,preco,,s/ cotação,R$/Kg,price,BRL,kg,spot,,,physical
2026-03-12,legumes,tomate-ceasas,Tomate - Ceasas,Santa Cruz/Extra A,,variacao_pct,,-,%,change_pct,,pct,spot,,,physical
2026-03-13,legumes,batata-ceasas,Batata - Ceasas,Agatha Primeira,,preco,2.0,"2,00",R$/Kg,price,BRL,kg,spot,,,physical
2026-03-13,legumes,batata-ceasas,Batata - Ceasas,Agatha Primeira,,variacao_pct,25.0,"+25,00",%,change_pct,,pct,spot,,,physical
2026-03-13,legumes,batata-ceasas,Batata - Ceasas,Aster Primeira,,preco,1.2,"1,20",R$/Kg,price,BRL,kg,spot,,,physical
2026-03-13,legumes,batata-ceasas,Batata - Ceasas,Aster Primeira,,variacao_pct,20.0,"+20,00",%,change_pct,,pct,spot,,,physical
2026-03-13,legumes,batata-ceasas,Batata - Ceasas,Asterix,,preco,3.24,"3,24",R$/Kg,price,BRL,kg,spot,,,physical
2026-03-13,legumes,batata-ceasas,Batata - Ceasas,Asterix,,variacao_pct,0.0,"0,00",%,change_pct,,pct,spot,,,physical
2026-03-13,legumes,batata-ceasas,Batata - Ceasas,Escovada Especial,,preco,2.53,"2,53",R$/Kg,price,BRL,kg,spot,,,physical
2026-03-13,legumes,batata-ceasas,Batata - Ceasas,Escovada Especial,,variacao_pct,0.0,"0,00",%,change_pct,,pct,spot,,,physical
2026-03-13,legumes,batata-ceasas,Batata - Ceasas,Lavada Especial,,preco,3.25,"3,25",R$/Kg,price,BRL,kg,spot,,,physical
2026-03-13,legumes,batata-ceasas,Batata - Ceasas,Lavada Especial,,variacao_pct,0.0,"0,00",%,change_pct,,pct,spot,,,physical
2026-03-13,legumes,batata-ceasas,Batata - Ceasas,Yacon,,preco,7.0,"7,00",R$/Kg,price,BRL,kg,spot,,,physical
2026-03-13,legumes,batata-ceasas,Batata - Ceasas,Yacon,,variacao_pct,0.0,"0,00",%,change_pct,,pct,spot,,,physical
2026-03-13,legumes,cebola-no-atacado,Cebola - Ceasas,Amarela Mineira,,preco,3.0,"3,00",R$/Kg,price,BRL,kg,spot,,,physical
2026-03-13,legumes,cebola-no-atacado,Cebola - Ceasas,Amarela Mineira,,variacao_pct,0.0,"0,00",%,change_pct,,pct,spot,,,physical
2026-03-13,legumes,cebola-no-atacado,Cebola - Ceasas,Amarela Paulista,,preco,,s/ cotação,R$/Kg,price,BRL,kg,spot,,,physical
2026-03-13,legumes,cebola-no-atacado,Cebola - Ceasas,Amarela Paulista,,variacao_pct,,-,%,change_pct,,pct,spot,,,physical
2026-03-13,legumes,cebola-no-atacado,Cebola - Ceasas,Amarela Pernambucana,,preco,,s/ cotação,R$/Kg,price,BRL,kg,spot,,,physical
2026-03-13,legumes,cebola-no-atacado,Cebola - Ceasas,Amarela Pernambucana,,variacao_pct,,-,%,change_pct,,pct,spot,,,physical
2026-03-13,legumes,cebola-no-atacado,Cebola - Ceasas,Amarela Santa Catarina,,preco,3.0,"3,00",R$/Kg,price,BRL,kg,spot,,,physical
2026-03-13,legumes,cebola-no-atacado,Cebola - Ceasas,Amarela Santa Catarina,,variacao_pct,0.0,"0,00",%,change_pct,,pct,spot,,,physical
2026-03-13,legumes,cebola-no-atacado,Cebola - Ceasas,Importada Argentina,,preco,,s/ cotação,R$/Kg,price,BRL,kg,spot,,,physical
2026-03-13,legumes,cebola-no-atacado,Cebola - Ceasas,Importada Argentina,,variacao_pct,,-,%,change_pct,,pct,spot,,,physical
2026-03-13,legumes,cebola-no-atacado,Cebola - Ceasas,Nacional (Caixa 4),,preco,2.92,"2,92",R$/Kg,price,BRL,kg,spot,,,physical
2026-03-13,legumes,cebola-no-atacado,Cebola - Ceasas,Nacional (Caixa 4),,variacao_pct,0.0,"0,00",%,change_pct,,pct,spot,,,physical
2026-03-13,legumes,cebola-no-atacado,Cebola - Ceasas,Roxa (Caixa 4),,preco,3.32,"3,32",R$/Kg,price,BRL,kg,spot,,,physical
2026-03-13,legumes,cebola-no-atacado,Cebola - Ceasas,Roxa (Caixa 4),,variacao_pct,0.0,"0,00",%,change_pct,,pct,spot,,,physical
2026-03-13,legumes,cenoura-ceasas,Cenoura - Ceasas,Cenoura 2A,,preco,4.07,"4,07",R$/Kg,price,BRL,kg,spot,,,physical
2026-03-13,legumes,cenoura-ceasas,Cenoura - Ceasas,Cenoura 2A,,variacao_pct,0.0,"0,00",%,change_pct,,pct,spot,,,physical
2026-03-13,legumes,cenoura-ceasas,Cenoura - Ceasas,Cenoura G,,preco,3.62,"3,62",R$/Kg,price,BRL,kg,spot,,,physical
2026-03-13,legumes,cenoura-ceasas,Cenoura - Ceasas,Cenoura G,,variacao_pct,0.0,"0,00",%,change_pct,,pct,spot,,,physical
2026-03-13,legumes,cenoura-ceasas,Cenoura - Ceasas,Especial,,preco,2.5,"2,50",R$/Kg,price,BRL,kg,spot,,,physical
2026-03-13,legumes,cenoura-ceasas,Cenoura - Ceasas,Especial,,variacao_pct,0.0,"0,00",%,change_pct,,pct,spot,,,physical
2026-03-13,legumes,cenoura-ceasas,Cenoura - Ceasas,Extra,,preco,2.25,"2,25",R$/Kg,price,BRL,kg,spot,,,physical
2026-03-13,legumes,cenoura-ceasas,Cenoura - Ceasas,Extra,,variacao_pct,12.5,"+12,50",%,change_pct,,pct,spot,,,physical
2026-03-13,legumes,cenoura-ceasas,Cenoura - Ceasas,Extra A,,preco,3.5,"3,50",R$/Kg,price,BRL,kg,spot,,,physical
2026-03-13,legumes,cenoura-ceasas,Cenoura - Ceasas,Extra A,,variacao_pct,-6.67,"-6,67",%,change_pct,,pct,spot,,,physical
2026-03-13,legumes,tomate-ceasas,Tomate - Ceasas,Carmem 3A,,preco,7.45,"7,45",R$/Kg,price,BRL,kg,spot,,,physical
2026-03-13,legumes,tomate-ceasas,Tomate - Ceasas,Carmem 3A,,variacao_pct,0.0,"0,00",%,change_pct,,pct,spot,,,physical
2026-03-13,legumes,tomate-ceasas,Tomate - Ceasas,Débora 3A,,preco,5.98,"5,98",R$/Kg,price,BRL,kg,spot,,,physical
2026-03-13,legumes,tomate-ceasas,Tomate - Ceasas,Débora 3A,,variacao_pct,0.0,"0,00",%,change_pct,,pct,spot,,,physical
2026-03-13,legumes,tomate-ceasas,Tomate - Ceasas,Longa Vida/Carmem Extra,,preco,7.0,"7,00",R$/Kg,price,BRL,kg,spot,,,physical
2026-03-13,legumes,tomate-ceasas,Tomate - Ceasas,Longa Vida/Carmem Extra,,variacao_pct,0.0,"0,00",%,change_pct,,pct,spot,,,physical
2026-03-13,legumes,tomate-ceasas,Tomate - Ceasas,Longa Vida/Débora Extra,,preco,6.5,"6,50",R$/Kg,price,BRL,kg,spot,,,physical
2026-03-13,legumes,tomate-ceasas,Tomate - Ceasas,Longa Vida/Débora Extra,,variacao_pct,0.0,"0,00",%,change_pct,,pct,spot,,,physical
2026-03-13,legumes,tomate-ceasas,Tomate - Ceasas,Longa Vida/Extra A,,preco,3.25,"3,25",R$/Kg,price,BRL,kg,spot,,,physical
2026-03-13,legumes,tomate-ceasas,Tomate - Ceasas,Longa Vida/Extra A,,variacao_pct,12.46,"+12,46",%,change_pct,,pct,spot,,,physical
2026-03-13,legumes,tomate-ceasas,Tomate - Ceasas,Santa Cruz/Extra A,,preco,,s/ cotação,R$/Kg,price,BRL,kg,spot,,,physical
2026-03-13,legumes,tomate-ceasas,Tomate - Ceasas,Santa Cruz/Extra A,,variacao_pct,,-,%,change_pct,,pct,spot,,,physical
2026-03-16,legumes,batata-ceasas,Batata - Ceasas,Agatha Primeira,,preco,2.0,"2,00",R$/Kg,price,BRL,kg,spot,,,physical
2026-03-16,legumes,batata-ceasas,Batata - Ceasas,Agatha Primeira,,variacao_pct,0.0,"0,00",%,change_pct,,pct,spot,,,physical
2026-03-16,legumes,batata-ceasas,Batata - Ceasas,Aster Primeira,,preco,1.2,"1,20",R$/Kg,price,BRL,kg,spot,,,physical
2026-03-16,legumes,batata-ceasas,Batata - Ceasas,Aster Primeira,,variacao_pct,0.0,"0,00",%,change_pct,,pct,spot,,,physical
2026-03-16,legumes,batata-ceasas,Batata - Ceasas,Asterix,,preco,3.16,"3,16",R$/Kg,price,BRL,kg,spot,,,physical
2026-03-16,legumes,batata-ceasas,Batata - Ceasas,Asterix,,variacao_pct,-2.47,"-2,47",%,change_pct,,pct,spot,,,physical
2026-03-16,legumes,batata-ceasas,Batata - Ceasas,Escovada Especial,,preco,2.2,"2,20",R$/Kg,price,BRL,kg,spot,,,physical
2026-03-16,legumes,batata-ceasas,Batata - Ceasas,Escovada Especial,,variacao_pct,-13.04,"-13,04",%,change_pct,,pct,spot,,,physical
2026-03-16,legumes,batata-ceasas,Batata - Ceasas,Lavada Especial,,preco,3.09,"3,09",R$/Kg,price,BRL,kg,spot,,,physical
2026-03-16,legumes,batata-ceasas,Batata - Ceasas,Lavada Especial,,variacao_pct,-4.92,"-4,92",%,change_pct,,pct,spot,,,physical
2026-03-16,legumes,batata-ceasas,Batata - Ceasas,Yacon,,preco,7.0,"7,00",R$/Kg,price,BRL,kg,spot,,,physical
2026-03-16,legumes,batata-ceasas,Batata - Ceasas,Yacon,,variacao_pct,0.0,"0,00",%,change_pct,,pct,spot,,,physical
2026-03-16,legumes,cebola-no-atacado,Cebola - Ceasas,Amarela Mineira,,preco,3.0,"3,00",R$/Kg,price,BRL,kg,spot,,,physical
2026-03-16,legumes,cebola-no-atacado,Cebola - Ceasas,Amarela Mineira,,variacao_pct,0.0,"0,00",%,change_pct,,pct,spot,,,physical
2026-03-16,legumes,cebola-no-atacado,Cebola - Ceasas,Amarela Paulista,,preco,,s/ cotação,R$/Kg,price,BRL,kg,spot,,,physical
2026-03-16,legumes,cebola-no-atacado,Cebola - Ceasas,Amarela Paulista,,variacao_pct,,-,%,change_pct,,pct,spot,,,physical
2026-03-16,legumes,cebola-no-atacado,Cebola - Ceasas,Amarela Pernambucana,,preco,,s/ cotação,R$/Kg,price,BRL,kg,spot,,,physical
2026-03-16,legumes,cebola-no-atacado,Cebola - Ceasas,Amarela Pernambucana,,variacao_pct,,-,%,change_pct,,pct,spot,,,physical
2026-03-16,legumes,cebola-no-atacado,Cebola - Ceasas,Amarela Santa Catarina,,preco,3.0,"3,00",R$/Kg,price,BRL,kg,spot,,,physical
2026-03-16,legumes,cebola-no-atacado,Cebola - Ceasas,Amarela Santa Catarina,,variacao_pct,0.0,"0,00",%,change_pct,,pct,spot,,,physical
2026-03-16,legumes,cebola-no-atacado,Cebola - Ceasas,Importada Argentina,,preco,,s/ cotação,R$/Kg,price,BRL,kg,spot,,,physical
2026-03-16,legumes,cebola-no-atacado,Cebola - Ceasas,Importada Argentina,,variacao_pct,,-,%,change_pct,,pct,spot,,,physical
2026-03-16,legumes,cebola-no-atacado,Cebola - Ceasas,Nacional (Caixa 4),,preco,2.87,"2,87",R$/Kg,price,BRL,kg,spot,,,physical
2026-03-16,legumes,cebola-no-atacado,Cebola - Ceasas,Nacional (Caixa 4),,variacao_pct,-1.71,"-1,71",%,change_pct,,pct,spot,,,physical
2026-03-16,legumes,cebola-no-atacado,Cebola - Ceasas,Roxa (Caixa 4),,preco,3.59,"3,59",R$/Kg,price,BRL,kg,spot,,,physical
2026-03-16,legumes,cebola-no-atacado,Cebola - Ceasas,Roxa (Caixa 4),,variacao_pct,8.13,"+8,13",%,change_pct,,pct,spot,,,physical
2026-03-16,legumes,cenoura-ceasas,Cenoura - Ceasas,Cenoura 2A,,preco,4.19,"4,19",R$/Kg,price,BRL,kg,spot,,,physical
2026-03-16,legumes,cenoura-ceasas,Cenoura - Ceasas,Cenoura 2A,,variacao_pct,2.95,"+2,95",%,change_pct,,pct,spot,,,physical
2026-03-16,legumes,cenoura-ceasas,Cenoura - Ceasas,Cenoura G,,preco,3.81,"3,81",R$/Kg,price,BRL,kg,spot,,,physical
2026-03-16,legumes,cenoura-ceasas,Cenoura - Ceasas,Cenoura G,,variacao_pct,5.25,"+5,25",%,change_pct,,pct,spot,,,physical
2026-03-16,legumes,cenoura-ceasas,Cenoura - Ceasas,Especial,,preco,2.5,"2,50",R$/Kg,price,BRL,kg,spot,,,physical
2026-03-16,legumes,cenoura-ceasas,Cenoura - Ceasas,Especial,,variacao_pct,0.0,"0,00",%,change_pct,,pct,spot,,,physical
2026-03-16,legumes,cenoura-ceasas,Cenoura - Ceasas,Extra,,preco,2.25,"2,25",R$/Kg,price,BRL,kg,spot,,,physical
2026-03-16,legumes,cenoura-ceasas,Cenoura - Ceasas,Extra,,variacao_pct,0.0,"0,00",%,change_pct,,pct,spot,,,physical
2026-03-16,legumes,cenoura-ceasas,Cenoura - Ceasas,Extra A,,preco,3.5,"3,50",R$/Kg,price,BRL,kg,spot,,,physical
2026-03-16,legumes,cenoura-ceasas,Cenoura - Ceasas,Extra A,,variacao_pct,0.0,"0,00",%,change_pct,,pct,spot,,,physical
2026-03-16,legumes,tomate-ceasas,Tomate - Ceasas,Carmem 3A,,preco,6.14,"6,14",R$/Kg,price,BRL,kg,spot,,,physical
2026-03-16,legumes,tomate-ceasas,Tomate - Ceasas,Carmem 3A,,variacao_pct,-17.58,"-17,58",%,change_pct,,pct,spot,,,physical
2026-03-16,legumes,tomate-ceasas,Tomate - Ceasas,Débora 3A,,preco,5.36,"5,36",R$/Kg,price,BRL,kg,spot,,,physical
2026-03-16,legumes,tomate-ceasas,Tomate - Ceasas,Débora 3A,,variacao_pct,-10.37,"-10,37",%,change_pct,,pct,spot,,,physical
2026-03-16,legumes,tomate-ceasas,Tomate - Ceasas,Longa Vida/Carmem Extra,,preco,7.0,"7,00",R$/Kg,price,BRL,kg,spot,,,physical
2026-03-16,legumes,tomate-ceasas,Tomate - Ceasas,Longa Vida/Carmem Extra,,variacao_pct,0.0,"0,00",%,change_pct,,pct,spot,,,physical
2026-03-16,legumes,tomate-ceasas,Tomate - Ceasas,Longa Vida/Débora Extra,,preco,6.5,"6,50",R$/Kg,price,BRL,kg,spot,,,physical
2026-03-16,legumes,tomate-ceasas,Tomate - Ceasas,Longa Vida/Débora Extra,,variacao_pct,0.0,"0,00",%,change_pct,,pct,spot,,,physical
2026-03-16,legumes,tomate-ceasas,Tomate - Ceasas,Longa Vida/Extra A,,preco,3.25,"3,25",R$/Kg,price,BRL,kg,spot,,,physical
2026-03-16,legumes,tomate-ceasas,Tomate - Ceasas,Longa Vida/Extra A,,variacao_pct,0.0,"0,00",%,change_pct,,pct,spot,,,physical
2026-03-16,legumes,tomate-ceasas,Tomate - Ceasas,Santa Cruz/Extra A,,preco,,s/ cotação,R$/Kg,price,BRL,kg,spot,,,physical
2026-03-16,legumes,tomate-ceasas,Tomate - Ceasas,Santa Cruz/Extra A,,variacao_pct,,-,%,change_pct,,pct,spot,,,physical
2026-03-17,legumes,batata-ceasas,Batata - Ceasas,Agatha Primeira,,preco,1.6,"1,60",R$/Kg,price,BRL,kg,spot,,,physical
2026-03-17,legumes,batata-ceasas,Batata - Ceasas,Agatha Primeira,,variacao_pct,-20.0,"-20,00",%,change_pct,,pct,spot,,,physical
2026-03-17,legumes,batata-ceasas,Batata - Ceasas,Aster Primeira,,preco,1.0,"1,00",R$/Kg,price,BRL,kg,spot,,,physical
2026-03-17,legumes,batata-ceasas,Batata - Ceasas,Aster Primeira,,variacao_pct,-16.67,"-16,67",%,change_pct,,pct,spot,,,physical
2026-03-17,legumes,batata-ceasas,Batata - Ceasas,Asterix,,preco,3.21,"3,21",R$/Kg,price,BRL,kg,spot,,,physical
2026-03-17,legumes,batata-ceasas,Batata - Ceasas,Asterix,,variacao_pct,1.58,"+1,58",%,change_pct,,pct,spot,,,physical
2026-03-17,legumes,batata-ceasas,Batata - Ceasas,Escovada Especial,,preco,2.53,"2,53",R$/Kg,price,BRL,kg,spot,,,physical
2026-03-17,legumes,batata-ceasas,Batata - Ceasas,Escovada Especial,,variacao_pct,15.0,"+15,00",%,change_pct,,pct,spot,,,physical
2026-03-17,legumes,batata-ceasas,Batata - Ceasas,Lavada Especial,,preco,2.82,"2,82",R$/Kg,price,BRL,kg,spot,,,physical
2026-03-17,legumes,batata-ceasas,Batata - Ceasas,Lavada Especial,,variacao_pct,-8.74,"-8,74",%,change_pct,,pct,spot,,,physical
2026-03-17,legumes,batata-ceasas,Batata - Ceasas,Yacon,,preco,7.0,"7,00",R$/Kg,price,BRL,kg,spot,,,physical
2026-03-17,legumes,batata-ceasas,Batata - Ceasas,Yacon,,variacao_pct,0.0,"0,00",%,change_pct,,pct,spot,,,physical
2026-03-17,legumes,cebola-no-atacado,Cebola - Ceasas,Amarela Mineira,,preco,3.0,"3,00",R$/Kg,price,BRL,kg,spot,,,physical
2026-03-17,legumes,cebola-no-atacado,Cebola - Ceasas,Amarela Mineira,,variacao_pct,0.0,"0,00",%,change_pct,,pct,spot,,,physical
2026-03-17,legumes,cebola-no-atacado,Cebola - Ceasas,Amarela Paulista,,preco,,s/ cotação,R$/Kg,price,BRL,kg,spot,,,physical
2026-03-17,legumes,cebola-no-atacado,Cebola - Ceasas,Amarela Paulista,,variacao_pct,,-,%,change_pct,,pct,spot,,,physical
2026-03-17,legumes,cebola-no-atacado,Cebola - Ceasas,Amarela Pernambucana,,preco,,s/ cotação,R$/Kg,price,BRL,kg,spot,,,physical
2026-03-17,legumes,cebola-no-atacado,Cebola - Ceasas,Amarela Pernambucana,,variacao_pct,,-,%,change_pct,,pct,spot,,,physical
2026-03-17,legumes,cebola-no-atacado,Cebola - Ceasas,Amarela Santa Catarina,,preco,3.0,"3,00",R$/Kg,price,BRL,kg,spot,,,physical
2026-03-17,legumes,cebola-no-atacado,Cebola - Ceasas,Amarela Santa Catarina,,variacao_pct,0.0,"0,00",%,change_pct,,pct,spot,,,physical
2026-03-17,legumes,cebola-no-atacado,Cebola - Ceasas,Importada Argentina,,preco,,s/ cotação,R$/Kg,price,BRL,kg,spot,,,physical
2026-03-17,legumes,cebola-no-atacado,Cebola - Ceasas,Importada Argentina,,variacao_pct,,-,%,change_pct,,pct,spot,,,physical
2026-03-17,legumes,cebola-no-atacado,Cebola - Ceasas,Nacional (Caixa 4),,preco,2.76,"2,76",R$/Kg,price,BRL,kg,spot,,,physical
2026-03-17,legumes,cebola-no-atacado,Cebola - Ceasas,Nacional (Caixa 4),,variacao_pct,-3.83,"-3,83",%,change_pct,,pct,spot,,,physical
2026-03-17,legumes,cebola-no-atacado,Cebola - Ceasas,Roxa (Caixa 4),,preco,3.46,"3,46",R$/Kg,price,BRL,kg,spot,,,physical
2026-03-17,legumes,cebola-no-atacado,Cebola - Ceasas,Roxa (Caixa 4),,variacao_pct,-3.62,"-3,62",%,change_pct,,pct,spot,,,physical
2026-03-17,legumes,cenoura-ceasas,Cenoura - Ceasas,Cenoura 2A,,preco,4.28,"4,28",R$/Kg,price,BRL,kg,spot,,,physical
2026-03-17,legumes,cenoura-ceasas,Cenoura - Ceasas,Cenoura 2A,,variacao_pct,2.15,"+2,15",%,change_pct,,pct,spot,,,physical
2026-03-17,legumes,cenoura-ceasas,Cenoura - Ceasas,Cenoura G,,preco,3.74,"3,74",R$/Kg,price,BRL,kg,spot,,,physical
2026-03-17,legumes,cenoura-ceasas,Cenoura - Ceasas,Cenoura G,,variacao_pct,-1.84,"-1,84",%,change_pct,,pct,spot,,,physical
2026-03-17,legumes,cenoura-ceasas,Cenoura - Ceasas,Especial,,preco,2.5,"2,50",R$/Kg,price,BRL,kg,spot,,,physical
2026-03-17,legumes,cenoura-ceasas,Cenoura - Ceasas,Especial,,variacao_pct,0.0,"0,00",%,change_pct,,pct,spot,,,physical
2026-03-17,legumes,cenoura-ceasas,Cenoura - Ceasas,Extra,,preco,2.25,"2,25",R$/Kg,price,BRL,kg,spot,,,physical
2026-03-17,legumes,cenoura-ceasas,Cenoura - Ceasas,Extra,,variacao_pct,0.0,"0,00",%,change_pct,,pct,spot,,,physical
2026-03-17,legumes,cenoura-ceasas,Cenoura - Ceasas,Extra A,,preco,3.75,"3,75",R$/Kg,price,BRL,kg,spot,,,physical
2026-03-17,legumes,cenoura-ceasas,Cenoura - Ceasas,Extra A,,variacao_pct,7.14,"+7,14",%,change_pct,,pct,spot,,,physical
2026-03-17,legumes,tomate-ceasas,Tomate - Ceasas,Carmem 3A,,preco,5.16,"5,16",R$/Kg,price,BRL,kg,spot,,,physical
2026-03-17,legumes,tomate-ceasas,Tomate - Ceasas,Carmem 3A,,variacao_pct,-15.96,"-15,96",%,change_pct,,pct,spot,,,physical
2026-03-17,legumes,tomate-ceasas,Tomate - Ceasas,Débora 3A,,preco,3.05,"3,05",R$/Kg,price,BRL,kg,spot,,,physical
2026-03-17,legumes,tomate-ceasas,Tomate - Ceasas,Débora 3A,,variacao_pct,-43.1,"-43,10",%,change_pct,,pct,spot,,,physical
2026-03-17,legumes,tomate-ceasas,Tomate - Ceasas,Longa Vida/Carmem Extra,,preco,6.0,"6,00",R$/Kg,price,BRL,kg,spot,,,physical
2026-03-17,legumes,tomate-ceasas,Tomate - Ceasas,Longa Vida/Carmem Extra,,variacao_pct,-14.29,"-14,29",%,change_pct,,pct,spot,,,physical
2026-03-17,legumes,tomate-ceasas,Tomate - Ceasas,Longa Vida/Débora Extra,,preco,5.5,"5,50",R$/Kg,price,BRL,kg,spot,,,physical
2026-03-17,legumes,tomate-ceasas,Tomate - Ceasas,Longa Vida/Débora Extra,,variacao_pct,-15.38,"-15,38",%,change_pct,,pct,spot,,,physical
2026-03-17,legumes,tomate-ceasas,Tomate - Ceasas,Longa Vida/Extra A,,preco,3.75,"3,75",R$/Kg,price,BRL,kg,spot,,,physical
2026-03-17,legumes,tomate-ceasas,Tomate - Ceasas,Longa Vida/Extra A,,variacao_pct,15.38,"+15,38",%,change_pct,,pct,spot,,,physical
2026-03-17,legumes,tomate-ceasas,Tomate - Ceasas,Santa Cruz/Extra A,,preco,,s/ cotação,R$/Kg,price,BRL,kg,spot,,,physical
2026-03-17,legumes,tomate-ceasas,Tomate - Ceasas,Santa Cruz/Extra A,,variacao_pct,,-,%,change_pct,,pct,spot,,,physical
2026-03-18,legumes,batata-ceasas,Batata - Ceasas,Agatha Primeira,,preco,1.6,"1,60",R$/Kg,price,BRL,kg,spot,,,physical
2026-03-18,legumes,batata-ceasas,Batata - Ceasas,Agatha Primeira,,variacao_pct,0.0,"0,00",%,change_pct,,pct,spot,,,physical
2026-03-18,legumes,batata-ceasas,Batata - Ceasas,Aster Primeira,,preco,1.0,"1,00",R$/Kg,price,BRL,kg,spot,,,physical
2026-03-18,legumes,batata-ceasas,Batata - Ceasas,Aster Primeira,,variacao_pct,0.0,"0,00",%,change_pct,,pct,spot,,,physical
2026-03-18,legumes,batata-ceasas,Batata - Ceasas,Asterix,,preco,3.21,"3,21",R$/Kg,price,BRL,kg,spot,,,physical
2026-03-18,legumes,batata-ceasas,Batata - Ceasas,Asterix,,variacao_pct,0.0,"0,00",%,change_pct,,pct,spot,,,physical
2026-03-18,legumes,batata-ceasas,Batata - Ceasas,Escovada Especial,,preco,2.53,"2,53",R$/Kg,price,BRL,kg,spot,,,physical
2026-03-18,legumes,batata-ceasas,Batata - Ceasas,Escovada Especial,,variacao_pct,0.0,"0,00",%,change_pct,,pct,spot,,,physical
2026-03-18,legumes,batata-ceasas,Batata - Ceasas,Lavada Especial,,preco,2.82,"2,82",R$/Kg,price,BRL,kg,spot,,,physical
2026-03-18,legumes,batata-ceasas,Batata - Ceasas,Lavada Especial,,variacao_pct,0.0,"0,00",%,change_pct,,pct,spot,,,physical
2026-03-18,legumes,batata-ceasas,Batata - Ceasas,Yacon,,preco,7.0,"7,00",R$/Kg,price,BRL,kg,spot,,,physical
2026-03-18,legumes,batata-ceasas,Batata - Ceasas,Yacon,,variacao_pct,0.0,"0,00",%,change_pct,,pct,spot,,,physical
2026-03-18,legumes,cebola-no-atacado,Cebola - Ceasas,Amarela Mineira,,preco,3.0,"3,00",R$/Kg,price,BRL,kg,spot,,,physical
2026-03-18,legumes,cebola-no-atacado,Cebola - Ceasas,Amarela Mineira,,variacao_pct,0.0,"0,00",%,change_pct,,pct,spot,,,physical
2026-03-18,legumes,cebola-no-atacado,Cebola - Ceasas,Amarela Paulista,,preco,,s/ cotação,R$/Kg,price,BRL,kg,spot,,,physical
2026-03-18,legumes,cebola-no-atacado,Cebola - Ceasas,Amarela Paulista,,variacao_pct,,-,%,change_pct,,pct,spot,,,physical
2026-03-18,legumes,cebola-no-atacado,Cebola - Ceasas,Amarela Pernambucana,,preco,,s/ cotação,R$/Kg,price,BRL,kg,spot,,,physical
2026-03-18,legumes,cebola-no-atacado,Cebola - Ceasas,Amarela Pernambucana,,variacao_pct,,-,%,change_pct,,pct,spot,,,physical
2026-03-18,legumes,cebola-no-atacado,Cebola - Ceasas,Amarela Santa Catarina,,preco,3.0,"3,00",R$/Kg,price,BRL,kg,spot,,,physical
2026-03-18,legumes,cebola-no-atacado,Cebola - Ceasas,Amarela Santa Catarina,,variacao_pct,0.0,"0,00",%,change_pct,,pct,spot,,,physical
2026-03-18,legumes,cebola-no-atacado,Cebola - Ceasas,Importada Argentina,,preco,,s/ cotação,R$/Kg,price,BRL,kg,spot,,,physical
2026-03-18,legumes,cebola-no-atacado,Cebola - Ceasas,Importada Argentina,,variacao_pct,,-,%,change_pct,,pct,spot,,,physical
2026-03-18,legumes,cebola-no-atacado,Cebola - Ceasas,Nacional (Caixa 4),,preco,2.76,"2,76",R$/Kg,price,BRL,kg,spot,,,physical
2026-03-18,legumes,cebola-no-atacado,Cebola - Ceasas,Nacional (Caixa 4),,variacao_pct,0.0,"0,00",%,change_pct,,pct,spot,,,physical
2026-03-18,legumes,cebola-no-atacado,Cebola - Ceasas,Roxa (Caixa 4),,preco,3.46,"3,46",R$/Kg,price,BRL,kg,spot,,,physical
2026-03-18,legumes,cebola-no-atacado,Cebola - Ceasas,Roxa (Caixa 4),,variacao_pct,0.0,"0,00",%,change_pct,,pct,spot,,,physical
2026-03-18,legumes,cenoura-ceasas,Cenoura - Ceasas,Cenoura 2A,,preco,4.28,"4,28",R$/Kg,price,BRL,kg,spot,,,physical
2026-03-18,legumes,cenoura-ceasas,Cenoura - Ceasas,Cenoura 2A,,variacao_pct,0.0,"0,00",%,change_pct,,pct,spot,,,physical
2026-03-18,legumes,cenoura-ceasas,Cenoura - Ceasas,Cenoura G,,preco,3.74,"3,74",R$/Kg,price,BRL,kg,spot,,,physical
2026-03-18,legumes,cenoura-ceasas,Cenoura - Ceasas,Cenoura G,,variacao_pct,0.0,"0,00",%,change_pct,,pct,spot,,,physical
2026-03-18,legumes,cenoura-ceasas,Cenoura - Ceasas,Especial,,preco,2.5,"2,50",R$/Kg,price,BRL,kg,spot,,,physical
2026-03-18,legumes,cenoura-ceasas,Cenoura - Ceasas,Especial,,variacao_pct,0.0,"0,00",%,change_pct,,pct,spot,,,physical
2026-03-18,legumes,cenoura-ceasas,Cenoura - Ceasas,Extra,,preco,2.25,"2,25",R$/Kg,price,BRL,kg,spot,,,physical
2026-03-18,legumes,cenoura-ceasas,Cenoura - Ceasas,Extra,,variacao_pct,0.0,"0,00",%,change_pct,,pct,spot,,,physical
2026-03-18,legumes,cenoura-ceasas,Cenoura - Ceasas,Extra A,,preco,3.75,"3,75",R$/Kg,price,BRL,kg,spot,,,physical
2026-03-18,legumes,cenoura-ceasas,Cenoura - Ceasas,Extra A,,variacao_pct,0.0,"0,00",%,change_pct,,pct,spot,,,physical
2026-03-18,legumes,tomate-ceasas,Tomate - Ceasas,Carmem 3A,,preco,5.16,"5,16",R$/Kg,price,BRL,kg,spot,,,physical
2026-03-18,legumes,tomate-ceasas,Tomate - Ceasas,Carmem 3A,,variacao_pct,0.0,"0,00",%,change_pct,,pct,spot,,,physical
2026-03-18,legumes,tomate-ceasas,Tomate - Ceasas,Débora 3A,,preco,3.05,"3,05",R$/Kg,price,BRL,kg,spot,,,physical
2026-03-18,legumes,tomate-ceasas,Tomate - Ceasas,Débora 3A,,variacao_pct,0.0,"0,00",%,change_pct,,pct,spot,,,physical
2026-03-18,legumes,tomate-ceasas,Tomate - Ceasas,Longa Vida/Carmem Extra,,preco,6.0,"6,00",R$/Kg,price,BRL,kg,spot,,,physical
2026-03-18,legumes,tomate-ceasas,Tomate - Ceasas,Longa Vida/Carmem Extra,,variacao_pct,0.0,"0,00",%,change_pct,,pct,spot,,,physical
2026-03-18,legumes,tomate-ceasas,Tomate - Ceasas,Longa Vida/Débora Extra,,preco,5.5,"5,50",R$/Kg,price,BRL,kg,spot,,,physical
2026-03-18,legumes,tomate-ceasas,Tomate - Ceasas,Longa Vida/Débora Extra,,variacao_pct,0.0,"0,00",%,change_pct,,pct,spot,,,physical
2026-03-18,legumes,tomate-ceasas,Tomate - Ceasas,Longa Vida/Extra A,,preco,3.75,"3,75",R$/Kg,price,BRL,kg,spot,,,physical
2026-03-18,legumes,tomate-ceasas,Tomate - Ceasas,Longa Vida/Extra A,,variacao_pct,0.0,"0,00",%,change_pct,,pct,spot,,,physical
2026-03-18,legumes,tomate-ceasas,Tomate - Ceasas,Santa Cruz/Extra A,,preco,,s/ cotação,R$/Kg,price,BRL,kg,spot,,,physical
2026-03-18,legumes,tomate-ceasas,Tomate - Ceasas,Santa Cruz/Extra A,,variacao_pct,,-,%,change_pct,,pct,spot,,,physical
2026-03-19,legumes,batata-ceasas,Batata - Ceasas,Agatha Primeira,,preco,1.6,"1,60",R$/Kg,price,BRL,kg,spot,,,physical
2026-03-19,legumes,batata-ceasas,Batata - Ceasas,Agatha Primeira,,variacao_pct,0.0,"0,00",%,change_pct,,pct,spot,,,physical
2026-03-19,legumes,batata-ceasas,Batata - Ceasas,Aster Primeira,,preco,1.0,"1,00",R$/Kg,price,BRL,kg,spot,,,physical
2026-03-19,legumes,batata-ceasas,Batata - Ceasas,Aster Primeira,,variacao_pct,0.0,"0,00",%,change_pct,,pct,spot,,,physical
2026-03-19,legumes,batata-ceasas,Batata - Ceasas,Asterix,,preco,3.21,"3,21",R$/Kg,price,BRL,kg,spot,,,physical
2026-03-19,legumes,batata-ceasas,Batata - Ceasas,Asterix,,variacao_pct,0.0,"0,00",%,change_pct,,pct,spot,,,physical
2026-03-19,legumes,batata-ceasas,Batata - Ceasas,Escovada Especial,,preco,2.53,"2,53",R$/Kg,price,BRL,kg,spot,,,physical
2026-03-19,legumes,batata-ceasas,Batata - Ceasas,Escovada Especial,,variacao_pct,0.0,"0,00",%,change_pct,,pct,spot,,,physical
2026-03-19,legumes,batata-ceasas,Batata - Ceasas,Lavada Especial,,preco,2.82,"2,82",R$/Kg,price,BRL,kg,spot,,,physical
2026-03-19,legumes,batata-ceasas,Batata - Ceasas,Lavada Especial,,variacao_pct,0.0,"0,00",%,change_pct,,pct,spot,,,physical
2026-03-19,legumes,batata-ceasas,Batata - Ceasas,Yacon,,preco,7.0,"7,00",R$/Kg,price,BRL,kg,spot,,,physical
2026-03-19,legumes,batata-ceasas,Batata - Ceasas,Yacon,,variacao_pct,0.0,"0,00",%,change_pct,,pct,spot,,,physical
2026-03-19,legumes,cebola-no-atacado,Cebola - Ceasas,Amarela Mineira,,preco,3.0,"3,00",R$/Kg,price,BRL,kg,spot,,,physical
2026-03-19,legumes,cebola-no-atacado,Cebola - Ceasas,Amarela Mineira,,variacao_pct,0.0,"0,00",%,change_pct,,pct,spot,,,physical
2026-03-19,legumes,cebola-no-atacado,Cebola - Ceasas,Amarela Paulista,,preco,,s/ cotação,R$/Kg,price,BRL,kg,spot,,,physical
2026-03-19,legumes,cebola-no-atacado,Cebola - Ceasas,Amarela Paulista,,variacao_pct,,-,%,change_pct,,pct,spot,,,physical
2026-03-19,legumes,cebola-no-atacado,Cebola - Ceasas,Amarela Pernambucana,,preco,,s/ cotação,R$/Kg,price,BRL,kg,spot,,,physical
2026-03-19,legumes,cebola-no-atacado,Cebola - Ceasas,Amarela Pernambucana,,variacao_pct,,-,%,change_pct,,pct,spot,,,physical
2026-03-19,legumes,cebola-no-atacado,Cebola - Ceasas,Amarela Santa Catarina,,preco,3.0,"3,00",R$/Kg,price,BRL,kg,spot,,,physical
2026-03-19,legumes,cebola-no-atacado,Cebola - Ceasas,Amarela Santa Catarina,,variacao_pct,0.0,"0,00",%,change_pct,,pct,spot,,,physical
2026-03-19,legumes,cebola-no-atacado,Cebola - Ceasas,Importada Argentina,,preco,,s/ cotação,R$/Kg,price,BRL,kg,spot,,,physical
2026-03-19,legumes,cebola-no-atacado,Cebola - Ceasas,Importada Argentina,,variacao_pct,,-,%,change_pct,,pct,spot,,,physical
2026-03-19,legumes,cebola-no-atacado,Cebola - Ceasas,Nacional (Caixa 4),,preco,2.76,"2,76",R$/Kg,price,BRL,kg,spot,,,physical
2026-03-19,legumes,cebola-no-atacado,Cebola - Ceasas,Nacional (Caixa 4),,variacao_pct,0.0,"0,00",%,change_pct,,pct,spot,,,physical
2026-03-19,legumes,cebola-no-atacado,Cebola - Ceasas,Roxa (Caixa 4),,preco,3.46,"3,46",R$/Kg,price,BRL,kg,spot,,,physical
2026-03-19,legumes,cebola-no-atacado,Cebola - Ceasas,Roxa (Caixa 4),,variacao_pct,0.0,"0,00",%,change_pct,,pct,spot,,,physical
2026-03-19,legumes,cenoura-ceasas,Cenoura - Ceasas,Cenoura 2A,,preco,4.28,"4,28",R$/Kg,price,BRL,kg,spot,,,physical
2026-03-19,legumes,cenoura-ceasas,Cenoura - Ceasas,Cenoura 2A,,variacao_pct,0.0,"0,00",%,change_pct,,pct,spot,,,physical
2026-03-19,legumes,cenoura-ceasas,Cenoura - Ceasas,Cenoura G,,preco,3.74,"3,74",R$/Kg,price,BRL,kg,spot,,,physical
2026-03-19,legumes,cenoura-ceasas,Cenoura - Ceasas,Cenoura G,,variacao_pct,0.0,"0,00",%,change_pct,,pct,spot,,,physical
2026-03-19,legumes,cenoura-ceasas,Cenoura - Ceasas,Especial,,preco,2.5,"2,50",R$/Kg,price,BRL,kg,spot,,,physical
2026-03-19,legumes,cenoura-ceasas,Cenoura - Ceasas,Especial,,variacao_pct,0.0,"0,00",%,change_pct,,pct,spot,,,physical
2026-03-19,legumes,cenoura-ceasas,Cenoura - Ceasas,Extra,,preco,2.25,"2,25",R$/Kg,price,BRL,kg,spot,,,physical
2026-03-19,legumes,cenoura-ceasas,Cenoura - Ceasas,Extra,,variacao_pct,0.0,"0,00",%,change_pct,,pct,spot,,,physical
2026-03-19,legumes,cenoura-ceasas,Cenoura - Ceasas,Extra A,,preco,3.75,"3,75",R$/Kg,price,BRL,kg,spot,,,physical
2026-03-19,legumes,cenoura-ceasas,Cenoura - Ceasas,Extra A,,variacao_pct,0.0,"0,00",%,change_pct,,pct,spot,,,physical
2026-03-19,legumes,tomate-ceasas,Tomate - Ceasas,Carmem 3A,,preco,5.16,"5,16",R$/Kg,price,BRL,kg,spot,,,physical
2026-03-19,legumes,tomate-ceasas,Tomate - Ceasas,Carmem 3A,,variacao_pct,0.0,"0,00",%,change_pct,,pct,spot,,,physical
2026-03-19,legumes,tomate-ceasas,Tomate - Ceasas,Débora 3A,,preco,3.05,"3,05",R$/Kg,price,BRL,kg,spot,,,physical
2026-03-19,legumes,tomate-ceasas,Tomate - Ceasas,Débora 3A,,variacao_pct,0.0,"0,00",%,change_pct,,pct,spot,,,physical
2026-03-19,legumes,tomate-ceasas,Tomate - Ceasas,Longa Vida/Carmem Extra,,preco,6.0,"6,00",R$/Kg,price,BRL,kg,spot,,,physical
2026-03-19,legumes,tomate-ceasas,Tomate - Ceasas,Longa Vida/Carmem Extra,,variacao_pct,0.0,"0,00",%,change_pct,,pct,spot,,,physical
2026-03-19,legumes,tomate-ceasas,Tomate - Ceasas,Longa Vida/Débora Extra,,preco,5.5,"5,50",R$/Kg,price,BRL,kg,spot,,,physical
2026-03-19,legumes,tomate-ceasas,Tomate - Ceasas,Longa Vida/Débora Extra,,variacao_pct,0.0,"0,00",%,change_pct,,pct,spot,,,physical
2026-03-19,legumes,tomate-ceasas,Tomate - Ceasas,Longa Vida/Extra A,,preco,2.0,"2,00",R$/Kg,price,BRL,kg,spot,,,physical
2026-03-19,legumes,tomate-ceasas,Tomate - Ceasas,Longa Vida/Extra A,,variacao_pct,-46.67,"-46,67",%,change_pct,,pct,spot,,,physical
2026-03-19,legumes,tomate-ceasas,Tomate - Ceasas,Santa Cruz/Extra A,,preco,,s/ cotação,R$/Kg,price,BRL,kg,spot,,,physical
2026-03-19,legumes,tomate-ceasas,Tomate - Ceasas,Santa Cruz/Extra A,,variacao_pct,,-,%,change_pct,,pct,spot,,,physical
2026-03-20,legumes,batata-ceasas,Batata - Ceasas,Agatha Primeira,,preco,1.6,"1,60",R$/Kg,price,BRL,kg,spot,,,physical
2026-03-20,legumes,batata-ceasas,Batata - Ceasas,Agatha Primeira,,variacao_pct,0.0,"0,00",%,change_pct,,pct,spot,,,physical
2026-03-20,legumes,batata-ceasas,Batata - Ceasas,Aster Primeira,,preco,1.2,"1,20",R$/Kg,price,BRL,kg,spot,,,physical
2026-03-20,legumes,batata-ceasas,Batata - Ceasas,Aster Primeira,,variacao_pct,20.0,"+20,00",%,change_pct,,pct,spot,,,physical
2026-03-20,legumes,batata-ceasas,Batata - Ceasas,Asterix,,preco,2.91,"2,91",R$/Kg,price,BRL,kg,spot,,,physical
2026-03-20,legumes,batata-ceasas,Batata - Ceasas,Asterix,,variacao_pct,-9.35,"-9,35",%,change_pct,,pct,spot,,,physical
2026-03-20,legumes,batata-ceasas,Batata - Ceasas,Escovada Especial,,preco,2.2,"2,20",R$/Kg,price,BRL,kg,spot,,,physical
2026-03-20,legumes,batata-ceasas,Batata - Ceasas,Escovada Especial,,variacao_pct,-13.04,"-13,04",%,change_pct,,pct,spot,,,physical
2026-03-20,legumes,batata-ceasas,Batata - Ceasas,Lavada Especial,,preco,2.86,"2,86",R$/Kg,price,BRL,kg,spot,,,physical
2026-03-20,legumes,batata-ceasas,Batata - Ceasas,Lavada Especial,,variacao_pct,1.42,"+1,42",%,change_pct,,pct,spot,,,physical
2026-03-20,legumes,batata-ceasas,Batata - Ceasas,Yacon,,preco,7.0,"7,00",R$/Kg,price,BRL,kg,spot,,,physical
2026-03-20,legumes,batata-ceasas,Batata - Ceasas,Yacon,,variacao_pct,0.0,"0,00",%,change_pct,,pct,spot,,,physical
2026-03-20,legumes,cebola-no-atacado,Cebola - Ceasas,Amarela Mineira,,preco,3.0,"3,00",R$/Kg,price,BRL,kg,spot,,,physical
2026-03-20,legumes,cebola-no-atacado,Cebola - Ceasas,Amarela Mineira,,variacao_pct,0.0,"0,00",%,change_pct,,pct,spot,,,physical
2026-03-20,legumes,cebola-no-atacado,Cebola - Ceasas,Amarela Paulista,,preco,,s/ cotação,R$/Kg,price,BRL,kg,spot,,,physical
2026-03-20,legumes,cebola-no-atacado,Cebola - Ceasas,Amarela Paulista,,variacao_pct,,-,%,change_pct,,pct,spot,,,physical
2026-03-20,legumes,cebola-no-atacado,Cebola - Ceasas,Amarela Pernambucana,,preco,,s/ cotação,R$/Kg,price,BRL,kg,spot,,,physical
2026-03-20,legumes,cebola-no-atacado,Cebola - Ceasas,Amarela Pernambucana,,variacao_pct,,-,%,change_pct,,pct,spot,,,physical
2026-03-20,legumes,cebola-no-atacado,Cebola - Ceasas,Amarela Santa Catarina,,preco,3.0,"3,00",R$/Kg,price,BRL,kg,spot,,,physical
2026-03-20,legumes,cebola-no-atacado,Cebola - Ceasas,Amarela Santa Catarina,,variacao_pct,0.0,"0,00",%,change_pct,,pct,spot,,,physical
2026-03-20,legumes,cebola-no-atacado,Cebola - Ceasas,Importada Argentina,,preco,,s/ cotação,R$/Kg,price,BRL,kg,spot,,,physical
2026-03-20,legumes,cebola-no-atacado,Cebola - Ceasas,Importada Argentina,,variacao_pct,,-,%,change_pct,,pct,spot,,,physical
2026-03-20,legumes,cebola-no-atacado,Cebola - Ceasas,Nacional (Caixa 4),,preco,2.75,"2,75",R$/Kg,price,BRL,kg,spot,,,physical
2026-03-20,legumes,cebola-no-atacado,Cebola - Ceasas,Nacional (Caixa 4),,variacao_pct,-0.36,"-0,36",%,change_pct,,pct,spot,,,physical
2026-03-20,legumes,cebola-no-atacado,Cebola - Ceasas,Roxa (Caixa 4),,preco,3.29,"3,29",R$/Kg,price,BRL,kg,spot,,,physical
2026-03-20,legumes,cebola-no-atacado,Cebola - Ceasas,Roxa (Caixa 4),,variacao_pct,-4.91,"-4,91",%,change_pct,,pct,spot,,,physical
2026-03-20,legumes,cenoura-ceasas,Cenoura - Ceasas,Cenoura 2A,,preco,4.17,"4,17",R$/Kg,price,BRL,kg,spot,,,physical
2026-03-20,legumes,cenoura-ceasas,Cenoura - Ceasas,Cenoura 2A,,variacao_pct,-2.57,"-2,57",%,change_pct,,pct,spot,,,physical
2026-03-20,legumes,cenoura-ceasas,Cenoura - Ceasas,Cenoura G,,preco,3.63,"3,63",R$/Kg,price,BRL,kg,spot,,,physical
2026-03-20,legumes,cenoura-ceasas,Cenoura - Ceasas,Cenoura G,,variacao_pct,-2.94,"-2,94",%,change_pct,,pct,spot,,,physical
2026-03-20,legumes,cenoura-ceasas,Cenoura - Ceasas,Especial,,preco,2.5,"2,50",R$/Kg,price,BRL,kg,spot,,,physical
2026-03-20,legumes,cenoura-ceasas,Cenoura - Ceasas,Especial,,variacao_pct,0.0,"0,00",%,change_pct,,pct,spot,,,physical
2026-03-20,legumes,cenoura-ceasas,Cenoura - Ceasas,Extra,,preco,2.25,"2,25",R$/Kg,price,BRL,kg,spot,,,physical
2026-03-20,legumes,cenoura-ceasas,Cenoura - Ceasas,Extra,,variacao_pct,0.0,"0,00",%,change_pct,,pct,spot,,,physical
2026-03-20,legumes,cenoura-ceasas,Cenoura - Ceasas,Extra A,,preco,4.0,"4,00",R$/Kg,price,BRL,kg,spot,,,physical
2026-03-20,legumes,cenoura-ceasas,Cenoura - Ceasas,Extra A,,variacao_pct,6.67,"+6,67",%,change_pct,,pct,spot,,,physical
2026-03-20,legumes,tomate-ceasas,Tomate - Ceasas,Carmem 3A,,preco,5.34,"5,34",R$/Kg,price,BRL,kg,spot,,,physical
2026-03-20,legumes,tomate-ceasas,Tomate - Ceasas,Carmem 3A,,variacao_pct,3.49,"+3,49",%,change_pct,,pct,spot,,,physical
2026-03-20,legumes,tomate-ceasas,Tomate - Ceasas,Débora 3A,,preco,4.3,"4,30",R$/Kg,price,BRL,kg,spot,,,physical
2026-03-20,legumes,tomate-ceasas,Tomate - Ceasas,Débora 3A,,variacao_pct,40.98,"+40,98",%,change_pct,,pct,spot,,,physical
2026-03-20,legumes,tomate-ceasas,Tomate - Ceasas,Longa Vida/Carmem Extra,,preco,6.0,"6,00",R$/Kg,price,BRL,kg,spot,,,physical
2026-03-20,legumes,tomate-ceasas,Tomate - Ceasas,Longa Vida/Carmem Extra,,variacao_pct,0.0,"0,00",%,change_pct,,pct,spot,,,physical
2026-03-20,legumes,tomate-ceasas,Tomate - Ceasas,Longa Vida/Débora Extra,,preco,5.5,"5,50",R$/Kg,price,BRL,kg,spot,,,physical
2026-03-20,legumes,tomate-ceasas,Tomate - Ceasas,Longa Vida/Débora Extra,,variacao_pct,0.0,"0,00",%,change_pct,,pct,spot,,,physical
2026-03-20,legumes,tomate-ceasas,Tomate - Ceasas,Longa Vida/Extra A,,preco,2.5,"2,50",R$/Kg,price,BRL,kg,spot,,,physical
2026-03-20,legumes,tomate-ceasas,Tomate - Ceasas,Longa Vida/Extra A,,variacao_pct,25.0,"+25,00",%,change_pct,,pct,spot,,,physical
2026-03-20,legumes,tomate-ceasas,Tomate - Ceasas,Santa Cruz/Extra A,,preco,,s/ cotação,R$/Kg,price,BRL,kg,spot,,,physical
2026-03-20,legumes,tomate-ceasas,Tomate - Ceasas,Santa Cruz/Extra A,,variacao_pct,,-,%,change_pct,,pct,spot,,,physical
2026-03-23,legumes,batata-ceasas,Batata - Ceasas,Agatha Primeira,,preco,1.4,"1,40",R$/Kg,price,BRL,kg,spot,,,physical
2026-03-23,legumes,batata-ceasas,Batata - Ceasas,Agatha Primeira,,variacao_pct,-12.5,"-12,50",%,change_pct,,pct,spot,,,physical
2026-03-23,legumes,batata-ceasas,Batata - Ceasas,Aster Primeira,,preco,1.0,"1,00",R$/Kg,price,BRL,kg,spot,,,physical
2026-03-23,legumes,batata-ceasas,Batata - Ceasas,Aster Primeira,,variacao_pct,-16.67,"-16,67",%,change_pct,,pct,spot,,,physical
2026-03-23,legumes,batata-ceasas,Batata - Ceasas,Asterix,,preco,2.78,"2,78",R$/Kg,price,BRL,kg,spot,,,physical
2026-03-23,legumes,batata-ceasas,Batata - Ceasas,Asterix,,variacao_pct,-4.47,"-4,47",%,change_pct,,pct,spot,,,physical
2026-03-23,legumes,batata-ceasas,Batata - Ceasas,Escovada Especial,,preco,2.21,"2,21",R$/Kg,price,BRL,kg,spot,,,physical
2026-03-23,legumes,batata-ceasas,Batata - Ceasas,Escovada Especial,,variacao_pct,0.45,"+0,45",%,change_pct,,pct,spot,,,physical
2026-03-23,legumes,batata-ceasas,Batata - Ceasas,Lavada Especial,,preco,2.93,"2,93",R$/Kg,price,BRL,kg,spot,,,physical
2026-03-23,legumes,batata-ceasas,Batata - Ceasas,Lavada Especial,,variacao_pct,2.45,"+2,45",%,change_pct,,pct,spot,,,physical
2026-03-23,legumes,batata-ceasas,Batata - Ceasas,Yacon,,preco,7.0,"7,00",R$/Kg,price,BRL,kg,spot,,,physical
2026-03-23,legumes,batata-ceasas,Batata - Ceasas,Yacon,,variacao_pct,0.0,"0,00",%,change_pct,,pct,spot,,,physical
2026-03-23,legumes,cebola-no-atacado,Cebola - Ceasas,Amarela Mineira,,preco,3.0,"3,00",R$/Kg,price,BRL,kg,spot,,,physical
2026-03-23,legumes,cebola-no-atacado,Cebola - Ceasas,Amarela Mineira,,variacao_pct,0.0,"0,00",%,change_pct,,pct,spot,,,physical
2026-03-23,legumes,cebola-no-atacado,Cebola - Ceasas,Amarela Paulista,,preco,,s/ cotação,R$/Kg,price,BRL,kg,spot,,,physical
2026-03-23,legumes,cebola-no-atacado,Cebola - Ceasas,Amarela Paulista,,variacao_pct,,-,%,change_pct,,pct,spot,,,physical
2026-03-23,legumes,cebola-no-atacado,Cebola - Ceasas,Amarela Pernambucana,,preco,,s/ cotação,R$/Kg,price,BRL,kg,spot,,,physical
2026-03-23,legumes,cebola-no-atacado,Cebola - Ceasas,Amarela Pernambucana,,variacao_pct,,-,%,change_pct,,pct,spot,,,physical
2026-03-23,legumes,cebola-no-atacado,Cebola - Ceasas,Amarela Santa Catarina,,preco,3.0,"3,00",R$/Kg,price,BRL,kg,spot,,,physical
2026-03-23,legumes,cebola-no-atacado,Cebola - Ceasas,Amarela Santa Catarina,,variacao_pct,0.0,"0,00",%,change_pct,,pct,spot,,,physical
2026-03-23,legumes,cebola-no-atacado,Cebola - Ceasas,Importada Argentina,,preco,,s/ cotação,R$/Kg,price,BRL,kg,spot,,,physical
2026-03-23,legumes,cebola-no-atacado,Cebola - Ceasas,Importada Argentina,,variacao_pct,,-,%,change_pct,,pct,spot,,,physical
2026-03-23,legumes,cebola-no-atacado,Cebola - Ceasas,Nacional (Caixa 4),,preco,2.72,"2,72",R$/Kg,price,BRL,kg,spot,,,physical
2026-03-23,legumes,cebola-no-atacado,Cebola - Ceasas,Nacional (Caixa 4),,variacao_pct,-1.09,"-1,09",%,change_pct,,pct,spot,,,physical
2026-03-23,legumes,cebola-no-atacado,Cebola - Ceasas,Roxa (Caixa 4),,preco,2.98,"2,98",R$/Kg,price,BRL,kg,spot,,,physical
2026-03-23,legumes,cebola-no-atacado,Cebola - Ceasas,Roxa (Caixa 4),,variacao_pct,-9.42,"-9,42",%,change_pct,,pct,spot,,,physical
2026-03-23,legumes,cenoura-ceasas,Cenoura - Ceasas,Cenoura 2A,,preco,4.15,"4,15",R$/Kg,price,BRL,kg,spot,,,physical
2026-03-23,legumes,cenoura-ceasas,Cenoura - Ceasas,Cenoura 2A,,variacao_pct,-0.48,"-0,48",%,change_pct,,pct,spot,,,physical
2026-03-23,legumes,cenoura-ceasas,Cenoura - Ceasas,Cenoura G,,preco,3.63,"3,63",R$/Kg,price,BRL,kg,spot,,,physical
2026-03-23,legumes,cenoura-ceasas,Cenoura - Ceasas,Cenoura G,,variacao_pct,-0.48,"-0,48",%,change_pct,,pct,spot,,,physical
2026-03-23,legumes,cenoura-ceasas,Cenoura - Ceasas,Especial,,preco,2.5,"2,50",R$/Kg,price,BRL,kg,spot,,,physical
2026-03-23,legumes,cenoura-ceasas,Cenoura - Ceasas,Especial,,variacao_pct,0.0,"0,00",%,change_pct,,pct,spot,,,physical
2026-03-23,legumes,cenoura-ceasas,Cenoura - Ceasas,Extra,,preco,1.5,"1,50",R$/Kg,price,BRL,kg,spot,,,physical
2026-03-23,legumes,cenoura-ceasas,Cenoura - Ceasas,Extra,,variacao_pct,-33.33,"-33,33",%,change_pct,,pct,spot,,,physical
2026-03-23,legumes,cenoura-ceasas,Cenoura - Ceasas,Extra A,,preco,3.5,"3,50",R$/Kg,price,BRL,kg,spot,,,physical
2026-03-23,legumes,cenoura-ceasas,Cenoura - Ceasas,Extra A,,variacao_pct,-12.5,"-12,50",%,change_pct,,pct,spot,,,physical
2026-03-23,legumes,tomate-ceasas,Tomate - Ceasas,Carmem 3A,,preco,5.48,"5,48",R$/Kg,price,BRL,kg,spot,,,physical
2026-03-23,legumes,tomate-ceasas,Tomate - Ceasas,Carmem 3A,,variacao_pct,2.62,"+2,62",%,change_pct,,pct,spot,,,physical
2026-03-23,legumes,tomate-ceasas,Tomate - Ceasas,Débora 3A,,preco,4.6,"4,60",R$/Kg,price,BRL,kg,spot,,,physical
2026-03-23,legumes,tomate-ceasas,Tomate - Ceasas,Débora 3A,,variacao_pct,6.98,"+6,98",%,change_pct,,pct,spot,,,physical
2026-03-23,legumes,tomate-ceasas,Tomate - Ceasas,Longa Vida/Carmem Extra,,preco,6.0,"6,00",R$/Kg,price,BRL,kg,spot,,,physical
2026-03-23,legumes,tomate-ceasas,Tomate - Ceasas,Longa Vida/Carmem Extra,,variacao_pct,0.0,"0,00",%,change_pct,,pct,spot,,,physical
2026-03-23,legumes,tomate-ceasas,Tomate - Ceasas,Longa Vida/Débora Extra,,preco,5.5,"5,50",R$/Kg,price,BRL,kg,spot,,,physical
2026-03-23,legumes,tomate-ceasas,Tomate - Ceasas,Longa Vida/Débora Extra,,variacao_pct,0.0,"0,00",%,change_pct,,pct,spot,,,physical
2026-03-23,legumes,tomate-ceasas,Tomate - Ceasas,Longa Vida/Extra A,,preco,3.0,"3,00",R$/Kg,price,BRL,kg,spot,,,physical
2026-03-23,legumes,tomate-ceasas,Tomate - Ceasas,Longa Vida/Extra A,,variacao_pct,20.0,"+20,00",%,change_pct,,pct,spot,,,physical
2026-03-23,legumes,tomate-ceasas,Tomate - Ceasas,Santa Cruz/Extra A,,preco,,s/ cotação,R$/Kg,price,BRL,kg,spot,,,physical
2026-03-23,legumes,tomate-ceasas,Tomate - Ceasas,Santa Cruz/Extra A,,variacao_pct,,-,%,change_pct,,pct,spot,,,physical
2026-03-24,legumes,batata-ceasas,Batata - Ceasas,Agatha Primeira,,preco,1.4,"1,40",R$/Kg,price,BRL,kg,spot,,,physical
2026-03-24,legumes,batata-ceasas,Batata - Ceasas,Agatha Primeira,,variacao_pct,0.0,"0,00",%,change_pct,,pct,spot,,,physical
2026-03-24,legumes,batata-ceasas,Batata - Ceasas,Aster Primeira,,preco,1.0,"1,00",R$/Kg,price,BRL,kg,spot,,,physical
2026-03-24,legumes,batata-ceasas,Batata - Ceasas,Aster Primeira,,variacao_pct,0.0,"0,00",%,change_pct,,pct,spot,,,physical
2026-03-24,legumes,batata-ceasas,Batata - Ceasas,Asterix,,preco,3.17,"3,17",R$/Kg,price,BRL,kg,spot,,,physical
2026-03-24,legumes,batata-ceasas,Batata - Ceasas,Asterix,,variacao_pct,14.03,"+14,03",%,change_pct,,pct,spot,,,physical
2026-03-24,legumes,batata-ceasas,Batata - Ceasas,Escovada Especial,,preco,2.18,"2,18",R$/Kg,price,BRL,kg,spot,,,physical
2026-03-24,legumes,batata-ceasas,Batata - Ceasas,Escovada Especial,,variacao_pct,-1.36,"-1,36",%,change_pct,,pct,spot,,,physical
2026-03-24,legumes,batata-ceasas,Batata - Ceasas,Lavada Especial,,preco,3.01,"3,01",R$/Kg,price,BRL,kg,spot,,,physical
2026-03-24,legumes,batata-ceasas,Batata - Ceasas,Lavada Especial,,variacao_pct,2.73,"+2,73",%,change_pct,,pct,spot,,,physical
2026-03-24,legumes,batata-ceasas,Batata - Ceasas,Yacon,,preco,7.0,"7,00",R$/Kg,price,BRL,kg,spot,,,physical
2026-03-24,legumes,batata-ceasas,Batata - Ceasas,Yacon,,variacao_pct,0.0,"0,00",%,change_pct,,pct,spot,,,physical
2026-03-24,legumes,cebola-no-atacado,Cebola - Ceasas,Amarela Mineira,,preco,3.0,"3,00",R$/Kg,price,BRL,kg,spot,,,physical
2026-03-24,legumes,cebola-no-atacado,Cebola - Ceasas,Amarela Mineira,,variacao_pct,0.0,"0,00",%,change_pct,,pct,spot,,,physical
2026-03-24,legumes,cebola-no-atacado,Cebola - Ceasas,Amarela Paulista,,preco,,s/ cotação,R$/Kg,price,BRL,kg,spot,,,physical
2026-03-24,legumes,cebola-no-atacado,Cebola - Ceasas,Amarela Paulista,,variacao_pct,,-,%,change_pct,,pct,spot,,,physical
2026-03-24,legumes,cebola-no-atacado,Cebola - Ceasas,Amarela Pernambucana,,preco,,s/ cotação,R$/Kg,price,BRL,kg,spot,,,physical
2026-03-24,legumes,cebola-no-atacado,Cebola - Ceasas,Amarela Pernambucana,,variacao_pct,,-,%,change_pct,,pct,spot,,,physical
2026-03-24,legumes,cebola-no-atacado,Cebola - Ceasas,Amarela Santa Catarina,,preco,3.0,"3,00",R$/Kg,price,BRL,kg,spot,,,physical
2026-03-24,legumes,cebola-no-atacado,Cebola - Ceasas,Amarela Santa Catarina,,variacao_pct,0.0,"0,00",%,change_pct,,pct,spot,,,physical
2026-03-24,legumes,cebola-no-atacado,Cebola - Ceasas,Importada Argentina,,preco,,s/ cotação,R$/Kg,price,BRL,kg,spot,,,physical
2026-03-24,legumes,cebola-no-atacado,Cebola - Ceasas,Importada Argentina,,variacao_pct,,-,%,change_pct,,pct,spot,,,physical
2026-03-24,legumes,cebola-no-atacado,Cebola - Ceasas,Nacional (Caixa 4),,preco,2.47,"2,47",R$/Kg,price,BRL,kg,spot,,,physical
2026-03-24,legumes,cebola-no-atacado,Cebola - Ceasas,Nacional (Caixa 4),,variacao_pct,-9.19,"-9,19",%,change_pct,,pct,spot,,,physical
2026-03-24,legumes,cebola-no-atacado,Cebola - Ceasas,Roxa (Caixa 4),,preco,2.76,"2,76",R$/Kg,price,BRL,kg,spot,,,physical
2026-03-24,legumes,cebola-no-atacado,Cebola - Ceasas,Roxa (Caixa 4),,variacao_pct,-7.38,"-7,38",%,change_pct,,pct,spot,,,physical
2026-03-24,legumes,cenoura-ceasas,Cenoura - Ceasas,Cenoura 2A,,preco,3.63,"3,63",R$/Kg,price,BRL,kg,spot,,,physical
2026-03-24,legumes,cenoura-ceasas,Cenoura - Ceasas,Cenoura 2A,,variacao_pct,-12.53,"-12,53",%,change_pct,,pct,spot,,,physical
2026-03-24,legumes,cenoura-ceasas,Cenoura - Ceasas,Cenoura G,,preco,3.23,"3,23",R$/Kg,price,BRL,kg,spot,,,physical
2026-03-24,legumes,cenoura-ceasas,Cenoura - Ceasas,Cenoura G,,variacao_pct,-11.02,"-11,02",%,change_pct,,pct,spot,,,physical
2026-03-24,legumes,cenoura-ceasas,Cenoura - Ceasas,Especial,,preco,2.5,"2,50",R$/Kg,price,BRL,kg,spot,,,physical
2026-03-24,legumes,cenoura-ceasas,Cenoura - Ceasas,Especial,,variacao_pct,0.0,"0,00",%,change_pct,,pct,spot,,,physical
2026-03-24,legumes,cenoura-ceasas,Cenoura - Ceasas,Extra,,preco,1.5,"1,50",R$/Kg,price,BRL,kg,spot,,,physical
2026-03-24,legumes,cenoura-ceasas,Cenoura - Ceasas,Extra,,variacao_pct,0.0,"0,00",%,change_pct,,pct,spot,,,physical
2026-03-24,legumes,cenoura-ceasas,Cenoura - Ceasas,Extra A,,preco,3.5,"3,50",R$/Kg,price,BRL,kg,spot,,,physical
2026-03-24,legumes,cenoura-ceasas,Cenoura - Ceasas,Extra A,,variacao_pct,0.0,"0,00",%,change_pct,,pct,spot,,,physical
2026-03-24,legumes,tomate-ceasas,Tomate - Ceasas,Carmem 3A,,preco,6.15,"6,15",R$/Kg,price,BRL,kg,spot,,,physical
2026-03-24,legumes,tomate-ceasas,Tomate - Ceasas,Carmem 3A,,variacao_pct,12.23,"+12,23",%,change_pct,,pct,spot,,,physical
2026-03-24,legumes,tomate-ceasas,Tomate - Ceasas,Débora 3A,,preco,4.05,"4,05",R$/Kg,price,BRL,kg,spot,,,physical
2026-03-24,legumes,tomate-ceasas,Tomate - Ceasas,Débora 3A,,variacao_pct,-11.96,"-11,96",%,change_pct,,pct,spot,,,physical
2026-03-24,legumes,tomate-ceasas,Tomate - Ceasas,Longa Vida/Carmem Extra,,preco,6.0,"6,00",R$/Kg,price,BRL,kg,spot,,,physical
2026-03-24,legumes,tomate-ceasas,Tomate - Ceasas,Longa Vida/Carmem Extra,,variacao_pct,0.0,"0,00",%,change_pct,,pct,spot,,,physical
2026-03-24,legumes,tomate-ceasas,Tomate - Ceasas,Longa Vida/Débora Extra,,preco,5.5,"5,50",R$/Kg,price,BRL,kg,spot,,,physical
2026-03-24,legumes,tomate-ceasas,Tomate - Ceasas,Longa Vida/Débora Extra,,variacao_pct,0.0,"0,00",%,change_pct,,pct,spot,,,physical
2026-03-24,legumes,tomate-ceasas,Tomate - Ceasas,Longa Vida/Extra A,,preco,3.0,"3,00",R$/Kg,price,BRL,kg,spot,,,physical
2026-03-24,legumes,tomate-ceasas,Tomate - Ceasas,Longa Vida/Extra A,,variacao_pct,0.0,"0,00",%,change_pct,,pct,spot,,,physical
2026-03-24,legumes,tomate-ceasas,Tomate - Ceasas,Santa Cruz/Extra A,,preco,,s/ cotação,R$/Kg,price,BRL,kg,spot,,,physical
2026-03-24,legumes,tomate-ceasas,Tomate - Ceasas,Santa Cruz/Extra A,,variacao_pct,,-,%,change_pct,,pct,spot,,,physical
2026-03-25,legumes,batata-ceasas,Batata - Ceasas,Agatha Primeira,,preco,1.4,"1,40",R$/Kg,price,BRL,kg,spot,,,physical
2026-03-25,legumes,batata-ceasas,Batata - Ceasas,Agatha Primeira,,variacao_pct,0.0,"0,00",%,change_pct,,pct,spot,,,physical
2026-03-25,legumes,batata-ceasas,Batata - Ceasas,Aster Primeira,,preco,1.0,"1,00",R$/Kg,price,BRL,kg,spot,,,physical
2026-03-25,legumes,batata-ceasas,Batata - Ceasas,Aster Primeira,,variacao_pct,0.0,"0,00",%,change_pct,,pct,spot,,,physical
2026-03-25,legumes,batata-ceasas,Batata - Ceasas,Asterix,,preco,3.17,"3,17",R$/Kg,price,BRL,kg,spot,,,physical
2026-03-25,legumes,batata-ceasas,Batata - Ceasas,Asterix,,variacao_pct,0.0,"0,00",%,change_pct,,pct,spot,,,physical
2026-03-25,legumes,batata-ceasas,Batata - Ceasas,Escovada Especial,,preco,2.18,"2,18",R$/Kg,price,BRL,kg,spot,,,physical
2026-03-25,legumes,batata-ceasas,Batata - Ceasas,Escovada Especial,,variacao_pct,0.0,"0,00",%,change_pct,,pct,spot,,,physical
2026-03-25,legumes,batata-ceasas,Batata - Ceasas,Lavada Especial,,preco,3.01,"3,01",R$/Kg,price,BRL,kg,spot,,,physical
2026-03-25,legumes,batata-ceasas,Batata - Ceasas,Lavada Especial,,variacao_pct,0.0,"0,00",%,change_pct,,pct,spot,,,physical
2026-03-25,legumes,batata-ceasas,Batata - Ceasas,Yacon,,preco,7.0,"7,00",R$/Kg,price,BRL,kg,spot,,,physical
2026-03-25,legumes,batata-ceasas,Batata - Ceasas,Yacon,,variacao_pct,0.0,"0,00",%,change_pct,,pct,spot,,,physical
2026-03-25,legumes,cebola-no-atacado,Cebola - Ceasas,Amarela Mineira,,preco,3.0,"3,00",R$/Kg,price,BRL,kg,spot,,,physical
2026-03-25,legumes,cebola-no-atacado,Cebola - Ceasas,Amarela Mineira,,variacao_pct,0.0,"0,00",%,change_pct,,pct,spot,,,physical
2026-03-25,legumes,cebola-no-atacado,Cebola - Ceasas,Amarela Paulista,,preco,,s/ cotação,R$/Kg,price,BRL,kg,spot,,,physical
2026-03-25,legumes,cebola-no-atacado,Cebola - Ceasas,Amarela Paulista,,variacao_pct,,-,%,change_pct,,pct,spot,,,physical
2026-03-25,legumes,cebola-no-atacado,Cebola - Ceasas,Amarela Pernambucana,,preco,,s/ cotação,R$/Kg,price,BRL,kg,spot,,,physical
2026-03-25,legumes,cebola-no-atacado,Cebola - Ceasas,Amarela Pernambucana,,variacao_pct,,-,%,change_pct,,pct,spot,,,physical
2026-03-25,legumes,cebola-no-atacado,Cebola - Ceasas,Amarela Santa Catarina,,preco,3.0,"3,00",R$/Kg,price,BRL,kg,spot,,,physical
2026-03-25,legumes,cebola-no-atacado,Cebola - Ceasas,Amarela Santa Catarina,,variacao_pct,0.0,"0,00",%,change_pct,,pct,spot,,,physical
2026-03-25,legumes,cebola-no-atacado,Cebola - Ceasas,Importada Argentina,,preco,,s/ cotação,R$/Kg,price,BRL,kg,spot,,,physical
2026-03-25,legumes,cebola-no-atacado,Cebola - Ceasas,Importada Argentina,,variacao_pct,,-,%,change_pct,,pct,spot,,,physical
2026-03-25,legumes,cebola-no-atacado,Cebola - Ceasas,Nacional (Caixa 4),,preco,2.47,"2,47",R$/Kg,price,BRL,kg,spot,,,physical
2026-03-25,legumes,cebola-no-atacado,Cebola - Ceasas,Nacional (Caixa 4),,variacao_pct,0.0,"0,00",%,change_pct,,pct,spot,,,physical
2026-03-25,legumes,cebola-no-atacado,Cebola - Ceasas,Roxa (Caixa 4),,preco,2.76,"2,76",R$/Kg,price,BRL,kg,spot,,,physical
2026-03-25,legumes,cebola-no-atacado,Cebola - Ceasas,Roxa (Caixa 4),,variacao_pct,0.0,"0,00",%,change_pct,,pct,spot,,,physical
2026-03-25,legumes,cenoura-ceasas,Cenoura - Ceasas,Cenoura 2A,,preco,3.63,"3,63",R$/Kg,price,BRL,kg,spot,,,physical
2026-03-25,legumes,cenoura-ceasas,Cenoura - Ceasas,Cenoura 2A,,variacao_pct,0.0,"0,00",%,change_pct,,pct,spot,,,physical
2026-03-25,legumes,cenoura-ceasas,Cenoura - Ceasas,Cenoura G,,preco,3.23,"3,23",R$/Kg,price,BRL,kg,spot,,,physical
2026-03-25,legumes,cenoura-ceasas,Cenoura - Ceasas,Cenoura G,,variacao_pct,0.0,"0,00",%,change_pct,,pct,spot,,,physical
2026-03-25,legumes,cenoura-ceasas,Cenoura - Ceasas,Especial,,preco,2.5,"2,50",R$/Kg,price,BRL,kg,spot,,,physical
2026-03-25,legumes,cenoura-ceasas,Cenoura - Ceasas,Especial,,variacao_pct,0.0,"0,00",%,change_pct,,pct,spot,,,physical
2026-03-25,legumes,cenoura-ceasas,Cenoura - Ceasas,Extra,,preco,1.5,"1,50",R$/Kg,price,BRL,kg,spot,,,physical
2026-03-25,legumes,cenoura-ceasas,Cenoura - Ceasas,Extra,,variacao_pct,0.0,"0,00",%,change_pct,,pct,spot,,,physical
2026-03-25,legumes,cenoura-ceasas,Cenoura - Ceasas,Extra A,,preco,3.5,"3,50",R$/Kg,price,BRL,kg,spot,,,physical
2026-03-25,legumes,cenoura-ceasas,Cenoura - Ceasas,Extra A,,variacao_pct,0.0,"0,00",%,change_pct,,pct,spot,,,physical
2026-03-25,legumes,tomate-ceasas,Tomate - Ceasas,Carmem 3A,,preco,6.15,"6,15",R$/Kg,price,BRL,kg,spot,,,physical
2026-03-25,legumes,tomate-ceasas,Tomate - Ceasas,Carmem 3A,,variacao_pct,0.0,"0,00",%,change_pct,,pct,spot,,,physical
2026-03-25,legumes,tomate-ceasas,Tomate - Ceasas,Débora 3A,,preco,4.05,"4,05",R$/Kg,price,BRL,kg,spot,,,physical
2026-03-25,legumes,tomate-ceasas,Tomate - Ceasas,Débora 3A,,variacao_pct,0.0,"0,00",%,change_pct,,pct,spot,,,physical
2026-03-25,legumes,tomate-ceasas,Tomate - Ceasas,Longa Vida/Carmem Extra,,preco,6.0,"6,00",R$/Kg,price,BRL,kg,spot,,,physical
2026-03-25,legumes,tomate-ceasas,Tomate - Ceasas,Longa Vida/Carmem Extra,,variacao_pct,0.0,"0,00",%,change_pct,,pct,spot,,,physical
2026-03-25,legumes,tomate-ceasas,Tomate - Ceasas,Longa Vida/Débora Extra,,preco,5.5,"5,50",R$/Kg,price,BRL,kg,spot,,,physical
2026-03-25,legumes,tomate-ceasas,Tomate - Ceasas,Longa Vida/Débora Extra,,variacao_pct,0.0,"0,00",%,change_pct,,pct,spot,,,physical
2026-03-25,legumes,tomate-ceasas,Tomate - Ceasas,Longa Vida/Extra A,,preco,3.0,"3,00",R$/Kg,price,BRL,kg,spot,,,physical
2026-03-25,legumes,tomate-ceasas,Tomate - Ceasas,Longa Vida/Extra A,,variacao_pct,0.0,"0,00",%,change_pct,,pct,spot,,,physical
2026-03-25,legumes,tomate-ceasas,Tomate - Ceasas,Santa Cruz/Extra A,,preco,,s/ cotação,R$/Kg,price,BRL,kg,spot,,,physical
2026-03-25,legumes,tomate-ceasas,Tomate - Ceasas,Santa Cruz/Extra A,,variacao_pct,,-,%,change_pct,,pct,spot,,,physical
2026-03-26,legumes,batata-ceasas,Batata - Ceasas,Agatha Primeira,,preco,1.6,"1,60",R$/Kg,price,BRL,kg,spot,,,physical
2026-03-26,legumes,batata-ceasas,Batata - Ceasas,Agatha Primeira,,variacao_pct,14.29,"+14,29",%,change_pct,,pct,spot,,,physical
2026-03-26,legumes,batata-ceasas,Batata - Ceasas,Aster Primeira,,preco,1.0,"1,00",R$/Kg,price,BRL,kg,spot,,,physical
2026-03-26,legumes,batata-ceasas,Batata - Ceasas,Aster Primeira,,variacao_pct,0.0,"0,00",%,change_pct,,pct,spot,,,physical
2026-03-26,legumes,batata-ceasas,Batata - Ceasas,Asterix,,preco,3.17,"3,17",R$/Kg,price,BRL,kg,spot,,,physical
2026-03-26,legumes,batata-ceasas,Batata - Ceasas,Asterix,,variacao_pct,0.0,"0,00",%,change_pct,,pct,spot,,,physical
2026-03-26,legumes,batata-ceasas,Batata - Ceasas,Escovada Especial,,preco,2.18,"2,18",R$/Kg,price,BRL,kg,spot,,,physical
2026-03-26,legumes,batata-ceasas,Batata - Ceasas,Escovada Especial,,variacao_pct,0.0,"0,00",%,change_pct,,pct,spot,,,physical
2026-03-26,legumes,batata-ceasas,Batata - Ceasas,Lavada Especial,,preco,3.01,"3,01",R$/Kg,price,BRL,kg,spot,,,physical
2026-03-26,legumes,batata-ceasas,Batata - Ceasas,Lavada Especial,,variacao_pct,0.0,"0,00",%,change_pct,,pct,spot,,,physical
2026-03-26,legumes,batata-ceasas,Batata - Ceasas,Yacon,,preco,7.0,"7,00",R$/Kg,price,BRL,kg,spot,,,physical
2026-03-26,legumes,batata-ceasas,Batata - Ceasas,Yacon,,variacao_pct,0.0,"0,00",%,change_pct,,pct,spot,,,physical
2026-03-26,legumes,cebola-no-atacado,Cebola - Ceasas,Amarela Mineira,,preco,2.5,"2,50",R$/Kg,price,BRL,kg,spot,,,physical
2026-03-26,legumes,cebola-no-atacado,Cebola - Ceasas,Amarela Mineira,,variacao_pct,-16.67,"-16,67",%,change_pct,,pct,spot,,,physical
2026-03-26,legumes,cebola-no-atacado,Cebola - Ceasas,Amarela Paulista,,preco,,s/ cotação,R$/Kg,price,BRL,kg,spot,,,physical
2026-03-26,legumes,cebola-no-atacado,Cebola - Ceasas,Amarela Paulista,,variacao_pct,,-,%,change_pct,,pct,spot,,,physical
2026-03-26,legumes,cebola-no-atacado,Cebola - Ceasas,Amarela Pernambucana,,preco,,s/ cotação,R$/Kg,price,BRL,kg,spot,,,physical
2026-03-26,legumes,cebola-no-atacado,Cebola - Ceasas,Amarela Pernambucana,,variacao_pct,,-,%,change_pct,,pct,spot,,,physical
2026-03-26,legumes,cebola-no-atacado,Cebola - Ceasas,Amarela Santa Catarina,,preco,2.75,"2,75",R$/Kg,price,BRL,kg,spot,,,physical
2026-03-26,legumes,cebola-no-atacado,Cebola - Ceasas,Amarela Santa Catarina,,variacao_pct,-8.33,"-8,33",%,change_pct,,pct,spot,,,physical
2026-03-26,legumes,cebola-no-atacado,Cebola - Ceasas,Importada Argentina,,preco,,s/ cotação,R$/Kg,price,BRL,kg,spot,,,physical
2026-03-26,legumes,cebola-no-atacado,Cebola - Ceasas,Importada Argentina,,variacao_pct,,-,%,change_pct,,pct,spot,,,physical
2026-03-26,legumes,cebola-no-atacado,Cebola - Ceasas,Nacional (Caixa 4),,preco,2.47,"2,47",R$/Kg,price,BRL,kg,spot,,,physical
2026-03-26,legumes,cebola-no-atacado,Cebola - Ceasas,Nacional (Caixa 4),,variacao_pct,0.0,"0,00",%,change_pct,,pct,spot,,,physical
2026-03-26,legumes,cebola-no-atacado,Cebola - Ceasas,Roxa (Caixa 4),,preco,2.76,"2,76",R$/Kg,price,BRL,kg,spot,,,physical
2026-03-26,legumes,cebola-no-atacado,Cebola - Ceasas,Roxa (Caixa 4),,variacao_pct,0.0,"0,00",%,change_pct,,pct,spot,,,physical
2026-03-26,legumes,cenoura-ceasas,Cenoura - Ceasas,Cenoura 2A,,preco,3.63,"3,63",R$/Kg,price,BRL,kg,spot,,,physical
2026-03-26,legumes,cenoura-ceasas,Cenoura - Ceasas,Cenoura 2A,,variacao_pct,0.0,"0,00",%,change_pct,,pct,spot,,,physical
2026-03-26,legumes,cenoura-ceasas,Cenoura - Ceasas,Cenoura G,,preco,3.23,"3,23",R$/Kg,price,BRL,kg,spot,,,physical
2026-03-26,legumes,cenoura-ceasas,Cenoura - Ceasas,Cenoura G,,variacao_pct,0.0,"0,00",%,change_pct,,pct,spot,,,physical
2026-03-26,legumes,cenoura-ceasas,Cenoura - Ceasas,Especial,,preco,2.5,"2,50",R$/Kg,price,BRL,kg,spot,,,physical
2026-03-26,legumes,cenoura-ceasas,Cenoura - Ceasas,Especial,,variacao_pct,0.0,"0,00",%,change_pct,,pct,spot,,,physical
2026-03-26,legumes,cenoura-ceasas,Cenoura - Ceasas,Extra,,preco,2.0,"2,00",R$/Kg,price,BRL,kg,spot,,,physical
2026-03-26,legumes,cenoura-ceasas,Cenoura - Ceasas,Extra,,variacao_pct,33.33,"+33,33",%,change_pct,,pct,spot,,,physical
2026-03-26,legumes,cenoura-ceasas,Cenoura - Ceasas,Extra A,,preco,3.0,"3,00",R$/Kg,price,BRL,kg,spot,,,physical
2026-03-26,legumes,cenoura-ceasas,Cenoura - Ceasas,Extra A,,variacao_pct,-14.29,"-14,29",%,change_pct,,pct,spot,,,physical
2026-03-26,legumes,tomate-ceasas,Tomate - Ceasas,Carmem 3A,,preco,6.15,"6,15",R$/Kg,price,BRL,kg,spot,,,physical
2026-03-26,legumes,tomate-ceasas,Tomate - Ceasas,Carmem 3A,,variacao_pct,0.0,"0,00",%,change_pct,,pct,spot,,,physical
2026-03-26,legumes,tomate-ceasas,Tomate - Ceasas,Débora 3A,,preco,4.05,"4,05",R$/Kg,price,BRL,kg,spot,,,physical
2026-03-26,legumes,tomate-ceasas,Tomate - Ceasas,Débora 3A,,variacao_pct,0.0,"0,00",%,change_pct,,pct,spot,,,physical
2026-03-26,legumes,tomate-ceasas,Tomate - Ceasas,Longa Vida/Carmem Extra,,preco,6.0,"6,00",R$/Kg,price,BRL,kg,spot,,,physical
2026-03-26,legumes,tomate-ceasas,Tomate - Ceasas,Longa Vida/Carmem Extra,,variacao_pct,0.0,"0,00",%,change_pct,,pct,spot,,,physical
2026-03-26,legumes,tomate-ceasas,Tomate - Ceasas,Longa Vida/Débora Extra,,preco,5.5,"5,50",R$/Kg,price,BRL,kg,spot,,,physical
2026-03-26,legumes,tomate-ceasas,Tomate - Ceasas,Longa Vida/Débora Extra,,variacao_pct,0.0,"0,00",%,change_pct,,pct,spot,,,physical
2026-03-26,legumes,tomate-ceasas,Tomate - Ceasas,Longa Vida/Extra A,,preco,2.75,"2,75",R$/Kg,price,BRL,kg,spot,,,physical
2026-03-26,legumes,tomate-ceasas,Tomate - Ceasas,Longa Vida/Extra A,,variacao_pct,-8.33,"-8,33",%,change_pct,,pct,spot,,,physical
2026-03-26,legumes,tomate-ceasas,Tomate - Ceasas,Santa Cruz/Extra A,,preco,,s/ cotação,R$/Kg,price,BRL,kg,spot,,,physical
2026-03-26,legumes,tomate-ceasas,Tomate - Ceasas,Santa Cruz/Extra A,,variacao_pct,,-,%,change_pct,,pct,spot,,,physical
2026-03-27,legumes,batata-ceasas,Batata - Ceasas,Agatha Primeira,,preco,1.6,"1,60",R$/Kg,price,BRL,kg,spot,,,physical
2026-03-27,legumes,batata-ceasas,Batata - Ceasas,Agatha Primeira,,variacao_pct,0.0,"0,00",%,change_pct,,pct,spot,,,physical
2026-03-27,legumes,batata-ceasas,Batata - Ceasas,Aster Primeira,,preco,1.0,"1,00",R$/Kg,price,BRL,kg,spot,,,physical
2026-03-27,legumes,batata-ceasas,Batata - Ceasas,Aster Primeira,,variacao_pct,0.0,"0,00",%,change_pct,,pct,spot,,,physical
2026-03-27,legumes,batata-ceasas,Batata - Ceasas,Asterix,,preco,3.15,"3,15",R$/Kg,price,BRL,kg,spot,,,physical
2026-03-27,legumes,batata-ceasas,Batata - Ceasas,Asterix,,variacao_pct,-0.63,"-0,63",%,change_pct,,pct,spot,,,physical
2026-03-27,legumes,batata-ceasas,Batata - Ceasas,Escovada Especial,,preco,2.16,"2,16",R$/Kg,price,BRL,kg,spot,,,physical
2026-03-27,legumes,batata-ceasas,Batata - Ceasas,Escovada Especial,,variacao_pct,-0.92,"-0,92",%,change_pct,,pct,spot,,,physical
2026-03-27,legumes,batata-ceasas,Batata - Ceasas,Lavada Especial,,preco,3.04,"3,04",R$/Kg,price,BRL,kg,spot,,,physical
2026-03-27,legumes,batata-ceasas,Batata - Ceasas,Lavada Especial,,variacao_pct,1.0,"+1,00",%,change_pct,,pct,spot,,,physical
2026-03-27,legumes,batata-ceasas,Batata - Ceasas,Yacon,,preco,7.0,"7,00",R$/Kg,price,BRL,kg,spot,,,physical
2026-03-27,legumes,batata-ceasas,Batata - Ceasas,Yacon,,variacao_pct,0.0,"0,00",%,change_pct,,pct,spot,,,physical
2026-03-27,legumes,cebola-no-atacado,Cebola - Ceasas,Amarela Mineira,,preco,2.5,"2,50",R$/Kg,price,BRL,kg,spot,,,physical
2026-03-27,legumes,cebola-no-atacado,Cebola - Ceasas,Amarela Mineira,,variacao_pct,0.0,"0,00",%,change_pct,,pct,spot,,,physical
2026-03-27,legumes,cebola-no-atacado,Cebola - Ceasas,Amarela Paulista,,preco,,s/ cotação,R$/Kg,price,BRL,kg,spot,,,physical
2026-03-27,legumes,cebola-no-atacado,Cebola - Ceasas,Amarela Paulista,,variacao_pct,,-,%,change_pct,,pct,spot,,,physical
2026-03-27,legumes,cebola-no-atacado,Cebola - Ceasas,Amarela Pernambucana,,preco,,s/ cotação,R$/Kg,price,BRL,kg,spot,,,physical
2026-03-27,legumes,cebola-no-atacado,Cebola - Ceasas,Amarela Pernambucana,,variacao_pct,,-,%,change_pct,,pct,spot,,,physical
2026-03-27,legumes,cebola-no-atacado,Cebola - Ceasas,Amarela Santa Catarina,,preco,2.75,"2,75",R$/Kg,price,BRL,kg,spot,,,physical
2026-03-27,legumes,cebola-no-atacado,Cebola - Ceasas,Amarela Santa Catarina,,variacao_pct,0.0,"0,00",%,change_pct,,pct,spot,,,physical
2026-03-27,legumes,cebola-no-atacado,Cebola - Ceasas,Importada Argentina,,preco,,s/ cotação,R$/Kg,price,BRL,kg,spot,,,physical
2026-03-27,legumes,cebola-no-atacado,Cebola - Ceasas,Importada Argentina,,variacao_pct,,-,%,change_pct,,pct,spot,,,physical
2026-03-27,legumes,cebola-no-atacado,Cebola - Ceasas,Nacional (Caixa 4),,preco,2.43,"2,43",R$/Kg,price,BRL,kg,spot,,,physical
2026-03-27,legumes,cebola-no-atacado,Cebola - Ceasas,Nacional (Caixa 4),,variacao_pct,-1.62,"-1,62",%,change_pct,,pct,spot,,,physical
2026-03-27,legumes,cebola-no-atacado,Cebola - Ceasas,Roxa (Caixa 4),,preco,3.29,"3,29",R$/Kg,price,BRL,kg,spot,,,physical
2026-03-27,legumes,cebola-no-atacado,Cebola - Ceasas,Roxa (Caixa 4),,variacao_pct,19.2,"+19,20",%,change_pct,,pct,spot,,,physical
2026-03-27,legumes,cenoura-ceasas,Cenoura - Ceasas,Cenoura 2A,,preco,4.04,"4,04",R$/Kg,price,BRL,kg,spot,,,physical
2026-03-27,legumes,cenoura-ceasas,Cenoura - Ceasas,Cenoura 2A,,variacao_pct,11.29,"+11,29",%,change_pct,,pct,spot,,,physical
2026-03-27,legumes,cenoura-ceasas,Cenoura - Ceasas,Cenoura G,,preco,3.49,"3,49",R$/Kg,price,BRL,kg,spot,,,physical
2026-03-27,legumes,cenoura-ceasas,Cenoura - Ceasas,Cenoura G,,variacao_pct,8.05,"+8,05",%,change_pct,,pct,spot,,,physical
2026-03-27,legumes,cenoura-ceasas,Cenoura - Ceasas,Especial,,preco,2.5,"2,50",R$/Kg,price,BRL,kg,spot,,,physical
2026-03-27,legumes,cenoura-ceasas,Cenoura - Ceasas,Especial,,variacao_pct,0.0,"0,00",%,change_pct,,pct,spot,,,physical
2026-03-27,legumes,cenoura-ceasas,Cenoura - Ceasas,Extra,,preco,2.0,"2,00",R$/Kg,price,BRL,kg,spot,,,physical
2026-03-27,legumes,cenoura-ceasas,Cenoura - Ceasas,Extra,,variacao_pct,0.0,"0,00",%,change_pct,,pct,spot,,,physical
2026-03-27,legumes,cenoura-ceasas,Cenoura - Ceasas,Extra A,,preco,3.0,"3,00",R$/Kg,price,BRL,kg,spot,,,physical
2026-03-27,legumes,cenoura-ceasas,Cenoura - Ceasas,Extra A,,variacao_pct,0.0,"0,00",%,change_pct,,pct,spot,,,physical
2026-03-27,legumes,tomate-ceasas,Tomate - Ceasas,Carmem 3A,,preco,5.62,"5,62",R$/Kg,price,BRL,kg,spot,,,physical
2026-03-27,legumes,tomate-ceasas,Tomate - Ceasas,Carmem 3A,,variacao_pct,-8.62,"-8,62",%,change_pct,,pct,spot,,,physical
2026-03-27,legumes,tomate-ceasas,Tomate - Ceasas,Débora 3A,,preco,4.04,"4,04",R$/Kg,price,BRL,kg,spot,,,physical
2026-03-27,legumes,tomate-ceasas,Tomate - Ceasas,Débora 3A,,variacao_pct,-0.25,"-0,25",%,change_pct,,pct,spot,,,physical
2026-03-27,legumes,tomate-ceasas,Tomate - Ceasas,Longa Vida/Carmem Extra,,preco,6.0,"6,00",R$/Kg,price,BRL,kg,spot,,,physical
2026-03-27,legumes,tomate-ceasas,Tomate - Ceasas,Longa Vida/Carmem Extra,,variacao_pct,0.0,"0,00",%,change_pct,,pct,spot,,,physical
2026-03-27,legumes,tomate-ceasas,Tomate - Ceasas,Longa Vida/Débora Extra,,preco,5.5,"5,50",R$/Kg,price,BRL,kg,spot,,,physical
2026-03-27,legumes,tomate-ceasas,Tomate - Ceasas,Longa Vida/Débora Extra,,variacao_pct,0.0,"0,00",%,change_pct,,pct,spot,,,physical
2026-03-27,legumes,tomate-ceasas,Tomate - Ceasas,Longa Vida/Extra A,,preco,2.75,"2,75",R$/Kg,price,BRL,kg,spot,,,physical
2026-03-27,legumes,tomate-ceasas,Tomate - Ceasas,Longa Vida/Extra A,,variacao_pct,0.0,"0,00",%,change_pct,,pct,spot,,,physical
2026-03-27,legumes,tomate-ceasas,Tomate - Ceasas,Santa Cruz/Extra A,,preco,,s/ cotação,R$/Kg,price,BRL,kg,spot,,,physical
2026-03-27,legumes,tomate-ceasas,Tomate - Ceasas,Santa Cruz/Extra A,,variacao_pct,,-,%,change_pct,,pct,spot,,,physical
2026-03-30,legumes,batata-ceasas,Batata - Ceasas,Agatha Primeira,,preco,1.4,"1,40",R$/Kg,price,BRL,kg,spot,,,physical
2026-03-30,legumes,batata-ceasas,Batata - Ceasas,Agatha Primeira,,variacao_pct,-12.5,"-12,50",%,change_pct,,pct,spot,,,physical
2026-03-30,legumes,batata-ceasas,Batata - Ceasas,Aster Primeira,,preco,1.0,"1,00",R$/Kg,price,BRL,kg,spot,,,physical
2026-03-30,legumes,batata-ceasas,Batata - Ceasas,Aster Primeira,,variacao_pct,0.0,"0,00",%,change_pct,,pct,spot,,,physical
2026-03-30,legumes,batata-ceasas,Batata - Ceasas,Asterix,,preco,2.88,"2,88",R$/Kg,price,BRL,kg,spot,,,physical
2026-03-30,legumes,batata-ceasas,Batata - Ceasas,Asterix,,variacao_pct,-8.57,"-8,57",%,change_pct,,pct,spot,,,physical
2026-03-30,legumes,batata-ceasas,Batata - Ceasas,Escovada Especial,,preco,2.36,"2,36",R$/Kg,price,BRL,kg,spot,,,physical
2026-03-30,legumes,batata-ceasas,Batata - Ceasas,Escovada Especial,,variacao_pct,9.26,"+9,26",%,change_pct,,pct,spot,,,physical
2026-03-30,legumes,batata-ceasas,Batata - Ceasas,Lavada Especial,,preco,3.14,"3,14",R$/Kg,price,BRL,kg,spot,,,physical
2026-03-30,legumes,batata-ceasas,Batata - Ceasas,Lavada Especial,,variacao_pct,3.29,"+3,29",%,change_pct,,pct,spot,,,physical
2026-03-30,legumes,batata-ceasas,Batata - Ceasas,Yacon,,preco,8.0,"8,00",R$/Kg,price,BRL,kg,spot,,,physical
2026-03-30,legumes,batata-ceasas,Batata - Ceasas,Yacon,,variacao_pct,14.29,"+14,29",%,change_pct,,pct,spot,,,physical
2026-03-30,legumes,cebola-no-atacado,Cebola - Ceasas,Amarela Mineira,,preco,3.0,"3,00",R$/Kg,price,BRL,kg,spot,,,physical
2026-03-30,legumes,cebola-no-atacado,Cebola - Ceasas,Amarela Mineira,,variacao_pct,20.0,"+20,00",%,change_pct,,pct,spot,,,physical
2026-03-30,legumes,cebola-no-atacado,Cebola - Ceasas,Amarela Paulista,,preco,2.75,"2,75",R$/Kg,price,BRL,kg,spot,,,physical
2026-03-30,legumes,cebola-no-atacado,Cebola - Ceasas,Amarela Paulista,,variacao_pct,,-,%,change_pct,,pct,spot,,,physical
2026-03-30,legumes,cebola-no-atacado,Cebola - Ceasas,Amarela Pernambucana,,preco,,s/ cotação,R$/Kg,price,BRL,kg,spot,,,physical
2026-03-30,legumes,cebola-no-atacado,Cebola - Ceasas,Amarela Pernambucana,,variacao_pct,,-,%,change_pct,,pct,spot,,,physical
2026-03-30,legumes,cebola-no-atacado,Cebola - Ceasas,Amarela Santa Catarina,,preco,2.75,"2,75",R$/Kg,price,BRL,kg,spot,,,physical
2026-03-30,legumes,cebola-no-atacado,Cebola - Ceasas,Amarela Santa Catarina,,variacao_pct,0.0,"0,00",%,change_pct,,pct,spot,,,physical
2026-03-30,legumes,cebola-no-atacado,Cebola - Ceasas,Importada Argentina,,preco,,s/ cotação,R$/Kg,price,BRL,kg,spot,,,physical
2026-03-30,legumes,cebola-no-atacado,Cebola - Ceasas,Importada Argentina,,variacao_pct,,-,%,change_pct,,pct,spot,,,physical
2026-03-30,legumes,cebola-no-atacado,Cebola - Ceasas,Nacional (Caixa 4),,preco,2.55,"2,55",R$/Kg,price,BRL,kg,spot,,,physical
2026-03-30,legumes,cebola-no-atacado,Cebola - Ceasas,Nacional (Caixa 4),,variacao_pct,4.94,"+4,94",%,change_pct,,pct,spot,,,physical
2026-03-30,legumes,cebola-no-atacado,Cebola - Ceasas,Roxa (Caixa 4),,preco,3.2,"3,20",R$/Kg,price,BRL,kg,spot,,,physical
2026-03-30,legumes,cebola-no-atacado,Cebola - Ceasas,Roxa (Caixa 4),,variacao_pct,-2.74,"-2,74",%,change_pct,,pct,spot,,,physical
2026-03-30,legumes,cenoura-ceasas,Cenoura - Ceasas,Cenoura 2A,,preco,4.05,"4,05",R$/Kg,price,BRL,kg,spot,,,physical
2026-03-30,legumes,cenoura-ceasas,Cenoura - Ceasas,Cenoura 2A,,variacao_pct,0.25,"+0,25",%,change_pct,,pct,spot,,,physical
2026-03-30,legumes,cenoura-ceasas,Cenoura - Ceasas,Cenoura G,,preco,3.51,"3,51",R$/Kg,price,BRL,kg,spot,,,physical
2026-03-30,legumes,cenoura-ceasas,Cenoura - Ceasas,Cenoura G,,variacao_pct,0.57,"+0,57",%,change_pct,,pct,spot,,,physical
2026-03-30,legumes,cenoura-ceasas,Cenoura - Ceasas,Especial,,preco,2.5,"2,50",R$/Kg,price,BRL,kg,spot,,,physical
2026-03-30,legumes,cenoura-ceasas,Cenoura - Ceasas,Especial,,variacao_pct,0.0,"0,00",%,change_pct,,pct,spot,,,physical
2026-03-30,legumes,cenoura-ceasas,Cenoura - Ceasas,Extra,,preco,,s/ cotação,R$/Kg,price,BRL,kg,spot,,,physical
2026-03-30,legumes,cenoura-ceasas,Cenoura - Ceasas,Extra,,variacao_pct,,-,%,change_pct,,pct,spot,,,physical
2026-03-30,legumes,cenoura-ceasas,Cenoura - Ceasas,Extra A,,preco,2.25,"2,25",R$/Kg,price,BRL,kg,spot,,,physical
2026-03-30,legumes,cenoura-ceasas,Cenoura - Ceasas,Extra A,,variacao_pct,-25.0,"-25,00",%,change_pct,,pct,spot,,,physical
2026-03-30,legumes,tomate-ceasas,Tomate - Ceasas,Carmem 3A,,preco,5.33,"5,33",R$/Kg,price,BRL,kg,spot,,,physical
2026-03-30,legumes,tomate-ceasas,Tomate - Ceasas,Carmem 3A,,variacao_pct,-5.16,"-5,16",%,change_pct,,pct,spot,,,physical
2026-03-30,legumes,tomate-ceasas,Tomate - Ceasas,Débora 3A,,preco,4.01,"4,01",R$/Kg,price,BRL,kg,spot,,,physical
2026-03-30,legumes,tomate-ceasas,Tomate - Ceasas,Débora 3A,,variacao_pct,-0.74,"-0,74",%,change_pct,,pct,spot,,,physical
2026-03-30,legumes,tomate-ceasas,Tomate - Ceasas,Longa Vida/Carmem Extra,,preco,6.0,"6,00",R$/Kg,price,BRL,kg,spot,,,physical
2026-03-30,legumes,tomate-ceasas,Tomate - Ceasas,Longa Vida/Carmem Extra,,variacao_pct,0.0,"0,00",%,change_pct,,pct,spot,,,physical
2026-03-30,legumes,tomate-ceasas,Tomate - Ceasas,Longa Vida/Débora Extra,,preco,5.5,"5,50",R$/Kg,price,BRL,kg,spot,,,physical
2026-03-30,legumes,tomate-ceasas,Tomate - Ceasas,Longa Vida/Débora Extra,,variacao_pct,0.0,"0,00",%,change_pct,,pct,spot,,,physical
2026-03-30,legumes,tomate-ceasas,Tomate - Ceasas,Longa Vida/Extra A,,preco,2.5,"2,50",R$/Kg,price,BRL,kg,spot,,,physical
2026-03-30,legumes,tomate-ceasas,Tomate - Ceasas,Longa Vida/Extra A,,variacao_pct,-9.09,"-9,09",%,change_pct,,pct,spot,,,physical
2026-03-30,legumes,tomate-ceasas,Tomate - Ceasas,Santa Cruz/Extra A,,preco,,s/ cotação,R$/Kg,price,BRL,kg,spot,,,physical
2026-03-30,legumes,tomate-ceasas,Tomate - Ceasas,Santa Cruz/Extra A,,variacao_pct,,-,%,change_pct,,pct,spot,,,physical
2026-03-31,legumes,batata-ceasas,Batata - Ceasas,Agatha Primeira,,preco,1.4,"1,40",R$/Kg,price,BRL,kg,spot,,,physical
2026-03-31,legumes,batata-ceasas,Batata - Ceasas,Agatha Primeira,,variacao_pct,0.0,"0,00",%,change_pct,,pct,spot,,,physical
2026-03-31,legumes,batata-ceasas,Batata - Ceasas,Aster Primeira,,preco,1.0,"1,00",R$/Kg,price,BRL,kg,spot,,,physical
2026-03-31,legumes,batata-ceasas,Batata - Ceasas,Aster Primeira,,variacao_pct,0.0,"0,00",%,change_pct,,pct,spot,,,physical
2026-03-31,legumes,batata-ceasas,Batata - Ceasas,Asterix,,preco,2.59,"2,59",R$/Kg,price,BRL,kg,spot,,,physical
2026-03-31,legumes,batata-ceasas,Batata - Ceasas,Asterix,,variacao_pct,-10.07,"-10,07",%,change_pct,,pct,spot,,,physical
2026-03-31,legumes,batata-ceasas,Batata - Ceasas,Escovada Especial,,preco,2.0,"2,00",R$/Kg,price,BRL,kg,spot,,,physical
2026-03-31,legumes,batata-ceasas,Batata - Ceasas,Escovada Especial,,variacao_pct,-15.25,"-15,25",%,change_pct,,pct,spot,,,physical
2026-03-31,legumes,batata-ceasas,Batata - Ceasas,Lavada Especial,,preco,2.7,"2,70",R$/Kg,price,BRL,kg,spot,,,physical
2026-03-31,legumes,batata-ceasas,Batata - Ceasas,Lavada Especial,,variacao_pct,-14.01,"-14,01",%,change_pct,,pct,spot,,,physical
2026-03-31,legumes,batata-ceasas,Batata - Ceasas,Yacon,,preco,8.0,"8,00",R$/Kg,price,BRL,kg,spot,,,physical
2026-03-31,legumes,batata-ceasas,Batata - Ceasas,Yacon,,variacao_pct,0.0,"0,00",%,change_pct,,pct,spot,,,physical
2026-03-31,legumes,cebola-no-atacado,Cebola - Ceasas,Amarela Mineira,,preco,3.0,"3,00",R$/Kg,price,BRL,kg,spot,,,physical
2026-03-31,legumes,cebola-no-atacado,Cebola - Ceasas,Amarela Mineira,,variacao_pct,0.0,"0,00",%,change_pct,,pct,spot,,,physical
2026-03-31,legumes,cebola-no-atacado,Cebola - Ceasas,Amarela Paulista,,preco,2.75,"2,75",R$/Kg,price,BRL,kg,spot,,,physical
2026-03-31,legumes,cebola-no-atacado,Cebola - Ceasas,Amarela Paulista,,variacao_pct,0.0,"0,00",%,change_pct,,pct,spot,,,physical
2026-03-31,legumes,cebola-no-atacado,Cebola - Ceasas,Amarela Pernambucana,,preco,,s/ cotação,R$/Kg,price,BRL,kg,spot,,,physical
2026-03-31,legumes,cebola-no-atacado,Cebola - Ceasas,Amarela Pernambucana,,variacao_pct,,-,%,change_pct,,pct,spot,,,physical
2026-03-31,legumes,cebola-no-atacado,Cebola - Ceasas,Amarela Santa Catarina,,preco,2.75,"2,75",R$/Kg,price,BRL,kg,spot,,,physical
2026-03-31,legumes,cebola-no-atacado,Cebola - Ceasas,Amarela Santa Catarina,,variacao_pct,0.0,"0,00",%,change_pct,,pct,spot,,,physical
2026-03-31,legumes,cebola-no-atacado,Cebola - Ceasas,Importada Argentina,,preco,,s/ cotação,R$/Kg,price,BRL,kg,spot,,,physical
2026-03-31,legumes,cebola-no-atacado,Cebola - Ceasas,Importada Argentina,,variacao_pct,,-,%,change_pct,,pct,spot,,,physical
2026-03-31,legumes,cebola-no-atacado,Cebola - Ceasas,Nacional (Caixa 4),,preco,2.64,"2,64",R$/Kg,price,BRL,kg,spot,,,physical
2026-03-31,legumes,cebola-no-atacado,Cebola - Ceasas,Nacional (Caixa 4),,variacao_pct,3.53,"+3,53",%,change_pct,,pct,spot,,,physical
2026-03-31,legumes,cebola-no-atacado,Cebola - Ceasas,Roxa (Caixa 4),,preco,3.41,"3,41",R$/Kg,price,BRL,kg,spot,,,physical
2026-03-31,legumes,cebola-no-atacado,Cebola - Ceasas,Roxa (Caixa 4),,variacao_pct,6.56,"+6,56",%,change_pct,,pct,spot,,,physical
2026-03-31,legumes,cenoura-ceasas,Cenoura - Ceasas,Cenoura 2A,,preco,3.91,"3,91",R$/Kg,price,BRL,kg,spot,,,physical
2026-03-31,legumes,cenoura-ceasas,Cenoura - Ceasas,Cenoura 2A,,variacao_pct,-3.46,"-3,46",%,change_pct,,pct,spot,,,physical
2026-03-31,legumes,cenoura-ceasas,Cenoura - Ceasas,Cenoura G,,preco,3.46,"3,46",R$/Kg,price,BRL,kg,spot,,,physical
2026-03-31,legumes,cenoura-ceasas,Cenoura - Ceasas,Cenoura G,,variacao_pct,-1.42,"-1,42",%,change_pct,,pct,spot,,,physical
2026-03-31,legumes,cenoura-ceasas,Cenoura - Ceasas,Especial,,preco,2.5,"2,50",R$/Kg,price,BRL,kg,spot,,,physical
2026-03-31,legumes,cenoura-ceasas,Cenoura - Ceasas,Especial,,variacao_pct,0.0,"0,00",%,change_pct,,pct,spot,,,physical
2026-03-31,legumes,cenoura-ceasas,Cenoura - Ceasas,Extra,,preco,,s/ cotação,R$/Kg,price,BRL,kg,spot,,,physical
2026-03-31,legumes,cenoura-ceasas,Cenoura - Ceasas,Extra,,variacao_pct,,-,%,change_pct,,pct,spot,,,physical
2026-03-31,legumes,cenoura-ceasas,Cenoura - Ceasas,Extra A,,preco,2.25,"2,25",R$/Kg,price,BRL,kg,spot,,,physical
2026-03-31,legumes,cenoura-ceasas,Cenoura - Ceasas,Extra A,,variacao_pct,0.0,"0,00",%,change_pct,,pct,spot,,,physical
2026-03-31,legumes,tomate-ceasas,Tomate - Ceasas,Carmem 3A,,preco,4.62,"4,62",R$/Kg,price,BRL,kg,spot,,,physical
2026-03-31,legumes,tomate-ceasas,Tomate - Ceasas,Carmem 3A,,variacao_pct,-13.32,"-13,32",%,change_pct,,pct,spot,,,physical
2026-03-31,legumes,tomate-ceasas,Tomate - Ceasas,Débora 3A,,preco,4.05,"4,05",R$/Kg,price,BRL,kg,spot,,,physical
2026-03-31,legumes,tomate-ceasas,Tomate - Ceasas,Débora 3A,,variacao_pct,1.0,"+1,00",%,change_pct,,pct,spot,,,physical
2026-03-31,legumes,tomate-ceasas,Tomate - Ceasas,Longa Vida/Carmem Extra,,preco,6.0,"6,00",R$/Kg,price,BRL,kg,spot,,,physical
2026-03-31,legumes,tomate-ceasas,Tomate - Ceasas,Longa Vida/Carmem Extra,,variacao_pct,0.0,"0,00",%,change_pct,,pct,spot,,,physical
2026-03-31,legumes,tomate-ceasas,Tomate - Ceasas,Longa Vida/Débora Extra,,preco,5.5,"5,50",R$/Kg,price,BRL,kg,spot,,,physical
2026-03-31,legumes,tomate-ceasas,Tomate - Ceasas,Longa Vida/Débora Extra,,variacao_pct,0.0,"0,00",%,change_pct,,pct,spot,,,physical
2026-03-31,legumes,tomate-ceasas,Tomate - Ceasas,Longa Vida/Extra A,,preco,2.5,"2,50",R$/Kg,price,BRL,kg,spot,,,physical
2026-03-31,legumes,tomate-ceasas,Tomate - Ceasas,Longa Vida/Extra A,,variacao_pct,0.0,"0,00",%,change_pct,,pct,spot,,,physical
2026-03-31,legumes,tomate-ceasas,Tomate - Ceasas,Santa Cruz/Extra A,,preco,,s/ cotação,R$/Kg,price,BRL,kg,spot,,,physical
2026-03-31,legumes,tomate-ceasas,Tomate - Ceasas,Santa Cruz/Extra A,,variacao_pct,,-,%,change_pct,,pct,spot,,,physical
2026-04-01,legumes,batata-ceasas,Batata - Ceasas,Agatha Primeira,,preco,1.6,"1,60",R$/Kg,price,BRL,kg,spot,,,physical
2026-04-01,legumes,batata-ceasas,Batata - Ceasas,Agatha Primeira,,variacao_pct,14.29,"+14,29",%,change_pct,,pct,spot,,,physical
2026-04-01,legumes,batata-ceasas,Batata - Ceasas,Aster Primeira,,preco,1.0,"1,00",R$/Kg,price,BRL,kg,spot,,,physical
2026-04-01,legumes,batata-ceasas,Batata - Ceasas,Aster Primeira,,variacao_pct,0.0,"0,00",%,change_pct,,pct,spot,,,physical
2026-04-01,legumes,batata-ceasas,Batata - Ceasas,Asterix,,preco,2.59,"2,59",R$/Kg,price,BRL,kg,spot,,,physical
2026-04-01,legumes,batata-ceasas,Batata - Ceasas,Asterix,,variacao_pct,0.0,"0,00",%,change_pct,,pct,spot,,,physical
2026-04-01,legumes,batata-ceasas,Batata - Ceasas,Escovada Especial,,preco,2.0,"2,00",R$/Kg,price,BRL,kg,spot,,,physical
2026-04-01,legumes,batata-ceasas,Batata - Ceasas,Escovada Especial,,variacao_pct,0.0,"0,00",%,change_pct,,pct,spot,,,physical
2026-04-01,legumes,batata-ceasas,Batata - Ceasas,Lavada Especial,,preco,2.7,"2,70",R$/Kg,price,BRL,kg,spot,,,physical
2026-04-01,legumes,batata-ceasas,Batata - Ceasas,Lavada Especial,,variacao_pct,0.0,"0,00",%,change_pct,,pct,spot,,,physical
2026-04-01,legumes,batata-ceasas,Batata - Ceasas,Yacon,,preco,8.0,"8,00",R$/Kg,price,BRL,kg,spot,,,physical
2026-04-01,legumes,batata-ceasas,Batata - Ceasas,Yacon,,variacao_pct,0.0,"0,00",%,change_pct,,pct,spot,,,physical
2026-04-01,legumes,cebola-no-atacado,Cebola - Ceasas,Amarela Mineira,,preco,3.0,"3,00",R$/Kg,price,BRL,kg,spot,,,physical
2026-04-01,legumes,cebola-no-atacado,Cebola - Ceasas,Amarela Mineira,,variacao_pct,0.0,"0,00",%,change_pct,,pct,spot,,,physical
2026-04-01,legumes,cebola-no-atacado,Cebola - Ceasas,Amarela Paulista,,preco,2.75,"2,75",R$/Kg,price,BRL,kg,spot,,,physical
2026-04-01,legumes,cebola-no-atacado,Cebola - Ceasas,Amarela Paulista,,variacao_pct,0.0,"0,00",%,change_pct,,pct,spot,,,physical
2026-04-01,legumes,cebola-no-atacado,Cebola - Ceasas,Amarela Pernambucana,,preco,,s/ cotação,R$/Kg,price,BRL,kg,spot,,,physical
2026-04-01,legumes,cebola-no-atacado,Cebola - Ceasas,Amarela Pernambucana,,variacao_pct,,-,%,change_pct,,pct,spot,,,physical
2026-04-01,legumes,cebola-no-atacado,Cebola - Ceasas,Amarela Santa Catarina,,preco,2.75,"2,75",R$/Kg,price,BRL,kg,spot,,,physical
2026-04-01,legumes,cebola-no-atacado,Cebola - Ceasas,Amarela Santa Catarina,,variacao_pct,0.0,"0,00",%,change_pct,,pct,spot,,,physical
2026-04-01,legumes,cebola-no-atacado,Cebola - Ceasas,Importada Argentina,,preco,3.0,"3,00",R$/Kg,price,BRL,kg,spot,,,physical
2026-04-01,legumes,cebola-no-atacado,Cebola - Ceasas,Importada Argentina,,variacao_pct,,-,%,change_pct,,pct,spot,,,physical
2026-04-01,legumes,cebola-no-atacado,Cebola - Ceasas,Nacional (Caixa 4),,preco,2.64,"2,64",R$/Kg,price,BRL,kg,spot,,,physical
2026-04-01,legumes,cebola-no-atacado,Cebola - Ceasas,Nacional (Caixa 4),,variacao_pct,0.0,"0,00",%,change_pct,,pct,spot,,,physical
2026-04-01,legumes,cebola-no-atacado,Cebola - Ceasas,Roxa (Caixa 4),,preco,3.41,"3,41",R$/Kg,price,BRL,kg,spot,,,physical
2026-04-01,legumes,cebola-no-atacado,Cebola - Ceasas,Roxa (Caixa 4),,variacao_pct,0.0,"0,00",%,change_pct,,pct,spot,,,physical
2026-04-01,legumes,cenoura-ceasas,Cenoura - Ceasas,Cenoura 2A,,preco,3.91,"3,91",R$/Kg,price,BRL,kg,spot,,,physical
2026-04-01,legumes,cenoura-ceasas,Cenoura - Ceasas,Cenoura 2A,,variacao_pct,0.0,"0,00",%,change_pct,,pct,spot,,,physical
2026-04-01,legumes,cenoura-ceasas,Cenoura - Ceasas,Cenoura G,,preco,3.46,"3,46",R$/Kg,price,BRL,kg,spot,,,physical
2026-04-01,legumes,cenoura-ceasas,Cenoura - Ceasas,Cenoura G,,variacao_pct,0.0,"0,00",%,change_pct,,pct,spot,,,physical
2026-04-01,legumes,cenoura-ceasas,Cenoura - Ceasas,Especial,,preco,2.5,"2,50",R$/Kg,price,BRL,kg,spot,,,physical
2026-04-01,legumes,cenoura-ceasas,Cenoura - Ceasas,Especial,,variacao_pct,0.0,"0,00",%,change_pct,,pct,spot,,,physical
2026-04-01,legumes,cenoura-ceasas,Cenoura - Ceasas,Extra,,preco,2.5,"2,50",R$/Kg,price,BRL,kg,spot,,,physical
2026-04-01,legumes,cenoura-ceasas,Cenoura - Ceasas,Extra,,variacao_pct,,-,%,change_pct,,pct,spot,,,physical
2026-04-01,legumes,cenoura-ceasas,Cenoura - Ceasas,Extra A,,preco,3.75,"3,75",R$/Kg,price,BRL,kg,spot,,,physical
2026-04-01,legumes,cenoura-ceasas,Cenoura - Ceasas,Extra A,,variacao_pct,66.67,"+66,67",%,change_pct,,pct,spot,,,physical
2026-04-01,legumes,tomate-ceasas,Tomate - Ceasas,Carmem 3A,,preco,4.62,"4,62",R$/Kg,price,BRL,kg,spot,,,physical
2026-04-01,legumes,tomate-ceasas,Tomate - Ceasas,Carmem 3A,,variacao_pct,0.0,"0,00",%,change_pct,,pct,spot,,,physical
2026-04-01,legumes,tomate-ceasas,Tomate - Ceasas,Débora 3A,,preco,4.05,"4,05",R$/Kg,price,BRL,kg,spot,,,physical
2026-04-01,legumes,tomate-ceasas,Tomate - Ceasas,Débora 3A,,variacao_pct,0.0,"0,00",%,change_pct,,pct,spot,,,physical
2026-04-01,legumes,tomate-ceasas,Tomate - Ceasas,Longa Vida/Carmem Extra,,preco,5.5,"5,50",R$/Kg,price,BRL,kg,spot,,,physical
2026-04-01,legumes,tomate-ceasas,Tomate - Ceasas,Longa Vida/Carmem Extra,,variacao_pct,-8.33,"-8,33",%,change_pct,,pct,spot,,,physical
2026-04-01,legumes,tomate-ceasas,Tomate - Ceasas,Longa Vida/Débora Extra,,preco,5.0,"5,00",R$/Kg,price,BRL,kg,spot,,,physical
2026-04-01,legumes,tomate-ceasas,Tomate - Ceasas,Longa Vida/Débora Extra,,variacao_pct,-9.09,"-9,09",%,change_pct,,pct,spot,,,physical
2026-04-01,legumes,tomate-ceasas,Tomate - Ceasas,Longa Vida/Extra A,,preco,2.5,"2,50",R$/Kg,price,BRL,kg,spot,,,physical
2026-04-01,legumes,tomate-ceasas,Tomate - Ceasas,Longa Vida/Extra A,,variacao_pct,0.0,"0,00",%,change_pct,,pct,spot,,,physical
2026-04-01,legumes,tomate-ceasas,Tomate - Ceasas,Santa Cruz/Extra A,,preco,,s/ cotação,R$/Kg,price,BRL,kg,spot,,,physical
2026-04-01,legumes,tomate-ceasas,Tomate - Ceasas,Santa Cruz/Extra A,,variacao_pct,,-,%,change_pct,,pct,spot,,,physical
2026-04-02,legumes,batata-ceasas,Batata - Ceasas,Agatha Primeira,,preco,1.6,"1,60",R$/Kg,price,BRL,kg,spot,,,physical
2026-04-02,legumes,batata-ceasas,Batata - Ceasas,Agatha Primeira,,variacao_pct,0.0,"0,00",%,change_pct,,pct,spot,,,physical
2026-04-02,legumes,batata-ceasas,Batata - Ceasas,Aster Primeira,,preco,1.0,"1,00",R$/Kg,price,BRL,kg,spot,,,physical
2026-04-02,legumes,batata-ceasas,Batata - Ceasas,Aster Primeira,,variacao_pct,0.0,"0,00",%,change_pct,,pct,spot,,,physical
2026-04-02,legumes,batata-ceasas,Batata - Ceasas,Asterix,,preco,3.04,"3,04",R$/Kg,price,BRL,kg,spot,,,physical
2026-04-02,legumes,batata-ceasas,Batata - Ceasas,Asterix,,variacao_pct,17.37,"+17,37",%,change_pct,,pct,spot,,,physical
2026-04-02,legumes,batata-ceasas,Batata - Ceasas,Escovada Especial,,preco,2.4,"2,40",R$/Kg,price,BRL,kg,spot,,,physical
2026-04-02,legumes,batata-ceasas,Batata - Ceasas,Escovada Especial,,variacao_pct,20.0,"+20,00",%,change_pct,,pct,spot,,,physical
2026-04-02,legumes,batata-ceasas,Batata - Ceasas,Lavada Especial,,preco,2.9,"2,90",R$/Kg,price,BRL,kg,spot,,,physical
2026-04-02,legumes,batata-ceasas,Batata - Ceasas,Lavada Especial,,variacao_pct,7.41,"+7,41",%,change_pct,,pct,spot,,,physical
2026-04-02,legumes,batata-ceasas,Batata - Ceasas,Yacon,,preco,8.0,"8,00",R$/Kg,price,BRL,kg,spot,,,physical
2026-04-02,legumes,batata-ceasas,Batata - Ceasas,Yacon,,variacao_pct,0.0,"0,00",%,change_pct,,pct,spot,,,physical
2026-04-02,legumes,cebola-no-atacado,Cebola - Ceasas,Amarela Mineira,,preco,3.0,"3,00",R$/Kg,price,BRL,kg,spot,,,physical
2026-04-02,legumes,cebola-no-atacado,Cebola - Ceasas,Amarela Mineira,,variacao_pct,0.0,"0,00",%,change_pct,,pct,spot,,,physical
2026-04-02,legumes,cebola-no-atacado,Cebola - Ceasas,Amarela Paulista,,preco,2.75,"2,75",R$/Kg,price,BRL,kg,spot,,,physical
2026-04-02,legumes,cebola-no-atacado,Cebola - Ceasas,Amarela Paulista,,variacao_pct,0.0,"0,00",%,change_pct,,pct,spot,,,physical
2026-04-02,legumes,cebola-no-atacado,Cebola - Ceasas,Amarela Pernambucana,,preco,,s/ cotação,R$/Kg,price,BRL,kg,spot,,,physical
2026-04-02,legumes,cebola-no-atacado,Cebola - Ceasas,Amarela Pernambucana,,variacao_pct,,-,%,change_pct,,pct,spot,,,physical
2026-04-02,legumes,cebola-no-atacado,Cebola - Ceasas,Amarela Santa Catarina,,preco,2.75,"2,75",R$/Kg,price,BRL,kg,spot,,,physical
2026-04-02,legumes,cebola-no-atacado,Cebola - Ceasas,Amarela Santa Catarina,,variacao_pct,0.0,"0,00",%,change_pct,,pct,spot,,,physical
2026-04-02,legumes,cebola-no-atacado,Cebola - Ceasas,Importada Argentina,,preco,3.0,"3,00",R$/Kg,price,BRL,kg,spot,,,physical
2026-04-02,legumes,cebola-no-atacado,Cebola - Ceasas,Importada Argentina,,variacao_pct,,-,%,change_pct,,pct,spot,,,physical
2026-04-02,legumes,cebola-no-atacado,Cebola - Ceasas,Nacional (Caixa 4),,preco,2.66,"2,66",R$/Kg,price,BRL,kg,spot,,,physical
2026-04-02,legumes,cebola-no-atacado,Cebola - Ceasas,Nacional (Caixa 4),,variacao_pct,0.76,"+0,76",%,change_pct,,pct,spot,,,physical
2026-04-02,legumes,cebola-no-atacado,Cebola - Ceasas,Roxa (Caixa 4),,preco,3.5,"3,50",R$/Kg,price,BRL,kg,spot,,,physical
2026-04-02,legumes,cebola-no-atacado,Cebola - Ceasas,Roxa (Caixa 4),,variacao_pct,2.64,"+2,64",%,change_pct,,pct,spot,,,physical
2026-04-02,legumes,cenoura-ceasas,Cenoura - Ceasas,Cenoura 2A,,preco,3.9,"3,90",R$/Kg,price,BRL,kg,spot,,,physical
2026-04-02,legumes,cenoura-ceasas,Cenoura - Ceasas,Cenoura 2A,,variacao_pct,-0.26,"-0,26",%,change_pct,,pct,spot,,,physical
2026-04-02,legumes,cenoura-ceasas,Cenoura - Ceasas,Cenoura G,,preco,3.47,"3,47",R$/Kg,price,BRL,kg,spot,,,physical
2026-04-02,legumes,cenoura-ceasas,Cenoura - Ceasas,Cenoura G,,variacao_pct,0.29,"+0,29",%,change_pct,,pct,spot,,,physical
2026-04-02,legumes,cenoura-ceasas,Cenoura - Ceasas,Especial,,preco,2.5,"2,50",R$/Kg,price,BRL,kg,spot,,,physical
2026-04-02,legumes,cenoura-ceasas,Cenoura - Ceasas,Especial,,variacao_pct,0.0,"0,00",%,change_pct,,pct,spot,,,physical
2026-04-02,legumes,cenoura-ceasas,Cenoura - Ceasas,Extra,,preco,2.5,"2,50",R$/Kg,price,BRL,kg,spot,,,physical
2026-04-02,legumes,cenoura-ceasas,Cenoura - Ceasas,Extra,,variacao_pct,0.0,"0,00",%,change_pct,,pct,spot,,,physical
2026-04-02,legumes,cenoura-ceasas,Cenoura - Ceasas,Extra A,,preco,3.75,"3,75",R$/Kg,price,BRL,kg,spot,,,physical
2026-04-02,legumes,cenoura-ceasas,Cenoura - Ceasas,Extra A,,variacao_pct,0.0,"0,00",%,change_pct,,pct,spot,,,physical
2026-04-02,legumes,tomate-ceasas,Tomate - Ceasas,Carmem 3A,,preco,6.01,"6,01",R$/Kg,price,BRL,kg,spot,,,physical
2026-04-02,legumes,tomate-ceasas,Tomate - Ceasas,Carmem 3A,,variacao_pct,30.09,"+30,09",%,change_pct,,pct,spot,,,physical
2026-04-02,legumes,tomate-ceasas,Tomate - Ceasas,Débora 3A,,preco,4.7,"4,70",R$/Kg,price,BRL,kg,spot,,,physical
2026-04-02,legumes,tomate-ceasas,Tomate - Ceasas,Débora 3A,,variacao_pct,16.05,"+16,05",%,change_pct,,pct,spot,,,physical
2026-04-02,legumes,tomate-ceasas,Tomate - Ceasas,Longa Vida/Carmem Extra,,preco,5.5,"5,50",R$/Kg,price,BRL,kg,spot,,,physical
2026-04-02,legumes,tomate-ceasas,Tomate - Ceasas,Longa Vida/Carmem Extra,,variacao_pct,0.0,"0,00",%,change_pct,,pct,spot,,,physical
2026-04-02,legumes,tomate-ceasas,Tomate - Ceasas,Longa Vida/Débora Extra,,preco,5.0,"5,00",R$/Kg,price,BRL,kg,spot,,,physical
2026-04-02,legumes,tomate-ceasas,Tomate - Ceasas,Longa Vida/Débora Extra,,variacao_pct,0.0,"0,00",%,change_pct,,pct,spot,,,physical
2026-04-02,legumes,tomate-ceasas,Tomate - Ceasas,Longa Vida/Extra A,,preco,2.5,"2,50",R$/Kg,price,BRL,kg,spot,,,physical
2026-04-02,legumes,tomate-ceasas,Tomate - Ceasas,Longa Vida/Extra A,,variacao_pct,0.0,"0,00",%,change_pct,,pct,spot,,,physical
2026-04-02,legumes,tomate-ceasas,Tomate - Ceasas,Santa Cruz/Extra A,,preco,,s/ cotação,R$/Kg,price,BRL,kg,spot,,,physical
2026-04-02,legumes,tomate-ceasas,Tomate - Ceasas,Santa Cruz/Extra A,,variacao_pct,,-,%,change_pct,,pct,spot,,,physical
2026-04-06,legumes,batata-ceasas,Batata - Ceasas,Agatha Primeira,,preco,2.4,"2,40",R$/Kg,price,BRL,kg,spot,,,physical
2026-04-06,legumes,batata-ceasas,Batata - Ceasas,Agatha Primeira,,variacao_pct,50.0,"+50,00",%,change_pct,,pct,spot,,,physical
2026-04-06,legumes,batata-ceasas,Batata - Ceasas,Aster Primeira,,preco,1.0,"1,00",R$/Kg,price,BRL,kg,spot,,,physical
2026-04-06,legumes,batata-ceasas,Batata - Ceasas,Aster Primeira,,variacao_pct,0.0,"0,00",%,change_pct,,pct,spot,,,physical
2026-04-06,legumes,batata-ceasas,Batata - Ceasas,Asterix,,preco,3.04,"3,04",R$/Kg,price,BRL,kg,spot,,,physical
2026-04-06,legumes,batata-ceasas,Batata - Ceasas,Asterix,,variacao_pct,0.0,"0,00",%,change_pct,,pct,spot,,,physical
2026-04-06,legumes,batata-ceasas,Batata - Ceasas,Escovada Especial,,preco,2.4,"2,40",R$/Kg,price,BRL,kg,spot,,,physical
2026-04-06,legumes,batata-ceasas,Batata - Ceasas,Escovada Especial,,variacao_pct,0.0,"0,00",%,change_pct,,pct,spot,,,physical
2026-04-06,legumes,batata-ceasas,Batata - Ceasas,Lavada Especial,,preco,2.9,"2,90",R$/Kg,price,BRL,kg,spot,,,physical
2026-04-06,legumes,batata-ceasas,Batata - Ceasas,Lavada Especial,,variacao_pct,0.0,"0,00",%,change_pct,,pct,spot,,,physical
2026-04-06,legumes,batata-ceasas,Batata - Ceasas,Yacon,,preco,8.0,"8,00",R$/Kg,price,BRL,kg,spot,,,physical
2026-04-06,legumes,batata-ceasas,Batata - Ceasas,Yacon,,variacao_pct,0.0,"0,00",%,change_pct,,pct,spot,,,physical
2026-04-06,legumes,cebola-no-atacado,Cebola - Ceasas,Amarela Mineira,,preco,3.0,"3,00",R$/Kg,price,BRL,kg,spot,,,physical
2026-04-06,legumes,cebola-no-atacado,Cebola - Ceasas,Amarela Mineira,,variacao_pct,0.0,"0,00",%,change_pct,,pct,spot,,,physical
2026-04-06,legumes,cebola-no-atacado,Cebola - Ceasas,Amarela Paulista,,preco,2.75,"2,75",R$/Kg,price,BRL,kg,spot,,,physical
2026-04-06,legumes,cebola-no-atacado,Cebola - Ceasas,Amarela Paulista,,variacao_pct,0.0,"0,00",%,change_pct,,pct,spot,,,physical
2026-04-06,legumes,cebola-no-atacado,Cebola - Ceasas,Amarela Pernambucana,,preco,,s/ cotação,R$/Kg,price,BRL,kg,spot,,,physical
2026-04-06,legumes,cebola-no-atacado,Cebola - Ceasas,Amarela Pernambucana,,variacao_pct,,-,%,change_pct,,pct,spot,,,physical
2026-04-06,legumes,cebola-no-atacado,Cebola - Ceasas,Amarela Santa Catarina,,preco,2.75,"2,75",R$/Kg,price,BRL,kg,spot,,,physical
2026-04-06,legumes,cebola-no-atacado,Cebola - Ceasas,Amarela Santa Catarina,,variacao_pct,0.0,"0,00",%,change_pct,,pct,spot,,,physical
2026-04-06,legumes,cebola-no-atacado,Cebola - Ceasas,Importada Argentina,,preco,3.0,"3,00",R$/Kg,price,BRL,kg,spot,,,physical
2026-04-06,legumes,cebola-no-atacado,Cebola - Ceasas,Importada Argentina,,variacao_pct,0.0,"0,00",%,change_pct,,pct,spot,,,physical
2026-04-06,legumes,cebola-no-atacado,Cebola - Ceasas,Nacional (Caixa 4),,preco,2.66,"2,66",R$/Kg,price,BRL,kg,spot,,,physical
2026-04-06,legumes,cebola-no-atacado,Cebola - Ceasas,Nacional (Caixa 4),,variacao_pct,0.76,"+0,76",%,change_pct,,pct,spot,,,physical
2026-04-06,legumes,cebola-no-atacado,Cebola - Ceasas,Roxa (Caixa 4),,preco,3.5,"3,50",R$/Kg,price,BRL,kg,spot,,,physical
2026-04-06,legumes,cebola-no-atacado,Cebola - Ceasas,Roxa (Caixa 4),,variacao_pct,2.64,"+2,64",%,change_pct,,pct,spot,,,physical
2026-04-06,legumes,cenoura-ceasas,Cenoura - Ceasas,Cenoura 2A,,preco,3.9,"3,90",R$/Kg,price,BRL,kg,spot,,,physical
2026-04-06,legumes,cenoura-ceasas,Cenoura - Ceasas,Cenoura 2A,,variacao_pct,0.0,"0,00",%,change_pct,,pct,spot,,,physical
2026-04-06,legumes,cenoura-ceasas,Cenoura - Ceasas,Cenoura G,,preco,3.47,"3,47",R$/Kg,price,BRL,kg,spot,,,physical
2026-04-06,legumes,cenoura-ceasas,Cenoura - Ceasas,Cenoura G,,variacao_pct,0.0,"0,00",%,change_pct,,pct,spot,,,physical
2026-04-06,legumes,cenoura-ceasas,Cenoura - Ceasas,Especial,,preco,3.25,"3,25",R$/Kg,price,BRL,kg,spot,,,physical
2026-04-06,legumes,cenoura-ceasas,Cenoura - Ceasas,Especial,,variacao_pct,30.0,"+30,00",%,change_pct,,pct,spot,,,physical
2026-04-06,legumes,cenoura-ceasas,Cenoura - Ceasas,Extra,,preco,3.5,"3,50",R$/Kg,price,BRL,kg,spot,,,physical
2026-04-06,legumes,cenoura-ceasas,Cenoura - Ceasas,Extra,,variacao_pct,40.0,"+40,00",%,change_pct,,pct,spot,,,physical
2026-04-06,legumes,cenoura-ceasas,Cenoura - Ceasas,Extra A,,preco,5.0,"5,00",R$/Kg,price,BRL,kg,spot,,,physical
2026-04-06,legumes,cenoura-ceasas,Cenoura - Ceasas,Extra A,,variacao_pct,33.33,"+33,33",%,change_pct,,pct,spot,,,physical
2026-04-06,legumes,tomate-ceasas,Tomate - Ceasas,Carmem 3A,,preco,6.01,"6,01",R$/Kg,price,BRL,kg,spot,,,physical
2026-04-06,legumes,tomate-ceasas,Tomate - Ceasas,Carmem 3A,,variacao_pct,0.0,"0,00",%,change_pct,,pct,spot,,,physical
2026-04-06,legumes,tomate-ceasas,Tomate - Ceasas,Débora 3A,,preco,4.7,"4,70",R$/Kg,price,BRL,kg,spot,,,physical
2026-04-06,legumes,tomate-ceasas,Tomate - Ceasas,Débora 3A,,variacao_pct,0.0,"0,00",%,change_pct,,pct,spot,,,physical
2026-04-06,legumes,tomate-ceasas,Tomate - Ceasas,Longa Vida/Carmem Extra,,preco,6.5,"6,50",R$/Kg,price,BRL,kg,spot,,,physical
2026-04-06,legumes,tomate-ceasas,Tomate - Ceasas,Longa Vida/Carmem Extra,,variacao_pct,18.18,"+18,18",%,change_pct,,pct,spot,,,physical
2026-04-06,legumes,tomate-ceasas,Tomate - Ceasas,Longa Vida/Débora Extra,,preco,6.0,"6,00",R$/Kg,price,BRL,kg,spot,,,physical
2026-04-06,legumes,tomate-ceasas,Tomate - Ceasas,Longa Vida/Débora Extra,,variacao_pct,20.0,"+20,00",%,change_pct,,pct,spot,,,physical
2026-04-06,legumes,tomate-ceasas,Tomate - Ceasas,Longa Vida/Extra A,,preco,5.0,"5,00",R$/Kg,price,BRL,kg,spot,,,physical
2026-04-06,legumes,tomate-ceasas,Tomate - Ceasas,Longa Vida/Extra A,,variacao_pct,,-,%,change_pct,,pct,spot,,,physical
2026-04-06,legumes,tomate-ceasas,Tomate - Ceasas,Santa Cruz/Extra A,,preco,,s/ cotação,R$/Kg,price,BRL,kg,spot,,,physical
2026-04-06,legumes,tomate-ceasas,Tomate - Ceasas,Santa Cruz/Extra A,,variacao_pct,,-,%,change_pct,,pct,spot,,,physical
2026-04-07,legumes,batata-ceasas,Batata - Ceasas,Agatha Primeira,,preco,2.4,"2,40",R$/Kg,price,BRL,kg,spot,,,physical
2026-04-07,legumes,batata-ceasas,Batata - Ceasas,Agatha Primeira,,variacao_pct,0.0,"0,00",%,change_pct,,pct,spot,,,physical
2026-04-07,legumes,batata-ceasas,Batata - Ceasas,Aster Primeira,,preco,1.0,"1,00",R$/Kg,price,BRL,kg,spot,,,physical
2026-04-07,legumes,batata-ceasas,Batata - Ceasas,Aster Primeira,,variacao_pct,0.0,"0,00",%,change_pct,,pct,spot,,,physical
2026-04-07,legumes,batata-ceasas,Batata - Ceasas,Asterix,,preco,2.92,"2,92",R$/Kg,price,BRL,kg,spot,,,physical
2026-04-07,legumes,batata-ceasas,Batata - Ceasas,Asterix,,variacao_pct,-3.95,"-3,95",%,change_pct,,pct,spot,,,physical
2026-04-07,legumes,batata-ceasas,Batata - Ceasas,Escovada Especial,,preco,2.27,"2,27",R$/Kg,price,BRL,kg,spot,,,physical
2026-04-07,legumes,batata-ceasas,Batata - Ceasas,Escovada Especial,,variacao_pct,-5.42,"-5,42",%,change_pct,,pct,spot,,,physical
2026-04-07,legumes,batata-ceasas,Batata - Ceasas,Lavada Especial,,preco,3.74,"3,74",R$/Kg,price,BRL,kg,spot,,,physical
2026-04-07,legumes,batata-ceasas,Batata - Ceasas,Lavada Especial,,variacao_pct,28.97,"+28,97",%,change_pct,,pct,spot,,,physical
2026-04-07,legumes,batata-ceasas,Batata - Ceasas,Yacon,,preco,8.0,"8,00",R$/Kg,price,BRL,kg,spot,,,physical
2026-04-07,legumes,batata-ceasas,Batata - Ceasas,Yacon,,variacao_pct,0.0,"0,00",%,change_pct,,pct,spot,,,physical
2026-04-07,legumes,cebola-no-atacado,Cebola - Ceasas,Amarela Mineira,,preco,3.0,"3,00",R$/Kg,price,BRL,kg,spot,,,physical
2026-04-07,legumes,cebola-no-atacado,Cebola - Ceasas,Amarela Mineira,,variacao_pct,0.0,"0,00",%,change_pct,,pct,spot,,,physical
2026-04-07,legumes,cebola-no-atacado,Cebola - Ceasas,Amarela Paulista,,preco,2.75,"2,75",R$/Kg,price,BRL,kg,spot,,,physical
2026-04-07,legumes,cebola-no-atacado,Cebola - Ceasas,Amarela Paulista,,variacao_pct,0.0,"0,00",%,change_pct,,pct,spot,,,physical
2026-04-07,legumes,cebola-no-atacado,Cebola - Ceasas,Amarela Pernambucana,,preco,,s/ cotação,R$/Kg,price,BRL,kg,spot,,,physical
2026-04-07,legumes,cebola-no-atacado,Cebola - Ceasas,Amarela Pernambucana,,variacao_pct,,-,%,change_pct,,pct,spot,,,physical
2026-04-07,legumes,cebola-no-atacado,Cebola - Ceasas,Amarela Santa Catarina,,preco,2.75,"2,75",R$/Kg,price,BRL,kg,spot,,,physical
2026-04-07,legumes,cebola-no-atacado,Cebola - Ceasas,Amarela Santa Catarina,,variacao_pct,0.0,"0,00",%,change_pct,,pct,spot,,,physical
2026-04-07,legumes,cebola-no-atacado,Cebola - Ceasas,Importada Argentina,,preco,3.0,"3,00",R$/Kg,price,BRL,kg,spot,,,physical
2026-04-07,legumes,cebola-no-atacado,Cebola - Ceasas,Importada Argentina,,variacao_pct,0.0,"0,00",%,change_pct,,pct,spot,,,physical
2026-04-07,legumes,cebola-no-atacado,Cebola - Ceasas,Nacional (Caixa 4),,preco,2.63,"2,63",R$/Kg,price,BRL,kg,spot,,,physical
2026-04-07,legumes,cebola-no-atacado,Cebola - Ceasas,Nacional (Caixa 4),,variacao_pct,-1.13,"-1,13",%,change_pct,,pct,spot,,,physical
2026-04-07,legumes,cebola-no-atacado,Cebola - Ceasas,Roxa (Caixa 4),,preco,3.68,"3,68",R$/Kg,price,BRL,kg,spot,,,physical
2026-04-07,legumes,cebola-no-atacado,Cebola - Ceasas,Roxa (Caixa 4),,variacao_pct,5.14,"+5,14",%,change_pct,,pct,spot,,,physical
2026-04-07,legumes,cenoura-ceasas,Cenoura - Ceasas,Cenoura 2A,,preco,5.21,"5,21",R$/Kg,price,BRL,kg,spot,,,physical
2026-04-07,legumes,cenoura-ceasas,Cenoura - Ceasas,Cenoura 2A,,variacao_pct,33.59,"+33,59",%,change_pct,,pct,spot,,,physical
2026-04-07,legumes,cenoura-ceasas,Cenoura - Ceasas,Cenoura G,,preco,4.65,"4,65",R$/Kg,price,BRL,kg,spot,,,physical
2026-04-07,legumes,cenoura-ceasas,Cenoura - Ceasas,Cenoura G,,variacao_pct,34.01,"+34,01",%,change_pct,,pct,spot,,,physical
2026-04-07,legumes,cenoura-ceasas,Cenoura - Ceasas,Especial,,preco,3.25,"3,25",R$/Kg,price,BRL,kg,spot,,,physical
2026-04-07,legumes,cenoura-ceasas,Cenoura - Ceasas,Especial,,variacao_pct,0.0,"0,00",%,change_pct,,pct,spot,,,physical
2026-04-07,legumes,cenoura-ceasas,Cenoura - Ceasas,Extra,,preco,3.5,"3,50",R$/Kg,price,BRL,kg,spot,,,physical
2026-04-07,legumes,cenoura-ceasas,Cenoura - Ceasas,Extra,,variacao_pct,0.0,"0,00",%,change_pct,,pct,spot,,,physical
2026-04-07,legumes,cenoura-ceasas,Cenoura - Ceasas,Extra A,,preco,5.0,"5,00",R$/Kg,price,BRL,kg,spot,,,physical
2026-04-07,legumes,cenoura-ceasas,Cenoura - Ceasas,Extra A,,variacao_pct,0.0,"0,00",%,change_pct,,pct,spot,,,physical
2026-04-07,legumes,tomate-ceasas,Tomate - Ceasas,Carmem 3A,,preco,7.9,"7,90",R$/Kg,price,BRL,kg,spot,,,physical
2026-04-07,legumes,tomate-ceasas,Tomate - Ceasas,Carmem 3A,,variacao_pct,31.45,"+31,45",%,change_pct,,pct,spot,,,physical
2026-04-07,legumes,tomate-ceasas,Tomate - Ceasas,Débora 3A,,preco,5.55,"5,55",R$/Kg,price,BRL,kg,spot,,,physical
2026-04-07,legumes,tomate-ceasas,Tomate - Ceasas,Débora 3A,,variacao_pct,18.09,"+18,09",%,change_pct,,pct,spot,,,physical
2026-04-07,legumes,tomate-ceasas,Tomate - Ceasas,Longa Vida/Carmem Extra,,preco,6.5,"6,50",R$/Kg,price,BRL,kg,spot,,,physical
2026-04-07,legumes,tomate-ceasas,Tomate - Ceasas,Longa Vida/Carmem Extra,,variacao_pct,0.0,"0,00",%,change_pct,,pct,spot,,,physical
2026-04-07,legumes,tomate-ceasas,Tomate - Ceasas,Longa Vida/Débora Extra,,preco,6.0,"6,00",R$/Kg,price,BRL,kg,spot,,,physical
2026-04-07,legumes,tomate-ceasas,Tomate - Ceasas,Longa Vida/Débora Extra,,variacao_pct,0.0,"0,00",%,change_pct,,pct,spot,,,physical
2026-04-07,legumes,tomate-ceasas,Tomate - Ceasas,Longa Vida/Extra A,,preco,5.0,"5,00",R$/Kg,price,BRL,kg,spot,,,physical
2026-04-07,legumes,tomate-ceasas,Tomate - Ceasas,Longa Vida/Extra A,,variacao_pct,0.0,"0,00",%,change_pct,,pct,spot,,,physical
2026-04-07,legumes,tomate-ceasas,Tomate - Ceasas,Santa Cruz/Extra A,,preco,,s/ cotação,R$/Kg,price,BRL,kg,spot,,,physical
2026-04-07,legumes,tomate-ceasas,Tomate - Ceasas,Santa Cruz/Extra A,,variacao_pct,,-,%,change_pct,,pct,spot,,,physical
2026-04-08,legumes,batata-ceasas,Batata - Ceasas,Agatha Primeira,,preco,1.6,"1,60",R$/Kg,price,BRL,kg,spot,,,physical
2026-04-08,legumes,batata-ceasas,Batata - Ceasas,Agatha Primeira,,variacao_pct,-33.33,"-33,33",%,change_pct,,pct,spot,,,physical
2026-04-08,legumes,batata-ceasas,Batata - Ceasas,Aster Primeira,,preco,1.0,"1,00",R$/Kg,price,BRL,kg,spot,,,physical
2026-04-08,legumes,batata-ceasas,Batata - Ceasas,Aster Primeira,,variacao_pct,0.0,"0,00",%,change_pct,,pct,spot,,,physical
2026-04-08,legumes,batata-ceasas,Batata - Ceasas,Asterix,,preco,2.92,"2,92",R$/Kg,price,BRL,kg,spot,,,physical
2026-04-08,legumes,batata-ceasas,Batata - Ceasas,Asterix,,variacao_pct,0.0,"0,00",%,change_pct,,pct,spot,,,physical
2026-04-08,legumes,batata-ceasas,Batata - Ceasas,Escovada Especial,,preco,2.27,"2,27",R$/Kg,price,BRL,kg,spot,,,physical
2026-04-08,legumes,batata-ceasas,Batata - Ceasas,Escovada Especial,,variacao_pct,0.0,"0,00",%,change_pct,,pct,spot,,,physical
2026-04-08,legumes,batata-ceasas,Batata - Ceasas,Lavada Especial,,preco,3.74,"3,74",R$/Kg,price,BRL,kg,spot,,,physical
2026-04-08,legumes,batata-ceasas,Batata - Ceasas,Lavada Especial,,variacao_pct,0.0,"0,00",%,change_pct,,pct,spot,,,physical
2026-04-08,legumes,batata-ceasas,Batata - Ceasas,Yacon,,preco,8.0,"8,00",R$/Kg,price,BRL,kg,spot,,,physical
2026-04-08,legumes,batata-ceasas,Batata - Ceasas,Yacon,,variacao_pct,0.0,"0,00",%,change_pct,,pct,spot,,,physical
2026-04-08,legumes,cebola-no-atacado,Cebola - Ceasas,Amarela Mineira,,preco,3.5,"3,50",R$/Kg,price,BRL,kg,spot,,,physical
2026-04-08,legumes,cebola-no-atacado,Cebola - Ceasas,Amarela Mineira,,variacao_pct,16.67,"+16,67",%,change_pct,,pct,spot,,,physical
2026-04-08,legumes,cebola-no-atacado,Cebola - Ceasas,Amarela Paulista,,preco,3.5,"3,50",R$/Kg,price,BRL,kg,spot,,,physical
2026-04-08,legumes,cebola-no-atacado,Cebola - Ceasas,Amarela Paulista,,variacao_pct,27.27,"+27,27",%,change_pct,,pct,spot,,,physical
2026-04-08,legumes,cebola-no-atacado,Cebola - Ceasas,Amarela Pernambucana,,preco,,s/ cotação,R$/Kg,price,BRL,kg,spot,,,physical
2026-04-08,legumes,cebola-no-atacado,Cebola - Ceasas,Amarela Pernambucana,,variacao_pct,,-,%,change_pct,,pct,spot,,,physical
2026-04-08,legumes,cebola-no-atacado,Cebola - Ceasas,Amarela Santa Catarina,,preco,3.5,"3,50",R$/Kg,price,BRL,kg,spot,,,physical
2026-04-08,legumes,cebola-no-atacado,Cebola - Ceasas,Amarela Santa Catarina,,variacao_pct,27.27,"+27,27",%,change_pct,,pct,spot,,,physical
2026-04-08,legumes,cebola-no-atacado,Cebola - Ceasas,Importada Argentina,,preco,3.5,"3,50",R$/Kg,price,BRL,kg,spot,,,physical
2026-04-08,legumes,cebola-no-atacado,Cebola - Ceasas,Importada Argentina,,variacao_pct,16.67,"+16,67",%,change_pct,,pct,spot,,,physical
2026-04-08,legumes,cebola-no-atacado,Cebola - Ceasas,Nacional (Caixa 4),,preco,2.63,"2,63",R$/Kg,price,BRL,kg,spot,,,physical
2026-04-08,legumes,cebola-no-atacado,Cebola - Ceasas,Nacional (Caixa 4),,variacao_pct,0.0,"0,00",%,change_pct,,pct,spot,,,physical
2026-04-08,legumes,cebola-no-atacado,Cebola - Ceasas,Roxa (Caixa 4),,preco,3.68,"3,68",R$/Kg,price,BRL,kg,spot,,,physical
2026-04-08,legumes,cebola-no-atacado,Cebola - Ceasas,Roxa (Caixa 4),,variacao_pct,0.0,"0,00",%,change_pct,,pct,spot,,,physical
2026-04-08,legumes,cenoura-ceasas,Cenoura - Ceasas,Cenoura 2A,,preco,5.21,"5,21",R$/Kg,price,BRL,kg,spot,,,physical
2026-04-08,legumes,cenoura-ceasas,Cenoura - Ceasas,Cenoura 2A,,variacao_pct,0.0,"0,00",%,change_pct,,pct,spot,,,physical
2026-04-08,legumes,cenoura-ceasas,Cenoura - Ceasas,Cenoura G,,preco,4.65,"4,65",R$/Kg,price,BRL,kg,spot,,,physical
2026-04-08,legumes,cenoura-ceasas,Cenoura - Ceasas,Cenoura G,,variacao_pct,0.0,"0,00",%,change_pct,,pct,spot,,,physical
2026-04-08,legumes,cenoura-ceasas,Cenoura - Ceasas,Especial,,preco,4.0,"4,00",R$/Kg,price,BRL,kg,spot,,,physical
2026-04-08,legumes,cenoura-ceasas,Cenoura - Ceasas,Especial,,variacao_pct,23.08,"+23,08",%,change_pct,,pct,spot,,,physical
2026-04-08,legumes,cenoura-ceasas,Cenoura - Ceasas,Extra,,preco,4.5,"4,50",R$/Kg,price,BRL,kg,spot,,,physical
2026-04-08,legumes,cenoura-ceasas,Cenoura - Ceasas,Extra,,variacao_pct,28.57,"+28,57",%,change_pct,,pct,spot,,,physical
2026-04-08,legumes,cenoura-ceasas,Cenoura - Ceasas,Extra A,,preco,6.0,"6,00",R$/Kg,price,BRL,kg,spot,,,physical
2026-04-08,legumes,cenoura-ceasas,Cenoura - Ceasas,Extra A,,variacao_pct,20.0,"+20,00",%,change_pct,,pct,spot,,,physical
2026-04-08,legumes,tomate-ceasas,Tomate - Ceasas,Carmem 3A,,preco,7.9,"7,90",R$/Kg,price,BRL,kg,spot,,,physical
2026-04-08,legumes,tomate-ceasas,Tomate - Ceasas,Carmem 3A,,variacao_pct,0.0,"0,00",%,change_pct,,pct,spot,,,physical
2026-04-08,legumes,tomate-ceasas,Tomate - Ceasas,Débora 3A,,preco,5.55,"5,55",R$/Kg,price,BRL,kg,spot,,,physical
2026-04-08,legumes,tomate-ceasas,Tomate - Ceasas,Débora 3A,,variacao_pct,0.0,"0,00",%,change_pct,,pct,spot,,,physical
2026-04-08,legumes,tomate-ceasas,Tomate - Ceasas,Longa Vida/Carmem Extra,,preco,6.5,"6,50",R$/Kg,price,BRL,kg,spot,,,physical
2026-04-08,legumes,tomate-ceasas,Tomate - Ceasas,Longa Vida/Carmem Extra,,variacao_pct,0.0,"0,00",%,change_pct,,pct,spot,,,physical
2026-04-08,legumes,tomate-ceasas,Tomate - Ceasas,Longa Vida/Débora Extra,,preco,6.0,"6,00",R$/Kg,price,BRL,kg,spot,,,physical
2026-04-08,legumes,tomate-ceasas,Tomate - Ceasas,Longa Vida/Débora Extra,,variacao_pct,0.0,"0,00",%,change_pct,,pct,spot,,,physical
2026-04-08,legumes,tomate-ceasas,Tomate - Ceasas,Longa Vida/Extra A,,preco,3.0,"3,00",R$/Kg,price,BRL,kg,spot,,,physical
2026-04-08,legumes,tomate-ceasas,Tomate - Ceasas,Longa Vida/Extra A,,variacao_pct,-40.0,"-40,00",%,change_pct,,pct,spot,,,physical
2026-04-08,legumes,tomate-ceasas,Tomate - Ceasas,Santa Cruz/Extra A,,preco,,s/ cotação,R$/Kg,price,BRL,kg,spot,,,physical
2026-04-08,legumes,tomate-ceasas,Tomate - Ceasas,Santa Cruz/Extra A,,variacao_pct,,-,%,change_pct,,pct,spot,,,physical
2026-04-09,legumes,batata-ceasas,Batata - Ceasas,Agatha Primeira,,preco,1.6,"1,60",R$/Kg,price,BRL,kg,spot,,,physical
2026-04-09,legumes,batata-ceasas,Batata - Ceasas,Agatha Primeira,,variacao_pct,0.0,"0,00",%,change_pct,,pct,spot,,,physical
2026-04-09,legumes,batata-ceasas,Batata - Ceasas,Aster Primeira,,preco,1.0,"1,00",R$/Kg,price,BRL,kg,spot,,,physical
2026-04-09,legumes,batata-ceasas,Batata - Ceasas,Aster Primeira,,variacao_pct,0.0,"0,00",%,change_pct,,pct,spot,,,physical
2026-04-09,legumes,batata-ceasas,Batata - Ceasas,Asterix,,preco,2.85,"2,85",R$/Kg,price,BRL,kg,spot,,,physical
2026-04-09,legumes,batata-ceasas,Batata - Ceasas,Asterix,,variacao_pct,-2.4,"-2,40",%,change_pct,,pct,spot,,,physical
2026-04-09,legumes,batata-ceasas,Batata - Ceasas,Escovada Especial,,preco,2.2,"2,20",R$/Kg,price,BRL,kg,spot,,,physical
2026-04-09,legumes,batata-ceasas,Batata - Ceasas,Escovada Especial,,variacao_pct,-3.08,"-3,08",%,change_pct,,pct,spot,,,physical
2026-04-09,legumes,batata-ceasas,Batata - Ceasas,Lavada Especial,,preco,3.35,"3,35",R$/Kg,price,BRL,kg,spot,,,physical
2026-04-09,legumes,batata-ceasas,Batata - Ceasas,Lavada Especial,,variacao_pct,-10.43,"-10,43",%,change_pct,,pct,spot,,,physical
2026-04-09,legumes,batata-ceasas,Batata - Ceasas,Yacon,,preco,8.0,"8,00",R$/Kg,price,BRL,kg,spot,,,physical
2026-04-09,legumes,batata-ceasas,Batata - Ceasas,Yacon,,variacao_pct,0.0,"0,00",%,change_pct,,pct,spot,,,physical
2026-04-09,legumes,cebola-no-atacado,Cebola - Ceasas,Amarela Mineira,,preco,3.5,"3,50",R$/Kg,price,BRL,kg,spot,,,physical
2026-04-09,legumes,cebola-no-atacado,Cebola - Ceasas,Amarela Mineira,,variacao_pct,0.0,"0,00",%,change_pct,,pct,spot,,,physical
2026-04-09,legumes,cebola-no-atacado,Cebola - Ceasas,Amarela Paulista,,preco,3.5,"3,50",R$/Kg,price,BRL,kg,spot,,,physical
2026-04-09,legumes,cebola-no-atacado,Cebola - Ceasas,Amarela Paulista,,variacao_pct,0.0,"0,00",%,change_pct,,pct,spot,,,physical
2026-04-09,legumes,cebola-no-atacado,Cebola - Ceasas,Amarela Pernambucana,,preco,,s/ cotação,R$/Kg,price,BRL,kg,spot,,,physical
2026-04-09,legumes,cebola-no-atacado,Cebola - Ceasas,Amarela Pernambucana,,variacao_pct,,-,%,change_pct,,pct,spot,,,physical
2026-04-09,legumes,cebola-no-atacado,Cebola - Ceasas,Amarela Santa Catarina,,preco,3.5,"3,50",R$/Kg,price,BRL,kg,spot,,,physical
2026-04-09,legumes,cebola-no-atacado,Cebola - Ceasas,Amarela Santa Catarina,,variacao_pct,0.0,"0,00",%,change_pct,,pct,spot,,,physical
2026-04-09,legumes,cebola-no-atacado,Cebola - Ceasas,Importada Argentina,,preco,3.5,"3,50",R$/Kg,price,BRL,kg,spot,,,physical
2026-04-09,legumes,cebola-no-atacado,Cebola - Ceasas,Importada Argentina,,variacao_pct,0.0,"0,00",%,change_pct,,pct,spot,,,physical
2026-04-09,legumes,cebola-no-atacado,Cebola - Ceasas,Nacional (Caixa 4),,preco,3.37,"3,37",R$/Kg,price,BRL,kg,spot,,,physical
2026-04-09,legumes,cebola-no-atacado,Cebola - Ceasas,Nacional (Caixa 4),,variacao_pct,28.14,"+28,14",%,change_pct,,pct,spot,,,physical
2026-04-09,legumes,cebola-no-atacado,Cebola - Ceasas,Roxa (Caixa 4),,preco,4.78,"4,78",R$/Kg,price,BRL,kg,spot,,,physical
2026-04-09,legumes,cebola-no-atacado,Cebola - Ceasas,Roxa (Caixa 4),,variacao_pct,29.89,"+29,89",%,change_pct,,pct,spot,,,physical
2026-04-09,legumes,cenoura-ceasas,Cenoura - Ceasas,Cenoura 2A,,preco,5.77,"5,77",R$/Kg,price,BRL,kg,spot,,,physical
2026-04-09,legumes,cenoura-ceasas,Cenoura - Ceasas,Cenoura 2A,,variacao_pct,10.75,"+10,75",%,change_pct,,pct,spot,,,physical
2026-04-09,legumes,cenoura-ceasas,Cenoura - Ceasas,Cenoura G,,preco,5.2,"5,20",R$/Kg,price,BRL,kg,spot,,,physical
2026-04-09,legumes,cenoura-ceasas,Cenoura - Ceasas,Cenoura G,,variacao_pct,11.83,"+11,83",%,change_pct,,pct,spot,,,physical
2026-04-09,legumes,cenoura-ceasas,Cenoura - Ceasas,Especial,,preco,4.0,"4,00",R$/Kg,price,BRL,kg,spot,,,physical
2026-04-09,legumes,cenoura-ceasas,Cenoura - Ceasas,Especial,,variacao_pct,0.0,"0,00",%,change_pct,,pct,spot,,,physical
2026-04-09,legumes,cenoura-ceasas,Cenoura - Ceasas,Extra,,preco,4.5,"4,50",R$/Kg,price,BRL,kg,spot,,,physical
2026-04-09,legumes,cenoura-ceasas,Cenoura - Ceasas,Extra,,variacao_pct,0.0,"0,00",%,change_pct,,pct,spot,,,physical
2026-04-09,legumes,cenoura-ceasas,Cenoura - Ceasas,Extra A,,preco,6.0,"6,00",R$/Kg,price,BRL,kg,spot,,,physical
2026-04-09,legumes,cenoura-ceasas,Cenoura - Ceasas,Extra A,,variacao_pct,0.0,"0,00",%,change_pct,,pct,spot,,,physical
2026-04-09,legumes,tomate-ceasas,Tomate - Ceasas,Carmem 3A,,preco,8.5,"8,50",R$/Kg,price,BRL,kg,spot,,,physical
2026-04-09,legumes,tomate-ceasas,Tomate - Ceasas,Carmem 3A,,variacao_pct,7.59,"+7,59",%,change_pct,,pct,spot,,,physical
2026-04-09,legumes,tomate-ceasas,Tomate - Ceasas,Débora 3A,,preco,5.69,"5,69",R$/Kg,price,BRL,kg,spot,,,physical
2026-04-09,legumes,tomate-ceasas,Tomate - Ceasas,Débora 3A,,variacao_pct,2.52,"+2,52",%,change_pct,,pct,spot,,,physical
2026-04-09,legumes,tomate-ceasas,Tomate - Ceasas,Longa Vida/Carmem Extra,,preco,6.5,"6,50",R$/Kg,price,BRL,kg,spot,,,physical
2026-04-09,legumes,tomate-ceasas,Tomate - Ceasas,Longa Vida/Carmem Extra,,variacao_pct,0.0,"0,00",%,change_pct,,pct,spot,,,physical
2026-04-09,legumes,tomate-ceasas,Tomate - Ceasas,Longa Vida/Débora Extra,,preco,6.0,"6,00",R$/Kg,price,BRL,kg,spot,,,physical
2026-04-09,legumes,tomate-ceasas,Tomate - Ceasas,Longa Vida/Débora Extra,,variacao_pct,0.0,"0,00",%,change_pct,,pct,spot,,,physical
2026-04-09,legumes,tomate-ceasas,Tomate - Ceasas,Longa Vida/Extra A,,preco,3.0,"3,00",R$/Kg,price,BRL,kg,spot,,,physical
2026-04-09,legumes,tomate-ceasas,Tomate - Ceasas,Longa Vida/Extra A,,variacao_pct,0.0,"0,00",%,change_pct,,pct,spot,,,physical
2026-04-09,legumes,tomate-ceasas,Tomate - Ceasas,Santa Cruz/Extra A,,preco,,s/ cotação,R$/Kg,price,BRL,kg,spot,,,physical
2026-04-09,legumes,tomate-ceasas,Tomate - Ceasas,Santa Cruz/Extra A,,variacao_pct,,-,%,change_pct,,pct,spot,,,physical
2026-04-10,legumes,batata-ceasas,Batata - Ceasas,Agatha Primeira,,preco,2.0,"2,00",R$/Kg,price,BRL,kg,spot,,,physical
2026-04-10,legumes,batata-ceasas,Batata - Ceasas,Agatha Primeira,,variacao_pct,25.0,"+25,00",%,change_pct,,pct,spot,,,physical
2026-04-10,legumes,batata-ceasas,Batata - Ceasas,Aster Primeira,,preco,1.0,"1,00",R$/Kg,price,BRL,kg,spot,,,physical
2026-04-10,legumes,batata-ceasas,Batata - Ceasas,Aster Primeira,,variacao_pct,0.0,"0,00",%,change_pct,,pct,spot,,,physical
2026-04-10,legumes,batata-ceasas,Batata - Ceasas,Asterix,,preco,2.85,"2,85",R$/Kg,price,BRL,kg,spot,,,physical
2026-04-10,legumes,batata-ceasas,Batata - Ceasas,Asterix,,variacao_pct,0.0,"0,00",%,change_pct,,pct,spot,,,physical
2026-04-10,legumes,batata-ceasas,Batata - Ceasas,Escovada Especial,,preco,2.2,"2,20",R$/Kg,price,BRL,kg,spot,,,physical
2026-04-10,legumes,batata-ceasas,Batata - Ceasas,Escovada Especial,,variacao_pct,0.0,"0,00",%,change_pct,,pct,spot,,,physical
2026-04-10,legumes,batata-ceasas,Batata - Ceasas,Lavada Especial,,preco,3.35,"3,35",R$/Kg,price,BRL,kg,spot,,,physical
2026-04-10,legumes,batata-ceasas,Batata - Ceasas,Lavada Especial,,variacao_pct,0.0,"0,00",%,change_pct,,pct,spot,,,physical
2026-04-10,legumes,batata-ceasas,Batata - Ceasas,Yacon,,preco,8.0,"8,00",R$/Kg,price,BRL,kg,spot,,,physical
2026-04-10,legumes,batata-ceasas,Batata - Ceasas,Yacon,,variacao_pct,0.0,"0,00",%,change_pct,,pct,spot,,,physical
2026-04-10,legumes,cebola-no-atacado,Cebola - Ceasas,Amarela Mineira,,preco,3.5,"3,50",R$/Kg,price,BRL,kg,spot,,,physical
2026-04-10,legumes,cebola-no-atacado,Cebola - Ceasas,Amarela Mineira,,variacao_pct,0.0,"0,00",%,change_pct,,pct,spot,,,physical
2026-04-10,legumes,cebola-no-atacado,Cebola - Ceasas,Amarela Paulista,,preco,3.5,"3,50",R$/Kg,price,BRL,kg,spot,,,physical
2026-04-10,legumes,cebola-no-atacado,Cebola - Ceasas,Amarela Paulista,,variacao_pct,0.0,"0,00",%,change_pct,,pct,spot,,,physical
2026-04-10,legumes,cebola-no-atacado,Cebola - Ceasas,Amarela Pernambucana,,preco,,s/ cotação,R$/Kg,price,BRL,kg,spot,,,physical
2026-04-10,legumes,cebola-no-atacado,Cebola - Ceasas,Amarela Pernambucana,,variacao_pct,,-,%,change_pct,,pct,spot,,,physical
2026-04-10,legumes,cebola-no-atacado,Cebola - Ceasas,Amarela Santa Catarina,,preco,3.5,"3,50",R$/Kg,price,BRL,kg,spot,,,physical
2026-04-10,legumes,cebola-no-atacado,Cebola - Ceasas,Amarela Santa Catarina,,variacao_pct,0.0,"0,00",%,change_pct,,pct,spot,,,physical
2026-04-10,legumes,cebola-no-atacado,Cebola - Ceasas,Importada Argentina,,preco,3.5,"3,50",R$/Kg,price,BRL,kg,spot,,,physical
2026-04-10,legumes,cebola-no-atacado,Cebola - Ceasas,Importada Argentina,,variacao_pct,0.0,"0,00",%,change_pct,,pct,spot,,,physical
2026-04-10,legumes,cebola-no-atacado,Cebola - Ceasas,Nacional (Caixa 4),,preco,3.37,"3,37",R$/Kg,price,BRL,kg,spot,,,physical
2026-04-10,legumes,cebola-no-atacado,Cebola - Ceasas,Nacional (Caixa 4),,variacao_pct,0.0,"0,00",%,change_pct,,pct,spot,,,physical
2026-04-10,legumes,cebola-no-atacado,Cebola - Ceasas,Roxa (Caixa 4),,preco,4.78,"4,78",R$/Kg,price,BRL,kg,spot,,,physical
2026-04-10,legumes,cebola-no-atacado,Cebola - Ceasas,Roxa (Caixa 4),,variacao_pct,0.0,"0,00",%,change_pct,,pct,spot,,,physical
2026-04-10,legumes,cenoura-ceasas,Cenoura - Ceasas,Cenoura 2A,,preco,5.77,"5,77",R$/Kg,price,BRL,kg,spot,,,physical
2026-04-10,legumes,cenoura-ceasas,Cenoura - Ceasas,Cenoura 2A,,variacao_pct,0.0,"0,00",%,change_pct,,pct,spot,,,physical
2026-04-10,legumes,cenoura-ceasas,Cenoura - Ceasas,Cenoura G,,preco,5.2,"5,20",R$/Kg,price,BRL,kg,spot,,,physical
2026-04-10,legumes,cenoura-ceasas,Cenoura - Ceasas,Cenoura G,,variacao_pct,0.0,"0,00",%,change_pct,,pct,spot,,,physical
2026-04-10,legumes,cenoura-ceasas,Cenoura - Ceasas,Especial,,preco,4.0,"4,00",R$/Kg,price,BRL,kg,spot,,,physical
2026-04-10,legumes,cenoura-ceasas,Cenoura - Ceasas,Especial,,variacao_pct,0.0,"0,00",%,change_pct,,pct,spot,,,physical
2026-04-10,legumes,cenoura-ceasas,Cenoura - Ceasas,Extra,,preco,4.5,"4,50",R$/Kg,price,BRL,kg,spot,,,physical
2026-04-10,legumes,cenoura-ceasas,Cenoura - Ceasas,Extra,,variacao_pct,0.0,"0,00",%,change_pct,,pct,spot,,,physical
2026-04-10,legumes,cenoura-ceasas,Cenoura - Ceasas,Extra A,,preco,6.25,"6,25",R$/Kg,price,BRL,kg,spot,,,physical
2026-04-10,legumes,cenoura-ceasas,Cenoura - Ceasas,Extra A,,variacao_pct,4.17,"+4,17",%,change_pct,,pct,spot,,,physical
2026-04-10,legumes,tomate-ceasas,Tomate - Ceasas,Carmem 3A,,preco,8.5,"8,50",R$/Kg,price,BRL,kg,spot,,,physical
2026-04-10,legumes,tomate-ceasas,Tomate - Ceasas,Carmem 3A,,variacao_pct,0.0,"0,00",%,change_pct,,pct,spot,,,physical
2026-04-10,legumes,tomate-ceasas,Tomate - Ceasas,Débora 3A,,preco,5.69,"5,69",R$/Kg,price,BRL,kg,spot,,,physical
2026-04-10,legumes,tomate-ceasas,Tomate - Ceasas,Débora 3A,,variacao_pct,0.0,"0,00",%,change_pct,,pct,spot,,,physical
2026-04-10,legumes,tomate-ceasas,Tomate - Ceasas,Longa Vida/Carmem Extra,,preco,6.5,"6,50",R$/Kg,price,BRL,kg,spot,,,physical
2026-04-10,legumes,tomate-ceasas,Tomate - Ceasas,Longa Vida/Carmem Extra,,variacao_pct,0.0,"0,00",%,change_pct,,pct,spot,,,physical
2026-04-10,legumes,tomate-ceasas,Tomate - Ceasas,Longa Vida/Débora Extra,,preco,6.0,"6,00",R$/Kg,price,BRL,kg,spot,,,physical
2026-04-10,legumes,tomate-ceasas,Tomate - Ceasas,Longa Vida/Débora Extra,,variacao_pct,0.0,"0,00",%,change_pct,,pct,spot,,,physical
2026-04-10,legumes,tomate-ceasas,Tomate - Ceasas,Longa Vida/Extra A,,preco,3.75,"3,75",R$/Kg,price,BRL,kg,spot,,,physical
2026-04-10,legumes,tomate-ceasas,Tomate - Ceasas,Longa Vida/Extra A,,variacao_pct,25.0,"+25,00",%,change_pct,,pct,spot,,,physical
2026-04-10,legumes,tomate-ceasas,Tomate - Ceasas,Santa Cruz/Extra A,,preco,,s/ cotação,R$/Kg,price,BRL,kg,spot,,,physical
2026-04-10,legumes,tomate-ceasas,Tomate - Ceasas,Santa Cruz/Extra A,,variacao_pct,,-,%,change_pct,,pct,spot,,,physical
2026-04-13,legumes,batata-ceasas,Batata - Ceasas,Agatha Primeira,,preco,1.8,"1,80",R$/Kg,price,BRL,kg,spot,,,physical
2026-04-13,legumes,batata-ceasas,Batata - Ceasas,Agatha Primeira,,variacao_pct,-10.0,"-10,00",%,change_pct,,pct,spot,,,physical
2026-04-13,legumes,batata-ceasas,Batata - Ceasas,Aster Primeira,,preco,1.0,"1,00",R$/Kg,price,BRL,kg,spot,,,physical
2026-04-13,legumes,batata-ceasas,Batata - Ceasas,Aster Primeira,,variacao_pct,0.0,"0,00",%,change_pct,,pct,spot,,,physical
2026-04-13,legumes,batata-ceasas,Batata - Ceasas,Asterix,,preco,3.11,"3,11",R$/Kg,price,BRL,kg,spot,,,physical
2026-04-13,legumes,batata-ceasas,Batata - Ceasas,Asterix,,variacao_pct,9.12,"+9,12",%,change_pct,,pct,spot,,,physical
2026-04-13,legumes,batata-ceasas,Batata - Ceasas,Escovada Especial,,preco,2.42,"2,42",R$/Kg,price,BRL,kg,spot,,,physical
2026-04-13,legumes,batata-ceasas,Batata - Ceasas,Escovada Especial,,variacao_pct,10.0,"+10,00",%,change_pct,,pct,spot,,,physical
2026-04-13,legumes,batata-ceasas,Batata - Ceasas,Lavada Especial,,preco,3.44,"3,44",R$/Kg,price,BRL,kg,spot,,,physical
2026-04-13,legumes,batata-ceasas,Batata - Ceasas,Lavada Especial,,variacao_pct,2.69,"+2,69",%,change_pct,,pct,spot,,,physical
2026-04-13,legumes,batata-ceasas,Batata - Ceasas,Yacon,,preco,8.0,"8,00",R$/Kg,price,BRL,kg,spot,,,physical
2026-04-13,legumes,batata-ceasas,Batata - Ceasas,Yacon,,variacao_pct,0.0,"0,00",%,change_pct,,pct,spot,,,physical
2026-04-13,legumes,cebola-no-atacado,Cebola - Ceasas,Amarela Mineira,,preco,3.5,"3,50",R$/Kg,price,BRL,kg,spot,,,physical
2026-04-13,legumes,cebola-no-atacado,Cebola - Ceasas,Amarela Mineira,,variacao_pct,0.0,"0,00",%,change_pct,,pct,spot,,,physical
2026-04-13,legumes,cebola-no-atacado,Cebola - Ceasas,Amarela Paulista,,preco,3.25,"3,25",R$/Kg,price,BRL,kg,spot,,,physical
2026-04-13,legumes,cebola-no-atacado,Cebola - Ceasas,Amarela Paulista,,variacao_pct,-7.14,"-7,14",%,change_pct,,pct,spot,,,physical
2026-04-13,legumes,cebola-no-atacado,Cebola - Ceasas,Amarela Pernambucana,,preco,,s/ cotação,R$/Kg,price,BRL,kg,spot,,,physical
2026-04-13,legumes,cebola-no-atacado,Cebola - Ceasas,Amarela Pernambucana,,variacao_pct,,-,%,change_pct,,pct,spot,,,physical
2026-04-13,legumes,cebola-no-atacado,Cebola - Ceasas,Amarela Santa Catarina,,preco,3.25,"3,25",R$/Kg,price,BRL,kg,spot,,,physical
2026-04-13,legumes,cebola-no-atacado,Cebola - Ceasas,Amarela Santa Catarina,,variacao_pct,-7.14,"-7,14",%,change_pct,,pct,spot,,,physical
2026-04-13,legumes,cebola-no-atacado,Cebola - Ceasas,Importada Argentina,,preco,3.5,"3,50",R$/Kg,price,BRL,kg,spot,,,physical
2026-04-13,legumes,cebola-no-atacado,Cebola - Ceasas,Importada Argentina,,variacao_pct,0.0,"0,00",%,change_pct,,pct,spot,,,physical
2026-04-13,legumes,cebola-no-atacado,Cebola - Ceasas,Nacional (Caixa 4),,preco,3.25,"3,25",R$/Kg,price,BRL,kg,spot,,,physical
2026-04-13,legumes,cebola-no-atacado,Cebola - Ceasas,Nacional (Caixa 4),,variacao_pct,-3.56,"-3,56",%,change_pct,,pct,spot,,,physical
2026-04-13,legumes,cebola-no-atacado,Cebola - Ceasas,Roxa (Caixa 4),,preco,4.37,"4,37",R$/Kg,price,BRL,kg,spot,,,physical
2026-04-13,legumes,cebola-no-atacado,Cebola - Ceasas,Roxa (Caixa 4),,variacao_pct,-8.58,"-8,58",%,change_pct,,pct,spot,,,physical
2026-04-13,legumes,cenoura-ceasas,Cenoura - Ceasas,Cenoura 2A,,preco,6.78,"6,78",R$/Kg,price,BRL,kg,spot,,,physical
2026-04-13,legumes,cenoura-ceasas,Cenoura - Ceasas,Cenoura 2A,,variacao_pct,17.5,"+17,50",%,change_pct,,pct,spot,,,physical
2026-04-13,legumes,cenoura-ceasas,Cenoura - Ceasas,Cenoura G,,preco,6.19,"6,19",R$/Kg,price,BRL,kg,spot,,,physical
2026-04-13,legumes,cenoura-ceasas,Cenoura - Ceasas,Cenoura G,,variacao_pct,19.04,"+19,04",%,change_pct,,pct,spot,,,physical
2026-04-13,legumes,cenoura-ceasas,Cenoura - Ceasas,Especial,,preco,4.5,"4,50",R$/Kg,price,BRL,kg,spot,,,physical
2026-04-13,legumes,cenoura-ceasas,Cenoura - Ceasas,Especial,,variacao_pct,12.5,"+12,50",%,change_pct,,pct,spot,,,physical
2026-04-13,legumes,cenoura-ceasas,Cenoura - Ceasas,Extra,,preco,4.5,"4,50",R$/Kg,price,BRL,kg,spot,,,physical
2026-04-13,legumes,cenoura-ceasas,Cenoura - Ceasas,Extra,,variacao_pct,0.0,"0,00",%,change_pct,,pct,spot,,,physical
2026-04-13,legumes,cenoura-ceasas,Cenoura - Ceasas,Extra A,,preco,6.25,"6,25",R$/Kg,price,BRL,kg,spot,,,physical
2026-04-13,legumes,cenoura-ceasas,Cenoura - Ceasas,Extra A,,variacao_pct,0.0,"0,00",%,change_pct,,pct,spot,,,physical
2026-04-13,legumes,tomate-ceasas,Tomate - Ceasas,Carmem 3A,,preco,8.48,"8,48",R$/Kg,price,BRL,kg,spot,,,physical
2026-04-13,legumes,tomate-ceasas,Tomate - Ceasas,Carmem 3A,,variacao_pct,-0.24,"-0,24",%,change_pct,,pct,spot,,,physical
2026-04-13,legumes,tomate-ceasas,Tomate - Ceasas,Débora 3A,,preco,5.82,"5,82",R$/Kg,price,BRL,kg,spot,,,physical
2026-04-13,legumes,tomate-ceasas,Tomate - Ceasas,Débora 3A,,variacao_pct,2.28,"+2,28",%,change_pct,,pct,spot,,,physical
2026-04-13,legumes,tomate-ceasas,Tomate - Ceasas,Longa Vida/Carmem Extra,,preco,6.5,"6,50",R$/Kg,price,BRL,kg,spot,,,physical
2026-04-13,legumes,tomate-ceasas,Tomate - Ceasas,Longa Vida/Carmem Extra,,variacao_pct,0.0,"0,00",%,change_pct,,pct,spot,,,physical
2026-04-13,legumes,tomate-ceasas,Tomate - Ceasas,Longa Vida/Débora Extra,,preco,6.0,"6,00",R$/Kg,price,BRL,kg,spot,,,physical
2026-04-13,legumes,tomate-ceasas,Tomate - Ceasas,Longa Vida/Débora Extra,,variacao_pct,0.0,"0,00",%,change_pct,,pct,spot,,,physical
2026-04-13,legumes,tomate-ceasas,Tomate - Ceasas,Longa Vida/Extra A,,preco,3.25,"3,25",R$/Kg,price,BRL,kg,spot,,,physical
2026-04-13,legumes,tomate-ceasas,Tomate - Ceasas,Longa Vida/Extra A,,variacao_pct,-13.33,"-13,33",%,change_pct,,pct,spot,,,physical
2026-04-13,legumes,tomate-ceasas,Tomate - Ceasas,Santa Cruz/Extra A,,preco,,s/ cotação,R$/Kg,price,BRL,kg,spot,,,physical
2026-04-13,legumes,tomate-ceasas,Tomate - Ceasas,Santa Cruz/Extra A,,variacao_pct,,-,%,change_pct,,pct,spot,,,physical
2026-04-14,legumes,batata-ceasas,Batata - Ceasas,Agatha Primeira,,preco,1.8,"1,80",R$/Kg,price,BRL,kg,spot,,,physical
2026-04-14,legumes,batata-ceasas,Batata - Ceasas,Agatha Primeira,,variacao_pct,0.0,"0,00",%,change_pct,,pct,spot,,,physical
2026-04-14,legumes,batata-ceasas,Batata - Ceasas,Aster Primeira,,preco,1.0,"1,00",R$/Kg,price,BRL,kg,spot,,,physical
2026-04-14,legumes,batata-ceasas,Batata - Ceasas,Aster Primeira,,variacao_pct,0.0,"0,00",%,change_pct,,pct,spot,,,physical
2026-04-14,legumes,batata-ceasas,Batata - Ceasas,Asterix,,preco,3.35,"3,35",R$/Kg,price,BRL,kg,spot,,,physical
2026-04-14,legumes,batata-ceasas,Batata - Ceasas,Asterix,,variacao_pct,7.72,"+7,72",%,change_pct,,pct,spot,,,physical
2026-04-14,legumes,batata-ceasas,Batata - Ceasas,Escovada Especial,,preco,3.06,"3,06",R$/Kg,price,BRL,kg,spot,,,physical
2026-04-14,legumes,batata-ceasas,Batata - Ceasas,Escovada Especial,,variacao_pct,26.45,"+26,45",%,change_pct,,pct,spot,,,physical
2026-04-14,legumes,batata-ceasas,Batata - Ceasas,Lavada Especial,,preco,3.35,"3,35",R$/Kg,price,BRL,kg,spot,,,physical
2026-04-14,legumes,batata-ceasas,Batata - Ceasas,Lavada Especial,,variacao_pct,-2.62,"-2,62",%,change_pct,,pct,spot,,,physical
2026-04-14,legumes,batata-ceasas,Batata - Ceasas,Yacon,,preco,8.0,"8,00",R$/Kg,price,BRL,kg,spot,,,physical
2026-04-14,legumes,batata-ceasas,Batata - Ceasas,Yacon,,variacao_pct,0.0,"0,00",%,change_pct,,pct,spot,,,physical
2026-04-14,legumes,cebola-no-atacado,Cebola - Ceasas,Amarela Mineira,,preco,3.5,"3,50",R$/Kg,price,BRL,kg,spot,,,physical
2026-04-14,legumes,cebola-no-atacado,Cebola - Ceasas,Amarela Mineira,,variacao_pct,0.0,"0,00",%,change_pct,,pct,spot,,,physical
2026-04-14,legumes,cebola-no-atacado,Cebola - Ceasas,Amarela Paulista,,preco,3.25,"3,25",R$/Kg,price,BRL,kg,spot,,,physical
2026-04-14,legumes,cebola-no-atacado,Cebola - Ceasas,Amarela Paulista,,variacao_pct,0.0,"0,00",%,change_pct,,pct,spot,,,physical
2026-04-14,legumes,cebola-no-atacado,Cebola - Ceasas,Amarela Pernambucana,,preco,,s/ cotação,R$/Kg,price,BRL,kg,spot,,,physical
2026-04-14,legumes,cebola-no-atacado,Cebola - Ceasas,Amarela Pernambucana,,variacao_pct,,-,%,change_pct,,pct,spot,,,physical
2026-04-14,legumes,cebola-no-atacado,Cebola - Ceasas,Amarela Santa Catarina,,preco,3.25,"3,25",R$/Kg,price,BRL,kg,spot,,,physical
2026-04-14,legumes,cebola-no-atacado,Cebola - Ceasas,Amarela Santa Catarina,,variacao_pct,0.0,"0,00",%,change_pct,,pct,spot,,,physical
2026-04-14,legumes,cebola-no-atacado,Cebola - Ceasas,Importada Argentina,,preco,3.5,"3,50",R$/Kg,price,BRL,kg,spot,,,physical
2026-04-14,legumes,cebola-no-atacado,Cebola - Ceasas,Importada Argentina,,variacao_pct,0.0,"0,00",%,change_pct,,pct,spot,,,physical
2026-04-14,legumes,cebola-no-atacado,Cebola - Ceasas,Nacional (Caixa 4),,preco,2.97,"2,97",R$/Kg,price,BRL,kg,spot,,,physical
2026-04-14,legumes,cebola-no-atacado,Cebola - Ceasas,Nacional (Caixa 4),,variacao_pct,-8.62,"-8,62",%,change_pct,,pct,spot,,,physical
2026-04-14,legumes,cebola-no-atacado,Cebola - Ceasas,Roxa (Caixa 4),,preco,3.8,"3,80",R$/Kg,price,BRL,kg,spot,,,physical
2026-04-14,legumes,cebola-no-atacado,Cebola - Ceasas,Roxa (Caixa 4),,variacao_pct,-13.04,"-13,04",%,change_pct,,pct,spot,,,physical
2026-04-14,legumes,cenoura-ceasas,Cenoura - Ceasas,Cenoura 2A,,preco,6.89,"6,89",R$/Kg,price,BRL,kg,spot,,,physical
2026-04-14,legumes,cenoura-ceasas,Cenoura - Ceasas,Cenoura 2A,,variacao_pct,1.62,"+1,62",%,change_pct,,pct,spot,,,physical
2026-04-14,legumes,cenoura-ceasas,Cenoura - Ceasas,Cenoura G,,preco,6.4,"6,40",R$/Kg,price,BRL,kg,spot,,,physical
2026-04-14,legumes,cenoura-ceasas,Cenoura - Ceasas,Cenoura G,,variacao_pct,3.39,"+3,39",%,change_pct,,pct,spot,,,physical
2026-04-14,legumes,cenoura-ceasas,Cenoura - Ceasas,Especial,,preco,4.5,"4,50",R$/Kg,price,BRL,kg,spot,,,physical
2026-04-14,legumes,cenoura-ceasas,Cenoura - Ceasas,Especial,,variacao_pct,0.0,"0,00",%,change_pct,,pct,spot,,,physical
2026-04-14,legumes,cenoura-ceasas,Cenoura - Ceasas,Extra,,preco,4.5,"4,50",R$/Kg,price,BRL,kg,spot,,,physical
2026-04-14,legumes,cenoura-ceasas,Cenoura - Ceasas,Extra,,variacao_pct,0.0,"0,00",%,change_pct,,pct,spot,,,physical
2026-04-14,legumes,cenoura-ceasas,Cenoura - Ceasas,Extra A,,preco,6.25,"6,25",R$/Kg,price,BRL,kg,spot,,,physical
2026-04-14,legumes,cenoura-ceasas,Cenoura - Ceasas,Extra A,,variacao_pct,0.0,"0,00",%,change_pct,,pct,spot,,,physical
2026-04-14,legumes,tomate-ceasas,Tomate - Ceasas,Carmem 3A,,preco,8.09,"8,09",R$/Kg,price,BRL,kg,spot,,,physical
2026-04-14,legumes,tomate-ceasas,Tomate - Ceasas,Carmem 3A,,variacao_pct,-4.6,"-4,60",%,change_pct,,pct,spot,,,physical
2026-04-14,legumes,tomate-ceasas,Tomate - Ceasas,Débora 3A,,preco,5.28,"5,28",R$/Kg,price,BRL,kg,spot,,,physical
2026-04-14,legumes,tomate-ceasas,Tomate - Ceasas,Débora 3A,,variacao_pct,-9.28,"-9,28",%,change_pct,,pct,spot,,,physical
2026-04-14,legumes,tomate-ceasas,Tomate - Ceasas,Longa Vida/Carmem Extra,,preco,6.5,"6,50",R$/Kg,price,BRL,kg,spot,,,physical
2026-04-14,legumes,tomate-ceasas,Tomate - Ceasas,Longa Vida/Carmem Extra,,variacao_pct,0.0,"0,00",%,change_pct,,pct,spot,,,physical
2026-04-14,legumes,tomate-ceasas,Tomate - Ceasas,Longa Vida/Débora Extra,,preco,6.0,"6,00",R$/Kg,price,BRL,kg,spot,,,physical
2026-04-14,legumes,tomate-ceasas,Tomate - Ceasas,Longa Vida/Débora Extra,,variacao_pct,0.0,"0,00",%,change_pct,,pct,spot,,,physical
2026-04-14,legumes,tomate-ceasas,Tomate - Ceasas,Longa Vida/Extra A,,preco,3.25,"3,25",R$/Kg,price,BRL,kg,spot,,,physical
2026-04-14,legumes,tomate-ceasas,Tomate - Ceasas,Longa Vida/Extra A,,variacao_pct,0.0,"0,00",%,change_pct,,pct,spot,,,physical
2026-04-14,legumes,tomate-ceasas,Tomate - Ceasas,Santa Cruz/Extra A,,preco,,s/ cotação,R$/Kg,price,BRL,kg,spot,,,physical
2026-04-14,legumes,tomate-ceasas,Tomate - Ceasas,Santa Cruz/Extra A,,variacao_pct,,-,%,change_pct,,pct,spot,,,physical
2026-04-15,legumes,batata-ceasas,Batata - Ceasas,Agatha Primeira,,preco,1.6,"1,60",R$/Kg,price,BRL,kg,spot,,,physical
2026-04-15,legumes,batata-ceasas,Batata - Ceasas,Agatha Primeira,,variacao_pct,-11.11,"-11,11",%,change_pct,,pct,spot,,,physical
2026-04-15,legumes,batata-ceasas,Batata - Ceasas,Aster Primeira,,preco,1.0,"1,00",R$/Kg,price,BRL,kg,spot,,,physical
2026-04-15,legumes,batata-ceasas,Batata - Ceasas,Aster Primeira,,variacao_pct,0.0,"0,00",%,change_pct,,pct,spot,,,physical
2026-04-15,legumes,batata-ceasas,Batata - Ceasas,Asterix,,preco,3.35,"3,35",R$/Kg,price,BRL,kg,spot,,,physical
2026-04-15,legumes,batata-ceasas,Batata - Ceasas,Asterix,,variacao_pct,0.0,"0,00",%,change_pct,,pct,spot,,,physical
2026-04-15,legumes,batata-ceasas,Batata - Ceasas,Escovada Especial,,preco,3.06,"3,06",R$/Kg,price,BRL,kg,spot,,,physical
2026-04-15,legumes,batata-ceasas,Batata - Ceasas,Escovada Especial,,variacao_pct,0.0,"0,00",%,change_pct,,pct,spot,,,physical
2026-04-15,legumes,batata-ceasas,Batata - Ceasas,Lavada Especial,,preco,3.35,"3,35",R$/Kg,price,BRL,kg,spot,,,physical
2026-04-15,legumes,batata-ceasas,Batata - Ceasas,Lavada Especial,,variacao_pct,0.0,"0,00",%,change_pct,,pct,spot,,,physical
2026-04-15,legumes,batata-ceasas,Batata - Ceasas,Yacon,,preco,7.0,"7,00",R$/Kg,price,BRL,kg,spot,,,physical
2026-04-15,legumes,batata-ceasas,Batata - Ceasas,Yacon,,variacao_pct,-12.5,"-12,50",%,change_pct,,pct,spot,,,physical
2026-04-15,legumes,cebola-no-atacado,Cebola - Ceasas,Amarela Mineira,,preco,3.5,"3,50",R$/Kg,price,BRL,kg,spot,,,physical
2026-04-15,legumes,cebola-no-atacado,Cebola - Ceasas,Amarela Mineira,,variacao_pct,0.0,"0,00",%,change_pct,,pct,spot,,,physical
2026-04-15,legumes,cebola-no-atacado,Cebola - Ceasas,Amarela Paulista,,preco,3.25,"3,25",R$/Kg,price,BRL,kg,spot,,,physical
2026-04-15,legumes,cebola-no-atacado,Cebola - Ceasas,Amarela Paulista,,variacao_pct,0.0,"0,00",%,change_pct,,pct,spot,,,physical
2026-04-15,legumes,cebola-no-atacado,Cebola - Ceasas,Amarela Pernambucana,,preco,,s/ cotação,R$/Kg,price,BRL,kg,spot,,,physical
2026-04-15,legumes,cebola-no-atacado,Cebola - Ceasas,Amarela Pernambucana,,variacao_pct,,-,%,change_pct,,pct,spot,,,physical
2026-04-15,legumes,cebola-no-atacado,Cebola - Ceasas,Amarela Santa Catarina,,preco,3.25,"3,25",R$/Kg,price,BRL,kg,spot,,,physical
2026-04-15,legumes,cebola-no-atacado,Cebola - Ceasas,Amarela Santa Catarina,,variacao_pct,0.0,"0,00",%,change_pct,,pct,spot,,,physical
2026-04-15,legumes,cebola-no-atacado,Cebola - Ceasas,Importada Argentina,,preco,3.5,"3,50",R$/Kg,price,BRL,kg,spot,,,physical
2026-04-15,legumes,cebola-no-atacado,Cebola - Ceasas,Importada Argentina,,variacao_pct,0.0,"0,00",%,change_pct,,pct,spot,,,physical
2026-04-15,legumes,cebola-no-atacado,Cebola - Ceasas,Nacional (Caixa 4),,preco,2.97,"2,97",R$/Kg,price,BRL,kg,spot,,,physical
2026-04-15,legumes,cebola-no-atacado,Cebola - Ceasas,Nacional (Caixa 4),,variacao_pct,0.0,"0,00",%,change_pct,,pct,spot,,,physical
2026-04-15,legumes,cebola-no-atacado,Cebola - Ceasas,Roxa (Caixa 4),,preco,3.8,"3,80",R$/Kg,price,BRL,kg,spot,,,physical
2026-04-15,legumes,cebola-no-atacado,Cebola - Ceasas,Roxa (Caixa 4),,variacao_pct,0.0,"0,00",%,change_pct,,pct,spot,,,physical
2026-04-15,legumes,cenoura-ceasas,Cenoura - Ceasas,Cenoura 2A,,preco,6.89,"6,89",R$/Kg,price,BRL,kg,spot,,,physical
2026-04-15,legumes,cenoura-ceasas,Cenoura - Ceasas,Cenoura 2A,,variacao_pct,0.0,"0,00",%,change_pct,,pct,spot,,,physical
2026-04-15,legumes,cenoura-ceasas,Cenoura - Ceasas,Cenoura G,,preco,6.4,"6,40",R$/Kg,price,BRL,kg,spot,,,physical
2026-04-15,legumes,cenoura-ceasas,Cenoura - Ceasas,Cenoura G,,variacao_pct,0.0,"0,00",%,change_pct,,pct,spot,,,physical
2026-04-15,legumes,cenoura-ceasas,Cenoura - Ceasas,Especial,,preco,4.5,"4,50",R$/Kg,price,BRL,kg,spot,,,physical
2026-04-15,legumes,cenoura-ceasas,Cenoura - Ceasas,Especial,,variacao_pct,0.0,"0,00",%,change_pct,,pct,spot,,,physical
2026-04-15,legumes,cenoura-ceasas,Cenoura - Ceasas,Extra,,preco,4.0,"4,00",R$/Kg,price,BRL,kg,spot,,,physical
2026-04-15,legumes,cenoura-ceasas,Cenoura - Ceasas,Extra,,variacao_pct,-11.11,"-11,11",%,change_pct,,pct,spot,,,physical
2026-04-15,legumes,cenoura-ceasas,Cenoura - Ceasas,Extra A,,preco,6.0,"6,00",R$/Kg,price,BRL,kg,spot,,,physical
2026-04-15,legumes,cenoura-ceasas,Cenoura - Ceasas,Extra A,,variacao_pct,-4.0,"-4,00",%,change_pct,,pct,spot,,,physical
2026-04-15,legumes,tomate-ceasas,Tomate - Ceasas,Carmem 3A,,preco,8.09,"8,09",R$/Kg,price,BRL,kg,spot,,,physical
2026-04-15,legumes,tomate-ceasas,Tomate - Ceasas,Carmem 3A,,variacao_pct,0.0,"0,00",%,change_pct,,pct,spot,,,physical
2026-04-15,legumes,tomate-ceasas,Tomate - Ceasas,Débora 3A,,preco,5.28,"5,28",R$/Kg,price,BRL,kg,spot,,,physical
2026-04-15,legumes,tomate-ceasas,Tomate - Ceasas,Débora 3A,,variacao_pct,0.0,"0,00",%,change_pct,,pct,spot,,,physical
2026-04-15,legumes,tomate-ceasas,Tomate - Ceasas,Longa Vida/Carmem Extra,,preco,6.0,"6,00",R$/Kg,price,BRL,kg,spot,,,physical
2026-04-15,legumes,tomate-ceasas,Tomate - Ceasas,Longa Vida/Carmem Extra,,variacao_pct,-7.69,"-7,69",%,change_pct,,pct,spot,,,physical
2026-04-15,legumes,tomate-ceasas,Tomate - Ceasas,Longa Vida/Débora Extra,,preco,5.5,"5,50",R$/Kg,price,BRL,kg,spot,,,physical
2026-04-15,legumes,tomate-ceasas,Tomate - Ceasas,Longa Vida/Débora Extra,,variacao_pct,-8.33,"-8,33",%,change_pct,,pct,spot,,,physical
2026-04-15,legumes,tomate-ceasas,Tomate - Ceasas,Longa Vida/Extra A,,preco,2.75,"2,75",R$/Kg,price,BRL,kg,spot,,,physical
2026-04-15,legumes,tomate-ceasas,Tomate - Ceasas,Longa Vida/Extra A,,variacao_pct,-15.38,"-15,38",%,change_pct,,pct,spot,,,physical
2026-04-15,legumes,tomate-ceasas,Tomate - Ceasas,Santa Cruz/Extra A,,preco,,s/ cotação,R$/Kg,price,BRL,kg,spot,,,physical
2026-04-15,legumes,tomate-ceasas,Tomate - Ceasas,Santa Cruz/Extra A,,variacao_pct,,-,%,change_pct,,pct,spot,,,physical
2026-04-16,legumes,batata-ceasas,Batata - Ceasas,Agatha Primeira,,preco,1.6,"1,60",R$/Kg,price,BRL,kg,spot,,,physical
2026-04-16,legumes,batata-ceasas,Batata - Ceasas,Agatha Primeira,,variacao_pct,0.0,"0,00",%,change_pct,,pct,spot,,,physical
2026-04-16,legumes,batata-ceasas,Batata - Ceasas,Aster Primeira,,preco,1.0,"1,00",R$/Kg,price,BRL,kg,spot,,,physical
2026-04-16,legumes,batata-ceasas,Batata - Ceasas,Aster Primeira,,variacao_pct,0.0,"0,00",%,change_pct,,pct,spot,,,physical
2026-04-16,legumes,batata-ceasas,Batata - Ceasas,Asterix,,preco,3.4,"3,40",R$/Kg,price,BRL,kg,spot,,,physical
2026-04-16,legumes,batata-ceasas,Batata - Ceasas,Asterix,,variacao_pct,1.49,"+1,49",%,change_pct,,pct,spot,,,physical
2026-04-16,legumes,batata-ceasas,Batata - Ceasas,Escovada Especial,,preco,3.01,"3,01",R$/Kg,price,BRL,kg,spot,,,physical
2026-04-16,legumes,batata-ceasas,Batata - Ceasas,Escovada Especial,,variacao_pct,-1.63,"-1,63",%,change_pct,,pct,spot,,,physical
2026-04-16,legumes,batata-ceasas,Batata - Ceasas,Lavada Especial,,preco,3.26,"3,26",R$/Kg,price,BRL,kg,spot,,,physical
2026-04-16,legumes,batata-ceasas,Batata - Ceasas,Lavada Especial,,variacao_pct,-2.69,"-2,69",%,change_pct,,pct,spot,,,physical
2026-04-16,legumes,batata-ceasas,Batata - Ceasas,Yacon,,preco,7.0,"7,00",R$/Kg,price,BRL,kg,spot,,,physical
2026-04-16,legumes,batata-ceasas,Batata - Ceasas,Yacon,,variacao_pct,0.0,"0,00",%,change_pct,,pct,spot,,,physical
2026-04-16,legumes,cebola-no-atacado,Cebola - Ceasas,Amarela Mineira,,preco,3.5,"3,50",R$/Kg,price,BRL,kg,spot,,,physical
2026-04-16,legumes,cebola-no-atacado,Cebola - Ceasas,Amarela Mineira,,variacao_pct,0.0,"0,00",%,change_pct,,pct,spot,,,physical
2026-04-16,legumes,cebola-no-atacado,Cebola - Ceasas,Amarela Paulista,,preco,3.25,"3,25",R$/Kg,price,BRL,kg,spot,,,physical
2026-04-16,legumes,cebola-no-atacado,Cebola - Ceasas,Amarela Paulista,,variacao_pct,0.0,"0,00",%,change_pct,,pct,spot,,,physical
2026-04-16,legumes,cebola-no-atacado,Cebola - Ceasas,Amarela Pernambucana,,preco,,s/ cotação,R$/Kg,price,BRL,kg,spot,,,physical
2026-04-16,legumes,cebola-no-atacado,Cebola - Ceasas,Amarela Pernambucana,,variacao_pct,,-,%,change_pct,,pct,spot,,,physical
2026-04-16,legumes,cebola-no-atacado,Cebola - Ceasas,Amarela Santa Catarina,,preco,3.25,"3,25",R$/Kg,price,BRL,kg,spot,,,physical
2026-04-16,legumes,cebola-no-atacado,Cebola - Ceasas,Amarela Santa Catarina,,variacao_pct,0.0,"0,00",%,change_pct,,pct,spot,,,physical
2026-04-16,legumes,cebola-no-atacado,Cebola - Ceasas,Importada Argentina,,preco,3.5,"3,50",R$/Kg,price,BRL,kg,spot,,,physical
2026-04-16,legumes,cebola-no-atacado,Cebola - Ceasas,Importada Argentina,,variacao_pct,0.0,"0,00",%,change_pct,,pct,spot,,,physical
2026-04-16,legumes,cebola-no-atacado,Cebola - Ceasas,Nacional (Caixa 4),,preco,3.01,"3,01",R$/Kg,price,BRL,kg,spot,,,physical
2026-04-16,legumes,cebola-no-atacado,Cebola - Ceasas,Nacional (Caixa 4),,variacao_pct,1.35,"+1,35",%,change_pct,,pct,spot,,,physical
2026-04-16,legumes,cebola-no-atacado,Cebola - Ceasas,Roxa (Caixa 4),,preco,4.38,"4,38",R$/Kg,price,BRL,kg,spot,,,physical
2026-04-16,legumes,cebola-no-atacado,Cebola - Ceasas,Roxa (Caixa 4),,variacao_pct,15.26,"+15,26",%,change_pct,,pct,spot,,,physical
2026-04-16,legumes,cenoura-ceasas,Cenoura - Ceasas,Cenoura 2A,,preco,5.68,"5,68",R$/Kg,price,BRL,kg,spot,,,physical
2026-04-16,legumes,cenoura-ceasas,Cenoura - Ceasas,Cenoura 2A,,variacao_pct,-17.56,"-17,56",%,change_pct,,pct,spot,,,physical
2026-04-16,legumes,cenoura-ceasas,Cenoura - Ceasas,Cenoura G,,preco,4.75,"4,75",R$/Kg,price,BRL,kg,spot,,,physical
2026-04-16,legumes,cenoura-ceasas,Cenoura - Ceasas,Cenoura G,,variacao_pct,-25.78,"-25,78",%,change_pct,,pct,spot,,,physical
2026-04-16,legumes,cenoura-ceasas,Cenoura - Ceasas,Especial,,preco,4.5,"4,50",R$/Kg,price,BRL,kg,spot,,,physical
2026-04-16,legumes,cenoura-ceasas,Cenoura - Ceasas,Especial,,variacao_pct,0.0,"0,00",%,change_pct,,pct,spot,,,physical
2026-04-16,legumes,cenoura-ceasas,Cenoura - Ceasas,Extra,,preco,4.0,"4,00",R$/Kg,price,BRL,kg,spot,,,physical
2026-04-16,legumes,cenoura-ceasas,Cenoura - Ceasas,Extra,,variacao_pct,0.0,"0,00",%,change_pct,,pct,spot,,,physical
2026-04-16,legumes,cenoura-ceasas,Cenoura - Ceasas,Extra A,,preco,6.0,"6,00",R$/Kg,price,BRL,kg,spot,,,physical
2026-04-16,legumes,cenoura-ceasas,Cenoura - Ceasas,Extra A,,variacao_pct,0.0,"0,00",%,change_pct,,pct,spot,,,physical
2026-04-16,legumes,tomate-ceasas,Tomate - Ceasas,Carmem 3A,,preco,5.86,"5,86",R$/Kg,price,BRL,kg,spot,,,physical
2026-04-16,legumes,tomate-ceasas,Tomate - Ceasas,Carmem 3A,,variacao_pct,-27.56,"-27,56",%,change_pct,,pct,spot,,,physical
2026-04-16,legumes,tomate-ceasas,Tomate - Ceasas,Débora 3A,,preco,4.32,"4,32",R$/Kg,price,BRL,kg,spot,,,physical
2026-04-16,legumes,tomate-ceasas,Tomate - Ceasas,Débora 3A,,variacao_pct,-18.18,"-18,18",%,change_pct,,pct,spot,,,physical
2026-04-16,legumes,tomate-ceasas,Tomate - Ceasas,Longa Vida/Carmem Extra,,preco,6.0,"6,00",R$/Kg,price,BRL,kg,spot,,,physical
2026-04-16,legumes,tomate-ceasas,Tomate - Ceasas,Longa Vida/Carmem Extra,,variacao_pct,0.0,"0,00",%,change_pct,,pct,spot,,,physical
2026-04-16,legumes,tomate-ceasas,Tomate - Ceasas,Longa Vida/Débora Extra,,preco,5.5,"5,50",R$/Kg,price,BRL,kg,spot,,,physical
2026-04-16,legumes,tomate-ceasas,Tomate - Ceasas,Longa Vida/Débora Extra,,variacao_pct,0.0,"0,00",%,change_pct,,pct,spot,,,physical
2026-04-16,legumes,tomate-ceasas,Tomate - Ceasas,Longa Vida/Extra A,,preco,2.75,"2,75",R$/Kg,price,BRL,kg,spot,,,physical
2026-04-16,legumes,tomate-ceasas,Tomate - Ceasas,Longa Vida/Extra A,,variacao_pct,0.0,"0,00",%,change_pct,,pct,spot,,,physical
2026-04-16,legumes,tomate-ceasas,Tomate - Ceasas,Santa Cruz/Extra A,,preco,,s/ cotação,R$/Kg,price,BRL,kg,spot,,,physical
2026-04-16,legumes,tomate-ceasas,Tomate - Ceasas,Santa Cruz/Extra A,,variacao_pct,,-,%,change_pct,,pct,spot,,,physical
2026-04-17,legumes,batata-ceasas,Batata - Ceasas,Agatha Primeira,,preco,1.8,"1,80",R$/Kg,price,BRL,kg,spot,,,physical
2026-04-17,legumes,batata-ceasas,Batata - Ceasas,Agatha Primeira,,variacao_pct,12.5,"+12,50",%,change_pct,,pct,spot,,,physical
2026-04-17,legumes,batata-ceasas,Batata - Ceasas,Aster Primeira,,preco,1.0,"1,00",R$/Kg,price,BRL,kg,spot,,,physical
2026-04-17,legumes,batata-ceasas,Batata - Ceasas,Aster Primeira,,variacao_pct,0.0,"0,00",%,change_pct,,pct,spot,,,physical
2026-04-17,legumes,batata-ceasas,Batata - Ceasas,Asterix,,preco,3.4,"3,40",R$/Kg,price,BRL,kg,spot,,,physical
2026-04-17,legumes,batata-ceasas,Batata - Ceasas,Asterix,,variacao_pct,0.0,"0,00",%,change_pct,,pct,spot,,,physical
2026-04-17,legumes,batata-ceasas,Batata - Ceasas,Escovada Especial,,preco,3.01,"3,01",R$/Kg,price,BRL,kg,spot,,,physical
2026-04-17,legumes,batata-ceasas,Batata - Ceasas,Escovada Especial,,variacao_pct,0.0,"0,00",%,change_pct,,pct,spot,,,physical
2026-04-17,legumes,batata-ceasas,Batata - Ceasas,Lavada Especial,,preco,3.26,"3,26",R$/Kg,price,BRL,kg,spot,,,physical
2026-04-17,legumes,batata-ceasas,Batata - Ceasas,Lavada Especial,,variacao_pct,0.0,"0,00",%,change_pct,,pct,spot,,,physical
2026-04-17,legumes,batata-ceasas,Batata - Ceasas,Yacon,,preco,7.0,"7,00",R$/Kg,price,BRL,kg,spot,,,physical
2026-04-17,legumes,batata-ceasas,Batata - Ceasas,Yacon,,variacao_pct,0.0,"0,00",%,change_pct,,pct,spot,,,physical
2026-04-17,legumes,cebola-no-atacado,Cebola - Ceasas,Amarela Mineira,,preco,3.5,"3,50",R$/Kg,price,BRL,kg,spot,,,physical
2026-04-17,legumes,cebola-no-atacado,Cebola - Ceasas,Amarela Mineira,,variacao_pct,0.0,"0,00",%,change_pct,,pct,spot,,,physical
2026-04-17,legumes,cebola-no-atacado,Cebola - Ceasas,Amarela Paulista,,preco,3.25,"3,25",R$/Kg,price,BRL,kg,spot,,,physical
2026-04-17,legumes,cebola-no-atacado,Cebola - Ceasas,Amarela Paulista,,variacao_pct,0.0,"0,00",%,change_pct,,pct,spot,,,physical
2026-04-17,legumes,cebola-no-atacado,Cebola - Ceasas,Amarela Pernambucana,,preco,,s/ cotação,R$/Kg,price,BRL,kg,spot,,,physical
2026-04-17,legumes,cebola-no-atacado,Cebola - Ceasas,Amarela Pernambucana,,variacao_pct,,-,%,change_pct,,pct,spot,,,physical
2026-04-17,legumes,cebola-no-atacado,Cebola - Ceasas,Amarela Santa Catarina,,preco,3.25,"3,25",R$/Kg,price,BRL,kg,spot,,,physical
2026-04-17,legumes,cebola-no-atacado,Cebola - Ceasas,Amarela Santa Catarina,,variacao_pct,0.0,"0,00",%,change_pct,,pct,spot,,,physical
2026-04-17,legumes,cebola-no-atacado,Cebola - Ceasas,Importada Argentina,,preco,3.5,"3,50",R$/Kg,price,BRL,kg,spot,,,physical
2026-04-17,legumes,cebola-no-atacado,Cebola - Ceasas,Importada Argentina,,variacao_pct,0.0,"0,00",%,change_pct,,pct,spot,,,physical
2026-04-17,legumes,cebola-no-atacado,Cebola - Ceasas,Nacional (Caixa 4),,preco,3.01,"3,01",R$/Kg,price,BRL,kg,spot,,,physical
2026-04-17,legumes,cebola-no-atacado,Cebola - Ceasas,Nacional (Caixa 4),,variacao_pct,0.0,"0,00",%,change_pct,,pct,spot,,,physical
2026-04-17,legumes,cebola-no-atacado,Cebola - Ceasas,Roxa (Caixa 4),,preco,4.38,"4,38",R$/Kg,price,BRL,kg,spot,,,physical
2026-04-17,legumes,cebola-no-atacado,Cebola - Ceasas,Roxa (Caixa 4),,variacao_pct,0.0,"0,00",%,change_pct,,pct,spot,,,physical
2026-04-17,legumes,cenoura-ceasas,Cenoura - Ceasas,Cenoura 2A,,preco,5.68,"5,68",R$/Kg,price,BRL,kg,spot,,,physical
2026-04-17,legumes,cenoura-ceasas,Cenoura - Ceasas,Cenoura 2A,,variacao_pct,0.0,"0,00",%,change_pct,,pct,spot,,,physical
2026-04-17,legumes,cenoura-ceasas,Cenoura - Ceasas,Cenoura G,,preco,4.75,"4,75",R$/Kg,price,BRL,kg,spot,,,physical
2026-04-17,legumes,cenoura-ceasas,Cenoura - Ceasas,Cenoura G,,variacao_pct,0.0,"0,00",%,change_pct,,pct,spot,,,physical
2026-04-17,legumes,cenoura-ceasas,Cenoura - Ceasas,Especial,,preco,4.5,"4,50",R$/Kg,price,BRL,kg,spot,,,physical
2026-04-17,legumes,cenoura-ceasas,Cenoura - Ceasas,Especial,,variacao_pct,0.0,"0,00",%,change_pct,,pct,spot,,,physical
2026-04-17,legumes,cenoura-ceasas,Cenoura - Ceasas,Extra,,preco,4.25,"4,25",R$/Kg,price,BRL,kg,spot,,,physical
2026-04-17,legumes,cenoura-ceasas,Cenoura - Ceasas,Extra,,variacao_pct,6.25,"+6,25",%,change_pct,,pct,spot,,,physical
2026-04-17,legumes,cenoura-ceasas,Cenoura - Ceasas,Extra A,,preco,5.5,"5,50",R$/Kg,price,BRL,kg,spot,,,physical
2026-04-17,legumes,cenoura-ceasas,Cenoura - Ceasas,Extra A,,variacao_pct,-8.33,"-8,33",%,change_pct,,pct,spot,,,physical
2026-04-17,legumes,tomate-ceasas,Tomate - Ceasas,Carmem 3A,,preco,5.86,"5,86",R$/Kg,price,BRL,kg,spot,,,physical
2026-04-17,legumes,tomate-ceasas,Tomate - Ceasas,Carmem 3A,,variacao_pct,0.0,"0,00",%,change_pct,,pct,spot,,,physical
2026-04-17,legumes,tomate-ceasas,Tomate - Ceasas,Débora 3A,,preco,4.32,"4,32",R$/Kg,price,BRL,kg,spot,,,physical
2026-04-17,legumes,tomate-ceasas,Tomate - Ceasas,Débora 3A,,variacao_pct,0.0,"0,00",%,change_pct,,pct,spot,,,physical
2026-04-17,legumes,tomate-ceasas,Tomate - Ceasas,Longa Vida/Carmem Extra,,preco,6.0,"6,00",R$/Kg,price,BRL,kg,spot,,,physical
2026-04-17,legumes,tomate-ceasas,Tomate - Ceasas,Longa Vida/Carmem Extra,,variacao_pct,0.0,"0,00",%,change_pct,,pct,spot,,,physical
2026-04-17,legumes,tomate-ceasas,Tomate - Ceasas,Longa Vida/Débora Extra,,preco,5.5,"5,50",R$/Kg,price,BRL,kg,spot,,,physical
2026-04-17,legumes,tomate-ceasas,Tomate - Ceasas,Longa Vida/Débora Extra,,variacao_pct,0.0,"0,00",%,change_pct,,pct,spot,,,physical
2026-04-17,legumes,tomate-ceasas,Tomate - Ceasas,Longa Vida/Extra A,,preco,2.5,"2,50",R$/Kg,price,BRL,kg,spot,,,physical
2026-04-17,legumes,tomate-ceasas,Tomate - Ceasas,Longa Vida/Extra A,,variacao_pct,-9.09,"-9,09",%,change_pct,,pct,spot,,,physical
2026-04-17,legumes,tomate-ceasas,Tomate - Ceasas,Santa Cruz/Extra A,,preco,,s/ cotação,R$/Kg,price,BRL,kg,spot,,,physical
2026-04-17,legumes,tomate-ceasas,Tomate - Ceasas,Santa Cruz/Extra A,,variacao_pct,,-,%,change_pct,,pct,spot,,,physical
2026-04-20,legumes,batata-ceasas,Batata - Ceasas,Agatha Primeira,,preco,2.4,"2,40",R$/Kg,price,BRL,kg,spot,,,physical
2026-04-20,legumes,batata-ceasas,Batata - Ceasas,Agatha Primeira,,variacao_pct,33.33,"+33,33",%,change_pct,,pct,spot,,,physical
2026-04-20,legumes,batata-ceasas,Batata - Ceasas,Aster Primeira,,preco,1.0,"1,00",R$/Kg,price,BRL,kg,spot,,,physical
2026-04-20,legumes,batata-ceasas,Batata - Ceasas,Aster Primeira,,variacao_pct,0.0,"0,00",%,change_pct,,pct,spot,,,physical
2026-04-20,legumes,batata-ceasas,Batata - Ceasas,Asterix,,preco,3.35,"3,35",R$/Kg,price,BRL,kg,spot,,,physical
2026-04-20,legumes,batata-ceasas,Batata - Ceasas,Asterix,,variacao_pct,-1.47,"-1,47",%,change_pct,,pct,spot,,,physical
2026-04-20,legumes,batata-ceasas,Batata - Ceasas,Escovada Especial,,preco,3.36,"3,36",R$/Kg,price,BRL,kg,spot,,,physical
2026-04-20,legumes,batata-ceasas,Batata - Ceasas,Escovada Especial,,variacao_pct,11.63,"+11,63",%,change_pct,,pct,spot,,,physical
2026-04-20,legumes,batata-ceasas,Batata - Ceasas,Lavada Especial,,preco,3.24,"3,24",R$/Kg,price,BRL,kg,spot,,,physical
2026-04-20,legumes,batata-ceasas,Batata - Ceasas,Lavada Especial,,variacao_pct,-0.61,"-0,61",%,change_pct,,pct,spot,,,physical
2026-04-20,legumes,batata-ceasas,Batata - Ceasas,Yacon,,preco,7.0,"7,00",R$/Kg,price,BRL,kg,spot,,,physical
2026-04-20,legumes,batata-ceasas,Batata - Ceasas,Yacon,,variacao_pct,0.0,"0,00",%,change_pct,,pct,spot,,,physical
2026-04-20,legumes,cebola-no-atacado,Cebola - Ceasas,Amarela Mineira,,preco,3.5,"3,50",R$/Kg,price,BRL,kg,spot,,,physical
2026-04-20,legumes,cebola-no-atacado,Cebola - Ceasas,Amarela Mineira,,variacao_pct,0.0,"0,00",%,change_pct,,pct,spot,,,physical
2026-04-20,legumes,cebola-no-atacado,Cebola - Ceasas,Amarela Paulista,,preco,3.25,"3,25",R$/Kg,price,BRL,kg,spot,,,physical
2026-04-20,legumes,cebola-no-atacado,Cebola - Ceasas,Amarela Paulista,,variacao_pct,0.0,"0,00",%,change_pct,,pct,spot,,,physical
2026-04-20,legumes,cebola-no-atacado,Cebola - Ceasas,Amarela Pernambucana,,preco,,s/ cotação,R$/Kg,price,BRL,kg,spot,,,physical
2026-04-20,legumes,cebola-no-atacado,Cebola - Ceasas,Amarela Pernambucana,,variacao_pct,,-,%,change_pct,,pct,spot,,,physical
2026-04-20,legumes,cebola-no-atacado,Cebola - Ceasas,Amarela Santa Catarina,,preco,3.25,"3,25",R$/Kg,price,BRL,kg,spot,,,physical
2026-04-20,legumes,cebola-no-atacado,Cebola - Ceasas,Amarela Santa Catarina,,variacao_pct,0.0,"0,00",%,change_pct,,pct,spot,,,physical
2026-04-20,legumes,cebola-no-atacado,Cebola - Ceasas,Importada Argentina,,preco,3.5,"3,50",R$/Kg,price,BRL,kg,spot,,,physical
2026-04-20,legumes,cebola-no-atacado,Cebola - Ceasas,Importada Argentina,,variacao_pct,0.0,"0,00",%,change_pct,,pct,spot,,,physical
2026-04-20,legumes,cebola-no-atacado,Cebola - Ceasas,Nacional (Caixa 4),,preco,2.98,"2,98",R$/Kg,price,BRL,kg,spot,,,physical
2026-04-20,legumes,cebola-no-atacado,Cebola - Ceasas,Nacional (Caixa 4),,variacao_pct,-1.0,"-1,00",%,change_pct,,pct,spot,,,physical
2026-04-20,legumes,cebola-no-atacado,Cebola - Ceasas,Roxa (Caixa 4),,preco,4.0,"4,00",R$/Kg,price,BRL,kg,spot,,,physical
2026-04-20,legumes,cebola-no-atacado,Cebola - Ceasas,Roxa (Caixa 4),,variacao_pct,-8.68,"-8,68",%,change_pct,,pct,spot,,,physical
2026-04-20,legumes,cenoura-ceasas,Cenoura - Ceasas,Cenoura 2A,,preco,5.56,"5,56",R$/Kg,price,BRL,kg,spot,,,physical
2026-04-20,legumes,cenoura-ceasas,Cenoura - Ceasas,Cenoura 2A,,variacao_pct,-2.11,"-2,11",%,change_pct,,pct,spot,,,physical
2026-04-20,legumes,cenoura-ceasas,Cenoura - Ceasas,Cenoura G,,preco,4.66,"4,66",R$/Kg,price,BRL,kg,spot,,,physical
2026-04-20,legumes,cenoura-ceasas,Cenoura - Ceasas,Cenoura G,,variacao_pct,-1.89,"-1,89",%,change_pct,,pct,spot,,,physical
2026-04-20,legumes,cenoura-ceasas,Cenoura - Ceasas,Especial,,preco,4.5,"4,50",R$/Kg,price,BRL,kg,spot,,,physical
2026-04-20,legumes,cenoura-ceasas,Cenoura - Ceasas,Especial,,variacao_pct,0.0,"0,00",%,change_pct,,pct,spot,,,physical
2026-04-20,legumes,cenoura-ceasas,Cenoura - Ceasas,Extra,,preco,4.0,"4,00",R$/Kg,price,BRL,kg,spot,,,physical
2026-04-20,legumes,cenoura-ceasas,Cenoura - Ceasas,Extra,,variacao_pct,-5.88,"-5,88",%,change_pct,,pct,spot,,,physical
2026-04-20,legumes,cenoura-ceasas,Cenoura - Ceasas,Extra A,,preco,6.0,"6,00",R$/Kg,price,BRL,kg,spot,,,physical
2026-04-20,legumes,cenoura-ceasas,Cenoura - Ceasas,Extra A,,variacao_pct,9.09,"+9,09",%,change_pct,,pct,spot,,,physical
2026-04-20,legumes,tomate-ceasas,Tomate - Ceasas,Carmem 3A,,preco,5.94,"5,94",R$/Kg,price,BRL,kg,spot,,,physical
2026-04-20,legumes,tomate-ceasas,Tomate - Ceasas,Carmem 3A,,variacao_pct,1.37,"+1,37",%,change_pct,,pct,spot,,,physical
2026-04-20,legumes,tomate-ceasas,Tomate - Ceasas,Débora 3A,,preco,4.51,"4,51",R$/Kg,price,BRL,kg,spot,,,physical
2026-04-20,legumes,tomate-ceasas,Tomate - Ceasas,Débora 3A,,variacao_pct,4.4,"+4,40",%,change_pct,,pct,spot,,,physical
2026-04-20,legumes,tomate-ceasas,Tomate - Ceasas,Longa Vida/Carmem Extra,,preco,6.0,"6,00",R$/Kg,price,BRL,kg,spot,,,physical
2026-04-20,legumes,tomate-ceasas,Tomate - Ceasas,Longa Vida/Carmem Extra,,variacao_pct,0.0,"0,00",%,change_pct,,pct,spot,,,physical
2026-04-20,legumes,tomate-ceasas,Tomate - Ceasas,Longa Vida/Débora Extra,,preco,5.5,"5,50",R$/Kg,price,BRL,kg,spot,,,physical
2026-04-20,legumes,tomate-ceasas,Tomate - Ceasas,Longa Vida/Débora Extra,,variacao_pct,0.0,"0,00",%,change_pct,,pct,spot,,,physical
2026-04-20,legumes,tomate-ceasas,Tomate - Ceasas,Longa Vida/Extra A,,preco,4.5,"4,50",R$/Kg,price,BRL,kg,spot,,,physical
2026-04-20,legumes,tomate-ceasas,Tomate - Ceasas,Longa Vida/Extra A,,variacao_pct,,-,%,change_pct,,pct,spot,,,physical
2026-04-20,legumes,tomate-ceasas,Tomate - Ceasas,Santa Cruz/Extra A,,preco,,s/ cotação,R$/Kg,price,BRL,kg,spot,,,physical
2026-04-20,legumes,tomate-ceasas,Tomate - Ceasas,Santa Cruz/Extra A,,variacao_pct,,-,%,change_pct,,pct,spot,,,physical
2026-04-22,legumes,batata-ceasas,Batata - Ceasas,Agatha Primeira,,preco,2.0,"2,00",R$/Kg,price,BRL,kg,spot,,,physical
2026-04-22,legumes,batata-ceasas,Batata - Ceasas,Agatha Primeira,,variacao_pct,-16.67,"-16,67",%,change_pct,,pct,spot,,,physical
2026-04-22,legumes,batata-ceasas,Batata - Ceasas,Aster Primeira,,preco,1.0,"1,00",R$/Kg,price,BRL,kg,spot,,,physical
2026-04-22,legumes,batata-ceasas,Batata - Ceasas,Aster Primeira,,variacao_pct,0.0,"0,00",%,change_pct,,pct,spot,,,physical
2026-04-22,legumes,batata-ceasas,Batata - Ceasas,Asterix,,preco,3.35,"3,35",R$/Kg,price,BRL,kg,spot,,,physical
2026-04-22,legumes,batata-ceasas,Batata - Ceasas,Asterix,,variacao_pct,0.0,"0,00",%,change_pct,,pct,spot,,,physical
2026-04-22,legumes,batata-ceasas,Batata - Ceasas,Escovada Especial,,preco,3.36,"3,36",R$/Kg,price,BRL,kg,spot,,,physical
2026-04-22,legumes,batata-ceasas,Batata - Ceasas,Escovada Especial,,variacao_pct,0.0,"0,00",%,change_pct,,pct,spot,,,physical
2026-04-22,legumes,batata-ceasas,Batata - Ceasas,Lavada Especial,,preco,3.24,"3,24",R$/Kg,price,BRL,kg,spot,,,physical
2026-04-22,legumes,batata-ceasas,Batata - Ceasas,Lavada Especial,,variacao_pct,0.0,"0,00",%,change_pct,,pct,spot,,,physical
2026-04-22,legumes,batata-ceasas,Batata - Ceasas,Yacon,,preco,7.0,"7,00",R$/Kg,price,BRL,kg,spot,,,physical
2026-04-22,legumes,batata-ceasas,Batata - Ceasas,Yacon,,variacao_pct,0.0,"0,00",%,change_pct,,pct,spot,,,physical
2026-04-22,legumes,cebola-no-atacado,Cebola - Ceasas,Amarela Mineira,,preco,3.0,"3,00",R$/Kg,price,BRL,kg,spot,,,physical
2026-04-22,legumes,cebola-no-atacado,Cebola - Ceasas,Amarela Mineira,,variacao_pct,-14.29,"-14,29",%,change_pct,,pct,spot,,,physical
2026-04-22,legumes,cebola-no-atacado,Cebola - Ceasas,Amarela Paulista,,preco,3.25,"3,25",R$/Kg,price,BRL,kg,spot,,,physical
2026-04-22,legumes,cebola-no-atacado,Cebola - Ceasas,Amarela Paulista,,variacao_pct,0.0,"0,00",%,change_pct,,pct,spot,,,physical
2026-04-22,legumes,cebola-no-atacado,Cebola - Ceasas,Amarela Pernambucana,,preco,,s/ cotação,R$/Kg,price,BRL,kg,spot,,,physical
2026-04-22,legumes,cebola-no-atacado,Cebola - Ceasas,Amarela Pernambucana,,variacao_pct,,-,%,change_pct,,pct,spot,,,physical
2026-04-22,legumes,cebola-no-atacado,Cebola - Ceasas,Amarela Santa Catarina,,preco,3.25,"3,25",R$/Kg,price,BRL,kg,spot,,,physical
2026-04-22,legumes,cebola-no-atacado,Cebola - Ceasas,Amarela Santa Catarina,,variacao_pct,0.0,"0,00",%,change_pct,,pct,spot,,,physical
2026-04-22,legumes,cebola-no-atacado,Cebola - Ceasas,Importada Argentina,,preco,3.5,"3,50",R$/Kg,price,BRL,kg,spot,,,physical
2026-04-22,legumes,cebola-no-atacado,Cebola - Ceasas,Importada Argentina,,variacao_pct,0.0,"0,00",%,change_pct,,pct,spot,,,physical
2026-04-22,legumes,cebola-no-atacado,Cebola - Ceasas,Nacional (Caixa 4),,preco,2.98,"2,98",R$/Kg,price,BRL,kg,spot,,,physical
2026-04-22,legumes,cebola-no-atacado,Cebola - Ceasas,Nacional (Caixa 4),,variacao_pct,0.0,"0,00",%,change_pct,,pct,spot,,,physical
2026-04-22,legumes,cebola-no-atacado,Cebola - Ceasas,Roxa (Caixa 4),,preco,4.0,"4,00",R$/Kg,price,BRL,kg,spot,,,physical
2026-04-22,legumes,cebola-no-atacado,Cebola - Ceasas,Roxa (Caixa 4),,variacao_pct,0.0,"0,00",%,change_pct,,pct,spot,,,physical
2026-04-22,legumes,cenoura-ceasas,Cenoura - Ceasas,Cenoura 2A,,preco,5.56,"5,56",R$/Kg,price,BRL,kg,spot,,,physical
2026-04-22,legumes,cenoura-ceasas,Cenoura - Ceasas,Cenoura 2A,,variacao_pct,0.0,"0,00",%,change_pct,,pct,spot,,,physical
2026-04-22,legumes,cenoura-ceasas,Cenoura - Ceasas,Cenoura G,,preco,4.66,"4,66",R$/Kg,price,BRL,kg,spot,,,physical
2026-04-22,legumes,cenoura-ceasas,Cenoura - Ceasas,Cenoura G,,variacao_pct,0.0,"0,00",%,change_pct,,pct,spot,,,physical
2026-04-22,legumes,cenoura-ceasas,Cenoura - Ceasas,Especial,,preco,4.5,"4,50",R$/Kg,price,BRL,kg,spot,,,physical
2026-04-22,legumes,cenoura-ceasas,Cenoura - Ceasas,Especial,,variacao_pct,0.0,"0,00",%,change_pct,,pct,spot,,,physical
2026-04-22,legumes,cenoura-ceasas,Cenoura - Ceasas,Extra,,preco,2.25,"2,25",R$/Kg,price,BRL,kg,spot,,,physical
2026-04-22,legumes,cenoura-ceasas,Cenoura - Ceasas,Extra,,variacao_pct,-43.75,"-43,75",%,change_pct,,pct,spot,,,physical
2026-04-22,legumes,cenoura-ceasas,Cenoura - Ceasas,Extra A,,preco,5.0,"5,00",R$/Kg,price,BRL,kg,spot,,,physical
2026-04-22,legumes,cenoura-ceasas,Cenoura - Ceasas,Extra A,,variacao_pct,-16.67,"-16,67",%,change_pct,,pct,spot,,,physical
2026-04-22,legumes,tomate-ceasas,Tomate - Ceasas,Carmem 3A,,preco,5.94,"5,94",R$/Kg,price,BRL,kg,spot,,,physical
2026-04-22,legumes,tomate-ceasas,Tomate - Ceasas,Carmem 3A,,variacao_pct,0.0,"0,00",%,change_pct,,pct,spot,,,physical
2026-04-22,legumes,tomate-ceasas,Tomate - Ceasas,Débora 3A,,preco,4.51,"4,51",R$/Kg,price,BRL,kg,spot,,,physical
2026-04-22,legumes,tomate-ceasas,Tomate - Ceasas,Débora 3A,,variacao_pct,0.0,"0,00",%,change_pct,,pct,spot,,,physical
2026-04-22,legumes,tomate-ceasas,Tomate - Ceasas,Longa Vida/Carmem Extra,,preco,6.0,"6,00",R$/Kg,price,BRL,kg,spot,,,physical
2026-04-22,legumes,tomate-ceasas,Tomate - Ceasas,Longa Vida/Carmem Extra,,variacao_pct,0.0,"0,00",%,change_pct,,pct,spot,,,physical
2026-04-22,legumes,tomate-ceasas,Tomate - Ceasas,Longa Vida/Débora Extra,,preco,5.5,"5,50",R$/Kg,price,BRL,kg,spot,,,physical
2026-04-22,legumes,tomate-ceasas,Tomate - Ceasas,Longa Vida/Débora Extra,,variacao_pct,0.0,"0,00",%,change_pct,,pct,spot,,,physical
2026-04-22,legumes,tomate-ceasas,Tomate - Ceasas,Longa Vida/Extra A,,preco,2.75,"2,75",R$/Kg,price,BRL,kg,spot,,,physical
2026-04-22,legumes,tomate-ceasas,Tomate - Ceasas,Longa Vida/Extra A,,variacao_pct,-38.89,"-38,89",%,change_pct,,pct,spot,,,physical
2026-04-22,legumes,tomate-ceasas,Tomate - Ceasas,Santa Cruz/Extra A,,preco,,s/ cotação,R$/Kg,price,BRL,kg,spot,,,physical
2026-04-22,legumes,tomate-ceasas,Tomate - Ceasas,Santa Cruz/Extra A,,variacao_pct,,-,%,change_pct,,pct,spot,,,physical
2026-04-23,legumes,batata-ceasas,Batata - Ceasas,Agatha Primeira,,preco,2.0,"2,00",R$/Kg,price,BRL,kg,spot,,,physical
2026-04-23,legumes,batata-ceasas,Batata - Ceasas,Agatha Primeira,,variacao_pct,0.0,"0,00",%,change_pct,,pct,spot,,,physical
2026-04-23,legumes,batata-ceasas,Batata - Ceasas,Aster Primeira,,preco,1.0,"1,00",R$/Kg,price,BRL,kg,spot,,,physical
2026-04-23,legumes,batata-ceasas,Batata - Ceasas,Aster Primeira,,variacao_pct,0.0,"0,00",%,change_pct,,pct,spot,,,physical
2026-04-23,legumes,batata-ceasas,Batata - Ceasas,Asterix,,preco,3.93,"3,93",R$/Kg,price,BRL,kg,spot,,,physical
2026-04-23,legumes,batata-ceasas,Batata - Ceasas,Asterix,,variacao_pct,17.31,"+17,31",%,change_pct,,pct,spot,,,physical
2026-04-23,legumes,batata-ceasas,Batata - Ceasas,Escovada Especial,,preco,2.69,"2,69",R$/Kg,price,BRL,kg,spot,,,physical
2026-04-23,legumes,batata-ceasas,Batata - Ceasas,Escovada Especial,,variacao_pct,-19.94,"-19,94",%,change_pct,,pct,spot,,,physical
2026-04-23,legumes,batata-ceasas,Batata - Ceasas,Lavada Especial,,preco,4.27,"4,27",R$/Kg,price,BRL,kg,spot,,,physical
2026-04-23,legumes,batata-ceasas,Batata - Ceasas,Lavada Especial,,variacao_pct,31.79,"+31,79",%,change_pct,,pct,spot,,,physical
2026-04-23,legumes,batata-ceasas,Batata - Ceasas,Yacon,,preco,7.0,"7,00",R$/Kg,price,BRL,kg,spot,,,physical
2026-04-23,legumes,batata-ceasas,Batata - Ceasas,Yacon,,variacao_pct,0.0,"0,00",%,change_pct,,pct,spot,,,physical
2026-04-23,legumes,cebola-no-atacado,Cebola - Ceasas,Amarela Mineira,,preco,3.0,"3,00",R$/Kg,price,BRL,kg,spot,,,physical
2026-04-23,legumes,cebola-no-atacado,Cebola - Ceasas,Amarela Mineira,,variacao_pct,0.0,"0,00",%,change_pct,,pct,spot,,,physical
2026-04-23,legumes,cebola-no-atacado,Cebola - Ceasas,Amarela Paulista,,preco,3.25,"3,25",R$/Kg,price,BRL,kg,spot,,,physical
2026-04-23,legumes,cebola-no-atacado,Cebola - Ceasas,Amarela Paulista,,variacao_pct,0.0,"0,00",%,change_pct,,pct,spot,,,physical
2026-04-23,legumes,cebola-no-atacado,Cebola - Ceasas,Amarela Pernambucana,,preco,,s/ cotação,R$/Kg,price,BRL,kg,spot,,,physical
2026-04-23,legumes,cebola-no-atacado,Cebola - Ceasas,Amarela Pernambucana,,variacao_pct,,-,%,change_pct,,pct,spot,,,physical
2026-04-23,legumes,cebola-no-atacado,Cebola - Ceasas,Amarela Santa Catarina,,preco,3.25,"3,25",R$/Kg,price,BRL,kg,spot,,,physical
2026-04-23,legumes,cebola-no-atacado,Cebola - Ceasas,Amarela Santa Catarina,,variacao_pct,0.0,"0,00",%,change_pct,,pct,spot,,,physical
2026-04-23,legumes,cebola-no-atacado,Cebola - Ceasas,Importada Argentina,,preco,3.5,"3,50",R$/Kg,price,BRL,kg,spot,,,physical
2026-04-23,legumes,cebola-no-atacado,Cebola - Ceasas,Importada Argentina,,variacao_pct,0.0,"0,00",%,change_pct,,pct,spot,,,physical
2026-04-23,legumes,cebola-no-atacado,Cebola - Ceasas,Nacional (Caixa 4),,preco,3.42,"3,42",R$/Kg,price,BRL,kg,spot,,,physical
2026-04-23,legumes,cebola-no-atacado,Cebola - Ceasas,Nacional (Caixa 4),,variacao_pct,14.77,"+14,77",%,change_pct,,pct,spot,,,physical
2026-04-23,legumes,cebola-no-atacado,Cebola - Ceasas,Roxa (Caixa 4),,preco,4.38,"4,38",R$/Kg,price,BRL,kg,spot,,,physical
2026-04-23,legumes,cebola-no-atacado,Cebola - Ceasas,Roxa (Caixa 4),,variacao_pct,9.5,"+9,50",%,change_pct,,pct,spot,,,physical
2026-04-23,legumes,cenoura-ceasas,Cenoura - Ceasas,Cenoura 2A,,preco,6.24,"6,24",R$/Kg,price,BRL,kg,spot,,,physical
2026-04-23,legumes,cenoura-ceasas,Cenoura - Ceasas,Cenoura 2A,,variacao_pct,12.23,"+12,23",%,change_pct,,pct,spot,,,physical
2026-04-23,legumes,cenoura-ceasas,Cenoura - Ceasas,Cenoura G,,preco,5.65,"5,65",R$/Kg,price,BRL,kg,spot,,,physical
2026-04-23,legumes,cenoura-ceasas,Cenoura - Ceasas,Cenoura G,,variacao_pct,21.24,"+21,24",%,change_pct,,pct,spot,,,physical
2026-04-23,legumes,cenoura-ceasas,Cenoura - Ceasas,Especial,,preco,4.5,"4,50",R$/Kg,price,BRL,kg,spot,,,physical
2026-04-23,legumes,cenoura-ceasas,Cenoura - Ceasas,Especial,,variacao_pct,0.0,"0,00",%,change_pct,,pct,spot,,,physical
2026-04-23,legumes,cenoura-ceasas,Cenoura - Ceasas,Extra,,preco,2.25,"2,25",R$/Kg,price,BRL,kg,spot,,,physical
2026-04-23,legumes,cenoura-ceasas,Cenoura - Ceasas,Extra,,variacao_pct,0.0,"0,00",%,change_pct,,pct,spot,,,physical
2026-04-23,legumes,cenoura-ceasas,Cenoura - Ceasas,Extra A,,preco,5.0,"5,00",R$/Kg,price,BRL,kg,spot,,,physical
2026-04-23,legumes,cenoura-ceasas,Cenoura - Ceasas,Extra A,,variacao_pct,0.0,"0,00",%,change_pct,,pct,spot,,,physical
2026-04-23,legumes,tomate-ceasas,Tomate - Ceasas,Carmem 3A,,preco,7.79,"7,79",R$/Kg,price,BRL,kg,spot,,,physical
2026-04-23,legumes,tomate-ceasas,Tomate - Ceasas,Carmem 3A,,variacao_pct,31.14,"+31,14",%,change_pct,,pct,spot,,,physical
2026-04-23,legumes,tomate-ceasas,Tomate - Ceasas,Débora 3A,,preco,5.17,"5,17",R$/Kg,price,BRL,kg,spot,,,physical
2026-04-23,legumes,tomate-ceasas,Tomate - Ceasas,Débora 3A,,variacao_pct,14.63,"+14,63",%,change_pct,,pct,spot,,,physical
2026-04-23,legumes,tomate-ceasas,Tomate - Ceasas,Longa Vida/Carmem Extra,,preco,6.0,"6,00",R$/Kg,price,BRL,kg,spot,,,physical
2026-04-23,legumes,tomate-ceasas,Tomate - Ceasas,Longa Vida/Carmem Extra,,variacao_pct,0.0,"0,00",%,change_pct,,pct,spot,,,physical
2026-04-23,legumes,tomate-ceasas,Tomate - Ceasas,Longa Vida/Débora Extra,,preco,5.5,"5,50",R$/Kg,price,BRL,kg,spot,,,physical
2026-04-23,legumes,tomate-ceasas,Tomate - Ceasas,Longa Vida/Débora Extra,,variacao_pct,0.0,"0,00",%,change_pct,,pct,spot,,,physical
2026-04-23,legumes,tomate-ceasas,Tomate - Ceasas,Longa Vida/Extra A,,preco,2.75,"2,75",R$/Kg,price,BRL,kg,spot,,,physical
2026-04-23,legumes,tomate-ceasas,Tomate - Ceasas,Longa Vida/Extra A,,variacao_pct,0.0,"0,00",%,change_pct,,pct,spot,,,physical
2026-04-23,legumes,tomate-ceasas,Tomate - Ceasas,Santa Cruz/Extra A,,preco,,s/ cotação,R$/Kg,price,BRL,kg,spot,,,physical
2026-04-23,legumes,tomate-ceasas,Tomate - Ceasas,Santa Cruz/Extra A,,variacao_pct,,-,%,change_pct,,pct,spot,,,physical
2026-04-24,legumes,batata-ceasas,Batata - Ceasas,Agatha Primeira,,preco,2.0,"2,00",R$/Kg,price,BRL,kg,spot,,,physical
2026-04-24,legumes,batata-ceasas,Batata - Ceasas,Agatha Primeira,,variacao_pct,0.0,"0,00",%,change_pct,,pct,spot,,,physical
2026-04-24,legumes,batata-ceasas,Batata - Ceasas,Aster Primeira,,preco,1.0,"1,00",R$/Kg,price,BRL,kg,spot,,,physical
2026-04-24,legumes,batata-ceasas,Batata - Ceasas,Aster Primeira,,variacao_pct,0.0,"0,00",%,change_pct,,pct,spot,,,physical
2026-04-24,legumes,batata-ceasas,Batata - Ceasas,Asterix,,preco,3.93,"3,93",R$/Kg,price,BRL,kg,spot,,,physical
2026-04-24,legumes,batata-ceasas,Batata - Ceasas,Asterix,,variacao_pct,0.0,"0,00",%,change_pct,,pct,spot,,,physical
2026-04-24,legumes,batata-ceasas,Batata - Ceasas,Escovada Especial,,preco,2.69,"2,69",R$/Kg,price,BRL,kg,spot,,,physical
2026-04-24,legumes,batata-ceasas,Batata - Ceasas,Escovada Especial,,variacao_pct,0.0,"0,00",%,change_pct,,pct,spot,,,physical
2026-04-24,legumes,batata-ceasas,Batata - Ceasas,Lavada Especial,,preco,4.27,"4,27",R$/Kg,price,BRL,kg,spot,,,physical
2026-04-24,legumes,batata-ceasas,Batata - Ceasas,Lavada Especial,,variacao_pct,0.0,"0,00",%,change_pct,,pct,spot,,,physical
2026-04-24,legumes,batata-ceasas,Batata - Ceasas,Yacon,,preco,7.0,"7,00",R$/Kg,price,BRL,kg,spot,,,physical
2026-04-24,legumes,batata-ceasas,Batata - Ceasas,Yacon,,variacao_pct,0.0,"0,00",%,change_pct,,pct,spot,,,physical
2026-04-24,legumes,cebola-no-atacado,Cebola - Ceasas,Amarela Mineira,,preco,3.0,"3,00",R$/Kg,price,BRL,kg,spot,,,physical
2026-04-24,legumes,cebola-no-atacado,Cebola - Ceasas,Amarela Mineira,,variacao_pct,0.0,"0,00",%,change_pct,,pct,spot,,,physical
2026-04-24,legumes,cebola-no-atacado,Cebola - Ceasas,Amarela Paulista,,preco,,s/ cotação,R$/Kg,price,BRL,kg,spot,,,physical
2026-04-24,legumes,cebola-no-atacado,Cebola - Ceasas,Amarela Paulista,,variacao_pct,,-,%,change_pct,,pct,spot,,,physical
2026-04-24,legumes,cebola-no-atacado,Cebola - Ceasas,Amarela Pernambucana,,preco,,s/ cotação,R$/Kg,price,BRL,kg,spot,,,physical
2026-04-24,legumes,cebola-no-atacado,Cebola - Ceasas,Amarela Pernambucana,,variacao_pct,,-,%,change_pct,,pct,spot,,,physical
2026-04-24,legumes,cebola-no-atacado,Cebola - Ceasas,Amarela Santa Catarina,,preco,3.5,"3,50",R$/Kg,price,BRL,kg,spot,,,physical
2026-04-24,legumes,cebola-no-atacado,Cebola - Ceasas,Amarela Santa Catarina,,variacao_pct,7.69,"+7,69",%,change_pct,,pct,spot,,,physical
2026-04-24,legumes,cebola-no-atacado,Cebola - Ceasas,Importada Argentina,,preco,3.75,"3,75",R$/Kg,price,BRL,kg,spot,,,physical
2026-04-24,legumes,cebola-no-atacado,Cebola - Ceasas,Importada Argentina,,variacao_pct,7.14,"+7,14",%,change_pct,,pct,spot,,,physical
2026-04-24,legumes,cebola-no-atacado,Cebola - Ceasas,Nacional (Caixa 4),,preco,3.42,"3,42",R$/Kg,price,BRL,kg,spot,,,physical
2026-04-24,legumes,cebola-no-atacado,Cebola - Ceasas,Nacional (Caixa 4),,variacao_pct,0.0,"0,00",%,change_pct,,pct,spot,,,physical
2026-04-24,legumes,cebola-no-atacado,Cebola - Ceasas,Roxa (Caixa 4),,preco,4.38,"4,38",R$/Kg,price,BRL,kg,spot,,,physical
2026-04-24,legumes,cebola-no-atacado,Cebola - Ceasas,Roxa (Caixa 4),,variacao_pct,0.0,"0,00",%,change_pct,,pct,spot,,,physical
2026-04-24,legumes,cenoura-ceasas,Cenoura - Ceasas,Cenoura 2A,,preco,6.24,"6,24",R$/Kg,price,BRL,kg,spot,,,physical
2026-04-24,legumes,cenoura-ceasas,Cenoura - Ceasas,Cenoura 2A,,variacao_pct,0.0,"0,00",%,change_pct,,pct,spot,,,physical
2026-04-24,legumes,cenoura-ceasas,Cenoura - Ceasas,Cenoura G,,preco,5.65,"5,65",R$/Kg,price,BRL,kg,spot,,,physical
2026-04-24,legumes,cenoura-ceasas,Cenoura - Ceasas,Cenoura G,,variacao_pct,0.0,"0,00",%,change_pct,,pct,spot,,,physical
2026-04-24,legumes,cenoura-ceasas,Cenoura - Ceasas,Especial,,preco,4.5,"4,50",R$/Kg,price,BRL,kg,spot,,,physical
2026-04-24,legumes,cenoura-ceasas,Cenoura - Ceasas,Especial,,variacao_pct,0.0,"0,00",%,change_pct,,pct,spot,,,physical
2026-04-24,legumes,cenoura-ceasas,Cenoura - Ceasas,Extra,,preco,4.25,"4,25",R$/Kg,price,BRL,kg,spot,,,physical
2026-04-24,legumes,cenoura-ceasas,Cenoura - Ceasas,Extra,,variacao_pct,,-,%,change_pct,,pct,spot,,,physical
2026-04-24,legumes,cenoura-ceasas,Cenoura - Ceasas,Extra A,,preco,6.0,"6,00",R$/Kg,price,BRL,kg,spot,,,physical
2026-04-24,legumes,cenoura-ceasas,Cenoura - Ceasas,Extra A,,variacao_pct,20.0,"+20,00",%,change_pct,,pct,spot,,,physical
2026-04-24,legumes,tomate-ceasas,Tomate - Ceasas,Carmem 3A,,preco,7.79,"7,79",R$/Kg,price,BRL,kg,spot,,,physical
2026-04-24,legumes,tomate-ceasas,Tomate - Ceasas,Carmem 3A,,variacao_pct,0.0,"0,00",%,change_pct,,pct,spot,,,physical
2026-04-24,legumes,tomate-ceasas,Tomate - Ceasas,Débora 3A,,preco,5.17,"5,17",R$/Kg,price,BRL,kg,spot,,,physical
2026-04-24,legumes,tomate-ceasas,Tomate - Ceasas,Débora 3A,,variacao_pct,0.0,"0,00",%,change_pct,,pct,spot,,,physical
2026-04-24,legumes,tomate-ceasas,Tomate - Ceasas,Longa Vida/Carmem Extra,,preco,7.0,"7,00",R$/Kg,price,BRL,kg,spot,,,physical
2026-04-24,legumes,tomate-ceasas,Tomate - Ceasas,Longa Vida/Carmem Extra,,variacao_pct,16.67,"+16,67",%,change_pct,,pct,spot,,,physical
2026-04-24,legumes,tomate-ceasas,Tomate - Ceasas,Longa Vida/Débora Extra,,preco,6.5,"6,50",R$/Kg,price,BRL,kg,spot,,,physical
2026-04-24,legumes,tomate-ceasas,Tomate - Ceasas,Longa Vida/Débora Extra,,variacao_pct,18.18,"+18,18",%,change_pct,,pct,spot,,,physical
2026-04-24,legumes,tomate-ceasas,Tomate - Ceasas,Longa Vida/Extra A,,preco,2.75,"2,75",R$/Kg,price,BRL,kg,spot,,,physical
2026-04-24,legumes,tomate-ceasas,Tomate - Ceasas,Longa Vida/Extra A,,variacao_pct,0.0,"0,00",%,change_pct,,pct,spot,,,physical
2026-04-24,legumes,tomate-ceasas,Tomate - Ceasas,Santa Cruz/Extra A,,preco,,s/ cotação,R$/Kg,price,BRL,kg,spot,,,physical
2026-04-24,legumes,tomate-ceasas,Tomate - Ceasas,Santa Cruz/Extra A,,variacao_pct,,-,%,change_pct,,pct,spot,,,physical
2026-04-27,legumes,batata-ceasas,Batata - Ceasas,Agatha Primeira,,preco,2.8,"2,80",R$/Kg,price,BRL,kg,spot,,,physical
2026-04-27,legumes,batata-ceasas,Batata - Ceasas,Agatha Primeira,,variacao_pct,40.0,"+40,00",%,change_pct,,pct,spot,,,physical
2026-04-27,legumes,batata-ceasas,Batata - Ceasas,Aster Primeira,,preco,1.0,"1,00",R$/Kg,price,BRL,kg,spot,,,physical
2026-04-27,legumes,batata-ceasas,Batata - Ceasas,Aster Primeira,,variacao_pct,0.0,"0,00",%,change_pct,,pct,spot,,,physical
2026-04-27,legumes,batata-ceasas,Batata - Ceasas,Asterix,,preco,3.93,"3,93",R$/Kg,price,BRL,kg,spot,,,physical
2026-04-27,legumes,batata-ceasas,Batata - Ceasas,Asterix,,variacao_pct,0.0,"0,00",%,change_pct,,pct,spot,,,physical
2026-04-27,legumes,batata-ceasas,Batata - Ceasas,Escovada Especial,,preco,2.69,"2,69",R$/Kg,price,BRL,kg,spot,,,physical
2026-04-27,legumes,batata-ceasas,Batata - Ceasas,Escovada Especial,,variacao_pct,0.0,"0,00",%,change_pct,,pct,spot,,,physical
2026-04-27,legumes,batata-ceasas,Batata - Ceasas,Lavada Especial,,preco,4.27,"4,27",R$/Kg,price,BRL,kg,spot,,,physical
2026-04-27,legumes,batata-ceasas,Batata - Ceasas,Lavada Especial,,variacao_pct,0.0,"0,00",%,change_pct,,pct,spot,,,physical
2026-04-27,legumes,batata-ceasas,Batata - Ceasas,Yacon,,preco,7.0,"7,00",R$/Kg,price,BRL,kg,spot,,,physical
2026-04-27,legumes,batata-ceasas,Batata - Ceasas,Yacon,,variacao_pct,0.0,"0,00",%,change_pct,,pct,spot,,,physical
2026-04-27,legumes,cebola-no-atacado,Cebola - Ceasas,Amarela Mineira,,preco,3.25,"3,25",R$/Kg,price,BRL,kg,spot,,,physical
2026-04-27,legumes,cebola-no-atacado,Cebola - Ceasas,Amarela Mineira,,variacao_pct,8.33,"+8,33",%,change_pct,,pct,spot,,,physical
2026-04-27,legumes,cebola-no-atacado,Cebola - Ceasas,Amarela Paulista,,preco,,s/ cotação,R$/Kg,price,BRL,kg,spot,,,physical
2026-04-27,legumes,cebola-no-atacado,Cebola - Ceasas,Amarela Paulista,,variacao_pct,,-,%,change_pct,,pct,spot,,,physical
2026-04-27,legumes,cebola-no-atacado,Cebola - Ceasas,Amarela Pernambucana,,preco,,s/ cotação,R$/Kg,price,BRL,kg,spot,,,physical
2026-04-27,legumes,cebola-no-atacado,Cebola - Ceasas,Amarela Pernambucana,,variacao_pct,,-,%,change_pct,,pct,spot,,,physical
2026-04-27,legumes,cebola-no-atacado,Cebola - Ceasas,Amarela Santa Catarina,,preco,3.5,"3,50",R$/Kg,price,BRL,kg,spot,,,physical
2026-04-27,legumes,cebola-no-atacado,Cebola - Ceasas,Amarela Santa Catarina,,variacao_pct,0.0,"0,00",%,change_pct,,pct,spot,,,physical
2026-04-27,legumes,cebola-no-atacado,Cebola - Ceasas,Importada Argentina,,preco,3.75,"3,75",R$/Kg,price,BRL,kg,spot,,,physical
2026-04-27,legumes,cebola-no-atacado,Cebola - Ceasas,Importada Argentina,,variacao_pct,0.0,"0,00",%,change_pct,,pct,spot,,,physical
2026-04-27,legumes,cebola-no-atacado,Cebola - Ceasas,Nacional (Caixa 4),,preco,3.42,"3,42",R$/Kg,price,BRL,kg,spot,,,physical
2026-04-27,legumes,cebola-no-atacado,Cebola - Ceasas,Nacional (Caixa 4),,variacao_pct,0.0,"0,00",%,change_pct,,pct,spot,,,physical
2026-04-27,legumes,cebola-no-atacado,Cebola - Ceasas,Roxa (Caixa 4),,preco,4.38,"4,38",R$/Kg,price,BRL,kg,spot,,,physical
2026-04-27,legumes,cebola-no-atacado,Cebola - Ceasas,Roxa (Caixa 4),,variacao_pct,0.0,"0,00",%,change_pct,,pct,spot,,,physical
2026-04-27,legumes,cenoura-ceasas,Cenoura - Ceasas,Cenoura 2A,,preco,6.24,"6,24",R$/Kg,price,BRL,kg,spot,,,physical
2026-04-27,legumes,cenoura-ceasas,Cenoura - Ceasas,Cenoura 2A,,variacao_pct,0.0,"0,00",%,change_pct,,pct,spot,,,physical
2026-04-27,legumes,cenoura-ceasas,Cenoura - Ceasas,Cenoura G,,preco,5.65,"5,65",R$/Kg,price,BRL,kg,spot,,,physical
2026-04-27,legumes,cenoura-ceasas,Cenoura - Ceasas,Cenoura G,,variacao_pct,0.0,"0,00",%,change_pct,,pct,spot,,,physical
2026-04-27,legumes,cenoura-ceasas,Cenoura - Ceasas,Especial,,preco,4.5,"4,50",R$/Kg,price,BRL,kg,spot,,,physical
2026-04-27,legumes,cenoura-ceasas,Cenoura - Ceasas,Especial,,variacao_pct,0.0,"0,00",%,change_pct,,pct,spot,,,physical
2026-04-27,legumes,cenoura-ceasas,Cenoura - Ceasas,Extra,,preco,,s/ cotação,R$/Kg,price,BRL,kg,spot,,,physical
2026-04-27,legumes,cenoura-ceasas,Cenoura - Ceasas,Extra,,variacao_pct,,-,%,change_pct,,pct,spot,,,physical
2026-04-27,legumes,cenoura-ceasas,Cenoura - Ceasas,Extra A,,preco,,s/ cotação,R$/Kg,price,BRL,kg,spot,,,physical
2026-04-27,legumes,cenoura-ceasas,Cenoura - Ceasas,Extra A,,variacao_pct,,-,%,change_pct,,pct,spot,,,physical
2026-04-27,legumes,tomate-ceasas,Tomate - Ceasas,Carmem 3A,,preco,7.79,"7,79",R$/Kg,price,BRL,kg,spot,,,physical
2026-04-27,legumes,tomate-ceasas,Tomate - Ceasas,Carmem 3A,,variacao_pct,0.0,"0,00",%,change_pct,,pct,spot,,,physical
2026-04-27,legumes,tomate-ceasas,Tomate - Ceasas,Débora 3A,,preco,5.17,"5,17",R$/Kg,price,BRL,kg,spot,,,physical
2026-04-27,legumes,tomate-ceasas,Tomate - Ceasas,Débora 3A,,variacao_pct,0.0,"0,00",%,change_pct,,pct,spot,,,physical
2026-04-27,legumes,tomate-ceasas,Tomate - Ceasas,Longa Vida/Carmem Extra,,preco,7.0,"7,00",R$/Kg,price,BRL,kg,spot,,,physical
2026-04-27,legumes,tomate-ceasas,Tomate - Ceasas,Longa Vida/Carmem Extra,,variacao_pct,0.0,"0,00",%,change_pct,,pct,spot,,,physical
2026-04-27,legumes,tomate-ceasas,Tomate - Ceasas,Longa Vida/Débora Extra,,preco,6.5,"6,50",R$/Kg,price,BRL,kg,spot,,,physical
2026-04-27,legumes,tomate-ceasas,Tomate - Ceasas,Longa Vida/Débora Extra,,variacao_pct,0.0,"0,00",%,change_pct,,pct,spot,,,physical
2026-04-27,legumes,tomate-ceasas,Tomate - Ceasas,Longa Vida/Extra A,,preco,,s/ cotação,R$/Kg,price,BRL,kg,spot,,,physical
2026-04-27,legumes,tomate-ceasas,Tomate - Ceasas,Longa Vida/Extra A,,variacao_pct,,-,%,change_pct,,pct,spot,,,physical
2026-04-27,legumes,tomate-ceasas,Tomate - Ceasas,Santa Cruz/Extra A,,preco,,s/ cotação,R$/Kg,price,BRL,kg,spot,,,physical
2026-04-27,legumes,tomate-ceasas,Tomate - Ceasas,Santa Cruz/Extra A,,variacao_pct,,-,%,change_pct,,pct,spot,,,physical
2026-04-28,legumes,batata-ceasas,Batata - Ceasas,Agatha Primeira,,preco,2.8,"2,80",R$/Kg,price,BRL,kg,spot,,,physical
2026-04-28,legumes,batata-ceasas,Batata - Ceasas,Agatha Primeira,,variacao_pct,0.0,"0,00",%,change_pct,,pct,spot,,,physical
2026-04-28,legumes,batata-ceasas,Batata - Ceasas,Aster Primeira,,preco,1.0,"1,00",R$/Kg,price,BRL,kg,spot,,,physical
2026-04-28,legumes,batata-ceasas,Batata - Ceasas,Aster Primeira,,variacao_pct,0.0,"0,00",%,change_pct,,pct,spot,,,physical
2026-04-28,legumes,batata-ceasas,Batata - Ceasas,Asterix,,preco,4.33,"4,33",R$/Kg,price,BRL,kg,spot,,,physical
2026-04-28,legumes,batata-ceasas,Batata - Ceasas,Asterix,,variacao_pct,10.18,"+10,18",%,change_pct,,pct,spot,,,physical
2026-04-28,legumes,batata-ceasas,Batata - Ceasas,Escovada Especial,,preco,2.77,"2,77",R$/Kg,price,BRL,kg,spot,,,physical
2026-04-28,legumes,batata-ceasas,Batata - Ceasas,Escovada Especial,,variacao_pct,2.97,"+2,97",%,change_pct,,pct,spot,,,physical
2026-04-28,legumes,batata-ceasas,Batata - Ceasas,Lavada Especial,,preco,4.91,"4,91",R$/Kg,price,BRL,kg,spot,,,physical
2026-04-28,legumes,batata-ceasas,Batata - Ceasas,Lavada Especial,,variacao_pct,14.99,"+14,99",%,change_pct,,pct,spot,,,physical
2026-04-28,legumes,batata-ceasas,Batata - Ceasas,Yacon,,preco,7.0,"7,00",R$/Kg,price,BRL,kg,spot,,,physical
2026-04-28,legumes,batata-ceasas,Batata - Ceasas,Yacon,,variacao_pct,0.0,"0,00",%,change_pct,,pct,spot,,,physical
2026-04-28,legumes,cebola-no-atacado,Cebola - Ceasas,Amarela Mineira,,preco,3.25,"3,25",R$/Kg,price,BRL,kg,spot,,,physical
2026-04-28,legumes,cebola-no-atacado,Cebola - Ceasas,Amarela Mineira,,variacao_pct,0.0,"0,00",%,change_pct,,pct,spot,,,physical
2026-04-28,legumes,cebola-no-atacado,Cebola - Ceasas,Amarela Paulista,,preco,,s/ cotação,R$/Kg,price,BRL,kg,spot,,,physical
2026-04-28,legumes,cebola-no-atacado,Cebola - Ceasas,Amarela Paulista,,variacao_pct,,-,%,change_pct,,pct,spot,,,physical
2026-04-28,legumes,cebola-no-atacado,Cebola - Ceasas,Amarela Pernambucana,,preco,,s/ cotação,R$/Kg,price,BRL,kg,spot,,,physical
2026-04-28,legumes,cebola-no-atacado,Cebola - Ceasas,Amarela Pernambucana,,variacao_pct,,-,%,change_pct,,pct,spot,,,physical
2026-04-28,legumes,cebola-no-atacado,Cebola - Ceasas,Amarela Santa Catarina,,preco,3.5,"3,50",R$/Kg,price,BRL,kg,spot,,,physical
2026-04-28,legumes,cebola-no-atacado,Cebola - Ceasas,Amarela Santa Catarina,,variacao_pct,0.0,"0,00",%,change_pct,,pct,spot,,,physical
2026-04-28,legumes,cebola-no-atacado,Cebola - Ceasas,Importada Argentina,,preco,3.75,"3,75",R$/Kg,price,BRL,kg,spot,,,physical
2026-04-28,legumes,cebola-no-atacado,Cebola - Ceasas,Importada Argentina,,variacao_pct,0.0,"0,00",%,change_pct,,pct,spot,,,physical
2026-04-28,legumes,cebola-no-atacado,Cebola - Ceasas,Nacional (Caixa 4),,preco,3.31,"3,31",R$/Kg,price,BRL,kg,spot,,,physical
2026-04-28,legumes,cebola-no-atacado,Cebola - Ceasas,Nacional (Caixa 4),,variacao_pct,-3.22,"-3,22",%,change_pct,,pct,spot,,,physical
2026-04-28,legumes,cebola-no-atacado,Cebola - Ceasas,Roxa (Caixa 4),,preco,3.89,"3,89",R$/Kg,price,BRL,kg,spot,,,physical
2026-04-28,legumes,cebola-no-atacado,Cebola - Ceasas,Roxa (Caixa 4),,variacao_pct,-11.19,"-11,19",%,change_pct,,pct,spot,,,physical
2026-04-28,legumes,cenoura-ceasas,Cenoura - Ceasas,Cenoura 2A,,preco,5.59,"5,59",R$/Kg,price,BRL,kg,spot,,,physical
2026-04-28,legumes,cenoura-ceasas,Cenoura - Ceasas,Cenoura 2A,,variacao_pct,-10.42,"-10,42",%,change_pct,,pct,spot,,,physical
2026-04-28,legumes,cenoura-ceasas,Cenoura - Ceasas,Cenoura G,,preco,4.93,"4,93",R$/Kg,price,BRL,kg,spot,,,physical
2026-04-28,legumes,cenoura-ceasas,Cenoura - Ceasas,Cenoura G,,variacao_pct,-12.74,"-12,74",%,change_pct,,pct,spot,,,physical
2026-04-28,legumes,cenoura-ceasas,Cenoura - Ceasas,Especial,,preco,4.5,"4,50",R$/Kg,price,BRL,kg,spot,,,physical
2026-04-28,legumes,cenoura-ceasas,Cenoura - Ceasas,Especial,,variacao_pct,0.0,"0,00",%,change_pct,,pct,spot,,,physical
2026-04-28,legumes,cenoura-ceasas,Cenoura - Ceasas,Extra,,preco,,s/ cotação,R$/Kg,price,BRL,kg,spot,,,physical
2026-04-28,legumes,cenoura-ceasas,Cenoura - Ceasas,Extra,,variacao_pct,,-,%,change_pct,,pct,spot,,,physical
2026-04-28,legumes,cenoura-ceasas,Cenoura - Ceasas,Extra A,,preco,,s/ cotação,R$/Kg,price,BRL,kg,spot,,,physical
2026-04-28,legumes,cenoura-ceasas,Cenoura - Ceasas,Extra A,,variacao_pct,,-,%,change_pct,,pct,spot,,,physical
2026-04-28,legumes,tomate-ceasas,Tomate - Ceasas,Carmem 3A,,preco,7.27,"7,27",R$/Kg,price,BRL,kg,spot,,,physical
2026-04-28,legumes,tomate-ceasas,Tomate - Ceasas,Carmem 3A,,variacao_pct,-6.68,"-6,68",%,change_pct,,pct,spot,,,physical
2026-04-28,legumes,tomate-ceasas,Tomate - Ceasas,Débora 3A,,preco,5.28,"5,28",R$/Kg,price,BRL,kg,spot,,,physical
2026-04-28,legumes,tomate-ceasas,Tomate - Ceasas,Débora 3A,,variacao_pct,2.13,"+2,13",%,change_pct,,pct,spot,,,physical
2026-04-28,legumes,tomate-ceasas,Tomate - Ceasas,Longa Vida/Carmem Extra,,preco,7.0,"7,00",R$/Kg,price,BRL,kg,spot,,,physical
2026-04-28,legumes,tomate-ceasas,Tomate - Ceasas,Longa Vida/Carmem Extra,,variacao_pct,0.0,"0,00",%,change_pct,,pct,spot,,,physical
2026-04-28,legumes,tomate-ceasas,Tomate - Ceasas,Longa Vida/Débora Extra,,preco,6.5,"6,50",R$/Kg,price,BRL,kg,spot,,,physical
2026-04-28,legumes,tomate-ceasas,Tomate - Ceasas,Longa Vida/Débora Extra,,variacao_pct,0.0,"0,00",%,change_pct,,pct,spot,,,physical
2026-04-28,legumes,tomate-ceasas,Tomate - Ceasas,Longa Vida/Extra A,,preco,,s/ cotação,R$/Kg,price,BRL,kg,spot,,,physical
2026-04-28,legumes,tomate-ceasas,Tomate - Ceasas,Longa Vida/Extra A,,variacao_pct,,-,%,change_pct,,pct,spot,,,physical
2026-04-28,legumes,tomate-ceasas,Tomate - Ceasas,Santa Cruz/Extra A,,preco,,s/ cotação,R$/Kg,price,BRL,kg,spot,,,physical
2026-04-28,legumes,tomate-ceasas,Tomate - Ceasas,Santa Cruz/Extra A,,variacao_pct,,-,%,change_pct,,pct,spot,,,physical
2026-04-29,legumes,batata-ceasas,Batata - Ceasas,Agatha Primeira,,preco,2.4,"2,40",R$/Kg,price,BRL,kg,spot,,,physical
2026-04-29,legumes,batata-ceasas,Batata - Ceasas,Agatha Primeira,,variacao_pct,-14.29,"-14,29",%,change_pct,,pct,spot,,,physical
2026-04-29,legumes,batata-ceasas,Batata - Ceasas,Aster Primeira,,preco,1.0,"1,00",R$/Kg,price,BRL,kg,spot,,,physical
2026-04-29,legumes,batata-ceasas,Batata - Ceasas,Aster Primeira,,variacao_pct,0.0,"0,00",%,change_pct,,pct,spot,,,physical
2026-04-29,legumes,batata-ceasas,Batata - Ceasas,Asterix,,preco,4.33,"4,33",R$/Kg,price,BRL,kg,spot,,,physical
2026-04-29,legumes,batata-ceasas,Batata - Ceasas,Asterix,,variacao_pct,0.0,"0,00",%,change_pct,,pct,spot,,,physical
2026-04-29,legumes,batata-ceasas,Batata - Ceasas,Escovada Especial,,preco,2.77,"2,77",R$/Kg,price,BRL,kg,spot,,,physical
2026-04-29,legumes,batata-ceasas,Batata - Ceasas,Escovada Especial,,variacao_pct,0.0,"0,00",%,change_pct,,pct,spot,,,physical
2026-04-29,legumes,batata-ceasas,Batata - Ceasas,Lavada Especial,,preco,4.91,"4,91",R$/Kg,price,BRL,kg,spot,,,physical
2026-04-29,legumes,batata-ceasas,Batata - Ceasas,Lavada Especial,,variacao_pct,0.0,"0,00",%,change_pct,,pct,spot,,,physical
2026-04-29,legumes,batata-ceasas,Batata - Ceasas,Yacon,,preco,7.0,"7,00",R$/Kg,price,BRL,kg,spot,,,physical
2026-04-29,legumes,batata-ceasas,Batata - Ceasas,Yacon,,variacao_pct,0.0,"0,00",%,change_pct,,pct,spot,,,physical
2026-04-29,legumes,cebola-no-atacado,Cebola - Ceasas,Amarela Mineira,,preco,3.5,"3,50",R$/Kg,price,BRL,kg,spot,,,physical
2026-04-29,legumes,cebola-no-atacado,Cebola - Ceasas,Amarela Mineira,,variacao_pct,7.69,"+7,69",%,change_pct,,pct,spot,,,physical
2026-04-29,legumes,cebola-no-atacado,Cebola - Ceasas,Amarela Paulista,,preco,,s/ cotação,R$/Kg,price,BRL,kg,spot,,,physical
2026-04-29,legumes,cebola-no-atacado,Cebola - Ceasas,Amarela Paulista,,variacao_pct,,-,%,change_pct,,pct,spot,,,physical
2026-04-29,legumes,cebola-no-atacado,Cebola - Ceasas,Amarela Pernambucana,,preco,,s/ cotação,R$/Kg,price,BRL,kg,spot,,,physical
2026-04-29,legumes,cebola-no-atacado,Cebola - Ceasas,Amarela Pernambucana,,variacao_pct,,-,%,change_pct,,pct,spot,,,physical
2026-04-29,legumes,cebola-no-atacado,Cebola - Ceasas,Amarela Santa Catarina,,preco,3.5,"3,50",R$/Kg,price,BRL,kg,spot,,,physical
2026-04-29,legumes,cebola-no-atacado,Cebola - Ceasas,Amarela Santa Catarina,,variacao_pct,0.0,"0,00",%,change_pct,,pct,spot,,,physical
2026-04-29,legumes,cebola-no-atacado,Cebola - Ceasas,Importada Argentina,,preco,3.75,"3,75",R$/Kg,price,BRL,kg,spot,,,physical
2026-04-29,legumes,cebola-no-atacado,Cebola - Ceasas,Importada Argentina,,variacao_pct,0.0,"0,00",%,change_pct,,pct,spot,,,physical
2026-04-29,legumes,cebola-no-atacado,Cebola - Ceasas,Nacional (Caixa 4),,preco,3.31,"3,31",R$/Kg,price,BRL,kg,spot,,,physical
2026-04-29,legumes,cebola-no-atacado,Cebola - Ceasas,Nacional (Caixa 4),,variacao_pct,0.0,"0,00",%,change_pct,,pct,spot,,,physical
2026-04-29,legumes,cebola-no-atacado,Cebola - Ceasas,Roxa (Caixa 4),,preco,3.89,"3,89",R$/Kg,price,BRL,kg,spot,,,physical
2026-04-29,legumes,cebola-no-atacado,Cebola - Ceasas,Roxa (Caixa 4),,variacao_pct,0.0,"0,00",%,change_pct,,pct,spot,,,physical
2026-04-29,legumes,cenoura-ceasas,Cenoura - Ceasas,Cenoura 2A,,preco,5.59,"5,59",R$/Kg,price,BRL,kg,spot,,,physical
2026-04-29,legumes,cenoura-ceasas,Cenoura - Ceasas,Cenoura 2A,,variacao_pct,0.0,"0,00",%,change_pct,,pct,spot,,,physical
2026-04-29,legumes,cenoura-ceasas,Cenoura - Ceasas,Cenoura G,,preco,4.93,"4,93",R$/Kg,price,BRL,kg,spot,,,physical
2026-04-29,legumes,cenoura-ceasas,Cenoura - Ceasas,Cenoura G,,variacao_pct,0.0,"0,00",%,change_pct,,pct,spot,,,physical
2026-04-29,legumes,cenoura-ceasas,Cenoura - Ceasas,Especial,,preco,4.5,"4,50",R$/Kg,price,BRL,kg,spot,,,physical
2026-04-29,legumes,cenoura-ceasas,Cenoura - Ceasas,Especial,,variacao_pct,0.0,"0,00",%,change_pct,,pct,spot,,,physical
2026-04-29,legumes,cenoura-ceasas,Cenoura - Ceasas,Extra,,preco,3.75,"3,75",R$/Kg,price,BRL,kg,spot,,,physical
2026-04-29,legumes,cenoura-ceasas,Cenoura - Ceasas,Extra,,variacao_pct,,-,%,change_pct,,pct,spot,,,physical
2026-04-29,legumes,cenoura-ceasas,Cenoura - Ceasas,Extra A,,preco,5.5,"5,50",R$/Kg,price,BRL,kg,spot,,,physical
2026-04-29,legumes,cenoura-ceasas,Cenoura - Ceasas,Extra A,,variacao_pct,,-,%,change_pct,,pct,spot,,,physical
2026-04-29,legumes,tomate-ceasas,Tomate - Ceasas,Carmem 3A,,preco,7.27,"7,27",R$/Kg,price,BRL,kg,spot,,,physical
2026-04-29,legumes,tomate-ceasas,Tomate - Ceasas,Carmem 3A,,variacao_pct,0.0,"0,00",%,change_pct,,pct,spot,,,physical
2026-04-29,legumes,tomate-ceasas,Tomate - Ceasas,Débora 3A,,preco,5.28,"5,28",R$/Kg,price,BRL,kg,spot,,,physical
2026-04-29,legumes,tomate-ceasas,Tomate - Ceasas,Débora 3A,,variacao_pct,0.0,"0,00",%,change_pct,,pct,spot,,,physical
2026-04-29,legumes,tomate-ceasas,Tomate - Ceasas,Longa Vida/Carmem Extra,,preco,7.0,"7,00",R$/Kg,price,BRL,kg,spot,,,physical
2026-04-29,legumes,tomate-ceasas,Tomate - Ceasas,Longa Vida/Carmem Extra,,variacao_pct,0.0,"0,00",%,change_pct,,pct,spot,,,physical
2026-04-29,legumes,tomate-ceasas,Tomate - Ceasas,Longa Vida/Débora Extra,,preco,6.5,"6,50",R$/Kg,price,BRL,kg,spot,,,physical
2026-04-29,legumes,tomate-ceasas,Tomate - Ceasas,Longa Vida/Débora Extra,,variacao_pct,0.0,"0,00",%,change_pct,,pct,spot,,,physical
2026-04-29,legumes,tomate-ceasas,Tomate - Ceasas,Longa Vida/Extra A,,preco,5.0,"5,00",R$/Kg,price,BRL,kg,spot,,,physical
2026-04-29,legumes,tomate-ceasas,Tomate - Ceasas,Longa Vida/Extra A,,variacao_pct,,-,%,change_pct,,pct,spot,,,physical
2026-04-29,legumes,tomate-ceasas,Tomate - Ceasas,Santa Cruz/Extra A,,preco,,s/ cotação,R$/Kg,price,BRL,kg,spot,,,physical
2026-04-29,legumes,tomate-ceasas,Tomate - Ceasas,Santa Cruz/Extra A,,variacao_pct,,-,%,change_pct,,pct,spot,,,physical
2026-04-30,legumes,batata-ceasas,Batata - Ceasas,Agatha Primeira,,preco,2.4,"2,40",R$/Kg,price,BRL,kg,spot,,,physical
2026-04-30,legumes,batata-ceasas,Batata - Ceasas,Agatha Primeira,,variacao_pct,0.0,"0,00",%,change_pct,,pct,spot,,,physical
2026-04-30,legumes,batata-ceasas,Batata - Ceasas,Aster Primeira,,preco,1.0,"1,00",R$/Kg,price,BRL,kg,spot,,,physical
2026-04-30,legumes,batata-ceasas,Batata - Ceasas,Aster Primeira,,variacao_pct,0.0,"0,00",%,change_pct,,pct,spot,,,physical
2026-04-30,legumes,batata-ceasas,Batata - Ceasas,Asterix,,preco,3.94,"3,94",R$/Kg,price,BRL,kg,spot,,,physical
2026-04-30,legumes,batata-ceasas,Batata - Ceasas,Asterix,,variacao_pct,-9.01,"-9,01",%,change_pct,,pct,spot,,,physical
2026-04-30,legumes,batata-ceasas,Batata - Ceasas,Escovada Especial,,preco,3.32,"3,32",R$/Kg,price,BRL,kg,spot,,,physical
2026-04-30,legumes,batata-ceasas,Batata - Ceasas,Escovada Especial,,variacao_pct,19.86,"+19,86",%,change_pct,,pct,spot,,,physical
2026-04-30,legumes,batata-ceasas,Batata - Ceasas,Lavada Especial,,preco,4.97,"4,97",R$/Kg,price,BRL,kg,spot,,,physical
2026-04-30,legumes,batata-ceasas,Batata - Ceasas,Lavada Especial,,variacao_pct,1.22,"+1,22",%,change_pct,,pct,spot,,,physical
2026-04-30,legumes,batata-ceasas,Batata - Ceasas,Yacon,,preco,7.0,"7,00",R$/Kg,price,BRL,kg,spot,,,physical
2026-04-30,legumes,batata-ceasas,Batata - Ceasas,Yacon,,variacao_pct,0.0,"0,00",%,change_pct,,pct,spot,,,physical
2026-04-30,legumes,cebola-no-atacado,Cebola - Ceasas,Amarela Mineira,,preco,3.5,"3,50",R$/Kg,price,BRL,kg,spot,,,physical
2026-04-30,legumes,cebola-no-atacado,Cebola - Ceasas,Amarela Mineira,,variacao_pct,0.0,"0,00",%,change_pct,,pct,spot,,,physical
2026-04-30,legumes,cebola-no-atacado,Cebola - Ceasas,Amarela Paulista,,preco,,s/ cotação,R$/Kg,price,BRL,kg,spot,,,physical
2026-04-30,legumes,cebola-no-atacado,Cebola - Ceasas,Amarela Paulista,,variacao_pct,,-,%,change_pct,,pct,spot,,,physical
2026-04-30,legumes,cebola-no-atacado,Cebola - Ceasas,Amarela Pernambucana,,preco,,s/ cotação,R$/Kg,price,BRL,kg,spot,,,physical
2026-04-30,legumes,cebola-no-atacado,Cebola - Ceasas,Amarela Pernambucana,,variacao_pct,,-,%,change_pct,,pct,spot,,,physical
2026-04-30,legumes,cebola-no-atacado,Cebola - Ceasas,Amarela Santa Catarina,,preco,3.5,"3,50",R$/Kg,price,BRL,kg,spot,,,physical
2026-04-30,legumes,cebola-no-atacado,Cebola - Ceasas,Amarela Santa Catarina,,variacao_pct,0.0,"0,00",%,change_pct,,pct,spot,,,physical
2026-04-30,legumes,cebola-no-atacado,Cebola - Ceasas,Importada Argentina,,preco,3.75,"3,75",R$/Kg,price,BRL,kg,spot,,,physical
2026-04-30,legumes,cebola-no-atacado,Cebola - Ceasas,Importada Argentina,,variacao_pct,0.0,"0,00",%,change_pct,,pct,spot,,,physical
2026-04-30,legumes,cebola-no-atacado,Cebola - Ceasas,Nacional (Caixa 4),,preco,3.44,"3,44",R$/Kg,price,BRL,kg,spot,,,physical
2026-04-30,legumes,cebola-no-atacado,Cebola - Ceasas,Nacional (Caixa 4),,variacao_pct,3.93,"+3,93",%,change_pct,,pct,spot,,,physical
2026-04-30,legumes,cebola-no-atacado,Cebola - Ceasas,Roxa (Caixa 4),,preco,4.12,"4,12",R$/Kg,price,BRL,kg,spot,,,physical
2026-04-30,legumes,cebola-no-atacado,Cebola - Ceasas,Roxa (Caixa 4),,variacao_pct,5.91,"+5,91",%,change_pct,,pct,spot,,,physical
2026-04-30,legumes,cenoura-ceasas,Cenoura - Ceasas,Cenoura 2A,,preco,5.74,"5,74",R$/Kg,price,BRL,kg,spot,,,physical
2026-04-30,legumes,cenoura-ceasas,Cenoura - Ceasas,Cenoura 2A,,variacao_pct,2.68,"+2,68",%,change_pct,,pct,spot,,,physical
2026-04-30,legumes,cenoura-ceasas,Cenoura - Ceasas,Cenoura G,,preco,5.15,"5,15",R$/Kg,price,BRL,kg,spot,,,physical
2026-04-30,legumes,cenoura-ceasas,Cenoura - Ceasas,Cenoura G,,variacao_pct,4.46,"+4,46",%,change_pct,,pct,spot,,,physical
2026-04-30,legumes,cenoura-ceasas,Cenoura - Ceasas,Especial,,preco,4.5,"4,50",R$/Kg,price,BRL,kg,spot,,,physical
2026-04-30,legumes,cenoura-ceasas,Cenoura - Ceasas,Especial,,variacao_pct,0.0,"0,00",%,change_pct,,pct,spot,,,physical
2026-04-30,legumes,cenoura-ceasas,Cenoura - Ceasas,Extra,,preco,3.75,"3,75",R$/Kg,price,BRL,kg,spot,,,physical
2026-04-30,legumes,cenoura-ceasas,Cenoura - Ceasas,Extra,,variacao_pct,0.0,"0,00",%,change_pct,,pct,spot,,,physical
2026-04-30,legumes,cenoura-ceasas,Cenoura - Ceasas,Extra A,,preco,5.5,"5,50",R$/Kg,price,BRL,kg,spot,,,physical
2026-04-30,legumes,cenoura-ceasas,Cenoura - Ceasas,Extra A,,variacao_pct,0.0,"0,00",%,change_pct,,pct,spot,,,physical
2026-04-30,legumes,tomate-ceasas,Tomate - Ceasas,Carmem 3A,,preco,6.92,"6,92",R$/Kg,price,BRL,kg,spot,,,physical
2026-04-30,legumes,tomate-ceasas,Tomate - Ceasas,Carmem 3A,,variacao_pct,-4.81,"-4,81",%,change_pct,,pct,spot,,,physical
2026-04-30,legumes,tomate-ceasas,Tomate - Ceasas,Débora 3A,,preco,6.67,"6,67",R$/Kg,price,BRL,kg,spot,,,physical
2026-04-30,legumes,tomate-ceasas,Tomate - Ceasas,Débora 3A,,variacao_pct,26.33,"+26,33",%,change_pct,,pct,spot,,,physical
2026-04-30,legumes,tomate-ceasas,Tomate - Ceasas,Longa Vida/Carmem Extra,,preco,7.0,"7,00",R$/Kg,price,BRL,kg,spot,,,physical
2026-04-30,legumes,tomate-ceasas,Tomate - Ceasas,Longa Vida/Carmem Extra,,variacao_pct,0.0,"0,00",%,change_pct,,pct,spot,,,physical
2026-04-30,legumes,tomate-ceasas,Tomate - Ceasas,Longa Vida/Débora Extra,,preco,6.5,"6,50",R$/Kg,price,BRL,kg,spot,,,physical
2026-04-30,legumes,tomate-ceasas,Tomate - Ceasas,Longa Vida/Débora Extra,,variacao_pct,0.0,"0,00",%,change_pct,,pct,spot,,,physical
2026-04-30,legumes,tomate-ceasas,Tomate - Ceasas,Longa Vida/Extra A,,preco,5.0,"5,00",R$/Kg,price,BRL,kg,spot,,,physical
2026-04-30,legumes,tomate-ceasas,Tomate - Ceasas,Longa Vida/Extra A,,variacao_pct,0.0,"0,00",%,change_pct,,pct,spot,,,physical
2026-04-30,legumes,tomate-ceasas,Tomate - Ceasas,Santa Cruz/Extra A,,preco,,s/ cotação,R$/Kg,price,BRL,kg,spot,,,physical
2026-04-30,legumes,tomate-ceasas,Tomate - Ceasas,Santa Cruz/Extra A,,variacao_pct,,-,%,change_pct,,pct,spot,,,physical
2026-05-04,legumes,batata-ceasas,Batata - Ceasas,Agatha Primeira,,preco,3.6,"3,60",R$/Kg,price,BRL,kg,spot,,,physical
2026-05-04,legumes,batata-ceasas,Batata - Ceasas,Agatha Primeira,,variacao_pct,50.0,"+50,00",%,change_pct,,pct,spot,,,physical
2026-05-04,legumes,batata-ceasas,Batata - Ceasas,Aster Primeira,,preco,2.0,"2,00",R$/Kg,price,BRL,kg,spot,,,physical
2026-05-04,legumes,batata-ceasas,Batata - Ceasas,Aster Primeira,,variacao_pct,,-,%,change_pct,,pct,spot,,,physical
2026-05-04,legumes,batata-ceasas,Batata - Ceasas,Asterix,,preco,3.94,"3,94",R$/Kg,price,BRL,kg,spot,,,physical
2026-05-04,legumes,batata-ceasas,Batata - Ceasas,Asterix,,variacao_pct,0.0,"0,00",%,change_pct,,pct,spot,,,physical
2026-05-04,legumes,batata-ceasas,Batata - Ceasas,Escovada Especial,,preco,3.32,"3,32",R$/Kg,price,BRL,kg,spot,,,physical
2026-05-04,legumes,batata-ceasas,Batata - Ceasas,Escovada Especial,,variacao_pct,0.0,"0,00",%,change_pct,,pct,spot,,,physical
2026-05-04,legumes,batata-ceasas,Batata - Ceasas,Lavada Especial,,preco,4.97,"4,97",R$/Kg,price,BRL,kg,spot,,,physical
2026-05-04,legumes,batata-ceasas,Batata - Ceasas,Lavada Especial,,variacao_pct,0.0,"0,00",%,change_pct,,pct,spot,,,physical
2026-05-04,legumes,batata-ceasas,Batata - Ceasas,Yacon,,preco,7.0,"7,00",R$/Kg,price,BRL,kg,spot,,,physical
2026-05-04,legumes,batata-ceasas,Batata - Ceasas,Yacon,,variacao_pct,0.0,"0,00",%,change_pct,,pct,spot,,,physical
2026-05-04,legumes,cebola-no-atacado,Cebola - Ceasas,Amarela Mineira,,preco,3.5,"3,50",R$/Kg,price,BRL,kg,spot,,,physical
2026-05-04,legumes,cebola-no-atacado,Cebola - Ceasas,Amarela Mineira,,variacao_pct,0.0,"0,00",%,change_pct,,pct,spot,,,physical
2026-05-04,legumes,cebola-no-atacado,Cebola - Ceasas,Amarela Paulista,,preco,,s/ cotação,R$/Kg,price,BRL,kg,spot,,,physical
2026-05-04,legumes,cebola-no-atacado,Cebola - Ceasas,Amarela Paulista,,variacao_pct,,-,%,change_pct,,pct,spot,,,physical
2026-05-04,legumes,cebola-no-atacado,Cebola - Ceasas,Amarela Pernambucana,,preco,,s/ cotação,R$/Kg,price,BRL,kg,spot,,,physical
2026-05-04,legumes,cebola-no-atacado,Cebola - Ceasas,Amarela Pernambucana,,variacao_pct,,-,%,change_pct,,pct,spot,,,physical
2026-05-04,legumes,cebola-no-atacado,Cebola - Ceasas,Amarela Santa Catarina,,preco,3.75,"3,75",R$/Kg,price,BRL,kg,spot,,,physical
2026-05-04,legumes,cebola-no-atacado,Cebola - Ceasas,Amarela Santa Catarina,,variacao_pct,7.14,"+7,14",%,change_pct,,pct,spot,,,physical
2026-05-04,legumes,cebola-no-atacado,Cebola - Ceasas,Importada Argentina,,preco,4.0,"4,00",R$/Kg,price,BRL,kg,spot,,,physical
2026-05-04,legumes,cebola-no-atacado,Cebola - Ceasas,Importada Argentina,,variacao_pct,6.67,"+6,67",%,change_pct,,pct,spot,,,physical
2026-05-04,legumes,cebola-no-atacado,Cebola - Ceasas,Nacional (Caixa 4),,preco,3.44,"3,44",R$/Kg,price,BRL,kg,spot,,,physical
2026-05-04,legumes,cebola-no-atacado,Cebola - Ceasas,Nacional (Caixa 4),,variacao_pct,0.0,"0,00",%,change_pct,,pct,spot,,,physical
2026-05-04,legumes,cebola-no-atacado,Cebola - Ceasas,Roxa (Caixa 4),,preco,4.12,"4,12",R$/Kg,price,BRL,kg,spot,,,physical
2026-05-04,legumes,cebola-no-atacado,Cebola - Ceasas,Roxa (Caixa 4),,variacao_pct,0.0,"0,00",%,change_pct,,pct,spot,,,physical
2026-05-04,legumes,cenoura-ceasas,Cenoura - Ceasas,Cenoura 2A,,preco,5.74,"5,74",R$/Kg,price,BRL,kg,spot,,,physical
2026-05-04,legumes,cenoura-ceasas,Cenoura - Ceasas,Cenoura 2A,,variacao_pct,0.0,"0,00",%,change_pct,,pct,spot,,,physical
2026-05-04,legumes,cenoura-ceasas,Cenoura - Ceasas,Cenoura G,,preco,5.15,"5,15",R$/Kg,price,BRL,kg,spot,,,physical
2026-05-04,legumes,cenoura-ceasas,Cenoura - Ceasas,Cenoura G,,variacao_pct,0.0,"0,00",%,change_pct,,pct,spot,,,physical
2026-05-04,legumes,cenoura-ceasas,Cenoura - Ceasas,Especial,,preco,4.5,"4,50",R$/Kg,price,BRL,kg,spot,,,physical
2026-05-04,legumes,cenoura-ceasas,Cenoura - Ceasas,Especial,,variacao_pct,0.0,"0,00",%,change_pct,,pct,spot,,,physical
2026-05-04,legumes,cenoura-ceasas,Cenoura - Ceasas,Extra,,preco,3.25,"3,25",R$/Kg,price,BRL,kg,spot,,,physical
2026-05-04,legumes,cenoura-ceasas,Cenoura - Ceasas,Extra,,variacao_pct,-13.33,"-13,33",%,change_pct,,pct,spot,,,physical
2026-05-04,legumes,cenoura-ceasas,Cenoura - Ceasas,Extra A,,preco,5.0,"5,00",R$/Kg,price,BRL,kg,spot,,,physical
2026-05-04,legumes,cenoura-ceasas,Cenoura - Ceasas,Extra A,,variacao_pct,-9.09,"-9,09",%,change_pct,,pct,spot,,,physical
2026-05-04,legumes,tomate-ceasas,Tomate - Ceasas,Carmem 3A,,preco,6.92,"6,92",R$/Kg,price,BRL,kg,spot,,,physical
2026-05-04,legumes,tomate-ceasas,Tomate - Ceasas,Carmem 3A,,variacao_pct,0.0,"0,00",%,change_pct,,pct,spot,,,physical
2026-05-04,legumes,tomate-ceasas,Tomate - Ceasas,Débora 3A,,preco,6.67,"6,67",R$/Kg,price,BRL,kg,spot,,,physical
2026-05-04,legumes,tomate-ceasas,Tomate - Ceasas,Débora 3A,,variacao_pct,0.0,"0,00",%,change_pct,,pct,spot,,,physical
2026-05-04,legumes,tomate-ceasas,Tomate - Ceasas,Longa Vida/Carmem Extra,,preco,8.0,"8,00",R$/Kg,price,BRL,kg,spot,,,physical
2026-05-04,legumes,tomate-ceasas,Tomate - Ceasas,Longa Vida/Carmem Extra,,variacao_pct,14.29,"+14,29",%,change_pct,,pct,spot,,,physical
2026-05-04,legumes,tomate-ceasas,Tomate - Ceasas,Longa Vida/Débora Extra,,preco,8.0,"8,00",R$/Kg,price,BRL,kg,spot,,,physical
2026-05-04,legumes,tomate-ceasas,Tomate - Ceasas,Longa Vida/Débora Extra,,variacao_pct,23.08,"+23,08",%,change_pct,,pct,spot,,,physical
2026-05-04,legumes,tomate-ceasas,Tomate - Ceasas,Longa Vida/Extra A,,preco,3.0,"3,00",R$/Kg,price,BRL,kg,spot,,,physical
2026-05-04,legumes,tomate-ceasas,Tomate - Ceasas,Longa Vida/Extra A,,variacao_pct,-40.0,"-40,00",%,change_pct,,pct,spot,,,physical
2026-05-04,legumes,tomate-ceasas,Tomate - Ceasas,Santa Cruz/Extra A,,preco,,s/ cotação,R$/Kg,price,BRL,kg,spot,,,physical
2026-05-04,legumes,tomate-ceasas,Tomate - Ceasas,Santa Cruz/Extra A,,variacao_pct,,-,%,change_pct,,pct,spot,,,physical
2026-05-05,legumes,batata-ceasas,Batata - Ceasas,Agatha Primeira,,preco,3.6,"3,60",R$/Kg,price,BRL,kg,spot,,,physical
2026-05-05,legumes,batata-ceasas,Batata - Ceasas,Agatha Primeira,,variacao_pct,0.0,"0,00",%,change_pct,,pct,spot,,,physical
2026-05-05,legumes,batata-ceasas,Batata - Ceasas,Aster Primeira,,preco,2.0,"2,00",R$/Kg,price,BRL,kg,spot,,,physical
2026-05-05,legumes,batata-ceasas,Batata - Ceasas,Aster Primeira,,variacao_pct,0.0,"0,00",%,change_pct,,pct,spot,,,physical
2026-05-05,legumes,batata-ceasas,Batata - Ceasas,Asterix,,preco,4.98,"4,98",R$/Kg,price,BRL,kg,spot,,,physical
2026-05-05,legumes,batata-ceasas,Batata - Ceasas,Asterix,,variacao_pct,26.4,"+26,40",%,change_pct,,pct,spot,,,physical
2026-05-05,legumes,batata-ceasas,Batata - Ceasas,Escovada Especial,,preco,,s/ cotação,R$/Kg,price,BRL,kg,spot,,,physical
2026-05-05,legumes,batata-ceasas,Batata - Ceasas,Escovada Especial,,variacao_pct,,-,%,change_pct,,pct,spot,,,physical
2026-05-05,legumes,batata-ceasas,Batata - Ceasas,Lavada Especial,,preco,6.68,"6,68",R$/Kg,price,BRL,kg,spot,,,physical
2026-05-05,legumes,batata-ceasas,Batata - Ceasas,Lavada Especial,,variacao_pct,34.41,"+34,41",%,change_pct,,pct,spot,,,physical
2026-05-05,legumes,batata-ceasas,Batata - Ceasas,Yacon,,preco,7.0,"7,00",R$/Kg,price,BRL,kg,spot,,,physical
2026-05-05,legumes,batata-ceasas,Batata - Ceasas,Yacon,,variacao_pct,0.0,"0,00",%,change_pct,,pct,spot,,,physical
2026-05-05,legumes,cebola-no-atacado,Cebola - Ceasas,Amarela Mineira,,preco,3.5,"3,50",R$/Kg,price,BRL,kg,spot,,,physical
2026-05-05,legumes,cebola-no-atacado,Cebola - Ceasas,Amarela Mineira,,variacao_pct,0.0,"0,00",%,change_pct,,pct,spot,,,physical
2026-05-05,legumes,cebola-no-atacado,Cebola - Ceasas,Amarela Paulista,,preco,,s/ cotação,R$/Kg,price,BRL,kg,spot,,,physical
2026-05-05,legumes,cebola-no-atacado,Cebola - Ceasas,Amarela Paulista,,variacao_pct,,-,%,change_pct,,pct,spot,,,physical
2026-05-05,legumes,cebola-no-atacado,Cebola - Ceasas,Amarela Pernambucana,,preco,,s/ cotação,R$/Kg,price,BRL,kg,spot,,,physical
2026-05-05,legumes,cebola-no-atacado,Cebola - Ceasas,Amarela Pernambucana,,variacao_pct,,-,%,change_pct,,pct,spot,,,physical
2026-05-05,legumes,cebola-no-atacado,Cebola - Ceasas,Amarela Santa Catarina,,preco,3.75,"3,75",R$/Kg,price,BRL,kg,spot,,,physical
2026-05-05,legumes,cebola-no-atacado,Cebola - Ceasas,Amarela Santa Catarina,,variacao_pct,0.0,"0,00",%,change_pct,,pct,spot,,,physical
2026-05-05,legumes,cebola-no-atacado,Cebola - Ceasas,Importada Argentina,,preco,4.0,"4,00",R$/Kg,price,BRL,kg,spot,,,physical
2026-05-05,legumes,cebola-no-atacado,Cebola - Ceasas,Importada Argentina,,variacao_pct,0.0,"0,00",%,change_pct,,pct,spot,,,physical
2026-05-05,legumes,cebola-no-atacado,Cebola - Ceasas,Nacional (Caixa 4),,preco,3.72,"3,72",R$/Kg,price,BRL,kg,spot,,,physical
2026-05-05,legumes,cebola-no-atacado,Cebola - Ceasas,Nacional (Caixa 4),,variacao_pct,8.14,"+8,14",%,change_pct,,pct,spot,,,physical
2026-05-05,legumes,cebola-no-atacado,Cebola - Ceasas,Roxa (Caixa 4),,preco,4.33,"4,33",R$/Kg,price,BRL,kg,spot,,,physical
2026-05-05,legumes,cebola-no-atacado,Cebola - Ceasas,Roxa (Caixa 4),,variacao_pct,5.1,"+5,10",%,change_pct,,pct,spot,,,physical
2026-05-05,legumes,cenoura-ceasas,Cenoura - Ceasas,Cenoura 2A,,preco,6.0,"6,00",R$/Kg,price,BRL,kg,spot,,,physical
2026-05-05,legumes,cenoura-ceasas,Cenoura - Ceasas,Cenoura 2A,,variacao_pct,4.53,"+4,53",%,change_pct,,pct,spot,,,physical
2026-05-05,legumes,cenoura-ceasas,Cenoura - Ceasas,Cenoura G,,preco,5.54,"5,54",R$/Kg,price,BRL,kg,spot,,,physical
2026-05-05,legumes,cenoura-ceasas,Cenoura - Ceasas,Cenoura G,,variacao_pct,7.57,"+7,57",%,change_pct,,pct,spot,,,physical
2026-05-05,legumes,cenoura-ceasas,Cenoura - Ceasas,Especial,,preco,4.5,"4,50",R$/Kg,price,BRL,kg,spot,,,physical
2026-05-05,legumes,cenoura-ceasas,Cenoura - Ceasas,Especial,,variacao_pct,0.0,"0,00",%,change_pct,,pct,spot,,,physical
2026-05-05,legumes,cenoura-ceasas,Cenoura - Ceasas,Extra,,preco,3.25,"3,25",R$/Kg,price,BRL,kg,spot,,,physical
2026-05-05,legumes,cenoura-ceasas,Cenoura - Ceasas,Extra,,variacao_pct,0.0,"0,00",%,change_pct,,pct,spot,,,physical
2026-05-05,legumes,cenoura-ceasas,Cenoura - Ceasas,Extra A,,preco,5.0,"5,00",R$/Kg,price,BRL,kg,spot,,,physical
2026-05-05,legumes,cenoura-ceasas,Cenoura - Ceasas,Extra A,,variacao_pct,0.0,"0,00",%,change_pct,,pct,spot,,,physical
2026-05-05,legumes,tomate-ceasas,Tomate - Ceasas,Carmem 3A,,preco,7.74,"7,74",R$/Kg,price,BRL,kg,spot,,,physical
2026-05-05,legumes,tomate-ceasas,Tomate - Ceasas,Carmem 3A,,variacao_pct,11.85,"+11,85",%,change_pct,,pct,spot,,,physical
2026-05-05,legumes,tomate-ceasas,Tomate - Ceasas,Débora 3A,,preco,7.33,"7,33",R$/Kg,price,BRL,kg,spot,,,physical
2026-05-05,legumes,tomate-ceasas,Tomate - Ceasas,Débora 3A,,variacao_pct,9.9,"+9,90",%,change_pct,,pct,spot,,,physical
2026-05-05,legumes,tomate-ceasas,Tomate - Ceasas,Longa Vida/Carmem Extra,,preco,8.0,"8,00",R$/Kg,price,BRL,kg,spot,,,physical
2026-05-05,legumes,tomate-ceasas,Tomate - Ceasas,Longa Vida/Carmem Extra,,variacao_pct,0.0,"0,00",%,change_pct,,pct,spot,,,physical
2026-05-05,legumes,tomate-ceasas,Tomate - Ceasas,Longa Vida/Débora Extra,,preco,8.0,"8,00",R$/Kg,price,BRL,kg,spot,,,physical
2026-05-05,legumes,tomate-ceasas,Tomate - Ceasas,Longa Vida/Débora Extra,,variacao_pct,0.0,"0,00",%,change_pct,,pct,spot,,,physical
2026-05-05,legumes,tomate-ceasas,Tomate - Ceasas,Longa Vida/Extra A,,preco,3.0,"3,00",R$/Kg,price,BRL,kg,spot,,,physical
2026-05-05,legumes,tomate-ceasas,Tomate - Ceasas,Longa Vida/Extra A,,variacao_pct,0.0,"0,00",%,change_pct,,pct,spot,,,physical
2026-05-05,legumes,tomate-ceasas,Tomate - Ceasas,Santa Cruz/Extra A,,preco,,s/ cotação,R$/Kg,price,BRL,kg,spot,,,physical
2026-05-05,legumes,tomate-ceasas,Tomate - Ceasas,Santa Cruz/Extra A,,variacao_pct,,-,%,change_pct,,pct,spot,,,physical
2026-05-06,legumes,batata-ceasas,Batata - Ceasas,Agatha Primeira,,preco,3.2,"3,20",R$/Kg,price,BRL,kg,spot,,,physical
2026-05-06,legumes,batata-ceasas,Batata - Ceasas,Agatha Primeira,,variacao_pct,-11.11,"-11,11",%,change_pct,,pct,spot,,,physical
2026-05-06,legumes,batata-ceasas,Batata - Ceasas,Aster Primeira,,preco,2.0,"2,00",R$/Kg,price,BRL,kg,spot,,,physical
2026-05-06,legumes,batata-ceasas,Batata - Ceasas,Aster Primeira,,variacao_pct,0.0,"0,00",%,change_pct,,pct,spot,,,physical
2026-05-06,legumes,batata-ceasas,Batata - Ceasas,Asterix,,preco,4.98,"4,98",R$/Kg,price,BRL,kg,spot,,,physical
2026-05-06,legumes,batata-ceasas,Batata - Ceasas,Asterix,,variacao_pct,0.0,"0,00",%,change_pct,,pct,spot,,,physical
2026-05-06,legumes,batata-ceasas,Batata - Ceasas,Escovada Especial,,preco,,s/ cotação,R$/Kg,price,BRL,kg,spot,,,physical
2026-05-06,legumes,batata-ceasas,Batata - Ceasas,Escovada Especial,,variacao_pct,,-,%,change_pct,,pct,spot,,,physical
2026-05-06,legumes,batata-ceasas,Batata - Ceasas,Lavada Especial,,preco,6.68,"6,68",R$/Kg,price,BRL,kg,spot,,,physical
2026-05-06,legumes,batata-ceasas,Batata - Ceasas,Lavada Especial,,variacao_pct,0.0,"0,00",%,change_pct,,pct,spot,,,physical
2026-05-06,legumes,batata-ceasas,Batata - Ceasas,Yacon,,preco,7.0,"7,00",R$/Kg,price,BRL,kg,spot,,,physical
2026-05-06,legumes,batata-ceasas,Batata - Ceasas,Yacon,,variacao_pct,0.0,"0,00",%,change_pct,,pct,spot,,,physical
2026-05-06,legumes,cebola-no-atacado,Cebola - Ceasas,Amarela Mineira,,preco,4.0,"4,00",R$/Kg,price,BRL,kg,spot,,,physical
2026-05-06,legumes,cebola-no-atacado,Cebola - Ceasas,Amarela Mineira,,variacao_pct,14.29,"+14,29",%,change_pct,,pct,spot,,,physical
2026-05-06,legumes,cebola-no-atacado,Cebola - Ceasas,Amarela Paulista,,preco,,s/ cotação,R$/Kg,price,BRL,kg,spot,,,physical
2026-05-06,legumes,cebola-no-atacado,Cebola - Ceasas,Amarela Paulista,,variacao_pct,,-,%,change_pct,,pct,spot,,,physical
2026-05-06,legumes,cebola-no-atacado,Cebola - Ceasas,Amarela Pernambucana,,preco,,s/ cotação,R$/Kg,price,BRL,kg,spot,,,physical
2026-05-06,legumes,cebola-no-atacado,Cebola - Ceasas,Amarela Pernambucana,,variacao_pct,,-,%,change_pct,,pct,spot,,,physical
2026-05-06,legumes,cebola-no-atacado,Cebola - Ceasas,Amarela Santa Catarina,,preco,3.75,"3,75",R$/Kg,price,BRL,kg,spot,,,physical
2026-05-06,legumes,cebola-no-atacado,Cebola - Ceasas,Amarela Santa Catarina,,variacao_pct,0.0,"0,00",%,change_pct,,pct,spot,,,physical
2026-05-06,legumes,cebola-no-atacado,Cebola - Ceasas,Importada Argentina,,preco,4.0,"4,00",R$/Kg,price,BRL,kg,spot,,,physical
2026-05-06,legumes,cebola-no-atacado,Cebola - Ceasas,Importada Argentina,,variacao_pct,0.0,"0,00",%,change_pct,,pct,spot,,,physical
2026-05-06,legumes,cebola-no-atacado,Cebola - Ceasas,Nacional (Caixa 4),,preco,3.72,"3,72",R$/Kg,price,BRL,kg,spot,,,physical
2026-05-06,legumes,cebola-no-atacado,Cebola - Ceasas,Nacional (Caixa 4),,variacao_pct,0.0,"0,00",%,change_pct,,pct,spot,,,physical
2026-05-06,legumes,cebola-no-atacado,Cebola - Ceasas,Roxa (Caixa 4),,preco,4.33,"4,33",R$/Kg,price,BRL,kg,spot,,,physical
2026-05-06,legumes,cebola-no-atacado,Cebola - Ceasas,Roxa (Caixa 4),,variacao_pct,0.0,"0,00",%,change_pct,,pct,spot,,,physical
2026-05-06,legumes,cenoura-ceasas,Cenoura - Ceasas,Cenoura 2A,,preco,6.0,"6,00",R$/Kg,price,BRL,kg,spot,,,physical
2026-05-06,legumes,cenoura-ceasas,Cenoura - Ceasas,Cenoura 2A,,variacao_pct,0.0,"0,00",%,change_pct,,pct,spot,,,physical
2026-05-06,legumes,cenoura-ceasas,Cenoura - Ceasas,Cenoura G,,preco,5.54,"5,54",R$/Kg,price,BRL,kg,spot,,,physical
2026-05-06,legumes,cenoura-ceasas,Cenoura - Ceasas,Cenoura G,,variacao_pct,0.0,"0,00",%,change_pct,,pct,spot,,,physical
2026-05-06,legumes,cenoura-ceasas,Cenoura - Ceasas,Especial,,preco,4.5,"4,50",R$/Kg,price,BRL,kg,spot,,,physical
2026-05-06,legumes,cenoura-ceasas,Cenoura - Ceasas,Especial,,variacao_pct,0.0,"0,00",%,change_pct,,pct,spot,,,physical
2026-05-06,legumes,cenoura-ceasas,Cenoura - Ceasas,Extra,,preco,3.25,"3,25",R$/Kg,price,BRL,kg,spot,,,physical
2026-05-06,legumes,cenoura-ceasas,Cenoura - Ceasas,Extra,,variacao_pct,0.0,"0,00",%,change_pct,,pct,spot,,,physical
2026-05-06,legumes,cenoura-ceasas,Cenoura - Ceasas,Extra A,,preco,5.0,"5,00",R$/Kg,price,BRL,kg,spot,,,physical
2026-05-06,legumes,cenoura-ceasas,Cenoura - Ceasas,Extra A,,variacao_pct,0.0,"0,00",%,change_pct,,pct,spot,,,physical
2026-05-06,legumes,tomate-ceasas,Tomate - Ceasas,Carmem 3A,,preco,7.74,"7,74",R$/Kg,price,BRL,kg,spot,,,physical
2026-05-06,legumes,tomate-ceasas,Tomate - Ceasas,Carmem 3A,,variacao_pct,0.0,"0,00",%,change_pct,,pct,spot,,,physical
2026-05-06,legumes,tomate-ceasas,Tomate - Ceasas,Débora 3A,,preco,7.33,"7,33",R$/Kg,price,BRL,kg,spot,,,physical
2026-05-06,legumes,tomate-ceasas,Tomate - Ceasas,Débora 3A,,variacao_pct,0.0,"0,00",%,change_pct,,pct,spot,,,physical
2026-05-06,legumes,tomate-ceasas,Tomate - Ceasas,Longa Vida/Carmem Extra,,preco,8.0,"8,00",R$/Kg,price,BRL,kg,spot,,,physical
2026-05-06,legumes,tomate-ceasas,Tomate - Ceasas,Longa Vida/Carmem Extra,,variacao_pct,0.0,"0,00",%,change_pct,,pct,spot,,,physical
2026-05-06,legumes,tomate-ceasas,Tomate - Ceasas,Longa Vida/Débora Extra,,preco,8.0,"8,00",R$/Kg,price,BRL,kg,spot,,,physical
2026-05-06,legumes,tomate-ceasas,Tomate - Ceasas,Longa Vida/Débora Extra,,variacao_pct,0.0,"0,00",%,change_pct,,pct,spot,,,physical
2026-05-06,legumes,tomate-ceasas,Tomate - Ceasas,Longa Vida/Extra A,,preco,4.5,"4,50",R$/Kg,price,BRL,kg,spot,,,physical
2026-05-06,legumes,tomate-ceasas,Tomate - Ceasas,Longa Vida/Extra A,,variacao_pct,50.0,"+50,00",%,change_pct,,pct,spot,,,physical
2026-05-06,legumes,tomate-ceasas,Tomate - Ceasas,Santa Cruz/Extra A,,preco,,s/ cotação,R$/Kg,price,BRL,kg,spot,,,physical
2026-05-06,legumes,tomate-ceasas,Tomate - Ceasas,Santa Cruz/Extra A,,variacao_pct,,-,%,change_pct,,pct,spot,,,physical
2026-05-07,legumes,batata-ceasas,Batata - Ceasas,Agatha Primeira,,preco,3.2,"3,20",R$/Kg,price,BRL,kg,spot,,,physical
2026-05-07,legumes,batata-ceasas,Batata - Ceasas,Agatha Primeira,,variacao_pct,0.0,"0,00",%,change_pct,,pct,spot,,,physical
2026-05-07,legumes,batata-ceasas,Batata - Ceasas,Aster Primeira,,preco,2.0,"2,00",R$/Kg,price,BRL,kg,spot,,,physical
2026-05-07,legumes,batata-ceasas,Batata - Ceasas,Aster Primeira,,variacao_pct,0.0,"0,00",%,change_pct,,pct,spot,,,physical
2026-05-07,legumes,batata-ceasas,Batata - Ceasas,Asterix,,preco,4.86,"4,86",R$/Kg,price,BRL,kg,spot,,,physical
2026-05-07,legumes,batata-ceasas,Batata - Ceasas,Asterix,,variacao_pct,-2.41,"-2,41",%,change_pct,,pct,spot,,,physical
2026-05-07,legumes,batata-ceasas,Batata - Ceasas,Escovada Especial,,preco,3.0,"3,00",R$/Kg,price,BRL,kg,spot,,,physical
2026-05-07,legumes,batata-ceasas,Batata - Ceasas,Escovada Especial,,variacao_pct,,-,%,change_pct,,pct,spot,,,physical
2026-05-07,legumes,batata-ceasas,Batata - Ceasas,Lavada Especial,,preco,6.06,"6,06",R$/Kg,price,BRL,kg,spot,,,physical
2026-05-07,legumes,batata-ceasas,Batata - Ceasas,Lavada Especial,,variacao_pct,-9.28,"-9,28",%,change_pct,,pct,spot,,,physical
2026-05-07,legumes,batata-ceasas,Batata - Ceasas,Yacon,,preco,7.0,"7,00",R$/Kg,price,BRL,kg,spot,,,physical
2026-05-07,legumes,batata-ceasas,Batata - Ceasas,Yacon,,variacao_pct,0.0,"0,00",%,change_pct,,pct,spot,,,physical
2026-05-07,legumes,cebola-no-atacado,Cebola - Ceasas,Amarela Mineira,,preco,4.0,"4,00",R$/Kg,price,BRL,kg,spot,,,physical
2026-05-07,legumes,cebola-no-atacado,Cebola - Ceasas,Amarela Mineira,,variacao_pct,0.0,"0,00",%,change_pct,,pct,spot,,,physical
2026-05-07,legumes,cebola-no-atacado,Cebola - Ceasas,Amarela Paulista,,preco,,s/ cotação,R$/Kg,price,BRL,kg,spot,,,physical
2026-05-07,legumes,cebola-no-atacado,Cebola - Ceasas,Amarela Paulista,,variacao_pct,,-,%,change_pct,,pct,spot,,,physical
2026-05-07,legumes,cebola-no-atacado,Cebola - Ceasas,Amarela Pernambucana,,preco,,s/ cotação,R$/Kg,price,BRL,kg,spot,,,physical
2026-05-07,legumes,cebola-no-atacado,Cebola - Ceasas,Amarela Pernambucana,,variacao_pct,,-,%,change_pct,,pct,spot,,,physical
2026-05-07,legumes,cebola-no-atacado,Cebola - Ceasas,Amarela Santa Catarina,,preco,3.75,"3,75",R$/Kg,price,BRL,kg,spot,,,physical
2026-05-07,legumes,cebola-no-atacado,Cebola - Ceasas,Amarela Santa Catarina,,variacao_pct,0.0,"0,00",%,change_pct,,pct,spot,,,physical
2026-05-07,legumes,cebola-no-atacado,Cebola - Ceasas,Importada Argentina,,preco,4.0,"4,00",R$/Kg,price,BRL,kg,spot,,,physical
2026-05-07,legumes,cebola-no-atacado,Cebola - Ceasas,Importada Argentina,,variacao_pct,0.0,"0,00",%,change_pct,,pct,spot,,,physical
2026-05-07,legumes,cebola-no-atacado,Cebola - Ceasas,Nacional (Caixa 4),,preco,3.9,"3,90",R$/Kg,price,BRL,kg,spot,,,physical
2026-05-07,legumes,cebola-no-atacado,Cebola - Ceasas,Nacional (Caixa 4),,variacao_pct,4.84,"+4,84",%,change_pct,,pct,spot,,,physical
2026-05-07,legumes,cebola-no-atacado,Cebola - Ceasas,Roxa (Caixa 4),,preco,4.5,"4,50",R$/Kg,price,BRL,kg,spot,,,physical
2026-05-07,legumes,cebola-no-atacado,Cebola - Ceasas,Roxa (Caixa 4),,variacao_pct,3.93,"+3,93",%,change_pct,,pct,spot,,,physical
2026-05-07,legumes,cenoura-ceasas,Cenoura - Ceasas,Cenoura 2A,,preco,5.63,"5,63",R$/Kg,price,BRL,kg,spot,,,physical
2026-05-07,legumes,cenoura-ceasas,Cenoura - Ceasas,Cenoura 2A,,variacao_pct,-6.17,"-6,17",%,change_pct,,pct,spot,,,physical
2026-05-07,legumes,cenoura-ceasas,Cenoura - Ceasas,Cenoura G,,preco,5.04,"5,04",R$/Kg,price,BRL,kg,spot,,,physical
2026-05-07,legumes,cenoura-ceasas,Cenoura - Ceasas,Cenoura G,,variacao_pct,-9.03,"-9,03",%,change_pct,,pct,spot,,,physical
2026-05-07,legumes,cenoura-ceasas,Cenoura - Ceasas,Especial,,preco,4.5,"4,50",R$/Kg,price,BRL,kg,spot,,,physical
2026-05-07,legumes,cenoura-ceasas,Cenoura - Ceasas,Especial,,variacao_pct,0.0,"0,00",%,change_pct,,pct,spot,,,physical
2026-05-07,legumes,cenoura-ceasas,Cenoura - Ceasas,Extra,,preco,3.25,"3,25",R$/Kg,price,BRL,kg,spot,,,physical
2026-05-07,legumes,cenoura-ceasas,Cenoura - Ceasas,Extra,,variacao_pct,0.0,"0,00",%,change_pct,,pct,spot,,,physical
2026-05-07,legumes,cenoura-ceasas,Cenoura - Ceasas,Extra A,,preco,5.0,"5,00",R$/Kg,price,BRL,kg,spot,,,physical
2026-05-07,legumes,cenoura-ceasas,Cenoura - Ceasas,Extra A,,variacao_pct,0.0,"0,00",%,change_pct,,pct,spot,,,physical
2026-05-07,legumes,tomate-ceasas,Tomate - Ceasas,Carmem 3A,,preco,7.32,"7,32",R$/Kg,price,BRL,kg,spot,,,physical
2026-05-07,legumes,tomate-ceasas,Tomate - Ceasas,Carmem 3A,,variacao_pct,-5.43,"-5,43",%,change_pct,,pct,spot,,,physical
2026-05-07,legumes,tomate-ceasas,Tomate - Ceasas,Débora 3A,,preco,7.23,"7,23",R$/Kg,price,BRL,kg,spot,,,physical
2026-05-07,legumes,tomate-ceasas,Tomate - Ceasas,Débora 3A,,variacao_pct,-1.36,"-1,36",%,change_pct,,pct,spot,,,physical
2026-05-07,legumes,tomate-ceasas,Tomate - Ceasas,Longa Vida/Carmem Extra,,preco,8.0,"8,00",R$/Kg,price,BRL,kg,spot,,,physical
2026-05-07,legumes,tomate-ceasas,Tomate - Ceasas,Longa Vida/Carmem Extra,,variacao_pct,0.0,"0,00",%,change_pct,,pct,spot,,,physical
2026-05-07,legumes,tomate-ceasas,Tomate - Ceasas,Longa Vida/Débora Extra,,preco,8.0,"8,00",R$/Kg,price,BRL,kg,spot,,,physical
2026-05-07,legumes,tomate-ceasas,Tomate - Ceasas,Longa Vida/Débora Extra,,variacao_pct,0.0,"0,00",%,change_pct,,pct,spot,,,physical
2026-05-07,legumes,tomate-ceasas,Tomate - Ceasas,Longa Vida/Extra A,,preco,4.5,"4,50",R$/Kg,price,BRL,kg,spot,,,physical
2026-05-07,legumes,tomate-ceasas,Tomate - Ceasas,Longa Vida/Extra A,,variacao_pct,0.0,"0,00",%,change_pct,,pct,spot,,,physical
2026-05-07,legumes,tomate-ceasas,Tomate - Ceasas,Santa Cruz/Extra A,,preco,,s/ cotação,R$/Kg,price,BRL,kg,spot,,,physical
2026-05-07,legumes,tomate-ceasas,Tomate - Ceasas,Santa Cruz/Extra A,,variacao_pct,,-,%,change_pct,,pct,spot,,,physical
2026-05-08,legumes,batata-ceasas,Batata - Ceasas,Agatha Primeira,,preco,3.6,"3,60",R$/Kg,price,BRL,kg,spot,,,physical
2026-05-08,legumes,batata-ceasas,Batata - Ceasas,Agatha Primeira,,variacao_pct,12.5,"+12,50",%,change_pct,,pct,spot,,,physical
2026-05-08,legumes,batata-ceasas,Batata - Ceasas,Aster Primeira,,preco,2.0,"2,00",R$/Kg,price,BRL,kg,spot,,,physical
2026-05-08,legumes,batata-ceasas,Batata - Ceasas,Aster Primeira,,variacao_pct,0.0,"0,00",%,change_pct,,pct,spot,,,physical
2026-05-08,legumes,batata-ceasas,Batata - Ceasas,Asterix,,preco,4.86,"4,86",R$/Kg,price,BRL,kg,spot,,,physical
2026-05-08,legumes,batata-ceasas,Batata - Ceasas,Asterix,,variacao_pct,0.0,"0,00",%,change_pct,,pct,spot,,,physical
2026-05-08,legumes,batata-ceasas,Batata - Ceasas,Escovada Especial,,preco,3.0,"3,00",R$/Kg,price,BRL,kg,spot,,,physical
2026-05-08,legumes,batata-ceasas,Batata - Ceasas,Escovada Especial,,variacao_pct,0.0,"0,00",%,change_pct,,pct,spot,,,physical
2026-05-08,legumes,batata-ceasas,Batata - Ceasas,Lavada Especial,,preco,6.06,"6,06",R$/Kg,price,BRL,kg,spot,,,physical
2026-05-08,legumes,batata-ceasas,Batata - Ceasas,Lavada Especial,,variacao_pct,0.0,"0,00",%,change_pct,,pct,spot,,,physical
2026-05-08,legumes,batata-ceasas,Batata - Ceasas,Yacon,,preco,7.0,"7,00",R$/Kg,price,BRL,kg,spot,,,physical
2026-05-08,legumes,batata-ceasas,Batata - Ceasas,Yacon,,variacao_pct,0.0,"0,00",%,change_pct,,pct,spot,,,physical
2026-05-08,legumes,cebola-no-atacado,Cebola - Ceasas,Amarela Mineira,,preco,4.0,"4,00",R$/Kg,price,BRL,kg,spot,,,physical
2026-05-08,legumes,cebola-no-atacado,Cebola - Ceasas,Amarela Mineira,,variacao_pct,0.0,"0,00",%,change_pct,,pct,spot,,,physical
2026-05-08,legumes,cebola-no-atacado,Cebola - Ceasas,Amarela Paulista,,preco,,s/ cotação,R$/Kg,price,BRL,kg,spot,,,physical
2026-05-08,legumes,cebola-no-atacado,Cebola - Ceasas,Amarela Paulista,,variacao_pct,,-,%,change_pct,,pct,spot,,,physical
2026-05-08,legumes,cebola-no-atacado,Cebola - Ceasas,Amarela Pernambucana,,preco,,s/ cotação,R$/Kg,price,BRL,kg,spot,,,physical
2026-05-08,legumes,cebola-no-atacado,Cebola - Ceasas,Amarela Pernambucana,,variacao_pct,,-,%,change_pct,,pct,spot,,,physical
2026-05-08,legumes,cebola-no-atacado,Cebola - Ceasas,Amarela Santa Catarina,,preco,3.75,"3,75",R$/Kg,price,BRL,kg,spot,,,physical
2026-05-08,legumes,cebola-no-atacado,Cebola - Ceasas,Amarela Santa Catarina,,variacao_pct,0.0,"0,00",%,change_pct,,pct,spot,,,physical
2026-05-08,legumes,cebola-no-atacado,Cebola - Ceasas,Importada Argentina,,preco,4.0,"4,00",R$/Kg,price,BRL,kg,spot,,,physical
2026-05-08,legumes,cebola-no-atacado,Cebola - Ceasas,Importada Argentina,,variacao_pct,0.0,"0,00",%,change_pct,,pct,spot,,,physical
2026-05-08,legumes,cebola-no-atacado,Cebola - Ceasas,Nacional (Caixa 4),,preco,3.9,"3,90",R$/Kg,price,BRL,kg,spot,,,physical
2026-05-08,legumes,cebola-no-atacado,Cebola - Ceasas,Nacional (Caixa 4),,variacao_pct,0.0,"0,00",%,change_pct,,pct,spot,,,physical
2026-05-08,legumes,cebola-no-atacado,Cebola - Ceasas,Roxa (Caixa 4),,preco,4.5,"4,50",R$/Kg,price,BRL,kg,spot,,,physical
2026-05-08,legumes,cebola-no-atacado,Cebola - Ceasas,Roxa (Caixa 4),,variacao_pct,0.0,"0,00",%,change_pct,,pct,spot,,,physical
2026-05-08,legumes,cenoura-ceasas,Cenoura - Ceasas,Cenoura 2A,,preco,5.63,"5,63",R$/Kg,price,BRL,kg,spot,,,physical
2026-05-08,legumes,cenoura-ceasas,Cenoura - Ceasas,Cenoura 2A,,variacao_pct,0.0,"0,00",%,change_pct,,pct,spot,,,physical
2026-05-08,legumes,cenoura-ceasas,Cenoura - Ceasas,Cenoura G,,preco,5.04,"5,04",R$/Kg,price,BRL,kg,spot,,,physical
2026-05-08,legumes,cenoura-ceasas,Cenoura - Ceasas,Cenoura G,,variacao_pct,0.0,"0,00",%,change_pct,,pct,spot,,,physical
2026-05-08,legumes,cenoura-ceasas,Cenoura - Ceasas,Especial,,preco,4.5,"4,50",R$/Kg,price,BRL,kg,spot,,,physical
2026-05-08,legumes,cenoura-ceasas,Cenoura - Ceasas,Especial,,variacao_pct,0.0,"0,00",%,change_pct,,pct,spot,,,physical
2026-05-08,legumes,cenoura-ceasas,Cenoura - Ceasas,Extra,,preco,3.0,"3,00",R$/Kg,price,BRL,kg,spot,,,physical
2026-05-08,legumes,cenoura-ceasas,Cenoura - Ceasas,Extra,,variacao_pct,-7.69,"-7,69",%,change_pct,,pct,spot,,,physical
2026-05-08,legumes,cenoura-ceasas,Cenoura - Ceasas,Extra A,,preco,4.5,"4,50",R$/Kg,price,BRL,kg,spot,,,physical
2026-05-08,legumes,cenoura-ceasas,Cenoura - Ceasas,Extra A,,variacao_pct,-10.0,"-10,00",%,change_pct,,pct,spot,,,physical
2026-05-08,legumes,tomate-ceasas,Tomate - Ceasas,Carmem 3A,,preco,7.32,"7,32",R$/Kg,price,BRL,kg,spot,,,physical
2026-05-08,legumes,tomate-ceasas,Tomate - Ceasas,Carmem 3A,,variacao_pct,0.0,"0,00",%,change_pct,,pct,spot,,,physical
2026-05-08,legumes,tomate-ceasas,Tomate - Ceasas,Débora 3A,,preco,7.23,"7,23",R$/Kg,price,BRL,kg,spot,,,physical
2026-05-08,legumes,tomate-ceasas,Tomate - Ceasas,Débora 3A,,variacao_pct,0.0,"0,00",%,change_pct,,pct,spot,,,physical
2026-05-08,legumes,tomate-ceasas,Tomate - Ceasas,Longa Vida/Carmem Extra,,preco,8.0,"8,00",R$/Kg,price,BRL,kg,spot,,,physical
2026-05-08,legumes,tomate-ceasas,Tomate - Ceasas,Longa Vida/Carmem Extra,,variacao_pct,0.0,"0,00",%,change_pct,,pct,spot,,,physical
2026-05-08,legumes,tomate-ceasas,Tomate - Ceasas,Longa Vida/Débora Extra,,preco,8.0,"8,00",R$/Kg,price,BRL,kg,spot,,,physical
2026-05-08,legumes,tomate-ceasas,Tomate - Ceasas,Longa Vida/Débora Extra,,variacao_pct,0.0,"0,00",%,change_pct,,pct,spot,,,physical
2026-05-08,legumes,tomate-ceasas,Tomate - Ceasas,Longa Vida/Extra A,,preco,3.25,"3,25",R$/Kg,price,BRL,kg,spot,,,physical
2026-05-08,legumes,tomate-ceasas,Tomate - Ceasas,Longa Vida/Extra A,,variacao_pct,-27.78,"-27,78",%,change_pct,,pct,spot,,,physical
2026-05-08,legumes,tomate-ceasas,Tomate - Ceasas,Santa Cruz/Extra A,,preco,,s/ cotação,R$/Kg,price,BRL,kg,spot,,,physical
2026-05-08,legumes,tomate-ceasas,Tomate - Ceasas,Santa Cruz/Extra A,,variacao_pct,,-,%,change_pct,,pct,spot,,,physical
2026-05-11,legumes,batata-ceasas,Batata - Ceasas,Agatha Primeira,,preco,4.0,"4,00",R$/Kg,price,BRL,kg,spot,,,physical
2026-05-11,legumes,batata-ceasas,Batata - Ceasas,Agatha Primeira,,variacao_pct,11.11,"+11,11",%,change_pct,,pct,spot,,,physical
2026-05-11,legumes,batata-ceasas,Batata - Ceasas,Aster Primeira,,preco,2.8,"2,80",R$/Kg,price,BRL,kg,spot,,,physical
2026-05-11,legumes,batata-ceasas,Batata - Ceasas,Aster Primeira,,variacao_pct,40.0,"+40,00",%,change_pct,,pct,spot,,,physical
2026-05-11,legumes,batata-ceasas,Batata - Ceasas,Asterix,,preco,4.84,"4,84",R$/Kg,price,BRL,kg,spot,,,physical
2026-05-11,legumes,batata-ceasas,Batata - Ceasas,Asterix,,variacao_pct,-0.41,"-0,41",%,change_pct,,pct,spot,,,physical
2026-05-11,legumes,batata-ceasas,Batata - Ceasas,Escovada Especial,,preco,3.5,"3,50",R$/Kg,price,BRL,kg,spot,,,physical
2026-05-11,legumes,batata-ceasas,Batata - Ceasas,Escovada Especial,,variacao_pct,16.67,"+16,67",%,change_pct,,pct,spot,,,physical
2026-05-11,legumes,batata-ceasas,Batata - Ceasas,Lavada Especial,,preco,6.27,"6,27",R$/Kg,price,BRL,kg,spot,,,physical
2026-05-11,legumes,batata-ceasas,Batata - Ceasas,Lavada Especial,,variacao_pct,3.47,"+3,47",%,change_pct,,pct,spot,,,physical
2026-05-11,legumes,batata-ceasas,Batata - Ceasas,Yacon,,preco,7.0,"7,00",R$/Kg,price,BRL,kg,spot,,,physical
2026-05-11,legumes,batata-ceasas,Batata - Ceasas,Yacon,,variacao_pct,0.0,"0,00",%,change_pct,,pct,spot,,,physical
2026-05-11,legumes,cebola-no-atacado,Cebola - Ceasas,Amarela Mineira,,preco,4.0,"4,00",R$/Kg,price,BRL,kg,spot,,,physical
2026-05-11,legumes,cebola-no-atacado,Cebola - Ceasas,Amarela Mineira,,variacao_pct,0.0,"0,00",%,change_pct,,pct,spot,,,physical
2026-05-11,legumes,cebola-no-atacado,Cebola - Ceasas,Amarela Paulista,,preco,,s/ cotação,R$/Kg,price,BRL,kg,spot,,,physical
2026-05-11,legumes,cebola-no-atacado,Cebola - Ceasas,Amarela Paulista,,variacao_pct,,-,%,change_pct,,pct,spot,,,physical
2026-05-11,legumes,cebola-no-atacado,Cebola - Ceasas,Amarela Pernambucana,,preco,,s/ cotação,R$/Kg,price,BRL,kg,spot,,,physical
2026-05-11,legumes,cebola-no-atacado,Cebola - Ceasas,Amarela Pernambucana,,variacao_pct,,-,%,change_pct,,pct,spot,,,physical
2026-05-11,legumes,cebola-no-atacado,Cebola - Ceasas,Amarela Santa Catarina,,preco,4.0,"4,00",R$/Kg,price,BRL,kg,spot,,,physical
2026-05-11,legumes,cebola-no-atacado,Cebola - Ceasas,Amarela Santa Catarina,,variacao_pct,6.67,"+6,67",%,change_pct,,pct,spot,,,physical
2026-05-11,legumes,cebola-no-atacado,Cebola - Ceasas,Importada Argentina,,preco,4.25,"4,25",R$/Kg,price,BRL,kg,spot,,,physical
2026-05-11,legumes,cebola-no-atacado,Cebola - Ceasas,Importada Argentina,,variacao_pct,6.25,"+6,25",%,change_pct,,pct,spot,,,physical
2026-05-11,legumes,cebola-no-atacado,Cebola - Ceasas,Nacional (Caixa 4),,preco,3.82,"3,82",R$/Kg,price,BRL,kg,spot,,,physical
2026-05-11,legumes,cebola-no-atacado,Cebola - Ceasas,Nacional (Caixa 4),,variacao_pct,-2.05,"-2,05",%,change_pct,,pct,spot,,,physical
2026-05-11,legumes,cebola-no-atacado,Cebola - Ceasas,Roxa (Caixa 4),,preco,4.71,"4,71",R$/Kg,price,BRL,kg,spot,,,physical
2026-05-11,legumes,cebola-no-atacado,Cebola - Ceasas,Roxa (Caixa 4),,variacao_pct,4.67,"+4,67",%,change_pct,,pct,spot,,,physical
2026-05-11,legumes,cenoura-ceasas,Cenoura - Ceasas,Cenoura 2A,,preco,5.97,"5,97",R$/Kg,price,BRL,kg,spot,,,physical
2026-05-11,legumes,cenoura-ceasas,Cenoura - Ceasas,Cenoura 2A,,variacao_pct,6.04,"+6,04",%,change_pct,,pct,spot,,,physical
2026-05-11,legumes,cenoura-ceasas,Cenoura - Ceasas,Cenoura G,,preco,5.47,"5,47",R$/Kg,price,BRL,kg,spot,,,physical
2026-05-11,legumes,cenoura-ceasas,Cenoura - Ceasas,Cenoura G,,variacao_pct,8.53,"+8,53",%,change_pct,,pct,spot,,,physical
2026-05-11,legumes,cenoura-ceasas,Cenoura - Ceasas,Especial,,preco,4.5,"4,50",R$/Kg,price,BRL,kg,spot,,,physical
2026-05-11,legumes,cenoura-ceasas,Cenoura - Ceasas,Especial,,variacao_pct,0.0,"0,00",%,change_pct,,pct,spot,,,physical
2026-05-11,legumes,cenoura-ceasas,Cenoura - Ceasas,Extra,,preco,3.0,"3,00",R$/Kg,price,BRL,kg,spot,,,physical
2026-05-11,legumes,cenoura-ceasas,Cenoura - Ceasas,Extra,,variacao_pct,0.0,"0,00",%,change_pct,,pct,spot,,,physical
2026-05-11,legumes,cenoura-ceasas,Cenoura - Ceasas,Extra A,,preco,5.0,"5,00",R$/Kg,price,BRL,kg,spot,,,physical
2026-05-11,legumes,cenoura-ceasas,Cenoura - Ceasas,Extra A,,variacao_pct,11.11,"+11,11",%,change_pct,,pct,spot,,,physical
2026-05-11,legumes,tomate-ceasas,Tomate - Ceasas,Carmem 3A,,preco,8.04,"8,04",R$/Kg,price,BRL,kg,spot,,,physical
2026-05-11,legumes,tomate-ceasas,Tomate - Ceasas,Carmem 3A,,variacao_pct,9.84,"+9,84",%,change_pct,,pct,spot,,,physical
2026-05-11,legumes,tomate-ceasas,Tomate - Ceasas,Débora 3A,,preco,7.78,"7,78",R$/Kg,price,BRL,kg,spot,,,physical
2026-05-11,legumes,tomate-ceasas,Tomate - Ceasas,Débora 3A,,variacao_pct,7.61,"+7,61",%,change_pct,,pct,spot,,,physical
2026-05-11,legumes,tomate-ceasas,Tomate - Ceasas,Longa Vida/Carmem Extra,,preco,8.0,"8,00",R$/Kg,price,BRL,kg,spot,,,physical
2026-05-11,legumes,tomate-ceasas,Tomate - Ceasas,Longa Vida/Carmem Extra,,variacao_pct,0.0,"0,00",%,change_pct,,pct,spot,,,physical
2026-05-11,legumes,tomate-ceasas,Tomate - Ceasas,Longa Vida/Débora Extra,,preco,8.0,"8,00",R$/Kg,price,BRL,kg,spot,,,physical
2026-05-11,legumes,tomate-ceasas,Tomate - Ceasas,Longa Vida/Débora Extra,,variacao_pct,0.0,"0,00",%,change_pct,,pct,spot,,,physical
2026-05-11,legumes,tomate-ceasas,Tomate - Ceasas,Longa Vida/Extra A,,preco,5.0,"5,00",R$/Kg,price,BRL,kg,spot,,,physical
2026-05-11,legumes,tomate-ceasas,Tomate - Ceasas,Longa Vida/Extra A,,variacao_pct,53.85,"+53,85",%,change_pct,,pct,spot,,,physical
2026-05-11,legumes,tomate-ceasas,Tomate - Ceasas,Santa Cruz/Extra A,,preco,,s/ cotação,R$/Kg,price,BRL,kg,spot,,,physical
2026-05-11,legumes,tomate-ceasas,Tomate - Ceasas,Santa Cruz/Extra A,,variacao_pct,,-,%,change_pct,,pct,spot,,,physical
2026-05-12,legumes,batata-ceasas,Batata - Ceasas,Agatha Primeira,,preco,4.0,"4,00",R$/Kg,price,BRL,kg,spot,,,physical
2026-05-12,legumes,batata-ceasas,Batata - Ceasas,Agatha Primeira,,variacao_pct,0.0,"0,00",%,change_pct,,pct,spot,,,physical
2026-05-12,legumes,batata-ceasas,Batata - Ceasas,Aster Primeira,,preco,2.8,"2,80",R$/Kg,price,BRL,kg,spot,,,physical
2026-05-12,legumes,batata-ceasas,Batata - Ceasas,Aster Primeira,,variacao_pct,0.0,"0,00",%,change_pct,,pct,spot,,,physical
2026-05-12,legumes,batata-ceasas,Batata - Ceasas,Asterix,,preco,6.93,"6,93",R$/Kg,price,BRL,kg,spot,,,physical
2026-05-12,legumes,batata-ceasas,Batata - Ceasas,Asterix,,variacao_pct,43.18,"+43,18",%,change_pct,,pct,spot,,,physical
2026-05-12,legumes,batata-ceasas,Batata - Ceasas,Escovada Especial,,preco,4.36,"4,36",R$/Kg,price,BRL,kg,spot,,,physical
2026-05-12,legumes,batata-ceasas,Batata - Ceasas,Escovada Especial,,variacao_pct,24.57,"+24,57",%,change_pct,,pct,spot,,,physical
2026-05-12,legumes,batata-ceasas,Batata - Ceasas,Lavada Especial,,preco,7.31,"7,31",R$/Kg,price,BRL,kg,spot,,,physical
2026-05-12,legumes,batata-ceasas,Batata - Ceasas,Lavada Especial,,variacao_pct,16.59,"+16,59",%,change_pct,,pct,spot,,,physical
2026-05-12,legumes,batata-ceasas,Batata - Ceasas,Yacon,,preco,7.0,"7,00",R$/Kg,price,BRL,kg,spot,,,physical
2026-05-12,legumes,batata-ceasas,Batata - Ceasas,Yacon,,variacao_pct,0.0,"0,00",%,change_pct,,pct,spot,,,physical
2026-05-12,legumes,cebola-no-atacado,Cebola - Ceasas,Amarela Mineira,,preco,4.0,"4,00",R$/Kg,price,BRL,kg,spot,,,physical
2026-05-12,legumes,cebola-no-atacado,Cebola - Ceasas,Amarela Mineira,,variacao_pct,0.0,"0,00",%,change_pct,,pct,spot,,,physical
2026-05-12,legumes,cebola-no-atacado,Cebola - Ceasas,Amarela Paulista,,preco,,s/ cotação,R$/Kg,price,BRL,kg,spot,,,physical
2026-05-12,legumes,cebola-no-atacado,Cebola - Ceasas,Amarela Paulista,,variacao_pct,,-,%,change_pct,,pct,spot,,,physical
2026-05-12,legumes,cebola-no-atacado,Cebola - Ceasas,Amarela Pernambucana,,preco,,s/ cotação,R$/Kg,price,BRL,kg,spot,,,physical
2026-05-12,legumes,cebola-no-atacado,Cebola - Ceasas,Amarela Pernambucana,,variacao_pct,,-,%,change_pct,,pct,spot,,,physical
2026-05-12,legumes,cebola-no-atacado,Cebola - Ceasas,Amarela Santa Catarina,,preco,4.0,"4,00",R$/Kg,price,BRL,kg,spot,,,physical
2026-05-12,legumes,cebola-no-atacado,Cebola - Ceasas,Amarela Santa Catarina,,variacao_pct,0.0,"0,00",%,change_pct,,pct,spot,,,physical
2026-05-12,legumes,cebola-no-atacado,Cebola - Ceasas,Importada Argentina,,preco,4.25,"4,25",R$/Kg,price,BRL,kg,spot,,,physical
2026-05-12,legumes,cebola-no-atacado,Cebola - Ceasas,Importada Argentina,,variacao_pct,0.0,"0,00",%,change_pct,,pct,spot,,,physical
2026-05-12,legumes,cebola-no-atacado,Cebola - Ceasas,Nacional (Caixa 4),,preco,3.86,"3,86",R$/Kg,price,BRL,kg,spot,,,physical
2026-05-12,legumes,cebola-no-atacado,Cebola - Ceasas,Nacional (Caixa 4),,variacao_pct,1.05,"+1,05",%,change_pct,,pct,spot,,,physical
2026-05-12,legumes,cebola-no-atacado,Cebola - Ceasas,Roxa (Caixa 4),,preco,4.6,"4,60",R$/Kg,price,BRL,kg,spot,,,physical
2026-05-12,legumes,cebola-no-atacado,Cebola - Ceasas,Roxa (Caixa 4),,variacao_pct,-2.34,"-2,34",%,change_pct,,pct,spot,,,physical
2026-05-12,legumes,cenoura-ceasas,Cenoura - Ceasas,Cenoura 2A,,preco,5.73,"5,73",R$/Kg,price,BRL,kg,spot,,,physical
2026-05-12,legumes,cenoura-ceasas,Cenoura - Ceasas,Cenoura 2A,,variacao_pct,-4.02,"-4,02",%,change_pct,,pct,spot,,,physical
2026-05-12,legumes,cenoura-ceasas,Cenoura - Ceasas,Cenoura G,,preco,5.0,"5,00",R$/Kg,price,BRL,kg,spot,,,physical
2026-05-12,legumes,cenoura-ceasas,Cenoura - Ceasas,Cenoura G,,variacao_pct,-8.59,"-8,59",%,change_pct,,pct,spot,,,physical
2026-05-12,legumes,cenoura-ceasas,Cenoura - Ceasas,Especial,,preco,4.5,"4,50",R$/Kg,price,BRL,kg,spot,,,physical
2026-05-12,legumes,cenoura-ceasas,Cenoura - Ceasas,Especial,,variacao_pct,0.0,"0,00",%,change_pct,,pct,spot,,,physical
2026-05-12,legumes,cenoura-ceasas,Cenoura - Ceasas,Extra,,preco,3.0,"3,00",R$/Kg,price,BRL,kg,spot,,,physical
2026-05-12,legumes,cenoura-ceasas,Cenoura - Ceasas,Extra,,variacao_pct,0.0,"0,00",%,change_pct,,pct,spot,,,physical
2026-05-12,legumes,cenoura-ceasas,Cenoura - Ceasas,Extra A,,preco,5.0,"5,00",R$/Kg,price,BRL,kg,spot,,,physical
2026-05-12,legumes,cenoura-ceasas,Cenoura - Ceasas,Extra A,,variacao_pct,0.0,"0,00",%,change_pct,,pct,spot,,,physical
2026-05-12,legumes,tomate-ceasas,Tomate - Ceasas,Carmem 3A,,preco,9.42,"9,42",R$/Kg,price,BRL,kg,spot,,,physical
2026-05-12,legumes,tomate-ceasas,Tomate - Ceasas,Carmem 3A,,variacao_pct,17.16,"+17,16",%,change_pct,,pct,spot,,,physical
2026-05-12,legumes,tomate-ceasas,Tomate - Ceasas,Débora 3A,,preco,8.63,"8,63",R$/Kg,price,BRL,kg,spot,,,physical
2026-05-12,legumes,tomate-ceasas,Tomate - Ceasas,Débora 3A,,variacao_pct,10.93,"+10,93",%,change_pct,,pct,spot,,,physical
2026-05-12,legumes,tomate-ceasas,Tomate - Ceasas,Longa Vida/Carmem Extra,,preco,8.0,"8,00",R$/Kg,price,BRL,kg,spot,,,physical
2026-05-12,legumes,tomate-ceasas,Tomate - Ceasas,Longa Vida/Carmem Extra,,variacao_pct,0.0,"0,00",%,change_pct,,pct,spot,,,physical
2026-05-12,legumes,tomate-ceasas,Tomate - Ceasas,Longa Vida/Débora Extra,,preco,8.0,"8,00",R$/Kg,price,BRL,kg,spot,,,physical
2026-05-12,legumes,tomate-ceasas,Tomate - Ceasas,Longa Vida/Débora Extra,,variacao_pct,0.0,"0,00",%,change_pct,,pct,spot,,,physical
2026-05-12,legumes,tomate-ceasas,Tomate - Ceasas,Longa Vida/Extra A,,preco,5.0,"5,00",R$/Kg,price,BRL,kg,spot,,,physical
2026-05-12,legumes,tomate-ceasas,Tomate - Ceasas,Longa Vida/Extra A,,variacao_pct,0.0,"0,00",%,change_pct,,pct,spot,,,physical
2026-05-12,legumes,tomate-ceasas,Tomate - Ceasas,Santa Cruz/Extra A,,preco,,s/ cotação,R$/Kg,price,BRL,kg,spot,,,physical
2026-05-12,legumes,tomate-ceasas,Tomate - Ceasas,Santa Cruz/Extra A,,variacao_pct,,-,%,change_pct,,pct,spot,,,physical
2026-05-13,legumes,batata-ceasas,Batata - Ceasas,Agatha Primeira,,preco,4.0,"4,00",R$/Kg,price,BRL,kg,spot,,,physical
2026-05-13,legumes,batata-ceasas,Batata - Ceasas,Agatha Primeira,,variacao_pct,0.0,"0,00",%,change_pct,,pct,spot,,,physical
2026-05-13,legumes,batata-ceasas,Batata - Ceasas,Aster Primeira,,preco,2.8,"2,80",R$/Kg,price,BRL,kg,spot,,,physical
2026-05-13,legumes,batata-ceasas,Batata - Ceasas,Aster Primeira,,variacao_pct,0.0,"0,00",%,change_pct,,pct,spot,,,physical
2026-05-13,legumes,batata-ceasas,Batata - Ceasas,Asterix,,preco,6.93,"6,93",R$/Kg,price,BRL,kg,spot,,,physical
2026-05-13,legumes,batata-ceasas,Batata - Ceasas,Asterix,,variacao_pct,0.0,"0,00",%,change_pct,,pct,spot,,,physical
2026-05-13,legumes,batata-ceasas,Batata - Ceasas,Escovada Especial,,preco,4.36,"4,36",R$/Kg,price,BRL,kg,spot,,,physical
2026-05-13,legumes,batata-ceasas,Batata - Ceasas,Escovada Especial,,variacao_pct,0.0,"0,00",%,change_pct,,pct,spot,,,physical
2026-05-13,legumes,batata-ceasas,Batata - Ceasas,Lavada Especial,,preco,7.31,"7,31",R$/Kg,price,BRL,kg,spot,,,physical
2026-05-13,legumes,batata-ceasas,Batata - Ceasas,Lavada Especial,,variacao_pct,0.0,"0,00",%,change_pct,,pct,spot,,,physical
2026-05-13,legumes,batata-ceasas,Batata - Ceasas,Yacon,,preco,7.0,"7,00",R$/Kg,price,BRL,kg,spot,,,physical
2026-05-13,legumes,batata-ceasas,Batata - Ceasas,Yacon,,variacao_pct,0.0,"0,00",%,change_pct,,pct,spot,,,physical
2026-05-13,legumes,cebola-no-atacado,Cebola - Ceasas,Amarela Mineira,,preco,4.0,"4,00",R$/Kg,price,BRL,kg,spot,,,physical
2026-05-13,legumes,cebola-no-atacado,Cebola - Ceasas,Amarela Mineira,,variacao_pct,0.0,"0,00",%,change_pct,,pct,spot,,,physical
2026-05-13,legumes,cebola-no-atacado,Cebola - Ceasas,Amarela Paulista,,preco,,s/ cotação,R$/Kg,price,BRL,kg,spot,,,physical
2026-05-13,legumes,cebola-no-atacado,Cebola - Ceasas,Amarela Paulista,,variacao_pct,,-,%,change_pct,,pct,spot,,,physical
2026-05-13,legumes,cebola-no-atacado,Cebola - Ceasas,Amarela Pernambucana,,preco,,s/ cotação,R$/Kg,price,BRL,kg,spot,,,physical
2026-05-13,legumes,cebola-no-atacado,Cebola - Ceasas,Amarela Pernambucana,,variacao_pct,,-,%,change_pct,,pct,spot,,,physical
2026-05-13,legumes,cebola-no-atacado,Cebola - Ceasas,Amarela Santa Catarina,,preco,4.0,"4,00",R$/Kg,price,BRL,kg,spot,,,physical
2026-05-13,legumes,cebola-no-atacado,Cebola - Ceasas,Amarela Santa Catarina,,variacao_pct,0.0,"0,00",%,change_pct,,pct,spot,,,physical
2026-05-13,legumes,cebola-no-atacado,Cebola - Ceasas,Importada Argentina,,preco,4.25,"4,25",R$/Kg,price,BRL,kg,spot,,,physical
2026-05-13,legumes,cebola-no-atacado,Cebola - Ceasas,Importada Argentina,,variacao_pct,0.0,"0,00",%,change_pct,,pct,spot,,,physical
2026-05-13,legumes,cebola-no-atacado,Cebola - Ceasas,Nacional (Caixa 4),,preco,3.86,"3,86",R$/Kg,price,BRL,kg,spot,,,physical
2026-05-13,legumes,cebola-no-atacado,Cebola - Ceasas,Nacional (Caixa 4),,variacao_pct,0.0,"0,00",%,change_pct,,pct,spot,,,physical
2026-05-13,legumes,cebola-no-atacado,Cebola - Ceasas,Roxa (Caixa 4),,preco,4.6,"4,60",R$/Kg,price,BRL,kg,spot,,,physical
2026-05-13,legumes,cebola-no-atacado,Cebola - Ceasas,Roxa (Caixa 4),,variacao_pct,0.0,"0,00",%,change_pct,,pct,spot,,,physical
2026-05-13,legumes,cenoura-ceasas,Cenoura - Ceasas,Cenoura 2A,,preco,5.73,"5,73",R$/Kg,price,BRL,kg,spot,,,physical
2026-05-13,legumes,cenoura-ceasas,Cenoura - Ceasas,Cenoura 2A,,variacao_pct,0.0,"0,00",%,change_pct,,pct,spot,,,physical
2026-05-13,legumes,cenoura-ceasas,Cenoura - Ceasas,Cenoura G,,preco,5.0,"5,00",R$/Kg,price,BRL,kg,spot,,,physical
2026-05-13,legumes,cenoura-ceasas,Cenoura - Ceasas,Cenoura G,,variacao_pct,0.0,"0,00",%,change_pct,,pct,spot,,,physical
2026-05-13,legumes,cenoura-ceasas,Cenoura - Ceasas,Especial,,preco,4.5,"4,50",R$/Kg,price,BRL,kg,spot,,,physical
2026-05-13,legumes,cenoura-ceasas,Cenoura - Ceasas,Especial,,variacao_pct,0.0,"0,00",%,change_pct,,pct,spot,,,physical
2026-05-13,legumes,cenoura-ceasas,Cenoura - Ceasas,Extra,,preco,3.0,"3,00",R$/Kg,price,BRL,kg,spot,,,physical
2026-05-13,legumes,cenoura-ceasas,Cenoura - Ceasas,Extra,,variacao_pct,0.0,"0,00",%,change_pct,,pct,spot,,,physical
2026-05-13,legumes,cenoura-ceasas,Cenoura - Ceasas,Extra A,,preco,5.0,"5,00",R$/Kg,price,BRL,kg,spot,,,physical
2026-05-13,legumes,cenoura-ceasas,Cenoura - Ceasas,Extra A,,variacao_pct,0.0,"0,00",%,change_pct,,pct,spot,,,physical
2026-05-13,legumes,tomate-ceasas,Tomate - Ceasas,Carmem 3A,,preco,9.42,"9,42",R$/Kg,price,BRL,kg,spot,,,physical
2026-05-13,legumes,tomate-ceasas,Tomate - Ceasas,Carmem 3A,,variacao_pct,0.0,"0,00",%,change_pct,,pct,spot,,,physical
2026-05-13,legumes,tomate-ceasas,Tomate - Ceasas,Débora 3A,,preco,8.63,"8,63",R$/Kg,price,BRL,kg,spot,,,physical
2026-05-13,legumes,tomate-ceasas,Tomate - Ceasas,Débora 3A,,variacao_pct,0.0,"0,00",%,change_pct,,pct,spot,,,physical
2026-05-13,legumes,tomate-ceasas,Tomate - Ceasas,Longa Vida/Carmem Extra,,preco,8.0,"8,00",R$/Kg,price,BRL,kg,spot,,,physical
2026-05-13,legumes,tomate-ceasas,Tomate - Ceasas,Longa Vida/Carmem Extra,,variacao_pct,0.0,"0,00",%,change_pct,,pct,spot,,,physical
2026-05-13,legumes,tomate-ceasas,Tomate - Ceasas,Longa Vida/Débora Extra,,preco,8.0,"8,00",R$/Kg,price,BRL,kg,spot,,,physical
2026-05-13,legumes,tomate-ceasas,Tomate - Ceasas,Longa Vida/Débora Extra,,variacao_pct,0.0,"0,00",%,change_pct,,pct,spot,,,physical
2026-05-13,legumes,tomate-ceasas,Tomate - Ceasas,Longa Vida/Extra A,,preco,5.0,"5,00",R$/Kg,price,BRL,kg,spot,,,physical
2026-05-13,legumes,tomate-ceasas,Tomate - Ceasas,Longa Vida/Extra A,,variacao_pct,0.0,"0,00",%,change_pct,,pct,spot,,,physical
2026-05-13,legumes,tomate-ceasas,Tomate - Ceasas,Santa Cruz/Extra A,,preco,,s/ cotação,R$/Kg,price,BRL,kg,spot,,,physical
2026-05-13,legumes,tomate-ceasas,Tomate - Ceasas,Santa Cruz/Extra A,,variacao_pct,,-,%,change_pct,,pct,spot,,,physical
2026-05-14,legumes,batata-ceasas,Batata - Ceasas,Agatha Primeira,,preco,3.6,"3,60",R$/Kg,price,BRL,kg,spot,,,physical
2026-05-14,legumes,batata-ceasas,Batata - Ceasas,Agatha Primeira,,variacao_pct,-10.0,"-10,00",%,change_pct,,pct,spot,,,physical
2026-05-14,legumes,batata-ceasas,Batata - Ceasas,Aster Primeira,,preco,2.8,"2,80",R$/Kg,price,BRL,kg,spot,,,physical
2026-05-14,legumes,batata-ceasas,Batata - Ceasas,Aster Primeira,,variacao_pct,0.0,"0,00",%,change_pct,,pct,spot,,,physical
2026-05-14,legumes,batata-ceasas,Batata - Ceasas,Asterix,,preco,6.93,"6,93",R$/Kg,price,BRL,kg,spot,,,physical
2026-05-14,legumes,batata-ceasas,Batata - Ceasas,Asterix,,variacao_pct,0.0,"0,00",%,change_pct,,pct,spot,,,physical
2026-05-14,legumes,batata-ceasas,Batata - Ceasas,Escovada Especial,,preco,4.36,"4,36",R$/Kg,price,BRL,kg,spot,,,physical
2026-05-14,legumes,batata-ceasas,Batata - Ceasas,Escovada Especial,,variacao_pct,0.0,"0,00",%,change_pct,,pct,spot,,,physical
2026-05-14,legumes,batata-ceasas,Batata - Ceasas,Lavada Especial,,preco,7.31,"7,31",R$/Kg,price,BRL,kg,spot,,,physical
2026-05-14,legumes,batata-ceasas,Batata - Ceasas,Lavada Especial,,variacao_pct,0.0,"0,00",%,change_pct,,pct,spot,,,physical
2026-05-14,legumes,batata-ceasas,Batata - Ceasas,Yacon,,preco,7.0,"7,00",R$/Kg,price,BRL,kg,spot,,,physical
2026-05-14,legumes,batata-ceasas,Batata - Ceasas,Yacon,,variacao_pct,0.0,"0,00",%,change_pct,,pct,spot,,,physical
2026-05-14,legumes,cebola-no-atacado,Cebola - Ceasas,Amarela Mineira,,preco,4.0,"4,00",R$/Kg,price,BRL,kg,spot,,,physical
2026-05-14,legumes,cebola-no-atacado,Cebola - Ceasas,Amarela Mineira,,variacao_pct,0.0,"0,00",%,change_pct,,pct,spot,,,physical
2026-05-14,legumes,cebola-no-atacado,Cebola - Ceasas,Amarela Paulista,,preco,,s/ cotação,R$/Kg,price,BRL,kg,spot,,,physical
2026-05-14,legumes,cebola-no-atacado,Cebola - Ceasas,Amarela Paulista,,variacao_pct,,-,%,change_pct,,pct,spot,,,physical
2026-05-14,legumes,cebola-no-atacado,Cebola - Ceasas,Amarela Pernambucana,,preco,,s/ cotação,R$/Kg,price,BRL,kg,spot,,,physical
2026-05-14,legumes,cebola-no-atacado,Cebola - Ceasas,Amarela Pernambucana,,variacao_pct,,-,%,change_pct,,pct,spot,,,physical
2026-05-14,legumes,cebola-no-atacado,Cebola - Ceasas,Amarela Santa Catarina,,preco,4.0,"4,00",R$/Kg,price,BRL,kg,spot,,,physical
2026-05-14,legumes,cebola-no-atacado,Cebola - Ceasas,Amarela Santa Catarina,,variacao_pct,0.0,"0,00",%,change_pct,,pct,spot,,,physical
2026-05-14,legumes,cebola-no-atacado,Cebola - Ceasas,Importada Argentina,,preco,4.25,"4,25",R$/Kg,price,BRL,kg,spot,,,physical
2026-05-14,legumes,cebola-no-atacado,Cebola - Ceasas,Importada Argentina,,variacao_pct,0.0,"0,00",%,change_pct,,pct,spot,,,physical
2026-05-14,legumes,cebola-no-atacado,Cebola - Ceasas,Nacional (Caixa 4),,preco,3.86,"3,86",R$/Kg,price,BRL,kg,spot,,,physical
2026-05-14,legumes,cebola-no-atacado,Cebola - Ceasas,Nacional (Caixa 4),,variacao_pct,0.0,"0,00",%,change_pct,,pct,spot,,,physical
2026-05-14,legumes,cebola-no-atacado,Cebola - Ceasas,Roxa (Caixa 4),,preco,4.6,"4,60",R$/Kg,price,BRL,kg,spot,,,physical
2026-05-14,legumes,cebola-no-atacado,Cebola - Ceasas,Roxa (Caixa 4),,variacao_pct,0.0,"0,00",%,change_pct,,pct,spot,,,physical
2026-05-14,legumes,cenoura-ceasas,Cenoura - Ceasas,Cenoura 2A,,preco,5.73,"5,73",R$/Kg,price,BRL,kg,spot,,,physical
2026-05-14,legumes,cenoura-ceasas,Cenoura - Ceasas,Cenoura 2A,,variacao_pct,0.0,"0,00",%,change_pct,,pct,spot,,,physical
2026-05-14,legumes,cenoura-ceasas,Cenoura - Ceasas,Cenoura G,,preco,5.0,"5,00",R$/Kg,price,BRL,kg,spot,,,physical
2026-05-14,legumes,cenoura-ceasas,Cenoura - Ceasas,Cenoura G,,variacao_pct,0.0,"0,00",%,change_pct,,pct,spot,,,physical
2026-05-14,legumes,cenoura-ceasas,Cenoura - Ceasas,Especial,,preco,4.5,"4,50",R$/Kg,price,BRL,kg,spot,,,physical
2026-05-14,legumes,cenoura-ceasas,Cenoura - Ceasas,Especial,,variacao_pct,0.0,"0,00",%,change_pct,,pct,spot,,,physical
2026-05-14,legumes,cenoura-ceasas,Cenoura - Ceasas,Extra,,preco,2.0,"2,00",R$/Kg,price,BRL,kg,spot,,,physical
2026-05-14,legumes,cenoura-ceasas,Cenoura - Ceasas,Extra,,variacao_pct,-33.33,"-33,33",%,change_pct,,pct,spot,,,physical
2026-05-14,legumes,cenoura-ceasas,Cenoura - Ceasas,Extra A,,preco,4.5,"4,50",R$/Kg,price,BRL,kg,spot,,,physical
2026-05-14,legumes,cenoura-ceasas,Cenoura - Ceasas,Extra A,,variacao_pct,-10.0,"-10,00",%,change_pct,,pct,spot,,,physical
2026-05-14,legumes,tomate-ceasas,Tomate - Ceasas,Carmem 3A,,preco,9.42,"9,42",R$/Kg,price,BRL,kg,spot,,,physical
2026-05-14,legumes,tomate-ceasas,Tomate - Ceasas,Carmem 3A,,variacao_pct,0.0,"0,00",%,change_pct,,pct,spot,,,physical
2026-05-14,legumes,tomate-ceasas,Tomate - Ceasas,Débora 3A,,preco,8.63,"8,63",R$/Kg,price,BRL,kg,spot,,,physical
2026-05-14,legumes,tomate-ceasas,Tomate - Ceasas,Débora 3A,,variacao_pct,0.0,"0,00",%,change_pct,,pct,spot,,,physical
2026-05-14,legumes,tomate-ceasas,Tomate - Ceasas,Longa Vida/Carmem Extra,,preco,9.5,"9,50",R$/Kg,price,BRL,kg,spot,,,physical
2026-05-14,legumes,tomate-ceasas,Tomate - Ceasas,Longa Vida/Carmem Extra,,variacao_pct,18.75,"+18,75",%,change_pct,,pct,spot,,,physical
2026-05-14,legumes,tomate-ceasas,Tomate - Ceasas,Longa Vida/Débora Extra,,preco,9.5,"9,50",R$/Kg,price,BRL,kg,spot,,,physical
2026-05-14,legumes,tomate-ceasas,Tomate - Ceasas,Longa Vida/Débora Extra,,variacao_pct,18.75,"+18,75",%,change_pct,,pct,spot,,,physical
2026-05-14,legumes,tomate-ceasas,Tomate - Ceasas,Longa Vida/Extra A,,preco,3.25,"3,25",R$/Kg,price,BRL,kg,spot,,,physical
2026-05-14,legumes,tomate-ceasas,Tomate - Ceasas,Longa Vida/Extra A,,variacao_pct,-35.0,"-35,00",%,change_pct,,pct,spot,,,physical
2026-05-14,legumes,tomate-ceasas,Tomate - Ceasas,Santa Cruz/Extra A,,preco,,s/ cotação,R$/Kg,price,BRL,kg,spot,,,physical
2026-05-14,legumes,tomate-ceasas,Tomate - Ceasas,Santa Cruz/Extra A,,variacao_pct,,-,%,change_pct,,pct,spot,,,physical
2026-05-15,legumes,batata-ceasas,Batata - Ceasas,Agatha Primeira,,preco,3.6,"3,60",R$/Kg,price,BRL,kg,spot,,,physical
2026-05-15,legumes,batata-ceasas,Batata - Ceasas,Agatha Primeira,,variacao_pct,0.0,"0,00",%,change_pct,,pct,spot,,,physical
2026-05-15,legumes,batata-ceasas,Batata - Ceasas,Aster Primeira,,preco,2.8,"2,80",R$/Kg,price,BRL,kg,spot,,,physical
2026-05-15,legumes,batata-ceasas,Batata - Ceasas,Aster Primeira,,variacao_pct,0.0,"0,00",%,change_pct,,pct,spot,,,physical
2026-05-15,legumes,batata-ceasas,Batata - Ceasas,Asterix,,preco,6.35,"6,35",R$/Kg,price,BRL,kg,spot,,,physical
2026-05-15,legumes,batata-ceasas,Batata - Ceasas,Asterix,,variacao_pct,-8.37,"-8,37",%,change_pct,,pct,spot,,,physical
2026-05-15,legumes,batata-ceasas,Batata - Ceasas,Escovada Especial,,preco,4.29,"4,29",R$/Kg,price,BRL,kg,spot,,,physical
2026-05-15,legumes,batata-ceasas,Batata - Ceasas,Escovada Especial,,variacao_pct,-1.61,"-1,61",%,change_pct,,pct,spot,,,physical
2026-05-15,legumes,batata-ceasas,Batata - Ceasas,Lavada Especial,,preco,6.05,"6,05",R$/Kg,price,BRL,kg,spot,,,physical
2026-05-15,legumes,batata-ceasas,Batata - Ceasas,Lavada Especial,,variacao_pct,-17.24,"-17,24",%,change_pct,,pct,spot,,,physical
2026-05-15,legumes,batata-ceasas,Batata - Ceasas,Yacon,,preco,7.0,"7,00",R$/Kg,price,BRL,kg,spot,,,physical
2026-05-15,legumes,batata-ceasas,Batata - Ceasas,Yacon,,variacao_pct,0.0,"0,00",%,change_pct,,pct,spot,,,physical
2026-05-15,legumes,cebola-no-atacado,Cebola - Ceasas,Amarela Mineira,,preco,4.0,"4,00",R$/Kg,price,BRL,kg,spot,,,physical
2026-05-15,legumes,cebola-no-atacado,Cebola - Ceasas,Amarela Mineira,,variacao_pct,0.0,"0,00",%,change_pct,,pct,spot,,,physical
2026-05-15,legumes,cebola-no-atacado,Cebola - Ceasas,Amarela Paulista,,preco,,s/ cotação,R$/Kg,price,BRL,kg,spot,,,physical
2026-05-15,legumes,cebola-no-atacado,Cebola - Ceasas,Amarela Paulista,,variacao_pct,,-,%,change_pct,,pct,spot,,,physical
2026-05-15,legumes,cebola-no-atacado,Cebola - Ceasas,Amarela Pernambucana,,preco,,s/ cotação,R$/Kg,price,BRL,kg,spot,,,physical
2026-05-15,legumes,cebola-no-atacado,Cebola - Ceasas,Amarela Pernambucana,,variacao_pct,,-,%,change_pct,,pct,spot,,,physical
2026-05-15,legumes,cebola-no-atacado,Cebola - Ceasas,Amarela Santa Catarina,,preco,4.0,"4,00",R$/Kg,price,BRL,kg,spot,,,physical
2026-05-15,legumes,cebola-no-atacado,Cebola - Ceasas,Amarela Santa Catarina,,variacao_pct,0.0,"0,00",%,change_pct,,pct,spot,,,physical
2026-05-15,legumes,cebola-no-atacado,Cebola - Ceasas,Importada Argentina,,preco,4.25,"4,25",R$/Kg,price,BRL,kg,spot,,,physical
2026-05-15,legumes,cebola-no-atacado,Cebola - Ceasas,Importada Argentina,,variacao_pct,0.0,"0,00",%,change_pct,,pct,spot,,,physical
2026-05-15,legumes,cebola-no-atacado,Cebola - Ceasas,Nacional (Caixa 4),,preco,3.88,"3,88",R$/Kg,price,BRL,kg,spot,,,physical
2026-05-15,legumes,cebola-no-atacado,Cebola - Ceasas,Nacional (Caixa 4),,variacao_pct,0.52,"+0,52",%,change_pct,,pct,spot,,,physical
2026-05-15,legumes,cebola-no-atacado,Cebola - Ceasas,Roxa (Caixa 4),,preco,4.86,"4,86",R$/Kg,price,BRL,kg,spot,,,physical
2026-05-15,legumes,cebola-no-atacado,Cebola - Ceasas,Roxa (Caixa 4),,variacao_pct,5.65,"+5,65",%,change_pct,,pct,spot,,,physical
2026-05-15,legumes,cenoura-ceasas,Cenoura - Ceasas,Cenoura 2A,,preco,5.59,"5,59",R$/Kg,price,BRL,kg,spot,,,physical
2026-05-15,legumes,cenoura-ceasas,Cenoura - Ceasas,Cenoura 2A,,variacao_pct,-2.44,"-2,44",%,change_pct,,pct,spot,,,physical
2026-05-15,legumes,cenoura-ceasas,Cenoura - Ceasas,Cenoura G,,preco,4.95,"4,95",R$/Kg,price,BRL,kg,spot,,,physical
2026-05-15,legumes,cenoura-ceasas,Cenoura - Ceasas,Cenoura G,,variacao_pct,-1.0,"-1,00",%,change_pct,,pct,spot,,,physical
2026-05-15,legumes,cenoura-ceasas,Cenoura - Ceasas,Especial,,preco,4.5,"4,50",R$/Kg,price,BRL,kg,spot,,,physical
2026-05-15,legumes,cenoura-ceasas,Cenoura - Ceasas,Especial,,variacao_pct,0.0,"0,00",%,change_pct,,pct,spot,,,physical
2026-05-15,legumes,cenoura-ceasas,Cenoura - Ceasas,Extra,,preco,2.0,"2,00",R$/Kg,price,BRL,kg,spot,,,physical
2026-05-15,legumes,cenoura-ceasas,Cenoura - Ceasas,Extra,,variacao_pct,0.0,"0,00",%,change_pct,,pct,spot,,,physical
2026-05-15,legumes,cenoura-ceasas,Cenoura - Ceasas,Extra A,,preco,4.5,"4,50",R$/Kg,price,BRL,kg,spot,,,physical
2026-05-15,legumes,cenoura-ceasas,Cenoura - Ceasas,Extra A,,variacao_pct,0.0,"0,00",%,change_pct,,pct,spot,,,physical
2026-05-15,legumes,tomate-ceasas,Tomate - Ceasas,Carmem 3A,,preco,9.32,"9,32",R$/Kg,price,BRL,kg,spot,,,physical
2026-05-15,legumes,tomate-ceasas,Tomate - Ceasas,Carmem 3A,,variacao_pct,-1.06,"-1,06",%,change_pct,,pct,spot,,,physical
2026-05-15,legumes,tomate-ceasas,Tomate - Ceasas,Débora 3A,,preco,9.01,"9,01",R$/Kg,price,BRL,kg,spot,,,physical
2026-05-15,legumes,tomate-ceasas,Tomate - Ceasas,Débora 3A,,variacao_pct,4.4,"+4,40",%,change_pct,,pct,spot,,,physical
2026-05-15,legumes,tomate-ceasas,Tomate - Ceasas,Longa Vida/Carmem Extra,,preco,9.5,"9,50",R$/Kg,price,BRL,kg,spot,,,physical
2026-05-15,legumes,tomate-ceasas,Tomate - Ceasas,Longa Vida/Carmem Extra,,variacao_pct,0.0,"0,00",%,change_pct,,pct,spot,,,physical
2026-05-15,legumes,tomate-ceasas,Tomate - Ceasas,Longa Vida/Débora Extra,,preco,9.5,"9,50",R$/Kg,price,BRL,kg,spot,,,physical
2026-05-15,legumes,tomate-ceasas,Tomate - Ceasas,Longa Vida/Débora Extra,,variacao_pct,0.0,"0,00",%,change_pct,,pct,spot,,,physical
2026-05-15,legumes,tomate-ceasas,Tomate - Ceasas,Longa Vida/Extra A,,preco,3.25,"3,25",R$/Kg,price,BRL,kg,spot,,,physical
2026-05-15,legumes,tomate-ceasas,Tomate - Ceasas,Longa Vida/Extra A,,variacao_pct,0.0,"0,00",%,change_pct,,pct,spot,,,physical
2026-05-15,legumes,tomate-ceasas,Tomate - Ceasas,Santa Cruz/Extra A,,preco,,s/ cotação,R$/Kg,price,BRL,kg,spot,,,physical
2026-05-15,legumes,tomate-ceasas,Tomate - Ceasas,Santa Cruz/Extra A,,variacao_pct,,-,%,change_pct,,pct,spot,,,physical
2026-05-18,legumes,batata-ceasas,Batata - Ceasas,Agatha Primeira,,preco,3.2,"3,20",R$/Kg,price,BRL,kg,spot,,,physical
2026-05-18,legumes,batata-ceasas,Batata - Ceasas,Agatha Primeira,,variacao_pct,-11.11,"-11,11",%,change_pct,,pct,spot,,,physical
2026-05-18,legumes,batata-ceasas,Batata - Ceasas,Aster Primeira,,preco,,s/ cotação,R$/Kg,price,BRL,kg,spot,,,physical
2026-05-18,legumes,batata-ceasas,Batata - Ceasas,Aster Primeira,,variacao_pct,,-,%,change_pct,,pct,spot,,,physical
2026-05-18,legumes,batata-ceasas,Batata - Ceasas,Asterix,,preco,6.35,"6,35",R$/Kg,price,BRL,kg,spot,,,physical
2026-05-18,legumes,batata-ceasas,Batata - Ceasas,Asterix,,variacao_pct,0.0,"0,00",%,change_pct,,pct,spot,,,physical
2026-05-18,legumes,batata-ceasas,Batata - Ceasas,Escovada Especial,,preco,4.29,"4,29",R$/Kg,price,BRL,kg,spot,,,physical
2026-05-18,legumes,batata-ceasas,Batata - Ceasas,Escovada Especial,,variacao_pct,0.0,"0,00",%,change_pct,,pct,spot,,,physical
2026-05-18,legumes,batata-ceasas,Batata - Ceasas,Lavada Especial,,preco,6.05,"6,05",R$/Kg,price,BRL,kg,spot,,,physical
2026-05-18,legumes,batata-ceasas,Batata - Ceasas,Lavada Especial,,variacao_pct,0.0,"0,00",%,change_pct,,pct,spot,,,physical
2026-05-18,legumes,batata-ceasas,Batata - Ceasas,Yacon,,preco,7.0,"7,00",R$/Kg,price,BRL,kg,spot,,,physical
2026-05-18,legumes,batata-ceasas,Batata - Ceasas,Yacon,,variacao_pct,0.0,"0,00",%,change_pct,,pct,spot,,,physical
2026-05-18,legumes,cebola-no-atacado,Cebola - Ceasas,Amarela Mineira,,preco,4.0,"4,00",R$/Kg,price,BRL,kg,spot,,,physical
2026-05-18,legumes,cebola-no-atacado,Cebola - Ceasas,Amarela Mineira,,variacao_pct,0.0,"0,00",%,change_pct,,pct,spot,,,physical
2026-05-18,legumes,cebola-no-atacado,Cebola - Ceasas,Amarela Paulista,,preco,,s/ cotação,R$/Kg,price,BRL,kg,spot,,,physical
2026-05-18,legumes,cebola-no-atacado,Cebola - Ceasas,Amarela Paulista,,variacao_pct,,-,%,change_pct,,pct,spot,,,physical
2026-05-18,legumes,cebola-no-atacado,Cebola - Ceasas,Amarela Pernambucana,,preco,,s/ cotação,R$/Kg,price,BRL,kg,spot,,,physical
2026-05-18,legumes,cebola-no-atacado,Cebola - Ceasas,Amarela Pernambucana,,variacao_pct,,-,%,change_pct,,pct,spot,,,physical
2026-05-18,legumes,cebola-no-atacado,Cebola - Ceasas,Amarela Santa Catarina,,preco,4.0,"4,00",R$/Kg,price,BRL,kg,spot,,,physical
2026-05-18,legumes,cebola-no-atacado,Cebola - Ceasas,Amarela Santa Catarina,,variacao_pct,0.0,"0,00",%,change_pct,,pct,spot,,,physical
2026-05-18,legumes,cebola-no-atacado,Cebola - Ceasas,Importada Argentina,,preco,4.25,"4,25",R$/Kg,price,BRL,kg,spot,,,physical
2026-05-18,legumes,cebola-no-atacado,Cebola - Ceasas,Importada Argentina,,variacao_pct,0.0,"0,00",%,change_pct,,pct,spot,,,physical
2026-05-18,legumes,cebola-no-atacado,Cebola - Ceasas,Nacional (Caixa 4),,preco,3.88,"3,88",R$/Kg,price,BRL,kg,spot,,,physical
2026-05-18,legumes,cebola-no-atacado,Cebola - Ceasas,Nacional (Caixa 4),,variacao_pct,0.0,"0,00",%,change_pct,,pct,spot,,,physical
2026-05-18,legumes,cebola-no-atacado,Cebola - Ceasas,Roxa (Caixa 4),,preco,4.86,"4,86",R$/Kg,price,BRL,kg,spot,,,physical
2026-05-18,legumes,cebola-no-atacado,Cebola - Ceasas,Roxa (Caixa 4),,variacao_pct,0.0,"0,00",%,change_pct,,pct,spot,,,physical
2026-05-18,legumes,cenoura-ceasas,Cenoura - Ceasas,Cenoura 2A,,preco,5.59,"5,59",R$/Kg,price,BRL,kg,spot,,,physical
2026-05-18,legumes,cenoura-ceasas,Cenoura - Ceasas,Cenoura 2A,,variacao_pct,0.0,"0,00",%,change_pct,,pct,spot,,,physical
2026-05-18,legumes,cenoura-ceasas,Cenoura - Ceasas,Cenoura G,,preco,4.95,"4,95",R$/Kg,price,BRL,kg,spot,,,physical
2026-05-18,legumes,cenoura-ceasas,Cenoura - Ceasas,Cenoura G,,variacao_pct,0.0,"0,00",%,change_pct,,pct,spot,,,physical
2026-05-18,legumes,cenoura-ceasas,Cenoura - Ceasas,Especial,,preco,4.0,"4,00",R$/Kg,price,BRL,kg,spot,,,physical
2026-05-18,legumes,cenoura-ceasas,Cenoura - Ceasas,Especial,,variacao_pct,-11.11,"-11,11",%,change_pct,,pct,spot,,,physical
2026-05-18,legumes,cenoura-ceasas,Cenoura - Ceasas,Extra,,preco,3.25,"3,25",R$/Kg,price,BRL,kg,spot,,,physical
2026-05-18,legumes,cenoura-ceasas,Cenoura - Ceasas,Extra,,variacao_pct,62.5,"+62,50",%,change_pct,,pct,spot,,,physical
2026-05-18,legumes,cenoura-ceasas,Cenoura - Ceasas,Extra A,,preco,5.0,"5,00",R$/Kg,price,BRL,kg,spot,,,physical
2026-05-18,legumes,cenoura-ceasas,Cenoura - Ceasas,Extra A,,variacao_pct,11.11,"+11,11",%,change_pct,,pct,spot,,,physical
2026-05-18,legumes,tomate-ceasas,Tomate - Ceasas,Carmem 3A,,preco,9.32,"9,32",R$/Kg,price,BRL,kg,spot,,,physical
2026-05-18,legumes,tomate-ceasas,Tomate - Ceasas,Carmem 3A,,variacao_pct,0.0,"0,00",%,change_pct,,pct,spot,,,physical
2026-05-18,legumes,tomate-ceasas,Tomate - Ceasas,Débora 3A,,preco,9.01,"9,01",R$/Kg,price,BRL,kg,spot,,,physical
2026-05-18,legumes,tomate-ceasas,Tomate - Ceasas,Débora 3A,,variacao_pct,0.0,"0,00",%,change_pct,,pct,spot,,,physical
2026-05-18,legumes,tomate-ceasas,Tomate - Ceasas,Longa Vida/Carmem Extra,,preco,8.5,"8,50",R$/Kg,price,BRL,kg,spot,,,physical
2026-05-18,legumes,tomate-ceasas,Tomate - Ceasas,Longa Vida/Carmem Extra,,variacao_pct,-10.53,"-10,53",%,change_pct,,pct,spot,,,physical
2026-05-18,legumes,tomate-ceasas,Tomate - Ceasas,Longa Vida/Débora Extra,,preco,8.5,"8,50",R$/Kg,price,BRL,kg,spot,,,physical
2026-05-18,legumes,tomate-ceasas,Tomate - Ceasas,Longa Vida/Débora Extra,,variacao_pct,-10.53,"-10,53",%,change_pct,,pct,spot,,,physical
2026-05-18,legumes,tomate-ceasas,Tomate - Ceasas,Longa Vida/Extra A,,preco,3.25,"3,25",R$/Kg,price,BRL,kg,spot,,,physical
2026-05-18,legumes,tomate-ceasas,Tomate - Ceasas,Longa Vida/Extra A,,variacao_pct,0.0,"0,00",%,change_pct,,pct,spot,,,physical
2026-05-18,legumes,tomate-ceasas,Tomate - Ceasas,Santa Cruz/Extra A,,preco,,s/ cotação,R$/Kg,price,BRL,kg,spot,,,physical
2026-05-18,legumes,tomate-ceasas,Tomate - Ceasas,Santa Cruz/Extra A,,variacao_pct,,-,%,change_pct,,pct,spot,,,physical
2026-05-19,legumes,batata-ceasas,Batata - Ceasas,Agatha Primeira,,preco,3.2,"3,20",R$/Kg,price,BRL,kg,spot,,,physical
2026-05-19,legumes,batata-ceasas,Batata - Ceasas,Agatha Primeira,,variacao_pct,0.0,"0,00",%,change_pct,,pct,spot,,,physical
2026-05-19,legumes,batata-ceasas,Batata - Ceasas,Aster Primeira,,preco,,s/ cotação,R$/Kg,price,BRL,kg,spot,,,physical
2026-05-19,legumes,batata-ceasas,Batata - Ceasas,Aster Primeira,,variacao_pct,,-,%,change_pct,,pct,spot,,,physical
2026-05-19,legumes,batata-ceasas,Batata - Ceasas,Asterix,,preco,5.8,"5,80",R$/Kg,price,BRL,kg,spot,,,physical
2026-05-19,legumes,batata-ceasas,Batata - Ceasas,Asterix,,variacao_pct,-8.66,"-8,66",%,change_pct,,pct,spot,,,physical
2026-05-19,legumes,batata-ceasas,Batata - Ceasas,Escovada Especial,,preco,4.6,"4,60",R$/Kg,price,BRL,kg,spot,,,physical
2026-05-19,legumes,batata-ceasas,Batata - Ceasas,Escovada Especial,,variacao_pct,7.23,"+7,23",%,change_pct,,pct,spot,,,physical
2026-05-19,legumes,batata-ceasas,Batata - Ceasas,Lavada Especial,,preco,6.54,"6,54",R$/Kg,price,BRL,kg,spot,,,physical
2026-05-19,legumes,batata-ceasas,Batata - Ceasas,Lavada Especial,,variacao_pct,8.1,"+8,10",%,change_pct,,pct,spot,,,physical
2026-05-19,legumes,batata-ceasas,Batata - Ceasas,Yacon,,preco,7.0,"7,00",R$/Kg,price,BRL,kg,spot,,,physical
2026-05-19,legumes,batata-ceasas,Batata - Ceasas,Yacon,,variacao_pct,0.0,"0,00",%,change_pct,,pct,spot,,,physical
2026-05-19,legumes,cebola-no-atacado,Cebola - Ceasas,Amarela Mineira,,preco,4.0,"4,00",R$/Kg,price,BRL,kg,spot,,,physical
2026-05-19,legumes,cebola-no-atacado,Cebola - Ceasas,Amarela Mineira,,variacao_pct,0.0,"0,00",%,change_pct,,pct,spot,,,physical
2026-05-19,legumes,cebola-no-atacado,Cebola - Ceasas,Amarela Paulista,,preco,,s/ cotação,R$/Kg,price,BRL,kg,spot,,,physical
2026-05-19,legumes,cebola-no-atacado,Cebola - Ceasas,Amarela Paulista,,variacao_pct,,-,%,change_pct,,pct,spot,,,physical
2026-05-19,legumes,cebola-no-atacado,Cebola - Ceasas,Amarela Pernambucana,,preco,,s/ cotação,R$/Kg,price,BRL,kg,spot,,,physical
2026-05-19,legumes,cebola-no-atacado,Cebola - Ceasas,Amarela Pernambucana,,variacao_pct,,-,%,change_pct,,pct,spot,,,physical
2026-05-19,legumes,cebola-no-atacado,Cebola - Ceasas,Amarela Santa Catarina,,preco,4.0,"4,00",R$/Kg,price,BRL,kg,spot,,,physical
2026-05-19,legumes,cebola-no-atacado,Cebola - Ceasas,Amarela Santa Catarina,,variacao_pct,0.0,"0,00",%,change_pct,,pct,spot,,,physical
2026-05-19,legumes,cebola-no-atacado,Cebola - Ceasas,Importada Argentina,,preco,4.25,"4,25",R$/Kg,price,BRL,kg,spot,,,physical
2026-05-19,legumes,cebola-no-atacado,Cebola - Ceasas,Importada Argentina,,variacao_pct,0.0,"0,00",%,change_pct,,pct,spot,,,physical
2026-05-19,legumes,cebola-no-atacado,Cebola - Ceasas,Nacional (Caixa 4),,preco,3.88,"3,88",R$/Kg,price,BRL,kg,spot,,,physical
2026-05-19,legumes,cebola-no-atacado,Cebola - Ceasas,Nacional (Caixa 4),,variacao_pct,0.0,"0,00",%,change_pct,,pct,spot,,,physical
2026-05-19,legumes,cebola-no-atacado,Cebola - Ceasas,Roxa (Caixa 4),,preco,5.16,"5,16",R$/Kg,price,BRL,kg,spot,,,physical
2026-05-19,legumes,cebola-no-atacado,Cebola - Ceasas,Roxa (Caixa 4),,variacao_pct,6.17,"+6,17",%,change_pct,,pct,spot,,,physical
2026-05-19,legumes,cenoura-ceasas,Cenoura - Ceasas,Cenoura 2A,,preco,6.34,"6,34",R$/Kg,price,BRL,kg,spot,,,physical
2026-05-19,legumes,cenoura-ceasas,Cenoura - Ceasas,Cenoura 2A,,variacao_pct,13.42,"+13,42",%,change_pct,,pct,spot,,,physical
2026-05-19,legumes,cenoura-ceasas,Cenoura - Ceasas,Cenoura G,,preco,5.64,"5,64",R$/Kg,price,BRL,kg,spot,,,physical
2026-05-19,legumes,cenoura-ceasas,Cenoura - Ceasas,Cenoura G,,variacao_pct,13.94,"+13,94",%,change_pct,,pct,spot,,,physical
2026-05-19,legumes,cenoura-ceasas,Cenoura - Ceasas,Especial,,preco,4.0,"4,00",R$/Kg,price,BRL,kg,spot,,,physical
2026-05-19,legumes,cenoura-ceasas,Cenoura - Ceasas,Especial,,variacao_pct,0.0,"0,00",%,change_pct,,pct,spot,,,physical
2026-05-19,legumes,cenoura-ceasas,Cenoura - Ceasas,Extra,,preco,3.25,"3,25",R$/Kg,price,BRL,kg,spot,,,physical
2026-05-19,legumes,cenoura-ceasas,Cenoura - Ceasas,Extra,,variacao_pct,0.0,"0,00",%,change_pct,,pct,spot,,,physical
2026-05-19,legumes,cenoura-ceasas,Cenoura - Ceasas,Extra A,,preco,5.0,"5,00",R$/Kg,price,BRL,kg,spot,,,physical
2026-05-19,legumes,cenoura-ceasas,Cenoura - Ceasas,Extra A,,variacao_pct,0.0,"0,00",%,change_pct,,pct,spot,,,physical
2026-05-19,legumes,tomate-ceasas,Tomate - Ceasas,Carmem 3A,,preco,8.3,"8,30",R$/Kg,price,BRL,kg,spot,,,physical
2026-05-19,legumes,tomate-ceasas,Tomate - Ceasas,Carmem 3A,,variacao_pct,-10.94,"-10,94",%,change_pct,,pct,spot,,,physical
2026-05-19,legumes,tomate-ceasas,Tomate - Ceasas,Débora 3A,,preco,,s/ cotação,R$/Kg,price,BRL,kg,spot,,,physical
2026-05-19,legumes,tomate-ceasas,Tomate - Ceasas,Débora 3A,,variacao_pct,,-,%,change_pct,,pct,spot,,,physical
2026-05-19,legumes,tomate-ceasas,Tomate - Ceasas,Longa Vida/Carmem Extra,,preco,8.5,"8,50",R$/Kg,price,BRL,kg,spot,,,physical
2026-05-19,legumes,tomate-ceasas,Tomate - Ceasas,Longa Vida/Carmem Extra,,variacao_pct,0.0,"0,00",%,change_pct,,pct,spot,,,physical
2026-05-19,legumes,tomate-ceasas,Tomate - Ceasas,Longa Vida/Débora Extra,,preco,8.5,"8,50",R$/Kg,price,BRL,kg,spot,,,physical
2026-05-19,legumes,tomate-ceasas,Tomate - Ceasas,Longa Vida/Débora Extra,,variacao_pct,0.0,"0,00",%,change_pct,,pct,spot,,,physical
2026-05-19,legumes,tomate-ceasas,Tomate - Ceasas,Longa Vida/Extra A,,preco,3.25,"3,25",R$/Kg,price,BRL,kg,spot,,,physical
2026-05-19,legumes,tomate-ceasas,Tomate - Ceasas,Longa Vida/Extra A,,variacao_pct,0.0,"0,00",%,change_pct,,pct,spot,,,physical
2026-05-19,legumes,tomate-ceasas,Tomate - Ceasas,Santa Cruz/Extra A,,preco,,s/ cotação,R$/Kg,price,BRL,kg,spot,,,physical
2026-05-19,legumes,tomate-ceasas,Tomate - Ceasas,Santa Cruz/Extra A,,variacao_pct,,-,%,change_pct,,pct,spot,,,physical
2026-05-20,legumes,batata-ceasas,Batata - Ceasas,Agatha Primeira,,preco,2.8,"2,80",R$/Kg,price,BRL,kg,spot,,,physical
2026-05-20,legumes,batata-ceasas,Batata - Ceasas,Agatha Primeira,,variacao_pct,-12.5,"-12,50",%,change_pct,,pct,spot,,,physical
2026-05-20,legumes,batata-ceasas,Batata - Ceasas,Aster Primeira,,preco,2.0,"2,00",R$/Kg,price,BRL,kg,spot,,,physical
2026-05-20,legumes,batata-ceasas,Batata - Ceasas,Aster Primeira,,variacao_pct,,-,%,change_pct,,pct,spot,,,physical
2026-05-20,legumes,batata-ceasas,Batata - Ceasas,Asterix,,preco,5.8,"5,80",R$/Kg,price,BRL,kg,spot,,,physical
2026-05-20,legumes,batata-ceasas,Batata - Ceasas,Asterix,,variacao_pct,0.0,"0,00",%,change_pct,,pct,spot,,,physical
2026-05-20,legumes,batata-ceasas,Batata - Ceasas,Escovada Especial,,preco,4.6,"4,60",R$/Kg,price,BRL,kg,spot,,,physical
2026-05-20,legumes,batata-ceasas,Batata - Ceasas,Escovada Especial,,variacao_pct,0.0,"0,00",%,change_pct,,pct,spot,,,physical
2026-05-20,legumes,batata-ceasas,Batata - Ceasas,Lavada Especial,,preco,6.54,"6,54",R$/Kg,price,BRL,kg,spot,,,physical
2026-05-20,legumes,batata-ceasas,Batata - Ceasas,Lavada Especial,,variacao_pct,0.0,"0,00",%,change_pct,,pct,spot,,,physical
2026-05-20,legumes,batata-ceasas,Batata - Ceasas,Yacon,,preco,7.0,"7,00",R$/Kg,price,BRL,kg,spot,,,physical
2026-05-20,legumes,batata-ceasas,Batata - Ceasas,Yacon,,variacao_pct,0.0,"0,00",%,change_pct,,pct,spot,,,physical
2026-05-20,legumes,cebola-no-atacado,Cebola - Ceasas,Amarela Mineira,,preco,4.0,"4,00",R$/Kg,price,BRL,kg,spot,,,physical
2026-05-20,legumes,cebola-no-atacado,Cebola - Ceasas,Amarela Mineira,,variacao_pct,0.0,"0,00",%,change_pct,,pct,spot,,,physical
2026-05-20,legumes,cebola-no-atacado,Cebola - Ceasas,Amarela Paulista,,preco,,s/ cotação,R$/Kg,price,BRL,kg,spot,,,physical
2026-05-20,legumes,cebola-no-atacado,Cebola - Ceasas,Amarela Paulista,,variacao_pct,,-,%,change_pct,,pct,spot,,,physical
2026-05-20,legumes,cebola-no-atacado,Cebola - Ceasas,Amarela Pernambucana,,preco,,s/ cotação,R$/Kg,price,BRL,kg,spot,,,physical
2026-05-20,legumes,cebola-no-atacado,Cebola - Ceasas,Amarela Pernambucana,,variacao_pct,,-,%,change_pct,,pct,spot,,,physical
2026-05-20,legumes,cebola-no-atacado,Cebola - Ceasas,Amarela Santa Catarina,,preco,4.0,"4,00",R$/Kg,price,BRL,kg,spot,,,physical
2026-05-20,legumes,cebola-no-atacado,Cebola - Ceasas,Amarela Santa Catarina,,variacao_pct,0.0,"0,00",%,change_pct,,pct,spot,,,physical
2026-05-20,legumes,cebola-no-atacado,Cebola - Ceasas,Importada Argentina,,preco,4.25,"4,25",R$/Kg,price,BRL,kg,spot,,,physical
2026-05-20,legumes,cebola-no-atacado,Cebola - Ceasas,Importada Argentina,,variacao_pct,0.0,"0,00",%,change_pct,,pct,spot,,,physical
2026-05-20,legumes,cebola-no-atacado,Cebola - Ceasas,Nacional (Caixa 4),,preco,3.88,"3,88",R$/Kg,price,BRL,kg,spot,,,physical
2026-05-20,legumes,cebola-no-atacado,Cebola - Ceasas,Nacional (Caixa 4),,variacao_pct,0.0,"0,00",%,change_pct,,pct,spot,,,physical
2026-05-20,legumes,cebola-no-atacado,Cebola - Ceasas,Roxa (Caixa 4),,preco,5.16,"5,16",R$/Kg,price,BRL,kg,spot,,,physical
2026-05-20,legumes,cebola-no-atacado,Cebola - Ceasas,Roxa (Caixa 4),,variacao_pct,6.17,"+6,17",%,change_pct,,pct,spot,,,physical
2026-05-20,legumes,cenoura-ceasas,Cenoura - Ceasas,Cenoura 2A,,preco,6.34,"6,34",R$/Kg,price,BRL,kg,spot,,,physical
2026-05-20,legumes,cenoura-ceasas,Cenoura - Ceasas,Cenoura 2A,,variacao_pct,13.42,"+13,42",%,change_pct,,pct,spot,,,physical
2026-05-20,legumes,cenoura-ceasas,Cenoura - Ceasas,Cenoura G,,preco,5.64,"5,64",R$/Kg,price,BRL,kg,spot,,,physical
2026-05-20,legumes,cenoura-ceasas,Cenoura - Ceasas,Cenoura G,,variacao_pct,13.94,"+13,94",%,change_pct,,pct,spot,,,physical
2026-05-20,legumes,cenoura-ceasas,Cenoura - Ceasas,Especial,,preco,4.5,"4,50",R$/Kg,price,BRL,kg,spot,,,physical
2026-05-20,legumes,cenoura-ceasas,Cenoura - Ceasas,Especial,,variacao_pct,12.5,"+12,50",%,change_pct,,pct,spot,,,physical
2026-05-20,legumes,cenoura-ceasas,Cenoura - Ceasas,Extra,,preco,3.25,"3,25",R$/Kg,price,BRL,kg,spot,,,physical
2026-05-20,legumes,cenoura-ceasas,Cenoura - Ceasas,Extra,,variacao_pct,0.0,"0,00",%,change_pct,,pct,spot,,,physical
2026-05-20,legumes,cenoura-ceasas,Cenoura - Ceasas,Extra A,,preco,5.5,"5,50",R$/Kg,price,BRL,kg,spot,,,physical
2026-05-20,legumes,cenoura-ceasas,Cenoura - Ceasas,Extra A,,variacao_pct,10.0,"+10,00",%,change_pct,,pct,spot,,,physical
2026-05-20,legumes,tomate-ceasas,Tomate - Ceasas,Carmem 3A,,preco,8.3,"8,30",R$/Kg,price,BRL,kg,spot,,,physical
2026-05-20,legumes,tomate-ceasas,Tomate - Ceasas,Carmem 3A,,variacao_pct,0.0,"0,00",%,change_pct,,pct,spot,,,physical
2026-05-20,legumes,tomate-ceasas,Tomate - Ceasas,Débora 3A,,preco,,s/ cotação,R$/Kg,price,BRL,kg,spot,,,physical
2026-05-20,legumes,tomate-ceasas,Tomate - Ceasas,Débora 3A,,variacao_pct,,-,%,change_pct,,pct,spot,,,physical
2026-05-20,legumes,tomate-ceasas,Tomate - Ceasas,Longa Vida/Carmem Extra,,preco,7.5,"7,50",R$/Kg,price,BRL,kg,spot,,,physical
2026-05-20,legumes,tomate-ceasas,Tomate - Ceasas,Longa Vida/Carmem Extra,,variacao_pct,-11.76,"-11,76",%,change_pct,,pct,spot,,,physical
2026-05-20,legumes,tomate-ceasas,Tomate - Ceasas,Longa Vida/Débora Extra,,preco,7.5,"7,50",R$/Kg,price,BRL,kg,spot,,,physical
2026-05-20,legumes,tomate-ceasas,Tomate - Ceasas,Longa Vida/Débora Extra,,variacao_pct,-11.76,"-11,76",%,change_pct,,pct,spot,,,physical
2026-05-20,legumes,tomate-ceasas,Tomate - Ceasas,Longa Vida/Extra A,,preco,3.25,"3,25",R$/Kg,price,BRL,kg,spot,,,physical
2026-05-20,legumes,tomate-ceasas,Tomate - Ceasas,Longa Vida/Extra A,,variacao_pct,0.0,"0,00",%,change_pct,,pct,spot,,,physical
2026-05-20,legumes,tomate-ceasas,Tomate - Ceasas,Santa Cruz/Extra A,,preco,,s/ cotação,R$/Kg,price,BRL,kg,spot,,,physical
2026-05-20,legumes,tomate-ceasas,Tomate - Ceasas,Santa Cruz/Extra A,,variacao_pct,,-,%,change_pct,,pct,spot,,,physical
2026-05-21,legumes,batata-ceasas,Batata - Ceasas,Agatha Primeira,,preco,2.8,"2,80",R$/Kg,price,BRL,kg,spot,,,physical
2026-05-21,legumes,batata-ceasas,Batata - Ceasas,Agatha Primeira,,variacao_pct,0.0,"0,00",%,change_pct,,pct,spot,,,physical
2026-05-21,legumes,batata-ceasas,Batata - Ceasas,Aster Primeira,,preco,2.0,"2,00",R$/Kg,price,BRL,kg,spot,,,physical
2026-05-21,legumes,batata-ceasas,Batata - Ceasas,Aster Primeira,,variacao_pct,0.0,"0,00",%,change_pct,,pct,spot,,,physical
2026-05-21,legumes,batata-ceasas,Batata - Ceasas,Asterix,,preco,6.4,"6,40",R$/Kg,price,BRL,kg,spot,,,physical
2026-05-21,legumes,batata-ceasas,Batata - Ceasas,Asterix,,variacao_pct,10.34,"+10,34",%,change_pct,,pct,spot,,,physical
2026-05-21,legumes,batata-ceasas,Batata - Ceasas,Escovada Especial,,preco,4.87,"4,87",R$/Kg,price,BRL,kg,spot,,,physical
2026-05-21,legumes,batata-ceasas,Batata - Ceasas,Escovada Especial,,variacao_pct,5.87,"+5,87",%,change_pct,,pct,spot,,,physical
2026-05-21,legumes,batata-ceasas,Batata - Ceasas,Lavada Especial,,preco,6.61,"6,61",R$/Kg,price,BRL,kg,spot,,,physical
2026-05-21,legumes,batata-ceasas,Batata - Ceasas,Lavada Especial,,variacao_pct,1.07,"+1,07",%,change_pct,,pct,spot,,,physical
2026-05-21,legumes,batata-ceasas,Batata - Ceasas,Yacon,,preco,7.0,"7,00",R$/Kg,price,BRL,kg,spot,,,physical
2026-05-21,legumes,batata-ceasas,Batata - Ceasas,Yacon,,variacao_pct,0.0,"0,00",%,change_pct,,pct,spot,,,physical
2026-05-21,legumes,cebola-no-atacado,Cebola - Ceasas,Amarela Mineira,,preco,4.0,"4,00",R$/Kg,price,BRL,kg,spot,,,physical
2026-05-21,legumes,cebola-no-atacado,Cebola - Ceasas,Amarela Mineira,,variacao_pct,0.0,"0,00",%,change_pct,,pct,spot,,,physical
2026-05-21,legumes,cebola-no-atacado,Cebola - Ceasas,Amarela Paulista,,preco,,s/ cotação,R$/Kg,price,BRL,kg,spot,,,physical
2026-05-21,legumes,cebola-no-atacado,Cebola - Ceasas,Amarela Paulista,,variacao_pct,,-,%,change_pct,,pct,spot,,,physical
2026-05-21,legumes,cebola-no-atacado,Cebola - Ceasas,Amarela Pernambucana,,preco,,s/ cotação,R$/Kg,price,BRL,kg,spot,,,physical
2026-05-21,legumes,cebola-no-atacado,Cebola - Ceasas,Amarela Pernambucana,,variacao_pct,,-,%,change_pct,,pct,spot,,,physical
2026-05-21,legumes,cebola-no-atacado,Cebola - Ceasas,Amarela Santa Catarina,,preco,4.0,"4,00",R$/Kg,price,BRL,kg,spot,,,physical
2026-05-21,legumes,cebola-no-atacado,Cebola - Ceasas,Amarela Santa Catarina,,variacao_pct,0.0,"0,00",%,change_pct,,pct,spot,,,physical
2026-05-21,legumes,cebola-no-atacado,Cebola - Ceasas,Importada Argentina,,preco,4.25,"4,25",R$/Kg,price,BRL,kg,spot,,,physical
2026-05-21,legumes,cebola-no-atacado,Cebola - Ceasas,Importada Argentina,,variacao_pct,0.0,"0,00",%,change_pct,,pct,spot,,,physical
2026-05-21,legumes,cebola-no-atacado,Cebola - Ceasas,Nacional (Caixa 4),,preco,3.8,"3,80",R$/Kg,price,BRL,kg,spot,,,physical
2026-05-21,legumes,cebola-no-atacado,Cebola - Ceasas,Nacional (Caixa 4),,variacao_pct,-2.06,"-2,06",%,change_pct,,pct,spot,,,physical
2026-05-21,legumes,cebola-no-atacado,Cebola - Ceasas,Roxa (Caixa 4),,preco,4.75,"4,75",R$/Kg,price,BRL,kg,spot,,,physical
2026-05-21,legumes,cebola-no-atacado,Cebola - Ceasas,Roxa (Caixa 4),,variacao_pct,-7.95,"-7,95",%,change_pct,,pct,spot,,,physical
2026-05-21,legumes,cenoura-ceasas,Cenoura - Ceasas,Cenoura 2A,,preco,6.01,"6,01",R$/Kg,price,BRL,kg,spot,,,physical
2026-05-21,legumes,cenoura-ceasas,Cenoura - Ceasas,Cenoura 2A,,variacao_pct,-5.21,"-5,21",%,change_pct,,pct,spot,,,physical
2026-05-21,legumes,cenoura-ceasas,Cenoura - Ceasas,Cenoura G,,preco,5.21,"5,21",R$/Kg,price,BRL,kg,spot,,,physical
2026-05-21,legumes,cenoura-ceasas,Cenoura - Ceasas,Cenoura G,,variacao_pct,-7.62,"-7,62",%,change_pct,,pct,spot,,,physical
2026-05-21,legumes,cenoura-ceasas,Cenoura - Ceasas,Especial,,preco,4.5,"4,50",R$/Kg,price,BRL,kg,spot,,,physical
2026-05-21,legumes,cenoura-ceasas,Cenoura - Ceasas,Especial,,variacao_pct,0.0,"0,00",%,change_pct,,pct,spot,,,physical
2026-05-21,legumes,cenoura-ceasas,Cenoura - Ceasas,Extra,,preco,3.25,"3,25",R$/Kg,price,BRL,kg,spot,,,physical
2026-05-21,legumes,cenoura-ceasas,Cenoura - Ceasas,Extra,,variacao_pct,0.0,"0,00",%,change_pct,,pct,spot,,,physical
2026-05-21,legumes,cenoura-ceasas,Cenoura - Ceasas,Extra A,,preco,5.5,"5,50",R$/Kg,price,BRL,kg,spot,,,physical
2026-05-21,legumes,cenoura-ceasas,Cenoura - Ceasas,Extra A,,variacao_pct,0.0,"0,00",%,change_pct,,pct,spot,,,physical
2026-05-21,legumes,tomate-ceasas,Tomate - Ceasas,Carmem 3A,,preco,8.0,"8,00",R$/Kg,price,BRL,kg,spot,,,physical
2026-05-21,legumes,tomate-ceasas,Tomate - Ceasas,Carmem 3A,,variacao_pct,-3.61,"-3,61",%,change_pct,,pct,spot,,,physical
2026-05-21,legumes,tomate-ceasas,Tomate - Ceasas,Débora 3A,,preco,7.33,"7,33",R$/Kg,price,BRL,kg,spot,,,physical
2026-05-21,legumes,tomate-ceasas,Tomate - Ceasas,Débora 3A,,variacao_pct,,-,%,change_pct,,pct,spot,,,physical
2026-05-21,legumes,tomate-ceasas,Tomate - Ceasas,Longa Vida/Carmem Extra,,preco,7.5,"7,50",R$/Kg,price,BRL,kg,spot,,,physical
2026-05-21,legumes,tomate-ceasas,Tomate - Ceasas,Longa Vida/Carmem Extra,,variacao_pct,0.0,"0,00",%,change_pct,,pct,spot,,,physical
2026-05-21,legumes,tomate-ceasas,Tomate - Ceasas,Longa Vida/Débora Extra,,preco,7.5,"7,50",R$/Kg,price,BRL,kg,spot,,,physical
2026-05-21,legumes,tomate-ceasas,Tomate - Ceasas,Longa Vida/Débora Extra,,variacao_pct,0.0,"0,00",%,change_pct,,pct,spot,,,physical
2026-05-21,legumes,tomate-ceasas,Tomate - Ceasas,Longa Vida/Extra A,,preco,3.25,"3,25",R$/Kg,price,BRL,kg,spot,,,physical
2026-05-21,legumes,tomate-ceasas,Tomate - Ceasas,Longa Vida/Extra A,,variacao_pct,0.0,"0,00",%,change_pct,,pct,spot,,,physical
2026-05-21,legumes,tomate-ceasas,Tomate - Ceasas,Santa Cruz/Extra A,,preco,,s/ cotação,R$/Kg,price,BRL,kg,spot,,,physical
2026-05-21,legumes,tomate-ceasas,Tomate - Ceasas,Santa Cruz/Extra A,,variacao_pct,,-,%,change_pct,,pct,spot,,,physical
2026-05-22,legumes,batata-ceasas,Batata - Ceasas,Agatha Primeira,,preco,3.2,"3,20",R$/Kg,price,BRL,kg,spot,,,physical
2026-05-22,legumes,batata-ceasas,Batata - Ceasas,Agatha Primeira,,variacao_pct,14.29,"+14,29",%,change_pct,,pct,spot,,,physical
2026-05-22,legumes,batata-ceasas,Batata - Ceasas,Aster Primeira,,preco,2.0,"2,00",R$/Kg,price,BRL,kg,spot,,,physical
2026-05-22,legumes,batata-ceasas,Batata - Ceasas,Aster Primeira,,variacao_pct,0.0,"0,00",%,change_pct,,pct,spot,,,physical
2026-05-22,legumes,batata-ceasas,Batata - Ceasas,Asterix,,preco,6.4,"6,40",R$/Kg,price,BRL,kg,spot,,,physical
2026-05-22,legumes,batata-ceasas,Batata - Ceasas,Asterix,,variacao_pct,0.0,"0,00",%,change_pct,,pct,spot,,,physical
2026-05-22,legumes,batata-ceasas,Batata - Ceasas,Escovada Especial,,preco,4.87,"4,87",R$/Kg,price,BRL,kg,spot,,,physical
2026-05-22,legumes,batata-ceasas,Batata - Ceasas,Escovada Especial,,variacao_pct,0.0,"0,00",%,change_pct,,pct,spot,,,physical
2026-05-22,legumes,batata-ceasas,Batata - Ceasas,Lavada Especial,,preco,6.61,"6,61",R$/Kg,price,BRL,kg,spot,,,physical
2026-05-22,legumes,batata-ceasas,Batata - Ceasas,Lavada Especial,,variacao_pct,0.0,"0,00",%,change_pct,,pct,spot,,,physical
2026-05-22,legumes,batata-ceasas,Batata - Ceasas,Yacon,,preco,7.0,"7,00",R$/Kg,price,BRL,kg,spot,,,physical
2026-05-22,legumes,batata-ceasas,Batata - Ceasas,Yacon,,variacao_pct,0.0,"0,00",%,change_pct,,pct,spot,,,physical
2026-05-22,legumes,cebola-no-atacado,Cebola - Ceasas,Amarela Mineira,,preco,4.0,"4,00",R$/Kg,price,BRL,kg,spot,,,physical
2026-05-22,legumes,cebola-no-atacado,Cebola - Ceasas,Amarela Mineira,,variacao_pct,0.0,"0,00",%,change_pct,,pct,spot,,,physical
2026-05-22,legumes,cebola-no-atacado,Cebola - Ceasas,Amarela Paulista,,preco,,s/ cotação,R$/Kg,price,BRL,kg,spot,,,physical
2026-05-22,legumes,cebola-no-atacado,Cebola - Ceasas,Amarela Paulista,,variacao_pct,,-,%,change_pct,,pct,spot,,,physical
2026-05-22,legumes,cebola-no-atacado,Cebola - Ceasas,Amarela Pernambucana,,preco,,s/ cotação,R$/Kg,price,BRL,kg,spot,,,physical
2026-05-22,legumes,cebola-no-atacado,Cebola - Ceasas,Amarela Pernambucana,,variacao_pct,,-,%,change_pct,,pct,spot,,,physical
2026-05-22,legumes,cebola-no-atacado,Cebola - Ceasas,Amarela Santa Catarina,,preco,4.0,"4,00",R$/Kg,price,BRL,kg,spot,,,physical
2026-05-22,legumes,cebola-no-atacado,Cebola - Ceasas,Amarela Santa Catarina,,variacao_pct,0.0,"0,00",%,change_pct,,pct,spot,,,physical
2026-05-22,legumes,cebola-no-atacado,Cebola - Ceasas,Importada Argentina,,preco,4.25,"4,25",R$/Kg,price,BRL,kg,spot,,,physical
2026-05-22,legumes,cebola-no-atacado,Cebola - Ceasas,Importada Argentina,,variacao_pct,0.0,"0,00",%,change_pct,,pct,spot,,,physical
2026-05-22,legumes,cebola-no-atacado,Cebola - Ceasas,Nacional (Caixa 4),,preco,3.8,"3,80",R$/Kg,price,BRL,kg,spot,,,physical
2026-05-22,legumes,cebola-no-atacado,Cebola - Ceasas,Nacional (Caixa 4),,variacao_pct,0.0,"0,00",%,change_pct,,pct,spot,,,physical
2026-05-22,legumes,cebola-no-atacado,Cebola - Ceasas,Roxa (Caixa 4),,preco,4.75,"4,75",R$/Kg,price,BRL,kg,spot,,,physical
2026-05-22,legumes,cebola-no-atacado,Cebola - Ceasas,Roxa (Caixa 4),,variacao_pct,0.0,"0,00",%,change_pct,,pct,spot,,,physical
2026-05-22,legumes,cenoura-ceasas,Cenoura - Ceasas,Cenoura 2A,,preco,6.01,"6,01",R$/Kg,price,BRL,kg,spot,,,physical
2026-05-22,legumes,cenoura-ceasas,Cenoura - Ceasas,Cenoura 2A,,variacao_pct,0.0,"0,00",%,change_pct,,pct,spot,,,physical
2026-05-22,legumes,cenoura-ceasas,Cenoura - Ceasas,Cenoura G,,preco,5.21,"5,21",R$/Kg,price,BRL,kg,spot,,,physical
2026-05-22,legumes,cenoura-ceasas,Cenoura - Ceasas,Cenoura G,,variacao_pct,0.0,"0,00",%,change_pct,,pct,spot,,,physical
2026-05-22,legumes,cenoura-ceasas,Cenoura - Ceasas,Especial,,preco,5.0,"5,00",R$/Kg,price,BRL,kg,spot,,,physical
2026-05-22,legumes,cenoura-ceasas,Cenoura - Ceasas,Especial,,variacao_pct,11.11,"+11,11",%,change_pct,,pct,spot,,,physical
2026-05-22,legumes,cenoura-ceasas,Cenoura - Ceasas,Extra,,preco,2.25,"2,25",R$/Kg,price,BRL,kg,spot,,,physical
2026-05-22,legumes,cenoura-ceasas,Cenoura - Ceasas,Extra,,variacao_pct,-30.77,"-30,77",%,change_pct,,pct,spot,,,physical
2026-05-22,legumes,cenoura-ceasas,Cenoura - Ceasas,Extra A,,preco,6.0,"6,00",R$/Kg,price,BRL,kg,spot,,,physical
2026-05-22,legumes,cenoura-ceasas,Cenoura - Ceasas,Extra A,,variacao_pct,9.09,"+9,09",%,change_pct,,pct,spot,,,physical
2026-05-22,legumes,tomate-ceasas,Tomate - Ceasas,Carmem 3A,,preco,8.0,"8,00",R$/Kg,price,BRL,kg,spot,,,physical
2026-05-22,legumes,tomate-ceasas,Tomate - Ceasas,Carmem 3A,,variacao_pct,0.0,"0,00",%,change_pct,,pct,spot,,,physical
2026-05-22,legumes,tomate-ceasas,Tomate - Ceasas,Débora 3A,,preco,7.33,"7,33",R$/Kg,price,BRL,kg,spot,,,physical
2026-05-22,legumes,tomate-ceasas,Tomate - Ceasas,Débora 3A,,variacao_pct,0.0,"0,00",%,change_pct,,pct,spot,,,physical
2026-05-22,legumes,tomate-ceasas,Tomate - Ceasas,Longa Vida/Carmem Extra,,preco,7.5,"7,50",R$/Kg,price,BRL,kg,spot,,,physical
2026-05-22,legumes,tomate-ceasas,Tomate - Ceasas,Longa Vida/Carmem Extra,,variacao_pct,0.0,"0,00",%,change_pct,,pct,spot,,,physical
2026-05-22,legumes,tomate-ceasas,Tomate - Ceasas,Longa Vida/Débora Extra,,preco,7.5,"7,50",R$/Kg,price,BRL,kg,spot,,,physical
2026-05-22,legumes,tomate-ceasas,Tomate - Ceasas,Longa Vida/Débora Extra,,variacao_pct,0.0,"0,00",%,change_pct,,pct,spot,,,physical
2026-05-22,legumes,tomate-ceasas,Tomate - Ceasas,Longa Vida/Extra A,,preco,5.0,"5,00",R$/Kg,price,BRL,kg,spot,,,physical
2026-05-22,legumes,tomate-ceasas,Tomate - Ceasas,Longa Vida/Extra A,,variacao_pct,53.85,"+53,85",%,change_pct,,pct,spot,,,physical
2026-05-22,legumes,tomate-ceasas,Tomate - Ceasas,Santa Cruz/Extra A,,preco,,s/ cotação,R$/Kg,price,BRL,kg,spot,,,physical
2026-05-22,legumes,tomate-ceasas,Tomate - Ceasas,Santa Cruz/Extra A,,variacao_pct,,-,%,change_pct,,pct,spot,,,physical
2026-05-25,legumes,batata-ceasas,Batata - Ceasas,Agatha Primeira,,preco,3.2,"3,20",R$/Kg,price,BRL,kg,spot,,,physical
2026-05-25,legumes,batata-ceasas,Batata - Ceasas,Agatha Primeira,,variacao_pct,0.0,"0,00",%,change_pct,,pct,spot,,,physical
2026-05-25,legumes,batata-ceasas,Batata - Ceasas,Aster Primeira,,preco,2.0,"2,00",R$/Kg,price,BRL,kg,spot,,,physical
2026-05-25,legumes,batata-ceasas,Batata - Ceasas,Aster Primeira,,variacao_pct,0.0,"0,00",%,change_pct,,pct,spot,,,physical
2026-05-25,legumes,batata-ceasas,Batata - Ceasas,Asterix,,preco,6.03,"6,03",R$/Kg,price,BRL,kg,spot,,,physical
2026-05-25,legumes,batata-ceasas,Batata - Ceasas,Asterix,,variacao_pct,-5.78,"-5,78",%,change_pct,,pct,spot,,,physical
2026-05-25,legumes,batata-ceasas,Batata - Ceasas,Escovada Especial,,preco,,s/ cotação,R$/Kg,price,BRL,kg,spot,,,physical
2026-05-25,legumes,batata-ceasas,Batata - Ceasas,Escovada Especial,,variacao_pct,,-,%,change_pct,,pct,spot,,,physical
2026-05-25,legumes,batata-ceasas,Batata - Ceasas,Lavada Especial,,preco,6.29,"6,29",R$/Kg,price,BRL,kg,spot,,,physical
2026-05-25,legumes,batata-ceasas,Batata - Ceasas,Lavada Especial,,variacao_pct,-4.84,"-4,84",%,change_pct,,pct,spot,,,physical
2026-05-25,legumes,batata-ceasas,Batata - Ceasas,Yacon,,preco,7.0,"7,00",R$/Kg,price,BRL,kg,spot,,,physical
2026-05-25,legumes,batata-ceasas,Batata - Ceasas,Yacon,,variacao_pct,0.0,"0,00",%,change_pct,,pct,spot,,,physical
2026-05-25,legumes,cebola-no-atacado,Cebola - Ceasas,Amarela Mineira,,preco,4.0,"4,00",R$/Kg,price,BRL,kg,spot,,,physical
2026-05-25,legumes,cebola-no-atacado,Cebola - Ceasas,Amarela Mineira,,variacao_pct,0.0,"0,00",%,change_pct,,pct,spot,,,physical
2026-05-25,legumes,cebola-no-atacado,Cebola - Ceasas,Amarela Paulista,,preco,,s/ cotação,R$/Kg,price,BRL,kg,spot,,,physical
2026-05-25,legumes,cebola-no-atacado,Cebola - Ceasas,Amarela Paulista,,variacao_pct,,-,%,change_pct,,pct,spot,,,physical
2026-05-25,legumes,cebola-no-atacado,Cebola - Ceasas,Amarela Pernambucana,,preco,,s/ cotação,R$/Kg,price,BRL,kg,spot,,,physical
2026-05-25,legumes,cebola-no-atacado,Cebola - Ceasas,Amarela Pernambucana,,variacao_pct,,-,%,change_pct,,pct,spot,,,physical
2026-05-25,legumes,cebola-no-atacado,Cebola - Ceasas,Amarela Santa Catarina,,preco,4.0,"4,00",R$/Kg,price,BRL,kg,spot,,,physical
2026-05-25,legumes,cebola-no-atacado,Cebola - Ceasas,Amarela Santa Catarina,,variacao_pct,0.0,"0,00",%,change_pct,,pct,spot,,,physical
2026-05-25,legumes,cebola-no-atacado,Cebola - Ceasas,Importada Argentina,,preco,4.25,"4,25",R$/Kg,price,BRL,kg,spot,,,physical
2026-05-25,legumes,cebola-no-atacado,Cebola - Ceasas,Importada Argentina,,variacao_pct,0.0,"0,00",%,change_pct,,pct,spot,,,physical
2026-05-25,legumes,cebola-no-atacado,Cebola - Ceasas,Nacional (Caixa 4),,preco,3.66,"3,66",R$/Kg,price,BRL,kg,spot,,,physical
2026-05-25,legumes,cebola-no-atacado,Cebola - Ceasas,Nacional (Caixa 4),,variacao_pct,-3.68,"-3,68",%,change_pct,,pct,spot,,,physical
2026-05-25,legumes,cebola-no-atacado,Cebola - Ceasas,Roxa (Caixa 4),,preco,4.5,"4,50",R$/Kg,price,BRL,kg,spot,,,physical
2026-05-25,legumes,cebola-no-atacado,Cebola - Ceasas,Roxa (Caixa 4),,variacao_pct,-5.26,"-5,26",%,change_pct,,pct,spot,,,physical
2026-05-25,legumes,cenoura-ceasas,Cenoura - Ceasas,Cenoura 2A,,preco,6.12,"6,12",R$/Kg,price,BRL,kg,spot,,,physical
2026-05-25,legumes,cenoura-ceasas,Cenoura - Ceasas,Cenoura 2A,,variacao_pct,1.83,"+1,83",%,change_pct,,pct,spot,,,physical
2026-05-25,legumes,cenoura-ceasas,Cenoura - Ceasas,Cenoura G,,preco,5.36,"5,36",R$/Kg,price,BRL,kg,spot,,,physical
2026-05-25,legumes,cenoura-ceasas,Cenoura - Ceasas,Cenoura G,,variacao_pct,2.88,"+2,88",%,change_pct,,pct,spot,,,physical
2026-05-25,legumes,cenoura-ceasas,Cenoura - Ceasas,Especial,,preco,5.0,"5,00",R$/Kg,price,BRL,kg,spot,,,physical
2026-05-25,legumes,cenoura-ceasas,Cenoura - Ceasas,Especial,,variacao_pct,0.0,"0,00",%,change_pct,,pct,spot,,,physical
2026-05-25,legumes,cenoura-ceasas,Cenoura - Ceasas,Extra,,preco,4.25,"4,25",R$/Kg,price,BRL,kg,spot,,,physical
2026-05-25,legumes,cenoura-ceasas,Cenoura - Ceasas,Extra,,variacao_pct,,-,%,change_pct,,pct,spot,,,physical
2026-05-25,legumes,cenoura-ceasas,Cenoura - Ceasas,Extra A,,preco,6.0,"6,00",R$/Kg,price,BRL,kg,spot,,,physical
2026-05-25,legumes,cenoura-ceasas,Cenoura - Ceasas,Extra A,,variacao_pct,0.0,"0,00",%,change_pct,,pct,spot,,,physical
2026-05-25,legumes,tomate-ceasas,Tomate - Ceasas,Carmem 3A,,preco,8.14,"8,14",R$/Kg,price,BRL,kg,spot,,,physical
2026-05-25,legumes,tomate-ceasas,Tomate - Ceasas,Carmem 3A,,variacao_pct,1.75,"+1,75",%,change_pct,,pct,spot,,,physical
2026-05-25,legumes,tomate-ceasas,Tomate - Ceasas,Débora 3A,,preco,7.0,"7,00",R$/Kg,price,BRL,kg,spot,,,physical
2026-05-25,legumes,tomate-ceasas,Tomate - Ceasas,Débora 3A,,variacao_pct,-4.5,"-4,50",%,change_pct,,pct,spot,,,physical
2026-05-25,legumes,tomate-ceasas,Tomate - Ceasas,Longa Vida/Carmem Extra,,preco,7.5,"7,50",R$/Kg,price,BRL,kg,spot,,,physical
2026-05-25,legumes,tomate-ceasas,Tomate - Ceasas,Longa Vida/Carmem Extra,,variacao_pct,0.0,"0,00",%,change_pct,,pct,spot,,,physical
2026-05-25,legumes,tomate-ceasas,Tomate - Ceasas,Longa Vida/Débora Extra,,preco,7.5,"7,50",R$/Kg,price,BRL,kg,spot,,,physical
2026-05-25,legumes,tomate-ceasas,Tomate - Ceasas,Longa Vida/Débora Extra,,variacao_pct,0.0,"0,00",%,change_pct,,pct,spot,,,physical
2026-05-25,legumes,tomate-ceasas,Tomate - Ceasas,Longa Vida/Extra A,,preco,3.25,"3,25",R$/Kg,price,BRL,kg,spot,,,physical
2026-05-25,legumes,tomate-ceasas,Tomate - Ceasas,Longa Vida/Extra A,,variacao_pct,-35.0,"-35,00",%,change_pct,,pct,spot,,,physical
2026-05-25,legumes,tomate-ceasas,Tomate - Ceasas,Santa Cruz/Extra A,,preco,,s/ cotação,R$/Kg,price,BRL,kg,spot,,,physical
2026-05-25,legumes,tomate-ceasas,Tomate - Ceasas,Santa Cruz/Extra A,,variacao_pct,,-,%,change_pct,,pct,spot,,,physical
2026-05-26,legumes,batata-ceasas,Batata - Ceasas,Agatha Primeira,,preco,3.2,"3,20",R$/Kg,price,BRL,kg,spot,,,physical
2026-05-26,legumes,batata-ceasas,Batata - Ceasas,Agatha Primeira,,variacao_pct,0.0,"0,00",%,change_pct,,pct,spot,,,physical
2026-05-26,legumes,batata-ceasas,Batata - Ceasas,Aster Primeira,,preco,2.0,"2,00",R$/Kg,price,BRL,kg,spot,,,physical
2026-05-26,legumes,batata-ceasas,Batata - Ceasas,Aster Primeira,,variacao_pct,0.0,"0,00",%,change_pct,,pct,spot,,,physical
2026-05-26,legumes,batata-ceasas,Batata - Ceasas,Asterix,,preco,5.86,"5,86",R$/Kg,price,BRL,kg,spot,,,physical
2026-05-26,legumes,batata-ceasas,Batata - Ceasas,Asterix,,variacao_pct,-2.82,"-2,82",%,change_pct,,pct,spot,,,physical
2026-05-26,legumes,batata-ceasas,Batata - Ceasas,Escovada Especial,,preco,,s/ cotação,R$/Kg,price,BRL,kg,spot,,,physical
2026-05-26,legumes,batata-ceasas,Batata - Ceasas,Escovada Especial,,variacao_pct,,-,%,change_pct,,pct,spot,,,physical
2026-05-26,legumes,batata-ceasas,Batata - Ceasas,Lavada Especial,,preco,6.17,"6,17",R$/Kg,price,BRL,kg,spot,,,physical
2026-05-26,legumes,batata-ceasas,Batata - Ceasas,Lavada Especial,,variacao_pct,-1.91,"-1,91",%,change_pct,,pct,spot,,,physical
2026-05-26,legumes,batata-ceasas,Batata - Ceasas,Yacon,,preco,7.0,"7,00",R$/Kg,price,BRL,kg,spot,,,physical
2026-05-26,legumes,batata-ceasas,Batata - Ceasas,Yacon,,variacao_pct,0.0,"0,00",%,change_pct,,pct,spot,,,physical
2026-05-26,legumes,cebola-no-atacado,Cebola - Ceasas,Amarela Mineira,,preco,4.0,"4,00",R$/Kg,price,BRL,kg,spot,,,physical
2026-05-26,legumes,cebola-no-atacado,Cebola - Ceasas,Amarela Mineira,,variacao_pct,0.0,"0,00",%,change_pct,,pct,spot,,,physical
2026-05-26,legumes,cebola-no-atacado,Cebola - Ceasas,Amarela Paulista,,preco,,s/ cotação,R$/Kg,price,BRL,kg,spot,,,physical
2026-05-26,legumes,cebola-no-atacado,Cebola - Ceasas,Amarela Paulista,,variacao_pct,,-,%,change_pct,,pct,spot,,,physical
2026-05-26,legumes,cebola-no-atacado,Cebola - Ceasas,Amarela Pernambucana,,preco,,s/ cotação,R$/Kg,price,BRL,kg,spot,,,physical
2026-05-26,legumes,cebola-no-atacado,Cebola - Ceasas,Amarela Pernambucana,,variacao_pct,,-,%,change_pct,,pct,spot,,,physical
2026-05-26,legumes,cebola-no-atacado,Cebola - Ceasas,Amarela Santa Catarina,,preco,4.0,"4,00",R$/Kg,price,BRL,kg,spot,,,physical
2026-05-26,legumes,cebola-no-atacado,Cebola - Ceasas,Amarela Santa Catarina,,variacao_pct,0.0,"0,00",%,change_pct,,pct,spot,,,physical
2026-05-26,legumes,cebola-no-atacado,Cebola - Ceasas,Importada Argentina,,preco,4.25,"4,25",R$/Kg,price,BRL,kg,spot,,,physical
2026-05-26,legumes,cebola-no-atacado,Cebola - Ceasas,Importada Argentina,,variacao_pct,0.0,"0,00",%,change_pct,,pct,spot,,,physical
2026-05-26,legumes,cebola-no-atacado,Cebola - Ceasas,Nacional (Caixa 4),,preco,3.66,"3,66",R$/Kg,price,BRL,kg,spot,,,physical
2026-05-26,legumes,cebola-no-atacado,Cebola - Ceasas,Nacional (Caixa 4),,variacao_pct,0.0,"0,00",%,change_pct,,pct,spot,,,physical
2026-05-26,legumes,cebola-no-atacado,Cebola - Ceasas,Roxa (Caixa 4),,preco,5.06,"5,06",R$/Kg,price,BRL,kg,spot,,,physical
2026-05-26,legumes,cebola-no-atacado,Cebola - Ceasas,Roxa (Caixa 4),,variacao_pct,12.44,"+12,44",%,change_pct,,pct,spot,,,physical
2026-05-26,legumes,cenoura-ceasas,Cenoura - Ceasas,Cenoura 2A,,preco,7.51,"7,51",R$/Kg,price,BRL,kg,spot,,,physical
2026-05-26,legumes,cenoura-ceasas,Cenoura - Ceasas,Cenoura 2A,,variacao_pct,22.71,"+22,71",%,change_pct,,pct,spot,,,physical
2026-05-26,legumes,cenoura-ceasas,Cenoura - Ceasas,Cenoura G,,preco,6.74,"6,74",R$/Kg,price,BRL,kg,spot,,,physical
2026-05-26,legumes,cenoura-ceasas,Cenoura - Ceasas,Cenoura G,,variacao_pct,25.75,"+25,75",%,change_pct,,pct,spot,,,physical
2026-05-26,legumes,cenoura-ceasas,Cenoura - Ceasas,Especial,,preco,5.0,"5,00",R$/Kg,price,BRL,kg,spot,,,physical
2026-05-26,legumes,cenoura-ceasas,Cenoura - Ceasas,Especial,,variacao_pct,0.0,"0,00",%,change_pct,,pct,spot,,,physical
2026-05-26,legumes,cenoura-ceasas,Cenoura - Ceasas,Extra,,preco,4.25,"4,25",R$/Kg,price,BRL,kg,spot,,,physical
2026-05-26,legumes,cenoura-ceasas,Cenoura - Ceasas,Extra,,variacao_pct,0.0,"0,00",%,change_pct,,pct,spot,,,physical
2026-05-26,legumes,cenoura-ceasas,Cenoura - Ceasas,Extra A,,preco,6.0,"6,00",R$/Kg,price,BRL,kg,spot,,,physical
2026-05-26,legumes,cenoura-ceasas,Cenoura - Ceasas,Extra A,,variacao_pct,0.0,"0,00",%,change_pct,,pct,spot,,,physical
2026-05-26,legumes,tomate-ceasas,Tomate - Ceasas,Carmem 3A,,preco,9.18,"9,18",R$/Kg,price,BRL,kg,spot,,,physical
2026-05-26,legumes,tomate-ceasas,Tomate - Ceasas,Carmem 3A,,variacao_pct,12.78,"+12,78",%,change_pct,,pct,spot,,,physical
2026-05-26,legumes,tomate-ceasas,Tomate - Ceasas,Débora 3A,,preco,7.94,"7,94",R$/Kg,price,BRL,kg,spot,,,physical
2026-05-26,legumes,tomate-ceasas,Tomate - Ceasas,Débora 3A,,variacao_pct,13.43,"+13,43",%,change_pct,,pct,spot,,,physical
2026-05-26,legumes,tomate-ceasas,Tomate - Ceasas,Longa Vida/Carmem Extra,,preco,7.5,"7,50",R$/Kg,price,BRL,kg,spot,,,physical
2026-05-26,legumes,tomate-ceasas,Tomate - Ceasas,Longa Vida/Carmem Extra,,variacao_pct,0.0,"0,00",%,change_pct,,pct,spot,,,physical
2026-05-26,legumes,tomate-ceasas,Tomate - Ceasas,Longa Vida/Débora Extra,,preco,7.5,"7,50",R$/Kg,price,BRL,kg,spot,,,physical
2026-05-26,legumes,tomate-ceasas,Tomate - Ceasas,Longa Vida/Débora Extra,,variacao_pct,0.0,"0,00",%,change_pct,,pct,spot,,,physical
2026-05-26,legumes,tomate-ceasas,Tomate - Ceasas,Longa Vida/Extra A,,preco,3.25,"3,25",R$/Kg,price,BRL,kg,spot,,,physical
2026-05-26,legumes,tomate-ceasas,Tomate - Ceasas,Longa Vida/Extra A,,variacao_pct,0.0,"0,00",%,change_pct,,pct,spot,,,physical
2026-05-26,legumes,tomate-ceasas,Tomate - Ceasas,Santa Cruz/Extra A,,preco,,s/ cotação,R$/Kg,price,BRL,kg,spot,,,physical
2026-05-26,legumes,tomate-ceasas,Tomate - Ceasas,Santa Cruz/Extra A,,variacao_pct,,-,%,change_pct,,pct,spot,,,physical
2026-05-27,legumes,batata-ceasas,Batata - Ceasas,Agatha Primeira,,preco,3.2,"3,20",R$/Kg,price,BRL,kg,spot,,,physical
2026-05-27,legumes,batata-ceasas,Batata - Ceasas,Agatha Primeira,,variacao_pct,0.0,"0,00",%,change_pct,,pct,spot,,,physical
2026-05-27,legumes,batata-ceasas,Batata - Ceasas,Aster Primeira,,preco,2.4,"2,40",R$/Kg,price,BRL,kg,spot,,,physical
2026-05-27,legumes,batata-ceasas,Batata - Ceasas,Aster Primeira,,variacao_pct,20.0,"+20,00",%,change_pct,,pct,spot,,,physical
2026-05-27,legumes,batata-ceasas,Batata - Ceasas,Asterix,,preco,5.86,"5,86",R$/Kg,price,BRL,kg,spot,,,physical
2026-05-27,legumes,batata-ceasas,Batata - Ceasas,Asterix,,variacao_pct,0.0,"0,00",%,change_pct,,pct,spot,,,physical
2026-05-27,legumes,batata-ceasas,Batata - Ceasas,Escovada Especial,,preco,,s/ cotação,R$/Kg,price,BRL,kg,spot,,,physical
2026-05-27,legumes,batata-ceasas,Batata - Ceasas,Escovada Especial,,variacao_pct,,-,%,change_pct,,pct,spot,,,physical
2026-05-27,legumes,batata-ceasas,Batata - Ceasas,Lavada Especial,,preco,6.17,"6,17",R$/Kg,price,BRL,kg,spot,,,physical
2026-05-27,legumes,batata-ceasas,Batata - Ceasas,Lavada Especial,,variacao_pct,0.0,"0,00",%,change_pct,,pct,spot,,,physical
2026-05-27,legumes,batata-ceasas,Batata - Ceasas,Yacon,,preco,7.0,"7,00",R$/Kg,price,BRL,kg,spot,,,physical
2026-05-27,legumes,batata-ceasas,Batata - Ceasas,Yacon,,variacao_pct,0.0,"0,00",%,change_pct,,pct,spot,,,physical
2026-05-27,legumes,cebola-no-atacado,Cebola - Ceasas,Amarela Mineira,,preco,4.0,"4,00",R$/Kg,price,BRL,kg,spot,,,physical
2026-05-27,legumes,cebola-no-atacado,Cebola - Ceasas,Amarela Mineira,,variacao_pct,0.0,"0,00",%,change_pct,,pct,spot,,,physical
2026-05-27,legumes,cebola-no-atacado,Cebola - Ceasas,Amarela Paulista,,preco,,s/ cotação,R$/Kg,price,BRL,kg,spot,,,physical
2026-05-27,legumes,cebola-no-atacado,Cebola - Ceasas,Amarela Paulista,,variacao_pct,,-,%,change_pct,,pct,spot,,,physical
2026-05-27,legumes,cebola-no-atacado,Cebola - Ceasas,Amarela Pernambucana,,preco,,s/ cotação,R$/Kg,price,BRL,kg,spot,,,physical
2026-05-27,legumes,cebola-no-atacado,Cebola - Ceasas,Amarela Pernambucana,,variacao_pct,,-,%,change_pct,,pct,spot,,,physical
2026-05-27,legumes,cebola-no-atacado,Cebola - Ceasas,Amarela Santa Catarina,,preco,4.0,"4,00",R$/Kg,price,BRL,kg,spot,,,physical
2026-05-27,legumes,cebola-no-atacado,Cebola - Ceasas,Amarela Santa Catarina,,variacao_pct,0.0,"0,00",%,change_pct,,pct,spot,,,physical
2026-05-27,legumes,cebola-no-atacado,Cebola - Ceasas,Importada Argentina,,preco,4.25,"4,25",R$/Kg,price,BRL,kg,spot,,,physical
2026-05-27,legumes,cebola-no-atacado,Cebola - Ceasas,Importada Argentina,,variacao_pct,0.0,"0,00",%,change_pct,,pct,spot,,,physical
2026-05-27,legumes,cebola-no-atacado,Cebola - Ceasas,Nacional (Caixa 4),,preco,3.66,"3,66",R$/Kg,price,BRL,kg,spot,,,physical
2026-05-27,legumes,cebola-no-atacado,Cebola - Ceasas,Nacional (Caixa 4),,variacao_pct,0.0,"0,00",%,change_pct,,pct,spot,,,physical
2026-05-27,legumes,cebola-no-atacado,Cebola - Ceasas,Roxa (Caixa 4),,preco,5.06,"5,06",R$/Kg,price,BRL,kg,spot,,,physical
2026-05-27,legumes,cebola-no-atacado,Cebola - Ceasas,Roxa (Caixa 4),,variacao_pct,0.0,"0,00",%,change_pct,,pct,spot,,,physical
2026-05-27,legumes,cenoura-ceasas,Cenoura - Ceasas,Cenoura 2A,,preco,7.51,"7,51",R$/Kg,price,BRL,kg,spot,,,physical
2026-05-27,legumes,cenoura-ceasas,Cenoura - Ceasas,Cenoura 2A,,variacao_pct,0.0,"0,00",%,change_pct,,pct,spot,,,physical
2026-05-27,legumes,cenoura-ceasas,Cenoura - Ceasas,Cenoura G,,preco,6.74,"6,74",R$/Kg,price,BRL,kg,spot,,,physical
2026-05-27,legumes,cenoura-ceasas,Cenoura - Ceasas,Cenoura G,,variacao_pct,0.0,"0,00",%,change_pct,,pct,spot,,,physical
2026-05-27,legumes,cenoura-ceasas,Cenoura - Ceasas,Especial,,preco,5.0,"5,00",R$/Kg,price,BRL,kg,spot,,,physical
2026-05-27,legumes,cenoura-ceasas,Cenoura - Ceasas,Especial,,variacao_pct,0.0,"0,00",%,change_pct,,pct,spot,,,physical
2026-05-27,legumes,cenoura-ceasas,Cenoura - Ceasas,Extra,,preco,5.0,"5,00",R$/Kg,price,BRL,kg,spot,,,physical
2026-05-27,legumes,cenoura-ceasas,Cenoura - Ceasas,Extra,,variacao_pct,17.65,"+17,65",%,change_pct,,pct,spot,,,physical
2026-05-27,legumes,cenoura-ceasas,Cenoura - Ceasas,Extra A,,preco,6.5,"6,50",R$/Kg,price,BRL,kg,spot,,,physical
2026-05-27,legumes,cenoura-ceasas,Cenoura - Ceasas,Extra A,,variacao_pct,8.33,"+8,33",%,change_pct,,pct,spot,,,physical
2026-05-27,legumes,tomate-ceasas,Tomate - Ceasas,Carmem 3A,,preco,9.18,"9,18",R$/Kg,price,BRL,kg,spot,,,physical
2026-05-27,legumes,tomate-ceasas,Tomate - Ceasas,Carmem 3A,,variacao_pct,0.0,"0,00",%,change_pct,,pct,spot,,,physical
2026-05-27,legumes,tomate-ceasas,Tomate - Ceasas,Débora 3A,,preco,7.94,"7,94",R$/Kg,price,BRL,kg,spot,,,physical
2026-05-27,legumes,tomate-ceasas,Tomate - Ceasas,Débora 3A,,variacao_pct,0.0,"0,00",%,change_pct,,pct,spot,,,physical
2026-05-27,legumes,tomate-ceasas,Tomate - Ceasas,Longa Vida/Carmem Extra,,preco,7.5,"7,50",R$/Kg,price,BRL,kg,spot,,,physical
2026-05-27,legumes,tomate-ceasas,Tomate - Ceasas,Longa Vida/Carmem Extra,,variacao_pct,0.0,"0,00",%,change_pct,,pct,spot,,,physical
2026-05-27,legumes,tomate-ceasas,Tomate - Ceasas,Longa Vida/Débora Extra,,preco,7.5,"7,50",R$/Kg,price,BRL,kg,spot,,,physical
2026-05-27,legumes,tomate-ceasas,Tomate - Ceasas,Longa Vida/Débora Extra,,variacao_pct,0.0,"0,00",%,change_pct,,pct,spot,,,physical
2026-05-27,legumes,tomate-ceasas,Tomate - Ceasas,Longa Vida/Extra A,,preco,3.0,"3,00",R$/Kg,price,BRL,kg,spot,,,physical
2026-05-27,legumes,tomate-ceasas,Tomate - Ceasas,Longa Vida/Extra A,,variacao_pct,-7.69,"-7,69",%,change_pct,,pct,spot,,,physical
2026-05-27,legumes,tomate-ceasas,Tomate - Ceasas,Santa Cruz/Extra A,,preco,,s/ cotação,R$/Kg,price,BRL,kg,spot,,,physical
2026-05-27,legumes,tomate-ceasas,Tomate - Ceasas,Santa Cruz/Extra A,,variacao_pct,,-,%,change_pct,,pct,spot,,,physical
2026-05-28,legumes,batata-ceasas,Batata - Ceasas,Agatha Primeira,,preco,3.2,"3,20",R$/Kg,price,BRL,kg,spot,,,physical
2026-05-28,legumes,batata-ceasas,Batata - Ceasas,Agatha Primeira,,variacao_pct,0.0,"0,00",%,change_pct,,pct,spot,,,physical
2026-05-28,legumes,batata-ceasas,Batata - Ceasas,Aster Primeira,,preco,2.4,"2,40",R$/Kg,price,BRL,kg,spot,,,physical
2026-05-28,legumes,batata-ceasas,Batata - Ceasas,Aster Primeira,,variacao_pct,0.0,"0,00",%,change_pct,,pct,spot,,,physical
2026-05-28,legumes,batata-ceasas,Batata - Ceasas,Asterix,,preco,6.13,"6,13",R$/Kg,price,BRL,kg,spot,,,physical
2026-05-28,legumes,batata-ceasas,Batata - Ceasas,Asterix,,variacao_pct,4.61,"+4,61",%,change_pct,,pct,spot,,,physical
2026-05-28,legumes,batata-ceasas,Batata - Ceasas,Escovada Especial,,preco,4.69,"4,69",R$/Kg,price,BRL,kg,spot,,,physical
2026-05-28,legumes,batata-ceasas,Batata - Ceasas,Escovada Especial,,variacao_pct,,-,%,change_pct,,pct,spot,,,physical
2026-05-28,legumes,batata-ceasas,Batata - Ceasas,Lavada Especial,,preco,6.37,"6,37",R$/Kg,price,BRL,kg,spot,,,physical
2026-05-28,legumes,batata-ceasas,Batata - Ceasas,Lavada Especial,,variacao_pct,3.24,"+3,24",%,change_pct,,pct,spot,,,physical
2026-05-28,legumes,batata-ceasas,Batata - Ceasas,Yacon,,preco,7.0,"7,00",R$/Kg,price,BRL,kg,spot,,,physical
2026-05-28,legumes,batata-ceasas,Batata - Ceasas,Yacon,,variacao_pct,0.0,"0,00",%,change_pct,,pct,spot,,,physical
2026-05-28,legumes,cebola-no-atacado,Cebola - Ceasas,Amarela Mineira,,preco,4.0,"4,00",R$/Kg,price,BRL,kg,spot,,,physical
2026-05-28,legumes,cebola-no-atacado,Cebola - Ceasas,Amarela Mineira,,variacao_pct,0.0,"0,00",%,change_pct,,pct,spot,,,physical
2026-05-28,legumes,cebola-no-atacado,Cebola - Ceasas,Amarela Paulista,,preco,,s/ cotação,R$/Kg,price,BRL,kg,spot,,,physical
2026-05-28,legumes,cebola-no-atacado,Cebola - Ceasas,Amarela Paulista,,variacao_pct,,-,%,change_pct,,pct,spot,,,physical
2026-05-28,legumes,cebola-no-atacado,Cebola - Ceasas,Amarela Pernambucana,,preco,,s/ cotação,R$/Kg,price,BRL,kg,spot,,,physical
2026-05-28,legumes,cebola-no-atacado,Cebola - Ceasas,Amarela Pernambucana,,variacao_pct,,-,%,change_pct,,pct,spot,,,physical
2026-05-28,legumes,cebola-no-atacado,Cebola - Ceasas,Amarela Santa Catarina,,preco,4.0,"4,00",R$/Kg,price,BRL,kg,spot,,,physical
2026-05-28,legumes,cebola-no-atacado,Cebola - Ceasas,Amarela Santa Catarina,,variacao_pct,0.0,"0,00",%,change_pct,,pct,spot,,,physical
2026-05-28,legumes,cebola-no-atacado,Cebola - Ceasas,Importada Argentina,,preco,4.25,"4,25",R$/Kg,price,BRL,kg,spot,,,physical
2026-05-28,legumes,cebola-no-atacado,Cebola - Ceasas,Importada Argentina,,variacao_pct,0.0,"0,00",%,change_pct,,pct,spot,,,physical
2026-05-28,legumes,cebola-no-atacado,Cebola - Ceasas,Nacional (Caixa 4),,preco,3.51,"3,51",R$/Kg,price,BRL,kg,spot,,,physical
2026-05-28,legumes,cebola-no-atacado,Cebola - Ceasas,Nacional (Caixa 4),,variacao_pct,-4.1,"-4,10",%,change_pct,,pct,spot,,,physical
2026-05-28,legumes,cebola-no-atacado,Cebola - Ceasas,Roxa (Caixa 4),,preco,4.79,"4,79",R$/Kg,price,BRL,kg,spot,,,physical
2026-05-28,legumes,cebola-no-atacado,Cebola - Ceasas,Roxa (Caixa 4),,variacao_pct,-5.34,"-5,34",%,change_pct,,pct,spot,,,physical
2026-05-28,legumes,cenoura-ceasas,Cenoura - Ceasas,Cenoura 2A,,preco,7.39,"7,39",R$/Kg,price,BRL,kg,spot,,,physical
2026-05-28,legumes,cenoura-ceasas,Cenoura - Ceasas,Cenoura 2A,,variacao_pct,-1.6,"-1,60",%,change_pct,,pct,spot,,,physical
2026-05-28,legumes,cenoura-ceasas,Cenoura - Ceasas,Cenoura G,,preco,6.75,"6,75",R$/Kg,price,BRL,kg,spot,,,physical
2026-05-28,legumes,cenoura-ceasas,Cenoura - Ceasas,Cenoura G,,variacao_pct,0.15,"+0,15",%,change_pct,,pct,spot,,,physical
2026-05-28,legumes,cenoura-ceasas,Cenoura - Ceasas,Especial,,preco,5.0,"5,00",R$/Kg,price,BRL,kg,spot,,,physical
2026-05-28,legumes,cenoura-ceasas,Cenoura - Ceasas,Especial,,variacao_pct,0.0,"0,00",%,change_pct,,pct,spot,,,physical
2026-05-28,legumes,cenoura-ceasas,Cenoura - Ceasas,Extra,,preco,5.0,"5,00",R$/Kg,price,BRL,kg,spot,,,physical
2026-05-28,legumes,cenoura-ceasas,Cenoura - Ceasas,Extra,,variacao_pct,0.0,"0,00",%,change_pct,,pct,spot,,,physical
2026-05-28,legumes,cenoura-ceasas,Cenoura - Ceasas,Extra A,,preco,6.5,"6,50",R$/Kg,price,BRL,kg,spot,,,physical
2026-05-28,legumes,cenoura-ceasas,Cenoura - Ceasas,Extra A,,variacao_pct,0.0,"0,00",%,change_pct,,pct,spot,,,physical
2026-05-28,legumes,tomate-ceasas,Tomate - Ceasas,Carmem 3A,,preco,7.36,"7,36",R$/Kg,price,BRL,kg,spot,,,physical
2026-05-28,legumes,tomate-ceasas,Tomate - Ceasas,Carmem 3A,,variacao_pct,-19.83,"-19,83",%,change_pct,,pct,spot,,,physical
2026-05-28,legumes,tomate-ceasas,Tomate - Ceasas,Débora 3A,,preco,5.92,"5,92",R$/Kg,price,BRL,kg,spot,,,physical
2026-05-28,legumes,tomate-ceasas,Tomate - Ceasas,Débora 3A,,variacao_pct,-25.44,"-25,44",%,change_pct,,pct,spot,,,physical
2026-05-28,legumes,tomate-ceasas,Tomate - Ceasas,Longa Vida/Carmem Extra,,preco,7.5,"7,50",R$/Kg,price,BRL,kg,spot,,,physical
2026-05-28,legumes,tomate-ceasas,Tomate - Ceasas,Longa Vida/Carmem Extra,,variacao_pct,0.0,"0,00",%,change_pct,,pct,spot,,,physical
2026-05-28,legumes,tomate-ceasas,Tomate - Ceasas,Longa Vida/Débora Extra,,preco,7.5,"7,50",R$/Kg,price,BRL,kg,spot,,,physical
2026-05-28,legumes,tomate-ceasas,Tomate - Ceasas,Longa Vida/Débora Extra,,variacao_pct,0.0,"0,00",%,change_pct,,pct,spot,,,physical
2026-05-28,legumes,tomate-ceasas,Tomate - Ceasas,Longa Vida/Extra A,,preco,3.0,"3,00",R$/Kg,price,BRL,kg,spot,,,physical
2026-05-28,legumes,tomate-ceasas,Tomate - Ceasas,Longa Vida/Extra A,,variacao_pct,0.0,"0,00",%,change_pct,,pct,spot,,,physical
2026-05-28,legumes,tomate-ceasas,Tomate - Ceasas,Santa Cruz/Extra A,,preco,,s/ cotação,R$/Kg,price,BRL,kg,spot,,,physical
2026-05-28,legumes,tomate-ceasas,Tomate - Ceasas,Santa Cruz/Extra A,,variacao_pct,,-,%,change_pct,,pct,spot,,,physical
2026-05-29,legumes,batata-ceasas,Batata - Ceasas,Agatha Primeira,,preco,3.2,"3,20",R$/Kg,price,BRL,kg,spot,,,physical
2026-05-29,legumes,batata-ceasas,Batata - Ceasas,Agatha Primeira,,variacao_pct,0.0,"0,00",%,change_pct,,pct,spot,,,physical
2026-05-29,legumes,batata-ceasas,Batata - Ceasas,Aster Primeira,,preco,2.4,"2,40",R$/Kg,price,BRL,kg,spot,,,physical
2026-05-29,legumes,batata-ceasas,Batata - Ceasas,Aster Primeira,,variacao_pct,0.0,"0,00",%,change_pct,,pct,spot,,,physical
2026-05-29,legumes,batata-ceasas,Batata - Ceasas,Asterix,,preco,6.13,"6,13",R$/Kg,price,BRL,kg,spot,,,physical
2026-05-29,legumes,batata-ceasas,Batata - Ceasas,Asterix,,variacao_pct,0.0,"0,00",%,change_pct,,pct,spot,,,physical
2026-05-29,legumes,batata-ceasas,Batata - Ceasas,Escovada Especial,,preco,4.69,"4,69",R$/Kg,price,BRL,kg,spot,,,physical
2026-05-29,legumes,batata-ceasas,Batata - Ceasas,Escovada Especial,,variacao_pct,0.0,"0,00",%,change_pct,,pct,spot,,,physical
2026-05-29,legumes,batata-ceasas,Batata - Ceasas,Lavada Especial,,preco,6.37,"6,37",R$/Kg,price,BRL,kg,spot,,,physical
2026-05-29,legumes,batata-ceasas,Batata - Ceasas,Lavada Especial,,variacao_pct,0.0,"0,00",%,change_pct,,pct,spot,,,physical
2026-05-29,legumes,batata-ceasas,Batata - Ceasas,Yacon,,preco,7.0,"7,00",R$/Kg,price,BRL,kg,spot,,,physical
2026-05-29,legumes,batata-ceasas,Batata - Ceasas,Yacon,,variacao_pct,0.0,"0,00",%,change_pct,,pct,spot,,,physical
2026-05-29,legumes,cebola-no-atacado,Cebola - Ceasas,Amarela Mineira,,preco,4.0,"4,00",R$/Kg,price,BRL,kg,spot,,,physical
2026-05-29,legumes,cebola-no-atacado,Cebola - Ceasas,Amarela Mineira,,variacao_pct,0.0,"0,00",%,change_pct,,pct,spot,,,physical
2026-05-29,legumes,cebola-no-atacado,Cebola - Ceasas,Amarela Paulista,,preco,,s/ cotação,R$/Kg,price,BRL,kg,spot,,,physical
2026-05-29,legumes,cebola-no-atacado,Cebola - Ceasas,Amarela Paulista,,variacao_pct,,-,%,change_pct,,pct,spot,,,physical
2026-05-29,legumes,cebola-no-atacado,Cebola - Ceasas,Amarela Pernambucana,,preco,,s/ cotação,R$/Kg,price,BRL,kg,spot,,,physical
2026-05-29,legumes,cebola-no-atacado,Cebola - Ceasas,Amarela Pernambucana,,variacao_pct,,-,%,change_pct,,pct,spot,,,physical
2026-05-29,legumes,cebola-no-atacado,Cebola - Ceasas,Amarela Santa Catarina,,preco,4.0,"4,00",R$/Kg,price,BRL,kg,spot,,,physical
2026-05-29,legumes,cebola-no-atacado,Cebola - Ceasas,Amarela Santa Catarina,,variacao_pct,0.0,"0,00",%,change_pct,,pct,spot,,,physical
2026-05-29,legumes,cebola-no-atacado,Cebola - Ceasas,Importada Argentina,,preco,4.25,"4,25",R$/Kg,price,BRL,kg,spot,,,physical
2026-05-29,legumes,cebola-no-atacado,Cebola - Ceasas,Importada Argentina,,variacao_pct,0.0,"0,00",%,change_pct,,pct,spot,,,physical
2026-05-29,legumes,cebola-no-atacado,Cebola - Ceasas,Nacional (Caixa 4),,preco,3.51,"3,51",R$/Kg,price,BRL,kg,spot,,,physical
2026-05-29,legumes,cebola-no-atacado,Cebola - Ceasas,Nacional (Caixa 4),,variacao_pct,0.0,"0,00",%,change_pct,,pct,spot,,,physical
2026-05-29,legumes,cebola-no-atacado,Cebola - Ceasas,Roxa (Caixa 4),,preco,4.79,"4,79",R$/Kg,price,BRL,kg,spot,,,physical
2026-05-29,legumes,cebola-no-atacado,Cebola - Ceasas,Roxa (Caixa 4),,variacao_pct,0.0,"0,00",%,change_pct,,pct,spot,,,physical
2026-05-29,legumes,cenoura-ceasas,Cenoura - Ceasas,Cenoura 2A,,preco,7.39,"7,39",R$/Kg,price,BRL,kg,spot,,,physical
2026-05-29,legumes,cenoura-ceasas,Cenoura - Ceasas,Cenoura 2A,,variacao_pct,0.0,"0,00",%,change_pct,,pct,spot,,,physical
2026-05-29,legumes,cenoura-ceasas,Cenoura - Ceasas,Cenoura G,,preco,6.75,"6,75",R$/Kg,price,BRL,kg,spot,,,physical
2026-05-29,legumes,cenoura-ceasas,Cenoura - Ceasas,Cenoura G,,variacao_pct,0.0,"0,00",%,change_pct,,pct,spot,,,physical
2026-05-29,legumes,cenoura-ceasas,Cenoura - Ceasas,Especial,,preco,5.0,"5,00",R$/Kg,price,BRL,kg,spot,,,physical
2026-05-29,legumes,cenoura-ceasas,Cenoura - Ceasas,Especial,,variacao_pct,0.0,"0,00",%,change_pct,,pct,spot,,,physical
2026-05-29,legumes,cenoura-ceasas,Cenoura - Ceasas,Extra,,preco,5.0,"5,00",R$/Kg,price,BRL,kg,spot,,,physical
2026-05-29,legumes,cenoura-ceasas,Cenoura - Ceasas,Extra,,variacao_pct,0.0,"0,00",%,change_pct,,pct,spot,,,physical
2026-05-29,legumes,cenoura-ceasas,Cenoura - Ceasas,Extra A,,preco,6.5,"6,50",R$/Kg,price,BRL,kg,spot,,,physical
2026-05-29,legumes,cenoura-ceasas,Cenoura - Ceasas,Extra A,,variacao_pct,0.0,"0,00",%,change_pct,,pct,spot,,,physical
2026-05-29,legumes,tomate-ceasas,Tomate - Ceasas,Carmem 3A,,preco,7.36,"7,36",R$/Kg,price,BRL,kg,spot,,,physical
2026-05-29,legumes,tomate-ceasas,Tomate - Ceasas,Carmem 3A,,variacao_pct,0.0,"0,00",%,change_pct,,pct,spot,,,physical
2026-05-29,legumes,tomate-ceasas,Tomate - Ceasas,Débora 3A,,preco,5.92,"5,92",R$/Kg,price,BRL,kg,spot,,,physical
2026-05-29,legumes,tomate-ceasas,Tomate - Ceasas,Débora 3A,,variacao_pct,0.0,"0,00",%,change_pct,,pct,spot,,,physical
2026-05-29,legumes,tomate-ceasas,Tomate - Ceasas,Longa Vida/Carmem Extra,,preco,7.5,"7,50",R$/Kg,price,BRL,kg,spot,,,physical
2026-05-29,legumes,tomate-ceasas,Tomate - Ceasas,Longa Vida/Carmem Extra,,variacao_pct,0.0,"0,00",%,change_pct,,pct,spot,,,physical
2026-05-29,legumes,tomate-ceasas,Tomate - Ceasas,Longa Vida/Débora Extra,,preco,7.5,"7,50",R$/Kg,price,BRL,kg,spot,,,physical
2026-05-29,legumes,tomate-ceasas,Tomate - Ceasas,Longa Vida/Débora Extra,,variacao_pct,0.0,"0,00",%,change_pct,,pct,spot,,,physical
2026-05-29,legumes,tomate-ceasas,Tomate - Ceasas,Longa Vida/Extra A,,preco,3.0,"3,00",R$/Kg,price,BRL,kg,spot,,,physical
2026-05-29,legumes,tomate-ceasas,Tomate - Ceasas,Longa Vida/Extra A,,variacao_pct,0.0,"0,00",%,change_pct,,pct,spot,,,physical
2026-05-29,legumes,tomate-ceasas,Tomate - Ceasas,Santa Cruz/Extra A,,preco,,s/ cotação,R$/Kg,price,BRL,kg,spot,,,physical
2026-05-29,legumes,tomate-ceasas,Tomate - Ceasas,Santa Cruz/Extra A,,variacao_pct,,-,%,change_pct,,pct,spot,,,physical
2026-06-01,legumes,batata-ceasas,Batata - Ceasas,Agatha Primeira,,preco,3.2,"3,20",R$/Kg,price,BRL,kg,spot,,,physical
2026-06-01,legumes,batata-ceasas,Batata - Ceasas,Agatha Primeira,,variacao_pct,0.0,"0,00",%,change_pct,,pct,spot,,,physical
2026-06-01,legumes,batata-ceasas,Batata - Ceasas,Aster Primeira,,preco,2.0,"2,00",R$/Kg,price,BRL,kg,spot,,,physical
2026-06-01,legumes,batata-ceasas,Batata - Ceasas,Aster Primeira,,variacao_pct,-16.67,"-16,67",%,change_pct,,pct,spot,,,physical
2026-06-01,legumes,batata-ceasas,Batata - Ceasas,Asterix,,preco,5.81,"5,81",R$/Kg,price,BRL,kg,spot,,,physical
2026-06-01,legumes,batata-ceasas,Batata - Ceasas,Asterix,,variacao_pct,-5.22,"-5,22",%,change_pct,,pct,spot,,,physical
2026-06-01,legumes,batata-ceasas,Batata - Ceasas,Escovada Especial,,preco,4.96,"4,96",R$/Kg,price,BRL,kg,spot,,,physical
2026-06-01,legumes,batata-ceasas,Batata - Ceasas,Escovada Especial,,variacao_pct,5.76,"+5,76",%,change_pct,,pct,spot,,,physical
2026-06-01,legumes,batata-ceasas,Batata - Ceasas,Lavada Especial,,preco,6.48,"6,48",R$/Kg,price,BRL,kg,spot,,,physical
2026-06-01,legumes,batata-ceasas,Batata - Ceasas,Lavada Especial,,variacao_pct,1.73,"+1,73",%,change_pct,,pct,spot,,,physical
2026-06-01,legumes,batata-ceasas,Batata - Ceasas,Yacon,,preco,7.0,"7,00",R$/Kg,price,BRL,kg,spot,,,physical
2026-06-01,legumes,batata-ceasas,Batata - Ceasas,Yacon,,variacao_pct,0.0,"0,00",%,change_pct,,pct,spot,,,physical
2026-06-01,legumes,cebola-no-atacado,Cebola - Ceasas,Amarela Mineira,,preco,4.0,"4,00",R$/Kg,price,BRL,kg,spot,,,physical
2026-06-01,legumes,cebola-no-atacado,Cebola - Ceasas,Amarela Mineira,,variacao_pct,0.0,"0,00",%,change_pct,,pct,spot,,,physical
2026-06-01,legumes,cebola-no-atacado,Cebola - Ceasas,Amarela Paulista,,preco,,s/ cotação,R$/Kg,price,BRL,kg,spot,,,physical
2026-06-01,legumes,cebola-no-atacado,Cebola - Ceasas,Amarela Paulista,,variacao_pct,,-,%,change_pct,,pct,spot,,,physical
2026-06-01,legumes,cebola-no-atacado,Cebola - Ceasas,Amarela Pernambucana,,preco,,s/ cotação,R$/Kg,price,BRL,kg,spot,,,physical
2026-06-01,legumes,cebola-no-atacado,Cebola - Ceasas,Amarela Pernambucana,,variacao_pct,,-,%,change_pct,,pct,spot,,,physical
2026-06-01,legumes,cebola-no-atacado,Cebola - Ceasas,Amarela Santa Catarina,,preco,4.0,"4,00",R$/Kg,price,BRL,kg,spot,,,physical
2026-06-01,legumes,cebola-no-atacado,Cebola - Ceasas,Amarela Santa Catarina,,variacao_pct,0.0,"0,00",%,change_pct,,pct,spot,,,physical
2026-06-01,legumes,cebola-no-atacado,Cebola - Ceasas,Importada Argentina,,preco,4.25,"4,25",R$/Kg,price,BRL,kg,spot,,,physical
2026-06-01,legumes,cebola-no-atacado,Cebola - Ceasas,Importada Argentina,,variacao_pct,0.0,"0,00",%,change_pct,,pct,spot,,,physical
2026-06-01,legumes,cebola-no-atacado,Cebola - Ceasas,Nacional (Caixa 4),,preco,3.58,"3,58",R$/Kg,price,BRL,kg,spot,,,physical
2026-06-01,legumes,cebola-no-atacado,Cebola - Ceasas,Nacional (Caixa 4),,variacao_pct,1.99,"+1,99",%,change_pct,,pct,spot,,,physical
2026-06-01,legumes,cebola-no-atacado,Cebola - Ceasas,Roxa (Caixa 4),,preco,4.83,"4,83",R$/Kg,price,BRL,kg,spot,,,physical
2026-06-01,legumes,cebola-no-atacado,Cebola - Ceasas,Roxa (Caixa 4),,variacao_pct,0.84,"+0,84",%,change_pct,,pct,spot,,,physical
2026-06-01,legumes,cenoura-ceasas,Cenoura - Ceasas,Cenoura 2A,,preco,6.89,"6,89",R$/Kg,price,BRL,kg,spot,,,physical
2026-06-01,legumes,cenoura-ceasas,Cenoura - Ceasas,Cenoura 2A,,variacao_pct,-6.77,"-6,77",%,change_pct,,pct,spot,,,physical
2026-06-01,legumes,cenoura-ceasas,Cenoura - Ceasas,Cenoura G,,preco,6.33,"6,33",R$/Kg,price,BRL,kg,spot,,,physical
2026-06-01,legumes,cenoura-ceasas,Cenoura - Ceasas,Cenoura G,,variacao_pct,-6.22,"-6,22",%,change_pct,,pct,spot,,,physical
2026-06-01,legumes,cenoura-ceasas,Cenoura - Ceasas,Especial,,preco,5.0,"5,00",R$/Kg,price,BRL,kg,spot,,,physical
2026-06-01,legumes,cenoura-ceasas,Cenoura - Ceasas,Especial,,variacao_pct,0.0,"0,00",%,change_pct,,pct,spot,,,physical
2026-06-01,legumes,cenoura-ceasas,Cenoura - Ceasas,Extra,,preco,6.0,"6,00",R$/Kg,price,BRL,kg,spot,,,physical
2026-06-01,legumes,cenoura-ceasas,Cenoura - Ceasas,Extra,,variacao_pct,20.0,"+20,00",%,change_pct,,pct,spot,,,physical
2026-06-01,legumes,cenoura-ceasas,Cenoura - Ceasas,Extra A,,preco,7.0,"7,00",R$/Kg,price,BRL,kg,spot,,,physical
2026-06-01,legumes,cenoura-ceasas,Cenoura - Ceasas,Extra A,,variacao_pct,7.69,"+7,69",%,change_pct,,pct,spot,,,physical
2026-06-01,legumes,tomate-ceasas,Tomate - Ceasas,Carmem 3A,,preco,6.73,"6,73",R$/Kg,price,BRL,kg,spot,,,physical
2026-06-01,legumes,tomate-ceasas,Tomate - Ceasas,Carmem 3A,,variacao_pct,-8.56,"-8,56",%,change_pct,,pct,spot,,,physical
2026-06-01,legumes,tomate-ceasas,Tomate - Ceasas,Débora 3A,,preco,7.49,"7,49",R$/Kg,price,BRL,kg,spot,,,physical
2026-06-01,legumes,tomate-ceasas,Tomate - Ceasas,Débora 3A,,variacao_pct,26.52,"+26,52",%,change_pct,,pct,spot,,,physical
2026-06-01,legumes,tomate-ceasas,Tomate - Ceasas,Longa Vida/Carmem Extra,,preco,7.5,"7,50",R$/Kg,price,BRL,kg,spot,,,physical
2026-06-01,legumes,tomate-ceasas,Tomate - Ceasas,Longa Vida/Carmem Extra,,variacao_pct,0.0,"0,00",%,change_pct,,pct,spot,,,physical
2026-06-01,legumes,tomate-ceasas,Tomate - Ceasas,Longa Vida/Débora Extra,,preco,7.5,"7,50",R$/Kg,price,BRL,kg,spot,,,physical
2026-06-01,legumes,tomate-ceasas,Tomate - Ceasas,Longa Vida/Débora Extra,,variacao_pct,0.0,"0,00",%,change_pct,,pct,spot,,,physical
2026-06-01,legumes,tomate-ceasas,Tomate - Ceasas,Longa Vida/Extra A,,preco,3.5,"3,50",R$/Kg,price,BRL,kg,spot,,,physical
2026-06-01,legumes,tomate-ceasas,Tomate - Ceasas,Longa Vida/Extra A,,variacao_pct,16.67,"+16,67",%,change_pct,,pct,spot,,,physical
2026-06-01,legumes,tomate-ceasas,Tomate - Ceasas,Santa Cruz/Extra A,,preco,,s/ cotação,R$/Kg,price,BRL,kg,spot,,,physical
2026-06-01,legumes,tomate-ceasas,Tomate - Ceasas,Santa Cruz/Extra A,,variacao_pct,,-,%,change_pct,,pct,spot,,,physical
2026-06-02,legumes,batata-ceasas,Batata - Ceasas,Agatha Primeira,,preco,3.2,"3,20",R$/Kg,price,BRL,kg,spot,,,physical
2026-06-02,legumes,batata-ceasas,Batata - Ceasas,Agatha Primeira,,variacao_pct,0.0,"0,00",%,change_pct,,pct,spot,,,physical
2026-06-02,legumes,batata-ceasas,Batata - Ceasas,Aster Primeira,,preco,2.0,"2,00",R$/Kg,price,BRL,kg,spot,,,physical
2026-06-02,legumes,batata-ceasas,Batata - Ceasas,Aster Primeira,,variacao_pct,0.0,"0,00",%,change_pct,,pct,spot,,,physical
2026-06-02,legumes,batata-ceasas,Batata - Ceasas,Asterix,,preco,5.66,"5,66",R$/Kg,price,BRL,kg,spot,,,physical
2026-06-02,legumes,batata-ceasas,Batata - Ceasas,Asterix,,variacao_pct,-2.58,"-2,58",%,change_pct,,pct,spot,,,physical
2026-06-02,legumes,batata-ceasas,Batata - Ceasas,Escovada Especial,,preco,5.22,"5,22",R$/Kg,price,BRL,kg,spot,,,physical
2026-06-02,legumes,batata-ceasas,Batata - Ceasas,Escovada Especial,,variacao_pct,5.24,"+5,24",%,change_pct,,pct,spot,,,physical
2026-06-02,legumes,batata-ceasas,Batata - Ceasas,Lavada Especial,,preco,6.27,"6,27",R$/Kg,price,BRL,kg,spot,,,physical
2026-06-02,legumes,batata-ceasas,Batata - Ceasas,Lavada Especial,,variacao_pct,-3.24,"-3,24",%,change_pct,,pct,spot,,,physical
2026-06-02,legumes,batata-ceasas,Batata - Ceasas,Yacon,,preco,7.0,"7,00",R$/Kg,price,BRL,kg,spot,,,physical
2026-06-02,legumes,batata-ceasas,Batata - Ceasas,Yacon,,variacao_pct,0.0,"0,00",%,change_pct,,pct,spot,,,physical
2026-06-02,legumes,cebola-no-atacado,Cebola - Ceasas,Amarela Mineira,,preco,4.0,"4,00",R$/Kg,price,BRL,kg,spot,,,physical
2026-06-02,legumes,cebola-no-atacado,Cebola - Ceasas,Amarela Mineira,,variacao_pct,0.0,"0,00",%,change_pct,,pct,spot,,,physical
2026-06-02,legumes,cebola-no-atacado,Cebola - Ceasas,Amarela Paulista,,preco,,s/ cotação,R$/Kg,price,BRL,kg,spot,,,physical
2026-06-02,legumes,cebola-no-atacado,Cebola - Ceasas,Amarela Paulista,,variacao_pct,,-,%,change_pct,,pct,spot,,,physical
2026-06-02,legumes,cebola-no-atacado,Cebola - Ceasas,Amarela Pernambucana,,preco,,s/ cotação,R$/Kg,price,BRL,kg,spot,,,physical
2026-06-02,legumes,cebola-no-atacado,Cebola - Ceasas,Amarela Pernambucana,,variacao_pct,,-,%,change_pct,,pct,spot,,,physical
2026-06-02,legumes,cebola-no-atacado,Cebola - Ceasas,Amarela Santa Catarina,,preco,4.0,"4,00",R$/Kg,price,BRL,kg,spot,,,physical
2026-06-02,legumes,cebola-no-atacado,Cebola - Ceasas,Amarela Santa Catarina,,variacao_pct,0.0,"0,00",%,change_pct,,pct,spot,,,physical
2026-06-02,legumes,cebola-no-atacado,Cebola - Ceasas,Importada Argentina,,preco,4.25,"4,25",R$/Kg,price,BRL,kg,spot,,,physical
2026-06-02,legumes,cebola-no-atacado,Cebola - Ceasas,Importada Argentina,,variacao_pct,0.0,"0,00",%,change_pct,,pct,spot,,,physical
2026-06-02,legumes,cebola-no-atacado,Cebola - Ceasas,Nacional (Caixa 4),,preco,3.57,"3,57",R$/Kg,price,BRL,kg,spot,,,physical
2026-06-02,legumes,cebola-no-atacado,Cebola - Ceasas,Nacional (Caixa 4),,variacao_pct,-0.28,"-0,28",%,change_pct,,pct,spot,,,physical
2026-06-02,legumes,cebola-no-atacado,Cebola - Ceasas,Roxa (Caixa 4),,preco,5.29,"5,29",R$/Kg,price,BRL,kg,spot,,,physical
2026-06-02,legumes,cebola-no-atacado,Cebola - Ceasas,Roxa (Caixa 4),,variacao_pct,9.52,"+9,52",%,change_pct,,pct,spot,,,physical
2026-06-02,legumes,cenoura-ceasas,Cenoura - Ceasas,Cenoura 2A,,preco,6.04,"6,04",R$/Kg,price,BRL,kg,spot,,,physical
2026-06-02,legumes,cenoura-ceasas,Cenoura - Ceasas,Cenoura 2A,,variacao_pct,-12.34,"-12,34",%,change_pct,,pct,spot,,,physical
2026-06-02,legumes,cenoura-ceasas,Cenoura - Ceasas,Cenoura G,,preco,5.36,"5,36",R$/Kg,price,BRL,kg,spot,,,physical
2026-06-02,legumes,cenoura-ceasas,Cenoura - Ceasas,Cenoura G,,variacao_pct,-15.32,"-15,32",%,change_pct,,pct,spot,,,physical
2026-06-02,legumes,cenoura-ceasas,Cenoura - Ceasas,Especial,,preco,5.0,"5,00",R$/Kg,price,BRL,kg,spot,,,physical
2026-06-02,legumes,cenoura-ceasas,Cenoura - Ceasas,Especial,,variacao_pct,0.0,"0,00",%,change_pct,,pct,spot,,,physical
2026-06-02,legumes,cenoura-ceasas,Cenoura - Ceasas,Extra,,preco,4.25,"4,25",R$/Kg,price,BRL,kg,spot,,,physical
2026-06-02,legumes,cenoura-ceasas,Cenoura - Ceasas,Extra,,variacao_pct,-29.17,"-29,17",%,change_pct,,pct,spot,,,physical
2026-06-02,legumes,cenoura-ceasas,Cenoura - Ceasas,Extra A,,preco,6.0,"6,00",R$/Kg,price,BRL,kg,spot,,,physical
2026-06-02,legumes,cenoura-ceasas,Cenoura - Ceasas,Extra A,,variacao_pct,-14.29,"-14,29",%,change_pct,,pct,spot,,,physical
2026-06-02,legumes,tomate-ceasas,Tomate - Ceasas,Carmem 3A,,preco,8.1,"8,10",R$/Kg,price,BRL,kg,spot,,,physical
2026-06-02,legumes,tomate-ceasas,Tomate - Ceasas,Carmem 3A,,variacao_pct,20.36,"+20,36",%,change_pct,,pct,spot,,,physical
2026-06-02,legumes,tomate-ceasas,Tomate - Ceasas,Débora 3A,,preco,7.88,"7,88",R$/Kg,price,BRL,kg,spot,,,physical
2026-06-02,legumes,tomate-ceasas,Tomate - Ceasas,Débora 3A,,variacao_pct,5.21,"+5,21",%,change_pct,,pct,spot,,,physical
2026-06-02,legumes,tomate-ceasas,Tomate - Ceasas,Longa Vida/Carmem Extra,,preco,7.0,"7,00",R$/Kg,price,BRL,kg,spot,,,physical
2026-06-02,legumes,tomate-ceasas,Tomate - Ceasas,Longa Vida/Carmem Extra,,variacao_pct,-6.67,"-6,67",%,change_pct,,pct,spot,,,physical
2026-06-02,legumes,tomate-ceasas,Tomate - Ceasas,Longa Vida/Débora Extra,,preco,7.5,"7,50",R$/Kg,price,BRL,kg,spot,,,physical
2026-06-02,legumes,tomate-ceasas,Tomate - Ceasas,Longa Vida/Débora Extra,,variacao_pct,0.0,"0,00",%,change_pct,,pct,spot,,,physical
2026-06-02,legumes,tomate-ceasas,Tomate - Ceasas,Longa Vida/Extra A,,preco,3.25,"3,25",R$/Kg,price,BRL,kg,spot,,,physical
2026-06-02,legumes,tomate-ceasas,Tomate - Ceasas,Longa Vida/Extra A,,variacao_pct,-7.14,"-7,14",%,change_pct,,pct,spot,,,physical
2026-06-02,legumes,tomate-ceasas,Tomate - Ceasas,Santa Cruz/Extra A,,preco,,s/ cotação,R$/Kg,price,BRL,kg,spot,,,physical
2026-06-02,legumes,tomate-ceasas,Tomate - Ceasas,Santa Cruz/Extra A,,variacao_pct,,-,%,change_pct,,pct,spot,,,physical
2026-06-03,legumes,batata-ceasas,Batata - Ceasas,Agatha Primeira,,preco,3.2,"3,20",R$/Kg,price,BRL,kg,spot,,,physical
2026-06-03,legumes,batata-ceasas,Batata - Ceasas,Agatha Primeira,,variacao_pct,0.0,"0,00",%,change_pct,,pct,spot,,,physical
2026-06-03,legumes,batata-ceasas,Batata - Ceasas,Aster Primeira,,preco,2.0,"2,00",R$/Kg,price,BRL,kg,spot,,,physical
2026-06-03,legumes,batata-ceasas,Batata - Ceasas,Aster Primeira,,variacao_pct,0.0,"0,00",%,change_pct,,pct,spot,,,physical
2026-06-03,legumes,batata-ceasas,Batata - Ceasas,Asterix,,preco,5.66,"5,66",R$/Kg,price,BRL,kg,spot,,,physical
2026-06-03,legumes,batata-ceasas,Batata - Ceasas,Asterix,,variacao_pct,0.0,"0,00",%,change_pct,,pct,spot,,,physical
2026-06-03,legumes,batata-ceasas,Batata - Ceasas,Escovada Especial,,preco,5.22,"5,22",R$/Kg,price,BRL,kg,spot,,,physical
2026-06-03,legumes,batata-ceasas,Batata - Ceasas,Escovada Especial,,variacao_pct,0.0,"0,00",%,change_pct,,pct,spot,,,physical
2026-06-03,legumes,batata-ceasas,Batata - Ceasas,Lavada Especial,,preco,6.27,"6,27",R$/Kg,price,BRL,kg,spot,,,physical
2026-06-03,legumes,batata-ceasas,Batata - Ceasas,Lavada Especial,,variacao_pct,0.0,"0,00",%,change_pct,,pct,spot,,,physical
2026-06-03,legumes,batata-ceasas,Batata - Ceasas,Yacon,,preco,7.0,"7,00",R$/Kg,price,BRL,kg,spot,,,physical
2026-06-03,legumes,batata-ceasas,Batata - Ceasas,Yacon,,variacao_pct,0.0,"0,00",%,change_pct,,pct,spot,,,physical
2026-06-03,legumes,cebola-no-atacado,Cebola - Ceasas,Amarela Mineira,,preco,4.0,"4,00",R$/Kg,price,BRL,kg,spot,,,physical
2026-06-03,legumes,cebola-no-atacado,Cebola - Ceasas,Amarela Mineira,,variacao_pct,0.0,"0,00",%,change_pct,,pct,spot,,,physical
2026-06-03,legumes,cebola-no-atacado,Cebola - Ceasas,Amarela Paulista,,preco,,s/ cotação,R$/Kg,price,BRL,kg,spot,,,physical
2026-06-03,legumes,cebola-no-atacado,Cebola - Ceasas,Amarela Paulista,,variacao_pct,,-,%,change_pct,,pct,spot,,,physical
2026-06-03,legumes,cebola-no-atacado,Cebola - Ceasas,Amarela Pernambucana,,preco,,s/ cotação,R$/Kg,price,BRL,kg,spot,,,physical
2026-06-03,legumes,cebola-no-atacado,Cebola - Ceasas,Amarela Pernambucana,,variacao_pct,,-,%,change_pct,,pct,spot,,,physical
2026-06-03,legumes,cebola-no-atacado,Cebola - Ceasas,Amarela Santa Catarina,,preco,4.0,"4,00",R$/Kg,price,BRL,kg,spot,,,physical
2026-06-03,legumes,cebola-no-atacado,Cebola - Ceasas,Amarela Santa Catarina,,variacao_pct,0.0,"0,00",%,change_pct,,pct,spot,,,physical
2026-06-03,legumes,cebola-no-atacado,Cebola - Ceasas,Importada Argentina,,preco,4.25,"4,25",R$/Kg,price,BRL,kg,spot,,,physical
2026-06-03,legumes,cebola-no-atacado,Cebola - Ceasas,Importada Argentina,,variacao_pct,0.0,"0,00",%,change_pct,,pct,spot,,,physical
2026-06-03,legumes,cebola-no-atacado,Cebola - Ceasas,Nacional (Caixa 4),,preco,3.57,"3,57",R$/Kg,price,BRL,kg,spot,,,physical
2026-06-03,legumes,cebola-no-atacado,Cebola - Ceasas,Nacional (Caixa 4),,variacao_pct,0.0,"0,00",%,change_pct,,pct,spot,,,physical
2026-06-03,legumes,cebola-no-atacado,Cebola - Ceasas,Roxa (Caixa 4),,preco,5.29,"5,29",R$/Kg,price,BRL,kg,spot,,,physical
2026-06-03,legumes,cebola-no-atacado,Cebola - Ceasas,Roxa (Caixa 4),,variacao_pct,0.0,"0,00",%,change_pct,,pct,spot,,,physical
2026-06-03,legumes,cenoura-ceasas,Cenoura - Ceasas,Cenoura 2A,,preco,6.04,"6,04",R$/Kg,price,BRL,kg,spot,,,physical
2026-06-03,legumes,cenoura-ceasas,Cenoura - Ceasas,Cenoura 2A,,variacao_pct,0.0,"0,00",%,change_pct,,pct,spot,,,physical
2026-06-03,legumes,cenoura-ceasas,Cenoura - Ceasas,Cenoura G,,preco,5.36,"5,36",R$/Kg,price,BRL,kg,spot,,,physical
2026-06-03,legumes,cenoura-ceasas,Cenoura - Ceasas,Cenoura G,,variacao_pct,0.0,"0,00",%,change_pct,,pct,spot,,,physical
2026-06-03,legumes,cenoura-ceasas,Cenoura - Ceasas,Especial,,preco,5.0,"5,00",R$/Kg,price,BRL,kg,spot,,,physical
2026-06-03,legumes,cenoura-ceasas,Cenoura - Ceasas,Especial,,variacao_pct,0.0,"0,00",%,change_pct,,pct,spot,,,physical
2026-06-03,legumes,cenoura-ceasas,Cenoura - Ceasas,Extra,,preco,4.25,"4,25",R$/Kg,price,BRL,kg,spot,,,physical
2026-06-03,legumes,cenoura-ceasas,Cenoura - Ceasas,Extra,,variacao_pct,0.0,"0,00",%,change_pct,,pct,spot,,,physical
2026-06-03,legumes,cenoura-ceasas,Cenoura - Ceasas,Extra A,,preco,6.0,"6,00",R$/Kg,price,BRL,kg,spot,,,physical
2026-06-03,legumes,cenoura-ceasas,Cenoura - Ceasas,Extra A,,variacao_pct,0.0,"0,00",%,change_pct,,pct,spot,,,physical
2026-06-03,legumes,tomate-ceasas,Tomate - Ceasas,Carmem 3A,,preco,8.1,"8,10",R$/Kg,price,BRL,kg,spot,,,physical
2026-06-03,legumes,tomate-ceasas,Tomate - Ceasas,Carmem 3A,,variacao_pct,0.0,"0,00",%,change_pct,,pct,spot,,,physical
2026-06-03,legumes,tomate-ceasas,Tomate - Ceasas,Débora 3A,,preco,7.88,"7,88",R$/Kg,price,BRL,kg,spot,,,physical
2026-06-03,legumes,tomate-ceasas,Tomate - Ceasas,Débora 3A,,variacao_pct,0.0,"0,00",%,change_pct,,pct,spot,,,physical
2026-06-03,legumes,tomate-ceasas,Tomate - Ceasas,Longa Vida/Carmem Extra,,preco,7.0,"7,00",R$/Kg,price,BRL,kg,spot,,,physical
2026-06-03,legumes,tomate-ceasas,Tomate - Ceasas,Longa Vida/Carmem Extra,,variacao_pct,0.0,"0,00",%,change_pct,,pct,spot,,,physical
2026-06-03,legumes,tomate-ceasas,Tomate - Ceasas,Longa Vida/Débora Extra,,preco,7.5,"7,50",R$/Kg,price,BRL,kg,spot,,,physical
2026-06-03,legumes,tomate-ceasas,Tomate - Ceasas,Longa Vida/Débora Extra,,variacao_pct,0.0,"0,00",%,change_pct,,pct,spot,,,physical
2026-06-03,legumes,tomate-ceasas,Tomate - Ceasas,Longa Vida/Extra A,,preco,3.25,"3,25",R$/Kg,price,BRL,kg,spot,,,physical
2026-06-03,legumes,tomate-ceasas,Tomate - Ceasas,Longa Vida/Extra A,,variacao_pct,0.0,"0,00",%,change_pct,,pct,spot,,,physical
2026-06-03,legumes,tomate-ceasas,Tomate - Ceasas,Santa Cruz/Extra A,,preco,,s/ cotação,R$/Kg,price,BRL,kg,spot,,,physical
2026-06-03,legumes,tomate-ceasas,Tomate - Ceasas,Santa Cruz/Extra A,,variacao_pct,,-,%,change_pct,,pct,spot,,,physical
2026-06-05,legumes,batata-ceasas,Batata - Ceasas,Agatha Primeira,,preco,3.2,"3,20",R$/Kg,price,BRL,kg,spot,,,physical
2026-06-05,legumes,batata-ceasas,Batata - Ceasas,Agatha Primeira,,variacao_pct,0.0,"0,00",%,change_pct,,pct,spot,,,physical
2026-06-05,legumes,batata-ceasas,Batata - Ceasas,Aster Primeira,,preco,2.0,"2,00",R$/Kg,price,BRL,kg,spot,,,physical
2026-06-05,legumes,batata-ceasas,Batata - Ceasas,Aster Primeira,,variacao_pct,0.0,"0,00",%,change_pct,,pct,spot,,,physical
2026-06-05,legumes,batata-ceasas,Batata - Ceasas,Asterix,,preco,5.76,"5,76",R$/Kg,price,BRL,kg,spot,,,physical
2026-06-05,legumes,batata-ceasas,Batata - Ceasas,Asterix,,variacao_pct,1.77,"+1,77",%,change_pct,,pct,spot,,,physical
2026-06-05,legumes,batata-ceasas,Batata - Ceasas,Escovada Especial,,preco,5.6,"5,60",R$/Kg,price,BRL,kg,spot,,,physical
2026-06-05,legumes,batata-ceasas,Batata - Ceasas,Escovada Especial,,variacao_pct,7.28,"+7,28",%,change_pct,,pct,spot,,,physical
2026-06-05,legumes,batata-ceasas,Batata - Ceasas,Lavada Especial,,preco,5.93,"5,93",R$/Kg,price,BRL,kg,spot,,,physical
2026-06-05,legumes,batata-ceasas,Batata - Ceasas,Lavada Especial,,variacao_pct,-5.42,"-5,42",%,change_pct,,pct,spot,,,physical
2026-06-05,legumes,batata-ceasas,Batata - Ceasas,Yacon,,preco,7.0,"7,00",R$/Kg,price,BRL,kg,spot,,,physical
2026-06-05,legumes,batata-ceasas,Batata - Ceasas,Yacon,,variacao_pct,0.0,"0,00",%,change_pct,,pct,spot,,,physical
2026-06-05,legumes,cebola-no-atacado,Cebola - Ceasas,Amarela Mineira,,preco,4.0,"4,00",R$/Kg,price,BRL,kg,spot,,,physical
2026-06-05,legumes,cebola-no-atacado,Cebola - Ceasas,Amarela Mineira,,variacao_pct,0.0,"0,00",%,change_pct,,pct,spot,,,physical
2026-06-05,legumes,cebola-no-atacado,Cebola - Ceasas,Amarela Paulista,,preco,,s/ cotação,R$/Kg,price,BRL,kg,spot,,,physical
2026-06-05,legumes,cebola-no-atacado,Cebola - Ceasas,Amarela Paulista,,variacao_pct,,-,%,change_pct,,pct,spot,,,physical
2026-06-05,legumes,cebola-no-atacado,Cebola - Ceasas,Amarela Pernambucana,,preco,,s/ cotação,R$/Kg,price,BRL,kg,spot,,,physical
2026-06-05,legumes,cebola-no-atacado,Cebola - Ceasas,Amarela Pernambucana,,variacao_pct,,-,%,change_pct,,pct,spot,,,physical
2026-06-05,legumes,cebola-no-atacado,Cebola - Ceasas,Amarela Santa Catarina,,preco,3.75,"3,75",R$/Kg,price,BRL,kg,spot,,,physical
2026-06-05,legumes,cebola-no-atacado,Cebola - Ceasas,Amarela Santa Catarina,,variacao_pct,-6.25,"-6,25",%,change_pct,,pct,spot,,,physical
2026-06-05,legumes,cebola-no-atacado,Cebola - Ceasas,Importada Argentina,,preco,4.25,"4,25",R$/Kg,price,BRL,kg,spot,,,physical
2026-06-05,legumes,cebola-no-atacado,Cebola - Ceasas,Importada Argentina,,variacao_pct,0.0,"0,00",%,change_pct,,pct,spot,,,physical
2026-06-05,legumes,cebola-no-atacado,Cebola - Ceasas,Nacional (Caixa 4),,preco,3.43,"3,43",R$/Kg,price,BRL,kg,spot,,,physical
2026-06-05,legumes,cebola-no-atacado,Cebola - Ceasas,Nacional (Caixa 4),,variacao_pct,-3.92,"-3,92",%,change_pct,,pct,spot,,,physical
2026-06-05,legumes,cebola-no-atacado,Cebola - Ceasas,Roxa (Caixa 4),,preco,4.5,"4,50",R$/Kg,price,BRL,kg,spot,,,physical
2026-06-05,legumes,cebola-no-atacado,Cebola - Ceasas,Roxa (Caixa 4),,variacao_pct,-14.93,"-14,93",%,change_pct,,pct,spot,,,physical
2026-06-05,legumes,cenoura-ceasas,Cenoura - Ceasas,Cenoura 2A,,preco,6.23,"6,23",R$/Kg,price,BRL,kg,spot,,,physical
2026-06-05,legumes,cenoura-ceasas,Cenoura - Ceasas,Cenoura 2A,,variacao_pct,3.15,"+3,15",%,change_pct,,pct,spot,,,physical
2026-06-05,legumes,cenoura-ceasas,Cenoura - Ceasas,Cenoura G,,preco,5.47,"5,47",R$/Kg,price,BRL,kg,spot,,,physical
2026-06-05,legumes,cenoura-ceasas,Cenoura - Ceasas,Cenoura G,,variacao_pct,2.05,"+2,05",%,change_pct,,pct,spot,,,physical
2026-06-05,legumes,cenoura-ceasas,Cenoura - Ceasas,Especial,,preco,5.0,"5,00",R$/Kg,price,BRL,kg,spot,,,physical
2026-06-05,legumes,cenoura-ceasas,Cenoura - Ceasas,Especial,,variacao_pct,0.0,"0,00",%,change_pct,,pct,spot,,,physical
2026-06-05,legumes,cenoura-ceasas,Cenoura - Ceasas,Extra,,preco,4.0,"4,00",R$/Kg,price,BRL,kg,spot,,,physical
2026-06-05,legumes,cenoura-ceasas,Cenoura - Ceasas,Extra,,variacao_pct,-5.88,"-5,88",%,change_pct,,pct,spot,,,physical
2026-06-05,legumes,cenoura-ceasas,Cenoura - Ceasas,Extra A,,preco,6.0,"6,00",R$/Kg,price,BRL,kg,spot,,,physical
2026-06-05,legumes,cenoura-ceasas,Cenoura - Ceasas,Extra A,,variacao_pct,0.0,"0,00",%,change_pct,,pct,spot,,,physical
2026-06-05,legumes,tomate-ceasas,Tomate - Ceasas,Carmem 3A,,preco,8.75,"8,75",R$/Kg,price,BRL,kg,spot,,,physical
2026-06-05,legumes,tomate-ceasas,Tomate - Ceasas,Carmem 3A,,variacao_pct,8.02,"+8,02",%,change_pct,,pct,spot,,,physical
2026-06-05,legumes,tomate-ceasas,Tomate - Ceasas,Débora 3A,,preco,7.71,"7,71",R$/Kg,price,BRL,kg,spot,,,physical
2026-06-05,legumes,tomate-ceasas,Tomate - Ceasas,Débora 3A,,variacao_pct,-2.16,"-2,16",%,change_pct,,pct,spot,,,physical
2026-06-05,legumes,tomate-ceasas,Tomate - Ceasas,Longa Vida/Carmem Extra,,preco,7.0,"7,00",R$/Kg,price,BRL,kg,spot,,,physical
2026-06-05,legumes,tomate-ceasas,Tomate - Ceasas,Longa Vida/Carmem Extra,,variacao_pct,0.0,"0,00",%,change_pct,,pct,spot,,,physical
2026-06-05,legumes,tomate-ceasas,Tomate - Ceasas,Longa Vida/Débora Extra,,preco,7.5,"7,50",R$/Kg,price,BRL,kg,spot,,,physical
2026-06-05,legumes,tomate-ceasas,Tomate - Ceasas,Longa Vida/Débora Extra,,variacao_pct,0.0,"0,00",%,change_pct,,pct,spot,,,physical
2026-06-05,legumes,tomate-ceasas,Tomate - Ceasas,Longa Vida/Extra A,,preco,4.5,"4,50",R$/Kg,price,BRL,kg,spot,,,physical
2026-06-05,legumes,tomate-ceasas,Tomate - Ceasas,Longa Vida/Extra A,,variacao_pct,38.46,"+38,46",%,change_pct,,pct,spot,,,physical
2026-06-05,legumes,tomate-ceasas,Tomate - Ceasas,Santa Cruz/Extra A,,preco,,s/ cotação,R$/Kg,price,BRL,kg,spot,,,physical
2026-06-05,legumes,tomate-ceasas,Tomate - Ceasas,Santa Cruz/Extra A,,variacao_pct,,-,%,change_pct,,pct,spot,,,physical
2026-06-08,legumes,batata-ceasas,Batata - Ceasas,Agatha Primeira,,preco,3.2,"3,20",R$/Kg,price,BRL,kg,spot,,,physical
2026-06-08,legumes,batata-ceasas,Batata - Ceasas,Agatha Primeira,,variacao_pct,0.0,"0,00",%,change_pct,,pct,spot,,,physical
2026-06-08,legumes,batata-ceasas,Batata - Ceasas,Aster Primeira,,preco,2.0,"2,00",R$/Kg,price,BRL,kg,spot,,,physical
2026-06-08,legumes,batata-ceasas,Batata - Ceasas,Aster Primeira,,variacao_pct,0.0,"0,00",%,change_pct,,pct,spot,,,physical
2026-06-08,legumes,batata-ceasas,Batata - Ceasas,Asterix,,preco,5.76,"5,76",R$/Kg,price,BRL,kg,spot,,,physical
2026-06-08,legumes,batata-ceasas,Batata - Ceasas,Asterix,,variacao_pct,0.0,"0,00",%,change_pct,,pct,spot,,,physical
2026-06-08,legumes,batata-ceasas,Batata - Ceasas,Escovada Especial,,preco,5.6,"5,60",R$/Kg,price,BRL,kg,spot,,,physical
2026-06-08,legumes,batata-ceasas,Batata - Ceasas,Escovada Especial,,variacao_pct,0.0,"0,00",%,change_pct,,pct,spot,,,physical
2026-06-08,legumes,batata-ceasas,Batata - Ceasas,Lavada Especial,,preco,5.93,"5,93",R$/Kg,price,BRL,kg,spot,,,physical
2026-06-08,legumes,batata-ceasas,Batata - Ceasas,Lavada Especial,,variacao_pct,0.0,"0,00",%,change_pct,,pct,spot,,,physical
2026-06-08,legumes,batata-ceasas,Batata - Ceasas,Yacon,,preco,7.0,"7,00",R$/Kg,price,BRL,kg,spot,,,physical
2026-06-08,legumes,batata-ceasas,Batata - Ceasas,Yacon,,variacao_pct,0.0,"0,00",%,change_pct,,pct,spot,,,physical
2026-06-08,legumes,cebola-no-atacado,Cebola - Ceasas,Amarela Mineira,,preco,4.0,"4,00",R$/Kg,price,BRL,kg,spot,,,physical
2026-06-08,legumes,cebola-no-atacado,Cebola - Ceasas,Amarela Mineira,,variacao_pct,0.0,"0,00",%,change_pct,,pct,spot,,,physical
2026-06-08,legumes,cebola-no-atacado,Cebola - Ceasas,Amarela Paulista,,preco,,s/ cotação,R$/Kg,price,BRL,kg,spot,,,physical
2026-06-08,legumes,cebola-no-atacado,Cebola - Ceasas,Amarela Paulista,,variacao_pct,,-,%,change_pct,,pct,spot,,,physical
2026-06-08,legumes,cebola-no-atacado,Cebola - Ceasas,Amarela Pernambucana,,preco,,s/ cotação,R$/Kg,price,BRL,kg,spot,,,physical
2026-06-08,legumes,cebola-no-atacado,Cebola - Ceasas,Amarela Pernambucana,,variacao_pct,,-,%,change_pct,,pct,spot,,,physical
2026-06-08,legumes,cebola-no-atacado,Cebola - Ceasas,Amarela Santa Catarina,,preco,,s/ cotação,R$/Kg,price,BRL,kg,spot,,,physical
2026-06-08,legumes,cebola-no-atacado,Cebola - Ceasas,Amarela Santa Catarina,,variacao_pct,,-,%,change_pct,,pct,spot,,,physical
2026-06-08,legumes,cebola-no-atacado,Cebola - Ceasas,Importada Argentina,,preco,4.25,"4,25",R$/Kg,price,BRL,kg,spot,,,physical
2026-06-08,legumes,cebola-no-atacado,Cebola - Ceasas,Importada Argentina,,variacao_pct,0.0,"0,00",%,change_pct,,pct,spot,,,physical
2026-06-08,legumes,cebola-no-atacado,Cebola - Ceasas,Nacional (Caixa 4),,preco,3.43,"3,43",R$/Kg,price,BRL,kg,spot,,,physical
2026-06-08,legumes,cebola-no-atacado,Cebola - Ceasas,Nacional (Caixa 4),,variacao_pct,0.0,"0,00",%,change_pct,,pct,spot,,,physical
2026-06-08,legumes,cebola-no-atacado,Cebola - Ceasas,Roxa (Caixa 4),,preco,4.5,"4,50",R$/Kg,price,BRL,kg,spot,,,physical
2026-06-08,legumes,cebola-no-atacado,Cebola - Ceasas,Roxa (Caixa 4),,variacao_pct,0.0,"0,00",%,change_pct,,pct,spot,,,physical
2026-06-08,legumes,cenoura-ceasas,Cenoura - Ceasas,Cenoura 2A,,preco,6.23,"6,23",R$/Kg,price,BRL,kg,spot,,,physical
2026-06-08,legumes,cenoura-ceasas,Cenoura - Ceasas,Cenoura 2A,,variacao_pct,0.0,"0,00",%,change_pct,,pct,spot,,,physical
2026-06-08,legumes,cenoura-ceasas,Cenoura - Ceasas,Cenoura G,,preco,5.47,"5,47",R$/Kg,price,BRL,kg,spot,,,physical
2026-06-08,legumes,cenoura-ceasas,Cenoura - Ceasas,Cenoura G,,variacao_pct,0.0,"0,00",%,change_pct,,pct,spot,,,physical
2026-06-08,legumes,cenoura-ceasas,Cenoura - Ceasas,Especial,,preco,5.0,"5,00",R$/Kg,price,BRL,kg,spot,,,physical
2026-06-08,legumes,cenoura-ceasas,Cenoura - Ceasas,Especial,,variacao_pct,0.0,"0,00",%,change_pct,,pct,spot,,,physical
2026-06-08,legumes,cenoura-ceasas,Cenoura - Ceasas,Extra,,preco,4.5,"4,50",R$/Kg,price,BRL,kg,spot,,,physical
2026-06-08,legumes,cenoura-ceasas,Cenoura - Ceasas,Extra,,variacao_pct,12.5,"+12,50",%,change_pct,,pct,spot,,,physical
2026-06-08,legumes,cenoura-ceasas,Cenoura - Ceasas,Extra A,,preco,6.0,"6,00",R$/Kg,price,BRL,kg,spot,,,physical
2026-06-08,legumes,cenoura-ceasas,Cenoura - Ceasas,Extra A,,variacao_pct,0.0,"0,00",%,change_pct,,pct,spot,,,physical
2026-06-08,legumes,tomate-ceasas,Tomate - Ceasas,Carmem 3A,,preco,8.75,"8,75",R$/Kg,price,BRL,kg,spot,,,physical
2026-06-08,legumes,tomate-ceasas,Tomate - Ceasas,Carmem 3A,,variacao_pct,0.0,"0,00",%,change_pct,,pct,spot,,,physical
2026-06-08,legumes,tomate-ceasas,Tomate - Ceasas,Débora 3A,,preco,7.71,"7,71",R$/Kg,price,BRL,kg,spot,,,physical
2026-06-08,legumes,tomate-ceasas,Tomate - Ceasas,Débora 3A,,variacao_pct,0.0,"0,00",%,change_pct,,pct,spot,,,physical
2026-06-08,legumes,tomate-ceasas,Tomate - Ceasas,Longa Vida/Carmem Extra,,preco,7.0,"7,00",R$/Kg,price,BRL,kg,spot,,,physical
2026-06-08,legumes,tomate-ceasas,Tomate - Ceasas,Longa Vida/Carmem Extra,,variacao_pct,0.0,"0,00",%,change_pct,,pct,spot,,,physical
2026-06-08,legumes,tomate-ceasas,Tomate - Ceasas,Longa Vida/Débora Extra,,preco,7.5,"7,50",R$/Kg,price,BRL,kg,spot,,,physical
2026-06-08,legumes,tomate-ceasas,Tomate - Ceasas,Longa Vida/Débora Extra,,variacao_pct,0.0,"0,00",%,change_pct,,pct,spot,,,physical
2026-06-08,legumes,tomate-ceasas,Tomate - Ceasas,Longa Vida/Extra A,,preco,4.5,"4,50",R$/Kg,price,BRL,kg,spot,,,physical
2026-06-08,legumes,tomate-ceasas,Tomate - Ceasas,Longa Vida/Extra A,,variacao_pct,0.0,"0,00",%,change_pct,,pct,spot,,,physical
2026-06-08,legumes,tomate-ceasas,Tomate - Ceasas,Santa Cruz/Extra A,,preco,,s/ cotação,R$/Kg,price,BRL,kg,spot,,,physical
2026-06-08,legumes,tomate-ceasas,Tomate - Ceasas,Santa Cruz/Extra A,,variacao_pct,,-,%,change_pct,,pct,spot,,,physical
2026-06-09,legumes,batata-ceasas,Batata - Ceasas,Agatha Primeira,,preco,3.2,"3,20",R$/Kg,price,BRL,kg,spot,,,physical
2026-06-09,legumes,batata-ceasas,Batata - Ceasas,Agatha Primeira,,variacao_pct,0.0,"0,00",%,change_pct,,pct,spot,,,physical
2026-06-09,legumes,batata-ceasas,Batata - Ceasas,Aster Primeira,,preco,2.0,"2,00",R$/Kg,price,BRL,kg,spot,,,physical
2026-06-09,legumes,batata-ceasas,Batata - Ceasas,Aster Primeira,,variacao_pct,0.0,"0,00",%,change_pct,,pct,spot,,,physical
2026-06-09,legumes,batata-ceasas,Batata - Ceasas,Asterix,,preco,5.72,"5,72",R$/Kg,price,BRL,kg,spot,,,physical
2026-06-09,legumes,batata-ceasas,Batata - Ceasas,Asterix,,variacao_pct,-0.69,"-0,69",%,change_pct,,pct,spot,,,physical
2026-06-09,legumes,batata-ceasas,Batata - Ceasas,Escovada Especial,,preco,,s/ cotação,R$/Kg,price,BRL,kg,spot,,,physical
2026-06-09,legumes,batata-ceasas,Batata - Ceasas,Escovada Especial,,variacao_pct,,-,%,change_pct,,pct,spot,,,physical
2026-06-09,legumes,batata-ceasas,Batata - Ceasas,Lavada Especial,,preco,6.92,"6,92",R$/Kg,price,BRL,kg,spot,,,physical
2026-06-09,legumes,batata-ceasas,Batata - Ceasas,Lavada Especial,,variacao_pct,16.69,"+16,69",%,change_pct,,pct,spot,,,physical
2026-06-09,legumes,batata-ceasas,Batata - Ceasas,Yacon,,preco,7.0,"7,00",R$/Kg,price,BRL,kg,spot,,,physical
2026-06-09,legumes,batata-ceasas,Batata - Ceasas,Yacon,,variacao_pct,0.0,"0,00",%,change_pct,,pct,spot,,,physical
2026-06-09,legumes,cebola-no-atacado,Cebola - Ceasas,Amarela Mineira,,preco,4.0,"4,00",R$/Kg,price,BRL,kg,spot,,,physical
2026-06-09,legumes,cebola-no-atacado,Cebola - Ceasas,Amarela Mineira,,variacao_pct,0.0,"0,00",%,change_pct,,pct,spot,,,physical
2026-06-09,legumes,cebola-no-atacado,Cebola - Ceasas,Amarela Paulista,,preco,,s/ cotação,R$/Kg,price,BRL,kg,spot,,,physical
2026-06-09,legumes,cebola-no-atacado,Cebola - Ceasas,Amarela Paulista,,variacao_pct,,-,%,change_pct,,pct,spot,,,physical
2026-06-09,legumes,cebola-no-atacado,Cebola - Ceasas,Amarela Pernambucana,,preco,,s/ cotação,R$/Kg,price,BRL,kg,spot,,,physical
2026-06-09,legumes,cebola-no-atacado,Cebola - Ceasas,Amarela Pernambucana,,variacao_pct,,-,%,change_pct,,pct,spot,,,physical
2026-06-09,legumes,cebola-no-atacado,Cebola - Ceasas,Amarela Santa Catarina,,preco,,s/ cotação,R$/Kg,price,BRL,kg,spot,,,physical
2026-06-09,legumes,cebola-no-atacado,Cebola - Ceasas,Amarela Santa Catarina,,variacao_pct,,-,%,change_pct,,pct,spot,,,physical
2026-06-09,legumes,cebola-no-atacado,Cebola - Ceasas,Importada Argentina,,preco,4.25,"4,25",R$/Kg,price,BRL,kg,spot,,,physical
2026-06-09,legumes,cebola-no-atacado,Cebola - Ceasas,Importada Argentina,,variacao_pct,0.0,"0,00",%,change_pct,,pct,spot,,,physical
2026-06-09,legumes,cebola-no-atacado,Cebola - Ceasas,Nacional (Caixa 4),,preco,3.43,"3,43",R$/Kg,price,BRL,kg,spot,,,physical
2026-06-09,legumes,cebola-no-atacado,Cebola - Ceasas,Nacional (Caixa 4),,variacao_pct,10.44,"+10,44",%,change_pct,,pct,spot,,,physical
2026-06-09,legumes,cebola-no-atacado,Cebola - Ceasas,Roxa (Caixa 4),,preco,4.97,"4,97",R$/Kg,price,BRL,kg,spot,,,physical
2026-06-09,legumes,cebola-no-atacado,Cebola - Ceasas,Roxa (Caixa 4),,variacao_pct,10.44,"+10,44",%,change_pct,,pct,spot,,,physical
2026-06-09,legumes,cenoura-ceasas,Cenoura - Ceasas,Cenoura 2A,,preco,6.01,"6,01",R$/Kg,price,BRL,kg,spot,,,physical
2026-06-09,legumes,cenoura-ceasas,Cenoura - Ceasas,Cenoura 2A,,variacao_pct,-3.53,"-3,53",%,change_pct,,pct,spot,,,physical
2026-06-09,legumes,cenoura-ceasas,Cenoura - Ceasas,Cenoura G,,preco,5.3,"5,30",R$/Kg,price,BRL,kg,spot,,,physical
2026-06-09,legumes,cenoura-ceasas,Cenoura - Ceasas,Cenoura G,,variacao_pct,-3.11,"-3,11",%,change_pct,,pct,spot,,,physical
2026-06-09,legumes,cenoura-ceasas,Cenoura - Ceasas,Especial,,preco,5.0,"5,00",R$/Kg,price,BRL,kg,spot,,,physical
2026-06-09,legumes,cenoura-ceasas,Cenoura - Ceasas,Especial,,variacao_pct,0.0,"0,00",%,change_pct,,pct,spot,,,physical
2026-06-09,legumes,cenoura-ceasas,Cenoura - Ceasas,Extra,,preco,4.5,"4,50",R$/Kg,price,BRL,kg,spot,,,physical
2026-06-09,legumes,cenoura-ceasas,Cenoura - Ceasas,Extra,,variacao_pct,0.0,"0,00",%,change_pct,,pct,spot,,,physical
2026-06-09,legumes,cenoura-ceasas,Cenoura - Ceasas,Extra A,,preco,6.0,"6,00",R$/Kg,price,BRL,kg,spot,,,physical
2026-06-09,legumes,cenoura-ceasas,Cenoura - Ceasas,Extra A,,variacao_pct,0.0,"0,00",%,change_pct,,pct,spot,,,physical
2026-06-09,legumes,tomate-ceasas,Tomate - Ceasas,Carmem 3A,,preco,7.52,"7,52",R$/Kg,price,BRL,kg,spot,,,physical
2026-06-09,legumes,tomate-ceasas,Tomate - Ceasas,Carmem 3A,,variacao_pct,-14.06,"-14,06",%,change_pct,,pct,spot,,,physical
2026-06-09,legumes,tomate-ceasas,Tomate - Ceasas,Débora 3A,,preco,7.29,"7,29",R$/Kg,price,BRL,kg,spot,,,physical
2026-06-09,legumes,tomate-ceasas,Tomate - Ceasas,Débora 3A,,variacao_pct,-5.45,"-5,45",%,change_pct,,pct,spot,,,physical
2026-06-09,legumes,tomate-ceasas,Tomate - Ceasas,Longa Vida/Carmem Extra,,preco,7.0,"7,00",R$/Kg,price,BRL,kg,spot,,,physical
2026-06-09,legumes,tomate-ceasas,Tomate - Ceasas,Longa Vida/Carmem Extra,,variacao_pct,0.0,"0,00",%,change_pct,,pct,spot,,,physical
2026-06-09,legumes,tomate-ceasas,Tomate - Ceasas,Longa Vida/Débora Extra,,preco,7.5,"7,50",R$/Kg,price,BRL,kg,spot,,,physical
2026-06-09,legumes,tomate-ceasas,Tomate - Ceasas,Longa Vida/Débora Extra,,variacao_pct,0.0,"0,00",%,change_pct,,pct,spot,,,physical
2026-06-09,legumes,tomate-ceasas,Tomate - Ceasas,Longa Vida/Extra A,,preco,4.5,"4,50",R$/Kg,price,BRL,kg,spot,,,physical
2026-06-09,legumes,tomate-ceasas,Tomate - Ceasas,Longa Vida/Extra A,,variacao_pct,0.0,"0,00",%,change_pct,,pct,spot,,,physical
2026-06-09,legumes,tomate-ceasas,Tomate - Ceasas,Santa Cruz/Extra A,,preco,,s/ cotação,R$/Kg,price,BRL,kg,spot,,,physical
2026-06-09,legumes,tomate-ceasas,Tomate - Ceasas,Santa Cruz/Extra A,,variacao_pct,,-,%,change_pct,,pct,spot,,,physical
2026-06-10,legumes,batata-ceasas,Batata - Ceasas,Agatha Primeira,,preco,2.8,"2,80",R$/Kg,price,BRL,kg,spot,,,physical
2026-06-10,legumes,batata-ceasas,Batata - Ceasas,Agatha Primeira,,variacao_pct,-12.5,"-12,50",%,change_pct,,pct,spot,,,physical
2026-06-10,legumes,batata-ceasas,Batata - Ceasas,Aster Primeira,,preco,2.0,"2,00",R$/Kg,price,BRL,kg,spot,,,physical
2026-06-10,legumes,batata-ceasas,Batata - Ceasas,Aster Primeira,,variacao_pct,0.0,"0,00",%,change_pct,,pct,spot,,,physical
2026-06-10,legumes,batata-ceasas,Batata - Ceasas,Asterix,,preco,5.72,"5,72",R$/Kg,price,BRL,kg,spot,,,physical
2026-06-10,legumes,batata-ceasas,Batata - Ceasas,Asterix,,variacao_pct,0.0,"0,00",%,change_pct,,pct,spot,,,physical
2026-06-10,legumes,batata-ceasas,Batata - Ceasas,Escovada Especial,,preco,,s/ cotação,R$/Kg,price,BRL,kg,spot,,,physical
2026-06-10,legumes,batata-ceasas,Batata - Ceasas,Escovada Especial,,variacao_pct,,-,%,change_pct,,pct,spot,,,physical
2026-06-10,legumes,batata-ceasas,Batata - Ceasas,Lavada Especial,,preco,6.92,"6,92",R$/Kg,price,BRL,kg,spot,,,physical
2026-06-10,legumes,batata-ceasas,Batata - Ceasas,Lavada Especial,,variacao_pct,0.0,"0,00",%,change_pct,,pct,spot,,,physical
2026-06-10,legumes,batata-ceasas,Batata - Ceasas,Yacon,,preco,7.0,"7,00",R$/Kg,price,BRL,kg,spot,,,physical
2026-06-10,legumes,batata-ceasas,Batata - Ceasas,Yacon,,variacao_pct,0.0,"0,00",%,change_pct,,pct,spot,,,physical
2026-06-10,legumes,cebola-no-atacado,Cebola - Ceasas,Amarela Mineira,,preco,4.0,"4,00",R$/Kg,price,BRL,kg,spot,,,physical
2026-06-10,legumes,cebola-no-atacado,Cebola - Ceasas,Amarela Mineira,,variacao_pct,0.0,"0,00",%,change_pct,,pct,spot,,,physical
2026-06-10,legumes,cebola-no-atacado,Cebola - Ceasas,Amarela Paulista,,preco,,s/ cotação,R$/Kg,price,BRL,kg,spot,,,physical
2026-06-10,legumes,cebola-no-atacado,Cebola - Ceasas,Amarela Paulista,,variacao_pct,,-,%,change_pct,,pct,spot,,,physical
2026-06-10,legumes,cebola-no-atacado,Cebola - Ceasas,Amarela Pernambucana,,preco,,s/ cotação,R$/Kg,price,BRL,kg,spot,,,physical
2026-06-10,legumes,cebola-no-atacado,Cebola - Ceasas,Amarela Pernambucana,,variacao_pct,,-,%,change_pct,,pct,spot,,,physical
2026-06-10,legumes,cebola-no-atacado,Cebola - Ceasas,Amarela Santa Catarina,,preco,4.0,"4,00",R$/Kg,price,BRL,kg,spot,,,physical
2026-06-10,legumes,cebola-no-atacado,Cebola - Ceasas,Amarela Santa Catarina,,variacao_pct,,-,%,change_pct,,pct,spot,,,physical
2026-06-10,legumes,cebola-no-atacado,Cebola - Ceasas,Importada Argentina,,preco,4.25,"4,25",R$/Kg,price,BRL,kg,spot,,,physical
2026-06-10,legumes,cebola-no-atacado,Cebola - Ceasas,Importada Argentina,,variacao_pct,0.0,"0,00",%,change_pct,,pct,spot,,,physical
2026-06-10,legumes,cebola-no-atacado,Cebola - Ceasas,Nacional (Caixa 4),,preco,3.43,"3,43",R$/Kg,price,BRL,kg,spot,,,physical
2026-06-10,legumes,cebola-no-atacado,Cebola - Ceasas,Nacional (Caixa 4),,variacao_pct,0.0,"0,00",%,change_pct,,pct,spot,,,physical
2026-06-10,legumes,cebola-no-atacado,Cebola - Ceasas,Roxa (Caixa 4),,preco,4.97,"4,97",R$/Kg,price,BRL,kg,spot,,,physical
2026-06-10,legumes,cebola-no-atacado,Cebola - Ceasas,Roxa (Caixa 4),,variacao_pct,0.0,"0,00",%,change_pct,,pct,spot,,,physical
2026-06-10,legumes,cenoura-ceasas,Cenoura - Ceasas,Cenoura 2A,,preco,6.01,"6,01",R$/Kg,price,BRL,kg,spot,,,physical
2026-06-10,legumes,cenoura-ceasas,Cenoura - Ceasas,Cenoura 2A,,variacao_pct,0.0,"0,00",%,change_pct,,pct,spot,,,physical
2026-06-10,legumes,cenoura-ceasas,Cenoura - Ceasas,Cenoura G,,preco,5.3,"5,30",R$/Kg,price,BRL,kg,spot,,,physical
2026-06-10,legumes,cenoura-ceasas,Cenoura - Ceasas,Cenoura G,,variacao_pct,0.0,"0,00",%,change_pct,,pct,spot,,,physical
2026-06-10,legumes,cenoura-ceasas,Cenoura - Ceasas,Especial,,preco,5.0,"5,00",R$/Kg,price,BRL,kg,spot,,,physical
2026-06-10,legumes,cenoura-ceasas,Cenoura - Ceasas,Especial,,variacao_pct,0.0,"0,00",%,change_pct,,pct,spot,,,physical
2026-06-10,legumes,cenoura-ceasas,Cenoura - Ceasas,Extra,,preco,4.5,"4,50",R$/Kg,price,BRL,kg,spot,,,physical
2026-06-10,legumes,cenoura-ceasas,Cenoura - Ceasas,Extra,,variacao_pct,0.0,"0,00",%,change_pct,,pct,spot,,,physical
2026-06-10,legumes,cenoura-ceasas,Cenoura - Ceasas,Extra A,,preco,6.5,"6,50",R$/Kg,price,BRL,kg,spot,,,physical
2026-06-10,legumes,cenoura-ceasas,Cenoura - Ceasas,Extra A,,variacao_pct,8.33,"+8,33",%,change_pct,,pct,spot,,,physical
2026-06-10,legumes,tomate-ceasas,Tomate - Ceasas,Carmem 3A,,preco,7.52,"7,52",R$/Kg,price,BRL,kg,spot,,,physical
2026-06-10,legumes,tomate-ceasas,Tomate - Ceasas,Carmem 3A,,variacao_pct,0.0,"0,00",%,change_pct,,pct,spot,,,physical
2026-06-10,legumes,tomate-ceasas,Tomate - Ceasas,Débora 3A,,preco,7.29,"7,29",R$/Kg,price,BRL,kg,spot,,,physical
2026-06-10,legumes,tomate-ceasas,Tomate - Ceasas,Débora 3A,,variacao_pct,0.0,"0,00",%,change_pct,,pct,spot,,,physical
2026-06-10,legumes,tomate-ceasas,Tomate - Ceasas,Longa Vida/Carmem Extra,,preco,7.0,"7,00",R$/Kg,price,BRL,kg,spot,,,physical
2026-06-10,legumes,tomate-ceasas,Tomate - Ceasas,Longa Vida/Carmem Extra,,variacao_pct,0.0,"0,00",%,change_pct,,pct,spot,,,physical
2026-06-10,legumes,tomate-ceasas,Tomate - Ceasas,Longa Vida/Débora Extra,,preco,7.5,"7,50",R$/Kg,price,BRL,kg,spot,,,physical
2026-06-10,legumes,tomate-ceasas,Tomate - Ceasas,Longa Vida/Débora Extra,,variacao_pct,0.0,"0,00",%,change_pct,,pct,spot,,,physical
2026-06-10,legumes,tomate-ceasas,Tomate - Ceasas,Longa Vida/Extra A,,preco,3.25,"3,25",R$/Kg,price,BRL,kg,spot,,,physical
2026-06-10,legumes,tomate-ceasas,Tomate - Ceasas,Longa Vida/Extra A,,variacao_pct,-27.78,"-27,78",%,change_pct,,pct,spot,,,physical
2026-06-10,legumes,tomate-ceasas,Tomate - Ceasas,Santa Cruz/Extra A,,preco,,s/ cotação,R$/Kg,price,BRL,kg,spot,,,physical
2026-06-10,legumes,tomate-ceasas,Tomate - Ceasas,Santa Cruz/Extra A,,variacao_pct,,-,%,change_pct,,pct,spot,,,physical
2026-06-11,legumes,batata-ceasas,Batata - Ceasas,Agatha Primeira,,preco,2.8,"2,80",R$/Kg,price,BRL,kg,spot,,,physical
2026-06-11,legumes,batata-ceasas,Batata - Ceasas,Agatha Primeira,,variacao_pct,0.0,"0,00",%,change_pct,,pct,spot,,,physical
2026-06-11,legumes,batata-ceasas,Batata - Ceasas,Aster Primeira,,preco,2.0,"2,00",R$/Kg,price,BRL,kg,spot,,,physical
2026-06-11,legumes,batata-ceasas,Batata - Ceasas,Aster Primeira,,variacao_pct,0.0,"0,00",%,change_pct,,pct,spot,,,physical
2026-06-11,legumes,batata-ceasas,Batata - Ceasas,Asterix,,preco,5.53,"5,53",R$/Kg,price,BRL,kg,spot,,,physical
2026-06-11,legumes,batata-ceasas,Batata - Ceasas,Asterix,,variacao_pct,-3.32,"-3,32",%,change_pct,,pct,spot,,,physical
2026-06-11,legumes,batata-ceasas,Batata - Ceasas,Escovada Especial,,preco,,s/ cotação,R$/Kg,price,BRL,kg,spot,,,physical
2026-06-11,legumes,batata-ceasas,Batata - Ceasas,Escovada Especial,,variacao_pct,,-,%,change_pct,,pct,spot,,,physical
2026-06-11,legumes,batata-ceasas,Batata - Ceasas,Lavada Especial,,preco,6.52,"6,52",R$/Kg,price,BRL,kg,spot,,,physical
2026-06-11,legumes,batata-ceasas,Batata - Ceasas,Lavada Especial,,variacao_pct,-5.78,"-5,78",%,change_pct,,pct,spot,,,physical
2026-06-11,legumes,batata-ceasas,Batata - Ceasas,Yacon,,preco,7.0,"7,00",R$/Kg,price,BRL,kg,spot,,,physical
2026-06-11,legumes,batata-ceasas,Batata - Ceasas,Yacon,,variacao_pct,0.0,"0,00",%,change_pct,,pct,spot,,,physical
2026-06-11,legumes,cebola-no-atacado,Cebola - Ceasas,Amarela Mineira,,preco,4.0,"4,00",R$/Kg,price,BRL,kg,spot,,,physical
2026-06-11,legumes,cebola-no-atacado,Cebola - Ceasas,Amarela Mineira,,variacao_pct,0.0,"0,00",%,change_pct,,pct,spot,,,physical
2026-06-11,legumes,cebola-no-atacado,Cebola - Ceasas,Amarela Paulista,,preco,,s/ cotação,R$/Kg,price,BRL,kg,spot,,,physical
2026-06-11,legumes,cebola-no-atacado,Cebola - Ceasas,Amarela Paulista,,variacao_pct,,-,%,change_pct,,pct,spot,,,physical
2026-06-11,legumes,cebola-no-atacado,Cebola - Ceasas,Amarela Pernambucana,,preco,,s/ cotação,R$/Kg,price,BRL,kg,spot,,,physical
2026-06-11,legumes,cebola-no-atacado,Cebola - Ceasas,Amarela Pernambucana,,variacao_pct,,-,%,change_pct,,pct,spot,,,physical
2026-06-11,legumes,cebola-no-atacado,Cebola - Ceasas,Amarela Santa Catarina,,preco,4.0,"4,00",R$/Kg,price,BRL,kg,spot,,,physical
2026-06-11,legumes,cebola-no-atacado,Cebola - Ceasas,Amarela Santa Catarina,,variacao_pct,0.0,"0,00",%,change_pct,,pct,spot,,,physical
2026-06-11,legumes,cebola-no-atacado,Cebola - Ceasas,Importada Argentina,,preco,4.25,"4,25",R$/Kg,price,BRL,kg,spot,,,physical
2026-06-11,legumes,cebola-no-atacado,Cebola - Ceasas,Importada Argentina,,variacao_pct,0.0,"0,00",%,change_pct,,pct,spot,,,physical
2026-06-11,legumes,cebola-no-atacado,Cebola - Ceasas,Nacional (Caixa 4),,preco,3.45,"3,45",R$/Kg,price,BRL,kg,spot,,,physical
2026-06-11,legumes,cebola-no-atacado,Cebola - Ceasas,Nacional (Caixa 4),,variacao_pct,0.58,"+0,58",%,change_pct,,pct,spot,,,physical
2026-06-11,legumes,cebola-no-atacado,Cebola - Ceasas,Roxa (Caixa 4),,preco,5.09,"5,09",R$/Kg,price,BRL,kg,spot,,,physical
2026-06-11,legumes,cebola-no-atacado,Cebola - Ceasas,Roxa (Caixa 4),,variacao_pct,2.41,"+2,41",%,change_pct,,pct,spot,,,physical
2026-06-11,legumes,cenoura-ceasas,Cenoura - Ceasas,Cenoura 2A,,preco,6.0,"6,00",R$/Kg,price,BRL,kg,spot,,,physical
2026-06-11,legumes,cenoura-ceasas,Cenoura - Ceasas,Cenoura 2A,,variacao_pct,-0.17,"-0,17",%,change_pct,,pct,spot,,,physical
2026-06-11,legumes,cenoura-ceasas,Cenoura - Ceasas,Cenoura G,,preco,5.32,"5,32",R$/Kg,price,BRL,kg,spot,,,physical
2026-06-11,legumes,cenoura-ceasas,Cenoura - Ceasas,Cenoura G,,variacao_pct,0.38,"+0,38",%,change_pct,,pct,spot,,,physical
2026-06-11,legumes,cenoura-ceasas,Cenoura - Ceasas,Especial,,preco,5.0,"5,00",R$/Kg,price,BRL,kg,spot,,,physical
2026-06-11,legumes,cenoura-ceasas,Cenoura - Ceasas,Especial,,variacao_pct,0.0,"0,00",%,change_pct,,pct,spot,,,physical
2026-06-11,legumes,cenoura-ceasas,Cenoura - Ceasas,Extra,,preco,4.5,"4,50",R$/Kg,price,BRL,kg,spot,,,physical
2026-06-11,legumes,cenoura-ceasas,Cenoura - Ceasas,Extra,,variacao_pct,0.0,"0,00",%,change_pct,,pct,spot,,,physical
2026-06-11,legumes,cenoura-ceasas,Cenoura - Ceasas,Extra A,,preco,6.5,"6,50",R$/Kg,price,BRL,kg,spot,,,physical
2026-06-11,legumes,cenoura-ceasas,Cenoura - Ceasas,Extra A,,variacao_pct,0.0,"0,00",%,change_pct,,pct,spot,,,physical
2026-06-11,legumes,tomate-ceasas,Tomate - Ceasas,Carmem 3A,,preco,7.85,"7,85",R$/Kg,price,BRL,kg,spot,,,physical
2026-06-11,legumes,tomate-ceasas,Tomate - Ceasas,Carmem 3A,,variacao_pct,4.39,"+4,39",%,change_pct,,pct,spot,,,physical
2026-06-11,legumes,tomate-ceasas,Tomate - Ceasas,Débora 3A,,preco,8.06,"8,06",R$/Kg,price,BRL,kg,spot,,,physical
2026-06-11,legumes,tomate-ceasas,Tomate - Ceasas,Débora 3A,,variacao_pct,10.56,"+10,56",%,change_pct,,pct,spot,,,physical
2026-06-11,legumes,tomate-ceasas,Tomate - Ceasas,Longa Vida/Carmem Extra,,preco,7.0,"7,00",R$/Kg,price,BRL,kg,spot,,,physical
2026-06-11,legumes,tomate-ceasas,Tomate - Ceasas,Longa Vida/Carmem Extra,,variacao_pct,0.0,"0,00",%,change_pct,,pct,spot,,,physical
2026-06-11,legumes,tomate-ceasas,Tomate - Ceasas,Longa Vida/Débora Extra,,preco,7.5,"7,50",R$/Kg,price,BRL,kg,spot,,,physical
2026-06-11,legumes,tomate-ceasas,Tomate - Ceasas,Longa Vida/Débora Extra,,variacao_pct,0.0,"0,00",%,change_pct,,pct,spot,,,physical
2026-06-11,legumes,tomate-ceasas,Tomate - Ceasas,Longa Vida/Extra A,,preco,3.25,"3,25",R$/Kg,price,BRL,kg,spot,,,physical
2026-06-11,legumes,tomate-ceasas,Tomate - Ceasas,Longa Vida/Extra A,,variacao_pct,0.0,"0,00",%,change_pct,,pct,spot,,,physical
2026-06-11,legumes,tomate-ceasas,Tomate - Ceasas,Santa Cruz/Extra A,,preco,,s/ cotação,R$/Kg,price,BRL,kg,spot,,,physical
2026-06-11,legumes,tomate-ceasas,Tomate - Ceasas,Santa Cruz/Extra A,,variacao_pct,,-,%,change_pct,,pct,spot,,,physical
2026-06-12,legumes,batata-ceasas,Batata - Ceasas,Agatha Primeira,,preco,3.2,"3,20",R$/Kg,price,BRL,kg,spot,,,physical
2026-06-12,legumes,batata-ceasas,Batata - Ceasas,Agatha Primeira,,variacao_pct,14.29,"+14,29",%,change_pct,,pct,spot,,,physical
2026-06-12,legumes,batata-ceasas,Batata - Ceasas,Aster Primeira,,preco,2.0,"2,00",R$/Kg,price,BRL,kg,spot,,,physical
2026-06-12,legumes,batata-ceasas,Batata - Ceasas,Aster Primeira,,variacao_pct,0.0,"0,00",%,change_pct,,pct,spot,,,physical
2026-06-12,legumes,batata-ceasas,Batata - Ceasas,Asterix,,preco,5.53,"5,53",R$/Kg,price,BRL,kg,spot,,,physical
2026-06-12,legumes,batata-ceasas,Batata - Ceasas,Asterix,,variacao_pct,0.0,"0,00",%,change_pct,,pct,spot,,,physical
2026-06-12,legumes,batata-ceasas,Batata - Ceasas,Escovada Especial,,preco,,s/ cotação,R$/Kg,price,BRL,kg,spot,,,physical
2026-06-12,legumes,batata-ceasas,Batata - Ceasas,Escovada Especial,,variacao_pct,,-,%,change_pct,,pct,spot,,,physical
2026-06-12,legumes,batata-ceasas,Batata - Ceasas,Lavada Especial,,preco,6.52,"6,52",R$/Kg,price,BRL,kg,spot,,,physical
2026-06-12,legumes,batata-ceasas,Batata - Ceasas,Lavada Especial,,variacao_pct,0.0,"0,00",%,change_pct,,pct,spot,,,physical
2026-06-12,legumes,batata-ceasas,Batata - Ceasas,Yacon,,preco,7.0,"7,00",R$/Kg,price,BRL,kg,spot,,,physical
2026-06-12,legumes,batata-ceasas,Batata - Ceasas,Yacon,,variacao_pct,0.0,"0,00",%,change_pct,,pct,spot,,,physical
2026-06-12,legumes,cebola-no-atacado,Cebola - Ceasas,Amarela Mineira,,preco,,s/ cotação,R$/Kg,price,BRL,kg,spot,,,physical
2026-06-12,legumes,cebola-no-atacado,Cebola - Ceasas,Amarela Mineira,,variacao_pct,,-,%,change_pct,,pct,spot,,,physical
2026-06-12,legumes,cebola-no-atacado,Cebola - Ceasas,Amarela Paulista,,preco,,s/ cotação,R$/Kg,price,BRL,kg,spot,,,physical
2026-06-12,legumes,cebola-no-atacado,Cebola - Ceasas,Amarela Paulista,,variacao_pct,,-,%,change_pct,,pct,spot,,,physical
2026-06-12,legumes,cebola-no-atacado,Cebola - Ceasas,Amarela Pernambucana,,preco,,s/ cotação,R$/Kg,price,BRL,kg,spot,,,physical
2026-06-12,legumes,cebola-no-atacado,Cebola - Ceasas,Amarela Pernambucana,,variacao_pct,,-,%,change_pct,,pct,spot,,,physical
2026-06-12,legumes,cebola-no-atacado,Cebola - Ceasas,Amarela Santa Catarina,,preco,4.25,"4,25",R$/Kg,price,BRL,kg,spot,,,physical
2026-06-12,legumes,cebola-no-atacado,Cebola - Ceasas,Amarela Santa Catarina,,variacao_pct,6.25,"+6,25",%,change_pct,,pct,spot,,,physical
2026-06-12,legumes,cebola-no-atacado,Cebola - Ceasas,Importada Argentina,,preco,,s/ cotação,R$/Kg,price,BRL,kg,spot,,,physical
2026-06-12,legumes,cebola-no-atacado,Cebola - Ceasas,Importada Argentina,,variacao_pct,,-,%,change_pct,,pct,spot,,,physical
2026-06-12,legumes,cebola-no-atacado,Cebola - Ceasas,Nacional (Caixa 4),,preco,3.45,"3,45",R$/Kg,price,BRL,kg,spot,,,physical
2026-06-12,legumes,cebola-no-atacado,Cebola - Ceasas,Nacional (Caixa 4),,variacao_pct,0.0,"0,00",%,change_pct,,pct,spot,,,physical
2026-06-12,legumes,cebola-no-atacado,Cebola - Ceasas,Roxa (Caixa 4),,preco,5.09,"5,09",R$/Kg,price,BRL,kg,spot,,,physical
2026-06-12,legumes,cebola-no-atacado,Cebola - Ceasas,Roxa (Caixa 4),,variacao_pct,0.0,"0,00",%,change_pct,,pct,spot,,,physical
2026-06-12,legumes,cenoura-ceasas,Cenoura - Ceasas,Cenoura 2A,,preco,6.0,"6,00",R$/Kg,price,BRL,kg,spot,,,physical
2026-06-12,legumes,cenoura-ceasas,Cenoura - Ceasas,Cenoura 2A,,variacao_pct,0.0,"0,00",%,change_pct,,pct,spot,,,physical
2026-06-12,legumes,cenoura-ceasas,Cenoura - Ceasas,Cenoura G,,preco,5.32,"5,32",R$/Kg,price,BRL,kg,spot,,,physical
2026-06-12,legumes,cenoura-ceasas,Cenoura - Ceasas,Cenoura G,,variacao_pct,0.0,"0,00",%,change_pct,,pct,spot,,,physical
2026-06-12,legumes,cenoura-ceasas,Cenoura - Ceasas,Especial,,preco,5.0,"5,00",R$/Kg,price,BRL,kg,spot,,,physical
2026-06-12,legumes,cenoura-ceasas,Cenoura - Ceasas,Especial,,variacao_pct,0.0,"0,00",%,change_pct,,pct,spot,,,physical
2026-06-12,legumes,cenoura-ceasas,Cenoura - Ceasas,Extra,,preco,4.5,"4,50",R$/Kg,price,BRL,kg,spot,,,physical
2026-06-12,legumes,cenoura-ceasas,Cenoura - Ceasas,Extra,,variacao_pct,0.0,"0,00",%,change_pct,,pct,spot,,,physical
2026-06-12,legumes,cenoura-ceasas,Cenoura - Ceasas,Extra A,,preco,6.0,"6,00",R$/Kg,price,BRL,kg,spot,,,physical
2026-06-12,legumes,cenoura-ceasas,Cenoura - Ceasas,Extra A,,variacao_pct,-7.69,"-7,69",%,change_pct,,pct,spot,,,physical
2026-06-12,legumes,tomate-ceasas,Tomate - Ceasas,Carmem 3A,,preco,7.85,"7,85",R$/Kg,price,BRL,kg,spot,,,physical
2026-06-12,legumes,tomate-ceasas,Tomate - Ceasas,Carmem 3A,,variacao_pct,0.0,"0,00",%,change_pct,,pct,spot,,,physical
2026-06-12,legumes,tomate-ceasas,Tomate - Ceasas,Débora 3A,,preco,8.06,"8,06",R$/Kg,price,BRL,kg,spot,,,physical
2026-06-12,legumes,tomate-ceasas,Tomate - Ceasas,Débora 3A,,variacao_pct,0.0,"0,00",%,change_pct,,pct,spot,,,physical
2026-06-12,legumes,tomate-ceasas,Tomate - Ceasas,Longa Vida/Carmem Extra,,preco,7.0,"7,00",R$/Kg,price,BRL,kg,spot,,,physical
2026-06-12,legumes,tomate-ceasas,Tomate - Ceasas,Longa Vida/Carmem Extra,,variacao_pct,0.0,"0,00",%,change_pct,,pct,spot,,,physical
2026-06-12,legumes,tomate-ceasas,Tomate - Ceasas,Longa Vida/Débora Extra,,preco,7.5,"7,50",R$/Kg,price,BRL,kg,spot,,,physical
2026-06-12,legumes,tomate-ceasas,Tomate - Ceasas,Longa Vida/Débora Extra,,variacao_pct,0.0,"0,00",%,change_pct,,pct,spot,,,physical
2026-06-12,legumes,tomate-ceasas,Tomate - Ceasas,Longa Vida/Extra A,,preco,5.0,"5,00",R$/Kg,price,BRL,kg,spot,,,physical
2026-06-12,legumes,tomate-ceasas,Tomate - Ceasas,Longa Vida/Extra A,,variacao_pct,53.85,"+53,85",%,change_pct,,pct,spot,,,physical
2026-06-12,legumes,tomate-ceasas,Tomate - Ceasas,Santa Cruz/Extra A,,preco,,s/ cotação,R$/Kg,price,BRL,kg,spot,,,physical
2026-06-12,legumes,tomate-ceasas,Tomate - Ceasas,Santa Cruz/Extra A,,variacao_pct,,-,%,change_pct,,pct,spot,,,physical
2026-06-15,legumes,batata-ceasas,Batata - Ceasas,Agatha Primeira,,preco,3.2,"3,20",R$/Kg,price,BRL,kg,spot,,,physical
2026-06-15,legumes,batata-ceasas,Batata - Ceasas,Agatha Primeira,,variacao_pct,0.0,"0,00",%,change_pct,,pct,spot,,,physical
2026-06-15,legumes,batata-ceasas,Batata - Ceasas,Aster Primeira,,preco,2.0,"2,00",R$/Kg,price,BRL,kg,spot,,,physical
2026-06-15,legumes,batata-ceasas,Batata - Ceasas,Aster Primeira,,variacao_pct,0.0,"0,00",%,change_pct,,pct,spot,,,physical
2026-06-15,legumes,batata-ceasas,Batata - Ceasas,Asterix,,preco,5.47,"5,47",R$/Kg,price,BRL,kg,spot,,,physical
2026-06-15,legumes,batata-ceasas,Batata - Ceasas,Asterix,,variacao_pct,-1.08,"-1,08",%,change_pct,,pct,spot,,,physical
2026-06-15,legumes,batata-ceasas,Batata - Ceasas,Escovada Especial,,preco,,s/ cotação,R$/Kg,price,BRL,kg,spot,,,physical
2026-06-15,legumes,batata-ceasas,Batata - Ceasas,Escovada Especial,,variacao_pct,,-,%,change_pct,,pct,spot,,,physical
2026-06-15,legumes,batata-ceasas,Batata - Ceasas,Lavada Especial,,preco,7.09,"7,09",R$/Kg,price,BRL,kg,spot,,,physical
2026-06-15,legumes,batata-ceasas,Batata - Ceasas,Lavada Especial,,variacao_pct,8.74,"+8,74",%,change_pct,,pct,spot,,,physical
2026-06-15,legumes,batata-ceasas,Batata - Ceasas,Yacon,,preco,7.0,"7,00",R$/Kg,price,BRL,kg,spot,,,physical
2026-06-15,legumes,batata-ceasas,Batata - Ceasas,Yacon,,variacao_pct,0.0,"0,00",%,change_pct,,pct,spot,,,physical
2026-06-15,legumes,cebola-no-atacado,Cebola - Ceasas,Amarela Mineira,,preco,4.0,"4,00",R$/Kg,price,BRL,kg,spot,,,physical
2026-06-15,legumes,cebola-no-atacado,Cebola - Ceasas,Amarela Mineira,,variacao_pct,,-,%,change_pct,,pct,spot,,,physical
2026-06-15,legumes,cebola-no-atacado,Cebola - Ceasas,Amarela Paulista,,preco,,s/ cotação,R$/Kg,price,BRL,kg,spot,,,physical
2026-06-15,legumes,cebola-no-atacado,Cebola - Ceasas,Amarela Paulista,,variacao_pct,,-,%,change_pct,,pct,spot,,,physical
2026-06-15,legumes,cebola-no-atacado,Cebola - Ceasas,Amarela Pernambucana,,preco,,s/ cotação,R$/Kg,price,BRL,kg,spot,,,physical
2026-06-15,legumes,cebola-no-atacado,Cebola - Ceasas,Amarela Pernambucana,,variacao_pct,,-,%,change_pct,,pct,spot,,,physical
2026-06-15,legumes,cebola-no-atacado,Cebola - Ceasas,Amarela Santa Catarina,,preco,4.25,"4,25",R$/Kg,price,BRL,kg,spot,,,physical
2026-06-15,legumes,cebola-no-atacado,Cebola - Ceasas,Amarela Santa Catarina,,variacao_pct,0.0,"0,00",%,change_pct,,pct,spot,,,physical
2026-06-15,legumes,cebola-no-atacado,Cebola - Ceasas,Importada Argentina,,preco,4.25,"4,25",R$/Kg,price,BRL,kg,spot,,,physical
2026-06-15,legumes,cebola-no-atacado,Cebola - Ceasas,Importada Argentina,,variacao_pct,,-,%,change_pct,,pct,spot,,,physical
2026-06-15,legumes,cebola-no-atacado,Cebola - Ceasas,Nacional (Caixa 4),,preco,4.3,"4,30",R$/Kg,price,BRL,kg,spot,,,physical
2026-06-15,legumes,cebola-no-atacado,Cebola - Ceasas,Nacional (Caixa 4),,variacao_pct,24.64,"+24,64",%,change_pct,,pct,spot,,,physical
2026-06-15,legumes,cebola-no-atacado,Cebola - Ceasas,Roxa (Caixa 4),,preco,5.25,"5,25",R$/Kg,price,BRL,kg,spot,,,physical
2026-06-15,legumes,cebola-no-atacado,Cebola - Ceasas,Roxa (Caixa 4),,variacao_pct,3.14,"+3,14",%,change_pct,,pct,spot,,,physical
2026-06-15,legumes,cenoura-ceasas,Cenoura - Ceasas,Cenoura 2A,,preco,6.09,"6,09",R$/Kg,price,BRL,kg,spot,,,physical
2026-06-15,legumes,cenoura-ceasas,Cenoura - Ceasas,Cenoura 2A,,variacao_pct,1.5,"+1,50",%,change_pct,,pct,spot,,,physical
2026-06-15,legumes,cenoura-ceasas,Cenoura - Ceasas,Cenoura G,,preco,5.54,"5,54",R$/Kg,price,BRL,kg,spot,,,physical
2026-06-15,legumes,cenoura-ceasas,Cenoura - Ceasas,Cenoura G,,variacao_pct,4.14,"+4,14",%,change_pct,,pct,spot,,,physical
2026-06-15,legumes,cenoura-ceasas,Cenoura - Ceasas,Especial,,preco,5.0,"5,00",R$/Kg,price,BRL,kg,spot,,,physical
2026-06-15,legumes,cenoura-ceasas,Cenoura - Ceasas,Especial,,variacao_pct,0.0,"0,00",%,change_pct,,pct,spot,,,physical
2026-06-15,legumes,cenoura-ceasas,Cenoura - Ceasas,Extra,,preco,4.5,"4,50",R$/Kg,price,BRL,kg,spot,,,physical
2026-06-15,legumes,cenoura-ceasas,Cenoura - Ceasas,Extra,,variacao_pct,0.0,"0,00",%,change_pct,,pct,spot,,,physical
2026-06-15,legumes,cenoura-ceasas,Cenoura - Ceasas,Extra A,,preco,6.5,"6,50",R$/Kg,price,BRL,kg,spot,,,physical
2026-06-15,legumes,cenoura-ceasas,Cenoura - Ceasas,Extra A,,variacao_pct,8.33,"+8,33",%,change_pct,,pct,spot,,,physical
2026-06-15,legumes,tomate-ceasas,Tomate - Ceasas,Carmem 3A,,preco,8.52,"8,52",R$/Kg,price,BRL,kg,spot,,,physical
2026-06-15,legumes,tomate-ceasas,Tomate - Ceasas,Carmem 3A,,variacao_pct,8.54,"+8,54",%,change_pct,,pct,spot,,,physical
2026-06-15,legumes,tomate-ceasas,Tomate - Ceasas,Débora 3A,,preco,7.51,"7,51",R$/Kg,price,BRL,kg,spot,,,physical
2026-06-15,legumes,tomate-ceasas,Tomate - Ceasas,Débora 3A,,variacao_pct,-6.82,"-6,82",%,change_pct,,pct,spot,,,physical
2026-06-15,legumes,tomate-ceasas,Tomate - Ceasas,Longa Vida/Carmem Extra,,preco,7.0,"7,00",R$/Kg,price,BRL,kg,spot,,,physical
2026-06-15,legumes,tomate-ceasas,Tomate - Ceasas,Longa Vida/Carmem Extra,,variacao_pct,0.0,"0,00",%,change_pct,,pct,spot,,,physical
2026-06-15,legumes,tomate-ceasas,Tomate - Ceasas,Longa Vida/Débora Extra,,preco,8.5,"8,50",R$/Kg,price,BRL,kg,spot,,,physical
2026-06-15,legumes,tomate-ceasas,Tomate - Ceasas,Longa Vida/Débora Extra,,variacao_pct,13.33,"+13,33",%,change_pct,,pct,spot,,,physical
2026-06-15,legumes,tomate-ceasas,Tomate - Ceasas,Longa Vida/Extra A,,preco,5.5,"5,50",R$/Kg,price,BRL,kg,spot,,,physical
2026-06-15,legumes,tomate-ceasas,Tomate - Ceasas,Longa Vida/Extra A,,variacao_pct,10.0,"+10,00",%,change_pct,,pct,spot,,,physical
2026-06-15,legumes,tomate-ceasas,Tomate - Ceasas,Santa Cruz/Extra A,,preco,,s/ cotação,R$/Kg,price,BRL,kg,spot,,,physical
2026-06-15,legumes,tomate-ceasas,Tomate - Ceasas,Santa Cruz/Extra A,,variacao_pct,,-,%,change_pct,,pct,spot,,,physical
2026-06-16,legumes,batata-ceasas,Batata - Ceasas,Agatha Primeira,,preco,3.2,"3,20",R$/Kg,price,BRL,kg,spot,,,physical
2026-06-16,legumes,batata-ceasas,Batata - Ceasas,Agatha Primeira,,variacao_pct,0.0,"0,00",%,change_pct,,pct,spot,,,physical
2026-06-16,legumes,batata-ceasas,Batata - Ceasas,Aster Primeira,,preco,2.0,"2,00",R$/Kg,price,BRL,kg,spot,,,physical
2026-06-16,legumes,batata-ceasas,Batata - Ceasas,Aster Primeira,,variacao_pct,0.0,"0,00",%,change_pct,,pct,spot,,,physical
2026-06-16,legumes,batata-ceasas,Batata - Ceasas,Asterix,,preco,5.55,"5,55",R$/Kg,price,BRL,kg,spot,,,physical
2026-06-16,legumes,batata-ceasas,Batata - Ceasas,Asterix,,variacao_pct,1.46,"+1,46",%,change_pct,,pct,spot,,,physical
2026-06-16,legumes,batata-ceasas,Batata - Ceasas,Escovada Especial,,preco,4.8,"4,80",R$/Kg,price,BRL,kg,spot,,,physical
2026-06-16,legumes,batata-ceasas,Batata - Ceasas,Escovada Especial,,variacao_pct,,-,%,change_pct,,pct,spot,,,physical
2026-06-16,legumes,batata-ceasas,Batata - Ceasas,Lavada Especial,,preco,6.97,"6,97",R$/Kg,price,BRL,kg,spot,,,physical
2026-06-16,legumes,batata-ceasas,Batata - Ceasas,Lavada Especial,,variacao_pct,-1.69,"-1,69",%,change_pct,,pct,spot,,,physical
2026-06-16,legumes,batata-ceasas,Batata - Ceasas,Yacon,,preco,7.0,"7,00",R$/Kg,price,BRL,kg,spot,,,physical
2026-06-16,legumes,batata-ceasas,Batata - Ceasas,Yacon,,variacao_pct,0.0,"0,00",%,change_pct,,pct,spot,,,physical
2026-06-16,legumes,cebola-no-atacado,Cebola - Ceasas,Amarela Mineira,,preco,4.0,"4,00",R$/Kg,price,BRL,kg,spot,,,physical
2026-06-16,legumes,cebola-no-atacado,Cebola - Ceasas,Amarela Mineira,,variacao_pct,0.0,"0,00",%,change_pct,,pct,spot,,,physical
2026-06-16,legumes,cebola-no-atacado,Cebola - Ceasas,Amarela Paulista,,preco,,s/ cotação,R$/Kg,price,BRL,kg,spot,,,physical
2026-06-16,legumes,cebola-no-atacado,Cebola - Ceasas,Amarela Paulista,,variacao_pct,,-,%,change_pct,,pct,spot,,,physical
2026-06-16,legumes,cebola-no-atacado,Cebola - Ceasas,Amarela Pernambucana,,preco,,s/ cotação,R$/Kg,price,BRL,kg,spot,,,physical
2026-06-16,legumes,cebola-no-atacado,Cebola - Ceasas,Amarela Pernambucana,,variacao_pct,,-,%,change_pct,,pct,spot,,,physical
2026-06-16,legumes,cebola-no-atacado,Cebola - Ceasas,Amarela Santa Catarina,,preco,4.25,"4,25",R$/Kg,price,BRL,kg,spot,,,physical
2026-06-16,legumes,cebola-no-atacado,Cebola - Ceasas,Amarela Santa Catarina,,variacao_pct,0.0,"0,00",%,change_pct,,pct,spot,,,physical
2026-06-16,legumes,cebola-no-atacado,Cebola - Ceasas,Importada Argentina,,preco,4.25,"4,25",R$/Kg,price,BRL,kg,spot,,,physical
2026-06-16,legumes,cebola-no-atacado,Cebola - Ceasas,Importada Argentina,,variacao_pct,0.0,"0,00",%,change_pct,,pct,spot,,,physical
2026-06-16,legumes,cebola-no-atacado,Cebola - Ceasas,Nacional (Caixa 4),,preco,4.69,"4,69",R$/Kg,price,BRL,kg,spot,,,physical
2026-06-16,legumes,cebola-no-atacado,Cebola - Ceasas,Nacional (Caixa 4),,variacao_pct,9.07,"+9,07",%,change_pct,,pct,spot,,,physical
2026-06-16,legumes,cebola-no-atacado,Cebola - Ceasas,Roxa (Caixa 4),,preco,5.25,"5,25",R$/Kg,price,BRL,kg,spot,,,physical
2026-06-16,legumes,cebola-no-atacado,Cebola - Ceasas,Roxa (Caixa 4),,variacao_pct,0.0,"0,00",%,change_pct,,pct,spot,,,physical
2026-06-16,legumes,cenoura-ceasas,Cenoura - Ceasas,Cenoura 2A,,preco,6.07,"6,07",R$/Kg,price,BRL,kg,spot,,,physical
2026-06-16,legumes,cenoura-ceasas,Cenoura - Ceasas,Cenoura 2A,,variacao_pct,-0.33,"-0,33",%,change_pct,,pct,spot,,,physical
2026-06-16,legumes,cenoura-ceasas,Cenoura - Ceasas,Cenoura G,,preco,5.3,"5,30",R$/Kg,price,BRL,kg,spot,,,physical
2026-06-16,legumes,cenoura-ceasas,Cenoura - Ceasas,Cenoura G,,variacao_pct,-4.33,"-4,33",%,change_pct,,pct,spot,,,physical
2026-06-16,legumes,cenoura-ceasas,Cenoura - Ceasas,Especial,,preco,5.0,"5,00",R$/Kg,price,BRL,kg,spot,,,physical
2026-06-16,legumes,cenoura-ceasas,Cenoura - Ceasas,Especial,,variacao_pct,0.0,"0,00",%,change_pct,,pct,spot,,,physical
2026-06-16,legumes,cenoura-ceasas,Cenoura - Ceasas,Extra,,preco,4.5,"4,50",R$/Kg,price,BRL,kg,spot,,,physical
2026-06-16,legumes,cenoura-ceasas,Cenoura - Ceasas,Extra,,variacao_pct,0.0,"0,00",%,change_pct,,pct,spot,,,physical
2026-06-16,legumes,cenoura-ceasas,Cenoura - Ceasas,Extra A,,preco,6.5,"6,50",R$/Kg,price,BRL,kg,spot,,,physical
2026-06-16,legumes,cenoura-ceasas,Cenoura - Ceasas,Extra A,,variacao_pct,0.0,"0,00",%,change_pct,,pct,spot,,,physical
2026-06-16,legumes,tomate-ceasas,Tomate - Ceasas,Carmem 3A,,preco,8.46,"8,46",R$/Kg,price,BRL,kg,spot,,,physical
2026-06-16,legumes,tomate-ceasas,Tomate - Ceasas,Carmem 3A,,variacao_pct,-0.7,"-0,70",%,change_pct,,pct,spot,,,physical
2026-06-16,legumes,tomate-ceasas,Tomate - Ceasas,Débora 3A,,preco,8.27,"8,27",R$/Kg,price,BRL,kg,spot,,,physical
2026-06-16,legumes,tomate-ceasas,Tomate - Ceasas,Débora 3A,,variacao_pct,10.12,"+10,12",%,change_pct,,pct,spot,,,physical
2026-06-16,legumes,tomate-ceasas,Tomate - Ceasas,Longa Vida/Carmem Extra,,preco,7.0,"7,00",R$/Kg,price,BRL,kg,spot,,,physical
2026-06-16,legumes,tomate-ceasas,Tomate - Ceasas,Longa Vida/Carmem Extra,,variacao_pct,0.0,"0,00",%,change_pct,,pct,spot,,,physical
2026-06-16,legumes,tomate-ceasas,Tomate - Ceasas,Longa Vida/Débora Extra,,preco,8.5,"8,50",R$/Kg,price,BRL,kg,spot,,,physical
2026-06-16,legumes,tomate-ceasas,Tomate - Ceasas,Longa Vida/Débora Extra,,variacao_pct,0.0,"0,00",%,change_pct,,pct,spot,,,physical
2026-06-16,legumes,tomate-ceasas,Tomate - Ceasas,Longa Vida/Extra A,,preco,5.5,"5,50",R$/Kg,price,BRL,kg,spot,,,physical
2026-06-16,legumes,tomate-ceasas,Tomate - Ceasas,Longa Vida/Extra A,,variacao_pct,0.0,"0,00",%,change_pct,,pct,spot,,,physical
2026-06-16,legumes,tomate-ceasas,Tomate - Ceasas,Santa Cruz/Extra A,,preco,,s/ cotação,R$/Kg,price,BRL,kg,spot,,,physical
2026-06-16,legumes,tomate-ceasas,Tomate - Ceasas,Santa Cruz/Extra A,,variacao_pct,,-,%,change_pct,,pct,spot,,,physical
2026-06-17,legumes,batata-ceasas,Batata - Ceasas,Agatha Primeira,,preco,3.2,"3,20",R$/Kg,price,BRL,kg,spot,,,physical
2026-06-17,legumes,batata-ceasas,Batata - Ceasas,Agatha Primeira,,variacao_pct,0.0,"0,00",%,change_pct,,pct,spot,,,physical
2026-06-17,legumes,batata-ceasas,Batata - Ceasas,Aster Primeira,,preco,2.0,"2,00",R$/Kg,price,BRL,kg,spot,,,physical
2026-06-17,legumes,batata-ceasas,Batata - Ceasas,Aster Primeira,,variacao_pct,0.0,"0,00",%,change_pct,,pct,spot,,,physical
2026-06-17,legumes,batata-ceasas,Batata - Ceasas,Asterix,,preco,5.55,"5,55",R$/Kg,price,BRL,kg,spot,,,physical
2026-06-17,legumes,batata-ceasas,Batata - Ceasas,Asterix,,variacao_pct,0.0,"0,00",%,change_pct,,pct,spot,,,physical
2026-06-17,legumes,batata-ceasas,Batata - Ceasas,Escovada Especial,,preco,4.8,"4,80",R$/Kg,price,BRL,kg,spot,,,physical
2026-06-17,legumes,batata-ceasas,Batata - Ceasas,Escovada Especial,,variacao_pct,0.0,"0,00",%,change_pct,,pct,spot,,,physical
2026-06-17,legumes,batata-ceasas,Batata - Ceasas,Lavada Especial,,preco,6.97,"6,97",R$/Kg,price,BRL,kg,spot,,,physical
2026-06-17,legumes,batata-ceasas,Batata - Ceasas,Lavada Especial,,variacao_pct,0.0,"0,00",%,change_pct,,pct,spot,,,physical
2026-06-17,legumes,batata-ceasas,Batata - Ceasas,Yacon,,preco,7.0,"7,00",R$/Kg,price,BRL,kg,spot,,,physical
2026-06-17,legumes,batata-ceasas,Batata - Ceasas,Yacon,,variacao_pct,0.0,"0,00",%,change_pct,,pct,spot,,,physical
2026-06-17,legumes,cebola-no-atacado,Cebola - Ceasas,Amarela Mineira,,preco,4.0,"4,00",R$/Kg,price,BRL,kg,spot,,,physical
2026-06-17,legumes,cebola-no-atacado,Cebola - Ceasas,Amarela Mineira,,variacao_pct,0.0,"0,00",%,change_pct,,pct,spot,,,physical
2026-06-17,legumes,cebola-no-atacado,Cebola - Ceasas,Amarela Paulista,,preco,,s/ cotação,R$/Kg,price,BRL,kg,spot,,,physical
2026-06-17,legumes,cebola-no-atacado,Cebola - Ceasas,Amarela Paulista,,variacao_pct,,-,%,change_pct,,pct,spot,,,physical
2026-06-17,legumes,cebola-no-atacado,Cebola - Ceasas,Amarela Pernambucana,,preco,,s/ cotação,R$/Kg,price,BRL,kg,spot,,,physical
2026-06-17,legumes,cebola-no-atacado,Cebola - Ceasas,Amarela Pernambucana,,variacao_pct,,-,%,change_pct,,pct,spot,,,physical
2026-06-17,legumes,cebola-no-atacado,Cebola - Ceasas,Amarela Santa Catarina,,preco,4.25,"4,25",R$/Kg,price,BRL,kg,spot,,,physical
2026-06-17,legumes,cebola-no-atacado,Cebola - Ceasas,Amarela Santa Catarina,,variacao_pct,0.0,"0,00",%,change_pct,,pct,spot,,,physical
2026-06-17,legumes,cebola-no-atacado,Cebola - Ceasas,Importada Argentina,,preco,4.25,"4,25",R$/Kg,price,BRL,kg,spot,,,physical
2026-06-17,legumes,cebola-no-atacado,Cebola - Ceasas,Importada Argentina,,variacao_pct,0.0,"0,00",%,change_pct,,pct,spot,,,physical
2026-06-17,legumes,cebola-no-atacado,Cebola - Ceasas,Nacional (Caixa 4),,preco,4.69,"4,69",R$/Kg,price,BRL,kg,spot,,,physical
2026-06-17,legumes,cebola-no-atacado,Cebola - Ceasas,Nacional (Caixa 4),,variacao_pct,0.0,"0,00",%,change_pct,,pct,spot,,,physical
2026-06-17,legumes,cebola-no-atacado,Cebola - Ceasas,Roxa (Caixa 4),,preco,5.25,"5,25",R$/Kg,price,BRL,kg,spot,,,physical
2026-06-17,legumes,cebola-no-atacado,Cebola - Ceasas,Roxa (Caixa 4),,variacao_pct,0.0,"0,00",%,change_pct,,pct,spot,,,physical
2026-06-17,legumes,cenoura-ceasas,Cenoura - Ceasas,Cenoura 2A,,preco,6.07,"6,07",R$/Kg,price,BRL,kg,spot,,,physical
2026-06-17,legumes,cenoura-ceasas,Cenoura - Ceasas,Cenoura 2A,,variacao_pct,0.0,"0,00",%,change_pct,,pct,spot,,,physical
2026-06-17,legumes,cenoura-ceasas,Cenoura - Ceasas,Cenoura G,,preco,5.3,"5,30",R$/Kg,price,BRL,kg,spot,,,physical
2026-06-17,legumes,cenoura-ceasas,Cenoura - Ceasas,Cenoura G,,variacao_pct,0.0,"0,00",%,change_pct,,pct,spot,,,physical
2026-06-17,legumes,cenoura-ceasas,Cenoura - Ceasas,Especial,,preco,5.0,"5,00",R$/Kg,price,BRL,kg,spot,,,physical
2026-06-17,legumes,cenoura-ceasas,Cenoura - Ceasas,Especial,,variacao_pct,0.0,"0,00",%,change_pct,,pct,spot,,,physical
2026-06-17,legumes,cenoura-ceasas,Cenoura - Ceasas,Extra,,preco,4.5,"4,50",R$/Kg,price,BRL,kg,spot,,,physical
2026-06-17,legumes,cenoura-ceasas,Cenoura - Ceasas,Extra,,variacao_pct,0.0,"0,00",%,change_pct,,pct,spot,,,physical
2026-06-17,legumes,cenoura-ceasas,Cenoura - Ceasas,Extra A,,preco,6.5,"6,50",R$/Kg,price,BRL,kg,spot,,,physical
2026-06-17,legumes,cenoura-ceasas,Cenoura - Ceasas,Extra A,,variacao_pct,0.0,"0,00",%,change_pct,,pct,spot,,,physical
2026-06-17,legumes,tomate-ceasas,Tomate - Ceasas,Carmem 3A,,preco,8.46,"8,46",R$/Kg,price,BRL,kg,spot,,,physical
2026-06-17,legumes,tomate-ceasas,Tomate - Ceasas,Carmem 3A,,variacao_pct,0.0,"0,00",%,change_pct,,pct,spot,,,physical
2026-06-17,legumes,tomate-ceasas,Tomate - Ceasas,Débora 3A,,preco,8.27,"8,27",R$/Kg,price,BRL,kg,spot,,,physical
2026-06-17,legumes,tomate-ceasas,Tomate - Ceasas,Débora 3A,,variacao_pct,0.0,"0,00",%,change_pct,,pct,spot,,,physical
2026-06-17,legumes,tomate-ceasas,Tomate - Ceasas,Longa Vida/Carmem Extra,,preco,7.0,"7,00",R$/Kg,price,BRL,kg,spot,,,physical
2026-06-17,legumes,tomate-ceasas,Tomate - Ceasas,Longa Vida/Carmem Extra,,variacao_pct,0.0,"0,00",%,change_pct,,pct,spot,,,physical
2026-06-17,legumes,tomate-ceasas,Tomate - Ceasas,Longa Vida/Débora Extra,,preco,8.5,"8,50",R$/Kg,price,BRL,kg,spot,,,physical
2026-06-17,legumes,tomate-ceasas,Tomate - Ceasas,Longa Vida/Débora Extra,,variacao_pct,0.0,"0,00",%,change_pct,,pct,spot,,,physical
2026-06-17,legumes,tomate-ceasas,Tomate - Ceasas,Longa Vida/Extra A,,preco,5.5,"5,50",R$/Kg,price,BRL,kg,spot,,,physical
2026-06-17,legumes,tomate-ceasas,Tomate - Ceasas,Longa Vida/Extra A,,variacao_pct,0.0,"0,00",%,change_pct,,pct,spot,,,physical
2026-06-17,legumes,tomate-ceasas,Tomate - Ceasas,Santa Cruz/Extra A,,preco,,s/ cotação,R$/Kg,price,BRL,kg,spot,,,physical
2026-06-17,legumes,tomate-ceasas,Tomate - Ceasas,Santa Cruz/Extra A,,variacao_pct,,-,%,change_pct,,pct,spot,,,physical
2026-06-18,legumes,batata-ceasas,Batata - Ceasas,Agatha Primeira,,preco,2.4,"2,40",R$/Kg,price,BRL,kg,spot,,,physical
2026-06-18,legumes,batata-ceasas,Batata - Ceasas,Agatha Primeira,,variacao_pct,-25.0,"-25,00",%,change_pct,,pct,spot,,,physical
2026-06-18,legumes,batata-ceasas,Batata - Ceasas,Aster Primeira,,preco,2.0,"2,00",R$/Kg,price,BRL,kg,spot,,,physical
2026-06-18,legumes,batata-ceasas,Batata - Ceasas,Aster Primeira,,variacao_pct,0.0,"0,00",%,change_pct,,pct,spot,,,physical
2026-06-18,legumes,batata-ceasas,Batata - Ceasas,Asterix,,preco,5.51,"5,51",R$/Kg,price,BRL,kg,spot,,,physical
2026-06-18,legumes,batata-ceasas,Batata - Ceasas,Asterix,,variacao_pct,-0.72,"-0,72",%,change_pct,,pct,spot,,,physical
2026-06-18,legumes,batata-ceasas,Batata - Ceasas,Escovada Especial,,preco,5.6,"5,60",R$/Kg,price,BRL,kg,spot,,,physical
2026-06-18,legumes,batata-ceasas,Batata - Ceasas,Escovada Especial,,variacao_pct,16.67,"+16,67",%,change_pct,,pct,spot,,,physical
2026-06-18,legumes,batata-ceasas,Batata - Ceasas,Lavada Especial,,preco,5.78,"5,78",R$/Kg,price,BRL,kg,spot,,,physical
2026-06-18,legumes,batata-ceasas,Batata - Ceasas,Lavada Especial,,variacao_pct,-17.07,"-17,07",%,change_pct,,pct,spot,,,physical
2026-06-18,legumes,batata-ceasas,Batata - Ceasas,Yacon,,preco,7.0,"7,00",R$/Kg,price,BRL,kg,spot,,,physical
2026-06-18,legumes,batata-ceasas,Batata - Ceasas,Yacon,,variacao_pct,0.0,"0,00",%,change_pct,,pct,spot,,,physical
2026-06-18,legumes,cebola-no-atacado,Cebola - Ceasas,Amarela Mineira,,preco,4.0,"4,00",R$/Kg,price,BRL,kg,spot,,,physical
2026-06-18,legumes,cebola-no-atacado,Cebola - Ceasas,Amarela Mineira,,variacao_pct,0.0,"0,00",%,change_pct,,pct,spot,,,physical
2026-06-18,legumes,cebola-no-atacado,Cebola - Ceasas,Amarela Paulista,,preco,,s/ cotação,R$/Kg,price,BRL,kg,spot,,,physical
2026-06-18,legumes,cebola-no-atacado,Cebola - Ceasas,Amarela Paulista,,variacao_pct,,-,%,change_pct,,pct,spot,,,physical
2026-06-18,legumes,cebola-no-atacado,Cebola - Ceasas,Amarela Pernambucana,,preco,,s/ cotação,R$/Kg,price,BRL,kg,spot,,,physical
2026-06-18,legumes,cebola-no-atacado,Cebola - Ceasas,Amarela Pernambucana,,variacao_pct,,-,%,change_pct,,pct,spot,,,physical
2026-06-18,legumes,cebola-no-atacado,Cebola - Ceasas,Amarela Santa Catarina,,preco,,s/ cotação,R$/Kg,price,BRL,kg,spot,,,physical
2026-06-18,legumes,cebola-no-atacado,Cebola - Ceasas,Amarela Santa Catarina,,variacao_pct,,-,%,change_pct,,pct,spot,,,physical
2026-06-18,legumes,cebola-no-atacado,Cebola - Ceasas,Importada Argentina,,preco,5.5,"5,50",R$/Kg,price,BRL,kg,spot,,,physical
2026-06-18,legumes,cebola-no-atacado,Cebola - Ceasas,Importada Argentina,,variacao_pct,29.41,"+29,41",%,change_pct,,pct,spot,,,physical
2026-06-18,legumes,cebola-no-atacado,Cebola - Ceasas,Nacional (Caixa 4),,preco,4.59,"4,59",R$/Kg,price,BRL,kg,spot,,,physical
2026-06-18,legumes,cebola-no-atacado,Cebola - Ceasas,Nacional (Caixa 4),,variacao_pct,-2.13,"-2,13",%,change_pct,,pct,spot,,,physical
2026-06-18,legumes,cebola-no-atacado,Cebola - Ceasas,Roxa (Caixa 4),,preco,4.96,"4,96",R$/Kg,price,BRL,kg,spot,,,physical
2026-06-18,legumes,cebola-no-atacado,Cebola - Ceasas,Roxa (Caixa 4),,variacao_pct,-5.52,"-5,52",%,change_pct,,pct,spot,,,physical
2026-06-18,legumes,cenoura-ceasas,Cenoura - Ceasas,Cenoura 2A,,preco,5.88,"5,88",R$/Kg,price,BRL,kg,spot,,,physical
2026-06-18,legumes,cenoura-ceasas,Cenoura - Ceasas,Cenoura 2A,,variacao_pct,-3.13,"-3,13",%,change_pct,,pct,spot,,,physical
2026-06-18,legumes,cenoura-ceasas,Cenoura - Ceasas,Cenoura G,,preco,4.93,"4,93",R$/Kg,price,BRL,kg,spot,,,physical
2026-06-18,legumes,cenoura-ceasas,Cenoura - Ceasas,Cenoura G,,variacao_pct,-6.98,"-6,98",%,change_pct,,pct,spot,,,physical
2026-06-18,legumes,cenoura-ceasas,Cenoura - Ceasas,Especial,,preco,5.0,"5,00",R$/Kg,price,BRL,kg,spot,,,physical
2026-06-18,legumes,cenoura-ceasas,Cenoura - Ceasas,Especial,,variacao_pct,0.0,"0,00",%,change_pct,,pct,spot,,,physical
2026-06-18,legumes,cenoura-ceasas,Cenoura - Ceasas,Extra,,preco,4.25,"4,25",R$/Kg,price,BRL,kg,spot,,,physical
2026-06-18,legumes,cenoura-ceasas,Cenoura - Ceasas,Extra,,variacao_pct,-5.56,"-5,56",%,change_pct,,pct,spot,,,physical
2026-06-18,legumes,cenoura-ceasas,Cenoura - Ceasas,Extra A,,preco,6.0,"6,00",R$/Kg,price,BRL,kg,spot,,,physical
2026-06-18,legumes,cenoura-ceasas,Cenoura - Ceasas,Extra A,,variacao_pct,-7.69,"-7,69",%,change_pct,,pct,spot,,,physical
2026-06-18,legumes,tomate-ceasas,Tomate - Ceasas,Carmem 3A,,preco,6.79,"6,79",R$/Kg,price,BRL,kg,spot,,,physical
2026-06-18,legumes,tomate-ceasas,Tomate - Ceasas,Carmem 3A,,variacao_pct,-19.74,"-19,74",%,change_pct,,pct,spot,,,physical
2026-06-18,legumes,tomate-ceasas,Tomate - Ceasas,Débora 3A,,preco,4.92,"4,92",R$/Kg,price,BRL,kg,spot,,,physical
2026-06-18,legumes,tomate-ceasas,Tomate - Ceasas,Débora 3A,,variacao_pct,-40.51,"-40,51",%,change_pct,,pct,spot,,,physical
2026-06-18,legumes,tomate-ceasas,Tomate - Ceasas,Longa Vida/Carmem Extra,,preco,7.5,"7,50",R$/Kg,price,BRL,kg,spot,,,physical
2026-06-18,legumes,tomate-ceasas,Tomate - Ceasas,Longa Vida/Carmem Extra,,variacao_pct,7.14,"+7,14",%,change_pct,,pct,spot,,,physical
2026-06-18,legumes,tomate-ceasas,Tomate - Ceasas,Longa Vida/Débora Extra,,preco,7.5,"7,50",R$/Kg,price,BRL,kg,spot,,,physical
2026-06-18,legumes,tomate-ceasas,Tomate - Ceasas,Longa Vida/Débora Extra,,variacao_pct,-11.76,"-11,76",%,change_pct,,pct,spot,,,physical
2026-06-18,legumes,tomate-ceasas,Tomate - Ceasas,Longa Vida/Extra A,,preco,3.0,"3,00",R$/Kg,price,BRL,kg,spot,,,physical
2026-06-18,legumes,tomate-ceasas,Tomate - Ceasas,Longa Vida/Extra A,,variacao_pct,-45.45,"-45,45",%,change_pct,,pct,spot,,,physical
2026-06-18,legumes,tomate-ceasas,Tomate - Ceasas,Santa Cruz/Extra A,,preco,,s/ cotação,R$/Kg,price,BRL,kg,spot,,,physical
2026-06-18,legumes,tomate-ceasas,Tomate - Ceasas,Santa Cruz/Extra A,,variacao_pct,,-,%,change_pct,,pct,spot,,,physical
2026-06-19,legumes,batata-ceasas,Batata - Ceasas,Agatha Primeira,,preco,2.4,"2,40",R$/Kg,price,BRL,kg,spot,,,physical
2026-06-19,legumes,batata-ceasas,Batata - Ceasas,Agatha Primeira,,variacao_pct,0.0,"0,00",%,change_pct,,pct,spot,,,physical
2026-06-19,legumes,batata-ceasas,Batata - Ceasas,Aster Primeira,,preco,2.0,"2,00",R$/Kg,price,BRL,kg,spot,,,physical
2026-06-19,legumes,batata-ceasas,Batata - Ceasas,Aster Primeira,,variacao_pct,0.0,"0,00",%,change_pct,,pct,spot,,,physical
2026-06-19,legumes,batata-ceasas,Batata - Ceasas,Asterix,,preco,5.51,"5,51",R$/Kg,price,BRL,kg,spot,,,physical
2026-06-19,legumes,batata-ceasas,Batata - Ceasas,Asterix,,variacao_pct,0.0,"0,00",%,change_pct,,pct,spot,,,physical
2026-06-19,legumes,batata-ceasas,Batata - Ceasas,Escovada Especial,,preco,5.6,"5,60",R$/Kg,price,BRL,kg,spot,,,physical
2026-06-19,legumes,batata-ceasas,Batata - Ceasas,Escovada Especial,,variacao_pct,0.0,"0,00",%,change_pct,,pct,spot,,,physical
2026-06-19,legumes,batata-ceasas,Batata - Ceasas,Lavada Especial,,preco,5.78,"5,78",R$/Kg,price,BRL,kg,spot,,,physical
2026-06-19,legumes,batata-ceasas,Batata - Ceasas,Lavada Especial,,variacao_pct,0.0,"0,00",%,change_pct,,pct,spot,,,physical
2026-06-19,legumes,batata-ceasas,Batata - Ceasas,Yacon,,preco,7.0,"7,00",R$/Kg,price,BRL,kg,spot,,,physical
2026-06-19,legumes,batata-ceasas,Batata - Ceasas,Yacon,,variacao_pct,0.0,"0,00",%,change_pct,,pct,spot,,,physical
2026-06-19,legumes,cebola-no-atacado,Cebola - Ceasas,Amarela Mineira,,preco,4.0,"4,00",R$/Kg,price,BRL,kg,spot,,,physical
2026-06-19,legumes,cebola-no-atacado,Cebola - Ceasas,Amarela Mineira,,variacao_pct,0.0,"0,00",%,change_pct,,pct,spot,,,physical
2026-06-19,legumes,cebola-no-atacado,Cebola - Ceasas,Amarela Paulista,,preco,,s/ cotação,R$/Kg,price,BRL,kg,spot,,,physical
2026-06-19,legumes,cebola-no-atacado,Cebola - Ceasas,Amarela Paulista,,variacao_pct,,-,%,change_pct,,pct,spot,,,physical
2026-06-19,legumes,cebola-no-atacado,Cebola - Ceasas,Amarela Pernambucana,,preco,,s/ cotação,R$/Kg,price,BRL,kg,spot,,,physical
2026-06-19,legumes,cebola-no-atacado,Cebola - Ceasas,Amarela Pernambucana,,variacao_pct,,-,%,change_pct,,pct,spot,,,physical
2026-06-19,legumes,cebola-no-atacado,Cebola - Ceasas,Amarela Santa Catarina,,preco,,s/ cotação,R$/Kg,price,BRL,kg,spot,,,physical
2026-06-19,legumes,cebola-no-atacado,Cebola - Ceasas,Amarela Santa Catarina,,variacao_pct,,-,%,change_pct,,pct,spot,,,physical
2026-06-19,legumes,cebola-no-atacado,Cebola - Ceasas,Importada Argentina,,preco,5.5,"5,50",R$/Kg,price,BRL,kg,spot,,,physical
2026-06-19,legumes,cebola-no-atacado,Cebola - Ceasas,Importada Argentina,,variacao_pct,0.0,"0,00",%,change_pct,,pct,spot,,,physical
2026-06-19,legumes,cebola-no-atacado,Cebola - Ceasas,Nacional (Caixa 4),,preco,4.59,"4,59",R$/Kg,price,BRL,kg,spot,,,physical
2026-06-19,legumes,cebola-no-atacado,Cebola - Ceasas,Nacional (Caixa 4),,variacao_pct,0.0,"0,00",%,change_pct,,pct,spot,,,physical
2026-06-19,legumes,cebola-no-atacado,Cebola - Ceasas,Roxa (Caixa 4),,preco,4.96,"4,96",R$/Kg,price,BRL,kg,spot,,,physical
2026-06-19,legumes,cebola-no-atacado,Cebola - Ceasas,Roxa (Caixa 4),,variacao_pct,0.0,"0,00",%,change_pct,,pct,spot,,,physical
2026-06-19,legumes,cenoura-ceasas,Cenoura - Ceasas,Cenoura 2A,,preco,5.88,"5,88",R$/Kg,price,BRL,kg,spot,,,physical
2026-06-19,legumes,cenoura-ceasas,Cenoura - Ceasas,Cenoura 2A,,variacao_pct,0.0,"0,00",%,change_pct,,pct,spot,,,physical
2026-06-19,legumes,cenoura-ceasas,Cenoura - Ceasas,Cenoura G,,preco,4.93,"4,93",R$/Kg,price,BRL,kg,spot,,,physical
2026-06-19,legumes,cenoura-ceasas,Cenoura - Ceasas,Cenoura G,,variacao_pct,0.0,"0,00",%,change_pct,,pct,spot,,,physical
2026-06-19,legumes,cenoura-ceasas,Cenoura - Ceasas,Especial,,preco,5.0,"5,00",R$/Kg,price,BRL,kg,spot,,,physical
2026-06-19,legumes,cenoura-ceasas,Cenoura - Ceasas,Especial,,variacao_pct,0.0,"0,00",%,change_pct,,pct,spot,,,physical
2026-06-19,legumes,cenoura-ceasas,Cenoura - Ceasas,Extra,,preco,4.25,"4,25",R$/Kg,price,BRL,kg,spot,,,physical
2026-06-19,legumes,cenoura-ceasas,Cenoura - Ceasas,Extra,,variacao_pct,0.0,"0,00",%,change_pct,,pct,spot,,,physical
2026-06-19,legumes,cenoura-ceasas,Cenoura - Ceasas,Extra A,,preco,6.0,"6,00",R$/Kg,price,BRL,kg,spot,,,physical
2026-06-19,legumes,cenoura-ceasas,Cenoura - Ceasas,Extra A,,variacao_pct,0.0,"0,00",%,change_pct,,pct,spot,,,physical
2026-06-19,legumes,tomate-ceasas,Tomate - Ceasas,Carmem 3A,,preco,6.79,"6,79",R$/Kg,price,BRL,kg,spot,,,physical
2026-06-19,legumes,tomate-ceasas,Tomate - Ceasas,Carmem 3A,,variacao_pct,0.0,"0,00",%,change_pct,,pct,spot,,,physical
2026-06-19,legumes,tomate-ceasas,Tomate - Ceasas,Débora 3A,,preco,4.92,"4,92",R$/Kg,price,BRL,kg,spot,,,physical
2026-06-19,legumes,tomate-ceasas,Tomate - Ceasas,Débora 3A,,variacao_pct,0.0,"0,00",%,change_pct,,pct,spot,,,physical
2026-06-19,legumes,tomate-ceasas,Tomate - Ceasas,Longa Vida/Carmem Extra,,preco,7.5,"7,50",R$/Kg,price,BRL,kg,spot,,,physical
2026-06-19,legumes,tomate-ceasas,Tomate - Ceasas,Longa Vida/Carmem Extra,,variacao_pct,0.0,"0,00",%,change_pct,,pct,spot,,,physical
2026-06-19,legumes,tomate-ceasas,Tomate - Ceasas,Longa Vida/Débora Extra,,preco,7.5,"7,50",R$/Kg,price,BRL,kg,spot,,,physical
2026-06-19,legumes,tomate-ceasas,Tomate - Ceasas,Longa Vida/Débora Extra,,variacao_pct,0.0,"0,00",%,change_pct,,pct,spot,,,physical
2026-06-19,legumes,tomate-ceasas,Tomate - Ceasas,Longa Vida/Extra A,,preco,3.0,"3,00",R$/Kg,price,BRL,kg,spot,,,physical
2026-06-19,legumes,tomate-ceasas,Tomate - Ceasas,Longa Vida/Extra A,,variacao_pct,0.0,"0,00",%,change_pct,,pct,spot,,,physical
2026-06-19,legumes,tomate-ceasas,Tomate - Ceasas,Santa Cruz/Extra A,,preco,,s/ cotação,R$/Kg,price,BRL,kg,spot,,,physical
2026-06-19,legumes,tomate-ceasas,Tomate - Ceasas,Santa Cruz/Extra A,,variacao_pct,,-,%,change_pct,,pct,spot,,,physical
2026-06-22,legumes,batata-ceasas,Batata - Ceasas,Agatha Primeira,,preco,2.0,"2,00",R$/Kg,price,BRL,kg,spot,,,physical
2026-06-22,legumes,batata-ceasas,Batata - Ceasas,Agatha Primeira,,variacao_pct,-16.67,"-16,67",%,change_pct,,pct,spot,,,physical
2026-06-22,legumes,batata-ceasas,Batata - Ceasas,Aster Primeira,,preco,1.6,"1,60",R$/Kg,price,BRL,kg,spot,,,physical
2026-06-22,legumes,batata-ceasas,Batata - Ceasas,Aster Primeira,,variacao_pct,-20.0,"-20,00",%,change_pct,,pct,spot,,,physical
2026-06-22,legumes,batata-ceasas,Batata - Ceasas,Asterix,,preco,4.97,"4,97",R$/Kg,price,BRL,kg,spot,,,physical
2026-06-22,legumes,batata-ceasas,Batata - Ceasas,Asterix,,variacao_pct,-9.8,"-9,80",%,change_pct,,pct,spot,,,physical
2026-06-22,legumes,batata-ceasas,Batata - Ceasas,Escovada Especial,,preco,,s/ cotação,R$/Kg,price,BRL,kg,spot,,,physical
2026-06-22,legumes,batata-ceasas,Batata - Ceasas,Escovada Especial,,variacao_pct,,-,%,change_pct,,pct,spot,,,physical
2026-06-22,legumes,batata-ceasas,Batata - Ceasas,Lavada Especial,,preco,5.24,"5,24",R$/Kg,price,BRL,kg,spot,,,physical
2026-06-22,legumes,batata-ceasas,Batata - Ceasas,Lavada Especial,,variacao_pct,-9.34,"-9,34",%,change_pct,,pct,spot,,,physical
2026-06-22,legumes,batata-ceasas,Batata - Ceasas,Yacon,,preco,5.5,"5,50",R$/Kg,price,BRL,kg,spot,,,physical
2026-06-22,legumes,batata-ceasas,Batata - Ceasas,Yacon,,variacao_pct,-21.43,"-21,43",%,change_pct,,pct,spot,,,physical
2026-06-22,legumes,cebola-no-atacado,Cebola - Ceasas,Amarela Mineira,,preco,4.0,"4,00",R$/Kg,price,BRL,kg,spot,,,physical
2026-06-22,legumes,cebola-no-atacado,Cebola - Ceasas,Amarela Mineira,,variacao_pct,0.0,"0,00",%,change_pct,,pct,spot,,,physical
2026-06-22,legumes,cebola-no-atacado,Cebola - Ceasas,Amarela Paulista,,preco,,s/ cotação,R$/Kg,price,BRL,kg,spot,,,physical
2026-06-22,legumes,cebola-no-atacado,Cebola - Ceasas,Amarela Paulista,,variacao_pct,,-,%,change_pct,,pct,spot,,,physical
2026-06-22,legumes,cebola-no-atacado,Cebola - Ceasas,Amarela Pernambucana,,preco,,s/ cotação,R$/Kg,price,BRL,kg,spot,,,physical
2026-06-22,legumes,cebola-no-atacado,Cebola - Ceasas,Amarela Pernambucana,,variacao_pct,,-,%,change_pct,,pct,spot,,,physical
2026-06-22,legumes,cebola-no-atacado,Cebola - Ceasas,Amarela Santa Catarina,,preco,4.75,"4,75",R$/Kg,price,BRL,kg,spot,,,physical
2026-06-22,legumes,cebola-no-atacado,Cebola - Ceasas,Amarela Santa Catarina,,variacao_pct,,-,%,change_pct,,pct,spot,,,physical
2026-06-22,legumes,cebola-no-atacado,Cebola - Ceasas,Importada Argentina,,preco,4.0,"4,00",R$/Kg,price,BRL,kg,spot,,,physical
2026-06-22,legumes,cebola-no-atacado,Cebola - Ceasas,Importada Argentina,,variacao_pct,-27.27,"-27,27",%,change_pct,,pct,spot,,,physical
2026-06-22,legumes,cebola-no-atacado,Cebola - Ceasas,Nacional (Caixa 4),,preco,4.45,"4,45",R$/Kg,price,BRL,kg,spot,,,physical
2026-06-22,legumes,cebola-no-atacado,Cebola - Ceasas,Nacional (Caixa 4),,variacao_pct,-3.05,"-3,05",%,change_pct,,pct,spot,,,physical
2026-06-22,legumes,cebola-no-atacado,Cebola - Ceasas,Roxa (Caixa 4),,preco,4.82,"4,82",R$/Kg,price,BRL,kg,spot,,,physical
2026-06-22,legumes,cebola-no-atacado,Cebola - Ceasas,Roxa (Caixa 4),,variacao_pct,-2.82,"-2,82",%,change_pct,,pct,spot,,,physical
2026-06-22,legumes,cenoura-ceasas,Cenoura - Ceasas,Cenoura 2A,,preco,5.59,"5,59",R$/Kg,price,BRL,kg,spot,,,physical
2026-06-22,legumes,cenoura-ceasas,Cenoura - Ceasas,Cenoura 2A,,variacao_pct,-4.93,"-4,93",%,change_pct,,pct,spot,,,physical
2026-06-22,legumes,cenoura-ceasas,Cenoura - Ceasas,Cenoura G,,preco,5.1,"5,10",R$/Kg,price,BRL,kg,spot,,,physical
2026-06-22,legumes,cenoura-ceasas,Cenoura - Ceasas,Cenoura G,,variacao_pct,3.45,"+3,45",%,change_pct,,pct,spot,,,physical
2026-06-22,legumes,cenoura-ceasas,Cenoura - Ceasas,Especial,,preco,5.0,"5,00",R$/Kg,price,BRL,kg,spot,,,physical
2026-06-22,legumes,cenoura-ceasas,Cenoura - Ceasas,Especial,,variacao_pct,0.0,"0,00",%,change_pct,,pct,spot,,,physical
2026-06-22,legumes,cenoura-ceasas,Cenoura - Ceasas,Extra,,preco,4.25,"4,25",R$/Kg,price,BRL,kg,spot,,,physical
2026-06-22,legumes,cenoura-ceasas,Cenoura - Ceasas,Extra,,variacao_pct,0.0,"0,00",%,change_pct,,pct,spot,,,physical
2026-06-22,legumes,cenoura-ceasas,Cenoura - Ceasas,Extra A,,preco,6.0,"6,00",R$/Kg,price,BRL,kg,spot,,,physical
2026-06-22,legumes,cenoura-ceasas,Cenoura - Ceasas,Extra A,,variacao_pct,0.0,"0,00",%,change_pct,,pct,spot,,,physical
2026-06-22,legumes,tomate-ceasas,Tomate - Ceasas,Carmem 3A,,preco,5.5,"5,50",R$/Kg,price,BRL,kg,spot,,,physical
2026-06-22,legumes,tomate-ceasas,Tomate - Ceasas,Carmem 3A,,variacao_pct,-19.0,"-19,00",%,change_pct,,pct,spot,,,physical
2026-06-22,legumes,tomate-ceasas,Tomate - Ceasas,Débora 3A,,preco,5.77,"5,77",R$/Kg,price,BRL,kg,spot,,,physical
2026-06-22,legumes,tomate-ceasas,Tomate - Ceasas,Débora 3A,,variacao_pct,17.28,"+17,28",%,change_pct,,pct,spot,,,physical
2026-06-22,legumes,tomate-ceasas,Tomate - Ceasas,Longa Vida/Carmem Extra,,preco,5.75,"5,75",R$/Kg,price,BRL,kg,spot,,,physical
2026-06-22,legumes,tomate-ceasas,Tomate - Ceasas,Longa Vida/Carmem Extra,,variacao_pct,-23.33,"-23,33",%,change_pct,,pct,spot,,,physical
2026-06-22,legumes,tomate-ceasas,Tomate - Ceasas,Longa Vida/Débora Extra,,preco,5.75,"5,75",R$/Kg,price,BRL,kg,spot,,,physical
2026-06-22,legumes,tomate-ceasas,Tomate - Ceasas,Longa Vida/Débora Extra,,variacao_pct,-23.33,"-23,33",%,change_pct,,pct,spot,,,physical
2026-06-22,legumes,tomate-ceasas,Tomate - Ceasas,Longa Vida/Extra A,,preco,1.5,"1,50",R$/Kg,price,BRL,kg,spot,,,physical
2026-06-22,legumes,tomate-ceasas,Tomate - Ceasas,Longa Vida/Extra A,,variacao_pct,-50.0,"-50,00",%,change_pct,,pct,spot,,,physical
2026-06-22,legumes,tomate-ceasas,Tomate - Ceasas,Santa Cruz/Extra A,,preco,,s/ cotação,R$/Kg,price,BRL,kg,spot,,,physical
2026-06-22,legumes,tomate-ceasas,Tomate - Ceasas,Santa Cruz/Extra A,,variacao_pct,,-,%,change_pct,,pct,spot,,,physical
2026-06-23,legumes,batata-ceasas,Batata - Ceasas,Agatha Primeira,,preco,2.0,"2,00",R$/Kg,price,BRL,kg,spot,,,physical
2026-06-23,legumes,batata-ceasas,Batata - Ceasas,Agatha Primeira,,variacao_pct,0.0,"0,00",%,change_pct,,pct,spot,,,physical
2026-06-23,legumes,batata-ceasas,Batata - Ceasas,Aster Primeira,,preco,1.6,"1,60",R$/Kg,price,BRL,kg,spot,,,physical
2026-06-23,legumes,batata-ceasas,Batata - Ceasas,Aster Primeira,,variacao_pct,0.0,"0,00",%,change_pct,,pct,spot,,,physical
2026-06-23,legumes,batata-ceasas,Batata - Ceasas,Asterix,,preco,4.74,"4,74",R$/Kg,price,BRL,kg,spot,,,physical
2026-06-23,legumes,batata-ceasas,Batata - Ceasas,Asterix,,variacao_pct,-4.63,"-4,63",%,change_pct,,pct,spot,,,physical
2026-06-23,legumes,batata-ceasas,Batata - Ceasas,Escovada Especial,,preco,,s/ cotação,R$/Kg,price,BRL,kg,spot,,,physical
2026-06-23,legumes,batata-ceasas,Batata - Ceasas,Escovada Especial,,variacao_pct,,-,%,change_pct,,pct,spot,,,physical
2026-06-23,legumes,batata-ceasas,Batata - Ceasas,Lavada Especial,,preco,4.96,"4,96",R$/Kg,price,BRL,kg,spot,,,physical
2026-06-23,legumes,batata-ceasas,Batata - Ceasas,Lavada Especial,,variacao_pct,-5.34,"-5,34",%,change_pct,,pct,spot,,,physical
2026-06-23,legumes,batata-ceasas,Batata - Ceasas,Yacon,,preco,5.5,"5,50",R$/Kg,price,BRL,kg,spot,,,physical
2026-06-23,legumes,batata-ceasas,Batata - Ceasas,Yacon,,variacao_pct,0.0,"0,00",%,change_pct,,pct,spot,,,physical
2026-06-23,legumes,cebola-no-atacado,Cebola - Ceasas,Amarela Mineira,,preco,4.0,"4,00",R$/Kg,price,BRL,kg,spot,,,physical
2026-06-23,legumes,cebola-no-atacado,Cebola - Ceasas,Amarela Mineira,,variacao_pct,0.0,"0,00",%,change_pct,,pct,spot,,,physical
2026-06-23,legumes,cebola-no-atacado,Cebola - Ceasas,Amarela Paulista,,preco,,s/ cotação,R$/Kg,price,BRL,kg,spot,,,physical
2026-06-23,legumes,cebola-no-atacado,Cebola - Ceasas,Amarela Paulista,,variacao_pct,,-,%,change_pct,,pct,spot,,,physical
2026-06-23,legumes,cebola-no-atacado,Cebola - Ceasas,Amarela Pernambucana,,preco,,s/ cotação,R$/Kg,price,BRL,kg,spot,,,physical
2026-06-23,legumes,cebola-no-atacado,Cebola - Ceasas,Amarela Pernambucana,,variacao_pct,,-,%,change_pct,,pct,spot,,,physical
2026-06-23,legumes,cebola-no-atacado,Cebola - Ceasas,Amarela Santa Catarina,,preco,4.75,"4,75",R$/Kg,price,BRL,kg,spot,,,physical
2026-06-23,legumes,cebola-no-atacado,Cebola - Ceasas,Amarela Santa Catarina,,variacao_pct,,-,%,change_pct,,pct,spot,,,physical
2026-06-23,legumes,cebola-no-atacado,Cebola - Ceasas,Importada Argentina,,preco,4.0,"4,00",R$/Kg,price,BRL,kg,spot,,,physical
2026-06-23,legumes,cebola-no-atacado,Cebola - Ceasas,Importada Argentina,,variacao_pct,0.0,"0,00",%,change_pct,,pct,spot,,,physical
2026-06-23,legumes,cebola-no-atacado,Cebola - Ceasas,Nacional (Caixa 4),,preco,4.54,"4,54",R$/Kg,price,BRL,kg,spot,,,physical
2026-06-23,legumes,cebola-no-atacado,Cebola - Ceasas,Nacional (Caixa 4),,variacao_pct,2.02,"+2,02",%,change_pct,,pct,spot,,,physical
2026-06-23,legumes,cebola-no-atacado,Cebola - Ceasas,Roxa (Caixa 4),,preco,4.9,"4,90",R$/Kg,price,BRL,kg,spot,,,physical
2026-06-23,legumes,cebola-no-atacado,Cebola - Ceasas,Roxa (Caixa 4),,variacao_pct,1.66,"+1,66",%,change_pct,,pct,spot,,,physical
2026-06-23,legumes,cenoura-ceasas,Cenoura - Ceasas,Cenoura 2A,,preco,5.29,"5,29",R$/Kg,price,BRL,kg,spot,,,physical
2026-06-23,legumes,cenoura-ceasas,Cenoura - Ceasas,Cenoura 2A,,variacao_pct,-5.37,"-5,37",%,change_pct,,pct,spot,,,physical
2026-06-23,legumes,cenoura-ceasas,Cenoura - Ceasas,Cenoura G,,preco,4.55,"4,55",R$/Kg,price,BRL,kg,spot,,,physical
2026-06-23,legumes,cenoura-ceasas,Cenoura - Ceasas,Cenoura G,,variacao_pct,-10.78,"-10,78",%,change_pct,,pct,spot,,,physical
2026-06-23,legumes,cenoura-ceasas,Cenoura - Ceasas,Especial,,preco,5.0,"5,00",R$/Kg,price,BRL,kg,spot,,,physical
2026-06-23,legumes,cenoura-ceasas,Cenoura - Ceasas,Especial,,variacao_pct,0.0,"0,00",%,change_pct,,pct,spot,,,physical
2026-06-23,legumes,cenoura-ceasas,Cenoura - Ceasas,Extra,,preco,4.25,"4,25",R$/Kg,price,BRL,kg,spot,,,physical
2026-06-23,legumes,cenoura-ceasas,Cenoura - Ceasas,Extra,,variacao_pct,0.0,"0,00",%,change_pct,,pct,spot,,,physical
2026-06-23,legumes,cenoura-ceasas,Cenoura - Ceasas,Extra A,,preco,6.0,"6,00",R$/Kg,price,BRL,kg,spot,,,physical
2026-06-23,legumes,cenoura-ceasas,Cenoura - Ceasas,Extra A,,variacao_pct,0.0,"0,00",%,change_pct,,pct,spot,,,physical
2026-06-23,legumes,tomate-ceasas,Tomate - Ceasas,Carmem 3A,,preco,4.86,"4,86",R$/Kg,price,BRL,kg,spot,,,physical
2026-06-23,legumes,tomate-ceasas,Tomate - Ceasas,Carmem 3A,,variacao_pct,-11.64,"-11,64",%,change_pct,,pct,spot,,,physical
2026-06-23,legumes,tomate-ceasas,Tomate - Ceasas,Débora 3A,,preco,4.69,"4,69",R$/Kg,price,BRL,kg,spot,,,physical
2026-06-23,legumes,tomate-ceasas,Tomate - Ceasas,Débora 3A,,variacao_pct,-18.72,"-18,72",%,change_pct,,pct,spot,,,physical
2026-06-23,legumes,tomate-ceasas,Tomate - Ceasas,Longa Vida/Carmem Extra,,preco,5.75,"5,75",R$/Kg,price,BRL,kg,spot,,,physical
2026-06-23,legumes,tomate-ceasas,Tomate - Ceasas,Longa Vida/Carmem Extra,,variacao_pct,0.0,"0,00",%,change_pct,,pct,spot,,,physical
2026-06-23,legumes,tomate-ceasas,Tomate - Ceasas,Longa Vida/Débora Extra,,preco,5.75,"5,75",R$/Kg,price,BRL,kg,spot,,,physical
2026-06-23,legumes,tomate-ceasas,Tomate - Ceasas,Longa Vida/Débora Extra,,variacao_pct,0.0,"0,00",%,change_pct,,pct,spot,,,physical
2026-06-23,legumes,tomate-ceasas,Tomate - Ceasas,Longa Vida/Extra A,,preco,1.5,"1,50",R$/Kg,price,BRL,kg,spot,,,physical
2026-06-23,legumes,tomate-ceasas,Tomate - Ceasas,Longa Vida/Extra A,,variacao_pct,0.0,"0,00",%,change_pct,,pct,spot,,,physical
2026-06-23,legumes,tomate-ceasas,Tomate - Ceasas,Santa Cruz/Extra A,,preco,,s/ cotação,R$/Kg,price,BRL,kg,spot,,,physical
2026-06-23,legumes,tomate-ceasas,Tomate - Ceasas,Santa Cruz/Extra A,,variacao_pct,,-,%,change_pct,,pct,spot,,,physical
2026-06-24,legumes,batata-ceasas,Batata - Ceasas,Agatha Primeira,,preco,2.0,"2,00",R$/Kg,price,BRL,kg,spot,,,physical
2026-06-24,legumes,batata-ceasas,Batata - Ceasas,Agatha Primeira,,variacao_pct,0.0,"0,00",%,change_pct,,pct,spot,,,physical
2026-06-24,legumes,batata-ceasas,Batata - Ceasas,Aster Primeira,,preco,1.6,"1,60",R$/Kg,price,BRL,kg,spot,,,physical
2026-06-24,legumes,batata-ceasas,Batata - Ceasas,Aster Primeira,,variacao_pct,0.0,"0,00",%,change_pct,,pct,spot,,,physical
2026-06-24,legumes,batata-ceasas,Batata - Ceasas,Asterix,,preco,4.74,"4,74",R$/Kg,price,BRL,kg,spot,,,physical
2026-06-24,legumes,batata-ceasas,Batata - Ceasas,Asterix,,variacao_pct,0.0,"0,00",%,change_pct,,pct,spot,,,physical
2026-06-24,legumes,batata-ceasas,Batata - Ceasas,Escovada Especial,,preco,,s/ cotação,R$/Kg,price,BRL,kg,spot,,,physical
2026-06-24,legumes,batata-ceasas,Batata - Ceasas,Escovada Especial,,variacao_pct,,-,%,change_pct,,pct,spot,,,physical
2026-06-24,legumes,batata-ceasas,Batata - Ceasas,Lavada Especial,,preco,4.96,"4,96",R$/Kg,price,BRL,kg,spot,,,physical
2026-06-24,legumes,batata-ceasas,Batata - Ceasas,Lavada Especial,,variacao_pct,0.0,"0,00",%,change_pct,,pct,spot,,,physical
2026-06-24,legumes,batata-ceasas,Batata - Ceasas,Yacon,,preco,5.5,"5,50",R$/Kg,price,BRL,kg,spot,,,physical
2026-06-24,legumes,batata-ceasas,Batata - Ceasas,Yacon,,variacao_pct,0.0,"0,00",%,change_pct,,pct,spot,,,physical
2026-06-24,legumes,cebola-no-atacado,Cebola - Ceasas,Amarela Mineira,,preco,4.0,"4,00",R$/Kg,price,BRL,kg,spot,,,physical
2026-06-24,legumes,cebola-no-atacado,Cebola - Ceasas,Amarela Mineira,,variacao_pct,0.0,"0,00",%,change_pct,,pct,spot,,,physical
2026-06-24,legumes,cebola-no-atacado,Cebola - Ceasas,Amarela Paulista,,preco,,s/ cotação,R$/Kg,price,BRL,kg,spot,,,physical
2026-06-24,legumes,cebola-no-atacado,Cebola - Ceasas,Amarela Paulista,,variacao_pct,,-,%,change_pct,,pct,spot,,,physical
2026-06-24,legumes,cebola-no-atacado,Cebola - Ceasas,Amarela Pernambucana,,preco,,s/ cotação,R$/Kg,price,BRL,kg,spot,,,physical
2026-06-24,legumes,cebola-no-atacado,Cebola - Ceasas,Amarela Pernambucana,,variacao_pct,,-,%,change_pct,,pct,spot,,,physical
2026-06-24,legumes,cebola-no-atacado,Cebola - Ceasas,Amarela Santa Catarina,,preco,4.75,"4,75",R$/Kg,price,BRL,kg,spot,,,physical
2026-06-24,legumes,cebola-no-atacado,Cebola - Ceasas,Amarela Santa Catarina,,variacao_pct,0.0,"0,00",%,change_pct,,pct,spot,,,physical
2026-06-24,legumes,cebola-no-atacado,Cebola - Ceasas,Importada Argentina,,preco,4.0,"4,00",R$/Kg,price,BRL,kg,spot,,,physical
2026-06-24,legumes,cebola-no-atacado,Cebola - Ceasas,Importada Argentina,,variacao_pct,0.0,"0,00",%,change_pct,,pct,spot,,,physical
2026-06-24,legumes,cebola-no-atacado,Cebola - Ceasas,Nacional (Caixa 4),,preco,4.54,"4,54",R$/Kg,price,BRL,kg,spot,,,physical
2026-06-24,legumes,cebola-no-atacado,Cebola - Ceasas,Nacional (Caixa 4),,variacao_pct,0.0,"0,00",%,change_pct,,pct,spot,,,physical
2026-06-24,legumes,cebola-no-atacado,Cebola - Ceasas,Roxa (Caixa 4),,preco,4.9,"4,90",R$/Kg,price,BRL,kg,spot,,,physical
2026-06-24,legumes,cebola-no-atacado,Cebola - Ceasas,Roxa (Caixa 4),,variacao_pct,0.0,"0,00",%,change_pct,,pct,spot,,,physical
2026-06-24,legumes,cenoura-ceasas,Cenoura - Ceasas,Cenoura 2A,,preco,5.29,"5,29",R$/Kg,price,BRL,kg,spot,,,physical
2026-06-24,legumes,cenoura-ceasas,Cenoura - Ceasas,Cenoura 2A,,variacao_pct,0.0,"0,00",%,change_pct,,pct,spot,,,physical
2026-06-24,legumes,cenoura-ceasas,Cenoura - Ceasas,Cenoura G,,preco,4.55,"4,55",R$/Kg,price,BRL,kg,spot,,,physical
2026-06-24,legumes,cenoura-ceasas,Cenoura - Ceasas,Cenoura G,,variacao_pct,0.0,"0,00",%,change_pct,,pct,spot,,,physical
2026-06-24,legumes,cenoura-ceasas,Cenoura - Ceasas,Especial,,preco,5.0,"5,00",R$/Kg,price,BRL,kg,spot,,,physical
2026-06-24,legumes,cenoura-ceasas,Cenoura - Ceasas,Especial,,variacao_pct,0.0,"0,00",%,change_pct,,pct,spot,,,physical
2026-06-24,legumes,cenoura-ceasas,Cenoura - Ceasas,Extra,,preco,4.25,"4,25",R$/Kg,price,BRL,kg,spot,,,physical
2026-06-24,legumes,cenoura-ceasas,Cenoura - Ceasas,Extra,,variacao_pct,0.0,"0,00",%,change_pct,,pct,spot,,,physical
2026-06-24,legumes,cenoura-ceasas,Cenoura - Ceasas,Extra A,,preco,6.0,"6,00",R$/Kg,price,BRL,kg,spot,,,physical
2026-06-24,legumes,cenoura-ceasas,Cenoura - Ceasas,Extra A,,variacao_pct,0.0,"0,00",%,change_pct,,pct,spot,,,physical
2026-06-24,legumes,tomate-ceasas,Tomate - Ceasas,Carmem 3A,,preco,4.86,"4,86",R$/Kg,price,BRL,kg,spot,,,physical
2026-06-24,legumes,tomate-ceasas,Tomate - Ceasas,Carmem 3A,,variacao_pct,0.0,"0,00",%,change_pct,,pct,spot,,,physical
2026-06-24,legumes,tomate-ceasas,Tomate - Ceasas,Débora 3A,,preco,4.69,"4,69",R$/Kg,price,BRL,kg,spot,,,physical
2026-06-24,legumes,tomate-ceasas,Tomate - Ceasas,Débora 3A,,variacao_pct,0.0,"0,00",%,change_pct,,pct,spot,,,physical
2026-06-24,legumes,tomate-ceasas,Tomate - Ceasas,Longa Vida/Carmem Extra,,preco,5.75,"5,75",R$/Kg,price,BRL,kg,spot,,,physical
2026-06-24,legumes,tomate-ceasas,Tomate - Ceasas,Longa Vida/Carmem Extra,,variacao_pct,0.0,"0,00",%,change_pct,,pct,spot,,,physical
2026-06-24,legumes,tomate-ceasas,Tomate - Ceasas,Longa Vida/Débora Extra,,preco,5.75,"5,75",R$/Kg,price,BRL,kg,spot,,,physical
2026-06-24,legumes,tomate-ceasas,Tomate - Ceasas,Longa Vida/Débora Extra,,variacao_pct,0.0,"0,00",%,change_pct,,pct,spot,,,physical
2026-06-24,legumes,tomate-ceasas,Tomate - Ceasas,Longa Vida/Extra A,,preco,1.5,"1,50",R$/Kg,price,BRL,kg,spot,,,physical
2026-06-24,legumes,tomate-ceasas,Tomate - Ceasas,Longa Vida/Extra A,,variacao_pct,0.0,"0,00",%,change_pct,,pct,spot,,,physical
2026-06-24,legumes,tomate-ceasas,Tomate - Ceasas,Santa Cruz/Extra A,,preco,,s/ cotação,R$/Kg,price,BRL,kg,spot,,,physical
2026-06-24,legumes,tomate-ceasas,Tomate - Ceasas,Santa Cruz/Extra A,,variacao_pct,,-,%,change_pct,,pct,spot,,,physical
2026-06-25,legumes,batata-ceasas,Batata - Ceasas,Agatha Primeira,,preco,2.0,"2,00",R$/Kg,price,BRL,kg,spot,,,physical
2026-06-25,legumes,batata-ceasas,Batata - Ceasas,Agatha Primeira,,variacao_pct,0.0,"0,00",%,change_pct,,pct,spot,,,physical
2026-06-25,legumes,batata-ceasas,Batata - Ceasas,Aster Primeira,,preco,1.6,"1,60",R$/Kg,price,BRL,kg,spot,,,physical
2026-06-25,legumes,batata-ceasas,Batata - Ceasas,Aster Primeira,,variacao_pct,0.0,"0,00",%,change_pct,,pct,spot,,,physical
2026-06-25,legumes,batata-ceasas,Batata - Ceasas,Asterix,,preco,5.1,"5,10",R$/Kg,price,BRL,kg,spot,,,physical
2026-06-25,legumes,batata-ceasas,Batata - Ceasas,Asterix,,variacao_pct,7.59,"+7,59",%,change_pct,,pct,spot,,,physical
2026-06-25,legumes,batata-ceasas,Batata - Ceasas,Escovada Especial,,preco,5.2,"5,20",R$/Kg,price,BRL,kg,spot,,,physical
2026-06-25,legumes,batata-ceasas,Batata - Ceasas,Escovada Especial,,variacao_pct,,-,%,change_pct,,pct,spot,,,physical
2026-06-25,legumes,batata-ceasas,Batata - Ceasas,Lavada Especial,,preco,5.72,"5,72",R$/Kg,price,BRL,kg,spot,,,physical
2026-06-25,legumes,batata-ceasas,Batata - Ceasas,Lavada Especial,,variacao_pct,15.32,"+15,32",%,change_pct,,pct,spot,,,physical
2026-06-25,legumes,batata-ceasas,Batata - Ceasas,Yacon,,preco,5.5,"5,50",R$/Kg,price,BRL,kg,spot,,,physical
2026-06-25,legumes,batata-ceasas,Batata - Ceasas,Yacon,,variacao_pct,0.0,"0,00",%,change_pct,,pct,spot,,,physical
2026-06-25,legumes,cebola-no-atacado,Cebola - Ceasas,Amarela Mineira,,preco,4.0,"4,00",R$/Kg,price,BRL,kg,spot,,,physical
2026-06-25,legumes,cebola-no-atacado,Cebola - Ceasas,Amarela Mineira,,variacao_pct,0.0,"0,00",%,change_pct,,pct,spot,,,physical
2026-06-25,legumes,cebola-no-atacado,Cebola - Ceasas,Amarela Paulista,,preco,,s/ cotação,R$/Kg,price,BRL,kg,spot,,,physical
2026-06-25,legumes,cebola-no-atacado,Cebola - Ceasas,Amarela Paulista,,variacao_pct,,-,%,change_pct,,pct,spot,,,physical
2026-06-25,legumes,cebola-no-atacado,Cebola - Ceasas,Amarela Pernambucana,,preco,,s/ cotação,R$/Kg,price,BRL,kg,spot,,,physical
2026-06-25,legumes,cebola-no-atacado,Cebola - Ceasas,Amarela Pernambucana,,variacao_pct,,-,%,change_pct,,pct,spot,,,physical
2026-06-25,legumes,cebola-no-atacado,Cebola - Ceasas,Amarela Santa Catarina,,preco,4.75,"4,75",R$/Kg,price,BRL,kg,spot,,,physical
2026-06-25,legumes,cebola-no-atacado,Cebola - Ceasas,Amarela Santa Catarina,,variacao_pct,0.0,"0,00",%,change_pct,,pct,spot,,,physical
2026-06-25,legumes,cebola-no-atacado,Cebola - Ceasas,Importada Argentina,,preco,4.0,"4,00",R$/Kg,price,BRL,kg,spot,,,physical
2026-06-25,legumes,cebola-no-atacado,Cebola - Ceasas,Importada Argentina,,variacao_pct,0.0,"0,00",%,change_pct,,pct,spot,,,physical
2026-06-25,legumes,cebola-no-atacado,Cebola - Ceasas,Nacional (Caixa 4),,preco,4.53,"4,53",R$/Kg,price,BRL,kg,spot,,,physical
2026-06-25,legumes,cebola-no-atacado,Cebola - Ceasas,Nacional (Caixa 4),,variacao_pct,-0.22,"-0,22",%,change_pct,,pct,spot,,,physical
2026-06-25,legumes,cebola-no-atacado,Cebola - Ceasas,Roxa (Caixa 4),,preco,5.07,"5,07",R$/Kg,price,BRL,kg,spot,,,physical
2026-06-25,legumes,cebola-no-atacado,Cebola - Ceasas,Roxa (Caixa 4),,variacao_pct,3.47,"+3,47",%,change_pct,,pct,spot,,,physical
2026-06-25,legumes,cenoura-ceasas,Cenoura - Ceasas,Cenoura 2A,,preco,5.06,"5,06",R$/Kg,price,BRL,kg,spot,,,physical
2026-06-25,legumes,cenoura-ceasas,Cenoura - Ceasas,Cenoura 2A,,variacao_pct,-4.35,"-4,35",%,change_pct,,pct,spot,,,physical
2026-06-25,legumes,cenoura-ceasas,Cenoura - Ceasas,Cenoura G,,preco,4.35,"4,35",R$/Kg,price,BRL,kg,spot,,,physical
2026-06-25,legumes,cenoura-ceasas,Cenoura - Ceasas,Cenoura G,,variacao_pct,-4.4,"-4,40",%,change_pct,,pct,spot,,,physical
2026-06-25,legumes,cenoura-ceasas,Cenoura - Ceasas,Especial,,preco,5.0,"5,00",R$/Kg,price,BRL,kg,spot,,,physical
2026-06-25,legumes,cenoura-ceasas,Cenoura - Ceasas,Especial,,variacao_pct,0.0,"0,00",%,change_pct,,pct,spot,,,physical
2026-06-25,legumes,cenoura-ceasas,Cenoura - Ceasas,Extra,,preco,3.75,"3,75",R$/Kg,price,BRL,kg,spot,,,physical
2026-06-25,legumes,cenoura-ceasas,Cenoura - Ceasas,Extra,,variacao_pct,-11.76,"-11,76",%,change_pct,,pct,spot,,,physical
2026-06-25,legumes,cenoura-ceasas,Cenoura - Ceasas,Extra A,,preco,5.0,"5,00",R$/Kg,price,BRL,kg,spot,,,physical
2026-06-25,legumes,cenoura-ceasas,Cenoura - Ceasas,Extra A,,variacao_pct,-16.67,"-16,67",%,change_pct,,pct,spot,,,physical
2026-06-25,legumes,tomate-ceasas,Tomate - Ceasas,Carmem 3A,,preco,4.43,"4,43",R$/Kg,price,BRL,kg,spot,,,physical
2026-06-25,legumes,tomate-ceasas,Tomate - Ceasas,Carmem 3A,,variacao_pct,-8.85,"-8,85",%,change_pct,,pct,spot,,,physical
2026-06-25,legumes,tomate-ceasas,Tomate - Ceasas,Débora 3A,,preco,4.72,"4,72",R$/Kg,price,BRL,kg,spot,,,physical
2026-06-25,legumes,tomate-ceasas,Tomate - Ceasas,Débora 3A,,variacao_pct,0.64,"+0,64",%,change_pct,,pct,spot,,,physical
2026-06-25,legumes,tomate-ceasas,Tomate - Ceasas,Longa Vida/Carmem Extra,,preco,5.75,"5,75",R$/Kg,price,BRL,kg,spot,,,physical
2026-06-25,legumes,tomate-ceasas,Tomate - Ceasas,Longa Vida/Carmem Extra,,variacao_pct,0.0,"0,00",%,change_pct,,pct,spot,,,physical
2026-06-25,legumes,tomate-ceasas,Tomate - Ceasas,Longa Vida/Débora Extra,,preco,5.75,"5,75",R$/Kg,price,BRL,kg,spot,,,physical
2026-06-25,legumes,tomate-ceasas,Tomate - Ceasas,Longa Vida/Débora Extra,,variacao_pct,0.0,"0,00",%,change_pct,,pct,spot,,,physical
2026-06-25,legumes,tomate-ceasas,Tomate - Ceasas,Longa Vida/Extra A,,preco,2.25,"2,25",R$/Kg,price,BRL,kg,spot,,,physical
2026-06-25,legumes,tomate-ceasas,Tomate - Ceasas,Longa Vida/Extra A,,variacao_pct,50.0,"+50,00",%,change_pct,,pct,spot,,,physical
2026-06-25,legumes,tomate-ceasas,Tomate - Ceasas,Santa Cruz/Extra A,,preco,,s/ cotação,R$/Kg,price,BRL,kg,spot,,,physical
2026-06-25,legumes,tomate-ceasas,Tomate - Ceasas,Santa Cruz/Extra A,,variacao_pct,,-,%,change_pct,,pct,spot,,,physical
2026-06-26,legumes,batata-ceasas,Batata - Ceasas,Agatha Primeira,,preco,2.0,"2,00",R$/Kg,price,BRL,kg,spot,,,physical
2026-06-26,legumes,batata-ceasas,Batata - Ceasas,Agatha Primeira,,variacao_pct,0.0,"0,00",%,change_pct,,pct,spot,,,physical
2026-06-26,legumes,batata-ceasas,Batata - Ceasas,Aster Primeira,,preco,,s/ cotação,R$/Kg,price,BRL,kg,spot,,,physical
2026-06-26,legumes,batata-ceasas,Batata - Ceasas,Aster Primeira,,variacao_pct,,-,%,change_pct,,pct,spot,,,physical
2026-06-26,legumes,batata-ceasas,Batata - Ceasas,Asterix,,preco,5.1,"5,10",R$/Kg,price,BRL,kg,spot,,,physical
2026-06-26,legumes,batata-ceasas,Batata - Ceasas,Asterix,,variacao_pct,0.0,"0,00",%,change_pct,,pct,spot,,,physical
2026-06-26,legumes,batata-ceasas,Batata - Ceasas,Escovada Especial,,preco,5.2,"5,20",R$/Kg,price,BRL,kg,spot,,,physical
2026-06-26,legumes,batata-ceasas,Batata - Ceasas,Escovada Especial,,variacao_pct,0.0,"0,00",%,change_pct,,pct,spot,,,physical
2026-06-26,legumes,batata-ceasas,Batata - Ceasas,Lavada Especial,,preco,5.72,"5,72",R$/Kg,price,BRL,kg,spot,,,physical
2026-06-26,legumes,batata-ceasas,Batata - Ceasas,Lavada Especial,,variacao_pct,0.0,"0,00",%,change_pct,,pct,spot,,,physical
2026-06-26,legumes,batata-ceasas,Batata - Ceasas,Yacon,,preco,5.5,"5,50",R$/Kg,price,BRL,kg,spot,,,physical
2026-06-26,legumes,batata-ceasas,Batata - Ceasas,Yacon,,variacao_pct,0.0,"0,00",%,change_pct,,pct,spot,,,physical
2026-06-26,legumes,cebola-no-atacado,Cebola - Ceasas,Amarela Mineira,,preco,4.0,"4,00",R$/Kg,price,BRL,kg,spot,,,physical
2026-06-26,legumes,cebola-no-atacado,Cebola - Ceasas,Amarela Mineira,,variacao_pct,0.0,"0,00",%,change_pct,,pct,spot,,,physical
2026-06-26,legumes,cebola-no-atacado,Cebola - Ceasas,Amarela Paulista,,preco,,s/ cotação,R$/Kg,price,BRL,kg,spot,,,physical
2026-06-26,legumes,cebola-no-atacado,Cebola - Ceasas,Amarela Paulista,,variacao_pct,,-,%,change_pct,,pct,spot,,,physical
2026-06-26,legumes,cebola-no-atacado,Cebola - Ceasas,Amarela Pernambucana,,preco,,s/ cotação,R$/Kg,price,BRL,kg,spot,,,physical
2026-06-26,legumes,cebola-no-atacado,Cebola - Ceasas,Amarela Pernambucana,,variacao_pct,,-,%,change_pct,,pct,spot,,,physical
2026-06-26,legumes,cebola-no-atacado,Cebola - Ceasas,Amarela Santa Catarina,,preco,4.75,"4,75",R$/Kg,price,BRL,kg,spot,,,physical
2026-06-26,legumes,cebola-no-atacado,Cebola - Ceasas,Amarela Santa Catarina,,variacao_pct,0.0,"0,00",%,change_pct,,pct,spot,,,physical
2026-06-26,legumes,cebola-no-atacado,Cebola - Ceasas,Importada Argentina,,preco,4.0,"4,00",R$/Kg,price,BRL,kg,spot,,,physical
2026-06-26,legumes,cebola-no-atacado,Cebola - Ceasas,Importada Argentina,,variacao_pct,0.0,"0,00",%,change_pct,,pct,spot,,,physical
2026-06-26,legumes,cebola-no-atacado,Cebola - Ceasas,Nacional (Caixa 4),,preco,4.53,"4,53",R$/Kg,price,BRL,kg,spot,,,physical
2026-06-26,legumes,cebola-no-atacado,Cebola - Ceasas,Nacional (Caixa 4),,variacao_pct,0.0,"0,00",%,change_pct,,pct,spot,,,physical
2026-06-26,legumes,cebola-no-atacado,Cebola - Ceasas,Roxa (Caixa 4),,preco,5.07,"5,07",R$/Kg,price,BRL,kg,spot,,,physical
2026-06-26,legumes,cebola-no-atacado,Cebola - Ceasas,Roxa (Caixa 4),,variacao_pct,0.0,"0,00",%,change_pct,,pct,spot,,,physical
2026-06-26,legumes,cenoura-ceasas,Cenoura - Ceasas,Cenoura 2A,,preco,5.06,"5,06",R$/Kg,price,BRL,kg,spot,,,physical
2026-06-26,legumes,cenoura-ceasas,Cenoura - Ceasas,Cenoura 2A,,variacao_pct,0.0,"0,00",%,change_pct,,pct,spot,,,physical
2026-06-26,legumes,cenoura-ceasas,Cenoura - Ceasas,Cenoura G,,preco,4.35,"4,35",R$/Kg,price,BRL,kg,spot,,,physical
2026-06-26,legumes,cenoura-ceasas,Cenoura - Ceasas,Cenoura G,,variacao_pct,0.0,"0,00",%,change_pct,,pct,spot,,,physical
2026-06-26,legumes,cenoura-ceasas,Cenoura - Ceasas,Especial,,preco,4.0,"4,00",R$/Kg,price,BRL,kg,spot,,,physical
2026-06-26,legumes,cenoura-ceasas,Cenoura - Ceasas,Especial,,variacao_pct,-20.0,"-20,00",%,change_pct,,pct,spot,,,physical
2026-06-26,legumes,cenoura-ceasas,Cenoura - Ceasas,Extra,,preco,4.0,"4,00",R$/Kg,price,BRL,kg,spot,,,physical
2026-06-26,legumes,cenoura-ceasas,Cenoura - Ceasas,Extra,,variacao_pct,6.67,"+6,67",%,change_pct,,pct,spot,,,physical
2026-06-26,legumes,cenoura-ceasas,Cenoura - Ceasas,Extra A,,preco,5.5,"5,50",R$/Kg,price,BRL,kg,spot,,,physical
2026-06-26,legumes,cenoura-ceasas,Cenoura - Ceasas,Extra A,,variacao_pct,10.0,"+10,00",%,change_pct,,pct,spot,,,physical
2026-06-26,legumes,tomate-ceasas,Tomate - Ceasas,Carmem 3A,,preco,4.43,"4,43",R$/Kg,price,BRL,kg,spot,,,physical
2026-06-26,legumes,tomate-ceasas,Tomate - Ceasas,Carmem 3A,,variacao_pct,0.0,"0,00",%,change_pct,,pct,spot,,,physical
2026-06-26,legumes,tomate-ceasas,Tomate - Ceasas,Débora 3A,,preco,4.72,"4,72",R$/Kg,price,BRL,kg,spot,,,physical
2026-06-26,legumes,tomate-ceasas,Tomate - Ceasas,Débora 3A,,variacao_pct,0.0,"0,00",%,change_pct,,pct,spot,,,physical
2026-06-26,legumes,tomate-ceasas,Tomate - Ceasas,Longa Vida/Carmem Extra,,preco,5.75,"5,75",R$/Kg,price,BRL,kg,spot,,,physical
2026-06-26,legumes,tomate-ceasas,Tomate - Ceasas,Longa Vida/Carmem Extra,,variacao_pct,0.0,"0,00",%,change_pct,,pct,spot,,,physical
2026-06-26,legumes,tomate-ceasas,Tomate - Ceasas,Longa Vida/Débora Extra,,preco,5.75,"5,75",R$/Kg,price,BRL,kg,spot,,,physical
2026-06-26,legumes,tomate-ceasas,Tomate - Ceasas,Longa Vida/Débora Extra,,variacao_pct,0.0,"0,00",%,change_pct,,pct,spot,,,physical
2026-06-26,legumes,tomate-ceasas,Tomate - Ceasas,Longa Vida/Extra A,,preco,2.25,"2,25",R$/Kg,price,BRL,kg,spot,,,physical
2026-06-26,legumes,tomate-ceasas,Tomate - Ceasas,Longa Vida/Extra A,,variacao_pct,0.0,"0,00",%,change_pct,,pct,spot,,,physical
2026-06-26,legumes,tomate-ceasas,Tomate - Ceasas,Santa Cruz/Extra A,,preco,,s/ cotação,R$/Kg,price,BRL,kg,spot,,,physical
2026-06-26,legumes,tomate-ceasas,Tomate - Ceasas,Santa Cruz/Extra A,,variacao_pct,,-,%,change_pct,,pct,spot,,,physical
2026-06-29,legumes,batata-ceasas,Batata - Ceasas,Agatha Primeira,,preco,2.0,"2,00",R$/Kg,price,BRL,kg,spot,,,physical
2026-06-29,legumes,batata-ceasas,Batata - Ceasas,Agatha Primeira,,variacao_pct,0.0,"0,00",%,change_pct,,pct,spot,,,physical
2026-06-29,legumes,batata-ceasas,Batata - Ceasas,Aster Primeira,,preco,,s/ cotação,R$/Kg,price,BRL,kg,spot,,,physical
2026-06-29,legumes,batata-ceasas,Batata - Ceasas,Aster Primeira,,variacao_pct,,-,%,change_pct,,pct,spot,,,physical
2026-06-29,legumes,batata-ceasas,Batata - Ceasas,Asterix,,preco,4.76,"4,76",R$/Kg,price,BRL,kg,spot,,,physical
2026-06-29,legumes,batata-ceasas,Batata - Ceasas,Asterix,,variacao_pct,-6.67,"-6,67",%,change_pct,,pct,spot,,,physical
2026-06-29,legumes,batata-ceasas,Batata - Ceasas,Escovada Especial,,preco,4.0,"4,00",R$/Kg,price,BRL,kg,spot,,,physical
2026-06-29,legumes,batata-ceasas,Batata - Ceasas,Escovada Especial,,variacao_pct,-23.08,"-23,08",%,change_pct,,pct,spot,,,physical
2026-06-29,legumes,batata-ceasas,Batata - Ceasas,Lavada Especial,,preco,6.05,"6,05",R$/Kg,price,BRL,kg,spot,,,physical
2026-06-29,legumes,batata-ceasas,Batata - Ceasas,Lavada Especial,,variacao_pct,5.77,"+5,77",%,change_pct,,pct,spot,,,physical
2026-06-29,legumes,batata-ceasas,Batata - Ceasas,Yacon,,preco,5.5,"5,50",R$/Kg,price,BRL,kg,spot,,,physical
2026-06-29,legumes,batata-ceasas,Batata - Ceasas,Yacon,,variacao_pct,0.0,"0,00",%,change_pct,,pct,spot,,,physical
2026-06-29,legumes,cebola-no-atacado,Cebola - Ceasas,Amarela Mineira,,preco,4.0,"4,00",R$/Kg,price,BRL,kg,spot,,,physical
2026-06-29,legumes,cebola-no-atacado,Cebola - Ceasas,Amarela Mineira,,variacao_pct,0.0,"0,00",%,change_pct,,pct,spot,,,physical
2026-06-29,legumes,cebola-no-atacado,Cebola - Ceasas,Amarela Paulista,,preco,,s/ cotação,R$/Kg,price,BRL,kg,spot,,,physical
2026-06-29,legumes,cebola-no-atacado,Cebola - Ceasas,Amarela Paulista,,variacao_pct,,-,%,change_pct,,pct,spot,,,physical
2026-06-29,legumes,cebola-no-atacado,Cebola - Ceasas,Amarela Pernambucana,,preco,,s/ cotação,R$/Kg,price,BRL,kg,spot,,,physical
2026-06-29,legumes,cebola-no-atacado,Cebola - Ceasas,Amarela Pernambucana,,variacao_pct,,-,%,change_pct,,pct,spot,,,physical
2026-06-29,legumes,cebola-no-atacado,Cebola - Ceasas,Amarela Santa Catarina,,preco,4.75,"4,75",R$/Kg,price,BRL,kg,spot,,,physical
2026-06-29,legumes,cebola-no-atacado,Cebola - Ceasas,Amarela Santa Catarina,,variacao_pct,0.22,"+0,22",%,change_pct,,pct,spot,,,physical
2026-06-29,legumes,cebola-no-atacado,Cebola - Ceasas,Importada Argentina,,preco,4.0,"4,00",R$/Kg,price,BRL,kg,spot,,,physical
2026-06-29,legumes,cebola-no-atacado,Cebola - Ceasas,Importada Argentina,,variacao_pct,0.0,"0,00",%,change_pct,,pct,spot,,,physical
2026-06-29,legumes,cebola-no-atacado,Cebola - Ceasas,Nacional (Caixa 4),,preco,4.54,"4,54",R$/Kg,price,BRL,kg,spot,,,physical
2026-06-29,legumes,cebola-no-atacado,Cebola - Ceasas,Nacional (Caixa 4),,variacao_pct,0.22,"+0,22",%,change_pct,,pct,spot,,,physical
2026-06-29,legumes,cebola-no-atacado,Cebola - Ceasas,Roxa (Caixa 4),,preco,4.86,"4,86",R$/Kg,price,BRL,kg,spot,,,physical
2026-06-29,legumes,cebola-no-atacado,Cebola - Ceasas,Roxa (Caixa 4),,variacao_pct,-4.14,"-4,14",%,change_pct,,pct,spot,,,physical
2026-06-29,legumes,cenoura-ceasas,Cenoura - Ceasas,Cenoura 2A,,preco,5.13,"5,13",R$/Kg,price,BRL,kg,spot,,,physical
2026-06-29,legumes,cenoura-ceasas,Cenoura - Ceasas,Cenoura 2A,,variacao_pct,1.38,"+1,38",%,change_pct,,pct,spot,,,physical
2026-06-29,legumes,cenoura-ceasas,Cenoura - Ceasas,Cenoura G,,preco,4.44,"4,44",R$/Kg,price,BRL,kg,spot,,,physical
2026-06-29,legumes,cenoura-ceasas,Cenoura - Ceasas,Cenoura G,,variacao_pct,2.07,"+2,07",%,change_pct,,pct,spot,,,physical
2026-06-29,legumes,cenoura-ceasas,Cenoura - Ceasas,Especial,,preco,3.5,"3,50",R$/Kg,price,BRL,kg,spot,,,physical
2026-06-29,legumes,cenoura-ceasas,Cenoura - Ceasas,Especial,,variacao_pct,-12.5,"-12,50",%,change_pct,,pct,spot,,,physical
2026-06-29,legumes,cenoura-ceasas,Cenoura - Ceasas,Extra,,preco,4.0,"4,00",R$/Kg,price,BRL,kg,spot,,,physical
2026-06-29,legumes,cenoura-ceasas,Cenoura - Ceasas,Extra,,variacao_pct,0.0,"0,00",%,change_pct,,pct,spot,,,physical
2026-06-29,legumes,cenoura-ceasas,Cenoura - Ceasas,Extra A,,preco,5.5,"5,50",R$/Kg,price,BRL,kg,spot,,,physical
2026-06-29,legumes,cenoura-ceasas,Cenoura - Ceasas,Extra A,,variacao_pct,0.0,"0,00",%,change_pct,,pct,spot,,,physical
2026-06-29,legumes,tomate-ceasas,Tomate - Ceasas,Carmem 3A,,preco,5.4,"5,40",R$/Kg,price,BRL,kg,spot,,,physical
2026-06-29,legumes,tomate-ceasas,Tomate - Ceasas,Carmem 3A,,variacao_pct,21.9,"+21,90",%,change_pct,,pct,spot,,,physical
2026-06-29,legumes,tomate-ceasas,Tomate - Ceasas,Débora 3A,,preco,5.24,"5,24",R$/Kg,price,BRL,kg,spot,,,physical
2026-06-29,legumes,tomate-ceasas,Tomate - Ceasas,Débora 3A,,variacao_pct,11.02,"+11,02",%,change_pct,,pct,spot,,,physical
2026-06-29,legumes,tomate-ceasas,Tomate - Ceasas,Longa Vida/Carmem Extra,,preco,5.75,"5,75",R$/Kg,price,BRL,kg,spot,,,physical
2026-06-29,legumes,tomate-ceasas,Tomate - Ceasas,Longa Vida/Carmem Extra,,variacao_pct,0.0,"0,00",%,change_pct,,pct,spot,,,physical
2026-06-29,legumes,tomate-ceasas,Tomate - Ceasas,Longa Vida/Débora Extra,,preco,5.75,"5,75",R$/Kg,price,BRL,kg,spot,,,physical
2026-06-29,legumes,tomate-ceasas,Tomate - Ceasas,Longa Vida/Débora Extra,,variacao_pct,0.0,"0,00",%,change_pct,,pct,spot,,,physical
2026-06-29,legumes,tomate-ceasas,Tomate - Ceasas,Longa Vida/Extra A,,preco,2.25,"2,25",R$/Kg,price,BRL,kg,spot,,,physical
2026-06-29,legumes,tomate-ceasas,Tomate - Ceasas,Longa Vida/Extra A,,variacao_pct,0.0,"0,00",%,change_pct,,pct,spot,,,physical
2026-06-29,legumes,tomate-ceasas,Tomate - Ceasas,Santa Cruz/Extra A,,preco,,s/ cotação,R$/Kg,price,BRL,kg,spot,,,physical
2026-06-29,legumes,tomate-ceasas,Tomate - Ceasas,Santa Cruz/Extra A,,variacao_pct,,-,%,change_pct,,pct,spot,,,physical
2026-06-30,legumes,batata-ceasas,Batata - Ceasas,Agatha Primeira,,preco,2.0,"2,00",R$/Kg,price,BRL,kg,spot,,,physical
2026-06-30,legumes,batata-ceasas,Batata - Ceasas,Agatha Primeira,,variacao_pct,0.0,"0,00",%,change_pct,,pct,spot,,,physical
2026-06-30,legumes,batata-ceasas,Batata - Ceasas,Aster Primeira,,preco,2.0,"2,00",R$/Kg,price,BRL,kg,spot,,,physical
2026-06-30,legumes,batata-ceasas,Batata - Ceasas,Aster Primeira,,variacao_pct,,-,%,change_pct,,pct,spot,,,physical
2026-06-30,legumes,batata-ceasas,Batata - Ceasas,Asterix,,preco,4.82,"4,82",R$/Kg,price,BRL,kg,spot,,,physical
2026-06-30,legumes,batata-ceasas,Batata - Ceasas,Asterix,,variacao_pct,1.26,"+1,26",%,change_pct,,pct,spot,,,physical
2026-06-30,legumes,batata-ceasas,Batata - Ceasas,Escovada Especial,,preco,4.2,"4,20",R$/Kg,price,BRL,kg,spot,,,physical
2026-06-30,legumes,batata-ceasas,Batata - Ceasas,Escovada Especial,,variacao_pct,5.0,"+5,00",%,change_pct,,pct,spot,,,physical
2026-06-30,legumes,batata-ceasas,Batata - Ceasas,Lavada Especial,,preco,5.64,"5,64",R$/Kg,price,BRL,kg,spot,,,physical
2026-06-30,legumes,batata-ceasas,Batata - Ceasas,Lavada Especial,,variacao_pct,-6.78,"-6,78",%,change_pct,,pct,spot,,,physical
2026-06-30,legumes,batata-ceasas,Batata - Ceasas,Yacon,,preco,5.5,"5,50",R$/Kg,price,BRL,kg,spot,,,physical
2026-06-30,legumes,batata-ceasas,Batata - Ceasas,Yacon,,variacao_pct,0.0,"0,00",%,change_pct,,pct,spot,,,physical
2026-06-30,legumes,cebola-no-atacado,Cebola - Ceasas,Amarela Mineira,,preco,4.0,"4,00",R$/Kg,price,BRL,kg,spot,,,physical
2026-06-30,legumes,cebola-no-atacado,Cebola - Ceasas,Amarela Mineira,,variacao_pct,0.0,"0,00",%,change_pct,,pct,spot,,,physical
2026-06-30,legumes,cebola-no-atacado,Cebola - Ceasas,Amarela Paulista,,preco,,s/ cotação,R$/Kg,price,BRL,kg,spot,,,physical
2026-06-30,legumes,cebola-no-atacado,Cebola - Ceasas,Amarela Paulista,,variacao_pct,,-,%,change_pct,,pct,spot,,,physical
2026-06-30,legumes,cebola-no-atacado,Cebola - Ceasas,Amarela Pernambucana,,preco,,s/ cotação,R$/Kg,price,BRL,kg,spot,,,physical
2026-06-30,legumes,cebola-no-atacado,Cebola - Ceasas,Amarela Pernambucana,,variacao_pct,,-,%,change_pct,,pct,spot,,,physical
2026-06-30,legumes,cebola-no-atacado,Cebola - Ceasas,Amarela Santa Catarina,,preco,4.75,"4,75",R$/Kg,price,BRL,kg,spot,,,physical
2026-06-30,legumes,cebola-no-atacado,Cebola - Ceasas,Amarela Santa Catarina,,variacao_pct,0.0,"0,00",%,change_pct,,pct,spot,,,physical
2026-06-30,legumes,cebola-no-atacado,Cebola - Ceasas,Importada Argentina,,preco,4.0,"4,00",R$/Kg,price,BRL,kg,spot,,,physical
2026-06-30,legumes,cebola-no-atacado,Cebola - Ceasas,Importada Argentina,,variacao_pct,0.0,"0,00",%,change_pct,,pct,spot,,,physical
2026-06-30,legumes,cebola-no-atacado,Cebola - Ceasas,Nacional (Caixa 4),,preco,4.56,"4,56",R$/Kg,price,BRL,kg,spot,,,physical
2026-06-30,legumes,cebola-no-atacado,Cebola - Ceasas,Nacional (Caixa 4),,variacao_pct,0.44,"+0,44",%,change_pct,,pct,spot,,,physical
2026-06-30,legumes,cebola-no-atacado,Cebola - Ceasas,Roxa (Caixa 4),,preco,4.47,"4,47",R$/Kg,price,BRL,kg,spot,,,physical
2026-06-30,legumes,cebola-no-atacado,Cebola - Ceasas,Roxa (Caixa 4),,variacao_pct,-8.02,"-8,02",%,change_pct,,pct,spot,,,physical
2026-06-30,legumes,cenoura-ceasas,Cenoura - Ceasas,Cenoura 2A,,preco,3.93,"3,93",R$/Kg,price,BRL,kg,spot,,,physical
2026-06-30,legumes,cenoura-ceasas,Cenoura - Ceasas,Cenoura 2A,,variacao_pct,-23.39,"-23,39",%,change_pct,,pct,spot,,,physical
2026-06-30,legumes,cenoura-ceasas,Cenoura - Ceasas,Cenoura G,,preco,3.32,"3,32",R$/Kg,price,BRL,kg,spot,,,physical
2026-06-30,legumes,cenoura-ceasas,Cenoura - Ceasas,Cenoura G,,variacao_pct,-25.23,"-25,23",%,change_pct,,pct,spot,,,physical
2026-06-30,legumes,cenoura-ceasas,Cenoura - Ceasas,Especial,,preco,3.5,"3,50",R$/Kg,price,BRL,kg,spot,,,physical
2026-06-30,legumes,cenoura-ceasas,Cenoura - Ceasas,Especial,,variacao_pct,0.0,"0,00",%,change_pct,,pct,spot,,,physical
2026-06-30,legumes,cenoura-ceasas,Cenoura - Ceasas,Extra,,preco,2.75,"2,75",R$/Kg,price,BRL,kg,spot,,,physical
2026-06-30,legumes,cenoura-ceasas,Cenoura - Ceasas,Extra,,variacao_pct,-31.25,"-31,25",%,change_pct,,pct,spot,,,physical
2026-06-30,legumes,cenoura-ceasas,Cenoura - Ceasas,Extra A,,preco,4.25,"4,25",R$/Kg,price,BRL,kg,spot,,,physical
2026-06-30,legumes,cenoura-ceasas,Cenoura - Ceasas,Extra A,,variacao_pct,-22.73,"-22,73",%,change_pct,,pct,spot,,,physical
2026-06-30,legumes,tomate-ceasas,Tomate - Ceasas,Carmem 3A,,preco,5.35,"5,35",R$/Kg,price,BRL,kg,spot,,,physical
2026-06-30,legumes,tomate-ceasas,Tomate - Ceasas,Carmem 3A,,variacao_pct,-0.93,"-0,93",%,change_pct,,pct,spot,,,physical
2026-06-30,legumes,tomate-ceasas,Tomate - Ceasas,Débora 3A,,preco,4.73,"4,73",R$/Kg,price,BRL,kg,spot,,,physical
2026-06-30,legumes,tomate-ceasas,Tomate - Ceasas,Débora 3A,,variacao_pct,-9.73,"-9,73",%,change_pct,,pct,spot,,,physical
2026-06-30,legumes,tomate-ceasas,Tomate - Ceasas,Longa Vida/Carmem Extra,,preco,5.75,"5,75",R$/Kg,price,BRL,kg,spot,,,physical
2026-06-30,legumes,tomate-ceasas,Tomate - Ceasas,Longa Vida/Carmem Extra,,variacao_pct,0.0,"0,00",%,change_pct,,pct,spot,,,physical
2026-06-30,legumes,tomate-ceasas,Tomate - Ceasas,Longa Vida/Débora Extra,,preco,5.75,"5,75",R$/Kg,price,BRL,kg,spot,,,physical
2026-06-30,legumes,tomate-ceasas,Tomate - Ceasas,Longa Vida/Débora Extra,,variacao_pct,0.0,"0,00",%,change_pct,,pct,spot,,,physical
2026-06-30,legumes,tomate-ceasas,Tomate - Ceasas,Longa Vida/Extra A,,preco,1.75,"1,75",R$/Kg,price,BRL,kg,spot,,,physical
2026-06-30,legumes,tomate-ceasas,Tomate - Ceasas,Longa Vida/Extra A,,variacao_pct,-22.22,"-22,22",%,change_pct,,pct,spot,,,physical
2026-06-30,legumes,tomate-ceasas,Tomate - Ceasas,Santa Cruz/Extra A,,preco,,s/ cotação,R$/Kg,price,BRL,kg,spot,,,physical
2026-06-30,legumes,tomate-ceasas,Tomate - Ceasas,Santa Cruz/Extra A,,variacao_pct,,-,%,change_pct,,pct,spot,,,physical
2026-07-01,legumes,batata-ceasas,Batata - Ceasas,Agatha Primeira,,preco,2.0,"2,00",R$/Kg,price,BRL,kg,spot,,,physical
2026-07-01,legumes,batata-ceasas,Batata - Ceasas,Agatha Primeira,,variacao_pct,0.0,"0,00",%,change_pct,,pct,spot,,,physical
2026-07-01,legumes,batata-ceasas,Batata - Ceasas,Aster Primeira,,preco,1.6,"1,60",R$/Kg,price,BRL,kg,spot,,,physical
2026-07-01,legumes,batata-ceasas,Batata - Ceasas,Aster Primeira,,variacao_pct,-20.0,"-20,00",%,change_pct,,pct,spot,,,physical
2026-07-01,legumes,batata-ceasas,Batata - Ceasas,Asterix,,preco,4.82,"4,82",R$/Kg,price,BRL,kg,spot,,,physical
2026-07-01,legumes,batata-ceasas,Batata - Ceasas,Asterix,,variacao_pct,0.0,"0,00",%,change_pct,,pct,spot,,,physical
2026-07-01,legumes,batata-ceasas,Batata - Ceasas,Escovada Especial,,preco,4.2,"4,20",R$/Kg,price,BRL,kg,spot,,,physical
2026-07-01,legumes,batata-ceasas,Batata - Ceasas,Escovada Especial,,variacao_pct,0.0,"0,00",%,change_pct,,pct,spot,,,physical
2026-07-01,legumes,batata-ceasas,Batata - Ceasas,Lavada Especial,,preco,5.64,"5,64",R$/Kg,price,BRL,kg,spot,,,physical
2026-07-01,legumes,batata-ceasas,Batata - Ceasas,Lavada Especial,,variacao_pct,0.0,"0,00",%,change_pct,,pct,spot,,,physical
2026-07-01,legumes,batata-ceasas,Batata - Ceasas,Yacon,,preco,5.5,"5,50",R$/Kg,price,BRL,kg,spot,,,physical
2026-07-01,legumes,batata-ceasas,Batata - Ceasas,Yacon,,variacao_pct,0.0,"0,00",%,change_pct,,pct,spot,,,physical
2026-07-01,legumes,cebola-no-atacado,Cebola - Ceasas,Amarela Mineira,,preco,4.0,"4,00",R$/Kg,price,BRL,kg,spot,,,physical
2026-07-01,legumes,cebola-no-atacado,Cebola - Ceasas,Amarela Mineira,,variacao_pct,0.0,"0,00",%,change_pct,,pct,spot,,,physical
2026-07-01,legumes,cebola-no-atacado,Cebola - Ceasas,Amarela Paulista,,preco,,s/ cotação,R$/Kg,price,BRL,kg,spot,,,physical
2026-07-01,legumes,cebola-no-atacado,Cebola - Ceasas,Amarela Paulista,,variacao_pct,,-,%,change_pct,,pct,spot,,,physical
2026-07-01,legumes,cebola-no-atacado,Cebola - Ceasas,Amarela Pernambucana,,preco,,s/ cotação,R$/Kg,price,BRL,kg,spot,,,physical
2026-07-01,legumes,cebola-no-atacado,Cebola - Ceasas,Amarela Pernambucana,,variacao_pct,,-,%,change_pct,,pct,spot,,,physical
2026-07-01,legumes,cebola-no-atacado,Cebola - Ceasas,Amarela Santa Catarina,,preco,4.75,"4,75",R$/Kg,price,BRL,kg,spot,,,physical
2026-07-01,legumes,cebola-no-atacado,Cebola - Ceasas,Amarela Santa Catarina,,variacao_pct,0.0,"0,00",%,change_pct,,pct,spot,,,physical
2026-07-01,legumes,cebola-no-atacado,Cebola - Ceasas,Importada Argentina,,preco,4.0,"4,00",R$/Kg,price,BRL,kg,spot,,,physical
2026-07-01,legumes,cebola-no-atacado,Cebola - Ceasas,Importada Argentina,,variacao_pct,0.0,"0,00",%,change_pct,,pct,spot,,,physical
2026-07-01,legumes,cebola-no-atacado,Cebola - Ceasas,Nacional (Caixa 4),,preco,4.56,"4,56",R$/Kg,price,BRL,kg,spot,,,physical
2026-07-01,legumes,cebola-no-atacado,Cebola - Ceasas,Nacional (Caixa 4),,variacao_pct,0.0,"0,00",%,change_pct,,pct,spot,,,physical
2026-07-01,legumes,cebola-no-atacado,Cebola - Ceasas,Roxa (Caixa 4),,preco,4.47,"4,47",R$/Kg,price,BRL,kg,spot,,,physical
2026-07-01,legumes,cebola-no-atacado,Cebola - Ceasas,Roxa (Caixa 4),,variacao_pct,0.0,"0,00",%,change_pct,,pct,spot,,,physical
2026-07-01,legumes,cenoura-ceasas,Cenoura - Ceasas,Cenoura 2A,,preco,3.93,"3,93",R$/Kg,price,BRL,kg,spot,,,physical
2026-07-01,legumes,cenoura-ceasas,Cenoura - Ceasas,Cenoura 2A,,variacao_pct,0.0,"0,00",%,change_pct,,pct,spot,,,physical
2026-07-01,legumes,cenoura-ceasas,Cenoura - Ceasas,Cenoura G,,preco,3.32,"3,32",R$/Kg,price,BRL,kg,spot,,,physical
2026-07-01,legumes,cenoura-ceasas,Cenoura - Ceasas,Cenoura G,,variacao_pct,0.0,"0,00",%,change_pct,,pct,spot,,,physical
2026-07-01,legumes,cenoura-ceasas,Cenoura - Ceasas,Especial,,preco,3.5,"3,50",R$/Kg,price,BRL,kg,spot,,,physical
2026-07-01,legumes,cenoura-ceasas,Cenoura - Ceasas,Especial,,variacao_pct,0.0,"0,00",%,change_pct,,pct,spot,,,physical
2026-07-01,legumes,cenoura-ceasas,Cenoura - Ceasas,Extra,,preco,2.0,"2,00",R$/Kg,price,BRL,kg,spot,,,physical
2026-07-01,legumes,cenoura-ceasas,Cenoura - Ceasas,Extra,,variacao_pct,-27.27,"-27,27",%,change_pct,,pct,spot,,,physical
2026-07-01,legumes,cenoura-ceasas,Cenoura - Ceasas,Extra A,,preco,4.25,"4,25",R$/Kg,price,BRL,kg,spot,,,physical
2026-07-01,legumes,cenoura-ceasas,Cenoura - Ceasas,Extra A,,variacao_pct,0.0,"0,00",%,change_pct,,pct,spot,,,physical
2026-07-01,legumes,tomate-ceasas,Tomate - Ceasas,Carmem 3A,,preco,5.35,"5,35",R$/Kg,price,BRL,kg,spot,,,physical
2026-07-01,legumes,tomate-ceasas,Tomate - Ceasas,Carmem 3A,,variacao_pct,0.0,"0,00",%,change_pct,,pct,spot,,,physical
2026-07-01,legumes,tomate-ceasas,Tomate - Ceasas,Débora 3A,,preco,4.73,"4,73",R$/Kg,price,BRL,kg,spot,,,physical
2026-07-01,legumes,tomate-ceasas,Tomate - Ceasas,Débora 3A,,variacao_pct,0.0,"0,00",%,change_pct,,pct,spot,,,physical
2026-07-01,legumes,tomate-ceasas,Tomate - Ceasas,Longa Vida/Carmem Extra,,preco,4.75,"4,75",R$/Kg,price,BRL,kg,spot,,,physical
2026-07-01,legumes,tomate-ceasas,Tomate - Ceasas,Longa Vida/Carmem Extra,,variacao_pct,-17.39,"-17,39",%,change_pct,,pct,spot,,,physical
2026-07-01,legumes,tomate-ceasas,Tomate - Ceasas,Longa Vida/Débora Extra,,preco,4.75,"4,75",R$/Kg,price,BRL,kg,spot,,,physical
2026-07-01,legumes,tomate-ceasas,Tomate - Ceasas,Longa Vida/Débora Extra,,variacao_pct,-17.39,"-17,39",%,change_pct,,pct,spot,,,physical
2026-07-01,legumes,tomate-ceasas,Tomate - Ceasas,Longa Vida/Extra A,,preco,1.25,"1,25",R$/Kg,price,BRL,kg,spot,,,physical
2026-07-01,legumes,tomate-ceasas,Tomate - Ceasas,Longa Vida/Extra A,,variacao_pct,-28.57,"-28,57",%,change_pct,,pct,spot,,,physical
2026-07-01,legumes,tomate-ceasas,Tomate - Ceasas,Santa Cruz/Extra A,,preco,,s/ cotação,R$/Kg,price,BRL,kg,spot,,,physical
2026-07-01,legumes,tomate-ceasas,Tomate - Ceasas,Santa Cruz/Extra A,,variacao_pct,,-,%,change_pct,,pct,spot,,,physical
2026-07-02,legumes,batata-ceasas,Batata - Ceasas,Agatha Primeira,,preco,2.0,"2,00",R$/Kg,price,BRL,kg,spot,,,physical
2026-07-02,legumes,batata-ceasas,Batata - Ceasas,Agatha Primeira,,variacao_pct,0.0,"0,00",%,change_pct,,pct,spot,,,physical
2026-07-02,legumes,batata-ceasas,Batata - Ceasas,Aster Primeira,,preco,1.6,"1,60",R$/Kg,price,BRL,kg,spot,,,physical
2026-07-02,legumes,batata-ceasas,Batata - Ceasas,Aster Primeira,,variacao_pct,0.0,"0,00",%,change_pct,,pct,spot,,,physical
2026-07-02,legumes,batata-ceasas,Batata - Ceasas,Asterix,,preco,4.66,"4,66",R$/Kg,price,BRL,kg,spot,,,physical
2026-07-02,legumes,batata-ceasas,Batata - Ceasas,Asterix,,variacao_pct,-3.32,"-3,32",%,change_pct,,pct,spot,,,physical
2026-07-02,legumes,batata-ceasas,Batata - Ceasas,Escovada Especial,,preco,,s/ cotação,R$/Kg,price,BRL,kg,spot,,,physical
2026-07-02,legumes,batata-ceasas,Batata - Ceasas,Escovada Especial,,variacao_pct,,-,%,change_pct,,pct,spot,,,physical
2026-07-02,legumes,batata-ceasas,Batata - Ceasas,Lavada Especial,,preco,5.01,"5,01",R$/Kg,price,BRL,kg,spot,,,physical
2026-07-02,legumes,batata-ceasas,Batata - Ceasas,Lavada Especial,,variacao_pct,-11.17,"-11,17",%,change_pct,,pct,spot,,,physical
2026-07-02,legumes,batata-ceasas,Batata - Ceasas,Yacon,,preco,5.5,"5,50",R$/Kg,price,BRL,kg,spot,,,physical
2026-07-02,legumes,batata-ceasas,Batata - Ceasas,Yacon,,variacao_pct,0.0,"0,00",%,change_pct,,pct,spot,,,physical
2026-07-02,legumes,cebola-no-atacado,Cebola - Ceasas,Amarela Mineira,,preco,4.0,"4,00",R$/Kg,price,BRL,kg,spot,,,physical
2026-07-02,legumes,cebola-no-atacado,Cebola - Ceasas,Amarela Mineira,,variacao_pct,0.0,"0,00",%,change_pct,,pct,spot,,,physical
2026-07-02,legumes,cebola-no-atacado,Cebola - Ceasas,Amarela Paulista,,preco,,s/ cotação,R$/Kg,price,BRL,kg,spot,,,physical
2026-07-02,legumes,cebola-no-atacado,Cebola - Ceasas,Amarela Paulista,,variacao_pct,,-,%,change_pct,,pct,spot,,,physical
2026-07-02,legumes,cebola-no-atacado,Cebola - Ceasas,Amarela Pernambucana,,preco,,s/ cotação,R$/Kg,price,BRL,kg,spot,,,physical
2026-07-02,legumes,cebola-no-atacado,Cebola - Ceasas,Amarela Pernambucana,,variacao_pct,,-,%,change_pct,,pct,spot,,,physical
2026-07-02,legumes,cebola-no-atacado,Cebola - Ceasas,Amarela Santa Catarina,,preco,4.75,"4,75",R$/Kg,price,BRL,kg,spot,,,physical
2026-07-02,legumes,cebola-no-atacado,Cebola - Ceasas,Amarela Santa Catarina,,variacao_pct,0.0,"0,00",%,change_pct,,pct,spot,,,physical
2026-07-02,legumes,cebola-no-atacado,Cebola - Ceasas,Importada Argentina,,preco,4.0,"4,00",R$/Kg,price,BRL,kg,spot,,,physical
2026-07-02,legumes,cebola-no-atacado,Cebola - Ceasas,Importada Argentina,,variacao_pct,0.0,"0,00",%,change_pct,,pct,spot,,,physical
2026-07-02,legumes,cebola-no-atacado,Cebola - Ceasas,Nacional (Caixa 4),,preco,4.91,"4,91",R$/Kg,price,BRL,kg,spot,,,physical
2026-07-02,legumes,cebola-no-atacado,Cebola - Ceasas,Nacional (Caixa 4),,variacao_pct,7.68,"+7,68",%,change_pct,,pct,spot,,,physical
2026-07-02,legumes,cebola-no-atacado,Cebola - Ceasas,Roxa (Caixa 4),,preco,4.87,"4,87",R$/Kg,price,BRL,kg,spot,,,physical
2026-07-02,legumes,cebola-no-atacado,Cebola - Ceasas,Roxa (Caixa 4),,variacao_pct,8.95,"+8,95",%,change_pct,,pct,spot,,,physical
2026-07-02,legumes,cenoura-ceasas,Cenoura - Ceasas,Cenoura 2A,,preco,4.15,"4,15",R$/Kg,price,BRL,kg,spot,,,physical
2026-07-02,legumes,cenoura-ceasas,Cenoura - Ceasas,Cenoura 2A,,variacao_pct,5.6,"+5,60",%,change_pct,,pct,spot,,,physical
2026-07-02,legumes,cenoura-ceasas,Cenoura - Ceasas,Cenoura G,,preco,3.49,"3,49",R$/Kg,price,BRL,kg,spot,,,physical
2026-07-02,legumes,cenoura-ceasas,Cenoura - Ceasas,Cenoura G,,variacao_pct,5.12,"+5,12",%,change_pct,,pct,spot,,,physical
2026-07-02,legumes,cenoura-ceasas,Cenoura - Ceasas,Especial,,preco,3.5,"3,50",R$/Kg,price,BRL,kg,spot,,,physical
2026-07-02,legumes,cenoura-ceasas,Cenoura - Ceasas,Especial,,variacao_pct,0.0,"0,00",%,change_pct,,pct,spot,,,physical
2026-07-02,legumes,cenoura-ceasas,Cenoura - Ceasas,Extra,,preco,2.0,"2,00",R$/Kg,price,BRL,kg,spot,,,physical
2026-07-02,legumes,cenoura-ceasas,Cenoura - Ceasas,Extra,,variacao_pct,0.0,"0,00",%,change_pct,,pct,spot,,,physical
2026-07-02,legumes,cenoura-ceasas,Cenoura - Ceasas,Extra A,,preco,4.25,"4,25",R$/Kg,price,BRL,kg,spot,,,physical
2026-07-02,legumes,cenoura-ceasas,Cenoura - Ceasas,Extra A,,variacao_pct,0.0,"0,00",%,change_pct,,pct,spot,,,physical
2026-07-02,legumes,tomate-ceasas,Tomate - Ceasas,Carmem 3A,,preco,4.33,"4,33",R$/Kg,price,BRL,kg,spot,,,physical
2026-07-02,legumes,tomate-ceasas,Tomate - Ceasas,Carmem 3A,,variacao_pct,-19.07,"-19,07",%,change_pct,,pct,spot,,,physical
2026-07-02,legumes,tomate-ceasas,Tomate - Ceasas,Débora 3A,,preco,4.17,"4,17",R$/Kg,price,BRL,kg,spot,,,physical
2026-07-02,legumes,tomate-ceasas,Tomate - Ceasas,Débora 3A,,variacao_pct,-11.84,"-11,84",%,change_pct,,pct,spot,,,physical
2026-07-02,legumes,tomate-ceasas,Tomate - Ceasas,Longa Vida/Carmem Extra,,preco,4.75,"4,75",R$/Kg,price,BRL,kg,spot,,,physical
2026-07-02,legumes,tomate-ceasas,Tomate - Ceasas,Longa Vida/Carmem Extra,,variacao_pct,0.0,"0,00",%,change_pct,,pct,spot,,,physical
2026-07-02,legumes,tomate-ceasas,Tomate - Ceasas,Longa Vida/Débora Extra,,preco,4.75,"4,75",R$/Kg,price,BRL,kg,spot,,,physical
2026-07-02,legumes,tomate-ceasas,Tomate - Ceasas,Longa Vida/Débora Extra,,variacao_pct,0.0,"0,00",%,change_pct,,pct,spot,,,physical
2026-07-02,legumes,tomate-ceasas,Tomate - Ceasas,Longa Vida/Extra A,,preco,1.25,"1,25",R$/Kg,price,BRL,kg,spot,,,physical
2026-07-02,legumes,tomate-ceasas,Tomate - Ceasas,Longa Vida/Extra A,,variacao_pct,0.0,"0,00",%,change_pct,,pct,spot,,,physical
2026-07-02,legumes,tomate-ceasas,Tomate - Ceasas,Santa Cruz/Extra A,,preco,,s/ cotação,R$/Kg,price,BRL,kg,spot,,,physical
2026-07-02,legumes,tomate-ceasas,Tomate - Ceasas,Santa Cruz/Extra A,,variacao_pct,,-,%,change_pct,,pct,spot,,,physical
2026-07-03,legumes,batata-ceasas,Batata - Ceasas,Agatha Primeira,,preco,2.0,"2,00",R$/Kg,price,BRL,kg,spot,,,physical
2026-07-03,legumes,batata-ceasas,Batata - Ceasas,Agatha Primeira,,variacao_pct,0.0,"0,00",%,change_pct,,pct,spot,,,physical
2026-07-03,legumes,batata-ceasas,Batata - Ceasas,Aster Primeira,,preco,1.6,"1,60",R$/Kg,price,BRL,kg,spot,,,physical
2026-07-03,legumes,batata-ceasas,Batata - Ceasas,Aster Primeira,,variacao_pct,0.0,"0,00",%,change_pct,,pct,spot,,,physical
2026-07-03,legumes,batata-ceasas,Batata - Ceasas,Asterix,,preco,4.66,"4,66",R$/Kg,price,BRL,kg,spot,,,physical
2026-07-03,legumes,batata-ceasas,Batata - Ceasas,Asterix,,variacao_pct,0.0,"0,00",%,change_pct,,pct,spot,,,physical
2026-07-03,legumes,batata-ceasas,Batata - Ceasas,Escovada Especial,,preco,,s/ cotação,R$/Kg,price,BRL,kg,spot,,,physical
2026-07-03,legumes,batata-ceasas,Batata - Ceasas,Escovada Especial,,variacao_pct,,-,%,change_pct,,pct,spot,,,physical
2026-07-03,legumes,batata-ceasas,Batata - Ceasas,Lavada Especial,,preco,5.01,"5,01",R$/Kg,price,BRL,kg,spot,,,physical
2026-07-03,legumes,batata-ceasas,Batata - Ceasas,Lavada Especial,,variacao_pct,0.0,"0,00",%,change_pct,,pct,spot,,,physical
2026-07-03,legumes,batata-ceasas,Batata - Ceasas,Yacon,,preco,5.5,"5,50",R$/Kg,price,BRL,kg,spot,,,physical
2026-07-03,legumes,batata-ceasas,Batata - Ceasas,Yacon,,variacao_pct,0.0,"0,00",%,change_pct,,pct,spot,,,physical
2026-07-03,legumes,cebola-no-atacado,Cebola - Ceasas,Amarela Mineira,,preco,4.0,"4,00",R$/Kg,price,BRL,kg,spot,,,physical
2026-07-03,legumes,cebola-no-atacado,Cebola - Ceasas,Amarela Mineira,,variacao_pct,0.0,"0,00",%,change_pct,,pct,spot,,,physical
2026-07-03,legumes,cebola-no-atacado,Cebola - Ceasas,Amarela Paulista,,preco,85.0,"85,00",R$/Kg,price,BRL,kg,spot,,,physical
2026-07-03,legumes,cebola-no-atacado,Cebola - Ceasas,Amarela Paulista,,variacao_pct,,-,%,change_pct,,pct,spot,,,physical
2026-07-03,legumes,cebola-no-atacado,Cebola - Ceasas,Amarela Pernambucana,,preco,,s/ cotação,R$/Kg,price,BRL,kg,spot,,,physical
2026-07-03,legumes,cebola-no-atacado,Cebola - Ceasas,Amarela Pernambucana,,variacao_pct,,-,%,change_pct,,pct,spot,,,physical
2026-07-03,legumes,cebola-no-atacado,Cebola - Ceasas,Amarela Santa Catarina,,preco,4.75,"4,75",R$/Kg,price,BRL,kg,spot,,,physical
2026-07-03,legumes,cebola-no-atacado,Cebola - Ceasas,Amarela Santa Catarina,,variacao_pct,0.0,"0,00",%,change_pct,,pct,spot,,,physical
2026-07-03,legumes,cebola-no-atacado,Cebola - Ceasas,Importada Argentina,,preco,5.5,"5,50",R$/Kg,price,BRL,kg,spot,,,physical
2026-07-03,legumes,cebola-no-atacado,Cebola - Ceasas,Importada Argentina,,variacao_pct,37.5,"+37,50",%,change_pct,,pct,spot,,,physical
2026-07-03,legumes,cebola-no-atacado,Cebola - Ceasas,Nacional (Caixa 4),,preco,4.91,"4,91",R$/Kg,price,BRL,kg,spot,,,physical
2026-07-03,legumes,cebola-no-atacado,Cebola - Ceasas,Nacional (Caixa 4),,variacao_pct,0.0,"0,00",%,change_pct,,pct,spot,,,physical
2026-07-03,legumes,cebola-no-atacado,Cebola - Ceasas,Roxa (Caixa 4),,preco,4.87,"4,87",R$/Kg,price,BRL,kg,spot,,,physical
2026-07-03,legumes,cebola-no-atacado,Cebola - Ceasas,Roxa (Caixa 4),,variacao_pct,0.0,"0,00",%,change_pct,,pct,spot,,,physical
2026-07-03,legumes,cenoura-ceasas,Cenoura - Ceasas,Cenoura 2A,,preco,4.15,"4,15",R$/Kg,price,BRL,kg,spot,,,physical
2026-07-03,legumes,cenoura-ceasas,Cenoura - Ceasas,Cenoura 2A,,variacao_pct,0.0,"0,00",%,change_pct,,pct,spot,,,physical
2026-07-03,legumes,cenoura-ceasas,Cenoura - Ceasas,Cenoura G,,preco,3.49,"3,49",R$/Kg,price,BRL,kg,spot,,,physical
2026-07-03,legumes,cenoura-ceasas,Cenoura - Ceasas,Cenoura G,,variacao_pct,0.0,"0,00",%,change_pct,,pct,spot,,,physical
2026-07-03,legumes,cenoura-ceasas,Cenoura - Ceasas,Especial,,preco,3.5,"3,50",R$/Kg,price,BRL,kg,spot,,,physical
2026-07-03,legumes,cenoura-ceasas,Cenoura - Ceasas,Especial,,variacao_pct,0.0,"0,00",%,change_pct,,pct,spot,,,physical
2026-07-03,legumes,cenoura-ceasas,Cenoura - Ceasas,Extra,,preco,2.25,"2,25",R$/Kg,price,BRL,kg,spot,,,physical
2026-07-03,legumes,cenoura-ceasas,Cenoura - Ceasas,Extra,,variacao_pct,12.5,"+12,50",%,change_pct,,pct,spot,,,physical
2026-07-03,legumes,cenoura-ceasas,Cenoura - Ceasas,Extra A,,preco,4.25,"4,25",R$/Kg,price,BRL,kg,spot,,,physical
2026-07-03,legumes,cenoura-ceasas,Cenoura - Ceasas,Extra A,,variacao_pct,0.0,"0,00",%,change_pct,,pct,spot,,,physical
2026-07-03,legumes,tomate-ceasas,Tomate - Ceasas,Carmem 3A,,preco,4.33,"4,33",R$/Kg,price,BRL,kg,spot,,,physical
2026-07-03,legumes,tomate-ceasas,Tomate - Ceasas,Carmem 3A,,variacao_pct,0.0,"0,00",%,change_pct,,pct,spot,,,physical
2026-07-03,legumes,tomate-ceasas,Tomate - Ceasas,Débora 3A,,preco,4.17,"4,17",R$/Kg,price,BRL,kg,spot,,,physical
2026-07-03,legumes,tomate-ceasas,Tomate - Ceasas,Débora 3A,,variacao_pct,0.0,"0,00",%,change_pct,,pct,spot,,,physical
2026-07-03,legumes,tomate-ceasas,Tomate - Ceasas,Longa Vida/Carmem Extra,,preco,4.75,"4,75",R$/Kg,price,BRL,kg,spot,,,physical
2026-07-03,legumes,tomate-ceasas,Tomate - Ceasas,Longa Vida/Carmem Extra,,variacao_pct,0.0,"0,00",%,change_pct,,pct,spot,,,physical
2026-07-03,legumes,tomate-ceasas,Tomate - Ceasas,Longa Vida/Débora Extra,,preco,5.0,"5,00",R$/Kg,price,BRL,kg,spot,,,physical
2026-07-03,legumes,tomate-ceasas,Tomate - Ceasas,Longa Vida/Débora Extra,,variacao_pct,5.26,"+5,26",%,change_pct,,pct,spot,,,physical
2026-07-03,legumes,tomate-ceasas,Tomate - Ceasas,Longa Vida/Extra A,,preco,1.5,"1,50",R$/Kg,price,BRL,kg,spot,,,physical
2026-07-03,legumes,tomate-ceasas,Tomate - Ceasas,Longa Vida/Extra A,,variacao_pct,20.0,"+20,00",%,change_pct,,pct,spot,,,physical
2026-07-03,legumes,tomate-ceasas,Tomate - Ceasas,Santa Cruz/Extra A,,preco,,s/ cotação,R$/Kg,price,BRL,kg,spot,,,physical
2026-07-03,legumes,tomate-ceasas,Tomate - Ceasas,Santa Cruz/Extra A,,variacao_pct,,-,%,change_pct,,pct,spot,,,physical
2026-07-06,legumes,batata-ceasas,Batata - Ceasas,Agatha Primeira,,preco,1.6,"1,60",R$/Kg,price,BRL,kg,spot,,,physical
2026-07-06,legumes,batata-ceasas,Batata - Ceasas,Agatha Primeira,,variacao_pct,-20.0,"-20,00",%,change_pct,,pct,spot,,,physical
2026-07-06,legumes,batata-ceasas,Batata - Ceasas,Aster Primeira,,preco,1.6,"1,60",R$/Kg,price,BRL,kg,spot,,,physical
2026-07-06,legumes,batata-ceasas,Batata - Ceasas,Aster Primeira,,variacao_pct,0.0,"0,00",%,change_pct,,pct,spot,,,physical
2026-07-06,legumes,batata-ceasas,Batata - Ceasas,Asterix,,preco,4.57,"4,57",R$/Kg,price,BRL,kg,spot,,,physical
2026-07-06,legumes,batata-ceasas,Batata - Ceasas,Asterix,,variacao_pct,-1.93,"-1,93",%,change_pct,,pct,spot,,,physical
2026-07-06,legumes,batata-ceasas,Batata - Ceasas,Escovada Especial,,preco,,s/ cotação,R$/Kg,price,BRL,kg,spot,,,physical
2026-07-06,legumes,batata-ceasas,Batata - Ceasas,Escovada Especial,,variacao_pct,,-,%,change_pct,,pct,spot,,,physical
2026-07-06,legumes,batata-ceasas,Batata - Ceasas,Lavada Especial,,preco,5.01,"5,01",R$/Kg,price,BRL,kg,spot,,,physical
2026-07-06,legumes,batata-ceasas,Batata - Ceasas,Lavada Especial,,variacao_pct,0.0,"0,00",%,change_pct,,pct,spot,,,physical
2026-07-06,legumes,batata-ceasas,Batata - Ceasas,Yacon,,preco,5.5,"5,50",R$/Kg,price,BRL,kg,spot,,,physical
2026-07-06,legumes,batata-ceasas,Batata - Ceasas,Yacon,,variacao_pct,0.0,"0,00",%,change_pct,,pct,spot,,,physical
2026-07-06,legumes,cebola-no-atacado,Cebola - Ceasas,Amarela Mineira,,preco,4.0,"4,00",R$/Kg,price,BRL,kg,spot,,,physical
2026-07-06,legumes,cebola-no-atacado,Cebola - Ceasas,Amarela Mineira,,variacao_pct,0.0,"0,00",%,change_pct,,pct,spot,,,physical
2026-07-06,legumes,cebola-no-atacado,Cebola - Ceasas,Amarela Paulista,,preco,100.0,"100,00",R$/Kg,price,BRL,kg,spot,,,physical
2026-07-06,legumes,cebola-no-atacado,Cebola - Ceasas,Amarela Paulista,,variacao_pct,17.65,"+17,65",%,change_pct,,pct,spot,,,physical
2026-07-06,legumes,cebola-no-atacado,Cebola - Ceasas,Amarela Pernambucana,,preco,,s/ cotação,R$/Kg,price,BRL,kg,spot,,,physical
2026-07-06,legumes,cebola-no-atacado,Cebola - Ceasas,Amarela Pernambucana,,variacao_pct,,-,%,change_pct,,pct,spot,,,physical
2026-07-06,legumes,cebola-no-atacado,Cebola - Ceasas,Amarela Santa Catarina,,preco,,s/ cotação,R$/Kg,price,BRL,kg,spot,,,physical
2026-07-06,legumes,cebola-no-atacado,Cebola - Ceasas,Amarela Santa Catarina,,variacao_pct,,-,%,change_pct,,pct,spot,,,physical
2026-07-06,legumes,cebola-no-atacado,Cebola - Ceasas,Importada Argentina,,preco,,s/ cotação,R$/Kg,price,BRL,kg,spot,,,physical
2026-07-06,legumes,cebola-no-atacado,Cebola - Ceasas,Importada Argentina,,variacao_pct,,-,%,change_pct,,pct,spot,,,physical
2026-07-06,legumes,cebola-no-atacado,Cebola - Ceasas,Nacional (Caixa 4),,preco,5.1,"5,10",R$/Kg,price,BRL,kg,spot,,,physical
2026-07-06,legumes,cebola-no-atacado,Cebola - Ceasas,Nacional (Caixa 4),,variacao_pct,3.87,"+3,87",%,change_pct,,pct,spot,,,physical
2026-07-06,legumes,cebola-no-atacado,Cebola - Ceasas,Roxa (Caixa 4),,preco,4.4,"4,40",R$/Kg,price,BRL,kg,spot,,,physical
2026-07-06,legumes,cebola-no-atacado,Cebola - Ceasas,Roxa (Caixa 4),,variacao_pct,-9.65,"-9,65",%,change_pct,,pct,spot,,,physical
2026-07-06,legumes,cenoura-ceasas,Cenoura - Ceasas,Cenoura 2A,,preco,4.32,"4,32",R$/Kg,price,BRL,kg,spot,,,physical
2026-07-06,legumes,cenoura-ceasas,Cenoura - Ceasas,Cenoura 2A,,variacao_pct,4.1,"+4,10",%,change_pct,,pct,spot,,,physical
2026-07-06,legumes,cenoura-ceasas,Cenoura - Ceasas,Cenoura G,,preco,3.71,"3,71",R$/Kg,price,BRL,kg,spot,,,physical
2026-07-06,legumes,cenoura-ceasas,Cenoura - Ceasas,Cenoura G,,variacao_pct,6.3,"+6,30",%,change_pct,,pct,spot,,,physical
2026-07-06,legumes,cenoura-ceasas,Cenoura - Ceasas,Especial,,preco,3.5,"3,50",R$/Kg,price,BRL,kg,spot,,,physical
2026-07-06,legumes,cenoura-ceasas,Cenoura - Ceasas,Especial,,variacao_pct,0.0,"0,00",%,change_pct,,pct,spot,,,physical
2026-07-06,legumes,cenoura-ceasas,Cenoura - Ceasas,Extra,,preco,2.25,"2,25",R$/Kg,price,BRL,kg,spot,,,physical
2026-07-06,legumes,cenoura-ceasas,Cenoura - Ceasas,Extra,,variacao_pct,0.0,"0,00",%,change_pct,,pct,spot,,,physical
2026-07-06,legumes,cenoura-ceasas,Cenoura - Ceasas,Extra A,,preco,4.25,"4,25",R$/Kg,price,BRL,kg,spot,,,physical
2026-07-06,legumes,cenoura-ceasas,Cenoura - Ceasas,Extra A,,variacao_pct,0.0,"0,00",%,change_pct,,pct,spot,,,physical
2026-07-06,legumes,tomate-ceasas,Tomate - Ceasas,Carmem 3A,,preco,4.1,"4,10",R$/Kg,price,BRL,kg,spot,,,physical
2026-07-06,legumes,tomate-ceasas,Tomate - Ceasas,Carmem 3A,,variacao_pct,-5.31,"-5,31",%,change_pct,,pct,spot,,,physical
2026-07-06,legumes,tomate-ceasas,Tomate - Ceasas,Débora 3A,,preco,3.62,"3,62",R$/Kg,price,BRL,kg,spot,,,physical
2026-07-06,legumes,tomate-ceasas,Tomate - Ceasas,Débora 3A,,variacao_pct,-13.19,"-13,19",%,change_pct,,pct,spot,,,physical
2026-07-06,legumes,tomate-ceasas,Tomate - Ceasas,Longa Vida/Carmem Extra,,preco,4.75,"4,75",R$/Kg,price,BRL,kg,spot,,,physical
2026-07-06,legumes,tomate-ceasas,Tomate - Ceasas,Longa Vida/Carmem Extra,,variacao_pct,0.0,"0,00",%,change_pct,,pct,spot,,,physical
2026-07-06,legumes,tomate-ceasas,Tomate - Ceasas,Longa Vida/Débora Extra,,preco,4.75,"4,75",R$/Kg,price,BRL,kg,spot,,,physical
2026-07-06,legumes,tomate-ceasas,Tomate - Ceasas,Longa Vida/Débora Extra,,variacao_pct,-5.0,"-5,00",%,change_pct,,pct,spot,,,physical
2026-07-06,legumes,tomate-ceasas,Tomate - Ceasas,Longa Vida/Extra A,,preco,1.5,"1,50",R$/Kg,price,BRL,kg,spot,,,physical
2026-07-06,legumes,tomate-ceasas,Tomate - Ceasas,Longa Vida/Extra A,,variacao_pct,0.0,"0,00",%,change_pct,,pct,spot,,,physical
2026-07-06,legumes,tomate-ceasas,Tomate - Ceasas,Santa Cruz/Extra A,,preco,,s/ cotação,R$/Kg,price,BRL,kg,spot,,,physical
2026-07-06,legumes,tomate-ceasas,Tomate - Ceasas,Santa Cruz/Extra A,,variacao_pct,,-,%,change_pct,,pct,spot,,,physical
2026-07-07,legumes,batata-ceasas,Batata - Ceasas,Agatha Primeira,,preco,1.6,"1,60",R$/Kg,price,BRL,kg,spot,,,physical
2026-07-07,legumes,batata-ceasas,Batata - Ceasas,Agatha Primeira,,variacao_pct,0.0,"0,00",%,change_pct,,pct,spot,,,physical
2026-07-07,legumes,batata-ceasas,Batata - Ceasas,Aster Primeira,,preco,1.6,"1,60",R$/Kg,price,BRL,kg,spot,,,physical
2026-07-07,legumes,batata-ceasas,Batata - Ceasas,Aster Primeira,,variacao_pct,0.0,"0,00",%,change_pct,,pct,spot,,,physical
2026-07-07,legumes,batata-ceasas,Batata - Ceasas,Asterix,,preco,4.49,"4,49",R$/Kg,price,BRL,kg,spot,,,physical
2026-07-07,legumes,batata-ceasas,Batata - Ceasas,Asterix,,variacao_pct,-1.75,"-1,75",%,change_pct,,pct,spot,,,physical
2026-07-07,legumes,batata-ceasas,Batata - Ceasas,Escovada Especial,,preco,3.6,"3,60",R$/Kg,price,BRL,kg,spot,,,physical
2026-07-07,legumes,batata-ceasas,Batata - Ceasas,Escovada Especial,,variacao_pct,,-,%,change_pct,,pct,spot,,,physical
2026-07-07,legumes,batata-ceasas,Batata - Ceasas,Lavada Especial,,preco,4.79,"4,79",R$/Kg,price,BRL,kg,spot,,,physical
2026-07-07,legumes,batata-ceasas,Batata - Ceasas,Lavada Especial,,variacao_pct,-4.39,"-4,39",%,change_pct,,pct,spot,,,physical
2026-07-07,legumes,batata-ceasas,Batata - Ceasas,Yacon,,preco,5.5,"5,50",R$/Kg,price,BRL,kg,spot,,,physical
2026-07-07,legumes,batata-ceasas,Batata - Ceasas,Yacon,,variacao_pct,0.0,"0,00",%,change_pct,,pct,spot,,,physical
2026-07-07,legumes,cebola-no-atacado,Cebola - Ceasas,Amarela Mineira,,preco,4.0,"4,00",R$/Kg,price,BRL,kg,spot,,,physical
2026-07-07,legumes,cebola-no-atacado,Cebola - Ceasas,Amarela Mineira,,variacao_pct,0.0,"0,00",%,change_pct,,pct,spot,,,physical
2026-07-07,legumes,cebola-no-atacado,Cebola - Ceasas,Amarela Paulista,,preco,100.0,"100,00",R$/Kg,price,BRL,kg,spot,,,physical
2026-07-07,legumes,cebola-no-atacado,Cebola - Ceasas,Amarela Paulista,,variacao_pct,0.0,"0,00",%,change_pct,,pct,spot,,,physical
2026-07-07,legumes,cebola-no-atacado,Cebola - Ceasas,Amarela Pernambucana,,preco,,s/ cotação,R$/Kg,price,BRL,kg,spot,,,physical
2026-07-07,legumes,cebola-no-atacado,Cebola - Ceasas,Amarela Pernambucana,,variacao_pct,,-,%,change_pct,,pct,spot,,,physical
2026-07-07,legumes,cebola-no-atacado,Cebola - Ceasas,Amarela Santa Catarina,,preco,,s/ cotação,R$/Kg,price,BRL,kg,spot,,,physical
2026-07-07,legumes,cebola-no-atacado,Cebola - Ceasas,Amarela Santa Catarina,,variacao_pct,,-,%,change_pct,,pct,spot,,,physical
2026-07-07,legumes,cebola-no-atacado,Cebola - Ceasas,Importada Argentina,,preco,,s/ cotação,R$/Kg,price,BRL,kg,spot,,,physical
2026-07-07,legumes,cebola-no-atacado,Cebola - Ceasas,Importada Argentina,,variacao_pct,,-,%,change_pct,,pct,spot,,,physical
2026-07-07,legumes,cebola-no-atacado,Cebola - Ceasas,Nacional (Caixa 4),,preco,4.91,"4,91",R$/Kg,price,BRL,kg,spot,,,physical
2026-07-07,legumes,cebola-no-atacado,Cebola - Ceasas,Nacional (Caixa 4),,variacao_pct,-3.73,"-3,73",%,change_pct,,pct,spot,,,physical
2026-07-07,legumes,cebola-no-atacado,Cebola - Ceasas,Roxa (Caixa 4),,preco,4.95,"4,95",R$/Kg,price,BRL,kg,spot,,,physical
2026-07-07,legumes,cebola-no-atacado,Cebola - Ceasas,Roxa (Caixa 4),,variacao_pct,12.5,"+12,50",%,change_pct,,pct,spot,,,physical
2026-07-07,legumes,cenoura-ceasas,Cenoura - Ceasas,Cenoura 2A,,preco,4.12,"4,12",R$/Kg,price,BRL,kg,spot,,,physical
2026-07-07,legumes,cenoura-ceasas,Cenoura - Ceasas,Cenoura 2A,,variacao_pct,-4.63,"-4,63",%,change_pct,,pct,spot,,,physical
2026-07-07,legumes,cenoura-ceasas,Cenoura - Ceasas,Cenoura G,,preco,3.5,"3,50",R$/Kg,price,BRL,kg,spot,,,physical
2026-07-07,legumes,cenoura-ceasas,Cenoura - Ceasas,Cenoura G,,variacao_pct,-5.66,"-5,66",%,change_pct,,pct,spot,,,physical
2026-07-07,legumes,cenoura-ceasas,Cenoura - Ceasas,Especial,,preco,3.5,"3,50",R$/Kg,price,BRL,kg,spot,,,physical
2026-07-07,legumes,cenoura-ceasas,Cenoura - Ceasas,Especial,,variacao_pct,0.0,"0,00",%,change_pct,,pct,spot,,,physical
2026-07-07,legumes,cenoura-ceasas,Cenoura - Ceasas,Extra,,preco,2.25,"2,25",R$/Kg,price,BRL,kg,spot,,,physical
2026-07-07,legumes,cenoura-ceasas,Cenoura - Ceasas,Extra,,variacao_pct,0.0,"0,00",%,change_pct,,pct,spot,,,physical
2026-07-07,legumes,cenoura-ceasas,Cenoura - Ceasas,Extra A,,preco,4.25,"4,25",R$/Kg,price,BRL,kg,spot,,,physical
2026-07-07,legumes,cenoura-ceasas,Cenoura - Ceasas,Extra A,,variacao_pct,0.0,"0,00",%,change_pct,,pct,spot,,,physical
2026-07-07,legumes,tomate-ceasas,Tomate - Ceasas,Carmem 3A,,preco,3.97,"3,97",R$/Kg,price,BRL,kg,spot,,,physical
2026-07-07,legumes,tomate-ceasas,Tomate - Ceasas,Carmem 3A,,variacao_pct,-3.17,"-3,17",%,change_pct,,pct,spot,,,physical
2026-07-07,legumes,tomate-ceasas,Tomate - Ceasas,Débora 3A,,preco,3.59,"3,59",R$/Kg,price,BRL,kg,spot,,,physical
2026-07-07,legumes,tomate-ceasas,Tomate - Ceasas,Débora 3A,,variacao_pct,-0.83,"-0,83",%,change_pct,,pct,spot,,,physical
2026-07-07,legumes,tomate-ceasas,Tomate - Ceasas,Longa Vida/Carmem Extra,,preco,4.75,"4,75",R$/Kg,price,BRL,kg,spot,,,physical
2026-07-07,legumes,tomate-ceasas,Tomate - Ceasas,Longa Vida/Carmem Extra,,variacao_pct,0.0,"0,00",%,change_pct,,pct,spot,,,physical
2026-07-07,legumes,tomate-ceasas,Tomate - Ceasas,Longa Vida/Débora Extra,,preco,4.75,"4,75",R$/Kg,price,BRL,kg,spot,,,physical
2026-07-07,legumes,tomate-ceasas,Tomate - Ceasas,Longa Vida/Débora Extra,,variacao_pct,0.0,"0,00",%,change_pct,,pct,spot,,,physical
2026-07-07,legumes,tomate-ceasas,Tomate - Ceasas,Longa Vida/Extra A,,preco,1.5,"1,50",R$/Kg,price,BRL,kg,spot,,,physical
2026-07-07,legumes,tomate-ceasas,Tomate - Ceasas,Longa Vida/Extra A,,variacao_pct,0.0,"0,00",%,change_pct,,pct,spot,,,physical
2026-07-07,legumes,tomate-ceasas,Tomate - Ceasas,Santa Cruz/Extra A,,preco,,s/ cotação,R$/Kg,price,BRL,kg,spot,,,physical
2026-07-07,legumes,tomate-ceasas,Tomate - Ceasas,Santa Cruz/Extra A,,variacao_pct,,-,%,change_pct,,pct,spot,,,physical
2026-07-08,legumes,batata-ceasas,Batata - Ceasas,Agatha Primeira,,preco,1.6,"1,60",R$/Kg,price,BRL,kg,spot,,,physical
2026-07-08,legumes,batata-ceasas,Batata - Ceasas,Agatha Primeira,,variacao_pct,0.0,"0,00",%,change_pct,,pct,spot,,,physical
2026-07-08,legumes,batata-ceasas,Batata - Ceasas,Aster Primeira,,preco,1.6,"1,60",R$/Kg,price,BRL,kg,spot,,,physical
2026-07-08,legumes,batata-ceasas,Batata - Ceasas,Aster Primeira,,variacao_pct,0.0,"0,00",%,change_pct,,pct,spot,,,physical
2026-07-08,legumes,batata-ceasas,Batata - Ceasas,Asterix,,preco,4.49,"4,49",R$/Kg,price,BRL,kg,spot,,,physical
2026-07-08,legumes,batata-ceasas,Batata - Ceasas,Asterix,,variacao_pct,0.0,"0,00",%,change_pct,,pct,spot,,,physical
2026-07-08,legumes,batata-ceasas,Batata - Ceasas,Escovada Especial,,preco,3.6,"3,60",R$/Kg,price,BRL,kg,spot,,,physical
2026-07-08,legumes,batata-ceasas,Batata - Ceasas,Escovada Especial,,variacao_pct,0.0,"0,00",%,change_pct,,pct,spot,,,physical
2026-07-08,legumes,batata-ceasas,Batata - Ceasas,Lavada Especial,,preco,4.79,"4,79",R$/Kg,price,BRL,kg,spot,,,physical
2026-07-08,legumes,batata-ceasas,Batata - Ceasas,Lavada Especial,,variacao_pct,0.0,"0,00",%,change_pct,,pct,spot,,,physical
2026-07-08,legumes,batata-ceasas,Batata - Ceasas,Yacon,,preco,5.5,"5,50",R$/Kg,price,BRL,kg,spot,,,physical
2026-07-08,legumes,batata-ceasas,Batata - Ceasas,Yacon,,variacao_pct,0.0,"0,00",%,change_pct,,pct,spot,,,physical
2026-07-08,legumes,cebola-no-atacado,Cebola - Ceasas,Amarela Mineira,,preco,4.5,"4,50",R$/Kg,price,BRL,kg,spot,,,physical
2026-07-08,legumes,cebola-no-atacado,Cebola - Ceasas,Amarela Mineira,,variacao_pct,12.5,"+12,50",%,change_pct,,pct,spot,,,physical
2026-07-08,legumes,cebola-no-atacado,Cebola - Ceasas,Amarela Paulista,,preco,100.0,"100,00",R$/Kg,price,BRL,kg,spot,,,physical
2026-07-08,legumes,cebola-no-atacado,Cebola - Ceasas,Amarela Paulista,,variacao_pct,0.0,"0,00",%,change_pct,,pct,spot,,,physical
2026-07-08,legumes,cebola-no-atacado,Cebola - Ceasas,Amarela Pernambucana,,preco,,s/ cotação,R$/Kg,price,BRL,kg,spot,,,physical
2026-07-08,legumes,cebola-no-atacado,Cebola - Ceasas,Amarela Pernambucana,,variacao_pct,,-,%,change_pct,,pct,spot,,,physical
2026-07-08,legumes,cebola-no-atacado,Cebola - Ceasas,Amarela Santa Catarina,,preco,,s/ cotação,R$/Kg,price,BRL,kg,spot,,,physical
2026-07-08,legumes,cebola-no-atacado,Cebola - Ceasas,Amarela Santa Catarina,,variacao_pct,,-,%,change_pct,,pct,spot,,,physical
2026-07-08,legumes,cebola-no-atacado,Cebola - Ceasas,Importada Argentina,,preco,5.5,"5,50",R$/Kg,price,BRL,kg,spot,,,physical
2026-07-08,legumes,cebola-no-atacado,Cebola - Ceasas,Importada Argentina,,variacao_pct,,-,%,change_pct,,pct,spot,,,physical
2026-07-08,legumes,cebola-no-atacado,Cebola - Ceasas,Nacional (Caixa 4),,preco,4.91,"4,91",R$/Kg,price,BRL,kg,spot,,,physical
2026-07-08,legumes,cebola-no-atacado,Cebola - Ceasas,Nacional (Caixa 4),,variacao_pct,0.0,"0,00",%,change_pct,,pct,spot,,,physical
2026-07-08,legumes,cebola-no-atacado,Cebola - Ceasas,Roxa (Caixa 4),,preco,4.95,"4,95",R$/Kg,price,BRL,kg,spot,,,physical
2026-07-08,legumes,cebola-no-atacado,Cebola - Ceasas,Roxa (Caixa 4),,variacao_pct,0.0,"0,00",%,change_pct,,pct,spot,,,physical
2026-07-08,legumes,cenoura-ceasas,Cenoura - Ceasas,Cenoura 2A,,preco,4.12,"4,12",R$/Kg,price,BRL,kg,spot,,,physical
2026-07-08,legumes,cenoura-ceasas,Cenoura - Ceasas,Cenoura 2A,,variacao_pct,0.0,"0,00",%,change_pct,,pct,spot,,,physical
2026-07-08,legumes,cenoura-ceasas,Cenoura - Ceasas,Cenoura G,,preco,3.5,"3,50",R$/Kg,price,BRL,kg,spot,,,physical
2026-07-08,legumes,cenoura-ceasas,Cenoura - Ceasas,Cenoura G,,variacao_pct,0.0,"0,00",%,change_pct,,pct,spot,,,physical
2026-07-08,legumes,cenoura-ceasas,Cenoura - Ceasas,Especial,,preco,3.25,"3,25",R$/Kg,price,BRL,kg,spot,,,physical
2026-07-08,legumes,cenoura-ceasas,Cenoura - Ceasas,Especial,,variacao_pct,-7.14,"-7,14",%,change_pct,,pct,spot,,,physical
2026-07-08,legumes,cenoura-ceasas,Cenoura - Ceasas,Extra,,preco,3.25,"3,25",R$/Kg,price,BRL,kg,spot,,,physical
2026-07-08,legumes,cenoura-ceasas,Cenoura - Ceasas,Extra,,variacao_pct,44.44,"+44,44",%,change_pct,,pct,spot,,,physical
2026-07-08,legumes,cenoura-ceasas,Cenoura - Ceasas,Extra A,,preco,4.25,"4,25",R$/Kg,price,BRL,kg,spot,,,physical
2026-07-08,legumes,cenoura-ceasas,Cenoura - Ceasas,Extra A,,variacao_pct,0.0,"0,00",%,change_pct,,pct,spot,,,physical
2026-07-08,legumes,tomate-ceasas,Tomate - Ceasas,Carmem 3A,,preco,3.97,"3,97",R$/Kg,price,BRL,kg,spot,,,physical
2026-07-08,legumes,tomate-ceasas,Tomate - Ceasas,Carmem 3A,,variacao_pct,0.0,"0,00",%,change_pct,,pct,spot,,,physical
2026-07-08,legumes,tomate-ceasas,Tomate - Ceasas,Débora 3A,,preco,3.59,"3,59",R$/Kg,price,BRL,kg,spot,,,physical
2026-07-08,legumes,tomate-ceasas,Tomate - Ceasas,Débora 3A,,variacao_pct,0.0,"0,00",%,change_pct,,pct,spot,,,physical
2026-07-08,legumes,tomate-ceasas,Tomate - Ceasas,Longa Vida/Carmem Extra,,preco,4.75,"4,75",R$/Kg,price,BRL,kg,spot,,,physical
2026-07-08,legumes,tomate-ceasas,Tomate - Ceasas,Longa Vida/Carmem Extra,,variacao_pct,0.0,"0,00",%,change_pct,,pct,spot,,,physical
2026-07-08,legumes,tomate-ceasas,Tomate - Ceasas,Longa Vida/Débora Extra,,preco,4.75,"4,75",R$/Kg,price,BRL,kg,spot,,,physical
2026-07-08,legumes,tomate-ceasas,Tomate - Ceasas,Longa Vida/Débora Extra,,variacao_pct,0.0,"0,00",%,change_pct,,pct,spot,,,physical
2026-07-08,legumes,tomate-ceasas,Tomate - Ceasas,Longa Vida/Extra A,,preco,1.5,"1,50",R$/Kg,price,BRL,kg,spot,,,physical
2026-07-08,legumes,tomate-ceasas,Tomate - Ceasas,Longa Vida/Extra A,,variacao_pct,0.0,"0,00",%,change_pct,,pct,spot,,,physical
2026-07-08,legumes,tomate-ceasas,Tomate - Ceasas,Santa Cruz/Extra A,,preco,,s/ cotação,R$/Kg,price,BRL,kg,spot,,,physical
2026-07-08,legumes,tomate-ceasas,Tomate - Ceasas,Santa Cruz/Extra A,,variacao_pct,,-,%,change_pct,,pct,spot,,,physical
2026-07-09,legumes,batata-ceasas,Batata - Ceasas,Agatha Primeira,,preco,1.6,"1,60",R$/Kg,price,BRL,kg,spot,,,physical
2026-07-09,legumes,batata-ceasas,Batata - Ceasas,Agatha Primeira,,variacao_pct,0.0,"0,00",%,change_pct,,pct,spot,,,physical
2026-07-09,legumes,batata-ceasas,Batata - Ceasas,Aster Primeira,,preco,1.6,"1,60",R$/Kg,price,BRL,kg,spot,,,physical
2026-07-09,legumes,batata-ceasas,Batata - Ceasas,Aster Primeira,,variacao_pct,0.0,"0,00",%,change_pct,,pct,spot,,,physical
2026-07-09,legumes,batata-ceasas,Batata - Ceasas,Asterix,,preco,3.73,"3,73",R$/Kg,price,BRL,kg,spot,,,physical
2026-07-09,legumes,batata-ceasas,Batata - Ceasas,Asterix,,variacao_pct,-16.93,"-16,93",%,change_pct,,pct,spot,,,physical
2026-07-09,legumes,batata-ceasas,Batata - Ceasas,Escovada Especial,,preco,,s/ cotação,R$/Kg,price,BRL,kg,spot,,,physical
2026-07-09,legumes,batata-ceasas,Batata - Ceasas,Escovada Especial,,variacao_pct,,-,%,change_pct,,pct,spot,,,physical
2026-07-09,legumes,batata-ceasas,Batata - Ceasas,Lavada Especial,,preco,4.42,"4,42",R$/Kg,price,BRL,kg,spot,,,physical
2026-07-09,legumes,batata-ceasas,Batata - Ceasas,Lavada Especial,,variacao_pct,-7.72,"-7,72",%,change_pct,,pct,spot,,,physical
2026-07-09,legumes,batata-ceasas,Batata - Ceasas,Yacon,,preco,5.5,"5,50",R$/Kg,price,BRL,kg,spot,,,physical
2026-07-09,legumes,batata-ceasas,Batata - Ceasas,Yacon,,variacao_pct,0.0,"0,00",%,change_pct,,pct,spot,,,physical
2026-07-09,legumes,cebola-no-atacado,Cebola - Ceasas,Amarela Mineira,,preco,4.5,"4,50",R$/Kg,price,BRL,kg,spot,,,physical
2026-07-09,legumes,cebola-no-atacado,Cebola - Ceasas,Amarela Mineira,,variacao_pct,0.0,"0,00",%,change_pct,,pct,spot,,,physical
2026-07-09,legumes,cebola-no-atacado,Cebola - Ceasas,Amarela Paulista,,preco,100.0,"100,00",R$/Kg,price,BRL,kg,spot,,,physical
2026-07-09,legumes,cebola-no-atacado,Cebola - Ceasas,Amarela Paulista,,variacao_pct,0.0,"0,00",%,change_pct,,pct,spot,,,physical
2026-07-09,legumes,cebola-no-atacado,Cebola - Ceasas,Amarela Pernambucana,,preco,,s/ cotação,R$/Kg,price,BRL,kg,spot,,,physical
2026-07-09,legumes,cebola-no-atacado,Cebola - Ceasas,Amarela Pernambucana,,variacao_pct,,-,%,change_pct,,pct,spot,,,physical
2026-07-09,legumes,cebola-no-atacado,Cebola - Ceasas,Amarela Santa Catarina,,preco,,s/ cotação,R$/Kg,price,BRL,kg,spot,,,physical
2026-07-09,legumes,cebola-no-atacado,Cebola - Ceasas,Amarela Santa Catarina,,variacao_pct,,-,%,change_pct,,pct,spot,,,physical
2026-07-09,legumes,cebola-no-atacado,Cebola - Ceasas,Importada Argentina,,preco,5.5,"5,50",R$/Kg,price,BRL,kg,spot,,,physical
2026-07-09,legumes,cebola-no-atacado,Cebola - Ceasas,Importada Argentina,,variacao_pct,0.0,"0,00",%,change_pct,,pct,spot,,,physical
2026-07-09,legumes,cebola-no-atacado,Cebola - Ceasas,Nacional (Caixa 4),,preco,4.91,"4,91",R$/Kg,price,BRL,kg,spot,,,physical
2026-07-09,legumes,cebola-no-atacado,Cebola - Ceasas,Nacional (Caixa 4),,variacao_pct,0.0,"0,00",%,change_pct,,pct,spot,,,physical
2026-07-09,legumes,cebola-no-atacado,Cebola - Ceasas,Roxa (Caixa 4),,preco,4.94,"4,94",R$/Kg,price,BRL,kg,spot,,,physical
2026-07-09,legumes,cebola-no-atacado,Cebola - Ceasas,Roxa (Caixa 4),,variacao_pct,-0.2,"-0,20",%,change_pct,,pct,spot,,,physical
2026-07-09,legumes,cenoura-ceasas,Cenoura - Ceasas,Cenoura 2A,,preco,4.22,"4,22",R$/Kg,price,BRL,kg,spot,,,physical
2026-07-09,legumes,cenoura-ceasas,Cenoura - Ceasas,Cenoura 2A,,variacao_pct,2.43,"+2,43",%,change_pct,,pct,spot,,,physical
2026-07-09,legumes,cenoura-ceasas,Cenoura - Ceasas,Cenoura G,,preco,3.59,"3,59",R$/Kg,price,BRL,kg,spot,,,physical
2026-07-09,legumes,cenoura-ceasas,Cenoura - Ceasas,Cenoura G,,variacao_pct,2.57,"+2,57",%,change_pct,,pct,spot,,,physical
2026-07-09,legumes,cenoura-ceasas,Cenoura - Ceasas,Especial,,preco,3.25,"3,25",R$/Kg,price,BRL,kg,spot,,,physical
2026-07-09,legumes,cenoura-ceasas,Cenoura - Ceasas,Especial,,variacao_pct,0.0,"0,00",%,change_pct,,pct,spot,,,physical
2026-07-09,legumes,cenoura-ceasas,Cenoura - Ceasas,Extra,,preco,3.25,"3,25",R$/Kg,price,BRL,kg,spot,,,physical
2026-07-09,legumes,cenoura-ceasas,Cenoura - Ceasas,Extra,,variacao_pct,0.0,"0,00",%,change_pct,,pct,spot,,,physical
2026-07-09,legumes,cenoura-ceasas,Cenoura - Ceasas,Extra A,,preco,4.25,"4,25",R$/Kg,price,BRL,kg,spot,,,physical
2026-07-09,legumes,cenoura-ceasas,Cenoura - Ceasas,Extra A,,variacao_pct,0.0,"0,00",%,change_pct,,pct,spot,,,physical
2026-07-09,legumes,tomate-ceasas,Tomate - Ceasas,Carmem 3A,,preco,3.36,"3,36",R$/Kg,price,BRL,kg,spot,,,physical
2026-07-09,legumes,tomate-ceasas,Tomate - Ceasas,Carmem 3A,,variacao_pct,-15.37,"-15,37",%,change_pct,,pct,spot,,,physical
2026-07-09,legumes,tomate-ceasas,Tomate - Ceasas,Débora 3A,,preco,3.02,"3,02",R$/Kg,price,BRL,kg,spot,,,physical
2026-07-09,legumes,tomate-ceasas,Tomate - Ceasas,Débora 3A,,variacao_pct,-15.88,"-15,88",%,change_pct,,pct,spot,,,physical
2026-07-09,legumes,tomate-ceasas,Tomate - Ceasas,Longa Vida/Carmem Extra,,preco,4.75,"4,75",R$/Kg,price,BRL,kg,spot,,,physical
2026-07-09,legumes,tomate-ceasas,Tomate - Ceasas,Longa Vida/Carmem Extra,,variacao_pct,0.0,"0,00",%,change_pct,,pct,spot,,,physical
2026-07-09,legumes,tomate-ceasas,Tomate - Ceasas,Longa Vida/Débora Extra,,preco,4.75,"4,75",R$/Kg,price,BRL,kg,spot,,,physical
2026-07-09,legumes,tomate-ceasas,Tomate - Ceasas,Longa Vida/Débora Extra,,variacao_pct,0.0,"0,00",%,change_pct,,pct,spot,,,physical
2026-07-09,legumes,tomate-ceasas,Tomate - Ceasas,Longa Vida/Extra A,,preco,1.5,"1,50",R$/Kg,price,BRL,kg,spot,,,physical
2026-07-09,legumes,tomate-ceasas,Tomate - Ceasas,Longa Vida/Extra A,,variacao_pct,0.0,"0,00",%,change_pct,,pct,spot,,,physical
2026-07-09,legumes,tomate-ceasas,Tomate - Ceasas,Santa Cruz/Extra A,,preco,,s/ cotação,R$/Kg,price,BRL,kg,spot,,,physical
2026-07-09,legumes,tomate-ceasas,Tomate - Ceasas,Santa Cruz/Extra A,,variacao_pct,,-,%,change_pct,,pct,spot,,,physical
2026-07-10,legumes,batata-ceasas,Batata - Ceasas,Agatha Primeira,,preco,1.4,"1,40",R$/Kg,price,BRL,kg,spot,,,physical
2026-07-10,legumes,batata-ceasas,Batata - Ceasas,Agatha Primeira,,variacao_pct,-12.5,"-12,50",%,change_pct,,pct,spot,,,physical
2026-07-10,legumes,batata-ceasas,Batata - Ceasas,Aster Primeira,,preco,1.2,"1,20",R$/Kg,price,BRL,kg,spot,,,physical
2026-07-10,legumes,batata-ceasas,Batata - Ceasas,Aster Primeira,,variacao_pct,-25.0,"-25,00",%,change_pct,,pct,spot,,,physical
2026-07-10,legumes,batata-ceasas,Batata - Ceasas,Asterix,,preco,3.73,"3,73",R$/Kg,price,BRL,kg,spot,,,physical
2026-07-10,legumes,batata-ceasas,Batata - Ceasas,Asterix,,variacao_pct,0.0,"0,00",%,change_pct,,pct,spot,,,physical
2026-07-10,legumes,batata-ceasas,Batata - Ceasas,Escovada Especial,,preco,,s/ cotação,R$/Kg,price,BRL,kg,spot,,,physical
2026-07-10,legumes,batata-ceasas,Batata - Ceasas,Escovada Especial,,variacao_pct,,-,%,change_pct,,pct,spot,,,physical
2026-07-10,legumes,batata-ceasas,Batata - Ceasas,Lavada Especial,,preco,4.42,"4,42",R$/Kg,price,BRL,kg,spot,,,physical
2026-07-10,legumes,batata-ceasas,Batata - Ceasas,Lavada Especial,,variacao_pct,0.0,"0,00",%,change_pct,,pct,spot,,,physical
2026-07-10,legumes,batata-ceasas,Batata - Ceasas,Yacon,,preco,5.5,"5,50",R$/Kg,price,BRL,kg,spot,,,physical
2026-07-10,legumes,batata-ceasas,Batata - Ceasas,Yacon,,variacao_pct,0.0,"0,00",%,change_pct,,pct,spot,,,physical
2026-07-10,legumes,cebola-no-atacado,Cebola - Ceasas,Amarela Mineira,,preco,4.5,"4,50",R$/Kg,price,BRL,kg,spot,,,physical
2026-07-10,legumes,cebola-no-atacado,Cebola - Ceasas,Amarela Mineira,,variacao_pct,0.0,"0,00",%,change_pct,,pct,spot,,,physical
2026-07-10,legumes,cebola-no-atacado,Cebola - Ceasas,Amarela Paulista,,preco,90.0,"90,00",R$/Kg,price,BRL,kg,spot,,,physical
2026-07-10,legumes,cebola-no-atacado,Cebola - Ceasas,Amarela Paulista,,variacao_pct,-10.0,"-10,00",%,change_pct,,pct,spot,,,physical
2026-07-10,legumes,cebola-no-atacado,Cebola - Ceasas,Amarela Pernambucana,,preco,,s/ cotação,R$/Kg,price,BRL,kg,spot,,,physical
2026-07-10,legumes,cebola-no-atacado,Cebola - Ceasas,Amarela Pernambucana,,variacao_pct,,-,%,change_pct,,pct,spot,,,physical
2026-07-10,legumes,cebola-no-atacado,Cebola - Ceasas,Amarela Santa Catarina,,preco,5.0,"5,00",R$/Kg,price,BRL,kg,spot,,,physical
2026-07-10,legumes,cebola-no-atacado,Cebola - Ceasas,Amarela Santa Catarina,,variacao_pct,,-,%,change_pct,,pct,spot,,,physical
2026-07-10,legumes,cebola-no-atacado,Cebola - Ceasas,Importada Argentina,,preco,,s/ cotação,R$/Kg,price,BRL,kg,spot,,,physical
2026-07-10,legumes,cebola-no-atacado,Cebola - Ceasas,Importada Argentina,,variacao_pct,,-,%,change_pct,,pct,spot,,,physical
2026-07-10,legumes,cebola-no-atacado,Cebola - Ceasas,Nacional (Caixa 4),,preco,4.91,"4,91",R$/Kg,price,BRL,kg,spot,,,physical
2026-07-10,legumes,cebola-no-atacado,Cebola - Ceasas,Nacional (Caixa 4),,variacao_pct,0.0,"0,00",%,change_pct,,pct,spot,,,physical
2026-07-10,legumes,cebola-no-atacado,Cebola - Ceasas,Roxa (Caixa 4),,preco,4.94,"4,94",R$/Kg,price,BRL,kg,spot,,,physical
2026-07-10,legumes,cebola-no-atacado,Cebola - Ceasas,Roxa (Caixa 4),,variacao_pct,0.0,"0,00",%,change_pct,,pct,spot,,,physical
2026-07-10,legumes,cenoura-ceasas,Cenoura - Ceasas,Cenoura 2A,,preco,4.22,"4,22",R$/Kg,price,BRL,kg,spot,,,physical
2026-07-10,legumes,cenoura-ceasas,Cenoura - Ceasas,Cenoura 2A,,variacao_pct,0.0,"0,00",%,change_pct,,pct,spot,,,physical
2026-07-10,legumes,cenoura-ceasas,Cenoura - Ceasas,Cenoura G,,preco,3.59,"3,59",R$/Kg,price,BRL,kg,spot,,,physical
2026-07-10,legumes,cenoura-ceasas,Cenoura - Ceasas,Cenoura G,,variacao_pct,0.0,"0,00",%,change_pct,,pct,spot,,,physical
2026-07-10,legumes,cenoura-ceasas,Cenoura - Ceasas,Especial,,preco,3.0,"3,00",R$/Kg,price,BRL,kg,spot,,,physical
2026-07-10,legumes,cenoura-ceasas,Cenoura - Ceasas,Especial,,variacao_pct,-7.69,"-7,69",%,change_pct,,pct,spot,,,physical
2026-07-10,legumes,cenoura-ceasas,Cenoura - Ceasas,Extra,,preco,2.0,"2,00",R$/Kg,price,BRL,kg,spot,,,physical
2026-07-10,legumes,cenoura-ceasas,Cenoura - Ceasas,Extra,,variacao_pct,-38.46,"-38,46",%,change_pct,,pct,spot,,,physical
2026-07-10,legumes,cenoura-ceasas,Cenoura - Ceasas,Extra A,,preco,4.25,"4,25",R$/Kg,price,BRL,kg,spot,,,physical
2026-07-10,legumes,cenoura-ceasas,Cenoura - Ceasas,Extra A,,variacao_pct,0.0,"0,00",%,change_pct,,pct,spot,,,physical
2026-07-10,legumes,tomate-ceasas,Tomate - Ceasas,Carmem 3A,,preco,3.36,"3,36",R$/Kg,price,BRL,kg,spot,,,physical
2026-07-10,legumes,tomate-ceasas,Tomate - Ceasas,Carmem 3A,,variacao_pct,0.0,"0,00",%,change_pct,,pct,spot,,,physical
2026-07-10,legumes,tomate-ceasas,Tomate - Ceasas,Débora 3A,,preco,3.02,"3,02",R$/Kg,price,BRL,kg,spot,,,physical
2026-07-10,legumes,tomate-ceasas,Tomate - Ceasas,Débora 3A,,variacao_pct,0.0,"0,00",%,change_pct,,pct,spot,,,physical
2026-07-10,legumes,tomate-ceasas,Tomate - Ceasas,Longa Vida/Carmem Extra,,preco,4.0,"4,00",R$/Kg,price,BRL,kg,spot,,,physical
2026-07-10,legumes,tomate-ceasas,Tomate - Ceasas,Longa Vida/Carmem Extra,,variacao_pct,-15.79,"-15,79",%,change_pct,,pct,spot,,,physical
2026-07-10,legumes,tomate-ceasas,Tomate - Ceasas,Longa Vida/Débora Extra,,preco,4.25,"4,25",R$/Kg,price,BRL,kg,spot,,,physical
2026-07-10,legumes,tomate-ceasas,Tomate - Ceasas,Longa Vida/Débora Extra,,variacao_pct,-10.53,"-10,53",%,change_pct,,pct,spot,,,physical
2026-07-10,legumes,tomate-ceasas,Tomate - Ceasas,Longa Vida/Extra A,,preco,1.25,"1,25",R$/Kg,price,BRL,kg,spot,,,physical
2026-07-10,legumes,tomate-ceasas,Tomate - Ceasas,Longa Vida/Extra A,,variacao_pct,-16.67,"-16,67",%,change_pct,,pct,spot,,,physical
2026-07-10,legumes,tomate-ceasas,Tomate - Ceasas,Santa Cruz/Extra A,,preco,,s/ cotação,R$/Kg,price,BRL,kg,spot,,,physical
2026-07-10,legumes,tomate-ceasas,Tomate - Ceasas,Santa Cruz/Extra A,,variacao_pct,,-,%,change_pct,,pct,spot,,,physical
2026-07-13,legumes,batata-ceasas,Batata - Ceasas,Agatha Primeira,,preco,1.6,"1,60",R$/Kg,price,BRL,kg,spot,,,physical
2026-07-13,legumes,batata-ceasas,Batata - Ceasas,Agatha Primeira,,variacao_pct,14.29,"+14,29",%,change_pct,,pct,spot,,,physical
2026-07-13,legumes,batata-ceasas,Batata - Ceasas,Aster Primeira,,preco,1.2,"1,20",R$/Kg,price,BRL,kg,spot,,,physical
2026-07-13,legumes,batata-ceasas,Batata - Ceasas,Aster Primeira,,variacao_pct,0.0,"0,00",%,change_pct,,pct,spot,,,physical
2026-07-13,legumes,batata-ceasas,Batata - Ceasas,Asterix,,preco,3.73,"3,73",R$/Kg,price,BRL,kg,spot,,,physical
2026-07-13,legumes,batata-ceasas,Batata - Ceasas,Asterix,,variacao_pct,0.0,"0,00",%,change_pct,,pct,spot,,,physical
2026-07-13,legumes,batata-ceasas,Batata - Ceasas,Escovada Especial,,preco,,s/ cotação,R$/Kg,price,BRL,kg,spot,,,physical
2026-07-13,legumes,batata-ceasas,Batata - Ceasas,Escovada Especial,,variacao_pct,,-,%,change_pct,,pct,spot,,,physical
2026-07-13,legumes,batata-ceasas,Batata - Ceasas,Lavada Especial,,preco,4.42,"4,42",R$/Kg,price,BRL,kg,spot,,,physical
2026-07-13,legumes,batata-ceasas,Batata - Ceasas,Lavada Especial,,variacao_pct,0.0,"0,00",%,change_pct,,pct,spot,,,physical
2026-07-13,legumes,batata-ceasas,Batata - Ceasas,Yacon,,preco,5.5,"5,50",R$/Kg,price,BRL,kg,spot,,,physical
2026-07-13,legumes,batata-ceasas,Batata - Ceasas,Yacon,,variacao_pct,0.0,"0,00",%,change_pct,,pct,spot,,,physical
2026-07-13,legumes,cebola-no-atacado,Cebola - Ceasas,Amarela Mineira,,preco,4.0,"4,00",R$/Kg,price,BRL,kg,spot,,,physical
2026-07-13,legumes,cebola-no-atacado,Cebola - Ceasas,Amarela Mineira,,variacao_pct,-11.11,"-11,11",%,change_pct,,pct,spot,,,physical
2026-07-13,legumes,cebola-no-atacado,Cebola - Ceasas,Amarela Paulista,,preco,90.0,"90,00",R$/Kg,price,BRL,kg,spot,,,physical
2026-07-13,legumes,cebola-no-atacado,Cebola - Ceasas,Amarela Paulista,,variacao_pct,0.0,"0,00",%,change_pct,,pct,spot,,,physical
2026-07-13,legumes,cebola-no-atacado,Cebola - Ceasas,Amarela Pernambucana,,preco,,s/ cotação,R$/Kg,price,BRL,kg,spot,,,physical
2026-07-13,legumes,cebola-no-atacado,Cebola - Ceasas,Amarela Pernambucana,,variacao_pct,,-,%,change_pct,,pct,spot,,,physical
2026-07-13,legumes,cebola-no-atacado,Cebola - Ceasas,Amarela Santa Catarina,,preco,5.0,"5,00",R$/Kg,price,BRL,kg,spot,,,physical
2026-07-13,legumes,cebola-no-atacado,Cebola - Ceasas,Amarela Santa Catarina,,variacao_pct,,-,%,change_pct,,pct,spot,,,physical
2026-07-13,legumes,cebola-no-atacado,Cebola - Ceasas,Importada Argentina,,preco,5.5,"5,50",R$/Kg,price,BRL,kg,spot,,,physical
2026-07-13,legumes,cebola-no-atacado,Cebola - Ceasas,Importada Argentina,,variacao_pct,,-,%,change_pct,,pct,spot,,,physical
2026-07-13,legumes,cebola-no-atacado,Cebola - Ceasas,Nacional (Caixa 4),,preco,4.91,"4,91",R$/Kg,price,BRL,kg,spot,,,physical
2026-07-13,legumes,cebola-no-atacado,Cebola - Ceasas,Nacional (Caixa 4),,variacao_pct,0.0,"0,00",%,change_pct,,pct,spot,,,physical
2026-07-13,legumes,cebola-no-atacado,Cebola - Ceasas,Roxa (Caixa 4),,preco,4.94,"4,94",R$/Kg,price,BRL,kg,spot,,,physical
2026-07-13,legumes,cebola-no-atacado,Cebola - Ceasas,Roxa (Caixa 4),,variacao_pct,0.0,"0,00",%,change_pct,,pct,spot,,,physical
2026-07-13,legumes,cenoura-ceasas,Cenoura - Ceasas,Cenoura 2A,,preco,4.22,"4,22",R$/Kg,price,BRL,kg,spot,,,physical
2026-07-13,legumes,cenoura-ceasas,Cenoura - Ceasas,Cenoura 2A,,variacao_pct,0.0,"0,00",%,change_pct,,pct,spot,,,physical
2026-07-13,legumes,cenoura-ceasas,Cenoura - Ceasas,Cenoura G,,preco,3.59,"3,59",R$/Kg,price,BRL,kg,spot,,,physical
2026-07-13,legumes,cenoura-ceasas,Cenoura - Ceasas,Cenoura G,,variacao_pct,0.0,"0,00",%,change_pct,,pct,spot,,,physical
2026-07-13,legumes,cenoura-ceasas,Cenoura - Ceasas,Especial,,preco,3.0,"3,00",R$/Kg,price,BRL,kg,spot,,,physical
2026-07-13,legumes,cenoura-ceasas,Cenoura - Ceasas,Especial,,variacao_pct,0.0,"0,00",%,change_pct,,pct,spot,,,physical
2026-07-13,legumes,cenoura-ceasas,Cenoura - Ceasas,Extra,,preco,3.0,"3,00",R$/Kg,price,BRL,kg,spot,,,physical
2026-07-13,legumes,cenoura-ceasas,Cenoura - Ceasas,Extra,,variacao_pct,50.0,"+50,00",%,change_pct,,pct,spot,,,physical
2026-07-13,legumes,cenoura-ceasas,Cenoura - Ceasas,Extra A,,preco,4.25,"4,25",R$/Kg,price,BRL,kg,spot,,,physical
2026-07-13,legumes,cenoura-ceasas,Cenoura - Ceasas,Extra A,,variacao_pct,0.0,"0,00",%,change_pct,,pct,spot,,,physical
2026-07-13,legumes,tomate-ceasas,Tomate - Ceasas,Carmem 3A,,preco,3.36,"3,36",R$/Kg,price,BRL,kg,spot,,,physical
2026-07-13,legumes,tomate-ceasas,Tomate - Ceasas,Carmem 3A,,variacao_pct,0.0,"0,00",%,change_pct,,pct,spot,,,physical
2026-07-13,legumes,tomate-ceasas,Tomate - Ceasas,Débora 3A,,preco,3.02,"3,02",R$/Kg,price,BRL,kg,spot,,,physical
2026-07-13,legumes,tomate-ceasas,Tomate - Ceasas,Débora 3A,,variacao_pct,0.0,"0,00",%,change_pct,,pct,spot,,,physical
2026-07-13,legumes,tomate-ceasas,Tomate - Ceasas,Longa Vida/Carmem Extra,,preco,4.0,"4,00",R$/Kg,price,BRL,kg,spot,,,physical
2026-07-13,legumes,tomate-ceasas,Tomate - Ceasas,Longa Vida/Carmem Extra,,variacao_pct,0.0,"0,00",%,change_pct,,pct,spot,,,physical
2026-07-13,legumes,tomate-ceasas,Tomate - Ceasas,Longa Vida/Débora Extra,,preco,4.25,"4,25",R$/Kg,price,BRL,kg,spot,,,physical
2026-07-13,legumes,tomate-ceasas,Tomate - Ceasas,Longa Vida/Débora Extra,,variacao_pct,0.0,"0,00",%,change_pct,,pct,spot,,,physical
2026-07-13,legumes,tomate-ceasas,Tomate - Ceasas,Longa Vida/Extra A,,preco,1.4,"1,40",R$/Kg,price,BRL,kg,spot,,,physical
2026-07-13,legumes,tomate-ceasas,Tomate - Ceasas,Longa Vida/Extra A,,variacao_pct,12.0,"+12,00",%,change_pct,,pct,spot,,,physical
2026-07-13,legumes,tomate-ceasas,Tomate - Ceasas,Santa Cruz/Extra A,,preco,,s/ cotação,R$/Kg,price,BRL,kg,spot,,,physical
2026-07-13,legumes,tomate-ceasas,Tomate - Ceasas,Santa Cruz/Extra A,,variacao_pct,,-,%,change_pct,,pct,spot,,,physical
2026-07-14,legumes,batata-ceasas,Batata - Ceasas,Agatha Primeira,,preco,1.6,"1,60",R$/Kg,price,BRL,kg,spot,,,physical
2026-07-14,legumes,batata-ceasas,Batata - Ceasas,Agatha Primeira,,variacao_pct,0.0,"0,00",%,change_pct,,pct,spot,,,physical
2026-07-14,legumes,batata-ceasas,Batata - Ceasas,Aster Primeira,,preco,1.2,"1,20",R$/Kg,price,BRL,kg,spot,,,physical
2026-07-14,legumes,batata-ceasas,Batata - Ceasas,Aster Primeira,,variacao_pct,0.0,"0,00",%,change_pct,,pct,spot,,,physical
2026-07-14,legumes,batata-ceasas,Batata - Ceasas,Asterix,,preco,3.77,"3,77",R$/Kg,price,BRL,kg,spot,,,physical
2026-07-14,legumes,batata-ceasas,Batata - Ceasas,Asterix,,variacao_pct,1.07,"+1,07",%,change_pct,,pct,spot,,,physical
2026-07-14,legumes,batata-ceasas,Batata - Ceasas,Escovada Especial,,preco,,s/ cotação,R$/Kg,price,BRL,kg,spot,,,physical
2026-07-14,legumes,batata-ceasas,Batata - Ceasas,Escovada Especial,,variacao_pct,,-,%,change_pct,,pct,spot,,,physical
2026-07-14,legumes,batata-ceasas,Batata - Ceasas,Lavada Especial,,preco,3.74,"3,74",R$/Kg,price,BRL,kg,spot,,,physical
2026-07-14,legumes,batata-ceasas,Batata - Ceasas,Lavada Especial,,variacao_pct,-15.38,"-15,38",%,change_pct,,pct,spot,,,physical
2026-07-14,legumes,batata-ceasas,Batata - Ceasas,Yacon,,preco,5.5,"5,50",R$/Kg,price,BRL,kg,spot,,,physical
2026-07-14,legumes,batata-ceasas,Batata - Ceasas,Yacon,,variacao_pct,0.0,"0,00",%,change_pct,,pct,spot,,,physical
2026-07-14,legumes,cebola-no-atacado,Cebola - Ceasas,Amarela Mineira,,preco,4.0,"4,00",R$/Kg,price,BRL,kg,spot,,,physical
2026-07-14,legumes,cebola-no-atacado,Cebola - Ceasas,Amarela Mineira,,variacao_pct,0.0,"0,00",%,change_pct,,pct,spot,,,physical
2026-07-14,legumes,cebola-no-atacado,Cebola - Ceasas,Amarela Paulista,,preco,90.0,"90,00",R$/Kg,price,BRL,kg,spot,,,physical
2026-07-14,legumes,cebola-no-atacado,Cebola - Ceasas,Amarela Paulista,,variacao_pct,0.0,"0,00",%,change_pct,,pct,spot,,,physical
2026-07-14,legumes,cebola-no-atacado,Cebola - Ceasas,Amarela Pernambucana,,preco,,s/ cotação,R$/Kg,price,BRL,kg,spot,,,physical
2026-07-14,legumes,cebola-no-atacado,Cebola - Ceasas,Amarela Pernambucana,,variacao_pct,,-,%,change_pct,,pct,spot,,,physical
2026-07-14,legumes,cebola-no-atacado,Cebola - Ceasas,Amarela Santa Catarina,,preco,5.0,"5,00",R$/Kg,price,BRL,kg,spot,,,physical
2026-07-14,legumes,cebola-no-atacado,Cebola - Ceasas,Amarela Santa Catarina,,variacao_pct,0.0,"0,00",%,change_pct,,pct,spot,,,physical
2026-07-14,legumes,cebola-no-atacado,Cebola - Ceasas,Importada Argentina,,preco,5.5,"5,50",R$/Kg,price,BRL,kg,spot,,,physical
2026-07-14,legumes,cebola-no-atacado,Cebola - Ceasas,Importada Argentina,,variacao_pct,0.0,"0,00",%,change_pct,,pct,spot,,,physical
2026-07-14,legumes,cebola-no-atacado,Cebola - Ceasas,Nacional (Caixa 4),,preco,4.09,"4,09",R$/Kg,price,BRL,kg,spot,,,physical
2026-07-14,legumes,cebola-no-atacado,Cebola - Ceasas,Nacional (Caixa 4),,variacao_pct,-16.7,"-16,70",%,change_pct,,pct,spot,,,physical
2026-07-14,legumes,cebola-no-atacado,Cebola - Ceasas,Roxa (Caixa 4),,preco,4.34,"4,34",R$/Kg,price,BRL,kg,spot,,,physical
2026-07-14,legumes,cebola-no-atacado,Cebola - Ceasas,Roxa (Caixa 4),,variacao_pct,-12.15,"-12,15",%,change_pct,,pct,spot,,,physical
2026-07-14,legumes,cenoura-ceasas,Cenoura - Ceasas,Cenoura 2A,,preco,3.75,"3,75",R$/Kg,price,BRL,kg,spot,,,physical
2026-07-14,legumes,cenoura-ceasas,Cenoura - Ceasas,Cenoura 2A,,variacao_pct,-11.14,"-11,14",%,change_pct,,pct,spot,,,physical
2026-07-14,legumes,cenoura-ceasas,Cenoura - Ceasas,Cenoura G,,preco,3.41,"3,41",R$/Kg,price,BRL,kg,spot,,,physical
2026-07-14,legumes,cenoura-ceasas,Cenoura - Ceasas,Cenoura G,,variacao_pct,-5.01,"-5,01",%,change_pct,,pct,spot,,,physical
2026-07-14,legumes,cenoura-ceasas,Cenoura - Ceasas,Especial,,preco,3.0,"3,00",R$/Kg,price,BRL,kg,spot,,,physical
2026-07-14,legumes,cenoura-ceasas,Cenoura - Ceasas,Especial,,variacao_pct,0.0,"0,00",%,change_pct,,pct,spot,,,physical
2026-07-14,legumes,cenoura-ceasas,Cenoura - Ceasas,Extra,,preco,3.0,"3,00",R$/Kg,price,BRL,kg,spot,,,physical
2026-07-14,legumes,cenoura-ceasas,Cenoura - Ceasas,Extra,,variacao_pct,0.0,"0,00",%,change_pct,,pct,spot,,,physical
2026-07-14,legumes,cenoura-ceasas,Cenoura - Ceasas,Extra A,,preco,4.25,"4,25",R$/Kg,price,BRL,kg,spot,,,physical
2026-07-14,legumes,cenoura-ceasas,Cenoura - Ceasas,Extra A,,variacao_pct,0.0,"0,00",%,change_pct,,pct,spot,,,physical
2026-07-14,legumes,tomate-ceasas,Tomate - Ceasas,Carmem 3A,,preco,3.05,"3,05",R$/Kg,price,BRL,kg,spot,,,physical
2026-07-14,legumes,tomate-ceasas,Tomate - Ceasas,Carmem 3A,,variacao_pct,-9.23,"-9,23",%,change_pct,,pct,spot,,,physical
2026-07-14,legumes,tomate-ceasas,Tomate - Ceasas,Débora 3A,,preco,2.5,"2,50",R$/Kg,price,BRL,kg,spot,,,physical
2026-07-14,legumes,tomate-ceasas,Tomate - Ceasas,Débora 3A,,variacao_pct,-17.22,"-17,22",%,change_pct,,pct,spot,,,physical
2026-07-14,legumes,tomate-ceasas,Tomate - Ceasas,Longa Vida/Carmem Extra,,preco,4.0,"4,00",R$/Kg,price,BRL,kg,spot,,,physical
2026-07-14,legumes,tomate-ceasas,Tomate - Ceasas,Longa Vida/Carmem Extra,,variacao_pct,0.0,"0,00",%,change_pct,,pct,spot,,,physical
2026-07-14,legumes,tomate-ceasas,Tomate - Ceasas,Longa Vida/Débora Extra,,preco,4.25,"4,25",R$/Kg,price,BRL,kg,spot,,,physical
2026-07-14,legumes,tomate-ceasas,Tomate - Ceasas,Longa Vida/Débora Extra,,variacao_pct,0.0,"0,00",%,change_pct,,pct,spot,,,physical
2026-07-14,legumes,tomate-ceasas,Tomate - Ceasas,Longa Vida/Extra A,,preco,1.4,"1,40",R$/Kg,price,BRL,kg,spot,,,physical
2026-07-14,legumes,tomate-ceasas,Tomate - Ceasas,Longa Vida/Extra A,,variacao_pct,0.0,"0,00",%,change_pct,,pct,spot,,,physical
2026-07-14,legumes,tomate-ceasas,Tomate - Ceasas,Santa Cruz/Extra A,,preco,,s/ cotação,R$/Kg,price,BRL,kg,spot,,,physical
2026-07-14,legumes,tomate-ceasas,Tomate - Ceasas,Santa Cruz/Extra A,,variacao_pct,,-,%,change_pct,,pct,spot,,,physical
2026-07-15,legumes,batata-ceasas,Batata - Ceasas,Agatha Primeira,,preco,1.6,"1,60",R$/Kg,price,BRL,kg,spot,,,physical
2026-07-15,legumes,batata-ceasas,Batata - Ceasas,Agatha Primeira,,variacao_pct,0.0,"0,00",%,change_pct,,pct,spot,,,physical
2026-07-15,legumes,batata-ceasas,Batata - Ceasas,Aster Primeira,,preco,1.2,"1,20",R$/Kg,price,BRL,kg,spot,,,physical
2026-07-15,legumes,batata-ceasas,Batata - Ceasas,Aster Primeira,,variacao_pct,0.0,"0,00",%,change_pct,,pct,spot,,,physical
2026-07-15,legumes,batata-ceasas,Batata - Ceasas,Asterix,,preco,3.77,"3,77",R$/Kg,price,BRL,kg,spot,,,physical
2026-07-15,legumes,batata-ceasas,Batata - Ceasas,Asterix,,variacao_pct,0.0,"0,00",%,change_pct,,pct,spot,,,physical
2026-07-15,legumes,batata-ceasas,Batata - Ceasas,Escovada Especial,,preco,,s/ cotação,R$/Kg,price,BRL,kg,spot,,,physical
2026-07-15,legumes,batata-ceasas,Batata - Ceasas,Escovada Especial,,variacao_pct,,-,%,change_pct,,pct,spot,,,physical
2026-07-15,legumes,batata-ceasas,Batata - Ceasas,Lavada Especial,,preco,3.74,"3,74",R$/Kg,price,BRL,kg,spot,,,physical
2026-07-15,legumes,batata-ceasas,Batata - Ceasas,Lavada Especial,,variacao_pct,0.0,"0,00",%,change_pct,,pct,spot,,,physical
2026-07-15,legumes,batata-ceasas,Batata - Ceasas,Yacon,,preco,5.5,"5,50",R$/Kg,price,BRL,kg,spot,,,physical
2026-07-15,legumes,batata-ceasas,Batata - Ceasas,Yacon,,variacao_pct,0.0,"0,00",%,change_pct,,pct,spot,,,physical
2026-07-15,legumes,cebola-no-atacado,Cebola - Ceasas,Amarela Mineira,,preco,4.0,"4,00",R$/Kg,price,BRL,kg,spot,,,physical
2026-07-15,legumes,cebola-no-atacado,Cebola - Ceasas,Amarela Mineira,,variacao_pct,0.0,"0,00",%,change_pct,,pct,spot,,,physical
2026-07-15,legumes,cebola-no-atacado,Cebola - Ceasas,Amarela Paulista,,preco,90.0,"90,00",R$/Kg,price,BRL,kg,spot,,,physical
2026-07-15,legumes,cebola-no-atacado,Cebola - Ceasas,Amarela Paulista,,variacao_pct,0.0,"0,00",%,change_pct,,pct,spot,,,physical
2026-07-15,legumes,cebola-no-atacado,Cebola - Ceasas,Amarela Pernambucana,,preco,,s/ cotação,R$/Kg,price,BRL,kg,spot,,,physical
2026-07-15,legumes,cebola-no-atacado,Cebola - Ceasas,Amarela Pernambucana,,variacao_pct,,-,%,change_pct,,pct,spot,,,physical
2026-07-15,legumes,cebola-no-atacado,Cebola - Ceasas,Amarela Santa Catarina,,preco,5.0,"5,00",R$/Kg,price,BRL,kg,spot,,,physical
2026-07-15,legumes,cebola-no-atacado,Cebola - Ceasas,Amarela Santa Catarina,,variacao_pct,0.0,"0,00",%,change_pct,,pct,spot,,,physical
2026-07-15,legumes,cebola-no-atacado,Cebola - Ceasas,Importada Argentina,,preco,5.5,"5,50",R$/Kg,price,BRL,kg,spot,,,physical
2026-07-15,legumes,cebola-no-atacado,Cebola - Ceasas,Importada Argentina,,variacao_pct,0.0,"0,00",%,change_pct,,pct,spot,,,physical
2026-07-15,legumes,cebola-no-atacado,Cebola - Ceasas,Nacional (Caixa 4),,preco,4.09,"4,09",R$/Kg,price,BRL,kg,spot,,,physical
2026-07-15,legumes,cebola-no-atacado,Cebola - Ceasas,Nacional (Caixa 4),,variacao_pct,0.0,"0,00",%,change_pct,,pct,spot,,,physical
2026-07-15,legumes,cebola-no-atacado,Cebola - Ceasas,Roxa (Caixa 4),,preco,4.34,"4,34",R$/Kg,price,BRL,kg,spot,,,physical
2026-07-15,legumes,cebola-no-atacado,Cebola - Ceasas,Roxa (Caixa 4),,variacao_pct,0.0,"0,00",%,change_pct,,pct,spot,,,physical
2026-07-15,legumes,cenoura-ceasas,Cenoura - Ceasas,Cenoura 2A,,preco,3.75,"3,75",R$/Kg,price,BRL,kg,spot,,,physical
2026-07-15,legumes,cenoura-ceasas,Cenoura - Ceasas,Cenoura 2A,,variacao_pct,0.0,"0,00",%,change_pct,,pct,spot,,,physical
2026-07-15,legumes,cenoura-ceasas,Cenoura - Ceasas,Cenoura G,,preco,3.41,"3,41",R$/Kg,price,BRL,kg,spot,,,physical
2026-07-15,legumes,cenoura-ceasas,Cenoura - Ceasas,Cenoura G,,variacao_pct,0.0,"0,00",%,change_pct,,pct,spot,,,physical
2026-07-15,legumes,cenoura-ceasas,Cenoura - Ceasas,Especial,,preco,3.0,"3,00",R$/Kg,price,BRL,kg,spot,,,physical
2026-07-15,legumes,cenoura-ceasas,Cenoura - Ceasas,Especial,,variacao_pct,0.0,"0,00",%,change_pct,,pct,spot,,,physical
2026-07-15,legumes,cenoura-ceasas,Cenoura - Ceasas,Extra,,preco,3.0,"3,00",R$/Kg,price,BRL,kg,spot,,,physical
2026-07-15,legumes,cenoura-ceasas,Cenoura - Ceasas,Extra,,variacao_pct,0.0,"0,00",%,change_pct,,pct,spot,,,physical
2026-07-15,legumes,cenoura-ceasas,Cenoura - Ceasas,Extra A,,preco,4.25,"4,25",R$/Kg,price,BRL,kg,spot,,,physical
2026-07-15,legumes,cenoura-ceasas,Cenoura - Ceasas,Extra A,,variacao_pct,0.0,"0,00",%,change_pct,,pct,spot,,,physical
2026-07-15,legumes,tomate-ceasas,Tomate - Ceasas,Carmem 3A,,preco,3.05,"3,05",R$/Kg,price,BRL,kg,spot,,,physical
2026-07-15,legumes,tomate-ceasas,Tomate - Ceasas,Carmem 3A,,variacao_pct,0.0,"0,00",%,change_pct,,pct,spot,,,physical
2026-07-15,legumes,tomate-ceasas,Tomate - Ceasas,Débora 3A,,preco,2.5,"2,50",R$/Kg,price,BRL,kg,spot,,,physical
2026-07-15,legumes,tomate-ceasas,Tomate - Ceasas,Débora 3A,,variacao_pct,0.0,"0,00",%,change_pct,,pct,spot,,,physical
2026-07-15,legumes,tomate-ceasas,Tomate - Ceasas,Longa Vida/Carmem Extra,,preco,4.0,"4,00",R$/Kg,price,BRL,kg,spot,,,physical
2026-07-15,legumes,tomate-ceasas,Tomate - Ceasas,Longa Vida/Carmem Extra,,variacao_pct,0.0,"0,00",%,change_pct,,pct,spot,,,physical
2026-07-15,legumes,tomate-ceasas,Tomate - Ceasas,Longa Vida/Débora Extra,,preco,4.25,"4,25",R$/Kg,price,BRL,kg,spot,,,physical
2026-07-15,legumes,tomate-ceasas,Tomate - Ceasas,Longa Vida/Débora Extra,,variacao_pct,0.0,"0,00",%,change_pct,,pct,spot,,,physical
2026-07-15,legumes,tomate-ceasas,Tomate - Ceasas,Longa Vida/Extra A,,preco,1.4,"1,40",R$/Kg,price,BRL,kg,spot,,,physical
2026-07-15,legumes,tomate-ceasas,Tomate - Ceasas,Longa Vida/Extra A,,variacao_pct,0.0,"0,00",%,change_pct,,pct,spot,,,physical
2026-07-15,legumes,tomate-ceasas,Tomate - Ceasas,Santa Cruz/Extra A,,preco,,s/ cotação,R$/Kg,price,BRL,kg,spot,,,physical
2026-07-15,legumes,tomate-ceasas,Tomate - Ceasas,Santa Cruz/Extra A,,variacao_pct,,-,%,change_pct,,pct,spot,,,physical
2026-07-16,legumes,batata-ceasas,Batata - Ceasas,Agatha Primeira,,preco,1.4,"1,40",R$/Kg,price,BRL,kg,spot,,,physical
2026-07-16,legumes,batata-ceasas,Batata - Ceasas,Agatha Primeira,,variacao_pct,-12.5,"-12,50",%,change_pct,,pct,spot,,,physical
2026-07-16,legumes,batata-ceasas,Batata - Ceasas,Aster Primeira,,preco,1.2,"1,20",R$/Kg,price,BRL,kg,spot,,,physical
2026-07-16,legumes,batata-ceasas,Batata - Ceasas,Aster Primeira,,variacao_pct,0.0,"0,00",%,change_pct,,pct,spot,,,physical
2026-07-16,legumes,batata-ceasas,Batata - Ceasas,Asterix,,preco,3.91,"3,91",R$/Kg,price,BRL,kg,spot,,,physical
2026-07-16,legumes,batata-ceasas,Batata - Ceasas,Asterix,,variacao_pct,3.71,"+3,71",%,change_pct,,pct,spot,,,physical
2026-07-16,legumes,batata-ceasas,Batata - Ceasas,Escovada Especial,,preco,,s/ cotação,R$/Kg,price,BRL,kg,spot,,,physical
2026-07-16,legumes,batata-ceasas,Batata - Ceasas,Escovada Especial,,variacao_pct,,-,%,change_pct,,pct,spot,,,physical
2026-07-16,legumes,batata-ceasas,Batata - Ceasas,Lavada Especial,,preco,3.65,"3,65",R$/Kg,price,BRL,kg,spot,,,physical
2026-07-16,legumes,batata-ceasas,Batata - Ceasas,Lavada Especial,,variacao_pct,-2.41,"-2,41",%,change_pct,,pct,spot,,,physical
2026-07-16,legumes,batata-ceasas,Batata - Ceasas,Yacon,,preco,5.5,"5,50",R$/Kg,price,BRL,kg,spot,,,physical
2026-07-16,legumes,batata-ceasas,Batata - Ceasas,Yacon,,variacao_pct,0.0,"0,00",%,change_pct,,pct,spot,,,physical
2026-07-16,legumes,cebola-no-atacado,Cebola - Ceasas,Amarela Mineira,,preco,4.0,"4,00",R$/Kg,price,BRL,kg,spot,,,physical
2026-07-16,legumes,cebola-no-atacado,Cebola - Ceasas,Amarela Mineira,,variacao_pct,0.0,"0,00",%,change_pct,,pct,spot,,,physical
2026-07-16,legumes,cebola-no-atacado,Cebola - Ceasas,Amarela Paulista,,preco,90.0,"90,00",R$/Kg,price,BRL,kg,spot,,,physical
2026-07-16,legumes,cebola-no-atacado,Cebola - Ceasas,Amarela Paulista,,variacao_pct,0.0,"0,00",%,change_pct,,pct,spot,,,physical
2026-07-16,legumes,cebola-no-atacado,Cebola - Ceasas,Amarela Pernambucana,,preco,,s/ cotação,R$/Kg,price,BRL,kg,spot,,,physical
2026-07-16,legumes,cebola-no-atacado,Cebola - Ceasas,Amarela Pernambucana,,variacao_pct,,-,%,change_pct,,pct,spot,,,physical
2026-07-16,legumes,cebola-no-atacado,Cebola - Ceasas,Amarela Santa Catarina,,preco,5.0,"5,00",R$/Kg,price,BRL,kg,spot,,,physical
2026-07-16,legumes,cebola-no-atacado,Cebola - Ceasas,Amarela Santa Catarina,,variacao_pct,0.0,"0,00",%,change_pct,,pct,spot,,,physical
2026-07-16,legumes,cebola-no-atacado,Cebola - Ceasas,Importada Argentina,,preco,5.5,"5,50",R$/Kg,price,BRL,kg,spot,,,physical
2026-07-16,legumes,cebola-no-atacado,Cebola - Ceasas,Importada Argentina,,variacao_pct,0.0,"0,00",%,change_pct,,pct,spot,,,physical
2026-07-16,legumes,cebola-no-atacado,Cebola - Ceasas,Nacional (Caixa 4),,preco,4.21,"4,21",R$/Kg,price,BRL,kg,spot,,,physical
2026-07-16,legumes,cebola-no-atacado,Cebola - Ceasas,Nacional (Caixa 4),,variacao_pct,2.93,"+2,93",%,change_pct,,pct,spot,,,physical
2026-07-16,legumes,cebola-no-atacado,Cebola - Ceasas,Roxa (Caixa 4),,preco,3.79,"3,79",R$/Kg,price,BRL,kg,spot,,,physical
2026-07-16,legumes,cebola-no-atacado,Cebola - Ceasas,Roxa (Caixa 4),,variacao_pct,-12.67,"-12,67",%,change_pct,,pct,spot,,,physical
2026-07-16,legumes,cenoura-ceasas,Cenoura - Ceasas,Cenoura 2A,,preco,3.44,"3,44",R$/Kg,price,BRL,kg,spot,,,physical
2026-07-16,legumes,cenoura-ceasas,Cenoura - Ceasas,Cenoura 2A,,variacao_pct,-8.27,"-8,27",%,change_pct,,pct,spot,,,physical
2026-07-16,legumes,cenoura-ceasas,Cenoura - Ceasas,Cenoura G,,preco,2.78,"2,78",R$/Kg,price,BRL,kg,spot,,,physical
2026-07-16,legumes,cenoura-ceasas,Cenoura - Ceasas,Cenoura G,,variacao_pct,-18.48,"-18,48",%,change_pct,,pct,spot,,,physical
2026-07-16,legumes,cenoura-ceasas,Cenoura - Ceasas,Especial,,preco,3.0,"3,00",R$/Kg,price,BRL,kg,spot,,,physical
2026-07-16,legumes,cenoura-ceasas,Cenoura - Ceasas,Especial,,variacao_pct,0.0,"0,00",%,change_pct,,pct,spot,,,physical
2026-07-16,legumes,cenoura-ceasas,Cenoura - Ceasas,Extra,,preco,2.75,"2,75",R$/Kg,price,BRL,kg,spot,,,physical
2026-07-16,legumes,cenoura-ceasas,Cenoura - Ceasas,Extra,,variacao_pct,-8.33,"-8,33",%,change_pct,,pct,spot,,,physical
2026-07-16,legumes,cenoura-ceasas,Cenoura - Ceasas,Extra A,,preco,3.75,"3,75",R$/Kg,price,BRL,kg,spot,,,physical
2026-07-16,legumes,cenoura-ceasas,Cenoura - Ceasas,Extra A,,variacao_pct,-11.76,"-11,76",%,change_pct,,pct,spot,,,physical
2026-07-16,legumes,tomate-ceasas,Tomate - Ceasas,Carmem 3A,,preco,3.13,"3,13",R$/Kg,price,BRL,kg,spot,,,physical
2026-07-16,legumes,tomate-ceasas,Tomate - Ceasas,Carmem 3A,,variacao_pct,2.62,"+2,62",%,change_pct,,pct,spot,,,physical
2026-07-16,legumes,tomate-ceasas,Tomate - Ceasas,Débora 3A,,preco,2.5,"2,50",R$/Kg,price,BRL,kg,spot,,,physical
2026-07-16,legumes,tomate-ceasas,Tomate - Ceasas,Débora 3A,,variacao_pct,0.0,"0,00",%,change_pct,,pct,spot,,,physical
2026-07-16,legumes,tomate-ceasas,Tomate - Ceasas,Longa Vida/Carmem Extra,,preco,3.5,"3,50",R$/Kg,price,BRL,kg,spot,,,physical
2026-07-16,legumes,tomate-ceasas,Tomate - Ceasas,Longa Vida/Carmem Extra,,variacao_pct,-12.5,"-12,50",%,change_pct,,pct,spot,,,physical
2026-07-16,legumes,tomate-ceasas,Tomate - Ceasas,Longa Vida/Débora Extra,,preco,3.0,"3,00",R$/Kg,price,BRL,kg,spot,,,physical
2026-07-16,legumes,tomate-ceasas,Tomate - Ceasas,Longa Vida/Débora Extra,,variacao_pct,-29.41,"-29,41",%,change_pct,,pct,spot,,,physical
2026-07-16,legumes,tomate-ceasas,Tomate - Ceasas,Longa Vida/Extra A,,preco,1.4,"1,40",R$/Kg,price,BRL,kg,spot,,,physical
2026-07-16,legumes,tomate-ceasas,Tomate - Ceasas,Longa Vida/Extra A,,variacao_pct,0.0,"0,00",%,change_pct,,pct,spot,,,physical
2026-07-16,legumes,tomate-ceasas,Tomate - Ceasas,Santa Cruz/Extra A,,preco,,s/ cotação,R$/Kg,price,BRL,kg,spot,,,physical
2026-07-16,legumes,tomate-ceasas,Tomate - Ceasas,Santa Cruz/Extra A,,variacao_pct,,-,%,change_pct,,pct,spot,,,physical
2026-07-17,legumes,batata-ceasas,Batata - Ceasas,Agatha Primeira,,preco,1.4,"1,40",R$/Kg,price,BRL,kg,spot,,,physical
2026-07-17,legumes,batata-ceasas,Batata - Ceasas,Agatha Primeira,,variacao_pct,0.0,"0,00",%,change_pct,,pct,spot,,,physical
2026-07-17,legumes,batata-ceasas,Batata - Ceasas,Aster Primeira,,preco,1.2,"1,20",R$/Kg,price,BRL,kg,spot,,,physical
2026-07-17,legumes,batata-ceasas,Batata - Ceasas,Aster Primeira,,variacao_pct,0.0,"0,00",%,change_pct,,pct,spot,,,physical
2026-07-17,legumes,batata-ceasas,Batata - Ceasas,Asterix,,preco,3.91,"3,91",R$/Kg,price,BRL,kg,spot,,,physical
2026-07-17,legumes,batata-ceasas,Batata - Ceasas,Asterix,,variacao_pct,0.0,"0,00",%,change_pct,,pct,spot,,,physical
2026-07-17,legumes,batata-ceasas,Batata - Ceasas,Escovada Especial,,preco,,s/ cotação,R$/Kg,price,BRL,kg,spot,,,physical
2026-07-17,legumes,batata-ceasas,Batata - Ceasas,Escovada Especial,,variacao_pct,,-,%,change_pct,,pct,spot,,,physical
2026-07-17,legumes,batata-ceasas,Batata - Ceasas,Lavada Especial,,preco,3.65,"3,65",R$/Kg,price,BRL,kg,spot,,,physical
2026-07-17,legumes,batata-ceasas,Batata - Ceasas,Lavada Especial,,variacao_pct,0.0,"0,00",%,change_pct,,pct,spot,,,physical
2026-07-17,legumes,batata-ceasas,Batata - Ceasas,Yacon,,preco,5.5,"5,50",R$/Kg,price,BRL,kg,spot,,,physical
2026-07-17,legumes,batata-ceasas,Batata - Ceasas,Yacon,,variacao_pct,0.0,"0,00",%,change_pct,,pct,spot,,,physical
2026-07-17,legumes,cebola-no-atacado,Cebola - Ceasas,Amarela Mineira,,preco,4.0,"4,00",R$/Kg,price,BRL,kg,spot,,,physical
2026-07-17,legumes,cebola-no-atacado,Cebola - Ceasas,Amarela Mineira,,variacao_pct,0.0,"0,00",%,change_pct,,pct,spot,,,physical
2026-07-17,legumes,cebola-no-atacado,Cebola - Ceasas,Amarela Paulista,,preco,4.5,"4,50",R$/Kg,price,BRL,kg,spot,,,physical
2026-07-17,legumes,cebola-no-atacado,Cebola - Ceasas,Amarela Paulista,,variacao_pct,,-,%,change_pct,,pct,spot,,,physical
2026-07-17,legumes,cebola-no-atacado,Cebola - Ceasas,Amarela Pernambucana,,preco,,s/ cotação,R$/Kg,price,BRL,kg,spot,,,physical
2026-07-17,legumes,cebola-no-atacado,Cebola - Ceasas,Amarela Pernambucana,,variacao_pct,,-,%,change_pct,,pct,spot,,,physical
2026-07-17,legumes,cebola-no-atacado,Cebola - Ceasas,Amarela Santa Catarina,,preco,,s/ cotação,R$/Kg,price,BRL,kg,spot,,,physical
2026-07-17,legumes,cebola-no-atacado,Cebola - Ceasas,Amarela Santa Catarina,,variacao_pct,,-,%,change_pct,,pct,spot,,,physical
2026-07-17,legumes,cebola-no-atacado,Cebola - Ceasas,Importada Argentina,,preco,5.5,"5,50",R$/Kg,price,BRL,kg,spot,,,physical
2026-07-17,legumes,cebola-no-atacado,Cebola - Ceasas,Importada Argentina,,variacao_pct,0.0,"0,00",%,change_pct,,pct,spot,,,physical
2026-07-17,legumes,cebola-no-atacado,Cebola - Ceasas,Nacional (Caixa 4),,preco,4.21,"4,21",R$/Kg,price,BRL,kg,spot,,,physical
2026-07-17,legumes,cebola-no-atacado,Cebola - Ceasas,Nacional (Caixa 4),,variacao_pct,0.0,"0,00",%,change_pct,,pct,spot,,,physical
2026-07-17,legumes,cebola-no-atacado,Cebola - Ceasas,Roxa (Caixa 4),,preco,3.79,"3,79",R$/Kg,price,BRL,kg,spot,,,physical
2026-07-17,legumes,cebola-no-atacado,Cebola - Ceasas,Roxa (Caixa 4),,variacao_pct,0.0,"0,00",%,change_pct,,pct,spot,,,physical
2026-07-17,legumes,cenoura-ceasas,Cenoura - Ceasas,Cenoura 2A,,preco,3.44,"3,44",R$/Kg,price,BRL,kg,spot,,,physical
2026-07-17,legumes,cenoura-ceasas,Cenoura - Ceasas,Cenoura 2A,,variacao_pct,0.0,"0,00",%,change_pct,,pct,spot,,,physical
2026-07-17,legumes,cenoura-ceasas,Cenoura - Ceasas,Cenoura G,,preco,2.78,"2,78",R$/Kg,price,BRL,kg,spot,,,physical
2026-07-17,legumes,cenoura-ceasas,Cenoura - Ceasas,Cenoura G,,variacao_pct,0.0,"0,00",%,change_pct,,pct,spot,,,physical
2026-07-17,legumes,cenoura-ceasas,Cenoura - Ceasas,Especial,,preco,3.0,"3,00",R$/Kg,price,BRL,kg,spot,,,physical
2026-07-17,legumes,cenoura-ceasas,Cenoura - Ceasas,Especial,,variacao_pct,0.0,"0,00",%,change_pct,,pct,spot,,,physical
2026-07-17,legumes,cenoura-ceasas,Cenoura - Ceasas,Extra,,preco,2.25,"2,25",R$/Kg,price,BRL,kg,spot,,,physical
2026-07-17,legumes,cenoura-ceasas,Cenoura - Ceasas,Extra,,variacao_pct,-18.18,"-18,18",%,change_pct,,pct,spot,,,physical
2026-07-17,legumes,cenoura-ceasas,Cenoura - Ceasas,Extra A,,preco,3.75,"3,75",R$/Kg,price,BRL,kg,spot,,,physical
2026-07-17,legumes,cenoura-ceasas,Cenoura - Ceasas,Extra A,,variacao_pct,0.0,"0,00",%,change_pct,,pct,spot,,,physical
2026-07-17,legumes,tomate-ceasas,Tomate - Ceasas,Carmem 3A,,preco,3.13,"3,13",R$/Kg,price,BRL,kg,spot,,,physical
2026-07-17,legumes,tomate-ceasas,Tomate - Ceasas,Carmem 3A,,variacao_pct,0.0,"0,00",%,change_pct,,pct,spot,,,physical
2026-07-17,legumes,tomate-ceasas,Tomate - Ceasas,Débora 3A,,preco,2.5,"2,50",R$/Kg,price,BRL,kg,spot,,,physical
2026-07-17,legumes,tomate-ceasas,Tomate - Ceasas,Débora 3A,,variacao_pct,0.0,"0,00",%,change_pct,,pct,spot,,,physical
2026-07-17,legumes,tomate-ceasas,Tomate - Ceasas,Longa Vida/Carmem Extra,,preco,3.0,"3,00",R$/Kg,price,BRL,kg,spot,,,physical
2026-07-17,legumes,tomate-ceasas,Tomate - Ceasas,Longa Vida/Carmem Extra,,variacao_pct,-14.29,"-14,29",%,change_pct,,pct,spot,,,physical
2026-07-17,legumes,tomate-ceasas,Tomate - Ceasas,Longa Vida/Débora Extra,,preco,3.0,"3,00",R$/Kg,price,BRL,kg,spot,,,physical
2026-07-17,legumes,tomate-ceasas,Tomate - Ceasas,Longa Vida/Débora Extra,,variacao_pct,0.0,"0,00",%,change_pct,,pct,spot,,,physical
2026-07-17,legumes,tomate-ceasas,Tomate - Ceasas,Longa Vida/Extra A,,preco,3.75,"3,75",R$/Kg,price,BRL,kg,spot,,,physical
2026-07-17,legumes,tomate-ceasas,Tomate - Ceasas,Longa Vida/Extra A,,variacao_pct,,-,%,change_pct,,pct,spot,,,physical
2026-07-17,legumes,tomate-ceasas,Tomate - Ceasas,Santa Cruz/Extra A,,preco,,s/ cotação,R$/Kg,price,BRL,kg,spot,,,physical
2026-07-17,legumes,tomate-ceasas,Tomate - Ceasas,Santa Cruz/Extra A,,variacao_pct,,-,%,change_pct,,pct,spot,,,physical
2026-07-20,legumes,batata-ceasas,Batata - Ceasas,Agatha Primeira,,preco,1.4,"1,40",R$/Kg,price,BRL,kg,spot,,,physical
2026-07-20,legumes,batata-ceasas,Batata - Ceasas,Agatha Primeira,,variacao_pct,0.0,"0,00",%,change_pct,,pct,spot,,,physical
2026-07-20,legumes,batata-ceasas,Batata - Ceasas,Aster Primeira,,preco,1.2,"1,20",R$/Kg,price,BRL,kg,spot,,,physical
2026-07-20,legumes,batata-ceasas,Batata - Ceasas,Aster Primeira,,variacao_pct,0.0,"0,00",%,change_pct,,pct,spot,,,physical
2026-07-20,legumes,batata-ceasas,Batata - Ceasas,Asterix,,preco,3.91,"3,91",R$/Kg,price,BRL,kg,spot,,,physical
2026-07-20,legumes,batata-ceasas,Batata - Ceasas,Asterix,,variacao_pct,0.0,"0,00",%,change_pct,,pct,spot,,,physical
2026-07-20,legumes,batata-ceasas,Batata - Ceasas,Escovada Especial,,preco,,s/ cotação,R$/Kg,price,BRL,kg,spot,,,physical
2026-07-20,legumes,batata-ceasas,Batata - Ceasas,Escovada Especial,,variacao_pct,,-,%,change_pct,,pct,spot,,,physical
2026-07-20,legumes,batata-ceasas,Batata - Ceasas,Lavada Especial,,preco,3.65,"3,65",R$/Kg,price,BRL,kg,spot,,,physical
2026-07-20,legumes,batata-ceasas,Batata - Ceasas,Lavada Especial,,variacao_pct,0.0,"0,00",%,change_pct,,pct,spot,,,physical
2026-07-20,legumes,batata-ceasas,Batata - Ceasas,Yacon,,preco,5.5,"5,50",R$/Kg,price,BRL,kg,spot,,,physical
2026-07-20,legumes,batata-ceasas,Batata - Ceasas,Yacon,,variacao_pct,0.0,"0,00",%,change_pct,,pct,spot,,,physical
2026-07-20,legumes,cebola-no-atacado,Cebola - Ceasas,Amarela Mineira,,preco,4.0,"4,00",R$/Kg,price,BRL,kg,spot,,,physical
2026-07-20,legumes,cebola-no-atacado,Cebola - Ceasas,Amarela Mineira,,variacao_pct,0.0,"0,00",%,change_pct,,pct,spot,,,physical
2026-07-20,legumes,cebola-no-atacado,Cebola - Ceasas,Amarela Paulista,,preco,4.5,"4,50",R$/Kg,price,BRL,kg,spot,,,physical
2026-07-20,legumes,cebola-no-atacado,Cebola - Ceasas,Amarela Paulista,,variacao_pct,0.0,"0,00",%,change_pct,,pct,spot,,,physical
2026-07-20,legumes,cebola-no-atacado,Cebola - Ceasas,Amarela Pernambucana,,preco,,s/ cotação,R$/Kg,price,BRL,kg,spot,,,physical
2026-07-20,legumes,cebola-no-atacado,Cebola - Ceasas,Amarela Pernambucana,,variacao_pct,,-,%,change_pct,,pct,spot,,,physical
2026-07-20,legumes,cebola-no-atacado,Cebola - Ceasas,Amarela Santa Catarina,,preco,,s/ cotação,R$/Kg,price,BRL,kg,spot,,,physical
2026-07-20,legumes,cebola-no-atacado,Cebola - Ceasas,Amarela Santa Catarina,,variacao_pct,,-,%,change_pct,,pct,spot,,,physical
2026-07-20,legumes,cebola-no-atacado,Cebola - Ceasas,Importada Argentina,,preco,5.5,"5,50",R$/Kg,price,BRL,kg,spot,,,physical
2026-07-20,legumes,cebola-no-atacado,Cebola - Ceasas,Importada Argentina,,variacao_pct,0.0,"0,00",%,change_pct,,pct,spot,,,physical
2026-07-20,legumes,cebola-no-atacado,Cebola - Ceasas,Nacional (Caixa 4),,preco,4.21,"4,21",R$/Kg,price,BRL,kg,spot,,,physical
2026-07-20,legumes,cebola-no-atacado,Cebola - Ceasas,Nacional (Caixa 4),,variacao_pct,0.0,"0,00",%,change_pct,,pct,spot,,,physical
2026-07-20,legumes,cebola-no-atacado,Cebola - Ceasas,Roxa (Caixa 4),,preco,3.79,"3,79",R$/Kg,price,BRL,kg,spot,,,physical
2026-07-20,legumes,cebola-no-atacado,Cebola - Ceasas,Roxa (Caixa 4),,variacao_pct,0.0,"0,00",%,change_pct,,pct,spot,,,physical
2026-07-20,legumes,cenoura-ceasas,Cenoura - Ceasas,Cenoura 2A,,preco,3.44,"3,44",R$/Kg,price,BRL,kg,spot,,,physical
2026-07-20,legumes,cenoura-ceasas,Cenoura - Ceasas,Cenoura 2A,,variacao_pct,0.0,"0,00",%,change_pct,,pct,spot,,,physical
2026-07-20,legumes,cenoura-ceasas,Cenoura - Ceasas,Cenoura G,,preco,2.78,"2,78",R$/Kg,price,BRL,kg,spot,,,physical
2026-07-20,legumes,cenoura-ceasas,Cenoura - Ceasas,Cenoura G,,variacao_pct,0.0,"0,00",%,change_pct,,pct,spot,,,physical
2026-07-20,legumes,cenoura-ceasas,Cenoura - Ceasas,Especial,,preco,3.0,"3,00",R$/Kg,price,BRL,kg,spot,,,physical
2026-07-20,legumes,cenoura-ceasas,Cenoura - Ceasas,Especial,,variacao_pct,0.0,"0,00",%,change_pct,,pct,spot,,,physical
2026-07-20,legumes,cenoura-ceasas,Cenoura - Ceasas,Extra,,preco,2.25,"2,25",R$/Kg,price,BRL,kg,spot,,,physical
2026-07-20,legumes,cenoura-ceasas,Cenoura - Ceasas,Extra,,variacao_pct,0.0,"0,00",%,change_pct,,pct,spot,,,physical
2026-07-20,legumes,cenoura-ceasas,Cenoura - Ceasas,Extra A,,preco,3.75,"3,75",R$/Kg,price,BRL,kg,spot,,,physical
2026-07-20,legumes,cenoura-ceasas,Cenoura - Ceasas,Extra A,,variacao_pct,0.0,"0,00",%,change_pct,,pct,spot,,,physical
2026-07-20,legumes,tomate-ceasas,Tomate - Ceasas,Carmem 3A,,preco,3.13,"3,13",R$/Kg,price,BRL,kg,spot,,,physical
2026-07-20,legumes,tomate-ceasas,Tomate - Ceasas,Carmem 3A,,variacao_pct,0.0,"0,00",%,change_pct,,pct,spot,,,physical
2026-07-20,legumes,tomate-ceasas,Tomate - Ceasas,Débora 3A,,preco,2.5,"2,50",R$/Kg,price,BRL,kg,spot,,,physical
2026-07-20,legumes,tomate-ceasas,Tomate - Ceasas,Débora 3A,,variacao_pct,0.0,"0,00",%,change_pct,,pct,spot,,,physical
2026-07-20,legumes,tomate-ceasas,Tomate - Ceasas,Longa Vida/Carmem Extra,,preco,3.0,"3,00",R$/Kg,price,BRL,kg,spot,,,physical
2026-07-20,legumes,tomate-ceasas,Tomate - Ceasas,Longa Vida/Carmem Extra,,variacao_pct,0.0,"0,00",%,change_pct,,pct,spot,,,physical
2026-07-20,legumes,tomate-ceasas,Tomate - Ceasas,Longa Vida/Débora Extra,,preco,3.0,"3,00",R$/Kg,price,BRL,kg,spot,,,physical
2026-07-20,legumes,tomate-ceasas,Tomate - Ceasas,Longa Vida/Débora Extra,,variacao_pct,0.0,"0,00",%,change_pct,,pct,spot,,,physical
2026-07-20,legumes,tomate-ceasas,Tomate - Ceasas,Longa Vida/Extra A,,preco,3.75,"3,75",R$/Kg,price,BRL,kg,spot,,,physical
2026-07-20,legumes,tomate-ceasas,Tomate - Ceasas,Longa Vida/Extra A,,variacao_pct,0.0,"0,00",%,change_pct,,pct,spot,,,physical
2026-07-20,legumes,tomate-ceasas,Tomate - Ceasas,Santa Cruz/Extra A,,preco,,s/ cotação,R$/Kg,price,BRL,kg,spot,,,physical
2026-07-20,legumes,tomate-ceasas,Tomate - Ceasas,Santa Cruz/Extra A,,variacao_pct,,-,%,change_pct,,pct,spot,,,physical
2026-07-21,legumes,batata-ceasas,Batata - Ceasas,Agatha Primeira,,preco,1.4,"1,40",R$/Kg,price,BRL,kg,spot,,,physical
2026-07-21,legumes,batata-ceasas,Batata - Ceasas,Agatha Primeira,,variacao_pct,0.0,"0,00",%,change_pct,,pct,spot,,,physical
2026-07-21,legumes,batata-ceasas,Batata - Ceasas,Aster Primeira,,preco,1.2,"1,20",R$/Kg,price,BRL,kg,spot,,,physical
2026-07-21,legumes,batata-ceasas,Batata - Ceasas,Aster Primeira,,variacao_pct,0.0,"0,00",%,change_pct,,pct,spot,,,physical
2026-07-21,legumes,batata-ceasas,Batata - Ceasas,Asterix,,preco,3.59,"3,59",R$/Kg,price,BRL,kg,spot,,,physical
2026-07-21,legumes,batata-ceasas,Batata - Ceasas,Asterix,,variacao_pct,-8.18,"-8,18",%,change_pct,,pct,spot,,,physical
2026-07-21,legumes,batata-ceasas,Batata - Ceasas,Escovada Especial,,preco,3.27,"3,27",R$/Kg,price,BRL,kg,spot,,,physical
2026-07-21,legumes,batata-ceasas,Batata - Ceasas,Escovada Especial,,variacao_pct,,-,%,change_pct,,pct,spot,,,physical
2026-07-21,legumes,batata-ceasas,Batata - Ceasas,Lavada Especial,,preco,3.02,"3,02",R$/Kg,price,BRL,kg,spot,,,physical
2026-07-21,legumes,batata-ceasas,Batata - Ceasas,Lavada Especial,,variacao_pct,-17.26,"-17,26",%,change_pct,,pct,spot,,,physical
2026-07-21,legumes,batata-ceasas,Batata - Ceasas,Yacon,,preco,5.5,"5,50",R$/Kg,price,BRL,kg,spot,,,physical
2026-07-21,legumes,batata-ceasas,Batata - Ceasas,Yacon,,variacao_pct,0.0,"0,00",%,change_pct,,pct,spot,,,physical
2026-07-21,legumes,cebola-no-atacado,Cebola - Ceasas,Amarela Mineira,,preco,4.0,"4,00",R$/Kg,price,BRL,kg,spot,,,physical
2026-07-21,legumes,cebola-no-atacado,Cebola - Ceasas,Amarela Mineira,,variacao_pct,0.0,"0,00",%,change_pct,,pct,spot,,,physical
2026-07-21,legumes,cebola-no-atacado,Cebola - Ceasas,Amarela Paulista,,preco,4.5,"4,50",R$/Kg,price,BRL,kg,spot,,,physical
2026-07-21,legumes,cebola-no-atacado,Cebola - Ceasas,Amarela Paulista,,variacao_pct,0.0,"0,00",%,change_pct,,pct,spot,,,physical
2026-07-21,legumes,cebola-no-atacado,Cebola - Ceasas,Amarela Pernambucana,,preco,,s/ cotação,R$/Kg,price,BRL,kg,spot,,,physical
2026-07-21,legumes,cebola-no-atacado,Cebola - Ceasas,Amarela Pernambucana,,variacao_pct,,-,%,change_pct,,pct,spot,,,physical
2026-07-21,legumes,cebola-no-atacado,Cebola - Ceasas,Amarela Santa Catarina,,preco,,s/ cotação,R$/Kg,price,BRL,kg,spot,,,physical
2026-07-21,legumes,cebola-no-atacado,Cebola - Ceasas,Amarela Santa Catarina,,variacao_pct,,-,%,change_pct,,pct,spot,,,physical
2026-07-21,legumes,cebola-no-atacado,Cebola - Ceasas,Importada Argentina,,preco,5.5,"5,50",R$/Kg,price,BRL,kg,spot,,,physical
2026-07-21,legumes,cebola-no-atacado,Cebola - Ceasas,Importada Argentina,,variacao_pct,0.0,"0,00",%,change_pct,,pct,spot,,,physical
2026-07-21,legumes,cebola-no-atacado,Cebola - Ceasas,Nacional (Caixa 4),,preco,3.91,"3,91",R$/Kg,price,BRL,kg,spot,,,physical
2026-07-21,legumes,cebola-no-atacado,Cebola - Ceasas,Nacional (Caixa 4),,variacao_pct,-7.13,"-7,13",%,change_pct,,pct,spot,,,physical
2026-07-21,legumes,cebola-no-atacado,Cebola - Ceasas,Roxa (Caixa 4),,preco,4.45,"4,45",R$/Kg,price,BRL,kg,spot,,,physical
2026-07-21,legumes,cebola-no-atacado,Cebola - Ceasas,Roxa (Caixa 4),,variacao_pct,17.41,"+17,41",%,change_pct,,pct,spot,,,physical
2026-07-21,legumes,cenoura-ceasas,Cenoura - Ceasas,Cenoura 2A,,preco,3.39,"3,39",R$/Kg,price,BRL,kg,spot,,,physical
2026-07-21,legumes,cenoura-ceasas,Cenoura - Ceasas,Cenoura 2A,,variacao_pct,-1.45,"-1,45",%,change_pct,,pct,spot,,,physical
2026-07-21,legumes,cenoura-ceasas,Cenoura - Ceasas,Cenoura G,,preco,2.96,"2,96",R$/Kg,price,BRL,kg,spot,,,physical
2026-07-21,legumes,cenoura-ceasas,Cenoura - Ceasas,Cenoura G,,variacao_pct,6.47,"+6,47",%,change_pct,,pct,spot,,,physical
2026-07-21,legumes,cenoura-ceasas,Cenoura - Ceasas,Especial,,preco,3.0,"3,00",R$/Kg,price,BRL,kg,spot,,,physical
2026-07-21,legumes,cenoura-ceasas,Cenoura - Ceasas,Especial,,variacao_pct,0.0,"0,00",%,change_pct,,pct,spot,,,physical
2026-07-21,legumes,cenoura-ceasas,Cenoura - Ceasas,Extra,,preco,2.0,"2,00",R$/Kg,price,BRL,kg,spot,,,physical
2026-07-21,legumes,cenoura-ceasas,Cenoura - Ceasas,Extra,,variacao_pct,-11.11,"-11,11",%,change_pct,,pct,spot,,,physical
2026-07-21,legumes,cenoura-ceasas,Cenoura - Ceasas,Extra A,,preco,3.75,"3,75",R$/Kg,price,BRL,kg,spot,,,physical
2026-07-21,legumes,cenoura-ceasas,Cenoura - Ceasas,Extra A,,variacao_pct,0.0,"0,00",%,change_pct,,pct,spot,,,physical
2026-07-21,legumes,tomate-ceasas,Tomate - Ceasas,Carmem 3A,,preco,2.56,"2,56",R$/Kg,price,BRL,kg,spot,,,physical
2026-07-21,legumes,tomate-ceasas,Tomate - Ceasas,Carmem 3A,,variacao_pct,-18.21,"-18,21",%,change_pct,,pct,spot,,,physical
2026-07-21,legumes,tomate-ceasas,Tomate - Ceasas,Débora 3A,,preco,3.06,"3,06",R$/Kg,price,BRL,kg,spot,,,physical
2026-07-21,legumes,tomate-ceasas,Tomate - Ceasas,Débora 3A,,variacao_pct,22.4,"+22,40",%,change_pct,,pct,spot,,,physical
2026-07-21,legumes,tomate-ceasas,Tomate - Ceasas,Longa Vida/Carmem Extra,,preco,3.0,"3,00",R$/Kg,price,BRL,kg,spot,,,physical
2026-07-21,legumes,tomate-ceasas,Tomate - Ceasas,Longa Vida/Carmem Extra,,variacao_pct,0.0,"0,00",%,change_pct,,pct,spot,,,physical
2026-07-21,legumes,tomate-ceasas,Tomate - Ceasas,Longa Vida/Débora Extra,,preco,3.0,"3,00",R$/Kg,price,BRL,kg,spot,,,physical
2026-07-21,legumes,tomate-ceasas,Tomate - Ceasas,Longa Vida/Débora Extra,,variacao_pct,0.0,"0,00",%,change_pct,,pct,spot,,,physical
2026-07-21,legumes,tomate-ceasas,Tomate - Ceasas,Longa Vida/Extra A,,preco,0.9,"0,90",R$/Kg,price,BRL,kg,spot,,,physical
2026-07-21,legumes,tomate-ceasas,Tomate - Ceasas,Longa Vida/Extra A,,variacao_pct,,-,%,change_pct,,pct,spot,,,physical
2026-07-21,legumes,tomate-ceasas,Tomate - Ceasas,Santa Cruz/Extra A,,preco,,s/ cotação,R$/Kg,price,BRL,kg,spot,,,physical
2026-07-21,legumes,tomate-ceasas,Tomate - Ceasas,Santa Cruz/Extra A,,variacao_pct,,-,%,change_pct,,pct,spot,,,physical
2026-07-22,legumes,batata-ceasas,Batata - Ceasas,Agatha Primeira,,preco,1.4,"1,40",R$/Kg,price,BRL,kg,spot,,,physical
2026-07-22,legumes,batata-ceasas,Batata - Ceasas,Agatha Primeira,,variacao_pct,0.0,"0,00",%,change_pct,,pct,spot,,,physical
2026-07-22,legumes,batata-ceasas,Batata - Ceasas,Aster Primeira,,preco,1.2,"1,20",R$/Kg,price,BRL,kg,spot,,,physical
2026-07-22,legumes,batata-ceasas,Batata - Ceasas,Aster Primeira,,variacao_pct,0.0,"0,00",%,change_pct,,pct,spot,,,physical
2026-07-22,legumes,batata-ceasas,Batata - Ceasas,Asterix,,preco,3.59,"3,59",R$/Kg,price,BRL,kg,spot,,,physical
2026-07-22,legumes,batata-ceasas,Batata - Ceasas,Asterix,,variacao_pct,0.0,"0,00",%,change_pct,,pct,spot,,,physical
2026-07-22,legumes,batata-ceasas,Batata - Ceasas,Escovada Especial,,preco,3.27,"3,27",R$/Kg,price,BRL,kg,spot,,,physical
2026-07-22,legumes,batata-ceasas,Batata - Ceasas,Escovada Especial,,variacao_pct,0.0,"0,00",%,change_pct,,pct,spot,,,physical
2026-07-22,legumes,batata-ceasas,Batata - Ceasas,Lavada Especial,,preco,3.02,"3,02",R$/Kg,price,BRL,kg,spot,,,physical
2026-07-22,legumes,batata-ceasas,Batata - Ceasas,Lavada Especial,,variacao_pct,0.0,"0,00",%,change_pct,,pct,spot,,,physical
2026-07-22,legumes,batata-ceasas,Batata - Ceasas,Yacon,,preco,5.5,"5,50",R$/Kg,price,BRL,kg,spot,,,physical
2026-07-22,legumes,batata-ceasas,Batata - Ceasas,Yacon,,variacao_pct,0.0,"0,00",%,change_pct,,pct,spot,,,physical
2026-07-22,legumes,cebola-no-atacado,Cebola - Ceasas,Amarela Mineira,,preco,3.5,"3,50",R$/Kg,price,BRL,kg,spot,,,physical
2026-07-22,legumes,cebola-no-atacado,Cebola - Ceasas,Amarela Mineira,,variacao_pct,-12.5,"-12,50",%,change_pct,,pct,spot,,,physical
2026-07-22,legumes,cebola-no-atacado,Cebola - Ceasas,Amarela Paulista,,preco,3.75,"3,75",R$/Kg,price,BRL,kg,spot,,,physical
2026-07-22,legumes,cebola-no-atacado,Cebola - Ceasas,Amarela Paulista,,variacao_pct,-16.67,"-16,67",%,change_pct,,pct,spot,,,physical
2026-07-22,legumes,cebola-no-atacado,Cebola - Ceasas,Amarela Pernambucana,,preco,,s/ cotação,R$/Kg,price,BRL,kg,spot,,,physical
2026-07-22,legumes,cebola-no-atacado,Cebola - Ceasas,Amarela Pernambucana,,variacao_pct,,-,%,change_pct,,pct,spot,,,physical
2026-07-22,legumes,cebola-no-atacado,Cebola - Ceasas,Amarela Santa Catarina,,preco,,s/ cotação,R$/Kg,price,BRL,kg,spot,,,physical
2026-07-22,legumes,cebola-no-atacado,Cebola - Ceasas,Amarela Santa Catarina,,variacao_pct,,-,%,change_pct,,pct,spot,,,physical
2026-07-22,legumes,cebola-no-atacado,Cebola - Ceasas,Importada Argentina,,preco,4.5,"4,50",R$/Kg,price,BRL,kg,spot,,,physical
2026-07-22,legumes,cebola-no-atacado,Cebola - Ceasas,Importada Argentina,,variacao_pct,-18.18,"-18,18",%,change_pct,,pct,spot,,,physical
2026-07-22,legumes,cebola-no-atacado,Cebola - Ceasas,Nacional (Caixa 4),,preco,3.91,"3,91",R$/Kg,price,BRL,kg,spot,,,physical
2026-07-22,legumes,cebola-no-atacado,Cebola - Ceasas,Nacional (Caixa 4),,variacao_pct,0.0,"0,00",%,change_pct,,pct,spot,,,physical
2026-07-22,legumes,cebola-no-atacado,Cebola - Ceasas,Roxa (Caixa 4),,preco,4.45,"4,45",R$/Kg,price,BRL,kg,spot,,,physical
2026-07-22,legumes,cebola-no-atacado,Cebola - Ceasas,Roxa (Caixa 4),,variacao_pct,0.0,"0,00",%,change_pct,,pct,spot,,,physical
2026-07-22,legumes,cenoura-ceasas,Cenoura - Ceasas,Cenoura 2A,,preco,3.39,"3,39",R$/Kg,price,BRL,kg,spot,,,physical
2026-07-22,legumes,cenoura-ceasas,Cenoura - Ceasas,Cenoura 2A,,variacao_pct,0.0,"0,00",%,change_pct,,pct,spot,,,physical
2026-07-22,legumes,cenoura-ceasas,Cenoura - Ceasas,Cenoura G,,preco,2.96,"2,96",R$/Kg,price,BRL,kg,spot,,,physical
2026-07-22,legumes,cenoura-ceasas,Cenoura - Ceasas,Cenoura G,,variacao_pct,0.0,"0,00",%,change_pct,,pct,spot,,,physical
2026-07-22,legumes,cenoura-ceasas,Cenoura - Ceasas,Especial,,preco,2.5,"2,50",R$/Kg,price,BRL,kg,spot,,,physical
2026-07-22,legumes,cenoura-ceasas,Cenoura - Ceasas,Especial,,variacao_pct,-16.67,"-16,67",%,change_pct,,pct,spot,,,physical
2026-07-22,legumes,cenoura-ceasas,Cenoura - Ceasas,Extra,,preco,2.0,"2,00",R$/Kg,price,BRL,kg,spot,,,physical
2026-07-22,legumes,cenoura-ceasas,Cenoura - Ceasas,Extra,,variacao_pct,0.0,"0,00",%,change_pct,,pct,spot,,,physical
2026-07-22,legumes,cenoura-ceasas,Cenoura - Ceasas,Extra A,,preco,3.25,"3,25",R$/Kg,price,BRL,kg,spot,,,physical
2026-07-22,legumes,cenoura-ceasas,Cenoura - Ceasas,Extra A,,variacao_pct,-13.33,"-13,33",%,change_pct,,pct,spot,,,physical
2026-07-22,legumes,tomate-ceasas,Tomate - Ceasas,Carmem 3A,,preco,2.56,"2,56",R$/Kg,price,BRL,kg,spot,,,physical
2026-07-22,legumes,tomate-ceasas,Tomate - Ceasas,Carmem 3A,,variacao_pct,0.0,"0,00",%,change_pct,,pct,spot,,,physical
2026-07-22,legumes,tomate-ceasas,Tomate - Ceasas,Débora 3A,,preco,3.06,"3,06",R$/Kg,price,BRL,kg,spot,,,physical
2026-07-22,legumes,tomate-ceasas,Tomate - Ceasas,Débora 3A,,variacao_pct,0.0,"0,00",%,change_pct,,pct,spot,,,physical
2026-07-22,legumes,tomate-ceasas,Tomate - Ceasas,Longa Vida/Carmem Extra,,preco,2.9,"2,90",R$/Kg,price,BRL,kg,spot,,,physical
2026-07-22,legumes,tomate-ceasas,Tomate - Ceasas,Longa Vida/Carmem Extra,,variacao_pct,-3.33,"-3,33",%,change_pct,,pct,spot,,,physical
2026-07-22,legumes,tomate-ceasas,Tomate - Ceasas,Longa Vida/Débora Extra,,preco,3.0,"3,00",R$/Kg,price,BRL,kg,spot,,,physical
2026-07-22,legumes,tomate-ceasas,Tomate - Ceasas,Longa Vida/Débora Extra,,variacao_pct,0.0,"0,00",%,change_pct,,pct,spot,,,physical
2026-07-22,legumes,tomate-ceasas,Tomate - Ceasas,Longa Vida/Extra A,,preco,1.0,"1,00",R$/Kg,price,BRL,kg,spot,,,physical
2026-07-22,legumes,tomate-ceasas,Tomate - Ceasas,Longa Vida/Extra A,,variacao_pct,11.11,"+11,11",%,change_pct,,pct,spot,,,physical
2026-07-22,legumes,tomate-ceasas,Tomate - Ceasas,Santa Cruz/Extra A,,preco,1.75,"1,75",R$/Kg,price,BRL,kg,spot,,,physical
2026-07-22,legumes,tomate-ceasas,Tomate - Ceasas,Santa Cruz/Extra A,,variacao_pct,,-,%,change_pct,,pct,spot,,,physical
2026-07-23,legumes,batata-ceasas,Batata - Ceasas,Agatha Primeira,,preco,1.4,"1,40",R$/Kg,price,BRL,kg,spot,,,physical
2026-07-23,legumes,batata-ceasas,Batata - Ceasas,Agatha Primeira,,variacao_pct,0.0,"0,00",%,change_pct,,pct,spot,,,physical
2026-07-23,legumes,batata-ceasas,Batata - Ceasas,Aster Primeira,,preco,1.2,"1,20",R$/Kg,price,BRL,kg,spot,,,physical
2026-07-23,legumes,batata-ceasas,Batata - Ceasas,Aster Primeira,,variacao_pct,0.0,"0,00",%,change_pct,,pct,spot,,,physical
2026-07-23,legumes,batata-ceasas,Batata - Ceasas,Asterix,,preco,3.53,"3,53",R$/Kg,price,BRL,kg,spot,,,physical
2026-07-23,legumes,batata-ceasas,Batata - Ceasas,Asterix,,variacao_pct,-1.67,"-1,67",%,change_pct,,pct,spot,,,physical
2026-07-23,legumes,batata-ceasas,Batata - Ceasas,Escovada Especial,,preco,3.17,"3,17",R$/Kg,price,BRL,kg,spot,,,physical
2026-07-23,legumes,batata-ceasas,Batata - Ceasas,Escovada Especial,,variacao_pct,-3.06,"-3,06",%,change_pct,,pct,spot,,,physical
2026-07-23,legumes,batata-ceasas,Batata - Ceasas,Lavada Especial,,preco,2.84,"2,84",R$/Kg,price,BRL,kg,spot,,,physical
2026-07-23,legumes,batata-ceasas,Batata - Ceasas,Lavada Especial,,variacao_pct,-5.96,"-5,96",%,change_pct,,pct,spot,,,physical
2026-07-23,legumes,batata-ceasas,Batata - Ceasas,Yacon,,preco,5.5,"5,50",R$/Kg,price,BRL,kg,spot,,,physical
2026-07-23,legumes,batata-ceasas,Batata - Ceasas,Yacon,,variacao_pct,0.0,"0,00",%,change_pct,,pct,spot,,,physical
2026-07-23,legumes,cebola-no-atacado,Cebola - Ceasas,Amarela Mineira,,preco,3.5,"3,50",R$/Kg,price,BRL,kg,spot,,,physical
2026-07-23,legumes,cebola-no-atacado,Cebola - Ceasas,Amarela Mineira,,variacao_pct,0.0,"0,00",%,change_pct,,pct,spot,,,physical
2026-07-23,legumes,cebola-no-atacado,Cebola - Ceasas,Amarela Paulista,,preco,3.75,"3,75",R$/Kg,price,BRL,kg,spot,,,physical
2026-07-23,legumes,cebola-no-atacado,Cebola - Ceasas,Amarela Paulista,,variacao_pct,0.0,"0,00",%,change_pct,,pct,spot,,,physical
2026-07-23,legumes,cebola-no-atacado,Cebola - Ceasas,Amarela Pernambucana,,preco,,s/ cotação,R$/Kg,price,BRL,kg,spot,,,physical
2026-07-23,legumes,cebola-no-atacado,Cebola - Ceasas,Amarela Pernambucana,,variacao_pct,,-,%,change_pct,,pct,spot,,,physical
2026-07-23,legumes,cebola-no-atacado,Cebola - Ceasas,Amarela Santa Catarina,,preco,,s/ cotação,R$/Kg,price,BRL,kg,spot,,,physical
2026-07-23,legumes,cebola-no-atacado,Cebola - Ceasas,Amarela Santa Catarina,,variacao_pct,,-,%,change_pct,,pct,spot,,,physical
2026-07-23,legumes,cebola-no-atacado,Cebola - Ceasas,Importada Argentina,,preco,4.5,"4,50",R$/Kg,price,BRL,kg,spot,,,physical
2026-07-23,legumes,cebola-no-atacado,Cebola - Ceasas,Importada Argentina,,variacao_pct,0.0,"0,00",%,change_pct,,pct,spot,,,physical
2026-07-23,legumes,cebola-no-atacado,Cebola - Ceasas,Nacional (Caixa 4),,preco,3.7,"3,70",R$/Kg,price,BRL,kg,spot,,,physical
2026-07-23,legumes,cebola-no-atacado,Cebola - Ceasas,Nacional (Caixa 4),,variacao_pct,-5.37,"-5,37",%,change_pct,,pct,spot,,,physical
2026-07-23,legumes,cebola-no-atacado,Cebola - Ceasas,Roxa (Caixa 4),,preco,4.68,"4,68",R$/Kg,price,BRL,kg,spot,,,physical
2026-07-23,legumes,cebola-no-atacado,Cebola - Ceasas,Roxa (Caixa 4),,variacao_pct,5.17,"+5,17",%,change_pct,,pct,spot,,,physical
2026-07-23,legumes,cenoura-ceasas,Cenoura - Ceasas,Cenoura 2A,,preco,3.27,"3,27",R$/Kg,price,BRL,kg,spot,,,physical
2026-07-23,legumes,cenoura-ceasas,Cenoura - Ceasas,Cenoura 2A,,variacao_pct,-3.54,"-3,54",%,change_pct,,pct,spot,,,physical
2026-07-23,legumes,cenoura-ceasas,Cenoura - Ceasas,Cenoura G,,preco,2.87,"2,87",R$/Kg,price,BRL,kg,spot,,,physical
2026-07-23,legumes,cenoura-ceasas,Cenoura - Ceasas,Cenoura G,,variacao_pct,-3.04,"-3,04",%,change_pct,,pct,spot,,,physical
2026-07-23,legumes,cenoura-ceasas,Cenoura - Ceasas,Especial,,preco,2.5,"2,50",R$/Kg,price,BRL,kg,spot,,,physical
2026-07-23,legumes,cenoura-ceasas,Cenoura - Ceasas,Especial,,variacao_pct,0.0,"0,00",%,change_pct,,pct,spot,,,physical
2026-07-23,legumes,cenoura-ceasas,Cenoura - Ceasas,Extra,,preco,2.0,"2,00",R$/Kg,price,BRL,kg,spot,,,physical
2026-07-23,legumes,cenoura-ceasas,Cenoura - Ceasas,Extra,,variacao_pct,0.0,"0,00",%,change_pct,,pct,spot,,,physical
2026-07-23,legumes,cenoura-ceasas,Cenoura - Ceasas,Extra A,,preco,3.25,"3,25",R$/Kg,price,BRL,kg,spot,,,physical
2026-07-23,legumes,cenoura-ceasas,Cenoura - Ceasas,Extra A,,variacao_pct,0.0,"0,00",%,change_pct,,pct,spot,,,physical
2026-07-23,legumes,tomate-ceasas,Tomate - Ceasas,Carmem 3A,,preco,2.65,"2,65",R$/Kg,price,BRL,kg,spot,,,physical
2026-07-23,legumes,tomate-ceasas,Tomate - Ceasas,Carmem 3A,,variacao_pct,3.52,"+3,52",%,change_pct,,pct,spot,,,physical
2026-07-23,legumes,tomate-ceasas,Tomate - Ceasas,Débora 3A,,preco,3.06,"3,06",R$/Kg,price,BRL,kg,spot,,,physical
2026-07-23,legumes,tomate-ceasas,Tomate - Ceasas,Débora 3A,,variacao_pct,0.0,"0,00",%,change_pct,,pct,spot,,,physical
2026-07-23,legumes,tomate-ceasas,Tomate - Ceasas,Longa Vida/Carmem Extra,,preco,2.9,"2,90",R$/Kg,price,BRL,kg,spot,,,physical
2026-07-23,legumes,tomate-ceasas,Tomate - Ceasas,Longa Vida/Carmem Extra,,variacao_pct,0.0,"0,00",%,change_pct,,pct,spot,,,physical
2026-07-23,legumes,tomate-ceasas,Tomate - Ceasas,Longa Vida/Débora Extra,,preco,3.0,"3,00",R$/Kg,price,BRL,kg,spot,,,physical
2026-07-23,legumes,tomate-ceasas,Tomate - Ceasas,Longa Vida/Débora Extra,,variacao_pct,0.0,"0,00",%,change_pct,,pct,spot,,,physical
2026-07-23,legumes,tomate-ceasas,Tomate - Ceasas,Longa Vida/Extra A,,preco,1.0,"1,00",R$/Kg,price,BRL,kg,spot,,,physical
2026-07-23,legumes,tomate-ceasas,Tomate - Ceasas,Longa Vida/Extra A,,variacao_pct,0.0,"0,00",%,change_pct,,pct,spot,,,physical
2026-07-23,legumes,tomate-ceasas,Tomate - Ceasas,Santa Cruz/Extra A,,preco,1.75,"1,75",R$/Kg,price,BRL,kg,spot,,,physical
2026-07-23,legumes,tomate-ceasas,Tomate - Ceasas,Santa Cruz/Extra A,,variacao_pct,0.0,"0,00",%,change_pct,,pct,spot,,,physical
2026-07-24,legumes,batata-ceasas,Batata - Ceasas,Agatha Primeira,,preco,1.4,"1,40",R$/Kg,price,BRL,kg,spot,,,physical
2026-07-24,legumes,batata-ceasas,Batata - Ceasas,Agatha Primeira,,variacao_pct,0.0,"0,00",%,change_pct,,pct,spot,,,physical
2026-07-24,legumes,batata-ceasas,Batata - Ceasas,Aster Primeira,,preco,1.2,"1,20",R$/Kg,price,BRL,kg,spot,,,physical
2026-07-24,legumes,batata-ceasas,Batata - Ceasas,Aster Primeira,,variacao_pct,0.0,"0,00",%,change_pct,,pct,spot,,,physical
2026-07-24,legumes,batata-ceasas,Batata - Ceasas,Asterix,,preco,3.53,"3,53",R$/Kg,price,BRL,kg,spot,,,physical
2026-07-24,legumes,batata-ceasas,Batata - Ceasas,Asterix,,variacao_pct,0.0,"0,00",%,change_pct,,pct,spot,,,physical
2026-07-24,legumes,batata-ceasas,Batata - Ceasas,Escovada Especial,,preco,3.17,"3,17",R$/Kg,price,BRL,kg,spot,,,physical
2026-07-24,legumes,batata-ceasas,Batata - Ceasas,Escovada Especial,,variacao_pct,0.0,"0,00",%,change_pct,,pct,spot,,,physical
2026-07-24,legumes,batata-ceasas,Batata - Ceasas,Lavada Especial,,preco,2.84,"2,84",R$/Kg,price,BRL,kg,spot,,,physical
2026-07-24,legumes,batata-ceasas,Batata - Ceasas,Lavada Especial,,variacao_pct,0.0,"0,00",%,change_pct,,pct,spot,,,physical
2026-07-24,legumes,batata-ceasas,Batata - Ceasas,Yacon,,preco,5.5,"5,50",R$/Kg,price,BRL,kg,spot,,,physical
2026-07-24,legumes,batata-ceasas,Batata - Ceasas,Yacon,,variacao_pct,0.0,"0,00",%,change_pct,,pct,spot,,,physical
2026-07-24,legumes,cebola-no-atacado,Cebola - Ceasas,Amarela Mineira,,preco,3.5,"3,50",R$/Kg,price,BRL,kg,spot,,,physical
2026-07-24,legumes,cebola-no-atacado,Cebola - Ceasas,Amarela Mineira,,variacao_pct,0.0,"0,00",%,change_pct,,pct,spot,,,physical
2026-07-24,legumes,cebola-no-atacado,Cebola - Ceasas,Amarela Paulista,,preco,3.75,"3,75",R$/Kg,price,BRL,kg,spot,,,physical
2026-07-24,legumes,cebola-no-atacado,Cebola - Ceasas,Amarela Paulista,,variacao_pct,0.0,"0,00",%,change_pct,,pct,spot,,,physical
2026-07-24,legumes,cebola-no-atacado,Cebola - Ceasas,Amarela Pernambucana,,preco,,s/ cotação,R$/Kg,price,BRL,kg,spot,,,physical
2026-07-24,legumes,cebola-no-atacado,Cebola - Ceasas,Amarela Pernambucana,,variacao_pct,,-,%,change_pct,,pct,spot,,,physical
2026-07-24,legumes,cebola-no-atacado,Cebola - Ceasas,Amarela Santa Catarina,,preco,,s/ cotação,R$/Kg,price,BRL,kg,spot,,,physical
2026-07-24,legumes,cebola-no-atacado,Cebola - Ceasas,Amarela Santa Catarina,,variacao_pct,,-,%,change_pct,,pct,spot,,,physical
2026-07-24,legumes,cebola-no-atacado,Cebola - Ceasas,Importada Argentina,,preco,4.5,"4,50",R$/Kg,price,BRL,kg,spot,,,physical
2026-07-24,legumes,cebola-no-atacado,Cebola - Ceasas,Importada Argentina,,variacao_pct,0.0,"0,00",%,change_pct,,pct,spot,,,physical
2026-07-24,legumes,cebola-no-atacado,Cebola - Ceasas,Nacional (Caixa 4),,preco,3.7,"3,70",R$/Kg,price,BRL,kg,spot,,,physical
2026-07-24,legumes,cebola-no-atacado,Cebola - Ceasas,Nacional (Caixa 4),,variacao_pct,0.0,"0,00",%,change_pct,,pct,spot,,,physical
2026-07-24,legumes,cebola-no-atacado,Cebola - Ceasas,Roxa (Caixa 4),,preco,4.68,"4,68",R$/Kg,price,BRL,kg,spot,,,physical
2026-07-24,legumes,cebola-no-atacado,Cebola - Ceasas,Roxa (Caixa 4),,variacao_pct,0.0,"0,00",%,change_pct,,pct,spot,,,physical
2026-07-24,legumes,cenoura-ceasas,Cenoura - Ceasas,Cenoura 2A,,preco,3.27,"3,27",R$/Kg,price,BRL,kg,spot,,,physical
2026-07-24,legumes,cenoura-ceasas,Cenoura - Ceasas,Cenoura 2A,,variacao_pct,0.0,"0,00",%,change_pct,,pct,spot,,,physical
2026-07-24,legumes,cenoura-ceasas,Cenoura - Ceasas,Cenoura G,,preco,2.87,"2,87",R$/Kg,price,BRL,kg,spot,,,physical
2026-07-24,legumes,cenoura-ceasas,Cenoura - Ceasas,Cenoura G,,variacao_pct,0.0,"0,00",%,change_pct,,pct,spot,,,physical
2026-07-24,legumes,cenoura-ceasas,Cenoura - Ceasas,Especial,,preco,2.5,"2,50",R$/Kg,price,BRL,kg,spot,,,physical
2026-07-24,legumes,cenoura-ceasas,Cenoura - Ceasas,Especial,,variacao_pct,0.0,"0,00",%,change_pct,,pct,spot,,,physical
2026-07-24,legumes,cenoura-ceasas,Cenoura - Ceasas,Extra,,preco,1.5,"1,50",R$/Kg,price,BRL,kg,spot,,,physical
2026-07-24,legumes,cenoura-ceasas,Cenoura - Ceasas,Extra,,variacao_pct,-25.0,"-25,00",%,change_pct,,pct,spot,,,physical
2026-07-24,legumes,cenoura-ceasas,Cenoura - Ceasas,Extra A,,preco,3.5,"3,50",R$/Kg,price,BRL,kg,spot,,,physical
2026-07-24,legumes,cenoura-ceasas,Cenoura - Ceasas,Extra A,,variacao_pct,7.69,"+7,69",%,change_pct,,pct,spot,,,physical
2026-07-24,legumes,tomate-ceasas,Tomate - Ceasas,Carmem 3A,,preco,2.65,"2,65",R$/Kg,price,BRL,kg,spot,,,physical
2026-07-24,legumes,tomate-ceasas,Tomate - Ceasas,Carmem 3A,,variacao_pct,0.0,"0,00",%,change_pct,,pct,spot,,,physical
2026-07-24,legumes,tomate-ceasas,Tomate - Ceasas,Débora 3A,,preco,3.06,"3,06",R$/Kg,price,BRL,kg,spot,,,physical
2026-07-24,legumes,tomate-ceasas,Tomate - Ceasas,Débora 3A,,variacao_pct,0.0,"0,00",%,change_pct,,pct,spot,,,physical
2026-07-24,legumes,tomate-ceasas,Tomate - Ceasas,Longa Vida/Carmem Extra,,preco,3.5,"3,50",R$/Kg,price,BRL,kg,spot,,,physical
2026-07-24,legumes,tomate-ceasas,Tomate - Ceasas,Longa Vida/Carmem Extra,,variacao_pct,20.69,"+20,69",%,change_pct,,pct,spot,,,physical
2026-07-24,legumes,tomate-ceasas,Tomate - Ceasas,Longa Vida/Débora Extra,,preco,3.5,"3,50",R$/Kg,price,BRL,kg,spot,,,physical
2026-07-24,legumes,tomate-ceasas,Tomate - Ceasas,Longa Vida/Débora Extra,,variacao_pct,16.67,"+16,67",%,change_pct,,pct,spot,,,physical
2026-07-24,legumes,tomate-ceasas,Tomate - Ceasas,Longa Vida/Extra A,,preco,1.35,"1,35",R$/Kg,price,BRL,kg,spot,,,physical
2026-07-24,legumes,tomate-ceasas,Tomate - Ceasas,Longa Vida/Extra A,,variacao_pct,35.0,"+35,00",%,change_pct,,pct,spot,,,physical
2026-07-24,legumes,tomate-ceasas,Tomate - Ceasas,Santa Cruz/Extra A,,preco,,s/ cotação,R$/Kg,price,BRL,kg,spot,,,physical
2026-07-24,legumes,tomate-ceasas,Tomate - Ceasas,Santa Cruz/Extra A,,variacao_pct,,-,%,change_pct,,pct,spot,,,physical
2026-07-27,legumes,batata-ceasas,Batata - Ceasas,Agatha Primeira,,preco,1.4,"1,40",R$/Kg,price,BRL,kg,spot,,,physical
2026-07-27,legumes,batata-ceasas,Batata - Ceasas,Agatha Primeira,,variacao_pct,0.0,"0,00",%,change_pct,,pct,spot,,,physical
2026-07-27,legumes,batata-ceasas,Batata - Ceasas,Aster Primeira,,preco,1.2,"1,20",R$/Kg,price,BRL,kg,spot,,,physical
2026-07-27,legumes,batata-ceasas,Batata - Ceasas,Aster Primeira,,variacao_pct,0.0,"0,00",%,change_pct,,pct,spot,,,physical
2026-07-27,legumes,batata-ceasas,Batata - Ceasas,Asterix,,preco,3.53,"3,53",R$/Kg,price,BRL,kg,spot,,,physical
2026-07-27,legumes,batata-ceasas,Batata - Ceasas,Asterix,,variacao_pct,0.0,"0,00",%,change_pct,,pct,spot,,,physical
2026-07-27,legumes,batata-ceasas,Batata - Ceasas,Escovada Especial,,preco,3.17,"3,17",R$/Kg,price,BRL,kg,spot,,,physical
2026-07-27,legumes,batata-ceasas,Batata - Ceasas,Escovada Especial,,variacao_pct,0.0,"0,00",%,change_pct,,pct,spot,,,physical
2026-07-27,legumes,batata-ceasas,Batata - Ceasas,Lavada Especial,,preco,2.84,"2,84",R$/Kg,price,BRL,kg,spot,,,physical
2026-07-27,legumes,batata-ceasas,Batata - Ceasas,Lavada Especial,,variacao_pct,0.0,"0,00",%,change_pct,,pct,spot,,,physical
2026-07-27,legumes,batata-ceasas,Batata - Ceasas,Yacon,,preco,5.5,"5,50",R$/Kg,price,BRL,kg,spot,,,physical
2026-07-27,legumes,batata-ceasas,Batata - Ceasas,Yacon,,variacao_pct,0.0,"0,00",%,change_pct,,pct,spot,,,physical
2026-07-27,legumes,cebola-no-atacado,Cebola - Ceasas,Amarela Mineira,,preco,3.5,"3,50",R$/Kg,price,BRL,kg,spot,,,physical
2026-07-27,legumes,cebola-no-atacado,Cebola - Ceasas,Amarela Mineira,,variacao_pct,0.0,"0,00",%,change_pct,,pct,spot,,,physical
2026-07-27,legumes,cebola-no-atacado,Cebola - Ceasas,Amarela Paulista,,preco,3.75,"3,75",R$/Kg,price,BRL,kg,spot,,,physical
2026-07-27,legumes,cebola-no-atacado,Cebola - Ceasas,Amarela Paulista,,variacao_pct,0.0,"0,00",%,change_pct,,pct,spot,,,physical
2026-07-27,legumes,cebola-no-atacado,Cebola - Ceasas,Amarela Pernambucana,,preco,,s/ cotação,R$/Kg,price,BRL,kg,spot,,,physical
2026-07-27,legumes,cebola-no-atacado,Cebola - Ceasas,Amarela Pernambucana,,variacao_pct,,-,%,change_pct,,pct,spot,,,physical
2026-07-27,legumes,cebola-no-atacado,Cebola - Ceasas,Amarela Santa Catarina,,preco,,s/ cotação,R$/Kg,price,BRL,kg,spot,,,physical
2026-07-27,legumes,cebola-no-atacado,Cebola - Ceasas,Amarela Santa Catarina,,variacao_pct,,-,%,change_pct,,pct,spot,,,physical
2026-07-27,legumes,cebola-no-atacado,Cebola - Ceasas,Importada Argentina,,preco,4.5,"4,50",R$/Kg,price,BRL,kg,spot,,,physical
2026-07-27,legumes,cebola-no-atacado,Cebola - Ceasas,Importada Argentina,,variacao_pct,0.0,"0,00",%,change_pct,,pct,spot,,,physical
2026-07-27,legumes,cebola-no-atacado,Cebola - Ceasas,Nacional (Caixa 4),,preco,3.7,"3,70",R$/Kg,price,BRL,kg,spot,,,physical
2026-07-27,legumes,cebola-no-atacado,Cebola - Ceasas,Nacional (Caixa 4),,variacao_pct,0.0,"0,00",%,change_pct,,pct,spot,,,physical
2026-07-27,legumes,cebola-no-atacado,Cebola - Ceasas,Roxa (Caixa 4),,preco,4.68,"4,68",R$/Kg,price,BRL,kg,spot,,,physical
2026-07-27,legumes,cebola-no-atacado,Cebola - Ceasas,Roxa (Caixa 4),,variacao_pct,0.0,"0,00",%,change_pct,,pct,spot,,,physical
2026-07-27,legumes,cenoura-ceasas,Cenoura - Ceasas,Cenoura 2A,,preco,3.27,"3,27",R$/Kg,price,BRL,kg,spot,,,physical
2026-07-27,legumes,cenoura-ceasas,Cenoura - Ceasas,Cenoura 2A,,variacao_pct,0.0,"0,00",%,change_pct,,pct,spot,,,physical
2026-07-27,legumes,cenoura-ceasas,Cenoura - Ceasas,Cenoura G,,preco,2.87,"2,87",R$/Kg,price,BRL,kg,spot,,,physical
2026-07-27,legumes,cenoura-ceasas,Cenoura - Ceasas,Cenoura G,,variacao_pct,0.0,"0,00",%,change_pct,,pct,spot,,,physical
2026-07-27,legumes,cenoura-ceasas,Cenoura - Ceasas,Especial,,preco,2.5,"2,50",R$/Kg,price,BRL,kg,spot,,,physical
2026-07-27,legumes,cenoura-ceasas,Cenoura - Ceasas,Especial,,variacao_pct,0.0,"0,00",%,change_pct,,pct,spot,,,physical
2026-07-27,legumes,cenoura-ceasas,Cenoura - Ceasas,Extra,,preco,1.5,"1,50",R$/Kg,price,BRL,kg,spot,,,physical
2026-07-27,legumes,cenoura-ceasas,Cenoura - Ceasas,Extra,,variacao_pct,0.0,"0,00",%,change_pct,,pct,spot,,,physical
2026-07-27,legumes,cenoura-ceasas,Cenoura - Ceasas,Extra A,,preco,3.5,"3,50",R$/Kg,price,BRL,kg,spot,,,physical
2026-07-27,legumes,cenoura-ceasas,Cenoura - Ceasas,Extra A,,variacao_pct,0.0,"0,00",%,change_pct,,pct,spot,,,physical
2026-07-27,legumes,tomate-ceasas,Tomate - Ceasas,Carmem 3A,,preco,2.65,"2,65",R$/Kg,price,BRL,kg,spot,,,physical
2026-07-27,legumes,tomate-ceasas,Tomate - Ceasas,Carmem 3A,,variacao_pct,0.0,"0,00",%,change_pct,,pct,spot,,,physical
2026-07-27,legumes,tomate-ceasas,Tomate - Ceasas,Débora 3A,,preco,3.06,"3,06",R$/Kg,price,BRL,kg,spot,,,physical
2026-07-27,legumes,tomate-ceasas,Tomate - Ceasas,Débora 3A,,variacao_pct,0.0,"0,00",%,change_pct,,pct,spot,,,physical
2026-07-27,legumes,tomate-ceasas,Tomate - Ceasas,Longa Vida/Carmem Extra,,preco,3.5,"3,50",R$/Kg,price,BRL,kg,spot,,,physical
2026-07-27,legumes,tomate-ceasas,Tomate - Ceasas,Longa Vida/Carmem Extra,,variacao_pct,0.0,"0,00",%,change_pct,,pct,spot,,,physical
2026-07-27,legumes,tomate-ceasas,Tomate - Ceasas,Longa Vida/Débora Extra,,preco,3.5,"3,50",R$/Kg,price,BRL,kg,spot,,,physical
2026-07-27,legumes,tomate-ceasas,Tomate - Ceasas,Longa Vida/Débora Extra,,variacao_pct,0.0,"0,00",%,change_pct,,pct,spot,,,physical
2026-07-27,legumes,tomate-ceasas,Tomate - Ceasas,Longa Vida/Extra A,,preco,1.35,"1,35",R$/Kg,price,BRL,kg,spot,,,physical
2026-07-27,legumes,tomate-ceasas,Tomate - Ceasas,Longa Vida/Extra A,,variacao_pct,0.0,"0,00",%,change_pct,,pct,spot,,,physical
2026-07-27,legumes,tomate-ceasas,Tomate - Ceasas,Santa Cruz/Extra A,,preco,,s/ cotação,R$/Kg,price,BRL,kg,spot,,,physical
2026-07-27,legumes,tomate-ceasas,Tomate - Ceasas,Santa Cruz/Extra A,,variacao_pct,,-,%,change_pct,,pct,spot,,,physical
2026-07-28,legumes,batata-ceasas,Batata - Ceasas,Agatha Primeira,,preco,2.0,"2,00",R$/Kg,price,BRL,kg,spot,,,physical
2026-07-28,legumes,batata-ceasas,Batata - Ceasas,Agatha Primeira,,variacao_pct,42.86,"+42,86",%,change_pct,,pct,spot,,,physical
2026-07-28,legumes,batata-ceasas,Batata - Ceasas,Aster Primeira,,preco,1.4,"1,40",R$/Kg,price,BRL,kg,spot,,,physical
2026-07-28,legumes,batata-ceasas,Batata - Ceasas,Aster Primeira,,variacao_pct,16.67,"+16,67",%,change_pct,,pct,spot,,,physical
2026-07-28,legumes,batata-ceasas,Batata - Ceasas,Asterix,,preco,3.19,"3,19",R$/Kg,price,BRL,kg,spot,,,physical
2026-07-28,legumes,batata-ceasas,Batata - Ceasas,Asterix,,variacao_pct,-9.63,"-9,63",%,change_pct,,pct,spot,,,physical
2026-07-28,legumes,batata-ceasas,Batata - Ceasas,Escovada Especial,,preco,3.48,"3,48",R$/Kg,price,BRL,kg,spot,,,physical
2026-07-28,legumes,batata-ceasas,Batata - Ceasas,Escovada Especial,,variacao_pct,9.78,"+9,78",%,change_pct,,pct,spot,,,physical
2026-07-28,legumes,batata-ceasas,Batata - Ceasas,Lavada Especial,,preco,4.22,"4,22",R$/Kg,price,BRL,kg,spot,,,physical
2026-07-28,legumes,batata-ceasas,Batata - Ceasas,Lavada Especial,,variacao_pct,48.59,"+48,59",%,change_pct,,pct,spot,,,physical
2026-07-28,legumes,batata-ceasas,Batata - Ceasas,Yacon,,preco,5.5,"5,50",R$/Kg,price,BRL,kg,spot,,,physical
2026-07-28,legumes,batata-ceasas,Batata - Ceasas,Yacon,,variacao_pct,0.0,"0,00",%,change_pct,,pct,spot,,,physical
2026-07-28,legumes,cebola-no-atacado,Cebola - Ceasas,Amarela Mineira,,preco,3.5,"3,50",R$/Kg,price,BRL,kg,spot,,,physical
2026-07-28,legumes,cebola-no-atacado,Cebola - Ceasas,Amarela Mineira,,variacao_pct,0.0,"0,00",%,change_pct,,pct,spot,,,physical
2026-07-28,legumes,cebola-no-atacado,Cebola - Ceasas,Amarela Paulista,,preco,3.75,"3,75",R$/Kg,price,BRL,kg,spot,,,physical
2026-07-28,legumes,cebola-no-atacado,Cebola - Ceasas,Amarela Paulista,,variacao_pct,0.0,"0,00",%,change_pct,,pct,spot,,,physical
2026-07-28,legumes,cebola-no-atacado,Cebola - Ceasas,Amarela Pernambucana,,preco,,s/ cotação,R$/Kg,price,BRL,kg,spot,,,physical
2026-07-28,legumes,cebola-no-atacado,Cebola - Ceasas,Amarela Pernambucana,,variacao_pct,,-,%,change_pct,,pct,spot,,,physical
2026-07-28,legumes,cebola-no-atacado,Cebola - Ceasas,Amarela Santa Catarina,,preco,,s/ cotação,R$/Kg,price,BRL,kg,spot,,,physical
2026-07-28,legumes,cebola-no-atacado,Cebola - Ceasas,Amarela Santa Catarina,,variacao_pct,,-,%,change_pct,,pct,spot,,,physical
2026-07-28,legumes,cebola-no-atacado,Cebola - Ceasas,Importada Argentina,,preco,4.5,"4,50",R$/Kg,price,BRL,kg,spot,,,physical
2026-07-28,legumes,cebola-no-atacado,Cebola - Ceasas,Importada Argentina,,variacao_pct,0.0,"0,00",%,change_pct,,pct,spot,,,physical
2026-07-28,legumes,cebola-no-atacado,Cebola - Ceasas,Nacional (Caixa 4),,preco,3.6,"3,60",R$/Kg,price,BRL,kg,spot,,,physical
2026-07-28,legumes,cebola-no-atacado,Cebola - Ceasas,Nacional (Caixa 4),,variacao_pct,-2.7,"-2,70",%,change_pct,,pct,spot,,,physical
2026-07-28,legumes,cebola-no-atacado,Cebola - Ceasas,Roxa (Caixa 4),,preco,4.89,"4,89",R$/Kg,price,BRL,kg,spot,,,physical
2026-07-28,legumes,cebola-no-atacado,Cebola - Ceasas,Roxa (Caixa 4),,variacao_pct,4.49,"+4,49",%,change_pct,,pct,spot,,,physical
2026-07-28,legumes,cenoura-ceasas,Cenoura - Ceasas,Cenoura 2A,,preco,2.83,"2,83",R$/Kg,price,BRL,kg,spot,,,physical
2026-07-28,legumes,cenoura-ceasas,Cenoura - Ceasas,Cenoura 2A,,variacao_pct,-13.46,"-13,46",%,change_pct,,pct,spot,,,physical
2026-07-28,legumes,cenoura-ceasas,Cenoura - Ceasas,Cenoura G,,preco,2.41,"2,41",R$/Kg,price,BRL,kg,spot,,,physical
2026-07-28,legumes,cenoura-ceasas,Cenoura - Ceasas,Cenoura G,,variacao_pct,-16.03,"-16,03",%,change_pct,,pct,spot,,,physical
2026-07-28,legumes,cenoura-ceasas,Cenoura - Ceasas,Especial,,preco,2.5,"2,50",R$/Kg,price,BRL,kg,spot,,,physical
2026-07-28,legumes,cenoura-ceasas,Cenoura - Ceasas,Especial,,variacao_pct,0.0,"0,00",%,change_pct,,pct,spot,,,physical
2026-07-28,legumes,cenoura-ceasas,Cenoura - Ceasas,Extra,,preco,2.25,"2,25",R$/Kg,price,BRL,kg,spot,,,physical
2026-07-28,legumes,cenoura-ceasas,Cenoura - Ceasas,Extra,,variacao_pct,50.0,"+50,00",%,change_pct,,pct,spot,,,physical
2026-07-28,legumes,cenoura-ceasas,Cenoura - Ceasas,Extra A,,preco,3.25,"3,25",R$/Kg,price,BRL,kg,spot,,,physical
2026-07-28,legumes,cenoura-ceasas,Cenoura - Ceasas,Extra A,,variacao_pct,-7.14,"-7,14",%,change_pct,,pct,spot,,,physical
2026-07-28,legumes,tomate-ceasas,Tomate - Ceasas,Carmem 3A,,preco,4.05,"4,05",R$/Kg,price,BRL,kg,spot,,,physical
2026-07-28,legumes,tomate-ceasas,Tomate - Ceasas,Carmem 3A,,variacao_pct,52.83,"+52,83",%,change_pct,,pct,spot,,,physical
2026-07-28,legumes,tomate-ceasas,Tomate - Ceasas,Débora 3A,,preco,4.17,"4,17",R$/Kg,price,BRL,kg,spot,,,physical
2026-07-28,legumes,tomate-ceasas,Tomate - Ceasas,Débora 3A,,variacao_pct,36.27,"+36,27",%,change_pct,,pct,spot,,,physical
2026-07-28,legumes,tomate-ceasas,Tomate - Ceasas,Longa Vida/Carmem Extra,,preco,4.25,"4,25",R$/Kg,price,BRL,kg,spot,,,physical
2026-07-28,legumes,tomate-ceasas,Tomate - Ceasas,Longa Vida/Carmem Extra,,variacao_pct,21.43,"+21,43",%,change_pct,,pct,spot,,,physical
2026-07-28,legumes,tomate-ceasas,Tomate - Ceasas,Longa Vida/Débora Extra,,preco,3.5,"3,50",R$/Kg,price,BRL,kg,spot,,,physical
2026-07-28,legumes,tomate-ceasas,Tomate - Ceasas,Longa Vida/Débora Extra,,variacao_pct,0.0,"0,00",%,change_pct,,pct,spot,,,physical
2026-07-28,legumes,tomate-ceasas,Tomate - Ceasas,Longa Vida/Extra A,,preco,1.75,"1,75",R$/Kg,price,BRL,kg,spot,,,physical
2026-07-28,legumes,tomate-ceasas,Tomate - Ceasas,Longa Vida/Extra A,,variacao_pct,29.63,"+29,63",%,change_pct,,pct,spot,,,physical
2026-07-28,legumes,tomate-ceasas,Tomate - Ceasas,Santa Cruz/Extra A,,preco,,s/ cotação,R$/Kg,price,BRL,kg,spot,,,physical
2026-07-28,legumes,tomate-ceasas,Tomate - Ceasas,Santa Cruz/Extra A,,variacao_pct,,-,%,change_pct,,pct,spot,,,physical
2026-07-29,legumes,batata-ceasas,Batata - Ceasas,Agatha Primeira,,preco,1.6,"1,60",R$/Kg,price,BRL,kg,spot,,,physical
2026-07-29,legumes,batata-ceasas,Batata - Ceasas,Agatha Primeira,,variacao_pct,-20.0,"-20,00",%,change_pct,,pct,spot,,,physical
2026-07-29,legumes,batata-ceasas,Batata - Ceasas,Aster Primeira,,preco,1.2,"1,20",R$/Kg,price,BRL,kg,spot,,,physical
2026-07-29,legumes,batata-ceasas,Batata - Ceasas,Aster Primeira,,variacao_pct,-14.29,"-14,29",%,change_pct,,pct,spot,,,physical
2026-07-29,legumes,batata-ceasas,Batata - Ceasas,Asterix,,preco,3.19,"3,19",R$/Kg,price,BRL,kg,spot,,,physical
2026-07-29,legumes,batata-ceasas,Batata - Ceasas,Asterix,,variacao_pct,0.0,"0,00",%,change_pct,,pct,spot,,,physical
2026-07-29,legumes,batata-ceasas,Batata - Ceasas,Escovada Especial,,preco,3.48,"3,48",R$/Kg,price,BRL,kg,spot,,,physical
2026-07-29,legumes,batata-ceasas,Batata - Ceasas,Escovada Especial,,variacao_pct,0.0,"0,00",%,change_pct,,pct,spot,,,physical
2026-07-29,legumes,batata-ceasas,Batata - Ceasas,Lavada Especial,,preco,4.22,"4,22",R$/Kg,price,BRL,kg,spot,,,physical
2026-07-29,legumes,batata-ceasas,Batata - Ceasas,Lavada Especial,,variacao_pct,0.0,"0,00",%,change_pct,,pct,spot,,,physical
2026-07-29,legumes,batata-ceasas,Batata - Ceasas,Yacon,,preco,5.5,"5,50",R$/Kg,price,BRL,kg,spot,,,physical
2026-07-29,legumes,batata-ceasas,Batata - Ceasas,Yacon,,variacao_pct,0.0,"0,00",%,change_pct,,pct,spot,,,physical
2026-07-29,legumes,cebola-no-atacado,Cebola - Ceasas,Amarela Mineira,,preco,3.5,"3,50",R$/Kg,price,BRL,kg,spot,,,physical
2026-07-29,legumes,cebola-no-atacado,Cebola - Ceasas,Amarela Mineira,,variacao_pct,0.0,"0,00",%,change_pct,,pct,spot,,,physical
2026-07-29,legumes,cebola-no-atacado,Cebola - Ceasas,Amarela Paulista,,preco,3.75,"3,75",R$/Kg,price,BRL,kg,spot,,,physical
2026-07-29,legumes,cebola-no-atacado,Cebola - Ceasas,Amarela Paulista,,variacao_pct,0.0,"0,00",%,change_pct,,pct,spot,,,physical
2026-07-29,legumes,cebola-no-atacado,Cebola - Ceasas,Amarela Pernambucana,,preco,,s/ cotação,R$/Kg,price,BRL,kg,spot,,,physical
2026-07-29,legumes,cebola-no-atacado,Cebola - Ceasas,Amarela Pernambucana,,variacao_pct,,-,%,change_pct,,pct,spot,,,physical
2026-07-29,legumes,cebola-no-atacado,Cebola - Ceasas,Amarela Santa Catarina,,preco,,s/ cotação,R$/Kg,price,BRL,kg,spot,,,physical
2026-07-29,legumes,cebola-no-atacado,Cebola - Ceasas,Amarela Santa Catarina,,variacao_pct,,-,%,change_pct,,pct,spot,,,physical
2026-07-29,legumes,cebola-no-atacado,Cebola - Ceasas,Importada Argentina,,preco,4.5,"4,50",R$/Kg,price,BRL,kg,spot,,,physical
2026-07-29,legumes,cebola-no-atacado,Cebola - Ceasas,Importada Argentina,,variacao_pct,0.0,"0,00",%,change_pct,,pct,spot,,,physical
2026-07-29,legumes,cebola-no-atacado,Cebola - Ceasas,Nacional (Caixa 4),,preco,3.6,"3,60",R$/Kg,price,BRL,kg,spot,,,physical
2026-07-29,legumes,cebola-no-atacado,Cebola - Ceasas,Nacional (Caixa 4),,variacao_pct,0.0,"0,00",%,change_pct,,pct,spot,,,physical
2026-07-29,legumes,cebola-no-atacado,Cebola - Ceasas,Roxa (Caixa 4),,preco,4.89,"4,89",R$/Kg,price,BRL,kg,spot,,,physical
2026-07-29,legumes,cebola-no-atacado,Cebola - Ceasas,Roxa (Caixa 4),,variacao_pct,0.0,"0,00",%,change_pct,,pct,spot,,,physical
2026-07-29,legumes,cenoura-ceasas,Cenoura - Ceasas,Cenoura 2A,,preco,2.83,"2,83",R$/Kg,price,BRL,kg,spot,,,physical
2026-07-29,legumes,cenoura-ceasas,Cenoura - Ceasas,Cenoura 2A,,variacao_pct,0.0,"0,00",%,change_pct,,pct,spot,,,physical
2026-07-29,legumes,cenoura-ceasas,Cenoura - Ceasas,Cenoura G,,preco,2.41,"2,41",R$/Kg,price,BRL,kg,spot,,,physical
2026-07-29,legumes,cenoura-ceasas,Cenoura - Ceasas,Cenoura G,,variacao_pct,0.0,"0,00",%,change_pct,,pct,spot,,,physical
2026-07-29,legumes,cenoura-ceasas,Cenoura - Ceasas,Especial,,preco,2.5,"2,50",R$/Kg,price,BRL,kg,spot,,,physical
2026-07-29,legumes,cenoura-ceasas,Cenoura - Ceasas,Especial,,variacao_pct,0.0,"0,00",%,change_pct,,pct,spot,,,physical
2026-07-29,legumes,cenoura-ceasas,Cenoura - Ceasas,Extra,,preco,2.0,"2,00",R$/Kg,price,BRL,kg,spot,,,physical
2026-07-29,legumes,cenoura-ceasas,Cenoura - Ceasas,Extra,,variacao_pct,-11.11,"-11,11",%,change_pct,,pct,spot,,,physical
2026-07-29,legumes,cenoura-ceasas,Cenoura - Ceasas,Extra A,,preco,3.25,"3,25",R$/Kg,price,BRL,kg,spot,,,physical
2026-07-29,legumes,cenoura-ceasas,Cenoura - Ceasas,Extra A,,variacao_pct,0.0,"0,00",%,change_pct,,pct,spot,,,physical
2026-07-29,legumes,tomate-ceasas,Tomate - Ceasas,Carmem 3A,,preco,4.05,"4,05",R$/Kg,price,BRL,kg,spot,,,physical
2026-07-29,legumes,tomate-ceasas,Tomate - Ceasas,Carmem 3A,,variacao_pct,0.0,"0,00",%,change_pct,,pct,spot,,,physical
2026-07-29,legumes,tomate-ceasas,Tomate - Ceasas,Débora 3A,,preco,4.17,"4,17",R$/Kg,price,BRL,kg,spot,,,physical
2026-07-29,legumes,tomate-ceasas,Tomate - Ceasas,Débora 3A,,variacao_pct,0.0,"0,00",%,change_pct,,pct,spot,,,physical
2026-07-29,legumes,tomate-ceasas,Tomate - Ceasas,Longa Vida/Carmem Extra,,preco,4.25,"4,25",R$/Kg,price,BRL,kg,spot,,,physical
2026-07-29,legumes,tomate-ceasas,Tomate - Ceasas,Longa Vida/Carmem Extra,,variacao_pct,0.0,"0,00",%,change_pct,,pct,spot,,,physical
2026-07-29,legumes,tomate-ceasas,Tomate - Ceasas,Longa Vida/Débora Extra,,preco,4.25,"4,25",R$/Kg,price,BRL,kg,spot,,,physical
2026-07-29,legumes,tomate-ceasas,Tomate - Ceasas,Longa Vida/Débora Extra,,variacao_pct,21.43,"+21,43",%,change_pct,,pct,spot,,,physical
2026-07-29,legumes,tomate-ceasas,Tomate - Ceasas,Longa Vida/Extra A,,preco,1.75,"1,75",R$/Kg,price,BRL,kg,spot,,,physical
2026-07-29,legumes,tomate-ceasas,Tomate - Ceasas,Longa Vida/Extra A,,variacao_pct,0.0,"0,00",%,change_pct,,pct,spot,,,physical
2026-07-29,legumes,tomate-ceasas,Tomate - Ceasas,Santa Cruz/Extra A,,preco,,s/ cotação,R$/Kg,price,BRL,kg,spot,,,physical
2026-07-29,legumes,tomate-ceasas,Tomate - Ceasas,Santa Cruz/Extra A,,variacao_pct,,-,%,change_pct,,pct,spot,,,physical
2026-07-30,legumes,batata-ceasas,Batata - Ceasas,Agatha Primeira,,preco,1.6,"1,60",R$/Kg,price,BRL,kg,spot,,,physical
2026-07-30,legumes,batata-ceasas,Batata - Ceasas,Agatha Primeira,,variacao_pct,0.0,"0,00",%,change_pct,,pct,spot,,,physical
2026-07-30,legumes,batata-ceasas,Batata - Ceasas,Aster Primeira,,preco,1.2,"1,20",R$/Kg,price,BRL,kg,spot,,,physical
2026-07-30,legumes,batata-ceasas,Batata - Ceasas,Aster Primeira,,variacao_pct,0.0,"0,00",%,change_pct,,pct,spot,,,physical
2026-07-30,legumes,batata-ceasas,Batata - Ceasas,Asterix,,preco,3.25,"3,25",R$/Kg,price,BRL,kg,spot,,,physical
2026-07-30,legumes,batata-ceasas,Batata - Ceasas,Asterix,,variacao_pct,1.88,"+1,88",%,change_pct,,pct,spot,,,physical
2026-07-30,legumes,batata-ceasas,Batata - Ceasas,Escovada Especial,,preco,2.8,"2,80",R$/Kg,price,BRL,kg,spot,,,physical
2026-07-30,legumes,batata-ceasas,Batata - Ceasas,Escovada Especial,,variacao_pct,-19.54,"-19,54",%,change_pct,,pct,spot,,,physical
2026-07-30,legumes,batata-ceasas,Batata - Ceasas,Lavada Especial,,preco,2.86,"2,86",R$/Kg,price,BRL,kg,spot,,,physical
2026-07-30,legumes,batata-ceasas,Batata - Ceasas,Lavada Especial,,variacao_pct,-32.23,"-32,23",%,change_pct,,pct,spot,,,physical
2026-07-30,legumes,batata-ceasas,Batata - Ceasas,Yacon,,preco,5.5,"5,50",R$/Kg,price,BRL,kg,spot,,,physical
2026-07-30,legumes,batata-ceasas,Batata - Ceasas,Yacon,,variacao_pct,0.0,"0,00",%,change_pct,,pct,spot,,,physical
2026-07-30,legumes,cebola-no-atacado,Cebola - Ceasas,Amarela Mineira,,preco,3.5,"3,50",R$/Kg,price,BRL,kg,spot,,,physical
2026-07-30,legumes,cebola-no-atacado,Cebola - Ceasas,Amarela Mineira,,variacao_pct,0.0,"0,00",%,change_pct,,pct,spot,,,physical
2026-07-30,legumes,cebola-no-atacado,Cebola - Ceasas,Amarela Paulista,,preco,3.75,"3,75",R$/Kg,price,BRL,kg,spot,,,physical
2026-07-30,legumes,cebola-no-atacado,Cebola - Ceasas,Amarela Paulista,,variacao_pct,0.0,"0,00",%,change_pct,,pct,spot,,,physical
2026-07-30,legumes,cebola-no-atacado,Cebola - Ceasas,Amarela Pernambucana,,preco,,s/ cotação,R$/Kg,price,BRL,kg,spot,,,physical
2026-07-30,legumes,cebola-no-atacado,Cebola - Ceasas,Amarela Pernambucana,,variacao_pct,,-,%,change_pct,,pct,spot,,,physical
2026-07-30,legumes,cebola-no-atacado,Cebola - Ceasas,Amarela Santa Catarina,,preco,,s/ cotação,R$/Kg,price,BRL,kg,spot,,,physical
2026-07-30,legumes,cebola-no-atacado,Cebola - Ceasas,Amarela Santa Catarina,,variacao_pct,,-,%,change_pct,,pct,spot,,,physical
2026-07-30,legumes,cebola-no-atacado,Cebola - Ceasas,Importada Argentina,,preco,4.5,"4,50",R$/Kg,price,BRL,kg,spot,,,physical
2026-07-30,legumes,cebola-no-atacado,Cebola - Ceasas,Importada Argentina,,variacao_pct,0.0,"0,00",%,change_pct,,pct,spot,,,physical
2026-07-30,legumes,cebola-no-atacado,Cebola - Ceasas,Nacional (Caixa 4),,preco,3.53,"3,53",R$/Kg,price,BRL,kg,spot,,,physical
2026-07-30,legumes,cebola-no-atacado,Cebola - Ceasas,Nacional (Caixa 4),,variacao_pct,-1.94,"-1,94",%,change_pct,,pct,spot,,,physical
2026-07-30,legumes,cebola-no-atacado,Cebola - Ceasas,Roxa (Caixa 4),,preco,4.64,"4,64",R$/Kg,price,BRL,kg,spot,,,physical
2026-07-30,legumes,cebola-no-atacado,Cebola - Ceasas,Roxa (Caixa 4),,variacao_pct,-5.11,"-5,11",%,change_pct,,pct,spot,,,physical
2026-07-30,legumes,cenoura-ceasas,Cenoura - Ceasas,Cenoura 2A,,preco,3.08,"3,08",R$/Kg,price,BRL,kg,spot,,,physical
2026-07-30,legumes,cenoura-ceasas,Cenoura - Ceasas,Cenoura 2A,,variacao_pct,8.83,"+8,83",%,change_pct,,pct,spot,,,physical
2026-07-30,legumes,cenoura-ceasas,Cenoura - Ceasas,Cenoura G,,preco,2.67,"2,67",R$/Kg,price,BRL,kg,spot,,,physical
2026-07-30,legumes,cenoura-ceasas,Cenoura - Ceasas,Cenoura G,,variacao_pct,10.79,"+10,79",%,change_pct,,pct,spot,,,physical
2026-07-30,legumes,cenoura-ceasas,Cenoura - Ceasas,Especial,,preco,2.5,"2,50",R$/Kg,price,BRL,kg,spot,,,physical
2026-07-30,legumes,cenoura-ceasas,Cenoura - Ceasas,Especial,,variacao_pct,0.0,"0,00",%,change_pct,,pct,spot,,,physical
2026-07-30,legumes,cenoura-ceasas,Cenoura - Ceasas,Extra,,preco,2.0,"2,00",R$/Kg,price,BRL,kg,spot,,,physical
2026-07-30,legumes,cenoura-ceasas,Cenoura - Ceasas,Extra,,variacao_pct,0.0,"0,00",%,change_pct,,pct,spot,,,physical
2026-07-30,legumes,cenoura-ceasas,Cenoura - Ceasas,Extra A,,preco,3.25,"3,25",R$/Kg,price,BRL,kg,spot,,,physical
2026-07-30,legumes,cenoura-ceasas,Cenoura - Ceasas,Extra A,,variacao_pct,0.0,"0,00",%,change_pct,,pct,spot,,,physical
2026-07-30,legumes,tomate-ceasas,Tomate - Ceasas,Carmem 3A,,preco,3.54,"3,54",R$/Kg,price,BRL,kg,spot,,,physical
2026-07-30,legumes,tomate-ceasas,Tomate - Ceasas,Carmem 3A,,variacao_pct,-12.59,"-12,59",%,change_pct,,pct,spot,,,physical
2026-07-30,legumes,tomate-ceasas,Tomate - Ceasas,Débora 3A,,preco,4.17,"4,17",R$/Kg,price,BRL,kg,spot,,,physical
2026-07-30,legumes,tomate-ceasas,Tomate - Ceasas,Débora 3A,,variacao_pct,-12.59,"-12,59",%,change_pct,,pct,spot,,,physical
2026-07-30,legumes,tomate-ceasas,Tomate - Ceasas,Longa Vida/Carmem Extra,,preco,4.25,"4,25",R$/Kg,price,BRL,kg,spot,,,physical
2026-07-30,legumes,tomate-ceasas,Tomate - Ceasas,Longa Vida/Carmem Extra,,variacao_pct,0.0,"0,00",%,change_pct,,pct,spot,,,physical
2026-07-30,legumes,tomate-ceasas,Tomate - Ceasas,Longa Vida/Débora Extra,,preco,4.25,"4,25",R$/Kg,price,BRL,kg,spot,,,physical
2026-07-30,legumes,tomate-ceasas,Tomate - Ceasas,Longa Vida/Débora Extra,,variacao_pct,0.0,"0,00",%,change_pct,,pct,spot,,,physical
2026-07-30,legumes,tomate-ceasas,Tomate - Ceasas,Longa Vida/Extra A,,preco,1.75,"1,75",R$/Kg,price,BRL,kg,spot,,,physical
2026-07-30,legumes,tomate-ceasas,Tomate - Ceasas,Longa Vida/Extra A,,variacao_pct,0.0,"0,00",%,change_pct,,pct,spot,,,physical
2026-07-30,legumes,tomate-ceasas,Tomate - Ceasas,Santa Cruz/Extra A,,preco,,s/ cotação,R$/Kg,price,BRL,kg,spot,,,physical
2026-07-30,legumes,tomate-ceasas,Tomate - Ceasas,Santa Cruz/Extra A,,variacao_pct,,-,%,change_pct,,pct,spot,,,physical
2026-07-31,legumes,batata-ceasas,Batata - Ceasas,Agatha Primeira,,preco,1.4,"1,40",R$/Kg,price,BRL,kg,spot,,,physical
2026-07-31,legumes,batata-ceasas,Batata - Ceasas,Agatha Primeira,,variacao_pct,-12.5,"-12,50",%,change_pct,,pct,spot,,,physical
2026-07-31,legumes,batata-ceasas,Batata - Ceasas,Aster Primeira,,preco,1.2,"1,20",R$/Kg,price,BRL,kg,spot,,,physical
2026-07-31,legumes,batata-ceasas,Batata - Ceasas,Aster Primeira,,variacao_pct,0.0,"0,00",%,change_pct,,pct,spot,,,physical
2026-07-31,legumes,batata-ceasas,Batata - Ceasas,Asterix,,preco,3.25,"3,25",R$/Kg,price,BRL,kg,spot,,,physical
2026-07-31,legumes,batata-ceasas,Batata - Ceasas,Asterix,,variacao_pct,0.0,"0,00",%,change_pct,,pct,spot,,,physical
2026-07-31,legumes,batata-ceasas,Batata - Ceasas,Escovada Especial,,preco,2.8,"2,80",R$/Kg,price,BRL,kg,spot,,,physical
2026-07-31,legumes,batata-ceasas,Batata - Ceasas,Escovada Especial,,variacao_pct,0.0,"0,00",%,change_pct,,pct,spot,,,physical
2026-07-31,legumes,batata-ceasas,Batata - Ceasas,Lavada Especial,,preco,2.86,"2,86",R$/Kg,price,BRL,kg,spot,,,physical
2026-07-31,legumes,batata-ceasas,Batata - Ceasas,Lavada Especial,,variacao_pct,0.0,"0,00",%,change_pct,,pct,spot,,,physical
2026-07-31,legumes,batata-ceasas,Batata - Ceasas,Yacon,,preco,5.5,"5,50",R$/Kg,price,BRL,kg,spot,,,physical
2026-07-31,legumes,batata-ceasas,Batata - Ceasas,Yacon,,variacao_pct,0.0,"0,00",%,change_pct,,pct,spot,,,physical
2026-07-31,legumes,cebola-no-atacado,Cebola - Ceasas,Amarela Mineira,,preco,3.5,"3,50",R$/Kg,price,BRL,kg,spot,,,physical
2026-07-31,legumes,cebola-no-atacado,Cebola - Ceasas,Amarela Mineira,,variacao_pct,0.0,"0,00",%,change_pct,,pct,spot,,,physical
2026-07-31,legumes,cebola-no-atacado,Cebola - Ceasas,Amarela Paulista,,preco,3.75,"3,75",R$/Kg,price,BRL,kg,spot,,,physical
2026-07-31,legumes,cebola-no-atacado,Cebola - Ceasas,Amarela Paulista,,variacao_pct,0.0,"0,00",%,change_pct,,pct,spot,,,physical
2026-07-31,legumes,cebola-no-atacado,Cebola - Ceasas,Amarela Pernambucana,,preco,,s/ cotação,R$/Kg,price,BRL,kg,spot,,,physical
2026-07-31,legumes,cebola-no-atacado,Cebola - Ceasas,Amarela Pernambucana,,variacao_pct,,-,%,change_pct,,pct,spot,,,physical
2026-07-31,legumes,cebola-no-atacado,Cebola - Ceasas,Amarela Santa Catarina,,preco,,s/ cotação,R$/Kg,price,BRL,kg,spot,,,physical
2026-07-31,legumes,cebola-no-atacado,Cebola - Ceasas,Amarela Santa Catarina,,variacao_pct,,-,%,change_pct,,pct,spot,,,physical
2026-07-31,legumes,cebola-no-atacado,Cebola - Ceasas,Importada Argentina,,preco,4.5,"4,50",R$/Kg,price,BRL,kg,spot,,,physical
2026-07-31,legumes,cebola-no-atacado,Cebola - Ceasas,Importada Argentina,,variacao_pct,0.0,"0,00",%,change_pct,,pct,spot,,,physical
2026-07-31,legumes,cebola-no-atacado,Cebola - Ceasas,Nacional (Caixa 4),,preco,3.53,"3,53",R$/Kg,price,BRL,kg,spot,,,physical
2026-07-31,legumes,cebola-no-atacado,Cebola - Ceasas,Nacional (Caixa 4),,variacao_pct,0.0,"0,00",%,change_pct,,pct,spot,,,physical
2026-07-31,legumes,cebola-no-atacado,Cebola - Ceasas,Roxa (Caixa 4),,preco,4.64,"4,64",R$/Kg,price,BRL,kg,spot,,,physical
2026-07-31,legumes,cebola-no-atacado,Cebola - Ceasas,Roxa (Caixa 4),,variacao_pct,0.0,"0,00",%,change_pct,,pct,spot,,,physical
2026-07-31,legumes,cenoura-ceasas,Cenoura - Ceasas,Cenoura 2A,,preco,3.08,"3,08",R$/Kg,price,BRL,kg,spot,,,physical
2026-07-31,legumes,cenoura-ceasas,Cenoura - Ceasas,Cenoura 2A,,variacao_pct,0.0,"0,00",%,change_pct,,pct,spot,,,physical
2026-07-31,legumes,cenoura-ceasas,Cenoura - Ceasas,Cenoura G,,preco,2.67,"2,67",R$/Kg,price,BRL,kg,spot,,,physical
2026-07-31,legumes,cenoura-ceasas,Cenoura - Ceasas,Cenoura G,,variacao_pct,0.0,"0,00",%,change_pct,,pct,spot,,,physical
2026-07-31,legumes,cenoura-ceasas,Cenoura - Ceasas,Especial,,preco,2.5,"2,50",R$/Kg,price,BRL,kg,spot,,,physical
2026-07-31,legumes,cenoura-ceasas,Cenoura - Ceasas,Especial,,variacao_pct,0.0,"0,00",%,change_pct,,pct,spot,,,physical
2026-07-31,legumes,cenoura-ceasas,Cenoura - Ceasas,Extra,,preco,2.0,"2,00",R$/Kg,price,BRL,kg,spot,,,physical
2026-07-31,legumes,cenoura-ceasas,Cenoura - Ceasas,Extra,,variacao_pct,0.0,"0,00",%,change_pct,,pct,spot,,,physical
2026-07-31,legumes,cenoura-ceasas,Cenoura - Ceasas,Extra A,,preco,3.5,"3,50",R$/Kg,price,BRL,kg,spot,,,physical
2026-07-31,legumes,cenoura-ceasas,Cenoura - Ceasas,Extra A,,variacao_pct,7.69,"+7,69",%,change_pct,,pct,spot,,,physical
2026-07-31,legumes,tomate-ceasas,Tomate - Ceasas,Carmem 3A,,preco,3.54,"3,54",R$/Kg,price,BRL,kg,spot,,,physical
2026-07-31,legumes,tomate-ceasas,Tomate - Ceasas,Carmem 3A,,variacao_pct,0.0,"0,00",%,change_pct,,pct,spot,,,physical
2026-07-31,legumes,tomate-ceasas,Tomate - Ceasas,Débora 3A,,preco,4.17,"4,17",R$/Kg,price,BRL,kg,spot,,,physical
2026-07-31,legumes,tomate-ceasas,Tomate - Ceasas,Débora 3A,,variacao_pct,0.0,"0,00",%,change_pct,,pct,spot,,,physical
2026-07-31,legumes,tomate-ceasas,Tomate - Ceasas,Longa Vida/Carmem Extra,,preco,3.75,"3,75",R$/Kg,price,BRL,kg,spot,,,physical
2026-07-31,legumes,tomate-ceasas,Tomate - Ceasas,Longa Vida/Carmem Extra,,variacao_pct,-11.76,"-11,76",%,change_pct,,pct,spot,,,physical
2026-07-31,legumes,tomate-ceasas,Tomate - Ceasas,Longa Vida/Débora Extra,,preco,4.25,"4,25",R$/Kg,price,BRL,kg,spot,,,physical
2026-07-31,legumes,tomate-ceasas,Tomate - Ceasas,Longa Vida/Débora Extra,,variacao_pct,0.0,"0,00",%,change_pct,,pct,spot,,,physical
2026-07-31,legumes,tomate-ceasas,Tomate - Ceasas,Longa Vida/Extra A,,preco,1.5,"1,50",R$/Kg,price,BRL,kg,spot,,,physical
2026-07-31,legumes,tomate-ceasas,Tomate - Ceasas,Longa Vida/Extra A,,variacao_pct,-14.29,"-14,29",%,change_pct,,pct,spot,,,physical
2026-07-31,legumes,tomate-ceasas,Tomate - Ceasas,Santa Cruz/Extra A,,preco,,s/ cotação,R$/Kg,price,BRL,kg,spot,,,physical
2026-07-31,legumes,tomate-ceasas,Tomate - Ceasas,Santa Cruz/Extra A,,variacao_pct,,-,%,change_pct,,pct,spot,,,physical
2026-08-03,legumes,batata-ceasas,Batata - Ceasas,Agatha Primeira,,preco,1.4,"1,40",R$/Kg,price,BRL,kg,spot,,,physical
2026-08-03,legumes,batata-ceasas,Batata - Ceasas,Agatha Primeira,,variacao_pct,0.0,"0,00",%,change_pct,,pct,spot,,,physical
2026-08-03,legumes,batata-ceasas,Batata - Ceasas,Aster Primeira,,preco,1.2,"1,20",R$/Kg,price,BRL,kg,spot,,,physical
2026-08-03,legumes,batata-ceasas,Batata - Ceasas,Aster Primeira,,variacao_pct,0.0,"0,00",%,change_pct,,pct,spot,,,physical
2026-08-03,legumes,batata-ceasas,Batata - Ceasas,Asterix,,preco,3.25,"3,25",R$/Kg,price,BRL,kg,spot,,,physical
2026-08-03,legumes,batata-ceasas,Batata - Ceasas,Asterix,,variacao_pct,0.0,"0,00",%,change_pct,,pct,spot,,,physical
2026-08-03,legumes,batata-ceasas,Batata - Ceasas,Escovada Especial,,preco,2.8,"2,80",R$/Kg,price,BRL,kg,spot,,,physical
2026-08-03,legumes,batata-ceasas,Batata - Ceasas,Escovada Especial,,variacao_pct,0.0,"0,00",%,change_pct,,pct,spot,,,physical
2026-08-03,legumes,batata-ceasas,Batata - Ceasas,Lavada Especial,,preco,2.86,"2,86",R$/Kg,price,BRL,kg,spot,,,physical
2026-08-03,legumes,batata-ceasas,Batata - Ceasas,Lavada Especial,,variacao_pct,0.0,"0,00",%,change_pct,,pct,spot,,,physical
2026-08-03,legumes,batata-ceasas,Batata - Ceasas,Yacon,,preco,5.5,"5,50",R$/Kg,price,BRL,kg,spot,,,physical
2026-08-03,legumes,batata-ceasas,Batata - Ceasas,Yacon,,variacao_pct,0.0,"0,00",%,change_pct,,pct,spot,,,physical
2026-08-03,legumes,cebola-no-atacado,Cebola - Ceasas,Amarela Mineira,,preco,3.5,"3,50",R$/Kg,price,BRL,kg,spot,,,physical
2026-08-03,legumes,cebola-no-atacado,Cebola - Ceasas,Amarela Mineira,,variacao_pct,0.0,"0,00",%,change_pct,,pct,spot,,,physical
2026-08-03,legumes,cebola-no-atacado,Cebola - Ceasas,Amarela Paulista,,preco,3.75,"3,75",R$/Kg,price,BRL,kg,spot,,,physical
2026-08-03,legumes,cebola-no-atacado,Cebola - Ceasas,Amarela Paulista,,variacao_pct,0.0,"0,00",%,change_pct,,pct,spot,,,physical
2026-08-03,legumes,cebola-no-atacado,Cebola - Ceasas,Amarela Pernambucana,,preco,,s/ cotação,R$/Kg,price,BRL,kg,spot,,,physical
2026-08-03,legumes,cebola-no-atacado,Cebola - Ceasas,Amarela Pernambucana,,variacao_pct,,-,%,change_pct,,pct,spot,,,physical
2026-08-03,legumes,cebola-no-atacado,Cebola - Ceasas,Amarela Santa Catarina,,preco,,s/ cotação,R$/Kg,price,BRL,kg,spot,,,physical
2026-08-03,legumes,cebola-no-atacado,Cebola - Ceasas,Amarela Santa Catarina,,variacao_pct,,-,%,change_pct,,pct,spot,,,physical
2026-08-03,legumes,cebola-no-atacado,Cebola - Ceasas,Importada Argentina,,preco,4.5,"4,50",R$/Kg,price,BRL,kg,spot,,,physical
2026-08-03,legumes,cebola-no-atacado,Cebola - Ceasas,Importada Argentina,,variacao_pct,0.0,"0,00",%,change_pct,,pct,spot,,,physical
2026-08-03,legumes,cebola-no-atacado,Cebola - Ceasas,Nacional (Caixa 4),,preco,3.53,"3,53",R$/Kg,price,BRL,kg,spot,,,physical
2026-08-03,legumes,cebola-no-atacado,Cebola - Ceasas,Nacional (Caixa 4),,variacao_pct,0.0,"0,00",%,change_pct,,pct,spot,,,physical
2026-08-03,legumes,cebola-no-atacado,Cebola - Ceasas,Roxa (Caixa 4),,preco,4.64,"4,64",R$/Kg,price,BRL,kg,spot,,,physical
2026-08-03,legumes,cebola-no-atacado,Cebola - Ceasas,Roxa (Caixa 4),,variacao_pct,0.0,"0,00",%,change_pct,,pct,spot,,,physical
2026-08-03,legumes,cenoura-ceasas,Cenoura - Ceasas,Cenoura 2A,,preco,3.08,"3,08",R$/Kg,price,BRL,kg,spot,,,physical
2026-08-03,legumes,cenoura-ceasas,Cenoura - Ceasas,Cenoura 2A,,variacao_pct,0.0,"0,00",%,change_pct,,pct,spot,,,physical
2026-08-03,legumes,cenoura-ceasas,Cenoura - Ceasas,Cenoura G,,preco,2.67,"2,67",R$/Kg,price,BRL,kg,spot,,,physical
2026-08-03,legumes,cenoura-ceasas,Cenoura - Ceasas,Cenoura G,,variacao_pct,0.0,"0,00",%,change_pct,,pct,spot,,,physical
2026-08-03,legumes,cenoura-ceasas,Cenoura - Ceasas,Especial,,preco,2.5,"2,50",R$/Kg,price,BRL,kg,spot,,,physical
2026-08-03,legumes,cenoura-ceasas,Cenoura - Ceasas,Especial,,variacao_pct,0.0,"0,00",%,change_pct,,pct,spot,,,physical
2026-08-03,legumes,cenoura-ceasas,Cenoura - Ceasas,Extra,,preco,2.0,"2,00",R$/Kg,price,BRL,kg,spot,,,physical
2026-08-03,legumes,cenoura-ceasas,Cenoura - Ceasas,Extra,,variacao_pct,0.0,"0,00",%,change_pct,,pct,spot,,,physical
2026-08-03,legumes,cenoura-ceasas,Cenoura - Ceasas,Extra A,,preco,3.5,"3,50",R$/Kg,price,BRL,kg,spot,,,physical
2026-08-03,legumes,cenoura-ceasas,Cenoura - Ceasas,Extra A,,variacao_pct,0.0,"0,00",%,change_pct,,pct,spot,,,physical
2026-08-03,legumes,tomate-ceasas,Tomate - Ceasas,Carmem 3A,,preco,3.54,"3,54",R$/Kg,price,BRL,kg,spot,,,physical
2026-08-03,legumes,tomate-ceasas,Tomate - Ceasas,Carmem 3A,,variacao_pct,0.0,"0,00",%,change_pct,,pct,spot,,,physical
2026-08-03,legumes,tomate-ceasas,Tomate - Ceasas,Débora 3A,,preco,4.17,"4,17",R$/Kg,price,BRL,kg,spot,,,physical
2026-08-03,legumes,tomate-ceasas,Tomate - Ceasas,Débora 3A,,variacao_pct,0.0,"0,00",%,change_pct,,pct,spot,,,physical
2026-08-03,legumes,tomate-ceasas,Tomate - Ceasas,Longa Vida/Carmem Extra,,preco,3.75,"3,75",R$/Kg,price,BRL,kg,spot,,,physical
2026-08-03,legumes,tomate-ceasas,Tomate - Ceasas,Longa Vida/Carmem Extra,,variacao_pct,0.0,"0,00",%,change_pct,,pct,spot,,,physical
2026-08-03,legumes,tomate-ceasas,Tomate - Ceasas,Longa Vida/Débora Extra,,preco,4.25,"4,25",R$/Kg,price,BRL,kg,spot,,,physical
2026-08-03,legumes,tomate-ceasas,Tomate - Ceasas,Longa Vida/Débora Extra,,variacao_pct,0.0,"0,00",%,change_pct,,pct,spot,,,physical
2026-08-03,legumes,tomate-ceasas,Tomate - Ceasas,Longa Vida/Extra A,,preco,1.5,"1,50",R$/Kg,price,BRL,kg,spot,,,physical
2026-08-03,legumes,tomate-ceasas,Tomate - Ceasas,Longa Vida/Extra A,,variacao_pct,0.0,"0,00",%,change_pct,,pct,spot,,,physical
2026-08-03,legumes,tomate-ceasas,Tomate - Ceasas,Santa Cruz/Extra A,,preco,,s/ cotação,R$/Kg,price,BRL,kg,spot,,,physical
2026-08-03,legumes,tomate-ceasas,Tomate - Ceasas,Santa Cruz/Extra A,,variacao_pct,,-,%,change_pct,,pct,spot,,,physical
2026-08-04,legumes,batata-ceasas,Batata - Ceasas,Agatha Primeira,,preco,1.4,"1,40",R$/Kg,price,BRL,kg,spot,,,physical
2026-08-04,legumes,batata-ceasas,Batata - Ceasas,Agatha Primeira,,variacao_pct,0.0,"0,00",%,change_pct,,pct,spot,,,physical
2026-08-04,legumes,batata-ceasas,Batata - Ceasas,Aster Primeira,,preco,1.2,"1,20",R$/Kg,price,BRL,kg,spot,,,physical
2026-08-04,legumes,batata-ceasas,Batata - Ceasas,Aster Primeira,,variacao_pct,0.0,"0,00",%,change_pct,,pct,spot,,,physical
2026-08-04,legumes,batata-ceasas,Batata - Ceasas,Asterix,,preco,5.21,"5,21",R$/Kg,price,BRL,kg,spot,,,physical
2026-08-04,legumes,batata-ceasas,Batata - Ceasas,Asterix,,variacao_pct,,-,%,change_pct,,pct,spot,,,physical
2026-08-04,legumes,batata-ceasas,Batata - Ceasas,Escovada Especial,,preco,2.6,"2,60",R$/Kg,price,BRL,kg,spot,,,physical
2026-08-04,legumes,batata-ceasas,Batata - Ceasas,Escovada Especial,,variacao_pct,-7.14,"-7,14",%,change_pct,,pct,spot,,,physical
2026-08-04,legumes,batata-ceasas,Batata - Ceasas,Lavada Especial,,preco,2.87,"2,87",R$/Kg,price,BRL,kg,spot,,,physical
2026-08-04,legumes,batata-ceasas,Batata - Ceasas,Lavada Especial,,variacao_pct,0.35,"+0,35",%,change_pct,,pct,spot,,,physical
2026-08-04,legumes,batata-ceasas,Batata - Ceasas,Yacon,,preco,5.5,"5,50",R$/Kg,price,BRL,kg,spot,,,physical
2026-08-04,legumes,batata-ceasas,Batata - Ceasas,Yacon,,variacao_pct,0.0,"0,00",%,change_pct,,pct,spot,,,physical
2026-08-04,legumes,cebola-no-atacado,Cebola - Ceasas,Amarela Mineira,,preco,3.5,"3,50",R$/Kg,price,BRL,kg,spot,,,physical
2026-08-04,legumes,cebola-no-atacado,Cebola - Ceasas,Amarela Mineira,,variacao_pct,0.0,"0,00",%,change_pct,,pct,spot,,,physical
2026-08-04,legumes,cebola-no-atacado,Cebola - Ceasas,Amarela Paulista,,preco,3.75,"3,75",R$/Kg,price,BRL,kg,spot,,,physical
2026-08-04,legumes,cebola-no-atacado,Cebola - Ceasas,Amarela Paulista,,variacao_pct,0.0,"0,00",%,change_pct,,pct,spot,,,physical
2026-08-04,legumes,cebola-no-atacado,Cebola - Ceasas,Amarela Pernambucana,,preco,,s/ cotação,R$/Kg,price,BRL,kg,spot,,,physical
2026-08-04,legumes,cebola-no-atacado,Cebola - Ceasas,Amarela Pernambucana,,variacao_pct,,-,%,change_pct,,pct,spot,,,physical
2026-08-04,legumes,cebola-no-atacado,Cebola - Ceasas,Amarela Santa Catarina,,preco,,s/ cotação,R$/Kg,price,BRL,kg,spot,,,physical
2026-08-04,legumes,cebola-no-atacado,Cebola - Ceasas,Amarela Santa Catarina,,variacao_pct,,-,%,change_pct,,pct,spot,,,physical
2026-08-04,legumes,cebola-no-atacado,Cebola - Ceasas,Importada Argentina,,preco,4.5,"4,50",R$/Kg,price,BRL,kg,spot,,,physical
2026-08-04,legumes,cebola-no-atacado,Cebola - Ceasas,Importada Argentina,,variacao_pct,0.0,"0,00",%,change_pct,,pct,spot,,,physical
2026-08-04,legumes,cebola-no-atacado,Cebola - Ceasas,Nacional (Caixa 4),,preco,3.8,"3,80",R$/Kg,price,BRL,kg,spot,,,physical
2026-08-04,legumes,cebola-no-atacado,Cebola - Ceasas,Nacional (Caixa 4),,variacao_pct,7.65,"+7,65",%,change_pct,,pct,spot,,,physical
2026-08-04,legumes,cebola-no-atacado,Cebola - Ceasas,Roxa (Caixa 4),,preco,4.97,"4,97",R$/Kg,price,BRL,kg,spot,,,physical
2026-08-04,legumes,cebola-no-atacado,Cebola - Ceasas,Roxa (Caixa 4),,variacao_pct,7.11,"+7,11",%,change_pct,,pct,spot,,,physical
2026-08-04,legumes,cenoura-ceasas,Cenoura - Ceasas,Cenoura 2A,,preco,4.24,"4,24",R$/Kg,price,BRL,kg,spot,,,physical
2026-08-04,legumes,cenoura-ceasas,Cenoura - Ceasas,Cenoura 2A,,variacao_pct,37.66,"+37,66",%,change_pct,,pct,spot,,,physical
2026-08-04,legumes,cenoura-ceasas,Cenoura - Ceasas,Cenoura G,,preco,3.79,"3,79",R$/Kg,price,BRL,kg,spot,,,physical
2026-08-04,legumes,cenoura-ceasas,Cenoura - Ceasas,Cenoura G,,variacao_pct,41.95,"+41,95",%,change_pct,,pct,spot,,,physical
2026-08-04,legumes,cenoura-ceasas,Cenoura - Ceasas,Especial,,preco,2.5,"2,50",R$/Kg,price,BRL,kg,spot,,,physical
2026-08-04,legumes,cenoura-ceasas,Cenoura - Ceasas,Especial,,variacao_pct,0.0,"0,00",%,change_pct,,pct,spot,,,physical
2026-08-04,legumes,cenoura-ceasas,Cenoura - Ceasas,Extra,,preco,2.0,"2,00",R$/Kg,price,BRL,kg,spot,,,physical
2026-08-04,legumes,cenoura-ceasas,Cenoura - Ceasas,Extra,,variacao_pct,0.0,"0,00",%,change_pct,,pct,spot,,,physical
2026-08-04,legumes,cenoura-ceasas,Cenoura - Ceasas,Extra A,,preco,3.5,"3,50",R$/Kg,price,BRL,kg,spot,,,physical
2026-08-04,legumes,cenoura-ceasas,Cenoura - Ceasas,Extra A,,variacao_pct,0.0,"0,00",%,change_pct,,pct,spot,,,physical
2026-08-04,legumes,tomate-ceasas,Tomate - Ceasas,Carmem 3A,,preco,3.64,"3,64",R$/Kg,price,BRL,kg,spot,,,physical
2026-08-04,legumes,tomate-ceasas,Tomate - Ceasas,Carmem 3A,,variacao_pct,2.82,"+2,82",%,change_pct,,pct,spot,,,physical
2026-08-04,legumes,tomate-ceasas,Tomate - Ceasas,Débora 3A,,preco,4.17,"4,17",R$/Kg,price,BRL,kg,spot,,,physical
2026-08-04,legumes,tomate-ceasas,Tomate - Ceasas,Débora 3A,,variacao_pct,2.82,"+2,82",%,change_pct,,pct,spot,,,physical
2026-08-04,legumes,tomate-ceasas,Tomate - Ceasas,Longa Vida/Carmem Extra,,preco,3.75,"3,75",R$/Kg,price,BRL,kg,spot,,,physical
2026-08-04,legumes,tomate-ceasas,Tomate - Ceasas,Longa Vida/Carmem Extra,,variacao_pct,0.0,"0,00",%,change_pct,,pct,spot,,,physical
2026-08-04,legumes,tomate-ceasas,Tomate - Ceasas,Longa Vida/Débora Extra,,preco,4.25,"4,25",R$/Kg,price,BRL,kg,spot,,,physical
2026-08-04,legumes,tomate-ceasas,Tomate - Ceasas,Longa Vida/Débora Extra,,variacao_pct,0.0,"0,00",%,change_pct,,pct,spot,,,physical
2026-08-04,legumes,tomate-ceasas,Tomate - Ceasas,Longa Vida/Extra A,,preco,1.5,"1,50",R$/Kg,price,BRL,kg,spot,,,physical
2026-08-04,legumes,tomate-ceasas,Tomate - Ceasas,Longa Vida/Extra A,,variacao_pct,0.0,"0,00",%,change_pct,,pct,spot,,,physical
2026-08-04,legumes,tomate-ceasas,Tomate - Ceasas,Santa Cruz/Extra A,,preco,,s/ cotação,R$/Kg,price,BRL,kg,spot,,,physical
2026-08-04,legumes,tomate-ceasas,Tomate - Ceasas,Santa Cruz/Extra A,,variacao_pct,,-,%,change_pct,,pct,spot,,,physical
2026-08-05,legumes,batata-ceasas,Batata - Ceasas,Agatha Primeira,,preco,1.6,"1,60",R$/Kg,price,BRL,kg,spot,,,physical
2026-08-05,legumes,batata-ceasas,Batata - Ceasas,Agatha Primeira,,variacao_pct,14.29,"+14,29",%,change_pct,,pct,spot,,,physical
2026-08-05,legumes,batata-ceasas,Batata - Ceasas,Aster Primeira,,preco,1.6,"1,60",R$/Kg,price,BRL,kg,spot,,,physical
2026-08-05,legumes,batata-ceasas,Batata - Ceasas,Aster Primeira,,variacao_pct,33.33,"+33,33",%,change_pct,,pct,spot,,,physical
2026-08-05,legumes,batata-ceasas,Batata - Ceasas,Asterix,,preco,5.21,"5,21",R$/Kg,price,BRL,kg,spot,,,physical
2026-08-05,legumes,batata-ceasas,Batata - Ceasas,Asterix,,variacao_pct,0.0,"0,00",%,change_pct,,pct,spot,,,physical
2026-08-05,legumes,batata-ceasas,Batata - Ceasas,Escovada Especial,,preco,2.6,"2,60",R$/Kg,price,BRL,kg,spot,,,physical
2026-08-05,legumes,batata-ceasas,Batata - Ceasas,Escovada Especial,,variacao_pct,0.0,"0,00",%,change_pct,,pct,spot,,,physical
2026-08-05,legumes,batata-ceasas,Batata - Ceasas,Lavada Especial,,preco,2.87,"2,87",R$/Kg,price,BRL,kg,spot,,,physical
2026-08-05,legumes,batata-ceasas,Batata - Ceasas,Lavada Especial,,variacao_pct,0.0,"0,00",%,change_pct,,pct,spot,,,physical
2026-08-05,legumes,batata-ceasas,Batata - Ceasas,Yacon,,preco,5.5,"5,50",R$/Kg,price,BRL,kg,spot,,,physical
2026-08-05,legumes,batata-ceasas,Batata - Ceasas,Yacon,,variacao_pct,0.0,"0,00",%,change_pct,,pct,spot,,,physical
2026-08-05,legumes,cebola-no-atacado,Cebola - Ceasas,Amarela Mineira,,preco,3.5,"3,50",R$/Kg,price,BRL,kg,spot,,,physical
2026-08-05,legumes,cebola-no-atacado,Cebola - Ceasas,Amarela Mineira,,variacao_pct,0.0,"0,00",%,change_pct,,pct,spot,,,physical
2026-08-05,legumes,cebola-no-atacado,Cebola - Ceasas,Amarela Paulista,,preco,3.5,"3,50",R$/Kg,price,BRL,kg,spot,,,physical
2026-08-05,legumes,cebola-no-atacado,Cebola - Ceasas,Amarela Paulista,,variacao_pct,-6.67,"-6,67",%,change_pct,,pct,spot,,,physical
2026-08-05,legumes,cebola-no-atacado,Cebola - Ceasas,Amarela Pernambucana,,preco,,s/ cotação,R$/Kg,price,BRL,kg,spot,,,physical
2026-08-05,legumes,cebola-no-atacado,Cebola - Ceasas,Amarela Pernambucana,,variacao_pct,,-,%,change_pct,,pct,spot,,,physical
2026-08-05,legumes,cebola-no-atacado,Cebola - Ceasas,Amarela Santa Catarina,,preco,,s/ cotação,R$/Kg,price,BRL,kg,spot,,,physical
2026-08-05,legumes,cebola-no-atacado,Cebola - Ceasas,Amarela Santa Catarina,,variacao_pct,,-,%,change_pct,,pct,spot,,,physical
2026-08-05,legumes,cebola-no-atacado,Cebola - Ceasas,Importada Argentina,,preco,,s/ cotação,R$/Kg,price,BRL,kg,spot,,,physical
2026-08-05,legumes,cebola-no-atacado,Cebola - Ceasas,Importada Argentina,,variacao_pct,,-,%,change_pct,,pct,spot,,,physical
2026-08-05,legumes,cebola-no-atacado,Cebola - Ceasas,Nacional (Caixa 4),,preco,3.8,"3,80",R$/Kg,price,BRL,kg,spot,,,physical
2026-08-05,legumes,cebola-no-atacado,Cebola - Ceasas,Nacional (Caixa 4),,variacao_pct,0.0,"0,00",%,change_pct,,pct,spot,,,physical
2026-08-05,legumes,cebola-no-atacado,Cebola - Ceasas,Roxa (Caixa 4),,preco,4.97,"4,97",R$/Kg,price,BRL,kg,spot,,,physical
2026-08-05,legumes,cebola-no-atacado,Cebola - Ceasas,Roxa (Caixa 4),,variacao_pct,0.0,"0,00",%,change_pct,,pct,spot,,,physical
2026-08-05,legumes,cenoura-ceasas,Cenoura - Ceasas,Cenoura 2A,,preco,4.24,"4,24",R$/Kg,price,BRL,kg,spot,,,physical
2026-08-05,legumes,cenoura-ceasas,Cenoura - Ceasas,Cenoura 2A,,variacao_pct,0.0,"0,00",%,change_pct,,pct,spot,,,physical
2026-08-05,legumes,cenoura-ceasas,Cenoura - Ceasas,Cenoura G,,preco,3.79,"3,79",R$/Kg,price,BRL,kg,spot,,,physical
2026-08-05,legumes,cenoura-ceasas,Cenoura - Ceasas,Cenoura G,,variacao_pct,0.0,"0,00",%,change_pct,,pct,spot,,,physical
2026-08-05,legumes,cenoura-ceasas,Cenoura - Ceasas,Especial,,preco,3.0,"3,00",R$/Kg,price,BRL,kg,spot,,,physical
2026-08-05,legumes,cenoura-ceasas,Cenoura - Ceasas,Especial,,variacao_pct,20.0,"+20,00",%,change_pct,,pct,spot,,,physical
2026-08-05,legumes,cenoura-ceasas,Cenoura - Ceasas,Extra,,preco,2.25,"2,25",R$/Kg,price,BRL,kg,spot,,,physical
2026-08-05,legumes,cenoura-ceasas,Cenoura - Ceasas,Extra,,variacao_pct,12.5,"+12,50",%,change_pct,,pct,spot,,,physical
2026-08-05,legumes,cenoura-ceasas,Cenoura - Ceasas,Extra A,,preco,3.75,"3,75",R$/Kg,price,BRL,kg,spot,,,physical
2026-08-05,legumes,cenoura-ceasas,Cenoura - Ceasas,Extra A,,variacao_pct,7.14,"+7,14",%,change_pct,,pct,spot,,,physical
2026-08-05,legumes,tomate-ceasas,Tomate - Ceasas,Carmem 3A,,preco,3.64,"3,64",R$/Kg,price,BRL,kg,spot,,,physical
2026-08-05,legumes,tomate-ceasas,Tomate - Ceasas,Carmem 3A,,variacao_pct,0.0,"0,00",%,change_pct,,pct,spot,,,physical
2026-08-05,legumes,tomate-ceasas,Tomate - Ceasas,Débora 3A,,preco,4.17,"4,17",R$/Kg,price,BRL,kg,spot,,,physical
2026-08-05,legumes,tomate-ceasas,Tomate - Ceasas,Débora 3A,,variacao_pct,0.0,"0,00",%,change_pct,,pct,spot,,,physical
2026-08-05,legumes,tomate-ceasas,Tomate - Ceasas,Longa Vida/Carmem Extra,,preco,4.5,"4,50",R$/Kg,price,BRL,kg,spot,,,physical
2026-08-05,legumes,tomate-ceasas,Tomate - Ceasas,Longa Vida/Carmem Extra,,variacao_pct,20.0,"+20,00",%,change_pct,,pct,spot,,,physical
2026-08-05,legumes,tomate-ceasas,Tomate - Ceasas,Longa Vida/Débora Extra,,preco,4.5,"4,50",R$/Kg,price,BRL,kg,spot,,,physical
2026-08-05,legumes,tomate-ceasas,Tomate - Ceasas,Longa Vida/Débora Extra,,variacao_pct,5.88,"+5,88",%,change_pct,,pct,spot,,,physical
2026-08-05,legumes,tomate-ceasas,Tomate - Ceasas,Longa Vida/Extra A,,preco,2.25,"2,25",R$/Kg,price,BRL,kg,spot,,,physical
2026-08-05,legumes,tomate-ceasas,Tomate - Ceasas,Longa Vida/Extra A,,variacao_pct,50.0,"+50,00",%,change_pct,,pct,spot,,,physical
2026-08-05,legumes,tomate-ceasas,Tomate - Ceasas,Santa Cruz/Extra A,,preco,,s/ cotação,R$/Kg,price,BRL,kg,spot,,,physical
2026-08-05,legumes,tomate-ceasas,Tomate - Ceasas,Santa Cruz/Extra A,,variacao_pct,,-,%,change_pct,,pct,spot,,,physical
2026-08-06,legumes,batata-ceasas,Batata - Ceasas,Agatha Primeira,,preco,1.6,"1,60",R$/Kg,price,BRL,kg,spot,,,physical
2026-08-06,legumes,batata-ceasas,Batata - Ceasas,Agatha Primeira,,variacao_pct,0.0,"0,00",%,change_pct,,pct,spot,,,physical
2026-08-06,legumes,batata-ceasas,Batata - Ceasas,Aster Primeira,,preco,1.6,"1,60",R$/Kg,price,BRL,kg,spot,,,physical
2026-08-06,legumes,batata-ceasas,Batata - Ceasas,Aster Primeira,,variacao_pct,0.0,"0,00",%,change_pct,,pct,spot,,,physical
2026-08-06,legumes,batata-ceasas,Batata - Ceasas,Asterix,,preco,5.37,"5,37",R$/Kg,price,BRL,kg,spot,,,physical
2026-08-06,legumes,batata-ceasas,Batata - Ceasas,Asterix,,variacao_pct,3.07,"+3,07",%,change_pct,,pct,spot,,,physical
2026-08-06,legumes,batata-ceasas,Batata - Ceasas,Escovada Especial,,preco,3.33,"3,33",R$/Kg,price,BRL,kg,spot,,,physical
2026-08-06,legumes,batata-ceasas,Batata - Ceasas,Escovada Especial,,variacao_pct,28.08,"+28,08",%,change_pct,,pct,spot,,,physical
2026-08-06,legumes,batata-ceasas,Batata - Ceasas,Lavada Especial,,preco,2.86,"2,86",R$/Kg,price,BRL,kg,spot,,,physical
2026-08-06,legumes,batata-ceasas,Batata - Ceasas,Lavada Especial,,variacao_pct,-0.35,"-0,35",%,change_pct,,pct,spot,,,physical
2026-08-06,legumes,batata-ceasas,Batata - Ceasas,Yacon,,preco,5.5,"5,50",R$/Kg,price,BRL,kg,spot,,,physical
2026-08-06,legumes,batata-ceasas,Batata - Ceasas,Yacon,,variacao_pct,0.0,"0,00",%,change_pct,,pct,spot,,,physical
2026-08-06,legumes,cebola-no-atacado,Cebola - Ceasas,Amarela Mineira,,preco,3.5,"3,50",R$/Kg,price,BRL,kg,spot,,,physical
2026-08-06,legumes,cebola-no-atacado,Cebola - Ceasas,Amarela Mineira,,variacao_pct,0.0,"0,00",%,change_pct,,pct,spot,,,physical
2026-08-06,legumes,cebola-no-atacado,Cebola - Ceasas,Amarela Paulista,,preco,3.5,"3,50",R$/Kg,price,BRL,kg,spot,,,physical
2026-08-06,legumes,cebola-no-atacado,Cebola - Ceasas,Amarela Paulista,,variacao_pct,0.0,"0,00",%,change_pct,,pct,spot,,,physical
2026-08-06,legumes,cebola-no-atacado,Cebola - Ceasas,Amarela Pernambucana,,preco,,s/ cotação,R$/Kg,price,BRL,kg,spot,,,physical
2026-08-06,legumes,cebola-no-atacado,Cebola - Ceasas,Amarela Pernambucana,,variacao_pct,,-,%,change_pct,,pct,spot,,,physical
2026-08-06,legumes,cebola-no-atacado,Cebola - Ceasas,Amarela Santa Catarina,,preco,,s/ cotação,R$/Kg,price,BRL,kg,spot,,,physical
2026-08-06,legumes,cebola-no-atacado,Cebola - Ceasas,Amarela Santa Catarina,,variacao_pct,,-,%,change_pct,,pct,spot,,,physical
2026-08-06,legumes,cebola-no-atacado,Cebola - Ceasas,Importada Argentina,,preco,,s/ cotação,R$/Kg,price,BRL,kg,spot,,,physical
2026-08-06,legumes,cebola-no-atacado,Cebola - Ceasas,Importada Argentina,,variacao_pct,,-,%,change_pct,,pct,spot,,,physical
2026-08-06,legumes,cebola-no-atacado,Cebola - Ceasas,Nacional (Caixa 4),,preco,3.89,"3,89",R$/Kg,price,BRL,kg,spot,,,physical
2026-08-06,legumes,cebola-no-atacado,Cebola - Ceasas,Nacional (Caixa 4),,variacao_pct,2.37,"+2,37",%,change_pct,,pct,spot,,,physical
2026-08-06,legumes,cebola-no-atacado,Cebola - Ceasas,Roxa (Caixa 4),,preco,5.07,"5,07",R$/Kg,price,BRL,kg,spot,,,physical
2026-08-06,legumes,cebola-no-atacado,Cebola - Ceasas,Roxa (Caixa 4),,variacao_pct,2.01,"+2,01",%,change_pct,,pct,spot,,,physical
2026-08-06,legumes,cenoura-ceasas,Cenoura - Ceasas,Cenoura 2A,,preco,4.06,"4,06",R$/Kg,price,BRL,kg,spot,,,physical
2026-08-06,legumes,cenoura-ceasas,Cenoura - Ceasas,Cenoura 2A,,variacao_pct,-4.25,"-4,25",%,change_pct,,pct,spot,,,physical
2026-08-06,legumes,cenoura-ceasas,Cenoura - Ceasas,Cenoura G,,preco,3.62,"3,62",R$/Kg,price,BRL,kg,spot,,,physical
2026-08-06,legumes,cenoura-ceasas,Cenoura - Ceasas,Cenoura G,,variacao_pct,-4.49,"-4,49",%,change_pct,,pct,spot,,,physical
2026-08-06,legumes,cenoura-ceasas,Cenoura - Ceasas,Especial,,preco,3.0,"3,00",R$/Kg,price,BRL,kg,spot,,,physical
2026-08-06,legumes,cenoura-ceasas,Cenoura - Ceasas,Especial,,variacao_pct,0.0,"0,00",%,change_pct,,pct,spot,,,physical
2026-08-06,legumes,cenoura-ceasas,Cenoura - Ceasas,Extra,,preco,2.25,"2,25",R$/Kg,price,BRL,kg,spot,,,physical
2026-08-06,legumes,cenoura-ceasas,Cenoura - Ceasas,Extra,,variacao_pct,0.0,"0,00",%,change_pct,,pct,spot,,,physical
2026-08-06,legumes,cenoura-ceasas,Cenoura - Ceasas,Extra A,,preco,3.75,"3,75",R$/Kg,price,BRL,kg,spot,,,physical
2026-08-06,legumes,cenoura-ceasas,Cenoura - Ceasas,Extra A,,variacao_pct,0.0,"0,00",%,change_pct,,pct,spot,,,physical
2026-08-06,legumes,tomate-ceasas,Tomate - Ceasas,Carmem 3A,,preco,3.63,"3,63",R$/Kg,price,BRL,kg,spot,,,physical
2026-08-06,legumes,tomate-ceasas,Tomate - Ceasas,Carmem 3A,,variacao_pct,-0.27,"-0,27",%,change_pct,,pct,spot,,,physical
2026-08-06,legumes,tomate-ceasas,Tomate - Ceasas,Débora 3A,,preco,4.08,"4,08",R$/Kg,price,BRL,kg,spot,,,physical
2026-08-06,legumes,tomate-ceasas,Tomate - Ceasas,Débora 3A,,variacao_pct,-2.16,"-2,16",%,change_pct,,pct,spot,,,physical
2026-08-06,legumes,tomate-ceasas,Tomate - Ceasas,Longa Vida/Carmem Extra,,preco,4.5,"4,50",R$/Kg,price,BRL,kg,spot,,,physical
2026-08-06,legumes,tomate-ceasas,Tomate - Ceasas,Longa Vida/Carmem Extra,,variacao_pct,0.0,"0,00",%,change_pct,,pct,spot,,,physical
2026-08-06,legumes,tomate-ceasas,Tomate - Ceasas,Longa Vida/Débora Extra,,preco,4.5,"4,50",R$/Kg,price,BRL,kg,spot,,,physical
2026-08-06,legumes,tomate-ceasas,Tomate - Ceasas,Longa Vida/Débora Extra,,variacao_pct,0.0,"0,00",%,change_pct,,pct,spot,,,physical
2026-08-06,legumes,tomate-ceasas,Tomate - Ceasas,Longa Vida/Extra A,,preco,2.25,"2,25",R$/Kg,price,BRL,kg,spot,,,physical
2026-08-06,legumes,tomate-ceasas,Tomate - Ceasas,Longa Vida/Extra A,,variacao_pct,0.0,"0,00",%,change_pct,,pct,spot,,,physical
2026-08-06,legumes,tomate-ceasas,Tomate - Ceasas,Santa Cruz/Extra A,,preco,,s/ cotação,R$/Kg,price,BRL,kg,spot,,,physical
2026-08-06,legumes,tomate-ceasas,Tomate - Ceasas,Santa Cruz/Extra A,,variacao_pct,,-,%,change_pct,,pct,spot,,,physical
2026-08-07,legumes,batata-ceasas,Batata - Ceasas,Agatha Primeira,,preco,1.4,"1,40",R$/Kg,price,BRL,kg,spot,,,physical
2026-08-07,legumes,batata-ceasas,Batata - Ceasas,Agatha Primeira,,variacao_pct,-12.5,"-12,50",%,change_pct,,pct,spot,,,physical
2026-08-07,legumes,batata-ceasas,Batata - Ceasas,Aster Primeira,,preco,1.2,"1,20",R$/Kg,price,BRL,kg,spot,,,physical
2026-08-07,legumes,batata-ceasas,Batata - Ceasas,Aster Primeira,,variacao_pct,-25.0,"-25,00",%,change_pct,,pct,spot,,,physical
2026-08-07,legumes,batata-ceasas,Batata - Ceasas,Asterix,,preco,5.37,"5,37",R$/Kg,price,BRL,kg,spot,,,physical
2026-08-07,legumes,batata-ceasas,Batata - Ceasas,Asterix,,variacao_pct,0.0,"0,00",%,change_pct,,pct,spot,,,physical
2026-08-07,legumes,batata-ceasas,Batata - Ceasas,Escovada Especial,,preco,3.33,"3,33",R$/Kg,price,BRL,kg,spot,,,physical
2026-08-07,legumes,batata-ceasas,Batata - Ceasas,Escovada Especial,,variacao_pct,0.0,"0,00",%,change_pct,,pct,spot,,,physical
2026-08-07,legumes,batata-ceasas,Batata - Ceasas,Lavada Especial,,preco,2.86,"2,86",R$/Kg,price,BRL,kg,spot,,,physical
2026-08-07,legumes,batata-ceasas,Batata - Ceasas,Lavada Especial,,variacao_pct,0.0,"0,00",%,change_pct,,pct,spot,,,physical
2026-08-07,legumes,batata-ceasas,Batata - Ceasas,Yacon,,preco,5.5,"5,50",R$/Kg,price,BRL,kg,spot,,,physical
2026-08-07,legumes,batata-ceasas,Batata - Ceasas,Yacon,,variacao_pct,0.0,"0,00",%,change_pct,,pct,spot,,,physical
2026-08-07,legumes,cebola-no-atacado,Cebola - Ceasas,Amarela Mineira,,preco,3.5,"3,50",R$/Kg,price,BRL,kg,spot,,,physical
2026-08-07,legumes,cebola-no-atacado,Cebola - Ceasas,Amarela Mineira,,variacao_pct,0.0,"0,00",%,change_pct,,pct,spot,,,physical
2026-08-07,legumes,cebola-no-atacado,Cebola - Ceasas,Amarela Paulista,,preco,3.5,"3,50",R$/Kg,price,BRL,kg,spot,,,physical
2026-08-07,legumes,cebola-no-atacado,Cebola - Ceasas,Amarela Paulista,,variacao_pct,0.0,"0,00",%,change_pct,,pct,spot,,,physical
2026-08-07,legumes,cebola-no-atacado,Cebola - Ceasas,Amarela Pernambucana,,preco,,s/ cotação,R$/Kg,price,BRL,kg,spot,,,physical
2026-08-07,legumes,cebola-no-atacado,Cebola - Ceasas,Amarela Pernambucana,,variacao_pct,,-,%,change_pct,,pct,spot,,,physical
2026-08-07,legumes,cebola-no-atacado,Cebola - Ceasas,Amarela Santa Catarina,,preco,,s/ cotação,R$/Kg,price,BRL,kg,spot,,,physical
2026-08-07,legumes,cebola-no-atacado,Cebola - Ceasas,Amarela Santa Catarina,,variacao_pct,,-,%,change_pct,,pct,spot,,,physical
2026-08-07,legumes,cebola-no-atacado,Cebola - Ceasas,Importada Argentina,,preco,,s/ cotação,R$/Kg,price,BRL,kg,spot,,,physical
2026-08-07,legumes,cebola-no-atacado,Cebola - Ceasas,Importada Argentina,,variacao_pct,,-,%,change_pct,,pct,spot,,,physical
2026-08-07,legumes,cebola-no-atacado,Cebola - Ceasas,Nacional (Caixa 4),,preco,3.89,"3,89",R$/Kg,price,BRL,kg,spot,,,physical
2026-08-07,legumes,cebola-no-atacado,Cebola - Ceasas,Nacional (Caixa 4),,variacao_pct,0.0,"0,00",%,change_pct,,pct,spot,,,physical
2026-08-07,legumes,cebola-no-atacado,Cebola - Ceasas,Roxa (Caixa 4),,preco,5.07,"5,07",R$/Kg,price,BRL,kg,spot,,,physical
2026-08-07,legumes,cebola-no-atacado,Cebola - Ceasas,Roxa (Caixa 4),,variacao_pct,0.0,"0,00",%,change_pct,,pct,spot,,,physical
2026-08-07,legumes,cenoura-ceasas,Cenoura - Ceasas,Cenoura 2A,,preco,4.06,"4,06",R$/Kg,price,BRL,kg,spot,,,physical
2026-08-07,legumes,cenoura-ceasas,Cenoura - Ceasas,Cenoura 2A,,variacao_pct,0.0,"0,00",%,change_pct,,pct,spot,,,physical
2026-08-07,legumes,cenoura-ceasas,Cenoura - Ceasas,Cenoura G,,preco,3.62,"3,62",R$/Kg,price,BRL,kg,spot,,,physical
2026-08-07,legumes,cenoura-ceasas,Cenoura - Ceasas,Cenoura G,,variacao_pct,0.0,"0,00",%,change_pct,,pct,spot,,,physical
2026-08-07,legumes,cenoura-ceasas,Cenoura - Ceasas,Especial,,preco,3.0,"3,00",R$/Kg,price,BRL,kg,spot,,,physical
2026-08-07,legumes,cenoura-ceasas,Cenoura - Ceasas,Especial,,variacao_pct,0.0,"0,00",%,change_pct,,pct,spot,,,physical
2026-08-07,legumes,cenoura-ceasas,Cenoura - Ceasas,Extra,,preco,2.25,"2,25",R$/Kg,price,BRL,kg,spot,,,physical
2026-08-07,legumes,cenoura-ceasas,Cenoura - Ceasas,Extra,,variacao_pct,0.0,"0,00",%,change_pct,,pct,spot,,,physical
2026-08-07,legumes,cenoura-ceasas,Cenoura - Ceasas,Extra A,,preco,4.25,"4,25",R$/Kg,price,BRL,kg,spot,,,physical
2026-08-07,legumes,cenoura-ceasas,Cenoura - Ceasas,Extra A,,variacao_pct,13.33,"+13,33",%,change_pct,,pct,spot,,,physical
2026-08-07,legumes,tomate-ceasas,Tomate - Ceasas,Carmem 3A,,preco,3.63,"3,63",R$/Kg,price,BRL,kg,spot,,,physical
2026-08-07,legumes,tomate-ceasas,Tomate - Ceasas,Carmem 3A,,variacao_pct,0.0,"0,00",%,change_pct,,pct,spot,,,physical
2026-08-07,legumes,tomate-ceasas,Tomate - Ceasas,Débora 3A,,preco,4.08,"4,08",R$/Kg,price,BRL,kg,spot,,,physical
2026-08-07,legumes,tomate-ceasas,Tomate - Ceasas,Débora 3A,,variacao_pct,0.0,"0,00",%,change_pct,,pct,spot,,,physical
2026-08-07,legumes,tomate-ceasas,Tomate - Ceasas,Longa Vida/Carmem Extra,,preco,4.25,"4,25",R$/Kg,price,BRL,kg,spot,,,physical
2026-08-07,legumes,tomate-ceasas,Tomate - Ceasas,Longa Vida/Carmem Extra,,variacao_pct,-5.56,"-5,56",%,change_pct,,pct,spot,,,physical
2026-08-07,legumes,tomate-ceasas,Tomate - Ceasas,Longa Vida/Débora Extra,,preco,4.0,"4,00",R$/Kg,price,BRL,kg,spot,,,physical
2026-08-07,legumes,tomate-ceasas,Tomate - Ceasas,Longa Vida/Débora Extra,,variacao_pct,-11.11,"-11,11",%,change_pct,,pct,spot,,,physical
2026-08-07,legumes,tomate-ceasas,Tomate - Ceasas,Longa Vida/Extra A,,preco,1.75,"1,75",R$/Kg,price,BRL,kg,spot,,,physical
2026-08-07,legumes,tomate-ceasas,Tomate - Ceasas,Longa Vida/Extra A,,variacao_pct,-22.22,"-22,22",%,change_pct,,pct,spot,,,physical
2026-08-07,legumes,tomate-ceasas,Tomate - Ceasas,Santa Cruz/Extra A,,preco,,s/ cotação,R$/Kg,price,BRL,kg,spot,,,physical
2026-08-07,legumes,tomate-ceasas,Tomate - Ceasas,Santa Cruz/Extra A,,variacao_pct,,-,%,change_pct,,pct,spot,,,physical
2026-08-10,legumes,batata-ceasas,Batata - Ceasas,Agatha Primeira,,preco,1.4,"1,40",R$/Kg,price,BRL,kg,spot,,,physical
2026-08-10,legumes,batata-ceasas,Batata - Ceasas,Agatha Primeira,,variacao_pct,0.0,"0,00",%,change_pct,,pct,spot,,,physical
2026-08-10,legumes,batata-ceasas,Batata - Ceasas,Aster Primeira,,preco,1.2,"1,20",R$/Kg,price,BRL,kg,spot,,,physical
2026-08-10,legumes,batata-ceasas,Batata - Ceasas,Aster Primeira,,variacao_pct,0.0,"0,00",%,change_pct,,pct,spot,,,physical
2026-08-10,legumes,batata-ceasas,Batata - Ceasas,Asterix,,preco,5.37,"5,37",R$/Kg,price,BRL,kg,spot,,,physical
2026-08-10,legumes,batata-ceasas,Batata - Ceasas,Asterix,,variacao_pct,0.0,"0,00",%,change_pct,,pct,spot,,,physical
2026-08-10,legumes,batata-ceasas,Batata - Ceasas,Escovada Especial,,preco,3.33,"3,33",R$/Kg,price,BRL,kg,spot,,,physical
2026-08-10,legumes,batata-ceasas,Batata - Ceasas,Escovada Especial,,variacao_pct,0.0,"0,00",%,change_pct,,pct,spot,,,physical
2026-08-10,legumes,batata-ceasas,Batata - Ceasas,Lavada Especial,,preco,2.86,"2,86",R$/Kg,price,BRL,kg,spot,,,physical
2026-08-10,legumes,batata-ceasas,Batata - Ceasas,Lavada Especial,,variacao_pct,0.0,"0,00",%,change_pct,,pct,spot,,,physical
2026-08-10,legumes,batata-ceasas,Batata - Ceasas,Yacon,,preco,5.5,"5,50",R$/Kg,price,BRL,kg,spot,,,physical
2026-08-10,legumes,batata-ceasas,Batata - Ceasas,Yacon,,variacao_pct,0.0,"0,00",%,change_pct,,pct,spot,,,physical
2026-08-10,legumes,cebola-no-atacado,Cebola - Ceasas,Amarela Mineira,,preco,3.5,"3,50",R$/Kg,price,BRL,kg,spot,,,physical
2026-08-10,legumes,cebola-no-atacado,Cebola - Ceasas,Amarela Mineira,,variacao_pct,0.0,"0,00",%,change_pct,,pct,spot,,,physical
2026-08-10,legumes,cebola-no-atacado,Cebola - Ceasas,Amarela Paulista,,preco,3.5,"3,50",R$/Kg,price,BRL,kg,spot,,,physical
2026-08-10,legumes,cebola-no-atacado,Cebola - Ceasas,Amarela Paulista,,variacao_pct,0.0,"0,00",%,change_pct,,pct,spot,,,physical
2026-08-10,legumes,cebola-no-atacado,Cebola - Ceasas,Amarela Pernambucana,,preco,,s/ cotação,R$/Kg,price,BRL,kg,spot,,,physical
2026-08-10,legumes,cebola-no-atacado,Cebola - Ceasas,Amarela Pernambucana,,variacao_pct,,-,%,change_pct,,pct,spot,,,physical
2026-08-10,legumes,cebola-no-atacado,Cebola - Ceasas,Amarela Santa Catarina,,preco,,s/ cotação,R$/Kg,price,BRL,kg,spot,,,physical
2026-08-10,legumes,cebola-no-atacado,Cebola - Ceasas,Amarela Santa Catarina,,variacao_pct,,-,%,change_pct,,pct,spot,,,physical
2026-08-10,legumes,cebola-no-atacado,Cebola - Ceasas,Importada Argentina,,preco,,s/ cotação,R$/Kg,price,BRL,kg,spot,,,physical
2026-08-10,legumes,cebola-no-atacado,Cebola - Ceasas,Importada Argentina,,variacao_pct,,-,%,change_pct,,pct,spot,,,physical
2026-08-10,legumes,cebola-no-atacado,Cebola - Ceasas,Nacional (Caixa 4),,preco,3.89,"3,89",R$/Kg,price,BRL,kg,spot,,,physical
2026-08-10,legumes,cebola-no-atacado,Cebola - Ceasas,Nacional (Caixa 4),,variacao_pct,0.0,"0,00",%,change_pct,,pct,spot,,,physical
2026-08-10,legumes,cebola-no-atacado,Cebola - Ceasas,Roxa (Caixa 4),,preco,5.07,"5,07",R$/Kg,price,BRL,kg,spot,,,physical
2026-08-10,legumes,cebola-no-atacado,Cebola - Ceasas,Roxa (Caixa 4),,variacao_pct,0.0,"0,00",%,change_pct,,pct,spot,,,physical
2026-08-10,legumes,cenoura-ceasas,Cenoura - Ceasas,Cenoura 2A,,preco,4.06,"4,06",R$/Kg,price,BRL,kg,spot,,,physical
2026-08-10,legumes,cenoura-ceasas,Cenoura - Ceasas,Cenoura 2A,,variacao_pct,0.0,"0,00",%,change_pct,,pct,spot,,,physical
2026-08-10,legumes,cenoura-ceasas,Cenoura - Ceasas,Cenoura G,,preco,3.62,"3,62",R$/Kg,price,BRL,kg,spot,,,physical
2026-08-10,legumes,cenoura-ceasas,Cenoura - Ceasas,Cenoura G,,variacao_pct,0.0,"0,00",%,change_pct,,pct,spot,,,physical
2026-08-10,legumes,cenoura-ceasas,Cenoura - Ceasas,Especial,,preco,3.0,"3,00",R$/Kg,price,BRL,kg,spot,,,physical
2026-08-10,legumes,cenoura-ceasas,Cenoura - Ceasas,Especial,,variacao_pct,0.0,"0,00",%,change_pct,,pct,spot,,,physical
2026-08-10,legumes,cenoura-ceasas,Cenoura - Ceasas,Extra,,preco,2.25,"2,25",R$/Kg,price,BRL,kg,spot,,,physical
2026-08-10,legumes,cenoura-ceasas,Cenoura - Ceasas,Extra,,variacao_pct,0.0,"0,00",%,change_pct,,pct,spot,,,physical
2026-08-10,legumes,cenoura-ceasas,Cenoura - Ceasas,Extra A,,preco,4.25,"4,25",R$/Kg,price,BRL,kg,spot,,,physical
2026-08-10,legumes,cenoura-ceasas,Cenoura - Ceasas,Extra A,,variacao_pct,0.0,"0,00",%,change_pct,,pct,spot,,,physical
2026-08-10,legumes,tomate-ceasas,Tomate - Ceasas,Carmem 3A,,preco,3.63,"3,63",R$/Kg,price,BRL,kg,spot,,,physical
2026-08-10,legumes,tomate-ceasas,Tomate - Ceasas,Carmem 3A,,variacao_pct,0.0,"0,00",%,change_pct,,pct,spot,,,physical
2026-08-10,legumes,tomate-ceasas,Tomate - Ceasas,Débora 3A,,preco,4.08,"4,08",R$/Kg,price,BRL,kg,spot,,,physical
2026-08-10,legumes,tomate-ceasas,Tomate - Ceasas,Débora 3A,,variacao_pct,0.0,"0,00",%,change_pct,,pct,spot,,,physical
2026-08-10,legumes,tomate-ceasas,Tomate - Ceasas,Longa Vida/Carmem Extra,,preco,4.25,"4,25",R$/Kg,price,BRL,kg,spot,,,physical
2026-08-10,legumes,tomate-ceasas,Tomate - Ceasas,Longa Vida/Carmem Extra,,variacao_pct,0.0,"0,00",%,change_pct,,pct,spot,,,physical
2026-08-10,legumes,tomate-ceasas,Tomate - Ceasas,Longa Vida/Débora Extra,,preco,4.0,"4,00",R$/Kg,price,BRL,kg,spot,,,physical
2026-08-10,legumes,tomate-ceasas,Tomate - Ceasas,Longa Vida/Débora Extra,,variacao_pct,0.0,"0,00",%,change_pct,,pct,spot,,,physical
2026-08-10,legumes,tomate-ceasas,Tomate - Ceasas,Longa Vida/Extra A,,preco,1.75,"1,75",R$/Kg,price,BRL,kg,spot,,,physical
2026-08-10,legumes,tomate-ceasas,Tomate - Ceasas,Longa Vida/Extra A,,variacao_pct,0.0,"0,00",%,change_pct,,pct,spot,,,physical
2026-08-10,legumes,tomate-ceasas,Tomate - Ceasas,Santa Cruz/Extra A,,preco,,s/ cotação,R$/Kg,price,BRL,kg,spot,,,physical
2026-08-10,legumes,tomate-ceasas,Tomate - Ceasas,Santa Cruz/Extra A,,variacao_pct,,-,%,change_pct,,pct,spot,,,physical
2026-08-11,legumes,batata-ceasas,Batata - Ceasas,Agatha Primeira,,preco,1.6,"1,60",R$/Kg,price,BRL,kg,spot,,,physical
2026-08-11,legumes,batata-ceasas,Batata - Ceasas,Agatha Primeira,,variacao_pct,14.29,"+14,29",%,change_pct,,pct,spot,,,physical
2026-08-11,legumes,batata-ceasas,Batata - Ceasas,Aster Primeira,,preco,1.2,"1,20",R$/Kg,price,BRL,kg,spot,,,physical
2026-08-11,legumes,batata-ceasas,Batata - Ceasas,Aster Primeira,,variacao_pct,0.0,"0,00",%,change_pct,,pct,spot,,,physical
2026-08-11,legumes,batata-ceasas,Batata - Ceasas,Asterix,,preco,4.35,"4,35",R$/Kg,price,BRL,kg,spot,,,physical
2026-08-11,legumes,batata-ceasas,Batata - Ceasas,Asterix,,variacao_pct,-18.99,"-18,99",%,change_pct,,pct,spot,,,physical
2026-08-11,legumes,batata-ceasas,Batata - Ceasas,Escovada Especial,,preco,3.49,"3,49",R$/Kg,price,BRL,kg,spot,,,physical
2026-08-11,legumes,batata-ceasas,Batata - Ceasas,Escovada Especial,,variacao_pct,4.8,"+4,80",%,change_pct,,pct,spot,,,physical
2026-08-11,legumes,batata-ceasas,Batata - Ceasas,Lavada Especial,,preco,3.24,"3,24",R$/Kg,price,BRL,kg,spot,,,physical
2026-08-11,legumes,batata-ceasas,Batata - Ceasas,Lavada Especial,,variacao_pct,13.29,"+13,29",%,change_pct,,pct,spot,,,physical
2026-08-11,legumes,batata-ceasas,Batata - Ceasas,Yacon,,preco,5.5,"5,50",R$/Kg,price,BRL,kg,spot,,,physical
2026-08-11,legumes,batata-ceasas,Batata - Ceasas,Yacon,,variacao_pct,0.0,"0,00",%,change_pct,,pct,spot,,,physical
2026-08-11,legumes,cebola-no-atacado,Cebola - Ceasas,Amarela Mineira,,preco,3.5,"3,50",R$/Kg,price,BRL,kg,spot,,,physical
2026-08-11,legumes,cebola-no-atacado,Cebola - Ceasas,Amarela Mineira,,variacao_pct,0.0,"0,00",%,change_pct,,pct,spot,,,physical
2026-08-11,legumes,cebola-no-atacado,Cebola - Ceasas,Amarela Paulista,,preco,3.5,"3,50",R$/Kg,price,BRL,kg,spot,,,physical
2026-08-11,legumes,cebola-no-atacado,Cebola - Ceasas,Amarela Paulista,,variacao_pct,0.0,"0,00",%,change_pct,,pct,spot,,,physical
2026-08-11,legumes,cebola-no-atacado,Cebola - Ceasas,Amarela Pernambucana,,preco,,s/ cotação,R$/Kg,price,BRL,kg,spot,,,physical
2026-08-11,legumes,cebola-no-atacado,Cebola - Ceasas,Amarela Pernambucana,,variacao_pct,,-,%,change_pct,,pct,spot,,,physical
2026-08-11,legumes,cebola-no-atacado,Cebola - Ceasas,Amarela Santa Catarina,,preco,,s/ cotação,R$/Kg,price,BRL,kg,spot,,,physical
2026-08-11,legumes,cebola-no-atacado,Cebola - Ceasas,Amarela Santa Catarina,,variacao_pct,,-,%,change_pct,,pct,spot,,,physical
2026-08-11,legumes,cebola-no-atacado,Cebola - Ceasas,Importada Argentina,,preco,,s/ cotação,R$/Kg,price,BRL,kg,spot,,,physical
2026-08-11,legumes,cebola-no-atacado,Cebola - Ceasas,Importada Argentina,,variacao_pct,,-,%,change_pct,,pct,spot,,,physical
2026-08-11,legumes,cebola-no-atacado,Cebola - Ceasas,Nacional (Caixa 4),,preco,3.76,"3,76",R$/Kg,price,BRL,kg,spot,,,physical
2026-08-11,legumes,cebola-no-atacado,Cebola - Ceasas,Nacional (Caixa 4),,variacao_pct,-3.34,"-3,34",%,change_pct,,pct,spot,,,physical
2026-08-11,legumes,cebola-no-atacado,Cebola - Ceasas,Roxa (Caixa 4),,preco,5.14,"5,14",R$/Kg,price,BRL,kg,spot,,,physical
2026-08-11,legumes,cebola-no-atacado,Cebola - Ceasas,Roxa (Caixa 4),,variacao_pct,1.38,"+1,38",%,change_pct,,pct,spot,,,physical
2026-08-11,legumes,cenoura-ceasas,Cenoura - Ceasas,Cenoura 2A,,preco,4.12,"4,12",R$/Kg,price,BRL,kg,spot,,,physical
2026-08-11,legumes,cenoura-ceasas,Cenoura - Ceasas,Cenoura 2A,,variacao_pct,1.48,"+1,48",%,change_pct,,pct,spot,,,physical
2026-08-11,legumes,cenoura-ceasas,Cenoura - Ceasas,Cenoura G,,preco,3.64,"3,64",R$/Kg,price,BRL,kg,spot,,,physical
2026-08-11,legumes,cenoura-ceasas,Cenoura - Ceasas,Cenoura G,,variacao_pct,0.55,"+0,55",%,change_pct,,pct,spot,,,physical
2026-08-11,legumes,cenoura-ceasas,Cenoura - Ceasas,Especial,,preco,3.0,"3,00",R$/Kg,price,BRL,kg,spot,,,physical
2026-08-11,legumes,cenoura-ceasas,Cenoura - Ceasas,Especial,,variacao_pct,0.0,"0,00",%,change_pct,,pct,spot,,,physical
2026-08-11,legumes,cenoura-ceasas,Cenoura - Ceasas,Extra,,preco,2.5,"2,50",R$/Kg,price,BRL,kg,spot,,,physical
2026-08-11,legumes,cenoura-ceasas,Cenoura - Ceasas,Extra,,variacao_pct,11.11,"+11,11",%,change_pct,,pct,spot,,,physical
2026-08-11,legumes,cenoura-ceasas,Cenoura - Ceasas,Extra A,,preco,4.0,"4,00",R$/Kg,price,BRL,kg,spot,,,physical
2026-08-11,legumes,cenoura-ceasas,Cenoura - Ceasas,Extra A,,variacao_pct,-5.88,"-5,88",%,change_pct,,pct,spot,,,physical
2026-08-11,legumes,tomate-ceasas,Tomate - Ceasas,Carmem 3A,,preco,4.29,"4,29",R$/Kg,price,BRL,kg,spot,,,physical
2026-08-11,legumes,tomate-ceasas,Tomate - Ceasas,Carmem 3A,,variacao_pct,18.18,"+18,18",%,change_pct,,pct,spot,,,physical
2026-08-11,legumes,tomate-ceasas,Tomate - Ceasas,Débora 3A,,preco,4.68,"4,68",R$/Kg,price,BRL,kg,spot,,,physical
2026-08-11,legumes,tomate-ceasas,Tomate - Ceasas,Débora 3A,,variacao_pct,14.71,"+14,71",%,change_pct,,pct,spot,,,physical
2026-08-11,legumes,tomate-ceasas,Tomate - Ceasas,Longa Vida/Carmem Extra,,preco,4.25,"4,25",R$/Kg,price,BRL,kg,spot,,,physical
2026-08-11,legumes,tomate-ceasas,Tomate - Ceasas,Longa Vida/Carmem Extra,,variacao_pct,0.0,"0,00",%,change_pct,,pct,spot,,,physical
2026-08-11,legumes,tomate-ceasas,Tomate - Ceasas,Longa Vida/Débora Extra,,preco,4.0,"4,00",R$/Kg,price,BRL,kg,spot,,,physical
2026-08-11,legumes,tomate-ceasas,Tomate - Ceasas,Longa Vida/Débora Extra,,variacao_pct,0.0,"0,00",%,change_pct,,pct,spot,,,physical
2026-08-11,legumes,tomate-ceasas,Tomate - Ceasas,Longa Vida/Extra A,,preco,2.0,"2,00",R$/Kg,price,BRL,kg,spot,,,physical
2026-08-11,legumes,tomate-ceasas,Tomate - Ceasas,Longa Vida/Extra A,,variacao_pct,14.29,"+14,29",%,change_pct,,pct,spot,,,physical
2026-08-11,legumes,tomate-ceasas,Tomate - Ceasas,Santa Cruz/Extra A,,preco,,s/ cotação,R$/Kg,price,BRL,kg,spot,,,physical
2026-08-11,legumes,tomate-ceasas,Tomate - Ceasas,Santa Cruz/Extra A,,variacao_pct,,-,%,change_pct,,pct,spot,,,physical
2026-08-12,legumes,batata-ceasas,Batata - Ceasas,Agatha Primeira,,preco,1.6,"1,60",R$/Kg,price,BRL,kg,spot,,,physical
2026-08-12,legumes,batata-ceasas,Batata - Ceasas,Agatha Primeira,,variacao_pct,0.0,"0,00",%,change_pct,,pct,spot,,,physical
2026-08-12,legumes,batata-ceasas,Batata - Ceasas,Aster Primeira,,preco,1.2,"1,20",R$/Kg,price,BRL,kg,spot,,,physical
2026-08-12,legumes,batata-ceasas,Batata - Ceasas,Aster Primeira,,variacao_pct,0.0,"0,00",%,change_pct,,pct,spot,,,physical
2026-08-12,legumes,batata-ceasas,Batata - Ceasas,Asterix,,preco,4.35,"4,35",R$/Kg,price,BRL,kg,spot,,,physical
2026-08-12,legumes,batata-ceasas,Batata - Ceasas,Asterix,,variacao_pct,0.0,"0,00",%,change_pct,,pct,spot,,,physical
2026-08-12,legumes,batata-ceasas,Batata - Ceasas,Escovada Especial,,preco,3.49,"3,49",R$/Kg,price,BRL,kg,spot,,,physical
2026-08-12,legumes,batata-ceasas,Batata - Ceasas,Escovada Especial,,variacao_pct,0.0,"0,00",%,change_pct,,pct,spot,,,physical
2026-08-12,legumes,batata-ceasas,Batata - Ceasas,Lavada Especial,,preco,3.24,"3,24",R$/Kg,price,BRL,kg,spot,,,physical
2026-08-12,legumes,batata-ceasas,Batata - Ceasas,Lavada Especial,,variacao_pct,0.0,"0,00",%,change_pct,,pct,spot,,,physical
2026-08-12,legumes,batata-ceasas,Batata - Ceasas,Yacon,,preco,5.5,"5,50",R$/Kg,price,BRL,kg,spot,,,physical
2026-08-12,legumes,batata-ceasas,Batata - Ceasas,Yacon,,variacao_pct,0.0,"0,00",%,change_pct,,pct,spot,,,physical
2026-08-12,legumes,cebola-no-atacado,Cebola - Ceasas,Amarela Mineira,,preco,3.5,"3,50",R$/Kg,price,BRL,kg,spot,,,physical
2026-08-12,legumes,cebola-no-atacado,Cebola - Ceasas,Amarela Mineira,,variacao_pct,0.0,"0,00",%,change_pct,,pct,spot,,,physical
2026-08-12,legumes,cebola-no-atacado,Cebola - Ceasas,Amarela Paulista,,preco,3.5,"3,50",R$/Kg,price,BRL,kg,spot,,,physical
2026-08-12,legumes,cebola-no-atacado,Cebola - Ceasas,Amarela Paulista,,variacao_pct,0.0,"0,00",%,change_pct,,pct,spot,,,physical
2026-08-12,legumes,cebola-no-atacado,Cebola - Ceasas,Amarela Pernambucana,,preco,,s/ cotação,R$/Kg,price,BRL,kg,spot,,,physical
2026-08-12,legumes,cebola-no-atacado,Cebola - Ceasas,Amarela Pernambucana,,variacao_pct,,-,%,change_pct,,pct,spot,,,physical
2026-08-12,legumes,cebola-no-atacado,Cebola - Ceasas,Amarela Santa Catarina,,preco,,s/ cotação,R$/Kg,price,BRL,kg,spot,,,physical
2026-08-12,legumes,cebola-no-atacado,Cebola - Ceasas,Amarela Santa Catarina,,variacao_pct,,-,%,change_pct,,pct,spot,,,physical
2026-08-12,legumes,cebola-no-atacado,Cebola - Ceasas,Importada Argentina,,preco,,s/ cotação,R$/Kg,price,BRL,kg,spot,,,physical
2026-08-12,legumes,cebola-no-atacado,Cebola - Ceasas,Importada Argentina,,variacao_pct,,-,%,change_pct,,pct,spot,,,physical
2026-08-12,legumes,cebola-no-atacado,Cebola - Ceasas,Nacional (Caixa 4),,preco,3.76,"3,76",R$/Kg,price,BRL,kg,spot,,,physical
2026-08-12,legumes,cebola-no-atacado,Cebola - Ceasas,Nacional (Caixa 4),,variacao_pct,0.0,"0,00",%,change_pct,,pct,spot,,,physical
2026-08-12,legumes,cebola-no-atacado,Cebola - Ceasas,Roxa (Caixa 4),,preco,5.14,"5,14",R$/Kg,price,BRL,kg,spot,,,physical
2026-08-12,legumes,cebola-no-atacado,Cebola - Ceasas,Roxa (Caixa 4),,variacao_pct,0.0,"0,00",%,change_pct,,pct,spot,,,physical
2026-08-12,legumes,cenoura-ceasas,Cenoura - Ceasas,Cenoura 2A,,preco,4.12,"4,12",R$/Kg,price,BRL,kg,spot,,,physical
2026-08-12,legumes,cenoura-ceasas,Cenoura - Ceasas,Cenoura 2A,,variacao_pct,0.0,"0,00",%,change_pct,,pct,spot,,,physical
2026-08-12,legumes,cenoura-ceasas,Cenoura - Ceasas,Cenoura G,,preco,3.64,"3,64",R$/Kg,price,BRL,kg,spot,,,physical
2026-08-12,legumes,cenoura-ceasas,Cenoura - Ceasas,Cenoura G,,variacao_pct,0.0,"0,00",%,change_pct,,pct,spot,,,physical
2026-08-12,legumes,cenoura-ceasas,Cenoura - Ceasas,Especial,,preco,3.0,"3,00",R$/Kg,price,BRL,kg,spot,,,physical
2026-08-12,legumes,cenoura-ceasas,Cenoura - Ceasas,Especial,,variacao_pct,0.0,"0,00",%,change_pct,,pct,spot,,,physical
2026-08-12,legumes,cenoura-ceasas,Cenoura - Ceasas,Extra,,preco,3.0,"3,00",R$/Kg,price,BRL,kg,spot,,,physical
2026-08-12,legumes,cenoura-ceasas,Cenoura - Ceasas,Extra,,variacao_pct,20.0,"+20,00",%,change_pct,,pct,spot,,,physical
2026-08-12,legumes,cenoura-ceasas,Cenoura - Ceasas,Extra A,,preco,4.0,"4,00",R$/Kg,price,BRL,kg,spot,,,physical
2026-08-12,legumes,cenoura-ceasas,Cenoura - Ceasas,Extra A,,variacao_pct,0.0,"0,00",%,change_pct,,pct,spot,,,physical
2026-08-12,legumes,tomate-ceasas,Tomate - Ceasas,Carmem 3A,,preco,4.29,"4,29",R$/Kg,price,BRL,kg,spot,,,physical
2026-08-12,legumes,tomate-ceasas,Tomate - Ceasas,Carmem 3A,,variacao_pct,0.0,"0,00",%,change_pct,,pct,spot,,,physical
2026-08-12,legumes,tomate-ceasas,Tomate - Ceasas,Débora 3A,,preco,4.68,"4,68",R$/Kg,price,BRL,kg,spot,,,physical
2026-08-12,legumes,tomate-ceasas,Tomate - Ceasas,Débora 3A,,variacao_pct,0.0,"0,00",%,change_pct,,pct,spot,,,physical
2026-08-12,legumes,tomate-ceasas,Tomate - Ceasas,Longa Vida/Carmem Extra,,preco,4.25,"4,25",R$/Kg,price,BRL,kg,spot,,,physical
2026-08-12,legumes,tomate-ceasas,Tomate - Ceasas,Longa Vida/Carmem Extra,,variacao_pct,0.0,"0,00",%,change_pct,,pct,spot,,,physical
2026-08-12,legumes,tomate-ceasas,Tomate - Ceasas,Longa Vida/Débora Extra,,preco,4.5,"4,50",R$/Kg,price,BRL,kg,spot,,,physical
2026-08-12,legumes,tomate-ceasas,Tomate - Ceasas,Longa Vida/Débora Extra,,variacao_pct,12.5,"+12,50",%,change_pct,,pct,spot,,,physical
2026-08-12,legumes,tomate-ceasas,Tomate - Ceasas,Longa Vida/Extra A,,preco,2.0,"2,00",R$/Kg,price,BRL,kg,spot,,,physical
2026-08-12,legumes,tomate-ceasas,Tomate - Ceasas,Longa Vida/Extra A,,variacao_pct,0.0,"0,00",%,change_pct,,pct,spot,,,physical
2026-08-12,legumes,tomate-ceasas,Tomate - Ceasas,Santa Cruz/Extra A,,preco,,s/ cotação,R$/Kg,price,BRL,kg,spot,,,physical
2026-08-12,legumes,tomate-ceasas,Tomate - Ceasas,Santa Cruz/Extra A,,variacao_pct,,-,%,change_pct,,pct,spot,,,physical
2026-08-13,legumes,batata-ceasas,Batata - Ceasas,Agatha Primeira,,preco,1.6,"1,60",R$/Kg,price,BRL,kg,spot,,,physical
2026-08-13,legumes,batata-ceasas,Batata - Ceasas,Agatha Primeira,,variacao_pct,0.0,"0,00",%,change_pct,,pct,spot,,,physical
2026-08-13,legumes,batata-ceasas,Batata - Ceasas,Aster Primeira,,preco,1.2,"1,20",R$/Kg,price,BRL,kg,spot,,,physical
2026-08-13,legumes,batata-ceasas,Batata - Ceasas,Aster Primeira,,variacao_pct,0.0,"0,00",%,change_pct,,pct,spot,,,physical
2026-08-13,legumes,batata-ceasas,Batata - Ceasas,Asterix,,preco,3.92,"3,92",R$/Kg,price,BRL,kg,spot,,,physical
2026-08-13,legumes,batata-ceasas,Batata - Ceasas,Asterix,,variacao_pct,-9.89,"-9,89",%,change_pct,,pct,spot,,,physical
2026-08-13,legumes,batata-ceasas,Batata - Ceasas,Escovada Especial,,preco,3.46,"3,46",R$/Kg,price,BRL,kg,spot,,,physical
2026-08-13,legumes,batata-ceasas,Batata - Ceasas,Escovada Especial,,variacao_pct,-0.86,"-0,86",%,change_pct,,pct,spot,,,physical
2026-08-13,legumes,batata-ceasas,Batata - Ceasas,Lavada Especial,,preco,2.91,"2,91",R$/Kg,price,BRL,kg,spot,,,physical
2026-08-13,legumes,batata-ceasas,Batata - Ceasas,Lavada Especial,,variacao_pct,-10.19,"-10,19",%,change_pct,,pct,spot,,,physical
2026-08-13,legumes,batata-ceasas,Batata - Ceasas,Yacon,,preco,5.5,"5,50",R$/Kg,price,BRL,kg,spot,,,physical
2026-08-13,legumes,batata-ceasas,Batata - Ceasas,Yacon,,variacao_pct,0.0,"0,00",%,change_pct,,pct,spot,,,physical
2026-08-13,legumes,cebola-no-atacado,Cebola - Ceasas,Amarela Mineira,,preco,3.5,"3,50",R$/Kg,price,BRL,kg,spot,,,physical
2026-08-13,legumes,cebola-no-atacado,Cebola - Ceasas,Amarela Mineira,,variacao_pct,0.0,"0,00",%,change_pct,,pct,spot,,,physical
2026-08-13,legumes,cebola-no-atacado,Cebola - Ceasas,Amarela Paulista,,preco,3.5,"3,50",R$/Kg,price,BRL,kg,spot,,,physical
2026-08-13,legumes,cebola-no-atacado,Cebola - Ceasas,Amarela Paulista,,variacao_pct,0.0,"0,00",%,change_pct,,pct,spot,,,physical
2026-08-13,legumes,cebola-no-atacado,Cebola - Ceasas,Amarela Pernambucana,,preco,,s/ cotação,R$/Kg,price,BRL,kg,spot,,,physical
2026-08-13,legumes,cebola-no-atacado,Cebola - Ceasas,Amarela Pernambucana,,variacao_pct,,-,%,change_pct,,pct,spot,,,physical
2026-08-13,legumes,cebola-no-atacado,Cebola - Ceasas,Amarela Santa Catarina,,preco,,s/ cotação,R$/Kg,price,BRL,kg,spot,,,physical
2026-08-13,legumes,cebola-no-atacado,Cebola - Ceasas,Amarela Santa Catarina,,variacao_pct,,-,%,change_pct,,pct,spot,,,physical
2026-08-13,legumes,cebola-no-atacado,Cebola - Ceasas,Importada Argentina,,preco,,s/ cotação,R$/Kg,price,BRL,kg,spot,,,physical
2026-08-13,legumes,cebola-no-atacado,Cebola - Ceasas,Importada Argentina,,variacao_pct,,-,%,change_pct,,pct,spot,,,physical
2026-08-13,legumes,cebola-no-atacado,Cebola - Ceasas,Nacional (Caixa 4),,preco,4.09,"4,09",R$/Kg,price,BRL,kg,spot,,,physical
2026-08-13,legumes,cebola-no-atacado,Cebola - Ceasas,Nacional (Caixa 4),,variacao_pct,8.78,"+8,78",%,change_pct,,pct,spot,,,physical
2026-08-13,legumes,cebola-no-atacado,Cebola - Ceasas,Roxa (Caixa 4),,preco,5.02,"5,02",R$/Kg,price,BRL,kg,spot,,,physical
2026-08-13,legumes,cebola-no-atacado,Cebola - Ceasas,Roxa (Caixa 4),,variacao_pct,-2.33,"-2,33",%,change_pct,,pct,spot,,,physical
2026-08-13,legumes,cenoura-ceasas,Cenoura - Ceasas,Cenoura 2A,,preco,4.06,"4,06",R$/Kg,price,BRL,kg,spot,,,physical
2026-08-13,legumes,cenoura-ceasas,Cenoura - Ceasas,Cenoura 2A,,variacao_pct,-1.46,"-1,46",%,change_pct,,pct,spot,,,physical
2026-08-13,legumes,cenoura-ceasas,Cenoura - Ceasas,Cenoura G,,preco,3.56,"3,56",R$/Kg,price,BRL,kg,spot,,,physical
2026-08-13,legumes,cenoura-ceasas,Cenoura - Ceasas,Cenoura G,,variacao_pct,-2.2,"-2,20",%,change_pct,,pct,spot,,,physical
2026-08-13,legumes,cenoura-ceasas,Cenoura - Ceasas,Especial,,preco,3.0,"3,00",R$/Kg,price,BRL,kg,spot,,,physical
2026-08-13,legumes,cenoura-ceasas,Cenoura - Ceasas,Especial,,variacao_pct,0.0,"0,00",%,change_pct,,pct,spot,,,physical
2026-08-13,legumes,cenoura-ceasas,Cenoura - Ceasas,Extra,,preco,3.0,"3,00",R$/Kg,price,BRL,kg,spot,,,physical
2026-08-13,legumes,cenoura-ceasas,Cenoura - Ceasas,Extra,,variacao_pct,0.0,"0,00",%,change_pct,,pct,spot,,,physical
2026-08-13,legumes,cenoura-ceasas,Cenoura - Ceasas,Extra A,,preco,4.0,"4,00",R$/Kg,price,BRL,kg,spot,,,physical
2026-08-13,legumes,cenoura-ceasas,Cenoura - Ceasas,Extra A,,variacao_pct,0.0,"0,00",%,change_pct,,pct,spot,,,physical
2026-08-13,legumes,tomate-ceasas,Tomate - Ceasas,Carmem 3A,,preco,5.3,"5,30",R$/Kg,price,BRL,kg,spot,,,physical
2026-08-13,legumes,tomate-ceasas,Tomate - Ceasas,Carmem 3A,,variacao_pct,23.54,"+23,54",%,change_pct,,pct,spot,,,physical
2026-08-13,legumes,tomate-ceasas,Tomate - Ceasas,Débora 3A,,preco,5.28,"5,28",R$/Kg,price,BRL,kg,spot,,,physical
2026-08-13,legumes,tomate-ceasas,Tomate - Ceasas,Débora 3A,,variacao_pct,12.82,"+12,82",%,change_pct,,pct,spot,,,physical
2026-08-13,legumes,tomate-ceasas,Tomate - Ceasas,Longa Vida/Carmem Extra,,preco,4.25,"4,25",R$/Kg,price,BRL,kg,spot,,,physical
2026-08-13,legumes,tomate-ceasas,Tomate - Ceasas,Longa Vida/Carmem Extra,,variacao_pct,0.0,"0,00",%,change_pct,,pct,spot,,,physical
2026-08-13,legumes,tomate-ceasas,Tomate - Ceasas,Longa Vida/Débora Extra,,preco,4.5,"4,50",R$/Kg,price,BRL,kg,spot,,,physical
2026-08-13,legumes,tomate-ceasas,Tomate - Ceasas,Longa Vida/Débora Extra,,variacao_pct,0.0,"0,00",%,change_pct,,pct,spot,,,physical
2026-08-13,legumes,tomate-ceasas,Tomate - Ceasas,Longa Vida/Extra A,,preco,2.0,"2,00",R$/Kg,price,BRL,kg,spot,,,physical
2026-08-13,legumes,tomate-ceasas,Tomate - Ceasas,Longa Vida/Extra A,,variacao_pct,0.0,"0,00",%,change_pct,,pct,spot,,,physical
2026-08-13,legumes,tomate-ceasas,Tomate - Ceasas,Santa Cruz/Extra A,,preco,,s/ cotação,R$/Kg,price,BRL,kg,spot,,,physical
2026-08-13,legumes,tomate-ceasas,Tomate - Ceasas,Santa Cruz/Extra A,,variacao_pct,,-,%,change_pct,,pct,spot,,,physical
2026-08-14,legumes,batata-ceasas,Batata - Ceasas,Agatha Primeira,,preco,1.6,"1,60",R$/Kg,price,BRL,kg,spot,,,physical
2026-08-14,legumes,batata-ceasas,Batata - Ceasas,Agatha Primeira,,variacao_pct,0.0,"0,00",%,change_pct,,pct,spot,,,physical
2026-08-14,legumes,batata-ceasas,Batata - Ceasas,Aster Primeira,,preco,1.2,"1,20",R$/Kg,price,BRL,kg,spot,,,physical
2026-08-14,legumes,batata-ceasas,Batata - Ceasas,Aster Primeira,,variacao_pct,0.0,"0,00",%,change_pct,,pct,spot,,,physical
2026-08-14,legumes,batata-ceasas,Batata - Ceasas,Asterix,,preco,3.92,"3,92",R$/Kg,price,BRL,kg,spot,,,physical
2026-08-14,legumes,batata-ceasas,Batata - Ceasas,Asterix,,variacao_pct,0.0,"0,00",%,change_pct,,pct,spot,,,physical
2026-08-14,legumes,batata-ceasas,Batata - Ceasas,Escovada Especial,,preco,3.46,"3,46",R$/Kg,price,BRL,kg,spot,,,physical
2026-08-14,legumes,batata-ceasas,Batata - Ceasas,Escovada Especial,,variacao_pct,0.0,"0,00",%,change_pct,,pct,spot,,,physical
2026-08-14,legumes,batata-ceasas,Batata - Ceasas,Lavada Especial,,preco,2.91,"2,91",R$/Kg,price,BRL,kg,spot,,,physical
2026-08-14,legumes,batata-ceasas,Batata - Ceasas,Lavada Especial,,variacao_pct,0.0,"0,00",%,change_pct,,pct,spot,,,physical
2026-08-14,legumes,batata-ceasas,Batata - Ceasas,Yacon,,preco,5.5,"5,50",R$/Kg,price,BRL,kg,spot,,,physical
2026-08-14,legumes,batata-ceasas,Batata - Ceasas,Yacon,,variacao_pct,0.0,"0,00",%,change_pct,,pct,spot,,,physical
2026-08-14,legumes,cebola-no-atacado,Cebola - Ceasas,Amarela Mineira,,preco,3.5,"3,50",R$/Kg,price,BRL,kg,spot,,,physical
2026-08-14,legumes,cebola-no-atacado,Cebola - Ceasas,Amarela Mineira,,variacao_pct,0.0,"0,00",%,change_pct,,pct,spot,,,physical
2026-08-14,legumes,cebola-no-atacado,Cebola - Ceasas,Amarela Paulista,,preco,3.5,"3,50",R$/Kg,price,BRL,kg,spot,,,physical
2026-08-14,legumes,cebola-no-atacado,Cebola - Ceasas,Amarela Paulista,,variacao_pct,0.0,"0,00",%,change_pct,,pct,spot,,,physical
2026-08-14,legumes,cebola-no-atacado,Cebola - Ceasas,Amarela Pernambucana,,preco,,s/ cotação,R$/Kg,price,BRL,kg,spot,,,physical
2026-08-14,legumes,cebola-no-atacado,Cebola - Ceasas,Amarela Pernambucana,,variacao_pct,,-,%,change_pct,,pct,spot,,,physical
2026-08-14,legumes,cebola-no-atacado,Cebola - Ceasas,Amarela Santa Catarina,,preco,,s/ cotação,R$/Kg,price,BRL,kg,spot,,,physical
2026-08-14,legumes,cebola-no-atacado,Cebola - Ceasas,Amarela Santa Catarina,,variacao_pct,,-,%,change_pct,,pct,spot,,,physical
2026-08-14,legumes,cebola-no-atacado,Cebola - Ceasas,Importada Argentina,,preco,,s/ cotação,R$/Kg,price,BRL,kg,spot,,,physical
2026-08-14,legumes,cebola-no-atacado,Cebola - Ceasas,Importada Argentina,,variacao_pct,,-,%,change_pct,,pct,spot,,,physical
2026-08-14,legumes,cebola-no-atacado,Cebola - Ceasas,Nacional (Caixa 4),,preco,4.09,"4,09",R$/Kg,price,BRL,kg,spot,,,physical
2026-08-14,legumes,cebola-no-atacado,Cebola - Ceasas,Nacional (Caixa 4),,variacao_pct,0.0,"0,00",%,change_pct,,pct,spot,,,physical
2026-08-14,legumes,cebola-no-atacado,Cebola - Ceasas,Roxa (Caixa 4),,preco,5.02,"5,02",R$/Kg,price,BRL,kg,spot,,,physical
2026-08-14,legumes,cebola-no-atacado,Cebola - Ceasas,Roxa (Caixa 4),,variacao_pct,0.0,"0,00",%,change_pct,,pct,spot,,,physical
2026-08-14,legumes,cenoura-ceasas,Cenoura - Ceasas,Cenoura 2A,,preco,4.06,"4,06",R$/Kg,price,BRL,kg,spot,,,physical
2026-08-14,legumes,cenoura-ceasas,Cenoura - Ceasas,Cenoura 2A,,variacao_pct,0.0,"0,00",%,change_pct,,pct,spot,,,physical
2026-08-14,legumes,cenoura-ceasas,Cenoura - Ceasas,Cenoura G,,preco,3.56,"3,56",R$/Kg,price,BRL,kg,spot,,,physical
2026-08-14,legumes,cenoura-ceasas,Cenoura - Ceasas,Cenoura G,,variacao_pct,0.0,"0,00",%,change_pct,,pct,spot,,,physical
2026-08-14,legumes,cenoura-ceasas,Cenoura - Ceasas,Especial,,preco,3.0,"3,00",R$/Kg,price,BRL,kg,spot,,,physical
2026-08-14,legumes,cenoura-ceasas,Cenoura - Ceasas,Especial,,variacao_pct,0.0,"0,00",%,change_pct,,pct,spot,,,physical
2026-08-14,legumes,cenoura-ceasas,Cenoura - Ceasas,Extra,,preco,3.0,"3,00",R$/Kg,price,BRL,kg,spot,,,physical
2026-08-14,legumes,cenoura-ceasas,Cenoura - Ceasas,Extra,,variacao_pct,0.0,"0,00",%,change_pct,,pct,spot,,,physical
2026-08-14,legumes,cenoura-ceasas,Cenoura - Ceasas,Extra A,,preco,4.0,"4,00",R$/Kg,price,BRL,kg,spot,,,physical
2026-08-14,legumes,cenoura-ceasas,Cenoura - Ceasas,Extra A,,variacao_pct,0.0,"0,00",%,change_pct,,pct,spot,,,physical
2026-08-14,legumes,tomate-ceasas,Tomate - Ceasas,Carmem 3A,,preco,5.3,"5,30",R$/Kg,price,BRL,kg,spot,,,physical
2026-08-14,legumes,tomate-ceasas,Tomate - Ceasas,Carmem 3A,,variacao_pct,0.0,"0,00",%,change_pct,,pct,spot,,,physical
2026-08-14,legumes,tomate-ceasas,Tomate - Ceasas,Débora 3A,,preco,5.28,"5,28",R$/Kg,price,BRL,kg,spot,,,physical
2026-08-14,legumes,tomate-ceasas,Tomate - Ceasas,Débora 3A,,variacao_pct,0.0,"0,00",%,change_pct,,pct,spot,,,physical
2026-08-14,legumes,tomate-ceasas,Tomate - Ceasas,Longa Vida/Carmem Extra,,preco,4.25,"4,25",R$/Kg,price,BRL,kg,spot,,,physical
2026-08-14,legumes,tomate-ceasas,Tomate - Ceasas,Longa Vida/Carmem Extra,,variacao_pct,0.0,"0,00",%,change_pct,,pct,spot,,,physical
2026-08-14,legumes,tomate-ceasas,Tomate - Ceasas,Longa Vida/Débora Extra,,preco,4.5,"4,50",R$/Kg,price,BRL,kg,spot,,,physical
2026-08-14,legumes,tomate-ceasas,Tomate - Ceasas,Longa Vida/Débora Extra,,variacao_pct,0.0,"0,00",%,change_pct,,pct,spot,,,physical
2026-08-14,legumes,tomate-ceasas,Tomate - Ceasas,Longa Vida/Extra A,,preco,2.0,"2,00",R$/Kg,price,BRL,kg,spot,,,physical
2026-08-14,legumes,tomate-ceasas,Tomate - Ceasas,Longa Vida/Extra A,,variacao_pct,0.0,"0,00",%,change_pct,,pct,spot,,,physical
2026-08-14,legumes,tomate-ceasas,Tomate - Ceasas,Santa Cruz/Extra A,,preco,,s/ cotação,R$/Kg,price,BRL,kg,spot,,,physical
2026-08-14,legumes,tomate-ceasas,Tomate - Ceasas,Santa Cruz/Extra A,,variacao_pct,,-,%,change_pct,,pct,spot,,,physical
2026-08-17,legumes,batata-ceasas,Batata - Ceasas,Agatha Primeira,,preco,1.4,"1,40",R$/Kg,price,BRL,kg,spot,,,physical
2026-08-17,legumes,batata-ceasas,Batata - Ceasas,Agatha Primeira,,variacao_pct,-12.5,"-12,50",%,change_pct,,pct,spot,,,physical
2026-08-17,legumes,batata-ceasas,Batata - Ceasas,Aster Primeira,,preco,,s/ cotação,R$/Kg,price,BRL,kg,spot,,,physical
2026-08-17,legumes,batata-ceasas,Batata - Ceasas,Aster Primeira,,variacao_pct,,-,%,change_pct,,pct,spot,,,physical
2026-08-17,legumes,batata-ceasas,Batata - Ceasas,Asterix,,preco,3.45,"3,45",R$/Kg,price,BRL,kg,spot,,,physical
2026-08-17,legumes,batata-ceasas,Batata - Ceasas,Asterix,,variacao_pct,-11.99,"-11,99",%,change_pct,,pct,spot,,,physical
2026-08-17,legumes,batata-ceasas,Batata - Ceasas,Escovada Especial,,preco,3.24,"3,24",R$/Kg,price,BRL,kg,spot,,,physical
2026-08-17,legumes,batata-ceasas,Batata - Ceasas,Escovada Especial,,variacao_pct,-6.36,"-6,36",%,change_pct,,pct,spot,,,physical
2026-08-17,legumes,batata-ceasas,Batata - Ceasas,Lavada Especial,,preco,2.72,"2,72",R$/Kg,price,BRL,kg,spot,,,physical
2026-08-17,legumes,batata-ceasas,Batata - Ceasas,Lavada Especial,,variacao_pct,-6.53,"-6,53",%,change_pct,,pct,spot,,,physical
2026-08-17,legumes,batata-ceasas,Batata - Ceasas,Yacon,,preco,5.5,"5,50",R$/Kg,price,BRL,kg,spot,,,physical
2026-08-17,legumes,batata-ceasas,Batata - Ceasas,Yacon,,variacao_pct,0.0,"0,00",%,change_pct,,pct,spot,,,physical
2026-08-17,legumes,cebola-no-atacado,Cebola - Ceasas,Amarela Mineira,,preco,3.5,"3,50",R$/Kg,price,BRL,kg,spot,,,physical
2026-08-17,legumes,cebola-no-atacado,Cebola - Ceasas,Amarela Mineira,,variacao_pct,0.0,"0,00",%,change_pct,,pct,spot,,,physical
2026-08-17,legumes,cebola-no-atacado,Cebola - Ceasas,Amarela Paulista,,preco,3.5,"3,50",R$/Kg,price,BRL,kg,spot,,,physical
2026-08-17,legumes,cebola-no-atacado,Cebola - Ceasas,Amarela Paulista,,variacao_pct,0.0,"0,00",%,change_pct,,pct,spot,,,physical
2026-08-17,legumes,cebola-no-atacado,Cebola - Ceasas,Amarela Pernambucana,,preco,,s/ cotação,R$/Kg,price,BRL,kg,spot,,,physical
2026-08-17,legumes,cebola-no-atacado,Cebola - Ceasas,Amarela Pernambucana,,variacao_pct,,-,%,change_pct,,pct,spot,,,physical
2026-08-17,legumes,cebola-no-atacado,Cebola - Ceasas,Amarela Santa Catarina,,preco,,s/ cotação,R$/Kg,price,BRL,kg,spot,,,physical
2026-08-17,legumes,cebola-no-atacado,Cebola - Ceasas,Amarela Santa Catarina,,variacao_pct,,-,%,change_pct,,pct,spot,,,physical
2026-08-17,legumes,cebola-no-atacado,Cebola - Ceasas,Importada Argentina,,preco,,s/ cotação,R$/Kg,price,BRL,kg,spot,,,physical
2026-08-17,legumes,cebola-no-atacado,Cebola - Ceasas,Importada Argentina,,variacao_pct,,-,%,change_pct,,pct,spot,,,physical
2026-08-17,legumes,cebola-no-atacado,Cebola - Ceasas,Nacional (Caixa 4),,preco,3.61,"3,61",R$/Kg,price,BRL,kg,spot,,,physical
2026-08-17,legumes,cebola-no-atacado,Cebola - Ceasas,Nacional (Caixa 4),,variacao_pct,-11.74,"-11,74",%,change_pct,,pct,spot,,,physical
2026-08-17,legumes,cebola-no-atacado,Cebola - Ceasas,Roxa (Caixa 4),,preco,4.22,"4,22",R$/Kg,price,BRL,kg,spot,,,physical
2026-08-17,legumes,cebola-no-atacado,Cebola - Ceasas,Roxa (Caixa 4),,variacao_pct,-15.94,"-15,94",%,change_pct,,pct,spot,,,physical
2026-08-17,legumes,cenoura-ceasas,Cenoura - Ceasas,Cenoura 2A,,preco,4.17,"4,17",R$/Kg,price,BRL,kg,spot,,,physical
2026-08-17,legumes,cenoura-ceasas,Cenoura - Ceasas,Cenoura 2A,,variacao_pct,2.71,"+2,71",%,change_pct,,pct,spot,,,physical
2026-08-17,legumes,cenoura-ceasas,Cenoura - Ceasas,Cenoura G,,preco,3.69,"3,69",R$/Kg,price,BRL,kg,spot,,,physical
2026-08-17,legumes,cenoura-ceasas,Cenoura - Ceasas,Cenoura G,,variacao_pct,3.65,"+3,65",%,change_pct,,pct,spot,,,physical
2026-08-17,legumes,cenoura-ceasas,Cenoura - Ceasas,Especial,,preco,3.0,"3,00",R$/Kg,price,BRL,kg,spot,,,physical
2026-08-17,legumes,cenoura-ceasas,Cenoura - Ceasas,Especial,,variacao_pct,0.0,"0,00",%,change_pct,,pct,spot,,,physical
2026-08-17,legumes,cenoura-ceasas,Cenoura - Ceasas,Extra,,preco,2.5,"2,50",R$/Kg,price,BRL,kg,spot,,,physical
2026-08-17,legumes,cenoura-ceasas,Cenoura - Ceasas,Extra,,variacao_pct,-16.67,"-16,67",%,change_pct,,pct,spot,,,physical
2026-08-17,legumes,cenoura-ceasas,Cenoura - Ceasas,Extra A,,preco,4.0,"4,00",R$/Kg,price,BRL,kg,spot,,,physical
2026-08-17,legumes,cenoura-ceasas,Cenoura - Ceasas,Extra A,,variacao_pct,0.0,"0,00",%,change_pct,,pct,spot,,,physical
2026-08-17,legumes,tomate-ceasas,Tomate - Ceasas,Carmem 3A,,preco,4.73,"4,73",R$/Kg,price,BRL,kg,spot,,,physical
2026-08-17,legumes,tomate-ceasas,Tomate - Ceasas,Carmem 3A,,variacao_pct,-10.75,"-10,75",%,change_pct,,pct,spot,,,physical
2026-08-17,legumes,tomate-ceasas,Tomate - Ceasas,Débora 3A,,preco,5.28,"5,28",R$/Kg,price,BRL,kg,spot,,,physical
2026-08-17,legumes,tomate-ceasas,Tomate - Ceasas,Débora 3A,,variacao_pct,0.0,"0,00",%,change_pct,,pct,spot,,,physical
2026-08-17,legumes,tomate-ceasas,Tomate - Ceasas,Longa Vida/Carmem Extra,,preco,5.0,"5,00",R$/Kg,price,BRL,kg,spot,,,physical
2026-08-17,legumes,tomate-ceasas,Tomate - Ceasas,Longa Vida/Carmem Extra,,variacao_pct,17.65,"+17,65",%,change_pct,,pct,spot,,,physical
2026-08-17,legumes,tomate-ceasas,Tomate - Ceasas,Longa Vida/Débora Extra,,preco,5.0,"5,00",R$/Kg,price,BRL,kg,spot,,,physical
2026-08-17,legumes,tomate-ceasas,Tomate - Ceasas,Longa Vida/Débora Extra,,variacao_pct,11.11,"+11,11",%,change_pct,,pct,spot,,,physical
2026-08-17,legumes,tomate-ceasas,Tomate - Ceasas,Longa Vida/Extra A,,preco,1.5,"1,50",R$/Kg,price,BRL,kg,spot,,,physical
2026-08-17,legumes,tomate-ceasas,Tomate - Ceasas,Longa Vida/Extra A,,variacao_pct,-25.0,"-25,00",%,change_pct,,pct,spot,,,physical
2026-08-17,legumes,tomate-ceasas,Tomate - Ceasas,Santa Cruz/Extra A,,preco,,s/ cotação,R$/Kg,price,BRL,kg,spot,,,physical
2026-08-17,legumes,tomate-ceasas,Tomate - Ceasas,Santa Cruz/Extra A,,variacao_pct,,-,%,change_pct,,pct,spot,,,physical
2026-08-18,legumes,batata-ceasas,Batata - Ceasas,Agatha Primeira,,preco,1.4,"1,40",R$/Kg,price,BRL,kg,spot,,,physical
2026-08-18,legumes,batata-ceasas,Batata - Ceasas,Agatha Primeira,,variacao_pct,0.0,"0,00",%,change_pct,,pct,spot,,,physical
2026-08-18,legumes,batata-ceasas,Batata - Ceasas,Aster Primeira,,preco,,s/ cotação,R$/Kg,price,BRL,kg,spot,,,physical
2026-08-18,legumes,batata-ceasas,Batata - Ceasas,Aster Primeira,,variacao_pct,,-,%,change_pct,,pct,spot,,,physical
2026-08-18,legumes,batata-ceasas,Batata - Ceasas,Asterix,,preco,3.03,"3,03",R$/Kg,price,BRL,kg,spot,,,physical
2026-08-18,legumes,batata-ceasas,Batata - Ceasas,Asterix,,variacao_pct,-12.17,"-12,17",%,change_pct,,pct,spot,,,physical
2026-08-18,legumes,batata-ceasas,Batata - Ceasas,Escovada Especial,,preco,3.06,"3,06",R$/Kg,price,BRL,kg,spot,,,physical
2026-08-18,legumes,batata-ceasas,Batata - Ceasas,Escovada Especial,,variacao_pct,-5.56,"-5,56",%,change_pct,,pct,spot,,,physical
2026-08-18,legumes,batata-ceasas,Batata - Ceasas,Lavada Especial,,preco,2.8,"2,80",R$/Kg,price,BRL,kg,spot,,,physical
2026-08-18,legumes,batata-ceasas,Batata - Ceasas,Lavada Especial,,variacao_pct,2.94,"+2,94",%,change_pct,,pct,spot,,,physical
2026-08-18,legumes,batata-ceasas,Batata - Ceasas,Yacon,,preco,5.5,"5,50",R$/Kg,price,BRL,kg,spot,,,physical
2026-08-18,legumes,batata-ceasas,Batata - Ceasas,Yacon,,variacao_pct,0.0,"0,00",%,change_pct,,pct,spot,,,physical
2026-08-18,legumes,cebola-no-atacado,Cebola - Ceasas,Amarela Mineira,,preco,3.5,"3,50",R$/Kg,price,BRL,kg,spot,,,physical
2026-08-18,legumes,cebola-no-atacado,Cebola - Ceasas,Amarela Mineira,,variacao_pct,0.0,"0,00",%,change_pct,,pct,spot,,,physical
2026-08-18,legumes,cebola-no-atacado,Cebola - Ceasas,Amarela Paulista,,preco,3.5,"3,50",R$/Kg,price,BRL,kg,spot,,,physical
2026-08-18,legumes,cebola-no-atacado,Cebola - Ceasas,Amarela Paulista,,variacao_pct,0.0,"0,00",%,change_pct,,pct,spot,,,physical
2026-08-18,legumes,cebola-no-atacado,Cebola - Ceasas,Amarela Pernambucana,,preco,,s/ cotação,R$/Kg,price,BRL,kg,spot,,,physical
2026-08-18,legumes,cebola-no-atacado,Cebola - Ceasas,Amarela Pernambucana,,variacao_pct,,-,%,change_pct,,pct,spot,,,physical
2026-08-18,legumes,cebola-no-atacado,Cebola - Ceasas,Amarela Santa Catarina,,preco,,s/ cotação,R$/Kg,price,BRL,kg,spot,,,physical
2026-08-18,legumes,cebola-no-atacado,Cebola - Ceasas,Amarela Santa Catarina,,variacao_pct,,-,%,change_pct,,pct,spot,,,physical
2026-08-18,legumes,cebola-no-atacado,Cebola - Ceasas,Importada Argentina,,preco,,s/ cotação,R$/Kg,price,BRL,kg,spot,,,physical
2026-08-18,legumes,cebola-no-atacado,Cebola - Ceasas,Importada Argentina,,variacao_pct,,-,%,change_pct,,pct,spot,,,physical
2026-08-18,legumes,cebola-no-atacado,Cebola - Ceasas,Nacional (Caixa 4),,preco,3.47,"3,47",R$/Kg,price,BRL,kg,spot,,,physical
2026-08-18,legumes,cebola-no-atacado,Cebola - Ceasas,Nacional (Caixa 4),,variacao_pct,-3.88,"-3,88",%,change_pct,,pct,spot,,,physical
2026-08-18,legumes,cebola-no-atacado,Cebola - Ceasas,Roxa (Caixa 4),,preco,4.63,"4,63",R$/Kg,price,BRL,kg,spot,,,physical
2026-08-18,legumes,cebola-no-atacado,Cebola - Ceasas,Roxa (Caixa 4),,variacao_pct,9.72,"+9,72",%,change_pct,,pct,spot,,,physical
2026-08-18,legumes,cenoura-ceasas,Cenoura - Ceasas,Cenoura 2A,,preco,4.11,"4,11",R$/Kg,price,BRL,kg,spot,,,physical
2026-08-18,legumes,cenoura-ceasas,Cenoura - Ceasas,Cenoura 2A,,variacao_pct,-1.44,"-1,44",%,change_pct,,pct,spot,,,physical
2026-08-18,legumes,cenoura-ceasas,Cenoura - Ceasas,Cenoura G,,preco,3.67,"3,67",R$/Kg,price,BRL,kg,spot,,,physical
2026-08-18,legumes,cenoura-ceasas,Cenoura - Ceasas,Cenoura G,,variacao_pct,-0.54,"-0,54",%,change_pct,,pct,spot,,,physical
2026-08-18,legumes,cenoura-ceasas,Cenoura - Ceasas,Especial,,preco,3.0,"3,00",R$/Kg,price,BRL,kg,spot,,,physical
2026-08-18,legumes,cenoura-ceasas,Cenoura - Ceasas,Especial,,variacao_pct,0.0,"0,00",%,change_pct,,pct,spot,,,physical
2026-08-18,legumes,cenoura-ceasas,Cenoura - Ceasas,Extra,,preco,2.5,"2,50",R$/Kg,price,BRL,kg,spot,,,physical
2026-08-18,legumes,cenoura-ceasas,Cenoura - Ceasas,Extra,,variacao_pct,0.0,"0,00",%,change_pct,,pct,spot,,,physical
2026-08-18,legumes,cenoura-ceasas,Cenoura - Ceasas,Extra A,,preco,4.0,"4,00",R$/Kg,price,BRL,kg,spot,,,physical
2026-08-18,legumes,cenoura-ceasas,Cenoura - Ceasas,Extra A,,variacao_pct,0.0,"0,00",%,change_pct,,pct,spot,,,physical
2026-08-18,legumes,tomate-ceasas,Tomate - Ceasas,Carmem 3A,,preco,4.38,"4,38",R$/Kg,price,BRL,kg,spot,,,physical
2026-08-18,legumes,tomate-ceasas,Tomate - Ceasas,Carmem 3A,,variacao_pct,-7.4,"-7,40",%,change_pct,,pct,spot,,,physical
2026-08-18,legumes,tomate-ceasas,Tomate - Ceasas,Débora 3A,,preco,4.75,"4,75",R$/Kg,price,BRL,kg,spot,,,physical
2026-08-18,legumes,tomate-ceasas,Tomate - Ceasas,Débora 3A,,variacao_pct,-10.04,"-10,04",%,change_pct,,pct,spot,,,physical
2026-08-18,legumes,tomate-ceasas,Tomate - Ceasas,Longa Vida/Carmem Extra,,preco,5.0,"5,00",R$/Kg,price,BRL,kg,spot,,,physical
2026-08-18,legumes,tomate-ceasas,Tomate - Ceasas,Longa Vida/Carmem Extra,,variacao_pct,0.0,"0,00",%,change_pct,,pct,spot,,,physical
2026-08-18,legumes,tomate-ceasas,Tomate - Ceasas,Longa Vida/Débora Extra,,preco,5.0,"5,00",R$/Kg,price,BRL,kg,spot,,,physical
2026-08-18,legumes,tomate-ceasas,Tomate - Ceasas,Longa Vida/Débora Extra,,variacao_pct,0.0,"0,00",%,change_pct,,pct,spot,,,physical
2026-08-18,legumes,tomate-ceasas,Tomate - Ceasas,Longa Vida/Extra A,,preco,1.5,"1,50",R$/Kg,price,BRL,kg,spot,,,physical
2026-08-18,legumes,tomate-ceasas,Tomate - Ceasas,Longa Vida/Extra A,,variacao_pct,0.0,"0,00",%,change_pct,,pct,spot,,,physical
2026-08-18,legumes,tomate-ceasas,Tomate - Ceasas,Santa Cruz/Extra A,,preco,,s/ cotação,R$/Kg,price,BRL,kg,spot,,,physical
2026-08-18,legumes,tomate-ceasas,Tomate - Ceasas,Santa Cruz/Extra A,,variacao_pct,,-,%,change_pct,,pct,spot,,,physical
2026-08-19,legumes,batata-ceasas,Batata - Ceasas,Agatha Primeira,,preco,1.4,"1,40",R$/Kg,price,BRL,kg,spot,,,physical
2026-08-19,legumes,batata-ceasas,Batata - Ceasas,Agatha Primeira,,variacao_pct,0.0,"0,00",%,change_pct,,pct,spot,,,physical
2026-08-19,legumes,batata-ceasas,Batata - Ceasas,Aster Primeira,,preco,,s/ cotação,R$/Kg,price,BRL,kg,spot,,,physical
2026-08-19,legumes,batata-ceasas,Batata - Ceasas,Aster Primeira,,variacao_pct,,-,%,change_pct,,pct,spot,,,physical
2026-08-19,legumes,batata-ceasas,Batata - Ceasas,Asterix,,preco,3.03,"3,03",R$/Kg,price,BRL,kg,spot,,,physical
2026-08-19,legumes,batata-ceasas,Batata - Ceasas,Asterix,,variacao_pct,0.0,"0,00",%,change_pct,,pct,spot,,,physical
2026-08-19,legumes,batata-ceasas,Batata - Ceasas,Escovada Especial,,preco,3.06,"3,06",R$/Kg,price,BRL,kg,spot,,,physical
2026-08-19,legumes,batata-ceasas,Batata - Ceasas,Escovada Especial,,variacao_pct,0.0,"0,00",%,change_pct,,pct,spot,,,physical
2026-08-19,legumes,batata-ceasas,Batata - Ceasas,Lavada Especial,,preco,2.8,"2,80",R$/Kg,price,BRL,kg,spot,,,physical
2026-08-19,legumes,batata-ceasas,Batata - Ceasas,Lavada Especial,,variacao_pct,0.0,"0,00",%,change_pct,,pct,spot,,,physical
2026-08-19,legumes,batata-ceasas,Batata - Ceasas,Yacon,,preco,5.5,"5,50",R$/Kg,price,BRL,kg,spot,,,physical
2026-08-19,legumes,batata-ceasas,Batata - Ceasas,Yacon,,variacao_pct,0.0,"0,00",%,change_pct,,pct,spot,,,physical
2026-08-19,legumes,cebola-no-atacado,Cebola - Ceasas,Amarela Mineira,,preco,3.5,"3,50",R$/Kg,price,BRL,kg,spot,,,physical
2026-08-19,legumes,cebola-no-atacado,Cebola - Ceasas,Amarela Mineira,,variacao_pct,0.0,"0,00",%,change_pct,,pct,spot,,,physical
2026-08-19,legumes,cebola-no-atacado,Cebola - Ceasas,Amarela Paulista,,preco,3.5,"3,50",R$/Kg,price,BRL,kg,spot,,,physical
2026-08-19,legumes,cebola-no-atacado,Cebola - Ceasas,Amarela Paulista,,variacao_pct,0.0,"0,00",%,change_pct,,pct,spot,,,physical
2026-08-19,legumes,cebola-no-atacado,Cebola - Ceasas,Amarela Pernambucana,,preco,,s/ cotação,R$/Kg,price,BRL,kg,spot,,,physical
2026-08-19,legumes,cebola-no-atacado,Cebola - Ceasas,Amarela Pernambucana,,variacao_pct,,-,%,change_pct,,pct,spot,,,physical
2026-08-19,legumes,cebola-no-atacado,Cebola - Ceasas,Amarela Santa Catarina,,preco,,s/ cotação,R$/Kg,price,BRL,kg,spot,,,physical
2026-08-19,legumes,cebola-no-atacado,Cebola - Ceasas,Amarela Santa Catarina,,variacao_pct,,-,%,change_pct,,pct,spot,,,physical
2026-08-19,legumes,cebola-no-atacado,Cebola - Ceasas,Importada Argentina,,preco,,s/ cotação,R$/Kg,price,BRL,kg,spot,,,physical
2026-08-19,legumes,cebola-no-atacado,Cebola - Ceasas,Importada Argentina,,variacao_pct,,-,%,change_pct,,pct,spot,,,physical
2026-08-19,legumes,cebola-no-atacado,Cebola - Ceasas,Nacional (Caixa 4),,preco,3.47,"3,47",R$/Kg,price,BRL,kg,spot,,,physical
2026-08-19,legumes,cebola-no-atacado,Cebola - Ceasas,Nacional (Caixa 4),,variacao_pct,0.0,"0,00",%,change_pct,,pct,spot,,,physical
2026-08-19,legumes,cebola-no-atacado,Cebola - Ceasas,Roxa (Caixa 4),,preco,4.63,"4,63",R$/Kg,price,BRL,kg,spot,,,physical
2026-08-19,legumes,cebola-no-atacado,Cebola - Ceasas,Roxa (Caixa 4),,variacao_pct,0.0,"0,00",%,change_pct,,pct,spot,,,physical
2026-08-19,legumes,cenoura-ceasas,Cenoura - Ceasas,Cenoura 2A,,preco,4.11,"4,11",R$/Kg,price,BRL,kg,spot,,,physical
2026-08-19,legumes,cenoura-ceasas,Cenoura - Ceasas,Cenoura 2A,,variacao_pct,0.0,"0,00",%,change_pct,,pct,spot,,,physical
2026-08-19,legumes,cenoura-ceasas,Cenoura - Ceasas,Cenoura G,,preco,3.67,"3,67",R$/Kg,price,BRL,kg,spot,,,physical
2026-08-19,legumes,cenoura-ceasas,Cenoura - Ceasas,Cenoura G,,variacao_pct,0.0,"0,00",%,change_pct,,pct,spot,,,physical
2026-08-19,legumes,cenoura-ceasas,Cenoura - Ceasas,Especial,,preco,3.0,"3,00",R$/Kg,price,BRL,kg,spot,,,physical
2026-08-19,legumes,cenoura-ceasas,Cenoura - Ceasas,Especial,,variacao_pct,0.0,"0,00",%,change_pct,,pct,spot,,,physical
2026-08-19,legumes,cenoura-ceasas,Cenoura - Ceasas,Extra,,preco,2.5,"2,50",R$/Kg,price,BRL,kg,spot,,,physical
2026-08-19,legumes,cenoura-ceasas,Cenoura - Ceasas,Extra,,variacao_pct,0.0,"0,00",%,change_pct,,pct,spot,,,physical
2026-08-19,legumes,cenoura-ceasas,Cenoura - Ceasas,Extra A,,preco,4.0,"4,00",R$/Kg,price,BRL,kg,spot,,,physical
2026-08-19,legumes,cenoura-ceasas,Cenoura - Ceasas,Extra A,,variacao_pct,0.0,"0,00",%,change_pct,,pct,spot,,,physical
2026-08-19,legumes,tomate-ceasas,Tomate - Ceasas,Carmem 3A,,preco,4.38,"4,38",R$/Kg,price,BRL,kg,spot,,,physical
2026-08-19,legumes,tomate-ceasas,Tomate - Ceasas,Carmem 3A,,variacao_pct,0.0,"0,00",%,change_pct,,pct,spot,,,physical
2026-08-19,legumes,tomate-ceasas,Tomate - Ceasas,Débora 3A,,preco,4.75,"4,75",R$/Kg,price,BRL,kg,spot,,,physical
2026-08-19,legumes,tomate-ceasas,Tomate - Ceasas,Débora 3A,,variacao_pct,0.0,"0,00",%,change_pct,,pct,spot,,,physical
2026-08-19,legumes,tomate-ceasas,Tomate - Ceasas,Longa Vida/Carmem Extra,,preco,5.0,"5,00",R$/Kg,price,BRL,kg,spot,,,physical
2026-08-19,legumes,tomate-ceasas,Tomate - Ceasas,Longa Vida/Carmem Extra,,variacao_pct,0.0,"0,00",%,change_pct,,pct,spot,,,physical
2026-08-19,legumes,tomate-ceasas,Tomate - Ceasas,Longa Vida/Débora Extra,,preco,5.0,"5,00",R$/Kg,price,BRL,kg,spot,,,physical
2026-08-19,legumes,tomate-ceasas,Tomate - Ceasas,Longa Vida/Débora Extra,,variacao_pct,0.0,"0,00",%,change_pct,,pct,spot,,,physical
2026-08-19,legumes,tomate-ceasas,Tomate - Ceasas,Longa Vida/Extra A,,preco,1.5,"1,50",R$/Kg,price,BRL,kg,spot,,,physical
2026-08-19,legumes,tomate-ceasas,Tomate - Ceasas,Longa Vida/Extra A,,variacao_pct,0.0,"0,00",%,change_pct,,pct,spot,,,physical
2026-08-19,legumes,tomate-ceasas,Tomate - Ceasas,Santa Cruz/Extra A,,preco,,s/ cotação,R$/Kg,price,BRL,kg,spot,,,physical
2026-08-19,legumes,tomate-ceasas,Tomate - Ceasas,Santa Cruz/Extra A,,variacao_pct,,-,%,change_pct,,pct,spot,,,physical
2026-08-20,legumes,batata-ceasas,Batata - Ceasas,Agatha Primeira,,preco,1.4,"1,40",R$/Kg,price,BRL,kg,spot,,,physical
2026-08-20,legumes,batata-ceasas,Batata - Ceasas,Agatha Primeira,,variacao_pct,0.0,"0,00",%,change_pct,,pct,spot,,,physical
2026-08-20,legumes,batata-ceasas,Batata - Ceasas,Aster Primeira,,preco,1.0,"1,00",R$/Kg,price,BRL,kg,spot,,,physical
2026-08-20,legumes,batata-ceasas,Batata - Ceasas,Aster Primeira,,variacao_pct,,-,%,change_pct,,pct,spot,,,physical
2026-08-20,legumes,batata-ceasas,Batata - Ceasas,Asterix,,preco,3.47,"3,47",R$/Kg,price,BRL,kg,spot,,,physical
2026-08-20,legumes,batata-ceasas,Batata - Ceasas,Asterix,,variacao_pct,14.52,"+14,52",%,change_pct,,pct,spot,,,physical
2026-08-20,legumes,batata-ceasas,Batata - Ceasas,Escovada Especial,,preco,2.4,"2,40",R$/Kg,price,BRL,kg,spot,,,physical
2026-08-20,legumes,batata-ceasas,Batata - Ceasas,Escovada Especial,,variacao_pct,-21.57,"-21,57",%,change_pct,,pct,spot,,,physical
2026-08-20,legumes,batata-ceasas,Batata - Ceasas,Lavada Especial,,preco,2.55,"2,55",R$/Kg,price,BRL,kg,spot,,,physical
2026-08-20,legumes,batata-ceasas,Batata - Ceasas,Lavada Especial,,variacao_pct,-8.93,"-8,93",%,change_pct,,pct,spot,,,physical
2026-08-20,legumes,batata-ceasas,Batata - Ceasas,Yacon,,preco,5.5,"5,50",R$/Kg,price,BRL,kg,spot,,,physical
2026-08-20,legumes,batata-ceasas,Batata - Ceasas,Yacon,,variacao_pct,0.0,"0,00",%,change_pct,,pct,spot,,,physical
2026-08-20,legumes,cebola-no-atacado,Cebola - Ceasas,Amarela Mineira,,preco,3.5,"3,50",R$/Kg,price,BRL,kg,spot,,,physical
2026-08-20,legumes,cebola-no-atacado,Cebola - Ceasas,Amarela Mineira,,variacao_pct,0.0,"0,00",%,change_pct,,pct,spot,,,physical
2026-08-20,legumes,cebola-no-atacado,Cebola - Ceasas,Amarela Paulista,,preco,3.5,"3,50",R$/Kg,price,BRL,kg,spot,,,physical
2026-08-20,legumes,cebola-no-atacado,Cebola - Ceasas,Amarela Paulista,,variacao_pct,0.0,"0,00",%,change_pct,,pct,spot,,,physical
2026-08-20,legumes,cebola-no-atacado,Cebola - Ceasas,Amarela Pernambucana,,preco,,s/ cotação,R$/Kg,price,BRL,kg,spot,,,physical
2026-08-20,legumes,cebola-no-atacado,Cebola - Ceasas,Amarela Pernambucana,,variacao_pct,,-,%,change_pct,,pct,spot,,,physical
2026-08-20,legumes,cebola-no-atacado,Cebola - Ceasas,Amarela Santa Catarina,,preco,,s/ cotação,R$/Kg,price,BRL,kg,spot,,,physical
2026-08-20,legumes,cebola-no-atacado,Cebola - Ceasas,Amarela Santa Catarina,,variacao_pct,,-,%,change_pct,,pct,spot,,,physical
2026-08-20,legumes,cebola-no-atacado,Cebola - Ceasas,Importada Argentina,,preco,,s/ cotação,R$/Kg,price,BRL,kg,spot,,,physical
2026-08-20,legumes,cebola-no-atacado,Cebola - Ceasas,Importada Argentina,,variacao_pct,,-,%,change_pct,,pct,spot,,,physical
2026-08-20,legumes,cebola-no-atacado,Cebola - Ceasas,Nacional (Caixa 4),,preco,3.42,"3,42",R$/Kg,price,BRL,kg,spot,,,physical
2026-08-20,legumes,cebola-no-atacado,Cebola - Ceasas,Nacional (Caixa 4),,variacao_pct,-1.44,"-1,44",%,change_pct,,pct,spot,,,physical
2026-08-20,legumes,cebola-no-atacado,Cebola - Ceasas,Roxa (Caixa 4),,preco,5.06,"5,06",R$/Kg,price,BRL,kg,spot,,,physical
2026-08-20,legumes,cebola-no-atacado,Cebola - Ceasas,Roxa (Caixa 4),,variacao_pct,9.29,"+9,29",%,change_pct,,pct,spot,,,physical
2026-08-20,legumes,cenoura-ceasas,Cenoura - Ceasas,Cenoura 2A,,preco,3.98,"3,98",R$/Kg,price,BRL,kg,spot,,,physical
2026-08-20,legumes,cenoura-ceasas,Cenoura - Ceasas,Cenoura 2A,,variacao_pct,-3.16,"-3,16",%,change_pct,,pct,spot,,,physical
2026-08-20,legumes,cenoura-ceasas,Cenoura - Ceasas,Cenoura G,,preco,3.55,"3,55",R$/Kg,price,BRL,kg,spot,,,physical
2026-08-20,legumes,cenoura-ceasas,Cenoura - Ceasas,Cenoura G,,variacao_pct,-3.27,"-3,27",%,change_pct,,pct,spot,,,physical
2026-08-20,legumes,cenoura-ceasas,Cenoura - Ceasas,Especial,,preco,3.0,"3,00",R$/Kg,price,BRL,kg,spot,,,physical
2026-08-20,legumes,cenoura-ceasas,Cenoura - Ceasas,Especial,,variacao_pct,0.0,"0,00",%,change_pct,,pct,spot,,,physical
2026-08-20,legumes,cenoura-ceasas,Cenoura - Ceasas,Extra,,preco,2.5,"2,50",R$/Kg,price,BRL,kg,spot,,,physical
2026-08-20,legumes,cenoura-ceasas,Cenoura - Ceasas,Extra,,variacao_pct,0.0,"0,00",%,change_pct,,pct,spot,,,physical
2026-08-20,legumes,cenoura-ceasas,Cenoura - Ceasas,Extra A,,preco,4.0,"4,00",R$/Kg,price,BRL,kg,spot,,,physical
2026-08-20,legumes,cenoura-ceasas,Cenoura - Ceasas,Extra A,,variacao_pct,0.0,"0,00",%,change_pct,,pct,spot,,,physical
2026-08-20,legumes,tomate-ceasas,Tomate - Ceasas,Carmem 3A,,preco,3.31,"3,31",R$/Kg,price,BRL,kg,spot,,,physical
2026-08-20,legumes,tomate-ceasas,Tomate - Ceasas,Carmem 3A,,variacao_pct,-24.43,"-24,43",%,change_pct,,pct,spot,,,physical
2026-08-20,legumes,tomate-ceasas,Tomate - Ceasas,Débora 3A,,preco,5.3,"5,30",R$/Kg,price,BRL,kg,spot,,,physical
2026-08-20,legumes,tomate-ceasas,Tomate - Ceasas,Débora 3A,,variacao_pct,11.58,"+11,58",%,change_pct,,pct,spot,,,physical
2026-08-20,legumes,tomate-ceasas,Tomate - Ceasas,Longa Vida/Carmem Extra,,preco,4.75,"4,75",R$/Kg,price,BRL,kg,spot,,,physical
2026-08-20,legumes,tomate-ceasas,Tomate - Ceasas,Longa Vida/Carmem Extra,,variacao_pct,-5.0,"-5,00",%,change_pct,,pct,spot,,,physical
2026-08-20,legumes,tomate-ceasas,Tomate - Ceasas,Longa Vida/Débora Extra,,preco,4.75,"4,75",R$/Kg,price,BRL,kg,spot,,,physical
2026-08-20,legumes,tomate-ceasas,Tomate - Ceasas,Longa Vida/Débora Extra,,variacao_pct,-5.0,"-5,00",%,change_pct,,pct,spot,,,physical
2026-08-20,legumes,tomate-ceasas,Tomate - Ceasas,Longa Vida/Extra A,,preco,1.5,"1,50",R$/Kg,price,BRL,kg,spot,,,physical
2026-08-20,legumes,tomate-ceasas,Tomate - Ceasas,Longa Vida/Extra A,,variacao_pct,0.0,"0,00",%,change_pct,,pct,spot,,,physical
2026-08-20,legumes,tomate-ceasas,Tomate - Ceasas,Santa Cruz/Extra A,,preco,,s/ cotação,R$/Kg,price,BRL,kg,spot,,,physical
2026-08-20,legumes,tomate-ceasas,Tomate - Ceasas,Santa Cruz/Extra A,,variacao_pct,,-,%,change_pct,,pct,spot,,,physical
2026-08-21,legumes,batata-ceasas,Batata - Ceasas,Agatha Primeira,,preco,1.4,"1,40",R$/Kg,price,BRL,kg,spot,,,physical
2026-08-21,legumes,batata-ceasas,Batata - Ceasas,Agatha Primeira,,variacao_pct,0.0,"0,00",%,change_pct,,pct,spot,,,physical
2026-08-21,legumes,batata-ceasas,Batata - Ceasas,Aster Primeira,,preco,1.0,"1,00",R$/Kg,price,BRL,kg,spot,,,physical
2026-08-21,legumes,batata-ceasas,Batata - Ceasas,Aster Primeira,,variacao_pct,,-,%,change_pct,,pct,spot,,,physical
2026-08-21,legumes,batata-ceasas,Batata - Ceasas,Asterix,,preco,3.47,"3,47",R$/Kg,price,BRL,kg,spot,,,physical
2026-08-21,legumes,batata-ceasas,Batata - Ceasas,Asterix,,variacao_pct,0.0,"0,00",%,change_pct,,pct,spot,,,physical
2026-08-21,legumes,batata-ceasas,Batata - Ceasas,Escovada Especial,,preco,2.4,"2,40",R$/Kg,price,BRL,kg,spot,,,physical
2026-08-21,legumes,batata-ceasas,Batata - Ceasas,Escovada Especial,,variacao_pct,0.0,"0,00",%,change_pct,,pct,spot,,,physical
2026-08-21,legumes,batata-ceasas,Batata - Ceasas,Lavada Especial,,preco,2.55,"2,55",R$/Kg,price,BRL,kg,spot,,,physical
2026-08-21,legumes,batata-ceasas,Batata - Ceasas,Lavada Especial,,variacao_pct,0.0,"0,00",%,change_pct,,pct,spot,,,physical
2026-08-21,legumes,batata-ceasas,Batata - Ceasas,Yacon,,preco,5.5,"5,50",R$/Kg,price,BRL,kg,spot,,,physical
2026-08-21,legumes,batata-ceasas,Batata - Ceasas,Yacon,,variacao_pct,0.0,"0,00",%,change_pct,,pct,spot,,,physical
2026-08-21,legumes,cebola-no-atacado,Cebola - Ceasas,Amarela Mineira,,preco,3.5,"3,50",R$/Kg,price,BRL,kg,spot,,,physical
2026-08-21,legumes,cebola-no-atacado,Cebola - Ceasas,Amarela Mineira,,variacao_pct,0.0,"0,00",%,change_pct,,pct,spot,,,physical
2026-08-21,legumes,cebola-no-atacado,Cebola - Ceasas,Amarela Paulista,,preco,3.5,"3,50",R$/Kg,price,BRL,kg,spot,,,physical
2026-08-21,legumes,cebola-no-atacado,Cebola - Ceasas,Amarela Paulista,,variacao_pct,0.0,"0,00",%,change_pct,,pct,spot,,,physical
2026-08-21,legumes,cebola-no-atacado,Cebola - Ceasas,Amarela Pernambucana,,preco,,s/ cotação,R$/Kg,price,BRL,kg,spot,,,physical
2026-08-21,legumes,cebola-no-atacado,Cebola - Ceasas,Amarela Pernambucana,,variacao_pct,,-,%,change_pct,,pct,spot,,,physical
2026-08-21,legumes,cebola-no-atacado,Cebola - Ceasas,Amarela Santa Catarina,,preco,,s/ cotação,R$/Kg,price,BRL,kg,spot,,,physical
2026-08-21,legumes,cebola-no-atacado,Cebola - Ceasas,Amarela Santa Catarina,,variacao_pct,,-,%,change_pct,,pct,spot,,,physical
2026-08-21,legumes,cebola-no-atacado,Cebola - Ceasas,Importada Argentina,,preco,,s/ cotação,R$/Kg,price,BRL,kg,spot,,,physical
2026-08-21,legumes,cebola-no-atacado,Cebola - Ceasas,Importada Argentina,,variacao_pct,,-,%,change_pct,,pct,spot,,,physical
2026-08-21,legumes,cebola-no-atacado,Cebola - Ceasas,Nacional (Caixa 4),,preco,3.42,"3,42",R$/Kg,price,BRL,kg,spot,,,physical
2026-08-21,legumes,cebola-no-atacado,Cebola - Ceasas,Nacional (Caixa 4),,variacao_pct,0.0,"0,00",%,change_pct,,pct,spot,,,physical
2026-08-21,legumes,cebola-no-atacado,Cebola - Ceasas,Roxa (Caixa 4),,preco,5.06,"5,06",R$/Kg,price,BRL,kg,spot,,,physical
2026-08-21,legumes,cebola-no-atacado,Cebola - Ceasas,Roxa (Caixa 4),,variacao_pct,0.0,"0,00",%,change_pct,,pct,spot,,,physical
2026-08-21,legumes,cenoura-ceasas,Cenoura - Ceasas,Cenoura 2A,,preco,3.98,"3,98",R$/Kg,price,BRL,kg,spot,,,physical
2026-08-21,legumes,cenoura-ceasas,Cenoura - Ceasas,Cenoura 2A,,variacao_pct,0.0,"0,00",%,change_pct,,pct,spot,,,physical
2026-08-21,legumes,cenoura-ceasas,Cenoura - Ceasas,Cenoura G,,preco,3.55,"3,55",R$/Kg,price,BRL,kg,spot,,,physical
2026-08-21,legumes,cenoura-ceasas,Cenoura - Ceasas,Cenoura G,,variacao_pct,0.0,"0,00",%,change_pct,,pct,spot,,,physical
2026-08-21,legumes,cenoura-ceasas,Cenoura - Ceasas,Especial,,preco,3.0,"3,00",R$/Kg,price,BRL,kg,spot,,,physical
2026-08-21,legumes,cenoura-ceasas,Cenoura - Ceasas,Especial,,variacao_pct,0.0,"0,00",%,change_pct,,pct,spot,,,physical
2026-08-21,legumes,cenoura-ceasas,Cenoura - Ceasas,Extra,,preco,2.5,"2,50",R$/Kg,price,BRL,kg,spot,,,physical
2026-08-21,legumes,cenoura-ceasas,Cenoura - Ceasas,Extra,,variacao_pct,0.0,"0,00",%,change_pct,,pct,spot,,,physical
2026-08-21,legumes,cenoura-ceasas,Cenoura - Ceasas,Extra A,,preco,4.0,"4,00",R$/Kg,price,BRL,kg,spot,,,physical
2026-08-21,legumes,cenoura-ceasas,Cenoura - Ceasas,Extra A,,variacao_pct,0.0,"0,00",%,change_pct,,pct,spot,,,physical
2026-08-21,legumes,tomate-ceasas,Tomate - Ceasas,Carmem 3A,,preco,3.31,"3,31",R$/Kg,price,BRL,kg,spot,,,physical
2026-08-21,legumes,tomate-ceasas,Tomate - Ceasas,Carmem 3A,,variacao_pct,0.0,"0,00",%,change_pct,,pct,spot,,,physical
2026-08-21,legumes,tomate-ceasas,Tomate - Ceasas,Débora 3A,,preco,5.3,"5,30",R$/Kg,price,BRL,kg,spot,,,physical
2026-08-21,legumes,tomate-ceasas,Tomate - Ceasas,Débora 3A,,variacao_pct,0.0,"0,00",%,change_pct,,pct,spot,,,physical
2026-08-21,legumes,tomate-ceasas,Tomate - Ceasas,Longa Vida/Carmem Extra,,preco,4.75,"4,75",R$/Kg,price,BRL,kg,spot,,,physical
2026-08-21,legumes,tomate-ceasas,Tomate - Ceasas,Longa Vida/Carmem Extra,,variacao_pct,0.0,"0,00",%,change_pct,,pct,spot,,,physical
2026-08-21,legumes,tomate-ceasas,Tomate - Ceasas,Longa Vida/Débora Extra,,preco,4.75,"4,75",R$/Kg,price,BRL,kg,spot,,,physical
2026-08-21,legumes,tomate-ceasas,Tomate - Ceasas,Longa Vida/Débora Extra,,variacao_pct,0.0,"0,00",%,change_pct,,pct,spot,,,physical
2026-08-21,legumes,tomate-ceasas,Tomate - Ceasas,Longa Vida/Extra A,,preco,1.5,"1,50",R$/Kg,price,BRL,kg,spot,,,physical
2026-08-21,legumes,tomate-ceasas,Tomate - Ceasas,Longa Vida/Extra A,,variacao_pct,0.0,"0,00",%,change_pct,,pct,spot,,,physical
2026-08-21,legumes,tomate-ceasas,Tomate - Ceasas,Santa Cruz/Extra A,,preco,,s/ cotação,R$/Kg,price,BRL,kg,spot,,,physical
2026-08-21,legumes,tomate-ceasas,Tomate - Ceasas,Santa Cruz/Extra A,,variacao_pct,,-,%,change_pct,,pct,spot,,,physical
2026-08-24,legumes,batata-ceasas,Batata - Ceasas,Agatha Primeira,,preco,1.6,"1,60",R$/Kg,price,BRL,kg,spot,,,physical
2026-08-24,legumes,batata-ceasas,Batata - Ceasas,Agatha Primeira,,variacao_pct,14.29,"+14,29",%,change_pct,,pct,spot,,,physical
2026-08-24,legumes,batata-ceasas,Batata - Ceasas,Aster Primeira,,preco,1.2,"1,20",R$/Kg,price,BRL,kg,spot,,,physical
2026-08-24,legumes,batata-ceasas,Batata - Ceasas,Aster Primeira,,variacao_pct,20.0,"+20,00",%,change_pct,,pct,spot,,,physical
2026-08-24,legumes,batata-ceasas,Batata - Ceasas,Asterix,,preco,3.47,"3,47",R$/Kg,price,BRL,kg,spot,,,physical
2026-08-24,legumes,batata-ceasas,Batata - Ceasas,Asterix,,variacao_pct,0.0,"0,00",%,change_pct,,pct,spot,,,physical
2026-08-24,legumes,batata-ceasas,Batata - Ceasas,Escovada Especial,,preco,2.4,"2,40",R$/Kg,price,BRL,kg,spot,,,physical
2026-08-24,legumes,batata-ceasas,Batata - Ceasas,Escovada Especial,,variacao_pct,0.0,"0,00",%,change_pct,,pct,spot,,,physical
2026-08-24,legumes,batata-ceasas,Batata - Ceasas,Lavada Especial,,preco,2.55,"2,55",R$/Kg,price,BRL,kg,spot,,,physical
2026-08-24,legumes,batata-ceasas,Batata - Ceasas,Lavada Especial,,variacao_pct,0.0,"0,00",%,change_pct,,pct,spot,,,physical
2026-08-24,legumes,batata-ceasas,Batata - Ceasas,Yacon,,preco,5.5,"5,50",R$/Kg,price,BRL,kg,spot,,,physical
2026-08-24,legumes,batata-ceasas,Batata - Ceasas,Yacon,,variacao_pct,0.0,"0,00",%,change_pct,,pct,spot,,,physical
2026-08-24,legumes,cebola-no-atacado,Cebola - Ceasas,Amarela Mineira,,preco,3.0,"3,00",R$/Kg,price,BRL,kg,spot,,,physical
2026-08-24,legumes,cebola-no-atacado,Cebola - Ceasas,Amarela Mineira,,variacao_pct,-14.29,"-14,29",%,change_pct,,pct,spot,,,physical
2026-08-24,legumes,cebola-no-atacado,Cebola - Ceasas,Amarela Paulista,,preco,3.5,"3,50",R$/Kg,price,BRL,kg,spot,,,physical
2026-08-24,legumes,cebola-no-atacado,Cebola - Ceasas,Amarela Paulista,,variacao_pct,0.0,"0,00",%,change_pct,,pct,spot,,,physical
2026-08-24,legumes,cebola-no-atacado,Cebola - Ceasas,Amarela Pernambucana,,preco,,s/ cotação,R$/Kg,price,BRL,kg,spot,,,physical
2026-08-24,legumes,cebola-no-atacado,Cebola - Ceasas,Amarela Pernambucana,,variacao_pct,,-,%,change_pct,,pct,spot,,,physical
2026-08-24,legumes,cebola-no-atacado,Cebola - Ceasas,Amarela Santa Catarina,,preco,,s/ cotação,R$/Kg,price,BRL,kg,spot,,,physical
2026-08-24,legumes,cebola-no-atacado,Cebola - Ceasas,Amarela Santa Catarina,,variacao_pct,,-,%,change_pct,,pct,spot,,,physical
2026-08-24,legumes,cebola-no-atacado,Cebola - Ceasas,Importada Argentina,,preco,,s/ cotação,R$/Kg,price,BRL,kg,spot,,,physical
2026-08-24,legumes,cebola-no-atacado,Cebola - Ceasas,Importada Argentina,,variacao_pct,,-,%,change_pct,,pct,spot,,,physical
2026-08-24,legumes,cebola-no-atacado,Cebola - Ceasas,Nacional (Caixa 4),,preco,3.42,"3,42",R$/Kg,price,BRL,kg,spot,,,physical
2026-08-24,legumes,cebola-no-atacado,Cebola - Ceasas,Nacional (Caixa 4),,variacao_pct,0.0,"0,00",%,change_pct,,pct,spot,,,physical
2026-08-24,legumes,cebola-no-atacado,Cebola - Ceasas,Roxa (Caixa 4),,preco,5.06,"5,06",R$/Kg,price,BRL,kg,spot,,,physical
2026-08-24,legumes,cebola-no-atacado,Cebola - Ceasas,Roxa (Caixa 4),,variacao_pct,0.0,"0,00",%,change_pct,,pct,spot,,,physical
2026-08-24,legumes,cenoura-ceasas,Cenoura - Ceasas,Cenoura 2A,,preco,3.98,"3,98",R$/Kg,price,BRL,kg,spot,,,physical
2026-08-24,legumes,cenoura-ceasas,Cenoura - Ceasas,Cenoura 2A,,variacao_pct,0.0,"0,00",%,change_pct,,pct,spot,,,physical
2026-08-24,legumes,cenoura-ceasas,Cenoura - Ceasas,Cenoura G,,preco,3.55,"3,55",R$/Kg,price,BRL,kg,spot,,,physical
2026-08-24,legumes,cenoura-ceasas,Cenoura - Ceasas,Cenoura G,,variacao_pct,0.0,"0,00",%,change_pct,,pct,spot,,,physical
2026-08-24,legumes,cenoura-ceasas,Cenoura - Ceasas,Especial,,preco,3.0,"3,00",R$/Kg,price,BRL,kg,spot,,,physical
2026-08-24,legumes,cenoura-ceasas,Cenoura - Ceasas,Especial,,variacao_pct,0.0,"0,00",%,change_pct,,pct,spot,,,physical
2026-08-24,legumes,cenoura-ceasas,Cenoura - Ceasas,Extra,,preco,2.5,"2,50",R$/Kg,price,BRL,kg,spot,,,physical
2026-08-24,legumes,cenoura-ceasas,Cenoura - Ceasas,Extra,,variacao_pct,0.0,"0,00",%,change_pct,,pct,spot,,,physical
2026-08-24,legumes,cenoura-ceasas,Cenoura - Ceasas,Extra A,,preco,4.0,"4,00",R$/Kg,price,BRL,kg,spot,,,physical
2026-08-24,legumes,cenoura-ceasas,Cenoura - Ceasas,Extra A,,variacao_pct,0.0,"0,00",%,change_pct,,pct,spot,,,physical
2026-08-24,legumes,tomate-ceasas,Tomate - Ceasas,Carmem 3A,,preco,3.31,"3,31",R$/Kg,price,BRL,kg,spot,,,physical
2026-08-24,legumes,tomate-ceasas,Tomate - Ceasas,Carmem 3A,,variacao_pct,0.0,"0,00",%,change_pct,,pct,spot,,,physical
2026-08-24,legumes,tomate-ceasas,Tomate - Ceasas,Débora 3A,,preco,5.3,"5,30",R$/Kg,price,BRL,kg,spot,,,physical
2026-08-24,legumes,tomate-ceasas,Tomate - Ceasas,Débora 3A,,variacao_pct,0.0,"0,00",%,change_pct,,pct,spot,,,physical
2026-08-24,legumes,tomate-ceasas,Tomate - Ceasas,Longa Vida/Carmem Extra,,preco,4.5,"4,50",R$/Kg,price,BRL,kg,spot,,,physical
2026-08-24,legumes,tomate-ceasas,Tomate - Ceasas,Longa Vida/Carmem Extra,,variacao_pct,-5.26,"-5,26",%,change_pct,,pct,spot,,,physical
2026-08-24,legumes,tomate-ceasas,Tomate - Ceasas,Longa Vida/Débora Extra,,preco,5.5,"5,50",R$/Kg,price,BRL,kg,spot,,,physical
2026-08-24,legumes,tomate-ceasas,Tomate - Ceasas,Longa Vida/Débora Extra,,variacao_pct,15.79,"+15,79",%,change_pct,,pct,spot,,,physical
2026-08-24,legumes,tomate-ceasas,Tomate - Ceasas,Longa Vida/Extra A,,preco,2.5,"2,50",R$/Kg,price,BRL,kg,spot,,,physical
2026-08-24,legumes,tomate-ceasas,Tomate - Ceasas,Longa Vida/Extra A,,variacao_pct,66.67,"+66,67",%,change_pct,,pct,spot,,,physical
2026-08-24,legumes,tomate-ceasas,Tomate - Ceasas,Santa Cruz/Extra A,,preco,,s/ cotação,R$/Kg,price,BRL,kg,spot,,,physical
2026-08-24,legumes,tomate-ceasas,Tomate - Ceasas,Santa Cruz/Extra A,,variacao_pct,,-,%,change_pct,,pct,spot,,,physical
2026-08-25,legumes,batata-ceasas,Batata - Ceasas,Agatha Primeira,,preco,1.6,"1,60",R$/Kg,price,BRL,kg,spot,,,physical
2026-08-25,legumes,batata-ceasas,Batata - Ceasas,Agatha Primeira,,variacao_pct,0.0,"0,00",%,change_pct,,pct,spot,,,physical
2026-08-25,legumes,batata-ceasas,Batata - Ceasas,Aster Primeira,,preco,1.2,"1,20",R$/Kg,price,BRL,kg,spot,,,physical
2026-08-25,legumes,batata-ceasas,Batata - Ceasas,Aster Primeira,,variacao_pct,0.0,"0,00",%,change_pct,,pct,spot,,,physical
2026-08-25,legumes,batata-ceasas,Batata - Ceasas,Asterix,,preco,3.42,"3,42",R$/Kg,price,BRL,kg,spot,,,physical
2026-08-25,legumes,batata-ceasas,Batata - Ceasas,Asterix,,variacao_pct,-1.44,"-1,44",%,change_pct,,pct,spot,,,physical
2026-08-25,legumes,batata-ceasas,Batata - Ceasas,Escovada Especial,,preco,3.6,"3,60",R$/Kg,price,BRL,kg,spot,,,physical
2026-08-25,legumes,batata-ceasas,Batata - Ceasas,Escovada Especial,,variacao_pct,,-,%,change_pct,,pct,spot,,,physical
2026-08-25,legumes,batata-ceasas,Batata - Ceasas,Lavada Especial,,preco,2.62,"2,62",R$/Kg,price,BRL,kg,spot,,,physical
2026-08-25,legumes,batata-ceasas,Batata - Ceasas,Lavada Especial,,variacao_pct,2.75,"+2,75",%,change_pct,,pct,spot,,,physical
2026-08-25,legumes,batata-ceasas,Batata - Ceasas,Yacon,,preco,5.5,"5,50",R$/Kg,price,BRL,kg,spot,,,physical
2026-08-25,legumes,batata-ceasas,Batata - Ceasas,Yacon,,variacao_pct,0.0,"0,00",%,change_pct,,pct,spot,,,physical
2026-08-25,legumes,cebola-no-atacado,Cebola - Ceasas,Amarela Mineira,,preco,3.0,"3,00",R$/Kg,price,BRL,kg,spot,,,physical
2026-08-25,legumes,cebola-no-atacado,Cebola - Ceasas,Amarela Mineira,,variacao_pct,0.0,"0,00",%,change_pct,,pct,spot,,,physical
2026-08-25,legumes,cebola-no-atacado,Cebola - Ceasas,Amarela Paulista,,preco,3.5,"3,50",R$/Kg,price,BRL,kg,spot,,,physical
2026-08-25,legumes,cebola-no-atacado,Cebola - Ceasas,Amarela Paulista,,variacao_pct,0.0,"0,00",%,change_pct,,pct,spot,,,physical
2026-08-25,legumes,cebola-no-atacado,Cebola - Ceasas,Amarela Pernambucana,,preco,,s/ cotação,R$/Kg,price,BRL,kg,spot,,,physical
2026-08-25,legumes,cebola-no-atacado,Cebola - Ceasas,Amarela Pernambucana,,variacao_pct,,-,%,change_pct,,pct,spot,,,physical
2026-08-25,legumes,cebola-no-atacado,Cebola - Ceasas,Amarela Santa Catarina,,preco,,s/ cotação,R$/Kg,price,BRL,kg,spot,,,physical
2026-08-25,legumes,cebola-no-atacado,Cebola - Ceasas,Amarela Santa Catarina,,variacao_pct,,-,%,change_pct,,pct,spot,,,physical
2026-08-25,legumes,cebola-no-atacado,Cebola - Ceasas,Importada Argentina,,preco,,s/ cotação,R$/Kg,price,BRL,kg,spot,,,physical
2026-08-25,legumes,cebola-no-atacado,Cebola - Ceasas,Importada Argentina,,variacao_pct,,-,%,change_pct,,pct,spot,,,physical
2026-08-25,legumes,cebola-no-atacado,Cebola - Ceasas,Nacional (Caixa 4),,preco,3.67,"3,67",R$/Kg,price,BRL,kg,spot,,,physical
2026-08-25,legumes,cebola-no-atacado,Cebola - Ceasas,Nacional (Caixa 4),,variacao_pct,7.31,"+7,31",%,change_pct,,pct,spot,,,physical
2026-08-25,legumes,cebola-no-atacado,Cebola - Ceasas,Roxa (Caixa 4),,preco,4.76,"4,76",R$/Kg,price,BRL,kg,spot,,,physical
2026-08-25,legumes,cebola-no-atacado,Cebola - Ceasas,Roxa (Caixa 4),,variacao_pct,-5.93,"-5,93",%,change_pct,,pct,spot,,,physical
2026-08-25,legumes,cenoura-ceasas,Cenoura - Ceasas,Cenoura 2A,,preco,3.87,"3,87",R$/Kg,price,BRL,kg,spot,,,physical
2026-08-25,legumes,cenoura-ceasas,Cenoura - Ceasas,Cenoura 2A,,variacao_pct,-2.76,"-2,76",%,change_pct,,pct,spot,,,physical
2026-08-25,legumes,cenoura-ceasas,Cenoura - Ceasas,Cenoura G,,preco,3.52,"3,52",R$/Kg,price,BRL,kg,spot,,,physical
2026-08-25,legumes,cenoura-ceasas,Cenoura - Ceasas,Cenoura G,,variacao_pct,-0.85,"-0,85",%,change_pct,,pct,spot,,,physical
2026-08-25,legumes,cenoura-ceasas,Cenoura - Ceasas,Especial,,preco,3.0,"3,00",R$/Kg,price,BRL,kg,spot,,,physical
2026-08-25,legumes,cenoura-ceasas,Cenoura - Ceasas,Especial,,variacao_pct,0.0,"0,00",%,change_pct,,pct,spot,,,physical
2026-08-25,legumes,cenoura-ceasas,Cenoura - Ceasas,Extra,,preco,2.5,"2,50",R$/Kg,price,BRL,kg,spot,,,physical
2026-08-25,legumes,cenoura-ceasas,Cenoura - Ceasas,Extra,,variacao_pct,0.0,"0,00",%,change_pct,,pct,spot,,,physical
2026-08-25,legumes,cenoura-ceasas,Cenoura - Ceasas,Extra A,,preco,4.0,"4,00",R$/Kg,price,BRL,kg,spot,,,physical
2026-08-25,legumes,cenoura-ceasas,Cenoura - Ceasas,Extra A,,variacao_pct,0.0,"0,00",%,change_pct,,pct,spot,,,physical
2026-08-25,legumes,tomate-ceasas,Tomate - Ceasas,Carmem 3A,,preco,5.55,"5,55",R$/Kg,price,BRL,kg,spot,,,physical
2026-08-25,legumes,tomate-ceasas,Tomate - Ceasas,Carmem 3A,,variacao_pct,,-,%,change_pct,,pct,spot,,,physical
2026-08-25,legumes,tomate-ceasas,Tomate - Ceasas,Débora 3A,,preco,6.69,"6,69",R$/Kg,price,BRL,kg,spot,,,physical
2026-08-25,legumes,tomate-ceasas,Tomate - Ceasas,Débora 3A,,variacao_pct,26.23,"+26,23",%,change_pct,,pct,spot,,,physical
2026-08-25,legumes,tomate-ceasas,Tomate - Ceasas,Longa Vida/Carmem Extra,,preco,4.5,"4,50",R$/Kg,price,BRL,kg,spot,,,physical
2026-08-25,legumes,tomate-ceasas,Tomate - Ceasas,Longa Vida/Carmem Extra,,variacao_pct,0.0,"0,00",%,change_pct,,pct,spot,,,physical
2026-08-25,legumes,tomate-ceasas,Tomate - Ceasas,Longa Vida/Débora Extra,,preco,5.5,"5,50",R$/Kg,price,BRL,kg,spot,,,physical
2026-08-25,legumes,tomate-ceasas,Tomate - Ceasas,Longa Vida/Débora Extra,,variacao_pct,0.0,"0,00",%,change_pct,,pct,spot,,,physical
2026-08-25,legumes,tomate-ceasas,Tomate - Ceasas,Longa Vida/Extra A,,preco,2.5,"2,50",R$/Kg,price,BRL,kg,spot,,,physical
2026-08-25,legumes,tomate-ceasas,Tomate - Ceasas,Longa Vida/Extra A,,variacao_pct,0.0,"0,00",%,change_pct,,pct,spot,,,physical
2026-08-25,legumes,tomate-ceasas,Tomate - Ceasas,Santa Cruz/Extra A,,preco,,s/ cotação,R$/Kg,price,BRL,kg,spot,,,physical
2026-08-25,legumes,tomate-ceasas,Tomate - Ceasas,Santa Cruz/Extra A,,variacao_pct,,-,%,change_pct,,pct,spot,,,physical
2026-08-26,legumes,batata-ceasas,Batata - Ceasas,Agatha Primeira,,preco,1.6,"1,60",R$/Kg,price,BRL,kg,spot,,,physical
2026-08-26,legumes,batata-ceasas,Batata - Ceasas,Agatha Primeira,,variacao_pct,0.0,"0,00",%,change_pct,,pct,spot,,,physical
2026-08-26,legumes,batata-ceasas,Batata - Ceasas,Aster Primeira,,preco,1.2,"1,20",R$/Kg,price,BRL,kg,spot,,,physical
2026-08-26,legumes,batata-ceasas,Batata - Ceasas,Aster Primeira,,variacao_pct,0.0,"0,00",%,change_pct,,pct,spot,,,physical
2026-08-26,legumes,batata-ceasas,Batata - Ceasas,Asterix,,preco,3.42,"3,42",R$/Kg,price,BRL,kg,spot,,,physical
2026-08-26,legumes,batata-ceasas,Batata - Ceasas,Asterix,,variacao_pct,0.0,"0,00",%,change_pct,,pct,spot,,,physical
2026-08-26,legumes,batata-ceasas,Batata - Ceasas,Escovada Especial,,preco,3.6,"3,60",R$/Kg,price,BRL,kg,spot,,,physical
2026-08-26,legumes,batata-ceasas,Batata - Ceasas,Escovada Especial,,variacao_pct,,-,%,change_pct,,pct,spot,,,physical
2026-08-26,legumes,batata-ceasas,Batata - Ceasas,Lavada Especial,,preco,2.62,"2,62",R$/Kg,price,BRL,kg,spot,,,physical
2026-08-26,legumes,batata-ceasas,Batata - Ceasas,Lavada Especial,,variacao_pct,0.0,"0,00",%,change_pct,,pct,spot,,,physical
2026-08-26,legumes,batata-ceasas,Batata - Ceasas,Yacon,,preco,5.5,"5,50",R$/Kg,price,BRL,kg,spot,,,physical
2026-08-26,legumes,batata-ceasas,Batata - Ceasas,Yacon,,variacao_pct,0.0,"0,00",%,change_pct,,pct,spot,,,physical
2026-08-26,legumes,cebola-no-atacado,Cebola - Ceasas,Amarela Mineira,,preco,3.0,"3,00",R$/Kg,price,BRL,kg,spot,,,physical
2026-08-26,legumes,cebola-no-atacado,Cebola - Ceasas,Amarela Mineira,,variacao_pct,0.0,"0,00",%,change_pct,,pct,spot,,,physical
2026-08-26,legumes,cebola-no-atacado,Cebola - Ceasas,Amarela Paulista,,preco,4.0,"4,00",R$/Kg,price,BRL,kg,spot,,,physical
2026-08-26,legumes,cebola-no-atacado,Cebola - Ceasas,Amarela Paulista,,variacao_pct,14.29,"+14,29",%,change_pct,,pct,spot,,,physical
2026-08-26,legumes,cebola-no-atacado,Cebola - Ceasas,Amarela Pernambucana,,preco,,s/ cotação,R$/Kg,price,BRL,kg,spot,,,physical
2026-08-26,legumes,cebola-no-atacado,Cebola - Ceasas,Amarela Pernambucana,,variacao_pct,,-,%,change_pct,,pct,spot,,,physical
2026-08-26,legumes,cebola-no-atacado,Cebola - Ceasas,Amarela Santa Catarina,,preco,,s/ cotação,R$/Kg,price,BRL,kg,spot,,,physical
2026-08-26,legumes,cebola-no-atacado,Cebola - Ceasas,Amarela Santa Catarina,,variacao_pct,,-,%,change_pct,,pct,spot,,,physical
2026-08-26,legumes,cebola-no-atacado,Cebola - Ceasas,Importada Argentina,,preco,,s/ cotação,R$/Kg,price,BRL,kg,spot,,,physical
2026-08-26,legumes,cebola-no-atacado,Cebola - Ceasas,Importada Argentina,,variacao_pct,,-,%,change_pct,,pct,spot,,,physical
2026-08-26,legumes,cebola-no-atacado,Cebola - Ceasas,Nacional (Caixa 4),,preco,3.67,"3,67",R$/Kg,price,BRL,kg,spot,,,physical
2026-08-26,legumes,cebola-no-atacado,Cebola - Ceasas,Nacional (Caixa 4),,variacao_pct,0.0,"0,00",%,change_pct,,pct,spot,,,physical
2026-08-26,legumes,cebola-no-atacado,Cebola - Ceasas,Roxa (Caixa 4),,preco,4.76,"4,76",R$/Kg,price,BRL,kg,spot,,,physical
2026-08-26,legumes,cebola-no-atacado,Cebola - Ceasas,Roxa (Caixa 4),,variacao_pct,0.0,"0,00",%,change_pct,,pct,spot,,,physical
2026-08-26,legumes,cenoura-ceasas,Cenoura - Ceasas,Cenoura 2A,,preco,3.87,"3,87",R$/Kg,price,BRL,kg,spot,,,physical
2026-08-26,legumes,cenoura-ceasas,Cenoura - Ceasas,Cenoura 2A,,variacao_pct,0.0,"0,00",%,change_pct,,pct,spot,,,physical
2026-08-26,legumes,cenoura-ceasas,Cenoura - Ceasas,Cenoura G,,preco,3.52,"3,52",R$/Kg,price,BRL,kg,spot,,,physical
2026-08-26,legumes,cenoura-ceasas,Cenoura - Ceasas,Cenoura G,,variacao_pct,0.0,"0,00",%,change_pct,,pct,spot,,,physical
2026-08-26,legumes,cenoura-ceasas,Cenoura - Ceasas,Especial,,preco,3.0,"3,00",R$/Kg,price,BRL,kg,spot,,,physical
2026-08-26,legumes,cenoura-ceasas,Cenoura - Ceasas,Especial,,variacao_pct,0.0,"0,00",%,change_pct,,pct,spot,,,physical
2026-08-26,legumes,cenoura-ceasas,Cenoura - Ceasas,Extra,,preco,2.5,"2,50",R$/Kg,price,BRL,kg,spot,,,physical
2026-08-26,legumes,cenoura-ceasas,Cenoura - Ceasas,Extra,,variacao_pct,0.0,"0,00",%,change_pct,,pct,spot,,,physical
2026-08-26,legumes,cenoura-ceasas,Cenoura - Ceasas,Extra A,,preco,4.0,"4,00",R$/Kg,price,BRL,kg,spot,,,physical
2026-08-26,legumes,cenoura-ceasas,Cenoura - Ceasas,Extra A,,variacao_pct,0.0,"0,00",%,change_pct,,pct,spot,,,physical
2026-08-26,legumes,tomate-ceasas,Tomate - Ceasas,Carmem 3A,,preco,5.55,"5,55",R$/Kg,price,BRL,kg,spot,,,physical
2026-08-26,legumes,tomate-ceasas,Tomate - Ceasas,Carmem 3A,,variacao_pct,0.0,"0,00",%,change_pct,,pct,spot,,,physical
2026-08-26,legumes,tomate-ceasas,Tomate - Ceasas,Débora 3A,,preco,6.69,"6,69",R$/Kg,price,BRL,kg,spot,,,physical
2026-08-26,legumes,tomate-ceasas,Tomate - Ceasas,Débora 3A,,variacao_pct,0.0,"0,00",%,change_pct,,pct,spot,,,physical
2026-08-26,legumes,tomate-ceasas,Tomate - Ceasas,Longa Vida/Carmem Extra,,preco,5.75,"5,75",R$/Kg,price,BRL,kg,spot,,,physical
2026-08-26,legumes,tomate-ceasas,Tomate - Ceasas,Longa Vida/Carmem Extra,,variacao_pct,27.78,"+27,78",%,change_pct,,pct,spot,,,physical
2026-08-26,legumes,tomate-ceasas,Tomate - Ceasas,Longa Vida/Débora Extra,,preco,8.0,"8,00",R$/Kg,price,BRL,kg,spot,,,physical
2026-08-26,legumes,tomate-ceasas,Tomate - Ceasas,Longa Vida/Débora Extra,,variacao_pct,45.45,"+45,45",%,change_pct,,pct,spot,,,physical
2026-08-26,legumes,tomate-ceasas,Tomate - Ceasas,Longa Vida/Extra A,,preco,2.5,"2,50",R$/Kg,price,BRL,kg,spot,,,physical
2026-08-26,legumes,tomate-ceasas,Tomate - Ceasas,Longa Vida/Extra A,,variacao_pct,0.0,"0,00",%,change_pct,,pct,spot,,,physical
2026-08-26,legumes,tomate-ceasas,Tomate - Ceasas,Santa Cruz/Extra A,,preco,,s/ cotação,R$/Kg,price,BRL,kg,spot,,,physical
2026-08-26,legumes,tomate-ceasas,Tomate - Ceasas,Santa Cruz/Extra A,,variacao_pct,,-,%,change_pct,,pct,spot,,,physical
2026-08-27,legumes,batata-ceasas,Batata - Ceasas,Agatha Primeira,,preco,1.6,"1,60",R$/Kg,price,BRL,kg,spot,,,physical
2026-08-27,legumes,batata-ceasas,Batata - Ceasas,Agatha Primeira,,variacao_pct,0.0,"0,00",%,change_pct,,pct,spot,,,physical
2026-08-27,legumes,batata-ceasas,Batata - Ceasas,Aster Primeira,,preco,1.2,"1,20",R$/Kg,price,BRL,kg,spot,,,physical
2026-08-27,legumes,batata-ceasas,Batata - Ceasas,Aster Primeira,,variacao_pct,0.0,"0,00",%,change_pct,,pct,spot,,,physical
2026-08-27,legumes,batata-ceasas,Batata - Ceasas,Asterix,,preco,3.75,"3,75",R$/Kg,price,BRL,kg,spot,,,physical
2026-08-27,legumes,batata-ceasas,Batata - Ceasas,Asterix,,variacao_pct,9.65,"+9,65",%,change_pct,,pct,spot,,,physical
2026-08-27,legumes,batata-ceasas,Batata - Ceasas,Escovada Especial,,preco,3.0,"3,00",R$/Kg,price,BRL,kg,spot,,,physical
2026-08-27,legumes,batata-ceasas,Batata - Ceasas,Escovada Especial,,variacao_pct,-16.67,"-16,67",%,change_pct,,pct,spot,,,physical
2026-08-27,legumes,batata-ceasas,Batata - Ceasas,Lavada Especial,,preco,2.82,"2,82",R$/Kg,price,BRL,kg,spot,,,physical
2026-08-27,legumes,batata-ceasas,Batata - Ceasas,Lavada Especial,,variacao_pct,7.63,"+7,63",%,change_pct,,pct,spot,,,physical
2026-08-27,legumes,batata-ceasas,Batata - Ceasas,Yacon,,preco,5.5,"5,50",R$/Kg,price,BRL,kg,spot,,,physical
2026-08-27,legumes,batata-ceasas,Batata - Ceasas,Yacon,,variacao_pct,0.0,"0,00",%,change_pct,,pct,spot,,,physical
2026-08-27,legumes,cebola-no-atacado,Cebola - Ceasas,Amarela Mineira,,preco,3.0,"3,00",R$/Kg,price,BRL,kg,spot,,,physical
2026-08-27,legumes,cebola-no-atacado,Cebola - Ceasas,Amarela Mineira,,variacao_pct,0.0,"0,00",%,change_pct,,pct,spot,,,physical
2026-08-27,legumes,cebola-no-atacado,Cebola - Ceasas,Amarela Paulista,,preco,4.0,"4,00",R$/Kg,price,BRL,kg,spot,,,physical
2026-08-27,legumes,cebola-no-atacado,Cebola - Ceasas,Amarela Paulista,,variacao_pct,0.0,"0,00",%,change_pct,,pct,spot,,,physical
2026-08-27,legumes,cebola-no-atacado,Cebola - Ceasas,Amarela Pernambucana,,preco,,s/ cotação,R$/Kg,price,BRL,kg,spot,,,physical
2026-08-27,legumes,cebola-no-atacado,Cebola - Ceasas,Amarela Pernambucana,,variacao_pct,,-,%,change_pct,,pct,spot,,,physical
2026-08-27,legumes,cebola-no-atacado,Cebola - Ceasas,Amarela Santa Catarina,,preco,,s/ cotação,R$/Kg,price,BRL,kg,spot,,,physical
2026-08-27,legumes,cebola-no-atacado,Cebola - Ceasas,Amarela Santa Catarina,,variacao_pct,,-,%,change_pct,,pct,spot,,,physical
2026-08-27,legumes,cebola-no-atacado,Cebola - Ceasas,Importada Argentina,,preco,,s/ cotação,R$/Kg,price,BRL,kg,spot,,,physical
2026-08-27,legumes,cebola-no-atacado,Cebola - Ceasas,Importada Argentina,,variacao_pct,,-,%,change_pct,,pct,spot,,,physical
2026-08-27,legumes,cebola-no-atacado,Cebola - Ceasas,Nacional (Caixa 4),,preco,3.97,"3,97",R$/Kg,price,BRL,kg,spot,,,physical
2026-08-27,legumes,cebola-no-atacado,Cebola - Ceasas,Nacional (Caixa 4),,variacao_pct,8.17,"+8,17",%,change_pct,,pct,spot,,,physical
2026-08-27,legumes,cebola-no-atacado,Cebola - Ceasas,Roxa (Caixa 4),,preco,4.8,"4,80",R$/Kg,price,BRL,kg,spot,,,physical
2026-08-27,legumes,cebola-no-atacado,Cebola - Ceasas,Roxa (Caixa 4),,variacao_pct,0.84,"+0,84",%,change_pct,,pct,spot,,,physical
2026-08-27,legumes,cenoura-ceasas,Cenoura - Ceasas,Cenoura 2A,,preco,3.82,"3,82",R$/Kg,price,BRL,kg,spot,,,physical
2026-08-27,legumes,cenoura-ceasas,Cenoura - Ceasas,Cenoura 2A,,variacao_pct,-1.29,"-1,29",%,change_pct,,pct,spot,,,physical
2026-08-27,legumes,cenoura-ceasas,Cenoura - Ceasas,Cenoura G,,preco,3.45,"3,45",R$/Kg,price,BRL,kg,spot,,,physical
2026-08-27,legumes,cenoura-ceasas,Cenoura - Ceasas,Cenoura G,,variacao_pct,-1.99,"-1,99",%,change_pct,,pct,spot,,,physical
2026-08-27,legumes,cenoura-ceasas,Cenoura - Ceasas,Especial,,preco,3.0,"3,00",R$/Kg,price,BRL,kg,spot,,,physical
2026-08-27,legumes,cenoura-ceasas,Cenoura - Ceasas,Especial,,variacao_pct,0.0,"0,00",%,change_pct,,pct,spot,,,physical
2026-08-27,legumes,cenoura-ceasas,Cenoura - Ceasas,Extra,,preco,2.5,"2,50",R$/Kg,price,BRL,kg,spot,,,physical
2026-08-27,legumes,cenoura-ceasas,Cenoura - Ceasas,Extra,,variacao_pct,0.0,"0,00",%,change_pct,,pct,spot,,,physical
2026-08-27,legumes,cenoura-ceasas,Cenoura - Ceasas,Extra A,,preco,4.0,"4,00",R$/Kg,price,BRL,kg,spot,,,physical
2026-08-27,legumes,cenoura-ceasas,Cenoura - Ceasas,Extra A,,variacao_pct,0.0,"0,00",%,change_pct,,pct,spot,,,physical
2026-08-27,legumes,tomate-ceasas,Tomate - Ceasas,Carmem 3A,,preco,6.22,"6,22",R$/Kg,price,BRL,kg,spot,,,physical
2026-08-27,legumes,tomate-ceasas,Tomate - Ceasas,Carmem 3A,,variacao_pct,12.07,"+12,07",%,change_pct,,pct,spot,,,physical
2026-08-27,legumes,tomate-ceasas,Tomate - Ceasas,Débora 3A,,preco,6.81,"6,81",R$/Kg,price,BRL,kg,spot,,,physical
2026-08-27,legumes,tomate-ceasas,Tomate - Ceasas,Débora 3A,,variacao_pct,1.79,"+1,79",%,change_pct,,pct,spot,,,physical
2026-08-27,legumes,tomate-ceasas,Tomate - Ceasas,Longa Vida/Carmem Extra,,preco,5.75,"5,75",R$/Kg,price,BRL,kg,spot,,,physical
2026-08-27,legumes,tomate-ceasas,Tomate - Ceasas,Longa Vida/Carmem Extra,,variacao_pct,0.0,"0,00",%,change_pct,,pct,spot,,,physical
2026-08-27,legumes,tomate-ceasas,Tomate - Ceasas,Longa Vida/Débora Extra,,preco,8.0,"8,00",R$/Kg,price,BRL,kg,spot,,,physical
2026-08-27,legumes,tomate-ceasas,Tomate - Ceasas,Longa Vida/Débora Extra,,variacao_pct,0.0,"0,00",%,change_pct,,pct,spot,,,physical
2026-08-27,legumes,tomate-ceasas,Tomate - Ceasas,Longa Vida/Extra A,,preco,2.5,"2,50",R$/Kg,price,BRL,kg,spot,,,physical
2026-08-27,legumes,tomate-ceasas,Tomate - Ceasas,Longa Vida/Extra A,,variacao_pct,0.0,"0,00",%,change_pct,,pct,spot,,,physical
2026-08-27,legumes,tomate-ceasas,Tomate - Ceasas,Santa Cruz/Extra A,,preco,,s/ cotação,R$/Kg,price,BRL,kg,spot,,,physical
2026-08-27,legumes,tomate-ceasas,Tomate - Ceasas,Santa Cruz/Extra A,,variacao_pct,,-,%,change_pct,,pct,spot,,,physical
2026-08-28,legumes,batata-ceasas,Batata - Ceasas,Agatha Primeira,,preco,2.4,"2,40",R$/Kg,price,BRL,kg,spot,,,physical
2026-08-28,legumes,batata-ceasas,Batata - Ceasas,Agatha Primeira,,variacao_pct,50.0,"+50,00",%,change_pct,,pct,spot,,,physical
2026-08-28,legumes,batata-ceasas,Batata - Ceasas,Aster Primeira,,preco,,s/ cotação,R$/Kg,price,BRL,kg,spot,,,physical
2026-08-28,legumes,batata-ceasas,Batata - Ceasas,Aster Primeira,,variacao_pct,,-,%,change_pct,,pct,spot,,,physical
2026-08-28,legumes,batata-ceasas,Batata - Ceasas,Asterix,,preco,3.75,"3,75",R$/Kg,price,BRL,kg,spot,,,physical
2026-08-28,legumes,batata-ceasas,Batata - Ceasas,Asterix,,variacao_pct,0.0,"0,00",%,change_pct,,pct,spot,,,physical
2026-08-28,legumes,batata-ceasas,Batata - Ceasas,Escovada Especial,,preco,3.0,"3,00",R$/Kg,price,BRL,kg,spot,,,physical
2026-08-28,legumes,batata-ceasas,Batata - Ceasas,Escovada Especial,,variacao_pct,0.0,"0,00",%,change_pct,,pct,spot,,,physical
2026-08-28,legumes,batata-ceasas,Batata - Ceasas,Lavada Especial,,preco,2.82,"2,82",R$/Kg,price,BRL,kg,spot,,,physical
2026-08-28,legumes,batata-ceasas,Batata - Ceasas,Lavada Especial,,variacao_pct,0.0,"0,00",%,change_pct,,pct,spot,,,physical
2026-08-28,legumes,batata-ceasas,Batata - Ceasas,Yacon,,preco,5.5,"5,50",R$/Kg,price,BRL,kg,spot,,,physical
2026-08-28,legumes,batata-ceasas,Batata - Ceasas,Yacon,,variacao_pct,0.0,"0,00",%,change_pct,,pct,spot,,,physical
2026-08-28,legumes,cebola-no-atacado,Cebola - Ceasas,Amarela Mineira,,preco,4.0,"4,00",R$/Kg,price,BRL,kg,spot,,,physical
2026-08-28,legumes,cebola-no-atacado,Cebola - Ceasas,Amarela Mineira,,variacao_pct,33.33,"+33,33",%,change_pct,,pct,spot,,,physical
2026-08-28,legumes,cebola-no-atacado,Cebola - Ceasas,Amarela Paulista,,preco,4.5,"4,50",R$/Kg,price,BRL,kg,spot,,,physical
2026-08-28,legumes,cebola-no-atacado,Cebola - Ceasas,Amarela Paulista,,variacao_pct,12.5,"+12,50",%,change_pct,,pct,spot,,,physical
2026-08-28,legumes,cebola-no-atacado,Cebola - Ceasas,Amarela Pernambucana,,preco,,s/ cotação,R$/Kg,price,BRL,kg,spot,,,physical
2026-08-28,legumes,cebola-no-atacado,Cebola - Ceasas,Amarela Pernambucana,,variacao_pct,,-,%,change_pct,,pct,spot,,,physical
2026-08-28,legumes,cebola-no-atacado,Cebola - Ceasas,Amarela Santa Catarina,,preco,,s/ cotação,R$/Kg,price,BRL,kg,spot,,,physical
2026-08-28,legumes,cebola-no-atacado,Cebola - Ceasas,Amarela Santa Catarina,,variacao_pct,,-,%,change_pct,,pct,spot,,,physical
2026-08-28,legumes,cebola-no-atacado,Cebola - Ceasas,Importada Argentina,,preco,,s/ cotação,R$/Kg,price,BRL,kg,spot,,,physical
2026-08-28,legumes,cebola-no-atacado,Cebola - Ceasas,Importada Argentina,,variacao_pct,,-,%,change_pct,,pct,spot,,,physical
2026-08-28,legumes,cebola-no-atacado,Cebola - Ceasas,Nacional (Caixa 4),,preco,3.97,"3,97",R$/Kg,price,BRL,kg,spot,,,physical
2026-08-28,legumes,cebola-no-atacado,Cebola - Ceasas,Nacional (Caixa 4),,variacao_pct,0.0,"0,00",%,change_pct,,pct,spot,,,physical
2026-08-28,legumes,cebola-no-atacado,Cebola - Ceasas,Roxa (Caixa 4),,preco,4.8,"4,80",R$/Kg,price,BRL,kg,spot,,,physical
2026-08-28,legumes,cebola-no-atacado,Cebola - Ceasas,Roxa (Caixa 4),,variacao_pct,0.0,"0,00",%,change_pct,,pct,spot,,,physical
2026-08-28,legumes,cenoura-ceasas,Cenoura - Ceasas,Cenoura 2A,,preco,3.82,"3,82",R$/Kg,price,BRL,kg,spot,,,physical
2026-08-28,legumes,cenoura-ceasas,Cenoura - Ceasas,Cenoura 2A,,variacao_pct,0.0,"0,00",%,change_pct,,pct,spot,,,physical
2026-08-28,legumes,cenoura-ceasas,Cenoura - Ceasas,Cenoura G,,preco,3.45,"3,45",R$/Kg,price,BRL,kg,spot,,,physical
2026-08-28,legumes,cenoura-ceasas,Cenoura - Ceasas,Cenoura G,,variacao_pct,0.0,"0,00",%,change_pct,,pct,spot,,,physical
2026-08-28,legumes,cenoura-ceasas,Cenoura - Ceasas,Especial,,preco,3.0,"3,00",R$/Kg,price,BRL,kg,spot,,,physical
2026-08-28,legumes,cenoura-ceasas,Cenoura - Ceasas,Especial,,variacao_pct,0.0,"0,00",%,change_pct,,pct,spot,,,physical
2026-08-28,legumes,cenoura-ceasas,Cenoura - Ceasas,Extra,,preco,2.5,"2,50",R$/Kg,price,BRL,kg,spot,,,physical
2026-08-28,legumes,cenoura-ceasas,Cenoura - Ceasas,Extra,,variacao_pct,0.0,"0,00",%,change_pct,,pct,spot,,,physical
2026-08-28,legumes,cenoura-ceasas,Cenoura - Ceasas,Extra A,,preco,4.0,"4,00",R$/Kg,price,BRL,kg,spot,,,physical
2026-08-28,legumes,cenoura-ceasas,Cenoura - Ceasas,Extra A,,variacao_pct,0.0,"0,00",%,change_pct,,pct,spot,,,physical
2026-08-28,legumes,tomate-ceasas,Tomate - Ceasas,Carmem 3A,,preco,6.22,"6,22",R$/Kg,price,BRL,kg,spot,,,physical
2026-08-28,legumes,tomate-ceasas,Tomate - Ceasas,Carmem 3A,,variacao_pct,0.0,"0,00",%,change_pct,,pct,spot,,,physical
2026-08-28,legumes,tomate-ceasas,Tomate - Ceasas,Débora 3A,,preco,6.81,"6,81",R$/Kg,price,BRL,kg,spot,,,physical
2026-08-28,legumes,tomate-ceasas,Tomate - Ceasas,Débora 3A,,variacao_pct,0.0,"0,00",%,change_pct,,pct,spot,,,physical
2026-08-28,legumes,tomate-ceasas,Tomate - Ceasas,Longa Vida/Carmem Extra,,preco,6.0,"6,00",R$/Kg,price,BRL,kg,spot,,,physical
2026-08-28,legumes,tomate-ceasas,Tomate - Ceasas,Longa Vida/Carmem Extra,,variacao_pct,4.35,"+4,35",%,change_pct,,pct,spot,,,physical
2026-08-28,legumes,tomate-ceasas,Tomate - Ceasas,Longa Vida/Débora Extra,,preco,7.5,"7,50",R$/Kg,price,BRL,kg,spot,,,physical
2026-08-28,legumes,tomate-ceasas,Tomate - Ceasas,Longa Vida/Débora Extra,,variacao_pct,-6.25,"-6,25",%,change_pct,,pct,spot,,,physical
2026-08-28,legumes,tomate-ceasas,Tomate - Ceasas,Longa Vida/Extra A,,preco,3.0,"3,00",R$/Kg,price,BRL,kg,spot,,,physical
2026-08-28,legumes,tomate-ceasas,Tomate - Ceasas,Longa Vida/Extra A,,variacao_pct,20.0,"+20,00",%,change_pct,,pct,spot,,,physical
2026-08-28,legumes,tomate-ceasas,Tomate - Ceasas,Santa Cruz/Extra A,,preco,,s/ cotação,R$/Kg,price,BRL,kg,spot,,,physical
2026-08-28,legumes,tomate-ceasas,Tomate - Ceasas,Santa Cruz/Extra A,,variacao_pct,,-,%,change_pct,,pct,spot,,,physical
2026-08-31,legumes,batata-ceasas,Batata - Ceasas,Agatha Primeira,,preco,2.4,"2,40",R$/Kg,price,BRL,kg,spot,,,physical
2026-08-31,legumes,batata-ceasas,Batata - Ceasas,Agatha Primeira,,variacao_pct,0.0,"0,00",%,change_pct,,pct,spot,,,physical
2026-08-31,legumes,batata-ceasas,Batata - Ceasas,Aster Primeira,,preco,,s/ cotação,R$/Kg,price,BRL,kg,spot,,,physical
2026-08-31,legumes,batata-ceasas,Batata - Ceasas,Aster Primeira,,variacao_pct,,-,%,change_pct,,pct,spot,,,physical
2026-08-31,legumes,batata-ceasas,Batata - Ceasas,Asterix,,preco,3.75,"3,75",R$/Kg,price,BRL,kg,spot,,,physical
2026-08-31,legumes,batata-ceasas,Batata - Ceasas,Asterix,,variacao_pct,0.0,"0,00",%,change_pct,,pct,spot,,,physical
2026-08-31,legumes,batata-ceasas,Batata - Ceasas,Escovada Especial,,preco,3.0,"3,00",R$/Kg,price,BRL,kg,spot,,,physical
2026-08-31,legumes,batata-ceasas,Batata - Ceasas,Escovada Especial,,variacao_pct,0.0,"0,00",%,change_pct,,pct,spot,,,physical
2026-08-31,legumes,batata-ceasas,Batata - Ceasas,Lavada Especial,,preco,2.82,"2,82",R$/Kg,price,BRL,kg,spot,,,physical
2026-08-31,legumes,batata-ceasas,Batata - Ceasas,Lavada Especial,,variacao_pct,0.0,"0,00",%,change_pct,,pct,spot,,,physical
2026-08-31,legumes,batata-ceasas,Batata - Ceasas,Yacon,,preco,5.5,"5,50",R$/Kg,price,BRL,kg,spot,,,physical
2026-08-31,legumes,batata-ceasas,Batata - Ceasas,Yacon,,variacao_pct,0.0,"0,00",%,change_pct,,pct,spot,,,physical
2026-08-31,legumes,cebola-no-atacado,Cebola - Ceasas,Amarela Mineira,,preco,5.0,"5,00",R$/Kg,price,BRL,kg,spot,,,physical
2026-08-31,legumes,cebola-no-atacado,Cebola - Ceasas,Amarela Mineira,,variacao_pct,25.0,"+25,00",%,change_pct,,pct,spot,,,physical
2026-08-31,legumes,cebola-no-atacado,Cebola - Ceasas,Amarela Paulista,,preco,4.5,"4,50",R$/Kg,price,BRL,kg,spot,,,physical
2026-08-31,legumes,cebola-no-atacado,Cebola - Ceasas,Amarela Paulista,,variacao_pct,0.0,"0,00",%,change_pct,,pct,spot,,,physical
2026-08-31,legumes,cebola-no-atacado,Cebola - Ceasas,Amarela Pernambucana,,preco,,s/ cotação,R$/Kg,price,BRL,kg,spot,,,physical
2026-08-31,legumes,cebola-no-atacado,Cebola - Ceasas,Amarela Pernambucana,,variacao_pct,,-,%,change_pct,,pct,spot,,,physical
2026-08-31,legumes,cebola-no-atacado,Cebola - Ceasas,Amarela Santa Catarina,,preco,,s/ cotação,R$/Kg,price,BRL,kg,spot,,,physical
2026-08-31,legumes,cebola-no-atacado,Cebola - Ceasas,Amarela Santa Catarina,,variacao_pct,,-,%,change_pct,,pct,spot,,,physical
2026-08-31,legumes,cebola-no-atacado,Cebola - Ceasas,Importada Argentina,,preco,,s/ cotação,R$/Kg,price,BRL,kg,spot,,,physical
2026-08-31,legumes,cebola-no-atacado,Cebola - Ceasas,Importada Argentina,,variacao_pct,,-,%,change_pct,,pct,spot,,,physical
2026-08-31,legumes,cebola-no-atacado,Cebola - Ceasas,Nacional (Caixa 4),,preco,3.97,"3,97",R$/Kg,price,BRL,kg,spot,,,physical
2026-08-31,legumes,cebola-no-atacado,Cebola - Ceasas,Nacional (Caixa 4),,variacao_pct,0.0,"0,00",%,change_pct,,pct,spot,,,physical
2026-08-31,legumes,cebola-no-atacado,Cebola - Ceasas,Roxa (Caixa 4),,preco,4.8,"4,80",R$/Kg,price,BRL,kg,spot,,,physical
2026-08-31,legumes,cebola-no-atacado,Cebola - Ceasas,Roxa (Caixa 4),,variacao_pct,0.0,"0,00",%,change_pct,,pct,spot,,,physical
2026-08-31,legumes,cenoura-ceasas,Cenoura - Ceasas,Cenoura 2A,,preco,3.82,"3,82",R$/Kg,price,BRL,kg,spot,,,physical
2026-08-31,legumes,cenoura-ceasas,Cenoura - Ceasas,Cenoura 2A,,variacao_pct,0.0,"0,00",%,change_pct,,pct,spot,,,physical
2026-08-31,legumes,cenoura-ceasas,Cenoura - Ceasas,Cenoura G,,preco,3.45,"3,45",R$/Kg,price,BRL,kg,spot,,,physical
2026-08-31,legumes,cenoura-ceasas,Cenoura - Ceasas,Cenoura G,,variacao_pct,0.0,"0,00",%,change_pct,,pct,spot,,,physical
2026-08-31,legumes,cenoura-ceasas,Cenoura - Ceasas,Especial,,preco,2.5,"2,50",R$/Kg,price,BRL,kg,spot,,,physical
2026-08-31,legumes,cenoura-ceasas,Cenoura - Ceasas,Especial,,variacao_pct,-16.67,"-16,67",%,change_pct,,pct,spot,,,physical
2026-08-31,legumes,cenoura-ceasas,Cenoura - Ceasas,Extra,,preco,2.5,"2,50",R$/Kg,price,BRL,kg,spot,,,physical
2026-08-31,legumes,cenoura-ceasas,Cenoura - Ceasas,Extra,,variacao_pct,0.0,"0,00",%,change_pct,,pct,spot,,,physical
2026-08-31,legumes,cenoura-ceasas,Cenoura - Ceasas,Extra A,,preco,3.5,"3,50",R$/Kg,price,BRL,kg,spot,,,physical
2026-08-31,legumes,cenoura-ceasas,Cenoura - Ceasas,Extra A,,variacao_pct,-12.5,"-12,50",%,change_pct,,pct,spot,,,physical
2026-08-31,legumes,tomate-ceasas,Tomate - Ceasas,Carmem 3A,,preco,6.22,"6,22",R$/Kg,price,BRL,kg,spot,,,physical
2026-08-31,legumes,tomate-ceasas,Tomate - Ceasas,Carmem 3A,,variacao_pct,0.0,"0,00",%,change_pct,,pct,spot,,,physical
2026-08-31,legumes,tomate-ceasas,Tomate - Ceasas,Débora 3A,,preco,6.81,"6,81",R$/Kg,price,BRL,kg,spot,,,physical
2026-08-31,legumes,tomate-ceasas,Tomate - Ceasas,Débora 3A,,variacao_pct,0.0,"0,00",%,change_pct,,pct,spot,,,physical
2026-08-31,legumes,tomate-ceasas,Tomate - Ceasas,Longa Vida/Carmem Extra,,preco,5.75,"5,75",R$/Kg,price,BRL,kg,spot,,,physical
2026-08-31,legumes,tomate-ceasas,Tomate - Ceasas,Longa Vida/Carmem Extra,,variacao_pct,-4.17,"-4,17",%,change_pct,,pct,spot,,,physical
2026-08-31,legumes,tomate-ceasas,Tomate - Ceasas,Longa Vida/Débora Extra,,preco,6.75,"6,75",R$/Kg,price,BRL,kg,spot,,,physical
2026-08-31,legumes,tomate-ceasas,Tomate - Ceasas,Longa Vida/Débora Extra,,variacao_pct,-10.0,"-10,00",%,change_pct,,pct,spot,,,physical
2026-08-31,legumes,tomate-ceasas,Tomate - Ceasas,Longa Vida/Extra A,,preco,3.0,"3,00",R$/Kg,price,BRL,kg,spot,,,physical
2026-08-31,legumes,tomate-ceasas,Tomate - Ceasas,Longa Vida/Extra A,,variacao_pct,0.0,"0,00",%,change_pct,,pct,spot,,,physical
2026-08-31,legumes,tomate-ceasas,Tomate - Ceasas,Santa Cruz/Extra A,,preco,,s/ cotação,R$/Kg,price,BRL,kg,spot,,,physical
2026-08-31,legumes,tomate-ceasas,Tomate - Ceasas,Santa Cruz/Extra A,,variacao_pct,,-,%,change_pct,,pct,spot,,,physical
2026-09-01,legumes,batata-ceasas,Batata - Ceasas,Agatha Primeira,,preco,2.4,"2,40",R$/Kg,price,BRL,kg,spot,,,physical
2026-09-01,legumes,batata-ceasas,Batata - Ceasas,Agatha Primeira,,variacao_pct,0.0,"0,00",%,change_pct,,pct,spot,,,physical
2026-09-01,legumes,batata-ceasas,Batata - Ceasas,Aster Primeira,,preco,,s/ cotação,R$/Kg,price,BRL,kg,spot,,,physical
2026-09-01,legumes,batata-ceasas,Batata - Ceasas,Aster Primeira,,variacao_pct,,-,%,change_pct,,pct,spot,,,physical
2026-09-01,legumes,batata-ceasas,Batata - Ceasas,Asterix,,preco,3.6,"3,60",R$/Kg,price,BRL,kg,spot,,,physical
2026-09-01,legumes,batata-ceasas,Batata - Ceasas,Asterix,,variacao_pct,-4.0,"-4,00",%,change_pct,,pct,spot,,,physical
2026-09-01,legumes,batata-ceasas,Batata - Ceasas,Escovada Especial,,preco,,s/ cotação,R$/Kg,price,BRL,kg,spot,,,physical
2026-09-01,legumes,batata-ceasas,Batata - Ceasas,Escovada Especial,,variacao_pct,,-,%,change_pct,,pct,spot,,,physical
2026-09-01,legumes,batata-ceasas,Batata - Ceasas,Lavada Especial,,preco,4.15,"4,15",R$/Kg,price,BRL,kg,spot,,,physical
2026-09-01,legumes,batata-ceasas,Batata - Ceasas,Lavada Especial,,variacao_pct,,-,%,change_pct,,pct,spot,,,physical
2026-09-01,legumes,batata-ceasas,Batata - Ceasas,Yacon,,preco,5.5,"5,50",R$/Kg,price,BRL,kg,spot,,,physical
2026-09-01,legumes,batata-ceasas,Batata - Ceasas,Yacon,,variacao_pct,0.0,"0,00",%,change_pct,,pct,spot,,,physical
2026-09-01,legumes,cebola-no-atacado,Cebola - Ceasas,Amarela Mineira,,preco,5.0,"5,00",R$/Kg,price,BRL,kg,spot,,,physical
2026-09-01,legumes,cebola-no-atacado,Cebola - Ceasas,Amarela Mineira,,variacao_pct,0.0,"0,00",%,change_pct,,pct,spot,,,physical
2026-09-01,legumes,cebola-no-atacado,Cebola - Ceasas,Amarela Paulista,,preco,4.5,"4,50",R$/Kg,price,BRL,kg,spot,,,physical
2026-09-01,legumes,cebola-no-atacado,Cebola - Ceasas,Amarela Paulista,,variacao_pct,0.0,"0,00",%,change_pct,,pct,spot,,,physical
2026-09-01,legumes,cebola-no-atacado,Cebola - Ceasas,Amarela Pernambucana,,preco,,s/ cotação,R$/Kg,price,BRL,kg,spot,,,physical
2026-09-01,legumes,cebola-no-atacado,Cebola - Ceasas,Amarela Pernambucana,,variacao_pct,,-,%,change_pct,,pct,spot,,,physical
2026-09-01,legumes,cebola-no-atacado,Cebola - Ceasas,Amarela Santa Catarina,,preco,,s/ cotação,R$/Kg,price,BRL,kg,spot,,,physical
2026-09-01,legumes,cebola-no-atacado,Cebola - Ceasas,Amarela Santa Catarina,,variacao_pct,,-,%,change_pct,,pct,spot,,,physical
2026-09-01,legumes,cebola-no-atacado,Cebola - Ceasas,Importada Argentina,,preco,,s/ cotação,R$/Kg,price,BRL,kg,spot,,,physical
2026-09-01,legumes,cebola-no-atacado,Cebola - Ceasas,Importada Argentina,,variacao_pct,,-,%,change_pct,,pct,spot,,,physical
2026-09-01,legumes,cebola-no-atacado,Cebola - Ceasas,Nacional (Caixa 4),,preco,4.42,"4,42",R$/Kg,price,BRL,kg,spot,,,physical
2026-09-01,legumes,cebola-no-atacado,Cebola - Ceasas,Nacional (Caixa 4),,variacao_pct,11.34,"+11,34",%,change_pct,,pct,spot,,,physical
2026-09-01,legumes,cebola-no-atacado,Cebola - Ceasas,Roxa (Caixa 4),,preco,5.07,"5,07",R$/Kg,price,BRL,kg,spot,,,physical
2026-09-01,legumes,cebola-no-atacado,Cebola - Ceasas,Roxa (Caixa 4),,variacao_pct,5.63,"+5,63",%,change_pct,,pct,spot,,,physical
2026-09-01,legumes,cenoura-ceasas,Cenoura - Ceasas,Cenoura 2A,,preco,3.58,"3,58",R$/Kg,price,BRL,kg,spot,,,physical
2026-09-01,legumes,cenoura-ceasas,Cenoura - Ceasas,Cenoura 2A,,variacao_pct,-6.28,"-6,28",%,change_pct,,pct,spot,,,physical
2026-09-01,legumes,cenoura-ceasas,Cenoura - Ceasas,Cenoura G,,preco,3.19,"3,19",R$/Kg,price,BRL,kg,spot,,,physical
2026-09-01,legumes,cenoura-ceasas,Cenoura - Ceasas,Cenoura G,,variacao_pct,-7.54,"-7,54",%,change_pct,,pct,spot,,,physical
2026-09-01,legumes,cenoura-ceasas,Cenoura - Ceasas,Especial,,preco,2.5,"2,50",R$/Kg,price,BRL,kg,spot,,,physical
2026-09-01,legumes,cenoura-ceasas,Cenoura - Ceasas,Especial,,variacao_pct,0.0,"0,00",%,change_pct,,pct,spot,,,physical
2026-09-01,legumes,cenoura-ceasas,Cenoura - Ceasas,Extra,,preco,2.5,"2,50",R$/Kg,price,BRL,kg,spot,,,physical
2026-09-01,legumes,cenoura-ceasas,Cenoura - Ceasas,Extra,,variacao_pct,0.0,"0,00",%,change_pct,,pct,spot,,,physical
2026-09-01,legumes,cenoura-ceasas,Cenoura - Ceasas,Extra A,,preco,3.5,"3,50",R$/Kg,price,BRL,kg,spot,,,physical
2026-09-01,legumes,cenoura-ceasas,Cenoura - Ceasas,Extra A,,variacao_pct,0.0,"0,00",%,change_pct,,pct,spot,,,physical
2026-09-01,legumes,tomate-ceasas,Tomate - Ceasas,Carmem 3A,,preco,6.55,"6,55",R$/Kg,price,BRL,kg,spot,,,physical
2026-09-01,legumes,tomate-ceasas,Tomate - Ceasas,Carmem 3A,,variacao_pct,5.31,"+5,31",%,change_pct,,pct,spot,,,physical
2026-09-01,legumes,tomate-ceasas,Tomate - Ceasas,Débora 3A,,preco,6.12,"6,12",R$/Kg,price,BRL,kg,spot,,,physical
2026-09-01,legumes,tomate-ceasas,Tomate - Ceasas,Débora 3A,,variacao_pct,-10.13,"-10,13",%,change_pct,,pct,spot,,,physical
2026-09-01,legumes,tomate-ceasas,Tomate - Ceasas,Longa Vida/Carmem Extra,,preco,5.75,"5,75",R$/Kg,price,BRL,kg,spot,,,physical
2026-09-01,legumes,tomate-ceasas,Tomate - Ceasas,Longa Vida/Carmem Extra,,variacao_pct,0.0,"0,00",%,change_pct,,pct,spot,,,physical
2026-09-01,legumes,tomate-ceasas,Tomate - Ceasas,Longa Vida/Débora Extra,,preco,6.75,"6,75",R$/Kg,price,BRL,kg,spot,,,physical
2026-09-01,legumes,tomate-ceasas,Tomate - Ceasas,Longa Vida/Débora Extra,,variacao_pct,0.0,"0,00",%,change_pct,,pct,spot,,,physical
2026-09-01,legumes,tomate-ceasas,Tomate - Ceasas,Longa Vida/Extra A,,preco,3.0,"3,00",R$/Kg,price,BRL,kg,spot,,,physical
2026-09-01,legumes,tomate-ceasas,Tomate - Ceasas,Longa Vida/Extra A,,variacao_pct,0.0,"0,00",%,change_pct,,pct,spot,,,physical
2026-09-01,legumes,tomate-ceasas,Tomate - Ceasas,Santa Cruz/Extra A,,preco,,s/ cotação,R$/Kg,price,BRL,kg,spot,,,physical
2026-09-01,legumes,tomate-ceasas,Tomate - Ceasas,Santa Cruz/Extra A,,variacao_pct,,-,%,change_pct,,pct,spot,,,physical
2026-09-02,legumes,batata-ceasas,Batata - Ceasas,Agatha Primeira,,preco,2.4,"2,40",R$/Kg,price,BRL,kg,spot,,,physical
2026-09-02,legumes,batata-ceasas,Batata - Ceasas,Agatha Primeira,,variacao_pct,0.0,"0,00",%,change_pct,,pct,spot,,,physical
2026-09-02,legumes,batata-ceasas,Batata - Ceasas,Aster Primeira,,preco,,s/ cotação,R$/Kg,price,BRL,kg,spot,,,physical
2026-09-02,legumes,batata-ceasas,Batata - Ceasas,Aster Primeira,,variacao_pct,,-,%,change_pct,,pct,spot,,,physical
2026-09-02,legumes,batata-ceasas,Batata - Ceasas,Asterix,,preco,3.6,"3,60",R$/Kg,price,BRL,kg,spot,,,physical
2026-09-02,legumes,batata-ceasas,Batata - Ceasas,Asterix,,variacao_pct,0.0,"0,00",%,change_pct,,pct,spot,,,physical
2026-09-02,legumes,batata-ceasas,Batata - Ceasas,Escovada Especial,,preco,,s/ cotação,R$/Kg,price,BRL,kg,spot,,,physical
2026-09-02,legumes,batata-ceasas,Batata - Ceasas,Escovada Especial,,variacao_pct,,-,%,change_pct,,pct,spot,,,physical
2026-09-02,legumes,batata-ceasas,Batata - Ceasas,Lavada Especial,,preco,4.15,"4,15",R$/Kg,price,BRL,kg,spot,,,physical
2026-09-02,legumes,batata-ceasas,Batata - Ceasas,Lavada Especial,,variacao_pct,0.0,"0,00",%,change_pct,,pct,spot,,,physical
2026-09-02,legumes,batata-ceasas,Batata - Ceasas,Yacon,,preco,5.5,"5,50",R$/Kg,price,BRL,kg,spot,,,physical
2026-09-02,legumes,batata-ceasas,Batata - Ceasas,Yacon,,variacao_pct,0.0,"0,00",%,change_pct,,pct,spot,,,physical
2026-09-02,legumes,cebola-no-atacado,Cebola - Ceasas,Amarela Mineira,,preco,5.0,"5,00",R$/Kg,price,BRL,kg,spot,,,physical
2026-09-02,legumes,cebola-no-atacado,Cebola - Ceasas,Amarela Mineira,,variacao_pct,0.0,"0,00",%,change_pct,,pct,spot,,,physical
2026-09-02,legumes,cebola-no-atacado,Cebola - Ceasas,Amarela Paulista,,preco,4.5,"4,50",R$/Kg,price,BRL,kg,spot,,,physical
2026-09-02,legumes,cebola-no-atacado,Cebola - Ceasas,Amarela Paulista,,variacao_pct,0.0,"0,00",%,change_pct,,pct,spot,,,physical
2026-09-02,legumes,cebola-no-atacado,Cebola - Ceasas,Amarela Pernambucana,,preco,,s/ cotação,R$/Kg,price,BRL,kg,spot,,,physical
2026-09-02,legumes,cebola-no-atacado,Cebola - Ceasas,Amarela Pernambucana,,variacao_pct,,-,%,change_pct,,pct,spot,,,physical
2026-09-02,legumes,cebola-no-atacado,Cebola - Ceasas,Amarela Santa Catarina,,preco,,s/ cotação,R$/Kg,price,BRL,kg,spot,,,physical
2026-09-02,legumes,cebola-no-atacado,Cebola - Ceasas,Amarela Santa Catarina,,variacao_pct,,-,%,change_pct,,pct,spot,,,physical
2026-09-02,legumes,cebola-no-atacado,Cebola - Ceasas,Importada Argentina,,preco,,s/ cotação,R$/Kg,price,BRL,kg,spot,,,physical
2026-09-02,legumes,cebola-no-atacado,Cebola - Ceasas,Importada Argentina,,variacao_pct,,-,%,change_pct,,pct,spot,,,physical
2026-09-02,legumes,cebola-no-atacado,Cebola - Ceasas,Nacional (Caixa 4),,preco,4.42,"4,42",R$/Kg,price,BRL,kg,spot,,,physical
2026-09-02,legumes,cebola-no-atacado,Cebola - Ceasas,Nacional (Caixa 4),,variacao_pct,0.0,"0,00",%,change_pct,,pct,spot,,,physical
2026-09-02,legumes,cebola-no-atacado,Cebola - Ceasas,Roxa (Caixa 4),,preco,5.07,"5,07",R$/Kg,price,BRL,kg,spot,,,physical
2026-09-02,legumes,cebola-no-atacado,Cebola - Ceasas,Roxa (Caixa 4),,variacao_pct,0.0,"0,00",%,change_pct,,pct,spot,,,physical
2026-09-02,legumes,cenoura-ceasas,Cenoura - Ceasas,Cenoura 2A,,preco,3.58,"3,58",R$/Kg,price,BRL,kg,spot,,,physical
2026-09-02,legumes,cenoura-ceasas,Cenoura - Ceasas,Cenoura 2A,,variacao_pct,0.0,"0,00",%,change_pct,,pct,spot,,,physical
2026-09-02,legumes,cenoura-ceasas,Cenoura - Ceasas,Cenoura G,,preco,3.19,"3,19",R$/Kg,price,BRL,kg,spot,,,physical
2026-09-02,legumes,cenoura-ceasas,Cenoura - Ceasas,Cenoura G,,variacao_pct,0.0,"0,00",%,change_pct,,pct,spot,,,physical
2026-09-02,legumes,cenoura-ceasas,Cenoura - Ceasas,Especial,,preco,2.5,"2,50",R$/Kg,price,BRL,kg,spot,,,physical
2026-09-02,legumes,cenoura-ceasas,Cenoura - Ceasas,Especial,,variacao_pct,0.0,"0,00",%,change_pct,,pct,spot,,,physical
2026-09-02,legumes,cenoura-ceasas,Cenoura - Ceasas,Extra,,preco,2.5,"2,50",R$/Kg,price,BRL,kg,spot,,,physical
2026-09-02,legumes,cenoura-ceasas,Cenoura - Ceasas,Extra,,variacao_pct,0.0,"0,00",%,change_pct,,pct,spot,,,physical
2026-09-02,legumes,cenoura-ceasas,Cenoura - Ceasas,Extra A,,preco,3.5,"3,50",R$/Kg,price,BRL,kg,spot,,,physical
2026-09-02,legumes,cenoura-ceasas,Cenoura - Ceasas,Extra A,,variacao_pct,0.0,"0,00",%,change_pct,,pct,spot,,,physical
2026-09-02,legumes,tomate-ceasas,Tomate - Ceasas,Carmem 3A,,preco,6.55,"6,55",R$/Kg,price,BRL,kg,spot,,,physical
2026-09-02,legumes,tomate-ceasas,Tomate - Ceasas,Carmem 3A,,variacao_pct,0.0,"0,00",%,change_pct,,pct,spot,,,physical
2026-09-02,legumes,tomate-ceasas,Tomate - Ceasas,Débora 3A,,preco,6.12,"6,12",R$/Kg,price,BRL,kg,spot,,,physical
2026-09-02,legumes,tomate-ceasas,Tomate - Ceasas,Débora 3A,,variacao_pct,0.0,"0,00",%,change_pct,,pct,spot,,,physical
2026-09-02,legumes,tomate-ceasas,Tomate - Ceasas,Longa Vida/Carmem Extra,,preco,5.75,"5,75",R$/Kg,price,BRL,kg,spot,,,physical
2026-09-02,legumes,tomate-ceasas,Tomate - Ceasas,Longa Vida/Carmem Extra,,variacao_pct,0.0,"0,00",%,change_pct,,pct,spot,,,physical
2026-09-02,legumes,tomate-ceasas,Tomate - Ceasas,Longa Vida/Débora Extra,,preco,6.75,"6,75",R$/Kg,price,BRL,kg,spot,,,physical
2026-09-02,legumes,tomate-ceasas,Tomate - Ceasas,Longa Vida/Débora Extra,,variacao_pct,0.0,"0,00",%,change_pct,,pct,spot,,,physical
2026-09-02,legumes,tomate-ceasas,Tomate - Ceasas,Longa Vida/Extra A,,preco,3.0,"3,00",R$/Kg,price,BRL,kg,spot,,,physical
2026-09-02,legumes,tomate-ceasas,Tomate - Ceasas,Longa Vida/Extra A,,variacao_pct,0.0,"0,00",%,change_pct,,pct,spot,,,physical
2026-09-02,legumes,tomate-ceasas,Tomate - Ceasas,Santa Cruz/Extra A,,preco,,s/ cotação,R$/Kg,price,BRL,kg,spot,,,physical
2026-09-02,legumes,tomate-ceasas,Tomate - Ceasas,Santa Cruz/Extra A,,variacao_pct,,-,%,change_pct,,pct,spot,,,physical
2026-09-03,legumes,batata-ceasas,Batata - Ceasas,Agatha Primeira,,preco,2.8,"2,80",R$/Kg,price,BRL,kg,spot,,,physical
2026-09-03,legumes,batata-ceasas,Batata - Ceasas,Agatha Primeira,,variacao_pct,16.67,"+16,67",%,change_pct,,pct,spot,,,physical
2026-09-03,legumes,batata-ceasas,Batata - Ceasas,Aster Primeira,,preco,,s/ cotação,R$/Kg,price,BRL,kg,spot,,,physical
2026-09-03,legumes,batata-ceasas,Batata - Ceasas,Aster Primeira,,variacao_pct,,-,%,change_pct,,pct,spot,,,physical
2026-09-03,legumes,batata-ceasas,Batata - Ceasas,Asterix,,preco,4.33,"4,33",R$/Kg,price,BRL,kg,spot,,,physical
2026-09-03,legumes,batata-ceasas,Batata - Ceasas,Asterix,,variacao_pct,20.28,"+20,28",%,change_pct,,pct,spot,,,physical
2026-09-03,legumes,batata-ceasas,Batata - Ceasas,Escovada Especial,,preco,,s/ cotação,R$/Kg,price,BRL,kg,spot,,,physical
2026-09-03,legumes,batata-ceasas,Batata - Ceasas,Escovada Especial,,variacao_pct,,-,%,change_pct,,pct,spot,,,physical
2026-09-03,legumes,batata-ceasas,Batata - Ceasas,Lavada Especial,,preco,5.01,"5,01",R$/Kg,price,BRL,kg,spot,,,physical
2026-09-03,legumes,batata-ceasas,Batata - Ceasas,Lavada Especial,,variacao_pct,20.72,"+20,72",%,change_pct,,pct,spot,,,physical
2026-09-03,legumes,batata-ceasas,Batata - Ceasas,Yacon,,preco,5.5,"5,50",R$/Kg,price,BRL,kg,spot,,,physical
2026-09-03,legumes,batata-ceasas,Batata - Ceasas,Yacon,,variacao_pct,0.0,"0,00",%,change_pct,,pct,spot,,,physical
2026-09-03,legumes,cebola-no-atacado,Cebola - Ceasas,Amarela Mineira,,preco,4.5,"4,50",R$/Kg,price,BRL,kg,spot,,,physical
2026-09-03,legumes,cebola-no-atacado,Cebola - Ceasas,Amarela Mineira,,variacao_pct,-10.0,"-10,00",%,change_pct,,pct,spot,,,physical
2026-09-03,legumes,cebola-no-atacado,Cebola - Ceasas,Amarela Paulista,,preco,4.5,"4,50",R$/Kg,price,BRL,kg,spot,,,physical
2026-09-03,legumes,cebola-no-atacado,Cebola - Ceasas,Amarela Paulista,,variacao_pct,0.0,"0,00",%,change_pct,,pct,spot,,,physical
2026-09-03,legumes,cebola-no-atacado,Cebola - Ceasas,Amarela Pernambucana,,preco,,s/ cotação,R$/Kg,price,BRL,kg,spot,,,physical
2026-09-03,legumes,cebola-no-atacado,Cebola - Ceasas,Amarela Pernambucana,,variacao_pct,,-,%,change_pct,,pct,spot,,,physical
2026-09-03,legumes,cebola-no-atacado,Cebola - Ceasas,Amarela Santa Catarina,,preco,,s/ cotação,R$/Kg,price,BRL,kg,spot,,,physical
2026-09-03,legumes,cebola-no-atacado,Cebola - Ceasas,Amarela Santa Catarina,,variacao_pct,,-,%,change_pct,,pct,spot,,,physical
2026-09-03,legumes,cebola-no-atacado,Cebola - Ceasas,Importada Argentina,,preco,,s/ cotação,R$/Kg,price,BRL,kg,spot,,,physical
2026-09-03,legumes,cebola-no-atacado,Cebola - Ceasas,Importada Argentina,,variacao_pct,,-,%,change_pct,,pct,spot,,,physical
2026-09-03,legumes,cebola-no-atacado,Cebola - Ceasas,Nacional (Caixa 4),,preco,4.66,"4,66",R$/Kg,price,BRL,kg,spot,,,physical
2026-09-03,legumes,cebola-no-atacado,Cebola - Ceasas,Nacional (Caixa 4),,variacao_pct,5.43,"+5,43",%,change_pct,,pct,spot,,,physical
2026-09-03,legumes,cebola-no-atacado,Cebola - Ceasas,Roxa (Caixa 4),,preco,5.26,"5,26",R$/Kg,price,BRL,kg,spot,,,physical
2026-09-03,legumes,cebola-no-atacado,Cebola - Ceasas,Roxa (Caixa 4),,variacao_pct,3.75,"+3,75",%,change_pct,,pct,spot,,,physical
2026-09-03,legumes,cenoura-ceasas,Cenoura - Ceasas,Cenoura 2A,,preco,3.6,"3,60",R$/Kg,price,BRL,kg,spot,,,physical
2026-09-03,legumes,cenoura-ceasas,Cenoura - Ceasas,Cenoura 2A,,variacao_pct,0.56,"+0,56",%,change_pct,,pct,spot,,,physical
2026-09-03,legumes,cenoura-ceasas,Cenoura - Ceasas,Cenoura G,,preco,3.23,"3,23",R$/Kg,price,BRL,kg,spot,,,physical
2026-09-03,legumes,cenoura-ceasas,Cenoura - Ceasas,Cenoura G,,variacao_pct,1.25,"+1,25",%,change_pct,,pct,spot,,,physical
2026-09-03,legumes,cenoura-ceasas,Cenoura - Ceasas,Especial,,preco,2.5,"2,50",R$/Kg,price,BRL,kg,spot,,,physical
2026-09-03,legumes,cenoura-ceasas,Cenoura - Ceasas,Especial,,variacao_pct,0.0,"0,00",%,change_pct,,pct,spot,,,physical
2026-09-03,legumes,cenoura-ceasas,Cenoura - Ceasas,Extra,,preco,2.0,"2,00",R$/Kg,price,BRL,kg,spot,,,physical
2026-09-03,legumes,cenoura-ceasas,Cenoura - Ceasas,Extra,,variacao_pct,-20.0,"-20,00",%,change_pct,,pct,spot,,,physical
2026-09-03,legumes,cenoura-ceasas,Cenoura - Ceasas,Extra A,,preco,3.5,"3,50",R$/Kg,price,BRL,kg,spot,,,physical
2026-09-03,legumes,cenoura-ceasas,Cenoura - Ceasas,Extra A,,variacao_pct,0.0,"0,00",%,change_pct,,pct,spot,,,physical
2026-09-03,legumes,tomate-ceasas,Tomate - Ceasas,Carmem 3A,,preco,7.03,"7,03",R$/Kg,price,BRL,kg,spot,,,physical
2026-09-03,legumes,tomate-ceasas,Tomate - Ceasas,Carmem 3A,,variacao_pct,7.33,"+7,33",%,change_pct,,pct,spot,,,physical
2026-09-03,legumes,tomate-ceasas,Tomate - Ceasas,Débora 3A,,preco,6.68,"6,68",R$/Kg,price,BRL,kg,spot,,,physical
2026-09-03,legumes,tomate-ceasas,Tomate - Ceasas,Débora 3A,,variacao_pct,9.15,"+9,15",%,change_pct,,pct,spot,,,physical
2026-09-03,legumes,tomate-ceasas,Tomate - Ceasas,Longa Vida/Carmem Extra,,preco,5.75,"5,75",R$/Kg,price,BRL,kg,spot,,,physical
2026-09-03,legumes,tomate-ceasas,Tomate - Ceasas,Longa Vida/Carmem Extra,,variacao_pct,0.0,"0,00",%,change_pct,,pct,spot,,,physical
2026-09-03,legumes,tomate-ceasas,Tomate - Ceasas,Longa Vida/Débora Extra,,preco,6.75,"6,75",R$/Kg,price,BRL,kg,spot,,,physical
2026-09-03,legumes,tomate-ceasas,Tomate - Ceasas,Longa Vida/Débora Extra,,variacao_pct,0.0,"0,00",%,change_pct,,pct,spot,,,physical
2026-09-03,legumes,tomate-ceasas,Tomate - Ceasas,Longa Vida/Extra A,,preco,3.5,"3,50",R$/Kg,price,BRL,kg,spot,,,physical
2026-09-03,legumes,tomate-ceasas,Tomate - Ceasas,Longa Vida/Extra A,,variacao_pct,16.67,"+16,67",%,change_pct,,pct,spot,,,physical
2026-09-03,legumes,tomate-ceasas,Tomate - Ceasas,Santa Cruz/Extra A,,preco,,s/ cotação,R$/Kg,price,BRL,kg,spot,,,physical
2026-09-03,legumes,tomate-ceasas,Tomate - Ceasas,Santa Cruz/Extra A,,variacao_pct,,-,%,change_pct,,pct,spot,,,physical
2026-09-04,legumes,batata-ceasas,Batata - Ceasas,Agatha Primeira,,preco,1.8,"1,80",R$/Kg,price,BRL,kg,spot,,,physical
2026-09-04,legumes,batata-ceasas,Batata - Ceasas,Agatha Primeira,,variacao_pct,-35.71,"-35,71",%,change_pct,,pct,spot,,,physical
2026-09-04,legumes,batata-ceasas,Batata - Ceasas,Aster Primeira,,preco,,s/ cotação,R$/Kg,price,BRL,kg,spot,,,physical
2026-09-04,legumes,batata-ceasas,Batata - Ceasas,Aster Primeira,,variacao_pct,,-,%,change_pct,,pct,spot,,,physical
2026-09-04,legumes,batata-ceasas,Batata - Ceasas,Asterix,,preco,4.33,"4,33",R$/Kg,price,BRL,kg,spot,,,physical
2026-09-04,legumes,batata-ceasas,Batata - Ceasas,Asterix,,variacao_pct,0.0,"0,00",%,change_pct,,pct,spot,,,physical
2026-09-04,legumes,batata-ceasas,Batata - Ceasas,Escovada Especial,,preco,,s/ cotação,R$/Kg,price,BRL,kg,spot,,,physical
2026-09-04,legumes,batata-ceasas,Batata - Ceasas,Escovada Especial,,variacao_pct,,-,%,change_pct,,pct,spot,,,physical
2026-09-04,legumes,batata-ceasas,Batata - Ceasas,Lavada Especial,,preco,5.01,"5,01",R$/Kg,price,BRL,kg,spot,,,physical
2026-09-04,legumes,batata-ceasas,Batata - Ceasas,Lavada Especial,,variacao_pct,0.0,"0,00",%,change_pct,,pct,spot,,,physical
2026-09-04,legumes,batata-ceasas,Batata - Ceasas,Yacon,,preco,5.5,"5,50",R$/Kg,price,BRL,kg,spot,,,physical
2026-09-04,legumes,batata-ceasas,Batata - Ceasas,Yacon,,variacao_pct,0.0,"0,00",%,change_pct,,pct,spot,,,physical
2026-09-04,legumes,cebola-no-atacado,Cebola - Ceasas,Amarela Mineira,,preco,4.5,"4,50",R$/Kg,price,BRL,kg,spot,,,physical
2026-09-04,legumes,cebola-no-atacado,Cebola - Ceasas,Amarela Mineira,,variacao_pct,0.0,"0,00",%,change_pct,,pct,spot,,,physical
2026-09-04,legumes,cebola-no-atacado,Cebola - Ceasas,Amarela Paulista,,preco,5.0,"5,00",R$/Kg,price,BRL,kg,spot,,,physical
2026-09-04,legumes,cebola-no-atacado,Cebola - Ceasas,Amarela Paulista,,variacao_pct,11.11,"+11,11",%,change_pct,,pct,spot,,,physical
2026-09-04,legumes,cebola-no-atacado,Cebola - Ceasas,Amarela Pernambucana,,preco,,s/ cotação,R$/Kg,price,BRL,kg,spot,,,physical
2026-09-04,legumes,cebola-no-atacado,Cebola - Ceasas,Amarela Pernambucana,,variacao_pct,,-,%,change_pct,,pct,spot,,,physical
2026-09-04,legumes,cebola-no-atacado,Cebola - Ceasas,Amarela Santa Catarina,,preco,,s/ cotação,R$/Kg,price,BRL,kg,spot,,,physical
2026-09-04,legumes,cebola-no-atacado,Cebola - Ceasas,Amarela Santa Catarina,,variacao_pct,,-,%,change_pct,,pct,spot,,,physical
2026-09-04,legumes,cebola-no-atacado,Cebola - Ceasas,Importada Argentina,,preco,,s/ cotação,R$/Kg,price,BRL,kg,spot,,,physical
2026-09-04,legumes,cebola-no-atacado,Cebola - Ceasas,Importada Argentina,,variacao_pct,,-,%,change_pct,,pct,spot,,,physical
2026-09-04,legumes,cebola-no-atacado,Cebola - Ceasas,Nacional (Caixa 4),,preco,4.66,"4,66",R$/Kg,price,BRL,kg,spot,,,physical
2026-09-04,legumes,cebola-no-atacado,Cebola - Ceasas,Nacional (Caixa 4),,variacao_pct,0.0,"0,00",%,change_pct,,pct,spot,,,physical
2026-09-04,legumes,cebola-no-atacado,Cebola - Ceasas,Roxa (Caixa 4),,preco,5.26,"5,26",R$/Kg,price,BRL,kg,spot,,,physical
2026-09-04,legumes,cebola-no-atacado,Cebola - Ceasas,Roxa (Caixa 4),,variacao_pct,0.0,"0,00",%,change_pct,,pct,spot,,,physical
2026-09-04,legumes,cenoura-ceasas,Cenoura - Ceasas,Cenoura 2A,,preco,3.6,"3,60",R$/Kg,price,BRL,kg,spot,,,physical
2026-09-04,legumes,cenoura-ceasas,Cenoura - Ceasas,Cenoura 2A,,variacao_pct,0.0,"0,00",%,change_pct,,pct,spot,,,physical
2026-09-04,legumes,cenoura-ceasas,Cenoura - Ceasas,Cenoura G,,preco,3.23,"3,23",R$/Kg,price,BRL,kg,spot,,,physical
2026-09-04,legumes,cenoura-ceasas,Cenoura - Ceasas,Cenoura G,,variacao_pct,0.0,"0,00",%,change_pct,,pct,spot,,,physical
2026-09-04,legumes,cenoura-ceasas,Cenoura - Ceasas,Especial,,preco,2.5,"2,50",R$/Kg,price,BRL,kg,spot,,,physical
2026-09-04,legumes,cenoura-ceasas,Cenoura - Ceasas,Especial,,variacao_pct,0.0,"0,00",%,change_pct,,pct,spot,,,physical
2026-09-04,legumes,cenoura-ceasas,Cenoura - Ceasas,Extra,,preco,2.0,"2,00",R$/Kg,price,BRL,kg,spot,,,physical
2026-09-04,legumes,cenoura-ceasas,Cenoura - Ceasas,Extra,,variacao_pct,0.0,"0,00",%,change_pct,,pct,spot,,,physical
2026-09-04,legumes,cenoura-ceasas,Cenoura - Ceasas,Extra A,,preco,3.5,"3,50",R$/Kg,price,BRL,kg,spot,,,physical
2026-09-04,legumes,cenoura-ceasas,Cenoura - Ceasas,Extra A,,variacao_pct,0.0,"0,00",%,change_pct,,pct,spot,,,physical
2026-09-04,legumes,tomate-ceasas,Tomate - Ceasas,Carmem 3A,,preco,7.03,"7,03",R$/Kg,price,BRL,kg,spot,,,physical
2026-09-04,legumes,tomate-ceasas,Tomate - Ceasas,Carmem 3A,,variacao_pct,0.0,"0,00",%,change_pct,,pct,spot,,,physical
2026-09-04,legumes,tomate-ceasas,Tomate - Ceasas,Débora 3A,,preco,6.68,"6,68",R$/Kg,price,BRL,kg,spot,,,physical
2026-09-04,legumes,tomate-ceasas,Tomate - Ceasas,Débora 3A,,variacao_pct,0.0,"0,00",%,change_pct,,pct,spot,,,physical
2026-09-04,legumes,tomate-ceasas,Tomate - Ceasas,Longa Vida/Carmem Extra,,preco,8.0,"8,00",R$/Kg,price,BRL,kg,spot,,,physical
2026-09-04,legumes,tomate-ceasas,Tomate - Ceasas,Longa Vida/Carmem Extra,,variacao_pct,39.13,"+39,13",%,change_pct,,pct,spot,,,physical
2026-09-04,legumes,tomate-ceasas,Tomate - Ceasas,Longa Vida/Débora Extra,,preco,9.0,"9,00",R$/Kg,price,BRL,kg,spot,,,physical
2026-09-04,legumes,tomate-ceasas,Tomate - Ceasas,Longa Vida/Débora Extra,,variacao_pct,33.33,"+33,33",%,change_pct,,pct,spot,,,physical
2026-09-04,legumes,tomate-ceasas,Tomate - Ceasas,Longa Vida/Extra A,,preco,3.5,"3,50",R$/Kg,price,BRL,kg,spot,,,physical
2026-09-04,legumes,tomate-ceasas,Tomate - Ceasas,Longa Vida/Extra A,,variacao_pct,0.0,"0,00",%,change_pct,,pct,spot,,,physical
2026-09-04,legumes,tomate-ceasas,Tomate - Ceasas,Santa Cruz/Extra A,,preco,,s/ cotação,R$/Kg,price,BRL,kg,spot,,,physical
2026-09-04,legumes,tomate-ceasas,Tomate - Ceasas,Santa Cruz/Extra A,,variacao_pct,,-,%,change_pct,,pct,spot,,,physical
