date,commodity,indicator,indicator_name,location,contract_month,column_name,value,value_raw,unit,measure,currency,unit_std,price_basis,contract,state,market_type
2025-11-03,ovos,preco-medio-ovos-ao-produtor,Preço Médio - Ovos Branco ao Produtor,Amazonas,,preco,191.0,"191,00",R$/30 dz,price,BRL,30dz,spot,,AM,physical
2025-11-03,ovos,preco-medio-ovos-ao-produtor,Preço Médio - Ovos Branco ao Produtor,Amazonas,,variacao_pct,3.24,"+3,24",%,change_pct,,pct,spot,,AM,physical
2025-11-03,ovos,preco-medio-ovos-ao-produtor,Preço Médio - Ovos Branco ao Produtor,Distrito Federal,,preco,134.93,"134,93",R$/30 dz,price,BRL,30dz,spot,,DF,physical
2025-11-03,ovos,preco-medio-ovos-ao-produtor,Preço Médio - Ovos Branco ao Produtor,Distrito Federal,,variacao_pct,-1.94,"-1,94",%,change_pct,,pct,spot,,DF,physical
2025-11-03,ovos,preco-medio-ovos-ao-produtor,Preço Médio - Ovos Branco ao Produtor,Goiás,,preco,165.0,"165,00",R$/30 dz,price,BRL,30dz,spot,,GO,physical
2025-11-03,ovos,preco-medio-ovos-ao-produtor,Preço Médio - Ovos Branco ao Produtor,Goiás,,variacao_pct,0.0,"0,00",%,change_pct,,pct,spot,,GO,physical
2025-11-03,ovos,preco-medio-ovos-ao-produtor,Preço Médio - Ovos Branco ao Produtor,Mato Grosso do Sul,,preco,,s/ cotação,R$/30 dz,price,BRL,30dz,spot,,MS,physical
2025-11-03,ovos,preco-medio-ovos-ao-produtor,Preço Médio - Ovos Branco ao Produtor,Mato Grosso do Sul,,variacao_pct,,-,%,change_pct,,pct,spot,,MS,physical
2025-11-03,ovos,preco-medio-ovos-ao-produtor,Preço Médio - Ovos Branco ao Produtor,Paraná,,preco,148.08,"148,08",R$/30 dz,price,BRL,30dz,spot,,PR,physical
2025-11-03,ovos,preco-medio-ovos-ao-produtor,Preço Médio - Ovos Branco ao Produtor,Paraná,,variacao_pct,-1.44,"-1,44",%,change_pct,,pct,spot,,PR,physical
2025-11-03,ovos,preco-medio-ovos-ao-produtor,Preço Médio - Ovos Branco ao Produtor,Rondônia,,preco,215.0,"215,00",R$/30 dz,price,BRL,30dz,spot,,RO,physical
2025-11-03,ovos,preco-medio-ovos-ao-produtor,Preço Médio - Ovos Branco ao Produtor,Rondônia,,variacao_pct,,-,%,change_pct,,pct,spot,,RO,physical
2025-11-03,ovos,preco-medio-ovos-ao-produtor,Preço Médio - Ovos Branco ao Produtor,Semana Referente de:,,preco,,27/10/25 a 31/10/25,R$/30 dz,price,BRL,30dz,spot,,,physical
2025-11-03,ovos,preco-medio-ovos-ao-produtor,Preço Médio - Ovos Branco ao Produtor,Semana Referente de:,,variacao_pct,,,%,change_pct,,pct,spot,,,physical
2025-11-03,ovos,preco-medio-ovos-ao-produtor,Preço Médio - Ovos Branco ao Produtor,São Paulo,,preco,133.5,"133,50",R$/30 dz,price,BRL,30dz,spot,,SP,physical
2025-11-03,ovos,preco-medio-ovos-ao-produtor,Preço Médio - Ovos Branco ao Produtor,São Paulo,,variacao_pct,-3.61,"-3,61",%,change_pct,,pct,spot,,SP,physical
2025-11-10,ovos,preco-medio-ovos-ao-produtor,Preço Médio - Ovos Branco ao Produtor,Amazonas,,preco,190.0,"190,00",R$/30 dz,price,BRL,30dz,spot,,AM,physical
2025-11-10,ovos,preco-medio-ovos-ao-produtor,Preço Médio - Ovos Branco ao Produtor,Amazonas,,variacao_pct,-0.52,"-0,52",%,change_pct,,pct,spot,,AM,physical
2025-11-10,ovos,preco-medio-ovos-ao-produtor,Preço Médio - Ovos Branco ao Produtor,Distrito Federal,,preco,129.6,"129,60",R$/30 dz,price,BRL,30dz,spot,,DF,physical
2025-11-10,ovos,preco-medio-ovos-ao-produtor,Preço Médio - Ovos Branco ao Produtor,Distrito Federal,,variacao_pct,-3.95,"-3,95",%,change_pct,,pct,spot,,DF,physical
2025-11-10,ovos,preco-medio-ovos-ao-produtor,Preço Médio - Ovos Branco ao Produtor,Goiás,,preco,165.0,"165,00",R$/30 dz,price,BRL,30dz,spot,,GO,physical
2025-11-10,ovos,preco-medio-ovos-ao-produtor,Preço Médio - Ovos Branco ao Produtor,Goiás,,variacao_pct,0.0,"0,00",%,change_pct,,pct,spot,,GO,physical
2025-11-10,ovos,preco-medio-ovos-ao-produtor,Preço Médio - Ovos Branco ao Produtor,Mato Grosso do Sul,,preco,,s/ cotação,R$/30 dz,price,BRL,30dz,spot,,MS,physical
2025-11-10,ovos,preco-medio-ovos-ao-produtor,Preço Médio - Ovos Branco ao Produtor,Mato Grosso do Sul,,variacao_pct,,-,%,change_pct,,pct,spot,,MS,physical
2025-11-10,ovos,preco-medio-ovos-ao-produtor,Preço Médio - Ovos Branco ao Produtor,Paraná,,preco,151.33,"151,33",R$/30 dz,price,BRL,30dz,spot,,PR,physical
2025-11-10,ovos,preco-medio-ovos-ao-produtor,Preço Médio - Ovos Branco ao Produtor,Paraná,,variacao_pct,2.19,"+2,19",%,change_pct,,pct,spot,,PR,physical
2025-11-10,ovos,preco-medio-ovos-ao-produtor,Preço Médio - Ovos Branco ao Produtor,Rondônia,,preco,215.0,"215,00",R$/30 dz,price,BRL,30dz,spot,,RO,physical
2025-11-10,ovos,preco-medio-ovos-ao-produtor,Preço Médio - Ovos Branco ao Produtor,Rondônia,,variacao_pct,0.0,"0,00",%,change_pct,,pct,spot,,RO,physical
2025-11-10,ovos,preco-medio-ovos-ao-produtor,Preço Médio - Ovos Branco ao Produtor,Semana Referente de:,,preco,,03/11/25 a 07/11/25,R$/30 dz,price,BRL,30dz,spot,,,physical
2025-11-10,ovos,preco-medio-ovos-ao-produtor,Preço Médio - Ovos Branco ao Produtor,Semana Referente de:,,variacao_pct,,,%,change_pct,,pct,spot,,,physical
2025-11-10,ovos,preco-medio-ovos-ao-produtor,Preço Médio - Ovos Branco ao Produtor,São Paulo,,preco,140.0,"140,00",R$/30 dz,price,BRL,30dz,spot,,SP,physical
2025-11-10,ovos,preco-medio-ovos-ao-produtor,Preço Médio - Ovos Branco ao Produtor,São Paulo,,variacao_pct,4.87,"+4,87",%,change_pct,,pct,spot,,SP,physical
2025-11-17,ovos,preco-medio-ovos-ao-produtor,Preço Médio - Ovos Branco ao Produtor,Amazonas,,preco,190.0,"190,00",R$/30 dz,price,BRL,30dz,spot,,AM,physical
2025-11-17,ovos,preco-medio-ovos-ao-produtor,Preço Médio - Ovos Branco ao Produtor,Amazonas,,variacao_pct,0.0,"0,00",%,change_pct,,pct,spot,,AM,physical
2025-11-17,ovos,preco-medio-ovos-ao-produtor,Preço Médio - Ovos Branco ao Produtor,Distrito Federal,,preco,133.6,"133,60",R$/30 dz,price,BRL,30dz,spot,,DF,physical
2025-11-17,ovos,preco-medio-ovos-ao-produtor,Preço Médio - Ovos Branco ao Produtor,Distrito Federal,,variacao_pct,3.09,"+3,09",%,change_pct,,pct,spot,,DF,physical
2025-11-17,ovos,preco-medio-ovos-ao-produtor,Preço Médio - Ovos Branco ao Produtor,Goiás,,preco,165.0,"165,00",R$/30 dz,price,BRL,30dz,spot,,GO,physical
2025-11-17,ovos,preco-medio-ovos-ao-produtor,Preço Médio - Ovos Branco ao Produtor,Goiás,,variacao_pct,0.0,"0,00",%,change_pct,,pct,spot,,GO,physical
2025-11-17,ovos,preco-medio-ovos-ao-produtor,Preço Médio - Ovos Branco ao Produtor,Mato Grosso do Sul,,preco,,s/ cotação,R$/30 dz,price,BRL,30dz,spot,,MS,physical
2025-11-17,ovos,preco-medio-ovos-ao-produtor,Preço Médio - Ovos Branco ao Produtor,Mato Grosso do Sul,,variacao_pct,,-,%,change_pct,,pct,spot,,MS,physical
2025-11-17,ovos,preco-medio-ovos-ao-produtor,Preço Médio - Ovos Branco ao Produtor,Paraná,,preco,148.08,"148,08",R$/30 dz,price,BRL,30dz,spot,,PR,physical
2025-11-17,ovos,preco-medio-ovos-ao-produtor,Preço Médio - Ovos Branco ao Produtor,Paraná,,variacao_pct,-2.15,"-2,15",%,change_pct,,pct,spot,,PR,physical
2025-11-17,ovos,preco-medio-ovos-ao-produtor,Preço Médio - Ovos Branco ao Produtor,Rondônia,,preco,,s/ cotação,R$/30 dz,price,BRL,30dz,spot,,RO,physical
2025-11-17,ovos,preco-medio-ovos-ao-produtor,Preço Médio - Ovos Branco ao Produtor,Rondônia,,variacao_pct,,-,%,change_pct,,pct,spot,,RO,physical
2025-11-17,ovos,preco-medio-ovos-ao-produtor,Preço Médio - Ovos Branco ao Produtor,Semana Referente de:,,preco,,10/11/25 a 14/11/25,R$/30 dz,price,BRL,30dz,spot,,,physical
2025-11-17,ovos,preco-medio-ovos-ao-produtor,Preço Médio - Ovos Branco ao Produtor,Semana Referente de:,,variacao_pct,,,%,change_pct,,pct,spot,,,physical
2025-11-17,ovos,preco-medio-ovos-ao-produtor,Preço Médio - Ovos Branco ao Produtor,São Paulo,,preco,133.5,"133,50",R$/30 dz,price,BRL,30dz,spot,,SP,physical
2025-11-17,ovos,preco-medio-ovos-ao-produtor,Preço Médio - Ovos Branco ao Produtor,São Paulo,,variacao_pct,-4.64,"-4,64",%,change_pct,,pct,spot,,SP,physical
2025-11-24,ovos,preco-medio-ovos-ao-produtor,Preço Médio - Ovos Branco ao Produtor,Amazonas,,preco,,s/ cotação,R$/30 dz,price,BRL,30dz,spot,,AM,physical
2025-11-24,ovos,preco-medio-ovos-ao-produtor,Preço Médio - Ovos Branco ao Produtor,Amazonas,,variacao_pct,,-,%,change_pct,,pct,spot,,AM,physical
2025-11-24,ovos,preco-medio-ovos-ao-produtor,Preço Médio - Ovos Branco ao Produtor,Distrito Federal,,preco,133.6,"133,60",R$/30 dz,price,BRL,30dz,spot,,DF,physical
2025-11-24,ovos,preco-medio-ovos-ao-produtor,Preço Médio - Ovos Branco ao Produtor,Distrito Federal,,variacao_pct,0.0,"0,00",%,change_pct,,pct,spot,,DF,physical
2025-11-24,ovos,preco-medio-ovos-ao-produtor,Preço Médio - Ovos Branco ao Produtor,Goiás,,preco,158.0,"158,00",R$/30 dz,price,BRL,30dz,spot,,GO,physical
2025-11-24,ovos,preco-medio-ovos-ao-produtor,Preço Médio - Ovos Branco ao Produtor,Goiás,,variacao_pct,-4.24,"-4,24",%,change_pct,,pct,spot,,GO,physical
2025-11-24,ovos,preco-medio-ovos-ao-produtor,Preço Médio - Ovos Branco ao Produtor,Mato Grosso do Sul,,preco,,s/ cotação,R$/30 dz,price,BRL,30dz,spot,,MS,physical
2025-11-24,ovos,preco-medio-ovos-ao-produtor,Preço Médio - Ovos Branco ao Produtor,Mato Grosso do Sul,,variacao_pct,,-,%,change_pct,,pct,spot,,MS,physical
2025-11-24,ovos,preco-medio-ovos-ao-produtor,Preço Médio - Ovos Branco ao Produtor,Paraná,,preco,,s/ cotação,R$/30 dz,price,BRL,30dz,spot,,PR,physical
2025-11-24,ovos,preco-medio-ovos-ao-produtor,Preço Médio - Ovos Branco ao Produtor,Paraná,,variacao_pct,,-,%,change_pct,,pct,spot,,PR,physical
2025-11-24,ovos,preco-medio-ovos-ao-produtor,Preço Médio - Ovos Branco ao Produtor,Rondônia,,preco,215.0,"215,00",R$/30 dz,price,BRL,30dz,spot,,RO,physical
2025-11-24,ovos,preco-medio-ovos-ao-produtor,Preço Médio - Ovos Branco ao Produtor,Rondônia,,variacao_pct,,-,%,change_pct,,pct,spot,,RO,physical
2025-11-24,ovos,preco-medio-ovos-ao-produtor,Preço Médio - Ovos Branco ao Produtor,Semana Referente de:,,preco,,17/11/25 a 21/11/25,R$/30 dz,price,BRL,30dz,spot,,,physical
2025-11-24,ovos,preco-medio-ovos-ao-produtor,Preço Médio - Ovos Branco ao Produtor,Semana Referente de:,,variacao_pct,,,%,change_pct,,pct,spot,,,physical
2025-11-24,ovos,preco-medio-ovos-ao-produtor,Preço Médio - Ovos Branco ao Produtor,São Paulo,,preco,123.5,"123,50",R$/30 dz,price,BRL,30dz,spot,,SP,physical
2025-11-24,ovos,preco-medio-ovos-ao-produtor,Preço Médio - Ovos Branco ao Produtor,São Paulo,,variacao_pct,-7.49,"-7,49",%,change_pct,,pct,spot,,SP,physical
2025-12-01,ovos,preco-medio-ovos-ao-produtor,Preço Médio - Ovos Branco ao Produtor,Amazonas,,preco,203.0,"203,00",R$/30 dz,price,BRL,30dz,spot,,AM,physical
2025-12-01,ovos,preco-medio-ovos-ao-produtor,Preço Médio - Ovos Branco ao Produtor,Amazonas,,variacao_pct,,-,%,change_pct,,pct,spot,,AM,physical
2025-12-01,ovos,preco-medio-ovos-ao-produtor,Preço Médio - Ovos Branco ao Produtor,Distrito Federal,,preco,128.0,"128,00",R$/30 dz,price,BRL,30dz,spot,,DF,physical
2025-12-01,ovos,preco-medio-ovos-ao-produtor,Preço Médio - Ovos Branco ao Produtor,Distrito Federal,,variacao_pct,-4.19,"-4,19",%,change_pct,,pct,spot,,DF,physical
2025-12-01,ovos,preco-medio-ovos-ao-produtor,Preço Médio - Ovos Branco ao Produtor,Goiás,,preco,143.0,"143,00",R$/30 dz,price,BRL,30dz,spot,,GO,physical
2025-12-01,ovos,preco-medio-ovos-ao-produtor,Preço Médio - Ovos Branco ao Produtor,Goiás,,variacao_pct,-9.49,"-9,49",%,change_pct,,pct,spot,,GO,physical
2025-12-01,ovos,preco-medio-ovos-ao-produtor,Preço Médio - Ovos Branco ao Produtor,Mato Grosso do Sul,,preco,,s/ cotação,R$/30 dz,price,BRL,30dz,spot,,MS,physical
2025-12-01,ovos,preco-medio-ovos-ao-produtor,Preço Médio - Ovos Branco ao Produtor,Mato Grosso do Sul,,variacao_pct,,-,%,change_pct,,pct,spot,,MS,physical
2025-12-01,ovos,preco-medio-ovos-ao-produtor,Preço Médio - Ovos Branco ao Produtor,Paraná,,preco,140.92,"140,92",R$/30 dz,price,BRL,30dz,spot,,PR,physical
2025-12-01,ovos,preco-medio-ovos-ao-produtor,Preço Médio - Ovos Branco ao Produtor,Paraná,,variacao_pct,,-,%,change_pct,,pct,spot,,PR,physical
2025-12-01,ovos,preco-medio-ovos-ao-produtor,Preço Médio - Ovos Branco ao Produtor,Rondônia,,preco,210.97,"210,97",R$/30 dz,price,BRL,30dz,spot,,RO,physical
2025-12-01,ovos,preco-medio-ovos-ao-produtor,Preço Médio - Ovos Branco ao Produtor,Rondônia,,variacao_pct,-1.87,"-1,87",%,change_pct,,pct,spot,,RO,physical
2025-12-01,ovos,preco-medio-ovos-ao-produtor,Preço Médio - Ovos Branco ao Produtor,Semana Referente de:,,preco,,24/11/25 a 28/11/25,R$/30 dz,price,BRL,30dz,spot,,,physical
2025-12-01,ovos,preco-medio-ovos-ao-produtor,Preço Médio - Ovos Branco ao Produtor,Semana Referente de:,,variacao_pct,,,%,change_pct,,pct,spot,,,physical
2025-12-01,ovos,preco-medio-ovos-ao-produtor,Preço Médio - Ovos Branco ao Produtor,São Paulo,,preco,123.5,"123,50",R$/30 dz,price,BRL,30dz,spot,,SP,physical
2025-12-01,ovos,preco-medio-ovos-ao-produtor,Preço Médio - Ovos Branco ao Produtor,São Paulo,,variacao_pct,0.0,"0,00",%,change_pct,,pct,spot,,SP,physical
2025-12-08,ovos,preco-medio-ovos-ao-produtor,Preço Médio - Ovos Branco ao Produtor,Amazonas,,preco,,s/ cotação,R$/30 dz,price,BRL,30dz,spot,,AM,physical
2025-12-08,ovos,preco-medio-ovos-ao-produtor,Preço Médio - Ovos Branco ao Produtor,Amazonas,,variacao_pct,,-,%,change_pct,,pct,spot,,AM,physical
2025-12-08,ovos,preco-medio-ovos-ao-produtor,Preço Médio - Ovos Branco ao Produtor,Distrito Federal,,preco,128.0,"128,00",R$/30 dz,price,BRL,30dz,spot,,DF,physical
2025-12-08,ovos,preco-medio-ovos-ao-produtor,Preço Médio - Ovos Branco ao Produtor,Distrito Federal,,variacao_pct,0.0,"0,00",%,change_pct,,pct,spot,,DF,physical
2025-12-08,ovos,preco-medio-ovos-ao-produtor,Preço Médio - Ovos Branco ao Produtor,Goiás,,preco,140.0,"140,00",R$/30 dz,price,BRL,30dz,spot,,GO,physical
2025-12-08,ovos,preco-medio-ovos-ao-produtor,Preço Médio - Ovos Branco ao Produtor,Goiás,,variacao_pct,-2.1,"-2,10",%,change_pct,,pct,spot,,GO,physical
2025-12-08,ovos,preco-medio-ovos-ao-produtor,Preço Médio - Ovos Branco ao Produtor,Mato Grosso do Sul,,preco,,s/ cotação,R$/30 dz,price,BRL,30dz,spot,,MS,physical
2025-12-08,ovos,preco-medio-ovos-ao-produtor,Preço Médio - Ovos Branco ao Produtor,Mato Grosso do Sul,,variacao_pct,,-,%,change_pct,,pct,spot,,MS,physical
2025-12-08,ovos,preco-medio-ovos-ao-produtor,Preço Médio - Ovos Branco ao Produtor,Paraná,,preco,151.23,"151,23",R$/30 dz,price,BRL,30dz,spot,,PR,physical
2025-12-08,ovos,preco-medio-ovos-ao-produtor,Preço Médio - Ovos Branco ao Produtor,Paraná,,variacao_pct,7.32,"+7,32",%,change_pct,,pct,spot,,PR,physical
2025-12-08,ovos,preco-medio-ovos-ao-produtor,Preço Médio - Ovos Branco ao Produtor,Rondônia,,preco,,s/ cotação,R$/30 dz,price,BRL,30dz,spot,,RO,physical
2025-12-08,ovos,preco-medio-ovos-ao-produtor,Preço Médio - Ovos Branco ao Produtor,Rondônia,,variacao_pct,,-,%,change_pct,,pct,spot,,RO,physical
2025-12-08,ovos,preco-medio-ovos-ao-produtor,Preço Médio - Ovos Branco ao Produtor,Semana Referente de:,,preco,,01/12/25 a 05/12/25,R$/30 dz,price,BRL,30dz,spot,,,physical
2025-12-08,ovos,preco-medio-ovos-ao-produtor,Preço Médio - Ovos Branco ao Produtor,Semana Referente de:,,variacao_pct,,,%,change_pct,,pct,spot,,,physical
2025-12-08,ovos,preco-medio-ovos-ao-produtor,Preço Médio - Ovos Branco ao Produtor,São Paulo,,preco,127.44,"127,44",R$/30 dz,price,BRL,30dz,spot,,SP,physical
2025-12-08,ovos,preco-medio-ovos-ao-produtor,Preço Médio - Ovos Branco ao Produtor,São Paulo,,variacao_pct,3.19,"+3,19",%,change_pct,,pct,spot,,SP,physical
2025-12-18,ovos,preco-medio-ovos-ao-produtor,Preço Médio - Ovos Branco ao Produtor,Amazonas,,preco,215.0,"215,00",R$/30 dz,price,BRL,30dz,spot,,AM,physical
2025-12-18,ovos,preco-medio-ovos-ao-produtor,Preço Médio - Ovos Branco ao Produtor,Amazonas,,variacao_pct,,-,%,change_pct,,pct,spot,,AM,physical
2025-12-18,ovos,preco-medio-ovos-ao-produtor,Preço Médio - Ovos Branco ao Produtor,Distrito Federal,,preco,136.0,"136,00",R$/30 dz,price,BRL,30dz,spot,,DF,physical
2025-12-18,ovos,preco-medio-ovos-ao-produtor,Preço Médio - Ovos Branco ao Produtor,Distrito Federal,,variacao_pct,6.25,"+6,25",%,change_pct,,pct,spot,,DF,physical
2025-12-18,ovos,preco-medio-ovos-ao-produtor,Preço Médio - Ovos Branco ao Produtor,Goiás,,preco,140.0,"140,00",R$/30 dz,price,BRL,30dz,spot,,GO,physical
2025-12-18,ovos,preco-medio-ovos-ao-produtor,Preço Médio - Ovos Branco ao Produtor,Goiás,,variacao_pct,0.0,"0,00",%,change_pct,,pct,spot,,GO,physical
2025-12-18,ovos,preco-medio-ovos-ao-produtor,Preço Médio - Ovos Branco ao Produtor,Mato Grosso do Sul,,preco,,s/ cotação,R$/30 dz,price,BRL,30dz,spot,,MS,physical
2025-12-18,ovos,preco-medio-ovos-ao-produtor,Preço Médio - Ovos Branco ao Produtor,Mato Grosso do Sul,,variacao_pct,,-,%,change_pct,,pct,spot,,MS,physical
2025-12-18,ovos,preco-medio-ovos-ao-produtor,Preço Médio - Ovos Branco ao Produtor,Paraná,,preco,148.03,"148,03",R$/30 dz,price,BRL,30dz,spot,,PR,physical
2025-12-18,ovos,preco-medio-ovos-ao-produtor,Preço Médio - Ovos Branco ao Produtor,Paraná,,variacao_pct,-2.12,"-2,12",%,change_pct,,pct,spot,,PR,physical
2025-12-18,ovos,preco-medio-ovos-ao-produtor,Preço Médio - Ovos Branco ao Produtor,Rondônia,,preco,205.03,"205,03",R$/30 dz,price,BRL,30dz,spot,,RO,physical
2025-12-18,ovos,preco-medio-ovos-ao-produtor,Preço Médio - Ovos Branco ao Produtor,Rondônia,,variacao_pct,,-,%,change_pct,,pct,spot,,RO,physical
2025-12-18,ovos,preco-medio-ovos-ao-produtor,Preço Médio - Ovos Branco ao Produtor,Semana Referente de:,,preco,,08/12/25 a 12/12/25,R$/30 dz,price,BRL,30dz,spot,,,physical
2025-12-18,ovos,preco-medio-ovos-ao-produtor,Preço Médio - Ovos Branco ao Produtor,Semana Referente de:,,variacao_pct,,,%,change_pct,,pct,spot,,,physical
2025-12-18,ovos,preco-medio-ovos-ao-produtor,Preço Médio - Ovos Branco ao Produtor,São Paulo,,preco,127.44,"127,44",R$/30 dz,price,BRL,30dz,spot,,SP,physical
2025-12-18,ovos,preco-medio-ovos-ao-produtor,Preço Médio - Ovos Branco ao Produtor,São Paulo,,variacao_pct,0.0,"0,00",%,change_pct,,pct,spot,,SP,physical
2026-01-05,ovos,preco-medio-ovos-ao-produtor,Preço Médio - Ovos Branco ao Produtor,Amazonas,,preco,,s/ cotação,R$/30 dz,price,BRL,30dz,spot,,AM,physical
2026-01-05,ovos,preco-medio-ovos-ao-produtor,Preço Médio - Ovos Branco ao Produtor,Amazonas,,variacao_pct,,-,%,change_pct,,pct,spot,,AM,physical
2026-01-05,ovos,preco-medio-ovos-ao-produtor,Preço Médio - Ovos Branco ao Produtor,Distrito Federal,,preco,136.0,"136,00",R$/30 dz,price,BRL,30dz,spot,,DF,physical
2026-01-05,ovos,preco-medio-ovos-ao-produtor,Preço Médio - Ovos Branco ao Produtor,Distrito Federal,,variacao_pct,0.0,"0,00",%,change_pct,,pct,spot,,DF,physical
2026-01-05,ovos,preco-medio-ovos-ao-produtor,Preço Médio - Ovos Branco ao Produtor,Goiás,,preco,126.0,"126,00",R$/30 dz,price,BRL,30dz,spot,,GO,physical
2026-01-05,ovos,preco-medio-ovos-ao-produtor,Preço Médio - Ovos Branco ao Produtor,Goiás,,variacao_pct,-10.0,"-10,00",%,change_pct,,pct,spot,,GO,physical
2026-01-05,ovos,preco-medio-ovos-ao-produtor,Preço Médio - Ovos Branco ao Produtor,Mato Grosso do Sul,,preco,,s/ cotação,R$/30 dz,price,BRL,30dz,spot,,MS,physical
2026-01-05,ovos,preco-medio-ovos-ao-produtor,Preço Médio - Ovos Branco ao Produtor,Mato Grosso do Sul,,variacao_pct,,-,%,change_pct,,pct,spot,,MS,physical
2026-01-05,ovos,preco-medio-ovos-ao-produtor,Preço Médio - Ovos Branco ao Produtor,Paraná,,preco,103.0,"103,00",R$/30 dz,price,BRL,30dz,spot,,PR,physical
2026-01-05,ovos,preco-medio-ovos-ao-produtor,Preço Médio - Ovos Branco ao Produtor,Paraná,,variacao_pct,,-,%,change_pct,,pct,spot,,PR,physical
2026-01-05,ovos,preco-medio-ovos-ao-produtor,Preço Médio - Ovos Branco ao Produtor,Rondônia,,preco,,s/ cotação,R$/30 dz,price,BRL,30dz,spot,,RO,physical
2026-01-05,ovos,preco-medio-ovos-ao-produtor,Preço Médio - Ovos Branco ao Produtor,Rondônia,,variacao_pct,,-,%,change_pct,,pct,spot,,RO,physical
2026-01-05,ovos,preco-medio-ovos-ao-produtor,Preço Médio - Ovos Branco ao Produtor,Semana Referente de:,,preco,,29/12/25 a 02/01/26,R$/30 dz,price,BRL,30dz,spot,,,physical
2026-01-05,ovos,preco-medio-ovos-ao-produtor,Preço Médio - Ovos Branco ao Produtor,Semana Referente de:,,variacao_pct,,,%,change_pct,,pct,spot,,,physical
2026-01-05,ovos,preco-medio-ovos-ao-produtor,Preço Médio - Ovos Branco ao Produtor,São Paulo,,preco,102.44,"102,44",R$/30 dz,price,BRL,30dz,spot,,SP,physical
2026-01-05,ovos,preco-medio-ovos-ao-produtor,Preço Médio - Ovos Branco ao Produtor,São Paulo,,variacao_pct,,-,%,change_pct,,pct,spot,,SP,physical
2026-01-19,ovos,preco-medio-ovos-ao-produtor,Preço Médio - Ovos Branco ao Produtor,Amazonas,,preco,205.0,"205,00",R$/30 dz,price,BRL,30dz,spot,,AM,physical
2026-01-19,ovos,preco-medio-ovos-ao-produtor,Preço Médio - Ovos Branco ao Produtor,Amazonas,,variacao_pct,,-,%,change_pct,,pct,spot,,AM,physical
2026-01-19,ovos,preco-medio-ovos-ao-produtor,Preço Médio - Ovos Branco ao Produtor,Distrito Federal,,preco,125.0,"125,00",R$/30 dz,price,BRL,30dz,spot,,DF,physical
2026-01-19,ovos,preco-medio-ovos-ao-produtor,Preço Médio - Ovos Branco ao Produtor,Distrito Federal,,variacao_pct,-8.09,"-8,09",%,change_pct,,pct,spot,,DF,physical
2026-01-19,ovos,preco-medio-ovos-ao-produtor,Preço Médio - Ovos Branco ao Produtor,Goiás,,preco,,s/ cotação,R$/30 dz,price,BRL,30dz,spot,,GO,physical
2026-01-19,ovos,preco-medio-ovos-ao-produtor,Preço Médio - Ovos Branco ao Produtor,Goiás,,variacao_pct,,-,%,change_pct,,pct,spot,,GO,physical
2026-01-19,ovos,preco-medio-ovos-ao-produtor,Preço Médio - Ovos Branco ao Produtor,Mato Grosso do Sul,,preco,,s/ cotação,R$/30 dz,price,BRL,30dz,spot,,MS,physical
2026-01-19,ovos,preco-medio-ovos-ao-produtor,Preço Médio - Ovos Branco ao Produtor,Mato Grosso do Sul,,variacao_pct,,-,%,change_pct,,pct,spot,,MS,physical
2026-01-19,ovos,preco-medio-ovos-ao-produtor,Preço Médio - Ovos Branco ao Produtor,Paraná,,preco,122.23,"122,23",R$/30 dz,price,BRL,30dz,spot,,PR,physical
2026-01-19,ovos,preco-medio-ovos-ao-produtor,Preço Médio - Ovos Branco ao Produtor,Paraná,,variacao_pct,18.67,"+18,67",%,change_pct,,pct,spot,,PR,physical
2026-01-19,ovos,preco-medio-ovos-ao-produtor,Preço Médio - Ovos Branco ao Produtor,Rondônia,,preco,176.05,"176,05",R$/30 dz,price,BRL,30dz,spot,,RO,physical
2026-01-19,ovos,preco-medio-ovos-ao-produtor,Preço Médio - Ovos Branco ao Produtor,Rondônia,,variacao_pct,,-,%,change_pct,,pct,spot,,RO,physical
2026-01-19,ovos,preco-medio-ovos-ao-produtor,Preço Médio - Ovos Branco ao Produtor,Semana Referente de:,,preco,,12/01/26 a 16/01/26,R$/30 dz,price,BRL,30dz,spot,,,physical
2026-01-19,ovos,preco-medio-ovos-ao-produtor,Preço Médio - Ovos Branco ao Produtor,Semana Referente de:,,variacao_pct,,,%,change_pct,,pct,spot,,,physical
2026-01-19,ovos,preco-medio-ovos-ao-produtor,Preço Médio - Ovos Branco ao Produtor,São Paulo,,preco,112.44,"112,44",R$/30 dz,price,BRL,30dz,spot,,SP,physical
2026-01-19,ovos,preco-medio-ovos-ao-produtor,Preço Médio - Ovos Branco ao Produtor,São Paulo,,variacao_pct,9.76,"+9,76",%,change_pct,,pct,spot,,SP,physical
2026-01-26,ovos,precos-de-ovos-cepea-produto-a-retirar-bastos,Ovos Cepea - Produto a Retirar em Bastos (SP),Branco,,30_dz,114.2,"114,20",R$,price,BRL,,spot,,,indicator
2026-01-26,ovos,precos-de-ovos-cepea-produto-a-retirar-bastos,Ovos Cepea - Produto a Retirar em Bastos (SP),Branco,,variacao_pct,0.09,"+0,09",%,change_pct,,pct,spot,,,indicator
2026-01-26,ovos,precos-de-ovos-cepea-produto-a-retirar-bastos,Ovos Cepea - Produto a Retirar em Bastos (SP),Vermelho,,30_dz,128.63,"128,63",R$,price,BRL,,spot,,,indicator
2026-01-26,ovos,precos-de-ovos-cepea-produto-a-retirar-bastos,Ovos Cepea - Produto a Retirar em Bastos (SP),Vermelho,,variacao_pct,0.16,"+0,16",%,change_pct,,pct,spot,,,indicator
2026-01-27,ovos,ovos-extras-ceasas,Ovos Extras - Ceasas,Branco - Grande,,preco_caixa_de_30_duzias,142.84,"142,84",R$,price,BRL,,spot,,,physical
2026-01-27,ovos,ovos-extras-ceasas,Ovos Extras - Ceasas,Branco - Grande,,variacao_pct,1.71,"+1,71",%,change_pct,,pct,spot,,,physical
2026-01-27,ovos,ovos-extras-ceasas,Ovos Extras - Ceasas,Vermelho - Extra,,preco_caixa_de_30_duzias,186.11,"186,11",R$,price,BRL,,spot,,,physical
2026-01-27,ovos,ovos-extras-ceasas,Ovos Extras - Ceasas,Vermelho - Extra,,variacao_pct,0.85,"+0,85",%,change_pct,,pct,spot,,,physical
2026-01-27,ovos,precos-de-ovos-cepea-produto-a-retirar-bastos,Ovos Cepea - Produto a Retirar em Bastos (SP),Branco,,30_dz,114.23,"114,23",R$,price,BRL,,spot,,,indicator
2026-01-27,ovos,precos-de-ovos-cepea-produto-a-retirar-bastos,Ovos Cepea - Produto a Retirar em Bastos (SP),Branco,,variacao_pct,0.03,"+0,03",%,change_pct,,pct,spot,,,indicator
2026-01-27,ovos,precos-de-ovos-cepea-produto-a-retirar-bastos,Ovos Cepea - Produto a Retirar em Bastos (SP),Vermelho,,30_dz,128.32,"128,32",R$,price,BRL,,spot,,,indicator
2026-01-27,ovos,precos-de-ovos-cepea-produto-a-retirar-bastos,Ovos Cepea - Produto a Retirar em Bastos (SP),Vermelho,,variacao_pct,-0.24,"-0,24",%,change_pct,,pct,spot,,,indicator
2026-01-28,ovos,ovos-extras-ceasas,Ovos Extras - Ceasas,Branco - Grande,,preco_caixa_de_30_duzias,142.84,"142,84",R$,price,BRL,,spot,,,physical
2026-01-28,ovos,ovos-extras-ceasas,Ovos Extras - Ceasas,Branco - Grande,,variacao_pct,0.0,"0,00",%,change_pct,,pct,spot,,,physical
2026-01-28,ovos,ovos-extras-ceasas,Ovos Extras - Ceasas,Vermelho - Extra,,preco_caixa_de_30_duzias,186.11,"186,11",R$,price,BRL,,spot,,,physical
2026-01-28,ovos,ovos-extras-ceasas,Ovos Extras - Ceasas,Vermelho - Extra,,variacao_pct,0.0,"0,00",%,change_pct,,pct,spot,,,physical
2026-01-28,ovos,precos-de-ovos-cepea-produto-a-retirar-bastos,Ovos Cepea - Produto a Retirar em Bastos (SP),Branco,,30_dz,128.93,"128,93",R$,price,BRL,,spot,,,indicator
2026-01-28,ovos,precos-de-ovos-cepea-produto-a-retirar-bastos,Ovos Cepea - Produto a Retirar em Bastos (SP),Branco,,variacao_pct,12.87,"+12,87",%,change_pct,,pct,spot,,,indicator
2026-01-28,ovos,precos-de-ovos-cepea-produto-a-retirar-bastos,Ovos Cepea - Produto a Retirar em Bastos (SP),Vermelho,,30_dz,142.37,"142,37",R$,price,BRL,,spot,,,indicator
2026-01-28,ovos,precos-de-ovos-cepea-produto-a-retirar-bastos,Ovos Cepea - Produto a Retirar em Bastos (SP),Vermelho,,variacao_pct,10.95,"+10,95",%,change_pct,,pct,spot,,,indicator
2026-01-29,ovos,ovos-extras-ceasas,Ovos Extras - Ceasas,Branco - Grande,,preco_caixa_de_30_duzias,146.89,"146,89",R$,price,BRL,,spot,,,physical
2026-01-29,ovos,ovos-extras-ceasas,Ovos Extras - Ceasas,Branco - Grande,,variacao_pct,2.84,"+2,84",%,change_pct,,pct,spot,,,physical
2026-01-29,ovos,ovos-extras-ceasas,Ovos Extras - Ceasas,Vermelho - Extra,,preco_caixa_de_30_duzias,182.27,"182,27",R$,price,BRL,,spot,,,physical
2026-01-29,ovos,ovos-extras-ceasas,Ovos Extras - Ceasas,Vermelho - Extra,,variacao_pct,-2.06,"-2,06",%,change_pct,,pct,spot,,,physical
2026-01-29,ovos,precos-de-ovos-cepea-produto-a-retirar-bastos,Ovos Cepea - Produto a Retirar em Bastos (SP),Branco,,30_dz,128.92,"128,92",R$,price,BRL,,spot,,,indicator
2026-01-29,ovos,precos-de-ovos-cepea-produto-a-retirar-bastos,Ovos Cepea - Produto a Retirar em Bastos (SP),Branco,,variacao_pct,-0.01,"-0,01",%,change_pct,,pct,spot,,,indicator
2026-01-29,ovos,precos-de-ovos-cepea-produto-a-retirar-bastos,Ovos Cepea - Produto a Retirar em Bastos (SP),Vermelho,,30_dz,142.08,"142,08",R$,price,BRL,,spot,,,indicator
2026-01-29,ovos,precos-de-ovos-cepea-produto-a-retirar-bastos,Ovos Cepea - Produto a Retirar em Bastos (SP),Vermelho,,variacao_pct,-0.2,"-0,20",%,change_pct,,pct,spot,,,indicator
2026-01-30,ovos,ovos-extras-ceasas,Ovos Extras - Ceasas,Branco - Grande,,preco_caixa_de_30_duzias,146.89,"146,89",R$,price,BRL,,spot,,,physical
2026-01-30,ovos,ovos-extras-ceasas,Ovos Extras - Ceasas,Branco - Grande,,variacao_pct,0.0,"0,00",%,change_pct,,pct,spot,,,physical
2026-01-30,ovos,ovos-extras-ceasas,Ovos Extras - Ceasas,Vermelho - Extra,,preco_caixa_de_30_duzias,182.27,"182,27",R$,price,BRL,,spot,,,physical
2026-01-30,ovos,ovos-extras-ceasas,Ovos Extras - Ceasas,Vermelho - Extra,,variacao_pct,0.0,"0,00",%,change_pct,,pct,spot,,,physical
2026-01-30,ovos,precos-de-ovos-cepea-produto-a-retirar-bastos,Ovos Cepea - Produto a Retirar em Bastos (SP),Branco,,30_dz,139.15,"139,15",R$,price,BRL,,spot,,,indicator
2026-01-30,ovos,precos-de-ovos-cepea-produto-a-retirar-bastos,Ovos Cepea - Produto a Retirar em Bastos (SP),Branco,,variacao_pct,7.94,"+7,94",%,change_pct,,pct,spot,,,indicator
2026-01-30,ovos,precos-de-ovos-cepea-produto-a-retirar-bastos,Ovos Cepea - Produto a Retirar em Bastos (SP),Vermelho,,30_dz,155.32,"155,32",R$,price,BRL,,spot,,,indicator
2026-01-30,ovos,precos-de-ovos-cepea-produto-a-retirar-bastos,Ovos Cepea - Produto a Retirar em Bastos (SP),Vermelho,,variacao_pct,9.32,"+9,32",%,change_pct,,pct,spot,,,indicator
2026-02-02,ovos,ovos-extras-ceasas,Ovos Extras - Ceasas,Branco - Grande,,preco_caixa_de_30_duzias,165.8,"165,80",R$,price,BRL,,spot,,,physical
2026-02-02,ovos,ovos-extras-ceasas,Ovos Extras - Ceasas,Branco - Grande,,variacao_pct,12.87,"+12,87",%,change_pct,,pct,spot,,,physical
2026-02-02,ovos,ovos-extras-ceasas,Ovos Extras - Ceasas,Vermelho - Extra,,preco_caixa_de_30_duzias,187.3,"187,30",R$,price,BRL,,spot,,,physical
2026-02-02,ovos,ovos-extras-ceasas,Ovos Extras - Ceasas,Vermelho - Extra,,variacao_pct,2.76,"+2,76",%,change_pct,,pct,spot,,,physical
2026-02-02,ovos,preco-medio-ovos-ao-produtor,Preço Médio - Ovos Branco ao Produtor,Amazonas,,preco,223.0,"223,00",R$/30 dz,price,BRL,30dz,spot,,AM,physical
2026-02-02,ovos,preco-medio-ovos-ao-produtor,Preço Médio - Ovos Branco ao Produtor,Amazonas,,variacao_pct,8.78,"+8,78",%,change_pct,,pct,spot,,AM,physical
2026-02-02,ovos,preco-medio-ovos-ao-produtor,Preço Médio - Ovos Branco ao Produtor,Distrito Federal,,preco,125.0,"125,00",R$/30 dz,price,BRL,30dz,spot,,DF,physical
2026-02-02,ovos,preco-medio-ovos-ao-produtor,Preço Médio - Ovos Branco ao Produtor,Distrito Federal,,variacao_pct,0.0,"0,00",%,change_pct,,pct,spot,,DF,physical
2026-02-02,ovos,preco-medio-ovos-ao-produtor,Preço Médio - Ovos Branco ao Produtor,Goiás,,preco,132.0,"132,00",R$/30 dz,price,BRL,30dz,spot,,GO,physical
2026-02-02,ovos,preco-medio-ovos-ao-produtor,Preço Médio - Ovos Branco ao Produtor,Goiás,,variacao_pct,,-,%,change_pct,,pct,spot,,GO,physical
2026-02-02,ovos,preco-medio-ovos-ao-produtor,Preço Médio - Ovos Branco ao Produtor,Mato Grosso do Sul,,preco,,s/ cotação,R$/30 dz,price,BRL,30dz,spot,,MS,physical
2026-02-02,ovos,preco-medio-ovos-ao-produtor,Preço Médio - Ovos Branco ao Produtor,Mato Grosso do Sul,,variacao_pct,,-,%,change_pct,,pct,spot,,MS,physical
2026-02-02,ovos,preco-medio-ovos-ao-produtor,Preço Médio - Ovos Branco ao Produtor,Paraná,,preco,123.86,"123,86",R$/30 dz,price,BRL,30dz,spot,,PR,physical
2026-02-02,ovos,preco-medio-ovos-ao-produtor,Preço Médio - Ovos Branco ao Produtor,Paraná,,variacao_pct,1.33,"+1,33",%,change_pct,,pct,spot,,PR,physical
2026-02-02,ovos,preco-medio-ovos-ao-produtor,Preço Médio - Ovos Branco ao Produtor,Rondônia,,preco,,s/ cotação,R$/30 dz,price,BRL,30dz,spot,,RO,physical
2026-02-02,ovos,preco-medio-ovos-ao-produtor,Preço Médio - Ovos Branco ao Produtor,Rondônia,,variacao_pct,,-,%,change_pct,,pct,spot,,RO,physical
2026-02-02,ovos,preco-medio-ovos-ao-produtor,Preço Médio - Ovos Branco ao Produtor,Semana Referente de:,,preco,,26/01/26 a 30/01/26,R$/30 dz,price,BRL,30dz,spot,,,physical
2026-02-02,ovos,preco-medio-ovos-ao-produtor,Preço Médio - Ovos Branco ao Produtor,Semana Referente de:,,variacao_pct,,,%,change_pct,,pct,spot,,,physical
2026-02-02,ovos,preco-medio-ovos-ao-produtor,Preço Médio - Ovos Branco ao Produtor,São Paulo,,preco,127.44,"127,44",R$/30 dz,price,BRL,30dz,spot,,SP,physical
2026-02-02,ovos,preco-medio-ovos-ao-produtor,Preço Médio - Ovos Branco ao Produtor,São Paulo,,variacao_pct,13.34,"+13,34",%,change_pct,,pct,spot,,SP,physical
2026-02-02,ovos,precos-de-ovos-cepea-produto-a-retirar-bastos,Ovos Cepea - Produto a Retirar em Bastos (SP),Branco,,30_dz,139.15,"139,15",R$,price,BRL,,spot,,,indicator
2026-02-02,ovos,precos-de-ovos-cepea-produto-a-retirar-bastos,Ovos Cepea - Produto a Retirar em Bastos (SP),Branco,,variacao_pct,0.0,"0,00",%,change_pct,,pct,spot,,,indicator
2026-02-02,ovos,precos-de-ovos-cepea-produto-a-retirar-bastos,Ovos Cepea - Produto a Retirar em Bastos (SP),Vermelho,,30_dz,155.32,"155,32",R$,price,BRL,,spot,,,indicator
2026-02-02,ovos,precos-de-ovos-cepea-produto-a-retirar-bastos,Ovos Cepea - Produto a Retirar em Bastos (SP),Vermelho,,variacao_pct,0.0,"0,00",%,change_pct,,pct,spot,,,indicator
2026-02-03,ovos,ovos-extras-ceasas,Ovos Extras - Ceasas,Branco - Grande,,preco_caixa_de_30_duzias,170.47,"170,47",R$,price,BRL,,spot,,,physical
2026-02-03,ovos,ovos-extras-ceasas,Ovos Extras - Ceasas,Branco - Grande,,variacao_pct,2.82,"+2,82",%,change_pct,,pct,spot,,,physical
2026-02-03,ovos,ovos-extras-ceasas,Ovos Extras - Ceasas,Vermelho - Extra,,preco_caixa_de_30_duzias,209.64,"209,64",R$,price,BRL,,spot,,,physical
2026-02-03,ovos,ovos-extras-ceasas,Ovos Extras - Ceasas,Vermelho - Extra,,variacao_pct,11.93,"+11,93",%,change_pct,,pct,spot,,,physical
2026-02-03,ovos,precos-de-ovos-cepea-produto-a-retirar-bastos,Ovos Cepea - Produto a Retirar em Bastos (SP),Branco,,30_dz,139.18,"139,18",R$,price,BRL,,spot,,,indicator
2026-02-03,ovos,precos-de-ovos-cepea-produto-a-retirar-bastos,Ovos Cepea - Produto a Retirar em Bastos (SP),Branco,,variacao_pct,0.02,"+0,02",%,change_pct,,pct,spot,,,indicator
2026-02-03,ovos,precos-de-ovos-cepea-produto-a-retirar-bastos,Ovos Cepea - Produto a Retirar em Bastos (SP),Vermelho,,30_dz,155.76,"155,76",R$,price,BRL,,spot,,,indicator
2026-02-03,ovos,precos-de-ovos-cepea-produto-a-retirar-bastos,Ovos Cepea - Produto a Retirar em Bastos (SP),Vermelho,,variacao_pct,0.28,"+0,28",%,change_pct,,pct,spot,,,indicator
2026-02-04,ovos,ovos-extras-ceasas,Ovos Extras - Ceasas,Branco - Grande,,preco_caixa_de_30_duzias,170.47,"170,47",R$,price,BRL,,spot,,,physical
2026-02-04,ovos,ovos-extras-ceasas,Ovos Extras - Ceasas,Branco - Grande,,variacao_pct,0.0,"0,00",%,change_pct,,pct,spot,,,physical
2026-02-04,ovos,ovos-extras-ceasas,Ovos Extras - Ceasas,Vermelho - Extra,,preco_caixa_de_30_duzias,209.64,"209,64",R$,price,BRL,,spot,,,physical
2026-02-04,ovos,ovos-extras-ceasas,Ovos Extras - Ceasas,Vermelho - Extra,,variacao_pct,0.0,"0,00",%,change_pct,,pct,spot,,,physical
2026-02-04,ovos,precos-de-ovos-cepea-produto-a-retirar-bastos,Ovos Cepea - Produto a Retirar em Bastos (SP),Branco,,30_dz,149.16,"149,16",R$,price,BRL,,spot,,,indicator
2026-02-04,ovos,precos-de-ovos-cepea-produto-a-retirar-bastos,Ovos Cepea - Produto a Retirar em Bastos (SP),Branco,,variacao_pct,7.17,"+7,17",%,change_pct,,pct,spot,,,indicator
2026-02-04,ovos,precos-de-ovos-cepea-produto-a-retirar-bastos,Ovos Cepea - Produto a Retirar em Bastos (SP),Vermelho,,30_dz,168.41,"168,41",R$,price,BRL,,spot,,,indicator
2026-02-04,ovos,precos-de-ovos-cepea-produto-a-retirar-bastos,Ovos Cepea - Produto a Retirar em Bastos (SP),Vermelho,,variacao_pct,8.12,"+8,12",%,change_pct,,pct,spot,,,indicator
2026-02-05,ovos,ovos-extras-ceasas,Ovos Extras - Ceasas,Branco - Grande,,preco_caixa_de_30_duzias,182.37,"182,37",R$,price,BRL,,spot,,,physical
2026-02-05,ovos,ovos-extras-ceasas,Ovos Extras - Ceasas,Branco - Grande,,variacao_pct,6.98,"+6,98",%,change_pct,,pct,spot,,,physical
2026-02-05,ovos,ovos-extras-ceasas,Ovos Extras - Ceasas,Vermelho - Extra,,preco_caixa_de_30_duzias,219.16,"219,16",R$,price,BRL,,spot,,,physical
2026-02-05,ovos,ovos-extras-ceasas,Ovos Extras - Ceasas,Vermelho - Extra,,variacao_pct,4.54,"+4,54",%,change_pct,,pct,spot,,,physical
2026-02-05,ovos,precos-de-ovos-cepea-produto-a-retirar-bastos,Ovos Cepea - Produto a Retirar em Bastos (SP),Branco,,30_dz,149.16,"149,16",R$,price,BRL,,spot,,,indicator
2026-02-05,ovos,precos-de-ovos-cepea-produto-a-retirar-bastos,Ovos Cepea - Produto a Retirar em Bastos (SP),Branco,,variacao_pct,0.0,"0,00",%,change_pct,,pct,spot,,,indicator
2026-02-05,ovos,precos-de-ovos-cepea-produto-a-retirar-bastos,Ovos Cepea - Produto a Retirar em Bastos (SP),Vermelho,,30_dz,169.12,"169,12",R$,price,BRL,,spot,,,indicator
2026-02-05,ovos,precos-de-ovos-cepea-produto-a-retirar-bastos,Ovos Cepea - Produto a Retirar em Bastos (SP),Vermelho,,variacao_pct,0.42,"+0,42",%,change_pct,,pct,spot,,,indicator
2026-02-06,ovos,ovos-extras-ceasas,Ovos Extras - Ceasas,Branco - Grande,,preco_caixa_de_30_duzias,182.37,"182,37",R$,price,BRL,,spot,,,physical
2026-02-06,ovos,ovos-extras-ceasas,Ovos Extras - Ceasas,Branco - Grande,,variacao_pct,0.0,"0,00",%,change_pct,,pct,spot,,,physical
2026-02-06,ovos,ovos-extras-ceasas,Ovos Extras - Ceasas,Vermelho - Extra,,preco_caixa_de_30_duzias,219.16,"219,16",R$,price,BRL,,spot,,,physical
2026-02-06,ovos,ovos-extras-ceasas,Ovos Extras - Ceasas,Vermelho - Extra,,variacao_pct,0.0,"0,00",%,change_pct,,pct,spot,,,physical
2026-02-06,ovos,precos-de-ovos-cepea-produto-a-retirar-bastos,Ovos Cepea - Produto a Retirar em Bastos (SP),Branco,,30_dz,149.16,"149,16",R$,price,BRL,,spot,,,indicator
2026-02-06,ovos,precos-de-ovos-cepea-produto-a-retirar-bastos,Ovos Cepea - Produto a Retirar em Bastos (SP),Branco,,variacao_pct,0.0,"0,00",%,change_pct,,pct,spot,,,indicator
2026-02-06,ovos,precos-de-ovos-cepea-produto-a-retirar-bastos,Ovos Cepea - Produto a Retirar em Bastos (SP),Vermelho,,30_dz,169.12,"169,12",R$,price,BRL,,spot,,,indicator
2026-02-06,ovos,precos-de-ovos-cepea-produto-a-retirar-bastos,Ovos Cepea - Produto a Retirar em Bastos (SP),Vermelho,,variacao_pct,0.0,"0,00",%,change_pct,,pct,spot,,,indicator
2026-02-09,ovos,ovos-extras-ceasas,Ovos Extras - Ceasas,Branco - Grande,,preco_caixa_de_30_duzias,181.77,"181,77",R$,price,BRL,,spot,,,physical
2026-02-09,ovos,ovos-extras-ceasas,Ovos Extras - Ceasas,Branco - Grande,,variacao_pct,-0.33,"-0,33",%,change_pct,,pct,spot,,,physical
2026-02-09,ovos,ovos-extras-ceasas,Ovos Extras - Ceasas,Vermelho - Extra,,preco_caixa_de_30_duzias,214.28,"214,28",R$,price,BRL,,spot,,,physical
2026-02-09,ovos,ovos-extras-ceasas,Ovos Extras - Ceasas,Vermelho - Extra,,variacao_pct,-2.23,"-2,23",%,change_pct,,pct,spot,,,physical
2026-02-09,ovos,preco-medio-ovos-ao-produtor,Preço Médio - Ovos Branco ao Produtor,Amazonas,,preco,,s/ cotação,R$/30 dz,price,BRL,30dz,spot,,AM,physical
2026-02-09,ovos,preco-medio-ovos-ao-produtor,Preço Médio - Ovos Branco ao Produtor,Amazonas,,variacao_pct,,-,%,change_pct,,pct,spot,,AM,physical
2026-02-09,ovos,preco-medio-ovos-ao-produtor,Preço Médio - Ovos Branco ao Produtor,Distrito Federal,,preco,140.0,"140,00",R$/30 dz,price,BRL,30dz,spot,,DF,physical
2026-02-09,ovos,preco-medio-ovos-ao-produtor,Preço Médio - Ovos Branco ao Produtor,Distrito Federal,,variacao_pct,12.0,"+12,00",%,change_pct,,pct,spot,,DF,physical
2026-02-09,ovos,preco-medio-ovos-ao-produtor,Preço Médio - Ovos Branco ao Produtor,Goiás,,preco,,s/ cotação,R$/30 dz,price,BRL,30dz,spot,,GO,physical
2026-02-09,ovos,preco-medio-ovos-ao-produtor,Preço Médio - Ovos Branco ao Produtor,Goiás,,variacao_pct,,-,%,change_pct,,pct,spot,,GO,physical
2026-02-09,ovos,preco-medio-ovos-ao-produtor,Preço Médio - Ovos Branco ao Produtor,Mato Grosso do Sul,,preco,,s/ cotação,R$/30 dz,price,BRL,30dz,spot,,MS,physical
2026-02-09,ovos,preco-medio-ovos-ao-produtor,Preço Médio - Ovos Branco ao Produtor,Mato Grosso do Sul,,variacao_pct,,-,%,change_pct,,pct,spot,,MS,physical
2026-02-09,ovos,preco-medio-ovos-ao-produtor,Preço Médio - Ovos Branco ao Produtor,Paraná,,preco,143.41,"143,41",R$/30 dz,price,BRL,30dz,spot,,PR,physical
2026-02-09,ovos,preco-medio-ovos-ao-produtor,Preço Médio - Ovos Branco ao Produtor,Paraná,,variacao_pct,15.78,"+15,78",%,change_pct,,pct,spot,,PR,physical
2026-02-09,ovos,preco-medio-ovos-ao-produtor,Preço Médio - Ovos Branco ao Produtor,Rondônia,,preco,190.7,"190,70",R$/30 dz,price,BRL,30dz,spot,,RO,physical
2026-02-09,ovos,preco-medio-ovos-ao-produtor,Preço Médio - Ovos Branco ao Produtor,Rondônia,,variacao_pct,,-,%,change_pct,,pct,spot,,RO,physical
2026-02-09,ovos,preco-medio-ovos-ao-produtor,Preço Médio - Ovos Branco ao Produtor,Semana Referente de:,,preco,,02/02/26 a 06/02/26,R$/30 dz,price,BRL,30dz,spot,,,physical
2026-02-09,ovos,preco-medio-ovos-ao-produtor,Preço Médio - Ovos Branco ao Produtor,Semana Referente de:,,variacao_pct,,,%,change_pct,,pct,spot,,,physical
2026-02-09,ovos,preco-medio-ovos-ao-produtor,Preço Médio - Ovos Branco ao Produtor,São Paulo,,preco,144.52,"144,52",R$/30 dz,price,BRL,30dz,spot,,SP,physical
2026-02-09,ovos,preco-medio-ovos-ao-produtor,Preço Médio - Ovos Branco ao Produtor,São Paulo,,variacao_pct,13.4,"+13,40",%,change_pct,,pct,spot,,SP,physical
2026-02-09,ovos,precos-de-ovos-cepea-produto-a-retirar-bastos,Ovos Cepea - Produto a Retirar em Bastos (SP),Branco,,30_dz,149.2,"149,20",R$,price,BRL,,spot,,,indicator
2026-02-09,ovos,precos-de-ovos-cepea-produto-a-retirar-bastos,Ovos Cepea - Produto a Retirar em Bastos (SP),Branco,,variacao_pct,0.03,"+0,03",%,change_pct,,pct,spot,,,indicator
2026-02-09,ovos,precos-de-ovos-cepea-produto-a-retirar-bastos,Ovos Cepea - Produto a Retirar em Bastos (SP),Vermelho,,30_dz,168.64,"168,64",R$,price,BRL,,spot,,,indicator
2026-02-09,ovos,precos-de-ovos-cepea-produto-a-retirar-bastos,Ovos Cepea - Produto a Retirar em Bastos (SP),Vermelho,,variacao_pct,-0.28,"-0,28",%,change_pct,,pct,spot,,,indicator
2026-02-10,ovos,ovos-extras-ceasas,Ovos Extras - Ceasas,Branco - Grande,,preco_caixa_de_30_duzias,180.78,"180,78",R$,price,BRL,,spot,,,physical
2026-02-10,ovos,ovos-extras-ceasas,Ovos Extras - Ceasas,Branco - Grande,,variacao_pct,-0.54,"-0,54",%,change_pct,,pct,spot,,,physical
2026-02-10,ovos,ovos-extras-ceasas,Ovos Extras - Ceasas,Vermelho - Extra,,preco_caixa_de_30_duzias,217.32,"217,32",R$,price,BRL,,spot,,,physical
2026-02-10,ovos,ovos-extras-ceasas,Ovos Extras - Ceasas,Vermelho - Extra,,variacao_pct,1.42,"+1,42",%,change_pct,,pct,spot,,,physical
2026-02-10,ovos,precos-de-ovos-cepea-produto-a-retirar-bastos,Ovos Cepea - Produto a Retirar em Bastos (SP),Branco,,30_dz,149.2,"149,20",R$,price,BRL,,spot,,,indicator
2026-02-10,ovos,precos-de-ovos-cepea-produto-a-retirar-bastos,Ovos Cepea - Produto a Retirar em Bastos (SP),Branco,,variacao_pct,0.0,"0,00",%,change_pct,,pct,spot,,,indicator
2026-02-10,ovos,precos-de-ovos-cepea-produto-a-retirar-bastos,Ovos Cepea - Produto a Retirar em Bastos (SP),Vermelho,,30_dz,168.22,"168,22",R$,price,BRL,,spot,,,indicator
2026-02-10,ovos,precos-de-ovos-cepea-produto-a-retirar-bastos,Ovos Cepea - Produto a Retirar em Bastos (SP),Vermelho,,variacao_pct,-0.25,"-0,25",%,change_pct,,pct,spot,,,indicator
2026-02-11,ovos,ovos-extras-ceasas,Ovos Extras - Ceasas,Branco - Grande,,preco_caixa_de_30_duzias,180.78,"180,78",R$,price,BRL,,spot,,,physical
2026-02-11,ovos,ovos-extras-ceasas,Ovos Extras - Ceasas,Branco - Grande,,variacao_pct,0.0,"0,00",%,change_pct,,pct,spot,,,physical
2026-02-11,ovos,ovos-extras-ceasas,Ovos Extras - Ceasas,Vermelho - Extra,,preco_caixa_de_30_duzias,217.32,"217,32",R$,price,BRL,,spot,,,physical
2026-02-11,ovos,ovos-extras-ceasas,Ovos Extras - Ceasas,Vermelho - Extra,,variacao_pct,0.0,"0,00",%,change_pct,,pct,spot,,,physical
2026-02-11,ovos,precos-de-ovos-cepea-produto-a-retirar-bastos,Ovos Cepea - Produto a Retirar em Bastos (SP),Branco,,30_dz,149.2,"149,20",R$,price,BRL,,spot,,,indicator
2026-02-11,ovos,precos-de-ovos-cepea-produto-a-retirar-bastos,Ovos Cepea - Produto a Retirar em Bastos (SP),Branco,,variacao_pct,0.0,"0,00",%,change_pct,,pct,spot,,,indicator
2026-02-11,ovos,precos-de-ovos-cepea-produto-a-retirar-bastos,Ovos Cepea - Produto a Retirar em Bastos (SP),Vermelho,,30_dz,168.22,"168,22",R$,price,BRL,,spot,,,indicator
2026-02-11,ovos,precos-de-ovos-cepea-produto-a-retirar-bastos,Ovos Cepea - Produto a Retirar em Bastos (SP),Vermelho,,variacao_pct,0.0,"0,00",%,change_pct,,pct,spot,,,indicator
2026-02-12,ovos,ovos-extras-ceasas,Ovos Extras - Ceasas,Branco - Grande,,preco_caixa_de_30_duzias,180.42,"180,42",R$,price,BRL,,spot,,,physical
2026-02-12,ovos,ovos-extras-ceasas,Ovos Extras - Ceasas,Branco - Grande,,variacao_pct,-0.2,"-0,20",%,change_pct,,pct,spot,,,physical
2026-02-12,ovos,ovos-extras-ceasas,Ovos Extras - Ceasas,Vermelho - Extra,,preco_caixa_de_30_duzias,215.72,"215,72",R$,price,BRL,,spot,,,physical
2026-02-12,ovos,ovos-extras-ceasas,Ovos Extras - Ceasas,Vermelho - Extra,,variacao_pct,-0.74,"-0,74",%,change_pct,,pct,spot,,,physical
2026-02-12,ovos,precos-de-ovos-cepea-produto-a-retirar-bastos,Ovos Cepea - Produto a Retirar em Bastos (SP),Branco,,30_dz,149.35,"149,35",R$,price,BRL,,spot,,,indicator
2026-02-12,ovos,precos-de-ovos-cepea-produto-a-retirar-bastos,Ovos Cepea - Produto a Retirar em Bastos (SP),Branco,,variacao_pct,0.1,"+0,10",%,change_pct,,pct,spot,,,indicator
2026-02-12,ovos,precos-de-ovos-cepea-produto-a-retirar-bastos,Ovos Cepea - Produto a Retirar em Bastos (SP),Vermelho,,30_dz,167.53,"167,53",R$,price,BRL,,spot,,,indicator
2026-02-12,ovos,precos-de-ovos-cepea-produto-a-retirar-bastos,Ovos Cepea - Produto a Retirar em Bastos (SP),Vermelho,,variacao_pct,-0.41,"-0,41",%,change_pct,,pct,spot,,,indicator
2026-02-13,ovos,ovos-extras-ceasas,Ovos Extras - Ceasas,Branco - Grande,,preco_caixa_de_30_duzias,180.42,"180,42",R$,price,BRL,,spot,,,physical
2026-02-13,ovos,ovos-extras-ceasas,Ovos Extras - Ceasas,Branco - Grande,,variacao_pct,0.0,"0,00",%,change_pct,,pct,spot,,,physical
2026-02-13,ovos,ovos-extras-ceasas,Ovos Extras - Ceasas,Vermelho - Extra,,preco_caixa_de_30_duzias,215.72,"215,72",R$,price,BRL,,spot,,,physical
2026-02-13,ovos,ovos-extras-ceasas,Ovos Extras - Ceasas,Vermelho - Extra,,variacao_pct,0.0,"0,00",%,change_pct,,pct,spot,,,physical
2026-02-13,ovos,precos-de-ovos-cepea-produto-a-retirar-bastos,Ovos Cepea - Produto a Retirar em Bastos (SP),Branco,,30_dz,149.47,"149,47",R$,price,BRL,,spot,,,indicator
2026-02-13,ovos,precos-de-ovos-cepea-produto-a-retirar-bastos,Ovos Cepea - Produto a Retirar em Bastos (SP),Branco,,variacao_pct,0.08,"+0,08",%,change_pct,,pct,spot,,,indicator
2026-02-13,ovos,precos-de-ovos-cepea-produto-a-retirar-bastos,Ovos Cepea - Produto a Retirar em Bastos (SP),Vermelho,,30_dz,168.74,"168,74",R$,price,BRL,,spot,,,indicator
2026-02-13,ovos,precos-de-ovos-cepea-produto-a-retirar-bastos,Ovos Cepea - Produto a Retirar em Bastos (SP),Vermelho,,variacao_pct,0.72,"+0,72",%,change_pct,,pct,spot,,,indicator
2026-02-17,ovos,ovos-extras-ceasas,Ovos Extras - Ceasas,Branco - Grande,,preco_caixa_de_30_duzias,182.25,"182,25",R$,price,BRL,,spot,,,physical
2026-02-17,ovos,ovos-extras-ceasas,Ovos Extras - Ceasas,Branco - Grande,,variacao_pct,1.01,"+1,01",%,change_pct,,pct,spot,,,physical
2026-02-17,ovos,ovos-extras-ceasas,Ovos Extras - Ceasas,Vermelho - Extra,,preco_caixa_de_30_duzias,212.58,"212,58",R$,price,BRL,,spot,,,physical
2026-02-17,ovos,ovos-extras-ceasas,Ovos Extras - Ceasas,Vermelho - Extra,,variacao_pct,-1.46,"-1,46",%,change_pct,,pct,spot,,,physical
2026-02-18,ovos,ovos-extras-ceasas,Ovos Extras - Ceasas,Branco - Grande,,preco_caixa_de_30_duzias,182.25,"182,25",R$,price,BRL,,spot,,,physical
2026-02-18,ovos,ovos-extras-ceasas,Ovos Extras - Ceasas,Branco - Grande,,variacao_pct,0.0,"0,00",%,change_pct,,pct,spot,,,physical
2026-02-18,ovos,ovos-extras-ceasas,Ovos Extras - Ceasas,Vermelho - Extra,,preco_caixa_de_30_duzias,212.58,"212,58",R$,price,BRL,,spot,,,physical
2026-02-18,ovos,ovos-extras-ceasas,Ovos Extras - Ceasas,Vermelho - Extra,,variacao_pct,0.0,"0,00",%,change_pct,,pct,spot,,,physical
2026-02-18,ovos,precos-de-ovos-cepea-produto-a-retirar-bastos,Ovos Cepea - Produto a Retirar em Bastos (SP),Branco,,30_dz,149.47,"149,47",R$,price,BRL,,spot,,,indicator
2026-02-18,ovos,precos-de-ovos-cepea-produto-a-retirar-bastos,Ovos Cepea - Produto a Retirar em Bastos (SP),Branco,,variacao_pct,0.0,"0,00",%,change_pct,,pct,spot,,,indicator
2026-02-18,ovos,precos-de-ovos-cepea-produto-a-retirar-bastos,Ovos Cepea - Produto a Retirar em Bastos (SP),Vermelho,,30_dz,168.74,"168,74",R$,price,BRL,,spot,,,indicator
2026-02-18,ovos,precos-de-ovos-cepea-produto-a-retirar-bastos,Ovos Cepea - Produto a Retirar em Bastos (SP),Vermelho,,variacao_pct,0.0,"0,00",%,change_pct,,pct,spot,,,indicator
2026-02-19,ovos,ovos-extras-ceasas,Ovos Extras - Ceasas,Branco - Grande,,preco_caixa_de_30_duzias,182.25,"182,25",R$,price,BRL,,spot,,,physical
2026-02-19,ovos,ovos-extras-ceasas,Ovos Extras - Ceasas,Branco - Grande,,variacao_pct,0.0,"0,00",%,change_pct,,pct,spot,,,physical
2026-02-19,ovos,ovos-extras-ceasas,Ovos Extras - Ceasas,Vermelho - Extra,,preco_caixa_de_30_duzias,212.58,"212,58",R$,price,BRL,,spot,,,physical
2026-02-19,ovos,ovos-extras-ceasas,Ovos Extras - Ceasas,Vermelho - Extra,,variacao_pct,0.0,"0,00",%,change_pct,,pct,spot,,,physical
2026-02-19,ovos,precos-de-ovos-cepea-produto-a-retirar-bastos,Ovos Cepea - Produto a Retirar em Bastos (SP),Branco,,30_dz,149.21,"149,21",R$,price,BRL,,spot,,,indicator
2026-02-19,ovos,precos-de-ovos-cepea-produto-a-retirar-bastos,Ovos Cepea - Produto a Retirar em Bastos (SP),Branco,,variacao_pct,-0.17,"-0,17",%,change_pct,,pct,spot,,,indicator
2026-02-19,ovos,precos-de-ovos-cepea-produto-a-retirar-bastos,Ovos Cepea - Produto a Retirar em Bastos (SP),Vermelho,,30_dz,167.62,"167,62",R$,price,BRL,,spot,,,indicator
2026-02-19,ovos,precos-de-ovos-cepea-produto-a-retirar-bastos,Ovos Cepea - Produto a Retirar em Bastos (SP),Vermelho,,variacao_pct,-0.66,"-0,66",%,change_pct,,pct,spot,,,indicator
2026-02-20,ovos,ovos-extras-ceasas,Ovos Extras - Ceasas,Branco - Grande,,preco_caixa_de_30_duzias,182.25,"182,25",R$,price,BRL,,spot,,,physical
2026-02-20,ovos,ovos-extras-ceasas,Ovos Extras - Ceasas,Branco - Grande,,variacao_pct,0.0,"0,00",%,change_pct,,pct,spot,,,physical
2026-02-20,ovos,ovos-extras-ceasas,Ovos Extras - Ceasas,Vermelho - Extra,,preco_caixa_de_30_duzias,212.58,"212,58",R$,price,BRL,,spot,,,physical
2026-02-20,ovos,ovos-extras-ceasas,Ovos Extras - Ceasas,Vermelho - Extra,,variacao_pct,0.0,"0,00",%,change_pct,,pct,spot,,,physical
2026-02-20,ovos,precos-de-ovos-cepea-produto-a-retirar-bastos,Ovos Cepea - Produto a Retirar em Bastos (SP),Branco,,30_dz,149.18,"149,18",R$,price,BRL,,spot,,,indicator
2026-02-20,ovos,precos-de-ovos-cepea-produto-a-retirar-bastos,Ovos Cepea - Produto a Retirar em Bastos (SP),Branco,,variacao_pct,-0.02,"-0,02",%,change_pct,,pct,spot,,,indicator
2026-02-20,ovos,precos-de-ovos-cepea-produto-a-retirar-bastos,Ovos Cepea - Produto a Retirar em Bastos (SP),Vermelho,,30_dz,167.73,"167,73",R$,price,BRL,,spot,,,indicator
2026-02-20,ovos,precos-de-ovos-cepea-produto-a-retirar-bastos,Ovos Cepea - Produto a Retirar em Bastos (SP),Vermelho,,variacao_pct,0.07,"+0,07",%,change_pct,,pct,spot,,,indicator
2026-02-23,ovos,ovos-extras-ceasas,Ovos Extras - Ceasas,Branco - Grande,,preco_caixa_de_30_duzias,182.25,"182,25",R$,price,BRL,,spot,,,physical
2026-02-23,ovos,ovos-extras-ceasas,Ovos Extras - Ceasas,Branco - Grande,,variacao_pct,0.0,"0,00",%,change_pct,,pct,spot,,,physical
2026-02-23,ovos,ovos-extras-ceasas,Ovos Extras - Ceasas,Vermelho - Extra,,preco_caixa_de_30_duzias,212.58,"212,58",R$,price,BRL,,spot,,,physical
2026-02-23,ovos,ovos-extras-ceasas,Ovos Extras - Ceasas,Vermelho - Extra,,variacao_pct,0.0,"0,00",%,change_pct,,pct,spot,,,physical
2026-02-23,ovos,preco-medio-ovos-ao-produtor,Preço Médio - Ovos Branco ao Produtor,Amazonas,,preco,273.72,"273,72",R$/30 dz,price,BRL,30dz,spot,,AM,physical
2026-02-23,ovos,preco-medio-ovos-ao-produtor,Preço Médio - Ovos Branco ao Produtor,Amazonas,,variacao_pct,,-,%,change_pct,,pct,spot,,AM,physical
2026-02-23,ovos,preco-medio-ovos-ao-produtor,Preço Médio - Ovos Branco ao Produtor,Distrito Federal,,preco,156.0,"156,00",R$/30 dz,price,BRL,30dz,spot,,DF,physical
2026-02-23,ovos,preco-medio-ovos-ao-produtor,Preço Médio - Ovos Branco ao Produtor,Distrito Federal,,variacao_pct,11.43,"+11,43",%,change_pct,,pct,spot,,DF,physical
2026-02-23,ovos,preco-medio-ovos-ao-produtor,Preço Médio - Ovos Branco ao Produtor,Goiás,,preco,,s/ cotação,R$/30 dz,price,BRL,30dz,spot,,GO,physical
2026-02-23,ovos,preco-medio-ovos-ao-produtor,Preço Médio - Ovos Branco ao Produtor,Goiás,,variacao_pct,,-,%,change_pct,,pct,spot,,GO,physical
2026-02-23,ovos,preco-medio-ovos-ao-produtor,Preço Médio - Ovos Branco ao Produtor,Mato Grosso do Sul,,preco,,s/ cotação,R$/30 dz,price,BRL,30dz,spot,,MS,physical
2026-02-23,ovos,preco-medio-ovos-ao-produtor,Preço Médio - Ovos Branco ao Produtor,Mato Grosso do Sul,,variacao_pct,,-,%,change_pct,,pct,spot,,MS,physical
2026-02-23,ovos,preco-medio-ovos-ao-produtor,Preço Médio - Ovos Branco ao Produtor,Paraná,,preco,145.69,"145,69",R$/30 dz,price,BRL,30dz,spot,,PR,physical
2026-02-23,ovos,preco-medio-ovos-ao-produtor,Preço Médio - Ovos Branco ao Produtor,Paraná,,variacao_pct,1.59,"+1,59",%,change_pct,,pct,spot,,PR,physical
2026-02-23,ovos,preco-medio-ovos-ao-produtor,Preço Médio - Ovos Branco ao Produtor,Rondônia,,preco,190.7,"190,70",R$/30 dz,price,BRL,30dz,spot,,RO,physical
2026-02-23,ovos,preco-medio-ovos-ao-produtor,Preço Médio - Ovos Branco ao Produtor,Rondônia,,variacao_pct,0.0,"0,00",%,change_pct,,pct,spot,,RO,physical
2026-02-23,ovos,preco-medio-ovos-ao-produtor,Preço Médio - Ovos Branco ao Produtor,Semana Referente de:,,preco,,16/02/26 a 20/02/26,R$/30 dz,price,BRL,30dz,spot,,,physical
2026-02-23,ovos,preco-medio-ovos-ao-produtor,Preço Médio - Ovos Branco ao Produtor,Semana Referente de:,,variacao_pct,,,%,change_pct,,pct,spot,,,physical
2026-02-23,ovos,preco-medio-ovos-ao-produtor,Preço Médio - Ovos Branco ao Produtor,São Paulo,,preco,147.44,"147,44",R$/30 dz,price,BRL,30dz,spot,,SP,physical
2026-02-23,ovos,preco-medio-ovos-ao-produtor,Preço Médio - Ovos Branco ao Produtor,São Paulo,,variacao_pct,2.02,"+2,02",%,change_pct,,pct,spot,,SP,physical
2026-02-23,ovos,precos-de-ovos-cepea-produto-a-retirar-bastos,Ovos Cepea - Produto a Retirar em Bastos (SP),Branco,,30_dz,149.18,"149,18",R$,price,BRL,,spot,,,indicator
2026-02-23,ovos,precos-de-ovos-cepea-produto-a-retirar-bastos,Ovos Cepea - Produto a Retirar em Bastos (SP),Branco,,variacao_pct,0.0,"0,00",%,change_pct,,pct,spot,,,indicator
2026-02-23,ovos,precos-de-ovos-cepea-produto-a-retirar-bastos,Ovos Cepea - Produto a Retirar em Bastos (SP),Vermelho,,30_dz,167.73,"167,73",R$,price,BRL,,spot,,,indicator
2026-02-23,ovos,precos-de-ovos-cepea-produto-a-retirar-bastos,Ovos Cepea - Produto a Retirar em Bastos (SP),Vermelho,,variacao_pct,0.0,"0,00",%,change_pct,,pct,spot,,,indicator
2026-02-24,ovos,ovos-extras-ceasas,Ovos Extras - Ceasas,Branco - Grande,,preco_caixa_de_30_duzias,176.54,"176,54",R$,price,BRL,,spot,,,physical
2026-02-24,ovos,ovos-extras-ceasas,Ovos Extras - Ceasas,Branco - Grande,,variacao_pct,-3.13,"-3,13",%,change_pct,,pct,spot,,,physical
2026-02-24,ovos,ovos-extras-ceasas,Ovos Extras - Ceasas,Vermelho - Extra,,preco_caixa_de_30_duzias,211.34,"211,34",R$,price,BRL,,spot,,,physical
2026-02-24,ovos,ovos-extras-ceasas,Ovos Extras - Ceasas,Vermelho - Extra,,variacao_pct,-0.58,"-0,58",%,change_pct,,pct,spot,,,physical
2026-02-24,ovos,precos-de-ovos-cepea-produto-a-retirar-bastos,Ovos Cepea - Produto a Retirar em Bastos (SP),Branco,,30_dz,149.18,"149,18",R$,price,BRL,,spot,,,indicator
2026-02-24,ovos,precos-de-ovos-cepea-produto-a-retirar-bastos,Ovos Cepea - Produto a Retirar em Bastos (SP),Branco,,variacao_pct,0.0,"0,00",%,change_pct,,pct,spot,,,indicator
2026-02-24,ovos,precos-de-ovos-cepea-produto-a-retirar-bastos,Ovos Cepea - Produto a Retirar em Bastos (SP),Vermelho,,30_dz,167.73,"167,73",R$,price,BRL,,spot,,,indicator
2026-02-24,ovos,precos-de-ovos-cepea-produto-a-retirar-bastos,Ovos Cepea - Produto a Retirar em Bastos (SP),Vermelho,,variacao_pct,0.0,"0,00",%,change_pct,,pct,spot,,,indicator
2026-02-25,ovos,ovos-extras-ceasas,Ovos Extras - Ceasas,Branco - Grande,,preco_caixa_de_30_duzias,176.54,"176,54",R$,price,BRL,,spot,,,physical
2026-02-25,ovos,ovos-extras-ceasas,Ovos Extras - Ceasas,Branco - Grande,,variacao_pct,0.0,"0,00",%,change_pct,,pct,spot,,,physical
2026-02-25,ovos,ovos-extras-ceasas,Ovos Extras - Ceasas,Vermelho - Extra,,preco_caixa_de_30_duzias,211.34,"211,34",R$,price,BRL,,spot,,,physical
2026-02-25,ovos,ovos-extras-ceasas,Ovos Extras - Ceasas,Vermelho - Extra,,variacao_pct,0.0,"0,00",%,change_pct,,pct,spot,,,physical
2026-02-25,ovos,precos-de-ovos-cepea-produto-a-retirar-bastos,Ovos Cepea - Produto a Retirar em Bastos (SP),Branco,,30_dz,149.18,"149,18",R$,price,BRL,,spot,,,indicator
2026-02-25,ovos,precos-de-ovos-cepea-produto-a-retirar-bastos,Ovos Cepea - Produto a Retirar em Bastos (SP),Branco,,variacao_pct,0.0,"0,00",%,change_pct,,pct,spot,,,indicator
2026-02-25,ovos,precos-de-ovos-cepea-produto-a-retirar-bastos,Ovos Cepea - Produto a Retirar em Bastos (SP),Vermelho,,30_dz,167.73,"167,73",R$,price,BRL,,spot,,,indicator
2026-02-25,ovos,precos-de-ovos-cepea-produto-a-retirar-bastos,Ovos Cepea - Produto a Retirar em Bastos (SP),Vermelho,,variacao_pct,0.0,"0,00",%,change_pct,,pct,spot,,,indicator
2026-02-26,ovos,ovos-extras-ceasas,Ovos Extras - Ceasas,Branco - Grande,,preco_caixa_de_30_duzias,176.54,"176,54",R$,price,BRL,,spot,,,physical
2026-02-26,ovos,ovos-extras-ceasas,Ovos Extras - Ceasas,Branco - Grande,,variacao_pct,0.0,"0,00",%,change_pct,,pct,spot,,,physical
2026-02-26,ovos,ovos-extras-ceasas,Ovos Extras - Ceasas,Vermelho - Extra,,preco_caixa_de_30_duzias,211.34,"211,34",R$,price,BRL,,spot,,,physical
2026-02-26,ovos,ovos-extras-ceasas,Ovos Extras - Ceasas,Vermelho - Extra,,variacao_pct,0.0,"0,00",%,change_pct,,pct,spot,,,physical
2026-02-26,ovos,precos-de-ovos-cepea-produto-a-retirar-bastos,Ovos Cepea - Produto a Retirar em Bastos (SP),Branco,,30_dz,149.01,"149,01",R$,price,BRL,,spot,,,indicator
2026-02-26,ovos,precos-de-ovos-cepea-produto-a-retirar-bastos,Ovos Cepea - Produto a Retirar em Bastos (SP),Branco,,variacao_pct,-0.11,"-0,11",%,change_pct,,pct,spot,,,indicator
2026-02-26,ovos,precos-de-ovos-cepea-produto-a-retirar-bastos,Ovos Cepea - Produto a Retirar em Bastos (SP),Vermelho,,30_dz,167.13,"167,13",R$,price,BRL,,spot,,,indicator
2026-02-26,ovos,precos-de-ovos-cepea-produto-a-retirar-bastos,Ovos Cepea - Produto a Retirar em Bastos (SP),Vermelho,,variacao_pct,-0.36,"-0,36",%,change_pct,,pct,spot,,,indicator
2026-02-27,ovos,ovos-extras-ceasas,Ovos Extras - Ceasas,Branco - Grande,,preco_caixa_de_30_duzias,176.54,"176,54",R$,price,BRL,,spot,,,physical
2026-02-27,ovos,ovos-extras-ceasas,Ovos Extras - Ceasas,Branco - Grande,,variacao_pct,0.0,"0,00",%,change_pct,,pct,spot,,,physical
2026-02-27,ovos,ovos-extras-ceasas,Ovos Extras - Ceasas,Vermelho - Extra,,preco_caixa_de_30_duzias,211.34,"211,34",R$,price,BRL,,spot,,,physical
2026-02-27,ovos,ovos-extras-ceasas,Ovos Extras - Ceasas,Vermelho - Extra,,variacao_pct,0.0,"0,00",%,change_pct,,pct,spot,,,physical
2026-02-27,ovos,precos-de-ovos-cepea-produto-a-retirar-bastos,Ovos Cepea - Produto a Retirar em Bastos (SP),Branco,,30_dz,159.04,"159,04",R$,price,BRL,,spot,,,indicator
2026-02-27,ovos,precos-de-ovos-cepea-produto-a-retirar-bastos,Ovos Cepea - Produto a Retirar em Bastos (SP),Branco,,variacao_pct,6.73,"+6,73",%,change_pct,,pct,spot,,,indicator
2026-02-27,ovos,precos-de-ovos-cepea-produto-a-retirar-bastos,Ovos Cepea - Produto a Retirar em Bastos (SP),Vermelho,,30_dz,177.59,"177,59",R$,price,BRL,,spot,,,indicator
2026-02-27,ovos,precos-de-ovos-cepea-produto-a-retirar-bastos,Ovos Cepea - Produto a Retirar em Bastos (SP),Vermelho,,variacao_pct,6.26,"+6,26",%,change_pct,,pct,spot,,,indicator
2026-03-02,ovos,ovos-extras-ceasas,Ovos Extras - Ceasas,Branco - Grande,,preco_caixa_de_30_duzias,182.88,"182,88",R$,price,BRL,,spot,,,physical
2026-03-02,ovos,ovos-extras-ceasas,Ovos Extras - Ceasas,Branco - Grande,,variacao_pct,3.59,"+3,59",%,change_pct,,pct,spot,,,physical
2026-03-02,ovos,ovos-extras-ceasas,Ovos Extras - Ceasas,Vermelho - Extra,,preco_caixa_de_30_duzias,222.08,"222,08",R$,price,BRL,,spot,,,physical
2026-03-02,ovos,ovos-extras-ceasas,Ovos Extras - Ceasas,Vermelho - Extra,,variacao_pct,5.08,"+5,08",%,change_pct,,pct,spot,,,physical
2026-03-02,ovos,preco-medio-ovos-ao-produtor,Preço Médio - Ovos Branco ao Produtor,Amazonas,,preco,270.0,"270,00",R$/30 dz,price,BRL,30dz,spot,,AM,physical
2026-03-02,ovos,preco-medio-ovos-ao-produtor,Preço Médio - Ovos Branco ao Produtor,Amazonas,,variacao_pct,-1.36,"-1,36",%,change_pct,,pct,spot,,AM,physical
2026-03-02,ovos,preco-medio-ovos-ao-produtor,Preço Médio - Ovos Branco ao Produtor,Distrito Federal,,preco,156.0,"156,00",R$/30 dz,price,BRL,30dz,spot,,DF,physical
2026-03-02,ovos,preco-medio-ovos-ao-produtor,Preço Médio - Ovos Branco ao Produtor,Distrito Federal,,variacao_pct,0.0,"0,00",%,change_pct,,pct,spot,,DF,physical
2026-03-02,ovos,preco-medio-ovos-ao-produtor,Preço Médio - Ovos Branco ao Produtor,Goiás,,preco,,s/ cotação,R$/30 dz,price,BRL,30dz,spot,,GO,physical
2026-03-02,ovos,preco-medio-ovos-ao-produtor,Preço Médio - Ovos Branco ao Produtor,Goiás,,variacao_pct,,-,%,change_pct,,pct,spot,,GO,physical
2026-03-02,ovos,preco-medio-ovos-ao-produtor,Preço Médio - Ovos Branco ao Produtor,Mato Grosso do Sul,,preco,,s/ cotação,R$/30 dz,price,BRL,30dz,spot,,MS,physical
2026-03-02,ovos,preco-medio-ovos-ao-produtor,Preço Médio - Ovos Branco ao Produtor,Mato Grosso do Sul,,variacao_pct,,-,%,change_pct,,pct,spot,,MS,physical
2026-03-02,ovos,preco-medio-ovos-ao-produtor,Preço Médio - Ovos Branco ao Produtor,Paraná,,preco,149.23,"149,23",R$/30 dz,price,BRL,30dz,spot,,PR,physical
2026-03-02,ovos,preco-medio-ovos-ao-produtor,Preço Médio - Ovos Branco ao Produtor,Paraná,,variacao_pct,2.43,"+2,43",%,change_pct,,pct,spot,,PR,physical
2026-03-02,ovos,preco-medio-ovos-ao-produtor,Preço Médio - Ovos Branco ao Produtor,Rondônia,,preco,190.7,"190,70",R$/30 dz,price,BRL,30dz,spot,,RO,physical
2026-03-02,ovos,preco-medio-ovos-ao-produtor,Preço Médio - Ovos Branco ao Produtor,Rondônia,,variacao_pct,0.0,"0,00",%,change_pct,,pct,spot,,RO,physical
2026-03-02,ovos,preco-medio-ovos-ao-produtor,Preço Médio - Ovos Branco ao Produtor,Semana Referente de:,,preco,,23/02/26 a 27/02/26,R$/30 dz,price,BRL,30dz,spot,,,physical
2026-03-02,ovos,preco-medio-ovos-ao-produtor,Preço Médio - Ovos Branco ao Produtor,Semana Referente de:,,variacao_pct,,,%,change_pct,,pct,spot,,,physical
2026-03-02,ovos,preco-medio-ovos-ao-produtor,Preço Médio - Ovos Branco ao Produtor,São Paulo,,preco,147.44,"147,44",R$/30 dz,price,BRL,30dz,spot,,SP,physical
2026-03-02,ovos,preco-medio-ovos-ao-produtor,Preço Médio - Ovos Branco ao Produtor,São Paulo,,variacao_pct,0.0,"0,00",%,change_pct,,pct,spot,,SP,physical
2026-03-02,ovos,precos-de-ovos-cepea-produto-a-retirar-bastos,Ovos Cepea - Produto a Retirar em Bastos (SP),Branco,,30_dz,159.04,"159,04",R$,price,BRL,,spot,,,indicator
2026-03-02,ovos,precos-de-ovos-cepea-produto-a-retirar-bastos,Ovos Cepea - Produto a Retirar em Bastos (SP),Branco,,variacao_pct,0.0,"0,00",%,change_pct,,pct,spot,,,indicator
2026-03-02,ovos,precos-de-ovos-cepea-produto-a-retirar-bastos,Ovos Cepea - Produto a Retirar em Bastos (SP),Vermelho,,30_dz,177.59,"177,59",R$,price,BRL,,spot,,,indicator
2026-03-02,ovos,precos-de-ovos-cepea-produto-a-retirar-bastos,Ovos Cepea - Produto a Retirar em Bastos (SP),Vermelho,,variacao_pct,0.0,"0,00",%,change_pct,,pct,spot,,,indicator
2026-03-03,ovos,ovos-extras-ceasas,Ovos Extras - Ceasas,Branco - Grande,,preco_caixa_de_30_duzias,192.38,"192,38",R$,price,BRL,,spot,,,physical
2026-03-03,ovos,ovos-extras-ceasas,Ovos Extras - Ceasas,Branco - Grande,,variacao_pct,5.19,"+5,19",%,change_pct,,pct,spot,,,physical
2026-03-03,ovos,ovos-extras-ceasas,Ovos Extras - Ceasas,Vermelho - Extra,,preco_caixa_de_30_duzias,226.33,"226,33",R$,price,BRL,,spot,,,physical
2026-03-03,ovos,ovos-extras-ceasas,Ovos Extras - Ceasas,Vermelho - Extra,,variacao_pct,1.91,"+1,91",%,change_pct,,pct,spot,,,physical
2026-03-03,ovos,precos-de-ovos-cepea-produto-a-retirar-bastos,Ovos Cepea - Produto a Retirar em Bastos (SP),Branco,,30_dz,159.02,"159,02",R$,price,BRL,,spot,,,indicator
2026-03-03,ovos,precos-de-ovos-cepea-produto-a-retirar-bastos,Ovos Cepea - Produto a Retirar em Bastos (SP),Branco,,variacao_pct,-0.01,"-0,01",%,change_pct,,pct,spot,,,indicator
2026-03-03,ovos,precos-de-ovos-cepea-produto-a-retirar-bastos,Ovos Cepea - Produto a Retirar em Bastos (SP),Vermelho,,30_dz,177.57,"177,57",R$,price,BRL,,spot,,,indicator
2026-03-03,ovos,precos-de-ovos-cepea-produto-a-retirar-bastos,Ovos Cepea - Produto a Retirar em Bastos (SP),Vermelho,,variacao_pct,-0.01,"-0,01",%,change_pct,,pct,spot,,,indicator
2026-03-04,ovos,ovos-extras-ceasas,Ovos Extras - Ceasas,Branco - Grande,,preco_caixa_de_30_duzias,192.38,"192,38",R$,price,BRL,,spot,,,physical
2026-03-04,ovos,ovos-extras-ceasas,Ovos Extras - Ceasas,Branco - Grande,,variacao_pct,0.0,"0,00",%,change_pct,,pct,spot,,,physical
2026-03-04,ovos,ovos-extras-ceasas,Ovos Extras - Ceasas,Vermelho - Extra,,preco_caixa_de_30_duzias,226.33,"226,33",R$,price,BRL,,spot,,,physical
2026-03-04,ovos,ovos-extras-ceasas,Ovos Extras - Ceasas,Vermelho - Extra,,variacao_pct,0.0,"0,00",%,change_pct,,pct,spot,,,physical
2026-03-04,ovos,precos-de-ovos-cepea-produto-a-retirar-bastos,Ovos Cepea - Produto a Retirar em Bastos (SP),Branco,,30_dz,168.74,"168,74",R$,price,BRL,,spot,,,indicator
2026-03-04,ovos,precos-de-ovos-cepea-produto-a-retirar-bastos,Ovos Cepea - Produto a Retirar em Bastos (SP),Branco,,variacao_pct,6.11,"+6,11",%,change_pct,,pct,spot,,,indicator
2026-03-04,ovos,precos-de-ovos-cepea-produto-a-retirar-bastos,Ovos Cepea - Produto a Retirar em Bastos (SP),Vermelho,,30_dz,195.04,"195,04",R$,price,BRL,,spot,,,indicator
2026-03-04,ovos,precos-de-ovos-cepea-produto-a-retirar-bastos,Ovos Cepea - Produto a Retirar em Bastos (SP),Vermelho,,variacao_pct,9.84,"+9,84",%,change_pct,,pct,spot,,,indicator
2026-03-05,ovos,ovos-extras-ceasas,Ovos Extras - Ceasas,Branco - Grande,,preco_caixa_de_30_duzias,202.74,"202,74",R$,price,BRL,,spot,,,physical
2026-03-05,ovos,ovos-extras-ceasas,Ovos Extras - Ceasas,Branco - Grande,,variacao_pct,5.39,"+5,39",%,change_pct,,pct,spot,,,physical
2026-03-05,ovos,ovos-extras-ceasas,Ovos Extras - Ceasas,Vermelho - Extra,,preco_caixa_de_30_duzias,238.47,"238,47",R$,price,BRL,,spot,,,physical
2026-03-05,ovos,ovos-extras-ceasas,Ovos Extras - Ceasas,Vermelho - Extra,,variacao_pct,5.36,"+5,36",%,change_pct,,pct,spot,,,physical
2026-03-05,ovos,precos-de-ovos-cepea-produto-a-retirar-bastos,Ovos Cepea - Produto a Retirar em Bastos (SP),Branco,,30_dz,168.76,"168,76",R$,price,BRL,,spot,,,indicator
2026-03-05,ovos,precos-de-ovos-cepea-produto-a-retirar-bastos,Ovos Cepea - Produto a Retirar em Bastos (SP),Branco,,variacao_pct,0.01,"+0,01",%,change_pct,,pct,spot,,,indicator
2026-03-05,ovos,precos-de-ovos-cepea-produto-a-retirar-bastos,Ovos Cepea - Produto a Retirar em Bastos (SP),Vermelho,,30_dz,194.93,"194,93",R$,price,BRL,,spot,,,indicator
2026-03-05,ovos,precos-de-ovos-cepea-produto-a-retirar-bastos,Ovos Cepea - Produto a Retirar em Bastos (SP),Vermelho,,variacao_pct,-0.06,"-0,06",%,change_pct,,pct,spot,,,indicator
2026-03-06,ovos,ovos-extras-ceasas,Ovos Extras - Ceasas,Branco - Grande,,preco_caixa_de_30_duzias,202.74,"202,74",R$,price,BRL,,spot,,,physical
2026-03-06,ovos,ovos-extras-ceasas,Ovos Extras - Ceasas,Branco - Grande,,variacao_pct,0.0,"0,00",%,change_pct,,pct,spot,,,physical
2026-03-06,ovos,ovos-extras-ceasas,Ovos Extras - Ceasas,Vermelho - Extra,,preco_caixa_de_30_duzias,238.47,"238,47",R$,price,BRL,,spot,,,physical
2026-03-06,ovos,ovos-extras-ceasas,Ovos Extras - Ceasas,Vermelho - Extra,,variacao_pct,0.0,"0,00",%,change_pct,,pct,spot,,,physical
2026-03-06,ovos,precos-de-ovos-cepea-produto-a-retirar-bastos,Ovos Cepea - Produto a Retirar em Bastos (SP),Branco,,30_dz,168.76,"168,76",R$,price,BRL,,spot,,,indicator
2026-03-06,ovos,precos-de-ovos-cepea-produto-a-retirar-bastos,Ovos Cepea - Produto a Retirar em Bastos (SP),Branco,,variacao_pct,0.0,"0,00",%,change_pct,,pct,spot,,,indicator
2026-03-06,ovos,precos-de-ovos-cepea-produto-a-retirar-bastos,Ovos Cepea - Produto a Retirar em Bastos (SP),Vermelho,,30_dz,194.93,"194,93",R$,price,BRL,,spot,,,indicator
2026-03-06,ovos,precos-de-ovos-cepea-produto-a-retirar-bastos,Ovos Cepea - Produto a Retirar em Bastos (SP),Vermelho,,variacao_pct,0.0,"0,00",%,change_pct,,pct,spot,,,indicator
2026-03-09,ovos,ovos-extras-ceasas,Ovos Extras - Ceasas,Branco - Grande,,preco_caixa_de_30_duzias,204.03,"204,03",R$,price,BRL,,spot,,,physical
2026-03-09,ovos,ovos-extras-ceasas,Ovos Extras - Ceasas,Branco - Grande,,variacao_pct,0.64,"+0,64",%,change_pct,,pct,spot,,,physical
2026-03-09,ovos,ovos-extras-ceasas,Ovos Extras - Ceasas,Vermelho - Extra,,preco_caixa_de_30_duzias,243.49,"243,49",R$,price,BRL,,spot,,,physical
2026-03-09,ovos,ovos-extras-ceasas,Ovos Extras - Ceasas,Vermelho - Extra,,variacao_pct,2.11,"+2,11",%,change_pct,,pct,spot,,,physical
2026-03-09,ovos,preco-medio-ovos-ao-produtor,Preço Médio - Ovos Branco ao Produtor,Amazonas,,preco,,s/ cotação,R$/30 dz,price,BRL,30dz,spot,,AM,physical
2026-03-09,ovos,preco-medio-ovos-ao-produtor,Preço Médio - Ovos Branco ao Produtor,Amazonas,,variacao_pct,,-,%,change_pct,,pct,spot,,AM,physical
2026-03-09,ovos,preco-medio-ovos-ao-produtor,Preço Médio - Ovos Branco ao Produtor,Distrito Federal,,preco,164.0,"164,00",R$/30 dz,price,BRL,30dz,spot,,DF,physical
2026-03-09,ovos,preco-medio-ovos-ao-produtor,Preço Médio - Ovos Branco ao Produtor,Distrito Federal,,variacao_pct,5.13,"+5,13",%,change_pct,,pct,spot,,DF,physical
2026-03-09,ovos,preco-medio-ovos-ao-produtor,Preço Médio - Ovos Branco ao Produtor,Goiás,,preco,180.0,"180,00",R$/30 dz,price,BRL,30dz,spot,,GO,physical
2026-03-09,ovos,preco-medio-ovos-ao-produtor,Preço Médio - Ovos Branco ao Produtor,Goiás,,variacao_pct,,-,%,change_pct,,pct,spot,,GO,physical
2026-03-09,ovos,preco-medio-ovos-ao-produtor,Preço Médio - Ovos Branco ao Produtor,Mato Grosso do Sul,,preco,,s/ cotação,R$/30 dz,price,BRL,30dz,spot,,MS,physical
2026-03-09,ovos,preco-medio-ovos-ao-produtor,Preço Médio - Ovos Branco ao Produtor,Mato Grosso do Sul,,variacao_pct,,-,%,change_pct,,pct,spot,,MS,physical
2026-03-09,ovos,preco-medio-ovos-ao-produtor,Preço Médio - Ovos Branco ao Produtor,Paraná,,preco,149.23,"149,23",R$/30 dz,price,BRL,30dz,spot,,PR,physical
2026-03-09,ovos,preco-medio-ovos-ao-produtor,Preço Médio - Ovos Branco ao Produtor,Paraná,,variacao_pct,0.0,"0,00",%,change_pct,,pct,spot,,PR,physical
2026-03-09,ovos,preco-medio-ovos-ao-produtor,Preço Médio - Ovos Branco ao Produtor,Rondônia,,preco,,s/ cotação,R$/30 dz,price,BRL,30dz,spot,,RO,physical
2026-03-09,ovos,preco-medio-ovos-ao-produtor,Preço Médio - Ovos Branco ao Produtor,Rondônia,,variacao_pct,,-,%,change_pct,,pct,spot,,RO,physical
2026-03-09,ovos,preco-medio-ovos-ao-produtor,Preço Médio - Ovos Branco ao Produtor,Semana Referente de:,,preco,,02/03/26 a 06/03/26,R$/30 dz,price,BRL,30dz,spot,,,physical
2026-03-09,ovos,preco-medio-ovos-ao-produtor,Preço Médio - Ovos Branco ao Produtor,Semana Referente de:,,variacao_pct,,,%,change_pct,,pct,spot,,,physical
2026-03-09,ovos,preco-medio-ovos-ao-produtor,Preço Médio - Ovos Branco ao Produtor,São Paulo,,preco,150.35,"150,35",R$/30 dz,price,BRL,30dz,spot,,SP,physical
2026-03-09,ovos,preco-medio-ovos-ao-produtor,Preço Médio - Ovos Branco ao Produtor,São Paulo,,variacao_pct,1.97,"+1,97",%,change_pct,,pct,spot,,SP,physical
2026-03-09,ovos,precos-de-ovos-cepea-produto-a-retirar-bastos,Ovos Cepea - Produto a Retirar em Bastos (SP),Branco,,30_dz,168.76,"168,76",R$,price,BRL,,spot,,,indicator
2026-03-09,ovos,precos-de-ovos-cepea-produto-a-retirar-bastos,Ovos Cepea - Produto a Retirar em Bastos (SP),Branco,,variacao_pct,0.0,"0,00",%,change_pct,,pct,spot,,,indicator
2026-03-09,ovos,precos-de-ovos-cepea-produto-a-retirar-bastos,Ovos Cepea - Produto a Retirar em Bastos (SP),Vermelho,,30_dz,194.93,"194,93",R$,price,BRL,,spot,,,indicator
2026-03-09,ovos,precos-de-ovos-cepea-produto-a-retirar-bastos,Ovos Cepea - Produto a Retirar em Bastos (SP),Vermelho,,variacao_pct,0.0,"0,00",%,change_pct,,pct,spot,,,indicator
2026-03-10,ovos,ovos-extras-ceasas,Ovos Extras - Ceasas,Branco - Grande,,preco_caixa_de_30_duzias,203.62,"203,62",R$,price,BRL,,spot,,,physical
2026-03-10,ovos,ovos-extras-ceasas,Ovos Extras - Ceasas,Branco - Grande,,variacao_pct,-0.2,"-0,20",%,change_pct,,pct,spot,,,physical
2026-03-10,ovos,ovos-extras-ceasas,Ovos Extras - Ceasas,Vermelho - Extra,,preco_caixa_de_30_duzias,241.17,"241,17",R$,price,BRL,,spot,,,physical
2026-03-10,ovos,ovos-extras-ceasas,Ovos Extras - Ceasas,Vermelho - Extra,,variacao_pct,-0.95,"-0,95",%,change_pct,,pct,spot,,,physical
2026-03-10,ovos,precos-de-ovos-cepea-produto-a-retirar-bastos,Ovos Cepea - Produto a Retirar em Bastos (SP),Branco,,30_dz,168.82,"168,82",R$,price,BRL,,spot,,,indicator
2026-03-10,ovos,precos-de-ovos-cepea-produto-a-retirar-bastos,Ovos Cepea - Produto a Retirar em Bastos (SP),Branco,,variacao_pct,0.04,"+0,04",%,change_pct,,pct,spot,,,indicator
2026-03-10,ovos,precos-de-ovos-cepea-produto-a-retirar-bastos,Ovos Cepea - Produto a Retirar em Bastos (SP),Vermelho,,30_dz,194.84,"194,84",R$,price,BRL,,spot,,,indicator
2026-03-10,ovos,precos-de-ovos-cepea-produto-a-retirar-bastos,Ovos Cepea - Produto a Retirar em Bastos (SP),Vermelho,,variacao_pct,-0.05,"-0,05",%,change_pct,,pct,spot,,,indicator
2026-03-11,ovos,ovos-extras-ceasas,Ovos Extras - Ceasas,Branco - Grande,,preco_caixa_de_30_duzias,203.62,"203,62",R$,price,BRL,,spot,,,physical
2026-03-11,ovos,ovos-extras-ceasas,Ovos Extras - Ceasas,Branco - Grande,,variacao_pct,0.0,"0,00",%,change_pct,,pct,spot,,,physical
2026-03-11,ovos,ovos-extras-ceasas,Ovos Extras - Ceasas,Vermelho - Extra,,preco_caixa_de_30_duzias,241.17,"241,17",R$,price,BRL,,spot,,,physical
2026-03-11,ovos,ovos-extras-ceasas,Ovos Extras - Ceasas,Vermelho - Extra,,variacao_pct,0.0,"0,00",%,change_pct,,pct,spot,,,physical
2026-03-11,ovos,precos-de-ovos-cepea-produto-a-retirar-bastos,Ovos Cepea - Produto a Retirar em Bastos (SP),Branco,,30_dz,168.81,"168,81",R$,price,BRL,,spot,,,indicator
2026-03-11,ovos,precos-de-ovos-cepea-produto-a-retirar-bastos,Ovos Cepea - Produto a Retirar em Bastos (SP),Branco,,variacao_pct,-0.01,"-0,01",%,change_pct,,pct,spot,,,indicator
2026-03-11,ovos,precos-de-ovos-cepea-produto-a-retirar-bastos,Ovos Cepea - Produto a Retirar em Bastos (SP),Vermelho,,30_dz,194.84,"194,84",R$,price,BRL,,spot,,,indicator
2026-03-11,ovos,precos-de-ovos-cepea-produto-a-retirar-bastos,Ovos Cepea - Produto a Retirar em Bastos (SP),Vermelho,,variacao_pct,0.0,"0,00",%,change_pct,,pct,spot,,,indicator
2026-03-12,ovos,ovos-extras-ceasas,Ovos Extras - Ceasas,Branco - Grande,,preco_caixa_de_30_duzias,206.51,"206,51",R$,price,BRL,,spot,,,physical
2026-03-12,ovos,ovos-extras-ceasas,Ovos Extras - Ceasas,Branco - Grande,,variacao_pct,1.42,"+1,42",%,change_pct,,pct,spot,,,physical
2026-03-12,ovos,ovos-extras-ceasas,Ovos Extras - Ceasas,Vermelho - Extra,,preco_caixa_de_30_duzias,241.95,"241,95",R$,price,BRL,,spot,,,physical
2026-03-12,ovos,ovos-extras-ceasas,Ovos Extras - Ceasas,Vermelho - Extra,,variacao_pct,0.32,"+0,32",%,change_pct,,pct,spot,,,physical
2026-03-12,ovos,precos-de-ovos-cepea-produto-a-retirar-bastos,Ovos Cepea - Produto a Retirar em Bastos (SP),Branco,,30_dz,168.87,"168,87",R$,price,BRL,,spot,,,indicator
2026-03-12,ovos,precos-de-ovos-cepea-produto-a-retirar-bastos,Ovos Cepea - Produto a Retirar em Bastos (SP),Branco,,variacao_pct,0.04,"+0,04",%,change_pct,,pct,spot,,,indicator
2026-03-12,ovos,precos-de-ovos-cepea-produto-a-retirar-bastos,Ovos Cepea - Produto a Retirar em Bastos (SP),Vermelho,,30_dz,195.36,"195,36",R$,price,BRL,,spot,,,indicator
2026-03-12,ovos,precos-de-ovos-cepea-produto-a-retirar-bastos,Ovos Cepea - Produto a Retirar em Bastos (SP),Vermelho,,variacao_pct,0.27,"+0,27",%,change_pct,,pct,spot,,,indicator
2026-03-13,ovos,ovos-extras-ceasas,Ovos Extras - Ceasas,Branco - Grande,,preco_caixa_de_30_duzias,206.51,"206,51",R$,price,BRL,,spot,,,physical
2026-03-13,ovos,ovos-extras-ceasas,Ovos Extras - Ceasas,Branco - Grande,,variacao_pct,0.0,"0,00",%,change_pct,,pct,spot,,,physical
2026-03-13,ovos,ovos-extras-ceasas,Ovos Extras - Ceasas,Vermelho - Extra,,preco_caixa_de_30_duzias,241.95,"241,95",R$,price,BRL,,spot,,,physical
2026-03-13,ovos,ovos-extras-ceasas,Ovos Extras - Ceasas,Vermelho - Extra,,variacao_pct,0.0,"0,00",%,change_pct,,pct,spot,,,physical
2026-03-13,ovos,precos-de-ovos-cepea-produto-a-retirar-bastos,Ovos Cepea - Produto a Retirar em Bastos (SP),Branco,,30_dz,173.72,"173,72",R$,price,BRL,,spot,,,indicator
2026-03-13,ovos,precos-de-ovos-cepea-produto-a-retirar-bastos,Ovos Cepea - Produto a Retirar em Bastos (SP),Branco,,variacao_pct,2.87,"+2,87",%,change_pct,,pct,spot,,,indicator
2026-03-13,ovos,precos-de-ovos-cepea-produto-a-retirar-bastos,Ovos Cepea - Produto a Retirar em Bastos (SP),Vermelho,,30_dz,201.21,"201,21",R$,price,BRL,,spot,,,indicator
2026-03-13,ovos,precos-de-ovos-cepea-produto-a-retirar-bastos,Ovos Cepea - Produto a Retirar em Bastos (SP),Vermelho,,variacao_pct,2.99,"+2,99",%,change_pct,,pct,spot,,,indicator
2026-03-16,ovos,ovos-extras-ceasas,Ovos Extras - Ceasas,Branco - Grande,,preco_caixa_de_30_duzias,207.15,"207,15",R$,price,BRL,,spot,,,physical
2026-03-16,ovos,ovos-extras-ceasas,Ovos Extras - Ceasas,Branco - Grande,,variacao_pct,0.31,"+0,31",%,change_pct,,pct,spot,,,physical
2026-03-16,ovos,ovos-extras-ceasas,Ovos Extras - Ceasas,Vermelho - Extra,,preco_caixa_de_30_duzias,246.82,"246,82",R$,price,BRL,,spot,,,physical
2026-03-16,ovos,ovos-extras-ceasas,Ovos Extras - Ceasas,Vermelho - Extra,,variacao_pct,2.01,"+2,01",%,change_pct,,pct,spot,,,physical
2026-03-16,ovos,preco-medio-ovos-ao-produtor,Preço Médio - Ovos Branco ao Produtor,Amazonas,,preco,270.0,"270,00",R$/30 dz,price,BRL,30dz,spot,,AM,physical
2026-03-16,ovos,preco-medio-ovos-ao-produtor,Preço Médio - Ovos Branco ao Produtor,Amazonas,,variacao_pct,,-,%,change_pct,,pct,spot,,AM,physical
2026-03-16,ovos,preco-medio-ovos-ao-produtor,Preço Médio - Ovos Branco ao Produtor,Distrito Federal,,preco,164.0,"164,00",R$/30 dz,price,BRL,30dz,spot,,DF,physical
2026-03-16,ovos,preco-medio-ovos-ao-produtor,Preço Médio - Ovos Branco ao Produtor,Distrito Federal,,variacao_pct,0.0,"0,00",%,change_pct,,pct,spot,,DF,physical
2026-03-16,ovos,preco-medio-ovos-ao-produtor,Preço Médio - Ovos Branco ao Produtor,Goiás,,preco,180.0,"180,00",R$/30 dz,price,BRL,30dz,spot,,GO,physical
2026-03-16,ovos,preco-medio-ovos-ao-produtor,Preço Médio - Ovos Branco ao Produtor,Goiás,,variacao_pct,0.0,"0,00",%,change_pct,,pct,spot,,GO,physical
2026-03-16,ovos,preco-medio-ovos-ao-produtor,Preço Médio - Ovos Branco ao Produtor,Mato Grosso do Sul,,preco,,s/ cotação,R$/30 dz,price,BRL,30dz,spot,,MS,physical
2026-03-16,ovos,preco-medio-ovos-ao-produtor,Preço Médio - Ovos Branco ao Produtor,Mato Grosso do Sul,,variacao_pct,,-,%,change_pct,,pct,spot,,MS,physical
2026-03-16,ovos,preco-medio-ovos-ao-produtor,Preço Médio - Ovos Branco ao Produtor,Paraná,,preco,161.51,"161,51",R$/30 dz,price,BRL,30dz,spot,,PR,physical
2026-03-16,ovos,preco-medio-ovos-ao-produtor,Preço Médio - Ovos Branco ao Produtor,Paraná,,variacao_pct,8.23,"+8,23",%,change_pct,,pct,spot,,PR,physical
2026-03-16,ovos,preco-medio-ovos-ao-produtor,Preço Médio - Ovos Branco ao Produtor,Rondônia,,preco,222.39,"222,39",R$/30 dz,price,BRL,30dz,spot,,RO,physical
2026-03-16,ovos,preco-medio-ovos-ao-produtor,Preço Médio - Ovos Branco ao Produtor,Rondônia,,variacao_pct,,-,%,change_pct,,pct,spot,,RO,physical
2026-03-16,ovos,preco-medio-ovos-ao-produtor,Preço Médio - Ovos Branco ao Produtor,Semana Referente de:,,preco,,09/03/26 a 13/03/26,R$/30 dz,price,BRL,30dz,spot,,,physical
2026-03-16,ovos,preco-medio-ovos-ao-produtor,Preço Médio - Ovos Branco ao Produtor,Semana Referente de:,,variacao_pct,,,%,change_pct,,pct,spot,,,physical
2026-03-16,ovos,preco-medio-ovos-ao-produtor,Preço Médio - Ovos Branco ao Produtor,São Paulo,,preco,150.35,"150,35",R$/30 dz,price,BRL,30dz,spot,,SP,physical
2026-03-16,ovos,preco-medio-ovos-ao-produtor,Preço Médio - Ovos Branco ao Produtor,São Paulo,,variacao_pct,0.0,"0,00",%,change_pct,,pct,spot,,SP,physical
2026-03-16,ovos,precos-de-ovos-cepea-produto-a-retirar-bastos,Ovos Cepea - Produto a Retirar em Bastos (SP),Branco,,30_dz,173.72,"173,72",R$,price,BRL,,spot,,,indicator
2026-03-16,ovos,precos-de-ovos-cepea-produto-a-retirar-bastos,Ovos Cepea - Produto a Retirar em Bastos (SP),Branco,,variacao_pct,0.0,"0,00",%,change_pct,,pct,spot,,,indicator
2026-03-16,ovos,precos-de-ovos-cepea-produto-a-retirar-bastos,Ovos Cepea - Produto a Retirar em Bastos (SP),Vermelho,,30_dz,201.21,"201,21",R$,price,BRL,,spot,,,indicator
2026-03-16,ovos,precos-de-ovos-cepea-produto-a-retirar-bastos,Ovos Cepea - Produto a Retirar em Bastos (SP),Vermelho,,variacao_pct,0.0,"0,00",%,change_pct,,pct,spot,,,indicator
2026-03-17,ovos,ovos-extras-ceasas,Ovos Extras - Ceasas,Branco - Grande,,preco_caixa_de_30_duzias,214.94,"214,94",R$,price,BRL,,spot,,,physical
2026-03-17,ovos,ovos-extras-ceasas,Ovos Extras - Ceasas,Branco - Grande,,variacao_pct,3.76,"+3,76",%,change_pct,,pct,spot,,,physical
2026-03-17,ovos,ovos-extras-ceasas,Ovos Extras - Ceasas,Vermelho - Extra,,preco_caixa_de_30_duzias,244.24,"244,24",R$,price,BRL,,spot,,,physical
2026-03-17,ovos,ovos-extras-ceasas,Ovos Extras - Ceasas,Vermelho - Extra,,variacao_pct,-1.05,"-1,05",%,change_pct,,pct,spot,,,physical
2026-03-17,ovos,precos-de-ovos-cepea-produto-a-retirar-bastos,Ovos Cepea - Produto a Retirar em Bastos (SP),Branco,,30_dz,174.02,"174,02",R$,price,BRL,,spot,,,indicator
2026-03-17,ovos,precos-de-ovos-cepea-produto-a-retirar-bastos,Ovos Cepea - Produto a Retirar em Bastos (SP),Branco,,variacao_pct,0.17,"+0,17",%,change_pct,,pct,spot,,,indicator
2026-03-17,ovos,precos-de-ovos-cepea-produto-a-retirar-bastos,Ovos Cepea - Produto a Retirar em Bastos (SP),Vermelho,,30_dz,201.78,"201,78",R$,price,BRL,,spot,,,indicator
2026-03-17,ovos,precos-de-ovos-cepea-produto-a-retirar-bastos,Ovos Cepea - Produto a Retirar em Bastos (SP),Vermelho,,variacao_pct,0.28,"+0,28",%,change_pct,,pct,spot,,,indicator
2026-03-18,ovos,ovos-extras-ceasas,Ovos Extras - Ceasas,Branco - Grande,,preco_caixa_de_30_duzias,214.94,"214,94",R$,price,BRL,,spot,,,physical
2026-03-18,ovos,ovos-extras-ceasas,Ovos Extras - Ceasas,Branco - Grande,,variacao_pct,0.0,"0,00",%,change_pct,,pct,spot,,,physical
2026-03-18,ovos,ovos-extras-ceasas,Ovos Extras - Ceasas,Vermelho - Extra,,preco_caixa_de_30_duzias,244.24,"244,24",R$,price,BRL,,spot,,,physical
2026-03-18,ovos,ovos-extras-ceasas,Ovos Extras - Ceasas,Vermelho - Extra,,variacao_pct,0.0,"0,00",%,change_pct,,pct,spot,,,physical
2026-03-18,ovos,precos-de-ovos-cepea-produto-a-retirar-bastos,Ovos Cepea - Produto a Retirar em Bastos (SP),Branco,,30_dz,174.02,"174,02",R$,price,BRL,,spot,,,indicator
2026-03-18,ovos,precos-de-ovos-cepea-produto-a-retirar-bastos,Ovos Cepea - Produto a Retirar em Bastos (SP),Branco,,variacao_pct,0.0,"0,00",%,change_pct,,pct,spot,,,indicator
2026-03-18,ovos,precos-de-ovos-cepea-produto-a-retirar-bastos,Ovos Cepea - Produto a Retirar em Bastos (SP),Vermelho,,30_dz,201.78,"201,78",R$,price,BRL,,spot,,,indicator
2026-03-18,ovos,precos-de-ovos-cepea-produto-a-retirar-bastos,Ovos Cepea - Produto a Retirar em Bastos (SP),Vermelho,,variacao_pct,0.0,"0,00",%,change_pct,,pct,spot,,,indicator
2026-03-19,ovos,ovos-extras-ceasas,Ovos Extras - Ceasas,Branco - Grande,,preco_caixa_de_30_duzias,214.94,"214,94",R$,price,BRL,,spot,,,physical
2026-03-19,ovos,ovos-extras-ceasas,Ovos Extras - Ceasas,Branco - Grande,,variacao_pct,0.0,"0,00",%,change_pct,,pct,spot,,,physical
2026-03-19,ovos,ovos-extras-ceasas,Ovos Extras - Ceasas,Vermelho - Extra,,preco_caixa_de_30_duzias,244.24,"244,24",R$,price,BRL,,spot,,,physical
2026-03-19,ovos,ovos-extras-ceasas,Ovos Extras - Ceasas,Vermelho - Extra,,variacao_pct,0.0,"0,00",%,change_pct,,pct,spot,,,physical
2026-03-19,ovos,precos-de-ovos-cepea-produto-a-retirar-bastos,Ovos Cepea - Produto a Retirar em Bastos (SP),Branco,,30_dz,174.02,"174,02",R$,price,BRL,,spot,,,indicator
2026-03-19,ovos,precos-de-ovos-cepea-produto-a-retirar-bastos,Ovos Cepea - Produto a Retirar em Bastos (SP),Branco,,variacao_pct,0.0,"0,00",%,change_pct,,pct,spot,,,indicator
2026-03-19,ovos,precos-de-ovos-cepea-produto-a-retirar-bastos,Ovos Cepea - Produto a Retirar em Bastos (SP),Vermelho,,30_dz,201.78,"201,78",R$,price,BRL,,spot,,,indicator
2026-03-19,ovos,precos-de-ovos-cepea-produto-a-retirar-bastos,Ovos Cepea - Produto a Retirar em Bastos (SP),Vermelho,,variacao_pct,0.0,"0,00",%,change_pct,,pct,spot,,,indicator
2026-03-20,ovos,ovos-extras-ceasas,Ovos Extras - Ceasas,Branco - Grande,,preco_caixa_de_30_duzias,210.51,"210,51",R$,price,BRL,,spot,,,physical
2026-03-20,ovos,ovos-extras-ceasas,Ovos Extras - Ceasas,Branco - Grande,,variacao_pct,-2.06,"-2,06",%,change_pct,,pct,spot,,,physical
2026-03-20,ovos,ovos-extras-ceasas,Ovos Extras - Ceasas,Vermelho - Extra,,preco_caixa_de_30_duzias,245.48,"245,48",R$,price,BRL,,spot,,,physical
2026-03-20,ovos,ovos-extras-ceasas,Ovos Extras - Ceasas,Vermelho - Extra,,variacao_pct,0.51,"+0,51",%,change_pct,,pct,spot,,,physical
2026-03-20,ovos,precos-de-ovos-cepea-produto-a-retirar-bastos,Ovos Cepea - Produto a Retirar em Bastos (SP),Branco,,30_dz,174.02,"174,02",R$,price,BRL,,spot,,,indicator
2026-03-20,ovos,precos-de-ovos-cepea-produto-a-retirar-bastos,Ovos Cepea - Produto a Retirar em Bastos (SP),Branco,,variacao_pct,0.0,"0,00",%,change_pct,,pct,spot,,,indicator
2026-03-20,ovos,precos-de-ovos-cepea-produto-a-retirar-bastos,Ovos Cepea - Produto a Retirar em Bastos (SP),Vermelho,,30_dz,202.23,"202,23",R$,price,BRL,,spot,,,indicator
2026-03-20,ovos,precos-de-ovos-cepea-produto-a-retirar-bastos,Ovos Cepea - Produto a Retirar em Bastos (SP),Vermelho,,variacao_pct,0.22,"+0,22",%,change_pct,,pct,spot,,,indicator
2026-03-23,ovos,ovos-extras-ceasas,Ovos Extras - Ceasas,Branco - Grande,,preco_caixa_de_30_duzias,208.2,"208,20",R$,price,BRL,,spot,,,physical
2026-03-23,ovos,ovos-extras-ceasas,Ovos Extras - Ceasas,Branco - Grande,,variacao_pct,-1.1,"-1,10",%,change_pct,,pct,spot,,,physical
2026-03-23,ovos,ovos-extras-ceasas,Ovos Extras - Ceasas,Vermelho - Extra,,preco_caixa_de_30_duzias,250.56,"250,56",R$,price,BRL,,spot,,,physical
2026-03-23,ovos,ovos-extras-ceasas,Ovos Extras - Ceasas,Vermelho - Extra,,variacao_pct,2.07,"+2,07",%,change_pct,,pct,spot,,,physical
2026-03-23,ovos,preco-medio-ovos-ao-produtor,Preço Médio - Ovos Branco ao Produtor,Amazonas,,preco,273.72,"273,72",R$/30 dz,price,BRL,30dz,spot,,AM,physical
2026-03-23,ovos,preco-medio-ovos-ao-produtor,Preço Médio - Ovos Branco ao Produtor,Amazonas,,variacao_pct,1.38,"+1,38",%,change_pct,,pct,spot,,AM,physical
2026-03-23,ovos,preco-medio-ovos-ao-produtor,Preço Médio - Ovos Branco ao Produtor,Distrito Federal,,preco,164.0,"164,00",R$/30 dz,price,BRL,30dz,spot,,DF,physical
2026-03-23,ovos,preco-medio-ovos-ao-produtor,Preço Médio - Ovos Branco ao Produtor,Distrito Federal,,variacao_pct,0.0,"0,00",%,change_pct,,pct,spot,,DF,physical
2026-03-23,ovos,preco-medio-ovos-ao-produtor,Preço Médio - Ovos Branco ao Produtor,Goiás,,preco,180.0,"180,00",R$/30 dz,price,BRL,30dz,spot,,GO,physical
2026-03-23,ovos,preco-medio-ovos-ao-produtor,Preço Médio - Ovos Branco ao Produtor,Goiás,,variacao_pct,0.0,"0,00",%,change_pct,,pct,spot,,GO,physical
2026-03-23,ovos,preco-medio-ovos-ao-produtor,Preço Médio - Ovos Branco ao Produtor,Mato Grosso do Sul,,preco,,s/ cotação,R$/30 dz,price,BRL,30dz,spot,,MS,physical
2026-03-23,ovos,preco-medio-ovos-ao-produtor,Preço Médio - Ovos Branco ao Produtor,Mato Grosso do Sul,,variacao_pct,,-,%,change_pct,,pct,spot,,MS,physical
2026-03-23,ovos,preco-medio-ovos-ao-produtor,Preço Médio - Ovos Branco ao Produtor,Paraná,,preco,153.96,"153,96",R$/30 dz,price,BRL,30dz,spot,,PR,physical
2026-03-23,ovos,preco-medio-ovos-ao-produtor,Preço Médio - Ovos Branco ao Produtor,Paraná,,variacao_pct,-4.67,"-4,67",%,change_pct,,pct,spot,,PR,physical
2026-03-23,ovos,preco-medio-ovos-ao-produtor,Preço Médio - Ovos Branco ao Produtor,Rondônia,,preco,222.39,"222,39",R$/30 dz,price,BRL,30dz,spot,,RO,physical
2026-03-23,ovos,preco-medio-ovos-ao-produtor,Preço Médio - Ovos Branco ao Produtor,Rondônia,,variacao_pct,0.0,"0,00",%,change_pct,,pct,spot,,RO,physical
2026-03-23,ovos,preco-medio-ovos-ao-produtor,Preço Médio - Ovos Branco ao Produtor,Semana Referente de:,,preco,,16/03/26 a 20/03/26,R$/30 dz,price,BRL,30dz,spot,,,physical
2026-03-23,ovos,preco-medio-ovos-ao-produtor,Preço Médio - Ovos Branco ao Produtor,Semana Referente de:,,variacao_pct,,,%,change_pct,,pct,spot,,,physical
2026-03-23,ovos,preco-medio-ovos-ao-produtor,Preço Médio - Ovos Branco ao Produtor,São Paulo,,preco,150.35,"150,35",R$/30 dz,price,BRL,30dz,spot,,SP,physical
2026-03-23,ovos,preco-medio-ovos-ao-produtor,Preço Médio - Ovos Branco ao Produtor,São Paulo,,variacao_pct,0.0,"0,00",%,change_pct,,pct,spot,,SP,physical
2026-03-23,ovos,precos-de-ovos-cepea-produto-a-retirar-bastos,Ovos Cepea - Produto a Retirar em Bastos (SP),Branco,,30_dz,174.02,"174,02",R$,price,BRL,,spot,,,indicator
2026-03-23,ovos,precos-de-ovos-cepea-produto-a-retirar-bastos,Ovos Cepea - Produto a Retirar em Bastos (SP),Branco,,variacao_pct,0.0,"0,00",%,change_pct,,pct,spot,,,indicator
2026-03-23,ovos,precos-de-ovos-cepea-produto-a-retirar-bastos,Ovos Cepea - Produto a Retirar em Bastos (SP),Vermelho,,30_dz,201.69,"201,69",R$,price,BRL,,spot,,,indicator
2026-03-23,ovos,precos-de-ovos-cepea-produto-a-retirar-bastos,Ovos Cepea - Produto a Retirar em Bastos (SP),Vermelho,,variacao_pct,-0.27,"-0,27",%,change_pct,,pct,spot,,,indicator
2026-03-24,ovos,ovos-extras-ceasas,Ovos Extras - Ceasas,Branco - Grande,,preco_caixa_de_30_duzias,205.64,"205,64",R$,price,BRL,,spot,,,physical
2026-03-24,ovos,ovos-extras-ceasas,Ovos Extras - Ceasas,Branco - Grande,,variacao_pct,-1.23,"-1,23",%,change_pct,,pct,spot,,,physical
2026-03-24,ovos,ovos-extras-ceasas,Ovos Extras - Ceasas,Vermelho - Extra,,preco_caixa_de_30_duzias,245.76,"245,76",R$,price,BRL,,spot,,,physical
2026-03-24,ovos,ovos-extras-ceasas,Ovos Extras - Ceasas,Vermelho - Extra,,variacao_pct,-1.92,"-1,92",%,change_pct,,pct,spot,,,physical
2026-03-24,ovos,precos-de-ovos-cepea-produto-a-retirar-bastos,Ovos Cepea - Produto a Retirar em Bastos (SP),Branco,,30_dz,174.03,"174,03",R$,price,BRL,,spot,,,indicator
2026-03-24,ovos,precos-de-ovos-cepea-produto-a-retirar-bastos,Ovos Cepea - Produto a Retirar em Bastos (SP),Branco,,variacao_pct,0.0,"0,00",%,change_pct,,pct,spot,,,indicator
2026-03-24,ovos,precos-de-ovos-cepea-produto-a-retirar-bastos,Ovos Cepea - Produto a Retirar em Bastos (SP),Vermelho,,30_dz,201.69,"201,69",R$,price,BRL,,spot,,,indicator
2026-03-24,ovos,precos-de-ovos-cepea-produto-a-retirar-bastos,Ovos Cepea - Produto a Retirar em Bastos (SP),Vermelho,,variacao_pct,0.0,"0,00",%,change_pct,,pct,spot,,,indicator
2026-03-25,ovos,ovos-extras-ceasas,Ovos Extras - Ceasas,Branco - Grande,,preco_caixa_de_30_duzias,205.64,"205,64",R$,price,BRL,,spot,,,physical
2026-03-25,ovos,ovos-extras-ceasas,Ovos Extras - Ceasas,Branco - Grande,,variacao_pct,0.0,"0,00",%,change_pct,,pct,spot,,,physical
2026-03-25,ovos,ovos-extras-ceasas,Ovos Extras - Ceasas,Vermelho - Extra,,preco_caixa_de_30_duzias,245.76,"245,76",R$,price,BRL,,spot,,,physical
2026-03-25,ovos,ovos-extras-ceasas,Ovos Extras - Ceasas,Vermelho - Extra,,variacao_pct,0.0,"0,00",%,change_pct,,pct,spot,,,physical
2026-03-25,ovos,precos-de-ovos-cepea-produto-a-retirar-bastos,Ovos Cepea - Produto a Retirar em Bastos (SP),Branco,,30_dz,163.94,"163,94",R$,price,BRL,,spot,,,indicator
2026-03-25,ovos,precos-de-ovos-cepea-produto-a-retirar-bastos,Ovos Cepea - Produto a Retirar em Bastos (SP),Branco,,variacao_pct,-5.8,"-5,80",%,change_pct,,pct,spot,,,indicator
2026-03-25,ovos,precos-de-ovos-cepea-produto-a-retirar-bastos,Ovos Cepea - Produto a Retirar em Bastos (SP),Vermelho,,30_dz,187.34,"187,34",R$,price,BRL,,spot,,,indicator
2026-03-25,ovos,precos-de-ovos-cepea-produto-a-retirar-bastos,Ovos Cepea - Produto a Retirar em Bastos (SP),Vermelho,,variacao_pct,-7.11,"-7,11",%,change_pct,,pct,spot,,,indicator
2026-03-26,ovos,ovos-extras-ceasas,Ovos Extras - Ceasas,Branco - Grande,,preco_caixa_de_30_duzias,205.64,"205,64",R$,price,BRL,,spot,,,physical
2026-03-26,ovos,ovos-extras-ceasas,Ovos Extras - Ceasas,Branco - Grande,,variacao_pct,0.0,"0,00",%,change_pct,,pct,spot,,,physical
2026-03-26,ovos,ovos-extras-ceasas,Ovos Extras - Ceasas,Vermelho - Extra,,preco_caixa_de_30_duzias,245.76,"245,76",R$,price,BRL,,spot,,,physical
2026-03-26,ovos,ovos-extras-ceasas,Ovos Extras - Ceasas,Vermelho - Extra,,variacao_pct,0.0,"0,00",%,change_pct,,pct,spot,,,physical
2026-03-26,ovos,precos-de-ovos-cepea-produto-a-retirar-bastos,Ovos Cepea - Produto a Retirar em Bastos (SP),Branco,,30_dz,163.94,"163,94",R$,price,BRL,,spot,,,indicator
2026-03-26,ovos,precos-de-ovos-cepea-produto-a-retirar-bastos,Ovos Cepea - Produto a Retirar em Bastos (SP),Branco,,variacao_pct,0.0,"0,00",%,change_pct,,pct,spot,,,indicator
2026-03-26,ovos,precos-de-ovos-cepea-produto-a-retirar-bastos,Ovos Cepea - Produto a Retirar em Bastos (SP),Vermelho,,30_dz,187.34,"187,34",R$,price,BRL,,spot,,,indicator
2026-03-26,ovos,precos-de-ovos-cepea-produto-a-retirar-bastos,Ovos Cepea - Produto a Retirar em Bastos (SP),Vermelho,,variacao_pct,0.0,"0,00",%,change_pct,,pct,spot,,,indicator
2026-03-27,ovos,ovos-extras-ceasas,Ovos Extras - Ceasas,Branco - Grande,,preco_caixa_de_30_duzias,201.26,"201,26",R$,price,BRL,,spot,,,physical
2026-03-27,ovos,ovos-extras-ceasas,Ovos Extras - Ceasas,Branco - Grande,,variacao_pct,-2.13,"-2,13",%,change_pct,,pct,spot,,,physical
2026-03-27,ovos,ovos-extras-ceasas,Ovos Extras - Ceasas,Vermelho - Extra,,preco_caixa_de_30_duzias,241.23,"241,23",R$,price,BRL,,spot,,,physical
2026-03-27,ovos,ovos-extras-ceasas,Ovos Extras - Ceasas,Vermelho - Extra,,variacao_pct,-1.84,"-1,84",%,change_pct,,pct,spot,,,physical
2026-03-27,ovos,precos-de-ovos-cepea-produto-a-retirar-bastos,Ovos Cepea - Produto a Retirar em Bastos (SP),Branco,,30_dz,163.94,"163,94",R$,price,BRL,,spot,,,indicator
2026-03-27,ovos,precos-de-ovos-cepea-produto-a-retirar-bastos,Ovos Cepea - Produto a Retirar em Bastos (SP),Branco,,variacao_pct,0.0,"0,00",%,change_pct,,pct,spot,,,indicator
2026-03-27,ovos,precos-de-ovos-cepea-produto-a-retirar-bastos,Ovos Cepea - Produto a Retirar em Bastos (SP),Vermelho,,30_dz,187.34,"187,34",R$,price,BRL,,spot,,,indicator
2026-03-27,ovos,precos-de-ovos-cepea-produto-a-retirar-bastos,Ovos Cepea - Produto a Retirar em Bastos (SP),Vermelho,,variacao_pct,0.0,"0,00",%,change_pct,,pct,spot,,,indicator
2026-03-30,ovos,ovos-extras-ceasas,Ovos Extras - Ceasas,Branco - Grande,,preco_caixa_de_30_duzias,204.35,"204,35",R$,price,BRL,,spot,,,physical
2026-03-30,ovos,ovos-extras-ceasas,Ovos Extras - Ceasas,Branco - Grande,,variacao_pct,1.54,"+1,54",%,change_pct,,pct,spot,,,physical
2026-03-30,ovos,ovos-extras-ceasas,Ovos Extras - Ceasas,Vermelho - Extra,,preco_caixa_de_30_duzias,240.34,"240,34",R$,price,BRL,,spot,,,physical
2026-03-30,ovos,ovos-extras-ceasas,Ovos Extras - Ceasas,Vermelho - Extra,,variacao_pct,-0.37,"-0,37",%,change_pct,,pct,spot,,,physical
2026-03-30,ovos,preco-medio-ovos-ao-produtor,Preço Médio - Ovos Branco ao Produtor,Amazonas,,preco,274.0,"274,00",R$/30 dz,price,BRL,30dz,spot,,AM,physical
2026-03-30,ovos,preco-medio-ovos-ao-produtor,Preço Médio - Ovos Branco ao Produtor,Amazonas,,variacao_pct,0.1,"+0,10",%,change_pct,,pct,spot,,AM,physical
2026-03-30,ovos,preco-medio-ovos-ao-produtor,Preço Médio - Ovos Branco ao Produtor,Distrito Federal,,preco,164.0,"164,00",R$/30 dz,price,BRL,30dz,spot,,DF,physical
2026-03-30,ovos,preco-medio-ovos-ao-produtor,Preço Médio - Ovos Branco ao Produtor,Distrito Federal,,variacao_pct,0.0,"0,00",%,change_pct,,pct,spot,,DF,physical
2026-03-30,ovos,preco-medio-ovos-ao-produtor,Preço Médio - Ovos Branco ao Produtor,Goiás,,preco,192.0,"192,00",R$/30 dz,price,BRL,30dz,spot,,GO,physical
2026-03-30,ovos,preco-medio-ovos-ao-produtor,Preço Médio - Ovos Branco ao Produtor,Goiás,,variacao_pct,6.67,"+6,67",%,change_pct,,pct,spot,,GO,physical
2026-03-30,ovos,preco-medio-ovos-ao-produtor,Preço Médio - Ovos Branco ao Produtor,Mato Grosso do Sul,,preco,,s/ cotação,R$/30 dz,price,BRL,30dz,spot,,MS,physical
2026-03-30,ovos,preco-medio-ovos-ao-produtor,Preço Médio - Ovos Branco ao Produtor,Mato Grosso do Sul,,variacao_pct,,-,%,change_pct,,pct,spot,,MS,physical
2026-03-30,ovos,preco-medio-ovos-ao-produtor,Preço Médio - Ovos Branco ao Produtor,Paraná,,preco,151.32,"151,32",R$/30 dz,price,BRL,30dz,spot,,PR,physical
2026-03-30,ovos,preco-medio-ovos-ao-produtor,Preço Médio - Ovos Branco ao Produtor,Paraná,,variacao_pct,-1.71,"-1,71",%,change_pct,,pct,spot,,PR,physical
2026-03-30,ovos,preco-medio-ovos-ao-produtor,Preço Médio - Ovos Branco ao Produtor,Rondônia,,preco,222.39,"222,39",R$/30 dz,price,BRL,30dz,spot,,RO,physical
2026-03-30,ovos,preco-medio-ovos-ao-produtor,Preço Médio - Ovos Branco ao Produtor,Rondônia,,variacao_pct,0.0,"0,00",%,change_pct,,pct,spot,,RO,physical
2026-03-30,ovos,preco-medio-ovos-ao-produtor,Preço Médio - Ovos Branco ao Produtor,Semana Referente de:,,preco,,23/03/26 a 27/03/26,R$/30 dz,price,BRL,30dz,spot,,,physical
2026-03-30,ovos,preco-medio-ovos-ao-produtor,Preço Médio - Ovos Branco ao Produtor,Semana Referente de:,,variacao_pct,,,%,change_pct,,pct,spot,,,physical
2026-03-30,ovos,preco-medio-ovos-ao-produtor,Preço Médio - Ovos Branco ao Produtor,São Paulo,,preco,150.35,"150,35",R$/30 dz,price,BRL,30dz,spot,,SP,physical
2026-03-30,ovos,preco-medio-ovos-ao-produtor,Preço Médio - Ovos Branco ao Produtor,São Paulo,,variacao_pct,0.0,"0,00",%,change_pct,,pct,spot,,SP,physical
2026-03-30,ovos,precos-de-ovos-cepea-produto-a-retirar-bastos,Ovos Cepea - Produto a Retirar em Bastos (SP),Branco,,30_dz,163.94,"163,94",R$,price,BRL,,spot,,,indicator
2026-03-30,ovos,precos-de-ovos-cepea-produto-a-retirar-bastos,Ovos Cepea - Produto a Retirar em Bastos (SP),Branco,,variacao_pct,0.0,"0,00",%,change_pct,,pct,spot,,,indicator
2026-03-30,ovos,precos-de-ovos-cepea-produto-a-retirar-bastos,Ovos Cepea - Produto a Retirar em Bastos (SP),Vermelho,,30_dz,187.34,"187,34",R$,price,BRL,,spot,,,indicator
2026-03-30,ovos,precos-de-ovos-cepea-produto-a-retirar-bastos,Ovos Cepea - Produto a Retirar em Bastos (SP),Vermelho,,variacao_pct,0.0,"0,00",%,change_pct,,pct,spot,,,indicator
2026-03-31,ovos,ovos-extras-ceasas,Ovos Extras - Ceasas,Branco - Grande,,preco_caixa_de_30_duzias,203.67,"203,67",R$,price,BRL,,spot,,,physical
2026-03-31,ovos,ovos-extras-ceasas,Ovos Extras - Ceasas,Branco - Grande,,variacao_pct,-0.33,"-0,33",%,change_pct,,pct,spot,,,physical
2026-03-31,ovos,ovos-extras-ceasas,Ovos Extras - Ceasas,Vermelho - Extra,,preco_caixa_de_30_duzias,234.6,"234,60",R$,price,BRL,,spot,,,physical
2026-03-31,ovos,ovos-extras-ceasas,Ovos Extras - Ceasas,Vermelho - Extra,,variacao_pct,-2.39,"-2,39",%,change_pct,,pct,spot,,,physical
2026-03-31,ovos,precos-de-ovos-cepea-produto-a-retirar-bastos,Ovos Cepea - Produto a Retirar em Bastos (SP),Branco,,30_dz,163.71,"163,71",R$,price,BRL,,spot,,,indicator
2026-03-31,ovos,precos-de-ovos-cepea-produto-a-retirar-bastos,Ovos Cepea - Produto a Retirar em Bastos (SP),Branco,,variacao_pct,-0.14,"-0,14",%,change_pct,,pct,spot,,,indicator
2026-03-31,ovos,precos-de-ovos-cepea-produto-a-retirar-bastos,Ovos Cepea - Produto a Retirar em Bastos (SP),Vermelho,,30_dz,187.34,"187,34",R$,price,BRL,,spot,,,indicator
2026-03-31,ovos,precos-de-ovos-cepea-produto-a-retirar-bastos,Ovos Cepea - Produto a Retirar em Bastos (SP),Vermelho,,variacao_pct,0.0,"0,00",%,change_pct,,pct,spot,,,indicator
2026-04-01,ovos,ovos-extras-ceasas,Ovos Extras - Ceasas,Branco - Grande,,preco_caixa_de_30_duzias,203.67,"203,67",R$,price,BRL,,spot,,,physical
2026-04-01,ovos,ovos-extras-ceasas,Ovos Extras - Ceasas,Branco - Grande,,variacao_pct,0.0,"0,00",%,change_pct,,pct,spot,,,physical
2026-04-01,ovos,ovos-extras-ceasas,Ovos Extras - Ceasas,Vermelho - Extra,,preco_caixa_de_30_duzias,234.6,"234,60",R$,price,BRL,,spot,,,physical
2026-04-01,ovos,ovos-extras-ceasas,Ovos Extras - Ceasas,Vermelho - Extra,,variacao_pct,0.0,"0,00",%,change_pct,,pct,spot,,,physical
2026-04-01,ovos,precos-de-ovos-cepea-produto-a-retirar-bastos,Ovos Cepea - Produto a Retirar em Bastos (SP),Branco,,30_dz,163.71,"163,71",R$,price,BRL,,spot,,,indicator
2026-04-01,ovos,precos-de-ovos-cepea-produto-a-retirar-bastos,Ovos Cepea - Produto a Retirar em Bastos (SP),Branco,,variacao_pct,0.0,"0,00",%,change_pct,,pct,spot,,,indicator
2026-04-01,ovos,precos-de-ovos-cepea-produto-a-retirar-bastos,Ovos Cepea - Produto a Retirar em Bastos (SP),Vermelho,,30_dz,187.34,"187,34",R$,price,BRL,,spot,,,indicator
2026-04-01,ovos,precos-de-ovos-cepea-produto-a-retirar-bastos,Ovos Cepea - Produto a Retirar em Bastos (SP),Vermelho,,variacao_pct,0.0,"0,00",%,change_pct,,pct,spot,,,indicator
2026-04-02,ovos,ovos-extras-ceasas,Ovos Extras - Ceasas,Branco - Grande,,preco_caixa_de_30_duzias,205.95,"205,95",R$,price,BRL,,spot,,,physical
2026-04-02,ovos,ovos-extras-ceasas,Ovos Extras - Ceasas,Branco - Grande,,variacao_pct,1.12,"+1,12",%,change_pct,,pct,spot,,,physical
2026-04-02,ovos,ovos-extras-ceasas,Ovos Extras - Ceasas,Vermelho - Extra,,preco_caixa_de_30_duzias,234.48,"234,48",R$,price,BRL,,spot,,,physical
2026-04-02,ovos,ovos-extras-ceasas,Ovos Extras - Ceasas,Vermelho - Extra,,variacao_pct,-0.05,"-0,05",%,change_pct,,pct,spot,,,physical
2026-04-06,ovos,ovos-extras-ceasas,Ovos Extras - Ceasas,Branco - Grande,,preco_caixa_de_30_duzias,205.95,"205,95",R$,price,BRL,,spot,,,physical
2026-04-06,ovos,ovos-extras-ceasas,Ovos Extras - Ceasas,Branco - Grande,,variacao_pct,0.0,"0,00",%,change_pct,,pct,spot,,,physical
2026-04-06,ovos,ovos-extras-ceasas,Ovos Extras - Ceasas,Vermelho - Extra,,preco_caixa_de_30_duzias,234.48,"234,48",R$,price,BRL,,spot,,,physical
2026-04-06,ovos,ovos-extras-ceasas,Ovos Extras - Ceasas,Vermelho - Extra,,variacao_pct,0.0,"0,00",%,change_pct,,pct,spot,,,physical
2026-04-06,ovos,preco-medio-ovos-ao-produtor,Preço Médio - Ovos Branco ao Produtor,Amazonas,,preco,274.0,"274,00",R$/30 dz,price,BRL,30dz,spot,,AM,physical
2026-04-06,ovos,preco-medio-ovos-ao-produtor,Preço Médio - Ovos Branco ao Produtor,Amazonas,,variacao_pct,0.0,"0,00",%,change_pct,,pct,spot,,AM,physical
2026-04-06,ovos,preco-medio-ovos-ao-produtor,Preço Médio - Ovos Branco ao Produtor,Distrito Federal,,preco,164.0,"164,00",R$/30 dz,price,BRL,30dz,spot,,DF,physical
2026-04-06,ovos,preco-medio-ovos-ao-produtor,Preço Médio - Ovos Branco ao Produtor,Distrito Federal,,variacao_pct,0.0,"0,00",%,change_pct,,pct,spot,,DF,physical
2026-04-06,ovos,preco-medio-ovos-ao-produtor,Preço Médio - Ovos Branco ao Produtor,Goiás,,preco,192.0,"192,00",R$/30 dz,price,BRL,30dz,spot,,GO,physical
2026-04-06,ovos,preco-medio-ovos-ao-produtor,Preço Médio - Ovos Branco ao Produtor,Goiás,,variacao_pct,0.0,"0,00",%,change_pct,,pct,spot,,GO,physical
2026-04-06,ovos,preco-medio-ovos-ao-produtor,Preço Médio - Ovos Branco ao Produtor,Mato Grosso do Sul,,preco,,s/ cotação,R$/30 dz,price,BRL,30dz,spot,,MS,physical
2026-04-06,ovos,preco-medio-ovos-ao-produtor,Preço Médio - Ovos Branco ao Produtor,Mato Grosso do Sul,,variacao_pct,,-,%,change_pct,,pct,spot,,MS,physical
2026-04-06,ovos,preco-medio-ovos-ao-produtor,Preço Médio - Ovos Branco ao Produtor,Paraná,,preco,162.55,"162,55",R$/30 dz,price,BRL,30dz,spot,,PR,physical
2026-04-06,ovos,preco-medio-ovos-ao-produtor,Preço Médio - Ovos Branco ao Produtor,Paraná,,variacao_pct,7.42,"+7,42",%,change_pct,,pct,spot,,PR,physical
2026-04-06,ovos,preco-medio-ovos-ao-produtor,Preço Médio - Ovos Branco ao Produtor,Rondônia,,preco,,s/ cotação,R$/30 dz,price,BRL,30dz,spot,,RO,physical
2026-04-06,ovos,preco-medio-ovos-ao-produtor,Preço Médio - Ovos Branco ao Produtor,Rondônia,,variacao_pct,,-,%,change_pct,,pct,spot,,RO,physical
2026-04-06,ovos,preco-medio-ovos-ao-produtor,Preço Médio - Ovos Branco ao Produtor,Semana Referente de:,,preco,,30/03/26 a 03/04/26,R$/30 dz,price,BRL,30dz,spot,,,physical
2026-04-06,ovos,preco-medio-ovos-ao-produtor,Preço Médio - Ovos Branco ao Produtor,Semana Referente de:,,variacao_pct,,,%,change_pct,,pct,spot,,,physical
2026-04-06,ovos,preco-medio-ovos-ao-produtor,Preço Médio - Ovos Branco ao Produtor,São Paulo,,preco,165.35,"165,35",R$/30 dz,price,BRL,30dz,spot,,SP,physical
2026-04-06,ovos,preco-medio-ovos-ao-produtor,Preço Médio - Ovos Branco ao Produtor,São Paulo,,variacao_pct,9.98,"+9,98",%,change_pct,,pct,spot,,SP,physical
2026-04-06,ovos,precos-de-ovos-cepea-produto-a-retirar-bastos,Ovos Cepea - Produto a Retirar em Bastos (SP),Branco,,30_dz,164.2,"164,20",R$,price,BRL,,spot,,,indicator
2026-04-06,ovos,precos-de-ovos-cepea-produto-a-retirar-bastos,Ovos Cepea - Produto a Retirar em Bastos (SP),Branco,,variacao_pct,0.0,"0,00",%,change_pct,,pct,spot,,,indicator
2026-04-06,ovos,precos-de-ovos-cepea-produto-a-retirar-bastos,Ovos Cepea - Produto a Retirar em Bastos (SP),Vermelho,,30_dz,186.84,"186,84",R$,price,BRL,,spot,,,indicator
2026-04-06,ovos,precos-de-ovos-cepea-produto-a-retirar-bastos,Ovos Cepea - Produto a Retirar em Bastos (SP),Vermelho,,variacao_pct,0.38,"+0,38",%,change_pct,,pct,spot,,,indicator
2026-04-07,ovos,ovos-extras-ceasas,Ovos Extras - Ceasas,Branco - Grande,,preco_caixa_de_30_duzias,194.37,"194,37",R$,price,BRL,,spot,,,physical
2026-04-07,ovos,ovos-extras-ceasas,Ovos Extras - Ceasas,Branco - Grande,,variacao_pct,-5.62,"-5,62",%,change_pct,,pct,spot,,,physical
2026-04-07,ovos,ovos-extras-ceasas,Ovos Extras - Ceasas,Vermelho - Extra,,preco_caixa_de_30_duzias,137.77,"137,77",R$,price,BRL,,spot,,,physical
2026-04-07,ovos,ovos-extras-ceasas,Ovos Extras - Ceasas,Vermelho - Extra,,variacao_pct,-41.24,"-41,24",%,change_pct,,pct,spot,,,physical
2026-04-07,ovos,precos-de-ovos-cepea-produto-a-retirar-bastos,Ovos Cepea - Produto a Retirar em Bastos (SP),Branco,,30_dz,164.2,"164,20",R$,price,BRL,,spot,,,indicator
2026-04-07,ovos,precos-de-ovos-cepea-produto-a-retirar-bastos,Ovos Cepea - Produto a Retirar em Bastos (SP),Branco,,variacao_pct,0.0,"0,00",%,change_pct,,pct,spot,,,indicator
2026-04-07,ovos,precos-de-ovos-cepea-produto-a-retirar-bastos,Ovos Cepea - Produto a Retirar em Bastos (SP),Vermelho,,30_dz,188.97,"188,97",R$,price,BRL,,spot,,,indicator
2026-04-07,ovos,precos-de-ovos-cepea-produto-a-retirar-bastos,Ovos Cepea - Produto a Retirar em Bastos (SP),Vermelho,,variacao_pct,1.14,"+1,14",%,change_pct,,pct,spot,,,indicator
2026-04-08,ovos,ovos-extras-ceasas,Ovos Extras - Ceasas,Branco - Grande,,preco_caixa_de_30_duzias,194.37,"194,37",R$,price,BRL,,spot,,,physical
2026-04-08,ovos,ovos-extras-ceasas,Ovos Extras - Ceasas,Branco - Grande,,variacao_pct,0.0,"0,00",%,change_pct,,pct,spot,,,physical
2026-04-08,ovos,ovos-extras-ceasas,Ovos Extras - Ceasas,Vermelho - Extra,,preco_caixa_de_30_duzias,137.77,"137,77",R$,price,BRL,,spot,,,physical
2026-04-08,ovos,ovos-extras-ceasas,Ovos Extras - Ceasas,Vermelho - Extra,,variacao_pct,0.0,"0,00",%,change_pct,,pct,spot,,,physical
2026-04-08,ovos,precos-de-ovos-cepea-produto-a-retirar-bastos,Ovos Cepea - Produto a Retirar em Bastos (SP),Branco,,30_dz,164.2,"164,20",R$,price,BRL,,spot,,,indicator
2026-04-08,ovos,precos-de-ovos-cepea-produto-a-retirar-bastos,Ovos Cepea - Produto a Retirar em Bastos (SP),Branco,,variacao_pct,0.0,"0,00",%,change_pct,,pct,spot,,,indicator
2026-04-08,ovos,precos-de-ovos-cepea-produto-a-retirar-bastos,Ovos Cepea - Produto a Retirar em Bastos (SP),Vermelho,,30_dz,188.97,"188,97",R$,price,BRL,,spot,,,indicator
2026-04-08,ovos,precos-de-ovos-cepea-produto-a-retirar-bastos,Ovos Cepea - Produto a Retirar em Bastos (SP),Vermelho,,variacao_pct,0.0,"0,00",%,change_pct,,pct,spot,,,indicator
2026-04-09,ovos,ovos-extras-ceasas,Ovos Extras - Ceasas,Branco - Grande,,preco_caixa_de_30_duzias,201.99,"201,99",R$,price,BRL,,spot,,,physical
2026-04-09,ovos,ovos-extras-ceasas,Ovos Extras - Ceasas,Branco - Grande,,variacao_pct,3.92,"+3,92",%,change_pct,,pct,spot,,,physical
2026-04-09,ovos,ovos-extras-ceasas,Ovos Extras - Ceasas,Vermelho - Extra,,preco_caixa_de_30_duzias,229.78,"229,78",R$,price,BRL,,spot,,,physical
2026-04-09,ovos,ovos-extras-ceasas,Ovos Extras - Ceasas,Vermelho - Extra,,variacao_pct,66.79,"+66,79",%,change_pct,,pct,spot,,,physical
2026-04-09,ovos,precos-de-ovos-cepea-produto-a-retirar-bastos,Ovos Cepea - Produto a Retirar em Bastos (SP),Branco,,30_dz,163.91,"163,91",R$,price,BRL,,spot,,,indicator
2026-04-09,ovos,precos-de-ovos-cepea-produto-a-retirar-bastos,Ovos Cepea - Produto a Retirar em Bastos (SP),Branco,,variacao_pct,-0.18,"-0,18",%,change_pct,,pct,spot,,,indicator
2026-04-09,ovos,precos-de-ovos-cepea-produto-a-retirar-bastos,Ovos Cepea - Produto a Retirar em Bastos (SP),Vermelho,,30_dz,187.71,"187,71",R$,price,BRL,,spot,,,indicator
2026-04-09,ovos,precos-de-ovos-cepea-produto-a-retirar-bastos,Ovos Cepea - Produto a Retirar em Bastos (SP),Vermelho,,variacao_pct,-0.67,"-0,67",%,change_pct,,pct,spot,,,indicator
2026-04-10,ovos,ovos-extras-ceasas,Ovos Extras - Ceasas,Branco - Grande,,preco_caixa_de_30_duzias,201.99,"201,99",R$,price,BRL,,spot,,,physical
2026-04-10,ovos,ovos-extras-ceasas,Ovos Extras - Ceasas,Branco - Grande,,variacao_pct,0.0,"0,00",%,change_pct,,pct,spot,,,physical
2026-04-10,ovos,ovos-extras-ceasas,Ovos Extras - Ceasas,Vermelho - Extra,,preco_caixa_de_30_duzias,229.78,"229,78",R$,price,BRL,,spot,,,physical
2026-04-10,ovos,ovos-extras-ceasas,Ovos Extras - Ceasas,Vermelho - Extra,,variacao_pct,0.0,"0,00",%,change_pct,,pct,spot,,,physical
2026-04-10,ovos,precos-de-ovos-cepea-produto-a-retirar-bastos,Ovos Cepea - Produto a Retirar em Bastos (SP),Branco,,30_dz,164.01,"164,01",R$,price,BRL,,spot,,,indicator
2026-04-10,ovos,precos-de-ovos-cepea-produto-a-retirar-bastos,Ovos Cepea - Produto a Retirar em Bastos (SP),Branco,,variacao_pct,0.06,"+0,06",%,change_pct,,pct,spot,,,indicator
2026-04-10,ovos,precos-de-ovos-cepea-produto-a-retirar-bastos,Ovos Cepea - Produto a Retirar em Bastos (SP),Vermelho,,30_dz,187.44,"187,44",R$,price,BRL,,spot,,,indicator
2026-04-10,ovos,precos-de-ovos-cepea-produto-a-retirar-bastos,Ovos Cepea - Produto a Retirar em Bastos (SP),Vermelho,,variacao_pct,-0.14,"-0,14",%,change_pct,,pct,spot,,,indicator
2026-04-13,ovos,ovos-extras-ceasas,Ovos Extras - Ceasas,Branco - Grande,,preco_caixa_de_30_duzias,197.76,"197,76",R$,price,BRL,,spot,,,physical
2026-04-13,ovos,ovos-extras-ceasas,Ovos Extras - Ceasas,Branco - Grande,,variacao_pct,-2.09,"-2,09",%,change_pct,,pct,spot,,,physical
2026-04-13,ovos,ovos-extras-ceasas,Ovos Extras - Ceasas,Vermelho - Extra,,preco_caixa_de_30_duzias,226.65,"226,65",R$,price,BRL,,spot,,,physical
2026-04-13,ovos,ovos-extras-ceasas,Ovos Extras - Ceasas,Vermelho - Extra,,variacao_pct,-1.36,"-1,36",%,change_pct,,pct,spot,,,physical
2026-04-13,ovos,preco-medio-ovos-ao-produtor,Preço Médio - Ovos Branco ao Produtor,Amazonas,,preco,247.22,"247,22",R$/30 dz,price,BRL,30dz,spot,,AM,physical
2026-04-13,ovos,preco-medio-ovos-ao-produtor,Preço Médio - Ovos Branco ao Produtor,Amazonas,,variacao_pct,-9.77,"-9,77",%,change_pct,,pct,spot,,AM,physical
2026-04-13,ovos,preco-medio-ovos-ao-produtor,Preço Médio - Ovos Branco ao Produtor,Distrito Federal,,preco,164.0,"164,00",R$/30 dz,price,BRL,30dz,spot,,DF,physical
2026-04-13,ovos,preco-medio-ovos-ao-produtor,Preço Médio - Ovos Branco ao Produtor,Distrito Federal,,variacao_pct,0.0,"0,00",%,change_pct,,pct,spot,,DF,physical
2026-04-13,ovos,preco-medio-ovos-ao-produtor,Preço Médio - Ovos Branco ao Produtor,Goiás,,preco,185.0,"185,00",R$/30 dz,price,BRL,30dz,spot,,GO,physical
2026-04-13,ovos,preco-medio-ovos-ao-produtor,Preço Médio - Ovos Branco ao Produtor,Goiás,,variacao_pct,-3.65,"-3,65",%,change_pct,,pct,spot,,GO,physical
2026-04-13,ovos,preco-medio-ovos-ao-produtor,Preço Médio - Ovos Branco ao Produtor,Mato Grosso do Sul,,preco,,s/ cotação,R$/30 dz,price,BRL,30dz,spot,,MS,physical
2026-04-13,ovos,preco-medio-ovos-ao-produtor,Preço Médio - Ovos Branco ao Produtor,Mato Grosso do Sul,,variacao_pct,,-,%,change_pct,,pct,spot,,MS,physical
2026-04-13,ovos,preco-medio-ovos-ao-produtor,Preço Médio - Ovos Branco ao Produtor,Paraná,,preco,150.22,"150,22",R$/30 dz,price,BRL,30dz,spot,,PR,physical
2026-04-13,ovos,preco-medio-ovos-ao-produtor,Preço Médio - Ovos Branco ao Produtor,Paraná,,variacao_pct,-7.59,"-7,59",%,change_pct,,pct,spot,,PR,physical
2026-04-13,ovos,preco-medio-ovos-ao-produtor,Preço Médio - Ovos Branco ao Produtor,Rondônia,,preco,,s/ cotação,R$/30 dz,price,BRL,30dz,spot,,RO,physical
2026-04-13,ovos,preco-medio-ovos-ao-produtor,Preço Médio - Ovos Branco ao Produtor,Rondônia,,variacao_pct,,-,%,change_pct,,pct,spot,,RO,physical
2026-04-13,ovos,preco-medio-ovos-ao-produtor,Preço Médio - Ovos Branco ao Produtor,Semana Referente de:,,preco,,06/04/26 a 10/04/26,R$/30 dz,price,BRL,30dz,spot,,,physical
2026-04-13,ovos,preco-medio-ovos-ao-produtor,Preço Médio - Ovos Branco ao Produtor,Semana Referente de:,,variacao_pct,,,%,change_pct,,pct,spot,,,physical
2026-04-13,ovos,preco-medio-ovos-ao-produtor,Preço Médio - Ovos Branco ao Produtor,São Paulo,,preco,165.35,"165,35",R$/30 dz,price,BRL,30dz,spot,,SP,physical
2026-04-13,ovos,preco-medio-ovos-ao-produtor,Preço Médio - Ovos Branco ao Produtor,São Paulo,,variacao_pct,0.0,"0,00",%,change_pct,,pct,spot,,SP,physical
2026-04-13,ovos,precos-de-ovos-cepea-produto-a-retirar-bastos,Ovos Cepea - Produto a Retirar em Bastos (SP),Branco,,30_dz,164.03,"164,03",R$,price,BRL,,spot,,,indicator
2026-04-13,ovos,precos-de-ovos-cepea-produto-a-retirar-bastos,Ovos Cepea - Produto a Retirar em Bastos (SP),Branco,,variacao_pct,0.01,"+0,01",%,change_pct,,pct,spot,,,indicator
2026-04-13,ovos,precos-de-ovos-cepea-produto-a-retirar-bastos,Ovos Cepea - Produto a Retirar em Bastos (SP),Vermelho,,30_dz,187.48,"187,48",R$,price,BRL,,spot,,,indicator
2026-04-13,ovos,precos-de-ovos-cepea-produto-a-retirar-bastos,Ovos Cepea - Produto a Retirar em Bastos (SP),Vermelho,,variacao_pct,0.02,"+0,02",%,change_pct,,pct,spot,,,indicator
2026-04-14,ovos,ovos-extras-ceasas,Ovos Extras - Ceasas,Branco - Grande,,preco_caixa_de_30_duzias,196.77,"196,77",R$,price,BRL,,spot,,,physical
2026-04-14,ovos,ovos-extras-ceasas,Ovos Extras - Ceasas,Branco - Grande,,variacao_pct,-0.5,"-0,50",%,change_pct,,pct,spot,,,physical
2026-04-14,ovos,ovos-extras-ceasas,Ovos Extras - Ceasas,Vermelho - Extra,,preco_caixa_de_30_duzias,229.15,"229,15",R$,price,BRL,,spot,,,physical
2026-04-14,ovos,ovos-extras-ceasas,Ovos Extras - Ceasas,Vermelho - Extra,,variacao_pct,1.1,"+1,10",%,change_pct,,pct,spot,,,physical
2026-04-14,ovos,precos-de-ovos-cepea-produto-a-retirar-bastos,Ovos Cepea - Produto a Retirar em Bastos (SP),Branco,,30_dz,162.57,"162,57",R$,price,BRL,,spot,,,indicator
2026-04-14,ovos,precos-de-ovos-cepea-produto-a-retirar-bastos,Ovos Cepea - Produto a Retirar em Bastos (SP),Branco,,variacao_pct,-0.89,"-0,89",%,change_pct,,pct,spot,,,indicator
2026-04-14,ovos,precos-de-ovos-cepea-produto-a-retirar-bastos,Ovos Cepea - Produto a Retirar em Bastos (SP),Vermelho,,30_dz,186.79,"186,79",R$,price,BRL,,spot,,,indicator
2026-04-14,ovos,precos-de-ovos-cepea-produto-a-retirar-bastos,Ovos Cepea - Produto a Retirar em Bastos (SP),Vermelho,,variacao_pct,-0.37,"-0,37",%,change_pct,,pct,spot,,,indicator
2026-04-15,ovos,ovos-extras-ceasas,Ovos Extras - Ceasas,Branco - Grande,,preco_caixa_de_30_duzias,196.77,"196,77",R$,price,BRL,,spot,,,physical
2026-04-15,ovos,ovos-extras-ceasas,Ovos Extras - Ceasas,Branco - Grande,,variacao_pct,0.0,"0,00",%,change_pct,,pct,spot,,,physical
2026-04-15,ovos,ovos-extras-ceasas,Ovos Extras - Ceasas,Vermelho - Extra,,preco_caixa_de_30_duzias,229.15,"229,15",R$,price,BRL,,spot,,,physical
2026-04-15,ovos,ovos-extras-ceasas,Ovos Extras - Ceasas,Vermelho - Extra,,variacao_pct,0.0,"0,00",%,change_pct,,pct,spot,,,physical
2026-04-15,ovos,precos-de-ovos-cepea-produto-a-retirar-bastos,Ovos Cepea - Produto a Retirar em Bastos (SP),Branco,,30_dz,149.2,"149,20",R$,price,BRL,,spot,,,indicator
2026-04-15,ovos,precos-de-ovos-cepea-produto-a-retirar-bastos,Ovos Cepea - Produto a Retirar em Bastos (SP),Branco,,variacao_pct,-8.22,"-8,22",%,change_pct,,pct,spot,,,indicator
2026-04-15,ovos,precos-de-ovos-cepea-produto-a-retirar-bastos,Ovos Cepea - Produto a Retirar em Bastos (SP),Vermelho,,30_dz,168.43,"168,43",R$,price,BRL,,spot,,,indicator
2026-04-15,ovos,precos-de-ovos-cepea-produto-a-retirar-bastos,Ovos Cepea - Produto a Retirar em Bastos (SP),Vermelho,,variacao_pct,-9.83,"-9,83",%,change_pct,,pct,spot,,,indicator
2026-04-16,ovos,ovos-extras-ceasas,Ovos Extras - Ceasas,Branco - Grande,,preco_caixa_de_30_duzias,197.6,"197,60",R$,price,BRL,,spot,,,physical
2026-04-16,ovos,ovos-extras-ceasas,Ovos Extras - Ceasas,Branco - Grande,,variacao_pct,0.42,"+0,42",%,change_pct,,pct,spot,,,physical
2026-04-16,ovos,ovos-extras-ceasas,Ovos Extras - Ceasas,Vermelho - Extra,,preco_caixa_de_30_duzias,233.72,"233,72",R$,price,BRL,,spot,,,physical
2026-04-16,ovos,ovos-extras-ceasas,Ovos Extras - Ceasas,Vermelho - Extra,,variacao_pct,1.99,"+1,99",%,change_pct,,pct,spot,,,physical
2026-04-16,ovos,precos-de-ovos-cepea-produto-a-retirar-bastos,Ovos Cepea - Produto a Retirar em Bastos (SP),Branco,,30_dz,148.58,"148,58",R$,price,BRL,,spot,,,indicator
2026-04-16,ovos,precos-de-ovos-cepea-produto-a-retirar-bastos,Ovos Cepea - Produto a Retirar em Bastos (SP),Branco,,variacao_pct,-0.42,"-0,42",%,change_pct,,pct,spot,,,indicator
2026-04-16,ovos,precos-de-ovos-cepea-produto-a-retirar-bastos,Ovos Cepea - Produto a Retirar em Bastos (SP),Vermelho,,30_dz,167.8,"167,80",R$,price,BRL,,spot,,,indicator
2026-04-16,ovos,precos-de-ovos-cepea-produto-a-retirar-bastos,Ovos Cepea - Produto a Retirar em Bastos (SP),Vermelho,,variacao_pct,-0.37,"-0,37",%,change_pct,,pct,spot,,,indicator
2026-04-17,ovos,ovos-extras-ceasas,Ovos Extras - Ceasas,Branco - Grande,,preco_caixa_de_30_duzias,197.6,"197,60",R$,price,BRL,,spot,,,physical
2026-04-17,ovos,ovos-extras-ceasas,Ovos Extras - Ceasas,Branco - Grande,,variacao_pct,0.0,"0,00",%,change_pct,,pct,spot,,,physical
2026-04-17,ovos,ovos-extras-ceasas,Ovos Extras - Ceasas,Vermelho - Extra,,preco_caixa_de_30_duzias,233.72,"233,72",R$,price,BRL,,spot,,,physical
2026-04-17,ovos,ovos-extras-ceasas,Ovos Extras - Ceasas,Vermelho - Extra,,variacao_pct,0.0,"0,00",%,change_pct,,pct,spot,,,physical
2026-04-17,ovos,precos-de-ovos-cepea-produto-a-retirar-bastos,Ovos Cepea - Produto a Retirar em Bastos (SP),Branco,,30_dz,148.58,"148,58",R$,price,BRL,,spot,,,indicator
2026-04-17,ovos,precos-de-ovos-cepea-produto-a-retirar-bastos,Ovos Cepea - Produto a Retirar em Bastos (SP),Branco,,variacao_pct,0.0,"0,00",%,change_pct,,pct,spot,,,indicator
2026-04-17,ovos,precos-de-ovos-cepea-produto-a-retirar-bastos,Ovos Cepea - Produto a Retirar em Bastos (SP),Vermelho,,30_dz,167.8,"167,80",R$,price,BRL,,spot,,,indicator
2026-04-17,ovos,precos-de-ovos-cepea-produto-a-retirar-bastos,Ovos Cepea - Produto a Retirar em Bastos (SP),Vermelho,,variacao_pct,0.0,"0,00",%,change_pct,,pct,spot,,,indicator
2026-04-20,ovos,ovos-extras-ceasas,Ovos Extras - Ceasas,Branco - Grande,,preco_caixa_de_30_duzias,188.75,"188,75",R$,price,BRL,,spot,,,physical
2026-04-20,ovos,ovos-extras-ceasas,Ovos Extras - Ceasas,Branco - Grande,,variacao_pct,-4.48,"-4,48",%,change_pct,,pct,spot,,,physical
2026-04-20,ovos,ovos-extras-ceasas,Ovos Extras - Ceasas,Vermelho - Extra,,preco_caixa_de_30_duzias,235.48,"235,48",R$,price,BRL,,spot,,,physical
2026-04-20,ovos,ovos-extras-ceasas,Ovos Extras - Ceasas,Vermelho - Extra,,variacao_pct,0.75,"+0,75",%,change_pct,,pct,spot,,,physical
2026-04-20,ovos,preco-medio-ovos-ao-produtor,Preço Médio - Ovos Branco ao Produtor,Amazonas,,preco,247.22,"247,22",R$/30 dz,price,BRL,30dz,spot,,AM,physical
2026-04-20,ovos,preco-medio-ovos-ao-produtor,Preço Médio - Ovos Branco ao Produtor,Amazonas,,variacao_pct,0.0,"0,00",%,change_pct,,pct,spot,,AM,physical
2026-04-20,ovos,preco-medio-ovos-ao-produtor,Preço Médio - Ovos Branco ao Produtor,Distrito Federal,,preco,166.67,"166,67",R$/30 dz,price,BRL,30dz,spot,,DF,physical
2026-04-20,ovos,preco-medio-ovos-ao-produtor,Preço Médio - Ovos Branco ao Produtor,Distrito Federal,,variacao_pct,1.63,"+1,63",%,change_pct,,pct,spot,,DF,physical
2026-04-20,ovos,preco-medio-ovos-ao-produtor,Preço Médio - Ovos Branco ao Produtor,Goiás,,preco,168.0,"168,00",R$/30 dz,price,BRL,30dz,spot,,GO,physical
2026-04-20,ovos,preco-medio-ovos-ao-produtor,Preço Médio - Ovos Branco ao Produtor,Goiás,,variacao_pct,-9.19,"-9,19",%,change_pct,,pct,spot,,GO,physical
2026-04-20,ovos,preco-medio-ovos-ao-produtor,Preço Médio - Ovos Branco ao Produtor,Mato Grosso do Sul,,preco,,s/ cotação,R$/30 dz,price,BRL,30dz,spot,,MS,physical
2026-04-20,ovos,preco-medio-ovos-ao-produtor,Preço Médio - Ovos Branco ao Produtor,Mato Grosso do Sul,,variacao_pct,,-,%,change_pct,,pct,spot,,MS,physical
2026-04-20,ovos,preco-medio-ovos-ao-produtor,Preço Médio - Ovos Branco ao Produtor,Paraná,,preco,145.78,"145,78",R$/30 dz,price,BRL,30dz,spot,,PR,physical
2026-04-20,ovos,preco-medio-ovos-ao-produtor,Preço Médio - Ovos Branco ao Produtor,Paraná,,variacao_pct,-2.96,"-2,96",%,change_pct,,pct,spot,,PR,physical
2026-04-20,ovos,preco-medio-ovos-ao-produtor,Preço Médio - Ovos Branco ao Produtor,Rondônia,,preco,,s/ cotação,R$/30 dz,price,BRL,30dz,spot,,RO,physical
2026-04-20,ovos,preco-medio-ovos-ao-produtor,Preço Médio - Ovos Branco ao Produtor,Rondônia,,variacao_pct,,-,%,change_pct,,pct,spot,,RO,physical
2026-04-20,ovos,preco-medio-ovos-ao-produtor,Preço Médio - Ovos Branco ao Produtor,Semana Referente de:,,preco,,13/04/26 a 17/04/26,R$/30 dz,price,BRL,30dz,spot,,,physical
2026-04-20,ovos,preco-medio-ovos-ao-produtor,Preço Médio - Ovos Branco ao Produtor,Semana Referente de:,,variacao_pct,,,%,change_pct,,pct,spot,,,physical
2026-04-20,ovos,preco-medio-ovos-ao-produtor,Preço Médio - Ovos Branco ao Produtor,São Paulo,,preco,165.35,"165,35",R$/30 dz,price,BRL,30dz,spot,,SP,physical
2026-04-20,ovos,preco-medio-ovos-ao-produtor,Preço Médio - Ovos Branco ao Produtor,São Paulo,,variacao_pct,0.0,"0,00",%,change_pct,,pct,spot,,SP,physical
2026-04-20,ovos,precos-de-ovos-cepea-produto-a-retirar-bastos,Ovos Cepea - Produto a Retirar em Bastos (SP),Branco,,30_dz,148.58,"148,58",R$,price,BRL,,spot,,,indicator
2026-04-20,ovos,precos-de-ovos-cepea-produto-a-retirar-bastos,Ovos Cepea - Produto a Retirar em Bastos (SP),Branco,,variacao_pct,0.0,"0,00",%,change_pct,,pct,spot,,,indicator
2026-04-20,ovos,precos-de-ovos-cepea-produto-a-retirar-bastos,Ovos Cepea - Produto a Retirar em Bastos (SP),Vermelho,,30_dz,167.8,"167,80",R$,price,BRL,,spot,,,indicator
2026-04-20,ovos,precos-de-ovos-cepea-produto-a-retirar-bastos,Ovos Cepea - Produto a Retirar em Bastos (SP),Vermelho,,variacao_pct,0.0,"0,00",%,change_pct,,pct,spot,,,indicator
2026-04-22,ovos,ovos-extras-ceasas,Ovos Extras - Ceasas,Branco - Grande,,preco_caixa_de_30_duzias,188.75,"188,75",R$,price,BRL,,spot,,,physical
2026-04-22,ovos,ovos-extras-ceasas,Ovos Extras - Ceasas,Branco - Grande,,variacao_pct,0.0,"0,00",%,change_pct,,pct,spot,,,physical
2026-04-22,ovos,ovos-extras-ceasas,Ovos Extras - Ceasas,Vermelho - Extra,,preco_caixa_de_30_duzias,235.48,"235,48",R$,price,BRL,,spot,,,physical
2026-04-22,ovos,ovos-extras-ceasas,Ovos Extras - Ceasas,Vermelho - Extra,,variacao_pct,0.0,"0,00",%,change_pct,,pct,spot,,,physical
2026-04-22,ovos,precos-de-ovos-cepea-produto-a-retirar-bastos,Ovos Cepea - Produto a Retirar em Bastos (SP),Branco,,30_dz,148.69,"148,69",R$,price,BRL,,spot,,,indicator
2026-04-22,ovos,precos-de-ovos-cepea-produto-a-retirar-bastos,Ovos Cepea - Produto a Retirar em Bastos (SP),Branco,,variacao_pct,0.07,"+0,07",%,change_pct,,pct,spot,,,indicator
2026-04-22,ovos,precos-de-ovos-cepea-produto-a-retirar-bastos,Ovos Cepea - Produto a Retirar em Bastos (SP),Vermelho,,30_dz,167.8,"167,80",R$,price,BRL,,spot,,,indicator
2026-04-22,ovos,precos-de-ovos-cepea-produto-a-retirar-bastos,Ovos Cepea - Produto a Retirar em Bastos (SP),Vermelho,,variacao_pct,0.0,"0,00",%,change_pct,,pct,spot,,,indicator
2026-04-23,ovos,ovos-extras-ceasas,Ovos Extras - Ceasas,Branco - Grande,,preco_caixa_de_30_duzias,183.97,"183,97",R$,price,BRL,,spot,,,physical
2026-04-23,ovos,ovos-extras-ceasas,Ovos Extras - Ceasas,Branco - Grande,,variacao_pct,-2.53,"-2,53",%,change_pct,,pct,spot,,,physical
2026-04-23,ovos,ovos-extras-ceasas,Ovos Extras - Ceasas,Vermelho - Extra,,preco_caixa_de_30_duzias,224.37,"224,37",R$,price,BRL,,spot,,,physical
2026-04-23,ovos,ovos-extras-ceasas,Ovos Extras - Ceasas,Vermelho - Extra,,variacao_pct,-4.72,"-4,72",%,change_pct,,pct,spot,,,physical
2026-04-23,ovos,precos-de-ovos-cepea-produto-a-retirar-bastos,Ovos Cepea - Produto a Retirar em Bastos (SP),Branco,,30_dz,148.53,"148,53",R$,price,BRL,,spot,,,indicator
2026-04-23,ovos,precos-de-ovos-cepea-produto-a-retirar-bastos,Ovos Cepea - Produto a Retirar em Bastos (SP),Branco,,variacao_pct,-0.11,"-0,11",%,change_pct,,pct,spot,,,indicator
2026-04-23,ovos,precos-de-ovos-cepea-produto-a-retirar-bastos,Ovos Cepea - Produto a Retirar em Bastos (SP),Vermelho,,30_dz,167.43,"167,43",R$,price,BRL,,spot,,,indicator
2026-04-23,ovos,precos-de-ovos-cepea-produto-a-retirar-bastos,Ovos Cepea - Produto a Retirar em Bastos (SP),Vermelho,,variacao_pct,-0.22,"-0,22",%,change_pct,,pct,spot,,,indicator
2026-04-24,ovos,ovos-extras-ceasas,Ovos Extras - Ceasas,Branco - Grande,,preco_caixa_de_30_duzias,183.97,"183,97",R$,price,BRL,,spot,,,physical
2026-04-24,ovos,ovos-extras-ceasas,Ovos Extras - Ceasas,Branco - Grande,,variacao_pct,0.0,"0,00",%,change_pct,,pct,spot,,,physical
2026-04-24,ovos,ovos-extras-ceasas,Ovos Extras - Ceasas,Vermelho - Extra,,preco_caixa_de_30_duzias,224.37,"224,37",R$,price,BRL,,spot,,,physical
2026-04-24,ovos,ovos-extras-ceasas,Ovos Extras - Ceasas,Vermelho - Extra,,variacao_pct,0.0,"0,00",%,change_pct,,pct,spot,,,physical
2026-04-24,ovos,precos-de-ovos-cepea-produto-a-retirar-bastos,Ovos Cepea - Produto a Retirar em Bastos (SP),Branco,,30_dz,138.86,"138,86",R$,price,BRL,,spot,,,indicator
2026-04-24,ovos,precos-de-ovos-cepea-produto-a-retirar-bastos,Ovos Cepea - Produto a Retirar em Bastos (SP),Branco,,variacao_pct,-6.51,"-6,51",%,change_pct,,pct,spot,,,indicator
2026-04-24,ovos,precos-de-ovos-cepea-produto-a-retirar-bastos,Ovos Cepea - Produto a Retirar em Bastos (SP),Vermelho,,30_dz,157.62,"157,62",R$,price,BRL,,spot,,,indicator
2026-04-24,ovos,precos-de-ovos-cepea-produto-a-retirar-bastos,Ovos Cepea - Produto a Retirar em Bastos (SP),Vermelho,,variacao_pct,-5.86,"-5,86",%,change_pct,,pct,spot,,,indicator
2026-04-27,ovos,ovos-extras-ceasas,Ovos Extras - Ceasas,Branco - Grande,,preco_caixa_de_30_duzias,183.97,"183,97",R$,price,BRL,,spot,,,physical
2026-04-27,ovos,ovos-extras-ceasas,Ovos Extras - Ceasas,Branco - Grande,,variacao_pct,0.0,"0,00",%,change_pct,,pct,spot,,,physical
2026-04-27,ovos,ovos-extras-ceasas,Ovos Extras - Ceasas,Vermelho - Extra,,preco_caixa_de_30_duzias,224.37,"224,37",R$,price,BRL,,spot,,,physical
2026-04-27,ovos,ovos-extras-ceasas,Ovos Extras - Ceasas,Vermelho - Extra,,variacao_pct,0.0,"0,00",%,change_pct,,pct,spot,,,physical
2026-04-27,ovos,preco-medio-ovos-ao-produtor,Preço Médio - Ovos Branco ao Produtor,Amazonas,,preco,237.0,"237,00",R$/30 dz,price,BRL,30dz,spot,,AM,physical
2026-04-27,ovos,preco-medio-ovos-ao-produtor,Preço Médio - Ovos Branco ao Produtor,Amazonas,,variacao_pct,-4.13,"-4,13",%,change_pct,,pct,spot,,AM,physical
2026-04-27,ovos,preco-medio-ovos-ao-produtor,Preço Médio - Ovos Branco ao Produtor,Distrito Federal,,preco,160.0,"160,00",R$/30 dz,price,BRL,30dz,spot,,DF,physical
2026-04-27,ovos,preco-medio-ovos-ao-produtor,Preço Médio - Ovos Branco ao Produtor,Distrito Federal,,variacao_pct,-4.0,"-4,00",%,change_pct,,pct,spot,,DF,physical
2026-04-27,ovos,preco-medio-ovos-ao-produtor,Preço Médio - Ovos Branco ao Produtor,Goiás,,preco,160.0,"160,00",R$/30 dz,price,BRL,30dz,spot,,GO,physical
2026-04-27,ovos,preco-medio-ovos-ao-produtor,Preço Médio - Ovos Branco ao Produtor,Goiás,,variacao_pct,-4.76,"-4,76",%,change_pct,,pct,spot,,GO,physical
2026-04-27,ovos,preco-medio-ovos-ao-produtor,Preço Médio - Ovos Branco ao Produtor,Mato Grosso do Sul,,preco,,s/ cotação,R$/30 dz,price,BRL,30dz,spot,,MS,physical
2026-04-27,ovos,preco-medio-ovos-ao-produtor,Preço Médio - Ovos Branco ao Produtor,Mato Grosso do Sul,,variacao_pct,,-,%,change_pct,,pct,spot,,MS,physical
2026-04-27,ovos,preco-medio-ovos-ao-produtor,Preço Médio - Ovos Branco ao Produtor,Paraná,,preco,145.25,"145,25",R$/30 dz,price,BRL,30dz,spot,,PR,physical
2026-04-27,ovos,preco-medio-ovos-ao-produtor,Preço Médio - Ovos Branco ao Produtor,Paraná,,variacao_pct,-0.36,"-0,36",%,change_pct,,pct,spot,,PR,physical
2026-04-27,ovos,preco-medio-ovos-ao-produtor,Preço Médio - Ovos Branco ao Produtor,Rondônia,,preco,,s/ cotação,R$/30 dz,price,BRL,30dz,spot,,RO,physical
2026-04-27,ovos,preco-medio-ovos-ao-produtor,Preço Médio - Ovos Branco ao Produtor,Rondônia,,variacao_pct,,-,%,change_pct,,pct,spot,,RO,physical
2026-04-27,ovos,preco-medio-ovos-ao-produtor,Preço Médio - Ovos Branco ao Produtor,Semana Referente de:,,preco,,20/04/26 a 24/04/26,R$/30 dz,price,BRL,30dz,spot,,,physical
2026-04-27,ovos,preco-medio-ovos-ao-produtor,Preço Médio - Ovos Branco ao Produtor,Semana Referente de:,,variacao_pct,,,%,change_pct,,pct,spot,,,physical
2026-04-27,ovos,preco-medio-ovos-ao-produtor,Preço Médio - Ovos Branco ao Produtor,São Paulo,,preco,150.35,"150,35",R$/30 dz,price,BRL,30dz,spot,,SP,physical
2026-04-27,ovos,preco-medio-ovos-ao-produtor,Preço Médio - Ovos Branco ao Produtor,São Paulo,,variacao_pct,-9.07,"-9,07",%,change_pct,,pct,spot,,SP,physical
2026-04-27,ovos,precos-de-ovos-cepea-produto-a-retirar-bastos,Ovos Cepea - Produto a Retirar em Bastos (SP),Branco,,30_dz,138.86,"138,86",R$,price,BRL,,spot,,,indicator
2026-04-27,ovos,precos-de-ovos-cepea-produto-a-retirar-bastos,Ovos Cepea - Produto a Retirar em Bastos (SP),Branco,,variacao_pct,0.0,"0,00",%,change_pct,,pct,spot,,,indicator
2026-04-27,ovos,precos-de-ovos-cepea-produto-a-retirar-bastos,Ovos Cepea - Produto a Retirar em Bastos (SP),Vermelho,,30_dz,157.62,"157,62",R$,price,BRL,,spot,,,indicator
2026-04-27,ovos,precos-de-ovos-cepea-produto-a-retirar-bastos,Ovos Cepea - Produto a Retirar em Bastos (SP),Vermelho,,variacao_pct,0.0,"0,00",%,change_pct,,pct,spot,,,indicator
2026-04-28,ovos,ovos-extras-ceasas,Ovos Extras - Ceasas,Branco - Grande,,preco_caixa_de_30_duzias,179.05,"179,05",R$,price,BRL,,spot,,,physical
2026-04-28,ovos,ovos-extras-ceasas,Ovos Extras - Ceasas,Branco - Grande,,variacao_pct,-2.67,"-2,67",%,change_pct,,pct,spot,,,physical
2026-04-28,ovos,ovos-extras-ceasas,Ovos Extras - Ceasas,Vermelho - Extra,,preco_caixa_de_30_duzias,225.55,"225,55",R$,price,BRL,,spot,,,physical
2026-04-28,ovos,ovos-extras-ceasas,Ovos Extras - Ceasas,Vermelho - Extra,,variacao_pct,0.53,"+0,53",%,change_pct,,pct,spot,,,physical
2026-04-28,ovos,precos-de-ovos-cepea-produto-a-retirar-bastos,Ovos Cepea - Produto a Retirar em Bastos (SP),Branco,,30_dz,138.85,"138,85",R$,price,BRL,,spot,,,indicator
2026-04-28,ovos,precos-de-ovos-cepea-produto-a-retirar-bastos,Ovos Cepea - Produto a Retirar em Bastos (SP),Branco,,variacao_pct,-0.01,"-0,01",%,change_pct,,pct,spot,,,indicator
2026-04-28,ovos,precos-de-ovos-cepea-produto-a-retirar-bastos,Ovos Cepea - Produto a Retirar em Bastos (SP),Vermelho,,30_dz,157.91,"157,91",R$,price,BRL,,spot,,,indicator
2026-04-28,ovos,precos-de-ovos-cepea-produto-a-retirar-bastos,Ovos Cepea - Produto a Retirar em Bastos (SP),Vermelho,,variacao_pct,0.18,"+0,18",%,change_pct,,pct,spot,,,indicator
2026-04-29,ovos,ovos-extras-ceasas,Ovos Extras - Ceasas,Branco - Grande,,preco_caixa_de_30_duzias,179.05,"179,05",R$,price,BRL,,spot,,,physical
2026-04-29,ovos,ovos-extras-ceasas,Ovos Extras - Ceasas,Branco - Grande,,variacao_pct,0.0,"0,00",%,change_pct,,pct,spot,,,physical
2026-04-29,ovos,ovos-extras-ceasas,Ovos Extras - Ceasas,Vermelho - Extra,,preco_caixa_de_30_duzias,225.55,"225,55",R$,price,BRL,,spot,,,physical
2026-04-29,ovos,ovos-extras-ceasas,Ovos Extras - Ceasas,Vermelho - Extra,,variacao_pct,0.0,"0,00",%,change_pct,,pct,spot,,,physical
2026-04-29,ovos,precos-de-ovos-cepea-produto-a-retirar-bastos,Ovos Cepea - Produto a Retirar em Bastos (SP),Branco,,30_dz,138.85,"138,85",R$,price,BRL,,spot,,,indicator
2026-04-29,ovos,precos-de-ovos-cepea-produto-a-retirar-bastos,Ovos Cepea - Produto a Retirar em Bastos (SP),Branco,,variacao_pct,0.0,"0,00",%,change_pct,,pct,spot,,,indicator
2026-04-29,ovos,precos-de-ovos-cepea-produto-a-retirar-bastos,Ovos Cepea - Produto a Retirar em Bastos (SP),Vermelho,,30_dz,157.91,"157,91",R$,price,BRL,,spot,,,indicator
2026-04-29,ovos,precos-de-ovos-cepea-produto-a-retirar-bastos,Ovos Cepea - Produto a Retirar em Bastos (SP),Vermelho,,variacao_pct,0.0,"0,00",%,change_pct,,pct,spot,,,indicator
2026-04-30,ovos,ovos-extras-ceasas,Ovos Extras - Ceasas,Branco - Grande,,preco_caixa_de_30_duzias,175.16,"175,16",R$,price,BRL,,spot,,,physical
2026-04-30,ovos,ovos-extras-ceasas,Ovos Extras - Ceasas,Branco - Grande,,variacao_pct,-2.17,"-2,17",%,change_pct,,pct,spot,,,physical
2026-04-30,ovos,ovos-extras-ceasas,Ovos Extras - Ceasas,Vermelho - Extra,,preco_caixa_de_30_duzias,221.5,"221,50",R$,price,BRL,,spot,,,physical
2026-04-30,ovos,ovos-extras-ceasas,Ovos Extras - Ceasas,Vermelho - Extra,,variacao_pct,-1.8,"-1,80",%,change_pct,,pct,spot,,,physical
2026-04-30,ovos,precos-de-ovos-cepea-produto-a-retirar-bastos,Ovos Cepea - Produto a Retirar em Bastos (SP),Branco,,30_dz,138.33,"138,33",R$,price,BRL,,spot,,,indicator
2026-04-30,ovos,precos-de-ovos-cepea-produto-a-retirar-bastos,Ovos Cepea - Produto a Retirar em Bastos (SP),Branco,,variacao_pct,-0.37,"-0,37",%,change_pct,,pct,spot,,,indicator
2026-04-30,ovos,precos-de-ovos-cepea-produto-a-retirar-bastos,Ovos Cepea - Produto a Retirar em Bastos (SP),Vermelho,,30_dz,157.91,"157,91",R$,price,BRL,,spot,,,indicator
2026-04-30,ovos,precos-de-ovos-cepea-produto-a-retirar-bastos,Ovos Cepea - Produto a Retirar em Bastos (SP),Vermelho,,variacao_pct,0.0,"0,00",%,change_pct,,pct,spot,,,indicator
2026-05-04,ovos,ovos-extras-ceasas,Ovos Extras - Ceasas,Branco - Grande,,preco_caixa_de_30_duzias,175.16,"175,16",R$,price,BRL,,spot,,,physical
2026-05-04,ovos,ovos-extras-ceasas,Ovos Extras - Ceasas,Branco - Grande,,variacao_pct,0.0,"0,00",%,change_pct,,pct,spot,,,physical
2026-05-04,ovos,ovos-extras-ceasas,Ovos Extras - Ceasas,Vermelho - Extra,,preco_caixa_de_30_duzias,221.5,"221,50",R$,price,BRL,,spot,,,physical
2026-05-04,ovos,ovos-extras-ceasas,Ovos Extras - Ceasas,Vermelho - Extra,,variacao_pct,0.0,"0,00",%,change_pct,,pct,spot,,,physical
2026-05-04,ovos,preco-medio-ovos-ao-produtor,Preço Médio - Ovos Branco ao Produtor,Amazonas,,preco,237.0,"237,00",R$/30 dz,price,BRL,30dz,spot,,AM,physical
2026-05-04,ovos,preco-medio-ovos-ao-produtor,Preço Médio - Ovos Branco ao Produtor,Amazonas,,variacao_pct,0.0,"0,00",%,change_pct,,pct,spot,,AM,physical
2026-05-04,ovos,preco-medio-ovos-ao-produtor,Preço Médio - Ovos Branco ao Produtor,Distrito Federal,,preco,160.0,"160,00",R$/30 dz,price,BRL,30dz,spot,,DF,physical
2026-05-04,ovos,preco-medio-ovos-ao-produtor,Preço Médio - Ovos Branco ao Produtor,Distrito Federal,,variacao_pct,0.0,"0,00",%,change_pct,,pct,spot,,DF,physical
2026-05-04,ovos,preco-medio-ovos-ao-produtor,Preço Médio - Ovos Branco ao Produtor,Goiás,,preco,156.0,"156,00",R$/30 dz,price,BRL,30dz,spot,,GO,physical
2026-05-04,ovos,preco-medio-ovos-ao-produtor,Preço Médio - Ovos Branco ao Produtor,Goiás,,variacao_pct,-2.5,"-2,50",%,change_pct,,pct,spot,,GO,physical
2026-05-04,ovos,preco-medio-ovos-ao-produtor,Preço Médio - Ovos Branco ao Produtor,Mato Grosso do Sul,,preco,,s/ cotação,R$/30 dz,price,BRL,30dz,spot,,MS,physical
2026-05-04,ovos,preco-medio-ovos-ao-produtor,Preço Médio - Ovos Branco ao Produtor,Mato Grosso do Sul,,variacao_pct,,-,%,change_pct,,pct,spot,,MS,physical
2026-05-04,ovos,preco-medio-ovos-ao-produtor,Preço Médio - Ovos Branco ao Produtor,Paraná,,preco,142.21,"142,21",R$/30 dz,price,BRL,30dz,spot,,PR,physical
2026-05-04,ovos,preco-medio-ovos-ao-produtor,Preço Médio - Ovos Branco ao Produtor,Paraná,,variacao_pct,-2.09,"-2,09",%,change_pct,,pct,spot,,PR,physical
2026-05-04,ovos,preco-medio-ovos-ao-produtor,Preço Médio - Ovos Branco ao Produtor,Rondônia,,preco,228.87,"228,87",R$/30 dz,price,BRL,30dz,spot,,RO,physical
2026-05-04,ovos,preco-medio-ovos-ao-produtor,Preço Médio - Ovos Branco ao Produtor,Rondônia,,variacao_pct,,-,%,change_pct,,pct,spot,,RO,physical
2026-05-04,ovos,preco-medio-ovos-ao-produtor,Preço Médio - Ovos Branco ao Produtor,Semana Referente de:,,preco,,27/04/26 a 01/05/26,R$/30 dz,price,BRL,30dz,spot,,,physical
2026-05-04,ovos,preco-medio-ovos-ao-produtor,Preço Médio - Ovos Branco ao Produtor,Semana Referente de:,,variacao_pct,,,%,change_pct,,pct,spot,,,physical
2026-05-04,ovos,preco-medio-ovos-ao-produtor,Preço Médio - Ovos Branco ao Produtor,São Paulo,,preco,140.35,"140,35",R$/30 dz,price,BRL,30dz,spot,,SP,physical
2026-05-04,ovos,preco-medio-ovos-ao-produtor,Preço Médio - Ovos Branco ao Produtor,São Paulo,,variacao_pct,-6.65,"-6,65",%,change_pct,,pct,spot,,SP,physical
2026-05-04,ovos,precos-de-ovos-cepea-produto-a-retirar-bastos,Ovos Cepea - Produto a Retirar em Bastos (SP),Branco,,30_dz,139.15,"139,15",R$,price,BRL,,spot,,,indicator
2026-05-04,ovos,precos-de-ovos-cepea-produto-a-retirar-bastos,Ovos Cepea - Produto a Retirar em Bastos (SP),Branco,,variacao_pct,0.59,"+0,59",%,change_pct,,pct,spot,,,indicator
2026-05-04,ovos,precos-de-ovos-cepea-produto-a-retirar-bastos,Ovos Cepea - Produto a Retirar em Bastos (SP),Vermelho,,30_dz,156.4,"156,40",R$,price,BRL,,spot,,,indicator
2026-05-04,ovos,precos-de-ovos-cepea-produto-a-retirar-bastos,Ovos Cepea - Produto a Retirar em Bastos (SP),Vermelho,,variacao_pct,-0.96,"-0,96",%,change_pct,,pct,spot,,,indicator
2026-05-05,ovos,ovos-extras-ceasas,Ovos Extras - Ceasas,Branco - Grande,,preco_caixa_de_30_duzias,183.75,"183,75",R$,price,BRL,,spot,,,physical
2026-05-05,ovos,ovos-extras-ceasas,Ovos Extras - Ceasas,Branco - Grande,,variacao_pct,4.9,"+4,90",%,change_pct,,pct,spot,,,physical
2026-05-05,ovos,ovos-extras-ceasas,Ovos Extras - Ceasas,Vermelho - Extra,,preco_caixa_de_30_duzias,214.36,"214,36",R$,price,BRL,,spot,,,physical
2026-05-05,ovos,ovos-extras-ceasas,Ovos Extras - Ceasas,Vermelho - Extra,,variacao_pct,-3.22,"-3,22",%,change_pct,,pct,spot,,,physical
2026-05-05,ovos,precos-de-ovos-cepea-produto-a-retirar-bastos,Ovos Cepea - Produto a Retirar em Bastos (SP),Branco,,30_dz,139.16,"139,16",R$,price,BRL,,spot,,,indicator
2026-05-05,ovos,precos-de-ovos-cepea-produto-a-retirar-bastos,Ovos Cepea - Produto a Retirar em Bastos (SP),Branco,,variacao_pct,0.01,"+0,01",%,change_pct,,pct,spot,,,indicator
2026-05-05,ovos,precos-de-ovos-cepea-produto-a-retirar-bastos,Ovos Cepea - Produto a Retirar em Bastos (SP),Vermelho,,30_dz,156.41,"156,41",R$,price,BRL,,spot,,,indicator
2026-05-05,ovos,precos-de-ovos-cepea-produto-a-retirar-bastos,Ovos Cepea - Produto a Retirar em Bastos (SP),Vermelho,,variacao_pct,0.01,"+0,01",%,change_pct,,pct,spot,,,indicator
2026-05-06,ovos,ovos-extras-ceasas,Ovos Extras - Ceasas,Branco - Grande,,preco_caixa_de_30_duzias,183.75,"183,75",R$,price,BRL,,spot,,,physical
2026-05-06,ovos,ovos-extras-ceasas,Ovos Extras - Ceasas,Branco - Grande,,variacao_pct,0.0,"0,00",%,change_pct,,pct,spot,,,physical
2026-05-06,ovos,ovos-extras-ceasas,Ovos Extras - Ceasas,Vermelho - Extra,,preco_caixa_de_30_duzias,214.36,"214,36",R$,price,BRL,,spot,,,physical
2026-05-06,ovos,ovos-extras-ceasas,Ovos Extras - Ceasas,Vermelho - Extra,,variacao_pct,0.0,"0,00",%,change_pct,,pct,spot,,,physical
2026-05-06,ovos,precos-de-ovos-cepea-produto-a-retirar-bastos,Ovos Cepea - Produto a Retirar em Bastos (SP),Branco,,30_dz,146.32,"146,32",R$,price,BRL,,spot,,,indicator
2026-05-06,ovos,precos-de-ovos-cepea-produto-a-retirar-bastos,Ovos Cepea - Produto a Retirar em Bastos (SP),Branco,,variacao_pct,5.15,"+5,15",%,change_pct,,pct,spot,,,indicator
2026-05-06,ovos,precos-de-ovos-cepea-produto-a-retirar-bastos,Ovos Cepea - Produto a Retirar em Bastos (SP),Vermelho,,30_dz,169.24,"169,24",R$,price,BRL,,spot,,,indicator
2026-05-06,ovos,precos-de-ovos-cepea-produto-a-retirar-bastos,Ovos Cepea - Produto a Retirar em Bastos (SP),Vermelho,,variacao_pct,8.2,"+8,20",%,change_pct,,pct,spot,,,indicator
2026-05-07,ovos,ovos-extras-ceasas,Ovos Extras - Ceasas,Branco - Grande,,preco_caixa_de_30_duzias,182.83,"182,83",R$,price,BRL,,spot,,,physical
2026-05-07,ovos,ovos-extras-ceasas,Ovos Extras - Ceasas,Branco - Grande,,variacao_pct,-0.5,"-0,50",%,change_pct,,pct,spot,,,physical
2026-05-07,ovos,ovos-extras-ceasas,Ovos Extras - Ceasas,Vermelho - Extra,,preco_caixa_de_30_duzias,210.83,"210,83",R$,price,BRL,,spot,,,physical
2026-05-07,ovos,ovos-extras-ceasas,Ovos Extras - Ceasas,Vermelho - Extra,,variacao_pct,-1.65,"-1,65",%,change_pct,,pct,spot,,,physical
2026-05-07,ovos,precos-de-ovos-cepea-produto-a-retirar-bastos,Ovos Cepea - Produto a Retirar em Bastos (SP),Branco,,30_dz,146.33,"146,33",R$,price,BRL,,spot,,,indicator
2026-05-07,ovos,precos-de-ovos-cepea-produto-a-retirar-bastos,Ovos Cepea - Produto a Retirar em Bastos (SP),Branco,,variacao_pct,0.01,"+0,01",%,change_pct,,pct,spot,,,indicator
2026-05-07,ovos,precos-de-ovos-cepea-produto-a-retirar-bastos,Ovos Cepea - Produto a Retirar em Bastos (SP),Vermelho,,30_dz,168.87,"168,87",R$,price,BRL,,spot,,,indicator
2026-05-07,ovos,precos-de-ovos-cepea-produto-a-retirar-bastos,Ovos Cepea - Produto a Retirar em Bastos (SP),Vermelho,,variacao_pct,-0.22,"-0,22",%,change_pct,,pct,spot,,,indicator
2026-05-08,ovos,ovos-extras-ceasas,Ovos Extras - Ceasas,Branco - Grande,,preco_caixa_de_30_duzias,182.83,"182,83",R$,price,BRL,,spot,,,physical
2026-05-08,ovos,ovos-extras-ceasas,Ovos Extras - Ceasas,Branco - Grande,,variacao_pct,0.0,"0,00",%,change_pct,,pct,spot,,,physical
2026-05-08,ovos,ovos-extras-ceasas,Ovos Extras - Ceasas,Vermelho - Extra,,preco_caixa_de_30_duzias,210.83,"210,83",R$,price,BRL,,spot,,,physical
2026-05-08,ovos,ovos-extras-ceasas,Ovos Extras - Ceasas,Vermelho - Extra,,variacao_pct,0.0,"0,00",%,change_pct,,pct,spot,,,physical
2026-05-08,ovos,precos-de-ovos-cepea-produto-a-retirar-bastos,Ovos Cepea - Produto a Retirar em Bastos (SP),Branco,,30_dz,146.63,"146,63",R$,price,BRL,,spot,,,indicator
2026-05-08,ovos,precos-de-ovos-cepea-produto-a-retirar-bastos,Ovos Cepea - Produto a Retirar em Bastos (SP),Branco,,variacao_pct,0.21,"+0,21",%,change_pct,,pct,spot,,,indicator
2026-05-08,ovos,precos-de-ovos-cepea-produto-a-retirar-bastos,Ovos Cepea - Produto a Retirar em Bastos (SP),Vermelho,,30_dz,169.56,"169,56",R$,price,BRL,,spot,,,indicator
2026-05-08,ovos,precos-de-ovos-cepea-produto-a-retirar-bastos,Ovos Cepea - Produto a Retirar em Bastos (SP),Vermelho,,variacao_pct,0.41,"+0,41",%,change_pct,,pct,spot,,,indicator
2026-05-11,ovos,ovos-extras-ceasas,Ovos Extras - Ceasas,Branco - Grande,,preco_caixa_de_30_duzias,184.32,"184,32",R$,price,BRL,,spot,,,physical
2026-05-11,ovos,ovos-extras-ceasas,Ovos Extras - Ceasas,Branco - Grande,,variacao_pct,0.81,"+0,81",%,change_pct,,pct,spot,,,physical
2026-05-11,ovos,ovos-extras-ceasas,Ovos Extras - Ceasas,Vermelho - Extra,,preco_caixa_de_30_duzias,209.62,"209,62",R$,price,BRL,,spot,,,physical
2026-05-11,ovos,ovos-extras-ceasas,Ovos Extras - Ceasas,Vermelho - Extra,,variacao_pct,-0.57,"-0,57",%,change_pct,,pct,spot,,,physical
2026-05-11,ovos,preco-medio-ovos-ao-produtor,Preço Médio - Ovos Branco ao Produtor,Amazonas,,preco,237.0,"237,00",R$/30 dz,price,BRL,30dz,spot,,AM,physical
2026-05-11,ovos,preco-medio-ovos-ao-produtor,Preço Médio - Ovos Branco ao Produtor,Amazonas,,variacao_pct,0.0,"0,00",%,change_pct,,pct,spot,,AM,physical
2026-05-11,ovos,preco-medio-ovos-ao-produtor,Preço Médio - Ovos Branco ao Produtor,Distrito Federal,,preco,152.0,"152,00",R$/30 dz,price,BRL,30dz,spot,,DF,physical
2026-05-11,ovos,preco-medio-ovos-ao-produtor,Preço Médio - Ovos Branco ao Produtor,Distrito Federal,,variacao_pct,-5.0,"-5,00",%,change_pct,,pct,spot,,DF,physical
2026-05-11,ovos,preco-medio-ovos-ao-produtor,Preço Médio - Ovos Branco ao Produtor,Goiás,,preco,168.0,"168,00",R$/30 dz,price,BRL,30dz,spot,,GO,physical
2026-05-11,ovos,preco-medio-ovos-ao-produtor,Preço Médio - Ovos Branco ao Produtor,Goiás,,variacao_pct,7.69,"+7,69",%,change_pct,,pct,spot,,GO,physical
2026-05-11,ovos,preco-medio-ovos-ao-produtor,Preço Médio - Ovos Branco ao Produtor,Mato Grosso do Sul,,preco,,s/ cotação,R$/30 dz,price,BRL,30dz,spot,,MS,physical
2026-05-11,ovos,preco-medio-ovos-ao-produtor,Preço Médio - Ovos Branco ao Produtor,Mato Grosso do Sul,,variacao_pct,,-,%,change_pct,,pct,spot,,MS,physical
2026-05-11,ovos,preco-medio-ovos-ao-produtor,Preço Médio - Ovos Branco ao Produtor,Paraná,,preco,,s/ cotação,R$/30 dz,price,BRL,30dz,spot,,PR,physical
2026-05-11,ovos,preco-medio-ovos-ao-produtor,Preço Médio - Ovos Branco ao Produtor,Paraná,,variacao_pct,,-,%,change_pct,,pct,spot,,PR,physical
2026-05-11,ovos,preco-medio-ovos-ao-produtor,Preço Médio - Ovos Branco ao Produtor,Rondônia,,preco,,s/ cotação,R$/30 dz,price,BRL,30dz,spot,,RO,physical
2026-05-11,ovos,preco-medio-ovos-ao-produtor,Preço Médio - Ovos Branco ao Produtor,Rondônia,,variacao_pct,,-,%,change_pct,,pct,spot,,RO,physical
2026-05-11,ovos,preco-medio-ovos-ao-produtor,Preço Médio - Ovos Branco ao Produtor,Semana Referente de:,,preco,,04/05/26 a 08/05/26,R$/30 dz,price,BRL,30dz,spot,,,physical
2026-05-11,ovos,preco-medio-ovos-ao-produtor,Preço Médio - Ovos Branco ao Produtor,Semana Referente de:,,variacao_pct,,,%,change_pct,,pct,spot,,,physical
2026-05-11,ovos,preco-medio-ovos-ao-produtor,Preço Médio - Ovos Branco ao Produtor,São Paulo,,preco,148.35,"148,35",R$/30 dz,price,BRL,30dz,spot,,SP,physical
2026-05-11,ovos,preco-medio-ovos-ao-produtor,Preço Médio - Ovos Branco ao Produtor,São Paulo,,variacao_pct,5.7,"+5,70",%,change_pct,,pct,spot,,SP,physical
2026-05-11,ovos,precos-de-ovos-cepea-produto-a-retirar-bastos,Ovos Cepea - Produto a Retirar em Bastos (SP),Branco,,30_dz,146.77,"146,77",R$,price,BRL,,spot,,,indicator
2026-05-11,ovos,precos-de-ovos-cepea-produto-a-retirar-bastos,Ovos Cepea - Produto a Retirar em Bastos (SP),Branco,,variacao_pct,0.1,"+0,10",%,change_pct,,pct,spot,,,indicator
2026-05-11,ovos,precos-de-ovos-cepea-produto-a-retirar-bastos,Ovos Cepea - Produto a Retirar em Bastos (SP),Vermelho,,30_dz,169.38,"169,38",R$,price,BRL,,spot,,,indicator
2026-05-11,ovos,precos-de-ovos-cepea-produto-a-retirar-bastos,Ovos Cepea - Produto a Retirar em Bastos (SP),Vermelho,,variacao_pct,-0.11,"-0,11",%,change_pct,,pct,spot,,,indicator
2026-05-12,ovos,ovos-extras-ceasas,Ovos Extras - Ceasas,Branco - Grande,,preco_caixa_de_30_duzias,186.26,"186,26",R$,price,BRL,,spot,,,physical
2026-05-12,ovos,ovos-extras-ceasas,Ovos Extras - Ceasas,Branco - Grande,,variacao_pct,1.05,"+1,05",%,change_pct,,pct,spot,,,physical
2026-05-12,ovos,ovos-extras-ceasas,Ovos Extras - Ceasas,Vermelho - Extra,,preco_caixa_de_30_duzias,213.11,"213,11",R$,price,BRL,,spot,,,physical
2026-05-12,ovos,ovos-extras-ceasas,Ovos Extras - Ceasas,Vermelho - Extra,,variacao_pct,1.66,"+1,66",%,change_pct,,pct,spot,,,physical
2026-05-12,ovos,precos-de-ovos-cepea-produto-a-retirar-bastos,Ovos Cepea - Produto a Retirar em Bastos (SP),Branco,,30_dz,146.77,"146,77",R$,price,BRL,,spot,,,indicator
2026-05-12,ovos,precos-de-ovos-cepea-produto-a-retirar-bastos,Ovos Cepea - Produto a Retirar em Bastos (SP),Branco,,variacao_pct,0.0,"0,00",%,change_pct,,pct,spot,,,indicator
2026-05-12,ovos,precos-de-ovos-cepea-produto-a-retirar-bastos,Ovos Cepea - Produto a Retirar em Bastos (SP),Vermelho,,30_dz,169.38,"169,38",R$,price,BRL,,spot,,,indicator
2026-05-12,ovos,precos-de-ovos-cepea-produto-a-retirar-bastos,Ovos Cepea - Produto a Retirar em Bastos (SP),Vermelho,,variacao_pct,0.0,"0,00",%,change_pct,,pct,spot,,,indicator
2026-05-13,ovos,ovos-extras-ceasas,Ovos Extras - Ceasas,Branco - Grande,,preco_caixa_de_30_duzias,186.26,"186,26",R$,price,BRL,,spot,,,physical
2026-05-13,ovos,ovos-extras-ceasas,Ovos Extras - Ceasas,Branco - Grande,,variacao_pct,0.0,"0,00",%,change_pct,,pct,spot,,,physical
2026-05-13,ovos,ovos-extras-ceasas,Ovos Extras - Ceasas,Vermelho - Extra,,preco_caixa_de_30_duzias,213.11,"213,11",R$,price,BRL,,spot,,,physical
2026-05-13,ovos,ovos-extras-ceasas,Ovos Extras - Ceasas,Vermelho - Extra,,variacao_pct,0.0,"0,00",%,change_pct,,pct,spot,,,physical
2026-05-13,ovos,precos-de-ovos-cepea-produto-a-retirar-bastos,Ovos Cepea - Produto a Retirar em Bastos (SP),Branco,,30_dz,146.77,"146,77",R$,price,BRL,,spot,,,indicator
2026-05-13,ovos,precos-de-ovos-cepea-produto-a-retirar-bastos,Ovos Cepea - Produto a Retirar em Bastos (SP),Branco,,variacao_pct,0.0,"0,00",%,change_pct,,pct,spot,,,indicator
2026-05-13,ovos,precos-de-ovos-cepea-produto-a-retirar-bastos,Ovos Cepea - Produto a Retirar em Bastos (SP),Vermelho,,30_dz,169.38,"169,38",R$,price,BRL,,spot,,,indicator
2026-05-13,ovos,precos-de-ovos-cepea-produto-a-retirar-bastos,Ovos Cepea - Produto a Retirar em Bastos (SP),Vermelho,,variacao_pct,0.0,"0,00",%,change_pct,,pct,spot,,,indicator
2026-05-14,ovos,ovos-extras-ceasas,Ovos Extras - Ceasas,Branco - Grande,,preco_caixa_de_30_duzias,186.26,"186,26",R$,price,BRL,,spot,,,physical
2026-05-14,ovos,ovos-extras-ceasas,Ovos Extras - Ceasas,Branco - Grande,,variacao_pct,0.0,"0,00",%,change_pct,,pct,spot,,,physical
2026-05-14,ovos,ovos-extras-ceasas,Ovos Extras - Ceasas,Vermelho - Extra,,preco_caixa_de_30_duzias,213.11,"213,11",R$,price,BRL,,spot,,,physical
2026-05-14,ovos,ovos-extras-ceasas,Ovos Extras - Ceasas,Vermelho - Extra,,variacao_pct,0.0,"0,00",%,change_pct,,pct,spot,,,physical
2026-05-14,ovos,precos-de-ovos-cepea-produto-a-retirar-bastos,Ovos Cepea - Produto a Retirar em Bastos (SP),Branco,,30_dz,146.82,"146,82",R$,price,BRL,,spot,,,indicator
2026-05-14,ovos,precos-de-ovos-cepea-produto-a-retirar-bastos,Ovos Cepea - Produto a Retirar em Bastos (SP),Branco,,variacao_pct,0.03,"+0,03",%,change_pct,,pct,spot,,,indicator
2026-05-14,ovos,precos-de-ovos-cepea-produto-a-retirar-bastos,Ovos Cepea - Produto a Retirar em Bastos (SP),Vermelho,,30_dz,169.38,"169,38",R$,price,BRL,,spot,,,indicator
2026-05-14,ovos,precos-de-ovos-cepea-produto-a-retirar-bastos,Ovos Cepea - Produto a Retirar em Bastos (SP),Vermelho,,variacao_pct,0.0,"0,00",%,change_pct,,pct,spot,,,indicator
2026-05-15,ovos,ovos-extras-ceasas,Ovos Extras - Ceasas,Branco - Grande,,preco_caixa_de_30_duzias,184.53,"184,53",R$,price,BRL,,spot,,,physical
2026-05-15,ovos,ovos-extras-ceasas,Ovos Extras - Ceasas,Branco - Grande,,variacao_pct,-0.93,"-0,93",%,change_pct,,pct,spot,,,physical
2026-05-15,ovos,ovos-extras-ceasas,Ovos Extras - Ceasas,Vermelho - Extra,,preco_caixa_de_30_duzias,214.53,"214,53",R$,price,BRL,,spot,,,physical
2026-05-15,ovos,ovos-extras-ceasas,Ovos Extras - Ceasas,Vermelho - Extra,,variacao_pct,0.67,"+0,67",%,change_pct,,pct,spot,,,physical
2026-05-15,ovos,precos-de-ovos-cepea-produto-a-retirar-bastos,Ovos Cepea - Produto a Retirar em Bastos (SP),Branco,,30_dz,146.63,"146,63",R$,price,BRL,,spot,,,indicator
2026-05-15,ovos,precos-de-ovos-cepea-produto-a-retirar-bastos,Ovos Cepea - Produto a Retirar em Bastos (SP),Branco,,variacao_pct,-0.13,"-0,13",%,change_pct,,pct,spot,,,indicator
2026-05-15,ovos,precos-de-ovos-cepea-produto-a-retirar-bastos,Ovos Cepea - Produto a Retirar em Bastos (SP),Vermelho,,30_dz,168.62,"168,62",R$,price,BRL,,spot,,,indicator
2026-05-15,ovos,precos-de-ovos-cepea-produto-a-retirar-bastos,Ovos Cepea - Produto a Retirar em Bastos (SP),Vermelho,,variacao_pct,-0.45,"-0,45",%,change_pct,,pct,spot,,,indicator
2026-05-18,ovos,ovos-extras-ceasas,Ovos Extras - Ceasas,Branco - Grande,,preco_caixa_de_30_duzias,184.53,"184,53",R$,price,BRL,,spot,,,physical
2026-05-18,ovos,ovos-extras-ceasas,Ovos Extras - Ceasas,Branco - Grande,,variacao_pct,0.0,"0,00",%,change_pct,,pct,spot,,,physical
2026-05-18,ovos,ovos-extras-ceasas,Ovos Extras - Ceasas,Vermelho - Extra,,preco_caixa_de_30_duzias,214.53,"214,53",R$,price,BRL,,spot,,,physical
2026-05-18,ovos,ovos-extras-ceasas,Ovos Extras - Ceasas,Vermelho - Extra,,variacao_pct,0.0,"0,00",%,change_pct,,pct,spot,,,physical
2026-05-18,ovos,preco-medio-ovos-ao-produtor,Preço Médio - Ovos Branco ao Produtor,Amazonas,,preco,237.0,"237,00",R$/30 dz,price,BRL,30dz,spot,,AM,physical
2026-05-18,ovos,preco-medio-ovos-ao-produtor,Preço Médio - Ovos Branco ao Produtor,Amazonas,,variacao_pct,0.0,"0,00",%,change_pct,,pct,spot,,AM,physical
2026-05-18,ovos,preco-medio-ovos-ao-produtor,Preço Médio - Ovos Branco ao Produtor,Distrito Federal,,preco,157.33,"157,33",R$/30 dz,price,BRL,30dz,spot,,DF,physical
2026-05-18,ovos,preco-medio-ovos-ao-produtor,Preço Médio - Ovos Branco ao Produtor,Distrito Federal,,variacao_pct,3.51,"+3,51",%,change_pct,,pct,spot,,DF,physical
2026-05-18,ovos,preco-medio-ovos-ao-produtor,Preço Médio - Ovos Branco ao Produtor,Goiás,,preco,156.0,"156,00",R$/30 dz,price,BRL,30dz,spot,,GO,physical
2026-05-18,ovos,preco-medio-ovos-ao-produtor,Preço Médio - Ovos Branco ao Produtor,Goiás,,variacao_pct,-7.14,"-7,14",%,change_pct,,pct,spot,,GO,physical
2026-05-18,ovos,preco-medio-ovos-ao-produtor,Preço Médio - Ovos Branco ao Produtor,Mato Grosso do Sul,,preco,,s/ cotação,R$/30 dz,price,BRL,30dz,spot,,MS,physical
2026-05-18,ovos,preco-medio-ovos-ao-produtor,Preço Médio - Ovos Branco ao Produtor,Mato Grosso do Sul,,variacao_pct,,-,%,change_pct,,pct,spot,,MS,physical
2026-05-18,ovos,preco-medio-ovos-ao-produtor,Preço Médio - Ovos Branco ao Produtor,Paraná,,preco,142.21,"142,21",R$/30 dz,price,BRL,30dz,spot,,PR,physical
2026-05-18,ovos,preco-medio-ovos-ao-produtor,Preço Médio - Ovos Branco ao Produtor,Paraná,,variacao_pct,,-,%,change_pct,,pct,spot,,PR,physical
2026-05-18,ovos,preco-medio-ovos-ao-produtor,Preço Médio - Ovos Branco ao Produtor,Rondônia,,preco,,s/ cotação,R$/30 dz,price,BRL,30dz,spot,,RO,physical
2026-05-18,ovos,preco-medio-ovos-ao-produtor,Preço Médio - Ovos Branco ao Produtor,Rondônia,,variacao_pct,,-,%,change_pct,,pct,spot,,RO,physical
2026-05-18,ovos,preco-medio-ovos-ao-produtor,Preço Médio - Ovos Branco ao Produtor,Semana Referente de:,,preco,,11/05/26 a 15/05/26,R$/30 dz,price,BRL,30dz,spot,,,physical
2026-05-18,ovos,preco-medio-ovos-ao-produtor,Preço Médio - Ovos Branco ao Produtor,Semana Referente de:,,variacao_pct,,,%,change_pct,,pct,spot,,,physical
2026-05-18,ovos,preco-medio-ovos-ao-produtor,Preço Médio - Ovos Branco ao Produtor,São Paulo,,preco,151.35,"151,35",R$/30 dz,price,BRL,30dz,spot,,SP,physical
2026-05-18,ovos,preco-medio-ovos-ao-produtor,Preço Médio - Ovos Branco ao Produtor,São Paulo,,variacao_pct,2.02,"+2,02",%,change_pct,,pct,spot,,SP,physical
2026-05-18,ovos,precos-de-ovos-cepea-produto-a-retirar-bastos,Ovos Cepea - Produto a Retirar em Bastos (SP),Branco,,30_dz,146.63,"146,63",R$,price,BRL,,spot,,,indicator
2026-05-18,ovos,precos-de-ovos-cepea-produto-a-retirar-bastos,Ovos Cepea - Produto a Retirar em Bastos (SP),Branco,,variacao_pct,0.0,"0,00",%,change_pct,,pct,spot,,,indicator
2026-05-18,ovos,precos-de-ovos-cepea-produto-a-retirar-bastos,Ovos Cepea - Produto a Retirar em Bastos (SP),Vermelho,,30_dz,168.62,"168,62",R$,price,BRL,,spot,,,indicator
2026-05-18,ovos,precos-de-ovos-cepea-produto-a-retirar-bastos,Ovos Cepea - Produto a Retirar em Bastos (SP),Vermelho,,variacao_pct,0.0,"0,00",%,change_pct,,pct,spot,,,indicator
2026-05-19,ovos,ovos-extras-ceasas,Ovos Extras - Ceasas,Branco - Grande,,preco_caixa_de_30_duzias,183.62,"183,62",R$,price,BRL,,spot,,,physical
2026-05-19,ovos,ovos-extras-ceasas,Ovos Extras - Ceasas,Branco - Grande,,variacao_pct,-0.49,"-0,49",%,change_pct,,pct,spot,,,physical
2026-05-19,ovos,ovos-extras-ceasas,Ovos Extras - Ceasas,Vermelho - Extra,,preco_caixa_de_30_duzias,217.12,"217,12",R$,price,BRL,,spot,,,physical
2026-05-19,ovos,ovos-extras-ceasas,Ovos Extras - Ceasas,Vermelho - Extra,,variacao_pct,1.21,"+1,21",%,change_pct,,pct,spot,,,physical
2026-05-19,ovos,precos-de-ovos-cepea-produto-a-retirar-bastos,Ovos Cepea - Produto a Retirar em Bastos (SP),Branco,,30_dz,146.48,"146,48",R$,price,BRL,,spot,,,indicator
2026-05-19,ovos,precos-de-ovos-cepea-produto-a-retirar-bastos,Ovos Cepea - Produto a Retirar em Bastos (SP),Branco,,variacao_pct,-0.1,"-0,10",%,change_pct,,pct,spot,,,indicator
2026-05-19,ovos,precos-de-ovos-cepea-produto-a-retirar-bastos,Ovos Cepea - Produto a Retirar em Bastos (SP),Vermelho,,30_dz,168.67,"168,67",R$,price,BRL,,spot,,,indicator
2026-05-19,ovos,precos-de-ovos-cepea-produto-a-retirar-bastos,Ovos Cepea - Produto a Retirar em Bastos (SP),Vermelho,,variacao_pct,0.03,"+0,03",%,change_pct,,pct,spot,,,indicator
2026-05-20,ovos,ovos-extras-ceasas,Ovos Extras - Ceasas,Branco - Grande,,preco_caixa_de_30_duzias,183.62,"183,62",R$,price,BRL,,spot,,,physical
2026-05-20,ovos,ovos-extras-ceasas,Ovos Extras - Ceasas,Branco - Grande,,variacao_pct,0.0,"0,00",%,change_pct,,pct,spot,,,physical
2026-05-20,ovos,ovos-extras-ceasas,Ovos Extras - Ceasas,Vermelho - Extra,,preco_caixa_de_30_duzias,217.12,"217,12",R$,price,BRL,,spot,,,physical
2026-05-20,ovos,ovos-extras-ceasas,Ovos Extras - Ceasas,Vermelho - Extra,,variacao_pct,0.0,"0,00",%,change_pct,,pct,spot,,,physical
2026-05-20,ovos,precos-de-ovos-cepea-produto-a-retirar-bastos,Ovos Cepea - Produto a Retirar em Bastos (SP),Branco,,30_dz,146.63,"146,63",R$,price,BRL,,spot,,,indicator
2026-05-20,ovos,precos-de-ovos-cepea-produto-a-retirar-bastos,Ovos Cepea - Produto a Retirar em Bastos (SP),Branco,,variacao_pct,0.1,"+0,10",%,change_pct,,pct,spot,,,indicator
2026-05-20,ovos,precos-de-ovos-cepea-produto-a-retirar-bastos,Ovos Cepea - Produto a Retirar em Bastos (SP),Vermelho,,30_dz,168.62,"168,62",R$,price,BRL,,spot,,,indicator
2026-05-20,ovos,precos-de-ovos-cepea-produto-a-retirar-bastos,Ovos Cepea - Produto a Retirar em Bastos (SP),Vermelho,,variacao_pct,-0.03,"-0,03",%,change_pct,,pct,spot,,,indicator
2026-05-21,ovos,ovos-extras-ceasas,Ovos Extras - Ceasas,Branco - Grande,,preco_caixa_de_30_duzias,185.79,"185,79",R$,price,BRL,,spot,,,physical
2026-05-21,ovos,ovos-extras-ceasas,Ovos Extras - Ceasas,Branco - Grande,,variacao_pct,1.18,"+1,18",%,change_pct,,pct,spot,,,physical
2026-05-21,ovos,ovos-extras-ceasas,Ovos Extras - Ceasas,Vermelho - Extra,,preco_caixa_de_30_duzias,213.18,"213,18",R$,price,BRL,,spot,,,physical
2026-05-21,ovos,ovos-extras-ceasas,Ovos Extras - Ceasas,Vermelho - Extra,,variacao_pct,-1.81,"-1,81",%,change_pct,,pct,spot,,,physical
2026-05-21,ovos,precos-de-ovos-cepea-produto-a-retirar-bastos,Ovos Cepea - Produto a Retirar em Bastos (SP),Branco,,30_dz,146.64,"146,64",R$,price,BRL,,spot,,,indicator
2026-05-21,ovos,precos-de-ovos-cepea-produto-a-retirar-bastos,Ovos Cepea - Produto a Retirar em Bastos (SP),Branco,,variacao_pct,0.01,"+0,01",%,change_pct,,pct,spot,,,indicator
2026-05-21,ovos,precos-de-ovos-cepea-produto-a-retirar-bastos,Ovos Cepea - Produto a Retirar em Bastos (SP),Vermelho,,30_dz,167.9,"167,90",R$,price,BRL,,spot,,,indicator
2026-05-21,ovos,precos-de-ovos-cepea-produto-a-retirar-bastos,Ovos Cepea - Produto a Retirar em Bastos (SP),Vermelho,,variacao_pct,-0.43,"-0,43",%,change_pct,,pct,spot,,,indicator
2026-05-22,ovos,ovos-extras-ceasas,Ovos Extras - Ceasas,Branco - Grande,,preco_caixa_de_30_duzias,185.79,"185,79",R$,price,BRL,,spot,,,physical
2026-05-22,ovos,ovos-extras-ceasas,Ovos Extras - Ceasas,Branco - Grande,,variacao_pct,0.0,"0,00",%,change_pct,,pct,spot,,,physical
2026-05-22,ovos,ovos-extras-ceasas,Ovos Extras - Ceasas,Vermelho - Extra,,preco_caixa_de_30_duzias,213.18,"213,18",R$,price,BRL,,spot,,,physical
2026-05-22,ovos,ovos-extras-ceasas,Ovos Extras - Ceasas,Vermelho - Extra,,variacao_pct,0.0,"0,00",%,change_pct,,pct,spot,,,physical
2026-05-22,ovos,precos-de-ovos-cepea-produto-a-retirar-bastos,Ovos Cepea - Produto a Retirar em Bastos (SP),Branco,,30_dz,146.63,"146,63",R$,price,BRL,,spot,,,indicator
2026-05-22,ovos,precos-de-ovos-cepea-produto-a-retirar-bastos,Ovos Cepea - Produto a Retirar em Bastos (SP),Branco,,variacao_pct,-0.01,"-0,01",%,change_pct,,pct,spot,,,indicator
2026-05-22,ovos,precos-de-ovos-cepea-produto-a-retirar-bastos,Ovos Cepea - Produto a Retirar em Bastos (SP),Vermelho,,30_dz,167.75,"167,75",R$,price,BRL,,spot,,,indicator
2026-05-22,ovos,precos-de-ovos-cepea-produto-a-retirar-bastos,Ovos Cepea - Produto a Retirar em Bastos (SP),Vermelho,,variacao_pct,-0.09,"-0,09",%,change_pct,,pct,spot,,,indicator
2026-05-25,ovos,ovos-extras-ceasas,Ovos Extras - Ceasas,Branco - Grande,,preco_caixa_de_30_duzias,192.77,"192,77",R$,price,BRL,,spot,,,physical
2026-05-25,ovos,ovos-extras-ceasas,Ovos Extras - Ceasas,Branco - Grande,,variacao_pct,3.76,"+3,76",%,change_pct,,pct,spot,,,physical
2026-05-25,ovos,ovos-extras-ceasas,Ovos Extras - Ceasas,Vermelho - Extra,,preco_caixa_de_30_duzias,220.47,"220,47",R$,price,BRL,,spot,,,physical
2026-05-25,ovos,ovos-extras-ceasas,Ovos Extras - Ceasas,Vermelho - Extra,,variacao_pct,3.42,"+3,42",%,change_pct,,pct,spot,,,physical
2026-05-25,ovos,preco-medio-ovos-ao-produtor,Preço Médio - Ovos Branco ao Produtor,Amazonas,,preco,237.0,"237,00",R$/30 dz,price,BRL,30dz,spot,,AM,physical
2026-05-25,ovos,preco-medio-ovos-ao-produtor,Preço Médio - Ovos Branco ao Produtor,Amazonas,,variacao_pct,0.0,"0,00",%,change_pct,,pct,spot,,AM,physical
2026-05-25,ovos,preco-medio-ovos-ao-produtor,Preço Médio - Ovos Branco ao Produtor,Distrito Federal,,preco,157.0,"157,00",R$/30 dz,price,BRL,30dz,spot,,DF,physical
2026-05-25,ovos,preco-medio-ovos-ao-produtor,Preço Médio - Ovos Branco ao Produtor,Distrito Federal,,variacao_pct,-0.21,"-0,21",%,change_pct,,pct,spot,,DF,physical
2026-05-25,ovos,preco-medio-ovos-ao-produtor,Preço Médio - Ovos Branco ao Produtor,Goiás,,preco,156.0,"156,00",R$/30 dz,price,BRL,30dz,spot,,GO,physical
2026-05-25,ovos,preco-medio-ovos-ao-produtor,Preço Médio - Ovos Branco ao Produtor,Goiás,,variacao_pct,0.0,"0,00",%,change_pct,,pct,spot,,GO,physical
2026-05-25,ovos,preco-medio-ovos-ao-produtor,Preço Médio - Ovos Branco ao Produtor,Mato Grosso do Sul,,preco,,s/ cotação,R$/30 dz,price,BRL,30dz,spot,,MS,physical
2026-05-25,ovos,preco-medio-ovos-ao-produtor,Preço Médio - Ovos Branco ao Produtor,Mato Grosso do Sul,,variacao_pct,,-,%,change_pct,,pct,spot,,MS,physical
2026-05-25,ovos,preco-medio-ovos-ao-produtor,Preço Médio - Ovos Branco ao Produtor,Paraná,,preco,146.45,"146,45",R$/30 dz,price,BRL,30dz,spot,,PR,physical
2026-05-25,ovos,preco-medio-ovos-ao-produtor,Preço Médio - Ovos Branco ao Produtor,Paraná,,variacao_pct,2.98,"+2,98",%,change_pct,,pct,spot,,PR,physical
2026-05-25,ovos,preco-medio-ovos-ao-produtor,Preço Médio - Ovos Branco ao Produtor,Rondônia,,preco,,s/ cotação,R$/30 dz,price,BRL,30dz,spot,,RO,physical
2026-05-25,ovos,preco-medio-ovos-ao-produtor,Preço Médio - Ovos Branco ao Produtor,Rondônia,,variacao_pct,,-,%,change_pct,,pct,spot,,RO,physical
2026-05-25,ovos,preco-medio-ovos-ao-produtor,Preço Médio - Ovos Branco ao Produtor,Semana Referente de:,,preco,,18/05/26 a 22/05/26,R$/30 dz,price,BRL,30dz,spot,,,physical
2026-05-25,ovos,preco-medio-ovos-ao-produtor,Preço Médio - Ovos Branco ao Produtor,Semana Referente de:,,variacao_pct,,,%,change_pct,,pct,spot,,,physical
2026-05-25,ovos,preco-medio-ovos-ao-produtor,Preço Médio - Ovos Branco ao Produtor,São Paulo,,preco,151.35,"151,35",R$/30 dz,price,BRL,30dz,spot,,SP,physical
2026-05-25,ovos,preco-medio-ovos-ao-produtor,Preço Médio - Ovos Branco ao Produtor,São Paulo,,variacao_pct,0.0,"0,00",%,change_pct,,pct,spot,,SP,physical
2026-05-25,ovos,precos-de-ovos-cepea-produto-a-retirar-bastos,Ovos Cepea - Produto a Retirar em Bastos (SP),Branco,,30_dz,146.92,"146,92",R$,price,BRL,,spot,,,indicator
2026-05-25,ovos,precos-de-ovos-cepea-produto-a-retirar-bastos,Ovos Cepea - Produto a Retirar em Bastos (SP),Branco,,variacao_pct,0.2,"+0,20",%,change_pct,,pct,spot,,,indicator
2026-05-25,ovos,precos-de-ovos-cepea-produto-a-retirar-bastos,Ovos Cepea - Produto a Retirar em Bastos (SP),Vermelho,,30_dz,168.21,"168,21",R$,price,BRL,,spot,,,indicator
2026-05-25,ovos,precos-de-ovos-cepea-produto-a-retirar-bastos,Ovos Cepea - Produto a Retirar em Bastos (SP),Vermelho,,variacao_pct,0.27,"+0,27",%,change_pct,,pct,spot,,,indicator
2026-05-26,ovos,ovos-extras-ceasas,Ovos Extras - Ceasas,Branco - Grande,,preco_caixa_de_30_duzias,182.83,"182,83",R$,price,BRL,,spot,,,physical
2026-05-26,ovos,ovos-extras-ceasas,Ovos Extras - Ceasas,Branco - Grande,,variacao_pct,-5.16,"-5,16",%,change_pct,,pct,spot,,,physical
2026-05-26,ovos,ovos-extras-ceasas,Ovos Extras - Ceasas,Vermelho - Extra,,preco_caixa_de_30_duzias,221.33,"221,33",R$,price,BRL,,spot,,,physical
2026-05-26,ovos,ovos-extras-ceasas,Ovos Extras - Ceasas,Vermelho - Extra,,variacao_pct,0.39,"+0,39",%,change_pct,,pct,spot,,,physical
2026-05-26,ovos,precos-de-ovos-cepea-produto-a-retirar-bastos,Ovos Cepea - Produto a Retirar em Bastos (SP),Branco,,30_dz,146.92,"146,92",R$,price,BRL,,spot,,,indicator
2026-05-26,ovos,precos-de-ovos-cepea-produto-a-retirar-bastos,Ovos Cepea - Produto a Retirar em Bastos (SP),Branco,,variacao_pct,0.0,"0,00",%,change_pct,,pct,spot,,,indicator
2026-05-26,ovos,precos-de-ovos-cepea-produto-a-retirar-bastos,Ovos Cepea - Produto a Retirar em Bastos (SP),Vermelho,,30_dz,168.21,"168,21",R$,price,BRL,,spot,,,indicator
2026-05-26,ovos,precos-de-ovos-cepea-produto-a-retirar-bastos,Ovos Cepea - Produto a Retirar em Bastos (SP),Vermelho,,variacao_pct,0.0,"0,00",%,change_pct,,pct,spot,,,indicator
2026-05-27,ovos,ovos-extras-ceasas,Ovos Extras - Ceasas,Branco - Grande,,preco_caixa_de_30_duzias,182.83,"182,83",R$,price,BRL,,spot,,,physical
2026-05-27,ovos,ovos-extras-ceasas,Ovos Extras - Ceasas,Branco - Grande,,variacao_pct,0.0,"0,00",%,change_pct,,pct,spot,,,physical
2026-05-27,ovos,ovos-extras-ceasas,Ovos Extras - Ceasas,Vermelho - Extra,,preco_caixa_de_30_duzias,221.33,"221,33",R$,price,BRL,,spot,,,physical
2026-05-27,ovos,ovos-extras-ceasas,Ovos Extras - Ceasas,Vermelho - Extra,,variacao_pct,0.0,"0,00",%,change_pct,,pct,spot,,,physical
2026-05-27,ovos,precos-de-ovos-cepea-produto-a-retirar-bastos,Ovos Cepea - Produto a Retirar em Bastos (SP),Branco,,30_dz,146.92,"146,92",R$,price,BRL,,spot,,,indicator
2026-05-27,ovos,precos-de-ovos-cepea-produto-a-retirar-bastos,Ovos Cepea - Produto a Retirar em Bastos (SP),Branco,,variacao_pct,0.0,"0,00",%,change_pct,,pct,spot,,,indicator
2026-05-27,ovos,precos-de-ovos-cepea-produto-a-retirar-bastos,Ovos Cepea - Produto a Retirar em Bastos (SP),Vermelho,,30_dz,168.21,"168,21",R$,price,BRL,,spot,,,indicator
2026-05-27,ovos,precos-de-ovos-cepea-produto-a-retirar-bastos,Ovos Cepea - Produto a Retirar em Bastos (SP),Vermelho,,variacao_pct,0.0,"0,00",%,change_pct,,pct,spot,,,indicator
2026-05-28,ovos,ovos-extras-ceasas,Ovos Extras - Ceasas,Branco - Grande,,preco_caixa_de_30_duzias,182.35,"182,35",R$,price,BRL,,spot,,,physical
2026-05-28,ovos,ovos-extras-ceasas,Ovos Extras - Ceasas,Branco - Grande,,variacao_pct,-0.26,"-0,26",%,change_pct,,pct,spot,,,physical
2026-05-28,ovos,ovos-extras-ceasas,Ovos Extras - Ceasas,Vermelho - Extra,,preco_caixa_de_30_duzias,220.8,"220,80",R$,price,BRL,,spot,,,physical
2026-05-28,ovos,ovos-extras-ceasas,Ovos Extras - Ceasas,Vermelho - Extra,,variacao_pct,-0.24,"-0,24",%,change_pct,,pct,spot,,,physical
2026-05-28,ovos,precos-de-ovos-cepea-produto-a-retirar-bastos,Ovos Cepea - Produto a Retirar em Bastos (SP),Branco,,30_dz,147.01,"147,01",R$,price,BRL,,spot,,,indicator
2026-05-28,ovos,precos-de-ovos-cepea-produto-a-retirar-bastos,Ovos Cepea - Produto a Retirar em Bastos (SP),Branco,,variacao_pct,0.06,"+0,06",%,change_pct,,pct,spot,,,indicator
2026-05-28,ovos,precos-de-ovos-cepea-produto-a-retirar-bastos,Ovos Cepea - Produto a Retirar em Bastos (SP),Vermelho,,30_dz,169.22,"169,22",R$,price,BRL,,spot,,,indicator
2026-05-28,ovos,precos-de-ovos-cepea-produto-a-retirar-bastos,Ovos Cepea - Produto a Retirar em Bastos (SP),Vermelho,,variacao_pct,0.6,"+0,60",%,change_pct,,pct,spot,,,indicator
2026-05-29,ovos,ovos-extras-ceasas,Ovos Extras - Ceasas,Branco - Grande,,preco_caixa_de_30_duzias,182.35,"182,35",R$,price,BRL,,spot,,,physical
2026-05-29,ovos,ovos-extras-ceasas,Ovos Extras - Ceasas,Branco - Grande,,variacao_pct,0.0,"0,00",%,change_pct,,pct,spot,,,physical
2026-05-29,ovos,ovos-extras-ceasas,Ovos Extras - Ceasas,Vermelho - Extra,,preco_caixa_de_30_duzias,220.8,"220,80",R$,price,BRL,,spot,,,physical
2026-05-29,ovos,ovos-extras-ceasas,Ovos Extras - Ceasas,Vermelho - Extra,,variacao_pct,0.0,"0,00",%,change_pct,,pct,spot,,,physical
2026-05-29,ovos,precos-de-ovos-cepea-produto-a-retirar-bastos,Ovos Cepea - Produto a Retirar em Bastos (SP),Branco,,30_dz,154.29,"154,29",R$,price,BRL,,spot,,,indicator
2026-05-29,ovos,precos-de-ovos-cepea-produto-a-retirar-bastos,Ovos Cepea - Produto a Retirar em Bastos (SP),Branco,,variacao_pct,4.95,"+4,95",%,change_pct,,pct,spot,,,indicator
2026-05-29,ovos,precos-de-ovos-cepea-produto-a-retirar-bastos,Ovos Cepea - Produto a Retirar em Bastos (SP),Vermelho,,30_dz,174.29,"174,29",R$,price,BRL,,spot,,,indicator
2026-05-29,ovos,precos-de-ovos-cepea-produto-a-retirar-bastos,Ovos Cepea - Produto a Retirar em Bastos (SP),Vermelho,,variacao_pct,3.0,"+3,00",%,change_pct,,pct,spot,,,indicator
2026-06-01,ovos,ovos-extras-ceasas,Ovos Extras - Ceasas,Branco - Grande,,preco_caixa_de_30_duzias,181.5,"181,50",R$,price,BRL,,spot,,,physical
2026-06-01,ovos,ovos-extras-ceasas,Ovos Extras - Ceasas,Branco - Grande,,variacao_pct,-0.47,"-0,47",%,change_pct,,pct,spot,,,physical
2026-06-01,ovos,ovos-extras-ceasas,Ovos Extras - Ceasas,Vermelho - Extra,,preco_caixa_de_30_duzias,219.84,"219,84",R$,price,BRL,,spot,,,physical
2026-06-01,ovos,ovos-extras-ceasas,Ovos Extras - Ceasas,Vermelho - Extra,,variacao_pct,-0.43,"-0,43",%,change_pct,,pct,spot,,,physical
2026-06-01,ovos,preco-medio-ovos-ao-produtor,Preço Médio - Ovos Branco ao Produtor,Amazonas,,preco,216.0,"216,00",R$/30 dz,price,BRL,30dz,spot,,AM,physical
2026-06-01,ovos,preco-medio-ovos-ao-produtor,Preço Médio - Ovos Branco ao Produtor,Amazonas,,variacao_pct,-8.86,"-8,86",%,change_pct,,pct,spot,,AM,physical
2026-06-01,ovos,preco-medio-ovos-ao-produtor,Preço Médio - Ovos Branco ao Produtor,Distrito Federal,,preco,157.33,"157,33",R$/30 dz,price,BRL,30dz,spot,,DF,physical
2026-06-01,ovos,preco-medio-ovos-ao-produtor,Preço Médio - Ovos Branco ao Produtor,Distrito Federal,,variacao_pct,0.21,"+0,21",%,change_pct,,pct,spot,,DF,physical
2026-06-01,ovos,preco-medio-ovos-ao-produtor,Preço Médio - Ovos Branco ao Produtor,Goiás,,preco,156.0,"156,00",R$/30 dz,price,BRL,30dz,spot,,GO,physical
2026-06-01,ovos,preco-medio-ovos-ao-produtor,Preço Médio - Ovos Branco ao Produtor,Goiás,,variacao_pct,0.0,"0,00",%,change_pct,,pct,spot,,GO,physical
2026-06-01,ovos,preco-medio-ovos-ao-produtor,Preço Médio - Ovos Branco ao Produtor,Mato Grosso do Sul,,preco,,s/ cotação,R$/30 dz,price,BRL,30dz,spot,,MS,physical
2026-06-01,ovos,preco-medio-ovos-ao-produtor,Preço Médio - Ovos Branco ao Produtor,Mato Grosso do Sul,,variacao_pct,,-,%,change_pct,,pct,spot,,MS,physical
2026-06-01,ovos,preco-medio-ovos-ao-produtor,Preço Médio - Ovos Branco ao Produtor,Paraná,,preco,145.07,"145,07",R$/30 dz,price,BRL,30dz,spot,,PR,physical
2026-06-01,ovos,preco-medio-ovos-ao-produtor,Preço Médio - Ovos Branco ao Produtor,Paraná,,variacao_pct,-0.94,"-0,94",%,change_pct,,pct,spot,,PR,physical
2026-06-01,ovos,preco-medio-ovos-ao-produtor,Preço Médio - Ovos Branco ao Produtor,Rondônia,,preco,,s/ cotação,R$/30 dz,price,BRL,30dz,spot,,RO,physical
2026-06-01,ovos,preco-medio-ovos-ao-produtor,Preço Médio - Ovos Branco ao Produtor,Rondônia,,variacao_pct,,-,%,change_pct,,pct,spot,,RO,physical
2026-06-01,ovos,preco-medio-ovos-ao-produtor,Preço Médio - Ovos Branco ao Produtor,Semana Referente de:,,preco,,25/05/26 a 29/05/26,R$/30 dz,price,BRL,30dz,spot,,,physical
2026-06-01,ovos,preco-medio-ovos-ao-produtor,Preço Médio - Ovos Branco ao Produtor,Semana Referente de:,,variacao_pct,,,%,change_pct,,pct,spot,,,physical
2026-06-01,ovos,preco-medio-ovos-ao-produtor,Preço Médio - Ovos Branco ao Produtor,São Paulo,,preco,151.35,"151,35",R$/30 dz,price,BRL,30dz,spot,,SP,physical
2026-06-01,ovos,preco-medio-ovos-ao-produtor,Preço Médio - Ovos Branco ao Produtor,São Paulo,,variacao_pct,0.0,"0,00",%,change_pct,,pct,spot,,SP,physical
2026-06-01,ovos,precos-de-ovos-cepea-produto-a-retirar-bastos,Ovos Cepea - Produto a Retirar em Bastos (SP),Branco,,30_dz,154.14,"154,14",R$,price,BRL,,spot,,,indicator
2026-06-01,ovos,precos-de-ovos-cepea-produto-a-retirar-bastos,Ovos Cepea - Produto a Retirar em Bastos (SP),Branco,,variacao_pct,-0.1,"-0,10",%,change_pct,,pct,spot,,,indicator
2026-06-01,ovos,precos-de-ovos-cepea-produto-a-retirar-bastos,Ovos Cepea - Produto a Retirar em Bastos (SP),Vermelho,,30_dz,174.12,"174,12",R$,price,BRL,,spot,,,indicator
2026-06-01,ovos,precos-de-ovos-cepea-produto-a-retirar-bastos,Ovos Cepea - Produto a Retirar em Bastos (SP),Vermelho,,variacao_pct,-0.1,"-0,10",%,change_pct,,pct,spot,,,indicator
2026-06-02,ovos,ovos-extras-ceasas,Ovos Extras - Ceasas,Branco - Grande,,preco_caixa_de_30_duzias,179.65,"179,65",R$,price,BRL,,spot,,,physical
2026-06-02,ovos,ovos-extras-ceasas,Ovos Extras - Ceasas,Branco - Grande,,variacao_pct,-1.02,"-1,02",%,change_pct,,pct,spot,,,physical
2026-06-02,ovos,ovos-extras-ceasas,Ovos Extras - Ceasas,Vermelho - Extra,,preco_caixa_de_30_duzias,217.36,"217,36",R$,price,BRL,,spot,,,physical
2026-06-02,ovos,ovos-extras-ceasas,Ovos Extras - Ceasas,Vermelho - Extra,,variacao_pct,-1.13,"-1,13",%,change_pct,,pct,spot,,,physical
2026-06-02,ovos,precos-de-ovos-cepea-produto-a-retirar-bastos,Ovos Cepea - Produto a Retirar em Bastos (SP),Branco,,30_dz,154.13,"154,13",R$,price,BRL,,spot,,,indicator
2026-06-02,ovos,precos-de-ovos-cepea-produto-a-retirar-bastos,Ovos Cepea - Produto a Retirar em Bastos (SP),Branco,,variacao_pct,-0.01,"-0,01",%,change_pct,,pct,spot,,,indicator
2026-06-02,ovos,precos-de-ovos-cepea-produto-a-retirar-bastos,Ovos Cepea - Produto a Retirar em Bastos (SP),Vermelho,,30_dz,175.22,"175,22",R$,price,BRL,,spot,,,indicator
2026-06-02,ovos,precos-de-ovos-cepea-produto-a-retirar-bastos,Ovos Cepea - Produto a Retirar em Bastos (SP),Vermelho,,variacao_pct,0.63,"+0,63",%,change_pct,,pct,spot,,,indicator
2026-06-03,ovos,ovos-extras-ceasas,Ovos Extras - Ceasas,Branco - Grande,,preco_caixa_de_30_duzias,179.65,"179,65",R$,price,BRL,,spot,,,physical
2026-06-03,ovos,ovos-extras-ceasas,Ovos Extras - Ceasas,Branco - Grande,,variacao_pct,0.0,"0,00",%,change_pct,,pct,spot,,,physical
2026-06-03,ovos,ovos-extras-ceasas,Ovos Extras - Ceasas,Vermelho - Extra,,preco_caixa_de_30_duzias,217.36,"217,36",R$,price,BRL,,spot,,,physical
2026-06-03,ovos,ovos-extras-ceasas,Ovos Extras - Ceasas,Vermelho - Extra,,variacao_pct,0.0,"0,00",%,change_pct,,pct,spot,,,physical
2026-06-03,ovos,precos-de-ovos-cepea-produto-a-retirar-bastos,Ovos Cepea - Produto a Retirar em Bastos (SP),Branco,,30_dz,154.13,"154,13",R$,price,BRL,,spot,,,indicator
2026-06-03,ovos,precos-de-ovos-cepea-produto-a-retirar-bastos,Ovos Cepea - Produto a Retirar em Bastos (SP),Branco,,variacao_pct,0.0,"0,00",%,change_pct,,pct,spot,,,indicator
2026-06-03,ovos,precos-de-ovos-cepea-produto-a-retirar-bastos,Ovos Cepea - Produto a Retirar em Bastos (SP),Vermelho,,30_dz,175.22,"175,22",R$,price,BRL,,spot,,,indicator
2026-06-03,ovos,precos-de-ovos-cepea-produto-a-retirar-bastos,Ovos Cepea - Produto a Retirar em Bastos (SP),Vermelho,,variacao_pct,0.0,"0,00",%,change_pct,,pct,spot,,,indicator
2026-06-05,ovos,ovos-extras-ceasas,Ovos Extras - Ceasas,Branco - Grande,,preco_caixa_de_30_duzias,184.81,"184,81",R$,price,BRL,,spot,,,physical
2026-06-05,ovos,ovos-extras-ceasas,Ovos Extras - Ceasas,Branco - Grande,,variacao_pct,2.87,"+2,87",%,change_pct,,pct,spot,,,physical
2026-06-05,ovos,ovos-extras-ceasas,Ovos Extras - Ceasas,Vermelho - Extra,,preco_caixa_de_30_duzias,217.18,"217,18",R$,price,BRL,,spot,,,physical
2026-06-05,ovos,ovos-extras-ceasas,Ovos Extras - Ceasas,Vermelho - Extra,,variacao_pct,-0.08,"-0,08",%,change_pct,,pct,spot,,,physical
2026-06-05,ovos,precos-de-ovos-cepea-produto-a-retirar-bastos,Ovos Cepea - Produto a Retirar em Bastos (SP),Branco,,30_dz,154.12,"154,12",R$,price,BRL,,spot,,,indicator
2026-06-05,ovos,precos-de-ovos-cepea-produto-a-retirar-bastos,Ovos Cepea - Produto a Retirar em Bastos (SP),Branco,,variacao_pct,-0.01,"-0,01",%,change_pct,,pct,spot,,,indicator
2026-06-05,ovos,precos-de-ovos-cepea-produto-a-retirar-bastos,Ovos Cepea - Produto a Retirar em Bastos (SP),Vermelho,,30_dz,175.2,"175,20",R$,price,BRL,,spot,,,indicator
2026-06-05,ovos,precos-de-ovos-cepea-produto-a-retirar-bastos,Ovos Cepea - Produto a Retirar em Bastos (SP),Vermelho,,variacao_pct,-0.01,"-0,01",%,change_pct,,pct,spot,,,indicator
2026-06-08,ovos,ovos-extras-ceasas,Ovos Extras - Ceasas,Branco - Grande,,preco_caixa_de_30_duzias,184.81,"184,81",R$,price,BRL,,spot,,,physical
2026-06-08,ovos,ovos-extras-ceasas,Ovos Extras - Ceasas,Branco - Grande,,variacao_pct,0.0,"0,00",%,change_pct,,pct,spot,,,physical
2026-06-08,ovos,ovos-extras-ceasas,Ovos Extras - Ceasas,Vermelho - Extra,,preco_caixa_de_30_duzias,217.18,"217,18",R$,price,BRL,,spot,,,physical
2026-06-08,ovos,ovos-extras-ceasas,Ovos Extras - Ceasas,Vermelho - Extra,,variacao_pct,0.0,"0,00",%,change_pct,,pct,spot,,,physical
2026-06-08,ovos,preco-medio-ovos-ao-produtor,Preço Médio - Ovos Branco ao Produtor,Amazonas,,preco,216.0,"216,00",R$/30 dz,price,BRL,30dz,spot,,AM,physical
2026-06-08,ovos,preco-medio-ovos-ao-produtor,Preço Médio - Ovos Branco ao Produtor,Amazonas,,variacao_pct,0.0,"0,00",%,change_pct,,pct,spot,,AM,physical
2026-06-08,ovos,preco-medio-ovos-ao-produtor,Preço Médio - Ovos Branco ao Produtor,Distrito Federal,,preco,160.0,"160,00",R$/30 dz,price,BRL,30dz,spot,,DF,physical
2026-06-08,ovos,preco-medio-ovos-ao-produtor,Preço Médio - Ovos Branco ao Produtor,Distrito Federal,,variacao_pct,1.7,"+1,70",%,change_pct,,pct,spot,,DF,physical
2026-06-08,ovos,preco-medio-ovos-ao-produtor,Preço Médio - Ovos Branco ao Produtor,Goiás,,preco,168.0,"168,00",R$/30 dz,price,BRL,30dz,spot,,GO,physical
2026-06-08,ovos,preco-medio-ovos-ao-produtor,Preço Médio - Ovos Branco ao Produtor,Goiás,,variacao_pct,7.69,"+7,69",%,change_pct,,pct,spot,,GO,physical
2026-06-08,ovos,preco-medio-ovos-ao-produtor,Preço Médio - Ovos Branco ao Produtor,Mato Grosso do Sul,,preco,,s/ cotação,R$/30 dz,price,BRL,30dz,spot,,MS,physical
2026-06-08,ovos,preco-medio-ovos-ao-produtor,Preço Médio - Ovos Branco ao Produtor,Mato Grosso do Sul,,variacao_pct,,-,%,change_pct,,pct,spot,,MS,physical
2026-06-08,ovos,preco-medio-ovos-ao-produtor,Preço Médio - Ovos Branco ao Produtor,Paraná,,preco,147.45,"147,45",R$/30 dz,price,BRL,30dz,spot,,PR,physical
2026-06-08,ovos,preco-medio-ovos-ao-produtor,Preço Médio - Ovos Branco ao Produtor,Paraná,,variacao_pct,1.64,"+1,64",%,change_pct,,pct,spot,,PR,physical
2026-06-08,ovos,preco-medio-ovos-ao-produtor,Preço Médio - Ovos Branco ao Produtor,Rondônia,,preco,,s/ cotação,R$/30 dz,price,BRL,30dz,spot,,RO,physical
2026-06-08,ovos,preco-medio-ovos-ao-produtor,Preço Médio - Ovos Branco ao Produtor,Rondônia,,variacao_pct,,-,%,change_pct,,pct,spot,,RO,physical
2026-06-08,ovos,preco-medio-ovos-ao-produtor,Preço Médio - Ovos Branco ao Produtor,Semana Referente de:,,preco,,01/06/26 a 05/06/26,R$/30 dz,price,BRL,30dz,spot,,,physical
2026-06-08,ovos,preco-medio-ovos-ao-produtor,Preço Médio - Ovos Branco ao Produtor,Semana Referente de:,,variacao_pct,,,%,change_pct,,pct,spot,,,physical
2026-06-08,ovos,preco-medio-ovos-ao-produtor,Preço Médio - Ovos Branco ao Produtor,São Paulo,,preco,157.63,"157,63",R$/30 dz,price,BRL,30dz,spot,,SP,physical
2026-06-08,ovos,preco-medio-ovos-ao-produtor,Preço Médio - Ovos Branco ao Produtor,São Paulo,,variacao_pct,4.15,"+4,15",%,change_pct,,pct,spot,,SP,physical
2026-06-08,ovos,precos-de-ovos-cepea-produto-a-retirar-bastos,Ovos Cepea - Produto a Retirar em Bastos (SP),Branco,,30_dz,154.01,"154,01",R$,price,BRL,,spot,,,indicator
2026-06-08,ovos,precos-de-ovos-cepea-produto-a-retirar-bastos,Ovos Cepea - Produto a Retirar em Bastos (SP),Branco,,variacao_pct,-0.07,"-0,07",%,change_pct,,pct,spot,,,indicator
2026-06-08,ovos,precos-de-ovos-cepea-produto-a-retirar-bastos,Ovos Cepea - Produto a Retirar em Bastos (SP),Vermelho,,30_dz,175.64,"175,64",R$,price,BRL,,spot,,,indicator
2026-06-08,ovos,precos-de-ovos-cepea-produto-a-retirar-bastos,Ovos Cepea - Produto a Retirar em Bastos (SP),Vermelho,,variacao_pct,0.25,"+0,25",%,change_pct,,pct,spot,,,indicator
2026-06-09,ovos,ovos-extras-ceasas,Ovos Extras - Ceasas,Branco - Grande,,preco_caixa_de_30_duzias,191.71,"191,71",R$,price,BRL,,spot,,,physical
2026-06-09,ovos,ovos-extras-ceasas,Ovos Extras - Ceasas,Branco - Grande,,variacao_pct,3.73,"+3,73",%,change_pct,,pct,spot,,,physical
2026-06-09,ovos,ovos-extras-ceasas,Ovos Extras - Ceasas,Vermelho - Extra,,preco_caixa_de_30_duzias,223.59,"223,59",R$,price,BRL,,spot,,,physical
2026-06-09,ovos,ovos-extras-ceasas,Ovos Extras - Ceasas,Vermelho - Extra,,variacao_pct,2.95,"+2,95",%,change_pct,,pct,spot,,,physical
2026-06-09,ovos,precos-de-ovos-cepea-produto-a-retirar-bastos,Ovos Cepea - Produto a Retirar em Bastos (SP),Branco,,30_dz,154.11,"154,11",R$,price,BRL,,spot,,,indicator
2026-06-09,ovos,precos-de-ovos-cepea-produto-a-retirar-bastos,Ovos Cepea - Produto a Retirar em Bastos (SP),Branco,,variacao_pct,0.06,"+0,06",%,change_pct,,pct,spot,,,indicator
2026-06-09,ovos,precos-de-ovos-cepea-produto-a-retirar-bastos,Ovos Cepea - Produto a Retirar em Bastos (SP),Vermelho,,30_dz,174.03,"174,03",R$,price,BRL,,spot,,,indicator
2026-06-09,ovos,precos-de-ovos-cepea-produto-a-retirar-bastos,Ovos Cepea - Produto a Retirar em Bastos (SP),Vermelho,,variacao_pct,-0.92,"-0,92",%,change_pct,,pct,spot,,,indicator
2026-06-10,ovos,ovos-extras-ceasas,Ovos Extras - Ceasas,Branco - Grande,,preco_caixa_de_30_duzias,191.71,"191,71",R$,price,BRL,,spot,,,physical
2026-06-10,ovos,ovos-extras-ceasas,Ovos Extras - Ceasas,Branco - Grande,,variacao_pct,0.0,"0,00",%,change_pct,,pct,spot,,,physical
2026-06-10,ovos,ovos-extras-ceasas,Ovos Extras - Ceasas,Vermelho - Extra,,preco_caixa_de_30_duzias,223.59,"223,59",R$,price,BRL,,spot,,,physical
2026-06-10,ovos,ovos-extras-ceasas,Ovos Extras - Ceasas,Vermelho - Extra,,variacao_pct,0.0,"0,00",%,change_pct,,pct,spot,,,physical
2026-06-10,ovos,precos-de-ovos-cepea-produto-a-retirar-bastos,Ovos Cepea - Produto a Retirar em Bastos (SP),Branco,,30_dz,154.11,"154,11",R$,price,BRL,,spot,,,indicator
2026-06-10,ovos,precos-de-ovos-cepea-produto-a-retirar-bastos,Ovos Cepea - Produto a Retirar em Bastos (SP),Branco,,variacao_pct,0.0,"0,00",%,change_pct,,pct,spot,,,indicator
2026-06-10,ovos,precos-de-ovos-cepea-produto-a-retirar-bastos,Ovos Cepea - Produto a Retirar em Bastos (SP),Vermelho,,30_dz,174.03,"174,03",R$,price,BRL,,spot,,,indicator
2026-06-10,ovos,precos-de-ovos-cepea-produto-a-retirar-bastos,Ovos Cepea - Produto a Retirar em Bastos (SP),Vermelho,,variacao_pct,0.0,"0,00",%,change_pct,,pct,spot,,,indicator
2026-06-11,ovos,ovos-extras-ceasas,Ovos Extras - Ceasas,Branco - Grande,,preco_caixa_de_30_duzias,188.78,"188,78",R$,price,BRL,,spot,,,physical
2026-06-11,ovos,ovos-extras-ceasas,Ovos Extras - Ceasas,Branco - Grande,,variacao_pct,-1.53,"-1,53",%,change_pct,,pct,spot,,,physical
2026-06-11,ovos,ovos-extras-ceasas,Ovos Extras - Ceasas,Vermelho - Extra,,preco_caixa_de_30_duzias,218.87,"218,87",R$,price,BRL,,spot,,,physical
2026-06-11,ovos,ovos-extras-ceasas,Ovos Extras - Ceasas,Vermelho - Extra,,variacao_pct,-2.11,"-2,11",%,change_pct,,pct,spot,,,physical
2026-06-11,ovos,precos-de-ovos-cepea-produto-a-retirar-bastos,Ovos Cepea - Produto a Retirar em Bastos (SP),Branco,,30_dz,154.11,"154,11",R$,price,BRL,,spot,,,indicator
2026-06-11,ovos,precos-de-ovos-cepea-produto-a-retirar-bastos,Ovos Cepea - Produto a Retirar em Bastos (SP),Branco,,variacao_pct,0.0,"0,00",%,change_pct,,pct,spot,,,indicator
2026-06-11,ovos,precos-de-ovos-cepea-produto-a-retirar-bastos,Ovos Cepea - Produto a Retirar em Bastos (SP),Vermelho,,30_dz,174.03,"174,03",R$,price,BRL,,spot,,,indicator
2026-06-11,ovos,precos-de-ovos-cepea-produto-a-retirar-bastos,Ovos Cepea - Produto a Retirar em Bastos (SP),Vermelho,,variacao_pct,0.0,"0,00",%,change_pct,,pct,spot,,,indicator
2026-06-12,ovos,ovos-extras-ceasas,Ovos Extras - Ceasas,Branco - Grande,,preco_caixa_de_30_duzias,188.78,"188,78",R$,price,BRL,,spot,,,physical
2026-06-12,ovos,ovos-extras-ceasas,Ovos Extras - Ceasas,Branco - Grande,,variacao_pct,0.0,"0,00",%,change_pct,,pct,spot,,,physical
2026-06-12,ovos,ovos-extras-ceasas,Ovos Extras - Ceasas,Vermelho - Extra,,preco_caixa_de_30_duzias,218.87,"218,87",R$,price,BRL,,spot,,,physical
2026-06-12,ovos,ovos-extras-ceasas,Ovos Extras - Ceasas,Vermelho - Extra,,variacao_pct,0.0,"0,00",%,change_pct,,pct,spot,,,physical
2026-06-12,ovos,precos-de-ovos-cepea-produto-a-retirar-bastos,Ovos Cepea - Produto a Retirar em Bastos (SP),Branco,,30_dz,154.11,"154,11",R$,price,BRL,,spot,,,indicator
2026-06-12,ovos,precos-de-ovos-cepea-produto-a-retirar-bastos,Ovos Cepea - Produto a Retirar em Bastos (SP),Branco,,variacao_pct,0.0,"0,00",%,change_pct,,pct,spot,,,indicator
2026-06-12,ovos,precos-de-ovos-cepea-produto-a-retirar-bastos,Ovos Cepea - Produto a Retirar em Bastos (SP),Vermelho,,30_dz,174.64,"174,64",R$,price,BRL,,spot,,,indicator
2026-06-12,ovos,precos-de-ovos-cepea-produto-a-retirar-bastos,Ovos Cepea - Produto a Retirar em Bastos (SP),Vermelho,,variacao_pct,0.35,"+0,35",%,change_pct,,pct,spot,,,indicator
2026-06-15,ovos,ovos-extras-ceasas,Ovos Extras - Ceasas,Branco - Grande,,preco_caixa_de_30_duzias,193.23,"193,23",R$,price,BRL,,spot,,,physical
2026-06-15,ovos,ovos-extras-ceasas,Ovos Extras - Ceasas,Branco - Grande,,variacao_pct,2.36,"+2,36",%,change_pct,,pct,spot,,,physical
2026-06-15,ovos,ovos-extras-ceasas,Ovos Extras - Ceasas,Vermelho - Extra,,preco_caixa_de_30_duzias,222.27,"222,27",R$,price,BRL,,spot,,,physical
2026-06-15,ovos,ovos-extras-ceasas,Ovos Extras - Ceasas,Vermelho - Extra,,variacao_pct,1.55,"+1,55",%,change_pct,,pct,spot,,,physical
2026-06-15,ovos,preco-medio-ovos-ao-produtor,Preço Médio - Ovos Branco ao Produtor,Amazonas,,preco,227.88,"227,88",R$/30 dz,price,BRL,30dz,spot,,AM,physical
2026-06-15,ovos,preco-medio-ovos-ao-produtor,Preço Médio - Ovos Branco ao Produtor,Amazonas,,variacao_pct,5.5,"+5,50",%,change_pct,,pct,spot,,AM,physical
2026-06-15,ovos,preco-medio-ovos-ao-produtor,Preço Médio - Ovos Branco ao Produtor,Distrito Federal,,preco,160.0,"160,00",R$/30 dz,price,BRL,30dz,spot,,DF,physical
2026-06-15,ovos,preco-medio-ovos-ao-produtor,Preço Médio - Ovos Branco ao Produtor,Distrito Federal,,variacao_pct,0.0,"0,00",%,change_pct,,pct,spot,,DF,physical
2026-06-15,ovos,preco-medio-ovos-ao-produtor,Preço Médio - Ovos Branco ao Produtor,Goiás,,preco,168.0,"168,00",R$/30 dz,price,BRL,30dz,spot,,GO,physical
2026-06-15,ovos,preco-medio-ovos-ao-produtor,Preço Médio - Ovos Branco ao Produtor,Goiás,,variacao_pct,0.0,"0,00",%,change_pct,,pct,spot,,GO,physical
2026-06-15,ovos,preco-medio-ovos-ao-produtor,Preço Médio - Ovos Branco ao Produtor,Mato Grosso do Sul,,preco,,s/ cotação,R$/30 dz,price,BRL,30dz,spot,,MS,physical
2026-06-15,ovos,preco-medio-ovos-ao-produtor,Preço Médio - Ovos Branco ao Produtor,Mato Grosso do Sul,,variacao_pct,,-,%,change_pct,,pct,spot,,MS,physical
2026-06-15,ovos,preco-medio-ovos-ao-produtor,Preço Médio - Ovos Branco ao Produtor,Paraná,,preco,147.67,"147,67",R$/30 dz,price,BRL,30dz,spot,,PR,physical
2026-06-15,ovos,preco-medio-ovos-ao-produtor,Preço Médio - Ovos Branco ao Produtor,Paraná,,variacao_pct,0.15,"+0,15",%,change_pct,,pct,spot,,PR,physical
2026-06-15,ovos,preco-medio-ovos-ao-produtor,Preço Médio - Ovos Branco ao Produtor,Rondônia,,preco,225.91,"225,91",R$/30 dz,price,BRL,30dz,spot,,RO,physical
2026-06-15,ovos,preco-medio-ovos-ao-produtor,Preço Médio - Ovos Branco ao Produtor,Rondônia,,variacao_pct,,-,%,change_pct,,pct,spot,,RO,physical
2026-06-15,ovos,preco-medio-ovos-ao-produtor,Preço Médio - Ovos Branco ao Produtor,Semana Referente de:,,preco,,08/06/26 a 12/06/26,R$/30 dz,price,BRL,30dz,spot,,,physical
2026-06-15,ovos,preco-medio-ovos-ao-produtor,Preço Médio - Ovos Branco ao Produtor,Semana Referente de:,,variacao_pct,,,%,change_pct,,pct,spot,,,physical
2026-06-15,ovos,preco-medio-ovos-ao-produtor,Preço Médio - Ovos Branco ao Produtor,São Paulo,,preco,158.35,"158,35",R$/30 dz,price,BRL,30dz,spot,,SP,physical
2026-06-15,ovos,preco-medio-ovos-ao-produtor,Preço Médio - Ovos Branco ao Produtor,São Paulo,,variacao_pct,0.46,"+0,46",%,change_pct,,pct,spot,,SP,physical
2026-06-15,ovos,precos-de-ovos-cepea-produto-a-retirar-bastos,Ovos Cepea - Produto a Retirar em Bastos (SP),Branco,,30_dz,154.11,"154,11",R$,price,BRL,,spot,,,indicator
2026-06-15,ovos,precos-de-ovos-cepea-produto-a-retirar-bastos,Ovos Cepea - Produto a Retirar em Bastos (SP),Branco,,variacao_pct,0.0,"0,00",%,change_pct,,pct,spot,,,indicator
2026-06-15,ovos,precos-de-ovos-cepea-produto-a-retirar-bastos,Ovos Cepea - Produto a Retirar em Bastos (SP),Vermelho,,30_dz,175.57,"175,57",R$,price,BRL,,spot,,,indicator
2026-06-15,ovos,precos-de-ovos-cepea-produto-a-retirar-bastos,Ovos Cepea - Produto a Retirar em Bastos (SP),Vermelho,,variacao_pct,0.53,"+0,53",%,change_pct,,pct,spot,,,indicator
2026-06-16,ovos,ovos-extras-ceasas,Ovos Extras - Ceasas,Branco - Grande,,preco_caixa_de_30_duzias,192.82,"192,82",R$,price,BRL,,spot,,,physical
2026-06-16,ovos,ovos-extras-ceasas,Ovos Extras - Ceasas,Branco - Grande,,variacao_pct,-0.21,"-0,21",%,change_pct,,pct,spot,,,physical
2026-06-16,ovos,ovos-extras-ceasas,Ovos Extras - Ceasas,Vermelho - Extra,,preco_caixa_de_30_duzias,226.25,"226,25",R$,price,BRL,,spot,,,physical
2026-06-16,ovos,ovos-extras-ceasas,Ovos Extras - Ceasas,Vermelho - Extra,,variacao_pct,1.79,"+1,79",%,change_pct,,pct,spot,,,physical
2026-06-16,ovos,precos-de-ovos-cepea-produto-a-retirar-bastos,Ovos Cepea - Produto a Retirar em Bastos (SP),Branco,,30_dz,154.11,"154,11",R$,price,BRL,,spot,,,indicator
2026-06-16,ovos,precos-de-ovos-cepea-produto-a-retirar-bastos,Ovos Cepea - Produto a Retirar em Bastos (SP),Branco,,variacao_pct,0.0,"0,00",%,change_pct,,pct,spot,,,indicator
2026-06-16,ovos,precos-de-ovos-cepea-produto-a-retirar-bastos,Ovos Cepea - Produto a Retirar em Bastos (SP),Vermelho,,30_dz,174.64,"174,64",R$,price,BRL,,spot,,,indicator
2026-06-16,ovos,precos-de-ovos-cepea-produto-a-retirar-bastos,Ovos Cepea - Produto a Retirar em Bastos (SP),Vermelho,,variacao_pct,-0.53,"-0,53",%,change_pct,,pct,spot,,,indicator
2026-06-17,ovos,ovos-extras-ceasas,Ovos Extras - Ceasas,Branco - Grande,,preco_caixa_de_30_duzias,192.82,"192,82",R$,price,BRL,,spot,,,physical
2026-06-17,ovos,ovos-extras-ceasas,Ovos Extras - Ceasas,Branco - Grande,,variacao_pct,0.0,"0,00",%,change_pct,,pct,spot,,,physical
2026-06-17,ovos,ovos-extras-ceasas,Ovos Extras - Ceasas,Vermelho - Extra,,preco_caixa_de_30_duzias,226.25,"226,25",R$,price,BRL,,spot,,,physical
2026-06-17,ovos,ovos-extras-ceasas,Ovos Extras - Ceasas,Vermelho - Extra,,variacao_pct,0.0,"0,00",%,change_pct,,pct,spot,,,physical
2026-06-17,ovos,precos-de-ovos-cepea-produto-a-retirar-bastos,Ovos Cepea - Produto a Retirar em Bastos (SP),Branco,,30_dz,154.11,"154,11",R$,price,BRL,,spot,,,indicator
2026-06-17,ovos,precos-de-ovos-cepea-produto-a-retirar-bastos,Ovos Cepea - Produto a Retirar em Bastos (SP),Branco,,variacao_pct,0.0,"0,00",%,change_pct,,pct,spot,,,indicator
2026-06-17,ovos,precos-de-ovos-cepea-produto-a-retirar-bastos,Ovos Cepea - Produto a Retirar em Bastos (SP),Vermelho,,30_dz,174.64,"174,64",R$,price,BRL,,spot,,,indicator
2026-06-17,ovos,precos-de-ovos-cepea-produto-a-retirar-bastos,Ovos Cepea - Produto a Retirar em Bastos (SP),Vermelho,,variacao_pct,0.0,"0,00",%,change_pct,,pct,spot,,,indicator
2026-06-18,ovos,ovos-extras-ceasas,Ovos Extras - Ceasas,Branco - Grande,,preco_caixa_de_30_duzias,185.01,"185,01",R$,price,BRL,,spot,,,physical
2026-06-18,ovos,ovos-extras-ceasas,Ovos Extras - Ceasas,Branco - Grande,,variacao_pct,-4.05,"-4,05",%,change_pct,,pct,spot,,,physical
2026-06-18,ovos,ovos-extras-ceasas,Ovos Extras - Ceasas,Vermelho - Extra,,preco_caixa_de_30_duzias,221.84,"221,84",R$,price,BRL,,spot,,,physical
2026-06-18,ovos,ovos-extras-ceasas,Ovos Extras - Ceasas,Vermelho - Extra,,variacao_pct,-1.95,"-1,95",%,change_pct,,pct,spot,,,physical
2026-06-18,ovos,precos-de-ovos-cepea-produto-a-retirar-bastos,Ovos Cepea - Produto a Retirar em Bastos (SP),Branco,,30_dz,154.04,"154,04",R$,price,BRL,,spot,,,indicator
2026-06-18,ovos,precos-de-ovos-cepea-produto-a-retirar-bastos,Ovos Cepea - Produto a Retirar em Bastos (SP),Branco,,variacao_pct,-0.05,"-0,05",%,change_pct,,pct,spot,,,indicator
2026-06-18,ovos,precos-de-ovos-cepea-produto-a-retirar-bastos,Ovos Cepea - Produto a Retirar em Bastos (SP),Vermelho,,30_dz,173.92,"173,92",R$,price,BRL,,spot,,,indicator
2026-06-18,ovos,precos-de-ovos-cepea-produto-a-retirar-bastos,Ovos Cepea - Produto a Retirar em Bastos (SP),Vermelho,,variacao_pct,-0.41,"-0,41",%,change_pct,,pct,spot,,,indicator
2026-06-19,ovos,ovos-extras-ceasas,Ovos Extras - Ceasas,Branco - Grande,,preco_caixa_de_30_duzias,185.01,"185,01",R$,price,BRL,,spot,,,physical
2026-06-19,ovos,ovos-extras-ceasas,Ovos Extras - Ceasas,Branco - Grande,,variacao_pct,0.0,"0,00",%,change_pct,,pct,spot,,,physical
2026-06-19,ovos,ovos-extras-ceasas,Ovos Extras - Ceasas,Vermelho - Extra,,preco_caixa_de_30_duzias,221.84,"221,84",R$,price,BRL,,spot,,,physical
2026-06-19,ovos,ovos-extras-ceasas,Ovos Extras - Ceasas,Vermelho - Extra,,variacao_pct,0.0,"0,00",%,change_pct,,pct,spot,,,physical
2026-06-19,ovos,precos-de-ovos-cepea-produto-a-retirar-bastos,Ovos Cepea - Produto a Retirar em Bastos (SP),Branco,,30_dz,148.81,"148,81",R$,price,BRL,,spot,,,indicator
2026-06-19,ovos,precos-de-ovos-cepea-produto-a-retirar-bastos,Ovos Cepea - Produto a Retirar em Bastos (SP),Branco,,variacao_pct,-3.4,"-3,40",%,change_pct,,pct,spot,,,indicator
2026-06-19,ovos,precos-de-ovos-cepea-produto-a-retirar-bastos,Ovos Cepea - Produto a Retirar em Bastos (SP),Vermelho,,30_dz,165.76,"165,76",R$,price,BRL,,spot,,,indicator
2026-06-19,ovos,precos-de-ovos-cepea-produto-a-retirar-bastos,Ovos Cepea - Produto a Retirar em Bastos (SP),Vermelho,,variacao_pct,-4.69,"-4,69",%,change_pct,,pct,spot,,,indicator
2026-06-22,ovos,ovos-extras-ceasas,Ovos Extras - Ceasas,Branco - Grande,,preco_caixa_de_30_duzias,182.12,"182,12",R$,price,BRL,,spot,,,physical
2026-06-22,ovos,ovos-extras-ceasas,Ovos Extras - Ceasas,Branco - Grande,,variacao_pct,-1.56,"-1,56",%,change_pct,,pct,spot,,,physical
2026-06-22,ovos,ovos-extras-ceasas,Ovos Extras - Ceasas,Vermelho - Extra,,preco_caixa_de_30_duzias,224.68,"224,68",R$,price,BRL,,spot,,,physical
2026-06-22,ovos,ovos-extras-ceasas,Ovos Extras - Ceasas,Vermelho - Extra,,variacao_pct,1.28,"+1,28",%,change_pct,,pct,spot,,,physical
2026-06-22,ovos,preco-medio-ovos-ao-produtor,Preço Médio - Ovos Branco ao Produtor,Amazonas,,preco,227.88,"227,88",R$/30 dz,price,BRL,30dz,spot,,AM,physical
2026-06-22,ovos,preco-medio-ovos-ao-produtor,Preço Médio - Ovos Branco ao Produtor,Amazonas,,variacao_pct,0.0,"0,00",%,change_pct,,pct,spot,,AM,physical
2026-06-22,ovos,preco-medio-ovos-ao-produtor,Preço Médio - Ovos Branco ao Produtor,Distrito Federal,,preco,160.0,"160,00",R$/30 dz,price,BRL,30dz,spot,,DF,physical
2026-06-22,ovos,preco-medio-ovos-ao-produtor,Preço Médio - Ovos Branco ao Produtor,Distrito Federal,,variacao_pct,0.0,"0,00",%,change_pct,,pct,spot,,DF,physical
2026-06-22,ovos,preco-medio-ovos-ao-produtor,Preço Médio - Ovos Branco ao Produtor,Goiás,,preco,160.0,"160,00",R$/30 dz,price,BRL,30dz,spot,,GO,physical
2026-06-22,ovos,preco-medio-ovos-ao-produtor,Preço Médio - Ovos Branco ao Produtor,Goiás,,variacao_pct,-4.76,"-4,76",%,change_pct,,pct,spot,,GO,physical
2026-06-22,ovos,preco-medio-ovos-ao-produtor,Preço Médio - Ovos Branco ao Produtor,Mato Grosso do Sul,,preco,,s/ cotação,R$/30 dz,price,BRL,30dz,spot,,MS,physical
2026-06-22,ovos,preco-medio-ovos-ao-produtor,Preço Médio - Ovos Branco ao Produtor,Mato Grosso do Sul,,variacao_pct,,-,%,change_pct,,pct,spot,,MS,physical
2026-06-22,ovos,preco-medio-ovos-ao-produtor,Preço Médio - Ovos Branco ao Produtor,Paraná,,preco,147.09,"147,09",R$/30 dz,price,BRL,30dz,spot,,PR,physical
2026-06-22,ovos,preco-medio-ovos-ao-produtor,Preço Médio - Ovos Branco ao Produtor,Paraná,,variacao_pct,-0.39,"-0,39",%,change_pct,,pct,spot,,PR,physical
2026-06-22,ovos,preco-medio-ovos-ao-produtor,Preço Médio - Ovos Branco ao Produtor,Rondônia,,preco,,s/ cotação,R$/30 dz,price,BRL,30dz,spot,,RO,physical
2026-06-22,ovos,preco-medio-ovos-ao-produtor,Preço Médio - Ovos Branco ao Produtor,Rondônia,,variacao_pct,,-,%,change_pct,,pct,spot,,RO,physical
2026-06-22,ovos,preco-medio-ovos-ao-produtor,Preço Médio - Ovos Branco ao Produtor,Semana Referente de:,,preco,,15/06/26 a 19/06/26,R$/30 dz,price,BRL,30dz,spot,,,physical
2026-06-22,ovos,preco-medio-ovos-ao-produtor,Preço Médio - Ovos Branco ao Produtor,Semana Referente de:,,variacao_pct,,,%,change_pct,,pct,spot,,,physical
2026-06-22,ovos,preco-medio-ovos-ao-produtor,Preço Médio - Ovos Branco ao Produtor,São Paulo,,preco,158.21,"158,21",R$/30 dz,price,BRL,30dz,spot,,SP,physical
2026-06-22,ovos,preco-medio-ovos-ao-produtor,Preço Médio - Ovos Branco ao Produtor,São Paulo,,variacao_pct,-0.09,"-0,09",%,change_pct,,pct,spot,,SP,physical
2026-06-22,ovos,precos-de-ovos-cepea-produto-a-retirar-bastos,Ovos Cepea - Produto a Retirar em Bastos (SP),Branco,,30_dz,148.76,"148,76",R$,price,BRL,,spot,,,indicator
2026-06-22,ovos,precos-de-ovos-cepea-produto-a-retirar-bastos,Ovos Cepea - Produto a Retirar em Bastos (SP),Branco,,variacao_pct,-0.03,"-0,03",%,change_pct,,pct,spot,,,indicator
2026-06-22,ovos,precos-de-ovos-cepea-produto-a-retirar-bastos,Ovos Cepea - Produto a Retirar em Bastos (SP),Vermelho,,30_dz,166.09,"166,09",R$,price,BRL,,spot,,,indicator
2026-06-22,ovos,precos-de-ovos-cepea-produto-a-retirar-bastos,Ovos Cepea - Produto a Retirar em Bastos (SP),Vermelho,,variacao_pct,0.2,"+0,20",%,change_pct,,pct,spot,,,indicator
2026-06-23,ovos,ovos-extras-ceasas,Ovos Extras - Ceasas,Branco - Grande,,preco_caixa_de_30_duzias,182.9,"182,90",R$,price,BRL,,spot,,,physical
2026-06-23,ovos,ovos-extras-ceasas,Ovos Extras - Ceasas,Branco - Grande,,variacao_pct,0.43,"+0,43",%,change_pct,,pct,spot,,,physical
2026-06-23,ovos,ovos-extras-ceasas,Ovos Extras - Ceasas,Vermelho - Extra,,preco_caixa_de_30_duzias,220.11,"220,11",R$,price,BRL,,spot,,,physical
2026-06-23,ovos,ovos-extras-ceasas,Ovos Extras - Ceasas,Vermelho - Extra,,variacao_pct,-2.03,"-2,03",%,change_pct,,pct,spot,,,physical
2026-06-23,ovos,precos-de-ovos-cepea-produto-a-retirar-bastos,Ovos Cepea - Produto a Retirar em Bastos (SP),Branco,,30_dz,148.77,"148,77",R$,price,BRL,,spot,,,indicator
2026-06-23,ovos,precos-de-ovos-cepea-produto-a-retirar-bastos,Ovos Cepea - Produto a Retirar em Bastos (SP),Branco,,variacao_pct,0.01,"+0,01",%,change_pct,,pct,spot,,,indicator
2026-06-23,ovos,precos-de-ovos-cepea-produto-a-retirar-bastos,Ovos Cepea - Produto a Retirar em Bastos (SP),Vermelho,,30_dz,166.1,"166,10",R$,price,BRL,,spot,,,indicator
2026-06-23,ovos,precos-de-ovos-cepea-produto-a-retirar-bastos,Ovos Cepea - Produto a Retirar em Bastos (SP),Vermelho,,variacao_pct,0.0,"0,00",%,change_pct,,pct,spot,,,indicator
2026-06-24,ovos,ovos-extras-ceasas,Ovos Extras - Ceasas,Branco - Grande,,preco_caixa_de_30_duzias,182.9,"182,90",R$,price,BRL,,spot,,,physical
2026-06-24,ovos,ovos-extras-ceasas,Ovos Extras - Ceasas,Branco - Grande,,variacao_pct,0.0,"0,00",%,change_pct,,pct,spot,,,physical
2026-06-24,ovos,ovos-extras-ceasas,Ovos Extras - Ceasas,Vermelho - Extra,,preco_caixa_de_30_duzias,220.11,"220,11",R$,price,BRL,,spot,,,physical
2026-06-24,ovos,ovos-extras-ceasas,Ovos Extras - Ceasas,Vermelho - Extra,,variacao_pct,0.0,"0,00",%,change_pct,,pct,spot,,,physical
2026-06-24,ovos,precos-de-ovos-cepea-produto-a-retirar-bastos,Ovos Cepea - Produto a Retirar em Bastos (SP),Branco,,30_dz,144.64,"144,64",R$,price,BRL,,spot,,,indicator
2026-06-24,ovos,precos-de-ovos-cepea-produto-a-retirar-bastos,Ovos Cepea - Produto a Retirar em Bastos (SP),Branco,,variacao_pct,-2.78,"-2,78",%,change_pct,,pct,spot,,,indicator
2026-06-24,ovos,precos-de-ovos-cepea-produto-a-retirar-bastos,Ovos Cepea - Produto a Retirar em Bastos (SP),Vermelho,,30_dz,156.01,"156,01",R$,price,BRL,,spot,,,indicator
2026-06-24,ovos,precos-de-ovos-cepea-produto-a-retirar-bastos,Ovos Cepea - Produto a Retirar em Bastos (SP),Vermelho,,variacao_pct,-6.07,"-6,07",%,change_pct,,pct,spot,,,indicator
2026-06-25,ovos,ovos-extras-ceasas,Ovos Extras - Ceasas,Branco - Grande,,preco_caixa_de_30_duzias,181.47,"181,47",R$,price,BRL,,spot,,,physical
2026-06-25,ovos,ovos-extras-ceasas,Ovos Extras - Ceasas,Branco - Grande,,variacao_pct,-0.78,"-0,78",%,change_pct,,pct,spot,,,physical
2026-06-25,ovos,ovos-extras-ceasas,Ovos Extras - Ceasas,Vermelho - Extra,,preco_caixa_de_30_duzias,218.07,"218,07",R$,price,BRL,,spot,,,physical
2026-06-25,ovos,ovos-extras-ceasas,Ovos Extras - Ceasas,Vermelho - Extra,,variacao_pct,-0.93,"-0,93",%,change_pct,,pct,spot,,,physical
2026-06-25,ovos,precos-de-ovos-cepea-produto-a-retirar-bastos,Ovos Cepea - Produto a Retirar em Bastos (SP),Branco,,30_dz,144.52,"144,52",R$,price,BRL,,spot,,,indicator
2026-06-25,ovos,precos-de-ovos-cepea-produto-a-retirar-bastos,Ovos Cepea - Produto a Retirar em Bastos (SP),Branco,,variacao_pct,-0.08,"-0,08",%,change_pct,,pct,spot,,,indicator
2026-06-25,ovos,precos-de-ovos-cepea-produto-a-retirar-bastos,Ovos Cepea - Produto a Retirar em Bastos (SP),Vermelho,,30_dz,156.01,"156,01",R$,price,BRL,,spot,,,indicator
2026-06-25,ovos,precos-de-ovos-cepea-produto-a-retirar-bastos,Ovos Cepea - Produto a Retirar em Bastos (SP),Vermelho,,variacao_pct,0.0,"0,00",%,change_pct,,pct,spot,,,indicator
2026-06-26,ovos,ovos-extras-ceasas,Ovos Extras - Ceasas,Branco - Grande,,preco_caixa_de_30_duzias,181.47,"181,47",R$,price,BRL,,spot,,,physical
2026-06-26,ovos,ovos-extras-ceasas,Ovos Extras - Ceasas,Branco - Grande,,variacao_pct,0.0,"0,00",%,change_pct,,pct,spot,,,physical
2026-06-26,ovos,ovos-extras-ceasas,Ovos Extras - Ceasas,Vermelho - Extra,,preco_caixa_de_30_duzias,218.07,"218,07",R$,price,BRL,,spot,,,physical
2026-06-26,ovos,ovos-extras-ceasas,Ovos Extras - Ceasas,Vermelho - Extra,,variacao_pct,0.0,"0,00",%,change_pct,,pct,spot,,,physical
2026-06-26,ovos,precos-de-ovos-cepea-produto-a-retirar-bastos,Ovos Cepea - Produto a Retirar em Bastos (SP),Branco,,30_dz,135.4,"135,40",R$,price,BRL,,spot,,,indicator
2026-06-26,ovos,precos-de-ovos-cepea-produto-a-retirar-bastos,Ovos Cepea - Produto a Retirar em Bastos (SP),Branco,,variacao_pct,-6.31,"-6,31",%,change_pct,,pct,spot,,,indicator
2026-06-26,ovos,precos-de-ovos-cepea-produto-a-retirar-bastos,Ovos Cepea - Produto a Retirar em Bastos (SP),Vermelho,,30_dz,152.37,"152,37",R$,price,BRL,,spot,,,indicator
2026-06-26,ovos,precos-de-ovos-cepea-produto-a-retirar-bastos,Ovos Cepea - Produto a Retirar em Bastos (SP),Vermelho,,variacao_pct,-2.33,"-2,33",%,change_pct,,pct,spot,,,indicator
2026-06-29,ovos,ovos-extras-ceasas,Ovos Extras - Ceasas,Branco - Grande,,preco_caixa_de_30_duzias,174.83,"174,83",R$,price,BRL,,spot,,,physical
2026-06-29,ovos,ovos-extras-ceasas,Ovos Extras - Ceasas,Branco - Grande,,variacao_pct,-3.66,"-3,66",%,change_pct,,pct,spot,,,physical
2026-06-29,ovos,ovos-extras-ceasas,Ovos Extras - Ceasas,Vermelho - Extra,,preco_caixa_de_30_duzias,213.92,"213,92",R$,price,BRL,,spot,,,physical
2026-06-29,ovos,ovos-extras-ceasas,Ovos Extras - Ceasas,Vermelho - Extra,,variacao_pct,-1.9,"-1,90",%,change_pct,,pct,spot,,,physical
2026-06-29,ovos,preco-medio-ovos-ao-produtor,Preço Médio - Ovos Branco ao Produtor,Amazonas,,preco,211.89,"211,89",R$/30 dz,price,BRL,30dz,spot,,AM,physical
2026-06-29,ovos,preco-medio-ovos-ao-produtor,Preço Médio - Ovos Branco ao Produtor,Amazonas,,variacao_pct,-7.02,"-7,02",%,change_pct,,pct,spot,,AM,physical
2026-06-29,ovos,preco-medio-ovos-ao-produtor,Preço Médio - Ovos Branco ao Produtor,Distrito Federal,,preco,160.0,"160,00",R$/30 dz,price,BRL,30dz,spot,,DF,physical
2026-06-29,ovos,preco-medio-ovos-ao-produtor,Preço Médio - Ovos Branco ao Produtor,Distrito Federal,,variacao_pct,0.0,"0,00",%,change_pct,,pct,spot,,DF,physical
2026-06-29,ovos,preco-medio-ovos-ao-produtor,Preço Médio - Ovos Branco ao Produtor,Goiás,,preco,158.0,"158,00",R$/30 dz,price,BRL,30dz,spot,,GO,physical
2026-06-29,ovos,preco-medio-ovos-ao-produtor,Preço Médio - Ovos Branco ao Produtor,Goiás,,variacao_pct,-1.25,"-1,25",%,change_pct,,pct,spot,,GO,physical
2026-06-29,ovos,preco-medio-ovos-ao-produtor,Preço Médio - Ovos Branco ao Produtor,Mato Grosso do Sul,,preco,,s/ cotação,R$/30 dz,price,BRL,30dz,spot,,MS,physical
2026-06-29,ovos,preco-medio-ovos-ao-produtor,Preço Médio - Ovos Branco ao Produtor,Mato Grosso do Sul,,variacao_pct,,-,%,change_pct,,pct,spot,,MS,physical
2026-06-29,ovos,preco-medio-ovos-ao-produtor,Preço Médio - Ovos Branco ao Produtor,Paraná,,preco,143.4,"143,40",R$/30 dz,price,BRL,30dz,spot,,PR,physical
2026-06-29,ovos,preco-medio-ovos-ao-produtor,Preço Médio - Ovos Branco ao Produtor,Paraná,,variacao_pct,-2.51,"-2,51",%,change_pct,,pct,spot,,PR,physical
2026-06-29,ovos,preco-medio-ovos-ao-produtor,Preço Médio - Ovos Branco ao Produtor,Rondônia,,preco,,s/ cotação,R$/30 dz,price,BRL,30dz,spot,,RO,physical
2026-06-29,ovos,preco-medio-ovos-ao-produtor,Preço Médio - Ovos Branco ao Produtor,Rondônia,,variacao_pct,,-,%,change_pct,,pct,spot,,RO,physical
2026-06-29,ovos,preco-medio-ovos-ao-produtor,Preço Médio - Ovos Branco ao Produtor,Semana Referente de:,,preco,,22/06/26 a 26/06/26,R$/30 dz,price,BRL,30dz,spot,,,physical
2026-06-29,ovos,preco-medio-ovos-ao-produtor,Preço Médio - Ovos Branco ao Produtor,Semana Referente de:,,variacao_pct,,,%,change_pct,,pct,spot,,,physical
2026-06-29,ovos,preco-medio-ovos-ao-produtor,Preço Médio - Ovos Branco ao Produtor,São Paulo,,preco,148.65,"148,65",R$/30 dz,price,BRL,30dz,spot,,SP,physical
2026-06-29,ovos,preco-medio-ovos-ao-produtor,Preço Médio - Ovos Branco ao Produtor,São Paulo,,variacao_pct,-6.04,"-6,04",%,change_pct,,pct,spot,,SP,physical
2026-06-29,ovos,precos-de-ovos-cepea-produto-a-retirar-bastos,Ovos Cepea - Produto a Retirar em Bastos (SP),Branco,,30_dz,135.4,"135,40",R$,price,BRL,,spot,,,indicator
2026-06-29,ovos,precos-de-ovos-cepea-produto-a-retirar-bastos,Ovos Cepea - Produto a Retirar em Bastos (SP),Branco,,variacao_pct,0.0,"0,00",%,change_pct,,pct,spot,,,indicator
2026-06-29,ovos,precos-de-ovos-cepea-produto-a-retirar-bastos,Ovos Cepea - Produto a Retirar em Bastos (SP),Vermelho,,30_dz,153.49,"153,49",R$,price,BRL,,spot,,,indicator
2026-06-29,ovos,precos-de-ovos-cepea-produto-a-retirar-bastos,Ovos Cepea - Produto a Retirar em Bastos (SP),Vermelho,,variacao_pct,0.74,"+0,74",%,change_pct,,pct,spot,,,indicator
2026-06-30,ovos,ovos-extras-ceasas,Ovos Extras - Ceasas,Branco - Grande,,preco_caixa_de_30_duzias,174.53,"174,53",R$,price,BRL,,spot,,,physical
2026-06-30,ovos,ovos-extras-ceasas,Ovos Extras - Ceasas,Branco - Grande,,variacao_pct,-0.17,"-0,17",%,change_pct,,pct,spot,,,physical
2026-06-30,ovos,ovos-extras-ceasas,Ovos Extras - Ceasas,Vermelho - Extra,,preco_caixa_de_30_duzias,210.18,"210,18",R$,price,BRL,,spot,,,physical
2026-06-30,ovos,ovos-extras-ceasas,Ovos Extras - Ceasas,Vermelho - Extra,,variacao_pct,-1.75,"-1,75",%,change_pct,,pct,spot,,,physical
2026-06-30,ovos,precos-de-ovos-cepea-produto-a-retirar-bastos,Ovos Cepea - Produto a Retirar em Bastos (SP),Branco,,30_dz,135.24,"135,24",R$,price,BRL,,spot,,,indicator
2026-06-30,ovos,precos-de-ovos-cepea-produto-a-retirar-bastos,Ovos Cepea - Produto a Retirar em Bastos (SP),Branco,,variacao_pct,-0.12,"-0,12",%,change_pct,,pct,spot,,,indicator
2026-06-30,ovos,precos-de-ovos-cepea-produto-a-retirar-bastos,Ovos Cepea - Produto a Retirar em Bastos (SP),Vermelho,,30_dz,151.4,"151,40",R$,price,BRL,,spot,,,indicator
2026-06-30,ovos,precos-de-ovos-cepea-produto-a-retirar-bastos,Ovos Cepea - Produto a Retirar em Bastos (SP),Vermelho,,variacao_pct,-1.36,"-1,36",%,change_pct,,pct,spot,,,indicator
2026-07-01,ovos,ovos-extras-ceasas,Ovos Extras - Ceasas,Branco - Grande,,preco_caixa_de_30_duzias,174.53,"174,53",R$,price,BRL,,spot,,,physical
2026-07-01,ovos,ovos-extras-ceasas,Ovos Extras - Ceasas,Branco - Grande,,variacao_pct,0.0,"0,00",%,change_pct,,pct,spot,,,physical
2026-07-01,ovos,ovos-extras-ceasas,Ovos Extras - Ceasas,Vermelho - Extra,,preco_caixa_de_30_duzias,210.18,"210,18",R$,price,BRL,,spot,,,physical
2026-07-01,ovos,ovos-extras-ceasas,Ovos Extras - Ceasas,Vermelho - Extra,,variacao_pct,0.0,"0,00",%,change_pct,,pct,spot,,,physical
2026-07-01,ovos,precos-de-ovos-cepea-produto-a-retirar-bastos,Ovos Cepea - Produto a Retirar em Bastos (SP),Branco,,30_dz,134.25,"134,25",R$,price,BRL,,spot,,,indicator
2026-07-01,ovos,precos-de-ovos-cepea-produto-a-retirar-bastos,Ovos Cepea - Produto a Retirar em Bastos (SP),Branco,,variacao_pct,-0.73,"-0,73",%,change_pct,,pct,spot,,,indicator
2026-07-01,ovos,precos-de-ovos-cepea-produto-a-retirar-bastos,Ovos Cepea - Produto a Retirar em Bastos (SP),Vermelho,,30_dz,150.67,"150,67",R$,price,BRL,,spot,,,indicator
2026-07-01,ovos,precos-de-ovos-cepea-produto-a-retirar-bastos,Ovos Cepea - Produto a Retirar em Bastos (SP),Vermelho,,variacao_pct,-0.48,"-0,48",%,change_pct,,pct,spot,,,indicator
2026-07-02,ovos,ovos-extras-ceasas,Ovos Extras - Ceasas,Branco - Grande,,preco_caixa_de_30_duzias,167.92,"167,92",R$,price,BRL,,spot,,,physical
2026-07-02,ovos,ovos-extras-ceasas,Ovos Extras - Ceasas,Branco - Grande,,variacao_pct,-3.79,"-3,79",%,change_pct,,pct,spot,,,physical
2026-07-02,ovos,ovos-extras-ceasas,Ovos Extras - Ceasas,Vermelho - Extra,,preco_caixa_de_30_duzias,201.71,"201,71",R$,price,BRL,,spot,,,physical
2026-07-02,ovos,ovos-extras-ceasas,Ovos Extras - Ceasas,Vermelho - Extra,,variacao_pct,-4.03,"-4,03",%,change_pct,,pct,spot,,,physical
2026-07-02,ovos,precos-de-ovos-cepea-produto-a-retirar-bastos,Ovos Cepea - Produto a Retirar em Bastos (SP),Branco,,30_dz,133.25,"133,25",R$,price,BRL,,spot,,,indicator
2026-07-02,ovos,precos-de-ovos-cepea-produto-a-retirar-bastos,Ovos Cepea - Produto a Retirar em Bastos (SP),Branco,,variacao_pct,-0.74,"-0,74",%,change_pct,,pct,spot,,,indicator
2026-07-02,ovos,precos-de-ovos-cepea-produto-a-retirar-bastos,Ovos Cepea - Produto a Retirar em Bastos (SP),Vermelho,,30_dz,149.89,"149,89",R$,price,BRL,,spot,,,indicator
2026-07-02,ovos,precos-de-ovos-cepea-produto-a-retirar-bastos,Ovos Cepea - Produto a Retirar em Bastos (SP),Vermelho,,variacao_pct,-0.52,"-0,52",%,change_pct,,pct,spot,,,indicator
2026-07-03,ovos,ovos-extras-ceasas,Ovos Extras - Ceasas,Branco - Grande,,preco_caixa_de_30_duzias,167.92,"167,92",R$,price,BRL,,spot,,,physical
2026-07-03,ovos,ovos-extras-ceasas,Ovos Extras - Ceasas,Branco - Grande,,variacao_pct,0.0,"0,00",%,change_pct,,pct,spot,,,physical
2026-07-03,ovos,ovos-extras-ceasas,Ovos Extras - Ceasas,Vermelho - Extra,,preco_caixa_de_30_duzias,201.71,"201,71",R$,price,BRL,,spot,,,physical
2026-07-03,ovos,ovos-extras-ceasas,Ovos Extras - Ceasas,Vermelho - Extra,,variacao_pct,0.0,"0,00",%,change_pct,,pct,spot,,,physical
2026-07-03,ovos,precos-de-ovos-cepea-produto-a-retirar-bastos,Ovos Cepea - Produto a Retirar em Bastos (SP),Branco,,30_dz,133.24,"133,24",R$,price,BRL,,spot,,,indicator
2026-07-03,ovos,precos-de-ovos-cepea-produto-a-retirar-bastos,Ovos Cepea - Produto a Retirar em Bastos (SP),Branco,,variacao_pct,-0.01,"-0,01",%,change_pct,,pct,spot,,,indicator
2026-07-03,ovos,precos-de-ovos-cepea-produto-a-retirar-bastos,Ovos Cepea - Produto a Retirar em Bastos (SP),Vermelho,,30_dz,149.89,"149,89",R$,price,BRL,,spot,,,indicator
2026-07-03,ovos,precos-de-ovos-cepea-produto-a-retirar-bastos,Ovos Cepea - Produto a Retirar em Bastos (SP),Vermelho,,variacao_pct,-0.01,"-0,01",%,change_pct,,pct,spot,,,indicator
2026-07-06,ovos,ovos-extras-ceasas,Ovos Extras - Ceasas,Branco - Grande,,preco_caixa_de_30_duzias,164.67,"164,67",R$,price,BRL,,spot,,,physical
2026-07-06,ovos,ovos-extras-ceasas,Ovos Extras - Ceasas,Branco - Grande,,variacao_pct,-1.94,"-1,94",%,change_pct,,pct,spot,,,physical
2026-07-06,ovos,ovos-extras-ceasas,Ovos Extras - Ceasas,Vermelho - Extra,,preco_caixa_de_30_duzias,194.46,"194,46",R$,price,BRL,,spot,,,physical
2026-07-06,ovos,ovos-extras-ceasas,Ovos Extras - Ceasas,Vermelho - Extra,,variacao_pct,-3.59,"-3,59",%,change_pct,,pct,spot,,,physical
2026-07-06,ovos,preco-medio-ovos-ao-produtor,Preço Médio - Ovos Branco ao Produtor,Amazonas,,preco,,s/ cotação,R$/30 dz,price,BRL,30dz,spot,,AM,physical
2026-07-06,ovos,preco-medio-ovos-ao-produtor,Preço Médio - Ovos Branco ao Produtor,Amazonas,,variacao_pct,,-,%,change_pct,,pct,spot,,AM,physical
2026-07-06,ovos,preco-medio-ovos-ao-produtor,Preço Médio - Ovos Branco ao Produtor,Distrito Federal,,preco,144.0,"144,00",R$/30 dz,price,BRL,30dz,spot,,DF,physical
2026-07-06,ovos,preco-medio-ovos-ao-produtor,Preço Médio - Ovos Branco ao Produtor,Distrito Federal,,variacao_pct,-10.0,"-10,00",%,change_pct,,pct,spot,,DF,physical
2026-07-06,ovos,preco-medio-ovos-ao-produtor,Preço Médio - Ovos Branco ao Produtor,Goiás,,preco,156.0,"156,00",R$/30 dz,price,BRL,30dz,spot,,GO,physical
2026-07-06,ovos,preco-medio-ovos-ao-produtor,Preço Médio - Ovos Branco ao Produtor,Goiás,,variacao_pct,-1.27,"-1,27",%,change_pct,,pct,spot,,GO,physical
2026-07-06,ovos,preco-medio-ovos-ao-produtor,Preço Médio - Ovos Branco ao Produtor,Mato Grosso do Sul,,preco,,s/ cotação,R$/30 dz,price,BRL,30dz,spot,,MS,physical
2026-07-06,ovos,preco-medio-ovos-ao-produtor,Preço Médio - Ovos Branco ao Produtor,Mato Grosso do Sul,,variacao_pct,,-,%,change_pct,,pct,spot,,MS,physical
2026-07-06,ovos,preco-medio-ovos-ao-produtor,Preço Médio - Ovos Branco ao Produtor,Paraná,,preco,140.54,"140,54",R$/30 dz,price,BRL,30dz,spot,,PR,physical
2026-07-06,ovos,preco-medio-ovos-ao-produtor,Preço Médio - Ovos Branco ao Produtor,Paraná,,variacao_pct,-1.99,"-1,99",%,change_pct,,pct,spot,,PR,physical
2026-07-06,ovos,preco-medio-ovos-ao-produtor,Preço Médio - Ovos Branco ao Produtor,Rondônia,,preco,224.15,"224,15",R$/30 dz,price,BRL,30dz,spot,,RO,physical
2026-07-06,ovos,preco-medio-ovos-ao-produtor,Preço Médio - Ovos Branco ao Produtor,Rondônia,,variacao_pct,,-,%,change_pct,,pct,spot,,RO,physical
2026-07-06,ovos,preco-medio-ovos-ao-produtor,Preço Médio - Ovos Branco ao Produtor,Semana Referente de:,,preco,,29/06/26 a 03/07/26,R$/30 dz,price,BRL,30dz,spot,,,physical
2026-07-06,ovos,preco-medio-ovos-ao-produtor,Preço Médio - Ovos Branco ao Produtor,Semana Referente de:,,variacao_pct,,,%,change_pct,,pct,spot,,,physical
2026-07-06,ovos,preco-medio-ovos-ao-produtor,Preço Médio - Ovos Branco ao Produtor,São Paulo,,preco,138.65,"138,65",R$/30 dz,price,BRL,30dz,spot,,SP,physical
2026-07-06,ovos,preco-medio-ovos-ao-produtor,Preço Médio - Ovos Branco ao Produtor,São Paulo,,variacao_pct,-6.73,"-6,73",%,change_pct,,pct,spot,,SP,physical
2026-07-06,ovos,precos-de-ovos-cepea-produto-a-retirar-bastos,Ovos Cepea - Produto a Retirar em Bastos (SP),Branco,,30_dz,133.21,"133,21",R$,price,BRL,,spot,,,indicator
2026-07-06,ovos,precos-de-ovos-cepea-produto-a-retirar-bastos,Ovos Cepea - Produto a Retirar em Bastos (SP),Branco,,variacao_pct,-0.02,"-0,02",%,change_pct,,pct,spot,,,indicator
2026-07-06,ovos,precos-de-ovos-cepea-produto-a-retirar-bastos,Ovos Cepea - Produto a Retirar em Bastos (SP),Vermelho,,30_dz,149.29,"149,29",R$,price,BRL,,spot,,,indicator
2026-07-06,ovos,precos-de-ovos-cepea-produto-a-retirar-bastos,Ovos Cepea - Produto a Retirar em Bastos (SP),Vermelho,,variacao_pct,-0.4,"-0,40",%,change_pct,,pct,spot,,,indicator
2026-07-07,ovos,ovos-extras-ceasas,Ovos Extras - Ceasas,Branco - Grande,,preco_caixa_de_30_duzias,165.45,"165,45",R$,price,BRL,,spot,,,physical
2026-07-07,ovos,ovos-extras-ceasas,Ovos Extras - Ceasas,Branco - Grande,,variacao_pct,0.47,"+0,47",%,change_pct,,pct,spot,,,physical
2026-07-07,ovos,ovos-extras-ceasas,Ovos Extras - Ceasas,Vermelho - Extra,,preco_caixa_de_30_duzias,185.61,"185,61",R$,price,BRL,,spot,,,physical
2026-07-07,ovos,ovos-extras-ceasas,Ovos Extras - Ceasas,Vermelho - Extra,,variacao_pct,-4.55,"-4,55",%,change_pct,,pct,spot,,,physical
2026-07-07,ovos,precos-de-ovos-cepea-produto-a-retirar-bastos,Ovos Cepea - Produto a Retirar em Bastos (SP),Branco,,30_dz,133.22,"133,22",R$,price,BRL,,spot,,,indicator
2026-07-07,ovos,precos-de-ovos-cepea-produto-a-retirar-bastos,Ovos Cepea - Produto a Retirar em Bastos (SP),Branco,,variacao_pct,0.01,"+0,01",%,change_pct,,pct,spot,,,indicator
2026-07-07,ovos,precos-de-ovos-cepea-produto-a-retirar-bastos,Ovos Cepea - Produto a Retirar em Bastos (SP),Vermelho,,30_dz,148.44,"148,44",R$,price,BRL,,spot,,,indicator
2026-07-07,ovos,precos-de-ovos-cepea-produto-a-retirar-bastos,Ovos Cepea - Produto a Retirar em Bastos (SP),Vermelho,,variacao_pct,-0.57,"-0,57",%,change_pct,,pct,spot,,,indicator
2026-07-08,ovos,ovos-extras-ceasas,Ovos Extras - Ceasas,Branco - Grande,,preco_caixa_de_30_duzias,165.45,"165,45",R$,price,BRL,,spot,,,physical
2026-07-08,ovos,ovos-extras-ceasas,Ovos Extras - Ceasas,Branco - Grande,,variacao_pct,0.0,"0,00",%,change_pct,,pct,spot,,,physical
2026-07-08,ovos,ovos-extras-ceasas,Ovos Extras - Ceasas,Vermelho - Extra,,preco_caixa_de_30_duzias,185.61,"185,61",R$,price,BRL,,spot,,,physical
2026-07-08,ovos,ovos-extras-ceasas,Ovos Extras - Ceasas,Vermelho - Extra,,variacao_pct,0.0,"0,00",%,change_pct,,pct,spot,,,physical
2026-07-08,ovos,precos-de-ovos-cepea-produto-a-retirar-bastos,Ovos Cepea - Produto a Retirar em Bastos (SP),Branco,,30_dz,133.22,"133,22",R$,price,BRL,,spot,,,indicator
2026-07-08,ovos,precos-de-ovos-cepea-produto-a-retirar-bastos,Ovos Cepea - Produto a Retirar em Bastos (SP),Branco,,variacao_pct,0.0,"0,00",%,change_pct,,pct,spot,,,indicator
2026-07-08,ovos,precos-de-ovos-cepea-produto-a-retirar-bastos,Ovos Cepea - Produto a Retirar em Bastos (SP),Vermelho,,30_dz,148.17,"148,17",R$,price,BRL,,spot,,,indicator
2026-07-08,ovos,precos-de-ovos-cepea-produto-a-retirar-bastos,Ovos Cepea - Produto a Retirar em Bastos (SP),Vermelho,,variacao_pct,-0.18,"-0,18",%,change_pct,,pct,spot,,,indicator
2026-07-09,ovos,ovos-extras-ceasas,Ovos Extras - Ceasas,Branco - Grande,,preco_caixa_de_30_duzias,171.58,"171,58",R$,price,BRL,,spot,,,physical
2026-07-09,ovos,ovos-extras-ceasas,Ovos Extras - Ceasas,Branco - Grande,,variacao_pct,3.71,"+3,71",%,change_pct,,pct,spot,,,physical
2026-07-09,ovos,ovos-extras-ceasas,Ovos Extras - Ceasas,Vermelho - Extra,,preco_caixa_de_30_duzias,189.34,"189,34",R$,price,BRL,,spot,,,physical
2026-07-09,ovos,ovos-extras-ceasas,Ovos Extras - Ceasas,Vermelho - Extra,,variacao_pct,2.01,"+2,01",%,change_pct,,pct,spot,,,physical
2026-07-09,ovos,precos-de-ovos-cepea-produto-a-retirar-bastos,Ovos Cepea - Produto a Retirar em Bastos (SP),Branco,,30_dz,133.22,"133,22",R$,price,BRL,,spot,,,indicator
2026-07-09,ovos,precos-de-ovos-cepea-produto-a-retirar-bastos,Ovos Cepea - Produto a Retirar em Bastos (SP),Branco,,variacao_pct,0.0,"0,00",%,change_pct,,pct,spot,,,indicator
2026-07-09,ovos,precos-de-ovos-cepea-produto-a-retirar-bastos,Ovos Cepea - Produto a Retirar em Bastos (SP),Vermelho,,30_dz,147.46,"147,46",R$,price,BRL,,spot,,,indicator
2026-07-09,ovos,precos-de-ovos-cepea-produto-a-retirar-bastos,Ovos Cepea - Produto a Retirar em Bastos (SP),Vermelho,,variacao_pct,-0.48,"-0,48",%,change_pct,,pct,spot,,,indicator
2026-07-10,ovos,ovos-extras-ceasas,Ovos Extras - Ceasas,Branco - Grande,,preco_caixa_de_30_duzias,171.58,"171,58",R$,price,BRL,,spot,,,physical
2026-07-10,ovos,ovos-extras-ceasas,Ovos Extras - Ceasas,Branco - Grande,,variacao_pct,0.0,"0,00",%,change_pct,,pct,spot,,,physical
2026-07-10,ovos,ovos-extras-ceasas,Ovos Extras - Ceasas,Vermelho - Extra,,preco_caixa_de_30_duzias,189.34,"189,34",R$,price,BRL,,spot,,,physical
2026-07-10,ovos,ovos-extras-ceasas,Ovos Extras - Ceasas,Vermelho - Extra,,variacao_pct,0.0,"0,00",%,change_pct,,pct,spot,,,physical
2026-07-10,ovos,precos-de-ovos-cepea-produto-a-retirar-bastos,Ovos Cepea - Produto a Retirar em Bastos (SP),Branco,,30_dz,128.34,"128,34",R$,price,BRL,,spot,,,indicator
2026-07-10,ovos,precos-de-ovos-cepea-produto-a-retirar-bastos,Ovos Cepea - Produto a Retirar em Bastos (SP),Branco,,variacao_pct,-3.66,"-3,66",%,change_pct,,pct,spot,,,indicator
2026-07-10,ovos,precos-de-ovos-cepea-produto-a-retirar-bastos,Ovos Cepea - Produto a Retirar em Bastos (SP),Vermelho,,30_dz,140.59,"140,59",R$,price,BRL,,spot,,,indicator
2026-07-10,ovos,precos-de-ovos-cepea-produto-a-retirar-bastos,Ovos Cepea - Produto a Retirar em Bastos (SP),Vermelho,,variacao_pct,-4.66,"-4,66",%,change_pct,,pct,spot,,,indicator
2026-07-13,ovos,ovos-extras-ceasas,Ovos Extras - Ceasas,Branco - Grande,,preco_caixa_de_30_duzias,171.58,"171,58",R$,price,BRL,,spot,,,physical
2026-07-13,ovos,ovos-extras-ceasas,Ovos Extras - Ceasas,Branco - Grande,,variacao_pct,0.0,"0,00",%,change_pct,,pct,spot,,,physical
2026-07-13,ovos,ovos-extras-ceasas,Ovos Extras - Ceasas,Vermelho - Extra,,preco_caixa_de_30_duzias,189.34,"189,34",R$,price,BRL,,spot,,,physical
2026-07-13,ovos,ovos-extras-ceasas,Ovos Extras - Ceasas,Vermelho - Extra,,variacao_pct,0.0,"0,00",%,change_pct,,pct,spot,,,physical
2026-07-13,ovos,preco-medio-ovos-ao-produtor,Preço Médio - Ovos Branco ao Produtor,Amazonas,,preco,216.2,"216,20",R$/30 dz,price,BRL,30dz,spot,,AM,physical
2026-07-13,ovos,preco-medio-ovos-ao-produtor,Preço Médio - Ovos Branco ao Produtor,Amazonas,,variacao_pct,,-,%,change_pct,,pct,spot,,AM,physical
2026-07-13,ovos,preco-medio-ovos-ao-produtor,Preço Médio - Ovos Branco ao Produtor,Distrito Federal,,preco,144.0,"144,00",R$/30 dz,price,BRL,30dz,spot,,DF,physical
2026-07-13,ovos,preco-medio-ovos-ao-produtor,Preço Médio - Ovos Branco ao Produtor,Distrito Federal,,variacao_pct,0.0,"0,00",%,change_pct,,pct,spot,,DF,physical
2026-07-13,ovos,preco-medio-ovos-ao-produtor,Preço Médio - Ovos Branco ao Produtor,Goiás,,preco,156.0,"156,00",R$/30 dz,price,BRL,30dz,spot,,GO,physical
2026-07-13,ovos,preco-medio-ovos-ao-produtor,Preço Médio - Ovos Branco ao Produtor,Goiás,,variacao_pct,0.0,"0,00",%,change_pct,,pct,spot,,GO,physical
2026-07-13,ovos,preco-medio-ovos-ao-produtor,Preço Médio - Ovos Branco ao Produtor,Mato Grosso do Sul,,preco,,s/ cotação,R$/30 dz,price,BRL,30dz,spot,,MS,physical
2026-07-13,ovos,preco-medio-ovos-ao-produtor,Preço Médio - Ovos Branco ao Produtor,Mato Grosso do Sul,,variacao_pct,,-,%,change_pct,,pct,spot,,MS,physical
2026-07-13,ovos,preco-medio-ovos-ao-produtor,Preço Médio - Ovos Branco ao Produtor,Paraná,,preco,140.01,"140,01",R$/30 dz,price,BRL,30dz,spot,,PR,physical
2026-07-13,ovos,preco-medio-ovos-ao-produtor,Preço Médio - Ovos Branco ao Produtor,Paraná,,variacao_pct,-0.38,"-0,38",%,change_pct,,pct,spot,,PR,physical
2026-07-13,ovos,preco-medio-ovos-ao-produtor,Preço Médio - Ovos Branco ao Produtor,Rondônia,,preco,222.39,"222,39",R$/30 dz,price,BRL,30dz,spot,,RO,physical
2026-07-13,ovos,preco-medio-ovos-ao-produtor,Preço Médio - Ovos Branco ao Produtor,Rondônia,,variacao_pct,-0.79,"-0,79",%,change_pct,,pct,spot,,RO,physical
2026-07-13,ovos,preco-medio-ovos-ao-produtor,Preço Médio - Ovos Branco ao Produtor,Semana Referente de:,,preco,,06/07/26 a 10/07/26,R$/30 dz,price,BRL,30dz,spot,,,physical
2026-07-13,ovos,preco-medio-ovos-ao-produtor,Preço Médio - Ovos Branco ao Produtor,Semana Referente de:,,variacao_pct,,,%,change_pct,,pct,spot,,,physical
2026-07-13,ovos,preco-medio-ovos-ao-produtor,Preço Médio - Ovos Branco ao Produtor,São Paulo,,preco,138.65,"138,65",R$/30 dz,price,BRL,30dz,spot,,SP,physical
2026-07-13,ovos,preco-medio-ovos-ao-produtor,Preço Médio - Ovos Branco ao Produtor,São Paulo,,variacao_pct,0.0,"0,00",%,change_pct,,pct,spot,,SP,physical
2026-07-13,ovos,precos-de-ovos-cepea-produto-a-retirar-bastos,Ovos Cepea - Produto a Retirar em Bastos (SP),Branco,,30_dz,128.37,"128,37",R$,price,BRL,,spot,,,indicator
2026-07-13,ovos,precos-de-ovos-cepea-produto-a-retirar-bastos,Ovos Cepea - Produto a Retirar em Bastos (SP),Branco,,variacao_pct,0.02,"+0,02",%,change_pct,,pct,spot,,,indicator
2026-07-13,ovos,precos-de-ovos-cepea-produto-a-retirar-bastos,Ovos Cepea - Produto a Retirar em Bastos (SP),Vermelho,,30_dz,140.54,"140,54",R$,price,BRL,,spot,,,indicator
2026-07-13,ovos,precos-de-ovos-cepea-produto-a-retirar-bastos,Ovos Cepea - Produto a Retirar em Bastos (SP),Vermelho,,variacao_pct,-0.04,"-0,04",%,change_pct,,pct,spot,,,indicator
2026-07-14,ovos,ovos-extras-ceasas,Ovos Extras - Ceasas,Branco - Grande,,preco_caixa_de_30_duzias,156.91,"156,91",R$,price,BRL,,spot,,,physical
2026-07-14,ovos,ovos-extras-ceasas,Ovos Extras - Ceasas,Branco - Grande,,variacao_pct,-8.55,"-8,55",%,change_pct,,pct,spot,,,physical
2026-07-14,ovos,ovos-extras-ceasas,Ovos Extras - Ceasas,Vermelho - Extra,,preco_caixa_de_30_duzias,200.93,"200,93",R$,price,BRL,,spot,,,physical
2026-07-14,ovos,ovos-extras-ceasas,Ovos Extras - Ceasas,Vermelho - Extra,,variacao_pct,6.12,"+6,12",%,change_pct,,pct,spot,,,physical
2026-07-14,ovos,precos-de-ovos-cepea-produto-a-retirar-bastos,Ovos Cepea - Produto a Retirar em Bastos (SP),Branco,,30_dz,128.11,"128,11",R$,price,BRL,,spot,,,indicator
2026-07-14,ovos,precos-de-ovos-cepea-produto-a-retirar-bastos,Ovos Cepea - Produto a Retirar em Bastos (SP),Branco,,variacao_pct,-0.2,"-0,20",%,change_pct,,pct,spot,,,indicator
2026-07-14,ovos,precos-de-ovos-cepea-produto-a-retirar-bastos,Ovos Cepea - Produto a Retirar em Bastos (SP),Vermelho,,30_dz,140.14,"140,14",R$,price,BRL,,spot,,,indicator
2026-07-14,ovos,precos-de-ovos-cepea-produto-a-retirar-bastos,Ovos Cepea - Produto a Retirar em Bastos (SP),Vermelho,,variacao_pct,-0.28,"-0,28",%,change_pct,,pct,spot,,,indicator
2026-07-15,ovos,ovos-extras-ceasas,Ovos Extras - Ceasas,Branco - Grande,,preco_caixa_de_30_duzias,156.91,"156,91",R$,price,BRL,,spot,,,physical
2026-07-15,ovos,ovos-extras-ceasas,Ovos Extras - Ceasas,Branco - Grande,,variacao_pct,0.0,"0,00",%,change_pct,,pct,spot,,,physical
2026-07-15,ovos,ovos-extras-ceasas,Ovos Extras - Ceasas,Vermelho - Extra,,preco_caixa_de_30_duzias,200.93,"200,93",R$,price,BRL,,spot,,,physical
2026-07-15,ovos,ovos-extras-ceasas,Ovos Extras - Ceasas,Vermelho - Extra,,variacao_pct,0.0,"0,00",%,change_pct,,pct,spot,,,physical
2026-07-15,ovos,precos-de-ovos-cepea-produto-a-retirar-bastos,Ovos Cepea - Produto a Retirar em Bastos (SP),Branco,,30_dz,128.11,"128,11",R$,price,BRL,,spot,,,indicator
2026-07-15,ovos,precos-de-ovos-cepea-produto-a-retirar-bastos,Ovos Cepea - Produto a Retirar em Bastos (SP),Branco,,variacao_pct,0.0,"0,00",%,change_pct,,pct,spot,,,indicator
2026-07-15,ovos,precos-de-ovos-cepea-produto-a-retirar-bastos,Ovos Cepea - Produto a Retirar em Bastos (SP),Vermelho,,30_dz,140.14,"140,14",R$,price,BRL,,spot,,,indicator
2026-07-15,ovos,precos-de-ovos-cepea-produto-a-retirar-bastos,Ovos Cepea - Produto a Retirar em Bastos (SP),Vermelho,,variacao_pct,0.0,"0,00",%,change_pct,,pct,spot,,,indicator
2026-07-16,ovos,ovos-extras-ceasas,Ovos Extras - Ceasas,Branco - Grande,,preco_caixa_de_30_duzias,157.13,"157,13",R$,price,BRL,,spot,,,physical
2026-07-16,ovos,ovos-extras-ceasas,Ovos Extras - Ceasas,Branco - Grande,,variacao_pct,0.14,"+0,14",%,change_pct,,pct,spot,,,physical
2026-07-16,ovos,ovos-extras-ceasas,Ovos Extras - Ceasas,Vermelho - Extra,,preco_caixa_de_30_duzias,200.55,"200,55",R$,price,BRL,,spot,,,physical
2026-07-16,ovos,ovos-extras-ceasas,Ovos Extras - Ceasas,Vermelho - Extra,,variacao_pct,-0.19,"-0,19",%,change_pct,,pct,spot,,,physical
2026-07-16,ovos,precos-de-ovos-cepea-produto-a-retirar-bastos,Ovos Cepea - Produto a Retirar em Bastos (SP),Branco,,30_dz,128.05,"128,05",R$,price,BRL,,spot,,,indicator
2026-07-16,ovos,precos-de-ovos-cepea-produto-a-retirar-bastos,Ovos Cepea - Produto a Retirar em Bastos (SP),Branco,,variacao_pct,-0.05,"-0,05",%,change_pct,,pct,spot,,,indicator
2026-07-16,ovos,precos-de-ovos-cepea-produto-a-retirar-bastos,Ovos Cepea - Produto a Retirar em Bastos (SP),Vermelho,,30_dz,141.08,"141,08",R$,price,BRL,,spot,,,indicator
2026-07-16,ovos,precos-de-ovos-cepea-produto-a-retirar-bastos,Ovos Cepea - Produto a Retirar em Bastos (SP),Vermelho,,variacao_pct,0.67,"+0,67",%,change_pct,,pct,spot,,,indicator
2026-07-17,ovos,ovos-extras-ceasas,Ovos Extras - Ceasas,Branco - Grande,,preco_caixa_de_30_duzias,157.13,"157,13",R$,price,BRL,,spot,,,physical
2026-07-17,ovos,ovos-extras-ceasas,Ovos Extras - Ceasas,Branco - Grande,,variacao_pct,0.0,"0,00",%,change_pct,,pct,spot,,,physical
2026-07-17,ovos,ovos-extras-ceasas,Ovos Extras - Ceasas,Vermelho - Extra,,preco_caixa_de_30_duzias,200.55,"200,55",R$,price,BRL,,spot,,,physical
2026-07-17,ovos,ovos-extras-ceasas,Ovos Extras - Ceasas,Vermelho - Extra,,variacao_pct,0.0,"0,00",%,change_pct,,pct,spot,,,physical
2026-07-17,ovos,precos-de-ovos-cepea-produto-a-retirar-bastos,Ovos Cepea - Produto a Retirar em Bastos (SP),Branco,,30_dz,128.37,"128,37",R$,price,BRL,,spot,,,indicator
2026-07-17,ovos,precos-de-ovos-cepea-produto-a-retirar-bastos,Ovos Cepea - Produto a Retirar em Bastos (SP),Branco,,variacao_pct,0.25,"+0,25",%,change_pct,,pct,spot,,,indicator
2026-07-17,ovos,precos-de-ovos-cepea-produto-a-retirar-bastos,Ovos Cepea - Produto a Retirar em Bastos (SP),Vermelho,,30_dz,141.66,"141,66",R$,price,BRL,,spot,,,indicator
2026-07-17,ovos,precos-de-ovos-cepea-produto-a-retirar-bastos,Ovos Cepea - Produto a Retirar em Bastos (SP),Vermelho,,variacao_pct,0.41,"+0,41",%,change_pct,,pct,spot,,,indicator
2026-07-20,ovos,ovos-extras-ceasas,Ovos Extras - Ceasas,Branco - Grande,,preco_caixa_de_30_duzias,157.13,"157,13",R$,price,BRL,,spot,,,physical
2026-07-20,ovos,ovos-extras-ceasas,Ovos Extras - Ceasas,Branco - Grande,,variacao_pct,0.0,"0,00",%,change_pct,,pct,spot,,,physical
2026-07-20,ovos,ovos-extras-ceasas,Ovos Extras - Ceasas,Vermelho - Extra,,preco_caixa_de_30_duzias,200.55,"200,55",R$,price,BRL,,spot,,,physical
2026-07-20,ovos,ovos-extras-ceasas,Ovos Extras - Ceasas,Vermelho - Extra,,variacao_pct,0.0,"0,00",%,change_pct,,pct,spot,,,physical
2026-07-20,ovos,preco-medio-ovos-ao-produtor,Preço Médio - Ovos Branco ao Produtor,Amazonas,,preco,,s/ cotação,R$/30 dz,price,BRL,30dz,spot,,AM,physical
2026-07-20,ovos,preco-medio-ovos-ao-produtor,Preço Médio - Ovos Branco ao Produtor,Amazonas,,variacao_pct,,-,%,change_pct,,pct,spot,,AM,physical
2026-07-20,ovos,preco-medio-ovos-ao-produtor,Preço Médio - Ovos Branco ao Produtor,Distrito Federal,,preco,140.0,"140,00",R$/30 dz,price,BRL,30dz,spot,,DF,physical
2026-07-20,ovos,preco-medio-ovos-ao-produtor,Preço Médio - Ovos Branco ao Produtor,Distrito Federal,,variacao_pct,-2.78,"-2,78",%,change_pct,,pct,spot,,DF,physical
2026-07-20,ovos,preco-medio-ovos-ao-produtor,Preço Médio - Ovos Branco ao Produtor,Goiás,,preco,156.0,"156,00",R$/30 dz,price,BRL,30dz,spot,,GO,physical
2026-07-20,ovos,preco-medio-ovos-ao-produtor,Preço Médio - Ovos Branco ao Produtor,Goiás,,variacao_pct,0.0,"0,00",%,change_pct,,pct,spot,,GO,physical
2026-07-20,ovos,preco-medio-ovos-ao-produtor,Preço Médio - Ovos Branco ao Produtor,Mato Grosso do Sul,,preco,,s/ cotação,R$/30 dz,price,BRL,30dz,spot,,MS,physical
2026-07-20,ovos,preco-medio-ovos-ao-produtor,Preço Médio - Ovos Branco ao Produtor,Mato Grosso do Sul,,variacao_pct,,-,%,change_pct,,pct,spot,,MS,physical
2026-07-20,ovos,preco-medio-ovos-ao-produtor,Preço Médio - Ovos Branco ao Produtor,Paraná,,preco,139.0,"139,00",R$/30 dz,price,BRL,30dz,spot,,PR,physical
2026-07-20,ovos,preco-medio-ovos-ao-produtor,Preço Médio - Ovos Branco ao Produtor,Paraná,,variacao_pct,-0.72,"-0,72",%,change_pct,,pct,spot,,PR,physical
2026-07-20,ovos,preco-medio-ovos-ao-produtor,Preço Médio - Ovos Branco ao Produtor,Rondônia,,preco,222.39,"222,39",R$/30 dz,price,BRL,30dz,spot,,RO,physical
2026-07-20,ovos,preco-medio-ovos-ao-produtor,Preço Médio - Ovos Branco ao Produtor,Rondônia,,variacao_pct,0.0,"0,00",%,change_pct,,pct,spot,,RO,physical
2026-07-20,ovos,preco-medio-ovos-ao-produtor,Preço Médio - Ovos Branco ao Produtor,Semana Referente de:,,preco,,13/07/26 a 17/07/26,R$/30 dz,price,BRL,30dz,spot,,,physical
2026-07-20,ovos,preco-medio-ovos-ao-produtor,Preço Médio - Ovos Branco ao Produtor,Semana Referente de:,,variacao_pct,,,%,change_pct,,pct,spot,,,physical
2026-07-20,ovos,preco-medio-ovos-ao-produtor,Preço Médio - Ovos Branco ao Produtor,São Paulo,,preco,133.65,"133,65",R$/30 dz,price,BRL,30dz,spot,,SP,physical
2026-07-20,ovos,preco-medio-ovos-ao-produtor,Preço Médio - Ovos Branco ao Produtor,São Paulo,,variacao_pct,-3.61,"-3,61",%,change_pct,,pct,spot,,SP,physical
2026-07-20,ovos,precos-de-ovos-cepea-produto-a-retirar-bastos,Ovos Cepea - Produto a Retirar em Bastos (SP),Branco,,30_dz,128.37,"128,37",R$,price,BRL,,spot,,,indicator
2026-07-20,ovos,precos-de-ovos-cepea-produto-a-retirar-bastos,Ovos Cepea - Produto a Retirar em Bastos (SP),Branco,,variacao_pct,0.0,"0,00",%,change_pct,,pct,spot,,,indicator
2026-07-20,ovos,precos-de-ovos-cepea-produto-a-retirar-bastos,Ovos Cepea - Produto a Retirar em Bastos (SP),Vermelho,,30_dz,141.66,"141,66",R$,price,BRL,,spot,,,indicator
2026-07-20,ovos,precos-de-ovos-cepea-produto-a-retirar-bastos,Ovos Cepea - Produto a Retirar em Bastos (SP),Vermelho,,variacao_pct,0.0,"0,00",%,change_pct,,pct,spot,,,indicator
2026-07-21,ovos,ovos-extras-ceasas,Ovos Extras - Ceasas,Branco - Grande,,preco_caixa_de_30_duzias,159.39,"159,39",R$,price,BRL,,spot,,,physical
2026-07-21,ovos,ovos-extras-ceasas,Ovos Extras - Ceasas,Branco - Grande,,variacao_pct,1.44,"+1,44",%,change_pct,,pct,spot,,,physical
2026-07-21,ovos,ovos-extras-ceasas,Ovos Extras - Ceasas,Vermelho - Extra,,preco_caixa_de_30_duzias,199.49,"199,49",R$,price,BRL,,spot,,,physical
2026-07-21,ovos,ovos-extras-ceasas,Ovos Extras - Ceasas,Vermelho - Extra,,variacao_pct,-0.53,"-0,53",%,change_pct,,pct,spot,,,physical
2026-07-21,ovos,precos-de-ovos-cepea-produto-a-retirar-bastos,Ovos Cepea - Produto a Retirar em Bastos (SP),Branco,,30_dz,128.52,"128,52",R$,price,BRL,,spot,,,indicator
2026-07-21,ovos,precos-de-ovos-cepea-produto-a-retirar-bastos,Ovos Cepea - Produto a Retirar em Bastos (SP),Branco,,variacao_pct,0.12,"+0,12",%,change_pct,,pct,spot,,,indicator
2026-07-21,ovos,precos-de-ovos-cepea-produto-a-retirar-bastos,Ovos Cepea - Produto a Retirar em Bastos (SP),Vermelho,,30_dz,141.66,"141,66",R$,price,BRL,,spot,,,indicator
2026-07-21,ovos,precos-de-ovos-cepea-produto-a-retirar-bastos,Ovos Cepea - Produto a Retirar em Bastos (SP),Vermelho,,variacao_pct,0.0,"0,00",%,change_pct,,pct,spot,,,indicator
2026-07-22,ovos,ovos-extras-ceasas,Ovos Extras - Ceasas,Branco - Grande,,preco_caixa_de_30_duzias,159.39,"159,39",R$,price,BRL,,spot,,,physical
2026-07-22,ovos,ovos-extras-ceasas,Ovos Extras - Ceasas,Branco - Grande,,variacao_pct,0.0,"0,00",%,change_pct,,pct,spot,,,physical
2026-07-22,ovos,ovos-extras-ceasas,Ovos Extras - Ceasas,Vermelho - Extra,,preco_caixa_de_30_duzias,199.49,"199,49",R$,price,BRL,,spot,,,physical
2026-07-22,ovos,ovos-extras-ceasas,Ovos Extras - Ceasas,Vermelho - Extra,,variacao_pct,0.0,"0,00",%,change_pct,,pct,spot,,,physical
2026-07-22,ovos,precos-de-ovos-cepea-produto-a-retirar-bastos,Ovos Cepea - Produto a Retirar em Bastos (SP),Branco,,30_dz,123.36,"123,36",R$,price,BRL,,spot,,,indicator
2026-07-22,ovos,precos-de-ovos-cepea-produto-a-retirar-bastos,Ovos Cepea - Produto a Retirar em Bastos (SP),Branco,,variacao_pct,-4.01,"-4,01",%,change_pct,,pct,spot,,,indicator
2026-07-22,ovos,precos-de-ovos-cepea-produto-a-retirar-bastos,Ovos Cepea - Produto a Retirar em Bastos (SP),Vermelho,,30_dz,134.16,"134,16",R$,price,BRL,,spot,,,indicator
2026-07-22,ovos,precos-de-ovos-cepea-produto-a-retirar-bastos,Ovos Cepea - Produto a Retirar em Bastos (SP),Vermelho,,variacao_pct,-5.29,"-5,29",%,change_pct,,pct,spot,,,indicator
2026-07-23,ovos,ovos-extras-ceasas,Ovos Extras - Ceasas,Branco - Grande,,preco_caixa_de_30_duzias,160.34,"160,34",R$,price,BRL,,spot,,,physical
2026-07-23,ovos,ovos-extras-ceasas,Ovos Extras - Ceasas,Branco - Grande,,variacao_pct,0.6,"+0,60",%,change_pct,,pct,spot,,,physical
2026-07-23,ovos,ovos-extras-ceasas,Ovos Extras - Ceasas,Vermelho - Extra,,preco_caixa_de_30_duzias,195.41,"195,41",R$,price,BRL,,spot,,,physical
2026-07-23,ovos,ovos-extras-ceasas,Ovos Extras - Ceasas,Vermelho - Extra,,variacao_pct,-2.05,"-2,05",%,change_pct,,pct,spot,,,physical
2026-07-23,ovos,precos-de-ovos-cepea-produto-a-retirar-bastos,Ovos Cepea - Produto a Retirar em Bastos (SP),Branco,,30_dz,122.76,"122,76",R$,price,BRL,,spot,,,indicator
2026-07-23,ovos,precos-de-ovos-cepea-produto-a-retirar-bastos,Ovos Cepea - Produto a Retirar em Bastos (SP),Branco,,variacao_pct,-0.49,"-0,49",%,change_pct,,pct,spot,,,indicator
2026-07-23,ovos,precos-de-ovos-cepea-produto-a-retirar-bastos,Ovos Cepea - Produto a Retirar em Bastos (SP),Vermelho,,30_dz,133.52,"133,52",R$,price,BRL,,spot,,,indicator
2026-07-23,ovos,precos-de-ovos-cepea-produto-a-retirar-bastos,Ovos Cepea - Produto a Retirar em Bastos (SP),Vermelho,,variacao_pct,-0.48,"-0,48",%,change_pct,,pct,spot,,,indicator
2026-07-24,ovos,ovos-extras-ceasas,Ovos Extras - Ceasas,Branco - Grande,,preco_caixa_de_30_duzias,160.34,"160,34",R$,price,BRL,,spot,,,physical
2026-07-24,ovos,ovos-extras-ceasas,Ovos Extras - Ceasas,Branco - Grande,,variacao_pct,0.0,"0,00",%,change_pct,,pct,spot,,,physical
2026-07-24,ovos,ovos-extras-ceasas,Ovos Extras - Ceasas,Vermelho - Extra,,preco_caixa_de_30_duzias,195.41,"195,41",R$,price,BRL,,spot,,,physical
2026-07-24,ovos,ovos-extras-ceasas,Ovos Extras - Ceasas,Vermelho - Extra,,variacao_pct,0.0,"0,00",%,change_pct,,pct,spot,,,physical
2026-07-24,ovos,precos-de-ovos-cepea-produto-a-retirar-bastos,Ovos Cepea - Produto a Retirar em Bastos (SP),Branco,,30_dz,122.88,"122,88",R$,price,BRL,,spot,,,indicator
2026-07-24,ovos,precos-de-ovos-cepea-produto-a-retirar-bastos,Ovos Cepea - Produto a Retirar em Bastos (SP),Branco,,variacao_pct,0.1,"+0,10",%,change_pct,,pct,spot,,,indicator
2026-07-24,ovos,precos-de-ovos-cepea-produto-a-retirar-bastos,Ovos Cepea - Produto a Retirar em Bastos (SP),Vermelho,,30_dz,131.85,"131,85",R$,price,BRL,,spot,,,indicator
2026-07-24,ovos,precos-de-ovos-cepea-produto-a-retirar-bastos,Ovos Cepea - Produto a Retirar em Bastos (SP),Vermelho,,variacao_pct,-1.25,"-1,25",%,change_pct,,pct,spot,,,indicator
2026-07-27,ovos,ovos-extras-ceasas,Ovos Extras - Ceasas,Branco - Grande,,preco_caixa_de_30_duzias,160.34,"160,34",R$,price,BRL,,spot,,,physical
2026-07-27,ovos,ovos-extras-ceasas,Ovos Extras - Ceasas,Branco - Grande,,variacao_pct,0.0,"0,00",%,change_pct,,pct,spot,,,physical
2026-07-27,ovos,ovos-extras-ceasas,Ovos Extras - Ceasas,Vermelho - Extra,,preco_caixa_de_30_duzias,195.41,"195,41",R$,price,BRL,,spot,,,physical
2026-07-27,ovos,ovos-extras-ceasas,Ovos Extras - Ceasas,Vermelho - Extra,,variacao_pct,0.0,"0,00",%,change_pct,,pct,spot,,,physical
2026-07-27,ovos,preco-medio-ovos-ao-produtor,Preço Médio - Ovos Branco ao Produtor,Amazonas,,preco,227.77,"227,77",R$/30 dz,price,BRL,30dz,spot,,AM,physical
2026-07-27,ovos,preco-medio-ovos-ao-produtor,Preço Médio - Ovos Branco ao Produtor,Amazonas,,variacao_pct,,-,%,change_pct,,pct,spot,,AM,physical
2026-07-27,ovos,preco-medio-ovos-ao-produtor,Preço Médio - Ovos Branco ao Produtor,Distrito Federal,,preco,160.0,"160,00",R$/30 dz,price,BRL,30dz,spot,,DF,physical
2026-07-27,ovos,preco-medio-ovos-ao-produtor,Preço Médio - Ovos Branco ao Produtor,Distrito Federal,,variacao_pct,14.29,"+14,29",%,change_pct,,pct,spot,,DF,physical
2026-07-27,ovos,preco-medio-ovos-ao-produtor,Preço Médio - Ovos Branco ao Produtor,Goiás,,preco,156.0,"156,00",R$/30 dz,price,BRL,30dz,spot,,GO,physical
2026-07-27,ovos,preco-medio-ovos-ao-produtor,Preço Médio - Ovos Branco ao Produtor,Goiás,,variacao_pct,0.0,"0,00",%,change_pct,,pct,spot,,GO,physical
2026-07-27,ovos,preco-medio-ovos-ao-produtor,Preço Médio - Ovos Branco ao Produtor,Mato Grosso do Sul,,preco,,s/ cotação,R$/30 dz,price,BRL,30dz,spot,,MS,physical
2026-07-27,ovos,preco-medio-ovos-ao-produtor,Preço Médio - Ovos Branco ao Produtor,Mato Grosso do Sul,,variacao_pct,,-,%,change_pct,,pct,spot,,MS,physical
2026-07-27,ovos,preco-medio-ovos-ao-produtor,Preço Médio - Ovos Branco ao Produtor,Paraná,,preco,137.58,"137,58",R$/30 dz,price,BRL,30dz,spot,,PR,physical
2026-07-27,ovos,preco-medio-ovos-ao-produtor,Preço Médio - Ovos Branco ao Produtor,Paraná,,variacao_pct,-1.02,"-1,02",%,change_pct,,pct,spot,,PR,physical
2026-07-27,ovos,preco-medio-ovos-ao-produtor,Preço Médio - Ovos Branco ao Produtor,Rondônia,,preco,222.39,"222,39",R$/30 dz,price,BRL,30dz,spot,,RO,physical
2026-07-27,ovos,preco-medio-ovos-ao-produtor,Preço Médio - Ovos Branco ao Produtor,Rondônia,,variacao_pct,0.0,"0,00",%,change_pct,,pct,spot,,RO,physical
2026-07-27,ovos,preco-medio-ovos-ao-produtor,Preço Médio - Ovos Branco ao Produtor,Semana Referente de:,,preco,,20/07/26 a 24/07/26,R$/30 dz,price,BRL,30dz,spot,,,physical
2026-07-27,ovos,preco-medio-ovos-ao-produtor,Preço Médio - Ovos Branco ao Produtor,Semana Referente de:,,variacao_pct,,,%,change_pct,,pct,spot,,,physical
2026-07-27,ovos,preco-medio-ovos-ao-produtor,Preço Médio - Ovos Branco ao Produtor,São Paulo,,preco,128.65,"128,65",R$/30 dz,price,BRL,30dz,spot,,SP,physical
2026-07-27,ovos,preco-medio-ovos-ao-produtor,Preço Médio - Ovos Branco ao Produtor,São Paulo,,variacao_pct,-3.74,"-3,74",%,change_pct,,pct,spot,,SP,physical
2026-07-27,ovos,precos-de-ovos-cepea-produto-a-retirar-bastos,Ovos Cepea - Produto a Retirar em Bastos (SP),Branco,,30_dz,122.94,"122,94",R$,price,BRL,,spot,,,indicator
2026-07-27,ovos,precos-de-ovos-cepea-produto-a-retirar-bastos,Ovos Cepea - Produto a Retirar em Bastos (SP),Branco,,variacao_pct,0.05,"+0,05",%,change_pct,,pct,spot,,,indicator
2026-07-27,ovos,precos-de-ovos-cepea-produto-a-retirar-bastos,Ovos Cepea - Produto a Retirar em Bastos (SP),Vermelho,,30_dz,132.0,"132,00",R$,price,BRL,,spot,,,indicator
2026-07-27,ovos,precos-de-ovos-cepea-produto-a-retirar-bastos,Ovos Cepea - Produto a Retirar em Bastos (SP),Vermelho,,variacao_pct,0.11,"+0,11",%,change_pct,,pct,spot,,,indicator
2026-07-28,ovos,ovos-extras-ceasas,Ovos Extras - Ceasas,Branco - Grande,,preco_caixa_de_30_duzias,159.49,"159,49",R$,price,BRL,,spot,,,physical
2026-07-28,ovos,ovos-extras-ceasas,Ovos Extras - Ceasas,Branco - Grande,,variacao_pct,-0.53,"-0,53",%,change_pct,,pct,spot,,,physical
2026-07-28,ovos,ovos-extras-ceasas,Ovos Extras - Ceasas,Vermelho - Extra,,preco_caixa_de_30_duzias,192.5,"192,50",R$,price,BRL,,spot,,,physical
2026-07-28,ovos,ovos-extras-ceasas,Ovos Extras - Ceasas,Vermelho - Extra,,variacao_pct,-1.49,"-1,49",%,change_pct,,pct,spot,,,physical
2026-07-28,ovos,precos-de-ovos-cepea-produto-a-retirar-bastos,Ovos Cepea - Produto a Retirar em Bastos (SP),Branco,,30_dz,122.75,"122,75",R$,price,BRL,,spot,,,indicator
2026-07-28,ovos,precos-de-ovos-cepea-produto-a-retirar-bastos,Ovos Cepea - Produto a Retirar em Bastos (SP),Branco,,variacao_pct,-0.15,"-0,15",%,change_pct,,pct,spot,,,indicator
2026-07-28,ovos,precos-de-ovos-cepea-produto-a-retirar-bastos,Ovos Cepea - Produto a Retirar em Bastos (SP),Vermelho,,30_dz,131.64,"131,64",R$,price,BRL,,spot,,,indicator
2026-07-28,ovos,precos-de-ovos-cepea-produto-a-retirar-bastos,Ovos Cepea - Produto a Retirar em Bastos (SP),Vermelho,,variacao_pct,-0.27,"-0,27",%,change_pct,,pct,spot,,,indicator
2026-07-29,ovos,ovos-extras-ceasas,Ovos Extras - Ceasas,Branco - Grande,,preco_caixa_de_30_duzias,159.49,"159,49",R$,price,BRL,,spot,,,physical
2026-07-29,ovos,ovos-extras-ceasas,Ovos Extras - Ceasas,Branco - Grande,,variacao_pct,0.0,"0,00",%,change_pct,,pct,spot,,,physical
2026-07-29,ovos,ovos-extras-ceasas,Ovos Extras - Ceasas,Vermelho - Extra,,preco_caixa_de_30_duzias,192.5,"192,50",R$,price,BRL,,spot,,,physical
2026-07-29,ovos,ovos-extras-ceasas,Ovos Extras - Ceasas,Vermelho - Extra,,variacao_pct,0.0,"0,00",%,change_pct,,pct,spot,,,physical
2026-07-29,ovos,precos-de-ovos-cepea-produto-a-retirar-bastos,Ovos Cepea - Produto a Retirar em Bastos (SP),Branco,,30_dz,122.75,"122,75",R$,price,BRL,,spot,,,indicator
2026-07-29,ovos,precos-de-ovos-cepea-produto-a-retirar-bastos,Ovos Cepea - Produto a Retirar em Bastos (SP),Branco,,variacao_pct,0.0,"0,00",%,change_pct,,pct,spot,,,indicator
2026-07-29,ovos,precos-de-ovos-cepea-produto-a-retirar-bastos,Ovos Cepea - Produto a Retirar em Bastos (SP),Vermelho,,30_dz,131.64,"131,64",R$,price,BRL,,spot,,,indicator
2026-07-29,ovos,precos-de-ovos-cepea-produto-a-retirar-bastos,Ovos Cepea - Produto a Retirar em Bastos (SP),Vermelho,,variacao_pct,0.0,"0,00",%,change_pct,,pct,spot,,,indicator
2026-07-30,ovos,ovos-extras-ceasas,Ovos Extras - Ceasas,Branco - Grande,,preco_caixa_de_30_duzias,159.9,"159,90",R$,price,BRL,,spot,,,physical
2026-07-30,ovos,ovos-extras-ceasas,Ovos Extras - Ceasas,Branco - Grande,,variacao_pct,0.26,"+0,26",%,change_pct,,pct,spot,,,physical
2026-07-30,ovos,ovos-extras-ceasas,Ovos Extras - Ceasas,Vermelho - Extra,,preco_caixa_de_30_duzias,192.3,"192,30",R$,price,BRL,,spot,,,physical
2026-07-30,ovos,ovos-extras-ceasas,Ovos Extras - Ceasas,Vermelho - Extra,,variacao_pct,-0.1,"-0,10",%,change_pct,,pct,spot,,,physical
2026-07-30,ovos,precos-de-ovos-cepea-produto-a-retirar-bastos,Ovos Cepea - Produto a Retirar em Bastos (SP),Branco,,30_dz,123.03,"123,03",R$,price,BRL,,spot,,,indicator
2026-07-30,ovos,precos-de-ovos-cepea-produto-a-retirar-bastos,Ovos Cepea - Produto a Retirar em Bastos (SP),Branco,,variacao_pct,0.23,"+0,23",%,change_pct,,pct,spot,,,indicator
2026-07-30,ovos,precos-de-ovos-cepea-produto-a-retirar-bastos,Ovos Cepea - Produto a Retirar em Bastos (SP),Vermelho,,30_dz,131.84,"131,84",R$,price,BRL,,spot,,,indicator
2026-07-30,ovos,precos-de-ovos-cepea-produto-a-retirar-bastos,Ovos Cepea - Produto a Retirar em Bastos (SP),Vermelho,,variacao_pct,0.15,"+0,15",%,change_pct,,pct,spot,,,indicator
2026-07-31,ovos,ovos-extras-ceasas,Ovos Extras - Ceasas,Branco - Grande,,preco_caixa_de_30_duzias,159.9,"159,90",R$,price,BRL,,spot,,,physical
2026-07-31,ovos,ovos-extras-ceasas,Ovos Extras - Ceasas,Branco - Grande,,variacao_pct,0.0,"0,00",%,change_pct,,pct,spot,,,physical
2026-07-31,ovos,ovos-extras-ceasas,Ovos Extras - Ceasas,Vermelho - Extra,,preco_caixa_de_30_duzias,192.3,"192,30",R$,price,BRL,,spot,,,physical
2026-07-31,ovos,ovos-extras-ceasas,Ovos Extras - Ceasas,Vermelho - Extra,,variacao_pct,0.0,"0,00",%,change_pct,,pct,spot,,,physical
2026-07-31,ovos,precos-de-ovos-cepea-produto-a-retirar-bastos,Ovos Cepea - Produto a Retirar em Bastos (SP),Branco,,30_dz,134.38,"134,38",R$,price,BRL,,spot,,,indicator
2026-07-31,ovos,precos-de-ovos-cepea-produto-a-retirar-bastos,Ovos Cepea - Produto a Retirar em Bastos (SP),Branco,,variacao_pct,9.23,"+9,23",%,change_pct,,pct,spot,,,indicator
2026-07-31,ovos,precos-de-ovos-cepea-produto-a-retirar-bastos,Ovos Cepea - Produto a Retirar em Bastos (SP),Vermelho,,30_dz,147.01,"147,01",R$,price,BRL,,spot,,,indicator
2026-07-31,ovos,precos-de-ovos-cepea-produto-a-retirar-bastos,Ovos Cepea - Produto a Retirar em Bastos (SP),Vermelho,,variacao_pct,11.51,"+11,51",%,change_pct,,pct,spot,,,indicator
2026-08-03,ovos,ovos-extras-ceasas,Ovos Extras - Ceasas,Branco - Grande,,preco_caixa_de_30_duzias,159.9,"159,90",R$,price,BRL,,spot,,,physical
2026-08-03,ovos,ovos-extras-ceasas,Ovos Extras - Ceasas,Branco - Grande,,variacao_pct,0.0,"0,00",%,change_pct,,pct,spot,,,physical
2026-08-03,ovos,ovos-extras-ceasas,Ovos Extras - Ceasas,Vermelho - Extra,,preco_caixa_de_30_duzias,192.3,"192,30",R$,price,BRL,,spot,,,physical
2026-08-03,ovos,ovos-extras-ceasas,Ovos Extras - Ceasas,Vermelho - Extra,,variacao_pct,0.0,"0,00",%,change_pct,,pct,spot,,,physical
2026-08-03,ovos,preco-medio-ovos-ao-produtor,Preço Médio - Ovos Branco ao Produtor,Amazonas,,preco,227.77,"227,77",R$/30 dz,price,BRL,30dz,spot,,AM,physical
2026-08-03,ovos,preco-medio-ovos-ao-produtor,Preço Médio - Ovos Branco ao Produtor,Amazonas,,variacao_pct,0.0,"0,00",%,change_pct,,pct,spot,,AM,physical
2026-08-03,ovos,preco-medio-ovos-ao-produtor,Preço Médio - Ovos Branco ao Produtor,Distrito Federal,,preco,136.0,"136,00",R$/30 dz,price,BRL,30dz,spot,,DF,physical
2026-08-03,ovos,preco-medio-ovos-ao-produtor,Preço Médio - Ovos Branco ao Produtor,Distrito Federal,,variacao_pct,-15.0,"-15,00",%,change_pct,,pct,spot,,DF,physical
2026-08-03,ovos,preco-medio-ovos-ao-produtor,Preço Médio - Ovos Branco ao Produtor,Goiás,,preco,156.0,"156,00",R$/30 dz,price,BRL,30dz,spot,,GO,physical
2026-08-03,ovos,preco-medio-ovos-ao-produtor,Preço Médio - Ovos Branco ao Produtor,Goiás,,variacao_pct,0.0,"0,00",%,change_pct,,pct,spot,,GO,physical
2026-08-03,ovos,preco-medio-ovos-ao-produtor,Preço Médio - Ovos Branco ao Produtor,Mato Grosso do Sul,,preco,,s/ cotação,R$/30 dz,price,BRL,30dz,spot,,MS,physical
2026-08-03,ovos,preco-medio-ovos-ao-produtor,Preço Médio - Ovos Branco ao Produtor,Mato Grosso do Sul,,variacao_pct,,-,%,change_pct,,pct,spot,,MS,physical
2026-08-03,ovos,preco-medio-ovos-ao-produtor,Preço Médio - Ovos Branco ao Produtor,Paraná,,preco,137.23,"137,23",R$/30 dz,price,BRL,30dz,spot,,PR,physical
2026-08-03,ovos,preco-medio-ovos-ao-produtor,Preço Médio - Ovos Branco ao Produtor,Paraná,,variacao_pct,-0.25,"-0,25",%,change_pct,,pct,spot,,PR,physical
2026-08-03,ovos,preco-medio-ovos-ao-produtor,Preço Médio - Ovos Branco ao Produtor,Rondônia,,preco,,s/ cotação,R$/30 dz,price,BRL,30dz,spot,,RO,physical
2026-08-03,ovos,preco-medio-ovos-ao-produtor,Preço Médio - Ovos Branco ao Produtor,Rondônia,,variacao_pct,,-,%,change_pct,,pct,spot,,RO,physical
2026-08-03,ovos,preco-medio-ovos-ao-produtor,Preço Médio - Ovos Branco ao Produtor,Semana Referente de:,,preco,,27/07/26 a 31/07/26,R$/30 dz,price,BRL,30dz,spot,,,physical
2026-08-03,ovos,preco-medio-ovos-ao-produtor,Preço Médio - Ovos Branco ao Produtor,Semana Referente de:,,variacao_pct,,,%,change_pct,,pct,spot,,,physical
2026-08-03,ovos,preco-medio-ovos-ao-produtor,Preço Médio - Ovos Branco ao Produtor,São Paulo,,preco,128.65,"128,65",R$/30 dz,price,BRL,30dz,spot,,SP,physical
2026-08-03,ovos,preco-medio-ovos-ao-produtor,Preço Médio - Ovos Branco ao Produtor,São Paulo,,variacao_pct,0.0,"0,00",%,change_pct,,pct,spot,,SP,physical
2026-08-03,ovos,precos-de-ovos-cepea-produto-a-retirar-bastos,Ovos Cepea - Produto a Retirar em Bastos (SP),Branco,,30_dz,134.41,"134,41",R$,price,BRL,,spot,,,indicator
2026-08-03,ovos,precos-de-ovos-cepea-produto-a-retirar-bastos,Ovos Cepea - Produto a Retirar em Bastos (SP),Branco,,variacao_pct,0.02,"+0,02",%,change_pct,,pct,spot,,,indicator
2026-08-03,ovos,precos-de-ovos-cepea-produto-a-retirar-bastos,Ovos Cepea - Produto a Retirar em Bastos (SP),Vermelho,,30_dz,146.79,"146,79",R$,price,BRL,,spot,,,indicator
2026-08-03,ovos,precos-de-ovos-cepea-produto-a-retirar-bastos,Ovos Cepea - Produto a Retirar em Bastos (SP),Vermelho,,variacao_pct,-0.15,"-0,15",%,change_pct,,pct,spot,,,indicator
2026-08-04,ovos,ovos-extras-ceasas,Ovos Extras - Ceasas,Branco - Grande,,preco_caixa_de_30_duzias,164.28,"164,28",R$,price,BRL,,spot,,,physical
2026-08-04,ovos,ovos-extras-ceasas,Ovos Extras - Ceasas,Branco - Grande,,variacao_pct,2.74,"+2,74",%,change_pct,,pct,spot,,,physical
2026-08-04,ovos,ovos-extras-ceasas,Ovos Extras - Ceasas,Vermelho - Extra,,preco_caixa_de_30_duzias,199.86,"199,86",R$,price,BRL,,spot,,,physical
2026-08-04,ovos,ovos-extras-ceasas,Ovos Extras - Ceasas,Vermelho - Extra,,variacao_pct,3.93,"+3,93",%,change_pct,,pct,spot,,,physical
2026-08-04,ovos,precos-de-ovos-cepea-produto-a-retirar-bastos,Ovos Cepea - Produto a Retirar em Bastos (SP),Branco,,30_dz,134.4,"134,40",R$,price,BRL,,spot,,,indicator
2026-08-04,ovos,precos-de-ovos-cepea-produto-a-retirar-bastos,Ovos Cepea - Produto a Retirar em Bastos (SP),Branco,,variacao_pct,-0.01,"-0,01",%,change_pct,,pct,spot,,,indicator
2026-08-04,ovos,precos-de-ovos-cepea-produto-a-retirar-bastos,Ovos Cepea - Produto a Retirar em Bastos (SP),Vermelho,,30_dz,146.71,"146,71",R$,price,BRL,,spot,,,indicator
2026-08-04,ovos,precos-de-ovos-cepea-produto-a-retirar-bastos,Ovos Cepea - Produto a Retirar em Bastos (SP),Vermelho,,variacao_pct,-0.05,"-0,05",%,change_pct,,pct,spot,,,indicator
2026-08-05,ovos,ovos-extras-ceasas,Ovos Extras - Ceasas,Branco - Grande,,preco_caixa_de_30_duzias,164.28,"164,28",R$,price,BRL,,spot,,,physical
2026-08-05,ovos,ovos-extras-ceasas,Ovos Extras - Ceasas,Branco - Grande,,variacao_pct,0.0,"0,00",%,change_pct,,pct,spot,,,physical
2026-08-05,ovos,ovos-extras-ceasas,Ovos Extras - Ceasas,Vermelho - Extra,,preco_caixa_de_30_duzias,199.86,"199,86",R$,price,BRL,,spot,,,physical
2026-08-05,ovos,ovos-extras-ceasas,Ovos Extras - Ceasas,Vermelho - Extra,,variacao_pct,0.0,"0,00",%,change_pct,,pct,spot,,,physical
2026-08-05,ovos,precos-de-ovos-cepea-produto-a-retirar-bastos,Ovos Cepea - Produto a Retirar em Bastos (SP),Branco,,30_dz,134.4,"134,40",R$,price,BRL,,spot,,,indicator
2026-08-05,ovos,precos-de-ovos-cepea-produto-a-retirar-bastos,Ovos Cepea - Produto a Retirar em Bastos (SP),Branco,,variacao_pct,0.0,"0,00",%,change_pct,,pct,spot,,,indicator
2026-08-05,ovos,precos-de-ovos-cepea-produto-a-retirar-bastos,Ovos Cepea - Produto a Retirar em Bastos (SP),Vermelho,,30_dz,146.71,"146,71",R$,price,BRL,,spot,,,indicator
2026-08-05,ovos,precos-de-ovos-cepea-produto-a-retirar-bastos,Ovos Cepea - Produto a Retirar em Bastos (SP),Vermelho,,variacao_pct,0.0,"0,00",%,change_pct,,pct,spot,,,indicator
2026-08-06,ovos,ovos-extras-ceasas,Ovos Extras - Ceasas,Branco - Grande,,preco_caixa_de_30_duzias,165.78,"165,78",R$,price,BRL,,spot,,,physical
2026-08-06,ovos,ovos-extras-ceasas,Ovos Extras - Ceasas,Branco - Grande,,variacao_pct,0.91,"+0,91",%,change_pct,,pct,spot,,,physical
2026-08-06,ovos,ovos-extras-ceasas,Ovos Extras - Ceasas,Vermelho - Extra,,preco_caixa_de_30_duzias,199.62,"199,62",R$,price,BRL,,spot,,,physical
2026-08-06,ovos,ovos-extras-ceasas,Ovos Extras - Ceasas,Vermelho - Extra,,variacao_pct,-0.12,"-0,12",%,change_pct,,pct,spot,,,physical
2026-08-06,ovos,precos-de-ovos-cepea-produto-a-retirar-bastos,Ovos Cepea - Produto a Retirar em Bastos (SP),Branco,,30_dz,134.4,"134,40",R$,price,BRL,,spot,,,indicator
2026-08-06,ovos,precos-de-ovos-cepea-produto-a-retirar-bastos,Ovos Cepea - Produto a Retirar em Bastos (SP),Branco,,variacao_pct,0.0,"0,00",%,change_pct,,pct,spot,,,indicator
2026-08-06,ovos,precos-de-ovos-cepea-produto-a-retirar-bastos,Ovos Cepea - Produto a Retirar em Bastos (SP),Vermelho,,30_dz,147.87,"147,87",R$,price,BRL,,spot,,,indicator
2026-08-06,ovos,precos-de-ovos-cepea-produto-a-retirar-bastos,Ovos Cepea - Produto a Retirar em Bastos (SP),Vermelho,,variacao_pct,0.79,"+0,79",%,change_pct,,pct,spot,,,indicator
2026-08-07,ovos,ovos-extras-ceasas,Ovos Extras - Ceasas,Branco - Grande,,preco_caixa_de_30_duzias,165.78,"165,78",R$,price,BRL,,spot,,,physical
2026-08-07,ovos,ovos-extras-ceasas,Ovos Extras - Ceasas,Branco - Grande,,variacao_pct,0.0,"0,00",%,change_pct,,pct,spot,,,physical
2026-08-07,ovos,ovos-extras-ceasas,Ovos Extras - Ceasas,Vermelho - Extra,,preco_caixa_de_30_duzias,199.62,"199,62",R$,price,BRL,,spot,,,physical
2026-08-07,ovos,ovos-extras-ceasas,Ovos Extras - Ceasas,Vermelho - Extra,,variacao_pct,0.0,"0,00",%,change_pct,,pct,spot,,,physical
2026-08-07,ovos,precos-de-ovos-cepea-produto-a-retirar-bastos,Ovos Cepea - Produto a Retirar em Bastos (SP),Branco,,30_dz,134.42,"134,42",R$,price,BRL,,spot,,,indicator
2026-08-07,ovos,precos-de-ovos-cepea-produto-a-retirar-bastos,Ovos Cepea - Produto a Retirar em Bastos (SP),Branco,,variacao_pct,0.01,"+0,01",%,change_pct,,pct,spot,,,indicator
2026-08-07,ovos,precos-de-ovos-cepea-produto-a-retirar-bastos,Ovos Cepea - Produto a Retirar em Bastos (SP),Vermelho,,30_dz,148.56,"148,56",R$,price,BRL,,spot,,,indicator
2026-08-07,ovos,precos-de-ovos-cepea-produto-a-retirar-bastos,Ovos Cepea - Produto a Retirar em Bastos (SP),Vermelho,,variacao_pct,0.47,"+0,47",%,change_pct,,pct,spot,,,indicator
2026-08-10,ovos,ovos-extras-ceasas,Ovos Extras - Ceasas,Branco - Grande,,preco_caixa_de_30_duzias,165.78,"165,78",R$,price,BRL,,spot,,,physical
2026-08-10,ovos,ovos-extras-ceasas,Ovos Extras - Ceasas,Branco - Grande,,variacao_pct,0.0,"0,00",%,change_pct,,pct,spot,,,physical
2026-08-10,ovos,ovos-extras-ceasas,Ovos Extras - Ceasas,Vermelho - Extra,,preco_caixa_de_30_duzias,199.62,"199,62",R$,price,BRL,,spot,,,physical
2026-08-10,ovos,ovos-extras-ceasas,Ovos Extras - Ceasas,Vermelho - Extra,,variacao_pct,0.0,"0,00",%,change_pct,,pct,spot,,,physical
2026-08-10,ovos,preco-medio-ovos-ao-produtor,Preço Médio - Ovos Branco ao Produtor,Amazonas,,preco,,s/ cotação,R$/30 dz,price,BRL,30dz,spot,,AM,physical
2026-08-10,ovos,preco-medio-ovos-ao-produtor,Preço Médio - Ovos Branco ao Produtor,Amazonas,,variacao_pct,,-,%,change_pct,,pct,spot,,AM,physical
2026-08-10,ovos,preco-medio-ovos-ao-produtor,Preço Médio - Ovos Branco ao Produtor,Distrito Federal,,preco,136.0,"136,00",R$/30 dz,price,BRL,30dz,spot,,DF,physical
2026-08-10,ovos,preco-medio-ovos-ao-produtor,Preço Médio - Ovos Branco ao Produtor,Distrito Federal,,variacao_pct,0.0,"0,00",%,change_pct,,pct,spot,,DF,physical
2026-08-10,ovos,preco-medio-ovos-ao-produtor,Preço Médio - Ovos Branco ao Produtor,Goiás,,preco,168.0,"168,00",R$/30 dz,price,BRL,30dz,spot,,GO,physical
2026-08-10,ovos,preco-medio-ovos-ao-produtor,Preço Médio - Ovos Branco ao Produtor,Goiás,,variacao_pct,7.69,"+7,69",%,change_pct,,pct,spot,,GO,physical
2026-08-10,ovos,preco-medio-ovos-ao-produtor,Preço Médio - Ovos Branco ao Produtor,Mato Grosso do Sul,,preco,,s/ cotação,R$/30 dz,price,BRL,30dz,spot,,MS,physical
2026-08-10,ovos,preco-medio-ovos-ao-produtor,Preço Médio - Ovos Branco ao Produtor,Mato Grosso do Sul,,variacao_pct,,-,%,change_pct,,pct,spot,,MS,physical
2026-08-10,ovos,preco-medio-ovos-ao-produtor,Preço Médio - Ovos Branco ao Produtor,Paraná,,preco,140.52,"140,52",R$/30 dz,price,BRL,30dz,spot,,PR,physical
2026-08-10,ovos,preco-medio-ovos-ao-produtor,Preço Médio - Ovos Branco ao Produtor,Paraná,,variacao_pct,2.4,"+2,40",%,change_pct,,pct,spot,,PR,physical
2026-08-10,ovos,preco-medio-ovos-ao-produtor,Preço Médio - Ovos Branco ao Produtor,Rondônia,,preco,,s/ cotação,R$/30 dz,price,BRL,30dz,spot,,RO,physical
2026-08-10,ovos,preco-medio-ovos-ao-produtor,Preço Médio - Ovos Branco ao Produtor,Rondônia,,variacao_pct,,-,%,change_pct,,pct,spot,,RO,physical
2026-08-10,ovos,preco-medio-ovos-ao-produtor,Preço Médio - Ovos Branco ao Produtor,Semana Referente de:,,preco,,03/08/26 a 07/08/26,R$/30 dz,price,BRL,30dz,spot,,,physical
2026-08-10,ovos,preco-medio-ovos-ao-produtor,Preço Médio - Ovos Branco ao Produtor,Semana Referente de:,,variacao_pct,,,%,change_pct,,pct,spot,,,physical
2026-08-10,ovos,preco-medio-ovos-ao-produtor,Preço Médio - Ovos Branco ao Produtor,São Paulo,,preco,137.19,"137,19",R$/30 dz,price,BRL,30dz,spot,,SP,physical
2026-08-10,ovos,preco-medio-ovos-ao-produtor,Preço Médio - Ovos Branco ao Produtor,São Paulo,,variacao_pct,6.64,"+6,64",%,change_pct,,pct,spot,,SP,physical
2026-08-10,ovos,precos-de-ovos-cepea-produto-a-retirar-bastos,Ovos Cepea - Produto a Retirar em Bastos (SP),Branco,,30_dz,134.43,"134,43",R$,price,BRL,,spot,,,indicator
2026-08-10,ovos,precos-de-ovos-cepea-produto-a-retirar-bastos,Ovos Cepea - Produto a Retirar em Bastos (SP),Branco,,variacao_pct,0.0,"0,00",%,change_pct,,pct,spot,,,indicator
2026-08-10,ovos,precos-de-ovos-cepea-produto-a-retirar-bastos,Ovos Cepea - Produto a Retirar em Bastos (SP),Vermelho,,30_dz,148.56,"148,56",R$,price,BRL,,spot,,,indicator
2026-08-10,ovos,precos-de-ovos-cepea-produto-a-retirar-bastos,Ovos Cepea - Produto a Retirar em Bastos (SP),Vermelho,,variacao_pct,0.0,"0,00",%,change_pct,,pct,spot,,,indicator
2026-08-11,ovos,ovos-extras-ceasas,Ovos Extras - Ceasas,Branco - Grande,,preco_caixa_de_30_duzias,169.18,"169,18",R$,price,BRL,,spot,,,physical
2026-08-11,ovos,ovos-extras-ceasas,Ovos Extras - Ceasas,Branco - Grande,,variacao_pct,2.05,"+2,05",%,change_pct,,pct,spot,,,physical
2026-08-11,ovos,ovos-extras-ceasas,Ovos Extras - Ceasas,Vermelho - Extra,,preco_caixa_de_30_duzias,200.22,"200,22",R$,price,BRL,,spot,,,physical
2026-08-11,ovos,ovos-extras-ceasas,Ovos Extras - Ceasas,Vermelho - Extra,,variacao_pct,0.3,"+0,30",%,change_pct,,pct,spot,,,physical
2026-08-11,ovos,precos-de-ovos-cepea-produto-a-retirar-bastos,Ovos Cepea - Produto a Retirar em Bastos (SP),Branco,,30_dz,134.44,"134,44",R$,price,BRL,,spot,,,indicator
2026-08-11,ovos,precos-de-ovos-cepea-produto-a-retirar-bastos,Ovos Cepea - Produto a Retirar em Bastos (SP),Branco,,variacao_pct,0.01,"+0,01",%,change_pct,,pct,spot,,,indicator
2026-08-11,ovos,precos-de-ovos-cepea-produto-a-retirar-bastos,Ovos Cepea - Produto a Retirar em Bastos (SP),Vermelho,,30_dz,148.56,"148,56",R$,price,BRL,,spot,,,indicator
2026-08-11,ovos,precos-de-ovos-cepea-produto-a-retirar-bastos,Ovos Cepea - Produto a Retirar em Bastos (SP),Vermelho,,variacao_pct,0.0,"0,00",%,change_pct,,pct,spot,,,indicator
2026-08-12,ovos,ovos-extras-ceasas,Ovos Extras - Ceasas,Branco - Grande,,preco_caixa_de_30_duzias,169.18,"169,18",R$,price,BRL,,spot,,,physical
2026-08-12,ovos,ovos-extras-ceasas,Ovos Extras - Ceasas,Branco - Grande,,variacao_pct,0.0,"0,00",%,change_pct,,pct,spot,,,physical
2026-08-12,ovos,ovos-extras-ceasas,Ovos Extras - Ceasas,Vermelho - Extra,,preco_caixa_de_30_duzias,200.22,"200,22",R$,price,BRL,,spot,,,physical
2026-08-12,ovos,ovos-extras-ceasas,Ovos Extras - Ceasas,Vermelho - Extra,,variacao_pct,0.0,"0,00",%,change_pct,,pct,spot,,,physical
2026-08-12,ovos,precos-de-ovos-cepea-produto-a-retirar-bastos,Ovos Cepea - Produto a Retirar em Bastos (SP),Branco,,30_dz,134.45,"134,45",R$,price,BRL,,spot,,,indicator
2026-08-12,ovos,precos-de-ovos-cepea-produto-a-retirar-bastos,Ovos Cepea - Produto a Retirar em Bastos (SP),Branco,,variacao_pct,0.0,"0,00",%,change_pct,,pct,spot,,,indicator
2026-08-12,ovos,precos-de-ovos-cepea-produto-a-retirar-bastos,Ovos Cepea - Produto a Retirar em Bastos (SP),Vermelho,,30_dz,149.21,"149,21",R$,price,BRL,,spot,,,indicator
2026-08-12,ovos,precos-de-ovos-cepea-produto-a-retirar-bastos,Ovos Cepea - Produto a Retirar em Bastos (SP),Vermelho,,variacao_pct,0.44,"+0,44",%,change_pct,,pct,spot,,,indicator
2026-08-13,ovos,ovos-extras-ceasas,Ovos Extras - Ceasas,Branco - Grande,,preco_caixa_de_30_duzias,167.61,"167,61",R$,price,BRL,,spot,,,physical
2026-08-13,ovos,ovos-extras-ceasas,Ovos Extras - Ceasas,Branco - Grande,,variacao_pct,-0.93,"-0,93",%,change_pct,,pct,spot,,,physical
2026-08-13,ovos,ovos-extras-ceasas,Ovos Extras - Ceasas,Vermelho - Extra,,preco_caixa_de_30_duzias,187.46,"187,46",R$,price,BRL,,spot,,,physical
2026-08-13,ovos,ovos-extras-ceasas,Ovos Extras - Ceasas,Vermelho - Extra,,variacao_pct,-6.37,"-6,37",%,change_pct,,pct,spot,,,physical
2026-08-13,ovos,precos-de-ovos-cepea-produto-a-retirar-bastos,Ovos Cepea - Produto a Retirar em Bastos (SP),Branco,,30_dz,134.45,"134,45",R$,price,BRL,,spot,,,indicator
2026-08-13,ovos,precos-de-ovos-cepea-produto-a-retirar-bastos,Ovos Cepea - Produto a Retirar em Bastos (SP),Branco,,variacao_pct,0.0,"0,00",%,change_pct,,pct,spot,,,indicator
2026-08-13,ovos,precos-de-ovos-cepea-produto-a-retirar-bastos,Ovos Cepea - Produto a Retirar em Bastos (SP),Vermelho,,30_dz,149.21,"149,21",R$,price,BRL,,spot,,,indicator
2026-08-13,ovos,precos-de-ovos-cepea-produto-a-retirar-bastos,Ovos Cepea - Produto a Retirar em Bastos (SP),Vermelho,,variacao_pct,0.0,"0,00",%,change_pct,,pct,spot,,,indicator
2026-08-14,ovos,ovos-extras-ceasas,Ovos Extras - Ceasas,Branco - Grande,,preco_caixa_de_30_duzias,167.61,"167,61",R$,price,BRL,,spot,,,physical
2026-08-14,ovos,ovos-extras-ceasas,Ovos Extras - Ceasas,Branco - Grande,,variacao_pct,0.0,"0,00",%,change_pct,,pct,spot,,,physical
2026-08-14,ovos,ovos-extras-ceasas,Ovos Extras - Ceasas,Vermelho - Extra,,preco_caixa_de_30_duzias,187.46,"187,46",R$,price,BRL,,spot,,,physical
2026-08-14,ovos,ovos-extras-ceasas,Ovos Extras - Ceasas,Vermelho - Extra,,variacao_pct,0.0,"0,00",%,change_pct,,pct,spot,,,physical
2026-08-14,ovos,precos-de-ovos-cepea-produto-a-retirar-bastos,Ovos Cepea - Produto a Retirar em Bastos (SP),Branco,,30_dz,134.45,"134,45",R$,price,BRL,,spot,,,indicator
2026-08-14,ovos,precos-de-ovos-cepea-produto-a-retirar-bastos,Ovos Cepea - Produto a Retirar em Bastos (SP),Branco,,variacao_pct,0.0,"0,00",%,change_pct,,pct,spot,,,indicator
2026-08-14,ovos,precos-de-ovos-cepea-produto-a-retirar-bastos,Ovos Cepea - Produto a Retirar em Bastos (SP),Vermelho,,30_dz,149.21,"149,21",R$,price,BRL,,spot,,,indicator
2026-08-14,ovos,precos-de-ovos-cepea-produto-a-retirar-bastos,Ovos Cepea - Produto a Retirar em Bastos (SP),Vermelho,,variacao_pct,0.0,"0,00",%,change_pct,,pct,spot,,,indicator
2026-08-17,ovos,ovos-extras-ceasas,Ovos Extras - Ceasas,Branco - Grande,,preco_caixa_de_30_duzias,164.77,"164,77",R$,price,BRL,,spot,,,physical
2026-08-17,ovos,ovos-extras-ceasas,Ovos Extras - Ceasas,Branco - Grande,,variacao_pct,-1.69,"-1,69",%,change_pct,,pct,spot,,,physical
2026-08-17,ovos,ovos-extras-ceasas,Ovos Extras - Ceasas,Vermelho - Extra,,preco_caixa_de_30_duzias,185.91,"185,91",R$,price,BRL,,spot,,,physical
2026-08-17,ovos,ovos-extras-ceasas,Ovos Extras - Ceasas,Vermelho - Extra,,variacao_pct,-0.83,"-0,83",%,change_pct,,pct,spot,,,physical
2026-08-17,ovos,precos-de-ovos-cepea-produto-a-retirar-bastos,Ovos Cepea - Produto a Retirar em Bastos (SP),Branco,,30_dz,134.39,"134,39",R$,price,BRL,,spot,,,indicator
2026-08-17,ovos,precos-de-ovos-cepea-produto-a-retirar-bastos,Ovos Cepea - Produto a Retirar em Bastos (SP),Branco,,variacao_pct,-0.04,"-0,04",%,change_pct,,pct,spot,,,indicator
2026-08-17,ovos,precos-de-ovos-cepea-produto-a-retirar-bastos,Ovos Cepea - Produto a Retirar em Bastos (SP),Vermelho,,30_dz,148.67,"148,67",R$,price,BRL,,spot,,,indicator
2026-08-17,ovos,precos-de-ovos-cepea-produto-a-retirar-bastos,Ovos Cepea - Produto a Retirar em Bastos (SP),Vermelho,,variacao_pct,-0.36,"-0,36",%,change_pct,,pct,spot,,,indicator
2026-08-18,ovos,ovos-extras-ceasas,Ovos Extras - Ceasas,Branco - Grande,,preco_caixa_de_30_duzias,161.57,"161,57",R$,price,BRL,,spot,,,physical
2026-08-18,ovos,ovos-extras-ceasas,Ovos Extras - Ceasas,Branco - Grande,,variacao_pct,-1.94,"-1,94",%,change_pct,,pct,spot,,,physical
2026-08-18,ovos,ovos-extras-ceasas,Ovos Extras - Ceasas,Vermelho - Extra,,preco_caixa_de_30_duzias,200.21,"200,21",R$,price,BRL,,spot,,,physical
2026-08-18,ovos,ovos-extras-ceasas,Ovos Extras - Ceasas,Vermelho - Extra,,variacao_pct,7.69,"+7,69",%,change_pct,,pct,spot,,,physical
2026-08-18,ovos,preco-medio-ovos-ao-produtor,Preço Médio - Ovos Branco ao Produtor,Amazonas,,preco,230.0,"230,00",R$/30 dz,price,BRL,30dz,spot,,AM,physical
2026-08-18,ovos,preco-medio-ovos-ao-produtor,Preço Médio - Ovos Branco ao Produtor,Amazonas,,variacao_pct,,-,%,change_pct,,pct,spot,,AM,physical
2026-08-18,ovos,preco-medio-ovos-ao-produtor,Preço Médio - Ovos Branco ao Produtor,Distrito Federal,,preco,136.0,"136,00",R$/30 dz,price,BRL,30dz,spot,,DF,physical
2026-08-18,ovos,preco-medio-ovos-ao-produtor,Preço Médio - Ovos Branco ao Produtor,Distrito Federal,,variacao_pct,0.0,"0,00",%,change_pct,,pct,spot,,DF,physical
2026-08-18,ovos,preco-medio-ovos-ao-produtor,Preço Médio - Ovos Branco ao Produtor,Goiás,,preco,152.0,"152,00",R$/30 dz,price,BRL,30dz,spot,,GO,physical
2026-08-18,ovos,preco-medio-ovos-ao-produtor,Preço Médio - Ovos Branco ao Produtor,Goiás,,variacao_pct,-9.52,"-9,52",%,change_pct,,pct,spot,,GO,physical
2026-08-18,ovos,preco-medio-ovos-ao-produtor,Preço Médio - Ovos Branco ao Produtor,Mato Grosso do Sul,,preco,,s/ cotação,R$/30 dz,price,BRL,30dz,spot,,MS,physical
2026-08-18,ovos,preco-medio-ovos-ao-produtor,Preço Médio - Ovos Branco ao Produtor,Mato Grosso do Sul,,variacao_pct,,-,%,change_pct,,pct,spot,,MS,physical
2026-08-18,ovos,preco-medio-ovos-ao-produtor,Preço Médio - Ovos Branco ao Produtor,Paraná,,preco,143.51,"143,51",R$/30 dz,price,BRL,30dz,spot,,PR,physical
2026-08-18,ovos,preco-medio-ovos-ao-produtor,Preço Médio - Ovos Branco ao Produtor,Paraná,,variacao_pct,2.13,"+2,13",%,change_pct,,pct,spot,,PR,physical
2026-08-18,ovos,preco-medio-ovos-ao-produtor,Preço Médio - Ovos Branco ao Produtor,Rondônia,,preco,202.32,"202,32",R$/30 dz,price,BRL,30dz,spot,,RO,physical
2026-08-18,ovos,preco-medio-ovos-ao-produtor,Preço Médio - Ovos Branco ao Produtor,Rondônia,,variacao_pct,,-,%,change_pct,,pct,spot,,RO,physical
2026-08-18,ovos,preco-medio-ovos-ao-produtor,Preço Médio - Ovos Branco ao Produtor,Semana Referente de:,,preco,,10/08/26 a 14/08/26,R$/30 dz,price,BRL,30dz,spot,,,physical
2026-08-18,ovos,preco-medio-ovos-ao-produtor,Preço Médio - Ovos Branco ao Produtor,Semana Referente de:,,variacao_pct,,,%,change_pct,,pct,spot,,,physical
2026-08-18,ovos,preco-medio-ovos-ao-produtor,Preço Médio - Ovos Branco ao Produtor,São Paulo,,preco,,s/ cotação,R$/30 dz,price,BRL,30dz,spot,,SP,physical
2026-08-18,ovos,preco-medio-ovos-ao-produtor,Preço Médio - Ovos Branco ao Produtor,São Paulo,,variacao_pct,,-,%,change_pct,,pct,spot,,SP,physical
2026-08-18,ovos,precos-de-ovos-cepea-produto-a-retirar-bastos,Ovos Cepea - Produto a Retirar em Bastos (SP),Branco,,30_dz,134.39,"134,39",R$,price,BRL,,spot,,,indicator
2026-08-18,ovos,precos-de-ovos-cepea-produto-a-retirar-bastos,Ovos Cepea - Produto a Retirar em Bastos (SP),Branco,,variacao_pct,0.0,"0,00",%,change_pct,,pct,spot,,,indicator
2026-08-18,ovos,precos-de-ovos-cepea-produto-a-retirar-bastos,Ovos Cepea - Produto a Retirar em Bastos (SP),Vermelho,,30_dz,148.67,"148,67",R$,price,BRL,,spot,,,indicator
2026-08-18,ovos,precos-de-ovos-cepea-produto-a-retirar-bastos,Ovos Cepea - Produto a Retirar em Bastos (SP),Vermelho,,variacao_pct,0.0,"0,00",%,change_pct,,pct,spot,,,indicator
2026-08-19,ovos,ovos-extras-ceasas,Ovos Extras - Ceasas,Branco - Grande,,preco_caixa_de_30_duzias,161.57,"161,57",R$,price,BRL,,spot,,,physical
2026-08-19,ovos,ovos-extras-ceasas,Ovos Extras - Ceasas,Branco - Grande,,variacao_pct,0.0,"0,00",%,change_pct,,pct,spot,,,physical
2026-08-19,ovos,ovos-extras-ceasas,Ovos Extras - Ceasas,Vermelho - Extra,,preco_caixa_de_30_duzias,200.21,"200,21",R$,price,BRL,,spot,,,physical
2026-08-19,ovos,ovos-extras-ceasas,Ovos Extras - Ceasas,Vermelho - Extra,,variacao_pct,0.0,"0,00",%,change_pct,,pct,spot,,,physical
2026-08-19,ovos,precos-de-ovos-cepea-produto-a-retirar-bastos,Ovos Cepea - Produto a Retirar em Bastos (SP),Branco,,30_dz,129.96,"129,96",R$,price,BRL,,spot,,,indicator
2026-08-19,ovos,precos-de-ovos-cepea-produto-a-retirar-bastos,Ovos Cepea - Produto a Retirar em Bastos (SP),Branco,,variacao_pct,-3.3,"-3,30",%,change_pct,,pct,spot,,,indicator
2026-08-19,ovos,precos-de-ovos-cepea-produto-a-retirar-bastos,Ovos Cepea - Produto a Retirar em Bastos (SP),Vermelho,,30_dz,144.26,"144,26",R$,price,BRL,,spot,,,indicator
2026-08-19,ovos,precos-de-ovos-cepea-produto-a-retirar-bastos,Ovos Cepea - Produto a Retirar em Bastos (SP),Vermelho,,variacao_pct,-2.97,"-2,97",%,change_pct,,pct,spot,,,indicator
2026-08-20,ovos,ovos-extras-ceasas,Ovos Extras - Ceasas,Branco - Grande,,preco_caixa_de_30_duzias,164.31,"164,31",R$,price,BRL,,spot,,,physical
2026-08-20,ovos,ovos-extras-ceasas,Ovos Extras - Ceasas,Branco - Grande,,variacao_pct,1.7,"+1,70",%,change_pct,,pct,spot,,,physical
2026-08-20,ovos,ovos-extras-ceasas,Ovos Extras - Ceasas,Vermelho - Extra,,preco_caixa_de_30_duzias,193.59,"193,59",R$,price,BRL,,spot,,,physical
2026-08-20,ovos,ovos-extras-ceasas,Ovos Extras - Ceasas,Vermelho - Extra,,variacao_pct,-3.31,"-3,31",%,change_pct,,pct,spot,,,physical
2026-08-20,ovos,precos-de-ovos-cepea-produto-a-retirar-bastos,Ovos Cepea - Produto a Retirar em Bastos (SP),Branco,,30_dz,129.51,"129,51",R$,price,BRL,,spot,,,indicator
2026-08-20,ovos,precos-de-ovos-cepea-produto-a-retirar-bastos,Ovos Cepea - Produto a Retirar em Bastos (SP),Branco,,variacao_pct,-0.35,"-0,35",%,change_pct,,pct,spot,,,indicator
2026-08-20,ovos,precos-de-ovos-cepea-produto-a-retirar-bastos,Ovos Cepea - Produto a Retirar em Bastos (SP),Vermelho,,30_dz,141.14,"141,14",R$,price,BRL,,spot,,,indicator
2026-08-20,ovos,precos-de-ovos-cepea-produto-a-retirar-bastos,Ovos Cepea - Produto a Retirar em Bastos (SP),Vermelho,,variacao_pct,-2.16,"-2,16",%,change_pct,,pct,spot,,,indicator
2026-08-21,ovos,ovos-extras-ceasas,Ovos Extras - Ceasas,Branco - Grande,,preco_caixa_de_30_duzias,164.31,"164,31",R$,price,BRL,,spot,,,physical
2026-08-21,ovos,ovos-extras-ceasas,Ovos Extras - Ceasas,Branco - Grande,,variacao_pct,0.0,"0,00",%,change_pct,,pct,spot,,,physical
2026-08-21,ovos,ovos-extras-ceasas,Ovos Extras - Ceasas,Vermelho - Extra,,preco_caixa_de_30_duzias,193.59,"193,59",R$,price,BRL,,spot,,,physical
2026-08-21,ovos,ovos-extras-ceasas,Ovos Extras - Ceasas,Vermelho - Extra,,variacao_pct,0.0,"0,00",%,change_pct,,pct,spot,,,physical
2026-08-21,ovos,precos-de-ovos-cepea-produto-a-retirar-bastos,Ovos Cepea - Produto a Retirar em Bastos (SP),Branco,,30_dz,123.87,"123,87",R$,price,BRL,,spot,,,indicator
2026-08-21,ovos,precos-de-ovos-cepea-produto-a-retirar-bastos,Ovos Cepea - Produto a Retirar em Bastos (SP),Branco,,variacao_pct,-4.35,"-4,35",%,change_pct,,pct,spot,,,indicator
2026-08-21,ovos,precos-de-ovos-cepea-produto-a-retirar-bastos,Ovos Cepea - Produto a Retirar em Bastos (SP),Vermelho,,30_dz,134.31,"134,31",R$,price,BRL,,spot,,,indicator
2026-08-21,ovos,precos-de-ovos-cepea-produto-a-retirar-bastos,Ovos Cepea - Produto a Retirar em Bastos (SP),Vermelho,,variacao_pct,-4.84,"-4,84",%,change_pct,,pct,spot,,,indicator
2026-08-24,ovos,ovos-extras-ceasas,Ovos Extras - Ceasas,Branco - Grande,,preco_caixa_de_30_duzias,164.31,"164,31",R$,price,BRL,,spot,,,physical
2026-08-24,ovos,ovos-extras-ceasas,Ovos Extras - Ceasas,Branco - Grande,,variacao_pct,0.0,"0,00",%,change_pct,,pct,spot,,,physical
2026-08-24,ovos,ovos-extras-ceasas,Ovos Extras - Ceasas,Vermelho - Extra,,preco_caixa_de_30_duzias,193.59,"193,59",R$,price,BRL,,spot,,,physical
2026-08-24,ovos,ovos-extras-ceasas,Ovos Extras - Ceasas,Vermelho - Extra,,variacao_pct,0.0,"0,00",%,change_pct,,pct,spot,,,physical
2026-08-24,ovos,preco-medio-ovos-ao-produtor,Preço Médio - Ovos Branco ao Produtor,Amazonas,,preco,237.0,"237,00",R$/30 dz,price,BRL,30dz,spot,,AM,physical
2026-08-24,ovos,preco-medio-ovos-ao-produtor,Preço Médio - Ovos Branco ao Produtor,Amazonas,,variacao_pct,3.04,"+3,04",%,change_pct,,pct,spot,,AM,physical
2026-08-24,ovos,preco-medio-ovos-ao-produtor,Preço Médio - Ovos Branco ao Produtor,Distrito Federal,,preco,136.0,"136,00",R$/30 dz,price,BRL,30dz,spot,,DF,physical
2026-08-24,ovos,preco-medio-ovos-ao-produtor,Preço Médio - Ovos Branco ao Produtor,Distrito Federal,,variacao_pct,0.0,"0,00",%,change_pct,,pct,spot,,DF,physical
2026-08-24,ovos,preco-medio-ovos-ao-produtor,Preço Médio - Ovos Branco ao Produtor,Goiás,,preco,142.0,"142,00",R$/30 dz,price,BRL,30dz,spot,,GO,physical
2026-08-24,ovos,preco-medio-ovos-ao-produtor,Preço Médio - Ovos Branco ao Produtor,Goiás,,variacao_pct,-6.58,"-6,58",%,change_pct,,pct,spot,,GO,physical
2026-08-24,ovos,preco-medio-ovos-ao-produtor,Preço Médio - Ovos Branco ao Produtor,Mato Grosso do Sul,,preco,,s/ cotação,R$/30 dz,price,BRL,30dz,spot,,MS,physical
2026-08-24,ovos,preco-medio-ovos-ao-produtor,Preço Médio - Ovos Branco ao Produtor,Mato Grosso do Sul,,variacao_pct,,-,%,change_pct,,pct,spot,,MS,physical
2026-08-24,ovos,preco-medio-ovos-ao-produtor,Preço Médio - Ovos Branco ao Produtor,Paraná,,preco,142.72,"142,72",R$/30 dz,price,BRL,30dz,spot,,PR,physical
2026-08-24,ovos,preco-medio-ovos-ao-produtor,Preço Médio - Ovos Branco ao Produtor,Paraná,,variacao_pct,-0.55,"-0,55",%,change_pct,,pct,spot,,PR,physical
2026-08-24,ovos,preco-medio-ovos-ao-produtor,Preço Médio - Ovos Branco ao Produtor,Rondônia,,preco,,s/ cotação,R$/30 dz,price,BRL,30dz,spot,,RO,physical
2026-08-24,ovos,preco-medio-ovos-ao-produtor,Preço Médio - Ovos Branco ao Produtor,Rondônia,,variacao_pct,,-,%,change_pct,,pct,spot,,RO,physical
2026-08-24,ovos,preco-medio-ovos-ao-produtor,Preço Médio - Ovos Branco ao Produtor,Semana Referente de:,,preco,,17/08/26 a 21/08/26,R$/30 dz,price,BRL,30dz,spot,,,physical
2026-08-24,ovos,preco-medio-ovos-ao-produtor,Preço Médio - Ovos Branco ao Produtor,Semana Referente de:,,variacao_pct,,,%,change_pct,,pct,spot,,,physical
2026-08-24,ovos,preco-medio-ovos-ao-produtor,Preço Médio - Ovos Branco ao Produtor,São Paulo,,preco,,s/ cotação,R$/30 dz,price,BRL,30dz,spot,,SP,physical
2026-08-24,ovos,preco-medio-ovos-ao-produtor,Preço Médio - Ovos Branco ao Produtor,São Paulo,,variacao_pct,,-,%,change_pct,,pct,spot,,SP,physical
2026-08-24,ovos,precos-de-ovos-cepea-produto-a-retirar-bastos,Ovos Cepea - Produto a Retirar em Bastos (SP),Branco,,30_dz,124.02,"124,02",R$,price,BRL,,spot,,,indicator
2026-08-24,ovos,precos-de-ovos-cepea-produto-a-retirar-bastos,Ovos Cepea - Produto a Retirar em Bastos (SP),Branco,,variacao_pct,0.12,"+0,12",%,change_pct,,pct,spot,,,indicator
2026-08-24,ovos,precos-de-ovos-cepea-produto-a-retirar-bastos,Ovos Cepea - Produto a Retirar em Bastos (SP),Vermelho,,30_dz,134.46,"134,46",R$,price,BRL,,spot,,,indicator
2026-08-24,ovos,precos-de-ovos-cepea-produto-a-retirar-bastos,Ovos Cepea - Produto a Retirar em Bastos (SP),Vermelho,,variacao_pct,0.11,"+0,11",%,change_pct,,pct,spot,,,indicator
2026-08-25,ovos,ovos-extras-ceasas,Ovos Extras - Ceasas,Branco - Grande,,preco_caixa_de_30_duzias,163.88,"163,88",R$,price,BRL,,spot,,,physical
2026-08-25,ovos,ovos-extras-ceasas,Ovos Extras - Ceasas,Branco - Grande,,variacao_pct,-0.26,"-0,26",%,change_pct,,pct,spot,,,physical
2026-08-25,ovos,ovos-extras-ceasas,Ovos Extras - Ceasas,Vermelho - Extra,,preco_caixa_de_30_duzias,203.23,"203,23",R$,price,BRL,,spot,,,physical
2026-08-25,ovos,ovos-extras-ceasas,Ovos Extras - Ceasas,Vermelho - Extra,,variacao_pct,4.98,"+4,98",%,change_pct,,pct,spot,,,physical
2026-08-25,ovos,precos-de-ovos-cepea-produto-a-retirar-bastos,Ovos Cepea - Produto a Retirar em Bastos (SP),Branco,,30_dz,123.2,"123,20",R$,price,BRL,,spot,,,indicator
2026-08-25,ovos,precos-de-ovos-cepea-produto-a-retirar-bastos,Ovos Cepea - Produto a Retirar em Bastos (SP),Branco,,variacao_pct,-0.66,"-0,66",%,change_pct,,pct,spot,,,indicator
2026-08-25,ovos,precos-de-ovos-cepea-produto-a-retirar-bastos,Ovos Cepea - Produto a Retirar em Bastos (SP),Vermelho,,30_dz,133.35,"133,35",R$,price,BRL,,spot,,,indicator
2026-08-25,ovos,precos-de-ovos-cepea-produto-a-retirar-bastos,Ovos Cepea - Produto a Retirar em Bastos (SP),Vermelho,,variacao_pct,-0.83,"-0,83",%,change_pct,,pct,spot,,,indicator
2026-08-26,ovos,ovos-extras-ceasas,Ovos Extras - Ceasas,Branco - Grande,,preco_caixa_de_30_duzias,163.88,"163,88",R$,price,BRL,,spot,,,physical
2026-08-26,ovos,ovos-extras-ceasas,Ovos Extras - Ceasas,Branco - Grande,,variacao_pct,0.0,"0,00",%,change_pct,,pct,spot,,,physical
2026-08-26,ovos,ovos-extras-ceasas,Ovos Extras - Ceasas,Vermelho - Extra,,preco_caixa_de_30_duzias,203.23,"203,23",R$,price,BRL,,spot,,,physical
2026-08-26,ovos,ovos-extras-ceasas,Ovos Extras - Ceasas,Vermelho - Extra,,variacao_pct,0.0,"0,00",%,change_pct,,pct,spot,,,physical
2026-08-26,ovos,precos-de-ovos-cepea-produto-a-retirar-bastos,Ovos Cepea - Produto a Retirar em Bastos (SP),Branco,,30_dz,123.25,"123,25",R$,price,BRL,,spot,,,indicator
2026-08-26,ovos,precos-de-ovos-cepea-produto-a-retirar-bastos,Ovos Cepea - Produto a Retirar em Bastos (SP),Branco,,variacao_pct,0.04,"+0,04",%,change_pct,,pct,spot,,,indicator
2026-08-26,ovos,precos-de-ovos-cepea-produto-a-retirar-bastos,Ovos Cepea - Produto a Retirar em Bastos (SP),Vermelho,,30_dz,133.97,"133,97",R$,price,BRL,,spot,,,indicator
2026-08-26,ovos,precos-de-ovos-cepea-produto-a-retirar-bastos,Ovos Cepea - Produto a Retirar em Bastos (SP),Vermelho,,variacao_pct,0.46,"+0,46",%,change_pct,,pct,spot,,,indicator
2026-08-27,ovos,ovos-extras-ceasas,Ovos Extras - Ceasas,Branco - Grande,,preco_caixa_de_30_duzias,155.8,"155,80",R$,price,BRL,,spot,,,physical
2026-08-27,ovos,ovos-extras-ceasas,Ovos Extras - Ceasas,Branco - Grande,,variacao_pct,-4.93,"-4,93",%,change_pct,,pct,spot,,,physical
2026-08-27,ovos,ovos-extras-ceasas,Ovos Extras - Ceasas,Vermelho - Extra,,preco_caixa_de_30_duzias,198.37,"198,37",R$,price,BRL,,spot,,,physical
2026-08-27,ovos,ovos-extras-ceasas,Ovos Extras - Ceasas,Vermelho - Extra,,variacao_pct,-2.39,"-2,39",%,change_pct,,pct,spot,,,physical
2026-08-27,ovos,precos-de-ovos-cepea-produto-a-retirar-bastos,Ovos Cepea - Produto a Retirar em Bastos (SP),Branco,,30_dz,123.52,"123,52",R$,price,BRL,,spot,,,indicator
2026-08-27,ovos,precos-de-ovos-cepea-produto-a-retirar-bastos,Ovos Cepea - Produto a Retirar em Bastos (SP),Branco,,variacao_pct,0.22,"+0,22",%,change_pct,,pct,spot,,,indicator
2026-08-27,ovos,precos-de-ovos-cepea-produto-a-retirar-bastos,Ovos Cepea - Produto a Retirar em Bastos (SP),Vermelho,,30_dz,134.76,"134,76",R$,price,BRL,,spot,,,indicator
2026-08-27,ovos,precos-de-ovos-cepea-produto-a-retirar-bastos,Ovos Cepea - Produto a Retirar em Bastos (SP),Vermelho,,variacao_pct,0.59,"+0,59",%,change_pct,,pct,spot,,,indicator
2026-08-28,ovos,ovos-extras-ceasas,Ovos Extras - Ceasas,Branco - Grande,,preco_caixa_de_30_duzias,155.8,"155,80",R$,price,BRL,,spot,,,physical
2026-08-28,ovos,ovos-extras-ceasas,Ovos Extras - Ceasas,Branco - Grande,,variacao_pct,0.0,"0,00",%,change_pct,,pct,spot,,,physical
2026-08-28,ovos,ovos-extras-ceasas,Ovos Extras - Ceasas,Vermelho - Extra,,preco_caixa_de_30_duzias,198.37,"198,37",R$,price,BRL,,spot,,,physical
2026-08-28,ovos,ovos-extras-ceasas,Ovos Extras - Ceasas,Vermelho - Extra,,variacao_pct,0.0,"0,00",%,change_pct,,pct,spot,,,physical
2026-08-28,ovos,precos-de-ovos-cepea-produto-a-retirar-bastos,Ovos Cepea - Produto a Retirar em Bastos (SP),Branco,,30_dz,123.52,"123,52",R$,price,BRL,,spot,,,indicator
2026-08-28,ovos,precos-de-ovos-cepea-produto-a-retirar-bastos,Ovos Cepea - Produto a Retirar em Bastos (SP),Branco,,variacao_pct,0.0,"0,00",%,change_pct,,pct,spot,,,indicator
2026-08-28,ovos,precos-de-ovos-cepea-produto-a-retirar-bastos,Ovos Cepea - Produto a Retirar em Bastos (SP),Vermelho,,30_dz,134.76,"134,76",R$,price,BRL,,spot,,,indicator
2026-08-28,ovos,precos-de-ovos-cepea-produto-a-retirar-bastos,Ovos Cepea - Produto a Retirar em Bastos (SP),Vermelho,,variacao_pct,0.0,"0,00",%,change_pct,,pct,spot,,,indicator
2026-08-31,ovos,ovos-extras-ceasas,Ovos Extras - Ceasas,Branco - Grande,,preco_caixa_de_30_duzias,155.8,"155,80",R$,price,BRL,,spot,,,physical
2026-08-31,ovos,ovos-extras-ceasas,Ovos Extras - Ceasas,Branco - Grande,,variacao_pct,0.0,"0,00",%,change_pct,,pct,spot,,,physical
2026-08-31,ovos,ovos-extras-ceasas,Ovos Extras - Ceasas,Vermelho - Extra,,preco_caixa_de_30_duzias,198.37,"198,37",R$,price,BRL,,spot,,,physical
2026-08-31,ovos,ovos-extras-ceasas,Ovos Extras - Ceasas,Vermelho - Extra,,variacao_pct,0.0,"0,00",%,change_pct,,pct,spot,,,physical
2026-08-31,ovos,precos-de-ovos-cepea-produto-a-retirar-bastos,Ovos Cepea - Produto a Retirar em Bastos (SP),Branco,,30_dz,133.96,"133,96",R$,price,BRL,,spot,,,indicator
2026-08-31,ovos,precos-de-ovos-cepea-produto-a-retirar-bastos,Ovos Cepea - Produto a Retirar em Bastos (SP),Branco,,variacao_pct,8.45,"+8,45",%,change_pct,,pct,spot,,,indicator
2026-08-31,ovos,precos-de-ovos-cepea-produto-a-retirar-bastos,Ovos Cepea - Produto a Retirar em Bastos (SP),Vermelho,,30_dz,146.11,"146,11",R$,price,BRL,,spot,,,indicator
2026-08-31,ovos,precos-de-ovos-cepea-produto-a-retirar-bastos,Ovos Cepea - Produto a Retirar em Bastos (SP),Vermelho,,variacao_pct,8.42,"+8,42",%,change_pct,,pct,spot,,,indicator
2026-09-01,ovos,ovos-extras-ceasas,Ovos Extras - Ceasas,Branco - Grande,,preco_caixa_de_30_duzias,161.63,"161,63",R$,price,BRL,,spot,,,physical
2026-09-01,ovos,ovos-extras-ceasas,Ovos Extras - Ceasas,Branco - Grande,,variacao_pct,3.74,"+3,74",%,change_pct,,pct,spot,,,physical
2026-09-01,ovos,ovos-extras-ceasas,Ovos Extras - Ceasas,Vermelho - Extra,,preco_caixa_de_30_duzias,201.54,"201,54",R$,price,BRL,,spot,,,physical
2026-09-01,ovos,ovos-extras-ceasas,Ovos Extras - Ceasas,Vermelho - Extra,,variacao_pct,1.6,"+1,60",%,change_pct,,pct,spot,,,physical
2026-09-01,ovos,preco-medio-ovos-ao-produtor,Preço Médio - Ovos Branco ao Produtor,Amazonas,,preco,247.22,"247,22",R$/30 dz,price,BRL,30dz,spot,,AM,physical
2026-09-01,ovos,preco-medio-ovos-ao-produtor,Preço Médio - Ovos Branco ao Produtor,Amazonas,,variacao_pct,4.31,"+4,31",%,change_pct,,pct,spot,,AM,physical
2026-09-01,ovos,preco-medio-ovos-ao-produtor,Preço Médio - Ovos Branco ao Produtor,Distrito Federal,,preco,126.4,"126,40",R$/30 dz,price,BRL,30dz,spot,,DF,physical
2026-09-01,ovos,preco-medio-ovos-ao-produtor,Preço Médio - Ovos Branco ao Produtor,Distrito Federal,,variacao_pct,-7.06,"-7,06",%,change_pct,,pct,spot,,DF,physical
2026-09-01,ovos,preco-medio-ovos-ao-produtor,Preço Médio - Ovos Branco ao Produtor,Goiás,,preco,132.0,"132,00",R$/30 dz,price,BRL,30dz,spot,,GO,physical
2026-09-01,ovos,preco-medio-ovos-ao-produtor,Preço Médio - Ovos Branco ao Produtor,Goiás,,variacao_pct,-7.04,"-7,04",%,change_pct,,pct,spot,,GO,physical
2026-09-01,ovos,preco-medio-ovos-ao-produtor,Preço Médio - Ovos Branco ao Produtor,Mato Grosso do Sul,,preco,,s/ cotação,R$/30 dz,price,BRL,30dz,spot,,MS,physical
2026-09-01,ovos,preco-medio-ovos-ao-produtor,Preço Médio - Ovos Branco ao Produtor,Mato Grosso do Sul,,variacao_pct,,-,%,change_pct,,pct,spot,,MS,physical
2026-09-01,ovos,preco-medio-ovos-ao-produtor,Preço Médio - Ovos Branco ao Produtor,Paraná,,preco,142.77,"142,77",R$/30 dz,price,BRL,30dz,spot,,PR,physical
2026-09-01,ovos,preco-medio-ovos-ao-produtor,Preço Médio - Ovos Branco ao Produtor,Paraná,,variacao_pct,0.04,"+0,04",%,change_pct,,pct,spot,,PR,physical
2026-09-01,ovos,preco-medio-ovos-ao-produtor,Preço Médio - Ovos Branco ao Produtor,Rondônia,,preco,202.67,"202,67",R$/30 dz,price,BRL,30dz,spot,,RO,physical
2026-09-01,ovos,preco-medio-ovos-ao-produtor,Preço Médio - Ovos Branco ao Produtor,Rondônia,,variacao_pct,,-,%,change_pct,,pct,spot,,RO,physical
2026-09-01,ovos,preco-medio-ovos-ao-produtor,Preço Médio - Ovos Branco ao Produtor,Semana Referente de:,,preco,,24/08/26 a 28/08/26,R$/30 dz,price,BRL,30dz,spot,,,physical
2026-09-01,ovos,preco-medio-ovos-ao-produtor,Preço Médio - Ovos Branco ao Produtor,Semana Referente de:,,variacao_pct,,,%,change_pct,,pct,spot,,,physical
2026-09-01,ovos,preco-medio-ovos-ao-produtor,Preço Médio - Ovos Branco ao Produtor,São Paulo,,preco,,s/ cotação,R$/30 dz,price,BRL,30dz,spot,,SP,physical
2026-09-01,ovos,preco-medio-ovos-ao-produtor,Preço Médio - Ovos Branco ao Produtor,São Paulo,,variacao_pct,,-,%,change_pct,,pct,spot,,SP,physical
2026-09-01,ovos,precos-de-ovos-cepea-produto-a-retirar-bastos,Ovos Cepea - Produto a Retirar em Bastos (SP),Branco,,30_dz,133.96,"133,96",R$,price,BRL,,spot,,,indicator
2026-09-01,ovos,precos-de-ovos-cepea-produto-a-retirar-bastos,Ovos Cepea - Produto a Retirar em Bastos (SP),Branco,,variacao_pct,0.0,"0,00",%,change_pct,,pct,spot,,,indicator
2026-09-01,ovos,precos-de-ovos-cepea-produto-a-retirar-bastos,Ovos Cepea - Produto a Retirar em Bastos (SP),Vermelho,,30_dz,146.11,"146,11",R$,price,BRL,,spot,,,indicator
2026-09-01,ovos,precos-de-ovos-cepea-produto-a-retirar-bastos,Ovos Cepea - Produto a Retirar em Bastos (SP),Vermelho,,variacao_pct,0.0,"0,00",%,change_pct,,pct,spot,,,indicator
2026-09-02,ovos,ovos-extras-ceasas,Ovos Extras - Ceasas,Branco - Grande,,preco_caixa_de_30_duzias,161.63,"161,63",R$,price,BRL,,spot,,,physical
2026-09-02,ovos,ovos-extras-ceasas,Ovos Extras - Ceasas,Branco - Grande,,variacao_pct,0.0,"0,00",%,change_pct,,pct,spot,,,physical
2026-09-02,ovos,ovos-extras-ceasas,Ovos Extras - Ceasas,Vermelho - Extra,,preco_caixa_de_30_duzias,201.54,"201,54",R$,price,BRL,,spot,,,physical
2026-09-02,ovos,ovos-extras-ceasas,Ovos Extras - Ceasas,Vermelho - Extra,,variacao_pct,0.0,"0,00",%,change_pct,,pct,spot,,,physical
2026-09-02,ovos,precos-de-ovos-cepea-produto-a-retirar-bastos,Ovos Cepea - Produto a Retirar em Bastos (SP),Branco,,30_dz,133.95,"133,95",R$,price,BRL,,spot,,,indicator
2026-09-02,ovos,precos-de-ovos-cepea-produto-a-retirar-bastos,Ovos Cepea - Produto a Retirar em Bastos (SP),Branco,,variacao_pct,-0.01,"-0,01",%,change_pct,,pct,spot,,,indicator
2026-09-02,ovos,precos-de-ovos-cepea-produto-a-retirar-bastos,Ovos Cepea - Produto a Retirar em Bastos (SP),Vermelho,,30_dz,147.0,"147,00",R$,price,BRL,,spot,,,indicator
2026-09-02,ovos,precos-de-ovos-cepea-produto-a-retirar-bastos,Ovos Cepea - Produto a Retirar em Bastos (SP),Vermelho,,variacao_pct,0.61,"+0,61",%,change_pct,,pct,spot,,,indicator
2026-09-03,ovos,ovos-extras-ceasas,Ovos Extras - Ceasas,Branco - Grande,,preco_caixa_de_30_duzias,162.06,"162,06",R$,price,BRL,,spot,,,physical
2026-09-03,ovos,ovos-extras-ceasas,Ovos Extras - Ceasas,Branco - Grande,,variacao_pct,0.27,"+0,27",%,change_pct,,pct,spot,,,physical
2026-09-03,ovos,ovos-extras-ceasas,Ovos Extras - Ceasas,Vermelho - Extra,,preco_caixa_de_30_duzias,201.54,"201,54",R$,price,BRL,,spot,,,physical
2026-09-03,ovos,ovos-extras-ceasas,Ovos Extras - Ceasas,Vermelho - Extra,,variacao_pct,0.0,"0,00",%,change_pct,,pct,spot,,,physical
2026-09-03,ovos,precos-de-ovos-cepea-produto-a-retirar-bastos,Ovos Cepea - Produto a Retirar em Bastos (SP),Branco,,30_dz,134.09,"134,09",R$,price,BRL,,spot,,,indicator
2026-09-03,ovos,precos-de-ovos-cepea-produto-a-retirar-bastos,Ovos Cepea - Produto a Retirar em Bastos (SP),Branco,,variacao_pct,0.1,"+0,10",%,change_pct,,pct,spot,,,indicator
2026-09-03,ovos,precos-de-ovos-cepea-produto-a-retirar-bastos,Ovos Cepea - Produto a Retirar em Bastos (SP),Vermelho,,30_dz,148.07,"148,07",R$,price,BRL,,spot,,,indicator
2026-09-03,ovos,precos-de-ovos-cepea-produto-a-retirar-bastos,Ovos Cepea - Produto a Retirar em Bastos (SP),Vermelho,,variacao_pct,0.73,"+0,73",%,change_pct,,pct,spot,,,indicator
2026-09-04,ovos,ovos-extras-ceasas,Ovos Extras - Ceasas,Branco - Grande,,preco_caixa_de_30_duzias,162.06,"162,06",R$,price,BRL,,spot,,,physical
2026-09-04,ovos,ovos-extras-ceasas,Ovos Extras - Ceasas,Branco - Grande,,variacao_pct,0.0,"0,00",%,change_pct,,pct,spot,,,physical
2026-09-04,ovos,ovos-extras-ceasas,Ovos Extras - Ceasas,Vermelho - Extra,,preco_caixa_de_30_duzias,201.54,"201,54",R$,price,BRL,,spot,,,physical
2026-09-04,ovos,ovos-extras-ceasas,Ovos Extras - Ceasas,Vermelho - Extra,,variacao_pct,0.0,"0,00",%,change_pct,,pct,spot,,,physical
2026-09-04,ovos,precos-de-ovos-cepea-produto-a-retirar-bastos,Ovos Cepea - Produto a Retirar em Bastos (SP),Branco,,30_dz,134.09,"134,09",R$,price,BRL,,spot,,,indicator
2026-09-04,ovos,precos-de-ovos-cepea-produto-a-retirar-bastos,Ovos Cepea - Produto a Retirar em Bastos (SP),Branco,,variacao_pct,0.0,"0,00",%,change_pct,,pct,spot,,,indicator
2026-09-04,ovos,precos-de-ovos-cepea-produto-a-retirar-bastos,Ovos Cepea - Produto a Retirar em Bastos (SP),Vermelho,,30_dz,147.74,"147,74",R$,price,BRL,,spot,,,indicator
2026-09-04,ovos,precos-de-ovos-cepea-produto-a-retirar-bastos,Ovos Cepea - Produto a Retirar em Bastos (SP),Vermelho,,variacao_pct,-0.22,"-0,22",%,change_pct,,pct,spot,,,indicator
