date,commodity,indicator,indicator_name,location,contract_month,column_name,value,value_raw,unit,measure,currency,unit_std,price_basis,contract,state,market_type
2025-10-06,sorgo,sorgo-mercado-fisico-ms,Sorgo - Mercado Físico MS,Campo Grande,,preco,40.0,"40,00",R$/sc,price,BRL,sc60kg,spot,,,physical
2025-10-06,sorgo,sorgo-mercado-fisico-ms,Sorgo - Mercado Físico MS,Campo Grande,,variacao_pct,0.0,"0,00",%,change_pct,,pct,spot,,,physical
2025-10-06,sorgo,sorgo-mercado-fisico-ms,Sorgo - Mercado Físico MS,Chapadão do Sul,,preco,40.0,"40,00",R$/sc,price,BRL,sc60kg,spot,,,physical
2025-10-06,sorgo,sorgo-mercado-fisico-ms,Sorgo - Mercado Físico MS,Chapadão do Sul,,variacao_pct,0.0,"0,00",%,change_pct,,pct,spot,,,physical
2025-10-06,sorgo,sorgo-mercado-fisico-ms,Sorgo - Mercado Físico MS,Dourados,,preco,42.4,"42,40",R$/sc,price,BRL,sc60kg,spot,,,physical
2025-10-06,sorgo,sorgo-mercado-fisico-ms,Sorgo - Mercado Físico MS,Dourados,,variacao_pct,0.0,"0,00",%,change_pct,,pct,spot,,,physical
2025-10-06,sorgo,sorgo-mercado-fisico-ms,Sorgo - Mercado Físico MS,Maracaju,,preco,41.6,"41,60",R$/sc,price,BRL,sc60kg,spot,,,physical
2025-10-06,sorgo,sorgo-mercado-fisico-ms,Sorgo - Mercado Físico MS,Maracaju,,variacao_pct,0.0,"0,00",%,change_pct,,pct,spot,,,physical
2025-10-06,sorgo,sorgo-mercado-fisico-ms,Sorgo - Mercado Físico MS,Maringá,,preco,48.96,"48,96",R$/sc,price,BRL,sc60kg,spot,,,physical
2025-10-06,sorgo,sorgo-mercado-fisico-ms,Sorgo - Mercado Físico MS,Maringá,,variacao_pct,0.0,"0,00",%,change_pct,,pct,spot,,,physical
2025-10-06,sorgo,sorgo-mercado-fisico-ms,Sorgo - Mercado Físico MS,Paranaguá,,preco,53.6,"53,60",R$/sc,price,BRL,sc60kg,spot,,PR,physical
2025-10-06,sorgo,sorgo-mercado-fisico-ms,Sorgo - Mercado Físico MS,Paranaguá,,variacao_pct,0.0,"0,00",%,change_pct,,pct,spot,,PR,physical
2025-10-06,sorgo,sorgo-mercado-fisico-ms,Sorgo - Mercado Físico MS,Ponta Porã,,preco,42.4,"42,40",R$/sc,price,BRL,sc60kg,spot,,,physical
2025-10-06,sorgo,sorgo-mercado-fisico-ms,Sorgo - Mercado Físico MS,Ponta Porã,,variacao_pct,0.0,"0,00",%,change_pct,,pct,spot,,,physical
2025-10-06,sorgo,sorgo-mercado-fisico-ms,Sorgo - Mercado Físico MS,Sidrolândia,,preco,40.0,"40,00",R$/sc,price,BRL,sc60kg,spot,,,physical
2025-10-06,sorgo,sorgo-mercado-fisico-ms,Sorgo - Mercado Físico MS,Sidrolândia,,variacao_pct,0.0,"0,00",%,change_pct,,pct,spot,,,physical
2025-10-06,sorgo,sorgo-mercado-fisico-ms,Sorgo - Mercado Físico MS,Sonora,,preco,40.0,"40,00",R$/sc,price,BRL,sc60kg,spot,,,physical
2025-10-06,sorgo,sorgo-mercado-fisico-ms,Sorgo - Mercado Físico MS,Sonora,,variacao_pct,0.0,"0,00",%,change_pct,,pct,spot,,,physical
2025-10-06,sorgo,sorgo-mercado-fisico-ms,Sorgo - Mercado Físico MS,São Gabriel do Oeste,,preco,40.8,"40,80",R$/sc,price,BRL,sc60kg,spot,,,physical
2025-10-06,sorgo,sorgo-mercado-fisico-ms,Sorgo - Mercado Físico MS,São Gabriel do Oeste,,variacao_pct,0.0,"0,00",%,change_pct,,pct,spot,,,physical
2025-10-07,sorgo,sorgo-mercado-fisico-ms,Sorgo - Mercado Físico MS,Campo Grande,,preco,40.0,"40,00",R$/sc,price,BRL,sc60kg,spot,,,physical
2025-10-07,sorgo,sorgo-mercado-fisico-ms,Sorgo - Mercado Físico MS,Campo Grande,,variacao_pct,0.0,"0,00",%,change_pct,,pct,spot,,,physical
2025-10-07,sorgo,sorgo-mercado-fisico-ms,Sorgo - Mercado Físico MS,Chapadão do Sul,,preco,40.0,"40,00",R$/sc,price,BRL,sc60kg,spot,,,physical
2025-10-07,sorgo,sorgo-mercado-fisico-ms,Sorgo - Mercado Físico MS,Chapadão do Sul,,variacao_pct,0.0,"0,00",%,change_pct,,pct,spot,,,physical
2025-10-07,sorgo,sorgo-mercado-fisico-ms,Sorgo - Mercado Físico MS,Dourados,,preco,42.4,"42,40",R$/sc,price,BRL,sc60kg,spot,,,physical
2025-10-07,sorgo,sorgo-mercado-fisico-ms,Sorgo - Mercado Físico MS,Dourados,,variacao_pct,0.0,"0,00",%,change_pct,,pct,spot,,,physical
2025-10-07,sorgo,sorgo-mercado-fisico-ms,Sorgo - Mercado Físico MS,Maracaju,,preco,41.6,"41,60",R$/sc,price,BRL,sc60kg,spot,,,physical
2025-10-07,sorgo,sorgo-mercado-fisico-ms,Sorgo - Mercado Físico MS,Maracaju,,variacao_pct,0.0,"0,00",%,change_pct,,pct,spot,,,physical
2025-10-07,sorgo,sorgo-mercado-fisico-ms,Sorgo - Mercado Físico MS,Paranaguá,,preco,53.6,"53,60",R$/sc,price,BRL,sc60kg,spot,,PR,physical
2025-10-07,sorgo,sorgo-mercado-fisico-ms,Sorgo - Mercado Físico MS,Paranaguá,,variacao_pct,0.0,"0,00",%,change_pct,,pct,spot,,PR,physical
2025-10-07,sorgo,sorgo-mercado-fisico-ms,Sorgo - Mercado Físico MS,Ponta Porã,,preco,42.4,"42,40",R$/sc,price,BRL,sc60kg,spot,,,physical
2025-10-07,sorgo,sorgo-mercado-fisico-ms,Sorgo - Mercado Físico MS,Ponta Porã,,variacao_pct,0.0,"0,00",%,change_pct,,pct,spot,,,physical
2025-10-07,sorgo,sorgo-mercado-fisico-ms,Sorgo - Mercado Físico MS,Sidrolândia,,preco,40.0,"40,00",R$/sc,price,BRL,sc60kg,spot,,,physical
2025-10-07,sorgo,sorgo-mercado-fisico-ms,Sorgo - Mercado Físico MS,Sidrolândia,,variacao_pct,0.0,"0,00",%,change_pct,,pct,spot,,,physical
2025-10-07,sorgo,sorgo-mercado-fisico-ms,Sorgo - Mercado Físico MS,Sonora,,preco,40.0,"40,00",R$/sc,price,BRL,sc60kg,spot,,,physical
2025-10-07,sorgo,sorgo-mercado-fisico-ms,Sorgo - Mercado Físico MS,Sonora,,variacao_pct,0.0,"0,00",%,change_pct,,pct,spot,,,physical
2025-10-07,sorgo,sorgo-mercado-fisico-ms,Sorgo - Mercado Físico MS,São Gabriel do Oeste,,preco,40.8,"40,80",R$/sc,price,BRL,sc60kg,spot,,,physical
2025-10-07,sorgo,sorgo-mercado-fisico-ms,Sorgo - Mercado Físico MS,São Gabriel do Oeste,,variacao_pct,0.0,"0,00",%,change_pct,,pct,spot,,,physical
2025-10-08,sorgo,sorgo-mercado-fisico-ms,Sorgo - Mercado Físico MS,Campo Grande,,preco,40.0,"40,00",R$/sc,price,BRL,sc60kg,spot,,,physical
2025-10-08,sorgo,sorgo-mercado-fisico-ms,Sorgo - Mercado Físico MS,Campo Grande,,variacao_pct,0.0,"0,00",%,change_pct,,pct,spot,,,physical
2025-10-08,sorgo,sorgo-mercado-fisico-ms,Sorgo - Mercado Físico MS,Chapadão do Sul,,preco,43.2,"43,20",R$/sc,price,BRL,sc60kg,spot,,,physical
2025-10-08,sorgo,sorgo-mercado-fisico-ms,Sorgo - Mercado Físico MS,Chapadão do Sul,,variacao_pct,8.0,"+8,00",%,change_pct,,pct,spot,,,physical
2025-10-08,sorgo,sorgo-mercado-fisico-ms,Sorgo - Mercado Físico MS,Dourados,,preco,42.4,"42,40",R$/sc,price,BRL,sc60kg,spot,,,physical
2025-10-08,sorgo,sorgo-mercado-fisico-ms,Sorgo - Mercado Físico MS,Dourados,,variacao_pct,0.0,"0,00",%,change_pct,,pct,spot,,,physical
2025-10-08,sorgo,sorgo-mercado-fisico-ms,Sorgo - Mercado Físico MS,Maracaju,,preco,41.6,"41,60",R$/sc,price,BRL,sc60kg,spot,,,physical
2025-10-08,sorgo,sorgo-mercado-fisico-ms,Sorgo - Mercado Físico MS,Maracaju,,variacao_pct,0.0,"0,00",%,change_pct,,pct,spot,,,physical
2025-10-08,sorgo,sorgo-mercado-fisico-ms,Sorgo - Mercado Físico MS,Paranaguá,,preco,53.2,"53,20",R$/sc,price,BRL,sc60kg,spot,,PR,physical
2025-10-08,sorgo,sorgo-mercado-fisico-ms,Sorgo - Mercado Físico MS,Paranaguá,,variacao_pct,-0.75,"-0,75",%,change_pct,,pct,spot,,PR,physical
2025-10-08,sorgo,sorgo-mercado-fisico-ms,Sorgo - Mercado Físico MS,Ponta Porã,,preco,42.4,"42,40",R$/sc,price,BRL,sc60kg,spot,,,physical
2025-10-08,sorgo,sorgo-mercado-fisico-ms,Sorgo - Mercado Físico MS,Ponta Porã,,variacao_pct,0.0,"0,00",%,change_pct,,pct,spot,,,physical
2025-10-08,sorgo,sorgo-mercado-fisico-ms,Sorgo - Mercado Físico MS,Sidrolândia,,preco,41.2,"41,20",R$/sc,price,BRL,sc60kg,spot,,,physical
2025-10-08,sorgo,sorgo-mercado-fisico-ms,Sorgo - Mercado Físico MS,Sidrolândia,,variacao_pct,3.0,"+3,00",%,change_pct,,pct,spot,,,physical
2025-10-08,sorgo,sorgo-mercado-fisico-ms,Sorgo - Mercado Físico MS,Sonora,,preco,40.0,"40,00",R$/sc,price,BRL,sc60kg,spot,,,physical
2025-10-08,sorgo,sorgo-mercado-fisico-ms,Sorgo - Mercado Físico MS,Sonora,,variacao_pct,0.0,"0,00",%,change_pct,,pct,spot,,,physical
2025-10-08,sorgo,sorgo-mercado-fisico-ms,Sorgo - Mercado Físico MS,São Gabriel do Oeste,,preco,40.0,"40,00",R$/sc,price,BRL,sc60kg,spot,,,physical
2025-10-08,sorgo,sorgo-mercado-fisico-ms,Sorgo - Mercado Físico MS,São Gabriel do Oeste,,variacao_pct,-1.96,"-1,96",%,change_pct,,pct,spot,,,physical
2025-10-09,sorgo,sorgo-mercado-fisico-ms,Sorgo - Mercado Físico MS,Campo Grande,,preco,40.0,"40,00",R$/sc,price,BRL,sc60kg,spot,,,physical
2025-10-09,sorgo,sorgo-mercado-fisico-ms,Sorgo - Mercado Físico MS,Campo Grande,,variacao_pct,0.0,"0,00",%,change_pct,,pct,spot,,,physical
2025-10-09,sorgo,sorgo-mercado-fisico-ms,Sorgo - Mercado Físico MS,Chapadão do Sul,,preco,43.2,"43,20",R$/sc,price,BRL,sc60kg,spot,,,physical
2025-10-09,sorgo,sorgo-mercado-fisico-ms,Sorgo - Mercado Físico MS,Chapadão do Sul,,variacao_pct,0.0,"0,00",%,change_pct,,pct,spot,,,physical
2025-10-09,sorgo,sorgo-mercado-fisico-ms,Sorgo - Mercado Físico MS,Dourados,,preco,42.4,"42,40",R$/sc,price,BRL,sc60kg,spot,,,physical
2025-10-09,sorgo,sorgo-mercado-fisico-ms,Sorgo - Mercado Físico MS,Dourados,,variacao_pct,0.0,"0,00",%,change_pct,,pct,spot,,,physical
2025-10-09,sorgo,sorgo-mercado-fisico-ms,Sorgo - Mercado Físico MS,Maracaju,,preco,41.6,"41,60",R$/sc,price,BRL,sc60kg,spot,,,physical
2025-10-09,sorgo,sorgo-mercado-fisico-ms,Sorgo - Mercado Físico MS,Maracaju,,variacao_pct,0.0,"0,00",%,change_pct,,pct,spot,,,physical
2025-10-09,sorgo,sorgo-mercado-fisico-ms,Sorgo - Mercado Físico MS,Paranaguá,,preco,53.2,"53,20",R$/sc,price,BRL,sc60kg,spot,,PR,physical
2025-10-09,sorgo,sorgo-mercado-fisico-ms,Sorgo - Mercado Físico MS,Paranaguá,,variacao_pct,0.0,"0,00",%,change_pct,,pct,spot,,PR,physical
2025-10-09,sorgo,sorgo-mercado-fisico-ms,Sorgo - Mercado Físico MS,Ponta Porã,,preco,42.4,"42,40",R$/sc,price,BRL,sc60kg,spot,,,physical
2025-10-09,sorgo,sorgo-mercado-fisico-ms,Sorgo - Mercado Físico MS,Ponta Porã,,variacao_pct,0.0,"0,00",%,change_pct,,pct,spot,,,physical
2025-10-09,sorgo,sorgo-mercado-fisico-ms,Sorgo - Mercado Físico MS,Sidrolândia,,preco,41.2,"41,20",R$/sc,price,BRL,sc60kg,spot,,,physical
2025-10-09,sorgo,sorgo-mercado-fisico-ms,Sorgo - Mercado Físico MS,Sidrolândia,,variacao_pct,0.0,"0,00",%,change_pct,,pct,spot,,,physical
2025-10-09,sorgo,sorgo-mercado-fisico-ms,Sorgo - Mercado Físico MS,Sonora,,preco,40.0,"40,00",R$/sc,price,BRL,sc60kg,spot,,,physical
2025-10-09,sorgo,sorgo-mercado-fisico-ms,Sorgo - Mercado Físico MS,Sonora,,variacao_pct,0.0,"0,00",%,change_pct,,pct,spot,,,physical
2025-10-09,sorgo,sorgo-mercado-fisico-ms,Sorgo - Mercado Físico MS,São Gabriel do Oeste,,preco,40.0,"40,00",R$/sc,price,BRL,sc60kg,spot,,,physical
2025-10-09,sorgo,sorgo-mercado-fisico-ms,Sorgo - Mercado Físico MS,São Gabriel do Oeste,,variacao_pct,0.0,"0,00",%,change_pct,,pct,spot,,,physical
2025-10-10,sorgo,sorgo-mercado-fisico-ms,Sorgo - Mercado Físico MS,Campo Grande,,preco,40.0,"40,00",R$/sc,price,BRL,sc60kg,spot,,,physical
2025-10-10,sorgo,sorgo-mercado-fisico-ms,Sorgo - Mercado Físico MS,Campo Grande,,variacao_pct,0.0,"0,00",%,change_pct,,pct,spot,,,physical
2025-10-10,sorgo,sorgo-mercado-fisico-ms,Sorgo - Mercado Físico MS,Chapadão do Sul,,preco,43.2,"43,20",R$/sc,price,BRL,sc60kg,spot,,,physical
2025-10-10,sorgo,sorgo-mercado-fisico-ms,Sorgo - Mercado Físico MS,Chapadão do Sul,,variacao_pct,0.0,"0,00",%,change_pct,,pct,spot,,,physical
2025-10-10,sorgo,sorgo-mercado-fisico-ms,Sorgo - Mercado Físico MS,Dourados,,preco,42.4,"42,40",R$/sc,price,BRL,sc60kg,spot,,,physical
2025-10-10,sorgo,sorgo-mercado-fisico-ms,Sorgo - Mercado Físico MS,Dourados,,variacao_pct,0.0,"0,00",%,change_pct,,pct,spot,,,physical
2025-10-10,sorgo,sorgo-mercado-fisico-ms,Sorgo - Mercado Físico MS,Maracaju,,preco,41.6,"41,60",R$/sc,price,BRL,sc60kg,spot,,,physical
2025-10-10,sorgo,sorgo-mercado-fisico-ms,Sorgo - Mercado Físico MS,Maracaju,,variacao_pct,0.0,"0,00",%,change_pct,,pct,spot,,,physical
2025-10-10,sorgo,sorgo-mercado-fisico-ms,Sorgo - Mercado Físico MS,Maringá,,preco,48.8,"48,80",R$/sc,price,BRL,sc60kg,spot,,,physical
2025-10-10,sorgo,sorgo-mercado-fisico-ms,Sorgo - Mercado Físico MS,Maringá,,variacao_pct,0.0,"0,00",%,change_pct,,pct,spot,,,physical
2025-10-10,sorgo,sorgo-mercado-fisico-ms,Sorgo - Mercado Físico MS,Paranaguá,,preco,53.6,"53,60",R$/sc,price,BRL,sc60kg,spot,,PR,physical
2025-10-10,sorgo,sorgo-mercado-fisico-ms,Sorgo - Mercado Físico MS,Paranaguá,,variacao_pct,0.75,"+0,75",%,change_pct,,pct,spot,,PR,physical
2025-10-10,sorgo,sorgo-mercado-fisico-ms,Sorgo - Mercado Físico MS,Ponta Porã,,preco,42.4,"42,40",R$/sc,price,BRL,sc60kg,spot,,,physical
2025-10-10,sorgo,sorgo-mercado-fisico-ms,Sorgo - Mercado Físico MS,Ponta Porã,,variacao_pct,0.0,"0,00",%,change_pct,,pct,spot,,,physical
2025-10-10,sorgo,sorgo-mercado-fisico-ms,Sorgo - Mercado Físico MS,Sidrolândia,,preco,41.2,"41,20",R$/sc,price,BRL,sc60kg,spot,,,physical
2025-10-10,sorgo,sorgo-mercado-fisico-ms,Sorgo - Mercado Físico MS,Sidrolândia,,variacao_pct,0.0,"0,00",%,change_pct,,pct,spot,,,physical
2025-10-10,sorgo,sorgo-mercado-fisico-ms,Sorgo - Mercado Físico MS,Sonora,,preco,40.0,"40,00",R$/sc,price,BRL,sc60kg,spot,,,physical
2025-10-10,sorgo,sorgo-mercado-fisico-ms,Sorgo - Mercado Físico MS,Sonora,,variacao_pct,0.0,"0,00",%,change_pct,,pct,spot,,,physical
2025-10-10,sorgo,sorgo-mercado-fisico-ms,Sorgo - Mercado Físico MS,São Gabriel do Oeste,,preco,40.0,"40,00",R$/sc,price,BRL,sc60kg,spot,,,physical
2025-10-10,sorgo,sorgo-mercado-fisico-ms,Sorgo - Mercado Físico MS,São Gabriel do Oeste,,variacao_pct,0.0,"0,00",%,change_pct,,pct,spot,,,physical
2025-10-13,sorgo,sorgo-mercado-fisico-ms,Sorgo - Mercado Físico MS,Campo Grande,,preco,40.0,"40,00",R$/sc,price,BRL,sc60kg,spot,,,physical
2025-10-13,sorgo,sorgo-mercado-fisico-ms,Sorgo - Mercado Físico MS,Campo Grande,,variacao_pct,0.0,"0,00",%,change_pct,,pct,spot,,,physical
2025-10-13,sorgo,sorgo-mercado-fisico-ms,Sorgo - Mercado Físico MS,Chapadão do Sul,,preco,43.2,"43,20",R$/sc,price,BRL,sc60kg,spot,,,physical
2025-10-13,sorgo,sorgo-mercado-fisico-ms,Sorgo - Mercado Físico MS,Chapadão do Sul,,variacao_pct,0.0,"0,00",%,change_pct,,pct,spot,,,physical
2025-10-13,sorgo,sorgo-mercado-fisico-ms,Sorgo - Mercado Físico MS,Dourados,,preco,42.4,"42,40",R$/sc,price,BRL,sc60kg,spot,,,physical
2025-10-13,sorgo,sorgo-mercado-fisico-ms,Sorgo - Mercado Físico MS,Dourados,,variacao_pct,0.0,"0,00",%,change_pct,,pct,spot,,,physical
2025-10-13,sorgo,sorgo-mercado-fisico-ms,Sorgo - Mercado Físico MS,Maracaju,,preco,41.6,"41,60",R$/sc,price,BRL,sc60kg,spot,,,physical
2025-10-13,sorgo,sorgo-mercado-fisico-ms,Sorgo - Mercado Físico MS,Maracaju,,variacao_pct,0.0,"0,00",%,change_pct,,pct,spot,,,physical
2025-10-13,sorgo,sorgo-mercado-fisico-ms,Sorgo - Mercado Físico MS,Maringá,,preco,48.8,"48,80",R$/sc,price,BRL,sc60kg,spot,,,physical
2025-10-13,sorgo,sorgo-mercado-fisico-ms,Sorgo - Mercado Físico MS,Maringá,,variacao_pct,0.0,"0,00",%,change_pct,,pct,spot,,,physical
2025-10-13,sorgo,sorgo-mercado-fisico-ms,Sorgo - Mercado Físico MS,Paranaguá,,preco,53.6,"53,60",R$/sc,price,BRL,sc60kg,spot,,PR,physical
2025-10-13,sorgo,sorgo-mercado-fisico-ms,Sorgo - Mercado Físico MS,Paranaguá,,variacao_pct,0.75,"+0,75",%,change_pct,,pct,spot,,PR,physical
2025-10-13,sorgo,sorgo-mercado-fisico-ms,Sorgo - Mercado Físico MS,Ponta Porã,,preco,42.4,"42,40",R$/sc,price,BRL,sc60kg,spot,,,physical
2025-10-13,sorgo,sorgo-mercado-fisico-ms,Sorgo - Mercado Físico MS,Ponta Porã,,variacao_pct,0.0,"0,00",%,change_pct,,pct,spot,,,physical
2025-10-13,sorgo,sorgo-mercado-fisico-ms,Sorgo - Mercado Físico MS,Sidrolândia,,preco,41.2,"41,20",R$/sc,price,BRL,sc60kg,spot,,,physical
2025-10-13,sorgo,sorgo-mercado-fisico-ms,Sorgo - Mercado Físico MS,Sidrolândia,,variacao_pct,0.0,"0,00",%,change_pct,,pct,spot,,,physical
2025-10-13,sorgo,sorgo-mercado-fisico-ms,Sorgo - Mercado Físico MS,Sonora,,preco,40.0,"40,00",R$/sc,price,BRL,sc60kg,spot,,,physical
2025-10-13,sorgo,sorgo-mercado-fisico-ms,Sorgo - Mercado Físico MS,Sonora,,variacao_pct,0.0,"0,00",%,change_pct,,pct,spot,,,physical
2025-10-13,sorgo,sorgo-mercado-fisico-ms,Sorgo - Mercado Físico MS,São Gabriel do Oeste,,preco,40.0,"40,00",R$/sc,price,BRL,sc60kg,spot,,,physical
2025-10-13,sorgo,sorgo-mercado-fisico-ms,Sorgo - Mercado Físico MS,São Gabriel do Oeste,,variacao_pct,0.0,"0,00",%,change_pct,,pct,spot,,,physical
2025-10-14,sorgo,sorgo-mercado-fisico-ms,Sorgo - Mercado Físico MS,Campo Grande,,preco,40.0,"40,00",R$/sc,price,BRL,sc60kg,spot,,,physical
2025-10-14,sorgo,sorgo-mercado-fisico-ms,Sorgo - Mercado Físico MS,Campo Grande,,variacao_pct,0.0,"0,00",%,change_pct,,pct,spot,,,physical
2025-10-14,sorgo,sorgo-mercado-fisico-ms,Sorgo - Mercado Físico MS,Chapadão do Sul,,preco,43.2,"43,20",R$/sc,price,BRL,sc60kg,spot,,,physical
2025-10-14,sorgo,sorgo-mercado-fisico-ms,Sorgo - Mercado Físico MS,Chapadão do Sul,,variacao_pct,0.0,"0,00",%,change_pct,,pct,spot,,,physical
2025-10-14,sorgo,sorgo-mercado-fisico-ms,Sorgo - Mercado Físico MS,Dourados,,preco,42.4,"42,40",R$/sc,price,BRL,sc60kg,spot,,,physical
2025-10-14,sorgo,sorgo-mercado-fisico-ms,Sorgo - Mercado Físico MS,Dourados,,variacao_pct,0.0,"0,00",%,change_pct,,pct,spot,,,physical
2025-10-14,sorgo,sorgo-mercado-fisico-ms,Sorgo - Mercado Físico MS,Maracaju,,preco,41.6,"41,60",R$/sc,price,BRL,sc60kg,spot,,,physical
2025-10-14,sorgo,sorgo-mercado-fisico-ms,Sorgo - Mercado Físico MS,Maracaju,,variacao_pct,0.0,"0,00",%,change_pct,,pct,spot,,,physical
2025-10-14,sorgo,sorgo-mercado-fisico-ms,Sorgo - Mercado Físico MS,Maringá,,preco,48.8,"48,80",R$/sc,price,BRL,sc60kg,spot,,,physical
2025-10-14,sorgo,sorgo-mercado-fisico-ms,Sorgo - Mercado Físico MS,Maringá,,variacao_pct,0.0,"0,00",%,change_pct,,pct,spot,,,physical
2025-10-14,sorgo,sorgo-mercado-fisico-ms,Sorgo - Mercado Físico MS,Paranaguá,,preco,53.6,"53,60",R$/sc,price,BRL,sc60kg,spot,,PR,physical
2025-10-14,sorgo,sorgo-mercado-fisico-ms,Sorgo - Mercado Físico MS,Paranaguá,,variacao_pct,0.75,"+0,75",%,change_pct,,pct,spot,,PR,physical
2025-10-14,sorgo,sorgo-mercado-fisico-ms,Sorgo - Mercado Físico MS,Ponta Porã,,preco,42.4,"42,40",R$/sc,price,BRL,sc60kg,spot,,,physical
2025-10-14,sorgo,sorgo-mercado-fisico-ms,Sorgo - Mercado Físico MS,Ponta Porã,,variacao_pct,0.0,"0,00",%,change_pct,,pct,spot,,,physical
2025-10-14,sorgo,sorgo-mercado-fisico-ms,Sorgo - Mercado Físico MS,Sidrolândia,,preco,41.2,"41,20",R$/sc,price,BRL,sc60kg,spot,,,physical
2025-10-14,sorgo,sorgo-mercado-fisico-ms,Sorgo - Mercado Físico MS,Sidrolândia,,variacao_pct,0.0,"0,00",%,change_pct,,pct,spot,,,physical
2025-10-14,sorgo,sorgo-mercado-fisico-ms,Sorgo - Mercado Físico MS,Sonora,,preco,40.0,"40,00",R$/sc,price,BRL,sc60kg,spot,,,physical
2025-10-14,sorgo,sorgo-mercado-fisico-ms,Sorgo - Mercado Físico MS,Sonora,,variacao_pct,0.0,"0,00",%,change_pct,,pct,spot,,,physical
2025-10-14,sorgo,sorgo-mercado-fisico-ms,Sorgo - Mercado Físico MS,São Gabriel do Oeste,,preco,40.0,"40,00",R$/sc,price,BRL,sc60kg,spot,,,physical
2025-10-14,sorgo,sorgo-mercado-fisico-ms,Sorgo - Mercado Físico MS,São Gabriel do Oeste,,variacao_pct,0.0,"0,00",%,change_pct,,pct,spot,,,physical
2026-01-26,sorgo,sorgo-mercado-fisico-media,Sorgo - Mercado Físico,Cândido Mota/SP (Coopermota),,preco,44.4,"44,40",R$/sc,price,BRL,sc60kg,spot,,SP,physical
2026-01-26,sorgo,sorgo-mercado-fisico-media,Sorgo - Mercado Físico,Cândido Mota/SP (Coopermota),,variacao_pct,-0.89,"-0,89",%,change_pct,,pct,spot,,SP,physical
2026-01-26,sorgo,sorgo-mercado-fisico-media,Sorgo - Mercado Físico,Jataí/GO (Sindicato Rural de Jataí),,preco,,s/ cotação,R$/sc,price,BRL,sc60kg,spot,,GO,physical
2026-01-26,sorgo,sorgo-mercado-fisico-media,Sorgo - Mercado Físico,Jataí/GO (Sindicato Rural de Jataí),,variacao_pct,,-,%,change_pct,,pct,spot,,GO,physical
2026-01-26,sorgo,sorgo-mercado-fisico-media,Sorgo - Mercado Físico,Luís Eduardo Magalhães/BA,,preco,42.0,"42,00",R$/sc,price,BRL,sc60kg,spot,,BA,physical
2026-01-26,sorgo,sorgo-mercado-fisico-media,Sorgo - Mercado Físico,Luís Eduardo Magalhães/BA,,variacao_pct,0.0,"0,00",%,change_pct,,pct,spot,,BA,physical
2026-01-26,sorgo,sorgo-mercado-fisico-media,Sorgo - Mercado Físico,Média RS (Clicmercado),,preco,52.0,"52,00",R$/sc,price,BRL,sc60kg,spot,,,physical
2026-01-26,sorgo,sorgo-mercado-fisico-media,Sorgo - Mercado Físico,Média RS (Clicmercado),,variacao_pct,0.0,"0,00",%,change_pct,,pct,spot,,,physical
2026-01-26,sorgo,sorgo-mercado-fisico-media,Sorgo - Mercado Físico,Oeste da Bahia/BA (AIBA),,preco,43.0,"43,00",R$/sc,price,BRL,sc60kg,spot,,BA,physical
2026-01-26,sorgo,sorgo-mercado-fisico-media,Sorgo - Mercado Físico,Oeste da Bahia/BA (AIBA),,variacao_pct,0.0,"0,00",%,change_pct,,pct,spot,,BA,physical
2026-01-26,sorgo,sorgo-mercado-fisico-media,Sorgo - Mercado Físico,Rio Verde/GO (Comigo),,preco,47.0,"47,00",R$/sc,price,BRL,sc60kg,spot,,GO,physical
2026-01-26,sorgo,sorgo-mercado-fisico-media,Sorgo - Mercado Físico,Rio Verde/GO (Comigo),,variacao_pct,0.0,"0,00",%,change_pct,,pct,spot,,GO,physical
2026-01-26,sorgo,sorgo-mercado-fisico-media,Sorgo - Mercado Físico,Rio do Sul/SC (Cravil),,preco,61.0,"61,00",R$/sc,price,BRL,sc60kg,spot,,SC,physical
2026-01-26,sorgo,sorgo-mercado-fisico-media,Sorgo - Mercado Físico,Rio do Sul/SC (Cravil),,variacao_pct,0.0,"0,00",%,change_pct,,pct,spot,,SC,physical
2026-01-27,sorgo,sorgo-mercado-fisico-media,Sorgo - Mercado Físico,Cândido Mota/SP (Coopermota),,preco,44.0,"44,00",R$/sc,price,BRL,sc60kg,spot,,SP,physical
2026-01-27,sorgo,sorgo-mercado-fisico-media,Sorgo - Mercado Físico,Cândido Mota/SP (Coopermota),,variacao_pct,-0.9,"-0,90",%,change_pct,,pct,spot,,SP,physical
2026-01-27,sorgo,sorgo-mercado-fisico-media,Sorgo - Mercado Físico,Jataí/GO (Sindicato Rural de Jataí),,preco,47.0,"47,00",R$/sc,price,BRL,sc60kg,spot,,GO,physical
2026-01-27,sorgo,sorgo-mercado-fisico-media,Sorgo - Mercado Físico,Jataí/GO (Sindicato Rural de Jataí),,variacao_pct,,-,%,change_pct,,pct,spot,,GO,physical
2026-01-27,sorgo,sorgo-mercado-fisico-media,Sorgo - Mercado Físico,Luís Eduardo Magalhães/BA,,preco,42.0,"42,00",R$/sc,price,BRL,sc60kg,spot,,BA,physical
2026-01-27,sorgo,sorgo-mercado-fisico-media,Sorgo - Mercado Físico,Luís Eduardo Magalhães/BA,,variacao_pct,0.0,"0,00",%,change_pct,,pct,spot,,BA,physical
2026-01-27,sorgo,sorgo-mercado-fisico-media,Sorgo - Mercado Físico,Média RS (Clicmercado),,preco,52.0,"52,00",R$/sc,price,BRL,sc60kg,spot,,,physical
2026-01-27,sorgo,sorgo-mercado-fisico-media,Sorgo - Mercado Físico,Média RS (Clicmercado),,variacao_pct,0.0,"0,00",%,change_pct,,pct,spot,,,physical
2026-01-27,sorgo,sorgo-mercado-fisico-media,Sorgo - Mercado Físico,Oeste da Bahia/BA (AIBA),,preco,43.0,"43,00",R$/sc,price,BRL,sc60kg,spot,,BA,physical
2026-01-27,sorgo,sorgo-mercado-fisico-media,Sorgo - Mercado Físico,Oeste da Bahia/BA (AIBA),,variacao_pct,0.0,"0,00",%,change_pct,,pct,spot,,BA,physical
2026-01-27,sorgo,sorgo-mercado-fisico-media,Sorgo - Mercado Físico,Rio Verde/GO (Comigo),,preco,47.0,"47,00",R$/sc,price,BRL,sc60kg,spot,,GO,physical
2026-01-27,sorgo,sorgo-mercado-fisico-media,Sorgo - Mercado Físico,Rio Verde/GO (Comigo),,variacao_pct,0.0,"0,00",%,change_pct,,pct,spot,,GO,physical
2026-01-27,sorgo,sorgo-mercado-fisico-media,Sorgo - Mercado Físico,Rio do Sul/SC (Cravil),,preco,61.0,"61,00",R$/sc,price,BRL,sc60kg,spot,,SC,physical
2026-01-27,sorgo,sorgo-mercado-fisico-media,Sorgo - Mercado Físico,Rio do Sul/SC (Cravil),,variacao_pct,0.0,"0,00",%,change_pct,,pct,spot,,SC,physical
2026-01-28,sorgo,sorgo-mercado-fisico-media,Sorgo - Mercado Físico,Cândido Mota/SP (Coopermota),,preco,44.0,"44,00",R$/sc,price,BRL,sc60kg,spot,,SP,physical
2026-01-28,sorgo,sorgo-mercado-fisico-media,Sorgo - Mercado Físico,Cândido Mota/SP (Coopermota),,variacao_pct,0.0,"0,00",%,change_pct,,pct,spot,,SP,physical
2026-01-28,sorgo,sorgo-mercado-fisico-media,Sorgo - Mercado Físico,Jataí/GO (Sindicato Rural de Jataí),,preco,47.0,"47,00",R$/sc,price,BRL,sc60kg,spot,,GO,physical
2026-01-28,sorgo,sorgo-mercado-fisico-media,Sorgo - Mercado Físico,Jataí/GO (Sindicato Rural de Jataí),,variacao_pct,0.0,"0,00",%,change_pct,,pct,spot,,GO,physical
2026-01-28,sorgo,sorgo-mercado-fisico-media,Sorgo - Mercado Físico,Luís Eduardo Magalhães/BA,,preco,42.0,"42,00",R$/sc,price,BRL,sc60kg,spot,,BA,physical
2026-01-28,sorgo,sorgo-mercado-fisico-media,Sorgo - Mercado Físico,Luís Eduardo Magalhães/BA,,variacao_pct,0.0,"0,00",%,change_pct,,pct,spot,,BA,physical
2026-01-28,sorgo,sorgo-mercado-fisico-media,Sorgo - Mercado Físico,Média RS (Clicmercado),,preco,52.0,"52,00",R$/sc,price,BRL,sc60kg,spot,,,physical
2026-01-28,sorgo,sorgo-mercado-fisico-media,Sorgo - Mercado Físico,Média RS (Clicmercado),,variacao_pct,0.0,"0,00",%,change_pct,,pct,spot,,,physical
2026-01-28,sorgo,sorgo-mercado-fisico-media,Sorgo - Mercado Físico,Oeste da Bahia/BA (AIBA),,preco,43.0,"43,00",R$/sc,price,BRL,sc60kg,spot,,BA,physical
2026-01-28,sorgo,sorgo-mercado-fisico-media,Sorgo - Mercado Físico,Oeste da Bahia/BA (AIBA),,variacao_pct,0.0,"0,00",%,change_pct,,pct,spot,,BA,physical
2026-01-28,sorgo,sorgo-mercado-fisico-media,Sorgo - Mercado Físico,Rio Verde/GO (Comigo),,preco,47.0,"47,00",R$/sc,price,BRL,sc60kg,spot,,GO,physical
2026-01-28,sorgo,sorgo-mercado-fisico-media,Sorgo - Mercado Físico,Rio Verde/GO (Comigo),,variacao_pct,0.0,"0,00",%,change_pct,,pct,spot,,GO,physical
2026-01-28,sorgo,sorgo-mercado-fisico-media,Sorgo - Mercado Físico,Rio do Sul/SC (Cravil),,preco,61.0,"61,00",R$/sc,price,BRL,sc60kg,spot,,SC,physical
2026-01-28,sorgo,sorgo-mercado-fisico-media,Sorgo - Mercado Físico,Rio do Sul/SC (Cravil),,variacao_pct,0.0,"0,00",%,change_pct,,pct,spot,,SC,physical
2026-01-29,sorgo,sorgo-mercado-fisico-media,Sorgo - Mercado Físico,Cândido Mota/SP (Coopermota),,preco,44.0,"44,00",R$/sc,price,BRL,sc60kg,spot,,SP,physical
2026-01-29,sorgo,sorgo-mercado-fisico-media,Sorgo - Mercado Físico,Cândido Mota/SP (Coopermota),,variacao_pct,0.0,"0,00",%,change_pct,,pct,spot,,SP,physical
2026-01-29,sorgo,sorgo-mercado-fisico-media,Sorgo - Mercado Físico,Jataí/GO (Sindicato Rural de Jataí),,preco,47.0,"47,00",R$/sc,price,BRL,sc60kg,spot,,GO,physical
2026-01-29,sorgo,sorgo-mercado-fisico-media,Sorgo - Mercado Físico,Jataí/GO (Sindicato Rural de Jataí),,variacao_pct,0.0,"0,00",%,change_pct,,pct,spot,,GO,physical
2026-01-29,sorgo,sorgo-mercado-fisico-media,Sorgo - Mercado Físico,Luís Eduardo Magalhães/BA,,preco,42.0,"42,00",R$/sc,price,BRL,sc60kg,spot,,BA,physical
2026-01-29,sorgo,sorgo-mercado-fisico-media,Sorgo - Mercado Físico,Luís Eduardo Magalhães/BA,,variacao_pct,0.0,"0,00",%,change_pct,,pct,spot,,BA,physical
2026-01-29,sorgo,sorgo-mercado-fisico-media,Sorgo - Mercado Físico,Média RS (Clicmercado),,preco,52.0,"52,00",R$/sc,price,BRL,sc60kg,spot,,,physical
2026-01-29,sorgo,sorgo-mercado-fisico-media,Sorgo - Mercado Físico,Média RS (Clicmercado),,variacao_pct,0.0,"0,00",%,change_pct,,pct,spot,,,physical
2026-01-29,sorgo,sorgo-mercado-fisico-media,Sorgo - Mercado Físico,Oeste da Bahia/BA (AIBA),,preco,43.0,"43,00",R$/sc,price,BRL,sc60kg,spot,,BA,physical
2026-01-29,sorgo,sorgo-mercado-fisico-media,Sorgo - Mercado Físico,Oeste da Bahia/BA (AIBA),,variacao_pct,0.0,"0,00",%,change_pct,,pct,spot,,BA,physical
2026-01-29,sorgo,sorgo-mercado-fisico-media,Sorgo - Mercado Físico,Rio Verde/GO (Comigo),,preco,47.0,"47,00",R$/sc,price,BRL,sc60kg,spot,,GO,physical
2026-01-29,sorgo,sorgo-mercado-fisico-media,Sorgo - Mercado Físico,Rio Verde/GO (Comigo),,variacao_pct,0.0,"0,00",%,change_pct,,pct,spot,,GO,physical
2026-01-29,sorgo,sorgo-mercado-fisico-media,Sorgo - Mercado Físico,Rio do Sul/SC (Cravil),,preco,61.0,"61,00",R$/sc,price,BRL,sc60kg,spot,,SC,physical
2026-01-29,sorgo,sorgo-mercado-fisico-media,Sorgo - Mercado Físico,Rio do Sul/SC (Cravil),,variacao_pct,0.0,"0,00",%,change_pct,,pct,spot,,SC,physical
2026-01-30,sorgo,sorgo-mercado-fisico-media,Sorgo - Mercado Físico,Cândido Mota/SP (Coopermota),,preco,44.0,"44,00",R$/sc,price,BRL,sc60kg,spot,,SP,physical
2026-01-30,sorgo,sorgo-mercado-fisico-media,Sorgo - Mercado Físico,Cândido Mota/SP (Coopermota),,variacao_pct,0.0,"0,00",%,change_pct,,pct,spot,,SP,physical
2026-01-30,sorgo,sorgo-mercado-fisico-media,Sorgo - Mercado Físico,Jataí/GO (Sindicato Rural de Jataí),,preco,47.0,"47,00",R$/sc,price,BRL,sc60kg,spot,,GO,physical
2026-01-30,sorgo,sorgo-mercado-fisico-media,Sorgo - Mercado Físico,Jataí/GO (Sindicato Rural de Jataí),,variacao_pct,0.0,"0,00",%,change_pct,,pct,spot,,GO,physical
2026-01-30,sorgo,sorgo-mercado-fisico-media,Sorgo - Mercado Físico,Luís Eduardo Magalhães/BA,,preco,42.0,"42,00",R$/sc,price,BRL,sc60kg,spot,,BA,physical
2026-01-30,sorgo,sorgo-mercado-fisico-media,Sorgo - Mercado Físico,Luís Eduardo Magalhães/BA,,variacao_pct,0.0,"0,00",%,change_pct,,pct,spot,,BA,physical
2026-01-30,sorgo,sorgo-mercado-fisico-media,Sorgo - Mercado Físico,Média RS (Clicmercado),,preco,52.0,"52,00",R$/sc,price,BRL,sc60kg,spot,,,physical
2026-01-30,sorgo,sorgo-mercado-fisico-media,Sorgo - Mercado Físico,Média RS (Clicmercado),,variacao_pct,0.0,"0,00",%,change_pct,,pct,spot,,,physical
2026-01-30,sorgo,sorgo-mercado-fisico-media,Sorgo - Mercado Físico,Oeste da Bahia/BA (AIBA),,preco,43.0,"43,00",R$/sc,price,BRL,sc60kg,spot,,BA,physical
2026-01-30,sorgo,sorgo-mercado-fisico-media,Sorgo - Mercado Físico,Oeste da Bahia/BA (AIBA),,variacao_pct,0.0,"0,00",%,change_pct,,pct,spot,,BA,physical
2026-01-30,sorgo,sorgo-mercado-fisico-media,Sorgo - Mercado Físico,Rio Verde/GO (Comigo),,preco,47.0,"47,00",R$/sc,price,BRL,sc60kg,spot,,GO,physical
2026-01-30,sorgo,sorgo-mercado-fisico-media,Sorgo - Mercado Físico,Rio Verde/GO (Comigo),,variacao_pct,0.0,"0,00",%,change_pct,,pct,spot,,GO,physical
2026-01-30,sorgo,sorgo-mercado-fisico-media,Sorgo - Mercado Físico,Rio do Sul/SC (Cravil),,preco,61.0,"61,00",R$/sc,price,BRL,sc60kg,spot,,SC,physical
2026-01-30,sorgo,sorgo-mercado-fisico-media,Sorgo - Mercado Físico,Rio do Sul/SC (Cravil),,variacao_pct,0.0,"0,00",%,change_pct,,pct,spot,,SC,physical
2026-02-02,sorgo,sorgo-mercado-fisico-media,Sorgo - Mercado Físico,Cândido Mota/SP (Coopermota),,preco,44.0,"44,00",R$/sc,price,BRL,sc60kg,spot,,SP,physical
2026-02-02,sorgo,sorgo-mercado-fisico-media,Sorgo - Mercado Físico,Cândido Mota/SP (Coopermota),,variacao_pct,0.0,"0,00",%,change_pct,,pct,spot,,SP,physical
2026-02-02,sorgo,sorgo-mercado-fisico-media,Sorgo - Mercado Físico,Jataí/GO (Sindicato Rural de Jataí),,preco,46.0,"46,00",R$/sc,price,BRL,sc60kg,spot,,GO,physical
2026-02-02,sorgo,sorgo-mercado-fisico-media,Sorgo - Mercado Físico,Jataí/GO (Sindicato Rural de Jataí),,variacao_pct,-2.13,"-2,13",%,change_pct,,pct,spot,,GO,physical
2026-02-02,sorgo,sorgo-mercado-fisico-media,Sorgo - Mercado Físico,Luís Eduardo Magalhães/BA,,preco,42.0,"42,00",R$/sc,price,BRL,sc60kg,spot,,BA,physical
2026-02-02,sorgo,sorgo-mercado-fisico-media,Sorgo - Mercado Físico,Luís Eduardo Magalhães/BA,,variacao_pct,0.0,"0,00",%,change_pct,,pct,spot,,BA,physical
2026-02-02,sorgo,sorgo-mercado-fisico-media,Sorgo - Mercado Físico,Média RS (Clicmercado),,preco,52.0,"52,00",R$/sc,price,BRL,sc60kg,spot,,,physical
2026-02-02,sorgo,sorgo-mercado-fisico-media,Sorgo - Mercado Físico,Média RS (Clicmercado),,variacao_pct,0.0,"0,00",%,change_pct,,pct,spot,,,physical
2026-02-02,sorgo,sorgo-mercado-fisico-media,Sorgo - Mercado Físico,Oeste da Bahia/BA (AIBA),,preco,43.0,"43,00",R$/sc,price,BRL,sc60kg,spot,,BA,physical
2026-02-02,sorgo,sorgo-mercado-fisico-media,Sorgo - Mercado Físico,Oeste da Bahia/BA (AIBA),,variacao_pct,0.0,"0,00",%,change_pct,,pct,spot,,BA,physical
2026-02-02,sorgo,sorgo-mercado-fisico-media,Sorgo - Mercado Físico,Rio Verde/GO (Comigo),,preco,46.0,"46,00",R$/sc,price,BRL,sc60kg,spot,,GO,physical
2026-02-02,sorgo,sorgo-mercado-fisico-media,Sorgo - Mercado Físico,Rio Verde/GO (Comigo),,variacao_pct,-2.13,"-2,13",%,change_pct,,pct,spot,,GO,physical
2026-02-02,sorgo,sorgo-mercado-fisico-media,Sorgo - Mercado Físico,Rio do Sul/SC (Cravil),,preco,61.0,"61,00",R$/sc,price,BRL,sc60kg,spot,,SC,physical
2026-02-02,sorgo,sorgo-mercado-fisico-media,Sorgo - Mercado Físico,Rio do Sul/SC (Cravil),,variacao_pct,0.0,"0,00",%,change_pct,,pct,spot,,SC,physical
2026-02-03,sorgo,sorgo-mercado-fisico-media,Sorgo - Mercado Físico,Cândido Mota/SP (Coopermota),,preco,44.0,"44,00",R$/sc,price,BRL,sc60kg,spot,,SP,physical
2026-02-03,sorgo,sorgo-mercado-fisico-media,Sorgo - Mercado Físico,Cândido Mota/SP (Coopermota),,variacao_pct,0.0,"0,00",%,change_pct,,pct,spot,,SP,physical
2026-02-03,sorgo,sorgo-mercado-fisico-media,Sorgo - Mercado Físico,Jataí/GO (Sindicato Rural de Jataí),,preco,46.0,"46,00",R$/sc,price,BRL,sc60kg,spot,,GO,physical
2026-02-03,sorgo,sorgo-mercado-fisico-media,Sorgo - Mercado Físico,Jataí/GO (Sindicato Rural de Jataí),,variacao_pct,0.0,"0,00",%,change_pct,,pct,spot,,GO,physical
2026-02-03,sorgo,sorgo-mercado-fisico-media,Sorgo - Mercado Físico,Luís Eduardo Magalhães/BA,,preco,42.0,"42,00",R$/sc,price,BRL,sc60kg,spot,,BA,physical
2026-02-03,sorgo,sorgo-mercado-fisico-media,Sorgo - Mercado Físico,Luís Eduardo Magalhães/BA,,variacao_pct,0.0,"0,00",%,change_pct,,pct,spot,,BA,physical
2026-02-03,sorgo,sorgo-mercado-fisico-media,Sorgo - Mercado Físico,Média RS (Clicmercado),,preco,52.0,"52,00",R$/sc,price,BRL,sc60kg,spot,,,physical
2026-02-03,sorgo,sorgo-mercado-fisico-media,Sorgo - Mercado Físico,Média RS (Clicmercado),,variacao_pct,0.0,"0,00",%,change_pct,,pct,spot,,,physical
2026-02-03,sorgo,sorgo-mercado-fisico-media,Sorgo - Mercado Físico,Oeste da Bahia/BA (AIBA),,preco,43.0,"43,00",R$/sc,price,BRL,sc60kg,spot,,BA,physical
2026-02-03,sorgo,sorgo-mercado-fisico-media,Sorgo - Mercado Físico,Oeste da Bahia/BA (AIBA),,variacao_pct,0.0,"0,00",%,change_pct,,pct,spot,,BA,physical
2026-02-03,sorgo,sorgo-mercado-fisico-media,Sorgo - Mercado Físico,Rio Verde/GO (Comigo),,preco,46.0,"46,00",R$/sc,price,BRL,sc60kg,spot,,GO,physical
2026-02-03,sorgo,sorgo-mercado-fisico-media,Sorgo - Mercado Físico,Rio Verde/GO (Comigo),,variacao_pct,0.0,"0,00",%,change_pct,,pct,spot,,GO,physical
2026-02-03,sorgo,sorgo-mercado-fisico-media,Sorgo - Mercado Físico,Rio do Sul/SC (Cravil),,preco,61.0,"61,00",R$/sc,price,BRL,sc60kg,spot,,SC,physical
2026-02-03,sorgo,sorgo-mercado-fisico-media,Sorgo - Mercado Físico,Rio do Sul/SC (Cravil),,variacao_pct,0.0,"0,00",%,change_pct,,pct,spot,,SC,physical
2026-02-04,sorgo,sorgo-mercado-fisico-media,Sorgo - Mercado Físico,Cândido Mota/SP (Coopermota),,preco,44.0,"44,00",R$/sc,price,BRL,sc60kg,spot,,SP,physical
2026-02-04,sorgo,sorgo-mercado-fisico-media,Sorgo - Mercado Físico,Cândido Mota/SP (Coopermota),,variacao_pct,0.0,"0,00",%,change_pct,,pct,spot,,SP,physical
2026-02-04,sorgo,sorgo-mercado-fisico-media,Sorgo - Mercado Físico,Jataí/GO (Sindicato Rural de Jataí),,preco,46.0,"46,00",R$/sc,price,BRL,sc60kg,spot,,GO,physical
2026-02-04,sorgo,sorgo-mercado-fisico-media,Sorgo - Mercado Físico,Jataí/GO (Sindicato Rural de Jataí),,variacao_pct,0.0,"0,00",%,change_pct,,pct,spot,,GO,physical
2026-02-04,sorgo,sorgo-mercado-fisico-media,Sorgo - Mercado Físico,Luís Eduardo Magalhães/BA,,preco,42.0,"42,00",R$/sc,price,BRL,sc60kg,spot,,BA,physical
2026-02-04,sorgo,sorgo-mercado-fisico-media,Sorgo - Mercado Físico,Luís Eduardo Magalhães/BA,,variacao_pct,0.0,"0,00",%,change_pct,,pct,spot,,BA,physical
2026-02-04,sorgo,sorgo-mercado-fisico-media,Sorgo - Mercado Físico,Média RS (Clicmercado),,preco,52.0,"52,00",R$/sc,price,BRL,sc60kg,spot,,,physical
2026-02-04,sorgo,sorgo-mercado-fisico-media,Sorgo - Mercado Físico,Média RS (Clicmercado),,variacao_pct,0.0,"0,00",%,change_pct,,pct,spot,,,physical
2026-02-04,sorgo,sorgo-mercado-fisico-media,Sorgo - Mercado Físico,Oeste da Bahia/BA (AIBA),,preco,43.0,"43,00",R$/sc,price,BRL,sc60kg,spot,,BA,physical
2026-02-04,sorgo,sorgo-mercado-fisico-media,Sorgo - Mercado Físico,Oeste da Bahia/BA (AIBA),,variacao_pct,0.0,"0,00",%,change_pct,,pct,spot,,BA,physical
2026-02-04,sorgo,sorgo-mercado-fisico-media,Sorgo - Mercado Físico,Rio Verde/GO (Comigo),,preco,46.0,"46,00",R$/sc,price,BRL,sc60kg,spot,,GO,physical
2026-02-04,sorgo,sorgo-mercado-fisico-media,Sorgo - Mercado Físico,Rio Verde/GO (Comigo),,variacao_pct,0.0,"0,00",%,change_pct,,pct,spot,,GO,physical
2026-02-04,sorgo,sorgo-mercado-fisico-media,Sorgo - Mercado Físico,Rio do Sul/SC (Cravil),,preco,61.0,"61,00",R$/sc,price,BRL,sc60kg,spot,,SC,physical
2026-02-04,sorgo,sorgo-mercado-fisico-media,Sorgo - Mercado Físico,Rio do Sul/SC (Cravil),,variacao_pct,0.0,"0,00",%,change_pct,,pct,spot,,SC,physical
2026-02-05,sorgo,sorgo-mercado-fisico-media,Sorgo - Mercado Físico,Cândido Mota/SP (Coopermota),,preco,44.0,"44,00",R$/sc,price,BRL,sc60kg,spot,,SP,physical
2026-02-05,sorgo,sorgo-mercado-fisico-media,Sorgo - Mercado Físico,Cândido Mota/SP (Coopermota),,variacao_pct,0.0,"0,00",%,change_pct,,pct,spot,,SP,physical
2026-02-05,sorgo,sorgo-mercado-fisico-media,Sorgo - Mercado Físico,Jataí/GO (Sindicato Rural de Jataí),,preco,46.0,"46,00",R$/sc,price,BRL,sc60kg,spot,,GO,physical
2026-02-05,sorgo,sorgo-mercado-fisico-media,Sorgo - Mercado Físico,Jataí/GO (Sindicato Rural de Jataí),,variacao_pct,0.0,"0,00",%,change_pct,,pct,spot,,GO,physical
2026-02-05,sorgo,sorgo-mercado-fisico-media,Sorgo - Mercado Físico,Luís Eduardo Magalhães/BA,,preco,42.0,"42,00",R$/sc,price,BRL,sc60kg,spot,,BA,physical
2026-02-05,sorgo,sorgo-mercado-fisico-media,Sorgo - Mercado Físico,Luís Eduardo Magalhães/BA,,variacao_pct,0.0,"0,00",%,change_pct,,pct,spot,,BA,physical
2026-02-05,sorgo,sorgo-mercado-fisico-media,Sorgo - Mercado Físico,Média RS (Clicmercado),,preco,52.0,"52,00",R$/sc,price,BRL,sc60kg,spot,,,physical
2026-02-05,sorgo,sorgo-mercado-fisico-media,Sorgo - Mercado Físico,Média RS (Clicmercado),,variacao_pct,0.0,"0,00",%,change_pct,,pct,spot,,,physical
2026-02-05,sorgo,sorgo-mercado-fisico-media,Sorgo - Mercado Físico,Oeste da Bahia/BA (AIBA),,preco,43.0,"43,00",R$/sc,price,BRL,sc60kg,spot,,BA,physical
2026-02-05,sorgo,sorgo-mercado-fisico-media,Sorgo - Mercado Físico,Oeste da Bahia/BA (AIBA),,variacao_pct,0.0,"0,00",%,change_pct,,pct,spot,,BA,physical
2026-02-05,sorgo,sorgo-mercado-fisico-media,Sorgo - Mercado Físico,Rio Verde/GO (Comigo),,preco,46.0,"46,00",R$/sc,price,BRL,sc60kg,spot,,GO,physical
2026-02-05,sorgo,sorgo-mercado-fisico-media,Sorgo - Mercado Físico,Rio Verde/GO (Comigo),,variacao_pct,0.0,"0,00",%,change_pct,,pct,spot,,GO,physical
2026-02-05,sorgo,sorgo-mercado-fisico-media,Sorgo - Mercado Físico,Rio do Sul/SC (Cravil),,preco,61.0,"61,00",R$/sc,price,BRL,sc60kg,spot,,SC,physical
2026-02-05,sorgo,sorgo-mercado-fisico-media,Sorgo - Mercado Físico,Rio do Sul/SC (Cravil),,variacao_pct,0.0,"0,00",%,change_pct,,pct,spot,,SC,physical
2026-02-06,sorgo,sorgo-mercado-fisico-media,Sorgo - Mercado Físico,Cândido Mota/SP (Coopermota),,preco,44.0,"44,00",R$/sc,price,BRL,sc60kg,spot,,SP,physical
2026-02-06,sorgo,sorgo-mercado-fisico-media,Sorgo - Mercado Físico,Cândido Mota/SP (Coopermota),,variacao_pct,0.0,"0,00",%,change_pct,,pct,spot,,SP,physical
2026-02-06,sorgo,sorgo-mercado-fisico-media,Sorgo - Mercado Físico,Jataí/GO (Sindicato Rural de Jataí),,preco,46.0,"46,00",R$/sc,price,BRL,sc60kg,spot,,GO,physical
2026-02-06,sorgo,sorgo-mercado-fisico-media,Sorgo - Mercado Físico,Jataí/GO (Sindicato Rural de Jataí),,variacao_pct,0.0,"0,00",%,change_pct,,pct,spot,,GO,physical
2026-02-06,sorgo,sorgo-mercado-fisico-media,Sorgo - Mercado Físico,Luís Eduardo Magalhães/BA,,preco,42.0,"42,00",R$/sc,price,BRL,sc60kg,spot,,BA,physical
2026-02-06,sorgo,sorgo-mercado-fisico-media,Sorgo - Mercado Físico,Luís Eduardo Magalhães/BA,,variacao_pct,0.0,"0,00",%,change_pct,,pct,spot,,BA,physical
2026-02-06,sorgo,sorgo-mercado-fisico-media,Sorgo - Mercado Físico,Média RS (Clicmercado),,preco,52.0,"52,00",R$/sc,price,BRL,sc60kg,spot,,,physical
2026-02-06,sorgo,sorgo-mercado-fisico-media,Sorgo - Mercado Físico,Média RS (Clicmercado),,variacao_pct,0.0,"0,00",%,change_pct,,pct,spot,,,physical
2026-02-06,sorgo,sorgo-mercado-fisico-media,Sorgo - Mercado Físico,Oeste da Bahia/BA (AIBA),,preco,43.0,"43,00",R$/sc,price,BRL,sc60kg,spot,,BA,physical
2026-02-06,sorgo,sorgo-mercado-fisico-media,Sorgo - Mercado Físico,Oeste da Bahia/BA (AIBA),,variacao_pct,0.0,"0,00",%,change_pct,,pct,spot,,BA,physical
2026-02-06,sorgo,sorgo-mercado-fisico-media,Sorgo - Mercado Físico,Rio Verde/GO (Comigo),,preco,46.0,"46,00",R$/sc,price,BRL,sc60kg,spot,,GO,physical
2026-02-06,sorgo,sorgo-mercado-fisico-media,Sorgo - Mercado Físico,Rio Verde/GO (Comigo),,variacao_pct,0.0,"0,00",%,change_pct,,pct,spot,,GO,physical
2026-02-06,sorgo,sorgo-mercado-fisico-media,Sorgo - Mercado Físico,Rio do Sul/SC (Cravil),,preco,61.0,"61,00",R$/sc,price,BRL,sc60kg,spot,,SC,physical
2026-02-06,sorgo,sorgo-mercado-fisico-media,Sorgo - Mercado Físico,Rio do Sul/SC (Cravil),,variacao_pct,0.0,"0,00",%,change_pct,,pct,spot,,SC,physical
2026-02-09,sorgo,sorgo-mercado-fisico-media,Sorgo - Mercado Físico,Cândido Mota/SP (Coopermota),,preco,44.0,"44,00",R$/sc,price,BRL,sc60kg,spot,,SP,physical
2026-02-09,sorgo,sorgo-mercado-fisico-media,Sorgo - Mercado Físico,Cândido Mota/SP (Coopermota),,variacao_pct,0.0,"0,00",%,change_pct,,pct,spot,,SP,physical
2026-02-09,sorgo,sorgo-mercado-fisico-media,Sorgo - Mercado Físico,Jataí/GO (Sindicato Rural de Jataí),,preco,46.0,"46,00",R$/sc,price,BRL,sc60kg,spot,,GO,physical
2026-02-09,sorgo,sorgo-mercado-fisico-media,Sorgo - Mercado Físico,Jataí/GO (Sindicato Rural de Jataí),,variacao_pct,0.0,"0,00",%,change_pct,,pct,spot,,GO,physical
2026-02-09,sorgo,sorgo-mercado-fisico-media,Sorgo - Mercado Físico,Luís Eduardo Magalhães/BA,,preco,42.0,"42,00",R$/sc,price,BRL,sc60kg,spot,,BA,physical
2026-02-09,sorgo,sorgo-mercado-fisico-media,Sorgo - Mercado Físico,Luís Eduardo Magalhães/BA,,variacao_pct,0.0,"0,00",%,change_pct,,pct,spot,,BA,physical
2026-02-09,sorgo,sorgo-mercado-fisico-media,Sorgo - Mercado Físico,Média RS (Clicmercado),,preco,52.0,"52,00",R$/sc,price,BRL,sc60kg,spot,,,physical
2026-02-09,sorgo,sorgo-mercado-fisico-media,Sorgo - Mercado Físico,Média RS (Clicmercado),,variacao_pct,0.0,"0,00",%,change_pct,,pct,spot,,,physical
2026-02-09,sorgo,sorgo-mercado-fisico-media,Sorgo - Mercado Físico,Oeste da Bahia/BA (AIBA),,preco,42.67,"42,67",R$/sc,price,BRL,sc60kg,spot,,BA,physical
2026-02-09,sorgo,sorgo-mercado-fisico-media,Sorgo - Mercado Físico,Oeste da Bahia/BA (AIBA),,variacao_pct,-0.77,"-0,77",%,change_pct,,pct,spot,,BA,physical
2026-02-09,sorgo,sorgo-mercado-fisico-media,Sorgo - Mercado Físico,Rio Verde/GO (Comigo),,preco,46.0,"46,00",R$/sc,price,BRL,sc60kg,spot,,GO,physical
2026-02-09,sorgo,sorgo-mercado-fisico-media,Sorgo - Mercado Físico,Rio Verde/GO (Comigo),,variacao_pct,0.0,"0,00",%,change_pct,,pct,spot,,GO,physical
2026-02-09,sorgo,sorgo-mercado-fisico-media,Sorgo - Mercado Físico,Rio do Sul/SC (Cravil),,preco,61.0,"61,00",R$/sc,price,BRL,sc60kg,spot,,SC,physical
2026-02-09,sorgo,sorgo-mercado-fisico-media,Sorgo - Mercado Físico,Rio do Sul/SC (Cravil),,variacao_pct,0.0,"0,00",%,change_pct,,pct,spot,,SC,physical
2026-02-10,sorgo,sorgo-mercado-fisico-media,Sorgo - Mercado Físico,Cândido Mota/SP (Coopermota),,preco,44.0,"44,00",R$/sc,price,BRL,sc60kg,spot,,SP,physical
2026-02-10,sorgo,sorgo-mercado-fisico-media,Sorgo - Mercado Físico,Cândido Mota/SP (Coopermota),,variacao_pct,0.0,"0,00",%,change_pct,,pct,spot,,SP,physical
2026-02-10,sorgo,sorgo-mercado-fisico-media,Sorgo - Mercado Físico,Jataí/GO (Sindicato Rural de Jataí),,preco,46.0,"46,00",R$/sc,price,BRL,sc60kg,spot,,GO,physical
2026-02-10,sorgo,sorgo-mercado-fisico-media,Sorgo - Mercado Físico,Jataí/GO (Sindicato Rural de Jataí),,variacao_pct,0.0,"0,00",%,change_pct,,pct,spot,,GO,physical
2026-02-10,sorgo,sorgo-mercado-fisico-media,Sorgo - Mercado Físico,Luís Eduardo Magalhães/BA,,preco,42.0,"42,00",R$/sc,price,BRL,sc60kg,spot,,BA,physical
2026-02-10,sorgo,sorgo-mercado-fisico-media,Sorgo - Mercado Físico,Luís Eduardo Magalhães/BA,,variacao_pct,0.0,"0,00",%,change_pct,,pct,spot,,BA,physical
2026-02-10,sorgo,sorgo-mercado-fisico-media,Sorgo - Mercado Físico,Média RS (Clicmercado),,preco,52.0,"52,00",R$/sc,price,BRL,sc60kg,spot,,,physical
2026-02-10,sorgo,sorgo-mercado-fisico-media,Sorgo - Mercado Físico,Média RS (Clicmercado),,variacao_pct,0.0,"0,00",%,change_pct,,pct,spot,,,physical
2026-02-10,sorgo,sorgo-mercado-fisico-media,Sorgo - Mercado Físico,Oeste da Bahia/BA (AIBA),,preco,42.67,"42,67",R$/sc,price,BRL,sc60kg,spot,,BA,physical
2026-02-10,sorgo,sorgo-mercado-fisico-media,Sorgo - Mercado Físico,Oeste da Bahia/BA (AIBA),,variacao_pct,0.0,"0,00",%,change_pct,,pct,spot,,BA,physical
2026-02-10,sorgo,sorgo-mercado-fisico-media,Sorgo - Mercado Físico,Rio Verde/GO (Comigo),,preco,46.0,"46,00",R$/sc,price,BRL,sc60kg,spot,,GO,physical
2026-02-10,sorgo,sorgo-mercado-fisico-media,Sorgo - Mercado Físico,Rio Verde/GO (Comigo),,variacao_pct,0.0,"0,00",%,change_pct,,pct,spot,,GO,physical
2026-02-10,sorgo,sorgo-mercado-fisico-media,Sorgo - Mercado Físico,Rio do Sul/SC (Cravil),,preco,61.0,"61,00",R$/sc,price,BRL,sc60kg,spot,,SC,physical
2026-02-10,sorgo,sorgo-mercado-fisico-media,Sorgo - Mercado Físico,Rio do Sul/SC (Cravil),,variacao_pct,0.0,"0,00",%,change_pct,,pct,spot,,SC,physical
2026-02-11,sorgo,sorgo-mercado-fisico-media,Sorgo - Mercado Físico,Cândido Mota/SP (Coopermota),,preco,44.0,"44,00",R$/sc,price,BRL,sc60kg,spot,,SP,physical
2026-02-11,sorgo,sorgo-mercado-fisico-media,Sorgo - Mercado Físico,Cândido Mota/SP (Coopermota),,variacao_pct,0.0,"0,00",%,change_pct,,pct,spot,,SP,physical
2026-02-11,sorgo,sorgo-mercado-fisico-media,Sorgo - Mercado Físico,Jataí/GO (Sindicato Rural de Jataí),,preco,46.0,"46,00",R$/sc,price,BRL,sc60kg,spot,,GO,physical
2026-02-11,sorgo,sorgo-mercado-fisico-media,Sorgo - Mercado Físico,Jataí/GO (Sindicato Rural de Jataí),,variacao_pct,0.0,"0,00",%,change_pct,,pct,spot,,GO,physical
2026-02-11,sorgo,sorgo-mercado-fisico-media,Sorgo - Mercado Físico,Luís Eduardo Magalhães/BA,,preco,42.0,"42,00",R$/sc,price,BRL,sc60kg,spot,,BA,physical
2026-02-11,sorgo,sorgo-mercado-fisico-media,Sorgo - Mercado Físico,Luís Eduardo Magalhães/BA,,variacao_pct,0.0,"0,00",%,change_pct,,pct,spot,,BA,physical
2026-02-11,sorgo,sorgo-mercado-fisico-media,Sorgo - Mercado Físico,Média RS (Clicmercado),,preco,52.0,"52,00",R$/sc,price,BRL,sc60kg,spot,,,physical
2026-02-11,sorgo,sorgo-mercado-fisico-media,Sorgo - Mercado Físico,Média RS (Clicmercado),,variacao_pct,0.0,"0,00",%,change_pct,,pct,spot,,,physical
2026-02-11,sorgo,sorgo-mercado-fisico-media,Sorgo - Mercado Físico,Oeste da Bahia/BA (AIBA),,preco,42.67,"42,67",R$/sc,price,BRL,sc60kg,spot,,BA,physical
2026-02-11,sorgo,sorgo-mercado-fisico-media,Sorgo - Mercado Físico,Oeste da Bahia/BA (AIBA),,variacao_pct,0.0,"0,00",%,change_pct,,pct,spot,,BA,physical
2026-02-11,sorgo,sorgo-mercado-fisico-media,Sorgo - Mercado Físico,Rio Verde/GO (Comigo),,preco,46.0,"46,00",R$/sc,price,BRL,sc60kg,spot,,GO,physical
2026-02-11,sorgo,sorgo-mercado-fisico-media,Sorgo - Mercado Físico,Rio Verde/GO (Comigo),,variacao_pct,0.0,"0,00",%,change_pct,,pct,spot,,GO,physical
2026-02-11,sorgo,sorgo-mercado-fisico-media,Sorgo - Mercado Físico,Rio do Sul/SC (Cravil),,preco,61.0,"61,00",R$/sc,price,BRL,sc60kg,spot,,SC,physical
2026-02-11,sorgo,sorgo-mercado-fisico-media,Sorgo - Mercado Físico,Rio do Sul/SC (Cravil),,variacao_pct,0.0,"0,00",%,change_pct,,pct,spot,,SC,physical
2026-02-12,sorgo,sorgo-mercado-fisico-media,Sorgo - Mercado Físico,Cândido Mota/SP (Coopermota),,preco,44.0,"44,00",R$/sc,price,BRL,sc60kg,spot,,SP,physical
2026-02-12,sorgo,sorgo-mercado-fisico-media,Sorgo - Mercado Físico,Cândido Mota/SP (Coopermota),,variacao_pct,0.0,"0,00",%,change_pct,,pct,spot,,SP,physical
2026-02-12,sorgo,sorgo-mercado-fisico-media,Sorgo - Mercado Físico,Jataí/GO (Sindicato Rural de Jataí),,preco,46.0,"46,00",R$/sc,price,BRL,sc60kg,spot,,GO,physical
2026-02-12,sorgo,sorgo-mercado-fisico-media,Sorgo - Mercado Físico,Jataí/GO (Sindicato Rural de Jataí),,variacao_pct,0.0,"0,00",%,change_pct,,pct,spot,,GO,physical
2026-02-12,sorgo,sorgo-mercado-fisico-media,Sorgo - Mercado Físico,Luís Eduardo Magalhães/BA,,preco,42.0,"42,00",R$/sc,price,BRL,sc60kg,spot,,BA,physical
2026-02-12,sorgo,sorgo-mercado-fisico-media,Sorgo - Mercado Físico,Luís Eduardo Magalhães/BA,,variacao_pct,0.0,"0,00",%,change_pct,,pct,spot,,BA,physical
2026-02-12,sorgo,sorgo-mercado-fisico-media,Sorgo - Mercado Físico,Média RS (Clicmercado),,preco,52.0,"52,00",R$/sc,price,BRL,sc60kg,spot,,,physical
2026-02-12,sorgo,sorgo-mercado-fisico-media,Sorgo - Mercado Físico,Média RS (Clicmercado),,variacao_pct,0.0,"0,00",%,change_pct,,pct,spot,,,physical
2026-02-12,sorgo,sorgo-mercado-fisico-media,Sorgo - Mercado Físico,Oeste da Bahia/BA (AIBA),,preco,42.67,"42,67",R$/sc,price,BRL,sc60kg,spot,,BA,physical
2026-02-12,sorgo,sorgo-mercado-fisico-media,Sorgo - Mercado Físico,Oeste da Bahia/BA (AIBA),,variacao_pct,0.0,"0,00",%,change_pct,,pct,spot,,BA,physical
2026-02-12,sorgo,sorgo-mercado-fisico-media,Sorgo - Mercado Físico,Rio Verde/GO (Comigo),,preco,46.0,"46,00",R$/sc,price,BRL,sc60kg,spot,,GO,physical
2026-02-12,sorgo,sorgo-mercado-fisico-media,Sorgo - Mercado Físico,Rio Verde/GO (Comigo),,variacao_pct,0.0,"0,00",%,change_pct,,pct,spot,,GO,physical
2026-02-12,sorgo,sorgo-mercado-fisico-media,Sorgo - Mercado Físico,Rio do Sul/SC (Cravil),,preco,61.0,"61,00",R$/sc,price,BRL,sc60kg,spot,,SC,physical
2026-02-12,sorgo,sorgo-mercado-fisico-media,Sorgo - Mercado Físico,Rio do Sul/SC (Cravil),,variacao_pct,0.0,"0,00",%,change_pct,,pct,spot,,SC,physical
2026-02-13,sorgo,sorgo-mercado-fisico-media,Sorgo - Mercado Físico,Cândido Mota/SP (Coopermota),,preco,44.0,"44,00",R$/sc,price,BRL,sc60kg,spot,,SP,physical
2026-02-13,sorgo,sorgo-mercado-fisico-media,Sorgo - Mercado Físico,Cândido Mota/SP (Coopermota),,variacao_pct,0.0,"0,00",%,change_pct,,pct,spot,,SP,physical
2026-02-13,sorgo,sorgo-mercado-fisico-media,Sorgo - Mercado Físico,Jataí/GO (Sindicato Rural de Jataí),,preco,46.0,"46,00",R$/sc,price,BRL,sc60kg,spot,,GO,physical
2026-02-13,sorgo,sorgo-mercado-fisico-media,Sorgo - Mercado Físico,Jataí/GO (Sindicato Rural de Jataí),,variacao_pct,0.0,"0,00",%,change_pct,,pct,spot,,GO,physical
2026-02-13,sorgo,sorgo-mercado-fisico-media,Sorgo - Mercado Físico,Luís Eduardo Magalhães/BA,,preco,42.0,"42,00",R$/sc,price,BRL,sc60kg,spot,,BA,physical
2026-02-13,sorgo,sorgo-mercado-fisico-media,Sorgo - Mercado Físico,Luís Eduardo Magalhães/BA,,variacao_pct,0.0,"0,00",%,change_pct,,pct,spot,,BA,physical
2026-02-13,sorgo,sorgo-mercado-fisico-media,Sorgo - Mercado Físico,Média RS (Clicmercado),,preco,52.0,"52,00",R$/sc,price,BRL,sc60kg,spot,,,physical
2026-02-13,sorgo,sorgo-mercado-fisico-media,Sorgo - Mercado Físico,Média RS (Clicmercado),,variacao_pct,0.0,"0,00",%,change_pct,,pct,spot,,,physical
2026-02-13,sorgo,sorgo-mercado-fisico-media,Sorgo - Mercado Físico,Oeste da Bahia/BA (AIBA),,preco,42.67,"42,67",R$/sc,price,BRL,sc60kg,spot,,BA,physical
2026-02-13,sorgo,sorgo-mercado-fisico-media,Sorgo - Mercado Físico,Oeste da Bahia/BA (AIBA),,variacao_pct,0.0,"0,00",%,change_pct,,pct,spot,,BA,physical
2026-02-13,sorgo,sorgo-mercado-fisico-media,Sorgo - Mercado Físico,Rio Verde/GO (Comigo),,preco,46.0,"46,00",R$/sc,price,BRL,sc60kg,spot,,GO,physical
2026-02-13,sorgo,sorgo-mercado-fisico-media,Sorgo - Mercado Físico,Rio Verde/GO (Comigo),,variacao_pct,0.0,"0,00",%,change_pct,,pct,spot,,GO,physical
2026-02-13,sorgo,sorgo-mercado-fisico-media,Sorgo - Mercado Físico,Rio do Sul/SC (Cravil),,preco,61.0,"61,00",R$/sc,price,BRL,sc60kg,spot,,SC,physical
2026-02-13,sorgo,sorgo-mercado-fisico-media,Sorgo - Mercado Físico,Rio do Sul/SC (Cravil),,variacao_pct,0.0,"0,00",%,change_pct,,pct,spot,,SC,physical
2026-02-18,sorgo,sorgo-mercado-fisico-media,Sorgo - Mercado Físico,Cândido Mota/SP (Coopermota),,preco,44.0,"44,00",R$/sc,price,BRL,sc60kg,spot,,SP,physical
2026-02-18,sorgo,sorgo-mercado-fisico-media,Sorgo - Mercado Físico,Cândido Mota/SP (Coopermota),,variacao_pct,0.0,"0,00",%,change_pct,,pct,spot,,SP,physical
2026-02-18,sorgo,sorgo-mercado-fisico-media,Sorgo - Mercado Físico,Jataí/GO (Sindicato Rural de Jataí),,preco,46.0,"46,00",R$/sc,price,BRL,sc60kg,spot,,GO,physical
2026-02-18,sorgo,sorgo-mercado-fisico-media,Sorgo - Mercado Físico,Jataí/GO (Sindicato Rural de Jataí),,variacao_pct,0.0,"0,00",%,change_pct,,pct,spot,,GO,physical
2026-02-18,sorgo,sorgo-mercado-fisico-media,Sorgo - Mercado Físico,Luís Eduardo Magalhães/BA,,preco,42.0,"42,00",R$/sc,price,BRL,sc60kg,spot,,BA,physical
2026-02-18,sorgo,sorgo-mercado-fisico-media,Sorgo - Mercado Físico,Luís Eduardo Magalhães/BA,,variacao_pct,0.0,"0,00",%,change_pct,,pct,spot,,BA,physical
2026-02-18,sorgo,sorgo-mercado-fisico-media,Sorgo - Mercado Físico,Média RS (Clicmercado),,preco,52.0,"52,00",R$/sc,price,BRL,sc60kg,spot,,,physical
2026-02-18,sorgo,sorgo-mercado-fisico-media,Sorgo - Mercado Físico,Média RS (Clicmercado),,variacao_pct,0.0,"0,00",%,change_pct,,pct,spot,,,physical
2026-02-18,sorgo,sorgo-mercado-fisico-media,Sorgo - Mercado Físico,Oeste da Bahia/BA (AIBA),,preco,42.67,"42,67",R$/sc,price,BRL,sc60kg,spot,,BA,physical
2026-02-18,sorgo,sorgo-mercado-fisico-media,Sorgo - Mercado Físico,Oeste da Bahia/BA (AIBA),,variacao_pct,0.0,"0,00",%,change_pct,,pct,spot,,BA,physical
2026-02-18,sorgo,sorgo-mercado-fisico-media,Sorgo - Mercado Físico,Rio Verde/GO (Comigo),,preco,46.0,"46,00",R$/sc,price,BRL,sc60kg,spot,,GO,physical
2026-02-18,sorgo,sorgo-mercado-fisico-media,Sorgo - Mercado Físico,Rio Verde/GO (Comigo),,variacao_pct,0.0,"0,00",%,change_pct,,pct,spot,,GO,physical
2026-02-18,sorgo,sorgo-mercado-fisico-media,Sorgo - Mercado Físico,Rio do Sul/SC (Cravil),,preco,61.0,"61,00",R$/sc,price,BRL,sc60kg,spot,,SC,physical
2026-02-18,sorgo,sorgo-mercado-fisico-media,Sorgo - Mercado Físico,Rio do Sul/SC (Cravil),,variacao_pct,0.0,"0,00",%,change_pct,,pct,spot,,SC,physical
2026-02-19,sorgo,sorgo-mercado-fisico-media,Sorgo - Mercado Físico,Cândido Mota/SP (Coopermota),,preco,44.0,"44,00",R$/sc,price,BRL,sc60kg,spot,,SP,physical
2026-02-19,sorgo,sorgo-mercado-fisico-media,Sorgo - Mercado Físico,Cândido Mota/SP (Coopermota),,variacao_pct,0.0,"0,00",%,change_pct,,pct,spot,,SP,physical
2026-02-19,sorgo,sorgo-mercado-fisico-media,Sorgo - Mercado Físico,Jataí/GO (Sindicato Rural de Jataí),,preco,46.0,"46,00",R$/sc,price,BRL,sc60kg,spot,,GO,physical
2026-02-19,sorgo,sorgo-mercado-fisico-media,Sorgo - Mercado Físico,Jataí/GO (Sindicato Rural de Jataí),,variacao_pct,0.0,"0,00",%,change_pct,,pct,spot,,GO,physical
2026-02-19,sorgo,sorgo-mercado-fisico-media,Sorgo - Mercado Físico,Luís Eduardo Magalhães/BA,,preco,42.0,"42,00",R$/sc,price,BRL,sc60kg,spot,,BA,physical
2026-02-19,sorgo,sorgo-mercado-fisico-media,Sorgo - Mercado Físico,Luís Eduardo Magalhães/BA,,variacao_pct,0.0,"0,00",%,change_pct,,pct,spot,,BA,physical
2026-02-19,sorgo,sorgo-mercado-fisico-media,Sorgo - Mercado Físico,Média RS (Clicmercado),,preco,52.0,"52,00",R$/sc,price,BRL,sc60kg,spot,,,physical
2026-02-19,sorgo,sorgo-mercado-fisico-media,Sorgo - Mercado Físico,Média RS (Clicmercado),,variacao_pct,0.0,"0,00",%,change_pct,,pct,spot,,,physical
2026-02-19,sorgo,sorgo-mercado-fisico-media,Sorgo - Mercado Físico,Oeste da Bahia/BA (AIBA),,preco,42.33,"42,33",R$/sc,price,BRL,sc60kg,spot,,BA,physical
2026-02-19,sorgo,sorgo-mercado-fisico-media,Sorgo - Mercado Físico,Oeste da Bahia/BA (AIBA),,variacao_pct,-0.8,"-0,80",%,change_pct,,pct,spot,,BA,physical
2026-02-19,sorgo,sorgo-mercado-fisico-media,Sorgo - Mercado Físico,Rio Verde/GO (Comigo),,preco,46.0,"46,00",R$/sc,price,BRL,sc60kg,spot,,GO,physical
2026-02-19,sorgo,sorgo-mercado-fisico-media,Sorgo - Mercado Físico,Rio Verde/GO (Comigo),,variacao_pct,0.0,"0,00",%,change_pct,,pct,spot,,GO,physical
2026-02-19,sorgo,sorgo-mercado-fisico-media,Sorgo - Mercado Físico,Rio do Sul/SC (Cravil),,preco,61.0,"61,00",R$/sc,price,BRL,sc60kg,spot,,SC,physical
2026-02-19,sorgo,sorgo-mercado-fisico-media,Sorgo - Mercado Físico,Rio do Sul/SC (Cravil),,variacao_pct,0.0,"0,00",%,change_pct,,pct,spot,,SC,physical
2026-02-20,sorgo,sorgo-mercado-fisico-media,Sorgo - Mercado Físico,Cândido Mota/SP (Coopermota),,preco,44.0,"44,00",R$/sc,price,BRL,sc60kg,spot,,SP,physical
2026-02-20,sorgo,sorgo-mercado-fisico-media,Sorgo - Mercado Físico,Cândido Mota/SP (Coopermota),,variacao_pct,0.0,"0,00",%,change_pct,,pct,spot,,SP,physical
2026-02-20,sorgo,sorgo-mercado-fisico-media,Sorgo - Mercado Físico,Jataí/GO (Sindicato Rural de Jataí),,preco,46.0,"46,00",R$/sc,price,BRL,sc60kg,spot,,GO,physical
2026-02-20,sorgo,sorgo-mercado-fisico-media,Sorgo - Mercado Físico,Jataí/GO (Sindicato Rural de Jataí),,variacao_pct,0.0,"0,00",%,change_pct,,pct,spot,,GO,physical
2026-02-20,sorgo,sorgo-mercado-fisico-media,Sorgo - Mercado Físico,Luís Eduardo Magalhães/BA,,preco,42.0,"42,00",R$/sc,price,BRL,sc60kg,spot,,BA,physical
2026-02-20,sorgo,sorgo-mercado-fisico-media,Sorgo - Mercado Físico,Luís Eduardo Magalhães/BA,,variacao_pct,0.0,"0,00",%,change_pct,,pct,spot,,BA,physical
2026-02-20,sorgo,sorgo-mercado-fisico-media,Sorgo - Mercado Físico,Média RS (Clicmercado),,preco,52.0,"52,00",R$/sc,price,BRL,sc60kg,spot,,,physical
2026-02-20,sorgo,sorgo-mercado-fisico-media,Sorgo - Mercado Físico,Média RS (Clicmercado),,variacao_pct,0.0,"0,00",%,change_pct,,pct,spot,,,physical
2026-02-20,sorgo,sorgo-mercado-fisico-media,Sorgo - Mercado Físico,Oeste da Bahia/BA (AIBA),,preco,42.33,"42,33",R$/sc,price,BRL,sc60kg,spot,,BA,physical
2026-02-20,sorgo,sorgo-mercado-fisico-media,Sorgo - Mercado Físico,Oeste da Bahia/BA (AIBA),,variacao_pct,0.0,"0,00",%,change_pct,,pct,spot,,BA,physical
2026-02-20,sorgo,sorgo-mercado-fisico-media,Sorgo - Mercado Físico,Rio Verde/GO (Comigo),,preco,46.0,"46,00",R$/sc,price,BRL,sc60kg,spot,,GO,physical
2026-02-20,sorgo,sorgo-mercado-fisico-media,Sorgo - Mercado Físico,Rio Verde/GO (Comigo),,variacao_pct,0.0,"0,00",%,change_pct,,pct,spot,,GO,physical
2026-02-20,sorgo,sorgo-mercado-fisico-media,Sorgo - Mercado Físico,Rio do Sul/SC (Cravil),,preco,61.0,"61,00",R$/sc,price,BRL,sc60kg,spot,,SC,physical
2026-02-20,sorgo,sorgo-mercado-fisico-media,Sorgo - Mercado Físico,Rio do Sul/SC (Cravil),,variacao_pct,0.0,"0,00",%,change_pct,,pct,spot,,SC,physical
2026-02-23,sorgo,sorgo-mercado-fisico-media,Sorgo - Mercado Físico,Cândido Mota/SP (Coopermota),,preco,44.0,"44,00",R$/sc,price,BRL,sc60kg,spot,,SP,physical
2026-02-23,sorgo,sorgo-mercado-fisico-media,Sorgo - Mercado Físico,Cândido Mota/SP (Coopermota),,variacao_pct,0.0,"0,00",%,change_pct,,pct,spot,,SP,physical
2026-02-23,sorgo,sorgo-mercado-fisico-media,Sorgo - Mercado Físico,Jataí/GO (Sindicato Rural de Jataí),,preco,46.0,"46,00",R$/sc,price,BRL,sc60kg,spot,,GO,physical
2026-02-23,sorgo,sorgo-mercado-fisico-media,Sorgo - Mercado Físico,Jataí/GO (Sindicato Rural de Jataí),,variacao_pct,0.0,"0,00",%,change_pct,,pct,spot,,GO,physical
2026-02-23,sorgo,sorgo-mercado-fisico-media,Sorgo - Mercado Físico,Luís Eduardo Magalhães/BA,,preco,42.0,"42,00",R$/sc,price,BRL,sc60kg,spot,,BA,physical
2026-02-23,sorgo,sorgo-mercado-fisico-media,Sorgo - Mercado Físico,Luís Eduardo Magalhães/BA,,variacao_pct,0.0,"0,00",%,change_pct,,pct,spot,,BA,physical
2026-02-23,sorgo,sorgo-mercado-fisico-media,Sorgo - Mercado Físico,Média RS (Clicmercado),,preco,52.0,"52,00",R$/sc,price,BRL,sc60kg,spot,,,physical
2026-02-23,sorgo,sorgo-mercado-fisico-media,Sorgo - Mercado Físico,Média RS (Clicmercado),,variacao_pct,0.0,"0,00",%,change_pct,,pct,spot,,,physical
2026-02-23,sorgo,sorgo-mercado-fisico-media,Sorgo - Mercado Físico,Oeste da Bahia/BA (AIBA),,preco,41.83,"41,83",R$/sc,price,BRL,sc60kg,spot,,BA,physical
2026-02-23,sorgo,sorgo-mercado-fisico-media,Sorgo - Mercado Físico,Oeste da Bahia/BA (AIBA),,variacao_pct,-1.18,"-1,18",%,change_pct,,pct,spot,,BA,physical
2026-02-23,sorgo,sorgo-mercado-fisico-media,Sorgo - Mercado Físico,Rio Verde/GO (Comigo),,preco,46.0,"46,00",R$/sc,price,BRL,sc60kg,spot,,GO,physical
2026-02-23,sorgo,sorgo-mercado-fisico-media,Sorgo - Mercado Físico,Rio Verde/GO (Comigo),,variacao_pct,0.0,"0,00",%,change_pct,,pct,spot,,GO,physical
2026-02-23,sorgo,sorgo-mercado-fisico-media,Sorgo - Mercado Físico,Rio do Sul/SC (Cravil),,preco,61.0,"61,00",R$/sc,price,BRL,sc60kg,spot,,SC,physical
2026-02-23,sorgo,sorgo-mercado-fisico-media,Sorgo - Mercado Físico,Rio do Sul/SC (Cravil),,variacao_pct,0.0,"0,00",%,change_pct,,pct,spot,,SC,physical
2026-02-24,sorgo,sorgo-mercado-fisico-media,Sorgo - Mercado Físico,Cândido Mota/SP (Coopermota),,preco,44.0,"44,00",R$/sc,price,BRL,sc60kg,spot,,SP,physical
2026-02-24,sorgo,sorgo-mercado-fisico-media,Sorgo - Mercado Físico,Cândido Mota/SP (Coopermota),,variacao_pct,0.0,"0,00",%,change_pct,,pct,spot,,SP,physical
2026-02-24,sorgo,sorgo-mercado-fisico-media,Sorgo - Mercado Físico,Jataí/GO (Sindicato Rural de Jataí),,preco,46.0,"46,00",R$/sc,price,BRL,sc60kg,spot,,GO,physical
2026-02-24,sorgo,sorgo-mercado-fisico-media,Sorgo - Mercado Físico,Jataí/GO (Sindicato Rural de Jataí),,variacao_pct,0.0,"0,00",%,change_pct,,pct,spot,,GO,physical
2026-02-24,sorgo,sorgo-mercado-fisico-media,Sorgo - Mercado Físico,Luís Eduardo Magalhães/BA,,preco,42.0,"42,00",R$/sc,price,BRL,sc60kg,spot,,BA,physical
2026-02-24,sorgo,sorgo-mercado-fisico-media,Sorgo - Mercado Físico,Luís Eduardo Magalhães/BA,,variacao_pct,0.0,"0,00",%,change_pct,,pct,spot,,BA,physical
2026-02-24,sorgo,sorgo-mercado-fisico-media,Sorgo - Mercado Físico,Média RS (Clicmercado),,preco,52.0,"52,00",R$/sc,price,BRL,sc60kg,spot,,,physical
2026-02-24,sorgo,sorgo-mercado-fisico-media,Sorgo - Mercado Físico,Média RS (Clicmercado),,variacao_pct,0.0,"0,00",%,change_pct,,pct,spot,,,physical
2026-02-24,sorgo,sorgo-mercado-fisico-media,Sorgo - Mercado Físico,Oeste da Bahia/BA (AIBA),,preco,41.83,"41,83",R$/sc,price,BRL,sc60kg,spot,,BA,physical
2026-02-24,sorgo,sorgo-mercado-fisico-media,Sorgo - Mercado Físico,Oeste da Bahia/BA (AIBA),,variacao_pct,0.0,"0,00",%,change_pct,,pct,spot,,BA,physical
2026-02-24,sorgo,sorgo-mercado-fisico-media,Sorgo - Mercado Físico,Rio Verde/GO (Comigo),,preco,46.0,"46,00",R$/sc,price,BRL,sc60kg,spot,,GO,physical
2026-02-24,sorgo,sorgo-mercado-fisico-media,Sorgo - Mercado Físico,Rio Verde/GO (Comigo),,variacao_pct,0.0,"0,00",%,change_pct,,pct,spot,,GO,physical
2026-02-24,sorgo,sorgo-mercado-fisico-media,Sorgo - Mercado Físico,Rio do Sul/SC (Cravil),,preco,61.0,"61,00",R$/sc,price,BRL,sc60kg,spot,,SC,physical
2026-02-24,sorgo,sorgo-mercado-fisico-media,Sorgo - Mercado Físico,Rio do Sul/SC (Cravil),,variacao_pct,0.0,"0,00",%,change_pct,,pct,spot,,SC,physical
2026-02-25,sorgo,sorgo-mercado-fisico-media,Sorgo - Mercado Físico,Cândido Mota/SP (Coopermota),,preco,44.0,"44,00",R$/sc,price,BRL,sc60kg,spot,,SP,physical
2026-02-25,sorgo,sorgo-mercado-fisico-media,Sorgo - Mercado Físico,Cândido Mota/SP (Coopermota),,variacao_pct,0.0,"0,00",%,change_pct,,pct,spot,,SP,physical
2026-02-25,sorgo,sorgo-mercado-fisico-media,Sorgo - Mercado Físico,Jataí/GO (Sindicato Rural de Jataí),,preco,46.0,"46,00",R$/sc,price,BRL,sc60kg,spot,,GO,physical
2026-02-25,sorgo,sorgo-mercado-fisico-media,Sorgo - Mercado Físico,Jataí/GO (Sindicato Rural de Jataí),,variacao_pct,0.0,"0,00",%,change_pct,,pct,spot,,GO,physical
2026-02-25,sorgo,sorgo-mercado-fisico-media,Sorgo - Mercado Físico,Luís Eduardo Magalhães/BA,,preco,42.0,"42,00",R$/sc,price,BRL,sc60kg,spot,,BA,physical
2026-02-25,sorgo,sorgo-mercado-fisico-media,Sorgo - Mercado Físico,Luís Eduardo Magalhães/BA,,variacao_pct,0.0,"0,00",%,change_pct,,pct,spot,,BA,physical
2026-02-25,sorgo,sorgo-mercado-fisico-media,Sorgo - Mercado Físico,Média RS (Clicmercado),,preco,52.0,"52,00",R$/sc,price,BRL,sc60kg,spot,,,physical
2026-02-25,sorgo,sorgo-mercado-fisico-media,Sorgo - Mercado Físico,Média RS (Clicmercado),,variacao_pct,0.0,"0,00",%,change_pct,,pct,spot,,,physical
2026-02-25,sorgo,sorgo-mercado-fisico-media,Sorgo - Mercado Físico,Oeste da Bahia/BA (AIBA),,preco,41.83,"41,83",R$/sc,price,BRL,sc60kg,spot,,BA,physical
2026-02-25,sorgo,sorgo-mercado-fisico-media,Sorgo - Mercado Físico,Oeste da Bahia/BA (AIBA),,variacao_pct,0.0,"0,00",%,change_pct,,pct,spot,,BA,physical
2026-02-25,sorgo,sorgo-mercado-fisico-media,Sorgo - Mercado Físico,Rio Verde/GO (Comigo),,preco,46.0,"46,00",R$/sc,price,BRL,sc60kg,spot,,GO,physical
2026-02-25,sorgo,sorgo-mercado-fisico-media,Sorgo - Mercado Físico,Rio Verde/GO (Comigo),,variacao_pct,0.0,"0,00",%,change_pct,,pct,spot,,GO,physical
2026-02-25,sorgo,sorgo-mercado-fisico-media,Sorgo - Mercado Físico,Rio do Sul/SC (Cravil),,preco,61.0,"61,00",R$/sc,price,BRL,sc60kg,spot,,SC,physical
2026-02-25,sorgo,sorgo-mercado-fisico-media,Sorgo - Mercado Físico,Rio do Sul/SC (Cravil),,variacao_pct,0.0,"0,00",%,change_pct,,pct,spot,,SC,physical
2026-02-26,sorgo,sorgo-mercado-fisico-media,Sorgo - Mercado Físico,Cândido Mota/SP (Coopermota),,preco,44.0,"44,00",R$/sc,price,BRL,sc60kg,spot,,SP,physical
2026-02-26,sorgo,sorgo-mercado-fisico-media,Sorgo - Mercado Físico,Cândido Mota/SP (Coopermota),,variacao_pct,0.0,"0,00",%,change_pct,,pct,spot,,SP,physical
2026-02-26,sorgo,sorgo-mercado-fisico-media,Sorgo - Mercado Físico,Jataí/GO (Sindicato Rural de Jataí),,preco,46.0,"46,00",R$/sc,price,BRL,sc60kg,spot,,GO,physical
2026-02-26,sorgo,sorgo-mercado-fisico-media,Sorgo - Mercado Físico,Jataí/GO (Sindicato Rural de Jataí),,variacao_pct,0.0,"0,00",%,change_pct,,pct,spot,,GO,physical
2026-02-26,sorgo,sorgo-mercado-fisico-media,Sorgo - Mercado Físico,Luís Eduardo Magalhães/BA,,preco,42.0,"42,00",R$/sc,price,BRL,sc60kg,spot,,BA,physical
2026-02-26,sorgo,sorgo-mercado-fisico-media,Sorgo - Mercado Físico,Luís Eduardo Magalhães/BA,,variacao_pct,0.0,"0,00",%,change_pct,,pct,spot,,BA,physical
2026-02-26,sorgo,sorgo-mercado-fisico-media,Sorgo - Mercado Físico,Média RS (Clicmercado),,preco,52.0,"52,00",R$/sc,price,BRL,sc60kg,spot,,,physical
2026-02-26,sorgo,sorgo-mercado-fisico-media,Sorgo - Mercado Físico,Média RS (Clicmercado),,variacao_pct,0.0,"0,00",%,change_pct,,pct,spot,,,physical
2026-02-26,sorgo,sorgo-mercado-fisico-media,Sorgo - Mercado Físico,Oeste da Bahia/BA (AIBA),,preco,41.83,"41,83",R$/sc,price,BRL,sc60kg,spot,,BA,physical
2026-02-26,sorgo,sorgo-mercado-fisico-media,Sorgo - Mercado Físico,Oeste da Bahia/BA (AIBA),,variacao_pct,0.0,"0,00",%,change_pct,,pct,spot,,BA,physical
2026-02-26,sorgo,sorgo-mercado-fisico-media,Sorgo - Mercado Físico,Rio Verde/GO (Comigo),,preco,46.0,"46,00",R$/sc,price,BRL,sc60kg,spot,,GO,physical
2026-02-26,sorgo,sorgo-mercado-fisico-media,Sorgo - Mercado Físico,Rio Verde/GO (Comigo),,variacao_pct,0.0,"0,00",%,change_pct,,pct,spot,,GO,physical
2026-02-26,sorgo,sorgo-mercado-fisico-media,Sorgo - Mercado Físico,Rio do Sul/SC (Cravil),,preco,61.0,"61,00",R$/sc,price,BRL,sc60kg,spot,,SC,physical
2026-02-26,sorgo,sorgo-mercado-fisico-media,Sorgo - Mercado Físico,Rio do Sul/SC (Cravil),,variacao_pct,0.0,"0,00",%,change_pct,,pct,spot,,SC,physical
2026-02-27,sorgo,sorgo-mercado-fisico-media,Sorgo - Mercado Físico,Cândido Mota/SP (Coopermota),,preco,44.0,"44,00",R$/sc,price,BRL,sc60kg,spot,,SP,physical
2026-02-27,sorgo,sorgo-mercado-fisico-media,Sorgo - Mercado Físico,Cândido Mota/SP (Coopermota),,variacao_pct,0.0,"0,00",%,change_pct,,pct,spot,,SP,physical
2026-02-27,sorgo,sorgo-mercado-fisico-media,Sorgo - Mercado Físico,Jataí/GO (Sindicato Rural de Jataí),,preco,46.0,"46,00",R$/sc,price,BRL,sc60kg,spot,,GO,physical
2026-02-27,sorgo,sorgo-mercado-fisico-media,Sorgo - Mercado Físico,Jataí/GO (Sindicato Rural de Jataí),,variacao_pct,0.0,"0,00",%,change_pct,,pct,spot,,GO,physical
2026-02-27,sorgo,sorgo-mercado-fisico-media,Sorgo - Mercado Físico,Luís Eduardo Magalhães/BA,,preco,42.0,"42,00",R$/sc,price,BRL,sc60kg,spot,,BA,physical
2026-02-27,sorgo,sorgo-mercado-fisico-media,Sorgo - Mercado Físico,Luís Eduardo Magalhães/BA,,variacao_pct,0.0,"0,00",%,change_pct,,pct,spot,,BA,physical
2026-02-27,sorgo,sorgo-mercado-fisico-media,Sorgo - Mercado Físico,Média RS (Clicmercado),,preco,52.0,"52,00",R$/sc,price,BRL,sc60kg,spot,,,physical
2026-02-27,sorgo,sorgo-mercado-fisico-media,Sorgo - Mercado Físico,Média RS (Clicmercado),,variacao_pct,0.0,"0,00",%,change_pct,,pct,spot,,,physical
2026-02-27,sorgo,sorgo-mercado-fisico-media,Sorgo - Mercado Físico,Oeste da Bahia/BA (AIBA),,preco,41.83,"41,83",R$/sc,price,BRL,sc60kg,spot,,BA,physical
2026-02-27,sorgo,sorgo-mercado-fisico-media,Sorgo - Mercado Físico,Oeste da Bahia/BA (AIBA),,variacao_pct,0.0,"0,00",%,change_pct,,pct,spot,,BA,physical
2026-02-27,sorgo,sorgo-mercado-fisico-media,Sorgo - Mercado Físico,Rio Verde/GO (Comigo),,preco,46.0,"46,00",R$/sc,price,BRL,sc60kg,spot,,GO,physical
2026-02-27,sorgo,sorgo-mercado-fisico-media,Sorgo - Mercado Físico,Rio Verde/GO (Comigo),,variacao_pct,0.0,"0,00",%,change_pct,,pct,spot,,GO,physical
2026-02-27,sorgo,sorgo-mercado-fisico-media,Sorgo - Mercado Físico,Rio do Sul/SC (Cravil),,preco,61.0,"61,00",R$/sc,price,BRL,sc60kg,spot,,SC,physical
2026-02-27,sorgo,sorgo-mercado-fisico-media,Sorgo - Mercado Físico,Rio do Sul/SC (Cravil),,variacao_pct,0.0,"0,00",%,change_pct,,pct,spot,,SC,physical
2026-03-02,sorgo,sorgo-mercado-fisico-media,Sorgo - Mercado Físico,Cândido Mota/SP (Coopermota),,preco,44.8,"44,80",R$/sc,price,BRL,sc60kg,spot,,SP,physical
2026-03-02,sorgo,sorgo-mercado-fisico-media,Sorgo - Mercado Físico,Cândido Mota/SP (Coopermota),,variacao_pct,1.82,"+1,82",%,change_pct,,pct,spot,,SP,physical
2026-03-02,sorgo,sorgo-mercado-fisico-media,Sorgo - Mercado Físico,Jataí/GO (Sindicato Rural de Jataí),,preco,46.0,"46,00",R$/sc,price,BRL,sc60kg,spot,,GO,physical
2026-03-02,sorgo,sorgo-mercado-fisico-media,Sorgo - Mercado Físico,Jataí/GO (Sindicato Rural de Jataí),,variacao_pct,0.0,"0,00",%,change_pct,,pct,spot,,GO,physical
2026-03-02,sorgo,sorgo-mercado-fisico-media,Sorgo - Mercado Físico,Luís Eduardo Magalhães/BA,,preco,42.0,"42,00",R$/sc,price,BRL,sc60kg,spot,,BA,physical
2026-03-02,sorgo,sorgo-mercado-fisico-media,Sorgo - Mercado Físico,Luís Eduardo Magalhães/BA,,variacao_pct,0.0,"0,00",%,change_pct,,pct,spot,,BA,physical
2026-03-02,sorgo,sorgo-mercado-fisico-media,Sorgo - Mercado Físico,Média RS (Clicmercado),,preco,52.0,"52,00",R$/sc,price,BRL,sc60kg,spot,,,physical
2026-03-02,sorgo,sorgo-mercado-fisico-media,Sorgo - Mercado Físico,Média RS (Clicmercado),,variacao_pct,0.0,"0,00",%,change_pct,,pct,spot,,,physical
2026-03-02,sorgo,sorgo-mercado-fisico-media,Sorgo - Mercado Físico,Oeste da Bahia/BA (AIBA),,preco,41.83,"41,83",R$/sc,price,BRL,sc60kg,spot,,BA,physical
2026-03-02,sorgo,sorgo-mercado-fisico-media,Sorgo - Mercado Físico,Oeste da Bahia/BA (AIBA),,variacao_pct,0.0,"0,00",%,change_pct,,pct,spot,,BA,physical
2026-03-02,sorgo,sorgo-mercado-fisico-media,Sorgo - Mercado Físico,Rio Verde/GO (Comigo),,preco,46.0,"46,00",R$/sc,price,BRL,sc60kg,spot,,GO,physical
2026-03-02,sorgo,sorgo-mercado-fisico-media,Sorgo - Mercado Físico,Rio Verde/GO (Comigo),,variacao_pct,0.0,"0,00",%,change_pct,,pct,spot,,GO,physical
2026-03-02,sorgo,sorgo-mercado-fisico-media,Sorgo - Mercado Físico,Rio do Sul/SC (Cravil),,preco,61.0,"61,00",R$/sc,price,BRL,sc60kg,spot,,SC,physical
2026-03-02,sorgo,sorgo-mercado-fisico-media,Sorgo - Mercado Físico,Rio do Sul/SC (Cravil),,variacao_pct,0.0,"0,00",%,change_pct,,pct,spot,,SC,physical
2026-03-03,sorgo,sorgo-mercado-fisico-media,Sorgo - Mercado Físico,Cândido Mota/SP (Coopermota),,preco,44.8,"44,80",R$/sc,price,BRL,sc60kg,spot,,SP,physical
2026-03-03,sorgo,sorgo-mercado-fisico-media,Sorgo - Mercado Físico,Cândido Mota/SP (Coopermota),,variacao_pct,0.0,"0,00",%,change_pct,,pct,spot,,SP,physical
2026-03-03,sorgo,sorgo-mercado-fisico-media,Sorgo - Mercado Físico,Jataí/GO (Sindicato Rural de Jataí),,preco,,s/ cotação,R$/sc,price,BRL,sc60kg,spot,,GO,physical
2026-03-03,sorgo,sorgo-mercado-fisico-media,Sorgo - Mercado Físico,Jataí/GO (Sindicato Rural de Jataí),,variacao_pct,,-,%,change_pct,,pct,spot,,GO,physical
2026-03-03,sorgo,sorgo-mercado-fisico-media,Sorgo - Mercado Físico,Luís Eduardo Magalhães/BA,,preco,42.0,"42,00",R$/sc,price,BRL,sc60kg,spot,,BA,physical
2026-03-03,sorgo,sorgo-mercado-fisico-media,Sorgo - Mercado Físico,Luís Eduardo Magalhães/BA,,variacao_pct,0.0,"0,00",%,change_pct,,pct,spot,,BA,physical
2026-03-03,sorgo,sorgo-mercado-fisico-media,Sorgo - Mercado Físico,Média RS (Clicmercado),,preco,52.0,"52,00",R$/sc,price,BRL,sc60kg,spot,,,physical
2026-03-03,sorgo,sorgo-mercado-fisico-media,Sorgo - Mercado Físico,Média RS (Clicmercado),,variacao_pct,0.0,"0,00",%,change_pct,,pct,spot,,,physical
2026-03-03,sorgo,sorgo-mercado-fisico-media,Sorgo - Mercado Físico,Oeste da Bahia/BA (AIBA),,preco,41.83,"41,83",R$/sc,price,BRL,sc60kg,spot,,BA,physical
2026-03-03,sorgo,sorgo-mercado-fisico-media,Sorgo - Mercado Físico,Oeste da Bahia/BA (AIBA),,variacao_pct,0.0,"0,00",%,change_pct,,pct,spot,,BA,physical
2026-03-03,sorgo,sorgo-mercado-fisico-media,Sorgo - Mercado Físico,Rio Verde/GO (Comigo),,preco,46.7,"46,70",R$/sc,price,BRL,sc60kg,spot,,GO,physical
2026-03-03,sorgo,sorgo-mercado-fisico-media,Sorgo - Mercado Físico,Rio Verde/GO (Comigo),,variacao_pct,1.52,"+1,52",%,change_pct,,pct,spot,,GO,physical
2026-03-03,sorgo,sorgo-mercado-fisico-media,Sorgo - Mercado Físico,Rio do Sul/SC (Cravil),,preco,61.0,"61,00",R$/sc,price,BRL,sc60kg,spot,,SC,physical
2026-03-03,sorgo,sorgo-mercado-fisico-media,Sorgo - Mercado Físico,Rio do Sul/SC (Cravil),,variacao_pct,0.0,"0,00",%,change_pct,,pct,spot,,SC,physical
2026-03-04,sorgo,sorgo-mercado-fisico-media,Sorgo - Mercado Físico,Cândido Mota/SP (Coopermota),,preco,44.8,"44,80",R$/sc,price,BRL,sc60kg,spot,,SP,physical
2026-03-04,sorgo,sorgo-mercado-fisico-media,Sorgo - Mercado Físico,Cândido Mota/SP (Coopermota),,variacao_pct,0.0,"0,00",%,change_pct,,pct,spot,,SP,physical
2026-03-04,sorgo,sorgo-mercado-fisico-media,Sorgo - Mercado Físico,Jataí/GO (Sindicato Rural de Jataí),,preco,46.7,"46,70",R$/sc,price,BRL,sc60kg,spot,,GO,physical
2026-03-04,sorgo,sorgo-mercado-fisico-media,Sorgo - Mercado Físico,Jataí/GO (Sindicato Rural de Jataí),,variacao_pct,,-,%,change_pct,,pct,spot,,GO,physical
2026-03-04,sorgo,sorgo-mercado-fisico-media,Sorgo - Mercado Físico,Luís Eduardo Magalhães/BA,,preco,42.0,"42,00",R$/sc,price,BRL,sc60kg,spot,,BA,physical
2026-03-04,sorgo,sorgo-mercado-fisico-media,Sorgo - Mercado Físico,Luís Eduardo Magalhães/BA,,variacao_pct,0.0,"0,00",%,change_pct,,pct,spot,,BA,physical
2026-03-04,sorgo,sorgo-mercado-fisico-media,Sorgo - Mercado Físico,Média RS (Clicmercado),,preco,52.0,"52,00",R$/sc,price,BRL,sc60kg,spot,,,physical
2026-03-04,sorgo,sorgo-mercado-fisico-media,Sorgo - Mercado Físico,Média RS (Clicmercado),,variacao_pct,0.0,"0,00",%,change_pct,,pct,spot,,,physical
2026-03-04,sorgo,sorgo-mercado-fisico-media,Sorgo - Mercado Físico,Oeste da Bahia/BA (AIBA),,preco,41.83,"41,83",R$/sc,price,BRL,sc60kg,spot,,BA,physical
2026-03-04,sorgo,sorgo-mercado-fisico-media,Sorgo - Mercado Físico,Oeste da Bahia/BA (AIBA),,variacao_pct,0.0,"0,00",%,change_pct,,pct,spot,,BA,physical
2026-03-04,sorgo,sorgo-mercado-fisico-media,Sorgo - Mercado Físico,Rio Verde/GO (Comigo),,preco,46.7,"46,70",R$/sc,price,BRL,sc60kg,spot,,GO,physical
2026-03-04,sorgo,sorgo-mercado-fisico-media,Sorgo - Mercado Físico,Rio Verde/GO (Comigo),,variacao_pct,0.0,"0,00",%,change_pct,,pct,spot,,GO,physical
2026-03-04,sorgo,sorgo-mercado-fisico-media,Sorgo - Mercado Físico,Rio do Sul/SC (Cravil),,preco,61.0,"61,00",R$/sc,price,BRL,sc60kg,spot,,SC,physical
2026-03-04,sorgo,sorgo-mercado-fisico-media,Sorgo - Mercado Físico,Rio do Sul/SC (Cravil),,variacao_pct,0.0,"0,00",%,change_pct,,pct,spot,,SC,physical
2026-03-05,sorgo,sorgo-mercado-fisico-media,Sorgo - Mercado Físico,Cândido Mota/SP (Coopermota),,preco,44.8,"44,80",R$/sc,price,BRL,sc60kg,spot,,SP,physical
2026-03-05,sorgo,sorgo-mercado-fisico-media,Sorgo - Mercado Físico,Cândido Mota/SP (Coopermota),,variacao_pct,0.0,"0,00",%,change_pct,,pct,spot,,SP,physical
2026-03-05,sorgo,sorgo-mercado-fisico-media,Sorgo - Mercado Físico,Jataí/GO (Sindicato Rural de Jataí),,preco,46.7,"46,70",R$/sc,price,BRL,sc60kg,spot,,GO,physical
2026-03-05,sorgo,sorgo-mercado-fisico-media,Sorgo - Mercado Físico,Jataí/GO (Sindicato Rural de Jataí),,variacao_pct,0.0,"0,00",%,change_pct,,pct,spot,,GO,physical
2026-03-05,sorgo,sorgo-mercado-fisico-media,Sorgo - Mercado Físico,Luís Eduardo Magalhães/BA,,preco,42.0,"42,00",R$/sc,price,BRL,sc60kg,spot,,BA,physical
2026-03-05,sorgo,sorgo-mercado-fisico-media,Sorgo - Mercado Físico,Luís Eduardo Magalhães/BA,,variacao_pct,0.0,"0,00",%,change_pct,,pct,spot,,BA,physical
2026-03-05,sorgo,sorgo-mercado-fisico-media,Sorgo - Mercado Físico,Média RS (Clicmercado),,preco,52.0,"52,00",R$/sc,price,BRL,sc60kg,spot,,,physical
2026-03-05,sorgo,sorgo-mercado-fisico-media,Sorgo - Mercado Físico,Média RS (Clicmercado),,variacao_pct,0.0,"0,00",%,change_pct,,pct,spot,,,physical
2026-03-05,sorgo,sorgo-mercado-fisico-media,Sorgo - Mercado Físico,Oeste da Bahia/BA (AIBA),,preco,41.9,"41,90",R$/sc,price,BRL,sc60kg,spot,,BA,physical
2026-03-05,sorgo,sorgo-mercado-fisico-media,Sorgo - Mercado Físico,Oeste da Bahia/BA (AIBA),,variacao_pct,0.17,"+0,17",%,change_pct,,pct,spot,,BA,physical
2026-03-05,sorgo,sorgo-mercado-fisico-media,Sorgo - Mercado Físico,Rio Verde/GO (Comigo),,preco,46.7,"46,70",R$/sc,price,BRL,sc60kg,spot,,GO,physical
2026-03-05,sorgo,sorgo-mercado-fisico-media,Sorgo - Mercado Físico,Rio Verde/GO (Comigo),,variacao_pct,0.0,"0,00",%,change_pct,,pct,spot,,GO,physical
2026-03-05,sorgo,sorgo-mercado-fisico-media,Sorgo - Mercado Físico,Rio do Sul/SC (Cravil),,preco,61.0,"61,00",R$/sc,price,BRL,sc60kg,spot,,SC,physical
2026-03-05,sorgo,sorgo-mercado-fisico-media,Sorgo - Mercado Físico,Rio do Sul/SC (Cravil),,variacao_pct,0.0,"0,00",%,change_pct,,pct,spot,,SC,physical
2026-03-06,sorgo,sorgo-mercado-fisico-media,Sorgo - Mercado Físico,Cândido Mota/SP (Coopermota),,preco,45.2,"45,20",R$/sc,price,BRL,sc60kg,spot,,SP,physical
2026-03-06,sorgo,sorgo-mercado-fisico-media,Sorgo - Mercado Físico,Cândido Mota/SP (Coopermota),,variacao_pct,0.89,"+0,89",%,change_pct,,pct,spot,,SP,physical
2026-03-06,sorgo,sorgo-mercado-fisico-media,Sorgo - Mercado Físico,Jataí/GO (Sindicato Rural de Jataí),,preco,46.7,"46,70",R$/sc,price,BRL,sc60kg,spot,,GO,physical
2026-03-06,sorgo,sorgo-mercado-fisico-media,Sorgo - Mercado Físico,Jataí/GO (Sindicato Rural de Jataí),,variacao_pct,0.0,"0,00",%,change_pct,,pct,spot,,GO,physical
2026-03-06,sorgo,sorgo-mercado-fisico-media,Sorgo - Mercado Físico,Luís Eduardo Magalhães/BA,,preco,42.0,"42,00",R$/sc,price,BRL,sc60kg,spot,,BA,physical
2026-03-06,sorgo,sorgo-mercado-fisico-media,Sorgo - Mercado Físico,Luís Eduardo Magalhães/BA,,variacao_pct,0.0,"0,00",%,change_pct,,pct,spot,,BA,physical
2026-03-06,sorgo,sorgo-mercado-fisico-media,Sorgo - Mercado Físico,Média RS (Clicmercado),,preco,52.0,"52,00",R$/sc,price,BRL,sc60kg,spot,,,physical
2026-03-06,sorgo,sorgo-mercado-fisico-media,Sorgo - Mercado Físico,Média RS (Clicmercado),,variacao_pct,0.0,"0,00",%,change_pct,,pct,spot,,,physical
2026-03-06,sorgo,sorgo-mercado-fisico-media,Sorgo - Mercado Físico,Oeste da Bahia/BA (AIBA),,preco,41.9,"41,90",R$/sc,price,BRL,sc60kg,spot,,BA,physical
2026-03-06,sorgo,sorgo-mercado-fisico-media,Sorgo - Mercado Físico,Oeste da Bahia/BA (AIBA),,variacao_pct,0.0,"0,00",%,change_pct,,pct,spot,,BA,physical
2026-03-06,sorgo,sorgo-mercado-fisico-media,Sorgo - Mercado Físico,Rio Verde/GO (Comigo),,preco,46.7,"46,70",R$/sc,price,BRL,sc60kg,spot,,GO,physical
2026-03-06,sorgo,sorgo-mercado-fisico-media,Sorgo - Mercado Físico,Rio Verde/GO (Comigo),,variacao_pct,0.0,"0,00",%,change_pct,,pct,spot,,GO,physical
2026-03-06,sorgo,sorgo-mercado-fisico-media,Sorgo - Mercado Físico,Rio do Sul/SC (Cravil),,preco,61.0,"61,00",R$/sc,price,BRL,sc60kg,spot,,SC,physical
2026-03-06,sorgo,sorgo-mercado-fisico-media,Sorgo - Mercado Físico,Rio do Sul/SC (Cravil),,variacao_pct,0.0,"0,00",%,change_pct,,pct,spot,,SC,physical
2026-03-09,sorgo,sorgo-mercado-fisico-media,Sorgo - Mercado Físico,Cândido Mota/SP (Coopermota),,preco,45.2,"45,20",R$/sc,price,BRL,sc60kg,spot,,SP,physical
2026-03-09,sorgo,sorgo-mercado-fisico-media,Sorgo - Mercado Físico,Cândido Mota/SP (Coopermota),,variacao_pct,0.0,"0,00",%,change_pct,,pct,spot,,SP,physical
2026-03-09,sorgo,sorgo-mercado-fisico-media,Sorgo - Mercado Físico,Jataí/GO (Sindicato Rural de Jataí),,preco,46.7,"46,70",R$/sc,price,BRL,sc60kg,spot,,GO,physical
2026-03-09,sorgo,sorgo-mercado-fisico-media,Sorgo - Mercado Físico,Jataí/GO (Sindicato Rural de Jataí),,variacao_pct,0.0,"0,00",%,change_pct,,pct,spot,,GO,physical
2026-03-09,sorgo,sorgo-mercado-fisico-media,Sorgo - Mercado Físico,Luís Eduardo Magalhães/BA,,preco,42.0,"42,00",R$/sc,price,BRL,sc60kg,spot,,BA,physical
2026-03-09,sorgo,sorgo-mercado-fisico-media,Sorgo - Mercado Físico,Luís Eduardo Magalhães/BA,,variacao_pct,0.0,"0,00",%,change_pct,,pct,spot,,BA,physical
2026-03-09,sorgo,sorgo-mercado-fisico-media,Sorgo - Mercado Físico,Média RS (Clicmercado),,preco,52.0,"52,00",R$/sc,price,BRL,sc60kg,spot,,,physical
2026-03-09,sorgo,sorgo-mercado-fisico-media,Sorgo - Mercado Físico,Média RS (Clicmercado),,variacao_pct,0.0,"0,00",%,change_pct,,pct,spot,,,physical
2026-03-09,sorgo,sorgo-mercado-fisico-media,Sorgo - Mercado Físico,Oeste da Bahia/BA (AIBA),,preco,41.9,"41,90",R$/sc,price,BRL,sc60kg,spot,,BA,physical
2026-03-09,sorgo,sorgo-mercado-fisico-media,Sorgo - Mercado Físico,Oeste da Bahia/BA (AIBA),,variacao_pct,0.0,"0,00",%,change_pct,,pct,spot,,BA,physical
2026-03-09,sorgo,sorgo-mercado-fisico-media,Sorgo - Mercado Físico,Rio Verde/GO (Comigo),,preco,46.7,"46,70",R$/sc,price,BRL,sc60kg,spot,,GO,physical
2026-03-09,sorgo,sorgo-mercado-fisico-media,Sorgo - Mercado Físico,Rio Verde/GO (Comigo),,variacao_pct,0.0,"0,00",%,change_pct,,pct,spot,,GO,physical
2026-03-09,sorgo,sorgo-mercado-fisico-media,Sorgo - Mercado Físico,Rio do Sul/SC (Cravil),,preco,61.0,"61,00",R$/sc,price,BRL,sc60kg,spot,,SC,physical
2026-03-09,sorgo,sorgo-mercado-fisico-media,Sorgo - Mercado Físico,Rio do Sul/SC (Cravil),,variacao_pct,0.0,"0,00",%,change_pct,,pct,spot,,SC,physical
2026-03-10,sorgo,sorgo-mercado-fisico-media,Sorgo - Mercado Físico,Cândido Mota/SP (Coopermota),,preco,45.2,"45,20",R$/sc,price,BRL,sc60kg,spot,,SP,physical
2026-03-10,sorgo,sorgo-mercado-fisico-media,Sorgo - Mercado Físico,Cândido Mota/SP (Coopermota),,variacao_pct,0.0,"0,00",%,change_pct,,pct,spot,,SP,physical
2026-03-10,sorgo,sorgo-mercado-fisico-media,Sorgo - Mercado Físico,Jataí/GO (Sindicato Rural de Jataí),,preco,,s/ cotação,R$/sc,price,BRL,sc60kg,spot,,GO,physical
2026-03-10,sorgo,sorgo-mercado-fisico-media,Sorgo - Mercado Físico,Jataí/GO (Sindicato Rural de Jataí),,variacao_pct,,-,%,change_pct,,pct,spot,,GO,physical
2026-03-10,sorgo,sorgo-mercado-fisico-media,Sorgo - Mercado Físico,Luís Eduardo Magalhães/BA,,preco,42.0,"42,00",R$/sc,price,BRL,sc60kg,spot,,BA,physical
2026-03-10,sorgo,sorgo-mercado-fisico-media,Sorgo - Mercado Físico,Luís Eduardo Magalhães/BA,,variacao_pct,0.0,"0,00",%,change_pct,,pct,spot,,BA,physical
2026-03-10,sorgo,sorgo-mercado-fisico-media,Sorgo - Mercado Físico,Média RS (Clicmercado),,preco,52.0,"52,00",R$/sc,price,BRL,sc60kg,spot,,,physical
2026-03-10,sorgo,sorgo-mercado-fisico-media,Sorgo - Mercado Físico,Média RS (Clicmercado),,variacao_pct,0.0,"0,00",%,change_pct,,pct,spot,,,physical
2026-03-10,sorgo,sorgo-mercado-fisico-media,Sorgo - Mercado Físico,Oeste da Bahia/BA (AIBA),,preco,41.9,"41,90",R$/sc,price,BRL,sc60kg,spot,,BA,physical
2026-03-10,sorgo,sorgo-mercado-fisico-media,Sorgo - Mercado Físico,Oeste da Bahia/BA (AIBA),,variacao_pct,0.0,"0,00",%,change_pct,,pct,spot,,BA,physical
2026-03-10,sorgo,sorgo-mercado-fisico-media,Sorgo - Mercado Físico,Rio Verde/GO (Comigo),,preco,,s/ cotação,R$/sc,price,BRL,sc60kg,spot,,GO,physical
2026-03-10,sorgo,sorgo-mercado-fisico-media,Sorgo - Mercado Físico,Rio Verde/GO (Comigo),,variacao_pct,,-,%,change_pct,,pct,spot,,GO,physical
2026-03-10,sorgo,sorgo-mercado-fisico-media,Sorgo - Mercado Físico,Rio do Sul/SC (Cravil),,preco,61.0,"61,00",R$/sc,price,BRL,sc60kg,spot,,SC,physical
2026-03-10,sorgo,sorgo-mercado-fisico-media,Sorgo - Mercado Físico,Rio do Sul/SC (Cravil),,variacao_pct,0.0,"0,00",%,change_pct,,pct,spot,,SC,physical
2026-03-11,sorgo,sorgo-mercado-fisico-media,Sorgo - Mercado Físico,Cândido Mota/SP (Coopermota),,preco,45.2,"45,20",R$/sc,price,BRL,sc60kg,spot,,SP,physical
2026-03-11,sorgo,sorgo-mercado-fisico-media,Sorgo - Mercado Físico,Cândido Mota/SP (Coopermota),,variacao_pct,0.0,"0,00",%,change_pct,,pct,spot,,SP,physical
2026-03-11,sorgo,sorgo-mercado-fisico-media,Sorgo - Mercado Físico,Jataí/GO (Sindicato Rural de Jataí),,preco,47.5,"47,50",R$/sc,price,BRL,sc60kg,spot,,GO,physical
2026-03-11,sorgo,sorgo-mercado-fisico-media,Sorgo - Mercado Físico,Jataí/GO (Sindicato Rural de Jataí),,variacao_pct,,-,%,change_pct,,pct,spot,,GO,physical
2026-03-11,sorgo,sorgo-mercado-fisico-media,Sorgo - Mercado Físico,Luís Eduardo Magalhães/BA,,preco,42.0,"42,00",R$/sc,price,BRL,sc60kg,spot,,BA,physical
2026-03-11,sorgo,sorgo-mercado-fisico-media,Sorgo - Mercado Físico,Luís Eduardo Magalhães/BA,,variacao_pct,0.0,"0,00",%,change_pct,,pct,spot,,BA,physical
2026-03-11,sorgo,sorgo-mercado-fisico-media,Sorgo - Mercado Físico,Média RS (Clicmercado),,preco,52.0,"52,00",R$/sc,price,BRL,sc60kg,spot,,,physical
2026-03-11,sorgo,sorgo-mercado-fisico-media,Sorgo - Mercado Físico,Média RS (Clicmercado),,variacao_pct,0.0,"0,00",%,change_pct,,pct,spot,,,physical
2026-03-11,sorgo,sorgo-mercado-fisico-media,Sorgo - Mercado Físico,Oeste da Bahia/BA (AIBA),,preco,41.9,"41,90",R$/sc,price,BRL,sc60kg,spot,,BA,physical
2026-03-11,sorgo,sorgo-mercado-fisico-media,Sorgo - Mercado Físico,Oeste da Bahia/BA (AIBA),,variacao_pct,0.0,"0,00",%,change_pct,,pct,spot,,BA,physical
2026-03-11,sorgo,sorgo-mercado-fisico-media,Sorgo - Mercado Físico,Rio Verde/GO (Comigo),,preco,47.5,"47,50",R$/sc,price,BRL,sc60kg,spot,,GO,physical
2026-03-11,sorgo,sorgo-mercado-fisico-media,Sorgo - Mercado Físico,Rio Verde/GO (Comigo),,variacao_pct,,-,%,change_pct,,pct,spot,,GO,physical
2026-03-11,sorgo,sorgo-mercado-fisico-media,Sorgo - Mercado Físico,Rio do Sul/SC (Cravil),,preco,61.0,"61,00",R$/sc,price,BRL,sc60kg,spot,,SC,physical
2026-03-11,sorgo,sorgo-mercado-fisico-media,Sorgo - Mercado Físico,Rio do Sul/SC (Cravil),,variacao_pct,0.0,"0,00",%,change_pct,,pct,spot,,SC,physical
2026-03-12,sorgo,sorgo-mercado-fisico-media,Sorgo - Mercado Físico,Cândido Mota/SP (Coopermota),,preco,46.0,"46,00",R$/sc,price,BRL,sc60kg,spot,,SP,physical
2026-03-12,sorgo,sorgo-mercado-fisico-media,Sorgo - Mercado Físico,Cândido Mota/SP (Coopermota),,variacao_pct,1.77,"+1,77",%,change_pct,,pct,spot,,SP,physical
2026-03-12,sorgo,sorgo-mercado-fisico-media,Sorgo - Mercado Físico,Jataí/GO (Sindicato Rural de Jataí),,preco,47.5,"47,50",R$/sc,price,BRL,sc60kg,spot,,GO,physical
2026-03-12,sorgo,sorgo-mercado-fisico-media,Sorgo - Mercado Físico,Jataí/GO (Sindicato Rural de Jataí),,variacao_pct,0.0,"0,00",%,change_pct,,pct,spot,,GO,physical
2026-03-12,sorgo,sorgo-mercado-fisico-media,Sorgo - Mercado Físico,Luís Eduardo Magalhães/BA,,preco,42.0,"42,00",R$/sc,price,BRL,sc60kg,spot,,BA,physical
2026-03-12,sorgo,sorgo-mercado-fisico-media,Sorgo - Mercado Físico,Luís Eduardo Magalhães/BA,,variacao_pct,0.0,"0,00",%,change_pct,,pct,spot,,BA,physical
2026-03-12,sorgo,sorgo-mercado-fisico-media,Sorgo - Mercado Físico,Média RS (Clicmercado),,preco,52.0,"52,00",R$/sc,price,BRL,sc60kg,spot,,,physical
2026-03-12,sorgo,sorgo-mercado-fisico-media,Sorgo - Mercado Físico,Média RS (Clicmercado),,variacao_pct,0.0,"0,00",%,change_pct,,pct,spot,,,physical
2026-03-12,sorgo,sorgo-mercado-fisico-media,Sorgo - Mercado Físico,Oeste da Bahia/BA (AIBA),,preco,41.9,"41,90",R$/sc,price,BRL,sc60kg,spot,,BA,physical
2026-03-12,sorgo,sorgo-mercado-fisico-media,Sorgo - Mercado Físico,Oeste da Bahia/BA (AIBA),,variacao_pct,0.0,"0,00",%,change_pct,,pct,spot,,BA,physical
2026-03-12,sorgo,sorgo-mercado-fisico-media,Sorgo - Mercado Físico,Rio Verde/GO (Comigo),,preco,47.5,"47,50",R$/sc,price,BRL,sc60kg,spot,,GO,physical
2026-03-12,sorgo,sorgo-mercado-fisico-media,Sorgo - Mercado Físico,Rio Verde/GO (Comigo),,variacao_pct,0.0,"0,00",%,change_pct,,pct,spot,,GO,physical
2026-03-12,sorgo,sorgo-mercado-fisico-media,Sorgo - Mercado Físico,Rio do Sul/SC (Cravil),,preco,61.0,"61,00",R$/sc,price,BRL,sc60kg,spot,,SC,physical
2026-03-12,sorgo,sorgo-mercado-fisico-media,Sorgo - Mercado Físico,Rio do Sul/SC (Cravil),,variacao_pct,0.0,"0,00",%,change_pct,,pct,spot,,SC,physical
2026-03-13,sorgo,sorgo-mercado-fisico-media,Sorgo - Mercado Físico,Cândido Mota/SP (Coopermota),,preco,46.8,"46,80",R$/sc,price,BRL,sc60kg,spot,,SP,physical
2026-03-13,sorgo,sorgo-mercado-fisico-media,Sorgo - Mercado Físico,Cândido Mota/SP (Coopermota),,variacao_pct,1.74,"+1,74",%,change_pct,,pct,spot,,SP,physical
2026-03-13,sorgo,sorgo-mercado-fisico-media,Sorgo - Mercado Físico,Jataí/GO (Sindicato Rural de Jataí),,preco,46.5,"46,50",R$/sc,price,BRL,sc60kg,spot,,GO,physical
2026-03-13,sorgo,sorgo-mercado-fisico-media,Sorgo - Mercado Físico,Jataí/GO (Sindicato Rural de Jataí),,variacao_pct,-2.11,"-2,11",%,change_pct,,pct,spot,,GO,physical
2026-03-13,sorgo,sorgo-mercado-fisico-media,Sorgo - Mercado Físico,Luís Eduardo Magalhães/BA,,preco,42.0,"42,00",R$/sc,price,BRL,sc60kg,spot,,BA,physical
2026-03-13,sorgo,sorgo-mercado-fisico-media,Sorgo - Mercado Físico,Luís Eduardo Magalhães/BA,,variacao_pct,0.0,"0,00",%,change_pct,,pct,spot,,BA,physical
2026-03-13,sorgo,sorgo-mercado-fisico-media,Sorgo - Mercado Físico,Média RS (Clicmercado),,preco,52.0,"52,00",R$/sc,price,BRL,sc60kg,spot,,,physical
2026-03-13,sorgo,sorgo-mercado-fisico-media,Sorgo - Mercado Físico,Média RS (Clicmercado),,variacao_pct,0.0,"0,00",%,change_pct,,pct,spot,,,physical
2026-03-13,sorgo,sorgo-mercado-fisico-media,Sorgo - Mercado Físico,Oeste da Bahia/BA (AIBA),,preco,42.33,"42,33",R$/sc,price,BRL,sc60kg,spot,,BA,physical
2026-03-13,sorgo,sorgo-mercado-fisico-media,Sorgo - Mercado Físico,Oeste da Bahia/BA (AIBA),,variacao_pct,1.03,"+1,03",%,change_pct,,pct,spot,,BA,physical
2026-03-13,sorgo,sorgo-mercado-fisico-media,Sorgo - Mercado Físico,Rio Verde/GO (Comigo),,preco,46.5,"46,50",R$/sc,price,BRL,sc60kg,spot,,GO,physical
2026-03-13,sorgo,sorgo-mercado-fisico-media,Sorgo - Mercado Físico,Rio Verde/GO (Comigo),,variacao_pct,-2.11,"-2,11",%,change_pct,,pct,spot,,GO,physical
2026-03-13,sorgo,sorgo-mercado-fisico-media,Sorgo - Mercado Físico,Rio do Sul/SC (Cravil),,preco,61.0,"61,00",R$/sc,price,BRL,sc60kg,spot,,SC,physical
2026-03-13,sorgo,sorgo-mercado-fisico-media,Sorgo - Mercado Físico,Rio do Sul/SC (Cravil),,variacao_pct,0.0,"0,00",%,change_pct,,pct,spot,,SC,physical
2026-03-16,sorgo,sorgo-mercado-fisico-media,Sorgo - Mercado Físico,Cândido Mota/SP (Coopermota),,preco,46.8,"46,80",R$/sc,price,BRL,sc60kg,spot,,SP,physical
2026-03-16,sorgo,sorgo-mercado-fisico-media,Sorgo - Mercado Físico,Cândido Mota/SP (Coopermota),,variacao_pct,0.0,"0,00",%,change_pct,,pct,spot,,SP,physical
2026-03-16,sorgo,sorgo-mercado-fisico-media,Sorgo - Mercado Físico,Jataí/GO (Sindicato Rural de Jataí),,preco,,s/ cotação,R$/sc,price,BRL,sc60kg,spot,,GO,physical
2026-03-16,sorgo,sorgo-mercado-fisico-media,Sorgo - Mercado Físico,Jataí/GO (Sindicato Rural de Jataí),,variacao_pct,,-,%,change_pct,,pct,spot,,GO,physical
2026-03-16,sorgo,sorgo-mercado-fisico-media,Sorgo - Mercado Físico,Luís Eduardo Magalhães/BA,,preco,42.0,"42,00",R$/sc,price,BRL,sc60kg,spot,,BA,physical
2026-03-16,sorgo,sorgo-mercado-fisico-media,Sorgo - Mercado Físico,Luís Eduardo Magalhães/BA,,variacao_pct,0.0,"0,00",%,change_pct,,pct,spot,,BA,physical
2026-03-16,sorgo,sorgo-mercado-fisico-media,Sorgo - Mercado Físico,Média RS (Clicmercado),,preco,52.0,"52,00",R$/sc,price,BRL,sc60kg,spot,,,physical
2026-03-16,sorgo,sorgo-mercado-fisico-media,Sorgo - Mercado Físico,Média RS (Clicmercado),,variacao_pct,0.0,"0,00",%,change_pct,,pct,spot,,,physical
2026-03-16,sorgo,sorgo-mercado-fisico-media,Sorgo - Mercado Físico,Oeste da Bahia/BA (AIBA),,preco,42.33,"42,33",R$/sc,price,BRL,sc60kg,spot,,BA,physical
2026-03-16,sorgo,sorgo-mercado-fisico-media,Sorgo - Mercado Físico,Oeste da Bahia/BA (AIBA),,variacao_pct,0.0,"0,00",%,change_pct,,pct,spot,,BA,physical
2026-03-16,sorgo,sorgo-mercado-fisico-media,Sorgo - Mercado Físico,Rio Verde/GO (Comigo),,preco,,s/ cotação,R$/sc,price,BRL,sc60kg,spot,,GO,physical
2026-03-16,sorgo,sorgo-mercado-fisico-media,Sorgo - Mercado Físico,Rio Verde/GO (Comigo),,variacao_pct,,-,%,change_pct,,pct,spot,,GO,physical
2026-03-16,sorgo,sorgo-mercado-fisico-media,Sorgo - Mercado Físico,Rio do Sul/SC (Cravil),,preco,61.0,"61,00",R$/sc,price,BRL,sc60kg,spot,,SC,physical
2026-03-16,sorgo,sorgo-mercado-fisico-media,Sorgo - Mercado Físico,Rio do Sul/SC (Cravil),,variacao_pct,0.0,"0,00",%,change_pct,,pct,spot,,SC,physical
2026-03-17,sorgo,sorgo-mercado-fisico-media,Sorgo - Mercado Físico,Cândido Mota/SP (Coopermota),,preco,46.8,"46,80",R$/sc,price,BRL,sc60kg,spot,,SP,physical
2026-03-17,sorgo,sorgo-mercado-fisico-media,Sorgo - Mercado Físico,Cândido Mota/SP (Coopermota),,variacao_pct,0.0,"0,00",%,change_pct,,pct,spot,,SP,physical
2026-03-17,sorgo,sorgo-mercado-fisico-media,Sorgo - Mercado Físico,Jataí/GO (Sindicato Rural de Jataí),,preco,47.5,"47,50",R$/sc,price,BRL,sc60kg,spot,,GO,physical
2026-03-17,sorgo,sorgo-mercado-fisico-media,Sorgo - Mercado Físico,Jataí/GO (Sindicato Rural de Jataí),,variacao_pct,,-,%,change_pct,,pct,spot,,GO,physical
2026-03-17,sorgo,sorgo-mercado-fisico-media,Sorgo - Mercado Físico,Luís Eduardo Magalhães/BA,,preco,42.0,"42,00",R$/sc,price,BRL,sc60kg,spot,,BA,physical
2026-03-17,sorgo,sorgo-mercado-fisico-media,Sorgo - Mercado Físico,Luís Eduardo Magalhães/BA,,variacao_pct,0.0,"0,00",%,change_pct,,pct,spot,,BA,physical
2026-03-17,sorgo,sorgo-mercado-fisico-media,Sorgo - Mercado Físico,Média RS (Clicmercado),,preco,52.0,"52,00",R$/sc,price,BRL,sc60kg,spot,,,physical
2026-03-17,sorgo,sorgo-mercado-fisico-media,Sorgo - Mercado Físico,Média RS (Clicmercado),,variacao_pct,0.0,"0,00",%,change_pct,,pct,spot,,,physical
2026-03-17,sorgo,sorgo-mercado-fisico-media,Sorgo - Mercado Físico,Oeste da Bahia/BA (AIBA),,preco,42.33,"42,33",R$/sc,price,BRL,sc60kg,spot,,BA,physical
2026-03-17,sorgo,sorgo-mercado-fisico-media,Sorgo - Mercado Físico,Oeste da Bahia/BA (AIBA),,variacao_pct,0.0,"0,00",%,change_pct,,pct,spot,,BA,physical
2026-03-17,sorgo,sorgo-mercado-fisico-media,Sorgo - Mercado Físico,Rio Verde/GO (Comigo),,preco,47.5,"47,50",R$/sc,price,BRL,sc60kg,spot,,GO,physical
2026-03-17,sorgo,sorgo-mercado-fisico-media,Sorgo - Mercado Físico,Rio Verde/GO (Comigo),,variacao_pct,,-,%,change_pct,,pct,spot,,GO,physical
2026-03-17,sorgo,sorgo-mercado-fisico-media,Sorgo - Mercado Físico,Rio do Sul/SC (Cravil),,preco,61.0,"61,00",R$/sc,price,BRL,sc60kg,spot,,SC,physical
2026-03-17,sorgo,sorgo-mercado-fisico-media,Sorgo - Mercado Físico,Rio do Sul/SC (Cravil),,variacao_pct,0.0,"0,00",%,change_pct,,pct,spot,,SC,physical
2026-03-18,sorgo,sorgo-mercado-fisico-media,Sorgo - Mercado Físico,Cândido Mota/SP (Coopermota),,preco,46.8,"46,80",R$/sc,price,BRL,sc60kg,spot,,SP,physical
2026-03-18,sorgo,sorgo-mercado-fisico-media,Sorgo - Mercado Físico,Cândido Mota/SP (Coopermota),,variacao_pct,0.0,"0,00",%,change_pct,,pct,spot,,SP,physical
2026-03-18,sorgo,sorgo-mercado-fisico-media,Sorgo - Mercado Físico,Jataí/GO (Sindicato Rural de Jataí),,preco,47.5,"47,50",R$/sc,price,BRL,sc60kg,spot,,GO,physical
2026-03-18,sorgo,sorgo-mercado-fisico-media,Sorgo - Mercado Físico,Jataí/GO (Sindicato Rural de Jataí),,variacao_pct,0.0,"0,00",%,change_pct,,pct,spot,,GO,physical
2026-03-18,sorgo,sorgo-mercado-fisico-media,Sorgo - Mercado Físico,Luís Eduardo Magalhães/BA,,preco,42.0,"42,00",R$/sc,price,BRL,sc60kg,spot,,BA,physical
2026-03-18,sorgo,sorgo-mercado-fisico-media,Sorgo - Mercado Físico,Luís Eduardo Magalhães/BA,,variacao_pct,0.0,"0,00",%,change_pct,,pct,spot,,BA,physical
2026-03-18,sorgo,sorgo-mercado-fisico-media,Sorgo - Mercado Físico,Média RS (Clicmercado),,preco,52.0,"52,00",R$/sc,price,BRL,sc60kg,spot,,,physical
2026-03-18,sorgo,sorgo-mercado-fisico-media,Sorgo - Mercado Físico,Média RS (Clicmercado),,variacao_pct,0.0,"0,00",%,change_pct,,pct,spot,,,physical
2026-03-18,sorgo,sorgo-mercado-fisico-media,Sorgo - Mercado Físico,Oeste da Bahia/BA (AIBA),,preco,42.33,"42,33",R$/sc,price,BRL,sc60kg,spot,,BA,physical
2026-03-18,sorgo,sorgo-mercado-fisico-media,Sorgo - Mercado Físico,Oeste da Bahia/BA (AIBA),,variacao_pct,0.0,"0,00",%,change_pct,,pct,spot,,BA,physical
2026-03-18,sorgo,sorgo-mercado-fisico-media,Sorgo - Mercado Físico,Rio Verde/GO (Comigo),,preco,47.5,"47,50",R$/sc,price,BRL,sc60kg,spot,,GO,physical
2026-03-18,sorgo,sorgo-mercado-fisico-media,Sorgo - Mercado Físico,Rio Verde/GO (Comigo),,variacao_pct,0.0,"0,00",%,change_pct,,pct,spot,,GO,physical
2026-03-18,sorgo,sorgo-mercado-fisico-media,Sorgo - Mercado Físico,Rio do Sul/SC (Cravil),,preco,61.0,"61,00",R$/sc,price,BRL,sc60kg,spot,,SC,physical
2026-03-18,sorgo,sorgo-mercado-fisico-media,Sorgo - Mercado Físico,Rio do Sul/SC (Cravil),,variacao_pct,0.0,"0,00",%,change_pct,,pct,spot,,SC,physical
2026-03-19,sorgo,sorgo-mercado-fisico-media,Sorgo - Mercado Físico,Cândido Mota/SP (Coopermota),,preco,46.8,"46,80",R$/sc,price,BRL,sc60kg,spot,,SP,physical
2026-03-19,sorgo,sorgo-mercado-fisico-media,Sorgo - Mercado Físico,Cândido Mota/SP (Coopermota),,variacao_pct,0.0,"0,00",%,change_pct,,pct,spot,,SP,physical
2026-03-19,sorgo,sorgo-mercado-fisico-media,Sorgo - Mercado Físico,Jataí/GO (Sindicato Rural de Jataí),,preco,47.5,"47,50",R$/sc,price,BRL,sc60kg,spot,,GO,physical
2026-03-19,sorgo,sorgo-mercado-fisico-media,Sorgo - Mercado Físico,Jataí/GO (Sindicato Rural de Jataí),,variacao_pct,0.0,"0,00",%,change_pct,,pct,spot,,GO,physical
2026-03-19,sorgo,sorgo-mercado-fisico-media,Sorgo - Mercado Físico,Luís Eduardo Magalhães/BA,,preco,42.0,"42,00",R$/sc,price,BRL,sc60kg,spot,,BA,physical
2026-03-19,sorgo,sorgo-mercado-fisico-media,Sorgo - Mercado Físico,Luís Eduardo Magalhães/BA,,variacao_pct,0.0,"0,00",%,change_pct,,pct,spot,,BA,physical
2026-03-19,sorgo,sorgo-mercado-fisico-media,Sorgo - Mercado Físico,Média RS (Clicmercado),,preco,52.0,"52,00",R$/sc,price,BRL,sc60kg,spot,,,physical
2026-03-19,sorgo,sorgo-mercado-fisico-media,Sorgo - Mercado Físico,Média RS (Clicmercado),,variacao_pct,0.0,"0,00",%,change_pct,,pct,spot,,,physical
2026-03-19,sorgo,sorgo-mercado-fisico-media,Sorgo - Mercado Físico,Oeste da Bahia/BA (AIBA),,preco,42.5,"42,50",R$/sc,price,BRL,sc60kg,spot,,BA,physical
2026-03-19,sorgo,sorgo-mercado-fisico-media,Sorgo - Mercado Físico,Oeste da Bahia/BA (AIBA),,variacao_pct,0.4,"+0,40",%,change_pct,,pct,spot,,BA,physical
2026-03-19,sorgo,sorgo-mercado-fisico-media,Sorgo - Mercado Físico,Rio Verde/GO (Comigo),,preco,47.5,"47,50",R$/sc,price,BRL,sc60kg,spot,,GO,physical
2026-03-19,sorgo,sorgo-mercado-fisico-media,Sorgo - Mercado Físico,Rio Verde/GO (Comigo),,variacao_pct,0.0,"0,00",%,change_pct,,pct,spot,,GO,physical
2026-03-19,sorgo,sorgo-mercado-fisico-media,Sorgo - Mercado Físico,Rio do Sul/SC (Cravil),,preco,61.0,"61,00",R$/sc,price,BRL,sc60kg,spot,,SC,physical
2026-03-19,sorgo,sorgo-mercado-fisico-media,Sorgo - Mercado Físico,Rio do Sul/SC (Cravil),,variacao_pct,0.0,"0,00",%,change_pct,,pct,spot,,SC,physical
2026-03-20,sorgo,sorgo-mercado-fisico-media,Sorgo - Mercado Físico,Cândido Mota/SP (Coopermota),,preco,46.8,"46,80",R$/sc,price,BRL,sc60kg,spot,,SP,physical
2026-03-20,sorgo,sorgo-mercado-fisico-media,Sorgo - Mercado Físico,Cândido Mota/SP (Coopermota),,variacao_pct,0.0,"0,00",%,change_pct,,pct,spot,,SP,physical
2026-03-20,sorgo,sorgo-mercado-fisico-media,Sorgo - Mercado Físico,Jataí/GO (Sindicato Rural de Jataí),,preco,48.0,"48,00",R$/sc,price,BRL,sc60kg,spot,,GO,physical
2026-03-20,sorgo,sorgo-mercado-fisico-media,Sorgo - Mercado Físico,Jataí/GO (Sindicato Rural de Jataí),,variacao_pct,1.05,"+1,05",%,change_pct,,pct,spot,,GO,physical
2026-03-20,sorgo,sorgo-mercado-fisico-media,Sorgo - Mercado Físico,Luís Eduardo Magalhães/BA,,preco,42.0,"42,00",R$/sc,price,BRL,sc60kg,spot,,BA,physical
2026-03-20,sorgo,sorgo-mercado-fisico-media,Sorgo - Mercado Físico,Luís Eduardo Magalhães/BA,,variacao_pct,0.0,"0,00",%,change_pct,,pct,spot,,BA,physical
2026-03-20,sorgo,sorgo-mercado-fisico-media,Sorgo - Mercado Físico,Média RS (Clicmercado),,preco,52.0,"52,00",R$/sc,price,BRL,sc60kg,spot,,,physical
2026-03-20,sorgo,sorgo-mercado-fisico-media,Sorgo - Mercado Físico,Média RS (Clicmercado),,variacao_pct,0.0,"0,00",%,change_pct,,pct,spot,,,physical
2026-03-20,sorgo,sorgo-mercado-fisico-media,Sorgo - Mercado Físico,Oeste da Bahia/BA (AIBA),,preco,42.5,"42,50",R$/sc,price,BRL,sc60kg,spot,,BA,physical
2026-03-20,sorgo,sorgo-mercado-fisico-media,Sorgo - Mercado Físico,Oeste da Bahia/BA (AIBA),,variacao_pct,0.0,"0,00",%,change_pct,,pct,spot,,BA,physical
2026-03-20,sorgo,sorgo-mercado-fisico-media,Sorgo - Mercado Físico,Rio Verde/GO (Comigo),,preco,48.0,"48,00",R$/sc,price,BRL,sc60kg,spot,,GO,physical
2026-03-20,sorgo,sorgo-mercado-fisico-media,Sorgo - Mercado Físico,Rio Verde/GO (Comigo),,variacao_pct,1.05,"+1,05",%,change_pct,,pct,spot,,GO,physical
2026-03-20,sorgo,sorgo-mercado-fisico-media,Sorgo - Mercado Físico,Rio do Sul/SC (Cravil),,preco,61.0,"61,00",R$/sc,price,BRL,sc60kg,spot,,SC,physical
2026-03-20,sorgo,sorgo-mercado-fisico-media,Sorgo - Mercado Físico,Rio do Sul/SC (Cravil),,variacao_pct,0.0,"0,00",%,change_pct,,pct,spot,,SC,physical
2026-03-23,sorgo,sorgo-mercado-fisico-media,Sorgo - Mercado Físico,Cândido Mota/SP (Coopermota),,preco,46.8,"46,80",R$/sc,price,BRL,sc60kg,spot,,SP,physical
2026-03-23,sorgo,sorgo-mercado-fisico-media,Sorgo - Mercado Físico,Cândido Mota/SP (Coopermota),,variacao_pct,0.0,"0,00",%,change_pct,,pct,spot,,SP,physical
2026-03-23,sorgo,sorgo-mercado-fisico-media,Sorgo - Mercado Físico,Jataí/GO (Sindicato Rural de Jataí),,preco,48.0,"48,00",R$/sc,price,BRL,sc60kg,spot,,GO,physical
2026-03-23,sorgo,sorgo-mercado-fisico-media,Sorgo - Mercado Físico,Jataí/GO (Sindicato Rural de Jataí),,variacao_pct,0.0,"0,00",%,change_pct,,pct,spot,,GO,physical
2026-03-23,sorgo,sorgo-mercado-fisico-media,Sorgo - Mercado Físico,Luís Eduardo Magalhães/BA,,preco,42.0,"42,00",R$/sc,price,BRL,sc60kg,spot,,BA,physical
2026-03-23,sorgo,sorgo-mercado-fisico-media,Sorgo - Mercado Físico,Luís Eduardo Magalhães/BA,,variacao_pct,0.0,"0,00",%,change_pct,,pct,spot,,BA,physical
2026-03-23,sorgo,sorgo-mercado-fisico-media,Sorgo - Mercado Físico,Média RS (Clicmercado),,preco,52.0,"52,00",R$/sc,price,BRL,sc60kg,spot,,,physical
2026-03-23,sorgo,sorgo-mercado-fisico-media,Sorgo - Mercado Físico,Média RS (Clicmercado),,variacao_pct,0.0,"0,00",%,change_pct,,pct,spot,,,physical
2026-03-23,sorgo,sorgo-mercado-fisico-media,Sorgo - Mercado Físico,Oeste da Bahia/BA (AIBA),,preco,42.5,"42,50",R$/sc,price,BRL,sc60kg,spot,,BA,physical
2026-03-23,sorgo,sorgo-mercado-fisico-media,Sorgo - Mercado Físico,Oeste da Bahia/BA (AIBA),,variacao_pct,0.0,"0,00",%,change_pct,,pct,spot,,BA,physical
2026-03-23,sorgo,sorgo-mercado-fisico-media,Sorgo - Mercado Físico,Rio Verde/GO (Comigo),,preco,48.0,"48,00",R$/sc,price,BRL,sc60kg,spot,,GO,physical
2026-03-23,sorgo,sorgo-mercado-fisico-media,Sorgo - Mercado Físico,Rio Verde/GO (Comigo),,variacao_pct,0.0,"0,00",%,change_pct,,pct,spot,,GO,physical
2026-03-23,sorgo,sorgo-mercado-fisico-media,Sorgo - Mercado Físico,Rio do Sul/SC (Cravil),,preco,50.0,"50,00",R$/sc,price,BRL,sc60kg,spot,,SC,physical
2026-03-23,sorgo,sorgo-mercado-fisico-media,Sorgo - Mercado Físico,Rio do Sul/SC (Cravil),,variacao_pct,,-,%,change_pct,,pct,spot,,SC,physical
2026-03-24,sorgo,sorgo-mercado-fisico-media,Sorgo - Mercado Físico,Cândido Mota/SP (Coopermota),,preco,46.8,"46,80",R$/sc,price,BRL,sc60kg,spot,,SP,physical
2026-03-24,sorgo,sorgo-mercado-fisico-media,Sorgo - Mercado Físico,Cândido Mota/SP (Coopermota),,variacao_pct,0.0,"0,00",%,change_pct,,pct,spot,,SP,physical
2026-03-24,sorgo,sorgo-mercado-fisico-media,Sorgo - Mercado Físico,Jataí/GO (Sindicato Rural de Jataí),,preco,48.0,"48,00",R$/sc,price,BRL,sc60kg,spot,,GO,physical
2026-03-24,sorgo,sorgo-mercado-fisico-media,Sorgo - Mercado Físico,Jataí/GO (Sindicato Rural de Jataí),,variacao_pct,0.0,"0,00",%,change_pct,,pct,spot,,GO,physical
2026-03-24,sorgo,sorgo-mercado-fisico-media,Sorgo - Mercado Físico,Luís Eduardo Magalhães/BA,,preco,42.0,"42,00",R$/sc,price,BRL,sc60kg,spot,,BA,physical
2026-03-24,sorgo,sorgo-mercado-fisico-media,Sorgo - Mercado Físico,Luís Eduardo Magalhães/BA,,variacao_pct,0.0,"0,00",%,change_pct,,pct,spot,,BA,physical
2026-03-24,sorgo,sorgo-mercado-fisico-media,Sorgo - Mercado Físico,Média RS (Clicmercado),,preco,52.0,"52,00",R$/sc,price,BRL,sc60kg,spot,,,physical
2026-03-24,sorgo,sorgo-mercado-fisico-media,Sorgo - Mercado Físico,Média RS (Clicmercado),,variacao_pct,0.0,"0,00",%,change_pct,,pct,spot,,,physical
2026-03-24,sorgo,sorgo-mercado-fisico-media,Sorgo - Mercado Físico,Oeste da Bahia/BA (AIBA),,preco,42.5,"42,50",R$/sc,price,BRL,sc60kg,spot,,BA,physical
2026-03-24,sorgo,sorgo-mercado-fisico-media,Sorgo - Mercado Físico,Oeste da Bahia/BA (AIBA),,variacao_pct,0.0,"0,00",%,change_pct,,pct,spot,,BA,physical
2026-03-24,sorgo,sorgo-mercado-fisico-media,Sorgo - Mercado Físico,Rio Verde/GO (Comigo),,preco,48.0,"48,00",R$/sc,price,BRL,sc60kg,spot,,GO,physical
2026-03-24,sorgo,sorgo-mercado-fisico-media,Sorgo - Mercado Físico,Rio Verde/GO (Comigo),,variacao_pct,0.0,"0,00",%,change_pct,,pct,spot,,GO,physical
2026-03-24,sorgo,sorgo-mercado-fisico-media,Sorgo - Mercado Físico,Rio do Sul/SC (Cravil),,preco,50.0,"50,00",R$/sc,price,BRL,sc60kg,spot,,SC,physical
2026-03-24,sorgo,sorgo-mercado-fisico-media,Sorgo - Mercado Físico,Rio do Sul/SC (Cravil),,variacao_pct,0.0,"0,00",%,change_pct,,pct,spot,,SC,physical
2026-03-25,sorgo,sorgo-mercado-fisico-media,Sorgo - Mercado Físico,Cândido Mota/SP (Coopermota),,preco,46.8,"46,80",R$/sc,price,BRL,sc60kg,spot,,SP,physical
2026-03-25,sorgo,sorgo-mercado-fisico-media,Sorgo - Mercado Físico,Cândido Mota/SP (Coopermota),,variacao_pct,0.0,"0,00",%,change_pct,,pct,spot,,SP,physical
2026-03-25,sorgo,sorgo-mercado-fisico-media,Sorgo - Mercado Físico,Jataí/GO (Sindicato Rural de Jataí),,preco,48.0,"48,00",R$/sc,price,BRL,sc60kg,spot,,GO,physical
2026-03-25,sorgo,sorgo-mercado-fisico-media,Sorgo - Mercado Físico,Jataí/GO (Sindicato Rural de Jataí),,variacao_pct,0.0,"0,00",%,change_pct,,pct,spot,,GO,physical
2026-03-25,sorgo,sorgo-mercado-fisico-media,Sorgo - Mercado Físico,Luís Eduardo Magalhães/BA,,preco,42.0,"42,00",R$/sc,price,BRL,sc60kg,spot,,BA,physical
2026-03-25,sorgo,sorgo-mercado-fisico-media,Sorgo - Mercado Físico,Luís Eduardo Magalhães/BA,,variacao_pct,0.0,"0,00",%,change_pct,,pct,spot,,BA,physical
2026-03-25,sorgo,sorgo-mercado-fisico-media,Sorgo - Mercado Físico,Média RS (Clicmercado),,preco,52.0,"52,00",R$/sc,price,BRL,sc60kg,spot,,,physical
2026-03-25,sorgo,sorgo-mercado-fisico-media,Sorgo - Mercado Físico,Média RS (Clicmercado),,variacao_pct,0.0,"0,00",%,change_pct,,pct,spot,,,physical
2026-03-25,sorgo,sorgo-mercado-fisico-media,Sorgo - Mercado Físico,Oeste da Bahia/BA (AIBA),,preco,42.5,"42,50",R$/sc,price,BRL,sc60kg,spot,,BA,physical
2026-03-25,sorgo,sorgo-mercado-fisico-media,Sorgo - Mercado Físico,Oeste da Bahia/BA (AIBA),,variacao_pct,0.0,"0,00",%,change_pct,,pct,spot,,BA,physical
2026-03-25,sorgo,sorgo-mercado-fisico-media,Sorgo - Mercado Físico,Rio Verde/GO (Comigo),,preco,48.0,"48,00",R$/sc,price,BRL,sc60kg,spot,,GO,physical
2026-03-25,sorgo,sorgo-mercado-fisico-media,Sorgo - Mercado Físico,Rio Verde/GO (Comigo),,variacao_pct,0.0,"0,00",%,change_pct,,pct,spot,,GO,physical
2026-03-25,sorgo,sorgo-mercado-fisico-media,Sorgo - Mercado Físico,Rio do Sul/SC (Cravil),,preco,50.0,"50,00",R$/sc,price,BRL,sc60kg,spot,,SC,physical
2026-03-25,sorgo,sorgo-mercado-fisico-media,Sorgo - Mercado Físico,Rio do Sul/SC (Cravil),,variacao_pct,0.0,"0,00",%,change_pct,,pct,spot,,SC,physical
2026-03-26,sorgo,sorgo-mercado-fisico-media,Sorgo - Mercado Físico,Cândido Mota/SP (Coopermota),,preco,46.8,"46,80",R$/sc,price,BRL,sc60kg,spot,,SP,physical
2026-03-26,sorgo,sorgo-mercado-fisico-media,Sorgo - Mercado Físico,Cândido Mota/SP (Coopermota),,variacao_pct,0.0,"0,00",%,change_pct,,pct,spot,,SP,physical
2026-03-26,sorgo,sorgo-mercado-fisico-media,Sorgo - Mercado Físico,Jataí/GO (Sindicato Rural de Jataí),,preco,48.0,"48,00",R$/sc,price,BRL,sc60kg,spot,,GO,physical
2026-03-26,sorgo,sorgo-mercado-fisico-media,Sorgo - Mercado Físico,Jataí/GO (Sindicato Rural de Jataí),,variacao_pct,0.0,"0,00",%,change_pct,,pct,spot,,GO,physical
2026-03-26,sorgo,sorgo-mercado-fisico-media,Sorgo - Mercado Físico,Luís Eduardo Magalhães/BA,,preco,42.0,"42,00",R$/sc,price,BRL,sc60kg,spot,,BA,physical
2026-03-26,sorgo,sorgo-mercado-fisico-media,Sorgo - Mercado Físico,Luís Eduardo Magalhães/BA,,variacao_pct,0.0,"0,00",%,change_pct,,pct,spot,,BA,physical
2026-03-26,sorgo,sorgo-mercado-fisico-media,Sorgo - Mercado Físico,Média RS (Clicmercado),,preco,52.0,"52,00",R$/sc,price,BRL,sc60kg,spot,,,physical
2026-03-26,sorgo,sorgo-mercado-fisico-media,Sorgo - Mercado Físico,Média RS (Clicmercado),,variacao_pct,0.0,"0,00",%,change_pct,,pct,spot,,,physical
2026-03-26,sorgo,sorgo-mercado-fisico-media,Sorgo - Mercado Físico,Oeste da Bahia/BA (AIBA),,preco,42.5,"42,50",R$/sc,price,BRL,sc60kg,spot,,BA,physical
2026-03-26,sorgo,sorgo-mercado-fisico-media,Sorgo - Mercado Físico,Oeste da Bahia/BA (AIBA),,variacao_pct,0.0,"0,00",%,change_pct,,pct,spot,,BA,physical
2026-03-26,sorgo,sorgo-mercado-fisico-media,Sorgo - Mercado Físico,Rio Verde/GO (Comigo),,preco,48.0,"48,00",R$/sc,price,BRL,sc60kg,spot,,GO,physical
2026-03-26,sorgo,sorgo-mercado-fisico-media,Sorgo - Mercado Físico,Rio Verde/GO (Comigo),,variacao_pct,0.0,"0,00",%,change_pct,,pct,spot,,GO,physical
2026-03-26,sorgo,sorgo-mercado-fisico-media,Sorgo - Mercado Físico,Rio do Sul/SC (Cravil),,preco,50.0,"50,00",R$/sc,price,BRL,sc60kg,spot,,SC,physical
2026-03-26,sorgo,sorgo-mercado-fisico-media,Sorgo - Mercado Físico,Rio do Sul/SC (Cravil),,variacao_pct,0.0,"0,00",%,change_pct,,pct,spot,,SC,physical
2026-03-27,sorgo,sorgo-mercado-fisico-media,Sorgo - Mercado Físico,Cândido Mota/SP (Coopermota),,preco,46.8,"46,80",R$/sc,price,BRL,sc60kg,spot,,SP,physical
2026-03-27,sorgo,sorgo-mercado-fisico-media,Sorgo - Mercado Físico,Cândido Mota/SP (Coopermota),,variacao_pct,0.0,"0,00",%,change_pct,,pct,spot,,SP,physical
2026-03-27,sorgo,sorgo-mercado-fisico-media,Sorgo - Mercado Físico,Jataí/GO (Sindicato Rural de Jataí),,preco,48.0,"48,00",R$/sc,price,BRL,sc60kg,spot,,GO,physical
2026-03-27,sorgo,sorgo-mercado-fisico-media,Sorgo - Mercado Físico,Jataí/GO (Sindicato Rural de Jataí),,variacao_pct,0.0,"0,00",%,change_pct,,pct,spot,,GO,physical
2026-03-27,sorgo,sorgo-mercado-fisico-media,Sorgo - Mercado Físico,Luís Eduardo Magalhães/BA,,preco,42.0,"42,00",R$/sc,price,BRL,sc60kg,spot,,BA,physical
2026-03-27,sorgo,sorgo-mercado-fisico-media,Sorgo - Mercado Físico,Luís Eduardo Magalhães/BA,,variacao_pct,0.0,"0,00",%,change_pct,,pct,spot,,BA,physical
2026-03-27,sorgo,sorgo-mercado-fisico-media,Sorgo - Mercado Físico,Média RS (Clicmercado),,preco,52.0,"52,00",R$/sc,price,BRL,sc60kg,spot,,,physical
2026-03-27,sorgo,sorgo-mercado-fisico-media,Sorgo - Mercado Físico,Média RS (Clicmercado),,variacao_pct,0.0,"0,00",%,change_pct,,pct,spot,,,physical
2026-03-27,sorgo,sorgo-mercado-fisico-media,Sorgo - Mercado Físico,Oeste da Bahia/BA (AIBA),,preco,42.67,"42,67",R$/sc,price,BRL,sc60kg,spot,,BA,physical
2026-03-27,sorgo,sorgo-mercado-fisico-media,Sorgo - Mercado Físico,Oeste da Bahia/BA (AIBA),,variacao_pct,0.4,"+0,40",%,change_pct,,pct,spot,,BA,physical
2026-03-27,sorgo,sorgo-mercado-fisico-media,Sorgo - Mercado Físico,Rio Verde/GO (Comigo),,preco,48.0,"48,00",R$/sc,price,BRL,sc60kg,spot,,GO,physical
2026-03-27,sorgo,sorgo-mercado-fisico-media,Sorgo - Mercado Físico,Rio Verde/GO (Comigo),,variacao_pct,0.0,"0,00",%,change_pct,,pct,spot,,GO,physical
2026-03-27,sorgo,sorgo-mercado-fisico-media,Sorgo - Mercado Físico,Rio do Sul/SC (Cravil),,preco,50.0,"50,00",R$/sc,price,BRL,sc60kg,spot,,SC,physical
2026-03-27,sorgo,sorgo-mercado-fisico-media,Sorgo - Mercado Físico,Rio do Sul/SC (Cravil),,variacao_pct,0.0,"0,00",%,change_pct,,pct,spot,,SC,physical
2026-03-30,sorgo,sorgo-mercado-fisico-media,Sorgo - Mercado Físico,Cândido Mota/SP (Coopermota),,preco,46.8,"46,80",R$/sc,price,BRL,sc60kg,spot,,SP,physical
2026-03-30,sorgo,sorgo-mercado-fisico-media,Sorgo - Mercado Físico,Cândido Mota/SP (Coopermota),,variacao_pct,0.0,"0,00",%,change_pct,,pct,spot,,SP,physical
2026-03-30,sorgo,sorgo-mercado-fisico-media,Sorgo - Mercado Físico,Jataí/GO (Sindicato Rural de Jataí),,preco,48.0,"48,00",R$/sc,price,BRL,sc60kg,spot,,GO,physical
2026-03-30,sorgo,sorgo-mercado-fisico-media,Sorgo - Mercado Físico,Jataí/GO (Sindicato Rural de Jataí),,variacao_pct,0.0,"0,00",%,change_pct,,pct,spot,,GO,physical
2026-03-30,sorgo,sorgo-mercado-fisico-media,Sorgo - Mercado Físico,Luís Eduardo Magalhães/BA,,preco,42.0,"42,00",R$/sc,price,BRL,sc60kg,spot,,BA,physical
2026-03-30,sorgo,sorgo-mercado-fisico-media,Sorgo - Mercado Físico,Luís Eduardo Magalhães/BA,,variacao_pct,0.0,"0,00",%,change_pct,,pct,spot,,BA,physical
2026-03-30,sorgo,sorgo-mercado-fisico-media,Sorgo - Mercado Físico,Média RS (Clicmercado),,preco,52.0,"52,00",R$/sc,price,BRL,sc60kg,spot,,,physical
2026-03-30,sorgo,sorgo-mercado-fisico-media,Sorgo - Mercado Físico,Média RS (Clicmercado),,variacao_pct,0.0,"0,00",%,change_pct,,pct,spot,,,physical
2026-03-30,sorgo,sorgo-mercado-fisico-media,Sorgo - Mercado Físico,Oeste da Bahia/BA (AIBA),,preco,42.67,"42,67",R$/sc,price,BRL,sc60kg,spot,,BA,physical
2026-03-30,sorgo,sorgo-mercado-fisico-media,Sorgo - Mercado Físico,Oeste da Bahia/BA (AIBA),,variacao_pct,0.0,"0,00",%,change_pct,,pct,spot,,BA,physical
2026-03-30,sorgo,sorgo-mercado-fisico-media,Sorgo - Mercado Físico,Rio Verde/GO (Comigo),,preco,48.0,"48,00",R$/sc,price,BRL,sc60kg,spot,,GO,physical
2026-03-30,sorgo,sorgo-mercado-fisico-media,Sorgo - Mercado Físico,Rio Verde/GO (Comigo),,variacao_pct,0.0,"0,00",%,change_pct,,pct,spot,,GO,physical
2026-03-30,sorgo,sorgo-mercado-fisico-media,Sorgo - Mercado Físico,Rio do Sul/SC (Cravil),,preco,50.0,"50,00",R$/sc,price,BRL,sc60kg,spot,,SC,physical
2026-03-30,sorgo,sorgo-mercado-fisico-media,Sorgo - Mercado Físico,Rio do Sul/SC (Cravil),,variacao_pct,0.0,"0,00",%,change_pct,,pct,spot,,SC,physical
2026-03-31,sorgo,sorgo-mercado-fisico-media,Sorgo - Mercado Físico,Cândido Mota/SP (Coopermota),,preco,46.8,"46,80",R$/sc,price,BRL,sc60kg,spot,,SP,physical
2026-03-31,sorgo,sorgo-mercado-fisico-media,Sorgo - Mercado Físico,Cândido Mota/SP (Coopermota),,variacao_pct,0.0,"0,00",%,change_pct,,pct,spot,,SP,physical
2026-03-31,sorgo,sorgo-mercado-fisico-media,Sorgo - Mercado Físico,Jataí/GO (Sindicato Rural de Jataí),,preco,48.0,"48,00",R$/sc,price,BRL,sc60kg,spot,,GO,physical
2026-03-31,sorgo,sorgo-mercado-fisico-media,Sorgo - Mercado Físico,Jataí/GO (Sindicato Rural de Jataí),,variacao_pct,0.0,"0,00",%,change_pct,,pct,spot,,GO,physical
2026-03-31,sorgo,sorgo-mercado-fisico-media,Sorgo - Mercado Físico,Luís Eduardo Magalhães/BA,,preco,42.0,"42,00",R$/sc,price,BRL,sc60kg,spot,,BA,physical
2026-03-31,sorgo,sorgo-mercado-fisico-media,Sorgo - Mercado Físico,Luís Eduardo Magalhães/BA,,variacao_pct,0.0,"0,00",%,change_pct,,pct,spot,,BA,physical
2026-03-31,sorgo,sorgo-mercado-fisico-media,Sorgo - Mercado Físico,Média RS (Clicmercado),,preco,52.0,"52,00",R$/sc,price,BRL,sc60kg,spot,,,physical
2026-03-31,sorgo,sorgo-mercado-fisico-media,Sorgo - Mercado Físico,Média RS (Clicmercado),,variacao_pct,0.0,"0,00",%,change_pct,,pct,spot,,,physical
2026-03-31,sorgo,sorgo-mercado-fisico-media,Sorgo - Mercado Físico,Oeste da Bahia/BA (AIBA),,preco,42.67,"42,67",R$/sc,price,BRL,sc60kg,spot,,BA,physical
2026-03-31,sorgo,sorgo-mercado-fisico-media,Sorgo - Mercado Físico,Oeste da Bahia/BA (AIBA),,variacao_pct,0.0,"0,00",%,change_pct,,pct,spot,,BA,physical
2026-03-31,sorgo,sorgo-mercado-fisico-media,Sorgo - Mercado Físico,Rio Verde/GO (Comigo),,preco,48.0,"48,00",R$/sc,price,BRL,sc60kg,spot,,GO,physical
2026-03-31,sorgo,sorgo-mercado-fisico-media,Sorgo - Mercado Físico,Rio Verde/GO (Comigo),,variacao_pct,0.0,"0,00",%,change_pct,,pct,spot,,GO,physical
2026-03-31,sorgo,sorgo-mercado-fisico-media,Sorgo - Mercado Físico,Rio do Sul/SC (Cravil),,preco,50.0,"50,00",R$/sc,price,BRL,sc60kg,spot,,SC,physical
2026-03-31,sorgo,sorgo-mercado-fisico-media,Sorgo - Mercado Físico,Rio do Sul/SC (Cravil),,variacao_pct,0.0,"0,00",%,change_pct,,pct,spot,,SC,physical
2026-04-01,sorgo,sorgo-mercado-fisico-media,Sorgo - Mercado Físico,Cândido Mota/SP (Coopermota),,preco,46.8,"46,80",R$/sc,price,BRL,sc60kg,spot,,SP,physical
2026-04-01,sorgo,sorgo-mercado-fisico-media,Sorgo - Mercado Físico,Cândido Mota/SP (Coopermota),,variacao_pct,0.0,"0,00",%,change_pct,,pct,spot,,SP,physical
2026-04-01,sorgo,sorgo-mercado-fisico-media,Sorgo - Mercado Físico,Jataí/GO (Sindicato Rural de Jataí),,preco,46.5,"46,50",R$/sc,price,BRL,sc60kg,spot,,GO,physical
2026-04-01,sorgo,sorgo-mercado-fisico-media,Sorgo - Mercado Físico,Jataí/GO (Sindicato Rural de Jataí),,variacao_pct,-3.13,"-3,13",%,change_pct,,pct,spot,,GO,physical
2026-04-01,sorgo,sorgo-mercado-fisico-media,Sorgo - Mercado Físico,Luís Eduardo Magalhães/BA,,preco,42.0,"42,00",R$/sc,price,BRL,sc60kg,spot,,BA,physical
2026-04-01,sorgo,sorgo-mercado-fisico-media,Sorgo - Mercado Físico,Luís Eduardo Magalhães/BA,,variacao_pct,0.0,"0,00",%,change_pct,,pct,spot,,BA,physical
2026-04-01,sorgo,sorgo-mercado-fisico-media,Sorgo - Mercado Físico,Média RS (Clicmercado),,preco,52.0,"52,00",R$/sc,price,BRL,sc60kg,spot,,,physical
2026-04-01,sorgo,sorgo-mercado-fisico-media,Sorgo - Mercado Físico,Média RS (Clicmercado),,variacao_pct,0.0,"0,00",%,change_pct,,pct,spot,,,physical
2026-04-01,sorgo,sorgo-mercado-fisico-media,Sorgo - Mercado Físico,Oeste da Bahia/BA (AIBA),,preco,42.67,"42,67",R$/sc,price,BRL,sc60kg,spot,,BA,physical
2026-04-01,sorgo,sorgo-mercado-fisico-media,Sorgo - Mercado Físico,Oeste da Bahia/BA (AIBA),,variacao_pct,0.0,"0,00",%,change_pct,,pct,spot,,BA,physical
2026-04-01,sorgo,sorgo-mercado-fisico-media,Sorgo - Mercado Físico,Rio Verde/GO (Comigo),,preco,46.5,"46,50",R$/sc,price,BRL,sc60kg,spot,,GO,physical
2026-04-01,sorgo,sorgo-mercado-fisico-media,Sorgo - Mercado Físico,Rio Verde/GO (Comigo),,variacao_pct,-3.13,"-3,13",%,change_pct,,pct,spot,,GO,physical
2026-04-01,sorgo,sorgo-mercado-fisico-media,Sorgo - Mercado Físico,Rio do Sul/SC (Cravil),,preco,50.0,"50,00",R$/sc,price,BRL,sc60kg,spot,,SC,physical
2026-04-01,sorgo,sorgo-mercado-fisico-media,Sorgo - Mercado Físico,Rio do Sul/SC (Cravil),,variacao_pct,0.0,"0,00",%,change_pct,,pct,spot,,SC,physical
2026-04-02,sorgo,sorgo-mercado-fisico-media,Sorgo - Mercado Físico,Cândido Mota/SP (Coopermota),,preco,46.8,"46,80",R$/sc,price,BRL,sc60kg,spot,,SP,physical
2026-04-02,sorgo,sorgo-mercado-fisico-media,Sorgo - Mercado Físico,Cândido Mota/SP (Coopermota),,variacao_pct,0.0,"0,00",%,change_pct,,pct,spot,,SP,physical
2026-04-02,sorgo,sorgo-mercado-fisico-media,Sorgo - Mercado Físico,Jataí/GO (Sindicato Rural de Jataí),,preco,45.5,"45,50",R$/sc,price,BRL,sc60kg,spot,,GO,physical
2026-04-02,sorgo,sorgo-mercado-fisico-media,Sorgo - Mercado Físico,Jataí/GO (Sindicato Rural de Jataí),,variacao_pct,-2.15,"-2,15",%,change_pct,,pct,spot,,GO,physical
2026-04-02,sorgo,sorgo-mercado-fisico-media,Sorgo - Mercado Físico,Luís Eduardo Magalhães/BA,,preco,42.0,"42,00",R$/sc,price,BRL,sc60kg,spot,,BA,physical
2026-04-02,sorgo,sorgo-mercado-fisico-media,Sorgo - Mercado Físico,Luís Eduardo Magalhães/BA,,variacao_pct,0.0,"0,00",%,change_pct,,pct,spot,,BA,physical
2026-04-02,sorgo,sorgo-mercado-fisico-media,Sorgo - Mercado Físico,Média RS (Clicmercado),,preco,52.0,"52,00",R$/sc,price,BRL,sc60kg,spot,,,physical
2026-04-02,sorgo,sorgo-mercado-fisico-media,Sorgo - Mercado Físico,Média RS (Clicmercado),,variacao_pct,0.0,"0,00",%,change_pct,,pct,spot,,,physical
2026-04-02,sorgo,sorgo-mercado-fisico-media,Sorgo - Mercado Físico,Oeste da Bahia/BA (AIBA),,preco,42.67,"42,67",R$/sc,price,BRL,sc60kg,spot,,BA,physical
2026-04-02,sorgo,sorgo-mercado-fisico-media,Sorgo - Mercado Físico,Oeste da Bahia/BA (AIBA),,variacao_pct,0.0,"0,00",%,change_pct,,pct,spot,,BA,physical
2026-04-02,sorgo,sorgo-mercado-fisico-media,Sorgo - Mercado Físico,Rio Verde/GO (Comigo),,preco,45.6,"45,60",R$/sc,price,BRL,sc60kg,spot,,GO,physical
2026-04-02,sorgo,sorgo-mercado-fisico-media,Sorgo - Mercado Físico,Rio Verde/GO (Comigo),,variacao_pct,-1.94,"-1,94",%,change_pct,,pct,spot,,GO,physical
2026-04-02,sorgo,sorgo-mercado-fisico-media,Sorgo - Mercado Físico,Rio do Sul/SC (Cravil),,preco,50.0,"50,00",R$/sc,price,BRL,sc60kg,spot,,SC,physical
2026-04-02,sorgo,sorgo-mercado-fisico-media,Sorgo - Mercado Físico,Rio do Sul/SC (Cravil),,variacao_pct,0.0,"0,00",%,change_pct,,pct,spot,,SC,physical
2026-04-06,sorgo,sorgo-mercado-fisico-media,Sorgo - Mercado Físico,Cândido Mota/SP (Coopermota),,preco,46.8,"46,80",R$/sc,price,BRL,sc60kg,spot,,SP,physical
2026-04-06,sorgo,sorgo-mercado-fisico-media,Sorgo - Mercado Físico,Cândido Mota/SP (Coopermota),,variacao_pct,0.0,"0,00",%,change_pct,,pct,spot,,SP,physical
2026-04-06,sorgo,sorgo-mercado-fisico-media,Sorgo - Mercado Físico,Jataí/GO (Sindicato Rural de Jataí),,preco,45.6,"45,60",R$/sc,price,BRL,sc60kg,spot,,GO,physical
2026-04-06,sorgo,sorgo-mercado-fisico-media,Sorgo - Mercado Físico,Jataí/GO (Sindicato Rural de Jataí),,variacao_pct,0.22,"+0,22",%,change_pct,,pct,spot,,GO,physical
2026-04-06,sorgo,sorgo-mercado-fisico-media,Sorgo - Mercado Físico,Luís Eduardo Magalhães/BA,,preco,42.0,"42,00",R$/sc,price,BRL,sc60kg,spot,,BA,physical
2026-04-06,sorgo,sorgo-mercado-fisico-media,Sorgo - Mercado Físico,Luís Eduardo Magalhães/BA,,variacao_pct,0.0,"0,00",%,change_pct,,pct,spot,,BA,physical
2026-04-06,sorgo,sorgo-mercado-fisico-media,Sorgo - Mercado Físico,Média RS (Clicmercado),,preco,52.0,"52,00",R$/sc,price,BRL,sc60kg,spot,,,physical
2026-04-06,sorgo,sorgo-mercado-fisico-media,Sorgo - Mercado Físico,Média RS (Clicmercado),,variacao_pct,0.0,"0,00",%,change_pct,,pct,spot,,,physical
2026-04-06,sorgo,sorgo-mercado-fisico-media,Sorgo - Mercado Físico,Oeste da Bahia/BA (AIBA),,preco,42.67,"42,67",R$/sc,price,BRL,sc60kg,spot,,BA,physical
2026-04-06,sorgo,sorgo-mercado-fisico-media,Sorgo - Mercado Físico,Oeste da Bahia/BA (AIBA),,variacao_pct,0.0,"0,00",%,change_pct,,pct,spot,,BA,physical
2026-04-06,sorgo,sorgo-mercado-fisico-media,Sorgo - Mercado Físico,Rio Verde/GO (Comigo),,preco,45.6,"45,60",R$/sc,price,BRL,sc60kg,spot,,GO,physical
2026-04-06,sorgo,sorgo-mercado-fisico-media,Sorgo - Mercado Físico,Rio Verde/GO (Comigo),,variacao_pct,0.0,"0,00",%,change_pct,,pct,spot,,GO,physical
2026-04-06,sorgo,sorgo-mercado-fisico-media,Sorgo - Mercado Físico,Rio do Sul/SC (Cravil),,preco,50.0,"50,00",R$/sc,price,BRL,sc60kg,spot,,SC,physical
2026-04-06,sorgo,sorgo-mercado-fisico-media,Sorgo - Mercado Físico,Rio do Sul/SC (Cravil),,variacao_pct,0.0,"0,00",%,change_pct,,pct,spot,,SC,physical
2026-04-07,sorgo,sorgo-mercado-fisico-media,Sorgo - Mercado Físico,Cândido Mota/SP (Coopermota),,preco,46.8,"46,80",R$/sc,price,BRL,sc60kg,spot,,SP,physical
2026-04-07,sorgo,sorgo-mercado-fisico-media,Sorgo - Mercado Físico,Cândido Mota/SP (Coopermota),,variacao_pct,0.0,"0,00",%,change_pct,,pct,spot,,SP,physical
2026-04-07,sorgo,sorgo-mercado-fisico-media,Sorgo - Mercado Físico,Jataí/GO (Sindicato Rural de Jataí),,preco,45.6,"45,60",R$/sc,price,BRL,sc60kg,spot,,GO,physical
2026-04-07,sorgo,sorgo-mercado-fisico-media,Sorgo - Mercado Físico,Jataí/GO (Sindicato Rural de Jataí),,variacao_pct,0.0,"0,00",%,change_pct,,pct,spot,,GO,physical
2026-04-07,sorgo,sorgo-mercado-fisico-media,Sorgo - Mercado Físico,Luís Eduardo Magalhães/BA,,preco,42.0,"42,00",R$/sc,price,BRL,sc60kg,spot,,BA,physical
2026-04-07,sorgo,sorgo-mercado-fisico-media,Sorgo - Mercado Físico,Luís Eduardo Magalhães/BA,,variacao_pct,0.0,"0,00",%,change_pct,,pct,spot,,BA,physical
2026-04-07,sorgo,sorgo-mercado-fisico-media,Sorgo - Mercado Físico,Média RS (Clicmercado),,preco,52.0,"52,00",R$/sc,price,BRL,sc60kg,spot,,,physical
2026-04-07,sorgo,sorgo-mercado-fisico-media,Sorgo - Mercado Físico,Média RS (Clicmercado),,variacao_pct,0.0,"0,00",%,change_pct,,pct,spot,,,physical
2026-04-07,sorgo,sorgo-mercado-fisico-media,Sorgo - Mercado Físico,Oeste da Bahia/BA (AIBA),,preco,42.33,"42,33",R$/sc,price,BRL,sc60kg,spot,,BA,physical
2026-04-07,sorgo,sorgo-mercado-fisico-media,Sorgo - Mercado Físico,Oeste da Bahia/BA (AIBA),,variacao_pct,-0.8,"-0,80",%,change_pct,,pct,spot,,BA,physical
2026-04-07,sorgo,sorgo-mercado-fisico-media,Sorgo - Mercado Físico,Rio Verde/GO (Comigo),,preco,45.6,"45,60",R$/sc,price,BRL,sc60kg,spot,,GO,physical
2026-04-07,sorgo,sorgo-mercado-fisico-media,Sorgo - Mercado Físico,Rio Verde/GO (Comigo),,variacao_pct,0.0,"0,00",%,change_pct,,pct,spot,,GO,physical
2026-04-07,sorgo,sorgo-mercado-fisico-media,Sorgo - Mercado Físico,Rio do Sul/SC (Cravil),,preco,50.0,"50,00",R$/sc,price,BRL,sc60kg,spot,,SC,physical
2026-04-07,sorgo,sorgo-mercado-fisico-media,Sorgo - Mercado Físico,Rio do Sul/SC (Cravil),,variacao_pct,0.0,"0,00",%,change_pct,,pct,spot,,SC,physical
2026-04-08,sorgo,sorgo-mercado-fisico-media,Sorgo - Mercado Físico,Cândido Mota/SP (Coopermota),,preco,46.8,"46,80",R$/sc,price,BRL,sc60kg,spot,,SP,physical
2026-04-08,sorgo,sorgo-mercado-fisico-media,Sorgo - Mercado Físico,Cândido Mota/SP (Coopermota),,variacao_pct,0.0,"0,00",%,change_pct,,pct,spot,,SP,physical
2026-04-08,sorgo,sorgo-mercado-fisico-media,Sorgo - Mercado Físico,Jataí/GO (Sindicato Rural de Jataí),,preco,45.6,"45,60",R$/sc,price,BRL,sc60kg,spot,,GO,physical
2026-04-08,sorgo,sorgo-mercado-fisico-media,Sorgo - Mercado Físico,Jataí/GO (Sindicato Rural de Jataí),,variacao_pct,0.0,"0,00",%,change_pct,,pct,spot,,GO,physical
2026-04-08,sorgo,sorgo-mercado-fisico-media,Sorgo - Mercado Físico,Luís Eduardo Magalhães/BA,,preco,42.0,"42,00",R$/sc,price,BRL,sc60kg,spot,,BA,physical
2026-04-08,sorgo,sorgo-mercado-fisico-media,Sorgo - Mercado Físico,Luís Eduardo Magalhães/BA,,variacao_pct,0.0,"0,00",%,change_pct,,pct,spot,,BA,physical
2026-04-08,sorgo,sorgo-mercado-fisico-media,Sorgo - Mercado Físico,Média RS (Clicmercado),,preco,52.0,"52,00",R$/sc,price,BRL,sc60kg,spot,,,physical
2026-04-08,sorgo,sorgo-mercado-fisico-media,Sorgo - Mercado Físico,Média RS (Clicmercado),,variacao_pct,0.0,"0,00",%,change_pct,,pct,spot,,,physical
2026-04-08,sorgo,sorgo-mercado-fisico-media,Sorgo - Mercado Físico,Oeste da Bahia/BA (AIBA),,preco,42.17,"42,17",R$/sc,price,BRL,sc60kg,spot,,BA,physical
2026-04-08,sorgo,sorgo-mercado-fisico-media,Sorgo - Mercado Físico,Oeste da Bahia/BA (AIBA),,variacao_pct,-0.38,"-0,38",%,change_pct,,pct,spot,,BA,physical
2026-04-08,sorgo,sorgo-mercado-fisico-media,Sorgo - Mercado Físico,Rio Verde/GO (Comigo),,preco,45.6,"45,60",R$/sc,price,BRL,sc60kg,spot,,GO,physical
2026-04-08,sorgo,sorgo-mercado-fisico-media,Sorgo - Mercado Físico,Rio Verde/GO (Comigo),,variacao_pct,0.0,"0,00",%,change_pct,,pct,spot,,GO,physical
2026-04-08,sorgo,sorgo-mercado-fisico-media,Sorgo - Mercado Físico,Rio do Sul/SC (Cravil),,preco,50.0,"50,00",R$/sc,price,BRL,sc60kg,spot,,SC,physical
2026-04-08,sorgo,sorgo-mercado-fisico-media,Sorgo - Mercado Físico,Rio do Sul/SC (Cravil),,variacao_pct,0.0,"0,00",%,change_pct,,pct,spot,,SC,physical
2026-04-09,sorgo,sorgo-mercado-fisico-media,Sorgo - Mercado Físico,Cândido Mota/SP (Coopermota),,preco,,s/ cotação,R$/sc,price,BRL,sc60kg,spot,,SP,physical
2026-04-09,sorgo,sorgo-mercado-fisico-media,Sorgo - Mercado Físico,Cândido Mota/SP (Coopermota),,variacao_pct,,-,%,change_pct,,pct,spot,,SP,physical
2026-04-09,sorgo,sorgo-mercado-fisico-media,Sorgo - Mercado Físico,Jataí/GO (Sindicato Rural de Jataí),,preco,45.6,"45,60",R$/sc,price,BRL,sc60kg,spot,,GO,physical
2026-04-09,sorgo,sorgo-mercado-fisico-media,Sorgo - Mercado Físico,Jataí/GO (Sindicato Rural de Jataí),,variacao_pct,0.0,"0,00",%,change_pct,,pct,spot,,GO,physical
2026-04-09,sorgo,sorgo-mercado-fisico-media,Sorgo - Mercado Físico,Luís Eduardo Magalhães/BA,,preco,42.0,"42,00",R$/sc,price,BRL,sc60kg,spot,,BA,physical
2026-04-09,sorgo,sorgo-mercado-fisico-media,Sorgo - Mercado Físico,Luís Eduardo Magalhães/BA,,variacao_pct,0.0,"0,00",%,change_pct,,pct,spot,,BA,physical
2026-04-09,sorgo,sorgo-mercado-fisico-media,Sorgo - Mercado Físico,Média RS (Clicmercado),,preco,52.0,"52,00",R$/sc,price,BRL,sc60kg,spot,,,physical
2026-04-09,sorgo,sorgo-mercado-fisico-media,Sorgo - Mercado Físico,Média RS (Clicmercado),,variacao_pct,0.0,"0,00",%,change_pct,,pct,spot,,,physical
2026-04-09,sorgo,sorgo-mercado-fisico-media,Sorgo - Mercado Físico,Oeste da Bahia/BA (AIBA),,preco,42.17,"42,17",R$/sc,price,BRL,sc60kg,spot,,BA,physical
2026-04-09,sorgo,sorgo-mercado-fisico-media,Sorgo - Mercado Físico,Oeste da Bahia/BA (AIBA),,variacao_pct,0.0,"0,00",%,change_pct,,pct,spot,,BA,physical
2026-04-09,sorgo,sorgo-mercado-fisico-media,Sorgo - Mercado Físico,Rio Verde/GO (Comigo),,preco,45.6,"45,60",R$/sc,price,BRL,sc60kg,spot,,GO,physical
2026-04-09,sorgo,sorgo-mercado-fisico-media,Sorgo - Mercado Físico,Rio Verde/GO (Comigo),,variacao_pct,0.0,"0,00",%,change_pct,,pct,spot,,GO,physical
2026-04-09,sorgo,sorgo-mercado-fisico-media,Sorgo - Mercado Físico,Rio do Sul/SC (Cravil),,preco,50.0,"50,00",R$/sc,price,BRL,sc60kg,spot,,SC,physical
2026-04-09,sorgo,sorgo-mercado-fisico-media,Sorgo - Mercado Físico,Rio do Sul/SC (Cravil),,variacao_pct,0.0,"0,00",%,change_pct,,pct,spot,,SC,physical
2026-04-10,sorgo,sorgo-mercado-fisico-media,Sorgo - Mercado Físico,Cândido Mota/SP (Coopermota),,preco,,s/ cotação,R$/sc,price,BRL,sc60kg,spot,,SP,physical
2026-04-10,sorgo,sorgo-mercado-fisico-media,Sorgo - Mercado Físico,Cândido Mota/SP (Coopermota),,variacao_pct,,-,%,change_pct,,pct,spot,,SP,physical
2026-04-10,sorgo,sorgo-mercado-fisico-media,Sorgo - Mercado Físico,Jataí/GO (Sindicato Rural de Jataí),,preco,45.6,"45,60",R$/sc,price,BRL,sc60kg,spot,,GO,physical
2026-04-10,sorgo,sorgo-mercado-fisico-media,Sorgo - Mercado Físico,Jataí/GO (Sindicato Rural de Jataí),,variacao_pct,0.0,"0,00",%,change_pct,,pct,spot,,GO,physical
2026-04-10,sorgo,sorgo-mercado-fisico-media,Sorgo - Mercado Físico,Luís Eduardo Magalhães/BA,,preco,42.0,"42,00",R$/sc,price,BRL,sc60kg,spot,,BA,physical
2026-04-10,sorgo,sorgo-mercado-fisico-media,Sorgo - Mercado Físico,Luís Eduardo Magalhães/BA,,variacao_pct,0.0,"0,00",%,change_pct,,pct,spot,,BA,physical
2026-04-10,sorgo,sorgo-mercado-fisico-media,Sorgo - Mercado Físico,Média RS (Clicmercado),,preco,52.0,"52,00",R$/sc,price,BRL,sc60kg,spot,,,physical
2026-04-10,sorgo,sorgo-mercado-fisico-media,Sorgo - Mercado Físico,Média RS (Clicmercado),,variacao_pct,0.0,"0,00",%,change_pct,,pct,spot,,,physical
2026-04-10,sorgo,sorgo-mercado-fisico-media,Sorgo - Mercado Físico,Oeste da Bahia/BA (AIBA),,preco,42.17,"42,17",R$/sc,price,BRL,sc60kg,spot,,BA,physical
2026-04-10,sorgo,sorgo-mercado-fisico-media,Sorgo - Mercado Físico,Oeste da Bahia/BA (AIBA),,variacao_pct,0.0,"0,00",%,change_pct,,pct,spot,,BA,physical
2026-04-10,sorgo,sorgo-mercado-fisico-media,Sorgo - Mercado Físico,Rio Verde/GO (Comigo),,preco,45.6,"45,60",R$/sc,price,BRL,sc60kg,spot,,GO,physical
2026-04-10,sorgo,sorgo-mercado-fisico-media,Sorgo - Mercado Físico,Rio Verde/GO (Comigo),,variacao_pct,0.0,"0,00",%,change_pct,,pct,spot,,GO,physical
2026-04-10,sorgo,sorgo-mercado-fisico-media,Sorgo - Mercado Físico,Rio do Sul/SC (Cravil),,preco,50.0,"50,00",R$/sc,price,BRL,sc60kg,spot,,SC,physical
2026-04-10,sorgo,sorgo-mercado-fisico-media,Sorgo - Mercado Físico,Rio do Sul/SC (Cravil),,variacao_pct,0.0,"0,00",%,change_pct,,pct,spot,,SC,physical
2026-04-13,sorgo,sorgo-mercado-fisico-media,Sorgo - Mercado Físico,Cândido Mota/SP (Coopermota),,preco,45.2,"45,20",R$/sc,price,BRL,sc60kg,spot,,SP,physical
2026-04-13,sorgo,sorgo-mercado-fisico-media,Sorgo - Mercado Físico,Cândido Mota/SP (Coopermota),,variacao_pct,,-,%,change_pct,,pct,spot,,SP,physical
2026-04-13,sorgo,sorgo-mercado-fisico-media,Sorgo - Mercado Físico,Jataí/GO (Sindicato Rural de Jataí),,preco,45.0,"45,00",R$/sc,price,BRL,sc60kg,spot,,GO,physical
2026-04-13,sorgo,sorgo-mercado-fisico-media,Sorgo - Mercado Físico,Jataí/GO (Sindicato Rural de Jataí),,variacao_pct,-1.32,"-1,32",%,change_pct,,pct,spot,,GO,physical
2026-04-13,sorgo,sorgo-mercado-fisico-media,Sorgo - Mercado Físico,Luís Eduardo Magalhães/BA,,preco,42.0,"42,00",R$/sc,price,BRL,sc60kg,spot,,BA,physical
2026-04-13,sorgo,sorgo-mercado-fisico-media,Sorgo - Mercado Físico,Luís Eduardo Magalhães/BA,,variacao_pct,0.0,"0,00",%,change_pct,,pct,spot,,BA,physical
2026-04-13,sorgo,sorgo-mercado-fisico-media,Sorgo - Mercado Físico,Média RS (Clicmercado),,preco,52.0,"52,00",R$/sc,price,BRL,sc60kg,spot,,,physical
2026-04-13,sorgo,sorgo-mercado-fisico-media,Sorgo - Mercado Físico,Média RS (Clicmercado),,variacao_pct,0.0,"0,00",%,change_pct,,pct,spot,,,physical
2026-04-13,sorgo,sorgo-mercado-fisico-media,Sorgo - Mercado Físico,Oeste da Bahia/BA (AIBA),,preco,42.17,"42,17",R$/sc,price,BRL,sc60kg,spot,,BA,physical
2026-04-13,sorgo,sorgo-mercado-fisico-media,Sorgo - Mercado Físico,Oeste da Bahia/BA (AIBA),,variacao_pct,0.0,"0,00",%,change_pct,,pct,spot,,BA,physical
2026-04-13,sorgo,sorgo-mercado-fisico-media,Sorgo - Mercado Físico,Rio Verde/GO (Comigo),,preco,45.0,"45,00",R$/sc,price,BRL,sc60kg,spot,,GO,physical
2026-04-13,sorgo,sorgo-mercado-fisico-media,Sorgo - Mercado Físico,Rio Verde/GO (Comigo),,variacao_pct,-1.32,"-1,32",%,change_pct,,pct,spot,,GO,physical
2026-04-13,sorgo,sorgo-mercado-fisico-media,Sorgo - Mercado Físico,Rio do Sul/SC (Cravil),,preco,50.0,"50,00",R$/sc,price,BRL,sc60kg,spot,,SC,physical
2026-04-13,sorgo,sorgo-mercado-fisico-media,Sorgo - Mercado Físico,Rio do Sul/SC (Cravil),,variacao_pct,0.0,"0,00",%,change_pct,,pct,spot,,SC,physical
2026-04-14,sorgo,sorgo-mercado-fisico-media,Sorgo - Mercado Físico,Cândido Mota/SP (Coopermota),,preco,45.2,"45,20",R$/sc,price,BRL,sc60kg,spot,,SP,physical
2026-04-14,sorgo,sorgo-mercado-fisico-media,Sorgo - Mercado Físico,Cândido Mota/SP (Coopermota),,variacao_pct,0.0,"0,00",%,change_pct,,pct,spot,,SP,physical
2026-04-14,sorgo,sorgo-mercado-fisico-media,Sorgo - Mercado Físico,Jataí/GO (Sindicato Rural de Jataí),,preco,45.0,"45,00",R$/sc,price,BRL,sc60kg,spot,,GO,physical
2026-04-14,sorgo,sorgo-mercado-fisico-media,Sorgo - Mercado Físico,Jataí/GO (Sindicato Rural de Jataí),,variacao_pct,0.0,"0,00",%,change_pct,,pct,spot,,GO,physical
2026-04-14,sorgo,sorgo-mercado-fisico-media,Sorgo - Mercado Físico,Luís Eduardo Magalhães/BA,,preco,42.0,"42,00",R$/sc,price,BRL,sc60kg,spot,,BA,physical
2026-04-14,sorgo,sorgo-mercado-fisico-media,Sorgo - Mercado Físico,Luís Eduardo Magalhães/BA,,variacao_pct,0.0,"0,00",%,change_pct,,pct,spot,,BA,physical
2026-04-14,sorgo,sorgo-mercado-fisico-media,Sorgo - Mercado Físico,Média RS (Clicmercado),,preco,52.0,"52,00",R$/sc,price,BRL,sc60kg,spot,,,physical
2026-04-14,sorgo,sorgo-mercado-fisico-media,Sorgo - Mercado Físico,Média RS (Clicmercado),,variacao_pct,0.0,"0,00",%,change_pct,,pct,spot,,,physical
2026-04-14,sorgo,sorgo-mercado-fisico-media,Sorgo - Mercado Físico,Oeste da Bahia/BA (AIBA),,preco,42.0,"42,00",R$/sc,price,BRL,sc60kg,spot,,BA,physical
2026-04-14,sorgo,sorgo-mercado-fisico-media,Sorgo - Mercado Físico,Oeste da Bahia/BA (AIBA),,variacao_pct,-0.4,"-0,40",%,change_pct,,pct,spot,,BA,physical
2026-04-14,sorgo,sorgo-mercado-fisico-media,Sorgo - Mercado Físico,Rio Verde/GO (Comigo),,preco,45.0,"45,00",R$/sc,price,BRL,sc60kg,spot,,GO,physical
2026-04-14,sorgo,sorgo-mercado-fisico-media,Sorgo - Mercado Físico,Rio Verde/GO (Comigo),,variacao_pct,0.0,"0,00",%,change_pct,,pct,spot,,GO,physical
2026-04-14,sorgo,sorgo-mercado-fisico-media,Sorgo - Mercado Físico,Rio do Sul/SC (Cravil),,preco,50.0,"50,00",R$/sc,price,BRL,sc60kg,spot,,SC,physical
2026-04-14,sorgo,sorgo-mercado-fisico-media,Sorgo - Mercado Físico,Rio do Sul/SC (Cravil),,variacao_pct,0.0,"0,00",%,change_pct,,pct,spot,,SC,physical
2026-04-15,sorgo,sorgo-mercado-fisico-media,Sorgo - Mercado Físico,Cândido Mota/SP (Coopermota),,preco,44.0,"44,00",R$/sc,price,BRL,sc60kg,spot,,SP,physical
2026-04-15,sorgo,sorgo-mercado-fisico-media,Sorgo - Mercado Físico,Cândido Mota/SP (Coopermota),,variacao_pct,-2.65,"-2,65",%,change_pct,,pct,spot,,SP,physical
2026-04-15,sorgo,sorgo-mercado-fisico-media,Sorgo - Mercado Físico,Jataí/GO (Sindicato Rural de Jataí),,preco,45.0,"45,00",R$/sc,price,BRL,sc60kg,spot,,GO,physical
2026-04-15,sorgo,sorgo-mercado-fisico-media,Sorgo - Mercado Físico,Jataí/GO (Sindicato Rural de Jataí),,variacao_pct,0.0,"0,00",%,change_pct,,pct,spot,,GO,physical
2026-04-15,sorgo,sorgo-mercado-fisico-media,Sorgo - Mercado Físico,Luís Eduardo Magalhães/BA,,preco,42.0,"42,00",R$/sc,price,BRL,sc60kg,spot,,BA,physical
2026-04-15,sorgo,sorgo-mercado-fisico-media,Sorgo - Mercado Físico,Luís Eduardo Magalhães/BA,,variacao_pct,0.0,"0,00",%,change_pct,,pct,spot,,BA,physical
2026-04-15,sorgo,sorgo-mercado-fisico-media,Sorgo - Mercado Físico,Média RS (Clicmercado),,preco,52.0,"52,00",R$/sc,price,BRL,sc60kg,spot,,,physical
2026-04-15,sorgo,sorgo-mercado-fisico-media,Sorgo - Mercado Físico,Média RS (Clicmercado),,variacao_pct,0.0,"0,00",%,change_pct,,pct,spot,,,physical
2026-04-15,sorgo,sorgo-mercado-fisico-media,Sorgo - Mercado Físico,Oeste da Bahia/BA (AIBA),,preco,42.0,"42,00",R$/sc,price,BRL,sc60kg,spot,,BA,physical
2026-04-15,sorgo,sorgo-mercado-fisico-media,Sorgo - Mercado Físico,Oeste da Bahia/BA (AIBA),,variacao_pct,0.0,"0,00",%,change_pct,,pct,spot,,BA,physical
2026-04-15,sorgo,sorgo-mercado-fisico-media,Sorgo - Mercado Físico,Rio Verde/GO (Comigo),,preco,45.0,"45,00",R$/sc,price,BRL,sc60kg,spot,,GO,physical
2026-04-15,sorgo,sorgo-mercado-fisico-media,Sorgo - Mercado Físico,Rio Verde/GO (Comigo),,variacao_pct,0.0,"0,00",%,change_pct,,pct,spot,,GO,physical
2026-04-15,sorgo,sorgo-mercado-fisico-media,Sorgo - Mercado Físico,Rio do Sul/SC (Cravil),,preco,50.0,"50,00",R$/sc,price,BRL,sc60kg,spot,,SC,physical
2026-04-15,sorgo,sorgo-mercado-fisico-media,Sorgo - Mercado Físico,Rio do Sul/SC (Cravil),,variacao_pct,0.0,"0,00",%,change_pct,,pct,spot,,SC,physical
2026-04-16,sorgo,sorgo-mercado-fisico-media,Sorgo - Mercado Físico,Cândido Mota/SP (Coopermota),,preco,44.0,"44,00",R$/sc,price,BRL,sc60kg,spot,,SP,physical
2026-04-16,sorgo,sorgo-mercado-fisico-media,Sorgo - Mercado Físico,Cândido Mota/SP (Coopermota),,variacao_pct,0.0,"0,00",%,change_pct,,pct,spot,,SP,physical
2026-04-16,sorgo,sorgo-mercado-fisico-media,Sorgo - Mercado Físico,Jataí/GO (Sindicato Rural de Jataí),,preco,45.0,"45,00",R$/sc,price,BRL,sc60kg,spot,,GO,physical
2026-04-16,sorgo,sorgo-mercado-fisico-media,Sorgo - Mercado Físico,Jataí/GO (Sindicato Rural de Jataí),,variacao_pct,0.0,"0,00",%,change_pct,,pct,spot,,GO,physical
2026-04-16,sorgo,sorgo-mercado-fisico-media,Sorgo - Mercado Físico,Luís Eduardo Magalhães/BA,,preco,42.0,"42,00",R$/sc,price,BRL,sc60kg,spot,,BA,physical
2026-04-16,sorgo,sorgo-mercado-fisico-media,Sorgo - Mercado Físico,Luís Eduardo Magalhães/BA,,variacao_pct,0.0,"0,00",%,change_pct,,pct,spot,,BA,physical
2026-04-16,sorgo,sorgo-mercado-fisico-media,Sorgo - Mercado Físico,Média RS (Clicmercado),,preco,52.0,"52,00",R$/sc,price,BRL,sc60kg,spot,,,physical
2026-04-16,sorgo,sorgo-mercado-fisico-media,Sorgo - Mercado Físico,Média RS (Clicmercado),,variacao_pct,0.0,"0,00",%,change_pct,,pct,spot,,,physical
2026-04-16,sorgo,sorgo-mercado-fisico-media,Sorgo - Mercado Físico,Oeste da Bahia/BA (AIBA),,preco,42.33,"42,33",R$/sc,price,BRL,sc60kg,spot,,BA,physical
2026-04-16,sorgo,sorgo-mercado-fisico-media,Sorgo - Mercado Físico,Oeste da Bahia/BA (AIBA),,variacao_pct,0.79,"+0,79",%,change_pct,,pct,spot,,BA,physical
2026-04-16,sorgo,sorgo-mercado-fisico-media,Sorgo - Mercado Físico,Rio Verde/GO (Comigo),,preco,45.0,"45,00",R$/sc,price,BRL,sc60kg,spot,,GO,physical
2026-04-16,sorgo,sorgo-mercado-fisico-media,Sorgo - Mercado Físico,Rio Verde/GO (Comigo),,variacao_pct,0.0,"0,00",%,change_pct,,pct,spot,,GO,physical
2026-04-16,sorgo,sorgo-mercado-fisico-media,Sorgo - Mercado Físico,Rio do Sul/SC (Cravil),,preco,50.0,"50,00",R$/sc,price,BRL,sc60kg,spot,,SC,physical
2026-04-16,sorgo,sorgo-mercado-fisico-media,Sorgo - Mercado Físico,Rio do Sul/SC (Cravil),,variacao_pct,0.0,"0,00",%,change_pct,,pct,spot,,SC,physical
2026-04-17,sorgo,sorgo-mercado-fisico-media,Sorgo - Mercado Físico,Cândido Mota/SP (Coopermota),,preco,44.0,"44,00",R$/sc,price,BRL,sc60kg,spot,,SP,physical
2026-04-17,sorgo,sorgo-mercado-fisico-media,Sorgo - Mercado Físico,Cândido Mota/SP (Coopermota),,variacao_pct,0.0,"0,00",%,change_pct,,pct,spot,,SP,physical
2026-04-17,sorgo,sorgo-mercado-fisico-media,Sorgo - Mercado Físico,Jataí/GO (Sindicato Rural de Jataí),,preco,45.0,"45,00",R$/sc,price,BRL,sc60kg,spot,,GO,physical
2026-04-17,sorgo,sorgo-mercado-fisico-media,Sorgo - Mercado Físico,Jataí/GO (Sindicato Rural de Jataí),,variacao_pct,0.0,"0,00",%,change_pct,,pct,spot,,GO,physical
2026-04-17,sorgo,sorgo-mercado-fisico-media,Sorgo - Mercado Físico,Luís Eduardo Magalhães/BA,,preco,42.0,"42,00",R$/sc,price,BRL,sc60kg,spot,,BA,physical
2026-04-17,sorgo,sorgo-mercado-fisico-media,Sorgo - Mercado Físico,Luís Eduardo Magalhães/BA,,variacao_pct,0.0,"0,00",%,change_pct,,pct,spot,,BA,physical
2026-04-17,sorgo,sorgo-mercado-fisico-media,Sorgo - Mercado Físico,Média RS (Clicmercado),,preco,52.0,"52,00",R$/sc,price,BRL,sc60kg,spot,,,physical
2026-04-17,sorgo,sorgo-mercado-fisico-media,Sorgo - Mercado Físico,Média RS (Clicmercado),,variacao_pct,0.0,"0,00",%,change_pct,,pct,spot,,,physical
2026-04-17,sorgo,sorgo-mercado-fisico-media,Sorgo - Mercado Físico,Oeste da Bahia/BA (AIBA),,preco,42.33,"42,33",R$/sc,price,BRL,sc60kg,spot,,BA,physical
2026-04-17,sorgo,sorgo-mercado-fisico-media,Sorgo - Mercado Físico,Oeste da Bahia/BA (AIBA),,variacao_pct,0.0,"0,00",%,change_pct,,pct,spot,,BA,physical
2026-04-17,sorgo,sorgo-mercado-fisico-media,Sorgo - Mercado Físico,Rio Verde/GO (Comigo),,preco,45.0,"45,00",R$/sc,price,BRL,sc60kg,spot,,GO,physical
2026-04-17,sorgo,sorgo-mercado-fisico-media,Sorgo - Mercado Físico,Rio Verde/GO (Comigo),,variacao_pct,0.0,"0,00",%,change_pct,,pct,spot,,GO,physical
2026-04-17,sorgo,sorgo-mercado-fisico-media,Sorgo - Mercado Físico,Rio do Sul/SC (Cravil),,preco,50.0,"50,00",R$/sc,price,BRL,sc60kg,spot,,SC,physical
2026-04-17,sorgo,sorgo-mercado-fisico-media,Sorgo - Mercado Físico,Rio do Sul/SC (Cravil),,variacao_pct,0.0,"0,00",%,change_pct,,pct,spot,,SC,physical
2026-04-20,sorgo,sorgo-mercado-fisico-media,Sorgo - Mercado Físico,Cândido Mota/SP (Coopermota),,preco,44.0,"44,00",R$/sc,price,BRL,sc60kg,spot,,SP,physical
2026-04-20,sorgo,sorgo-mercado-fisico-media,Sorgo - Mercado Físico,Cândido Mota/SP (Coopermota),,variacao_pct,0.0,"0,00",%,change_pct,,pct,spot,,SP,physical
2026-04-20,sorgo,sorgo-mercado-fisico-media,Sorgo - Mercado Físico,Jataí/GO (Sindicato Rural de Jataí),,preco,,s/ cotação,R$/sc,price,BRL,sc60kg,spot,,GO,physical
2026-04-20,sorgo,sorgo-mercado-fisico-media,Sorgo - Mercado Físico,Jataí/GO (Sindicato Rural de Jataí),,variacao_pct,,-,%,change_pct,,pct,spot,,GO,physical
2026-04-20,sorgo,sorgo-mercado-fisico-media,Sorgo - Mercado Físico,Luís Eduardo Magalhães/BA,,preco,42.0,"42,00",R$/sc,price,BRL,sc60kg,spot,,BA,physical
2026-04-20,sorgo,sorgo-mercado-fisico-media,Sorgo - Mercado Físico,Luís Eduardo Magalhães/BA,,variacao_pct,0.0,"0,00",%,change_pct,,pct,spot,,BA,physical
2026-04-20,sorgo,sorgo-mercado-fisico-media,Sorgo - Mercado Físico,Média RS (Clicmercado),,preco,52.0,"52,00",R$/sc,price,BRL,sc60kg,spot,,,physical
2026-04-20,sorgo,sorgo-mercado-fisico-media,Sorgo - Mercado Físico,Média RS (Clicmercado),,variacao_pct,0.0,"0,00",%,change_pct,,pct,spot,,,physical
2026-04-20,sorgo,sorgo-mercado-fisico-media,Sorgo - Mercado Físico,Oeste da Bahia/BA (AIBA),,preco,42.33,"42,33",R$/sc,price,BRL,sc60kg,spot,,BA,physical
2026-04-20,sorgo,sorgo-mercado-fisico-media,Sorgo - Mercado Físico,Oeste da Bahia/BA (AIBA),,variacao_pct,0.0,"0,00",%,change_pct,,pct,spot,,BA,physical
2026-04-20,sorgo,sorgo-mercado-fisico-media,Sorgo - Mercado Físico,Rio Verde/GO (Comigo),,preco,44.0,"44,00",R$/sc,price,BRL,sc60kg,spot,,GO,physical
2026-04-20,sorgo,sorgo-mercado-fisico-media,Sorgo - Mercado Físico,Rio Verde/GO (Comigo),,variacao_pct,-2.22,"-2,22",%,change_pct,,pct,spot,,GO,physical
2026-04-20,sorgo,sorgo-mercado-fisico-media,Sorgo - Mercado Físico,Rio do Sul/SC (Cravil),,preco,50.0,"50,00",R$/sc,price,BRL,sc60kg,spot,,SC,physical
2026-04-20,sorgo,sorgo-mercado-fisico-media,Sorgo - Mercado Físico,Rio do Sul/SC (Cravil),,variacao_pct,0.0,"0,00",%,change_pct,,pct,spot,,SC,physical
2026-04-22,sorgo,sorgo-mercado-fisico-media,Sorgo - Mercado Físico,Cândido Mota/SP (Coopermota),,preco,44.0,"44,00",R$/sc,price,BRL,sc60kg,spot,,SP,physical
2026-04-22,sorgo,sorgo-mercado-fisico-media,Sorgo - Mercado Físico,Cândido Mota/SP (Coopermota),,variacao_pct,0.0,"0,00",%,change_pct,,pct,spot,,SP,physical
2026-04-22,sorgo,sorgo-mercado-fisico-media,Sorgo - Mercado Físico,Jataí/GO (Sindicato Rural de Jataí),,preco,43.2,"43,20",R$/sc,price,BRL,sc60kg,spot,,GO,physical
2026-04-22,sorgo,sorgo-mercado-fisico-media,Sorgo - Mercado Físico,Jataí/GO (Sindicato Rural de Jataí),,variacao_pct,,-,%,change_pct,,pct,spot,,GO,physical
2026-04-22,sorgo,sorgo-mercado-fisico-media,Sorgo - Mercado Físico,Luís Eduardo Magalhães/BA,,preco,42.0,"42,00",R$/sc,price,BRL,sc60kg,spot,,BA,physical
2026-04-22,sorgo,sorgo-mercado-fisico-media,Sorgo - Mercado Físico,Luís Eduardo Magalhães/BA,,variacao_pct,0.0,"0,00",%,change_pct,,pct,spot,,BA,physical
2026-04-22,sorgo,sorgo-mercado-fisico-media,Sorgo - Mercado Físico,Média RS (Clicmercado),,preco,52.0,"52,00",R$/sc,price,BRL,sc60kg,spot,,,physical
2026-04-22,sorgo,sorgo-mercado-fisico-media,Sorgo - Mercado Físico,Média RS (Clicmercado),,variacao_pct,0.0,"0,00",%,change_pct,,pct,spot,,,physical
2026-04-22,sorgo,sorgo-mercado-fisico-media,Sorgo - Mercado Físico,Oeste da Bahia/BA (AIBA),,preco,42.33,"42,33",R$/sc,price,BRL,sc60kg,spot,,BA,physical
2026-04-22,sorgo,sorgo-mercado-fisico-media,Sorgo - Mercado Físico,Oeste da Bahia/BA (AIBA),,variacao_pct,0.0,"0,00",%,change_pct,,pct,spot,,BA,physical
2026-04-22,sorgo,sorgo-mercado-fisico-media,Sorgo - Mercado Físico,Rio Verde/GO (Comigo),,preco,43.2,"43,20",R$/sc,price,BRL,sc60kg,spot,,GO,physical
2026-04-22,sorgo,sorgo-mercado-fisico-media,Sorgo - Mercado Físico,Rio Verde/GO (Comigo),,variacao_pct,,-,%,change_pct,,pct,spot,,GO,physical
2026-04-22,sorgo,sorgo-mercado-fisico-media,Sorgo - Mercado Físico,Rio do Sul/SC (Cravil),,preco,50.0,"50,00",R$/sc,price,BRL,sc60kg,spot,,SC,physical
2026-04-22,sorgo,sorgo-mercado-fisico-media,Sorgo - Mercado Físico,Rio do Sul/SC (Cravil),,variacao_pct,0.0,"0,00",%,change_pct,,pct,spot,,SC,physical
2026-04-23,sorgo,sorgo-mercado-fisico-media,Sorgo - Mercado Físico,Cândido Mota/SP (Coopermota),,preco,44.0,"44,00",R$/sc,price,BRL,sc60kg,spot,,SP,physical
2026-04-23,sorgo,sorgo-mercado-fisico-media,Sorgo - Mercado Físico,Cândido Mota/SP (Coopermota),,variacao_pct,0.0,"0,00",%,change_pct,,pct,spot,,SP,physical
2026-04-23,sorgo,sorgo-mercado-fisico-media,Sorgo - Mercado Físico,Jataí/GO (Sindicato Rural de Jataí),,preco,43.2,"43,20",R$/sc,price,BRL,sc60kg,spot,,GO,physical
2026-04-23,sorgo,sorgo-mercado-fisico-media,Sorgo - Mercado Físico,Jataí/GO (Sindicato Rural de Jataí),,variacao_pct,0.0,"0,00",%,change_pct,,pct,spot,,GO,physical
2026-04-23,sorgo,sorgo-mercado-fisico-media,Sorgo - Mercado Físico,Luís Eduardo Magalhães/BA,,preco,42.0,"42,00",R$/sc,price,BRL,sc60kg,spot,,BA,physical
2026-04-23,sorgo,sorgo-mercado-fisico-media,Sorgo - Mercado Físico,Luís Eduardo Magalhães/BA,,variacao_pct,0.0,"0,00",%,change_pct,,pct,spot,,BA,physical
2026-04-23,sorgo,sorgo-mercado-fisico-media,Sorgo - Mercado Físico,Média RS (Clicmercado),,preco,52.0,"52,00",R$/sc,price,BRL,sc60kg,spot,,,physical
2026-04-23,sorgo,sorgo-mercado-fisico-media,Sorgo - Mercado Físico,Média RS (Clicmercado),,variacao_pct,0.0,"0,00",%,change_pct,,pct,spot,,,physical
2026-04-23,sorgo,sorgo-mercado-fisico-media,Sorgo - Mercado Físico,Oeste da Bahia/BA (AIBA),,preco,42.33,"42,33",R$/sc,price,BRL,sc60kg,spot,,BA,physical
2026-04-23,sorgo,sorgo-mercado-fisico-media,Sorgo - Mercado Físico,Oeste da Bahia/BA (AIBA),,variacao_pct,0.0,"0,00",%,change_pct,,pct,spot,,BA,physical
2026-04-23,sorgo,sorgo-mercado-fisico-media,Sorgo - Mercado Físico,Rio Verde/GO (Comigo),,preco,43.2,"43,20",R$/sc,price,BRL,sc60kg,spot,,GO,physical
2026-04-23,sorgo,sorgo-mercado-fisico-media,Sorgo - Mercado Físico,Rio Verde/GO (Comigo),,variacao_pct,0.0,"0,00",%,change_pct,,pct,spot,,GO,physical
2026-04-23,sorgo,sorgo-mercado-fisico-media,Sorgo - Mercado Físico,Rio do Sul/SC (Cravil),,preco,50.0,"50,00",R$/sc,price,BRL,sc60kg,spot,,SC,physical
2026-04-23,sorgo,sorgo-mercado-fisico-media,Sorgo - Mercado Físico,Rio do Sul/SC (Cravil),,variacao_pct,0.0,"0,00",%,change_pct,,pct,spot,,SC,physical
2026-04-24,sorgo,sorgo-mercado-fisico-media,Sorgo - Mercado Físico,Cândido Mota/SP (Coopermota),,preco,44.0,"44,00",R$/sc,price,BRL,sc60kg,spot,,SP,physical
2026-04-24,sorgo,sorgo-mercado-fisico-media,Sorgo - Mercado Físico,Cândido Mota/SP (Coopermota),,variacao_pct,0.0,"0,00",%,change_pct,,pct,spot,,SP,physical
2026-04-24,sorgo,sorgo-mercado-fisico-media,Sorgo - Mercado Físico,Jataí/GO (Sindicato Rural de Jataí),,preco,43.2,"43,20",R$/sc,price,BRL,sc60kg,spot,,GO,physical
2026-04-24,sorgo,sorgo-mercado-fisico-media,Sorgo - Mercado Físico,Jataí/GO (Sindicato Rural de Jataí),,variacao_pct,0.0,"0,00",%,change_pct,,pct,spot,,GO,physical
2026-04-24,sorgo,sorgo-mercado-fisico-media,Sorgo - Mercado Físico,Luís Eduardo Magalhães/BA,,preco,42.0,"42,00",R$/sc,price,BRL,sc60kg,spot,,BA,physical
2026-04-24,sorgo,sorgo-mercado-fisico-media,Sorgo - Mercado Físico,Luís Eduardo Magalhães/BA,,variacao_pct,0.0,"0,00",%,change_pct,,pct,spot,,BA,physical
2026-04-24,sorgo,sorgo-mercado-fisico-media,Sorgo - Mercado Físico,Média RS (Clicmercado),,preco,52.0,"52,00",R$/sc,price,BRL,sc60kg,spot,,,physical
2026-04-24,sorgo,sorgo-mercado-fisico-media,Sorgo - Mercado Físico,Média RS (Clicmercado),,variacao_pct,0.0,"0,00",%,change_pct,,pct,spot,,,physical
2026-04-24,sorgo,sorgo-mercado-fisico-media,Sorgo - Mercado Físico,Oeste da Bahia/BA (AIBA),,preco,42.33,"42,33",R$/sc,price,BRL,sc60kg,spot,,BA,physical
2026-04-24,sorgo,sorgo-mercado-fisico-media,Sorgo - Mercado Físico,Oeste da Bahia/BA (AIBA),,variacao_pct,0.0,"0,00",%,change_pct,,pct,spot,,BA,physical
2026-04-24,sorgo,sorgo-mercado-fisico-media,Sorgo - Mercado Físico,Rio Verde/GO (Comigo),,preco,43.2,"43,20",R$/sc,price,BRL,sc60kg,spot,,GO,physical
2026-04-24,sorgo,sorgo-mercado-fisico-media,Sorgo - Mercado Físico,Rio Verde/GO (Comigo),,variacao_pct,0.0,"0,00",%,change_pct,,pct,spot,,GO,physical
2026-04-24,sorgo,sorgo-mercado-fisico-media,Sorgo - Mercado Físico,Rio do Sul/SC (Cravil),,preco,50.0,"50,00",R$/sc,price,BRL,sc60kg,spot,,SC,physical
2026-04-24,sorgo,sorgo-mercado-fisico-media,Sorgo - Mercado Físico,Rio do Sul/SC (Cravil),,variacao_pct,0.0,"0,00",%,change_pct,,pct,spot,,SC,physical
2026-04-27,sorgo,sorgo-mercado-fisico-media,Sorgo - Mercado Físico,Cândido Mota/SP (Coopermota),,preco,44.0,"44,00",R$/sc,price,BRL,sc60kg,spot,,SP,physical
2026-04-27,sorgo,sorgo-mercado-fisico-media,Sorgo - Mercado Físico,Cândido Mota/SP (Coopermota),,variacao_pct,0.0,"0,00",%,change_pct,,pct,spot,,SP,physical
2026-04-27,sorgo,sorgo-mercado-fisico-media,Sorgo - Mercado Físico,Jataí/GO (Sindicato Rural de Jataí),,preco,43.2,"43,20",R$/sc,price,BRL,sc60kg,spot,,GO,physical
2026-04-27,sorgo,sorgo-mercado-fisico-media,Sorgo - Mercado Físico,Jataí/GO (Sindicato Rural de Jataí),,variacao_pct,0.0,"0,00",%,change_pct,,pct,spot,,GO,physical
2026-04-27,sorgo,sorgo-mercado-fisico-media,Sorgo - Mercado Físico,Luís Eduardo Magalhães/BA,,preco,42.0,"42,00",R$/sc,price,BRL,sc60kg,spot,,BA,physical
2026-04-27,sorgo,sorgo-mercado-fisico-media,Sorgo - Mercado Físico,Luís Eduardo Magalhães/BA,,variacao_pct,0.0,"0,00",%,change_pct,,pct,spot,,BA,physical
2026-04-27,sorgo,sorgo-mercado-fisico-media,Sorgo - Mercado Físico,Média RS (Clicmercado),,preco,52.0,"52,00",R$/sc,price,BRL,sc60kg,spot,,,physical
2026-04-27,sorgo,sorgo-mercado-fisico-media,Sorgo - Mercado Físico,Média RS (Clicmercado),,variacao_pct,0.0,"0,00",%,change_pct,,pct,spot,,,physical
2026-04-27,sorgo,sorgo-mercado-fisico-media,Sorgo - Mercado Físico,Oeste da Bahia/BA (AIBA),,preco,42.33,"42,33",R$/sc,price,BRL,sc60kg,spot,,BA,physical
2026-04-27,sorgo,sorgo-mercado-fisico-media,Sorgo - Mercado Físico,Oeste da Bahia/BA (AIBA),,variacao_pct,0.0,"0,00",%,change_pct,,pct,spot,,BA,physical
2026-04-27,sorgo,sorgo-mercado-fisico-media,Sorgo - Mercado Físico,Rio Verde/GO (Comigo),,preco,43.2,"43,20",R$/sc,price,BRL,sc60kg,spot,,GO,physical
2026-04-27,sorgo,sorgo-mercado-fisico-media,Sorgo - Mercado Físico,Rio Verde/GO (Comigo),,variacao_pct,0.0,"0,00",%,change_pct,,pct,spot,,GO,physical
2026-04-27,sorgo,sorgo-mercado-fisico-media,Sorgo - Mercado Físico,Rio do Sul/SC (Cravil),,preco,50.0,"50,00",R$/sc,price,BRL,sc60kg,spot,,SC,physical
2026-04-27,sorgo,sorgo-mercado-fisico-media,Sorgo - Mercado Físico,Rio do Sul/SC (Cravil),,variacao_pct,0.0,"0,00",%,change_pct,,pct,spot,,SC,physical
2026-04-28,sorgo,sorgo-mercado-fisico-media,Sorgo - Mercado Físico,Cândido Mota/SP (Coopermota),,preco,44.0,"44,00",R$/sc,price,BRL,sc60kg,spot,,SP,physical
2026-04-28,sorgo,sorgo-mercado-fisico-media,Sorgo - Mercado Físico,Cândido Mota/SP (Coopermota),,variacao_pct,0.0,"0,00",%,change_pct,,pct,spot,,SP,physical
2026-04-28,sorgo,sorgo-mercado-fisico-media,Sorgo - Mercado Físico,Jataí/GO (Sindicato Rural de Jataí),,preco,43.2,"43,20",R$/sc,price,BRL,sc60kg,spot,,GO,physical
2026-04-28,sorgo,sorgo-mercado-fisico-media,Sorgo - Mercado Físico,Jataí/GO (Sindicato Rural de Jataí),,variacao_pct,0.0,"0,00",%,change_pct,,pct,spot,,GO,physical
2026-04-28,sorgo,sorgo-mercado-fisico-media,Sorgo - Mercado Físico,Luís Eduardo Magalhães/BA,,preco,42.0,"42,00",R$/sc,price,BRL,sc60kg,spot,,BA,physical
2026-04-28,sorgo,sorgo-mercado-fisico-media,Sorgo - Mercado Físico,Luís Eduardo Magalhães/BA,,variacao_pct,0.0,"0,00",%,change_pct,,pct,spot,,BA,physical
2026-04-28,sorgo,sorgo-mercado-fisico-media,Sorgo - Mercado Físico,Média RS (Clicmercado),,preco,52.0,"52,00",R$/sc,price,BRL,sc60kg,spot,,,physical
2026-04-28,sorgo,sorgo-mercado-fisico-media,Sorgo - Mercado Físico,Média RS (Clicmercado),,variacao_pct,0.0,"0,00",%,change_pct,,pct,spot,,,physical
2026-04-28,sorgo,sorgo-mercado-fisico-media,Sorgo - Mercado Físico,Oeste da Bahia/BA (AIBA),,preco,42.0,"42,00",R$/sc,price,BRL,sc60kg,spot,,BA,physical
2026-04-28,sorgo,sorgo-mercado-fisico-media,Sorgo - Mercado Físico,Oeste da Bahia/BA (AIBA),,variacao_pct,-0.78,"-0,78",%,change_pct,,pct,spot,,BA,physical
2026-04-28,sorgo,sorgo-mercado-fisico-media,Sorgo - Mercado Físico,Rio Verde/GO (Comigo),,preco,43.2,"43,20",R$/sc,price,BRL,sc60kg,spot,,GO,physical
2026-04-28,sorgo,sorgo-mercado-fisico-media,Sorgo - Mercado Físico,Rio Verde/GO (Comigo),,variacao_pct,0.0,"0,00",%,change_pct,,pct,spot,,GO,physical
2026-04-28,sorgo,sorgo-mercado-fisico-media,Sorgo - Mercado Físico,Rio do Sul/SC (Cravil),,preco,50.0,"50,00",R$/sc,price,BRL,sc60kg,spot,,SC,physical
2026-04-28,sorgo,sorgo-mercado-fisico-media,Sorgo - Mercado Físico,Rio do Sul/SC (Cravil),,variacao_pct,0.0,"0,00",%,change_pct,,pct,spot,,SC,physical
2026-04-29,sorgo,sorgo-mercado-fisico-media,Sorgo - Mercado Físico,Cândido Mota/SP (Coopermota),,preco,44.0,"44,00",R$/sc,price,BRL,sc60kg,spot,,SP,physical
2026-04-29,sorgo,sorgo-mercado-fisico-media,Sorgo - Mercado Físico,Cândido Mota/SP (Coopermota),,variacao_pct,0.0,"0,00",%,change_pct,,pct,spot,,SP,physical
2026-04-29,sorgo,sorgo-mercado-fisico-media,Sorgo - Mercado Físico,Jataí/GO (Sindicato Rural de Jataí),,preco,44.0,"44,00",R$/sc,price,BRL,sc60kg,spot,,GO,physical
2026-04-29,sorgo,sorgo-mercado-fisico-media,Sorgo - Mercado Físico,Jataí/GO (Sindicato Rural de Jataí),,variacao_pct,1.85,"+1,85",%,change_pct,,pct,spot,,GO,physical
2026-04-29,sorgo,sorgo-mercado-fisico-media,Sorgo - Mercado Físico,Luís Eduardo Magalhães/BA,,preco,42.0,"42,00",R$/sc,price,BRL,sc60kg,spot,,BA,physical
2026-04-29,sorgo,sorgo-mercado-fisico-media,Sorgo - Mercado Físico,Luís Eduardo Magalhães/BA,,variacao_pct,0.0,"0,00",%,change_pct,,pct,spot,,BA,physical
2026-04-29,sorgo,sorgo-mercado-fisico-media,Sorgo - Mercado Físico,Média RS (Clicmercado),,preco,52.0,"52,00",R$/sc,price,BRL,sc60kg,spot,,,physical
2026-04-29,sorgo,sorgo-mercado-fisico-media,Sorgo - Mercado Físico,Média RS (Clicmercado),,variacao_pct,0.0,"0,00",%,change_pct,,pct,spot,,,physical
2026-04-29,sorgo,sorgo-mercado-fisico-media,Sorgo - Mercado Físico,Oeste da Bahia/BA (AIBA),,preco,42.0,"42,00",R$/sc,price,BRL,sc60kg,spot,,BA,physical
2026-04-29,sorgo,sorgo-mercado-fisico-media,Sorgo - Mercado Físico,Oeste da Bahia/BA (AIBA),,variacao_pct,0.0,"0,00",%,change_pct,,pct,spot,,BA,physical
2026-04-29,sorgo,sorgo-mercado-fisico-media,Sorgo - Mercado Físico,Rio Verde/GO (Comigo),,preco,44.0,"44,00",R$/sc,price,BRL,sc60kg,spot,,GO,physical
2026-04-29,sorgo,sorgo-mercado-fisico-media,Sorgo - Mercado Físico,Rio Verde/GO (Comigo),,variacao_pct,1.85,"+1,85",%,change_pct,,pct,spot,,GO,physical
2026-04-29,sorgo,sorgo-mercado-fisico-media,Sorgo - Mercado Físico,Rio do Sul/SC (Cravil),,preco,50.0,"50,00",R$/sc,price,BRL,sc60kg,spot,,SC,physical
2026-04-29,sorgo,sorgo-mercado-fisico-media,Sorgo - Mercado Físico,Rio do Sul/SC (Cravil),,variacao_pct,0.0,"0,00",%,change_pct,,pct,spot,,SC,physical
2026-04-30,sorgo,sorgo-mercado-fisico-media,Sorgo - Mercado Físico,Cândido Mota/SP (Coopermota),,preco,44.0,"44,00",R$/sc,price,BRL,sc60kg,spot,,SP,physical
2026-04-30,sorgo,sorgo-mercado-fisico-media,Sorgo - Mercado Físico,Cândido Mota/SP (Coopermota),,variacao_pct,0.0,"0,00",%,change_pct,,pct,spot,,SP,physical
2026-04-30,sorgo,sorgo-mercado-fisico-media,Sorgo - Mercado Físico,Jataí/GO (Sindicato Rural de Jataí),,preco,44.0,"44,00",R$/sc,price,BRL,sc60kg,spot,,GO,physical
2026-04-30,sorgo,sorgo-mercado-fisico-media,Sorgo - Mercado Físico,Jataí/GO (Sindicato Rural de Jataí),,variacao_pct,0.0,"0,00",%,change_pct,,pct,spot,,GO,physical
2026-04-30,sorgo,sorgo-mercado-fisico-media,Sorgo - Mercado Físico,Luís Eduardo Magalhães/BA,,preco,42.0,"42,00",R$/sc,price,BRL,sc60kg,spot,,BA,physical
2026-04-30,sorgo,sorgo-mercado-fisico-media,Sorgo - Mercado Físico,Luís Eduardo Magalhães/BA,,variacao_pct,0.0,"0,00",%,change_pct,,pct,spot,,BA,physical
2026-04-30,sorgo,sorgo-mercado-fisico-media,Sorgo - Mercado Físico,Média RS (Clicmercado),,preco,52.0,"52,00",R$/sc,price,BRL,sc60kg,spot,,,physical
2026-04-30,sorgo,sorgo-mercado-fisico-media,Sorgo - Mercado Físico,Média RS (Clicmercado),,variacao_pct,0.0,"0,00",%,change_pct,,pct,spot,,,physical
2026-04-30,sorgo,sorgo-mercado-fisico-media,Sorgo - Mercado Físico,Oeste da Bahia/BA (AIBA),,preco,42.0,"42,00",R$/sc,price,BRL,sc60kg,spot,,BA,physical
2026-04-30,sorgo,sorgo-mercado-fisico-media,Sorgo - Mercado Físico,Oeste da Bahia/BA (AIBA),,variacao_pct,0.0,"0,00",%,change_pct,,pct,spot,,BA,physical
2026-04-30,sorgo,sorgo-mercado-fisico-media,Sorgo - Mercado Físico,Rio Verde/GO (Comigo),,preco,44.0,"44,00",R$/sc,price,BRL,sc60kg,spot,,GO,physical
2026-04-30,sorgo,sorgo-mercado-fisico-media,Sorgo - Mercado Físico,Rio Verde/GO (Comigo),,variacao_pct,0.0,"0,00",%,change_pct,,pct,spot,,GO,physical
2026-04-30,sorgo,sorgo-mercado-fisico-media,Sorgo - Mercado Físico,Rio do Sul/SC (Cravil),,preco,50.0,"50,00",R$/sc,price,BRL,sc60kg,spot,,SC,physical
2026-04-30,sorgo,sorgo-mercado-fisico-media,Sorgo - Mercado Físico,Rio do Sul/SC (Cravil),,variacao_pct,0.0,"0,00",%,change_pct,,pct,spot,,SC,physical
2026-05-04,sorgo,sorgo-mercado-fisico-media,Sorgo - Mercado Físico,Cândido Mota/SP (Coopermota),,preco,44.0,"44,00",R$/sc,price,BRL,sc60kg,spot,,SP,physical
2026-05-04,sorgo,sorgo-mercado-fisico-media,Sorgo - Mercado Físico,Cândido Mota/SP (Coopermota),,variacao_pct,0.0,"0,00",%,change_pct,,pct,spot,,SP,physical
2026-05-04,sorgo,sorgo-mercado-fisico-media,Sorgo - Mercado Físico,Jataí/GO (Sindicato Rural de Jataí),,preco,45.0,"45,00",R$/sc,price,BRL,sc60kg,spot,,GO,physical
2026-05-04,sorgo,sorgo-mercado-fisico-media,Sorgo - Mercado Físico,Jataí/GO (Sindicato Rural de Jataí),,variacao_pct,2.27,"+2,27",%,change_pct,,pct,spot,,GO,physical
2026-05-04,sorgo,sorgo-mercado-fisico-media,Sorgo - Mercado Físico,Luís Eduardo Magalhães/BA,,preco,42.0,"42,00",R$/sc,price,BRL,sc60kg,spot,,BA,physical
2026-05-04,sorgo,sorgo-mercado-fisico-media,Sorgo - Mercado Físico,Luís Eduardo Magalhães/BA,,variacao_pct,0.0,"0,00",%,change_pct,,pct,spot,,BA,physical
2026-05-04,sorgo,sorgo-mercado-fisico-media,Sorgo - Mercado Físico,Média RS (Clicmercado),,preco,52.0,"52,00",R$/sc,price,BRL,sc60kg,spot,,,physical
2026-05-04,sorgo,sorgo-mercado-fisico-media,Sorgo - Mercado Físico,Média RS (Clicmercado),,variacao_pct,0.0,"0,00",%,change_pct,,pct,spot,,,physical
2026-05-04,sorgo,sorgo-mercado-fisico-media,Sorgo - Mercado Físico,Oeste da Bahia/BA (AIBA),,preco,42.0,"42,00",R$/sc,price,BRL,sc60kg,spot,,BA,physical
2026-05-04,sorgo,sorgo-mercado-fisico-media,Sorgo - Mercado Físico,Oeste da Bahia/BA (AIBA),,variacao_pct,0.0,"0,00",%,change_pct,,pct,spot,,BA,physical
2026-05-04,sorgo,sorgo-mercado-fisico-media,Sorgo - Mercado Físico,Rio Verde/GO (Comigo),,preco,45.0,"45,00",R$/sc,price,BRL,sc60kg,spot,,GO,physical
2026-05-04,sorgo,sorgo-mercado-fisico-media,Sorgo - Mercado Físico,Rio Verde/GO (Comigo),,variacao_pct,2.27,"+2,27",%,change_pct,,pct,spot,,GO,physical
2026-05-04,sorgo,sorgo-mercado-fisico-media,Sorgo - Mercado Físico,Rio do Sul/SC (Cravil),,preco,50.0,"50,00",R$/sc,price,BRL,sc60kg,spot,,SC,physical
2026-05-04,sorgo,sorgo-mercado-fisico-media,Sorgo - Mercado Físico,Rio do Sul/SC (Cravil),,variacao_pct,,-,%,change_pct,,pct,spot,,SC,physical
2026-05-05,sorgo,sorgo-mercado-fisico-media,Sorgo - Mercado Físico,Cândido Mota/SP (Coopermota),,preco,44.0,"44,00",R$/sc,price,BRL,sc60kg,spot,,SP,physical
2026-05-05,sorgo,sorgo-mercado-fisico-media,Sorgo - Mercado Físico,Cândido Mota/SP (Coopermota),,variacao_pct,0.0,"0,00",%,change_pct,,pct,spot,,SP,physical
2026-05-05,sorgo,sorgo-mercado-fisico-media,Sorgo - Mercado Físico,Jataí/GO (Sindicato Rural de Jataí),,preco,45.0,"45,00",R$/sc,price,BRL,sc60kg,spot,,GO,physical
2026-05-05,sorgo,sorgo-mercado-fisico-media,Sorgo - Mercado Físico,Jataí/GO (Sindicato Rural de Jataí),,variacao_pct,0.0,"0,00",%,change_pct,,pct,spot,,GO,physical
2026-05-05,sorgo,sorgo-mercado-fisico-media,Sorgo - Mercado Físico,Luís Eduardo Magalhães/BA,,preco,42.0,"42,00",R$/sc,price,BRL,sc60kg,spot,,BA,physical
2026-05-05,sorgo,sorgo-mercado-fisico-media,Sorgo - Mercado Físico,Luís Eduardo Magalhães/BA,,variacao_pct,0.0,"0,00",%,change_pct,,pct,spot,,BA,physical
2026-05-05,sorgo,sorgo-mercado-fisico-media,Sorgo - Mercado Físico,Média RS (Clicmercado),,preco,52.0,"52,00",R$/sc,price,BRL,sc60kg,spot,,,physical
2026-05-05,sorgo,sorgo-mercado-fisico-media,Sorgo - Mercado Físico,Média RS (Clicmercado),,variacao_pct,0.0,"0,00",%,change_pct,,pct,spot,,,physical
2026-05-05,sorgo,sorgo-mercado-fisico-media,Sorgo - Mercado Físico,Oeste da Bahia/BA (AIBA),,preco,42.0,"42,00",R$/sc,price,BRL,sc60kg,spot,,BA,physical
2026-05-05,sorgo,sorgo-mercado-fisico-media,Sorgo - Mercado Físico,Oeste da Bahia/BA (AIBA),,variacao_pct,0.0,"0,00",%,change_pct,,pct,spot,,BA,physical
2026-05-05,sorgo,sorgo-mercado-fisico-media,Sorgo - Mercado Físico,Rio Verde/GO (Comigo),,preco,45.0,"45,00",R$/sc,price,BRL,sc60kg,spot,,GO,physical
2026-05-05,sorgo,sorgo-mercado-fisico-media,Sorgo - Mercado Físico,Rio Verde/GO (Comigo),,variacao_pct,0.0,"0,00",%,change_pct,,pct,spot,,GO,physical
2026-05-05,sorgo,sorgo-mercado-fisico-media,Sorgo - Mercado Físico,Rio do Sul/SC (Cravil),,preco,50.0,"50,00",R$/sc,price,BRL,sc60kg,spot,,SC,physical
2026-05-05,sorgo,sorgo-mercado-fisico-media,Sorgo - Mercado Físico,Rio do Sul/SC (Cravil),,variacao_pct,0.0,"0,00",%,change_pct,,pct,spot,,SC,physical
2026-05-06,sorgo,sorgo-mercado-fisico-media,Sorgo - Mercado Físico,Cândido Mota/SP (Coopermota),,preco,44.0,"44,00",R$/sc,price,BRL,sc60kg,spot,,SP,physical
2026-05-06,sorgo,sorgo-mercado-fisico-media,Sorgo - Mercado Físico,Cândido Mota/SP (Coopermota),,variacao_pct,0.0,"0,00",%,change_pct,,pct,spot,,SP,physical
2026-05-06,sorgo,sorgo-mercado-fisico-media,Sorgo - Mercado Físico,Jataí/GO (Sindicato Rural de Jataí),,preco,45.0,"45,00",R$/sc,price,BRL,sc60kg,spot,,GO,physical
2026-05-06,sorgo,sorgo-mercado-fisico-media,Sorgo - Mercado Físico,Jataí/GO (Sindicato Rural de Jataí),,variacao_pct,0.0,"0,00",%,change_pct,,pct,spot,,GO,physical
2026-05-06,sorgo,sorgo-mercado-fisico-media,Sorgo - Mercado Físico,Luís Eduardo Magalhães/BA,,preco,42.0,"42,00",R$/sc,price,BRL,sc60kg,spot,,BA,physical
2026-05-06,sorgo,sorgo-mercado-fisico-media,Sorgo - Mercado Físico,Luís Eduardo Magalhães/BA,,variacao_pct,0.0,"0,00",%,change_pct,,pct,spot,,BA,physical
2026-05-06,sorgo,sorgo-mercado-fisico-media,Sorgo - Mercado Físico,Média RS (Clicmercado),,preco,52.0,"52,00",R$/sc,price,BRL,sc60kg,spot,,,physical
2026-05-06,sorgo,sorgo-mercado-fisico-media,Sorgo - Mercado Físico,Média RS (Clicmercado),,variacao_pct,0.0,"0,00",%,change_pct,,pct,spot,,,physical
2026-05-06,sorgo,sorgo-mercado-fisico-media,Sorgo - Mercado Físico,Oeste da Bahia/BA (AIBA),,preco,42.0,"42,00",R$/sc,price,BRL,sc60kg,spot,,BA,physical
2026-05-06,sorgo,sorgo-mercado-fisico-media,Sorgo - Mercado Físico,Oeste da Bahia/BA (AIBA),,variacao_pct,0.0,"0,00",%,change_pct,,pct,spot,,BA,physical
2026-05-06,sorgo,sorgo-mercado-fisico-media,Sorgo - Mercado Físico,Rio Verde/GO (Comigo),,preco,45.0,"45,00",R$/sc,price,BRL,sc60kg,spot,,GO,physical
2026-05-06,sorgo,sorgo-mercado-fisico-media,Sorgo - Mercado Físico,Rio Verde/GO (Comigo),,variacao_pct,0.0,"0,00",%,change_pct,,pct,spot,,GO,physical
2026-05-06,sorgo,sorgo-mercado-fisico-media,Sorgo - Mercado Físico,Rio do Sul/SC (Cravil),,preco,50.0,"50,00",R$/sc,price,BRL,sc60kg,spot,,SC,physical
2026-05-06,sorgo,sorgo-mercado-fisico-media,Sorgo - Mercado Físico,Rio do Sul/SC (Cravil),,variacao_pct,0.0,"0,00",%,change_pct,,pct,spot,,SC,physical
2026-05-07,sorgo,sorgo-mercado-fisico-media,Sorgo - Mercado Físico,Cândido Mota/SP (Coopermota),,preco,44.0,"44,00",R$/sc,price,BRL,sc60kg,spot,,SP,physical
2026-05-07,sorgo,sorgo-mercado-fisico-media,Sorgo - Mercado Físico,Cândido Mota/SP (Coopermota),,variacao_pct,0.0,"0,00",%,change_pct,,pct,spot,,SP,physical
2026-05-07,sorgo,sorgo-mercado-fisico-media,Sorgo - Mercado Físico,Jataí/GO (Sindicato Rural de Jataí),,preco,,s/ cotação,R$/sc,price,BRL,sc60kg,spot,,GO,physical
2026-05-07,sorgo,sorgo-mercado-fisico-media,Sorgo - Mercado Físico,Jataí/GO (Sindicato Rural de Jataí),,variacao_pct,,-,%,change_pct,,pct,spot,,GO,physical
2026-05-07,sorgo,sorgo-mercado-fisico-media,Sorgo - Mercado Físico,Luís Eduardo Magalhães/BA,,preco,42.0,"42,00",R$/sc,price,BRL,sc60kg,spot,,BA,physical
2026-05-07,sorgo,sorgo-mercado-fisico-media,Sorgo - Mercado Físico,Luís Eduardo Magalhães/BA,,variacao_pct,0.0,"0,00",%,change_pct,,pct,spot,,BA,physical
2026-05-07,sorgo,sorgo-mercado-fisico-media,Sorgo - Mercado Físico,Média RS (Clicmercado),,preco,52.0,"52,00",R$/sc,price,BRL,sc60kg,spot,,,physical
2026-05-07,sorgo,sorgo-mercado-fisico-media,Sorgo - Mercado Físico,Média RS (Clicmercado),,variacao_pct,0.0,"0,00",%,change_pct,,pct,spot,,,physical
2026-05-07,sorgo,sorgo-mercado-fisico-media,Sorgo - Mercado Físico,Oeste da Bahia/BA (AIBA),,preco,42.0,"42,00",R$/sc,price,BRL,sc60kg,spot,,BA,physical
2026-05-07,sorgo,sorgo-mercado-fisico-media,Sorgo - Mercado Físico,Oeste da Bahia/BA (AIBA),,variacao_pct,0.0,"0,00",%,change_pct,,pct,spot,,BA,physical
2026-05-07,sorgo,sorgo-mercado-fisico-media,Sorgo - Mercado Físico,Rio Verde/GO (Comigo),,preco,43.0,"43,00",R$/sc,price,BRL,sc60kg,spot,,GO,physical
2026-05-07,sorgo,sorgo-mercado-fisico-media,Sorgo - Mercado Físico,Rio Verde/GO (Comigo),,variacao_pct,-4.44,"-4,44",%,change_pct,,pct,spot,,GO,physical
2026-05-07,sorgo,sorgo-mercado-fisico-media,Sorgo - Mercado Físico,Rio do Sul/SC (Cravil),,preco,50.0,"50,00",R$/sc,price,BRL,sc60kg,spot,,SC,physical
2026-05-07,sorgo,sorgo-mercado-fisico-media,Sorgo - Mercado Físico,Rio do Sul/SC (Cravil),,variacao_pct,0.0,"0,00",%,change_pct,,pct,spot,,SC,physical
2026-05-08,sorgo,sorgo-mercado-fisico-media,Sorgo - Mercado Físico,Cândido Mota/SP (Coopermota),,preco,44.0,"44,00",R$/sc,price,BRL,sc60kg,spot,,SP,physical
2026-05-08,sorgo,sorgo-mercado-fisico-media,Sorgo - Mercado Físico,Cândido Mota/SP (Coopermota),,variacao_pct,0.0,"0,00",%,change_pct,,pct,spot,,SP,physical
2026-05-08,sorgo,sorgo-mercado-fisico-media,Sorgo - Mercado Físico,Jataí/GO (Sindicato Rural de Jataí),,preco,,s/ cotação,R$/sc,price,BRL,sc60kg,spot,,GO,physical
2026-05-08,sorgo,sorgo-mercado-fisico-media,Sorgo - Mercado Físico,Jataí/GO (Sindicato Rural de Jataí),,variacao_pct,,-,%,change_pct,,pct,spot,,GO,physical
2026-05-08,sorgo,sorgo-mercado-fisico-media,Sorgo - Mercado Físico,Luís Eduardo Magalhães/BA,,preco,42.0,"42,00",R$/sc,price,BRL,sc60kg,spot,,BA,physical
2026-05-08,sorgo,sorgo-mercado-fisico-media,Sorgo - Mercado Físico,Luís Eduardo Magalhães/BA,,variacao_pct,0.0,"0,00",%,change_pct,,pct,spot,,BA,physical
2026-05-08,sorgo,sorgo-mercado-fisico-media,Sorgo - Mercado Físico,Média RS (Clicmercado),,preco,52.0,"52,00",R$/sc,price,BRL,sc60kg,spot,,,physical
2026-05-08,sorgo,sorgo-mercado-fisico-media,Sorgo - Mercado Físico,Média RS (Clicmercado),,variacao_pct,0.0,"0,00",%,change_pct,,pct,spot,,,physical
2026-05-08,sorgo,sorgo-mercado-fisico-media,Sorgo - Mercado Físico,Oeste da Bahia/BA (AIBA),,preco,42.0,"42,00",R$/sc,price,BRL,sc60kg,spot,,BA,physical
2026-05-08,sorgo,sorgo-mercado-fisico-media,Sorgo - Mercado Físico,Oeste da Bahia/BA (AIBA),,variacao_pct,0.0,"0,00",%,change_pct,,pct,spot,,BA,physical
2026-05-08,sorgo,sorgo-mercado-fisico-media,Sorgo - Mercado Físico,Rio Verde/GO (Comigo),,preco,43.0,"43,00",R$/sc,price,BRL,sc60kg,spot,,GO,physical
2026-05-08,sorgo,sorgo-mercado-fisico-media,Sorgo - Mercado Físico,Rio Verde/GO (Comigo),,variacao_pct,0.0,"0,00",%,change_pct,,pct,spot,,GO,physical
2026-05-08,sorgo,sorgo-mercado-fisico-media,Sorgo - Mercado Físico,Rio do Sul/SC (Cravil),,preco,50.0,"50,00",R$/sc,price,BRL,sc60kg,spot,,SC,physical
2026-05-08,sorgo,sorgo-mercado-fisico-media,Sorgo - Mercado Físico,Rio do Sul/SC (Cravil),,variacao_pct,0.0,"0,00",%,change_pct,,pct,spot,,SC,physical
2026-05-11,sorgo,sorgo-mercado-fisico-media,Sorgo - Mercado Físico,Cândido Mota/SP (Coopermota),,preco,44.0,"44,00",R$/sc,price,BRL,sc60kg,spot,,SP,physical
2026-05-11,sorgo,sorgo-mercado-fisico-media,Sorgo - Mercado Físico,Cândido Mota/SP (Coopermota),,variacao_pct,0.0,"0,00",%,change_pct,,pct,spot,,SP,physical
2026-05-11,sorgo,sorgo-mercado-fisico-media,Sorgo - Mercado Físico,Jataí/GO (Sindicato Rural de Jataí),,preco,,s/ cotação,R$/sc,price,BRL,sc60kg,spot,,GO,physical
2026-05-11,sorgo,sorgo-mercado-fisico-media,Sorgo - Mercado Físico,Jataí/GO (Sindicato Rural de Jataí),,variacao_pct,,-,%,change_pct,,pct,spot,,GO,physical
2026-05-11,sorgo,sorgo-mercado-fisico-media,Sorgo - Mercado Físico,Luís Eduardo Magalhães/BA,,preco,42.0,"42,00",R$/sc,price,BRL,sc60kg,spot,,BA,physical
2026-05-11,sorgo,sorgo-mercado-fisico-media,Sorgo - Mercado Físico,Luís Eduardo Magalhães/BA,,variacao_pct,0.0,"0,00",%,change_pct,,pct,spot,,BA,physical
2026-05-11,sorgo,sorgo-mercado-fisico-media,Sorgo - Mercado Físico,Média RS (Clicmercado),,preco,52.0,"52,00",R$/sc,price,BRL,sc60kg,spot,,,physical
2026-05-11,sorgo,sorgo-mercado-fisico-media,Sorgo - Mercado Físico,Média RS (Clicmercado),,variacao_pct,0.0,"0,00",%,change_pct,,pct,spot,,,physical
2026-05-11,sorgo,sorgo-mercado-fisico-media,Sorgo - Mercado Físico,Oeste da Bahia/BA (AIBA),,preco,42.0,"42,00",R$/sc,price,BRL,sc60kg,spot,,BA,physical
2026-05-11,sorgo,sorgo-mercado-fisico-media,Sorgo - Mercado Físico,Oeste da Bahia/BA (AIBA),,variacao_pct,0.0,"0,00",%,change_pct,,pct,spot,,BA,physical
2026-05-11,sorgo,sorgo-mercado-fisico-media,Sorgo - Mercado Físico,Rio Verde/GO (Comigo),,preco,43.0,"43,00",R$/sc,price,BRL,sc60kg,spot,,GO,physical
2026-05-11,sorgo,sorgo-mercado-fisico-media,Sorgo - Mercado Físico,Rio Verde/GO (Comigo),,variacao_pct,0.0,"0,00",%,change_pct,,pct,spot,,GO,physical
2026-05-11,sorgo,sorgo-mercado-fisico-media,Sorgo - Mercado Físico,Rio do Sul/SC (Cravil),,preco,50.0,"50,00",R$/sc,price,BRL,sc60kg,spot,,SC,physical
2026-05-11,sorgo,sorgo-mercado-fisico-media,Sorgo - Mercado Físico,Rio do Sul/SC (Cravil),,variacao_pct,0.0,"0,00",%,change_pct,,pct,spot,,SC,physical
2026-05-12,sorgo,sorgo-mercado-fisico-media,Sorgo - Mercado Físico,Cândido Mota/SP (Coopermota),,preco,44.0,"44,00",R$/sc,price,BRL,sc60kg,spot,,SP,physical
2026-05-12,sorgo,sorgo-mercado-fisico-media,Sorgo - Mercado Físico,Cândido Mota/SP (Coopermota),,variacao_pct,0.0,"0,00",%,change_pct,,pct,spot,,SP,physical
2026-05-12,sorgo,sorgo-mercado-fisico-media,Sorgo - Mercado Físico,Jataí/GO (Sindicato Rural de Jataí),,preco,44.0,"44,00",R$/sc,price,BRL,sc60kg,spot,,GO,physical
2026-05-12,sorgo,sorgo-mercado-fisico-media,Sorgo - Mercado Físico,Jataí/GO (Sindicato Rural de Jataí),,variacao_pct,,-,%,change_pct,,pct,spot,,GO,physical
2026-05-12,sorgo,sorgo-mercado-fisico-media,Sorgo - Mercado Físico,Luís Eduardo Magalhães/BA,,preco,42.0,"42,00",R$/sc,price,BRL,sc60kg,spot,,BA,physical
2026-05-12,sorgo,sorgo-mercado-fisico-media,Sorgo - Mercado Físico,Luís Eduardo Magalhães/BA,,variacao_pct,0.0,"0,00",%,change_pct,,pct,spot,,BA,physical
2026-05-12,sorgo,sorgo-mercado-fisico-media,Sorgo - Mercado Físico,Média RS (Clicmercado),,preco,52.0,"52,00",R$/sc,price,BRL,sc60kg,spot,,,physical
2026-05-12,sorgo,sorgo-mercado-fisico-media,Sorgo - Mercado Físico,Média RS (Clicmercado),,variacao_pct,0.0,"0,00",%,change_pct,,pct,spot,,,physical
2026-05-12,sorgo,sorgo-mercado-fisico-media,Sorgo - Mercado Físico,Oeste da Bahia/BA (AIBA),,preco,42.0,"42,00",R$/sc,price,BRL,sc60kg,spot,,BA,physical
2026-05-12,sorgo,sorgo-mercado-fisico-media,Sorgo - Mercado Físico,Oeste da Bahia/BA (AIBA),,variacao_pct,0.0,"0,00",%,change_pct,,pct,spot,,BA,physical
2026-05-12,sorgo,sorgo-mercado-fisico-media,Sorgo - Mercado Físico,Rio Verde/GO (Comigo),,preco,44.0,"44,00",R$/sc,price,BRL,sc60kg,spot,,GO,physical
2026-05-12,sorgo,sorgo-mercado-fisico-media,Sorgo - Mercado Físico,Rio Verde/GO (Comigo),,variacao_pct,2.33,"+2,33",%,change_pct,,pct,spot,,GO,physical
2026-05-12,sorgo,sorgo-mercado-fisico-media,Sorgo - Mercado Físico,Rio do Sul/SC (Cravil),,preco,50.0,"50,00",R$/sc,price,BRL,sc60kg,spot,,SC,physical
2026-05-12,sorgo,sorgo-mercado-fisico-media,Sorgo - Mercado Físico,Rio do Sul/SC (Cravil),,variacao_pct,0.0,"0,00",%,change_pct,,pct,spot,,SC,physical
2026-05-13,sorgo,sorgo-mercado-fisico-media,Sorgo - Mercado Físico,Cândido Mota/SP (Coopermota),,preco,44.0,"44,00",R$/sc,price,BRL,sc60kg,spot,,SP,physical
2026-05-13,sorgo,sorgo-mercado-fisico-media,Sorgo - Mercado Físico,Cândido Mota/SP (Coopermota),,variacao_pct,0.0,"0,00",%,change_pct,,pct,spot,,SP,physical
2026-05-13,sorgo,sorgo-mercado-fisico-media,Sorgo - Mercado Físico,Jataí/GO (Sindicato Rural de Jataí),,preco,44.0,"44,00",R$/sc,price,BRL,sc60kg,spot,,GO,physical
2026-05-13,sorgo,sorgo-mercado-fisico-media,Sorgo - Mercado Físico,Jataí/GO (Sindicato Rural de Jataí),,variacao_pct,0.0,"0,00",%,change_pct,,pct,spot,,GO,physical
2026-05-13,sorgo,sorgo-mercado-fisico-media,Sorgo - Mercado Físico,Luís Eduardo Magalhães/BA,,preco,42.0,"42,00",R$/sc,price,BRL,sc60kg,spot,,BA,physical
2026-05-13,sorgo,sorgo-mercado-fisico-media,Sorgo - Mercado Físico,Luís Eduardo Magalhães/BA,,variacao_pct,0.0,"0,00",%,change_pct,,pct,spot,,BA,physical
2026-05-13,sorgo,sorgo-mercado-fisico-media,Sorgo - Mercado Físico,Média RS (Clicmercado),,preco,52.0,"52,00",R$/sc,price,BRL,sc60kg,spot,,,physical
2026-05-13,sorgo,sorgo-mercado-fisico-media,Sorgo - Mercado Físico,Média RS (Clicmercado),,variacao_pct,0.0,"0,00",%,change_pct,,pct,spot,,,physical
2026-05-13,sorgo,sorgo-mercado-fisico-media,Sorgo - Mercado Físico,Oeste da Bahia/BA (AIBA),,preco,42.0,"42,00",R$/sc,price,BRL,sc60kg,spot,,BA,physical
2026-05-13,sorgo,sorgo-mercado-fisico-media,Sorgo - Mercado Físico,Oeste da Bahia/BA (AIBA),,variacao_pct,0.0,"0,00",%,change_pct,,pct,spot,,BA,physical
2026-05-13,sorgo,sorgo-mercado-fisico-media,Sorgo - Mercado Físico,Rio Verde/GO (Comigo),,preco,44.0,"44,00",R$/sc,price,BRL,sc60kg,spot,,GO,physical
2026-05-13,sorgo,sorgo-mercado-fisico-media,Sorgo - Mercado Físico,Rio Verde/GO (Comigo),,variacao_pct,0.0,"0,00",%,change_pct,,pct,spot,,GO,physical
2026-05-13,sorgo,sorgo-mercado-fisico-media,Sorgo - Mercado Físico,Rio do Sul/SC (Cravil),,preco,50.0,"50,00",R$/sc,price,BRL,sc60kg,spot,,SC,physical
2026-05-13,sorgo,sorgo-mercado-fisico-media,Sorgo - Mercado Físico,Rio do Sul/SC (Cravil),,variacao_pct,0.0,"0,00",%,change_pct,,pct,spot,,SC,physical
2026-05-14,sorgo,sorgo-mercado-fisico-media,Sorgo - Mercado Físico,Cândido Mota/SP (Coopermota),,preco,44.0,"44,00",R$/sc,price,BRL,sc60kg,spot,,SP,physical
2026-05-14,sorgo,sorgo-mercado-fisico-media,Sorgo - Mercado Físico,Cândido Mota/SP (Coopermota),,variacao_pct,0.0,"0,00",%,change_pct,,pct,spot,,SP,physical
2026-05-14,sorgo,sorgo-mercado-fisico-media,Sorgo - Mercado Físico,Jataí/GO (Sindicato Rural de Jataí),,preco,44.0,"44,00",R$/sc,price,BRL,sc60kg,spot,,GO,physical
2026-05-14,sorgo,sorgo-mercado-fisico-media,Sorgo - Mercado Físico,Jataí/GO (Sindicato Rural de Jataí),,variacao_pct,0.0,"0,00",%,change_pct,,pct,spot,,GO,physical
2026-05-14,sorgo,sorgo-mercado-fisico-media,Sorgo - Mercado Físico,Luís Eduardo Magalhães/BA,,preco,42.0,"42,00",R$/sc,price,BRL,sc60kg,spot,,BA,physical
2026-05-14,sorgo,sorgo-mercado-fisico-media,Sorgo - Mercado Físico,Luís Eduardo Magalhães/BA,,variacao_pct,0.0,"0,00",%,change_pct,,pct,spot,,BA,physical
2026-05-14,sorgo,sorgo-mercado-fisico-media,Sorgo - Mercado Físico,Média RS (Clicmercado),,preco,52.0,"52,00",R$/sc,price,BRL,sc60kg,spot,,,physical
2026-05-14,sorgo,sorgo-mercado-fisico-media,Sorgo - Mercado Físico,Média RS (Clicmercado),,variacao_pct,0.0,"0,00",%,change_pct,,pct,spot,,,physical
2026-05-14,sorgo,sorgo-mercado-fisico-media,Sorgo - Mercado Físico,Oeste da Bahia/BA (AIBA),,preco,42.0,"42,00",R$/sc,price,BRL,sc60kg,spot,,BA,physical
2026-05-14,sorgo,sorgo-mercado-fisico-media,Sorgo - Mercado Físico,Oeste da Bahia/BA (AIBA),,variacao_pct,0.0,"0,00",%,change_pct,,pct,spot,,BA,physical
2026-05-14,sorgo,sorgo-mercado-fisico-media,Sorgo - Mercado Físico,Rio Verde/GO (Comigo),,preco,44.0,"44,00",R$/sc,price,BRL,sc60kg,spot,,GO,physical
2026-05-14,sorgo,sorgo-mercado-fisico-media,Sorgo - Mercado Físico,Rio Verde/GO (Comigo),,variacao_pct,0.0,"0,00",%,change_pct,,pct,spot,,GO,physical
2026-05-14,sorgo,sorgo-mercado-fisico-media,Sorgo - Mercado Físico,Rio do Sul/SC (Cravil),,preco,50.0,"50,00",R$/sc,price,BRL,sc60kg,spot,,SC,physical
2026-05-14,sorgo,sorgo-mercado-fisico-media,Sorgo - Mercado Físico,Rio do Sul/SC (Cravil),,variacao_pct,0.0,"0,00",%,change_pct,,pct,spot,,SC,physical
2026-05-15,sorgo,sorgo-mercado-fisico-media,Sorgo - Mercado Físico,Cândido Mota/SP (Coopermota),,preco,44.0,"44,00",R$/sc,price,BRL,sc60kg,spot,,SP,physical
2026-05-15,sorgo,sorgo-mercado-fisico-media,Sorgo - Mercado Físico,Cândido Mota/SP (Coopermota),,variacao_pct,0.0,"0,00",%,change_pct,,pct,spot,,SP,physical
2026-05-15,sorgo,sorgo-mercado-fisico-media,Sorgo - Mercado Físico,Jataí/GO (Sindicato Rural de Jataí),,preco,45.0,"45,00",R$/sc,price,BRL,sc60kg,spot,,GO,physical
2026-05-15,sorgo,sorgo-mercado-fisico-media,Sorgo - Mercado Físico,Jataí/GO (Sindicato Rural de Jataí),,variacao_pct,2.27,"+2,27",%,change_pct,,pct,spot,,GO,physical
2026-05-15,sorgo,sorgo-mercado-fisico-media,Sorgo - Mercado Físico,Luís Eduardo Magalhães/BA,,preco,42.0,"42,00",R$/sc,price,BRL,sc60kg,spot,,BA,physical
2026-05-15,sorgo,sorgo-mercado-fisico-media,Sorgo - Mercado Físico,Luís Eduardo Magalhães/BA,,variacao_pct,0.0,"0,00",%,change_pct,,pct,spot,,BA,physical
2026-05-15,sorgo,sorgo-mercado-fisico-media,Sorgo - Mercado Físico,Média RS (Clicmercado),,preco,52.0,"52,00",R$/sc,price,BRL,sc60kg,spot,,,physical
2026-05-15,sorgo,sorgo-mercado-fisico-media,Sorgo - Mercado Físico,Média RS (Clicmercado),,variacao_pct,0.0,"0,00",%,change_pct,,pct,spot,,,physical
2026-05-15,sorgo,sorgo-mercado-fisico-media,Sorgo - Mercado Físico,Oeste da Bahia/BA (AIBA),,preco,42.0,"42,00",R$/sc,price,BRL,sc60kg,spot,,BA,physical
2026-05-15,sorgo,sorgo-mercado-fisico-media,Sorgo - Mercado Físico,Oeste da Bahia/BA (AIBA),,variacao_pct,0.0,"0,00",%,change_pct,,pct,spot,,BA,physical
2026-05-15,sorgo,sorgo-mercado-fisico-media,Sorgo - Mercado Físico,Rio Verde/GO (Comigo),,preco,45.0,"45,00",R$/sc,price,BRL,sc60kg,spot,,GO,physical
2026-05-15,sorgo,sorgo-mercado-fisico-media,Sorgo - Mercado Físico,Rio Verde/GO (Comigo),,variacao_pct,2.27,"+2,27",%,change_pct,,pct,spot,,GO,physical
2026-05-15,sorgo,sorgo-mercado-fisico-media,Sorgo - Mercado Físico,Rio do Sul/SC (Cravil),,preco,50.0,"50,00",R$/sc,price,BRL,sc60kg,spot,,SC,physical
2026-05-15,sorgo,sorgo-mercado-fisico-media,Sorgo - Mercado Físico,Rio do Sul/SC (Cravil),,variacao_pct,0.0,"0,00",%,change_pct,,pct,spot,,SC,physical
2026-05-18,sorgo,sorgo-mercado-fisico-media,Sorgo - Mercado Físico,Cândido Mota/SP (Coopermota),,preco,44.0,"44,00",R$/sc,price,BRL,sc60kg,spot,,SP,physical
2026-05-18,sorgo,sorgo-mercado-fisico-media,Sorgo - Mercado Físico,Cândido Mota/SP (Coopermota),,variacao_pct,0.0,"0,00",%,change_pct,,pct,spot,,SP,physical
2026-05-18,sorgo,sorgo-mercado-fisico-media,Sorgo - Mercado Físico,Jataí/GO (Sindicato Rural de Jataí),,preco,45.0,"45,00",R$/sc,price,BRL,sc60kg,spot,,GO,physical
2026-05-18,sorgo,sorgo-mercado-fisico-media,Sorgo - Mercado Físico,Jataí/GO (Sindicato Rural de Jataí),,variacao_pct,0.0,"0,00",%,change_pct,,pct,spot,,GO,physical
2026-05-18,sorgo,sorgo-mercado-fisico-media,Sorgo - Mercado Físico,Luís Eduardo Magalhães/BA,,preco,42.0,"42,00",R$/sc,price,BRL,sc60kg,spot,,BA,physical
2026-05-18,sorgo,sorgo-mercado-fisico-media,Sorgo - Mercado Físico,Luís Eduardo Magalhães/BA,,variacao_pct,0.0,"0,00",%,change_pct,,pct,spot,,BA,physical
2026-05-18,sorgo,sorgo-mercado-fisico-media,Sorgo - Mercado Físico,Média RS (Clicmercado),,preco,52.0,"52,00",R$/sc,price,BRL,sc60kg,spot,,,physical
2026-05-18,sorgo,sorgo-mercado-fisico-media,Sorgo - Mercado Físico,Média RS (Clicmercado),,variacao_pct,0.0,"0,00",%,change_pct,,pct,spot,,,physical
2026-05-18,sorgo,sorgo-mercado-fisico-media,Sorgo - Mercado Físico,Oeste da Bahia/BA (AIBA),,preco,42.0,"42,00",R$/sc,price,BRL,sc60kg,spot,,BA,physical
2026-05-18,sorgo,sorgo-mercado-fisico-media,Sorgo - Mercado Físico,Oeste da Bahia/BA (AIBA),,variacao_pct,0.0,"0,00",%,change_pct,,pct,spot,,BA,physical
2026-05-18,sorgo,sorgo-mercado-fisico-media,Sorgo - Mercado Físico,Rio Verde/GO (Comigo),,preco,45.0,"45,00",R$/sc,price,BRL,sc60kg,spot,,GO,physical
2026-05-18,sorgo,sorgo-mercado-fisico-media,Sorgo - Mercado Físico,Rio Verde/GO (Comigo),,variacao_pct,0.0,"0,00",%,change_pct,,pct,spot,,GO,physical
2026-05-18,sorgo,sorgo-mercado-fisico-media,Sorgo - Mercado Físico,Rio do Sul/SC (Cravil),,preco,50.0,"50,00",R$/sc,price,BRL,sc60kg,spot,,SC,physical
2026-05-18,sorgo,sorgo-mercado-fisico-media,Sorgo - Mercado Físico,Rio do Sul/SC (Cravil),,variacao_pct,0.0,"0,00",%,change_pct,,pct,spot,,SC,physical
2026-05-19,sorgo,sorgo-mercado-fisico-media,Sorgo - Mercado Físico,Cândido Mota/SP (Coopermota),,preco,44.4,"44,40",R$/sc,price,BRL,sc60kg,spot,,SP,physical
2026-05-19,sorgo,sorgo-mercado-fisico-media,Sorgo - Mercado Físico,Cândido Mota/SP (Coopermota),,variacao_pct,0.91,"+0,91",%,change_pct,,pct,spot,,SP,physical
2026-05-19,sorgo,sorgo-mercado-fisico-media,Sorgo - Mercado Físico,Jataí/GO (Sindicato Rural de Jataí),,preco,46.0,"46,00",R$/sc,price,BRL,sc60kg,spot,,GO,physical
2026-05-19,sorgo,sorgo-mercado-fisico-media,Sorgo - Mercado Físico,Jataí/GO (Sindicato Rural de Jataí),,variacao_pct,2.22,"+2,22",%,change_pct,,pct,spot,,GO,physical
2026-05-19,sorgo,sorgo-mercado-fisico-media,Sorgo - Mercado Físico,Luís Eduardo Magalhães/BA,,preco,42.0,"42,00",R$/sc,price,BRL,sc60kg,spot,,BA,physical
2026-05-19,sorgo,sorgo-mercado-fisico-media,Sorgo - Mercado Físico,Luís Eduardo Magalhães/BA,,variacao_pct,0.0,"0,00",%,change_pct,,pct,spot,,BA,physical
2026-05-19,sorgo,sorgo-mercado-fisico-media,Sorgo - Mercado Físico,Média RS (Clicmercado),,preco,52.0,"52,00",R$/sc,price,BRL,sc60kg,spot,,,physical
2026-05-19,sorgo,sorgo-mercado-fisico-media,Sorgo - Mercado Físico,Média RS (Clicmercado),,variacao_pct,0.0,"0,00",%,change_pct,,pct,spot,,,physical
2026-05-19,sorgo,sorgo-mercado-fisico-media,Sorgo - Mercado Físico,Oeste da Bahia/BA (AIBA),,preco,42.33,"42,33",R$/sc,price,BRL,sc60kg,spot,,BA,physical
2026-05-19,sorgo,sorgo-mercado-fisico-media,Sorgo - Mercado Físico,Oeste da Bahia/BA (AIBA),,variacao_pct,0.79,"+0,79",%,change_pct,,pct,spot,,BA,physical
2026-05-19,sorgo,sorgo-mercado-fisico-media,Sorgo - Mercado Físico,Rio Verde/GO (Comigo),,preco,46.0,"46,00",R$/sc,price,BRL,sc60kg,spot,,GO,physical
2026-05-19,sorgo,sorgo-mercado-fisico-media,Sorgo - Mercado Físico,Rio Verde/GO (Comigo),,variacao_pct,2.22,"+2,22",%,change_pct,,pct,spot,,GO,physical
2026-05-19,sorgo,sorgo-mercado-fisico-media,Sorgo - Mercado Físico,Rio do Sul/SC (Cravil),,preco,50.0,"50,00",R$/sc,price,BRL,sc60kg,spot,,SC,physical
2026-05-19,sorgo,sorgo-mercado-fisico-media,Sorgo - Mercado Físico,Rio do Sul/SC (Cravil),,variacao_pct,0.0,"0,00",%,change_pct,,pct,spot,,SC,physical
2026-05-20,sorgo,sorgo-mercado-fisico-media,Sorgo - Mercado Físico,Cândido Mota/SP (Coopermota),,preco,44.4,"44,40",R$/sc,price,BRL,sc60kg,spot,,SP,physical
2026-05-20,sorgo,sorgo-mercado-fisico-media,Sorgo - Mercado Físico,Cândido Mota/SP (Coopermota),,variacao_pct,0.0,"0,00",%,change_pct,,pct,spot,,SP,physical
2026-05-20,sorgo,sorgo-mercado-fisico-media,Sorgo - Mercado Físico,Jataí/GO (Sindicato Rural de Jataí),,preco,46.0,"46,00",R$/sc,price,BRL,sc60kg,spot,,GO,physical
2026-05-20,sorgo,sorgo-mercado-fisico-media,Sorgo - Mercado Físico,Jataí/GO (Sindicato Rural de Jataí),,variacao_pct,0.0,"0,00",%,change_pct,,pct,spot,,GO,physical
2026-05-20,sorgo,sorgo-mercado-fisico-media,Sorgo - Mercado Físico,Luís Eduardo Magalhães/BA,,preco,42.0,"42,00",R$/sc,price,BRL,sc60kg,spot,,BA,physical
2026-05-20,sorgo,sorgo-mercado-fisico-media,Sorgo - Mercado Físico,Luís Eduardo Magalhães/BA,,variacao_pct,0.0,"0,00",%,change_pct,,pct,spot,,BA,physical
2026-05-20,sorgo,sorgo-mercado-fisico-media,Sorgo - Mercado Físico,Média RS (Clicmercado),,preco,52.0,"52,00",R$/sc,price,BRL,sc60kg,spot,,,physical
2026-05-20,sorgo,sorgo-mercado-fisico-media,Sorgo - Mercado Físico,Média RS (Clicmercado),,variacao_pct,0.0,"0,00",%,change_pct,,pct,spot,,,physical
2026-05-20,sorgo,sorgo-mercado-fisico-media,Sorgo - Mercado Físico,Oeste da Bahia/BA (AIBA),,preco,42.0,"42,00",R$/sc,price,BRL,sc60kg,spot,,BA,physical
2026-05-20,sorgo,sorgo-mercado-fisico-media,Sorgo - Mercado Físico,Oeste da Bahia/BA (AIBA),,variacao_pct,-0.78,"-0,78",%,change_pct,,pct,spot,,BA,physical
2026-05-20,sorgo,sorgo-mercado-fisico-media,Sorgo - Mercado Físico,Rio Verde/GO (Comigo),,preco,46.0,"46,00",R$/sc,price,BRL,sc60kg,spot,,GO,physical
2026-05-20,sorgo,sorgo-mercado-fisico-media,Sorgo - Mercado Físico,Rio Verde/GO (Comigo),,variacao_pct,0.0,"0,00",%,change_pct,,pct,spot,,GO,physical
2026-05-20,sorgo,sorgo-mercado-fisico-media,Sorgo - Mercado Físico,Rio do Sul/SC (Cravil),,preco,50.0,"50,00",R$/sc,price,BRL,sc60kg,spot,,SC,physical
2026-05-20,sorgo,sorgo-mercado-fisico-media,Sorgo - Mercado Físico,Rio do Sul/SC (Cravil),,variacao_pct,0.0,"0,00",%,change_pct,,pct,spot,,SC,physical
2026-05-21,sorgo,sorgo-mercado-fisico-media,Sorgo - Mercado Físico,Cândido Mota/SP (Coopermota),,preco,44.4,"44,40",R$/sc,price,BRL,sc60kg,spot,,SP,physical
2026-05-21,sorgo,sorgo-mercado-fisico-media,Sorgo - Mercado Físico,Cândido Mota/SP (Coopermota),,variacao_pct,0.0,"0,00",%,change_pct,,pct,spot,,SP,physical
2026-05-21,sorgo,sorgo-mercado-fisico-media,Sorgo - Mercado Físico,Jataí/GO (Sindicato Rural de Jataí),,preco,46.0,"46,00",R$/sc,price,BRL,sc60kg,spot,,GO,physical
2026-05-21,sorgo,sorgo-mercado-fisico-media,Sorgo - Mercado Físico,Jataí/GO (Sindicato Rural de Jataí),,variacao_pct,0.0,"0,00",%,change_pct,,pct,spot,,GO,physical
2026-05-21,sorgo,sorgo-mercado-fisico-media,Sorgo - Mercado Físico,Luís Eduardo Magalhães/BA,,preco,42.0,"42,00",R$/sc,price,BRL,sc60kg,spot,,BA,physical
2026-05-21,sorgo,sorgo-mercado-fisico-media,Sorgo - Mercado Físico,Luís Eduardo Magalhães/BA,,variacao_pct,0.0,"0,00",%,change_pct,,pct,spot,,BA,physical
2026-05-21,sorgo,sorgo-mercado-fisico-media,Sorgo - Mercado Físico,Média RS (Clicmercado),,preco,52.0,"52,00",R$/sc,price,BRL,sc60kg,spot,,,physical
2026-05-21,sorgo,sorgo-mercado-fisico-media,Sorgo - Mercado Físico,Média RS (Clicmercado),,variacao_pct,0.0,"0,00",%,change_pct,,pct,spot,,,physical
2026-05-21,sorgo,sorgo-mercado-fisico-media,Sorgo - Mercado Físico,Oeste da Bahia/BA (AIBA),,preco,42.0,"42,00",R$/sc,price,BRL,sc60kg,spot,,BA,physical
2026-05-21,sorgo,sorgo-mercado-fisico-media,Sorgo - Mercado Físico,Oeste da Bahia/BA (AIBA),,variacao_pct,0.0,"0,00",%,change_pct,,pct,spot,,BA,physical
2026-05-21,sorgo,sorgo-mercado-fisico-media,Sorgo - Mercado Físico,Rio Verde/GO (Comigo),,preco,46.0,"46,00",R$/sc,price,BRL,sc60kg,spot,,GO,physical
2026-05-21,sorgo,sorgo-mercado-fisico-media,Sorgo - Mercado Físico,Rio Verde/GO (Comigo),,variacao_pct,0.0,"0,00",%,change_pct,,pct,spot,,GO,physical
2026-05-21,sorgo,sorgo-mercado-fisico-media,Sorgo - Mercado Físico,Rio do Sul/SC (Cravil),,preco,50.0,"50,00",R$/sc,price,BRL,sc60kg,spot,,SC,physical
2026-05-21,sorgo,sorgo-mercado-fisico-media,Sorgo - Mercado Físico,Rio do Sul/SC (Cravil),,variacao_pct,0.0,"0,00",%,change_pct,,pct,spot,,SC,physical
2026-05-22,sorgo,sorgo-mercado-fisico-media,Sorgo - Mercado Físico,Cândido Mota/SP (Coopermota),,preco,44.4,"44,40",R$/sc,price,BRL,sc60kg,spot,,SP,physical
2026-05-22,sorgo,sorgo-mercado-fisico-media,Sorgo - Mercado Físico,Cândido Mota/SP (Coopermota),,variacao_pct,0.0,"0,00",%,change_pct,,pct,spot,,SP,physical
2026-05-22,sorgo,sorgo-mercado-fisico-media,Sorgo - Mercado Físico,Jataí/GO (Sindicato Rural de Jataí),,preco,46.0,"46,00",R$/sc,price,BRL,sc60kg,spot,,GO,physical
2026-05-22,sorgo,sorgo-mercado-fisico-media,Sorgo - Mercado Físico,Jataí/GO (Sindicato Rural de Jataí),,variacao_pct,0.0,"0,00",%,change_pct,,pct,spot,,GO,physical
2026-05-22,sorgo,sorgo-mercado-fisico-media,Sorgo - Mercado Físico,Luís Eduardo Magalhães/BA,,preco,42.0,"42,00",R$/sc,price,BRL,sc60kg,spot,,BA,physical
2026-05-22,sorgo,sorgo-mercado-fisico-media,Sorgo - Mercado Físico,Luís Eduardo Magalhães/BA,,variacao_pct,0.0,"0,00",%,change_pct,,pct,spot,,BA,physical
2026-05-22,sorgo,sorgo-mercado-fisico-media,Sorgo - Mercado Físico,Média RS (Clicmercado),,preco,50.0,"50,00",R$/sc,price,BRL,sc60kg,spot,,,physical
2026-05-22,sorgo,sorgo-mercado-fisico-media,Sorgo - Mercado Físico,Média RS (Clicmercado),,variacao_pct,-3.85,"-3,85",%,change_pct,,pct,spot,,,physical
2026-05-22,sorgo,sorgo-mercado-fisico-media,Sorgo - Mercado Físico,Oeste da Bahia/BA (AIBA),,preco,42.0,"42,00",R$/sc,price,BRL,sc60kg,spot,,BA,physical
2026-05-22,sorgo,sorgo-mercado-fisico-media,Sorgo - Mercado Físico,Oeste da Bahia/BA (AIBA),,variacao_pct,0.0,"0,00",%,change_pct,,pct,spot,,BA,physical
2026-05-22,sorgo,sorgo-mercado-fisico-media,Sorgo - Mercado Físico,Rio Verde/GO (Comigo),,preco,46.0,"46,00",R$/sc,price,BRL,sc60kg,spot,,GO,physical
2026-05-22,sorgo,sorgo-mercado-fisico-media,Sorgo - Mercado Físico,Rio Verde/GO (Comigo),,variacao_pct,0.0,"0,00",%,change_pct,,pct,spot,,GO,physical
2026-05-22,sorgo,sorgo-mercado-fisico-media,Sorgo - Mercado Físico,Rio do Sul/SC (Cravil),,preco,50.0,"50,00",R$/sc,price,BRL,sc60kg,spot,,SC,physical
2026-05-22,sorgo,sorgo-mercado-fisico-media,Sorgo - Mercado Físico,Rio do Sul/SC (Cravil),,variacao_pct,0.0,"0,00",%,change_pct,,pct,spot,,SC,physical
2026-05-25,sorgo,sorgo-mercado-fisico-media,Sorgo - Mercado Físico,Cândido Mota/SP (Coopermota),,preco,44.4,"44,40",R$/sc,price,BRL,sc60kg,spot,,SP,physical
2026-05-25,sorgo,sorgo-mercado-fisico-media,Sorgo - Mercado Físico,Cândido Mota/SP (Coopermota),,variacao_pct,0.0,"0,00",%,change_pct,,pct,spot,,SP,physical
2026-05-25,sorgo,sorgo-mercado-fisico-media,Sorgo - Mercado Físico,Jataí/GO (Sindicato Rural de Jataí),,preco,46.0,"46,00",R$/sc,price,BRL,sc60kg,spot,,GO,physical
2026-05-25,sorgo,sorgo-mercado-fisico-media,Sorgo - Mercado Físico,Jataí/GO (Sindicato Rural de Jataí),,variacao_pct,,-,%,change_pct,,pct,spot,,GO,physical
2026-05-25,sorgo,sorgo-mercado-fisico-media,Sorgo - Mercado Físico,Luís Eduardo Magalhães/BA,,preco,42.0,"42,00",R$/sc,price,BRL,sc60kg,spot,,BA,physical
2026-05-25,sorgo,sorgo-mercado-fisico-media,Sorgo - Mercado Físico,Luís Eduardo Magalhães/BA,,variacao_pct,0.0,"0,00",%,change_pct,,pct,spot,,BA,physical
2026-05-25,sorgo,sorgo-mercado-fisico-media,Sorgo - Mercado Físico,Média RS (Clicmercado),,preco,50.0,"50,00",R$/sc,price,BRL,sc60kg,spot,,,physical
2026-05-25,sorgo,sorgo-mercado-fisico-media,Sorgo - Mercado Físico,Média RS (Clicmercado),,variacao_pct,0.0,"0,00",%,change_pct,,pct,spot,,,physical
2026-05-25,sorgo,sorgo-mercado-fisico-media,Sorgo - Mercado Físico,Oeste da Bahia/BA (AIBA),,preco,42.0,"42,00",R$/sc,price,BRL,sc60kg,spot,,BA,physical
2026-05-25,sorgo,sorgo-mercado-fisico-media,Sorgo - Mercado Físico,Oeste da Bahia/BA (AIBA),,variacao_pct,0.0,"0,00",%,change_pct,,pct,spot,,BA,physical
2026-05-25,sorgo,sorgo-mercado-fisico-media,Sorgo - Mercado Físico,Rio Verde/GO (Comigo),,preco,46.0,"46,00",R$/sc,price,BRL,sc60kg,spot,,GO,physical
2026-05-25,sorgo,sorgo-mercado-fisico-media,Sorgo - Mercado Físico,Rio Verde/GO (Comigo),,variacao_pct,,-,%,change_pct,,pct,spot,,GO,physical
2026-05-25,sorgo,sorgo-mercado-fisico-media,Sorgo - Mercado Físico,Rio do Sul/SC (Cravil),,preco,50.0,"50,00",R$/sc,price,BRL,sc60kg,spot,,SC,physical
2026-05-25,sorgo,sorgo-mercado-fisico-media,Sorgo - Mercado Físico,Rio do Sul/SC (Cravil),,variacao_pct,0.0,"0,00",%,change_pct,,pct,spot,,SC,physical
2026-05-26,sorgo,sorgo-mercado-fisico-media,Sorgo - Mercado Físico,Cândido Mota/SP (Coopermota),,preco,44.0,"44,00",R$/sc,price,BRL,sc60kg,spot,,SP,physical
2026-05-26,sorgo,sorgo-mercado-fisico-media,Sorgo - Mercado Físico,Cândido Mota/SP (Coopermota),,variacao_pct,-0.9,"-0,90",%,change_pct,,pct,spot,,SP,physical
2026-05-26,sorgo,sorgo-mercado-fisico-media,Sorgo - Mercado Físico,Jataí/GO (Sindicato Rural de Jataí),,preco,46.0,"46,00",R$/sc,price,BRL,sc60kg,spot,,GO,physical
2026-05-26,sorgo,sorgo-mercado-fisico-media,Sorgo - Mercado Físico,Jataí/GO (Sindicato Rural de Jataí),,variacao_pct,0.0,"0,00",%,change_pct,,pct,spot,,GO,physical
2026-05-26,sorgo,sorgo-mercado-fisico-media,Sorgo - Mercado Físico,Luís Eduardo Magalhães/BA,,preco,42.0,"42,00",R$/sc,price,BRL,sc60kg,spot,,BA,physical
2026-05-26,sorgo,sorgo-mercado-fisico-media,Sorgo - Mercado Físico,Luís Eduardo Magalhães/BA,,variacao_pct,0.0,"0,00",%,change_pct,,pct,spot,,BA,physical
2026-05-26,sorgo,sorgo-mercado-fisico-media,Sorgo - Mercado Físico,Média RS (Clicmercado),,preco,50.0,"50,00",R$/sc,price,BRL,sc60kg,spot,,,physical
2026-05-26,sorgo,sorgo-mercado-fisico-media,Sorgo - Mercado Físico,Média RS (Clicmercado),,variacao_pct,0.0,"0,00",%,change_pct,,pct,spot,,,physical
2026-05-26,sorgo,sorgo-mercado-fisico-media,Sorgo - Mercado Físico,Oeste da Bahia/BA (AIBA),,preco,42.0,"42,00",R$/sc,price,BRL,sc60kg,spot,,BA,physical
2026-05-26,sorgo,sorgo-mercado-fisico-media,Sorgo - Mercado Físico,Oeste da Bahia/BA (AIBA),,variacao_pct,0.0,"0,00",%,change_pct,,pct,spot,,BA,physical
2026-05-26,sorgo,sorgo-mercado-fisico-media,Sorgo - Mercado Físico,Rio Verde/GO (Comigo),,preco,46.0,"46,00",R$/sc,price,BRL,sc60kg,spot,,GO,physical
2026-05-26,sorgo,sorgo-mercado-fisico-media,Sorgo - Mercado Físico,Rio Verde/GO (Comigo),,variacao_pct,0.0,"0,00",%,change_pct,,pct,spot,,GO,physical
2026-05-26,sorgo,sorgo-mercado-fisico-media,Sorgo - Mercado Físico,Rio do Sul/SC (Cravil),,preco,50.0,"50,00",R$/sc,price,BRL,sc60kg,spot,,SC,physical
2026-05-26,sorgo,sorgo-mercado-fisico-media,Sorgo - Mercado Físico,Rio do Sul/SC (Cravil),,variacao_pct,0.0,"0,00",%,change_pct,,pct,spot,,SC,physical
2026-05-27,sorgo,sorgo-mercado-fisico-media,Sorgo - Mercado Físico,Cândido Mota/SP (Coopermota),,preco,44.0,"44,00",R$/sc,price,BRL,sc60kg,spot,,SP,physical
2026-05-27,sorgo,sorgo-mercado-fisico-media,Sorgo - Mercado Físico,Cândido Mota/SP (Coopermota),,variacao_pct,0.0,"0,00",%,change_pct,,pct,spot,,SP,physical
2026-05-27,sorgo,sorgo-mercado-fisico-media,Sorgo - Mercado Físico,Jataí/GO (Sindicato Rural de Jataí),,preco,46.0,"46,00",R$/sc,price,BRL,sc60kg,spot,,GO,physical
2026-05-27,sorgo,sorgo-mercado-fisico-media,Sorgo - Mercado Físico,Jataí/GO (Sindicato Rural de Jataí),,variacao_pct,0.0,"0,00",%,change_pct,,pct,spot,,GO,physical
2026-05-27,sorgo,sorgo-mercado-fisico-media,Sorgo - Mercado Físico,Luís Eduardo Magalhães/BA,,preco,42.0,"42,00",R$/sc,price,BRL,sc60kg,spot,,BA,physical
2026-05-27,sorgo,sorgo-mercado-fisico-media,Sorgo - Mercado Físico,Luís Eduardo Magalhães/BA,,variacao_pct,0.0,"0,00",%,change_pct,,pct,spot,,BA,physical
2026-05-27,sorgo,sorgo-mercado-fisico-media,Sorgo - Mercado Físico,Média RS (Clicmercado),,preco,50.0,"50,00",R$/sc,price,BRL,sc60kg,spot,,,physical
2026-05-27,sorgo,sorgo-mercado-fisico-media,Sorgo - Mercado Físico,Média RS (Clicmercado),,variacao_pct,0.0,"0,00",%,change_pct,,pct,spot,,,physical
2026-05-27,sorgo,sorgo-mercado-fisico-media,Sorgo - Mercado Físico,Oeste da Bahia/BA (AIBA),,preco,42.0,"42,00",R$/sc,price,BRL,sc60kg,spot,,BA,physical
2026-05-27,sorgo,sorgo-mercado-fisico-media,Sorgo - Mercado Físico,Oeste da Bahia/BA (AIBA),,variacao_pct,0.0,"0,00",%,change_pct,,pct,spot,,BA,physical
2026-05-27,sorgo,sorgo-mercado-fisico-media,Sorgo - Mercado Físico,Rio Verde/GO (Comigo),,preco,46.0,"46,00",R$/sc,price,BRL,sc60kg,spot,,GO,physical
2026-05-27,sorgo,sorgo-mercado-fisico-media,Sorgo - Mercado Físico,Rio Verde/GO (Comigo),,variacao_pct,0.0,"0,00",%,change_pct,,pct,spot,,GO,physical
2026-05-27,sorgo,sorgo-mercado-fisico-media,Sorgo - Mercado Físico,Rio do Sul/SC (Cravil),,preco,50.0,"50,00",R$/sc,price,BRL,sc60kg,spot,,SC,physical
2026-05-27,sorgo,sorgo-mercado-fisico-media,Sorgo - Mercado Físico,Rio do Sul/SC (Cravil),,variacao_pct,0.0,"0,00",%,change_pct,,pct,spot,,SC,physical
2026-05-28,sorgo,sorgo-mercado-fisico-media,Sorgo - Mercado Físico,Cândido Mota/SP (Coopermota),,preco,44.0,"44,00",R$/sc,price,BRL,sc60kg,spot,,SP,physical
2026-05-28,sorgo,sorgo-mercado-fisico-media,Sorgo - Mercado Físico,Cândido Mota/SP (Coopermota),,variacao_pct,0.0,"0,00",%,change_pct,,pct,spot,,SP,physical
2026-05-28,sorgo,sorgo-mercado-fisico-media,Sorgo - Mercado Físico,Jataí/GO (Sindicato Rural de Jataí),,preco,46.0,"46,00",R$/sc,price,BRL,sc60kg,spot,,GO,physical
2026-05-28,sorgo,sorgo-mercado-fisico-media,Sorgo - Mercado Físico,Jataí/GO (Sindicato Rural de Jataí),,variacao_pct,0.0,"0,00",%,change_pct,,pct,spot,,GO,physical
2026-05-28,sorgo,sorgo-mercado-fisico-media,Sorgo - Mercado Físico,Luís Eduardo Magalhães/BA,,preco,42.0,"42,00",R$/sc,price,BRL,sc60kg,spot,,BA,physical
2026-05-28,sorgo,sorgo-mercado-fisico-media,Sorgo - Mercado Físico,Luís Eduardo Magalhães/BA,,variacao_pct,0.0,"0,00",%,change_pct,,pct,spot,,BA,physical
2026-05-28,sorgo,sorgo-mercado-fisico-media,Sorgo - Mercado Físico,Média RS (Clicmercado),,preco,50.0,"50,00",R$/sc,price,BRL,sc60kg,spot,,,physical
2026-05-28,sorgo,sorgo-mercado-fisico-media,Sorgo - Mercado Físico,Média RS (Clicmercado),,variacao_pct,0.0,"0,00",%,change_pct,,pct,spot,,,physical
2026-05-28,sorgo,sorgo-mercado-fisico-media,Sorgo - Mercado Físico,Oeste da Bahia/BA (AIBA),,preco,42.17,"42,17",R$/sc,price,BRL,sc60kg,spot,,BA,physical
2026-05-28,sorgo,sorgo-mercado-fisico-media,Sorgo - Mercado Físico,Oeste da Bahia/BA (AIBA),,variacao_pct,0.4,"+0,40",%,change_pct,,pct,spot,,BA,physical
2026-05-28,sorgo,sorgo-mercado-fisico-media,Sorgo - Mercado Físico,Rio Verde/GO (Comigo),,preco,46.0,"46,00",R$/sc,price,BRL,sc60kg,spot,,GO,physical
2026-05-28,sorgo,sorgo-mercado-fisico-media,Sorgo - Mercado Físico,Rio Verde/GO (Comigo),,variacao_pct,0.0,"0,00",%,change_pct,,pct,spot,,GO,physical
2026-05-28,sorgo,sorgo-mercado-fisico-media,Sorgo - Mercado Físico,Rio do Sul/SC (Cravil),,preco,50.0,"50,00",R$/sc,price,BRL,sc60kg,spot,,SC,physical
2026-05-28,sorgo,sorgo-mercado-fisico-media,Sorgo - Mercado Físico,Rio do Sul/SC (Cravil),,variacao_pct,0.0,"0,00",%,change_pct,,pct,spot,,SC,physical
2026-05-29,sorgo,sorgo-mercado-fisico-media,Sorgo - Mercado Físico,Cândido Mota/SP (Coopermota),,preco,44.0,"44,00",R$/sc,price,BRL,sc60kg,spot,,SP,physical
2026-05-29,sorgo,sorgo-mercado-fisico-media,Sorgo - Mercado Físico,Cândido Mota/SP (Coopermota),,variacao_pct,0.0,"0,00",%,change_pct,,pct,spot,,SP,physical
2026-05-29,sorgo,sorgo-mercado-fisico-media,Sorgo - Mercado Físico,Jataí/GO (Sindicato Rural de Jataí),,preco,46.0,"46,00",R$/sc,price,BRL,sc60kg,spot,,GO,physical
2026-05-29,sorgo,sorgo-mercado-fisico-media,Sorgo - Mercado Físico,Jataí/GO (Sindicato Rural de Jataí),,variacao_pct,0.0,"0,00",%,change_pct,,pct,spot,,GO,physical
2026-05-29,sorgo,sorgo-mercado-fisico-media,Sorgo - Mercado Físico,Luís Eduardo Magalhães/BA,,preco,42.0,"42,00",R$/sc,price,BRL,sc60kg,spot,,BA,physical
2026-05-29,sorgo,sorgo-mercado-fisico-media,Sorgo - Mercado Físico,Luís Eduardo Magalhães/BA,,variacao_pct,0.0,"0,00",%,change_pct,,pct,spot,,BA,physical
2026-05-29,sorgo,sorgo-mercado-fisico-media,Sorgo - Mercado Físico,Média RS (Clicmercado),,preco,50.0,"50,00",R$/sc,price,BRL,sc60kg,spot,,,physical
2026-05-29,sorgo,sorgo-mercado-fisico-media,Sorgo - Mercado Físico,Média RS (Clicmercado),,variacao_pct,0.0,"0,00",%,change_pct,,pct,spot,,,physical
2026-05-29,sorgo,sorgo-mercado-fisico-media,Sorgo - Mercado Físico,Oeste da Bahia/BA (AIBA),,preco,42.17,"42,17",R$/sc,price,BRL,sc60kg,spot,,BA,physical
2026-05-29,sorgo,sorgo-mercado-fisico-media,Sorgo - Mercado Físico,Oeste da Bahia/BA (AIBA),,variacao_pct,0.0,"0,00",%,change_pct,,pct,spot,,BA,physical
2026-05-29,sorgo,sorgo-mercado-fisico-media,Sorgo - Mercado Físico,Rio Verde/GO (Comigo),,preco,46.0,"46,00",R$/sc,price,BRL,sc60kg,spot,,GO,physical
2026-05-29,sorgo,sorgo-mercado-fisico-media,Sorgo - Mercado Físico,Rio Verde/GO (Comigo),,variacao_pct,0.0,"0,00",%,change_pct,,pct,spot,,GO,physical
2026-05-29,sorgo,sorgo-mercado-fisico-media,Sorgo - Mercado Físico,Rio do Sul/SC (Cravil),,preco,50.0,"50,00",R$/sc,price,BRL,sc60kg,spot,,SC,physical
2026-05-29,sorgo,sorgo-mercado-fisico-media,Sorgo - Mercado Físico,Rio do Sul/SC (Cravil),,variacao_pct,0.0,"0,00",%,change_pct,,pct,spot,,SC,physical
2026-06-01,sorgo,sorgo-mercado-fisico-media,Sorgo - Mercado Físico,Cândido Mota/SP (Coopermota),,preco,43.2,"43,20",R$/sc,price,BRL,sc60kg,spot,,SP,physical
2026-06-01,sorgo,sorgo-mercado-fisico-media,Sorgo - Mercado Físico,Cândido Mota/SP (Coopermota),,variacao_pct,-1.82,"-1,82",%,change_pct,,pct,spot,,SP,physical
2026-06-01,sorgo,sorgo-mercado-fisico-media,Sorgo - Mercado Físico,Jataí/GO (Sindicato Rural de Jataí),,preco,46.0,"46,00",R$/sc,price,BRL,sc60kg,spot,,GO,physical
2026-06-01,sorgo,sorgo-mercado-fisico-media,Sorgo - Mercado Físico,Jataí/GO (Sindicato Rural de Jataí),,variacao_pct,0.0,"0,00",%,change_pct,,pct,spot,,GO,physical
2026-06-01,sorgo,sorgo-mercado-fisico-media,Sorgo - Mercado Físico,Luís Eduardo Magalhães/BA,,preco,42.0,"42,00",R$/sc,price,BRL,sc60kg,spot,,BA,physical
2026-06-01,sorgo,sorgo-mercado-fisico-media,Sorgo - Mercado Físico,Luís Eduardo Magalhães/BA,,variacao_pct,0.0,"0,00",%,change_pct,,pct,spot,,BA,physical
2026-06-01,sorgo,sorgo-mercado-fisico-media,Sorgo - Mercado Físico,Média RS (Clicmercado),,preco,50.0,"50,00",R$/sc,price,BRL,sc60kg,spot,,,physical
2026-06-01,sorgo,sorgo-mercado-fisico-media,Sorgo - Mercado Físico,Média RS (Clicmercado),,variacao_pct,0.0,"0,00",%,change_pct,,pct,spot,,,physical
2026-06-01,sorgo,sorgo-mercado-fisico-media,Sorgo - Mercado Físico,Oeste da Bahia/BA (AIBA),,preco,42.17,"42,17",R$/sc,price,BRL,sc60kg,spot,,BA,physical
2026-06-01,sorgo,sorgo-mercado-fisico-media,Sorgo - Mercado Físico,Oeste da Bahia/BA (AIBA),,variacao_pct,0.0,"0,00",%,change_pct,,pct,spot,,BA,physical
2026-06-01,sorgo,sorgo-mercado-fisico-media,Sorgo - Mercado Físico,Rio Verde/GO (Comigo),,preco,46.0,"46,00",R$/sc,price,BRL,sc60kg,spot,,GO,physical
2026-06-01,sorgo,sorgo-mercado-fisico-media,Sorgo - Mercado Físico,Rio Verde/GO (Comigo),,variacao_pct,0.0,"0,00",%,change_pct,,pct,spot,,GO,physical
2026-06-01,sorgo,sorgo-mercado-fisico-media,Sorgo - Mercado Físico,Rio do Sul/SC (Cravil),,preco,50.0,"50,00",R$/sc,price,BRL,sc60kg,spot,,SC,physical
2026-06-01,sorgo,sorgo-mercado-fisico-media,Sorgo - Mercado Físico,Rio do Sul/SC (Cravil),,variacao_pct,0.0,"0,00",%,change_pct,,pct,spot,,SC,physical
2026-06-02,sorgo,sorgo-mercado-fisico-media,Sorgo - Mercado Físico,Cândido Mota/SP (Coopermota),,preco,43.2,"43,20",R$/sc,price,BRL,sc60kg,spot,,SP,physical
2026-06-02,sorgo,sorgo-mercado-fisico-media,Sorgo - Mercado Físico,Cândido Mota/SP (Coopermota),,variacao_pct,0.0,"0,00",%,change_pct,,pct,spot,,SP,physical
2026-06-02,sorgo,sorgo-mercado-fisico-media,Sorgo - Mercado Físico,Jataí/GO (Sindicato Rural de Jataí),,preco,46.0,"46,00",R$/sc,price,BRL,sc60kg,spot,,GO,physical
2026-06-02,sorgo,sorgo-mercado-fisico-media,Sorgo - Mercado Físico,Jataí/GO (Sindicato Rural de Jataí),,variacao_pct,0.0,"0,00",%,change_pct,,pct,spot,,GO,physical
2026-06-02,sorgo,sorgo-mercado-fisico-media,Sorgo - Mercado Físico,Luís Eduardo Magalhães/BA,,preco,42.0,"42,00",R$/sc,price,BRL,sc60kg,spot,,BA,physical
2026-06-02,sorgo,sorgo-mercado-fisico-media,Sorgo - Mercado Físico,Luís Eduardo Magalhães/BA,,variacao_pct,0.0,"0,00",%,change_pct,,pct,spot,,BA,physical
2026-06-02,sorgo,sorgo-mercado-fisico-media,Sorgo - Mercado Físico,Média RS (Clicmercado),,preco,50.0,"50,00",R$/sc,price,BRL,sc60kg,spot,,,physical
2026-06-02,sorgo,sorgo-mercado-fisico-media,Sorgo - Mercado Físico,Média RS (Clicmercado),,variacao_pct,0.0,"0,00",%,change_pct,,pct,spot,,,physical
2026-06-02,sorgo,sorgo-mercado-fisico-media,Sorgo - Mercado Físico,Oeste da Bahia/BA (AIBA),,preco,42.5,"42,50",R$/sc,price,BRL,sc60kg,spot,,BA,physical
2026-06-02,sorgo,sorgo-mercado-fisico-media,Sorgo - Mercado Físico,Oeste da Bahia/BA (AIBA),,variacao_pct,0.78,"+0,78",%,change_pct,,pct,spot,,BA,physical
2026-06-02,sorgo,sorgo-mercado-fisico-media,Sorgo - Mercado Físico,Rio Verde/GO (Comigo),,preco,46.0,"46,00",R$/sc,price,BRL,sc60kg,spot,,GO,physical
2026-06-02,sorgo,sorgo-mercado-fisico-media,Sorgo - Mercado Físico,Rio Verde/GO (Comigo),,variacao_pct,0.0,"0,00",%,change_pct,,pct,spot,,GO,physical
2026-06-02,sorgo,sorgo-mercado-fisico-media,Sorgo - Mercado Físico,Rio do Sul/SC (Cravil),,preco,50.0,"50,00",R$/sc,price,BRL,sc60kg,spot,,SC,physical
2026-06-02,sorgo,sorgo-mercado-fisico-media,Sorgo - Mercado Físico,Rio do Sul/SC (Cravil),,variacao_pct,0.0,"0,00",%,change_pct,,pct,spot,,SC,physical
2026-06-03,sorgo,sorgo-mercado-fisico-media,Sorgo - Mercado Físico,Cândido Mota/SP (Coopermota),,preco,43.2,"43,20",R$/sc,price,BRL,sc60kg,spot,,SP,physical
2026-06-03,sorgo,sorgo-mercado-fisico-media,Sorgo - Mercado Físico,Cândido Mota/SP (Coopermota),,variacao_pct,0.0,"0,00",%,change_pct,,pct,spot,,SP,physical
2026-06-03,sorgo,sorgo-mercado-fisico-media,Sorgo - Mercado Físico,Jataí/GO (Sindicato Rural de Jataí),,preco,46.0,"46,00",R$/sc,price,BRL,sc60kg,spot,,GO,physical
2026-06-03,sorgo,sorgo-mercado-fisico-media,Sorgo - Mercado Físico,Jataí/GO (Sindicato Rural de Jataí),,variacao_pct,0.0,"0,00",%,change_pct,,pct,spot,,GO,physical
2026-06-03,sorgo,sorgo-mercado-fisico-media,Sorgo - Mercado Físico,Luís Eduardo Magalhães/BA,,preco,42.0,"42,00",R$/sc,price,BRL,sc60kg,spot,,BA,physical
2026-06-03,sorgo,sorgo-mercado-fisico-media,Sorgo - Mercado Físico,Luís Eduardo Magalhães/BA,,variacao_pct,0.0,"0,00",%,change_pct,,pct,spot,,BA,physical
2026-06-03,sorgo,sorgo-mercado-fisico-media,Sorgo - Mercado Físico,Média RS (Clicmercado),,preco,50.0,"50,00",R$/sc,price,BRL,sc60kg,spot,,,physical
2026-06-03,sorgo,sorgo-mercado-fisico-media,Sorgo - Mercado Físico,Média RS (Clicmercado),,variacao_pct,0.0,"0,00",%,change_pct,,pct,spot,,,physical
2026-06-03,sorgo,sorgo-mercado-fisico-media,Sorgo - Mercado Físico,Oeste da Bahia/BA (AIBA),,preco,42.5,"42,50",R$/sc,price,BRL,sc60kg,spot,,BA,physical
2026-06-03,sorgo,sorgo-mercado-fisico-media,Sorgo - Mercado Físico,Oeste da Bahia/BA (AIBA),,variacao_pct,0.0,"0,00",%,change_pct,,pct,spot,,BA,physical
2026-06-03,sorgo,sorgo-mercado-fisico-media,Sorgo - Mercado Físico,Rio Verde/GO (Comigo),,preco,46.0,"46,00",R$/sc,price,BRL,sc60kg,spot,,GO,physical
2026-06-03,sorgo,sorgo-mercado-fisico-media,Sorgo - Mercado Físico,Rio Verde/GO (Comigo),,variacao_pct,0.0,"0,00",%,change_pct,,pct,spot,,GO,physical
2026-06-03,sorgo,sorgo-mercado-fisico-media,Sorgo - Mercado Físico,Rio do Sul/SC (Cravil),,preco,50.0,"50,00",R$/sc,price,BRL,sc60kg,spot,,SC,physical
2026-06-03,sorgo,sorgo-mercado-fisico-media,Sorgo - Mercado Físico,Rio do Sul/SC (Cravil),,variacao_pct,0.0,"0,00",%,change_pct,,pct,spot,,SC,physical
2026-06-05,sorgo,sorgo-mercado-fisico-media,Sorgo - Mercado Físico,Cândido Mota/SP (Coopermota),,preco,43.2,"43,20",R$/sc,price,BRL,sc60kg,spot,,SP,physical
2026-06-05,sorgo,sorgo-mercado-fisico-media,Sorgo - Mercado Físico,Cândido Mota/SP (Coopermota),,variacao_pct,0.0,"0,00",%,change_pct,,pct,spot,,SP,physical
2026-06-05,sorgo,sorgo-mercado-fisico-media,Sorgo - Mercado Físico,Jataí/GO (Sindicato Rural de Jataí),,preco,,s/ cotação,R$/sc,price,BRL,sc60kg,spot,,GO,physical
2026-06-05,sorgo,sorgo-mercado-fisico-media,Sorgo - Mercado Físico,Jataí/GO (Sindicato Rural de Jataí),,variacao_pct,,-,%,change_pct,,pct,spot,,GO,physical
2026-06-05,sorgo,sorgo-mercado-fisico-media,Sorgo - Mercado Físico,Luís Eduardo Magalhães/BA,,preco,42.0,"42,00",R$/sc,price,BRL,sc60kg,spot,,BA,physical
2026-06-05,sorgo,sorgo-mercado-fisico-media,Sorgo - Mercado Físico,Luís Eduardo Magalhães/BA,,variacao_pct,0.0,"0,00",%,change_pct,,pct,spot,,BA,physical
2026-06-05,sorgo,sorgo-mercado-fisico-media,Sorgo - Mercado Físico,Média RS (Clicmercado),,preco,50.0,"50,00",R$/sc,price,BRL,sc60kg,spot,,,physical
2026-06-05,sorgo,sorgo-mercado-fisico-media,Sorgo - Mercado Físico,Média RS (Clicmercado),,variacao_pct,0.0,"0,00",%,change_pct,,pct,spot,,,physical
2026-06-05,sorgo,sorgo-mercado-fisico-media,Sorgo - Mercado Físico,Oeste da Bahia/BA (AIBA),,preco,42.5,"42,50",R$/sc,price,BRL,sc60kg,spot,,BA,physical
2026-06-05,sorgo,sorgo-mercado-fisico-media,Sorgo - Mercado Físico,Oeste da Bahia/BA (AIBA),,variacao_pct,0.0,"0,00",%,change_pct,,pct,spot,,BA,physical
2026-06-05,sorgo,sorgo-mercado-fisico-media,Sorgo - Mercado Físico,Rio Verde/GO (Comigo),,preco,44.0,"44,00",R$/sc,price,BRL,sc60kg,spot,,GO,physical
2026-06-05,sorgo,sorgo-mercado-fisico-media,Sorgo - Mercado Físico,Rio Verde/GO (Comigo),,variacao_pct,-4.35,"-4,35",%,change_pct,,pct,spot,,GO,physical
2026-06-05,sorgo,sorgo-mercado-fisico-media,Sorgo - Mercado Físico,Rio do Sul/SC (Cravil),,preco,50.0,"50,00",R$/sc,price,BRL,sc60kg,spot,,SC,physical
2026-06-05,sorgo,sorgo-mercado-fisico-media,Sorgo - Mercado Físico,Rio do Sul/SC (Cravil),,variacao_pct,,-,%,change_pct,,pct,spot,,SC,physical
2026-06-08,sorgo,sorgo-mercado-fisico-media,Sorgo - Mercado Físico,Cândido Mota/SP (Coopermota),,preco,42.4,"42,40",R$/sc,price,BRL,sc60kg,spot,,SP,physical
2026-06-08,sorgo,sorgo-mercado-fisico-media,Sorgo - Mercado Físico,Cândido Mota/SP (Coopermota),,variacao_pct,-1.85,"-1,85",%,change_pct,,pct,spot,,SP,physical
2026-06-08,sorgo,sorgo-mercado-fisico-media,Sorgo - Mercado Físico,Jataí/GO (Sindicato Rural de Jataí),,preco,44.0,"44,00",R$/sc,price,BRL,sc60kg,spot,,GO,physical
2026-06-08,sorgo,sorgo-mercado-fisico-media,Sorgo - Mercado Físico,Jataí/GO (Sindicato Rural de Jataí),,variacao_pct,,-,%,change_pct,,pct,spot,,GO,physical
2026-06-08,sorgo,sorgo-mercado-fisico-media,Sorgo - Mercado Físico,Luís Eduardo Magalhães/BA,,preco,42.0,"42,00",R$/sc,price,BRL,sc60kg,spot,,BA,physical
2026-06-08,sorgo,sorgo-mercado-fisico-media,Sorgo - Mercado Físico,Luís Eduardo Magalhães/BA,,variacao_pct,0.0,"0,00",%,change_pct,,pct,spot,,BA,physical
2026-06-08,sorgo,sorgo-mercado-fisico-media,Sorgo - Mercado Físico,Média RS (Clicmercado),,preco,50.0,"50,00",R$/sc,price,BRL,sc60kg,spot,,,physical
2026-06-08,sorgo,sorgo-mercado-fisico-media,Sorgo - Mercado Físico,Média RS (Clicmercado),,variacao_pct,0.0,"0,00",%,change_pct,,pct,spot,,,physical
2026-06-08,sorgo,sorgo-mercado-fisico-media,Sorgo - Mercado Físico,Oeste da Bahia/BA (AIBA),,preco,42.5,"42,50",R$/sc,price,BRL,sc60kg,spot,,BA,physical
2026-06-08,sorgo,sorgo-mercado-fisico-media,Sorgo - Mercado Físico,Oeste da Bahia/BA (AIBA),,variacao_pct,0.0,"0,00",%,change_pct,,pct,spot,,BA,physical
2026-06-08,sorgo,sorgo-mercado-fisico-media,Sorgo - Mercado Físico,Rio Verde/GO (Comigo),,preco,44.0,"44,00",R$/sc,price,BRL,sc60kg,spot,,GO,physical
2026-06-08,sorgo,sorgo-mercado-fisico-media,Sorgo - Mercado Físico,Rio Verde/GO (Comigo),,variacao_pct,0.0,"0,00",%,change_pct,,pct,spot,,GO,physical
2026-06-08,sorgo,sorgo-mercado-fisico-media,Sorgo - Mercado Físico,Rio do Sul/SC (Cravil),,preco,50.0,"50,00",R$/sc,price,BRL,sc60kg,spot,,SC,physical
2026-06-08,sorgo,sorgo-mercado-fisico-media,Sorgo - Mercado Físico,Rio do Sul/SC (Cravil),,variacao_pct,,-,%,change_pct,,pct,spot,,SC,physical
2026-06-09,sorgo,sorgo-mercado-fisico-media,Sorgo - Mercado Físico,Cândido Mota/SP (Coopermota),,preco,42.4,"42,40",R$/sc,price,BRL,sc60kg,spot,,SP,physical
2026-06-09,sorgo,sorgo-mercado-fisico-media,Sorgo - Mercado Físico,Cândido Mota/SP (Coopermota),,variacao_pct,0.0,"0,00",%,change_pct,,pct,spot,,SP,physical
2026-06-09,sorgo,sorgo-mercado-fisico-media,Sorgo - Mercado Físico,Jataí/GO (Sindicato Rural de Jataí),,preco,44.0,"44,00",R$/sc,price,BRL,sc60kg,spot,,GO,physical
2026-06-09,sorgo,sorgo-mercado-fisico-media,Sorgo - Mercado Físico,Jataí/GO (Sindicato Rural de Jataí),,variacao_pct,0.0,"0,00",%,change_pct,,pct,spot,,GO,physical
2026-06-09,sorgo,sorgo-mercado-fisico-media,Sorgo - Mercado Físico,Luís Eduardo Magalhães/BA,,preco,42.0,"42,00",R$/sc,price,BRL,sc60kg,spot,,BA,physical
2026-06-09,sorgo,sorgo-mercado-fisico-media,Sorgo - Mercado Físico,Luís Eduardo Magalhães/BA,,variacao_pct,0.0,"0,00",%,change_pct,,pct,spot,,BA,physical
2026-06-09,sorgo,sorgo-mercado-fisico-media,Sorgo - Mercado Físico,Média RS (Clicmercado),,preco,50.0,"50,00",R$/sc,price,BRL,sc60kg,spot,,,physical
2026-06-09,sorgo,sorgo-mercado-fisico-media,Sorgo - Mercado Físico,Média RS (Clicmercado),,variacao_pct,0.0,"0,00",%,change_pct,,pct,spot,,,physical
2026-06-09,sorgo,sorgo-mercado-fisico-media,Sorgo - Mercado Físico,Oeste da Bahia/BA (AIBA),,preco,42.5,"42,50",R$/sc,price,BRL,sc60kg,spot,,BA,physical
2026-06-09,sorgo,sorgo-mercado-fisico-media,Sorgo - Mercado Físico,Oeste da Bahia/BA (AIBA),,variacao_pct,0.0,"0,00",%,change_pct,,pct,spot,,BA,physical
2026-06-09,sorgo,sorgo-mercado-fisico-media,Sorgo - Mercado Físico,Rio Verde/GO (Comigo),,preco,44.0,"44,00",R$/sc,price,BRL,sc60kg,spot,,GO,physical
2026-06-09,sorgo,sorgo-mercado-fisico-media,Sorgo - Mercado Físico,Rio Verde/GO (Comigo),,variacao_pct,0.0,"0,00",%,change_pct,,pct,spot,,GO,physical
2026-06-09,sorgo,sorgo-mercado-fisico-media,Sorgo - Mercado Físico,Rio do Sul/SC (Cravil),,preco,50.0,"50,00",R$/sc,price,BRL,sc60kg,spot,,SC,physical
2026-06-09,sorgo,sorgo-mercado-fisico-media,Sorgo - Mercado Físico,Rio do Sul/SC (Cravil),,variacao_pct,0.0,"0,00",%,change_pct,,pct,spot,,SC,physical
2026-06-10,sorgo,sorgo-mercado-fisico-media,Sorgo - Mercado Físico,Cândido Mota/SP (Coopermota),,preco,42.4,"42,40",R$/sc,price,BRL,sc60kg,spot,,SP,physical
2026-06-10,sorgo,sorgo-mercado-fisico-media,Sorgo - Mercado Físico,Cândido Mota/SP (Coopermota),,variacao_pct,0.0,"0,00",%,change_pct,,pct,spot,,SP,physical
2026-06-10,sorgo,sorgo-mercado-fisico-media,Sorgo - Mercado Físico,Jataí/GO (Sindicato Rural de Jataí),,preco,44.0,"44,00",R$/sc,price,BRL,sc60kg,spot,,GO,physical
2026-06-10,sorgo,sorgo-mercado-fisico-media,Sorgo - Mercado Físico,Jataí/GO (Sindicato Rural de Jataí),,variacao_pct,0.0,"0,00",%,change_pct,,pct,spot,,GO,physical
2026-06-10,sorgo,sorgo-mercado-fisico-media,Sorgo - Mercado Físico,Luís Eduardo Magalhães/BA,,preco,42.0,"42,00",R$/sc,price,BRL,sc60kg,spot,,BA,physical
2026-06-10,sorgo,sorgo-mercado-fisico-media,Sorgo - Mercado Físico,Luís Eduardo Magalhães/BA,,variacao_pct,0.0,"0,00",%,change_pct,,pct,spot,,BA,physical
2026-06-10,sorgo,sorgo-mercado-fisico-media,Sorgo - Mercado Físico,Média RS (Clicmercado),,preco,50.0,"50,00",R$/sc,price,BRL,sc60kg,spot,,,physical
2026-06-10,sorgo,sorgo-mercado-fisico-media,Sorgo - Mercado Físico,Média RS (Clicmercado),,variacao_pct,0.0,"0,00",%,change_pct,,pct,spot,,,physical
2026-06-10,sorgo,sorgo-mercado-fisico-media,Sorgo - Mercado Físico,Oeste da Bahia/BA (AIBA),,preco,42.5,"42,50",R$/sc,price,BRL,sc60kg,spot,,BA,physical
2026-06-10,sorgo,sorgo-mercado-fisico-media,Sorgo - Mercado Físico,Oeste da Bahia/BA (AIBA),,variacao_pct,0.0,"0,00",%,change_pct,,pct,spot,,BA,physical
2026-06-10,sorgo,sorgo-mercado-fisico-media,Sorgo - Mercado Físico,Rio Verde/GO (Comigo),,preco,44.0,"44,00",R$/sc,price,BRL,sc60kg,spot,,GO,physical
2026-06-10,sorgo,sorgo-mercado-fisico-media,Sorgo - Mercado Físico,Rio Verde/GO (Comigo),,variacao_pct,0.0,"0,00",%,change_pct,,pct,spot,,GO,physical
2026-06-10,sorgo,sorgo-mercado-fisico-media,Sorgo - Mercado Físico,Rio do Sul/SC (Cravil),,preco,54.0,"54,00",R$/sc,price,BRL,sc60kg,spot,,SC,physical
2026-06-10,sorgo,sorgo-mercado-fisico-media,Sorgo - Mercado Físico,Rio do Sul/SC (Cravil),,variacao_pct,8.0,"+8,00",%,change_pct,,pct,spot,,SC,physical
2026-06-11,sorgo,sorgo-mercado-fisico-media,Sorgo - Mercado Físico,Cândido Mota/SP (Coopermota),,preco,41.6,"41,60",R$/sc,price,BRL,sc60kg,spot,,SP,physical
2026-06-11,sorgo,sorgo-mercado-fisico-media,Sorgo - Mercado Físico,Cândido Mota/SP (Coopermota),,variacao_pct,-1.89,"-1,89",%,change_pct,,pct,spot,,SP,physical
2026-06-11,sorgo,sorgo-mercado-fisico-media,Sorgo - Mercado Físico,Jataí/GO (Sindicato Rural de Jataí),,preco,44.0,"44,00",R$/sc,price,BRL,sc60kg,spot,,GO,physical
2026-06-11,sorgo,sorgo-mercado-fisico-media,Sorgo - Mercado Físico,Jataí/GO (Sindicato Rural de Jataí),,variacao_pct,0.0,"0,00",%,change_pct,,pct,spot,,GO,physical
2026-06-11,sorgo,sorgo-mercado-fisico-media,Sorgo - Mercado Físico,Luís Eduardo Magalhães/BA,,preco,42.0,"42,00",R$/sc,price,BRL,sc60kg,spot,,BA,physical
2026-06-11,sorgo,sorgo-mercado-fisico-media,Sorgo - Mercado Físico,Luís Eduardo Magalhães/BA,,variacao_pct,0.0,"0,00",%,change_pct,,pct,spot,,BA,physical
2026-06-11,sorgo,sorgo-mercado-fisico-media,Sorgo - Mercado Físico,Média RS (Clicmercado),,preco,50.0,"50,00",R$/sc,price,BRL,sc60kg,spot,,,physical
2026-06-11,sorgo,sorgo-mercado-fisico-media,Sorgo - Mercado Físico,Média RS (Clicmercado),,variacao_pct,0.0,"0,00",%,change_pct,,pct,spot,,,physical
2026-06-11,sorgo,sorgo-mercado-fisico-media,Sorgo - Mercado Físico,Oeste da Bahia/BA (AIBA),,preco,42.5,"42,50",R$/sc,price,BRL,sc60kg,spot,,BA,physical
2026-06-11,sorgo,sorgo-mercado-fisico-media,Sorgo - Mercado Físico,Oeste da Bahia/BA (AIBA),,variacao_pct,0.0,"0,00",%,change_pct,,pct,spot,,BA,physical
2026-06-11,sorgo,sorgo-mercado-fisico-media,Sorgo - Mercado Físico,Rio Verde/GO (Comigo),,preco,44.0,"44,00",R$/sc,price,BRL,sc60kg,spot,,GO,physical
2026-06-11,sorgo,sorgo-mercado-fisico-media,Sorgo - Mercado Físico,Rio Verde/GO (Comigo),,variacao_pct,0.0,"0,00",%,change_pct,,pct,spot,,GO,physical
2026-06-11,sorgo,sorgo-mercado-fisico-media,Sorgo - Mercado Físico,Rio do Sul/SC (Cravil),,preco,54.0,"54,00",R$/sc,price,BRL,sc60kg,spot,,SC,physical
2026-06-11,sorgo,sorgo-mercado-fisico-media,Sorgo - Mercado Físico,Rio do Sul/SC (Cravil),,variacao_pct,0.0,"0,00",%,change_pct,,pct,spot,,SC,physical
2026-06-12,sorgo,sorgo-mercado-fisico-media,Sorgo - Mercado Físico,Cândido Mota/SP (Coopermota),,preco,41.6,"41,60",R$/sc,price,BRL,sc60kg,spot,,SP,physical
2026-06-12,sorgo,sorgo-mercado-fisico-media,Sorgo - Mercado Físico,Cândido Mota/SP (Coopermota),,variacao_pct,0.0,"0,00",%,change_pct,,pct,spot,,SP,physical
2026-06-12,sorgo,sorgo-mercado-fisico-media,Sorgo - Mercado Físico,Jataí/GO (Sindicato Rural de Jataí),,preco,44.0,"44,00",R$/sc,price,BRL,sc60kg,spot,,GO,physical
2026-06-12,sorgo,sorgo-mercado-fisico-media,Sorgo - Mercado Físico,Jataí/GO (Sindicato Rural de Jataí),,variacao_pct,0.0,"0,00",%,change_pct,,pct,spot,,GO,physical
2026-06-12,sorgo,sorgo-mercado-fisico-media,Sorgo - Mercado Físico,Luís Eduardo Magalhães/BA,,preco,42.0,"42,00",R$/sc,price,BRL,sc60kg,spot,,BA,physical
2026-06-12,sorgo,sorgo-mercado-fisico-media,Sorgo - Mercado Físico,Luís Eduardo Magalhães/BA,,variacao_pct,0.0,"0,00",%,change_pct,,pct,spot,,BA,physical
2026-06-12,sorgo,sorgo-mercado-fisico-media,Sorgo - Mercado Físico,Média RS (Clicmercado),,preco,50.0,"50,00",R$/sc,price,BRL,sc60kg,spot,,,physical
2026-06-12,sorgo,sorgo-mercado-fisico-media,Sorgo - Mercado Físico,Média RS (Clicmercado),,variacao_pct,0.0,"0,00",%,change_pct,,pct,spot,,,physical
2026-06-12,sorgo,sorgo-mercado-fisico-media,Sorgo - Mercado Físico,Oeste da Bahia/BA (AIBA),,preco,42.5,"42,50",R$/sc,price,BRL,sc60kg,spot,,BA,physical
2026-06-12,sorgo,sorgo-mercado-fisico-media,Sorgo - Mercado Físico,Oeste da Bahia/BA (AIBA),,variacao_pct,0.0,"0,00",%,change_pct,,pct,spot,,BA,physical
2026-06-12,sorgo,sorgo-mercado-fisico-media,Sorgo - Mercado Físico,Rio Verde/GO (Comigo),,preco,44.0,"44,00",R$/sc,price,BRL,sc60kg,spot,,GO,physical
2026-06-12,sorgo,sorgo-mercado-fisico-media,Sorgo - Mercado Físico,Rio Verde/GO (Comigo),,variacao_pct,0.0,"0,00",%,change_pct,,pct,spot,,GO,physical
2026-06-12,sorgo,sorgo-mercado-fisico-media,Sorgo - Mercado Físico,Rio do Sul/SC (Cravil),,preco,54.0,"54,00",R$/sc,price,BRL,sc60kg,spot,,SC,physical
2026-06-12,sorgo,sorgo-mercado-fisico-media,Sorgo - Mercado Físico,Rio do Sul/SC (Cravil),,variacao_pct,0.0,"0,00",%,change_pct,,pct,spot,,SC,physical
2026-06-15,sorgo,sorgo-mercado-fisico-media,Sorgo - Mercado Físico,Cândido Mota/SP (Coopermota),,preco,41.6,"41,60",R$/sc,price,BRL,sc60kg,spot,,SP,physical
2026-06-15,sorgo,sorgo-mercado-fisico-media,Sorgo - Mercado Físico,Cândido Mota/SP (Coopermota),,variacao_pct,0.0,"0,00",%,change_pct,,pct,spot,,SP,physical
2026-06-15,sorgo,sorgo-mercado-fisico-media,Sorgo - Mercado Físico,Jataí/GO (Sindicato Rural de Jataí),,preco,44.0,"44,00",R$/sc,price,BRL,sc60kg,spot,,GO,physical
2026-06-15,sorgo,sorgo-mercado-fisico-media,Sorgo - Mercado Físico,Jataí/GO (Sindicato Rural de Jataí),,variacao_pct,0.0,"0,00",%,change_pct,,pct,spot,,GO,physical
2026-06-15,sorgo,sorgo-mercado-fisico-media,Sorgo - Mercado Físico,Luís Eduardo Magalhães/BA,,preco,42.0,"42,00",R$/sc,price,BRL,sc60kg,spot,,BA,physical
2026-06-15,sorgo,sorgo-mercado-fisico-media,Sorgo - Mercado Físico,Luís Eduardo Magalhães/BA,,variacao_pct,0.0,"0,00",%,change_pct,,pct,spot,,BA,physical
2026-06-15,sorgo,sorgo-mercado-fisico-media,Sorgo - Mercado Físico,Média RS (Clicmercado),,preco,50.0,"50,00",R$/sc,price,BRL,sc60kg,spot,,,physical
2026-06-15,sorgo,sorgo-mercado-fisico-media,Sorgo - Mercado Físico,Média RS (Clicmercado),,variacao_pct,0.0,"0,00",%,change_pct,,pct,spot,,,physical
2026-06-15,sorgo,sorgo-mercado-fisico-media,Sorgo - Mercado Físico,Oeste da Bahia/BA (AIBA),,preco,42.5,"42,50",R$/sc,price,BRL,sc60kg,spot,,BA,physical
2026-06-15,sorgo,sorgo-mercado-fisico-media,Sorgo - Mercado Físico,Oeste da Bahia/BA (AIBA),,variacao_pct,0.0,"0,00",%,change_pct,,pct,spot,,BA,physical
2026-06-15,sorgo,sorgo-mercado-fisico-media,Sorgo - Mercado Físico,Rio Verde/GO (Comigo),,preco,44.0,"44,00",R$/sc,price,BRL,sc60kg,spot,,GO,physical
2026-06-15,sorgo,sorgo-mercado-fisico-media,Sorgo - Mercado Físico,Rio Verde/GO (Comigo),,variacao_pct,0.0,"0,00",%,change_pct,,pct,spot,,GO,physical
2026-06-15,sorgo,sorgo-mercado-fisico-media,Sorgo - Mercado Físico,Rio do Sul/SC (Cravil),,preco,54.0,"54,00",R$/sc,price,BRL,sc60kg,spot,,SC,physical
2026-06-15,sorgo,sorgo-mercado-fisico-media,Sorgo - Mercado Físico,Rio do Sul/SC (Cravil),,variacao_pct,0.0,"0,00",%,change_pct,,pct,spot,,SC,physical
2026-06-16,sorgo,sorgo-mercado-fisico-media,Sorgo - Mercado Físico,Cândido Mota/SP (Coopermota),,preco,41.2,"41,20",R$/sc,price,BRL,sc60kg,spot,,SP,physical
2026-06-16,sorgo,sorgo-mercado-fisico-media,Sorgo - Mercado Físico,Cândido Mota/SP (Coopermota),,variacao_pct,-0.96,"-0,96",%,change_pct,,pct,spot,,SP,physical
2026-06-16,sorgo,sorgo-mercado-fisico-media,Sorgo - Mercado Físico,Jataí/GO (Sindicato Rural de Jataí),,preco,45.0,"45,00",R$/sc,price,BRL,sc60kg,spot,,GO,physical
2026-06-16,sorgo,sorgo-mercado-fisico-media,Sorgo - Mercado Físico,Jataí/GO (Sindicato Rural de Jataí),,variacao_pct,2.27,"+2,27",%,change_pct,,pct,spot,,GO,physical
2026-06-16,sorgo,sorgo-mercado-fisico-media,Sorgo - Mercado Físico,Luís Eduardo Magalhães/BA,,preco,42.0,"42,00",R$/sc,price,BRL,sc60kg,spot,,BA,physical
2026-06-16,sorgo,sorgo-mercado-fisico-media,Sorgo - Mercado Físico,Luís Eduardo Magalhães/BA,,variacao_pct,0.0,"0,00",%,change_pct,,pct,spot,,BA,physical
2026-06-16,sorgo,sorgo-mercado-fisico-media,Sorgo - Mercado Físico,Média RS (Clicmercado),,preco,50.0,"50,00",R$/sc,price,BRL,sc60kg,spot,,,physical
2026-06-16,sorgo,sorgo-mercado-fisico-media,Sorgo - Mercado Físico,Média RS (Clicmercado),,variacao_pct,0.0,"0,00",%,change_pct,,pct,spot,,,physical
2026-06-16,sorgo,sorgo-mercado-fisico-media,Sorgo - Mercado Físico,Oeste da Bahia/BA (AIBA),,preco,42.5,"42,50",R$/sc,price,BRL,sc60kg,spot,,BA,physical
2026-06-16,sorgo,sorgo-mercado-fisico-media,Sorgo - Mercado Físico,Oeste da Bahia/BA (AIBA),,variacao_pct,0.0,"0,00",%,change_pct,,pct,spot,,BA,physical
2026-06-16,sorgo,sorgo-mercado-fisico-media,Sorgo - Mercado Físico,Rio Verde/GO (Comigo),,preco,45.0,"45,00",R$/sc,price,BRL,sc60kg,spot,,GO,physical
2026-06-16,sorgo,sorgo-mercado-fisico-media,Sorgo - Mercado Físico,Rio Verde/GO (Comigo),,variacao_pct,2.27,"+2,27",%,change_pct,,pct,spot,,GO,physical
2026-06-16,sorgo,sorgo-mercado-fisico-media,Sorgo - Mercado Físico,Rio do Sul/SC (Cravil),,preco,54.0,"54,00",R$/sc,price,BRL,sc60kg,spot,,SC,physical
2026-06-16,sorgo,sorgo-mercado-fisico-media,Sorgo - Mercado Físico,Rio do Sul/SC (Cravil),,variacao_pct,0.0,"0,00",%,change_pct,,pct,spot,,SC,physical
2026-06-17,sorgo,sorgo-mercado-fisico-media,Sorgo - Mercado Físico,Cândido Mota/SP (Coopermota),,preco,41.2,"41,20",R$/sc,price,BRL,sc60kg,spot,,SP,physical
2026-06-17,sorgo,sorgo-mercado-fisico-media,Sorgo - Mercado Físico,Cândido Mota/SP (Coopermota),,variacao_pct,0.0,"0,00",%,change_pct,,pct,spot,,SP,physical
2026-06-17,sorgo,sorgo-mercado-fisico-media,Sorgo - Mercado Físico,Jataí/GO (Sindicato Rural de Jataí),,preco,45.0,"45,00",R$/sc,price,BRL,sc60kg,spot,,GO,physical
2026-06-17,sorgo,sorgo-mercado-fisico-media,Sorgo - Mercado Físico,Jataí/GO (Sindicato Rural de Jataí),,variacao_pct,0.0,"0,00",%,change_pct,,pct,spot,,GO,physical
2026-06-17,sorgo,sorgo-mercado-fisico-media,Sorgo - Mercado Físico,Luís Eduardo Magalhães/BA,,preco,42.0,"42,00",R$/sc,price,BRL,sc60kg,spot,,BA,physical
2026-06-17,sorgo,sorgo-mercado-fisico-media,Sorgo - Mercado Físico,Luís Eduardo Magalhães/BA,,variacao_pct,0.0,"0,00",%,change_pct,,pct,spot,,BA,physical
2026-06-17,sorgo,sorgo-mercado-fisico-media,Sorgo - Mercado Físico,Média RS (Clicmercado),,preco,50.0,"50,00",R$/sc,price,BRL,sc60kg,spot,,,physical
2026-06-17,sorgo,sorgo-mercado-fisico-media,Sorgo - Mercado Físico,Média RS (Clicmercado),,variacao_pct,0.0,"0,00",%,change_pct,,pct,spot,,,physical
2026-06-17,sorgo,sorgo-mercado-fisico-media,Sorgo - Mercado Físico,Oeste da Bahia/BA (AIBA),,preco,43.17,"43,17",R$/sc,price,BRL,sc60kg,spot,,BA,physical
2026-06-17,sorgo,sorgo-mercado-fisico-media,Sorgo - Mercado Físico,Oeste da Bahia/BA (AIBA),,variacao_pct,1.58,"+1,58",%,change_pct,,pct,spot,,BA,physical
2026-06-17,sorgo,sorgo-mercado-fisico-media,Sorgo - Mercado Físico,Rio Verde/GO (Comigo),,preco,45.0,"45,00",R$/sc,price,BRL,sc60kg,spot,,GO,physical
2026-06-17,sorgo,sorgo-mercado-fisico-media,Sorgo - Mercado Físico,Rio Verde/GO (Comigo),,variacao_pct,0.0,"0,00",%,change_pct,,pct,spot,,GO,physical
2026-06-17,sorgo,sorgo-mercado-fisico-media,Sorgo - Mercado Físico,Rio do Sul/SC (Cravil),,preco,54.0,"54,00",R$/sc,price,BRL,sc60kg,spot,,SC,physical
2026-06-17,sorgo,sorgo-mercado-fisico-media,Sorgo - Mercado Físico,Rio do Sul/SC (Cravil),,variacao_pct,0.0,"0,00",%,change_pct,,pct,spot,,SC,physical
2026-06-18,sorgo,sorgo-mercado-fisico-media,Sorgo - Mercado Físico,Cândido Mota/SP (Coopermota),,preco,41.2,"41,20",R$/sc,price,BRL,sc60kg,spot,,SP,physical
2026-06-18,sorgo,sorgo-mercado-fisico-media,Sorgo - Mercado Físico,Cândido Mota/SP (Coopermota),,variacao_pct,0.0,"0,00",%,change_pct,,pct,spot,,SP,physical
2026-06-18,sorgo,sorgo-mercado-fisico-media,Sorgo - Mercado Físico,Jataí/GO (Sindicato Rural de Jataí),,preco,45.0,"45,00",R$/sc,price,BRL,sc60kg,spot,,GO,physical
2026-06-18,sorgo,sorgo-mercado-fisico-media,Sorgo - Mercado Físico,Jataí/GO (Sindicato Rural de Jataí),,variacao_pct,0.0,"0,00",%,change_pct,,pct,spot,,GO,physical
2026-06-18,sorgo,sorgo-mercado-fisico-media,Sorgo - Mercado Físico,Luís Eduardo Magalhães/BA,,preco,42.0,"42,00",R$/sc,price,BRL,sc60kg,spot,,BA,physical
2026-06-18,sorgo,sorgo-mercado-fisico-media,Sorgo - Mercado Físico,Luís Eduardo Magalhães/BA,,variacao_pct,0.0,"0,00",%,change_pct,,pct,spot,,BA,physical
2026-06-18,sorgo,sorgo-mercado-fisico-media,Sorgo - Mercado Físico,Média RS (Clicmercado),,preco,50.0,"50,00",R$/sc,price,BRL,sc60kg,spot,,,physical
2026-06-18,sorgo,sorgo-mercado-fisico-media,Sorgo - Mercado Físico,Média RS (Clicmercado),,variacao_pct,0.0,"0,00",%,change_pct,,pct,spot,,,physical
2026-06-18,sorgo,sorgo-mercado-fisico-media,Sorgo - Mercado Físico,Oeste da Bahia/BA (AIBA),,preco,43.17,"43,17",R$/sc,price,BRL,sc60kg,spot,,BA,physical
2026-06-18,sorgo,sorgo-mercado-fisico-media,Sorgo - Mercado Físico,Oeste da Bahia/BA (AIBA),,variacao_pct,0.0,"0,00",%,change_pct,,pct,spot,,BA,physical
2026-06-18,sorgo,sorgo-mercado-fisico-media,Sorgo - Mercado Físico,Rio Verde/GO (Comigo),,preco,45.0,"45,00",R$/sc,price,BRL,sc60kg,spot,,GO,physical
2026-06-18,sorgo,sorgo-mercado-fisico-media,Sorgo - Mercado Físico,Rio Verde/GO (Comigo),,variacao_pct,0.0,"0,00",%,change_pct,,pct,spot,,GO,physical
2026-06-18,sorgo,sorgo-mercado-fisico-media,Sorgo - Mercado Físico,Rio do Sul/SC (Cravil),,preco,54.0,"54,00",R$/sc,price,BRL,sc60kg,spot,,SC,physical
2026-06-18,sorgo,sorgo-mercado-fisico-media,Sorgo - Mercado Físico,Rio do Sul/SC (Cravil),,variacao_pct,0.0,"0,00",%,change_pct,,pct,spot,,SC,physical
2026-06-19,sorgo,sorgo-mercado-fisico-media,Sorgo - Mercado Físico,Cândido Mota/SP (Coopermota),,preco,41.6,"41,60",R$/sc,price,BRL,sc60kg,spot,,SP,physical
2026-06-19,sorgo,sorgo-mercado-fisico-media,Sorgo - Mercado Físico,Cândido Mota/SP (Coopermota),,variacao_pct,0.97,"+0,97",%,change_pct,,pct,spot,,SP,physical
2026-06-19,sorgo,sorgo-mercado-fisico-media,Sorgo - Mercado Físico,Jataí/GO (Sindicato Rural de Jataí),,preco,45.0,"45,00",R$/sc,price,BRL,sc60kg,spot,,GO,physical
2026-06-19,sorgo,sorgo-mercado-fisico-media,Sorgo - Mercado Físico,Jataí/GO (Sindicato Rural de Jataí),,variacao_pct,,-,%,change_pct,,pct,spot,,GO,physical
2026-06-19,sorgo,sorgo-mercado-fisico-media,Sorgo - Mercado Físico,Luís Eduardo Magalhães/BA,,preco,42.0,"42,00",R$/sc,price,BRL,sc60kg,spot,,BA,physical
2026-06-19,sorgo,sorgo-mercado-fisico-media,Sorgo - Mercado Físico,Luís Eduardo Magalhães/BA,,variacao_pct,0.0,"0,00",%,change_pct,,pct,spot,,BA,physical
2026-06-19,sorgo,sorgo-mercado-fisico-media,Sorgo - Mercado Físico,Média RS (Clicmercado),,preco,50.0,"50,00",R$/sc,price,BRL,sc60kg,spot,,,physical
2026-06-19,sorgo,sorgo-mercado-fisico-media,Sorgo - Mercado Físico,Média RS (Clicmercado),,variacao_pct,0.0,"0,00",%,change_pct,,pct,spot,,,physical
2026-06-19,sorgo,sorgo-mercado-fisico-media,Sorgo - Mercado Físico,Oeste da Bahia/BA (AIBA),,preco,43.17,"43,17",R$/sc,price,BRL,sc60kg,spot,,BA,physical
2026-06-19,sorgo,sorgo-mercado-fisico-media,Sorgo - Mercado Físico,Oeste da Bahia/BA (AIBA),,variacao_pct,0.0,"0,00",%,change_pct,,pct,spot,,BA,physical
2026-06-19,sorgo,sorgo-mercado-fisico-media,Sorgo - Mercado Físico,Rio Verde/GO (Comigo),,preco,45.0,"45,00",R$/sc,price,BRL,sc60kg,spot,,GO,physical
2026-06-19,sorgo,sorgo-mercado-fisico-media,Sorgo - Mercado Físico,Rio Verde/GO (Comigo),,variacao_pct,,-,%,change_pct,,pct,spot,,GO,physical
2026-06-19,sorgo,sorgo-mercado-fisico-media,Sorgo - Mercado Físico,Rio do Sul/SC (Cravil),,preco,54.0,"54,00",R$/sc,price,BRL,sc60kg,spot,,SC,physical
2026-06-19,sorgo,sorgo-mercado-fisico-media,Sorgo - Mercado Físico,Rio do Sul/SC (Cravil),,variacao_pct,0.0,"0,00",%,change_pct,,pct,spot,,SC,physical
2026-06-22,sorgo,sorgo-mercado-fisico-media,Sorgo - Mercado Físico,Cândido Mota/SP (Coopermota),,preco,41.6,"41,60",R$/sc,price,BRL,sc60kg,spot,,SP,physical
2026-06-22,sorgo,sorgo-mercado-fisico-media,Sorgo - Mercado Físico,Cândido Mota/SP (Coopermota),,variacao_pct,0.0,"0,00",%,change_pct,,pct,spot,,SP,physical
2026-06-22,sorgo,sorgo-mercado-fisico-media,Sorgo - Mercado Físico,Jataí/GO (Sindicato Rural de Jataí),,preco,45.0,"45,00",R$/sc,price,BRL,sc60kg,spot,,GO,physical
2026-06-22,sorgo,sorgo-mercado-fisico-media,Sorgo - Mercado Físico,Jataí/GO (Sindicato Rural de Jataí),,variacao_pct,0.0,"0,00",%,change_pct,,pct,spot,,GO,physical
2026-06-22,sorgo,sorgo-mercado-fisico-media,Sorgo - Mercado Físico,Luís Eduardo Magalhães/BA,,preco,42.0,"42,00",R$/sc,price,BRL,sc60kg,spot,,BA,physical
2026-06-22,sorgo,sorgo-mercado-fisico-media,Sorgo - Mercado Físico,Luís Eduardo Magalhães/BA,,variacao_pct,0.0,"0,00",%,change_pct,,pct,spot,,BA,physical
2026-06-22,sorgo,sorgo-mercado-fisico-media,Sorgo - Mercado Físico,Média RS (Clicmercado),,preco,50.0,"50,00",R$/sc,price,BRL,sc60kg,spot,,,physical
2026-06-22,sorgo,sorgo-mercado-fisico-media,Sorgo - Mercado Físico,Média RS (Clicmercado),,variacao_pct,0.0,"0,00",%,change_pct,,pct,spot,,,physical
2026-06-22,sorgo,sorgo-mercado-fisico-media,Sorgo - Mercado Físico,Oeste da Bahia/BA (AIBA),,preco,42.83,"42,83",R$/sc,price,BRL,sc60kg,spot,,BA,physical
2026-06-22,sorgo,sorgo-mercado-fisico-media,Sorgo - Mercado Físico,Oeste da Bahia/BA (AIBA),,variacao_pct,-0.79,"-0,79",%,change_pct,,pct,spot,,BA,physical
2026-06-22,sorgo,sorgo-mercado-fisico-media,Sorgo - Mercado Físico,Rio Verde/GO (Comigo),,preco,45.0,"45,00",R$/sc,price,BRL,sc60kg,spot,,GO,physical
2026-06-22,sorgo,sorgo-mercado-fisico-media,Sorgo - Mercado Físico,Rio Verde/GO (Comigo),,variacao_pct,0.0,"0,00",%,change_pct,,pct,spot,,GO,physical
2026-06-22,sorgo,sorgo-mercado-fisico-media,Sorgo - Mercado Físico,Rio do Sul/SC (Cravil),,preco,54.0,"54,00",R$/sc,price,BRL,sc60kg,spot,,SC,physical
2026-06-22,sorgo,sorgo-mercado-fisico-media,Sorgo - Mercado Físico,Rio do Sul/SC (Cravil),,variacao_pct,0.0,"0,00",%,change_pct,,pct,spot,,SC,physical
2026-06-23,sorgo,sorgo-mercado-fisico-media,Sorgo - Mercado Físico,Cândido Mota/SP (Coopermota),,preco,41.6,"41,60",R$/sc,price,BRL,sc60kg,spot,,SP,physical
2026-06-23,sorgo,sorgo-mercado-fisico-media,Sorgo - Mercado Físico,Cândido Mota/SP (Coopermota),,variacao_pct,0.0,"0,00",%,change_pct,,pct,spot,,SP,physical
2026-06-23,sorgo,sorgo-mercado-fisico-media,Sorgo - Mercado Físico,Jataí/GO (Sindicato Rural de Jataí),,preco,45.0,"45,00",R$/sc,price,BRL,sc60kg,spot,,GO,physical
2026-06-23,sorgo,sorgo-mercado-fisico-media,Sorgo - Mercado Físico,Jataí/GO (Sindicato Rural de Jataí),,variacao_pct,0.0,"0,00",%,change_pct,,pct,spot,,GO,physical
2026-06-23,sorgo,sorgo-mercado-fisico-media,Sorgo - Mercado Físico,Luís Eduardo Magalhães/BA,,preco,42.0,"42,00",R$/sc,price,BRL,sc60kg,spot,,BA,physical
2026-06-23,sorgo,sorgo-mercado-fisico-media,Sorgo - Mercado Físico,Luís Eduardo Magalhães/BA,,variacao_pct,0.0,"0,00",%,change_pct,,pct,spot,,BA,physical
2026-06-23,sorgo,sorgo-mercado-fisico-media,Sorgo - Mercado Físico,Média RS (Clicmercado),,preco,50.0,"50,00",R$/sc,price,BRL,sc60kg,spot,,,physical
2026-06-23,sorgo,sorgo-mercado-fisico-media,Sorgo - Mercado Físico,Média RS (Clicmercado),,variacao_pct,0.0,"0,00",%,change_pct,,pct,spot,,,physical
2026-06-23,sorgo,sorgo-mercado-fisico-media,Sorgo - Mercado Físico,Oeste da Bahia/BA (AIBA),,preco,42.83,"42,83",R$/sc,price,BRL,sc60kg,spot,,BA,physical
2026-06-23,sorgo,sorgo-mercado-fisico-media,Sorgo - Mercado Físico,Oeste da Bahia/BA (AIBA),,variacao_pct,0.0,"0,00",%,change_pct,,pct,spot,,BA,physical
2026-06-23,sorgo,sorgo-mercado-fisico-media,Sorgo - Mercado Físico,Rio Verde/GO (Comigo),,preco,45.0,"45,00",R$/sc,price,BRL,sc60kg,spot,,GO,physical
2026-06-23,sorgo,sorgo-mercado-fisico-media,Sorgo - Mercado Físico,Rio Verde/GO (Comigo),,variacao_pct,0.0,"0,00",%,change_pct,,pct,spot,,GO,physical
2026-06-23,sorgo,sorgo-mercado-fisico-media,Sorgo - Mercado Físico,Rio do Sul/SC (Cravil),,preco,54.0,"54,00",R$/sc,price,BRL,sc60kg,spot,,SC,physical
2026-06-23,sorgo,sorgo-mercado-fisico-media,Sorgo - Mercado Físico,Rio do Sul/SC (Cravil),,variacao_pct,0.0,"0,00",%,change_pct,,pct,spot,,SC,physical
2026-06-24,sorgo,sorgo-mercado-fisico-media,Sorgo - Mercado Físico,Cândido Mota/SP (Coopermota),,preco,41.6,"41,60",R$/sc,price,BRL,sc60kg,spot,,SP,physical
2026-06-24,sorgo,sorgo-mercado-fisico-media,Sorgo - Mercado Físico,Cândido Mota/SP (Coopermota),,variacao_pct,0.0,"0,00",%,change_pct,,pct,spot,,SP,physical
2026-06-24,sorgo,sorgo-mercado-fisico-media,Sorgo - Mercado Físico,Jataí/GO (Sindicato Rural de Jataí),,preco,45.0,"45,00",R$/sc,price,BRL,sc60kg,spot,,GO,physical
2026-06-24,sorgo,sorgo-mercado-fisico-media,Sorgo - Mercado Físico,Jataí/GO (Sindicato Rural de Jataí),,variacao_pct,0.0,"0,00",%,change_pct,,pct,spot,,GO,physical
2026-06-24,sorgo,sorgo-mercado-fisico-media,Sorgo - Mercado Físico,Luís Eduardo Magalhães/BA,,preco,42.0,"42,00",R$/sc,price,BRL,sc60kg,spot,,BA,physical
2026-06-24,sorgo,sorgo-mercado-fisico-media,Sorgo - Mercado Físico,Luís Eduardo Magalhães/BA,,variacao_pct,0.0,"0,00",%,change_pct,,pct,spot,,BA,physical
2026-06-24,sorgo,sorgo-mercado-fisico-media,Sorgo - Mercado Físico,Média RS (Clicmercado),,preco,50.0,"50,00",R$/sc,price,BRL,sc60kg,spot,,,physical
2026-06-24,sorgo,sorgo-mercado-fisico-media,Sorgo - Mercado Físico,Média RS (Clicmercado),,variacao_pct,0.0,"0,00",%,change_pct,,pct,spot,,,physical
2026-06-24,sorgo,sorgo-mercado-fisico-media,Sorgo - Mercado Físico,Oeste da Bahia/BA (AIBA),,preco,42.83,"42,83",R$/sc,price,BRL,sc60kg,spot,,BA,physical
2026-06-24,sorgo,sorgo-mercado-fisico-media,Sorgo - Mercado Físico,Oeste da Bahia/BA (AIBA),,variacao_pct,0.0,"0,00",%,change_pct,,pct,spot,,BA,physical
2026-06-24,sorgo,sorgo-mercado-fisico-media,Sorgo - Mercado Físico,Rio Verde/GO (Comigo),,preco,45.0,"45,00",R$/sc,price,BRL,sc60kg,spot,,GO,physical
2026-06-24,sorgo,sorgo-mercado-fisico-media,Sorgo - Mercado Físico,Rio Verde/GO (Comigo),,variacao_pct,0.0,"0,00",%,change_pct,,pct,spot,,GO,physical
2026-06-24,sorgo,sorgo-mercado-fisico-media,Sorgo - Mercado Físico,Rio do Sul/SC (Cravil),,preco,54.0,"54,00",R$/sc,price,BRL,sc60kg,spot,,SC,physical
2026-06-24,sorgo,sorgo-mercado-fisico-media,Sorgo - Mercado Físico,Rio do Sul/SC (Cravil),,variacao_pct,0.0,"0,00",%,change_pct,,pct,spot,,SC,physical
2026-06-25,sorgo,sorgo-mercado-fisico-media,Sorgo - Mercado Físico,Cândido Mota/SP (Coopermota),,preco,41.6,"41,60",R$/sc,price,BRL,sc60kg,spot,,SP,physical
2026-06-25,sorgo,sorgo-mercado-fisico-media,Sorgo - Mercado Físico,Cândido Mota/SP (Coopermota),,variacao_pct,0.0,"0,00",%,change_pct,,pct,spot,,SP,physical
2026-06-25,sorgo,sorgo-mercado-fisico-media,Sorgo - Mercado Físico,Jataí/GO (Sindicato Rural de Jataí),,preco,45.0,"45,00",R$/sc,price,BRL,sc60kg,spot,,GO,physical
2026-06-25,sorgo,sorgo-mercado-fisico-media,Sorgo - Mercado Físico,Jataí/GO (Sindicato Rural de Jataí),,variacao_pct,0.0,"0,00",%,change_pct,,pct,spot,,GO,physical
2026-06-25,sorgo,sorgo-mercado-fisico-media,Sorgo - Mercado Físico,Luís Eduardo Magalhães/BA,,preco,42.0,"42,00",R$/sc,price,BRL,sc60kg,spot,,BA,physical
2026-06-25,sorgo,sorgo-mercado-fisico-media,Sorgo - Mercado Físico,Luís Eduardo Magalhães/BA,,variacao_pct,0.0,"0,00",%,change_pct,,pct,spot,,BA,physical
2026-06-25,sorgo,sorgo-mercado-fisico-media,Sorgo - Mercado Físico,Média RS (Clicmercado),,preco,50.0,"50,00",R$/sc,price,BRL,sc60kg,spot,,,physical
2026-06-25,sorgo,sorgo-mercado-fisico-media,Sorgo - Mercado Físico,Média RS (Clicmercado),,variacao_pct,0.0,"0,00",%,change_pct,,pct,spot,,,physical
2026-06-25,sorgo,sorgo-mercado-fisico-media,Sorgo - Mercado Físico,Oeste da Bahia/BA (AIBA),,preco,44.17,"44,17",R$/sc,price,BRL,sc60kg,spot,,BA,physical
2026-06-25,sorgo,sorgo-mercado-fisico-media,Sorgo - Mercado Físico,Oeste da Bahia/BA (AIBA),,variacao_pct,3.13,"+3,13",%,change_pct,,pct,spot,,BA,physical
2026-06-25,sorgo,sorgo-mercado-fisico-media,Sorgo - Mercado Físico,Rio Verde/GO (Comigo),,preco,45.0,"45,00",R$/sc,price,BRL,sc60kg,spot,,GO,physical
2026-06-25,sorgo,sorgo-mercado-fisico-media,Sorgo - Mercado Físico,Rio Verde/GO (Comigo),,variacao_pct,0.0,"0,00",%,change_pct,,pct,spot,,GO,physical
2026-06-25,sorgo,sorgo-mercado-fisico-media,Sorgo - Mercado Físico,Rio do Sul/SC (Cravil),,preco,54.0,"54,00",R$/sc,price,BRL,sc60kg,spot,,SC,physical
2026-06-25,sorgo,sorgo-mercado-fisico-media,Sorgo - Mercado Físico,Rio do Sul/SC (Cravil),,variacao_pct,0.0,"0,00",%,change_pct,,pct,spot,,SC,physical
2026-06-26,sorgo,sorgo-mercado-fisico-media,Sorgo - Mercado Físico,Cândido Mota/SP (Coopermota),,preco,42.4,"42,40",R$/sc,price,BRL,sc60kg,spot,,SP,physical
2026-06-26,sorgo,sorgo-mercado-fisico-media,Sorgo - Mercado Físico,Cândido Mota/SP (Coopermota),,variacao_pct,1.92,"+1,92",%,change_pct,,pct,spot,,SP,physical
2026-06-26,sorgo,sorgo-mercado-fisico-media,Sorgo - Mercado Físico,Jataí/GO (Sindicato Rural de Jataí),,preco,45.0,"45,00",R$/sc,price,BRL,sc60kg,spot,,GO,physical
2026-06-26,sorgo,sorgo-mercado-fisico-media,Sorgo - Mercado Físico,Jataí/GO (Sindicato Rural de Jataí),,variacao_pct,0.0,"0,00",%,change_pct,,pct,spot,,GO,physical
2026-06-26,sorgo,sorgo-mercado-fisico-media,Sorgo - Mercado Físico,Luís Eduardo Magalhães/BA,,preco,42.0,"42,00",R$/sc,price,BRL,sc60kg,spot,,BA,physical
2026-06-26,sorgo,sorgo-mercado-fisico-media,Sorgo - Mercado Físico,Luís Eduardo Magalhães/BA,,variacao_pct,0.0,"0,00",%,change_pct,,pct,spot,,BA,physical
2026-06-26,sorgo,sorgo-mercado-fisico-media,Sorgo - Mercado Físico,Média RS (Clicmercado),,preco,50.0,"50,00",R$/sc,price,BRL,sc60kg,spot,,,physical
2026-06-26,sorgo,sorgo-mercado-fisico-media,Sorgo - Mercado Físico,Média RS (Clicmercado),,variacao_pct,0.0,"0,00",%,change_pct,,pct,spot,,,physical
2026-06-26,sorgo,sorgo-mercado-fisico-media,Sorgo - Mercado Físico,Oeste da Bahia/BA (AIBA),,preco,44.17,"44,17",R$/sc,price,BRL,sc60kg,spot,,BA,physical
2026-06-26,sorgo,sorgo-mercado-fisico-media,Sorgo - Mercado Físico,Oeste da Bahia/BA (AIBA),,variacao_pct,0.0,"0,00",%,change_pct,,pct,spot,,BA,physical
2026-06-26,sorgo,sorgo-mercado-fisico-media,Sorgo - Mercado Físico,Rio Verde/GO (Comigo),,preco,45.0,"45,00",R$/sc,price,BRL,sc60kg,spot,,GO,physical
2026-06-26,sorgo,sorgo-mercado-fisico-media,Sorgo - Mercado Físico,Rio Verde/GO (Comigo),,variacao_pct,0.0,"0,00",%,change_pct,,pct,spot,,GO,physical
2026-06-26,sorgo,sorgo-mercado-fisico-media,Sorgo - Mercado Físico,Rio do Sul/SC (Cravil),,preco,54.0,"54,00",R$/sc,price,BRL,sc60kg,spot,,SC,physical
2026-06-26,sorgo,sorgo-mercado-fisico-media,Sorgo - Mercado Físico,Rio do Sul/SC (Cravil),,variacao_pct,0.0,"0,00",%,change_pct,,pct,spot,,SC,physical
2026-06-29,sorgo,sorgo-mercado-fisico-media,Sorgo - Mercado Físico,Cândido Mota/SP (Coopermota),,preco,42.4,"42,40",R$/sc,price,BRL,sc60kg,spot,,SP,physical
2026-06-29,sorgo,sorgo-mercado-fisico-media,Sorgo - Mercado Físico,Cândido Mota/SP (Coopermota),,variacao_pct,0.0,"0,00",%,change_pct,,pct,spot,,SP,physical
2026-06-29,sorgo,sorgo-mercado-fisico-media,Sorgo - Mercado Físico,Jataí/GO (Sindicato Rural de Jataí),,preco,45.0,"45,00",R$/sc,price,BRL,sc60kg,spot,,GO,physical
2026-06-29,sorgo,sorgo-mercado-fisico-media,Sorgo - Mercado Físico,Jataí/GO (Sindicato Rural de Jataí),,variacao_pct,0.0,"0,00",%,change_pct,,pct,spot,,GO,physical
2026-06-29,sorgo,sorgo-mercado-fisico-media,Sorgo - Mercado Físico,Luís Eduardo Magalhães/BA,,preco,42.0,"42,00",R$/sc,price,BRL,sc60kg,spot,,BA,physical
2026-06-29,sorgo,sorgo-mercado-fisico-media,Sorgo - Mercado Físico,Luís Eduardo Magalhães/BA,,variacao_pct,0.0,"0,00",%,change_pct,,pct,spot,,BA,physical
2026-06-29,sorgo,sorgo-mercado-fisico-media,Sorgo - Mercado Físico,Média RS (Clicmercado),,preco,50.0,"50,00",R$/sc,price,BRL,sc60kg,spot,,,physical
2026-06-29,sorgo,sorgo-mercado-fisico-media,Sorgo - Mercado Físico,Média RS (Clicmercado),,variacao_pct,0.0,"0,00",%,change_pct,,pct,spot,,,physical
2026-06-29,sorgo,sorgo-mercado-fisico-media,Sorgo - Mercado Físico,Oeste da Bahia/BA (AIBA),,preco,44.17,"44,17",R$/sc,price,BRL,sc60kg,spot,,BA,physical
2026-06-29,sorgo,sorgo-mercado-fisico-media,Sorgo - Mercado Físico,Oeste da Bahia/BA (AIBA),,variacao_pct,0.0,"0,00",%,change_pct,,pct,spot,,BA,physical
2026-06-29,sorgo,sorgo-mercado-fisico-media,Sorgo - Mercado Físico,Rio Verde/GO (Comigo),,preco,45.0,"45,00",R$/sc,price,BRL,sc60kg,spot,,GO,physical
2026-06-29,sorgo,sorgo-mercado-fisico-media,Sorgo - Mercado Físico,Rio Verde/GO (Comigo),,variacao_pct,0.0,"0,00",%,change_pct,,pct,spot,,GO,physical
2026-06-29,sorgo,sorgo-mercado-fisico-media,Sorgo - Mercado Físico,Rio do Sul/SC (Cravil),,preco,54.0,"54,00",R$/sc,price,BRL,sc60kg,spot,,SC,physical
2026-06-29,sorgo,sorgo-mercado-fisico-media,Sorgo - Mercado Físico,Rio do Sul/SC (Cravil),,variacao_pct,0.0,"0,00",%,change_pct,,pct,spot,,SC,physical
2026-06-30,sorgo,sorgo-mercado-fisico-media,Sorgo - Mercado Físico,Cândido Mota/SP (Coopermota),,preco,42.0,"42,00",R$/sc,price,BRL,sc60kg,spot,,SP,physical
2026-06-30,sorgo,sorgo-mercado-fisico-media,Sorgo - Mercado Físico,Cândido Mota/SP (Coopermota),,variacao_pct,-0.94,"-0,94",%,change_pct,,pct,spot,,SP,physical
2026-06-30,sorgo,sorgo-mercado-fisico-media,Sorgo - Mercado Físico,Jataí/GO (Sindicato Rural de Jataí),,preco,45.0,"45,00",R$/sc,price,BRL,sc60kg,spot,,GO,physical
2026-06-30,sorgo,sorgo-mercado-fisico-media,Sorgo - Mercado Físico,Jataí/GO (Sindicato Rural de Jataí),,variacao_pct,0.0,"0,00",%,change_pct,,pct,spot,,GO,physical
2026-06-30,sorgo,sorgo-mercado-fisico-media,Sorgo - Mercado Físico,Luís Eduardo Magalhães/BA,,preco,42.0,"42,00",R$/sc,price,BRL,sc60kg,spot,,BA,physical
2026-06-30,sorgo,sorgo-mercado-fisico-media,Sorgo - Mercado Físico,Luís Eduardo Magalhães/BA,,variacao_pct,0.0,"0,00",%,change_pct,,pct,spot,,BA,physical
2026-06-30,sorgo,sorgo-mercado-fisico-media,Sorgo - Mercado Físico,Média RS (Clicmercado),,preco,50.0,"50,00",R$/sc,price,BRL,sc60kg,spot,,,physical
2026-06-30,sorgo,sorgo-mercado-fisico-media,Sorgo - Mercado Físico,Média RS (Clicmercado),,variacao_pct,0.0,"0,00",%,change_pct,,pct,spot,,,physical
2026-06-30,sorgo,sorgo-mercado-fisico-media,Sorgo - Mercado Físico,Oeste da Bahia/BA (AIBA),,preco,43.5,"43,50",R$/sc,price,BRL,sc60kg,spot,,BA,physical
2026-06-30,sorgo,sorgo-mercado-fisico-media,Sorgo - Mercado Físico,Oeste da Bahia/BA (AIBA),,variacao_pct,-1.52,"-1,52",%,change_pct,,pct,spot,,BA,physical
2026-06-30,sorgo,sorgo-mercado-fisico-media,Sorgo - Mercado Físico,Rio Verde/GO (Comigo),,preco,45.0,"45,00",R$/sc,price,BRL,sc60kg,spot,,GO,physical
2026-06-30,sorgo,sorgo-mercado-fisico-media,Sorgo - Mercado Físico,Rio Verde/GO (Comigo),,variacao_pct,0.0,"0,00",%,change_pct,,pct,spot,,GO,physical
2026-06-30,sorgo,sorgo-mercado-fisico-media,Sorgo - Mercado Físico,Rio do Sul/SC (Cravil),,preco,54.0,"54,00",R$/sc,price,BRL,sc60kg,spot,,SC,physical
2026-06-30,sorgo,sorgo-mercado-fisico-media,Sorgo - Mercado Físico,Rio do Sul/SC (Cravil),,variacao_pct,0.0,"0,00",%,change_pct,,pct,spot,,SC,physical
2026-07-01,sorgo,sorgo-mercado-fisico-media,Sorgo - Mercado Físico,Cândido Mota/SP (Coopermota),,preco,42.4,"42,40",R$/sc,price,BRL,sc60kg,spot,,SP,physical
2026-07-01,sorgo,sorgo-mercado-fisico-media,Sorgo - Mercado Físico,Cândido Mota/SP (Coopermota),,variacao_pct,0.95,"+0,95",%,change_pct,,pct,spot,,SP,physical
2026-07-01,sorgo,sorgo-mercado-fisico-media,Sorgo - Mercado Físico,Jataí/GO (Sindicato Rural de Jataí),,preco,45.0,"45,00",R$/sc,price,BRL,sc60kg,spot,,GO,physical
2026-07-01,sorgo,sorgo-mercado-fisico-media,Sorgo - Mercado Físico,Jataí/GO (Sindicato Rural de Jataí),,variacao_pct,0.0,"0,00",%,change_pct,,pct,spot,,GO,physical
2026-07-01,sorgo,sorgo-mercado-fisico-media,Sorgo - Mercado Físico,Luís Eduardo Magalhães/BA,,preco,42.0,"42,00",R$/sc,price,BRL,sc60kg,spot,,BA,physical
2026-07-01,sorgo,sorgo-mercado-fisico-media,Sorgo - Mercado Físico,Luís Eduardo Magalhães/BA,,variacao_pct,0.0,"0,00",%,change_pct,,pct,spot,,BA,physical
2026-07-01,sorgo,sorgo-mercado-fisico-media,Sorgo - Mercado Físico,Média RS (Clicmercado),,preco,50.0,"50,00",R$/sc,price,BRL,sc60kg,spot,,,physical
2026-07-01,sorgo,sorgo-mercado-fisico-media,Sorgo - Mercado Físico,Média RS (Clicmercado),,variacao_pct,0.0,"0,00",%,change_pct,,pct,spot,,,physical
2026-07-01,sorgo,sorgo-mercado-fisico-media,Sorgo - Mercado Físico,Oeste da Bahia/BA (AIBA),,preco,43.33,"43,33",R$/sc,price,BRL,sc60kg,spot,,BA,physical
2026-07-01,sorgo,sorgo-mercado-fisico-media,Sorgo - Mercado Físico,Oeste da Bahia/BA (AIBA),,variacao_pct,-0.39,"-0,39",%,change_pct,,pct,spot,,BA,physical
2026-07-01,sorgo,sorgo-mercado-fisico-media,Sorgo - Mercado Físico,Rio Verde/GO (Comigo),,preco,45.0,"45,00",R$/sc,price,BRL,sc60kg,spot,,GO,physical
2026-07-01,sorgo,sorgo-mercado-fisico-media,Sorgo - Mercado Físico,Rio Verde/GO (Comigo),,variacao_pct,0.0,"0,00",%,change_pct,,pct,spot,,GO,physical
2026-07-01,sorgo,sorgo-mercado-fisico-media,Sorgo - Mercado Físico,Rio do Sul/SC (Cravil),,preco,54.0,"54,00",R$/sc,price,BRL,sc60kg,spot,,SC,physical
2026-07-01,sorgo,sorgo-mercado-fisico-media,Sorgo - Mercado Físico,Rio do Sul/SC (Cravil),,variacao_pct,0.0,"0,00",%,change_pct,,pct,spot,,SC,physical
2026-07-02,sorgo,sorgo-mercado-fisico-media,Sorgo - Mercado Físico,Cândido Mota/SP (Coopermota),,preco,42.4,"42,40",R$/sc,price,BRL,sc60kg,spot,,SP,physical
2026-07-02,sorgo,sorgo-mercado-fisico-media,Sorgo - Mercado Físico,Cândido Mota/SP (Coopermota),,variacao_pct,0.0,"0,00",%,change_pct,,pct,spot,,SP,physical
2026-07-02,sorgo,sorgo-mercado-fisico-media,Sorgo - Mercado Físico,Jataí/GO (Sindicato Rural de Jataí),,preco,45.0,"45,00",R$/sc,price,BRL,sc60kg,spot,,GO,physical
2026-07-02,sorgo,sorgo-mercado-fisico-media,Sorgo - Mercado Físico,Jataí/GO (Sindicato Rural de Jataí),,variacao_pct,0.0,"0,00",%,change_pct,,pct,spot,,GO,physical
2026-07-02,sorgo,sorgo-mercado-fisico-media,Sorgo - Mercado Físico,Luís Eduardo Magalhães/BA,,preco,42.0,"42,00",R$/sc,price,BRL,sc60kg,spot,,BA,physical
2026-07-02,sorgo,sorgo-mercado-fisico-media,Sorgo - Mercado Físico,Luís Eduardo Magalhães/BA,,variacao_pct,0.0,"0,00",%,change_pct,,pct,spot,,BA,physical
2026-07-02,sorgo,sorgo-mercado-fisico-media,Sorgo - Mercado Físico,Média RS (Clicmercado),,preco,50.0,"50,00",R$/sc,price,BRL,sc60kg,spot,,,physical
2026-07-02,sorgo,sorgo-mercado-fisico-media,Sorgo - Mercado Físico,Média RS (Clicmercado),,variacao_pct,0.0,"0,00",%,change_pct,,pct,spot,,,physical
2026-07-02,sorgo,sorgo-mercado-fisico-media,Sorgo - Mercado Físico,Oeste da Bahia/BA (AIBA),,preco,43.33,"43,33",R$/sc,price,BRL,sc60kg,spot,,BA,physical
2026-07-02,sorgo,sorgo-mercado-fisico-media,Sorgo - Mercado Físico,Oeste da Bahia/BA (AIBA),,variacao_pct,0.0,"0,00",%,change_pct,,pct,spot,,BA,physical
2026-07-02,sorgo,sorgo-mercado-fisico-media,Sorgo - Mercado Físico,Rio Verde/GO (Comigo),,preco,45.0,"45,00",R$/sc,price,BRL,sc60kg,spot,,GO,physical
2026-07-02,sorgo,sorgo-mercado-fisico-media,Sorgo - Mercado Físico,Rio Verde/GO (Comigo),,variacao_pct,0.0,"0,00",%,change_pct,,pct,spot,,GO,physical
2026-07-02,sorgo,sorgo-mercado-fisico-media,Sorgo - Mercado Físico,Rio do Sul/SC (Cravil),,preco,54.0,"54,00",R$/sc,price,BRL,sc60kg,spot,,SC,physical
2026-07-02,sorgo,sorgo-mercado-fisico-media,Sorgo - Mercado Físico,Rio do Sul/SC (Cravil),,variacao_pct,0.0,"0,00",%,change_pct,,pct,spot,,SC,physical
2026-07-03,sorgo,sorgo-mercado-fisico-media,Sorgo - Mercado Físico,Cândido Mota/SP (Coopermota),,preco,42.4,"42,40",R$/sc,price,BRL,sc60kg,spot,,SP,physical
2026-07-03,sorgo,sorgo-mercado-fisico-media,Sorgo - Mercado Físico,Cândido Mota/SP (Coopermota),,variacao_pct,0.0,"0,00",%,change_pct,,pct,spot,,SP,physical
2026-07-03,sorgo,sorgo-mercado-fisico-media,Sorgo - Mercado Físico,Jataí/GO (Sindicato Rural de Jataí),,preco,,s/ cotação,R$/sc,price,BRL,sc60kg,spot,,GO,physical
2026-07-03,sorgo,sorgo-mercado-fisico-media,Sorgo - Mercado Físico,Jataí/GO (Sindicato Rural de Jataí),,variacao_pct,,-,%,change_pct,,pct,spot,,GO,physical
2026-07-03,sorgo,sorgo-mercado-fisico-media,Sorgo - Mercado Físico,Luís Eduardo Magalhães/BA,,preco,42.0,"42,00",R$/sc,price,BRL,sc60kg,spot,,BA,physical
2026-07-03,sorgo,sorgo-mercado-fisico-media,Sorgo - Mercado Físico,Luís Eduardo Magalhães/BA,,variacao_pct,0.0,"0,00",%,change_pct,,pct,spot,,BA,physical
2026-07-03,sorgo,sorgo-mercado-fisico-media,Sorgo - Mercado Físico,Média RS (Clicmercado),,preco,50.0,"50,00",R$/sc,price,BRL,sc60kg,spot,,,physical
2026-07-03,sorgo,sorgo-mercado-fisico-media,Sorgo - Mercado Físico,Média RS (Clicmercado),,variacao_pct,0.0,"0,00",%,change_pct,,pct,spot,,,physical
2026-07-03,sorgo,sorgo-mercado-fisico-media,Sorgo - Mercado Físico,Oeste da Bahia/BA (AIBA),,preco,43.33,"43,33",R$/sc,price,BRL,sc60kg,spot,,BA,physical
2026-07-03,sorgo,sorgo-mercado-fisico-media,Sorgo - Mercado Físico,Oeste da Bahia/BA (AIBA),,variacao_pct,0.0,"0,00",%,change_pct,,pct,spot,,BA,physical
2026-07-03,sorgo,sorgo-mercado-fisico-media,Sorgo - Mercado Físico,Rio Verde/GO (Comigo),,preco,,s/ cotação,R$/sc,price,BRL,sc60kg,spot,,GO,physical
2026-07-03,sorgo,sorgo-mercado-fisico-media,Sorgo - Mercado Físico,Rio Verde/GO (Comigo),,variacao_pct,,-,%,change_pct,,pct,spot,,GO,physical
2026-07-03,sorgo,sorgo-mercado-fisico-media,Sorgo - Mercado Físico,Rio do Sul/SC (Cravil),,preco,,s/ cotação,R$/sc,price,BRL,sc60kg,spot,,SC,physical
2026-07-03,sorgo,sorgo-mercado-fisico-media,Sorgo - Mercado Físico,Rio do Sul/SC (Cravil),,variacao_pct,,-,%,change_pct,,pct,spot,,SC,physical
2026-07-06,sorgo,sorgo-mercado-fisico-media,Sorgo - Mercado Físico,Cândido Mota/SP (Coopermota),,preco,42.4,"42,40",R$/sc,price,BRL,sc60kg,spot,,SP,physical
2026-07-06,sorgo,sorgo-mercado-fisico-media,Sorgo - Mercado Físico,Cândido Mota/SP (Coopermota),,variacao_pct,0.0,"0,00",%,change_pct,,pct,spot,,SP,physical
2026-07-06,sorgo,sorgo-mercado-fisico-media,Sorgo - Mercado Físico,Jataí/GO (Sindicato Rural de Jataí),,preco,45.0,"45,00",R$/sc,price,BRL,sc60kg,spot,,GO,physical
2026-07-06,sorgo,sorgo-mercado-fisico-media,Sorgo - Mercado Físico,Jataí/GO (Sindicato Rural de Jataí),,variacao_pct,,-,%,change_pct,,pct,spot,,GO,physical
2026-07-06,sorgo,sorgo-mercado-fisico-media,Sorgo - Mercado Físico,Luís Eduardo Magalhães/BA,,preco,42.0,"42,00",R$/sc,price,BRL,sc60kg,spot,,BA,physical
2026-07-06,sorgo,sorgo-mercado-fisico-media,Sorgo - Mercado Físico,Luís Eduardo Magalhães/BA,,variacao_pct,0.0,"0,00",%,change_pct,,pct,spot,,BA,physical
2026-07-06,sorgo,sorgo-mercado-fisico-media,Sorgo - Mercado Físico,Média RS (Clicmercado),,preco,50.0,"50,00",R$/sc,price,BRL,sc60kg,spot,,,physical
2026-07-06,sorgo,sorgo-mercado-fisico-media,Sorgo - Mercado Físico,Média RS (Clicmercado),,variacao_pct,0.0,"0,00",%,change_pct,,pct,spot,,,physical
2026-07-06,sorgo,sorgo-mercado-fisico-media,Sorgo - Mercado Físico,Oeste da Bahia/BA (AIBA),,preco,43.33,"43,33",R$/sc,price,BRL,sc60kg,spot,,BA,physical
2026-07-06,sorgo,sorgo-mercado-fisico-media,Sorgo - Mercado Físico,Oeste da Bahia/BA (AIBA),,variacao_pct,0.0,"0,00",%,change_pct,,pct,spot,,BA,physical
2026-07-06,sorgo,sorgo-mercado-fisico-media,Sorgo - Mercado Físico,Rio Verde/GO (Comigo),,preco,45.0,"45,00",R$/sc,price,BRL,sc60kg,spot,,GO,physical
2026-07-06,sorgo,sorgo-mercado-fisico-media,Sorgo - Mercado Físico,Rio Verde/GO (Comigo),,variacao_pct,,-,%,change_pct,,pct,spot,,GO,physical
2026-07-06,sorgo,sorgo-mercado-fisico-media,Sorgo - Mercado Físico,Rio do Sul/SC (Cravil),,preco,54.0,"54,00",R$/sc,price,BRL,sc60kg,spot,,SC,physical
2026-07-06,sorgo,sorgo-mercado-fisico-media,Sorgo - Mercado Físico,Rio do Sul/SC (Cravil),,variacao_pct,,-,%,change_pct,,pct,spot,,SC,physical
2026-07-07,sorgo,sorgo-mercado-fisico-media,Sorgo - Mercado Físico,Cândido Mota/SP (Coopermota),,preco,42.4,"42,40",R$/sc,price,BRL,sc60kg,spot,,SP,physical
2026-07-07,sorgo,sorgo-mercado-fisico-media,Sorgo - Mercado Físico,Cândido Mota/SP (Coopermota),,variacao_pct,0.0,"0,00",%,change_pct,,pct,spot,,SP,physical
2026-07-07,sorgo,sorgo-mercado-fisico-media,Sorgo - Mercado Físico,Jataí/GO (Sindicato Rural de Jataí),,preco,45.0,"45,00",R$/sc,price,BRL,sc60kg,spot,,GO,physical
2026-07-07,sorgo,sorgo-mercado-fisico-media,Sorgo - Mercado Físico,Jataí/GO (Sindicato Rural de Jataí),,variacao_pct,0.0,"0,00",%,change_pct,,pct,spot,,GO,physical
2026-07-07,sorgo,sorgo-mercado-fisico-media,Sorgo - Mercado Físico,Luís Eduardo Magalhães/BA,,preco,42.0,"42,00",R$/sc,price,BRL,sc60kg,spot,,BA,physical
2026-07-07,sorgo,sorgo-mercado-fisico-media,Sorgo - Mercado Físico,Luís Eduardo Magalhães/BA,,variacao_pct,0.0,"0,00",%,change_pct,,pct,spot,,BA,physical
2026-07-07,sorgo,sorgo-mercado-fisico-media,Sorgo - Mercado Físico,Média RS (Clicmercado),,preco,50.0,"50,00",R$/sc,price,BRL,sc60kg,spot,,,physical
2026-07-07,sorgo,sorgo-mercado-fisico-media,Sorgo - Mercado Físico,Média RS (Clicmercado),,variacao_pct,0.0,"0,00",%,change_pct,,pct,spot,,,physical
2026-07-07,sorgo,sorgo-mercado-fisico-media,Sorgo - Mercado Físico,Oeste da Bahia/BA (AIBA),,preco,43.33,"43,33",R$/sc,price,BRL,sc60kg,spot,,BA,physical
2026-07-07,sorgo,sorgo-mercado-fisico-media,Sorgo - Mercado Físico,Oeste da Bahia/BA (AIBA),,variacao_pct,0.0,"0,00",%,change_pct,,pct,spot,,BA,physical
2026-07-07,sorgo,sorgo-mercado-fisico-media,Sorgo - Mercado Físico,Rio Verde/GO (Comigo),,preco,45.0,"45,00",R$/sc,price,BRL,sc60kg,spot,,GO,physical
2026-07-07,sorgo,sorgo-mercado-fisico-media,Sorgo - Mercado Físico,Rio Verde/GO (Comigo),,variacao_pct,0.0,"0,00",%,change_pct,,pct,spot,,GO,physical
2026-07-07,sorgo,sorgo-mercado-fisico-media,Sorgo - Mercado Físico,Rio do Sul/SC (Cravil),,preco,54.0,"54,00",R$/sc,price,BRL,sc60kg,spot,,SC,physical
2026-07-07,sorgo,sorgo-mercado-fisico-media,Sorgo - Mercado Físico,Rio do Sul/SC (Cravil),,variacao_pct,0.0,"0,00",%,change_pct,,pct,spot,,SC,physical
2026-07-08,sorgo,sorgo-mercado-fisico-media,Sorgo - Mercado Físico,Cândido Mota/SP (Coopermota),,preco,43.2,"43,20",R$/sc,price,BRL,sc60kg,spot,,SP,physical
2026-07-08,sorgo,sorgo-mercado-fisico-media,Sorgo - Mercado Físico,Cândido Mota/SP (Coopermota),,variacao_pct,1.89,"+1,89",%,change_pct,,pct,spot,,SP,physical
2026-07-08,sorgo,sorgo-mercado-fisico-media,Sorgo - Mercado Físico,Jataí/GO (Sindicato Rural de Jataí),,preco,46.0,"46,00",R$/sc,price,BRL,sc60kg,spot,,GO,physical
2026-07-08,sorgo,sorgo-mercado-fisico-media,Sorgo - Mercado Físico,Jataí/GO (Sindicato Rural de Jataí),,variacao_pct,2.22,"+2,22",%,change_pct,,pct,spot,,GO,physical
2026-07-08,sorgo,sorgo-mercado-fisico-media,Sorgo - Mercado Físico,Luís Eduardo Magalhães/BA,,preco,42.0,"42,00",R$/sc,price,BRL,sc60kg,spot,,BA,physical
2026-07-08,sorgo,sorgo-mercado-fisico-media,Sorgo - Mercado Físico,Luís Eduardo Magalhães/BA,,variacao_pct,0.0,"0,00",%,change_pct,,pct,spot,,BA,physical
2026-07-08,sorgo,sorgo-mercado-fisico-media,Sorgo - Mercado Físico,Média RS (Clicmercado),,preco,50.0,"50,00",R$/sc,price,BRL,sc60kg,spot,,,physical
2026-07-08,sorgo,sorgo-mercado-fisico-media,Sorgo - Mercado Físico,Média RS (Clicmercado),,variacao_pct,0.0,"0,00",%,change_pct,,pct,spot,,,physical
2026-07-08,sorgo,sorgo-mercado-fisico-media,Sorgo - Mercado Físico,Oeste da Bahia/BA (AIBA),,preco,43.33,"43,33",R$/sc,price,BRL,sc60kg,spot,,BA,physical
2026-07-08,sorgo,sorgo-mercado-fisico-media,Sorgo - Mercado Físico,Oeste da Bahia/BA (AIBA),,variacao_pct,0.0,"0,00",%,change_pct,,pct,spot,,BA,physical
2026-07-08,sorgo,sorgo-mercado-fisico-media,Sorgo - Mercado Físico,Rio Verde/GO (Comigo),,preco,46.0,"46,00",R$/sc,price,BRL,sc60kg,spot,,GO,physical
2026-07-08,sorgo,sorgo-mercado-fisico-media,Sorgo - Mercado Físico,Rio Verde/GO (Comigo),,variacao_pct,2.22,"+2,22",%,change_pct,,pct,spot,,GO,physical
2026-07-08,sorgo,sorgo-mercado-fisico-media,Sorgo - Mercado Físico,Rio do Sul/SC (Cravil),,preco,54.0,"54,00",R$/sc,price,BRL,sc60kg,spot,,SC,physical
2026-07-08,sorgo,sorgo-mercado-fisico-media,Sorgo - Mercado Físico,Rio do Sul/SC (Cravil),,variacao_pct,0.0,"0,00",%,change_pct,,pct,spot,,SC,physical
2026-07-09,sorgo,sorgo-mercado-fisico-media,Sorgo - Mercado Físico,Cândido Mota/SP (Coopermota),,preco,,s/ cotação,R$/sc,price,BRL,sc60kg,spot,,SP,physical
2026-07-09,sorgo,sorgo-mercado-fisico-media,Sorgo - Mercado Físico,Cândido Mota/SP (Coopermota),,variacao_pct,,-,%,change_pct,,pct,spot,,SP,physical
2026-07-09,sorgo,sorgo-mercado-fisico-media,Sorgo - Mercado Físico,Jataí/GO (Sindicato Rural de Jataí),,preco,46.0,"46,00",R$/sc,price,BRL,sc60kg,spot,,GO,physical
2026-07-09,sorgo,sorgo-mercado-fisico-media,Sorgo - Mercado Físico,Jataí/GO (Sindicato Rural de Jataí),,variacao_pct,0.0,"0,00",%,change_pct,,pct,spot,,GO,physical
2026-07-09,sorgo,sorgo-mercado-fisico-media,Sorgo - Mercado Físico,Luís Eduardo Magalhães/BA,,preco,42.0,"42,00",R$/sc,price,BRL,sc60kg,spot,,BA,physical
2026-07-09,sorgo,sorgo-mercado-fisico-media,Sorgo - Mercado Físico,Luís Eduardo Magalhães/BA,,variacao_pct,0.0,"0,00",%,change_pct,,pct,spot,,BA,physical
2026-07-09,sorgo,sorgo-mercado-fisico-media,Sorgo - Mercado Físico,Média RS (Clicmercado),,preco,50.0,"50,00",R$/sc,price,BRL,sc60kg,spot,,,physical
2026-07-09,sorgo,sorgo-mercado-fisico-media,Sorgo - Mercado Físico,Média RS (Clicmercado),,variacao_pct,0.0,"0,00",%,change_pct,,pct,spot,,,physical
2026-07-09,sorgo,sorgo-mercado-fisico-media,Sorgo - Mercado Físico,Oeste da Bahia/BA (AIBA),,preco,43.5,"43,50",R$/sc,price,BRL,sc60kg,spot,,BA,physical
2026-07-09,sorgo,sorgo-mercado-fisico-media,Sorgo - Mercado Físico,Oeste da Bahia/BA (AIBA),,variacao_pct,0.39,"+0,39",%,change_pct,,pct,spot,,BA,physical
2026-07-09,sorgo,sorgo-mercado-fisico-media,Sorgo - Mercado Físico,Rio Verde/GO (Comigo),,preco,46.0,"46,00",R$/sc,price,BRL,sc60kg,spot,,GO,physical
2026-07-09,sorgo,sorgo-mercado-fisico-media,Sorgo - Mercado Físico,Rio Verde/GO (Comigo),,variacao_pct,0.0,"0,00",%,change_pct,,pct,spot,,GO,physical
2026-07-09,sorgo,sorgo-mercado-fisico-media,Sorgo - Mercado Físico,Rio do Sul/SC (Cravil),,preco,54.0,"54,00",R$/sc,price,BRL,sc60kg,spot,,SC,physical
2026-07-09,sorgo,sorgo-mercado-fisico-media,Sorgo - Mercado Físico,Rio do Sul/SC (Cravil),,variacao_pct,0.0,"0,00",%,change_pct,,pct,spot,,SC,physical
2026-07-10,sorgo,sorgo-mercado-fisico-media,Sorgo - Mercado Físico,Cândido Mota/SP (Coopermota),,preco,43.2,"43,20",R$/sc,price,BRL,sc60kg,spot,,SP,physical
2026-07-10,sorgo,sorgo-mercado-fisico-media,Sorgo - Mercado Físico,Cândido Mota/SP (Coopermota),,variacao_pct,,-,%,change_pct,,pct,spot,,SP,physical
2026-07-10,sorgo,sorgo-mercado-fisico-media,Sorgo - Mercado Físico,Jataí/GO (Sindicato Rural de Jataí),,preco,46.0,"46,00",R$/sc,price,BRL,sc60kg,spot,,GO,physical
2026-07-10,sorgo,sorgo-mercado-fisico-media,Sorgo - Mercado Físico,Jataí/GO (Sindicato Rural de Jataí),,variacao_pct,0.0,"0,00",%,change_pct,,pct,spot,,GO,physical
2026-07-10,sorgo,sorgo-mercado-fisico-media,Sorgo - Mercado Físico,Luís Eduardo Magalhães/BA,,preco,42.0,"42,00",R$/sc,price,BRL,sc60kg,spot,,BA,physical
2026-07-10,sorgo,sorgo-mercado-fisico-media,Sorgo - Mercado Físico,Luís Eduardo Magalhães/BA,,variacao_pct,0.0,"0,00",%,change_pct,,pct,spot,,BA,physical
2026-07-10,sorgo,sorgo-mercado-fisico-media,Sorgo - Mercado Físico,Média RS (Clicmercado),,preco,50.0,"50,00",R$/sc,price,BRL,sc60kg,spot,,,physical
2026-07-10,sorgo,sorgo-mercado-fisico-media,Sorgo - Mercado Físico,Média RS (Clicmercado),,variacao_pct,0.0,"0,00",%,change_pct,,pct,spot,,,physical
2026-07-10,sorgo,sorgo-mercado-fisico-media,Sorgo - Mercado Físico,Oeste da Bahia/BA (AIBA),,preco,43.5,"43,50",R$/sc,price,BRL,sc60kg,spot,,BA,physical
2026-07-10,sorgo,sorgo-mercado-fisico-media,Sorgo - Mercado Físico,Oeste da Bahia/BA (AIBA),,variacao_pct,0.0,"0,00",%,change_pct,,pct,spot,,BA,physical
2026-07-10,sorgo,sorgo-mercado-fisico-media,Sorgo - Mercado Físico,Rio Verde/GO (Comigo),,preco,46.0,"46,00",R$/sc,price,BRL,sc60kg,spot,,GO,physical
2026-07-10,sorgo,sorgo-mercado-fisico-media,Sorgo - Mercado Físico,Rio Verde/GO (Comigo),,variacao_pct,0.0,"0,00",%,change_pct,,pct,spot,,GO,physical
2026-07-10,sorgo,sorgo-mercado-fisico-media,Sorgo - Mercado Físico,Rio do Sul/SC (Cravil),,preco,54.0,"54,00",R$/sc,price,BRL,sc60kg,spot,,SC,physical
2026-07-10,sorgo,sorgo-mercado-fisico-media,Sorgo - Mercado Físico,Rio do Sul/SC (Cravil),,variacao_pct,0.0,"0,00",%,change_pct,,pct,spot,,SC,physical
2026-07-13,sorgo,sorgo-mercado-fisico-media,Sorgo - Mercado Físico,Cândido Mota/SP (Coopermota),,preco,43.2,"43,20",R$/sc,price,BRL,sc60kg,spot,,SP,physical
2026-07-13,sorgo,sorgo-mercado-fisico-media,Sorgo - Mercado Físico,Cândido Mota/SP (Coopermota),,variacao_pct,0.0,"0,00",%,change_pct,,pct,spot,,SP,physical
2026-07-13,sorgo,sorgo-mercado-fisico-media,Sorgo - Mercado Físico,Jataí/GO (Sindicato Rural de Jataí),,preco,46.0,"46,00",R$/sc,price,BRL,sc60kg,spot,,GO,physical
2026-07-13,sorgo,sorgo-mercado-fisico-media,Sorgo - Mercado Físico,Jataí/GO (Sindicato Rural de Jataí),,variacao_pct,0.0,"0,00",%,change_pct,,pct,spot,,GO,physical
2026-07-13,sorgo,sorgo-mercado-fisico-media,Sorgo - Mercado Físico,Luís Eduardo Magalhães/BA,,preco,42.0,"42,00",R$/sc,price,BRL,sc60kg,spot,,BA,physical
2026-07-13,sorgo,sorgo-mercado-fisico-media,Sorgo - Mercado Físico,Luís Eduardo Magalhães/BA,,variacao_pct,0.0,"0,00",%,change_pct,,pct,spot,,BA,physical
2026-07-13,sorgo,sorgo-mercado-fisico-media,Sorgo - Mercado Físico,Média RS (Clicmercado),,preco,50.0,"50,00",R$/sc,price,BRL,sc60kg,spot,,,physical
2026-07-13,sorgo,sorgo-mercado-fisico-media,Sorgo - Mercado Físico,Média RS (Clicmercado),,variacao_pct,0.0,"0,00",%,change_pct,,pct,spot,,,physical
2026-07-13,sorgo,sorgo-mercado-fisico-media,Sorgo - Mercado Físico,Oeste da Bahia/BA (AIBA),,preco,43.5,"43,50",R$/sc,price,BRL,sc60kg,spot,,BA,physical
2026-07-13,sorgo,sorgo-mercado-fisico-media,Sorgo - Mercado Físico,Oeste da Bahia/BA (AIBA),,variacao_pct,0.0,"0,00",%,change_pct,,pct,spot,,BA,physical
2026-07-13,sorgo,sorgo-mercado-fisico-media,Sorgo - Mercado Físico,Rio Verde/GO (Comigo),,preco,46.0,"46,00",R$/sc,price,BRL,sc60kg,spot,,GO,physical
2026-07-13,sorgo,sorgo-mercado-fisico-media,Sorgo - Mercado Físico,Rio Verde/GO (Comigo),,variacao_pct,0.0,"0,00",%,change_pct,,pct,spot,,GO,physical
2026-07-13,sorgo,sorgo-mercado-fisico-media,Sorgo - Mercado Físico,Rio do Sul/SC (Cravil),,preco,54.0,"54,00",R$/sc,price,BRL,sc60kg,spot,,SC,physical
2026-07-13,sorgo,sorgo-mercado-fisico-media,Sorgo - Mercado Físico,Rio do Sul/SC (Cravil),,variacao_pct,0.0,"0,00",%,change_pct,,pct,spot,,SC,physical
2026-07-14,sorgo,sorgo-mercado-fisico-media,Sorgo - Mercado Físico,Cândido Mota/SP (Coopermota),,preco,43.2,"43,20",R$/sc,price,BRL,sc60kg,spot,,SP,physical
2026-07-14,sorgo,sorgo-mercado-fisico-media,Sorgo - Mercado Físico,Cândido Mota/SP (Coopermota),,variacao_pct,0.0,"0,00",%,change_pct,,pct,spot,,SP,physical
2026-07-14,sorgo,sorgo-mercado-fisico-media,Sorgo - Mercado Físico,Jataí/GO (Sindicato Rural de Jataí),,preco,44.0,"44,00",R$/sc,price,BRL,sc60kg,spot,,GO,physical
2026-07-14,sorgo,sorgo-mercado-fisico-media,Sorgo - Mercado Físico,Jataí/GO (Sindicato Rural de Jataí),,variacao_pct,-4.35,"-4,35",%,change_pct,,pct,spot,,GO,physical
2026-07-14,sorgo,sorgo-mercado-fisico-media,Sorgo - Mercado Físico,Luís Eduardo Magalhães/BA,,preco,42.0,"42,00",R$/sc,price,BRL,sc60kg,spot,,BA,physical
2026-07-14,sorgo,sorgo-mercado-fisico-media,Sorgo - Mercado Físico,Luís Eduardo Magalhães/BA,,variacao_pct,0.0,"0,00",%,change_pct,,pct,spot,,BA,physical
2026-07-14,sorgo,sorgo-mercado-fisico-media,Sorgo - Mercado Físico,Média RS (Clicmercado),,preco,50.0,"50,00",R$/sc,price,BRL,sc60kg,spot,,,physical
2026-07-14,sorgo,sorgo-mercado-fisico-media,Sorgo - Mercado Físico,Média RS (Clicmercado),,variacao_pct,0.0,"0,00",%,change_pct,,pct,spot,,,physical
2026-07-14,sorgo,sorgo-mercado-fisico-media,Sorgo - Mercado Físico,Oeste da Bahia/BA (AIBA),,preco,43.5,"43,50",R$/sc,price,BRL,sc60kg,spot,,BA,physical
2026-07-14,sorgo,sorgo-mercado-fisico-media,Sorgo - Mercado Físico,Oeste da Bahia/BA (AIBA),,variacao_pct,0.0,"0,00",%,change_pct,,pct,spot,,BA,physical
2026-07-14,sorgo,sorgo-mercado-fisico-media,Sorgo - Mercado Físico,Rio Verde/GO (Comigo),,preco,44.0,"44,00",R$/sc,price,BRL,sc60kg,spot,,GO,physical
2026-07-14,sorgo,sorgo-mercado-fisico-media,Sorgo - Mercado Físico,Rio Verde/GO (Comigo),,variacao_pct,-4.35,"-4,35",%,change_pct,,pct,spot,,GO,physical
2026-07-14,sorgo,sorgo-mercado-fisico-media,Sorgo - Mercado Físico,Rio do Sul/SC (Cravil),,preco,54.0,"54,00",R$/sc,price,BRL,sc60kg,spot,,SC,physical
2026-07-14,sorgo,sorgo-mercado-fisico-media,Sorgo - Mercado Físico,Rio do Sul/SC (Cravil),,variacao_pct,0.0,"0,00",%,change_pct,,pct,spot,,SC,physical
2026-07-15,sorgo,sorgo-mercado-fisico-media,Sorgo - Mercado Físico,Cândido Mota/SP (Coopermota),,preco,43.2,"43,20",R$/sc,price,BRL,sc60kg,spot,,SP,physical
2026-07-15,sorgo,sorgo-mercado-fisico-media,Sorgo - Mercado Físico,Cândido Mota/SP (Coopermota),,variacao_pct,0.0,"0,00",%,change_pct,,pct,spot,,SP,physical
2026-07-15,sorgo,sorgo-mercado-fisico-media,Sorgo - Mercado Físico,Jataí/GO (Sindicato Rural de Jataí),,preco,45.0,"45,00",R$/sc,price,BRL,sc60kg,spot,,GO,physical
2026-07-15,sorgo,sorgo-mercado-fisico-media,Sorgo - Mercado Físico,Jataí/GO (Sindicato Rural de Jataí),,variacao_pct,2.27,"+2,27",%,change_pct,,pct,spot,,GO,physical
2026-07-15,sorgo,sorgo-mercado-fisico-media,Sorgo - Mercado Físico,Luís Eduardo Magalhães/BA,,preco,42.0,"42,00",R$/sc,price,BRL,sc60kg,spot,,BA,physical
2026-07-15,sorgo,sorgo-mercado-fisico-media,Sorgo - Mercado Físico,Luís Eduardo Magalhães/BA,,variacao_pct,0.0,"0,00",%,change_pct,,pct,spot,,BA,physical
2026-07-15,sorgo,sorgo-mercado-fisico-media,Sorgo - Mercado Físico,Média RS (Clicmercado),,preco,50.0,"50,00",R$/sc,price,BRL,sc60kg,spot,,,physical
2026-07-15,sorgo,sorgo-mercado-fisico-media,Sorgo - Mercado Físico,Média RS (Clicmercado),,variacao_pct,0.0,"0,00",%,change_pct,,pct,spot,,,physical
2026-07-15,sorgo,sorgo-mercado-fisico-media,Sorgo - Mercado Físico,Oeste da Bahia/BA (AIBA),,preco,43.5,"43,50",R$/sc,price,BRL,sc60kg,spot,,BA,physical
2026-07-15,sorgo,sorgo-mercado-fisico-media,Sorgo - Mercado Físico,Oeste da Bahia/BA (AIBA),,variacao_pct,0.0,"0,00",%,change_pct,,pct,spot,,BA,physical
2026-07-15,sorgo,sorgo-mercado-fisico-media,Sorgo - Mercado Físico,Rio Verde/GO (Comigo),,preco,45.0,"45,00",R$/sc,price,BRL,sc60kg,spot,,GO,physical
2026-07-15,sorgo,sorgo-mercado-fisico-media,Sorgo - Mercado Físico,Rio Verde/GO (Comigo),,variacao_pct,2.27,"+2,27",%,change_pct,,pct,spot,,GO,physical
2026-07-15,sorgo,sorgo-mercado-fisico-media,Sorgo - Mercado Físico,Rio do Sul/SC (Cravil),,preco,54.0,"54,00",R$/sc,price,BRL,sc60kg,spot,,SC,physical
2026-07-15,sorgo,sorgo-mercado-fisico-media,Sorgo - Mercado Físico,Rio do Sul/SC (Cravil),,variacao_pct,0.0,"0,00",%,change_pct,,pct,spot,,SC,physical
2026-07-16,sorgo,sorgo-mercado-fisico-media,Sorgo - Mercado Físico,Cândido Mota/SP (Coopermota),,preco,42.8,"42,80",R$/sc,price,BRL,sc60kg,spot,,SP,physical
2026-07-16,sorgo,sorgo-mercado-fisico-media,Sorgo - Mercado Físico,Cândido Mota/SP (Coopermota),,variacao_pct,-0.93,"-0,93",%,change_pct,,pct,spot,,SP,physical
2026-07-16,sorgo,sorgo-mercado-fisico-media,Sorgo - Mercado Físico,Jataí/GO (Sindicato Rural de Jataí),,preco,,s/ cotação,R$/sc,price,BRL,sc60kg,spot,,GO,physical
2026-07-16,sorgo,sorgo-mercado-fisico-media,Sorgo - Mercado Físico,Jataí/GO (Sindicato Rural de Jataí),,variacao_pct,,-,%,change_pct,,pct,spot,,GO,physical
2026-07-16,sorgo,sorgo-mercado-fisico-media,Sorgo - Mercado Físico,Luís Eduardo Magalhães/BA,,preco,42.0,"42,00",R$/sc,price,BRL,sc60kg,spot,,BA,physical
2026-07-16,sorgo,sorgo-mercado-fisico-media,Sorgo - Mercado Físico,Luís Eduardo Magalhães/BA,,variacao_pct,0.0,"0,00",%,change_pct,,pct,spot,,BA,physical
2026-07-16,sorgo,sorgo-mercado-fisico-media,Sorgo - Mercado Físico,Média RS (Clicmercado),,preco,50.0,"50,00",R$/sc,price,BRL,sc60kg,spot,,,physical
2026-07-16,sorgo,sorgo-mercado-fisico-media,Sorgo - Mercado Físico,Média RS (Clicmercado),,variacao_pct,0.0,"0,00",%,change_pct,,pct,spot,,,physical
2026-07-16,sorgo,sorgo-mercado-fisico-media,Sorgo - Mercado Físico,Oeste da Bahia/BA (AIBA),,preco,43.83,"43,83",R$/sc,price,BRL,sc60kg,spot,,BA,physical
2026-07-16,sorgo,sorgo-mercado-fisico-media,Sorgo - Mercado Físico,Oeste da Bahia/BA (AIBA),,variacao_pct,0.76,"+0,76",%,change_pct,,pct,spot,,BA,physical
2026-07-16,sorgo,sorgo-mercado-fisico-media,Sorgo - Mercado Físico,Rio Verde/GO (Comigo),,preco,45.0,"45,00",R$/sc,price,BRL,sc60kg,spot,,GO,physical
2026-07-16,sorgo,sorgo-mercado-fisico-media,Sorgo - Mercado Físico,Rio Verde/GO (Comigo),,variacao_pct,0.0,"0,00",%,change_pct,,pct,spot,,GO,physical
2026-07-16,sorgo,sorgo-mercado-fisico-media,Sorgo - Mercado Físico,Rio do Sul/SC (Cravil),,preco,54.0,"54,00",R$/sc,price,BRL,sc60kg,spot,,SC,physical
2026-07-16,sorgo,sorgo-mercado-fisico-media,Sorgo - Mercado Físico,Rio do Sul/SC (Cravil),,variacao_pct,0.0,"0,00",%,change_pct,,pct,spot,,SC,physical
2026-07-17,sorgo,sorgo-mercado-fisico-media,Sorgo - Mercado Físico,Cândido Mota/SP (Coopermota),,preco,43.2,"43,20",R$/sc,price,BRL,sc60kg,spot,,SP,physical
2026-07-17,sorgo,sorgo-mercado-fisico-media,Sorgo - Mercado Físico,Cândido Mota/SP (Coopermota),,variacao_pct,0.93,"+0,93",%,change_pct,,pct,spot,,SP,physical
2026-07-17,sorgo,sorgo-mercado-fisico-media,Sorgo - Mercado Físico,Jataí/GO (Sindicato Rural de Jataí),,preco,45.0,"45,00",R$/sc,price,BRL,sc60kg,spot,,GO,physical
2026-07-17,sorgo,sorgo-mercado-fisico-media,Sorgo - Mercado Físico,Jataí/GO (Sindicato Rural de Jataí),,variacao_pct,,-,%,change_pct,,pct,spot,,GO,physical
2026-07-17,sorgo,sorgo-mercado-fisico-media,Sorgo - Mercado Físico,Luís Eduardo Magalhães/BA,,preco,42.0,"42,00",R$/sc,price,BRL,sc60kg,spot,,BA,physical
2026-07-17,sorgo,sorgo-mercado-fisico-media,Sorgo - Mercado Físico,Luís Eduardo Magalhães/BA,,variacao_pct,0.0,"0,00",%,change_pct,,pct,spot,,BA,physical
2026-07-17,sorgo,sorgo-mercado-fisico-media,Sorgo - Mercado Físico,Média RS (Clicmercado),,preco,50.0,"50,00",R$/sc,price,BRL,sc60kg,spot,,,physical
2026-07-17,sorgo,sorgo-mercado-fisico-media,Sorgo - Mercado Físico,Média RS (Clicmercado),,variacao_pct,0.0,"0,00",%,change_pct,,pct,spot,,,physical
2026-07-17,sorgo,sorgo-mercado-fisico-media,Sorgo - Mercado Físico,Oeste da Bahia/BA (AIBA),,preco,43.17,"43,17",R$/sc,price,BRL,sc60kg,spot,,BA,physical
2026-07-17,sorgo,sorgo-mercado-fisico-media,Sorgo - Mercado Físico,Oeste da Bahia/BA (AIBA),,variacao_pct,-1.51,"-1,51",%,change_pct,,pct,spot,,BA,physical
2026-07-17,sorgo,sorgo-mercado-fisico-media,Sorgo - Mercado Físico,Rio Verde/GO (Comigo),,preco,45.0,"45,00",R$/sc,price,BRL,sc60kg,spot,,GO,physical
2026-07-17,sorgo,sorgo-mercado-fisico-media,Sorgo - Mercado Físico,Rio Verde/GO (Comigo),,variacao_pct,0.0,"0,00",%,change_pct,,pct,spot,,GO,physical
2026-07-17,sorgo,sorgo-mercado-fisico-media,Sorgo - Mercado Físico,Rio do Sul/SC (Cravil),,preco,54.0,"54,00",R$/sc,price,BRL,sc60kg,spot,,SC,physical
2026-07-17,sorgo,sorgo-mercado-fisico-media,Sorgo - Mercado Físico,Rio do Sul/SC (Cravil),,variacao_pct,0.0,"0,00",%,change_pct,,pct,spot,,SC,physical
2026-07-20,sorgo,sorgo-mercado-fisico-media,Sorgo - Mercado Físico,Cândido Mota/SP (Coopermota),,preco,43.2,"43,20",R$/sc,price,BRL,sc60kg,spot,,SP,physical
2026-07-20,sorgo,sorgo-mercado-fisico-media,Sorgo - Mercado Físico,Cândido Mota/SP (Coopermota),,variacao_pct,0.0,"0,00",%,change_pct,,pct,spot,,SP,physical
2026-07-20,sorgo,sorgo-mercado-fisico-media,Sorgo - Mercado Físico,Jataí/GO (Sindicato Rural de Jataí),,preco,45.0,"45,00",R$/sc,price,BRL,sc60kg,spot,,GO,physical
2026-07-20,sorgo,sorgo-mercado-fisico-media,Sorgo - Mercado Físico,Jataí/GO (Sindicato Rural de Jataí),,variacao_pct,0.0,"0,00",%,change_pct,,pct,spot,,GO,physical
2026-07-20,sorgo,sorgo-mercado-fisico-media,Sorgo - Mercado Físico,Luís Eduardo Magalhães/BA,,preco,42.0,"42,00",R$/sc,price,BRL,sc60kg,spot,,BA,physical
2026-07-20,sorgo,sorgo-mercado-fisico-media,Sorgo - Mercado Físico,Luís Eduardo Magalhães/BA,,variacao_pct,0.0,"0,00",%,change_pct,,pct,spot,,BA,physical
2026-07-20,sorgo,sorgo-mercado-fisico-media,Sorgo - Mercado Físico,Média RS (Clicmercado),,preco,50.0,"50,00",R$/sc,price,BRL,sc60kg,spot,,,physical
2026-07-20,sorgo,sorgo-mercado-fisico-media,Sorgo - Mercado Físico,Média RS (Clicmercado),,variacao_pct,0.0,"0,00",%,change_pct,,pct,spot,,,physical
2026-07-20,sorgo,sorgo-mercado-fisico-media,Sorgo - Mercado Físico,Oeste da Bahia/BA (AIBA),,preco,43.83,"43,83",R$/sc,price,BRL,sc60kg,spot,,BA,physical
2026-07-20,sorgo,sorgo-mercado-fisico-media,Sorgo - Mercado Físico,Oeste da Bahia/BA (AIBA),,variacao_pct,1.53,"+1,53",%,change_pct,,pct,spot,,BA,physical
2026-07-20,sorgo,sorgo-mercado-fisico-media,Sorgo - Mercado Físico,Rio Verde/GO (Comigo),,preco,45.0,"45,00",R$/sc,price,BRL,sc60kg,spot,,GO,physical
2026-07-20,sorgo,sorgo-mercado-fisico-media,Sorgo - Mercado Físico,Rio Verde/GO (Comigo),,variacao_pct,0.0,"0,00",%,change_pct,,pct,spot,,GO,physical
2026-07-20,sorgo,sorgo-mercado-fisico-media,Sorgo - Mercado Físico,Rio do Sul/SC (Cravil),,preco,54.0,"54,00",R$/sc,price,BRL,sc60kg,spot,,SC,physical
2026-07-20,sorgo,sorgo-mercado-fisico-media,Sorgo - Mercado Físico,Rio do Sul/SC (Cravil),,variacao_pct,0.0,"0,00",%,change_pct,,pct,spot,,SC,physical
2026-07-21,sorgo,sorgo-mercado-fisico-media,Sorgo - Mercado Físico,Cândido Mota/SP (Coopermota),,preco,43.2,"43,20",R$/sc,price,BRL,sc60kg,spot,,SP,physical
2026-07-21,sorgo,sorgo-mercado-fisico-media,Sorgo - Mercado Físico,Cândido Mota/SP (Coopermota),,variacao_pct,0.0,"0,00",%,change_pct,,pct,spot,,SP,physical
2026-07-21,sorgo,sorgo-mercado-fisico-media,Sorgo - Mercado Físico,Jataí/GO (Sindicato Rural de Jataí),,preco,45.0,"45,00",R$/sc,price,BRL,sc60kg,spot,,GO,physical
2026-07-21,sorgo,sorgo-mercado-fisico-media,Sorgo - Mercado Físico,Jataí/GO (Sindicato Rural de Jataí),,variacao_pct,0.0,"0,00",%,change_pct,,pct,spot,,GO,physical
2026-07-21,sorgo,sorgo-mercado-fisico-media,Sorgo - Mercado Físico,Luís Eduardo Magalhães/BA,,preco,42.0,"42,00",R$/sc,price,BRL,sc60kg,spot,,BA,physical
2026-07-21,sorgo,sorgo-mercado-fisico-media,Sorgo - Mercado Físico,Luís Eduardo Magalhães/BA,,variacao_pct,0.0,"0,00",%,change_pct,,pct,spot,,BA,physical
2026-07-21,sorgo,sorgo-mercado-fisico-media,Sorgo - Mercado Físico,Média RS (Clicmercado),,preco,50.0,"50,00",R$/sc,price,BRL,sc60kg,spot,,,physical
2026-07-21,sorgo,sorgo-mercado-fisico-media,Sorgo - Mercado Físico,Média RS (Clicmercado),,variacao_pct,0.0,"0,00",%,change_pct,,pct,spot,,,physical
2026-07-21,sorgo,sorgo-mercado-fisico-media,Sorgo - Mercado Físico,Oeste da Bahia/BA (AIBA),,preco,43.83,"43,83",R$/sc,price,BRL,sc60kg,spot,,BA,physical
2026-07-21,sorgo,sorgo-mercado-fisico-media,Sorgo - Mercado Físico,Oeste da Bahia/BA (AIBA),,variacao_pct,0.0,"0,00",%,change_pct,,pct,spot,,BA,physical
2026-07-21,sorgo,sorgo-mercado-fisico-media,Sorgo - Mercado Físico,Rio Verde/GO (Comigo),,preco,45.0,"45,00",R$/sc,price,BRL,sc60kg,spot,,GO,physical
2026-07-21,sorgo,sorgo-mercado-fisico-media,Sorgo - Mercado Físico,Rio Verde/GO (Comigo),,variacao_pct,0.0,"0,00",%,change_pct,,pct,spot,,GO,physical
2026-07-21,sorgo,sorgo-mercado-fisico-media,Sorgo - Mercado Físico,Rio do Sul/SC (Cravil),,preco,54.0,"54,00",R$/sc,price,BRL,sc60kg,spot,,SC,physical
2026-07-21,sorgo,sorgo-mercado-fisico-media,Sorgo - Mercado Físico,Rio do Sul/SC (Cravil),,variacao_pct,0.0,"0,00",%,change_pct,,pct,spot,,SC,physical
2026-07-22,sorgo,sorgo-mercado-fisico-media,Sorgo - Mercado Físico,Cândido Mota/SP (Coopermota),,preco,44.0,"44,00",R$/sc,price,BRL,sc60kg,spot,,SP,physical
2026-07-22,sorgo,sorgo-mercado-fisico-media,Sorgo - Mercado Físico,Cândido Mota/SP (Coopermota),,variacao_pct,1.85,"+1,85",%,change_pct,,pct,spot,,SP,physical
2026-07-22,sorgo,sorgo-mercado-fisico-media,Sorgo - Mercado Físico,Jataí/GO (Sindicato Rural de Jataí),,preco,46.0,"46,00",R$/sc,price,BRL,sc60kg,spot,,GO,physical
2026-07-22,sorgo,sorgo-mercado-fisico-media,Sorgo - Mercado Físico,Jataí/GO (Sindicato Rural de Jataí),,variacao_pct,2.22,"+2,22",%,change_pct,,pct,spot,,GO,physical
2026-07-22,sorgo,sorgo-mercado-fisico-media,Sorgo - Mercado Físico,Luís Eduardo Magalhães/BA,,preco,42.0,"42,00",R$/sc,price,BRL,sc60kg,spot,,BA,physical
2026-07-22,sorgo,sorgo-mercado-fisico-media,Sorgo - Mercado Físico,Luís Eduardo Magalhães/BA,,variacao_pct,0.0,"0,00",%,change_pct,,pct,spot,,BA,physical
2026-07-22,sorgo,sorgo-mercado-fisico-media,Sorgo - Mercado Físico,Média RS (Clicmercado),,preco,50.0,"50,00",R$/sc,price,BRL,sc60kg,spot,,,physical
2026-07-22,sorgo,sorgo-mercado-fisico-media,Sorgo - Mercado Físico,Média RS (Clicmercado),,variacao_pct,0.0,"0,00",%,change_pct,,pct,spot,,,physical
2026-07-22,sorgo,sorgo-mercado-fisico-media,Sorgo - Mercado Físico,Oeste da Bahia/BA (AIBA),,preco,43.83,"43,83",R$/sc,price,BRL,sc60kg,spot,,BA,physical
2026-07-22,sorgo,sorgo-mercado-fisico-media,Sorgo - Mercado Físico,Oeste da Bahia/BA (AIBA),,variacao_pct,0.0,"0,00",%,change_pct,,pct,spot,,BA,physical
2026-07-22,sorgo,sorgo-mercado-fisico-media,Sorgo - Mercado Físico,Rio Verde/GO (Comigo),,preco,46.0,"46,00",R$/sc,price,BRL,sc60kg,spot,,GO,physical
2026-07-22,sorgo,sorgo-mercado-fisico-media,Sorgo - Mercado Físico,Rio Verde/GO (Comigo),,variacao_pct,2.22,"+2,22",%,change_pct,,pct,spot,,GO,physical
2026-07-22,sorgo,sorgo-mercado-fisico-media,Sorgo - Mercado Físico,Rio do Sul/SC (Cravil),,preco,54.0,"54,00",R$/sc,price,BRL,sc60kg,spot,,SC,physical
2026-07-22,sorgo,sorgo-mercado-fisico-media,Sorgo - Mercado Físico,Rio do Sul/SC (Cravil),,variacao_pct,0.0,"0,00",%,change_pct,,pct,spot,,SC,physical
2026-07-23,sorgo,sorgo-mercado-fisico-media,Sorgo - Mercado Físico,Cândido Mota/SP (Coopermota),,preco,44.8,"44,80",R$/sc,price,BRL,sc60kg,spot,,SP,physical
2026-07-23,sorgo,sorgo-mercado-fisico-media,Sorgo - Mercado Físico,Cândido Mota/SP (Coopermota),,variacao_pct,1.82,"+1,82",%,change_pct,,pct,spot,,SP,physical
2026-07-23,sorgo,sorgo-mercado-fisico-media,Sorgo - Mercado Físico,Jataí/GO (Sindicato Rural de Jataí),,preco,46.0,"46,00",R$/sc,price,BRL,sc60kg,spot,,GO,physical
2026-07-23,sorgo,sorgo-mercado-fisico-media,Sorgo - Mercado Físico,Jataí/GO (Sindicato Rural de Jataí),,variacao_pct,0.0,"0,00",%,change_pct,,pct,spot,,GO,physical
2026-07-23,sorgo,sorgo-mercado-fisico-media,Sorgo - Mercado Físico,Luís Eduardo Magalhães/BA,,preco,42.0,"42,00",R$/sc,price,BRL,sc60kg,spot,,BA,physical
2026-07-23,sorgo,sorgo-mercado-fisico-media,Sorgo - Mercado Físico,Luís Eduardo Magalhães/BA,,variacao_pct,0.0,"0,00",%,change_pct,,pct,spot,,BA,physical
2026-07-23,sorgo,sorgo-mercado-fisico-media,Sorgo - Mercado Físico,Média RS (Clicmercado),,preco,50.0,"50,00",R$/sc,price,BRL,sc60kg,spot,,,physical
2026-07-23,sorgo,sorgo-mercado-fisico-media,Sorgo - Mercado Físico,Média RS (Clicmercado),,variacao_pct,0.0,"0,00",%,change_pct,,pct,spot,,,physical
2026-07-23,sorgo,sorgo-mercado-fisico-media,Sorgo - Mercado Físico,Oeste da Bahia/BA (AIBA),,preco,43.83,"43,83",R$/sc,price,BRL,sc60kg,spot,,BA,physical
2026-07-23,sorgo,sorgo-mercado-fisico-media,Sorgo - Mercado Físico,Oeste da Bahia/BA (AIBA),,variacao_pct,0.0,"0,00",%,change_pct,,pct,spot,,BA,physical
2026-07-23,sorgo,sorgo-mercado-fisico-media,Sorgo - Mercado Físico,Rio Verde/GO (Comigo),,preco,46.0,"46,00",R$/sc,price,BRL,sc60kg,spot,,GO,physical
2026-07-23,sorgo,sorgo-mercado-fisico-media,Sorgo - Mercado Físico,Rio Verde/GO (Comigo),,variacao_pct,0.0,"0,00",%,change_pct,,pct,spot,,GO,physical
2026-07-23,sorgo,sorgo-mercado-fisico-media,Sorgo - Mercado Físico,Rio do Sul/SC (Cravil),,preco,54.0,"54,00",R$/sc,price,BRL,sc60kg,spot,,SC,physical
2026-07-23,sorgo,sorgo-mercado-fisico-media,Sorgo - Mercado Físico,Rio do Sul/SC (Cravil),,variacao_pct,0.0,"0,00",%,change_pct,,pct,spot,,SC,physical
2026-07-24,sorgo,sorgo-mercado-fisico-media,Sorgo - Mercado Físico,Cândido Mota/SP (Coopermota),,preco,45.6,"45,60",R$/sc,price,BRL,sc60kg,spot,,SP,physical
2026-07-24,sorgo,sorgo-mercado-fisico-media,Sorgo - Mercado Físico,Cândido Mota/SP (Coopermota),,variacao_pct,1.79,"+1,79",%,change_pct,,pct,spot,,SP,physical
2026-07-24,sorgo,sorgo-mercado-fisico-media,Sorgo - Mercado Físico,Jataí/GO (Sindicato Rural de Jataí),,preco,46.0,"46,00",R$/sc,price,BRL,sc60kg,spot,,GO,physical
2026-07-24,sorgo,sorgo-mercado-fisico-media,Sorgo - Mercado Físico,Jataí/GO (Sindicato Rural de Jataí),,variacao_pct,0.0,"0,00",%,change_pct,,pct,spot,,GO,physical
2026-07-24,sorgo,sorgo-mercado-fisico-media,Sorgo - Mercado Físico,Luís Eduardo Magalhães/BA,,preco,42.0,"42,00",R$/sc,price,BRL,sc60kg,spot,,BA,physical
2026-07-24,sorgo,sorgo-mercado-fisico-media,Sorgo - Mercado Físico,Luís Eduardo Magalhães/BA,,variacao_pct,0.0,"0,00",%,change_pct,,pct,spot,,BA,physical
2026-07-24,sorgo,sorgo-mercado-fisico-media,Sorgo - Mercado Físico,Média RS (Clicmercado),,preco,50.0,"50,00",R$/sc,price,BRL,sc60kg,spot,,,physical
2026-07-24,sorgo,sorgo-mercado-fisico-media,Sorgo - Mercado Físico,Média RS (Clicmercado),,variacao_pct,0.0,"0,00",%,change_pct,,pct,spot,,,physical
2026-07-24,sorgo,sorgo-mercado-fisico-media,Sorgo - Mercado Físico,Oeste da Bahia/BA (AIBA),,preco,43.83,"43,83",R$/sc,price,BRL,sc60kg,spot,,BA,physical
2026-07-24,sorgo,sorgo-mercado-fisico-media,Sorgo - Mercado Físico,Oeste da Bahia/BA (AIBA),,variacao_pct,0.0,"0,00",%,change_pct,,pct,spot,,BA,physical
2026-07-24,sorgo,sorgo-mercado-fisico-media,Sorgo - Mercado Físico,Rio Verde/GO (Comigo),,preco,46.0,"46,00",R$/sc,price,BRL,sc60kg,spot,,GO,physical
2026-07-24,sorgo,sorgo-mercado-fisico-media,Sorgo - Mercado Físico,Rio Verde/GO (Comigo),,variacao_pct,0.0,"0,00",%,change_pct,,pct,spot,,GO,physical
2026-07-24,sorgo,sorgo-mercado-fisico-media,Sorgo - Mercado Físico,Rio do Sul/SC (Cravil),,preco,54.0,"54,00",R$/sc,price,BRL,sc60kg,spot,,SC,physical
2026-07-24,sorgo,sorgo-mercado-fisico-media,Sorgo - Mercado Físico,Rio do Sul/SC (Cravil),,variacao_pct,0.0,"0,00",%,change_pct,,pct,spot,,SC,physical
2026-07-27,sorgo,sorgo-mercado-fisico-media,Sorgo - Mercado Físico,Cândido Mota/SP (Coopermota),,preco,45.6,"45,60",R$/sc,price,BRL,sc60kg,spot,,SP,physical
2026-07-27,sorgo,sorgo-mercado-fisico-media,Sorgo - Mercado Físico,Cândido Mota/SP (Coopermota),,variacao_pct,0.0,"0,00",%,change_pct,,pct,spot,,SP,physical
2026-07-27,sorgo,sorgo-mercado-fisico-media,Sorgo - Mercado Físico,Jataí/GO (Sindicato Rural de Jataí),,preco,46.0,"46,00",R$/sc,price,BRL,sc60kg,spot,,GO,physical
2026-07-27,sorgo,sorgo-mercado-fisico-media,Sorgo - Mercado Físico,Jataí/GO (Sindicato Rural de Jataí),,variacao_pct,0.0,"0,00",%,change_pct,,pct,spot,,GO,physical
2026-07-27,sorgo,sorgo-mercado-fisico-media,Sorgo - Mercado Físico,Luís Eduardo Magalhães/BA,,preco,42.0,"42,00",R$/sc,price,BRL,sc60kg,spot,,BA,physical
2026-07-27,sorgo,sorgo-mercado-fisico-media,Sorgo - Mercado Físico,Luís Eduardo Magalhães/BA,,variacao_pct,0.0,"0,00",%,change_pct,,pct,spot,,BA,physical
2026-07-27,sorgo,sorgo-mercado-fisico-media,Sorgo - Mercado Físico,Média RS (Clicmercado),,preco,50.0,"50,00",R$/sc,price,BRL,sc60kg,spot,,,physical
2026-07-27,sorgo,sorgo-mercado-fisico-media,Sorgo - Mercado Físico,Média RS (Clicmercado),,variacao_pct,0.0,"0,00",%,change_pct,,pct,spot,,,physical
2026-07-27,sorgo,sorgo-mercado-fisico-media,Sorgo - Mercado Físico,Oeste da Bahia/BA (AIBA),,preco,43.83,"43,83",R$/sc,price,BRL,sc60kg,spot,,BA,physical
2026-07-27,sorgo,sorgo-mercado-fisico-media,Sorgo - Mercado Físico,Oeste da Bahia/BA (AIBA),,variacao_pct,0.0,"0,00",%,change_pct,,pct,spot,,BA,physical
2026-07-27,sorgo,sorgo-mercado-fisico-media,Sorgo - Mercado Físico,Rio Verde/GO (Comigo),,preco,46.0,"46,00",R$/sc,price,BRL,sc60kg,spot,,GO,physical
2026-07-27,sorgo,sorgo-mercado-fisico-media,Sorgo - Mercado Físico,Rio Verde/GO (Comigo),,variacao_pct,0.0,"0,00",%,change_pct,,pct,spot,,GO,physical
2026-07-27,sorgo,sorgo-mercado-fisico-media,Sorgo - Mercado Físico,Rio do Sul/SC (Cravil),,preco,54.0,"54,00",R$/sc,price,BRL,sc60kg,spot,,SC,physical
2026-07-27,sorgo,sorgo-mercado-fisico-media,Sorgo - Mercado Físico,Rio do Sul/SC (Cravil),,variacao_pct,0.0,"0,00",%,change_pct,,pct,spot,,SC,physical
2026-07-28,sorgo,sorgo-mercado-fisico-media,Sorgo - Mercado Físico,Cândido Mota/SP (Coopermota),,preco,46.4,"46,40",R$/sc,price,BRL,sc60kg,spot,,SP,physical
2026-07-28,sorgo,sorgo-mercado-fisico-media,Sorgo - Mercado Físico,Cândido Mota/SP (Coopermota),,variacao_pct,1.75,"+1,75",%,change_pct,,pct,spot,,SP,physical
2026-07-28,sorgo,sorgo-mercado-fisico-media,Sorgo - Mercado Físico,Jataí/GO (Sindicato Rural de Jataí),,preco,46.0,"46,00",R$/sc,price,BRL,sc60kg,spot,,GO,physical
2026-07-28,sorgo,sorgo-mercado-fisico-media,Sorgo - Mercado Físico,Jataí/GO (Sindicato Rural de Jataí),,variacao_pct,0.0,"0,00",%,change_pct,,pct,spot,,GO,physical
2026-07-28,sorgo,sorgo-mercado-fisico-media,Sorgo - Mercado Físico,Luís Eduardo Magalhães/BA,,preco,42.0,"42,00",R$/sc,price,BRL,sc60kg,spot,,BA,physical
2026-07-28,sorgo,sorgo-mercado-fisico-media,Sorgo - Mercado Físico,Luís Eduardo Magalhães/BA,,variacao_pct,0.0,"0,00",%,change_pct,,pct,spot,,BA,physical
2026-07-28,sorgo,sorgo-mercado-fisico-media,Sorgo - Mercado Físico,Média RS (Clicmercado),,preco,50.0,"50,00",R$/sc,price,BRL,sc60kg,spot,,,physical
2026-07-28,sorgo,sorgo-mercado-fisico-media,Sorgo - Mercado Físico,Média RS (Clicmercado),,variacao_pct,0.0,"0,00",%,change_pct,,pct,spot,,,physical
2026-07-28,sorgo,sorgo-mercado-fisico-media,Sorgo - Mercado Físico,Oeste da Bahia/BA (AIBA),,preco,43.33,"43,33",R$/sc,price,BRL,sc60kg,spot,,BA,physical
2026-07-28,sorgo,sorgo-mercado-fisico-media,Sorgo - Mercado Físico,Oeste da Bahia/BA (AIBA),,variacao_pct,-1.14,"-1,14",%,change_pct,,pct,spot,,BA,physical
2026-07-28,sorgo,sorgo-mercado-fisico-media,Sorgo - Mercado Físico,Rio Verde/GO (Comigo),,preco,46.0,"46,00",R$/sc,price,BRL,sc60kg,spot,,GO,physical
2026-07-28,sorgo,sorgo-mercado-fisico-media,Sorgo - Mercado Físico,Rio Verde/GO (Comigo),,variacao_pct,0.0,"0,00",%,change_pct,,pct,spot,,GO,physical
2026-07-28,sorgo,sorgo-mercado-fisico-media,Sorgo - Mercado Físico,Rio do Sul/SC (Cravil),,preco,54.0,"54,00",R$/sc,price,BRL,sc60kg,spot,,SC,physical
2026-07-28,sorgo,sorgo-mercado-fisico-media,Sorgo - Mercado Físico,Rio do Sul/SC (Cravil),,variacao_pct,0.0,"0,00",%,change_pct,,pct,spot,,SC,physical
2026-07-29,sorgo,sorgo-mercado-fisico-media,Sorgo - Mercado Físico,Cândido Mota/SP (Coopermota),,preco,46.4,"46,40",R$/sc,price,BRL,sc60kg,spot,,SP,physical
2026-07-29,sorgo,sorgo-mercado-fisico-media,Sorgo - Mercado Físico,Cândido Mota/SP (Coopermota),,variacao_pct,0.0,"0,00",%,change_pct,,pct,spot,,SP,physical
2026-07-29,sorgo,sorgo-mercado-fisico-media,Sorgo - Mercado Físico,Jataí/GO (Sindicato Rural de Jataí),,preco,46.0,"46,00",R$/sc,price,BRL,sc60kg,spot,,GO,physical
2026-07-29,sorgo,sorgo-mercado-fisico-media,Sorgo - Mercado Físico,Jataí/GO (Sindicato Rural de Jataí),,variacao_pct,0.0,"0,00",%,change_pct,,pct,spot,,GO,physical
2026-07-29,sorgo,sorgo-mercado-fisico-media,Sorgo - Mercado Físico,Luís Eduardo Magalhães/BA,,preco,42.0,"42,00",R$/sc,price,BRL,sc60kg,spot,,BA,physical
2026-07-29,sorgo,sorgo-mercado-fisico-media,Sorgo - Mercado Físico,Luís Eduardo Magalhães/BA,,variacao_pct,0.0,"0,00",%,change_pct,,pct,spot,,BA,physical
2026-07-29,sorgo,sorgo-mercado-fisico-media,Sorgo - Mercado Físico,Média RS (Clicmercado),,preco,50.0,"50,00",R$/sc,price,BRL,sc60kg,spot,,,physical
2026-07-29,sorgo,sorgo-mercado-fisico-media,Sorgo - Mercado Físico,Média RS (Clicmercado),,variacao_pct,0.0,"0,00",%,change_pct,,pct,spot,,,physical
2026-07-29,sorgo,sorgo-mercado-fisico-media,Sorgo - Mercado Físico,Oeste da Bahia/BA (AIBA),,preco,43.33,"43,33",R$/sc,price,BRL,sc60kg,spot,,BA,physical
2026-07-29,sorgo,sorgo-mercado-fisico-media,Sorgo - Mercado Físico,Oeste da Bahia/BA (AIBA),,variacao_pct,0.0,"0,00",%,change_pct,,pct,spot,,BA,physical
2026-07-29,sorgo,sorgo-mercado-fisico-media,Sorgo - Mercado Físico,Rio Verde/GO (Comigo),,preco,46.0,"46,00",R$/sc,price,BRL,sc60kg,spot,,GO,physical
2026-07-29,sorgo,sorgo-mercado-fisico-media,Sorgo - Mercado Físico,Rio Verde/GO (Comigo),,variacao_pct,0.0,"0,00",%,change_pct,,pct,spot,,GO,physical
2026-07-29,sorgo,sorgo-mercado-fisico-media,Sorgo - Mercado Físico,Rio do Sul/SC (Cravil),,preco,54.0,"54,00",R$/sc,price,BRL,sc60kg,spot,,SC,physical
2026-07-29,sorgo,sorgo-mercado-fisico-media,Sorgo - Mercado Físico,Rio do Sul/SC (Cravil),,variacao_pct,0.0,"0,00",%,change_pct,,pct,spot,,SC,physical
2026-07-30,sorgo,sorgo-mercado-fisico-media,Sorgo - Mercado Físico,Cândido Mota/SP (Coopermota),,preco,46.4,"46,40",R$/sc,price,BRL,sc60kg,spot,,SP,physical
2026-07-30,sorgo,sorgo-mercado-fisico-media,Sorgo - Mercado Físico,Cândido Mota/SP (Coopermota),,variacao_pct,0.0,"0,00",%,change_pct,,pct,spot,,SP,physical
2026-07-30,sorgo,sorgo-mercado-fisico-media,Sorgo - Mercado Físico,Jataí/GO (Sindicato Rural de Jataí),,preco,46.0,"46,00",R$/sc,price,BRL,sc60kg,spot,,GO,physical
2026-07-30,sorgo,sorgo-mercado-fisico-media,Sorgo - Mercado Físico,Jataí/GO (Sindicato Rural de Jataí),,variacao_pct,0.0,"0,00",%,change_pct,,pct,spot,,GO,physical
2026-07-30,sorgo,sorgo-mercado-fisico-media,Sorgo - Mercado Físico,Luís Eduardo Magalhães/BA,,preco,42.0,"42,00",R$/sc,price,BRL,sc60kg,spot,,BA,physical
2026-07-30,sorgo,sorgo-mercado-fisico-media,Sorgo - Mercado Físico,Luís Eduardo Magalhães/BA,,variacao_pct,0.0,"0,00",%,change_pct,,pct,spot,,BA,physical
2026-07-30,sorgo,sorgo-mercado-fisico-media,Sorgo - Mercado Físico,Média RS (Clicmercado),,preco,50.0,"50,00",R$/sc,price,BRL,sc60kg,spot,,,physical
2026-07-30,sorgo,sorgo-mercado-fisico-media,Sorgo - Mercado Físico,Média RS (Clicmercado),,variacao_pct,0.0,"0,00",%,change_pct,,pct,spot,,,physical
2026-07-30,sorgo,sorgo-mercado-fisico-media,Sorgo - Mercado Físico,Oeste da Bahia/BA (AIBA),,preco,43.33,"43,33",R$/sc,price,BRL,sc60kg,spot,,BA,physical
2026-07-30,sorgo,sorgo-mercado-fisico-media,Sorgo - Mercado Físico,Oeste da Bahia/BA (AIBA),,variacao_pct,0.0,"0,00",%,change_pct,,pct,spot,,BA,physical
2026-07-30,sorgo,sorgo-mercado-fisico-media,Sorgo - Mercado Físico,Rio Verde/GO (Comigo),,preco,46.0,"46,00",R$/sc,price,BRL,sc60kg,spot,,GO,physical
2026-07-30,sorgo,sorgo-mercado-fisico-media,Sorgo - Mercado Físico,Rio Verde/GO (Comigo),,variacao_pct,0.0,"0,00",%,change_pct,,pct,spot,,GO,physical
2026-07-30,sorgo,sorgo-mercado-fisico-media,Sorgo - Mercado Físico,Rio do Sul/SC (Cravil),,preco,54.0,"54,00",R$/sc,price,BRL,sc60kg,spot,,SC,physical
2026-07-30,sorgo,sorgo-mercado-fisico-media,Sorgo - Mercado Físico,Rio do Sul/SC (Cravil),,variacao_pct,0.0,"0,00",%,change_pct,,pct,spot,,SC,physical
2026-07-31,sorgo,sorgo-mercado-fisico-media,Sorgo - Mercado Físico,Cândido Mota/SP (Coopermota),,preco,46.4,"46,40",R$/sc,price,BRL,sc60kg,spot,,SP,physical
2026-07-31,sorgo,sorgo-mercado-fisico-media,Sorgo - Mercado Físico,Cândido Mota/SP (Coopermota),,variacao_pct,0.0,"0,00",%,change_pct,,pct,spot,,SP,physical
2026-07-31,sorgo,sorgo-mercado-fisico-media,Sorgo - Mercado Físico,Jataí/GO (Sindicato Rural de Jataí),,preco,46.0,"46,00",R$/sc,price,BRL,sc60kg,spot,,GO,physical
2026-07-31,sorgo,sorgo-mercado-fisico-media,Sorgo - Mercado Físico,Jataí/GO (Sindicato Rural de Jataí),,variacao_pct,0.0,"0,00",%,change_pct,,pct,spot,,GO,physical
2026-07-31,sorgo,sorgo-mercado-fisico-media,Sorgo - Mercado Físico,Luís Eduardo Magalhães/BA,,preco,42.0,"42,00",R$/sc,price,BRL,sc60kg,spot,,BA,physical
2026-07-31,sorgo,sorgo-mercado-fisico-media,Sorgo - Mercado Físico,Luís Eduardo Magalhães/BA,,variacao_pct,0.0,"0,00",%,change_pct,,pct,spot,,BA,physical
2026-07-31,sorgo,sorgo-mercado-fisico-media,Sorgo - Mercado Físico,Média RS (Clicmercado),,preco,50.0,"50,00",R$/sc,price,BRL,sc60kg,spot,,,physical
2026-07-31,sorgo,sorgo-mercado-fisico-media,Sorgo - Mercado Físico,Média RS (Clicmercado),,variacao_pct,0.0,"0,00",%,change_pct,,pct,spot,,,physical
2026-07-31,sorgo,sorgo-mercado-fisico-media,Sorgo - Mercado Físico,Oeste da Bahia/BA (AIBA),,preco,43.5,"43,50",R$/sc,price,BRL,sc60kg,spot,,BA,physical
2026-07-31,sorgo,sorgo-mercado-fisico-media,Sorgo - Mercado Físico,Oeste da Bahia/BA (AIBA),,variacao_pct,0.39,"+0,39",%,change_pct,,pct,spot,,BA,physical
2026-07-31,sorgo,sorgo-mercado-fisico-media,Sorgo - Mercado Físico,Rio Verde/GO (Comigo),,preco,46.0,"46,00",R$/sc,price,BRL,sc60kg,spot,,GO,physical
2026-07-31,sorgo,sorgo-mercado-fisico-media,Sorgo - Mercado Físico,Rio Verde/GO (Comigo),,variacao_pct,0.0,"0,00",%,change_pct,,pct,spot,,GO,physical
2026-07-31,sorgo,sorgo-mercado-fisico-media,Sorgo - Mercado Físico,Rio do Sul/SC (Cravil),,preco,54.0,"54,00",R$/sc,price,BRL,sc60kg,spot,,SC,physical
2026-07-31,sorgo,sorgo-mercado-fisico-media,Sorgo - Mercado Físico,Rio do Sul/SC (Cravil),,variacao_pct,0.0,"0,00",%,change_pct,,pct,spot,,SC,physical
2026-08-03,sorgo,sorgo-mercado-fisico-media,Sorgo - Mercado Físico,Cândido Mota/SP (Coopermota),,preco,46.4,"46,40",R$/sc,price,BRL,sc60kg,spot,,SP,physical
2026-08-03,sorgo,sorgo-mercado-fisico-media,Sorgo - Mercado Físico,Cândido Mota/SP (Coopermota),,variacao_pct,0.0,"0,00",%,change_pct,,pct,spot,,SP,physical
2026-08-03,sorgo,sorgo-mercado-fisico-media,Sorgo - Mercado Físico,Jataí/GO (Sindicato Rural de Jataí),,preco,46.0,"46,00",R$/sc,price,BRL,sc60kg,spot,,GO,physical
2026-08-03,sorgo,sorgo-mercado-fisico-media,Sorgo - Mercado Físico,Jataí/GO (Sindicato Rural de Jataí),,variacao_pct,0.0,"0,00",%,change_pct,,pct,spot,,GO,physical
2026-08-03,sorgo,sorgo-mercado-fisico-media,Sorgo - Mercado Físico,Luís Eduardo Magalhães/BA,,preco,42.0,"42,00",R$/sc,price,BRL,sc60kg,spot,,BA,physical
2026-08-03,sorgo,sorgo-mercado-fisico-media,Sorgo - Mercado Físico,Luís Eduardo Magalhães/BA,,variacao_pct,0.0,"0,00",%,change_pct,,pct,spot,,BA,physical
2026-08-03,sorgo,sorgo-mercado-fisico-media,Sorgo - Mercado Físico,Média RS (Clicmercado),,preco,50.0,"50,00",R$/sc,price,BRL,sc60kg,spot,,,physical
2026-08-03,sorgo,sorgo-mercado-fisico-media,Sorgo - Mercado Físico,Média RS (Clicmercado),,variacao_pct,0.0,"0,00",%,change_pct,,pct,spot,,,physical
2026-08-03,sorgo,sorgo-mercado-fisico-media,Sorgo - Mercado Físico,Oeste da Bahia/BA (AIBA),,preco,43.67,"43,67",R$/sc,price,BRL,sc60kg,spot,,BA,physical
2026-08-03,sorgo,sorgo-mercado-fisico-media,Sorgo - Mercado Físico,Oeste da Bahia/BA (AIBA),,variacao_pct,0.39,"+0,39",%,change_pct,,pct,spot,,BA,physical
2026-08-03,sorgo,sorgo-mercado-fisico-media,Sorgo - Mercado Físico,Rio Verde/GO (Comigo),,preco,46.0,"46,00",R$/sc,price,BRL,sc60kg,spot,,GO,physical
2026-08-03,sorgo,sorgo-mercado-fisico-media,Sorgo - Mercado Físico,Rio Verde/GO (Comigo),,variacao_pct,0.0,"0,00",%,change_pct,,pct,spot,,GO,physical
2026-08-03,sorgo,sorgo-mercado-fisico-media,Sorgo - Mercado Físico,Rio do Sul/SC (Cravil),,preco,54.0,"54,00",R$/sc,price,BRL,sc60kg,spot,,SC,physical
2026-08-03,sorgo,sorgo-mercado-fisico-media,Sorgo - Mercado Físico,Rio do Sul/SC (Cravil),,variacao_pct,0.0,"0,00",%,change_pct,,pct,spot,,SC,physical
2026-08-04,sorgo,sorgo-mercado-fisico-media,Sorgo - Mercado Físico,Cândido Mota/SP (Coopermota),,preco,46.4,"46,40",R$/sc,price,BRL,sc60kg,spot,,SP,physical
2026-08-04,sorgo,sorgo-mercado-fisico-media,Sorgo - Mercado Físico,Cândido Mota/SP (Coopermota),,variacao_pct,0.0,"0,00",%,change_pct,,pct,spot,,SP,physical
2026-08-04,sorgo,sorgo-mercado-fisico-media,Sorgo - Mercado Físico,Jataí/GO (Sindicato Rural de Jataí),,preco,46.0,"46,00",R$/sc,price,BRL,sc60kg,spot,,GO,physical
2026-08-04,sorgo,sorgo-mercado-fisico-media,Sorgo - Mercado Físico,Jataí/GO (Sindicato Rural de Jataí),,variacao_pct,0.0,"0,00",%,change_pct,,pct,spot,,GO,physical
2026-08-04,sorgo,sorgo-mercado-fisico-media,Sorgo - Mercado Físico,Luís Eduardo Magalhães/BA,,preco,42.0,"42,00",R$/sc,price,BRL,sc60kg,spot,,BA,physical
2026-08-04,sorgo,sorgo-mercado-fisico-media,Sorgo - Mercado Físico,Luís Eduardo Magalhães/BA,,variacao_pct,0.0,"0,00",%,change_pct,,pct,spot,,BA,physical
2026-08-04,sorgo,sorgo-mercado-fisico-media,Sorgo - Mercado Físico,Média RS (Clicmercado),,preco,50.0,"50,00",R$/sc,price,BRL,sc60kg,spot,,,physical
2026-08-04,sorgo,sorgo-mercado-fisico-media,Sorgo - Mercado Físico,Média RS (Clicmercado),,variacao_pct,0.0,"0,00",%,change_pct,,pct,spot,,,physical
2026-08-04,sorgo,sorgo-mercado-fisico-media,Sorgo - Mercado Físico,Oeste da Bahia/BA (AIBA),,preco,43.67,"43,67",R$/sc,price,BRL,sc60kg,spot,,BA,physical
2026-08-04,sorgo,sorgo-mercado-fisico-media,Sorgo - Mercado Físico,Oeste da Bahia/BA (AIBA),,variacao_pct,0.0,"0,00",%,change_pct,,pct,spot,,BA,physical
2026-08-04,sorgo,sorgo-mercado-fisico-media,Sorgo - Mercado Físico,Rio Verde/GO (Comigo),,preco,46.0,"46,00",R$/sc,price,BRL,sc60kg,spot,,GO,physical
2026-08-04,sorgo,sorgo-mercado-fisico-media,Sorgo - Mercado Físico,Rio Verde/GO (Comigo),,variacao_pct,0.0,"0,00",%,change_pct,,pct,spot,,GO,physical
2026-08-04,sorgo,sorgo-mercado-fisico-media,Sorgo - Mercado Físico,Rio do Sul/SC (Cravil),,preco,54.0,"54,00",R$/sc,price,BRL,sc60kg,spot,,SC,physical
2026-08-04,sorgo,sorgo-mercado-fisico-media,Sorgo - Mercado Físico,Rio do Sul/SC (Cravil),,variacao_pct,0.0,"0,00",%,change_pct,,pct,spot,,SC,physical
2026-08-05,sorgo,sorgo-mercado-fisico-media,Sorgo - Mercado Físico,Cândido Mota/SP (Coopermota),,preco,46.4,"46,40",R$/sc,price,BRL,sc60kg,spot,,SP,physical
2026-08-05,sorgo,sorgo-mercado-fisico-media,Sorgo - Mercado Físico,Cândido Mota/SP (Coopermota),,variacao_pct,0.0,"0,00",%,change_pct,,pct,spot,,SP,physical
2026-08-05,sorgo,sorgo-mercado-fisico-media,Sorgo - Mercado Físico,Jataí/GO (Sindicato Rural de Jataí),,preco,47.0,"47,00",R$/sc,price,BRL,sc60kg,spot,,GO,physical
2026-08-05,sorgo,sorgo-mercado-fisico-media,Sorgo - Mercado Físico,Jataí/GO (Sindicato Rural de Jataí),,variacao_pct,2.17,"+2,17",%,change_pct,,pct,spot,,GO,physical
2026-08-05,sorgo,sorgo-mercado-fisico-media,Sorgo - Mercado Físico,Luís Eduardo Magalhães/BA,,preco,42.0,"42,00",R$/sc,price,BRL,sc60kg,spot,,BA,physical
2026-08-05,sorgo,sorgo-mercado-fisico-media,Sorgo - Mercado Físico,Luís Eduardo Magalhães/BA,,variacao_pct,0.0,"0,00",%,change_pct,,pct,spot,,BA,physical
2026-08-05,sorgo,sorgo-mercado-fisico-media,Sorgo - Mercado Físico,Média RS (Clicmercado),,preco,50.0,"50,00",R$/sc,price,BRL,sc60kg,spot,,,physical
2026-08-05,sorgo,sorgo-mercado-fisico-media,Sorgo - Mercado Físico,Média RS (Clicmercado),,variacao_pct,0.0,"0,00",%,change_pct,,pct,spot,,,physical
2026-08-05,sorgo,sorgo-mercado-fisico-media,Sorgo - Mercado Físico,Oeste da Bahia/BA (AIBA),,preco,43.67,"43,67",R$/sc,price,BRL,sc60kg,spot,,BA,physical
2026-08-05,sorgo,sorgo-mercado-fisico-media,Sorgo - Mercado Físico,Oeste da Bahia/BA (AIBA),,variacao_pct,0.0,"0,00",%,change_pct,,pct,spot,,BA,physical
2026-08-05,sorgo,sorgo-mercado-fisico-media,Sorgo - Mercado Físico,Rio Verde/GO (Comigo),,preco,46.0,"46,00",R$/sc,price,BRL,sc60kg,spot,,GO,physical
2026-08-05,sorgo,sorgo-mercado-fisico-media,Sorgo - Mercado Físico,Rio Verde/GO (Comigo),,variacao_pct,,-,%,change_pct,,pct,spot,,GO,physical
2026-08-05,sorgo,sorgo-mercado-fisico-media,Sorgo - Mercado Físico,Rio do Sul/SC (Cravil),,preco,54.0,"54,00",R$/sc,price,BRL,sc60kg,spot,,SC,physical
2026-08-05,sorgo,sorgo-mercado-fisico-media,Sorgo - Mercado Físico,Rio do Sul/SC (Cravil),,variacao_pct,0.0,"0,00",%,change_pct,,pct,spot,,SC,physical
2026-08-06,sorgo,sorgo-mercado-fisico-media,Sorgo - Mercado Físico,Cândido Mota/SP (Coopermota),,preco,46.4,"46,40",R$/sc,price,BRL,sc60kg,spot,,SP,physical
2026-08-06,sorgo,sorgo-mercado-fisico-media,Sorgo - Mercado Físico,Cândido Mota/SP (Coopermota),,variacao_pct,0.0,"0,00",%,change_pct,,pct,spot,,SP,physical
2026-08-06,sorgo,sorgo-mercado-fisico-media,Sorgo - Mercado Físico,Jataí/GO (Sindicato Rural de Jataí),,preco,47.0,"47,00",R$/sc,price,BRL,sc60kg,spot,,GO,physical
2026-08-06,sorgo,sorgo-mercado-fisico-media,Sorgo - Mercado Físico,Jataí/GO (Sindicato Rural de Jataí),,variacao_pct,0.0,"0,00",%,change_pct,,pct,spot,,GO,physical
2026-08-06,sorgo,sorgo-mercado-fisico-media,Sorgo - Mercado Físico,Luís Eduardo Magalhães/BA,,preco,42.0,"42,00",R$/sc,price,BRL,sc60kg,spot,,BA,physical
2026-08-06,sorgo,sorgo-mercado-fisico-media,Sorgo - Mercado Físico,Luís Eduardo Magalhães/BA,,variacao_pct,0.0,"0,00",%,change_pct,,pct,spot,,BA,physical
2026-08-06,sorgo,sorgo-mercado-fisico-media,Sorgo - Mercado Físico,Média RS (Clicmercado),,preco,50.0,"50,00",R$/sc,price,BRL,sc60kg,spot,,,physical
2026-08-06,sorgo,sorgo-mercado-fisico-media,Sorgo - Mercado Físico,Média RS (Clicmercado),,variacao_pct,0.0,"0,00",%,change_pct,,pct,spot,,,physical
2026-08-06,sorgo,sorgo-mercado-fisico-media,Sorgo - Mercado Físico,Oeste da Bahia/BA (AIBA),,preco,43.67,"43,67",R$/sc,price,BRL,sc60kg,spot,,BA,physical
2026-08-06,sorgo,sorgo-mercado-fisico-media,Sorgo - Mercado Físico,Oeste da Bahia/BA (AIBA),,variacao_pct,0.0,"0,00",%,change_pct,,pct,spot,,BA,physical
2026-08-06,sorgo,sorgo-mercado-fisico-media,Sorgo - Mercado Físico,Rio Verde/GO (Comigo),,preco,47.0,"47,00",R$/sc,price,BRL,sc60kg,spot,,GO,physical
2026-08-06,sorgo,sorgo-mercado-fisico-media,Sorgo - Mercado Físico,Rio Verde/GO (Comigo),,variacao_pct,2.17,"+2,17",%,change_pct,,pct,spot,,GO,physical
2026-08-06,sorgo,sorgo-mercado-fisico-media,Sorgo - Mercado Físico,Rio do Sul/SC (Cravil),,preco,54.0,"54,00",R$/sc,price,BRL,sc60kg,spot,,SC,physical
2026-08-06,sorgo,sorgo-mercado-fisico-media,Sorgo - Mercado Físico,Rio do Sul/SC (Cravil),,variacao_pct,0.0,"0,00",%,change_pct,,pct,spot,,SC,physical
2026-08-07,sorgo,sorgo-mercado-fisico-media,Sorgo - Mercado Físico,Cândido Mota/SP (Coopermota),,preco,46.4,"46,40",R$/sc,price,BRL,sc60kg,spot,,SP,physical
2026-08-07,sorgo,sorgo-mercado-fisico-media,Sorgo - Mercado Físico,Cândido Mota/SP (Coopermota),,variacao_pct,0.0,"0,00",%,change_pct,,pct,spot,,SP,physical
2026-08-07,sorgo,sorgo-mercado-fisico-media,Sorgo - Mercado Físico,Jataí/GO (Sindicato Rural de Jataí),,preco,48.0,"48,00",R$/sc,price,BRL,sc60kg,spot,,GO,physical
2026-08-07,sorgo,sorgo-mercado-fisico-media,Sorgo - Mercado Físico,Jataí/GO (Sindicato Rural de Jataí),,variacao_pct,2.13,"+2,13",%,change_pct,,pct,spot,,GO,physical
2026-08-07,sorgo,sorgo-mercado-fisico-media,Sorgo - Mercado Físico,Luís Eduardo Magalhães/BA,,preco,42.0,"42,00",R$/sc,price,BRL,sc60kg,spot,,BA,physical
2026-08-07,sorgo,sorgo-mercado-fisico-media,Sorgo - Mercado Físico,Luís Eduardo Magalhães/BA,,variacao_pct,0.0,"0,00",%,change_pct,,pct,spot,,BA,physical
2026-08-07,sorgo,sorgo-mercado-fisico-media,Sorgo - Mercado Físico,Média RS (Clicmercado),,preco,50.0,"50,00",R$/sc,price,BRL,sc60kg,spot,,,physical
2026-08-07,sorgo,sorgo-mercado-fisico-media,Sorgo - Mercado Físico,Média RS (Clicmercado),,variacao_pct,0.0,"0,00",%,change_pct,,pct,spot,,,physical
2026-08-07,sorgo,sorgo-mercado-fisico-media,Sorgo - Mercado Físico,Oeste da Bahia/BA (AIBA),,preco,43.67,"43,67",R$/sc,price,BRL,sc60kg,spot,,BA,physical
2026-08-07,sorgo,sorgo-mercado-fisico-media,Sorgo - Mercado Físico,Oeste da Bahia/BA (AIBA),,variacao_pct,0.0,"0,00",%,change_pct,,pct,spot,,BA,physical
2026-08-07,sorgo,sorgo-mercado-fisico-media,Sorgo - Mercado Físico,Rio Verde/GO (Comigo),,preco,48.0,"48,00",R$/sc,price,BRL,sc60kg,spot,,GO,physical
2026-08-07,sorgo,sorgo-mercado-fisico-media,Sorgo - Mercado Físico,Rio Verde/GO (Comigo),,variacao_pct,2.13,"+2,13",%,change_pct,,pct,spot,,GO,physical
2026-08-07,sorgo,sorgo-mercado-fisico-media,Sorgo - Mercado Físico,Rio do Sul/SC (Cravil),,preco,54.0,"54,00",R$/sc,price,BRL,sc60kg,spot,,SC,physical
2026-08-07,sorgo,sorgo-mercado-fisico-media,Sorgo - Mercado Físico,Rio do Sul/SC (Cravil),,variacao_pct,0.0,"0,00",%,change_pct,,pct,spot,,SC,physical
2026-08-10,sorgo,sorgo-mercado-fisico-media,Sorgo - Mercado Físico,Cândido Mota/SP (Coopermota),,preco,46.4,"46,40",R$/sc,price,BRL,sc60kg,spot,,SP,physical
2026-08-10,sorgo,sorgo-mercado-fisico-media,Sorgo - Mercado Físico,Cândido Mota/SP (Coopermota),,variacao_pct,0.0,"0,00",%,change_pct,,pct,spot,,SP,physical
2026-08-10,sorgo,sorgo-mercado-fisico-media,Sorgo - Mercado Físico,Jataí/GO (Sindicato Rural de Jataí),,preco,48.0,"48,00",R$/sc,price,BRL,sc60kg,spot,,GO,physical
2026-08-10,sorgo,sorgo-mercado-fisico-media,Sorgo - Mercado Físico,Jataí/GO (Sindicato Rural de Jataí),,variacao_pct,0.0,"0,00",%,change_pct,,pct,spot,,GO,physical
2026-08-10,sorgo,sorgo-mercado-fisico-media,Sorgo - Mercado Físico,Luís Eduardo Magalhães/BA,,preco,42.0,"42,00",R$/sc,price,BRL,sc60kg,spot,,BA,physical
2026-08-10,sorgo,sorgo-mercado-fisico-media,Sorgo - Mercado Físico,Luís Eduardo Magalhães/BA,,variacao_pct,0.0,"0,00",%,change_pct,,pct,spot,,BA,physical
2026-08-10,sorgo,sorgo-mercado-fisico-media,Sorgo - Mercado Físico,Média RS (Clicmercado),,preco,50.0,"50,00",R$/sc,price,BRL,sc60kg,spot,,,physical
2026-08-10,sorgo,sorgo-mercado-fisico-media,Sorgo - Mercado Físico,Média RS (Clicmercado),,variacao_pct,0.0,"0,00",%,change_pct,,pct,spot,,,physical
2026-08-10,sorgo,sorgo-mercado-fisico-media,Sorgo - Mercado Físico,Oeste da Bahia/BA (AIBA),,preco,43.67,"43,67",R$/sc,price,BRL,sc60kg,spot,,BA,physical
2026-08-10,sorgo,sorgo-mercado-fisico-media,Sorgo - Mercado Físico,Oeste da Bahia/BA (AIBA),,variacao_pct,0.0,"0,00",%,change_pct,,pct,spot,,BA,physical
2026-08-10,sorgo,sorgo-mercado-fisico-media,Sorgo - Mercado Físico,Rio Verde/GO (Comigo),,preco,48.0,"48,00",R$/sc,price,BRL,sc60kg,spot,,GO,physical
2026-08-10,sorgo,sorgo-mercado-fisico-media,Sorgo - Mercado Físico,Rio Verde/GO (Comigo),,variacao_pct,0.0,"0,00",%,change_pct,,pct,spot,,GO,physical
2026-08-10,sorgo,sorgo-mercado-fisico-media,Sorgo - Mercado Físico,Rio do Sul/SC (Cravil),,preco,54.0,"54,00",R$/sc,price,BRL,sc60kg,spot,,SC,physical
2026-08-10,sorgo,sorgo-mercado-fisico-media,Sorgo - Mercado Físico,Rio do Sul/SC (Cravil),,variacao_pct,0.0,"0,00",%,change_pct,,pct,spot,,SC,physical
2026-08-11,sorgo,sorgo-mercado-fisico-media,Sorgo - Mercado Físico,Cândido Mota/SP (Coopermota),,preco,46.4,"46,40",R$/sc,price,BRL,sc60kg,spot,,SP,physical
2026-08-11,sorgo,sorgo-mercado-fisico-media,Sorgo - Mercado Físico,Cândido Mota/SP (Coopermota),,variacao_pct,0.0,"0,00",%,change_pct,,pct,spot,,SP,physical
2026-08-11,sorgo,sorgo-mercado-fisico-media,Sorgo - Mercado Físico,Jataí/GO (Sindicato Rural de Jataí),,preco,48.0,"48,00",R$/sc,price,BRL,sc60kg,spot,,GO,physical
2026-08-11,sorgo,sorgo-mercado-fisico-media,Sorgo - Mercado Físico,Jataí/GO (Sindicato Rural de Jataí),,variacao_pct,0.0,"0,00",%,change_pct,,pct,spot,,GO,physical
2026-08-11,sorgo,sorgo-mercado-fisico-media,Sorgo - Mercado Físico,Luís Eduardo Magalhães/BA,,preco,42.0,"42,00",R$/sc,price,BRL,sc60kg,spot,,BA,physical
2026-08-11,sorgo,sorgo-mercado-fisico-media,Sorgo - Mercado Físico,Luís Eduardo Magalhães/BA,,variacao_pct,0.0,"0,00",%,change_pct,,pct,spot,,BA,physical
2026-08-11,sorgo,sorgo-mercado-fisico-media,Sorgo - Mercado Físico,Média RS (Clicmercado),,preco,50.0,"50,00",R$/sc,price,BRL,sc60kg,spot,,,physical
2026-08-11,sorgo,sorgo-mercado-fisico-media,Sorgo - Mercado Físico,Média RS (Clicmercado),,variacao_pct,0.0,"0,00",%,change_pct,,pct,spot,,,physical
2026-08-11,sorgo,sorgo-mercado-fisico-media,Sorgo - Mercado Físico,Oeste da Bahia/BA (AIBA),,preco,43.67,"43,67",R$/sc,price,BRL,sc60kg,spot,,BA,physical
2026-08-11,sorgo,sorgo-mercado-fisico-media,Sorgo - Mercado Físico,Oeste da Bahia/BA (AIBA),,variacao_pct,0.0,"0,00",%,change_pct,,pct,spot,,BA,physical
2026-08-11,sorgo,sorgo-mercado-fisico-media,Sorgo - Mercado Físico,Rio Verde/GO (Comigo),,preco,48.0,"48,00",R$/sc,price,BRL,sc60kg,spot,,GO,physical
2026-08-11,sorgo,sorgo-mercado-fisico-media,Sorgo - Mercado Físico,Rio Verde/GO (Comigo),,variacao_pct,0.0,"0,00",%,change_pct,,pct,spot,,GO,physical
2026-08-11,sorgo,sorgo-mercado-fisico-media,Sorgo - Mercado Físico,Rio do Sul/SC (Cravil),,preco,54.0,"54,00",R$/sc,price,BRL,sc60kg,spot,,SC,physical
2026-08-11,sorgo,sorgo-mercado-fisico-media,Sorgo - Mercado Físico,Rio do Sul/SC (Cravil),,variacao_pct,0.0,"0,00",%,change_pct,,pct,spot,,SC,physical
2026-08-12,sorgo,sorgo-mercado-fisico-media,Sorgo - Mercado Físico,Cândido Mota/SP (Coopermota),,preco,46.4,"46,40",R$/sc,price,BRL,sc60kg,spot,,SP,physical
2026-08-12,sorgo,sorgo-mercado-fisico-media,Sorgo - Mercado Físico,Cândido Mota/SP (Coopermota),,variacao_pct,0.0,"0,00",%,change_pct,,pct,spot,,SP,physical
2026-08-12,sorgo,sorgo-mercado-fisico-media,Sorgo - Mercado Físico,Jataí/GO (Sindicato Rural de Jataí),,preco,48.0,"48,00",R$/sc,price,BRL,sc60kg,spot,,GO,physical
2026-08-12,sorgo,sorgo-mercado-fisico-media,Sorgo - Mercado Físico,Jataí/GO (Sindicato Rural de Jataí),,variacao_pct,0.0,"0,00",%,change_pct,,pct,spot,,GO,physical
2026-08-12,sorgo,sorgo-mercado-fisico-media,Sorgo - Mercado Físico,Luís Eduardo Magalhães/BA,,preco,42.0,"42,00",R$/sc,price,BRL,sc60kg,spot,,BA,physical
2026-08-12,sorgo,sorgo-mercado-fisico-media,Sorgo - Mercado Físico,Luís Eduardo Magalhães/BA,,variacao_pct,0.0,"0,00",%,change_pct,,pct,spot,,BA,physical
2026-08-12,sorgo,sorgo-mercado-fisico-media,Sorgo - Mercado Físico,Média RS (Clicmercado),,preco,50.0,"50,00",R$/sc,price,BRL,sc60kg,spot,,,physical
2026-08-12,sorgo,sorgo-mercado-fisico-media,Sorgo - Mercado Físico,Média RS (Clicmercado),,variacao_pct,0.0,"0,00",%,change_pct,,pct,spot,,,physical
2026-08-12,sorgo,sorgo-mercado-fisico-media,Sorgo - Mercado Físico,Oeste da Bahia/BA (AIBA),,preco,44.0,"44,00",R$/sc,price,BRL,sc60kg,spot,,BA,physical
2026-08-12,sorgo,sorgo-mercado-fisico-media,Sorgo - Mercado Físico,Oeste da Bahia/BA (AIBA),,variacao_pct,0.76,"+0,76",%,change_pct,,pct,spot,,BA,physical
2026-08-12,sorgo,sorgo-mercado-fisico-media,Sorgo - Mercado Físico,Rio Verde/GO (Comigo),,preco,48.0,"48,00",R$/sc,price,BRL,sc60kg,spot,,GO,physical
2026-08-12,sorgo,sorgo-mercado-fisico-media,Sorgo - Mercado Físico,Rio Verde/GO (Comigo),,variacao_pct,0.0,"0,00",%,change_pct,,pct,spot,,GO,physical
2026-08-12,sorgo,sorgo-mercado-fisico-media,Sorgo - Mercado Físico,Rio do Sul/SC (Cravil),,preco,54.0,"54,00",R$/sc,price,BRL,sc60kg,spot,,SC,physical
2026-08-12,sorgo,sorgo-mercado-fisico-media,Sorgo - Mercado Físico,Rio do Sul/SC (Cravil),,variacao_pct,0.0,"0,00",%,change_pct,,pct,spot,,SC,physical
2026-08-13,sorgo,sorgo-mercado-fisico-media,Sorgo - Mercado Físico,Cândido Mota/SP (Coopermota),,preco,46.4,"46,40",R$/sc,price,BRL,sc60kg,spot,,SP,physical
2026-08-13,sorgo,sorgo-mercado-fisico-media,Sorgo - Mercado Físico,Cândido Mota/SP (Coopermota),,variacao_pct,0.0,"0,00",%,change_pct,,pct,spot,,SP,physical
2026-08-13,sorgo,sorgo-mercado-fisico-media,Sorgo - Mercado Físico,Jataí/GO (Sindicato Rural de Jataí),,preco,48.0,"48,00",R$/sc,price,BRL,sc60kg,spot,,GO,physical
2026-08-13,sorgo,sorgo-mercado-fisico-media,Sorgo - Mercado Físico,Jataí/GO (Sindicato Rural de Jataí),,variacao_pct,0.0,"0,00",%,change_pct,,pct,spot,,GO,physical
2026-08-13,sorgo,sorgo-mercado-fisico-media,Sorgo - Mercado Físico,Luís Eduardo Magalhães/BA,,preco,42.0,"42,00",R$/sc,price,BRL,sc60kg,spot,,BA,physical
2026-08-13,sorgo,sorgo-mercado-fisico-media,Sorgo - Mercado Físico,Luís Eduardo Magalhães/BA,,variacao_pct,0.0,"0,00",%,change_pct,,pct,spot,,BA,physical
2026-08-13,sorgo,sorgo-mercado-fisico-media,Sorgo - Mercado Físico,Média RS (Clicmercado),,preco,50.0,"50,00",R$/sc,price,BRL,sc60kg,spot,,,physical
2026-08-13,sorgo,sorgo-mercado-fisico-media,Sorgo - Mercado Físico,Média RS (Clicmercado),,variacao_pct,0.0,"0,00",%,change_pct,,pct,spot,,,physical
2026-08-13,sorgo,sorgo-mercado-fisico-media,Sorgo - Mercado Físico,Oeste da Bahia/BA (AIBA),,preco,44.0,"44,00",R$/sc,price,BRL,sc60kg,spot,,BA,physical
2026-08-13,sorgo,sorgo-mercado-fisico-media,Sorgo - Mercado Físico,Oeste da Bahia/BA (AIBA),,variacao_pct,0.0,"0,00",%,change_pct,,pct,spot,,BA,physical
2026-08-13,sorgo,sorgo-mercado-fisico-media,Sorgo - Mercado Físico,Rio Verde/GO (Comigo),,preco,48.0,"48,00",R$/sc,price,BRL,sc60kg,spot,,GO,physical
2026-08-13,sorgo,sorgo-mercado-fisico-media,Sorgo - Mercado Físico,Rio Verde/GO (Comigo),,variacao_pct,0.0,"0,00",%,change_pct,,pct,spot,,GO,physical
2026-08-13,sorgo,sorgo-mercado-fisico-media,Sorgo - Mercado Físico,Rio do Sul/SC (Cravil),,preco,54.0,"54,00",R$/sc,price,BRL,sc60kg,spot,,SC,physical
2026-08-13,sorgo,sorgo-mercado-fisico-media,Sorgo - Mercado Físico,Rio do Sul/SC (Cravil),,variacao_pct,0.0,"0,00",%,change_pct,,pct,spot,,SC,physical
2026-08-14,sorgo,sorgo-mercado-fisico-media,Sorgo - Mercado Físico,Cândido Mota/SP (Coopermota),,preco,46.4,"46,40",R$/sc,price,BRL,sc60kg,spot,,SP,physical
2026-08-14,sorgo,sorgo-mercado-fisico-media,Sorgo - Mercado Físico,Cândido Mota/SP (Coopermota),,variacao_pct,0.0,"0,00",%,change_pct,,pct,spot,,SP,physical
2026-08-14,sorgo,sorgo-mercado-fisico-media,Sorgo - Mercado Físico,Jataí/GO (Sindicato Rural de Jataí),,preco,49.0,"49,00",R$/sc,price,BRL,sc60kg,spot,,GO,physical
2026-08-14,sorgo,sorgo-mercado-fisico-media,Sorgo - Mercado Físico,Jataí/GO (Sindicato Rural de Jataí),,variacao_pct,2.08,"+2,08",%,change_pct,,pct,spot,,GO,physical
2026-08-14,sorgo,sorgo-mercado-fisico-media,Sorgo - Mercado Físico,Luís Eduardo Magalhães/BA,,preco,42.0,"42,00",R$/sc,price,BRL,sc60kg,spot,,BA,physical
2026-08-14,sorgo,sorgo-mercado-fisico-media,Sorgo - Mercado Físico,Luís Eduardo Magalhães/BA,,variacao_pct,0.0,"0,00",%,change_pct,,pct,spot,,BA,physical
2026-08-14,sorgo,sorgo-mercado-fisico-media,Sorgo - Mercado Físico,Média RS (Clicmercado),,preco,50.0,"50,00",R$/sc,price,BRL,sc60kg,spot,,,physical
2026-08-14,sorgo,sorgo-mercado-fisico-media,Sorgo - Mercado Físico,Média RS (Clicmercado),,variacao_pct,0.0,"0,00",%,change_pct,,pct,spot,,,physical
2026-08-14,sorgo,sorgo-mercado-fisico-media,Sorgo - Mercado Físico,Oeste da Bahia/BA (AIBA),,preco,44.0,"44,00",R$/sc,price,BRL,sc60kg,spot,,BA,physical
2026-08-14,sorgo,sorgo-mercado-fisico-media,Sorgo - Mercado Físico,Oeste da Bahia/BA (AIBA),,variacao_pct,0.0,"0,00",%,change_pct,,pct,spot,,BA,physical
2026-08-14,sorgo,sorgo-mercado-fisico-media,Sorgo - Mercado Físico,Rio Verde/GO (Comigo),,preco,49.0,"49,00",R$/sc,price,BRL,sc60kg,spot,,GO,physical
2026-08-14,sorgo,sorgo-mercado-fisico-media,Sorgo - Mercado Físico,Rio Verde/GO (Comigo),,variacao_pct,2.08,"+2,08",%,change_pct,,pct,spot,,GO,physical
2026-08-14,sorgo,sorgo-mercado-fisico-media,Sorgo - Mercado Físico,Rio do Sul/SC (Cravil),,preco,54.0,"54,00",R$/sc,price,BRL,sc60kg,spot,,SC,physical
2026-08-14,sorgo,sorgo-mercado-fisico-media,Sorgo - Mercado Físico,Rio do Sul/SC (Cravil),,variacao_pct,0.0,"0,00",%,change_pct,,pct,spot,,SC,physical
2026-08-17,sorgo,sorgo-mercado-fisico-media,Sorgo - Mercado Físico,Cândido Mota/SP (Coopermota),,preco,46.4,"46,40",R$/sc,price,BRL,sc60kg,spot,,SP,physical
2026-08-17,sorgo,sorgo-mercado-fisico-media,Sorgo - Mercado Físico,Cândido Mota/SP (Coopermota),,variacao_pct,0.0,"0,00",%,change_pct,,pct,spot,,SP,physical
2026-08-17,sorgo,sorgo-mercado-fisico-media,Sorgo - Mercado Físico,Jataí/GO (Sindicato Rural de Jataí),,preco,49.0,"49,00",R$/sc,price,BRL,sc60kg,spot,,GO,physical
2026-08-17,sorgo,sorgo-mercado-fisico-media,Sorgo - Mercado Físico,Jataí/GO (Sindicato Rural de Jataí),,variacao_pct,0.0,"0,00",%,change_pct,,pct,spot,,GO,physical
2026-08-17,sorgo,sorgo-mercado-fisico-media,Sorgo - Mercado Físico,Luís Eduardo Magalhães/BA,,preco,42.0,"42,00",R$/sc,price,BRL,sc60kg,spot,,BA,physical
2026-08-17,sorgo,sorgo-mercado-fisico-media,Sorgo - Mercado Físico,Luís Eduardo Magalhães/BA,,variacao_pct,0.0,"0,00",%,change_pct,,pct,spot,,BA,physical
2026-08-17,sorgo,sorgo-mercado-fisico-media,Sorgo - Mercado Físico,Média RS (Clicmercado),,preco,50.0,"50,00",R$/sc,price,BRL,sc60kg,spot,,,physical
2026-08-17,sorgo,sorgo-mercado-fisico-media,Sorgo - Mercado Físico,Média RS (Clicmercado),,variacao_pct,0.0,"0,00",%,change_pct,,pct,spot,,,physical
2026-08-17,sorgo,sorgo-mercado-fisico-media,Sorgo - Mercado Físico,Oeste da Bahia/BA (AIBA),,preco,45.67,"45,67",R$/sc,price,BRL,sc60kg,spot,,BA,physical
2026-08-17,sorgo,sorgo-mercado-fisico-media,Sorgo - Mercado Físico,Oeste da Bahia/BA (AIBA),,variacao_pct,3.8,"+3,80",%,change_pct,,pct,spot,,BA,physical
2026-08-17,sorgo,sorgo-mercado-fisico-media,Sorgo - Mercado Físico,Rio Verde/GO (Comigo),,preco,49.0,"49,00",R$/sc,price,BRL,sc60kg,spot,,GO,physical
2026-08-17,sorgo,sorgo-mercado-fisico-media,Sorgo - Mercado Físico,Rio Verde/GO (Comigo),,variacao_pct,0.0,"0,00",%,change_pct,,pct,spot,,GO,physical
2026-08-17,sorgo,sorgo-mercado-fisico-media,Sorgo - Mercado Físico,Rio do Sul/SC (Cravil),,preco,54.0,"54,00",R$/sc,price,BRL,sc60kg,spot,,SC,physical
2026-08-17,sorgo,sorgo-mercado-fisico-media,Sorgo - Mercado Físico,Rio do Sul/SC (Cravil),,variacao_pct,0.0,"0,00",%,change_pct,,pct,spot,,SC,physical
2026-08-18,sorgo,sorgo-mercado-fisico-media,Sorgo - Mercado Físico,Cândido Mota/SP (Coopermota),,preco,46.4,"46,40",R$/sc,price,BRL,sc60kg,spot,,SP,physical
2026-08-18,sorgo,sorgo-mercado-fisico-media,Sorgo - Mercado Físico,Cândido Mota/SP (Coopermota),,variacao_pct,0.0,"0,00",%,change_pct,,pct,spot,,SP,physical
2026-08-18,sorgo,sorgo-mercado-fisico-media,Sorgo - Mercado Físico,Jataí/GO (Sindicato Rural de Jataí),,preco,50.0,"50,00",R$/sc,price,BRL,sc60kg,spot,,GO,physical
2026-08-18,sorgo,sorgo-mercado-fisico-media,Sorgo - Mercado Físico,Jataí/GO (Sindicato Rural de Jataí),,variacao_pct,2.04,"+2,04",%,change_pct,,pct,spot,,GO,physical
2026-08-18,sorgo,sorgo-mercado-fisico-media,Sorgo - Mercado Físico,Luís Eduardo Magalhães/BA,,preco,42.0,"42,00",R$/sc,price,BRL,sc60kg,spot,,BA,physical
2026-08-18,sorgo,sorgo-mercado-fisico-media,Sorgo - Mercado Físico,Luís Eduardo Magalhães/BA,,variacao_pct,0.0,"0,00",%,change_pct,,pct,spot,,BA,physical
2026-08-18,sorgo,sorgo-mercado-fisico-media,Sorgo - Mercado Físico,Média RS (Clicmercado),,preco,50.0,"50,00",R$/sc,price,BRL,sc60kg,spot,,,physical
2026-08-18,sorgo,sorgo-mercado-fisico-media,Sorgo - Mercado Físico,Média RS (Clicmercado),,variacao_pct,0.0,"0,00",%,change_pct,,pct,spot,,,physical
2026-08-18,sorgo,sorgo-mercado-fisico-media,Sorgo - Mercado Físico,Oeste da Bahia/BA (AIBA),,preco,45.67,"45,67",R$/sc,price,BRL,sc60kg,spot,,BA,physical
2026-08-18,sorgo,sorgo-mercado-fisico-media,Sorgo - Mercado Físico,Oeste da Bahia/BA (AIBA),,variacao_pct,0.0,"0,00",%,change_pct,,pct,spot,,BA,physical
2026-08-18,sorgo,sorgo-mercado-fisico-media,Sorgo - Mercado Físico,Rio Verde/GO (Comigo),,preco,50.0,"50,00",R$/sc,price,BRL,sc60kg,spot,,GO,physical
2026-08-18,sorgo,sorgo-mercado-fisico-media,Sorgo - Mercado Físico,Rio Verde/GO (Comigo),,variacao_pct,2.04,"+2,04",%,change_pct,,pct,spot,,GO,physical
2026-08-18,sorgo,sorgo-mercado-fisico-media,Sorgo - Mercado Físico,Rio do Sul/SC (Cravil),,preco,54.0,"54,00",R$/sc,price,BRL,sc60kg,spot,,SC,physical
2026-08-18,sorgo,sorgo-mercado-fisico-media,Sorgo - Mercado Físico,Rio do Sul/SC (Cravil),,variacao_pct,0.0,"0,00",%,change_pct,,pct,spot,,SC,physical
2026-08-19,sorgo,sorgo-mercado-fisico-media,Sorgo - Mercado Físico,Cândido Mota/SP (Coopermota),,preco,46.4,"46,40",R$/sc,price,BRL,sc60kg,spot,,SP,physical
2026-08-19,sorgo,sorgo-mercado-fisico-media,Sorgo - Mercado Físico,Cândido Mota/SP (Coopermota),,variacao_pct,0.0,"0,00",%,change_pct,,pct,spot,,SP,physical
2026-08-19,sorgo,sorgo-mercado-fisico-media,Sorgo - Mercado Físico,Jataí/GO (Sindicato Rural de Jataí),,preco,50.0,"50,00",R$/sc,price,BRL,sc60kg,spot,,GO,physical
2026-08-19,sorgo,sorgo-mercado-fisico-media,Sorgo - Mercado Físico,Jataí/GO (Sindicato Rural de Jataí),,variacao_pct,0.0,"0,00",%,change_pct,,pct,spot,,GO,physical
2026-08-19,sorgo,sorgo-mercado-fisico-media,Sorgo - Mercado Físico,Luís Eduardo Magalhães/BA,,preco,42.0,"42,00",R$/sc,price,BRL,sc60kg,spot,,BA,physical
2026-08-19,sorgo,sorgo-mercado-fisico-media,Sorgo - Mercado Físico,Luís Eduardo Magalhães/BA,,variacao_pct,0.0,"0,00",%,change_pct,,pct,spot,,BA,physical
2026-08-19,sorgo,sorgo-mercado-fisico-media,Sorgo - Mercado Físico,Média RS (Clicmercado),,preco,50.0,"50,00",R$/sc,price,BRL,sc60kg,spot,,,physical
2026-08-19,sorgo,sorgo-mercado-fisico-media,Sorgo - Mercado Físico,Média RS (Clicmercado),,variacao_pct,0.0,"0,00",%,change_pct,,pct,spot,,,physical
2026-08-19,sorgo,sorgo-mercado-fisico-media,Sorgo - Mercado Físico,Oeste da Bahia/BA (AIBA),,preco,46.0,"46,00",R$/sc,price,BRL,sc60kg,spot,,BA,physical
2026-08-19,sorgo,sorgo-mercado-fisico-media,Sorgo - Mercado Físico,Oeste da Bahia/BA (AIBA),,variacao_pct,0.72,"+0,72",%,change_pct,,pct,spot,,BA,physical
2026-08-19,sorgo,sorgo-mercado-fisico-media,Sorgo - Mercado Físico,Rio Verde/GO (Comigo),,preco,50.0,"50,00",R$/sc,price,BRL,sc60kg,spot,,GO,physical
2026-08-19,sorgo,sorgo-mercado-fisico-media,Sorgo - Mercado Físico,Rio Verde/GO (Comigo),,variacao_pct,0.0,"0,00",%,change_pct,,pct,spot,,GO,physical
2026-08-19,sorgo,sorgo-mercado-fisico-media,Sorgo - Mercado Físico,Rio do Sul/SC (Cravil),,preco,54.0,"54,00",R$/sc,price,BRL,sc60kg,spot,,SC,physical
2026-08-19,sorgo,sorgo-mercado-fisico-media,Sorgo - Mercado Físico,Rio do Sul/SC (Cravil),,variacao_pct,0.0,"0,00",%,change_pct,,pct,spot,,SC,physical
2026-08-20,sorgo,sorgo-mercado-fisico-media,Sorgo - Mercado Físico,Cândido Mota/SP (Coopermota),,preco,46.4,"46,40",R$/sc,price,BRL,sc60kg,spot,,SP,physical
2026-08-20,sorgo,sorgo-mercado-fisico-media,Sorgo - Mercado Físico,Cândido Mota/SP (Coopermota),,variacao_pct,0.0,"0,00",%,change_pct,,pct,spot,,SP,physical
2026-08-20,sorgo,sorgo-mercado-fisico-media,Sorgo - Mercado Físico,Jataí/GO (Sindicato Rural de Jataí),,preco,50.5,"50,50",R$/sc,price,BRL,sc60kg,spot,,GO,physical
2026-08-20,sorgo,sorgo-mercado-fisico-media,Sorgo - Mercado Físico,Jataí/GO (Sindicato Rural de Jataí),,variacao_pct,1.0,"+1,00",%,change_pct,,pct,spot,,GO,physical
2026-08-20,sorgo,sorgo-mercado-fisico-media,Sorgo - Mercado Físico,Luís Eduardo Magalhães/BA,,preco,42.0,"42,00",R$/sc,price,BRL,sc60kg,spot,,BA,physical
2026-08-20,sorgo,sorgo-mercado-fisico-media,Sorgo - Mercado Físico,Luís Eduardo Magalhães/BA,,variacao_pct,0.0,"0,00",%,change_pct,,pct,spot,,BA,physical
2026-08-20,sorgo,sorgo-mercado-fisico-media,Sorgo - Mercado Físico,Média RS (Clicmercado),,preco,50.0,"50,00",R$/sc,price,BRL,sc60kg,spot,,,physical
2026-08-20,sorgo,sorgo-mercado-fisico-media,Sorgo - Mercado Físico,Média RS (Clicmercado),,variacao_pct,0.0,"0,00",%,change_pct,,pct,spot,,,physical
2026-08-20,sorgo,sorgo-mercado-fisico-media,Sorgo - Mercado Físico,Oeste da Bahia/BA (AIBA),,preco,46.0,"46,00",R$/sc,price,BRL,sc60kg,spot,,BA,physical
2026-08-20,sorgo,sorgo-mercado-fisico-media,Sorgo - Mercado Físico,Oeste da Bahia/BA (AIBA),,variacao_pct,0.0,"0,00",%,change_pct,,pct,spot,,BA,physical
2026-08-20,sorgo,sorgo-mercado-fisico-media,Sorgo - Mercado Físico,Rio Verde/GO (Comigo),,preco,50.5,"50,50",R$/sc,price,BRL,sc60kg,spot,,GO,physical
2026-08-20,sorgo,sorgo-mercado-fisico-media,Sorgo - Mercado Físico,Rio Verde/GO (Comigo),,variacao_pct,1.0,"+1,00",%,change_pct,,pct,spot,,GO,physical
2026-08-20,sorgo,sorgo-mercado-fisico-media,Sorgo - Mercado Físico,Rio do Sul/SC (Cravil),,preco,54.0,"54,00",R$/sc,price,BRL,sc60kg,spot,,SC,physical
2026-08-20,sorgo,sorgo-mercado-fisico-media,Sorgo - Mercado Físico,Rio do Sul/SC (Cravil),,variacao_pct,0.0,"0,00",%,change_pct,,pct,spot,,SC,physical
2026-08-21,sorgo,sorgo-mercado-fisico-media,Sorgo - Mercado Físico,Cândido Mota/SP (Coopermota),,preco,46.4,"46,40",R$/sc,price,BRL,sc60kg,spot,,SP,physical
2026-08-21,sorgo,sorgo-mercado-fisico-media,Sorgo - Mercado Físico,Cândido Mota/SP (Coopermota),,variacao_pct,0.0,"0,00",%,change_pct,,pct,spot,,SP,physical
2026-08-21,sorgo,sorgo-mercado-fisico-media,Sorgo - Mercado Físico,Jataí/GO (Sindicato Rural de Jataí),,preco,50.5,"50,50",R$/sc,price,BRL,sc60kg,spot,,GO,physical
2026-08-21,sorgo,sorgo-mercado-fisico-media,Sorgo - Mercado Físico,Jataí/GO (Sindicato Rural de Jataí),,variacao_pct,0.0,"0,00",%,change_pct,,pct,spot,,GO,physical
2026-08-21,sorgo,sorgo-mercado-fisico-media,Sorgo - Mercado Físico,Luís Eduardo Magalhães/BA,,preco,42.0,"42,00",R$/sc,price,BRL,sc60kg,spot,,BA,physical
2026-08-21,sorgo,sorgo-mercado-fisico-media,Sorgo - Mercado Físico,Luís Eduardo Magalhães/BA,,variacao_pct,0.0,"0,00",%,change_pct,,pct,spot,,BA,physical
2026-08-21,sorgo,sorgo-mercado-fisico-media,Sorgo - Mercado Físico,Média RS (Clicmercado),,preco,50.0,"50,00",R$/sc,price,BRL,sc60kg,spot,,,physical
2026-08-21,sorgo,sorgo-mercado-fisico-media,Sorgo - Mercado Físico,Média RS (Clicmercado),,variacao_pct,0.0,"0,00",%,change_pct,,pct,spot,,,physical
2026-08-21,sorgo,sorgo-mercado-fisico-media,Sorgo - Mercado Físico,Oeste da Bahia/BA (AIBA),,preco,48.33,"48,33",R$/sc,price,BRL,sc60kg,spot,,BA,physical
2026-08-21,sorgo,sorgo-mercado-fisico-media,Sorgo - Mercado Físico,Oeste da Bahia/BA (AIBA),,variacao_pct,5.07,"+5,07",%,change_pct,,pct,spot,,BA,physical
2026-08-21,sorgo,sorgo-mercado-fisico-media,Sorgo - Mercado Físico,Rio Verde/GO (Comigo),,preco,50.5,"50,50",R$/sc,price,BRL,sc60kg,spot,,GO,physical
2026-08-21,sorgo,sorgo-mercado-fisico-media,Sorgo - Mercado Físico,Rio Verde/GO (Comigo),,variacao_pct,0.0,"0,00",%,change_pct,,pct,spot,,GO,physical
2026-08-21,sorgo,sorgo-mercado-fisico-media,Sorgo - Mercado Físico,Rio do Sul/SC (Cravil),,preco,54.0,"54,00",R$/sc,price,BRL,sc60kg,spot,,SC,physical
2026-08-21,sorgo,sorgo-mercado-fisico-media,Sorgo - Mercado Físico,Rio do Sul/SC (Cravil),,variacao_pct,0.0,"0,00",%,change_pct,,pct,spot,,SC,physical
2026-08-24,sorgo,sorgo-mercado-fisico-media,Sorgo - Mercado Físico,Cândido Mota/SP (Coopermota),,preco,47.2,"47,20",R$/sc,price,BRL,sc60kg,spot,,SP,physical
2026-08-24,sorgo,sorgo-mercado-fisico-media,Sorgo - Mercado Físico,Cândido Mota/SP (Coopermota),,variacao_pct,1.72,"+1,72",%,change_pct,,pct,spot,,SP,physical
2026-08-24,sorgo,sorgo-mercado-fisico-media,Sorgo - Mercado Físico,Jataí/GO (Sindicato Rural de Jataí),,preco,51.0,"51,00",R$/sc,price,BRL,sc60kg,spot,,GO,physical
2026-08-24,sorgo,sorgo-mercado-fisico-media,Sorgo - Mercado Físico,Jataí/GO (Sindicato Rural de Jataí),,variacao_pct,0.99,"+0,99",%,change_pct,,pct,spot,,GO,physical
2026-08-24,sorgo,sorgo-mercado-fisico-media,Sorgo - Mercado Físico,Luís Eduardo Magalhães/BA,,preco,42.0,"42,00",R$/sc,price,BRL,sc60kg,spot,,BA,physical
2026-08-24,sorgo,sorgo-mercado-fisico-media,Sorgo - Mercado Físico,Luís Eduardo Magalhães/BA,,variacao_pct,0.0,"0,00",%,change_pct,,pct,spot,,BA,physical
2026-08-24,sorgo,sorgo-mercado-fisico-media,Sorgo - Mercado Físico,Média RS (Clicmercado),,preco,50.0,"50,00",R$/sc,price,BRL,sc60kg,spot,,,physical
2026-08-24,sorgo,sorgo-mercado-fisico-media,Sorgo - Mercado Físico,Média RS (Clicmercado),,variacao_pct,0.0,"0,00",%,change_pct,,pct,spot,,,physical
2026-08-24,sorgo,sorgo-mercado-fisico-media,Sorgo - Mercado Físico,Oeste da Bahia/BA (AIBA),,preco,45.33,"45,33",R$/sc,price,BRL,sc60kg,spot,,BA,physical
2026-08-24,sorgo,sorgo-mercado-fisico-media,Sorgo - Mercado Físico,Oeste da Bahia/BA (AIBA),,variacao_pct,-6.21,"-6,21",%,change_pct,,pct,spot,,BA,physical
2026-08-24,sorgo,sorgo-mercado-fisico-media,Sorgo - Mercado Físico,Rio Verde/GO (Comigo),,preco,51.0,"51,00",R$/sc,price,BRL,sc60kg,spot,,GO,physical
2026-08-24,sorgo,sorgo-mercado-fisico-media,Sorgo - Mercado Físico,Rio Verde/GO (Comigo),,variacao_pct,0.99,"+0,99",%,change_pct,,pct,spot,,GO,physical
2026-08-24,sorgo,sorgo-mercado-fisico-media,Sorgo - Mercado Físico,Rio do Sul/SC (Cravil),,preco,54.0,"54,00",R$/sc,price,BRL,sc60kg,spot,,SC,physical
2026-08-24,sorgo,sorgo-mercado-fisico-media,Sorgo - Mercado Físico,Rio do Sul/SC (Cravil),,variacao_pct,0.0,"0,00",%,change_pct,,pct,spot,,SC,physical
2026-08-25,sorgo,sorgo-mercado-fisico-media,Sorgo - Mercado Físico,Cândido Mota/SP (Coopermota),,preco,47.2,"47,20",R$/sc,price,BRL,sc60kg,spot,,SP,physical
2026-08-25,sorgo,sorgo-mercado-fisico-media,Sorgo - Mercado Físico,Cândido Mota/SP (Coopermota),,variacao_pct,0.0,"0,00",%,change_pct,,pct,spot,,SP,physical
2026-08-25,sorgo,sorgo-mercado-fisico-media,Sorgo - Mercado Físico,Jataí/GO (Sindicato Rural de Jataí),,preco,51.0,"51,00",R$/sc,price,BRL,sc60kg,spot,,GO,physical
2026-08-25,sorgo,sorgo-mercado-fisico-media,Sorgo - Mercado Físico,Jataí/GO (Sindicato Rural de Jataí),,variacao_pct,0.0,"0,00",%,change_pct,,pct,spot,,GO,physical
2026-08-25,sorgo,sorgo-mercado-fisico-media,Sorgo - Mercado Físico,Luís Eduardo Magalhães/BA,,preco,42.0,"42,00",R$/sc,price,BRL,sc60kg,spot,,BA,physical
2026-08-25,sorgo,sorgo-mercado-fisico-media,Sorgo - Mercado Físico,Luís Eduardo Magalhães/BA,,variacao_pct,0.0,"0,00",%,change_pct,,pct,spot,,BA,physical
2026-08-25,sorgo,sorgo-mercado-fisico-media,Sorgo - Mercado Físico,Média RS (Clicmercado),,preco,50.0,"50,00",R$/sc,price,BRL,sc60kg,spot,,,physical
2026-08-25,sorgo,sorgo-mercado-fisico-media,Sorgo - Mercado Físico,Média RS (Clicmercado),,variacao_pct,0.0,"0,00",%,change_pct,,pct,spot,,,physical
2026-08-25,sorgo,sorgo-mercado-fisico-media,Sorgo - Mercado Físico,Oeste da Bahia/BA (AIBA),,preco,45.33,"45,33",R$/sc,price,BRL,sc60kg,spot,,BA,physical
2026-08-25,sorgo,sorgo-mercado-fisico-media,Sorgo - Mercado Físico,Oeste da Bahia/BA (AIBA),,variacao_pct,0.0,"0,00",%,change_pct,,pct,spot,,BA,physical
2026-08-25,sorgo,sorgo-mercado-fisico-media,Sorgo - Mercado Físico,Rio Verde/GO (Comigo),,preco,51.0,"51,00",R$/sc,price,BRL,sc60kg,spot,,GO,physical
2026-08-25,sorgo,sorgo-mercado-fisico-media,Sorgo - Mercado Físico,Rio Verde/GO (Comigo),,variacao_pct,0.0,"0,00",%,change_pct,,pct,spot,,GO,physical
2026-08-25,sorgo,sorgo-mercado-fisico-media,Sorgo - Mercado Físico,Rio do Sul/SC (Cravil),,preco,54.0,"54,00",R$/sc,price,BRL,sc60kg,spot,,SC,physical
2026-08-25,sorgo,sorgo-mercado-fisico-media,Sorgo - Mercado Físico,Rio do Sul/SC (Cravil),,variacao_pct,0.0,"0,00",%,change_pct,,pct,spot,,SC,physical
2026-08-26,sorgo,sorgo-mercado-fisico-media,Sorgo - Mercado Físico,Cândido Mota/SP (Coopermota),,preco,47.2,"47,20",R$/sc,price,BRL,sc60kg,spot,,SP,physical
2026-08-26,sorgo,sorgo-mercado-fisico-media,Sorgo - Mercado Físico,Cândido Mota/SP (Coopermota),,variacao_pct,0.0,"0,00",%,change_pct,,pct,spot,,SP,physical
2026-08-26,sorgo,sorgo-mercado-fisico-media,Sorgo - Mercado Físico,Jataí/GO (Sindicato Rural de Jataí),,preco,51.0,"51,00",R$/sc,price,BRL,sc60kg,spot,,GO,physical
2026-08-26,sorgo,sorgo-mercado-fisico-media,Sorgo - Mercado Físico,Jataí/GO (Sindicato Rural de Jataí),,variacao_pct,0.0,"0,00",%,change_pct,,pct,spot,,GO,physical
2026-08-26,sorgo,sorgo-mercado-fisico-media,Sorgo - Mercado Físico,Luís Eduardo Magalhães/BA,,preco,42.0,"42,00",R$/sc,price,BRL,sc60kg,spot,,BA,physical
2026-08-26,sorgo,sorgo-mercado-fisico-media,Sorgo - Mercado Físico,Luís Eduardo Magalhães/BA,,variacao_pct,0.0,"0,00",%,change_pct,,pct,spot,,BA,physical
2026-08-26,sorgo,sorgo-mercado-fisico-media,Sorgo - Mercado Físico,Média RS (Clicmercado),,preco,50.0,"50,00",R$/sc,price,BRL,sc60kg,spot,,,physical
2026-08-26,sorgo,sorgo-mercado-fisico-media,Sorgo - Mercado Físico,Média RS (Clicmercado),,variacao_pct,0.0,"0,00",%,change_pct,,pct,spot,,,physical
2026-08-26,sorgo,sorgo-mercado-fisico-media,Sorgo - Mercado Físico,Oeste da Bahia/BA (AIBA),,preco,45.33,"45,33",R$/sc,price,BRL,sc60kg,spot,,BA,physical
2026-08-26,sorgo,sorgo-mercado-fisico-media,Sorgo - Mercado Físico,Oeste da Bahia/BA (AIBA),,variacao_pct,0.0,"0,00",%,change_pct,,pct,spot,,BA,physical
2026-08-26,sorgo,sorgo-mercado-fisico-media,Sorgo - Mercado Físico,Rio Verde/GO (Comigo),,preco,51.0,"51,00",R$/sc,price,BRL,sc60kg,spot,,GO,physical
2026-08-26,sorgo,sorgo-mercado-fisico-media,Sorgo - Mercado Físico,Rio Verde/GO (Comigo),,variacao_pct,0.0,"0,00",%,change_pct,,pct,spot,,GO,physical
2026-08-26,sorgo,sorgo-mercado-fisico-media,Sorgo - Mercado Físico,Rio do Sul/SC (Cravil),,preco,54.0,"54,00",R$/sc,price,BRL,sc60kg,spot,,SC,physical
2026-08-26,sorgo,sorgo-mercado-fisico-media,Sorgo - Mercado Físico,Rio do Sul/SC (Cravil),,variacao_pct,0.0,"0,00",%,change_pct,,pct,spot,,SC,physical
2026-08-27,sorgo,sorgo-mercado-fisico-media,Sorgo - Mercado Físico,Cândido Mota/SP (Coopermota),,preco,47.2,"47,20",R$/sc,price,BRL,sc60kg,spot,,SP,physical
2026-08-27,sorgo,sorgo-mercado-fisico-media,Sorgo - Mercado Físico,Cândido Mota/SP (Coopermota),,variacao_pct,0.0,"0,00",%,change_pct,,pct,spot,,SP,physical
2026-08-27,sorgo,sorgo-mercado-fisico-media,Sorgo - Mercado Físico,Jataí/GO (Sindicato Rural de Jataí),,preco,51.0,"51,00",R$/sc,price,BRL,sc60kg,spot,,GO,physical
2026-08-27,sorgo,sorgo-mercado-fisico-media,Sorgo - Mercado Físico,Jataí/GO (Sindicato Rural de Jataí),,variacao_pct,0.0,"0,00",%,change_pct,,pct,spot,,GO,physical
2026-08-27,sorgo,sorgo-mercado-fisico-media,Sorgo - Mercado Físico,Luís Eduardo Magalhães/BA,,preco,42.0,"42,00",R$/sc,price,BRL,sc60kg,spot,,BA,physical
2026-08-27,sorgo,sorgo-mercado-fisico-media,Sorgo - Mercado Físico,Luís Eduardo Magalhães/BA,,variacao_pct,0.0,"0,00",%,change_pct,,pct,spot,,BA,physical
2026-08-27,sorgo,sorgo-mercado-fisico-media,Sorgo - Mercado Físico,Média RS (Clicmercado),,preco,50.0,"50,00",R$/sc,price,BRL,sc60kg,spot,,,physical
2026-08-27,sorgo,sorgo-mercado-fisico-media,Sorgo - Mercado Físico,Média RS (Clicmercado),,variacao_pct,0.0,"0,00",%,change_pct,,pct,spot,,,physical
2026-08-27,sorgo,sorgo-mercado-fisico-media,Sorgo - Mercado Físico,Oeste da Bahia/BA (AIBA),,preco,45.33,"45,33",R$/sc,price,BRL,sc60kg,spot,,BA,physical
2026-08-27,sorgo,sorgo-mercado-fisico-media,Sorgo - Mercado Físico,Oeste da Bahia/BA (AIBA),,variacao_pct,0.0,"0,00",%,change_pct,,pct,spot,,BA,physical
2026-08-27,sorgo,sorgo-mercado-fisico-media,Sorgo - Mercado Físico,Rio Verde/GO (Comigo),,preco,51.0,"51,00",R$/sc,price,BRL,sc60kg,spot,,GO,physical
2026-08-27,sorgo,sorgo-mercado-fisico-media,Sorgo - Mercado Físico,Rio Verde/GO (Comigo),,variacao_pct,0.0,"0,00",%,change_pct,,pct,spot,,GO,physical
2026-08-27,sorgo,sorgo-mercado-fisico-media,Sorgo - Mercado Físico,Rio do Sul/SC (Cravil),,preco,54.0,"54,00",R$/sc,price,BRL,sc60kg,spot,,SC,physical
2026-08-27,sorgo,sorgo-mercado-fisico-media,Sorgo - Mercado Físico,Rio do Sul/SC (Cravil),,variacao_pct,0.0,"0,00",%,change_pct,,pct,spot,,SC,physical
2026-08-28,sorgo,sorgo-mercado-fisico-media,Sorgo - Mercado Físico,Cândido Mota/SP (Coopermota),,preco,47.2,"47,20",R$/sc,price,BRL,sc60kg,spot,,SP,physical
2026-08-28,sorgo,sorgo-mercado-fisico-media,Sorgo - Mercado Físico,Cândido Mota/SP (Coopermota),,variacao_pct,0.0,"0,00",%,change_pct,,pct,spot,,SP,physical
2026-08-28,sorgo,sorgo-mercado-fisico-media,Sorgo - Mercado Físico,Jataí/GO (Sindicato Rural de Jataí),,preco,54.0,"54,00",R$/sc,price,BRL,sc60kg,spot,,GO,physical
2026-08-28,sorgo,sorgo-mercado-fisico-media,Sorgo - Mercado Físico,Jataí/GO (Sindicato Rural de Jataí),,variacao_pct,5.88,"+5,88",%,change_pct,,pct,spot,,GO,physical
2026-08-28,sorgo,sorgo-mercado-fisico-media,Sorgo - Mercado Físico,Luís Eduardo Magalhães/BA,,preco,42.0,"42,00",R$/sc,price,BRL,sc60kg,spot,,BA,physical
2026-08-28,sorgo,sorgo-mercado-fisico-media,Sorgo - Mercado Físico,Luís Eduardo Magalhães/BA,,variacao_pct,0.0,"0,00",%,change_pct,,pct,spot,,BA,physical
2026-08-28,sorgo,sorgo-mercado-fisico-media,Sorgo - Mercado Físico,Média RS (Clicmercado),,preco,50.0,"50,00",R$/sc,price,BRL,sc60kg,spot,,,physical
2026-08-28,sorgo,sorgo-mercado-fisico-media,Sorgo - Mercado Físico,Média RS (Clicmercado),,variacao_pct,0.0,"0,00",%,change_pct,,pct,spot,,,physical
2026-08-28,sorgo,sorgo-mercado-fisico-media,Sorgo - Mercado Físico,Oeste da Bahia/BA (AIBA),,preco,45.33,"45,33",R$/sc,price,BRL,sc60kg,spot,,BA,physical
2026-08-28,sorgo,sorgo-mercado-fisico-media,Sorgo - Mercado Físico,Oeste da Bahia/BA (AIBA),,variacao_pct,0.0,"0,00",%,change_pct,,pct,spot,,BA,physical
2026-08-28,sorgo,sorgo-mercado-fisico-media,Sorgo - Mercado Físico,Rio Verde/GO (Comigo),,preco,54.0,"54,00",R$/sc,price,BRL,sc60kg,spot,,GO,physical
2026-08-28,sorgo,sorgo-mercado-fisico-media,Sorgo - Mercado Físico,Rio Verde/GO (Comigo),,variacao_pct,5.88,"+5,88",%,change_pct,,pct,spot,,GO,physical
2026-08-28,sorgo,sorgo-mercado-fisico-media,Sorgo - Mercado Físico,Rio do Sul/SC (Cravil),,preco,54.0,"54,00",R$/sc,price,BRL,sc60kg,spot,,SC,physical
2026-08-28,sorgo,sorgo-mercado-fisico-media,Sorgo - Mercado Físico,Rio do Sul/SC (Cravil),,variacao_pct,0.0,"0,00",%,change_pct,,pct,spot,,SC,physical
2026-08-31,sorgo,sorgo-mercado-fisico-media,Sorgo - Mercado Físico,Cândido Mota/SP (Coopermota),,preco,47.2,"47,20",R$/sc,price,BRL,sc60kg,spot,,SP,physical
2026-08-31,sorgo,sorgo-mercado-fisico-media,Sorgo - Mercado Físico,Cândido Mota/SP (Coopermota),,variacao_pct,0.0,"0,00",%,change_pct,,pct,spot,,SP,physical
2026-08-31,sorgo,sorgo-mercado-fisico-media,Sorgo - Mercado Físico,Jataí/GO (Sindicato Rural de Jataí),,preco,55.0,"55,00",R$/sc,price,BRL,sc60kg,spot,,GO,physical
2026-08-31,sorgo,sorgo-mercado-fisico-media,Sorgo - Mercado Físico,Jataí/GO (Sindicato Rural de Jataí),,variacao_pct,1.85,"+1,85",%,change_pct,,pct,spot,,GO,physical
2026-08-31,sorgo,sorgo-mercado-fisico-media,Sorgo - Mercado Físico,Luís Eduardo Magalhães/BA,,preco,42.0,"42,00",R$/sc,price,BRL,sc60kg,spot,,BA,physical
2026-08-31,sorgo,sorgo-mercado-fisico-media,Sorgo - Mercado Físico,Luís Eduardo Magalhães/BA,,variacao_pct,0.0,"0,00",%,change_pct,,pct,spot,,BA,physical
2026-08-31,sorgo,sorgo-mercado-fisico-media,Sorgo - Mercado Físico,Média RS (Clicmercado),,preco,50.0,"50,00",R$/sc,price,BRL,sc60kg,spot,,,physical
2026-08-31,sorgo,sorgo-mercado-fisico-media,Sorgo - Mercado Físico,Média RS (Clicmercado),,variacao_pct,0.0,"0,00",%,change_pct,,pct,spot,,,physical
2026-08-31,sorgo,sorgo-mercado-fisico-media,Sorgo - Mercado Físico,Oeste da Bahia/BA (AIBA),,preco,46.67,"46,67",R$/sc,price,BRL,sc60kg,spot,,BA,physical
2026-08-31,sorgo,sorgo-mercado-fisico-media,Sorgo - Mercado Físico,Oeste da Bahia/BA (AIBA),,variacao_pct,2.96,"+2,96",%,change_pct,,pct,spot,,BA,physical
2026-08-31,sorgo,sorgo-mercado-fisico-media,Sorgo - Mercado Físico,Rio Verde/GO (Comigo),,preco,55.0,"55,00",R$/sc,price,BRL,sc60kg,spot,,GO,physical
2026-08-31,sorgo,sorgo-mercado-fisico-media,Sorgo - Mercado Físico,Rio Verde/GO (Comigo),,variacao_pct,1.85,"+1,85",%,change_pct,,pct,spot,,GO,physical
2026-08-31,sorgo,sorgo-mercado-fisico-media,Sorgo - Mercado Físico,Rio do Sul/SC (Cravil),,preco,54.0,"54,00",R$/sc,price,BRL,sc60kg,spot,,SC,physical
2026-08-31,sorgo,sorgo-mercado-fisico-media,Sorgo - Mercado Físico,Rio do Sul/SC (Cravil),,variacao_pct,0.0,"0,00",%,change_pct,,pct,spot,,SC,physical
2026-09-01,sorgo,sorgo-mercado-fisico-media,Sorgo - Mercado Físico,Cândido Mota/SP (Coopermota),,preco,47.2,"47,20",R$/sc,price,BRL,sc60kg,spot,,SP,physical
2026-09-01,sorgo,sorgo-mercado-fisico-media,Sorgo - Mercado Físico,Cândido Mota/SP (Coopermota),,variacao_pct,0.0,"0,00",%,change_pct,,pct,spot,,SP,physical
2026-09-01,sorgo,sorgo-mercado-fisico-media,Sorgo - Mercado Físico,Jataí/GO (Sindicato Rural de Jataí),,preco,55.0,"55,00",R$/sc,price,BRL,sc60kg,spot,,GO,physical
2026-09-01,sorgo,sorgo-mercado-fisico-media,Sorgo - Mercado Físico,Jataí/GO (Sindicato Rural de Jataí),,variacao_pct,0.0,"0,00",%,change_pct,,pct,spot,,GO,physical
2026-09-01,sorgo,sorgo-mercado-fisico-media,Sorgo - Mercado Físico,Luís Eduardo Magalhães/BA,,preco,,s/ cotação,R$/sc,price,BRL,sc60kg,spot,,BA,physical
2026-09-01,sorgo,sorgo-mercado-fisico-media,Sorgo - Mercado Físico,Luís Eduardo Magalhães/BA,,variacao_pct,,-,%,change_pct,,pct,spot,,BA,physical
2026-09-01,sorgo,sorgo-mercado-fisico-media,Sorgo - Mercado Físico,Média RS (Clicmercado),,preco,50.0,"50,00",R$/sc,price,BRL,sc60kg,spot,,,physical
2026-09-01,sorgo,sorgo-mercado-fisico-media,Sorgo - Mercado Físico,Média RS (Clicmercado),,variacao_pct,0.0,"0,00",%,change_pct,,pct,spot,,,physical
2026-09-01,sorgo,sorgo-mercado-fisico-media,Sorgo - Mercado Físico,Oeste da Bahia/BA (AIBA),,preco,46.67,"46,67",R$/sc,price,BRL,sc60kg,spot,,BA,physical
2026-09-01,sorgo,sorgo-mercado-fisico-media,Sorgo - Mercado Físico,Oeste da Bahia/BA (AIBA),,variacao_pct,0.0,"0,00",%,change_pct,,pct,spot,,BA,physical
2026-09-01,sorgo,sorgo-mercado-fisico-media,Sorgo - Mercado Físico,Rio Verde/GO (Comigo),,preco,55.0,"55,00",R$/sc,price,BRL,sc60kg,spot,,GO,physical
2026-09-01,sorgo,sorgo-mercado-fisico-media,Sorgo - Mercado Físico,Rio Verde/GO (Comigo),,variacao_pct,0.0,"0,00",%,change_pct,,pct,spot,,GO,physical
2026-09-01,sorgo,sorgo-mercado-fisico-media,Sorgo - Mercado Físico,Rio do Sul/SC (Cravil),,preco,54.0,"54,00",R$/sc,price,BRL,sc60kg,spot,,SC,physical
2026-09-01,sorgo,sorgo-mercado-fisico-media,Sorgo - Mercado Físico,Rio do Sul/SC (Cravil),,variacao_pct,0.0,"0,00",%,change_pct,,pct,spot,,SC,physical
2026-09-02,sorgo,sorgo-mercado-fisico-media,Sorgo - Mercado Físico,Cândido Mota/SP (Coopermota),,preco,47.2,"47,20",R$/sc,price,BRL,sc60kg,spot,,SP,physical
2026-09-02,sorgo,sorgo-mercado-fisico-media,Sorgo - Mercado Físico,Cândido Mota/SP (Coopermota),,variacao_pct,0.0,"0,00",%,change_pct,,pct,spot,,SP,physical
2026-09-02,sorgo,sorgo-mercado-fisico-media,Sorgo - Mercado Físico,Jataí/GO (Sindicato Rural de Jataí),,preco,55.0,"55,00",R$/sc,price,BRL,sc60kg,spot,,GO,physical
2026-09-02,sorgo,sorgo-mercado-fisico-media,Sorgo - Mercado Físico,Jataí/GO (Sindicato Rural de Jataí),,variacao_pct,0.0,"0,00",%,change_pct,,pct,spot,,GO,physical
2026-09-02,sorgo,sorgo-mercado-fisico-media,Sorgo - Mercado Físico,Luís Eduardo Magalhães/BA,,preco,,s/ cotação,R$/sc,price,BRL,sc60kg,spot,,BA,physical
2026-09-02,sorgo,sorgo-mercado-fisico-media,Sorgo - Mercado Físico,Luís Eduardo Magalhães/BA,,variacao_pct,,-,%,change_pct,,pct,spot,,BA,physical
2026-09-02,sorgo,sorgo-mercado-fisico-media,Sorgo - Mercado Físico,Média RS (Clicmercado),,preco,50.0,"50,00",R$/sc,price,BRL,sc60kg,spot,,,physical
2026-09-02,sorgo,sorgo-mercado-fisico-media,Sorgo - Mercado Físico,Média RS (Clicmercado),,variacao_pct,0.0,"0,00",%,change_pct,,pct,spot,,,physical
2026-09-02,sorgo,sorgo-mercado-fisico-media,Sorgo - Mercado Físico,Oeste da Bahia/BA (AIBA),,preco,46.67,"46,67",R$/sc,price,BRL,sc60kg,spot,,BA,physical
2026-09-02,sorgo,sorgo-mercado-fisico-media,Sorgo - Mercado Físico,Oeste da Bahia/BA (AIBA),,variacao_pct,0.0,"0,00",%,change_pct,,pct,spot,,BA,physical
2026-09-02,sorgo,sorgo-mercado-fisico-media,Sorgo - Mercado Físico,Rio Verde/GO (Comigo),,preco,55.0,"55,00",R$/sc,price,BRL,sc60kg,spot,,GO,physical
2026-09-02,sorgo,sorgo-mercado-fisico-media,Sorgo - Mercado Físico,Rio Verde/GO (Comigo),,variacao_pct,0.0,"0,00",%,change_pct,,pct,spot,,GO,physical
2026-09-02,sorgo,sorgo-mercado-fisico-media,Sorgo - Mercado Físico,Rio do Sul/SC (Cravil),,preco,54.0,"54,00",R$/sc,price,BRL,sc60kg,spot,,SC,physical
2026-09-02,sorgo,sorgo-mercado-fisico-media,Sorgo - Mercado Físico,Rio do Sul/SC (Cravil),,variacao_pct,0.0,"0,00",%,change_pct,,pct,spot,,SC,physical
2026-09-03,sorgo,sorgo-mercado-fisico-media,Sorgo - Mercado Físico,Cândido Mota/SP (Coopermota),,preco,47.2,"47,20",R$/sc,price,BRL,sc60kg,spot,,SP,physical
2026-09-03,sorgo,sorgo-mercado-fisico-media,Sorgo - Mercado Físico,Cândido Mota/SP (Coopermota),,variacao_pct,0.0,"0,00",%,change_pct,,pct,spot,,SP,physical
2026-09-03,sorgo,sorgo-mercado-fisico-media,Sorgo - Mercado Físico,Jataí/GO (Sindicato Rural de Jataí),,preco,55.0,"55,00",R$/sc,price,BRL,sc60kg,spot,,GO,physical
2026-09-03,sorgo,sorgo-mercado-fisico-media,Sorgo - Mercado Físico,Jataí/GO (Sindicato Rural de Jataí),,variacao_pct,0.0,"0,00",%,change_pct,,pct,spot,,GO,physical
2026-09-03,sorgo,sorgo-mercado-fisico-media,Sorgo - Mercado Físico,Luís Eduardo Magalhães/BA,,preco,,s/ cotação,R$/sc,price,BRL,sc60kg,spot,,BA,physical
2026-09-03,sorgo,sorgo-mercado-fisico-media,Sorgo - Mercado Físico,Luís Eduardo Magalhães/BA,,variacao_pct,,-,%,change_pct,,pct,spot,,BA,physical
2026-09-03,sorgo,sorgo-mercado-fisico-media,Sorgo - Mercado Físico,Média RS (Clicmercado),,preco,50.0,"50,00",R$/sc,price,BRL,sc60kg,spot,,,physical
2026-09-03,sorgo,sorgo-mercado-fisico-media,Sorgo - Mercado Físico,Média RS (Clicmercado),,variacao_pct,0.0,"0,00",%,change_pct,,pct,spot,,,physical
2026-09-03,sorgo,sorgo-mercado-fisico-media,Sorgo - Mercado Físico,Oeste da Bahia/BA (AIBA),,preco,46.67,"46,67",R$/sc,price,BRL,sc60kg,spot,,BA,physical
2026-09-03,sorgo,sorgo-mercado-fisico-media,Sorgo - Mercado Físico,Oeste da Bahia/BA (AIBA),,variacao_pct,0.0,"0,00",%,change_pct,,pct,spot,,BA,physical
2026-09-03,sorgo,sorgo-mercado-fisico-media,Sorgo - Mercado Físico,Rio Verde/GO (Comigo),,preco,55.0,"55,00",R$/sc,price,BRL,sc60kg,spot,,GO,physical
2026-09-03,sorgo,sorgo-mercado-fisico-media,Sorgo - Mercado Físico,Rio Verde/GO (Comigo),,variacao_pct,0.0,"0,00",%,change_pct,,pct,spot,,GO,physical
2026-09-03,sorgo,sorgo-mercado-fisico-media,Sorgo - Mercado Físico,Rio do Sul/SC (Cravil),,preco,54.0,"54,00",R$/sc,price,BRL,sc60kg,spot,,SC,physical
2026-09-03,sorgo,sorgo-mercado-fisico-media,Sorgo - Mercado Físico,Rio do Sul/SC (Cravil),,variacao_pct,0.0,"0,00",%,change_pct,,pct,spot,,SC,physical
2026-09-04,sorgo,sorgo-mercado-fisico-media,Sorgo - Mercado Físico,Cândido Mota/SP (Coopermota),,preco,47.2,"47,20",R$/sc,price,BRL,sc60kg,spot,,SP,physical
2026-09-04,sorgo,sorgo-mercado-fisico-media,Sorgo - Mercado Físico,Cândido Mota/SP (Coopermota),,variacao_pct,0.0,"0,00",%,change_pct,,pct,spot,,SP,physical
2026-09-04,sorgo,sorgo-mercado-fisico-media,Sorgo - Mercado Físico,Jataí/GO (Sindicato Rural de Jataí),,preco,55.0,"55,00",R$/sc,price,BRL,sc60kg,spot,,GO,physical
2026-09-04,sorgo,sorgo-mercado-fisico-media,Sorgo - Mercado Físico,Jataí/GO (Sindicato Rural de Jataí),,variacao_pct,0.0,"0,00",%,change_pct,,pct,spot,,GO,physical
2026-09-04,sorgo,sorgo-mercado-fisico-media,Sorgo - Mercado Físico,Luís Eduardo Magalhães/BA,,preco,,s/ cotação,R$/sc,price,BRL,sc60kg,spot,,BA,physical
2026-09-04,sorgo,sorgo-mercado-fisico-media,Sorgo - Mercado Físico,Luís Eduardo Magalhães/BA,,variacao_pct,,-,%,change_pct,,pct,spot,,BA,physical
2026-09-04,sorgo,sorgo-mercado-fisico-media,Sorgo - Mercado Físico,Média RS (Clicmercado),,preco,50.0,"50,00",R$/sc,price,BRL,sc60kg,spot,,,physical
2026-09-04,sorgo,sorgo-mercado-fisico-media,Sorgo - Mercado Físico,Média RS (Clicmercado),,variacao_pct,0.0,"0,00",%,change_pct,,pct,spot,,,physical
2026-09-04,sorgo,sorgo-mercado-fisico-media,Sorgo - Mercado Físico,Oeste da Bahia/BA (AIBA),,preco,46.67,"46,67",R$/sc,price,BRL,sc60kg,spot,,BA,physical
2026-09-04,sorgo,sorgo-mercado-fisico-media,Sorgo - Mercado Físico,Oeste da Bahia/BA (AIBA),,variacao_pct,0.0,"0,00",%,change_pct,,pct,spot,,BA,physical
2026-09-04,sorgo,sorgo-mercado-fisico-media,Sorgo - Mercado Físico,Rio Verde/GO (Comigo),,preco,55.0,"55,00",R$/sc,price,BRL,sc60kg,spot,,GO,physical
2026-09-04,sorgo,sorgo-mercado-fisico-media,Sorgo - Mercado Físico,Rio Verde/GO (Comigo),,variacao_pct,0.0,"0,00",%,change_pct,,pct,spot,,GO,physical
2026-09-04,sorgo,sorgo-mercado-fisico-media,Sorgo - Mercado Físico,Rio do Sul/SC (Cravil),,preco,54.0,"54,00",R$/sc,price,BRL,sc60kg,spot,,SC,physical
2026-09-04,sorgo,sorgo-mercado-fisico-media,Sorgo - Mercado Físico,Rio do Sul/SC (Cravil),,variacao_pct,0.0,"0,00",%,change_pct,,pct,spot,,SC,physical
