date,location,state,physical_indicator,physical_price_brl,futures_indicator,futures_contract,futures_price_raw,futures_price_brl,ptax,basis_brl,basis_usd,basis_pct
2020-01-02,Oeste da Bahia/BA,BA,algodo-em-pluma-ao-produtor,84.98,algodao-bolsa-de-nova-iorque-nybot,2020-03,92.13,122.51592605171699,4.0213,-37.535926051716984,-9.334276490616713,-30.6375891374907
2020-01-03,Oeste da Bahia/BA,BA,algodo-em-pluma-ao-produtor,84.98,algodao-bolsa-de-nova-iorque-nybot,2020-03,92.77,124.314970377642,4.0522,-39.334970377641994,-9.707065391057203,-31.64137855493257
2020-01-06,Oeste da Bahia/BA,BA,algodo-em-pluma-ao-produtor,84.98,algodao-bolsa-de-nova-iorque-nybot,2020-03,94.13,126.23702687778598,4.0554,-41.257026877785975,-10.17335574241406,-32.682191507669295
2020-01-06,Sorriso/MT,MT,algodo-em-pluma-ao-produtor,75.0,algodao-bolsa-de-nova-iorque-nybot,2020-03,94.13,126.23702687778598,4.0554,-51.23702687778598,-12.634272051532767,-40.58795437838547
2020-01-07,Oeste da Bahia/BA,BA,algodo-em-pluma-ao-produtor,84.98,algodao-bolsa-de-nova-iorque-nybot,2020-03,93.82,126.71172345156599,4.0841,-41.73172345156598,-10.218095406960158,-32.9343823245506
2020-01-07,Sorriso/MT,MT,algodo-em-pluma-ao-produtor,75.0,algodao-bolsa-de-nova-iorque-nybot,2020-03,93.82,126.71172345156599,4.0841,-51.71172345156599,-12.661718236959423,-40.81052805767587
2020-01-08,Oeste da Bahia/BA,BA,algodo-em-pluma-ao-produtor,84.98,algodao-bolsa-de-nova-iorque-nybot,2020-03,93.74,126.07979095430397,4.0672,-41.09979095430397,-10.105180702769466,-32.598238498983605
2020-01-08,Sorriso/MT,MT,algodo-em-pluma-ao-produtor,70.0,algodao-bolsa-de-nova-iorque-nybot,2020-03,93.74,126.07979095430397,4.0672,-56.079790954303974,-13.788304227553102,-44.47960337642802
2020-01-09,Oeste da Bahia/BA,BA,algodo-em-pluma-ao-produtor,84.98,algodao-bolsa-de-nova-iorque-nybot,2020-03,95.47,128.63394463682397,4.0744,-43.653944636823965,-10.714202001969362,-33.936566868157115
2020-01-09,Sorriso/MT,MT,algodo-em-pluma-ao-produtor,70.0,algodao-bolsa-de-nova-iorque-nybot,2020-03,95.47,128.63394463682397,4.0744,-58.63394463682397,-14.390816963681516,-45.5820155421393
2020-01-10,Oeste da Bahia/BA,BA,algodo-em-pluma-ao-produtor,84.98,algodao-bolsa-de-nova-iorque-nybot,2020-03,96.31,129.76892501083498,4.0745,-44.78892501083497,-10.992496014439803,-34.51436852628266
2020-01-10,Sorriso/MT,MT,algodo-em-pluma-ao-produtor,70.0,algodao-bolsa-de-nova-iorque-nybot,2020-03,96.31,129.76892501083498,4.0745,-59.76892501083498,-14.669020741400168,-46.05796418968918
2020-01-13,Oeste da Bahia/BA,BA,algodo-em-pluma-ao-produtor,86.98,algodao-bolsa-de-nova-iorque-nybot,2020-03,97.83,133.64162179127098,4.1309,-46.661621791270974,-11.295751964770625,-34.915486033347996
2020-01-13,Sorriso/MT,MT,algodo-em-pluma-ao-produtor,70.0,algodao-bolsa-de-nova-iorque-nybot,2020-03,97.83,133.64162179127098,4.1309,-63.64162179127098,-15.406236362843687,-47.62110855753461
2020-01-14,Oeste da Bahia/BA,BA,algodo-em-pluma-ao-produtor,86.98,algodao-bolsa-de-nova-iorque-nybot,2020-03,97.49,133.609167580251,4.1443,-46.62916758025101,-11.251397722233188,-34.8996767398043
2020-01-14,Sorriso/MT,MT,algodo-em-pluma-ao-produtor,70.0,algodao-bolsa-de-nova-iorque-nybot,2020-03,97.49,133.609167580251,4.1443,-63.60916758025101,-15.3485914582079,-47.60838551145437
2020-01-15,Estado de São Paulo,,algodo-em-pluma-ao-produtor,85.97,algodao-bolsa-de-nova-iorque-nybot,2020-03,97.13,133.690742598798,4.1622,-47.72074259879801,-11.465268992071023,-35.69487435791015
2020-01-15,Oeste da Bahia/BA,BA,algodo-em-pluma-ao-produtor,86.98,algodao-bolsa-de-nova-iorque-nybot,2020-03,97.13,133.690742598798,4.1622,-46.71074259879801,-11.22260886040988,-34.939399460870355
2020-01-15,Sorriso/MT,MT,algodo-em-pluma-ao-produtor,70.0,algodao-bolsa-de-nova-iorque-nybot,2020-03,97.13,133.690742598798,4.1622,-63.69074259879801,-15.302182162990247,-47.6403536705096
2020-01-16,Estado de São Paulo,,algodo-em-pluma-ao-produtor,85.97,algodao-bolsa-de-nova-iorque-nybot,2020-03,97.48,134.507740158264,4.1726,-48.537740158264,-11.632492967996932,-36.085462517735934
2020-01-16,Oeste da Bahia/BA,BA,algodo-em-pluma-ao-produtor,86.98,algodao-bolsa-de-nova-iorque-nybot,2020-03,97.48,134.507740158264,4.1726,-47.527740158263995,-11.390437654762977,-35.33457636143621
2020-01-16,Sorriso/MT,MT,algodo-em-pluma-ao-produtor,70.0,algodao-bolsa-de-nova-iorque-nybot,2020-03,97.48,134.507740158264,4.1726,-64.507740158264,-15.45984282180511,-47.958385206950275
2020-01-17,Estado de São Paulo,,algodo-em-pluma-ao-produtor,85.97,algodao-bolsa-de-nova-iorque-nybot,2020-03,98.06,135.66800102004598,4.1837,-49.69800102004598,-11.878959060173047,-36.6320728885087
2020-01-17,Oeste da Bahia/BA,BA,algodo-em-pluma-ao-produtor,94.32,algodao-bolsa-de-nova-iorque-nybot,2020-03,98.06,135.66800102004598,4.1837,-41.348001020045984,-9.88311805818916,-30.47734226874656
2020-01-17,Sorriso/MT,MT,algodo-em-pluma-ao-produtor,70.0,algodao-bolsa-de-nova-iorque-nybot,2020-03,98.06,135.66800102004598,4.1837,-65.66800102004598,-15.696154365763793,-48.403455882233445
2020-01-21,Estado de São Paulo,,algodo-em-pluma-ao-produtor,85.97,algodao-bolsa-de-nova-iorque-nybot,2020-03,96.35,133.86614348876998,4.2014,-47.89614348876998,-11.400043673244628,-35.77913148203002
2020-01-21,Oeste da Bahia/BA,BA,algodo-em-pluma-ao-produtor,91.26,algodao-bolsa-de-nova-iorque-nybot,2020-03,96.35,133.86614348876998,4.2014,-42.60614348876997,-10.140939565090203,-31.82742281086494
2020-01-21,Sorriso/MT,MT,algodo-em-pluma-ao-produtor,70.0,algodao-bolsa-de-nova-iorque-nybot,2020-03,96.35,133.86614348876998,4.2014,-63.86614348876998,-15.201157587654112,-47.70895898269282
2020-01-22,Estado de São Paulo,,algodo-em-pluma-ao-produtor,85.97,algodao-bolsa-de-nova-iorque-nybot,2020-03,98.27,136.127525729679,4.1889,-50.15752572967901,-11.973913373362699,-36.84598354434315
2020-01-22,Oeste da Bahia/BA,BA,algodo-em-pluma-ao-produtor,91.26,algodao-bolsa-de-nova-iorque-nybot,2020-03,98.27,136.127525729679,4.1889,-44.867525729679,-10.711052001642196,-32.95992158028097
2020-01-22,Sorriso/MT,MT,algodo-em-pluma-ao-produtor,72.0,algodao-bolsa-de-nova-iorque-nybot,2020-03,98.27,136.127525729679,4.1889,-64.12752572967901,-15.308917789796606,-47.10841939272661
2020-01-23,Estado de São Paulo,,algodo-em-pluma-ao-produtor,85.97,algodao-bolsa-de-nova-iorque-nybot,2020-03,96.55,133.02013820072997,4.1662,-47.050138200729975,-11.29329801755316,-35.37068810568397
2020-01-23,Oeste da Bahia/BA,BA,algodo-em-pluma-ao-produtor,90.92,algodao-bolsa-de-nova-iorque-nybot,2020-03,96.55,133.02013820072997,4.1662,-42.10013820072997,-10.105164946649218,-31.649447046281104
2020-01-23,Sorriso/MT,MT,algodo-em-pluma-ao-produtor,72.0,algodao-bolsa-de-nova-iorque-nybot,2020-03,96.55,133.02013820072997,4.1662,-61.020138200729974,-14.646473573215394,-45.8728573177765
2020-01-24,Estado de São Paulo,,algodo-em-pluma-ao-produtor,85.97,algodao-bolsa-de-nova-iorque-nybot,2020-03,96.07,132.698761814619,4.1769,-46.72876181461899,-11.1874265159853,-35.21416566033929
2020-01-24,Oeste da Bahia/BA,BA,algodo-em-pluma-ao-produtor,90.92,algodao-bolsa-de-nova-iorque-nybot,2020-03,96.07,132.698761814619,4.1769,-41.77876181461899,-10.00233709560176,-31.483912316366734
2020-01-24,Sorriso/MT,MT,algodo-em-pluma-ao-produtor,72.0,algodao-bolsa-de-nova-iorque-nybot,2020-03,96.07,132.698761814619,4.1769,-60.69876181461899,-14.532012213512173,-45.74176954221739
2020-01-27,Estado de São Paulo,,algodo-em-pluma-ao-produtor,85.97,algodao-bolsa-de-nova-iorque-nybot,2020-03,96.7,134.93442407676,4.2196,-48.96442407676,-11.604044003403166,-36.2875703600333
2020-01-27,Oeste da Bahia/BA,BA,algodo-em-pluma-ao-produtor,90.92,algodao-bolsa-de-nova-iorque-nybot,2020-03,96.7,134.93442407676,4.2196,-44.014424076759994,-10.43094702738648,-32.6191217533352
2020-01-27,Sorriso/MT,MT,algodo-em-pluma-ao-produtor,72.0,algodao-bolsa-de-nova-iorque-nybot,2020-03,96.7,134.93442407676,4.2196,-62.934424076759996,-14.91478435793914,-46.64074753893681
2020-01-28,Estado de São Paulo,,algodo-em-pluma-ao-produtor,85.97,algodao-bolsa-de-nova-iorque-nybot,2020-03,97.56,135.708597554112,4.2064,-49.738597554112005,-11.824504933936858,-36.6510290803642
2020-01-28,Oeste da Bahia/BA,BA,algodo-em-pluma-ao-produtor,94.32,algodao-bolsa-de-nova-iorque-nybot,2020-03,97.56,135.708597554112,4.2064,-41.38859755411201,-9.839434564975278,-30.49813961684252
2020-01-28,Sorriso/MT,MT,algodo-em-pluma-ao-produtor,72.0,algodao-bolsa-de-nova-iorque-nybot,2020-03,97.56,135.708597554112,4.2064,-63.708597554112,-15.145634641049828,-46.94514474568131
2020-01-29,Estado de São Paulo,,algodo-em-pluma-ao-produtor,90.62,algodao-bolsa-de-nova-iorque-nybot,2020-03,97.72,135.766353747948,4.2013,-45.146353747947984,-10.745805762013658,-33.25297653037275
2020-01-29,Oeste da Bahia/BA,BA,algodo-em-pluma-ao-produtor,94.32,algodao-bolsa-de-nova-iorque-nybot,2020-03,97.72,135.766353747948,4.2013,-41.446353747947995,-9.865125972424725,-30.52770631587683
2020-01-29,Sorriso/MT,MT,algodo-em-pluma-ao-produtor,72.0,algodao-bolsa-de-nova-iorque-nybot,2020-03,97.72,135.766353747948,4.2013,-63.76635374794799,-15.177767297728796,-46.96771474494414
2020-01-30,Estado de São Paulo,,algodo-em-pluma-ao-produtor,90.62,algodao-bolsa-de-nova-iorque-nybot,2020-03,97.25,136.753518319275,4.2523,-46.133518319275,-10.849074223190978,-33.734794458134694
2020-01-30,Oeste da Bahia/BA,BA,algodo-em-pluma-ao-produtor,94.66,algodao-bolsa-de-nova-iorque-nybot,2020-03,97.25,136.753518319275,4.2523,-42.093518319275006,-9.899000145632954,-30.780574303763302
2020-01-30,Sorriso/MT,MT,algodo-em-pluma-ao-produtor,72.0,algodao-bolsa-de-nova-iorque-nybot,2020-03,97.25,136.753518319275,4.2523,-64.753518319275,-15.22788098658961,-47.35053190229197
2020-01-31,Estado de São Paulo,,algodo-em-pluma-ao-produtor,90.62,algodao-bolsa-de-nova-iorque-nybot,2020-03,95.54,134.89233016479,4.2695,-44.27233016478999,-10.369441425176248,-32.82049476846096
2020-01-31,Oeste da Bahia/BA,BA,algodo-em-pluma-ao-produtor,94.66,algodao-bolsa-de-nova-iorque-nybot,2020-03,95.54,134.89233016479,4.2695,-40.23233016479,-9.42319479208104,-29.825513515587236
2020-01-31,Sorriso/MT,MT,algodo-em-pluma-ao-produtor,72.0,algodao-bolsa-de-nova-iorque-nybot,2020-03,95.54,134.89233016479,4.2695,-62.892330164789996,-14.730607838105165,-46.62409648343842
2020-02-03,Estado de São Paulo,,algodo-em-pluma-ao-produtor,90.62,algodao-bolsa-de-nova-iorque-nybot,2020-03,93.94,131.94986353394998,4.2475,-41.329863533949975,-9.730397535950555,-31.322399604692297
2020-02-03,Oeste da Bahia/BA,BA,algodo-em-pluma-ao-produtor,94.66,algodao-bolsa-de-nova-iorque-nybot,2020-03,93.94,131.94986353394998,4.2475,-37.28986353394998,-8.779249801989403,-28.26063061774634
2020-02-03,Sorriso/MT,MT,algodo-em-pluma-ao-produtor,72.0,algodao-bolsa-de-nova-iorque-nybot,2020-03,93.94,131.94986353394998,4.2475,-59.94986353394998,-14.114152686038842,-45.433820034626414
2020-02-04,Estado de São Paulo,,algodo-em-pluma-ao-produtor,90.62,algodao-bolsa-de-nova-iorque-nybot,2020-03,94.77,132.821103012741,4.2381,-42.20110301274099,-9.95755244395861,-31.77289004194823
2020-02-04,Oeste da Bahia/BA,BA,algodo-em-pluma-ao-produtor,98.06,algodao-bolsa-de-nova-iorque-nybot,2020-03,94.77,132.821103012741,4.2381,-34.76110301274099,-8.202048798457088,-26.17137053093626
2020-02-04,Sorriso/MT,MT,algodo-em-pluma-ao-produtor,72.0,algodao-bolsa-de-nova-iorque-nybot,2020-03,94.77,132.821103012741,4.2381,-60.82110301274099,-14.351030653533655,-45.79174666762606
2020-02-05,Estado de São Paulo,,algodo-em-pluma-ao-produtor,91.11,algodao-bolsa-de-nova-iorque-nybot,2020-03,94.79,133.062288661203,4.2449,-41.95228866120301,-9.882986327405359,-31.528308345890526
2020-02-05,Oeste da Bahia/BA,BA,algodo-em-pluma-ao-produtor,98.06,algodao-bolsa-de-nova-iorque-nybot,2020-03,94.79,133.062288661203,4.2449,-35.00228866120301,-8.245727499164412,-26.30519060913209
2020-02-05,Sorriso/MT,MT,algodo-em-pluma-ao-produtor,72.0,algodao-bolsa-de-nova-iorque-nybot,2020-03,94.79,133.062288661203,4.2449,-61.06228866120301,-14.38485916304342,-45.89000330264645
2020-02-06,Estado de São Paulo,,algodo-em-pluma-ao-produtor,91.11,algodao-bolsa-de-nova-iorque-nybot,2020-03,96.14,135.046382837454,4.2477,-43.93638283745399,-10.343570129117873,-32.53429074834028
2020-02-06,Oeste da Bahia/BA,BA,algodo-em-pluma-ao-produtor,98.06,algodao-bolsa-de-nova-iorque-nybot,2020-03,96.14,135.046382837454,4.2477,-36.98638283745399,-8.707390549580712,-27.387910775790232
2020-02-06,Sorriso/MT,MT,algodo-em-pluma-ao-produtor,72.0,algodao-bolsa-de-nova-iorque-nybot,2020-03,96.14,135.046382837454,4.2477,-63.04638283745399,-14.842475419039477,-46.684984457035455
2020-02-07,Estado de São Paulo,,algodo-em-pluma-ao-produtor,91.11,algodao-bolsa-de-nova-iorque-nybot,2020-03,96.83,137.93367334124397,4.3076,-46.823673341243975,-10.870014240236785,-33.94651371707005
2020-02-07,Oeste da Bahia/BA,BA,algodo-em-pluma-ao-produtor,94.66,algodao-bolsa-de-nova-iorque-nybot,2020-03,96.83,137.93367334124397,4.3076,-43.27367334124398,-10.045889437562442,-31.372812956402708
2020-02-07,Sorriso/MT,MT,algodo-em-pluma-ao-produtor,72.0,algodao-bolsa-de-nova-iorque-nybot,2020-03,96.83,137.93367334124397,4.3076,-65.93367334124397,-15.306359304773883,-47.80099865688776
2020-02-10,Estado de São Paulo,,algodo-em-pluma-ao-produtor,91.11,algodao-bolsa-de-nova-iorque-nybot,2020-03,97.57,139.37176030519498,4.3195,-48.26176030519498,-11.172996945293434,-34.628076878351706
2020-02-10,Oeste da Bahia/BA,BA,algodo-em-pluma-ao-produtor,96.02,algodao-bolsa-de-nova-iorque-nybot,2020-03,97.57,139.37176030519498,4.3195,-43.351760305194986,-10.036291308066904,-31.10512503412722
2020-02-10,Sorriso/MT,MT,algodo-em-pluma-ao-produtor,72.0,algodao-bolsa-de-nova-iorque-nybot,2020-03,97.57,139.37176030519498,4.3195,-67.37176030519498,-15.59712010769649,-48.33960635760424
2020-02-11,Estado de São Paulo,,algodo-em-pluma-ao-produtor,91.11,algodao-bolsa-de-nova-iorque-nybot,2020-03,97.58,139.234380181512,4.3148,-48.124380181511995,-11.153328122163714,-34.56357554705595
2020-02-11,Oeste da Bahia/BA,BA,algodo-em-pluma-ao-produtor,96.02,algodao-bolsa-de-nova-iorque-nybot,2020-03,97.58,139.234380181512,4.3148,-43.214380181512,-10.015384300897376,-31.037147667965236
2020-02-11,Sorriso/MT,MT,algodo-em-pluma-ao-produtor,75.0,algodao-bolsa-de-nova-iorque-nybot,2020-03,97.58,139.234380181512,4.3148,-64.234380181512,-14.886989010269769,-46.13399370024362
2020-02-12,Estado de São Paulo,,algodo-em-pluma-ao-produtor,91.11,algodao-bolsa-de-nova-iorque-nybot,2020-03,98.68,141.515336471784,4.3366,-50.405336471784,-11.623238590551123,-35.61828543002762
2020-02-12,Oeste da Bahia/BA,BA,algodo-em-pluma-ao-produtor,95.68,algodao-bolsa-de-nova-iorque-nybot,2020-03,98.68,141.515336471784,4.3366,-45.83533647178399,-10.569417624817596,-32.388953462243904
2020-02-12,Sorriso/MT,MT,algodo-em-pluma-ao-produtor,75.0,algodao-bolsa-de-nova-iorque-nybot,2020-03,98.68,141.515336471784,4.3366,-66.515336471784,-15.338130441309781,-47.00221059435925
2020-02-13,Estado de São Paulo,,algodo-em-pluma-ao-produtor,91.11,algodao-bolsa-de-nova-iorque-nybot,2020-03,97.3,139.61030735421,4.3389,-48.500307354209994,-11.178019164813662,-34.73977550322143
2020-02-13,Oeste da Bahia/BA,BA,algodo-em-pluma-ao-produtor,95.68,algodao-bolsa-de-nova-iorque-nybot,2020-03,97.3,139.61030735421,4.3389,-43.93030735420999,-10.124756817214038,-31.46637822575158
2020-02-13,Sorriso/MT,MT,algodo-em-pluma-ao-produtor,75.0,algodao-bolsa-de-nova-iorque-nybot,2020-03,97.3,139.61030735421,4.3389,-64.61030735421,-14.89094179497338,-46.279038115921495
2020-02-14,Estado de São Paulo,,algodo-em-pluma-ao-produtor,91.11,algodao-bolsa-de-nova-iorque-nybot,2020-03,95.72,136.627875151548,4.3163,-45.51787515154801,-10.545577265608973,-33.315218509443596
2020-02-14,Oeste da Bahia/BA,BA,algodo-em-pluma-ao-produtor,95.68,algodao-bolsa-de-nova-iorque-nybot,2020-03,95.72,136.627875151548,4.3163,-40.947875151548004,-9.486800072179413,-29.97036666648626
2020-02-14,Sorriso/MT,MT,algodo-em-pluma-ao-produtor,75.0,algodao-bolsa-de-nova-iorque-nybot,2020-03,95.72,136.627875151548,4.3163,-61.62787515154801,-14.27794063238144,-45.10637019216628
2020-02-18,Oeste da Bahia/BA,BA,algodo-em-pluma-ao-produtor,95.68,algodao-bolsa-de-nova-iorque-nybot,2020-03,97.83,140.636058507549,4.3471,-44.95605850754899,-10.341620507360997,-31.966238946561386
2020-02-18,Sorriso/MT,MT,algodo-em-pluma-ao-produtor,75.0,algodao-bolsa-de-nova-iorque-nybot,2020-03,97.83,140.636058507549,4.3471,-65.636058507549,-15.098814958834394,-46.67086037826196
2020-02-19,Estado de São Paulo,,algodo-em-pluma-ao-produtor,93.57,algodao-bolsa-de-nova-iorque-nybot,2020-03,98.85,142.94247253703998,4.3728,-49.37247253703998,-11.290814246487374,-34.54009970636708
2020-02-19,Oeste da Bahia/BA,BA,algodo-em-pluma-ao-produtor,95.68,algodao-bolsa-de-nova-iorque-nybot,2020-03,98.85,142.94247253703998,4.3728,-47.26247253703997,-10.808285889370648,-33.063981403283115
2020-02-19,Sorriso/MT,MT,algodo-em-pluma-ao-produtor,75.0,algodao-bolsa-de-nova-iorque-nybot,2020-03,98.85,142.94247253703998,4.3728,-67.94247253703998,-15.537521161964868,-47.53133993777418
2020-02-20,Estado de São Paulo,,algodo-em-pluma-ao-produtor,93.57,algodao-bolsa-de-nova-iorque-nybot,2020-03,99.76,144.736736034264,4.3873,-51.166736034264005,-11.662465761234474,-35.351588985778385
2020-02-20,Oeste da Bahia/BA,BA,algodo-em-pluma-ao-produtor,97.89,algodao-bolsa-de-nova-iorque-nybot,2020-03,99.76,144.736736034264,4.3873,-46.846736034264,-10.677805491820482,-32.36685952567966
2020-02-20,Sorriso/MT,MT,algodo-em-pluma-ao-produtor,85.0,algodao-bolsa-de-nova-iorque-nybot,2020-03,99.76,144.736736034264,4.3873,-59.736736034264,-13.61583115680806,-41.272684234168665
2020-02-21,Estado de São Paulo,,algodo-em-pluma-ao-produtor,93.57,algodao-bolsa-de-nova-iorque-nybot,2020-03,100.09,145.384321553988,4.3924,-51.81432155398801,-11.796357698294328,-35.639552463535026
2020-02-21,Oeste da Bahia/BA,BA,algodo-em-pluma-ao-produtor,97.89,algodao-bolsa-de-nova-iorque-nybot,2020-03,100.09,145.384321553988,4.3924,-47.494321553988,-10.812840714413078,-32.668117886667126
2020-02-21,Sorriso/MT,MT,algodo-em-pluma-ao-produtor,85.0,algodao-bolsa-de-nova-iorque-nybot,2020-03,100.09,145.384321553988,4.3924,-60.384321553988,-13.747455048262452,-41.5342733718123
2020-02-24,Estado de São Paulo,,algodo-em-pluma-ao-produtor,93.57,algodao-bolsa-de-nova-iorque-nybot,2020-03,98.1,142.49377504692,4.3924,-48.923775046920014,-11.138278628294328,-34.333973558361066
2020-02-24,Oeste da Bahia/BA,BA,algodo-em-pluma-ao-produtor,97.89,algodao-bolsa-de-nova-iorque-nybot,2020-03,98.1,142.49377504692,4.3924,-44.603775046920006,-10.154761644413078,-31.302262174072503
2020-02-24,Sorriso/MT,MT,algodo-em-pluma-ao-produtor,85.0,algodao-bolsa-de-nova-iorque-nybot,2020-03,98.1,142.49377504692,4.3924,-57.49377504692001,-13.089375978262455,-40.34827137395202
2020-02-26,Oeste da Bahia/BA,BA,algodo-em-pluma-ao-produtor,97.89,algodao-bolsa-de-nova-iorque-nybot,2020-03,96.33,141.308507511171,4.4359,-43.418507511171,-9.787981584609888,-30.72603927101742
2020-02-26,Sorriso/MT,MT,algodo-em-pluma-ao-produtor,85.0,algodao-bolsa-de-nova-iorque-nybot,2020-03,96.33,141.308507511171,4.4359,-56.308507511171,-12.693818055224645,-39.84792458919686
2020-02-27,Oeste da Bahia/BA,BA,algodo-em-pluma-ao-produtor,94.83,algodao-bolsa-de-nova-iorque-nybot,2020-03,92.64,137.136302411328,4.4764,-42.30630241132799,-9.45096559988562,-30.8498199728574
2020-02-27,Sorriso/MT,MT,algodo-em-pluma-ao-produtor,85.0,algodao-bolsa-de-nova-iorque-nybot,2020-03,92.64,137.136302411328,4.4764,-52.13630241132799,-11.646926640007147,-38.01787090259284
2020-02-28,Oeste da Bahia/BA,BA,algodo-em-pluma-ao-produtor,94.83,algodao-bolsa-de-nova-iorque-nybot,2020-03,91.82,136.599567169362,4.4987,-41.76956716936199,-9.284808315593835,-30.578110922982866
2020-02-28,Sorriso/MT,MT,algodo-em-pluma-ao-produtor,85.0,algodao-bolsa-de-nova-iorque-nybot,2020-03,91.82,136.599567169362,4.4987,-51.59956716936199,-11.469884004126078,-37.77432698991399
2020-03-02,Oeste da Bahia/BA,BA,algodo-em-pluma-ao-produtor,94.83,algodao-bolsa-de-nova-iorque-nybot,2020-03,94.19,139.99768245718198,4.4946,-45.16768245718198,-10.049321954608192,-32.26316440702254
2020-03-02,Sorriso/MT,MT,algodo-em-pluma-ao-produtor,85.0,algodao-bolsa-de-nova-iorque-nybot,2020-03,94.19,139.99768245718198,4.4946,-54.99768245718198,-12.236390881765224,-39.28470921224208
2020-03-03,Oeste da Bahia/BA,BA,algodo-em-pluma-ao-produtor,93.98,algodao-bolsa-de-nova-iorque-nybot,2020-03,93.75,139.148380490625,4.4883,-45.16838049062498,-10.0635832031337,-32.46058655613902
2020-03-03,Sorriso/MT,MT,algodo-em-pluma-ao-produtor,85.0,algodao-bolsa-de-nova-iorque-nybot,2020-03,93.75,139.148380490625,4.4883,-54.14838049062499,-12.064340728254571,-38.914129147391115
2020-03-04,Oeste da Bahia/BA,BA,algodo-em-pluma-ao-produtor,97.38,algodao-bolsa-de-nova-iorque-nybot,2020-03,95.4,142.78044619476003,4.5258,-45.400446194760036,-10.031474257536797,-31.797383608699082
2020-03-04,Sorriso/MT,MT,algodo-em-pluma-ao-produtor,75.0,algodao-bolsa-de-nova-iorque-nybot,2020-03,95.4,142.78044619476003,4.5258,-67.78044619476003,-14.976456360148488,-47.47179883602825
2020-03-05,Oeste da Bahia/BA,BA,algodo-em-pluma-ao-produtor,96.02,algodao-bolsa-de-nova-iorque-nybot,2020-03,97.71,149.304118607721,4.6207,-53.284118607721,-11.531611792092322,-35.68831128344072
2020-03-05,Sorriso/MT,MT,algodo-em-pluma-ao-produtor,75.0,algodao-bolsa-de-nova-iorque-nybot,2020-03,97.71,149.304118607721,4.6207,-74.304118607721,-16.0807060851648,-49.76695840718656
2020-03-06,Oeste da Bahia/BA,BA,algodo-em-pluma-ao-produtor,96.53,algodao-bolsa-de-nova-iorque-nybot,2020-03,96.5,148.25937773955,4.6459,-51.72937773954999,-11.134414804354375,-34.891133720002486
2020-03-06,Sorriso/MT,MT,algodo-em-pluma-ao-produtor,75.0,algodao-bolsa-de-nova-iorque-nybot,2020-03,96.5,148.25937773955,4.6459,-73.25937773954999,-15.768608394401513,-49.412980721021306
2020-03-09,Oeste da Bahia/BA,BA,algodo-em-pluma-ao-produtor,95.17,algodao-bolsa-de-nova-iorque-nybot,2020-03,96.33,150.92891583155097,4.7379,-55.758915831550965,-11.768698332921963,-36.94382585626103
2020-03-09,Sorriso/MT,MT,algodo-em-pluma-ao-produtor,75.0,algodao-bolsa-de-nova-iorque-nybot,2020-03,96.33,150.92891583155097,4.7379,-75.92891583155097,-16.025858678222622,-50.3077328908225
2020-03-10,Oeste da Bahia/BA,BA,algodo-em-pluma-ao-produtor,95.17,algodao-bolsa-de-nova-iorque-nybot,2020-05,94.41,145.778936518809,4.6693,-50.60893651880899,-10.838656012423488,-34.71622013944327
2020-03-10,Sorriso/MT,MT,algodo-em-pluma-ao-produtor,75.0,algodao-bolsa-de-nova-iorque-nybot,2020-05,94.41,145.778936518809,4.6693,-70.77893651880899,-15.15836132157047,-48.55223821013182
2020-03-11,Oeste da Bahia/BA,BA,algodo-em-pluma-ao-produtor,95.17,algodao-bolsa-de-nova-iorque-nybot,2020-05,96.29,148.825144519986,4.6738,-53.655144519985996,-11.479982994562453,-36.0524726470402
2020-03-11,Sorriso/MT,MT,algodo-em-pluma-ao-produtor,75.0,algodao-bolsa-de-nova-iorque-nybot,2020-05,96.29,148.825144519986,4.6738,-73.825144519986,-15.795529231029569,-49.605289991888355
2020-03-12,Oeste da Bahia/BA,BA,algodo-em-pluma-ao-produtor,101.46,algodao-bolsa-de-nova-iorque-nybot,2020-05,95.63,154.43031712544698,4.8833,-52.97031712544698,-10.84723795905371,-34.30046516217284
2020-03-12,Sorriso/MT,MT,algodo-em-pluma-ao-produtor,75.0,algodao-bolsa-de-nova-iorque-nybot,2020-05,95.63,154.43031712544698,4.8833,-79.43031712544698,-16.265704979306406,-51.434406536201095
2020-03-13,Oeste da Bahia/BA,BA,algodo-em-pluma-ao-produtor,99.08,algodao-bolsa-de-nova-iorque-nybot,2020-05,97.14,152.143406046324,4.7362,-53.063406046324005,-11.203793346210887,-34.87723025614891
2020-03-13,Sorriso/MT,MT,algodo-em-pluma-ao-produtor,75.0,algodao-bolsa-de-nova-iorque-nybot,2020-05,97.14,152.143406046324,4.7362,-77.143406046324,-16.28803809938854,-50.70440320156608
2020-03-16,Oeste da Bahia/BA,BA,algodo-em-pluma-ao-produtor,99.08,algodao-bolsa-de-nova-iorque-nybot,2020-05,97.34,159.245450264802,4.9471,-60.165450264802004,-12.161761489519519,-37.781581932014774
2020-03-16,Sorriso/MT,MT,algodo-em-pluma-ao-produtor,75.0,algodao-bolsa-de-nova-iorque-nybot,2020-05,97.34,159.245450264802,4.9471,-84.245450264802,-17.02925961973722,-52.90289306521102
2020-03-17,Oeste da Bahia/BA,BA,algodo-em-pluma-ao-produtor,99.08,algodao-bolsa-de-nova-iorque-nybot,2020-05,95.4,159.30534736512,5.0496,-60.225347365120015,-11.926756052978456,-37.804975389235665
2020-03-17,Sorriso/MT,MT,algodo-em-pluma-ao-produtor,75.0,algodao-bolsa-de-nova-iorque-nybot,2020-05,95.4,159.30534736512,5.0496,-84.30534736512001,-16.695450603041827,-52.920601071787196
2020-03-18,Estado de São Paulo,,algodo-em-pluma-ao-produtor,94.56,algodao-bolsa-de-nova-iorque-nybot,2020-05,97.34,164.51167808783399,5.1107,-69.95167808783398,-13.687298821655348,-42.52079785514453
2020-03-18,Oeste da Bahia/BA,BA,algodo-em-pluma-ao-produtor,99.08,algodao-bolsa-de-nova-iorque-nybot,2020-05,97.34,164.51167808783399,5.1107,-65.43167808783399,-12.802879857521278,-39.77327254111379
2020-03-18,Sorriso/MT,MT,algodo-em-pluma-ao-produtor,75.0,algodao-bolsa-de-nova-iorque-nybot,2020-05,97.34,164.51167808783399,5.1107,-89.51167808783399,-17.514563188571817,-54.410531293737726
2020-03-19,Estado de São Paulo,,algodo-em-pluma-ao-produtor,94.56,algodao-bolsa-de-nova-iorque-nybot,2020-05,93.17,158.502394337364,5.1444,-63.94239433736399,-12.429514489029623,-40.34159521985893
2020-03-19,Oeste da Bahia/BA,BA,algodo-em-pluma-ao-produtor,99.08,algodao-bolsa-de-nova-iorque-nybot,2020-05,93.17,158.502394337364,5.1444,-59.422394337364,-11.550889187731125,-37.48990328239872
2020-03-19,Sorriso/MT,MT,algodo-em-pluma-ao-produtor,75.0,algodao-bolsa-de-nova-iorque-nybot,2020-05,93.17,158.502394337364,5.1444,-83.502394337364,-16.231707164560298,-52.68210280762923
2020-03-20,Estado de São Paulo,,algodo-em-pluma-ao-produtor,94.56,algodao-bolsa-de-nova-iorque-nybot,2020-05,89.11,148.071073870104,5.0248,-53.511073870103985,-10.649393780867694,-36.1387761103474
2020-03-20,Oeste da Bahia/BA,BA,algodo-em-pluma-ao-produtor,99.08,algodao-bolsa-de-nova-iorque-nybot,2020-05,89.11,148.071073870104,5.0248,-48.99107387010399,-9.749855490786496,-33.086187997178726
2020-03-20,Sorriso/MT,MT,algodo-em-pluma-ao-produtor,75.0,algodao-bolsa-de-nova-iorque-nybot,2020-05,89.11,148.071073870104,5.0248,-73.07107387010399,-14.542086027325265,-49.348648564679095
2020-03-23,Oeste da Bahia/BA,BA,algodo-em-pluma-ao-produtor,99.08,algodao-bolsa-de-nova-iorque-nybot,2020-05,88.57,148.80519811030496,5.0805,-49.72519811030496,-9.787461492039162,-33.41630449861376
2020-03-23,Sorriso/MT,MT,algodo-em-pluma-ao-produtor,75.0,algodao-bolsa-de-nova-iorque-nybot,2020-05,88.57,148.80519811030496,5.0805,-73.80519811030496,-14.527152467336869,-49.598534894994266
2020-03-24,Oeste da Bahia/BA,BA,algodo-em-pluma-ao-produtor,99.08,algodao-bolsa-de-nova-iorque-nybot,2020-05,88.9,149.08915922901002,5.0713,-50.009159229010024,-9.86121097726619,-33.54312244272094
2020-03-25,Estado de São Paulo,,algodo-em-pluma-ao-produtor,94.56,algodao-bolsa-de-nova-iorque-nybot,2020-05,88.31,148.079261167398,5.0706,-53.519261167397985,-10.554818200488697,-36.142306995235806
2020-03-25,Oeste da Bahia/BA,BA,algodo-em-pluma-ao-produtor,99.08,algodao-bolsa-de-nova-iorque-nybot,2020-05,88.31,148.079261167398,5.0706,-48.99926116739799,-9.663404955507827,-33.08988765955969
2020-03-26,Estado de São Paulo,,algodo-em-pluma-ao-produtor,94.56,algodao-bolsa-de-nova-iorque-nybot,2020-05,87.32,144.40943991276,5.001,-49.849439912760005,-9.967894403671266,-34.51951613611605
2020-03-26,Oeste da Bahia/BA,BA,algodo-em-pluma-ao-produtor,99.08,algodao-bolsa-de-nova-iorque-nybot,2020-05,87.32,144.40943991276,5.001,-45.32943991276001,-9.064075167518498,-31.389526848206206
2020-03-27,Oeste da Bahia/BA,BA,algodo-em-pluma-ao-produtor,99.08,algodao-bolsa-de-nova-iorque-nybot,2020-05,85.96,145.284335864052,5.1109,-46.204335864052,-9.040352161860337,-31.802696133248066
2020-03-30,Oeste da Bahia/BA,BA,algodo-em-pluma-ao-produtor,100.61,algodao-bolsa-de-nova-iorque-nybot,2020-05,86.76,148.027956793992,5.1594,-47.41795679399199,-9.190595184322207,-32.0331090295212
2020-03-31,Oeste da Bahia/BA,BA,algodo-em-pluma-ao-produtor,100.61,algodao-bolsa-de-nova-iorque-nybot,2020-05,88.14,151.52796983867398,5.1987,-50.91796983867398,-9.794365868135108,-33.60301724683858
2020-04-01,Estado de São Paulo,,algodo-em-pluma-ao-produtor,96.53,algodao-bolsa-de-nova-iorque-nybot,2020-05,84.16,145.846216340352,5.2404,-49.316216340351986,-9.410773288365771,-33.81384692576864
2020-04-01,Oeste da Bahia/BA,BA,algodo-em-pluma-ao-produtor,100.61,algodao-bolsa-de-nova-iorque-nybot,2020-05,84.16,145.846216340352,5.2404,-45.23621634035199,-8.6322067667262,-31.016379770036078
2020-04-01,Sorriso/MT,MT,algodo-em-pluma-ao-produtor,75.0,algodao-bolsa-de-nova-iorque-nybot,2020-05,84.16,145.846216340352,5.2404,-70.84621634035199,-13.519238291037322,-48.57597140197501
2020-04-02,Estado de São Paulo,,algodo-em-pluma-ao-produtor,96.53,algodao-bolsa-de-nova-iorque-nybot,2020-05,87.1,151.65257231552997,5.2651,-55.122572315529965,-10.469425521933099,-36.34793098058459
2020-04-02,Oeste da Bahia/BA,BA,algodo-em-pluma-ao-produtor,100.61,algodao-bolsa-de-nova-iorque-nybot,2020-05,87.1,151.65257231552997,5.2651,-51.042572315529966,-9.694511465220026,-33.65757107589988
2020-04-02,Sorriso/MT,MT,algodo-em-pluma-ao-produtor,75.0,algodao-bolsa-de-nova-iorque-nybot,2020-05,87.1,151.65257231552997,5.2651,-76.65257231552997,-14.558616610421447,-50.544854693295804
2020-04-03,Oeste da Bahia/BA,BA,algodo-em-pluma-ao-produtor,100.61,algodao-bolsa-de-nova-iorque-nybot,2020-05,89.62,157.065654286002,5.2997,-56.455654286002,-10.652613220748723,-35.94398440743862
2020-04-03,Sorriso/MT,MT,algodo-em-pluma-ao-produtor,75.0,algodao-bolsa-de-nova-iorque-nybot,2020-05,89.62,157.065654286002,5.2997,-82.065654286002,-15.484962221635566,-52.24926777216873
2020-04-06,Oeste da Bahia/BA,BA,algodo-em-pluma-ao-produtor,100.61,algodao-bolsa-de-nova-iorque-nybot,2020-05,92.22,160.018229540466,5.2471,-59.408229540465996,-11.322107362250767,-37.12591353564665
2020-04-06,Sorriso/MT,MT,algodo-em-pluma-ao-produtor,75.0,algodao-bolsa-de-nova-iorque-nybot,2020-05,92.22,160.018229540466,5.2471,-85.018229540466,-16.202898656489488,-53.13034007726368
2020-04-07,Oeste da Bahia/BA,BA,algodo-em-pluma-ao-produtor,100.61,algodao-bolsa-de-nova-iorque-nybot,2020-05,91.39,157.810391125959,5.2217,-57.200391125959,-10.954361822004136,-36.24627676152425
2020-04-07,Sorriso/MT,MT,algodo-em-pluma-ao-produtor,75.0,algodao-bolsa-de-nova-iorque-nybot,2020-05,91.39,157.810391125959,5.2217,-82.810391125959,-15.858894828496275,-52.47461243528792
2020-04-08,Oeste da Bahia/BA,BA,algodo-em-pluma-ao-produtor,100.61,algodao-bolsa-de-nova-iorque-nybot,2020-05,91.82,158.26748259649798,5.2123,-57.657482596497985,-11.061811982521725,-36.430403548842314
2020-04-09,Oeste da Bahia/BA,BA,algodo-em-pluma-ao-produtor,100.61,algodao-bolsa-de-nova-iorque-nybot,2020-05,91.19,153.12861754479297,5.0779,-52.518617544792974,-10.34258601878591,-34.297062421679804
2020-04-09,Sorriso/MT,MT,algodo-em-pluma-ao-produtor,78.0,algodao-bolsa-de-nova-iorque-nybot,2020-05,91.19,153.12861754479297,5.0779,-75.12861754479297,-14.795214073690499,-49.06242787884926
2020-04-13,Oeste da Bahia/BA,BA,algodo-em-pluma-ao-produtor,100.61,algodao-bolsa-de-nova-iorque-nybot,2020-05,90.39,154.908881815248,5.1824,-54.29888181524801,-10.477555151136155,-35.052142381356504
2020-04-13,Sorriso/MT,MT,algodo-em-pluma-ao-produtor,78.0,algodao-bolsa-de-nova-iorque-nybot,2020-05,90.39,154.908881815248,5.1824,-76.90888181524801,-14.840398621343008,-49.64781935936594
2020-04-14,Oeste da Bahia/BA,BA,algodo-em-pluma-ao-produtor,100.61,algodao-bolsa-de-nova-iorque-nybot,2020-05,90.16,154.616083587504,5.1858,-54.006083587503994,-10.414224148155345,-34.92914988817421
2020-04-14,Sorriso/MT,MT,algodo-em-pluma-ao-produtor,78.0,algodao-bolsa-de-nova-iorque-nybot,2020-05,90.16,154.616083587504,5.1858,-76.616083587504,-14.77420717873886,-49.55246686489999
2020-04-15,Estado de São Paulo,,algodo-em-pluma-ao-produtor,92.59,algodao-bolsa-de-nova-iorque-nybot,2020-05,91.48,159.060916295556,5.2579,-66.47091629555601,-12.642103557609694,-41.78959724590316
2020-04-15,Oeste da Bahia/BA,BA,algodo-em-pluma-ao-produtor,100.61,algodao-bolsa-de-nova-iorque-nybot,2020-05,91.48,159.060916295556,5.2579,-58.45091629555601,-11.116779759135017,-36.74750382233845
2020-04-15,Sorriso/MT,MT,algodo-em-pluma-ao-produtor,78.0,algodao-bolsa-de-nova-iorque-nybot,2020-05,91.48,159.060916295556,5.2579,-81.06091629555601,-15.416975654834822,-50.96218366109133
2020-04-16,Oeste da Bahia/BA,BA,algodo-em-pluma-ao-produtor,100.61,algodao-bolsa-de-nova-iorque-nybot,2020-05,91.79,158.98677194871902,5.2377,-58.376771948719025,-11.145497441380572,-36.718005676313986
2020-04-16,Sorriso/MT,MT,algodo-em-pluma-ao-produtor,78.0,algodao-bolsa-de-nova-iorque-nybot,2020-05,91.79,158.98677194871902,5.2377,-80.98677194871902,-15.462277707527926,-50.93931460841359
2020-04-17,Oeste da Bahia/BA,BA,algodo-em-pluma-ao-produtor,100.61,algodao-bolsa-de-nova-iorque-nybot,2020-05,91.51,159.094921787439,5.2573,-58.484921787439006,-11.124516726730262,-36.76102362687516
2020-04-20,Oeste da Bahia/BA,BA,algodo-em-pluma-ao-produtor,100.61,algodao-bolsa-de-nova-iorque-nybot,2020-05,94.73,165.520081086393,5.2837,-64.91008108639299,-12.28496717951303,-39.21583451406917
2020-04-20,Sorriso/MT,MT,algodo-em-pluma-ao-produtor,78.0,algodao-bolsa-de-nova-iorque-nybot,2020-05,94.73,165.520081086393,5.2837,-87.52008108639299,-16.564165468590758,-52.8758084891899
2020-04-22,Estado de São Paulo,,algodo-em-pluma-ao-produtor,91.61,algodao-bolsa-de-nova-iorque-nybot,2020-05,100.3,178.60246448913,5.3847,-86.99246448913,-16.155489533145765,-48.70731472712936
2020-04-22,Oeste da Bahia/BA,BA,algodo-em-pluma-ao-produtor,100.61,algodao-bolsa-de-nova-iorque-nybot,2020-05,100.3,178.60246448913,5.3847,-77.99246448913,-14.484087226610583,-43.66819053265456
2020-04-22,Sorriso/MT,MT,algodo-em-pluma-ao-produtor,78.0,algodao-bolsa-de-nova-iorque-nybot,2020-05,100.3,178.60246448913,5.3847,-100.60246448913,-18.683021243361747,-56.3275903145518
2020-04-23,Estado de São Paulo,,algodo-em-pluma-ao-produtor,91.61,algodao-bolsa-de-nova-iorque-nybot,2020-05,103.32,186.09849237949194,5.4467,-94.48849237949194,-17.34784224934216,-50.77337874764244
2020-04-23,Oeste da Bahia/BA,BA,algodo-em-pluma-ao-produtor,100.61,algodao-bolsa-de-nova-iorque-nybot,2020-05,103.32,186.09849237949194,5.4467,-85.48849237949194,-15.695465580900718,-45.93722995088206
2020-04-23,Sorriso/MT,MT,algodo-em-pluma-ao-produtor,78.0,algodao-bolsa-de-nova-iorque-nybot,2020-05,103.32,186.09849237949194,5.4467,-108.09849237949194,-19.84660296684083,-58.086710428076735
2020-04-24,Oeste da Bahia/BA,BA,algodo-em-pluma-ao-produtor,100.61,algodao-bolsa-de-nova-iorque-nybot,2020-05,102.58,191.69597934893997,5.651,-91.08597934893997,-16.118559431771363,-47.515852788512674
2020-04-24,Sorriso/MT,MT,algodo-em-pluma-ao-produtor,80.0,algodao-bolsa-de-nova-iorque-nybot,2020-05,102.58,191.69597934893997,5.651,-111.69597934893997,-19.76570153051495,-58.267251993648884
2020-04-27,Oeste da Bahia/BA,BA,algodo-em-pluma-ao-produtor,100.61,algodao-bolsa-de-nova-iorque-nybot,2020-05,101.62,189.391186707228,5.6358,-88.781186707228,-15.753076175028923,-46.877147902595475
2020-04-27,Sorriso/MT,MT,algodo-em-pluma-ao-produtor,80.0,algodao-bolsa-de-nova-iorque-nybot,2020-05,101.62,189.391186707228,5.6358,-109.391186707228,-19.410054776114837,-57.75938606706726
2020-04-28,Oeste da Bahia/BA,BA,algodo-em-pluma-ao-produtor,100.61,algodao-bolsa-de-nova-iorque-nybot,2020-05,102.18,188.154030463542,5.5683,-87.544030463542,-15.721859537658172,-46.52785287026053
2020-04-28,Sorriso/MT,MT,algodo-em-pluma-ao-produtor,80.0,algodao-bolsa-de-nova-iorque-nybot,2020-05,102.18,188.154030463542,5.5683,-108.154030463542,-19.423168734360935,-57.481644266184695
2020-04-29,Estado de São Paulo,,algodo-em-pluma-ao-produtor,91.61,algodao-bolsa-de-nova-iorque-nybot,2020-05,103.19,185.263752148497,5.4291,-93.65375214849699,-17.250327337587628,-50.55157906627596
2020-04-29,Oeste da Bahia/BA,BA,algodo-em-pluma-ao-produtor,100.61,algodao-bolsa-de-nova-iorque-nybot,2020-05,103.19,185.263752148497,5.4291,-84.65375214849699,-15.592594011621998,-45.693640103242274
2020-04-29,Sorriso/MT,MT,algodo-em-pluma-ao-produtor,80.0,algodao-bolsa-de-nova-iorque-nybot,2020-05,103.19,185.263752148497,5.4291,-105.26375214849699,-19.38880332808329,-56.81832032858942
2020-04-30,Estado de São Paulo,,algodo-em-pluma-ao-produtor,91.61,algodao-bolsa-de-nova-iorque-nybot,2020-05,104.7,187.9020443817,5.427,-96.2920443817,-17.743144348940483,-51.24587372029572
2020-04-30,Oeste da Bahia/BA,BA,algodo-em-pluma-ao-produtor,100.61,algodao-bolsa-de-nova-iorque-nybot,2020-05,104.7,187.9020443817,5.427,-87.2920443817,-16.084769556237333,-46.45614403448262
2020-04-30,Sorriso/MT,MT,algodo-em-pluma-ao-produtor,80.0,algodao-bolsa-de-nova-iorque-nybot,2020-05,104.7,187.9020443817,5.427,-107.9020443817,-19.882447831527546,-57.424625014994625
2020-05-04,Estado de São Paulo,,algodo-em-pluma-ao-produtor,91.61,algodao-bolsa-de-nova-iorque-nybot,2020-05,100.78,186.019325798064,5.5816,-94.40932579806399,-16.914384011406046,-50.75242875600539
2020-05-04,Oeste da Bahia/BA,BA,algodo-em-pluma-ao-produtor,100.61,algodao-bolsa-de-nova-iorque-nybot,2020-05,100.78,186.019325798064,5.5816,-85.40932579806399,-15.30194313423821,-45.91422177864538
2020-05-04,Sorriso/MT,MT,algodo-em-pluma-ao-produtor,80.0,algodao-bolsa-de-nova-iorque-nybot,2020-05,100.78,186.019325798064,5.5816,-106.01932579806399,-18.994432742952558,-56.99371575679982
2020-05-05,Oeste da Bahia/BA,BA,algodo-em-pluma-ao-produtor,100.61,algodao-bolsa-de-nova-iorque-nybot,2020-05,99.32,181.807050958104,5.5354,-81.19705095810401,-14.668687169509704,-44.66111216820476
2020-05-05,Sorriso/MT,MT,algodo-em-pluma-ao-produtor,80.0,algodao-bolsa-de-nova-iorque-nybot,2020-05,99.32,181.807050958104,5.5354,-101.80705095810401,-18.391995331521482,-55.997306166945435
2020-05-06,Estado de São Paulo,,algodo-em-pluma-ao-produtor,91.61,algodao-bolsa-de-nova-iorque-nybot,2020-05,103.04,193.121241046272,5.6676,-101.51124104627199,-17.910798406075234,-52.563477997715346
2020-05-06,Oeste da Bahia/BA,BA,algodo-em-pluma-ao-produtor,100.61,algodao-bolsa-de-nova-iorque-nybot,2020-05,103.04,193.121241046272,5.6676,-92.51124104627199,-16.32282466057449,-47.90319311592774
2020-05-07,Estado de São Paulo,,algodo-em-pluma-ao-produtor,91.61,algodao-bolsa-de-nova-iorque-nybot,2020-07,106.82,206.17218116648996,5.8365,-114.56218116648996,-19.628575544674028,-55.566265302290084
2020-05-07,Oeste da Bahia/BA,BA,algodo-em-pluma-ao-produtor,100.61,algodao-bolsa-de-nova-iorque-nybot,2020-07,106.82,206.17218116648996,5.8365,-105.56218116648996,-18.086555498413425,-51.200981902231256
2020-05-07,Sorriso/MT,MT,algodo-em-pluma-ao-produtor,90.0,algodao-bolsa-de-nova-iorque-nybot,2020-07,106.82,206.17218116648996,5.8365,-116.17218116648996,-19.90442579739398,-56.34716599941172
2020-05-08,Estado de São Paulo,,algodo-em-pluma-ao-produtor,90.62,algodao-bolsa-de-nova-iorque-nybot,2020-07,107.24,204.45781640499595,5.7653,-113.83781640499595,-19.745341336096292,-55.67789894591396
2020-05-08,Oeste da Bahia/BA,BA,algodo-em-pluma-ao-produtor,100.61,algodao-bolsa-de-nova-iorque-nybot,2020-07,107.24,204.45781640499595,5.7653,-103.84781640499595,-18.012560734913354,-50.79180548387116
2020-05-08,Sorriso/MT,MT,algodo-em-pluma-ao-produtor,90.0,algodao-bolsa-de-nova-iorque-nybot,2020-07,107.24,204.45781640499595,5.7653,-114.45781640499595,-19.852881273306846,-55.98113998159631
2020-05-11,Estado de São Paulo,,algodo-em-pluma-ao-produtor,90.62,algodao-bolsa-de-nova-iorque-nybot,2020-07,109.12,208.04572831046397,5.7654,-117.42572831046397,-20.367316805505943,-56.44226837247581
2020-05-11,Oeste da Bahia/BA,BA,algodo-em-pluma-ao-produtor,96.36,algodao-bolsa-de-nova-iorque-nybot,2020-07,109.12,208.04572831046397,5.7654,-111.68572831046397,-19.371722397485687,-53.68325954945674
2020-05-11,Sorriso/MT,MT,algodo-em-pluma-ao-produtor,90.0,algodao-bolsa-de-nova-iorque-nybot,2020-07,109.12,208.04572831046397,5.7654,-118.04572831046397,-20.474854877452383,-56.74027977844652
2020-05-12,Estado de São Paulo,,algodo-em-pluma-ao-produtor,90.62,algodao-bolsa-de-nova-iorque-nybot,2020-07,113.54,216.731874010806,5.7723,-126.11187401080599,-21.84776848237375,-58.18796823789666
2020-05-12,Oeste da Bahia/BA,BA,algodo-em-pluma-ao-produtor,96.36,algodao-bolsa-de-nova-iorque-nybot,2020-07,113.54,216.731874010806,5.7723,-120.371874010806,-20.853364172133464,-55.5395345332567
2020-05-12,Sorriso/MT,MT,algodo-em-pluma-ao-produtor,90.0,algodao-bolsa-de-nova-iorque-nybot,2020-07,113.54,216.731874010806,5.7723,-126.731874010806,-21.95517800717322,-58.47403598996578
2020-05-13,Estado de São Paulo,,algodo-em-pluma-ao-produtor,88.65,algodao-bolsa-de-nova-iorque-nybot,2020-07,112.68,219.930652187928,5.9022,-131.28065218792798,-22.242664123196096,-59.69183962395124
2020-05-13,Oeste da Bahia/BA,BA,algodo-em-pluma-ao-produtor,96.36,algodao-bolsa-de-nova-iorque-nybot,2020-07,112.68,219.930652187928,5.9022,-123.57065218792799,-20.936371554323472,-56.18618912762484
2020-05-13,Sorriso/MT,MT,algodo-em-pluma-ao-produtor,91.5,algodao-bolsa-de-nova-iorque-nybot,2020-07,112.68,219.930652187928,5.9022,-128.430652187928,-21.759793329254855,-58.39597660001735
2020-05-14,Estado de São Paulo,,algodo-em-pluma-ao-produtor,88.65,algodao-bolsa-de-nova-iorque-nybot,2020-07,112.49,220.86179505020397,5.9372,-132.21179505020396,-22.268374831604792,-59.86177691807267
2020-05-14,Oeste da Bahia/BA,BA,algodo-em-pluma-ao-produtor,96.36,algodao-bolsa-de-nova-iorque-nybot,2020-07,112.49,220.86179505020397,5.9372,-124.50179505020397,-20.96978290274944,-56.37090607812163
2020-05-14,Sorriso/MT,MT,algodo-em-pluma-ao-produtor,91.5,algodao-bolsa-de-nova-iorque-nybot,2020-07,112.49,220.86179505020397,5.9372,-129.36179505020397,-21.788350577747757,-58.571377191242526
2020-05-15,Estado de São Paulo,,algodo-em-pluma-ao-produtor,89.64,algodao-bolsa-de-nova-iorque-nybot,2020-07,112.69,216.994992872493,5.8229,-127.35499287249299,-21.87140305904154,-58.69029104617507
2020-05-15,Oeste da Bahia/BA,BA,algodo-em-pluma-ao-produtor,96.36,algodao-bolsa-de-nova-iorque-nybot,2020-07,112.69,216.994992872493,5.8229,-120.63499287249299,-20.717338932918818,-55.59344539501818
2020-05-15,Sorriso/MT,MT,algodo-em-pluma-ao-produtor,91.5,algodao-bolsa-de-nova-iorque-nybot,2020-07,112.69,216.994992872493,5.8229,-125.49499287249299,-21.551974595561145,-57.83312841058701
2020-05-18,Estado de São Paulo,,algodo-em-pluma-ao-produtor,89.64,algodao-bolsa-de-nova-iorque-nybot,2020-07,109.43,207.62712950512497,5.7375,-117.98712950512497,-20.56420557823529,-56.82645123801735
2020-05-18,Oeste da Bahia/BA,BA,algodo-em-pluma-ao-produtor,96.36,algodao-bolsa-de-nova-iorque-nybot,2020-07,109.43,207.62712950512497,5.7375,-111.26712950512497,-19.39296374816993,-53.58987997875225
2020-05-18,Sorriso/MT,MT,algodo-em-pluma-ao-produtor,91.5,algodao-bolsa-de-nova-iorque-nybot,2020-07,109.43,207.62712950512497,5.7375,-116.12712950512497,-20.240022571699342,-55.93061455018504
2020-05-19,Estado de São Paulo,,algodo-em-pluma-ao-produtor,89.64,algodao-bolsa-de-nova-iorque-nybot,2020-07,112.37,212.614498141056,5.7216,-122.974498141056,-21.49302610127517,-57.83918745723086
2020-05-19,Oeste da Bahia/BA,BA,algodo-em-pluma-ao-produtor,96.36,algodao-bolsa-de-nova-iorque-nybot,2020-07,112.37,212.614498141056,5.7216,-116.254498141056,-20.318529456979867,-54.67853752095901
2020-05-19,Sorriso/MT,MT,algodo-em-pluma-ao-produtor,91.5,algodao-bolsa-de-nova-iorque-nybot,2020-07,112.37,212.614498141056,5.7216,-121.114498141056,-21.16794220865772,-56.96436470701276
2020-05-20,Estado de São Paulo,,algodo-em-pluma-ao-produtor,89.64,algodao-bolsa-de-nova-iorque-nybot,2020-07,109.34,205.98473842161602,5.6968,-116.34473842161601,-20.422823062353604,-56.48221286349766
2020-05-20,Oeste da Bahia/BA,BA,algodo-em-pluma-ao-produtor,96.36,algodao-bolsa-de-nova-iorque-nybot,2020-07,109.34,205.98473842161602,5.6968,-109.62473842161602,-19.243213456961104,-53.219835246838855
2020-05-20,Sorriso/MT,MT,algodo-em-pluma-ao-produtor,95.0,algodao-bolsa-de-nova-iorque-nybot,2020-07,109.34,205.98473842161602,5.6968,-110.98473842161602,-19.481943972338158,-53.880078335924566
2020-05-21,Oeste da Bahia/BA,BA,algodo-em-pluma-ao-produtor,96.36,algodao-bolsa-de-nova-iorque-nybot,2020-07,106.94,198.10732493989798,5.6019,-101.74732493989798,-18.16300272048733,-51.359698572865085
2020-05-21,Sorriso/MT,MT,algodo-em-pluma-ao-produtor,95.0,algodao-bolsa-de-nova-iorque-nybot,2020-07,106.94,198.10732493989798,5.6019,-103.10732493989798,-18.40577749333226,-52.04619514759427
2020-05-22,Oeste da Bahia/BA,BA,algodo-em-pluma-ao-produtor,96.36,algodao-bolsa-de-nova-iorque-nybot,2020-07,106.5,196.54910415359998,5.5808,-100.18910415359998,-17.95246275688073,-50.974083339145515
2020-05-22,Sorriso/MT,MT,algodo-em-pluma-ao-produtor,95.0,algodao-bolsa-de-nova-iorque-nybot,2020-07,106.5,196.54910415359998,5.5808,-101.54910415359998,-18.19615541743119,-51.66602238707788
2020-05-26,Oeste da Bahia/BA,BA,algodo-em-pluma-ao-produtor,96.36,algodao-bolsa-de-nova-iorque-nybot,2020-07,103.21,183.30641930327099,5.3707,-86.94641930327099,-16.189029233297518,-47.432282859348554
2020-05-26,Sorriso/MT,MT,algodo-em-pluma-ao-produtor,95.0,algodao-bolsa-de-nova-iorque-nybot,2020-07,103.21,183.30641930327099,5.3707,-88.30641930327099,-16.442255069780657,-48.17420995888452
2020-05-27,Estado de São Paulo,,algodo-em-pluma-ao-produtor,88.65,algodao-bolsa-de-nova-iorque-nybot,2020-07,101.86,178.500314082816,5.2992,-89.850314082816,-16.955448762608697,-50.336221840556284
2020-05-27,Oeste da Bahia/BA,BA,algodo-em-pluma-ao-produtor,96.36,algodao-bolsa-de-nova-iorque-nybot,2020-07,101.86,178.500314082816,5.2992,-82.140314082816,-15.500512168405798,-46.016901709599594
2020-05-27,Sorriso/MT,MT,algodo-em-pluma-ao-produtor,90.0,algodao-bolsa-de-nova-iorque-nybot,2020-07,101.86,178.500314082816,5.2992,-88.500314082816,-16.700693327826087,-49.57992065031095
2020-05-28,Estado de São Paulo,,algodo-em-pluma-ao-produtor,88.65,algodao-bolsa-de-nova-iorque-nybot,2020-07,101.85,179.87381868802495,5.3405,-91.22381868802495,-17.081512721285453,-50.71545117204883
2020-05-28,Oeste da Bahia/BA,BA,algodo-em-pluma-ao-produtor,96.36,algodao-bolsa-de-nova-iorque-nybot,2020-07,101.85,179.87381868802495,5.3405,-83.51381868802495,-15.637827673068994,-46.42911308447407
2020-05-28,Sorriso/MT,MT,algodo-em-pluma-ao-produtor,90.0,algodao-bolsa-de-nova-iorque-nybot,2020-07,101.85,179.87381868802495,5.3405,-89.87381868802495,-16.828727401558837,-49.96492504776532
2020-05-29,Estado de São Paulo,,algodo-em-pluma-ao-produtor,91.61,algodao-bolsa-de-nova-iorque-nybot,2020-07,102.46,183.85826357771398,5.4263,-92.24826357771398,-17.00021443298638,-50.17357489549122
2020-05-29,Oeste da Bahia/BA,BA,algodo-em-pluma-ao-produtor,96.36,algodao-bolsa-de-nova-iorque-nybot,2020-07,102.46,183.85826357771398,5.4263,-87.49826357771398,-16.124848161309544,-47.59006306003203
2020-05-29,Sorriso/MT,MT,algodo-em-pluma-ao-produtor,90.0,algodao-bolsa-de-nova-iorque-nybot,2020-07,102.46,183.85826357771398,5.4263,-93.85826357771398,-17.296917527175786,-51.04924943340477
2020-06-01,Estado de São Paulo,,algodo-em-pluma-ao-produtor,91.61,algodao-bolsa-de-nova-iorque-nybot,2020-07,107.05,189.88573775803496,5.3639,-98.27573775803496,-18.321694617355835,-51.755197056065604
2020-06-01,Oeste da Bahia/BA,BA,algodo-em-pluma-ao-produtor,96.36,algodao-bolsa-de-nova-iorque-nybot,2020-07,107.05,189.88573775803496,5.3639,-93.52573775803496,-17.436144924035677,-49.25369270082394
2020-06-01,Sorriso/MT,MT,algodo-em-pluma-ao-produtor,90.0,algodao-bolsa-de-nova-iorque-nybot,2020-07,107.05,189.88573775803496,5.3639,-99.88573775803496,-18.621849355512772,-52.60307537436857
2020-06-02,Oeste da Bahia/BA,BA,algodo-em-pluma-ao-produtor,96.36,algodao-bolsa-de-nova-iorque-nybot,2020-07,104.21,181.271028359553,5.2601,-84.91102835955299,-16.1424741658054,-46.842029378865256
2020-06-02,Sorriso/MT,MT,algodo-em-pluma-ao-produtor,90.0,algodao-bolsa-de-nova-iorque-nybot,2020-07,104.21,181.271028359553,5.2601,-91.27102835955299,-17.351576654351245,-50.35058783829258
2020-06-03,Estado de São Paulo,,algodo-em-pluma-ao-produtor,93.58,algodao-bolsa-de-nova-iorque-nybot,2020-07,101.8,170.05982764583996,5.0516,-76.47982764583996,-15.139723581803779,-44.97230692548619
2020-06-03,Oeste da Bahia/BA,BA,algodo-em-pluma-ao-produtor,96.36,algodao-bolsa-de-nova-iorque-nybot,2020-07,101.8,170.05982764583996,5.0516,-73.69982764583996,-14.589402891329472,-43.33758811006464
2020-06-03,Sorriso/MT,MT,algodo-em-pluma-ao-produtor,90.0,algodao-bolsa-de-nova-iorque-nybot,2020-07,101.8,170.05982764583996,5.0516,-80.05982764583996,-15.848409938601625,-47.077448421604586
2020-06-04,Estado de São Paulo,,algodo-em-pluma-ao-produtor,89.64,algodao-bolsa-de-nova-iorque-nybot,2020-07,101.19,170.79760339814698,5.1041,-81.15760339814697,-15.900472835200521,-47.516827978528575
2020-06-04,Oeste da Bahia/BA,BA,algodo-em-pluma-ao-produtor,96.36,algodao-bolsa-de-nova-iorque-nybot,2020-07,101.19,170.79760339814698,5.1041,-74.43760339814698,-14.583884210369503,-43.58234654184531
2020-06-04,Sorriso/MT,MT,algodo-em-pluma-ao-produtor,80.0,algodao-bolsa-de-nova-iorque-nybot,2020-07,101.19,170.79760339814698,5.1041,-90.79760339814698,-17.789150564868827,-53.160935277580165
2020-06-05,Estado de São Paulo,,algodo-em-pluma-ao-produtor,90.62,algodao-bolsa-de-nova-iorque-nybot,2020-07,101.55,167.15377858162498,4.9775,-76.53377858162497,-15.375947479984927,-45.786448401614685
2020-06-05,Oeste da Bahia/BA,BA,algodo-em-pluma-ao-produtor,96.36,algodao-bolsa-de-nova-iorque-nybot,2020-07,101.55,167.15377858162498,4.9775,-70.79377858162498,-14.222758127900548,-42.352484749278204
2020-06-05,Sorriso/MT,MT,algodo-em-pluma-ao-produtor,80.0,algodao-bolsa-de-nova-iorque-nybot,2020-07,101.55,167.15377858162498,4.9775,-87.15377858162498,-17.50954868540934,-52.13987940994455
2020-06-08,Estado de São Paulo,,algodo-em-pluma-ao-produtor,90.62,algodao-bolsa-de-nova-iorque-nybot,2020-07,98.13,160.08355496637898,4.9331,-69.46355496637898,-14.081116329768093,-43.39206171487623
2020-06-08,Oeste da Bahia/BA,BA,algodo-em-pluma-ao-produtor,96.36,algodao-bolsa-de-nova-iorque-nybot,2020-07,98.13,160.08355496637898,4.9331,-63.723554966378984,-12.91754778260708,-39.806434196043625
2020-06-08,Sorriso/MT,MT,algodo-em-pluma-ao-produtor,80.0,algodao-bolsa-de-nova-iorque-nybot,2020-07,98.13,160.08355496637898,4.9331,-80.08355496637898,-16.23392085430642,-50.02609729850032
2020-06-09,Estado de São Paulo,,algodo-em-pluma-ao-produtor,90.13,algodao-bolsa-de-nova-iorque-nybot,2020-07,97.87,158.77260722528698,4.9057,-68.64260722528698,-13.992418457159422,-43.23328086934293
2020-06-09,Oeste da Bahia/BA,BA,algodo-em-pluma-ao-produtor,96.36,algodao-bolsa-de-nova-iorque-nybot,2020-07,97.87,158.77260722528698,4.9057,-62.412607225286976,-12.722467175996691,-39.309430207143954
2020-06-09,Sorriso/MT,MT,algodo-em-pluma-ao-produtor,80.0,algodao-bolsa-de-nova-iorque-nybot,2020-07,97.87,158.77260722528698,4.9057,-78.77260722528698,-16.057363317220165,-49.6134746427098
2020-06-10,Estado de São Paulo,,algodo-em-pluma-ao-produtor,90.62,algodao-bolsa-de-nova-iorque-nybot,2020-07,98.85,159.82961151267,4.8894,-69.20961151267,-14.155031601560516,-43.30212083834266
2020-06-10,Oeste da Bahia/BA,BA,algodo-em-pluma-ao-produtor,96.36,algodao-bolsa-de-nova-iorque-nybot,2020-07,98.85,159.82961151267,4.8894,-63.46961151267,-12.981063425506196,-39.71079633615867
2020-06-10,Sorriso/MT,MT,algodo-em-pluma-ao-produtor,86.0,algodao-bolsa-de-nova-iorque-nybot,2020-07,98.85,159.82961151267,4.8894,-73.82961151267,-15.099932816433508,-46.19269909619807
2020-06-12,Estado de São Paulo,,algodo-em-pluma-ao-produtor,90.62,algodao-bolsa-de-nova-iorque-nybot,2020-07,100.72,167.77936078120797,5.0373,-77.15936078120797,-15.31760283906219,-45.988589074330385
2020-06-12,Oeste da Bahia/BA,BA,algodo-em-pluma-ao-produtor,96.36,algodao-bolsa-de-nova-iorque-nybot,2020-07,100.72,167.77936078120797,5.0373,-71.41936078120797,-14.178103504101001,-42.567429300402516
2020-06-12,Sorriso/MT,MT,algodo-em-pluma-ao-produtor,86.0,algodao-bolsa-de-nova-iorque-nybot,2020-07,100.72,167.77936078120797,5.0373,-81.77936078120797,-16.234760840372417,-48.742205477735745
2020-06-15,Oeste da Bahia/BA,BA,algodo-em-pluma-ao-produtor,96.36,algodao-bolsa-de-nova-iorque-nybot,2020-07,99.33,170.423907080427,5.1883,-74.063907080427,-14.27517820488927,-43.45863696545492
2020-06-15,Sorriso/MT,MT,algodo-em-pluma-ao-produtor,86.0,algodao-bolsa-de-nova-iorque-nybot,2020-07,99.33,170.423907080427,5.1883,-84.423907080427,-16.27197869830715,-49.537596295445454
2020-06-16,Oeste da Bahia/BA,BA,algodo-em-pluma-ao-produtor,96.36,algodao-bolsa-de-nova-iorque-nybot,2020-07,103.1,174.85337810654997,5.1285,-78.49337810654997,-15.305328674378467,-44.890970341287115
2020-06-16,Sorriso/MT,MT,algodo-em-pluma-ao-produtor,86.0,algodao-bolsa-de-nova-iorque-nybot,2020-07,103.1,174.85337810654997,5.1285,-88.85337810654997,-17.32541251955737,-50.81593450965849
2020-06-17,Estado de São Paulo,,algodo-em-pluma-ao-produtor,89.64,algodao-bolsa-de-nova-iorque-nybot,2020-07,106.29,184.53061965660302,5.2499,-94.89061965660302,-18.074748025029624,-51.422696045343045
2020-06-17,Oeste da Bahia/BA,BA,algodo-em-pluma-ao-produtor,96.36,algodao-bolsa-de-nova-iorque-nybot,2020-07,106.29,184.53061965660302,5.2499,-88.17061965660302,-16.794723643612834,-47.78102399519474
2020-06-17,Sorriso/MT,MT,algodo-em-pluma-ao-produtor,87.0,algodao-bolsa-de-nova-iorque-nybot,2020-07,106.29,184.53061965660302,5.2499,-97.53061965660302,-18.577614746300505,-52.85335292218703
2020-06-18,Estado de São Paulo,,algodo-em-pluma-ao-produtor,91.21,algodao-bolsa-de-nova-iorque-nybot,2020-07,108.22,191.34912075232802,5.3468,-100.13912075232803,-18.728794933853525,-52.333201406210115
2020-06-18,Oeste da Bahia/BA,BA,algodo-em-pluma-ao-produtor,96.36,algodao-bolsa-de-nova-iorque-nybot,2020-07,108.22,191.34912075232802,5.3468,-94.98912075232802,-17.765601996021548,-49.64178585135848
2020-06-18,Sorriso/MT,MT,algodo-em-pluma-ao-produtor,87.0,algodao-bolsa-de-nova-iorque-nybot,2020-07,108.22,191.34912075232802,5.3468,-104.34912075232802,-19.516181782061796,-54.53336829668106
2020-06-19,Estado de São Paulo,,algodo-em-pluma-ao-produtor,91.61,algodao-bolsa-de-nova-iorque-nybot,2020-07,107.69,190.40487914032195,5.3466,-98.79487914032195,-18.47807562569146,-51.88673713950023
2020-06-19,Oeste da Bahia/BA,BA,algodo-em-pluma-ao-produtor,96.36,algodao-bolsa-de-nova-iorque-nybot,2020-07,107.69,190.40487914032195,5.3466,-94.04487914032195,-17.589660558171914,-49.39205316845587
2020-06-19,Sorriso/MT,MT,algodo-em-pluma-ao-produtor,87.0,algodao-bolsa-de-nova-iorque-nybot,2020-07,107.69,190.40487914032195,5.3466,-103.40487914032195,-19.340305828063062,-54.30789358297696
2020-06-22,Estado de São Paulo,,algodo-em-pluma-ao-produtor,91.61,algodao-bolsa-de-nova-iorque-nybot,2020-07,108.75,187.81965222075,5.2226,-96.20965222074999,-18.421792253044458,-51.22448640660453
2020-06-22,Oeste da Bahia/BA,BA,algodo-em-pluma-ao-produtor,96.36,algodao-bolsa-de-nova-iorque-nybot,2020-07,108.75,187.81965222075,5.2226,-91.45965222074999,-17.512283579203842,-48.69546457963555
2020-06-22,Sorriso/MT,MT,algodo-em-pluma-ao-produtor,87.0,algodao-bolsa-de-nova-iorque-nybot,2020-07,108.75,187.81965222075,5.2226,-100.81965222074999,-19.304494355445563,-53.67896864288391
2020-06-23,Estado de São Paulo,,algodo-em-pluma-ao-produtor,91.61,algodao-bolsa-de-nova-iorque-nybot,2020-07,107.15,183.210229968975,5.1705,-91.600229968975,-17.7159326890968,-49.997333655706164
2020-06-23,Oeste da Bahia/BA,BA,algodo-em-pluma-ao-produtor,96.36,algodao-bolsa-de-nova-iorque-nybot,2020-07,107.15,183.210229968975,5.1705,-86.850229968975,-16.797259446663766,-47.40468367060197
2020-06-23,Sorriso/MT,MT,algodo-em-pluma-ao-produtor,80.0,algodao-bolsa-de-nova-iorque-nybot,2020-07,107.15,183.210229968975,5.1705,-103.210229968975,-19.96136349849628,-56.33431604035033
2020-06-24,Estado de São Paulo,,algodo-em-pluma-ao-produtor,91.61,algodao-bolsa-de-nova-iorque-nybot,2020-07,108.27,187.738961475285,5.2435,-96.12896147528501,-18.33297634696005,-51.20352255061342
2020-06-24,Oeste da Bahia/BA,BA,algodo-em-pluma-ao-produtor,96.36,algodao-bolsa-de-nova-iorque-nybot,2020-07,108.27,187.738961475285,5.2435,-91.37896147528501,-17.42709287218175,-48.67341374279128
2020-06-24,Sorriso/MT,MT,algodo-em-pluma-ao-produtor,80.0,algodao-bolsa-de-nova-iorque-nybot,2020-07,108.27,187.738961475285,5.2435,-107.73896147528501,-20.547146271628684,-57.387641131416586
2020-06-25,Estado de São Paulo,,algodo-em-pluma-ao-produtor,91.61,algodao-bolsa-de-nova-iorque-nybot,2020-07,109.56,193.062664733796,5.3287,-101.452664733796,-19.038914694727794,-52.54908548666505
2020-06-25,Oeste da Bahia/BA,BA,algodo-em-pluma-ao-produtor,96.36,algodao-bolsa-de-nova-iorque-nybot,2020-07,109.56,193.062664733796,5.3287,-96.702664733796,-18.147515291496237,-50.08874443286807
2020-06-25,Sorriso/MT,MT,algodo-em-pluma-ao-produtor,80.0,algodao-bolsa-de-nova-iorque-nybot,2020-07,109.56,193.062664733796,5.3287,-113.062664733796,-21.21768249925798,-58.562676988682504
2020-06-26,Estado de São Paulo,,algodo-em-pluma-ao-produtor,90.12,algodao-bolsa-de-nova-iorque-nybot,2020-07,109.33,197.50932319790098,5.4629,-107.38932319790098,-19.65793318528638,-54.37177418217301
2020-06-26,Oeste da Bahia/BA,BA,algodo-em-pluma-ao-produtor,96.36,algodao-bolsa-de-nova-iorque-nybot,2020-07,109.33,197.50932319790098,5.4629,-101.14932319790098,-18.515682732230314,-51.21242965151123
2020-06-26,Sorriso/MT,MT,algodo-em-pluma-ao-produtor,80.0,algodao-bolsa-de-nova-iorque-nybot,2020-07,109.33,197.50932319790098,5.4629,-117.50932319790098,-21.510429112358082,-59.49558294023348
2020-06-29,Estado de São Paulo,,algodo-em-pluma-ao-produtor,88.15,algodao-bolsa-de-nova-iorque-nybot,2020-07,107.06,192.654366023328,5.4416,-104.504366023328,-19.204712956359895,-54.24448362134385
2020-06-29,Oeste da Bahia/BA,BA,algodo-em-pluma-ao-produtor,96.36,algodao-bolsa-de-nova-iorque-nybot,2020-07,107.06,192.654366023328,5.4416,-96.29436602332801,-17.69596552913261,-49.98296587354162
2020-06-29,Sorriso/MT,MT,algodo-em-pluma-ao-produtor,80.0,algodao-bolsa-de-nova-iorque-nybot,2020-07,107.06,192.654366023328,5.4416,-112.65436602332801,-20.70243421481329,-58.474857512280295
2020-06-30,Estado de São Paulo,,algodo-em-pluma-ao-produtor,88.15,algodao-bolsa-de-nova-iorque-nybot,2020-07,110.51,200.11978166268,5.476,-111.96978166267999,-20.447366994645726,-55.95138108406253
2020-06-30,Oeste da Bahia/BA,BA,algodo-em-pluma-ao-produtor,96.36,algodao-bolsa-de-nova-iorque-nybot,2020-07,110.51,200.11978166268,5.476,-103.75978166268,-18.948097454835647,-51.848838131143125
2020-06-30,Sorriso/MT,MT,algodo-em-pluma-ao-produtor,80.0,algodao-bolsa-de-nova-iorque-nybot,2020-07,110.51,200.11978166268,5.476,-120.11978166268,-21.935679631607012,-60.02394199347707
2020-07-01,Estado de São Paulo,,algodo-em-pluma-ao-produtor,88.65,algodao-bolsa-de-nova-iorque-nybot,2020-07,110.51,196.066954090293,5.3651,-107.41695409029299,-20.021426271699127,-54.78585342883697
2020-07-01,Oeste da Bahia/BA,BA,algodo-em-pluma-ao-produtor,96.36,algodao-bolsa-de-nova-iorque-nybot,2020-07,110.51,196.066954090293,5.3651,-99.706954090293,-18.584360792956886,-50.85352325327389
2020-07-01,Sorriso/MT,MT,algodo-em-pluma-ao-produtor,102.5,algodao-bolsa-de-nova-iorque-nybot,2020-07,110.51,196.066954090293,5.3651,-93.566954090293,-17.439927324801587,-47.72193994873987
2020-07-02,Estado de São Paulo,,algodo-em-pluma-ao-produtor,88.65,algodao-bolsa-de-nova-iorque-nybot,2020-07,110.92,194.509183377168,5.3028,-105.859183377168,-19.962884396388322,-54.423745727161396
2020-07-02,Oeste da Bahia/BA,BA,algodo-em-pluma-ao-produtor,96.36,algodao-bolsa-de-nova-iorque-nybot,2020-07,110.92,194.509183377168,5.3028,-98.149183377168,-18.508935539180808,-50.45992259751012
2020-07-02,Sorriso/MT,MT,algodo-em-pluma-ao-produtor,102.5,algodao-bolsa-de-nova-iorque-nybot,2020-07,110.92,194.509183377168,5.3028,-92.009183377168,-17.351056682727613,-47.30325930100444
2020-07-06,Estado de São Paulo,,algodo-em-pluma-ao-produtor,88.65,algodao-bolsa-de-nova-iorque-nybot,2020-07,111.58,195.87688134399,5.3085,-107.22688134398999,-20.199092275405476,-54.741979047380816
2020-07-06,Oeste da Bahia/BA,BA,algodo-em-pluma-ao-produtor,96.36,algodao-bolsa-de-nova-iorque-nybot,2020-07,111.58,195.87688134399,5.3085,-99.51688134399,-18.746704595269847,-50.8058330626691
2020-07-06,Sorriso/MT,MT,algodo-em-pluma-ao-produtor,102.5,algodao-bolsa-de-nova-iorque-nybot,2020-07,111.58,195.87688134399,5.3085,-93.37688134399,-17.590069010829797,-47.67121096848882
2020-07-07,Oeste da Bahia/BA,BA,algodo-em-pluma-ao-produtor,93.47,algodao-bolsa-de-nova-iorque-nybot,2020-07,111.26,196.17240117512398,5.3318,-102.70240117512398,-19.26223811379346,-52.35313456934295
2020-07-07,Sorriso/MT,MT,algodo-em-pluma-ao-produtor,102.5,algodao-bolsa-de-nova-iorque-nybot,2020-07,111.26,196.17240117512398,5.3318,-93.67240117512398,-17.56862620036835,-47.750040583691586
2020-07-08,Estado de São Paulo,,algodo-em-pluma-ao-produtor,89.14,algodao-bolsa-de-nova-iorque-nybot,2020-07,114.4,202.32924741744,5.3482,-113.18924741744,-21.163989270677984,-55.943097136080944
2020-07-08,Oeste da Bahia/BA,BA,algodo-em-pluma-ao-produtor,93.47,algodao-bolsa-de-nova-iorque-nybot,2020-07,114.4,202.32924741744,5.3482,-108.85924741744,-20.354371081380652,-53.80302097049008
2020-07-08,Sorriso/MT,MT,algodo-em-pluma-ao-produtor,95.0,algodao-bolsa-de-nova-iorque-nybot,2020-07,114.4,202.32924741744,5.3482,-107.32924741744,-20.068293522575818,-53.0468277757201
2020-07-09,Estado de São Paulo,,algodo-em-pluma-ao-produtor,89.14,algodao-bolsa-de-nova-iorque-nybot,2020-07,112.27,196.690907296158,5.2978,-107.550907296158,-20.30105086944732,-54.68016227827874
2020-07-09,Oeste da Bahia/BA,BA,algodo-em-pluma-ao-produtor,93.47,algodao-bolsa-de-nova-iorque-nybot,2020-07,112.27,196.690907296158,5.2978,-103.220907296158,-19.483730472301335,-52.47873870485432
2020-07-09,Sorriso/MT,MT,algodo-em-pluma-ao-produtor,95.0,algodao-bolsa-de-nova-iorque-nybot,2020-07,112.27,196.690907296158,5.2978,-101.690907296158,-19.19493134813659,-51.700868481450314
2020-07-10,Estado de São Paulo,,algodo-em-pluma-ao-produtor,90.12,algodao-bolsa-de-nova-iorque-nybot,2020-10,114.06,201.56950009152,5.344,-111.44950009152001,-20.85507112491018,-55.29085503556729
2020-07-10,Oeste da Bahia/BA,BA,algodo-em-pluma-ao-produtor,93.47,algodao-bolsa-de-nova-iorque-nybot,2020-10,114.06,201.56950009152,5.344,-108.09950009152001,-20.22819986742515,-53.628897250049654
2020-07-10,Sorriso/MT,MT,algodo-em-pluma-ao-produtor,95.0,algodao-bolsa-de-nova-iorque-nybot,2020-10,114.06,201.56950009152,5.344,-106.56950009152001,-19.94189747221557,-52.869853843529654
2020-07-13,Estado de São Paulo,,algodo-em-pluma-ao-produtor,90.12,algodao-bolsa-de-nova-iorque-nybot,2020-10,113.0,199.8681375174,5.3486,-109.74813751739998,-20.519040032419696,-54.9102717824874
2020-07-13,Oeste da Bahia/BA,BA,algodo-em-pluma-ao-produtor,93.47,algodao-bolsa-de-nova-iorque-nybot,2020-10,113.0,199.8681375174,5.3486,-106.39813751739999,-19.892707908125487,-53.234166705604714
2020-07-13,Sorriso/MT,MT,algodo-em-pluma-ao-produtor,95.0,algodao-bolsa-de-nova-iorque-nybot,2020-10,113.0,199.8681375174,5.3486,-104.86813751739999,-19.606651743895597,-52.46866199884934
2020-07-14,Estado de São Paulo,,algodo-em-pluma-ao-produtor,90.12,algodao-bolsa-de-nova-iorque-nybot,2020-10,111.95,200.98004643288002,5.4288,-110.86004643288001,-20.420727680680816,-55.1597277443675
2020-07-14,Oeste da Bahia/BA,BA,algodo-em-pluma-ao-produtor,93.47,algodao-bolsa-de-nova-iorque-nybot,2020-10,111.95,200.98004643288002,5.4288,-107.51004643288002,-19.803648399808434,-53.49289560881082
2020-07-14,Sorriso/MT,MT,algodo-em-pluma-ao-produtor,100.0,algodao-bolsa-de-nova-iorque-nybot,2020-10,111.95,200.98004643288002,5.4288,-100.98004643288002,-18.600804309033308,-50.24381684905405
2020-07-15,Estado de São Paulo,,algodo-em-pluma-ao-produtor,89.63,algodao-bolsa-de-nova-iorque-nybot,2020-10,111.15,196.614338308245,5.3491,-106.98433830824501,-20.00043714049934,-54.41329418229852
2020-07-15,Oeste da Bahia/BA,BA,algodo-em-pluma-ao-produtor,93.47,algodao-bolsa-de-nova-iorque-nybot,2020-10,111.15,196.614338308245,5.3491,-103.14433830824501,-19.282559366668227,-52.46023214570392
2020-07-15,Sorriso/MT,MT,algodo-em-pluma-ao-produtor,100.0,algodao-bolsa-de-nova-iorque-nybot,2020-10,111.15,196.614338308245,5.3491,-96.61433830824501,-18.061793256481465,-49.139009463682385
2020-07-16,Estado de São Paulo,,algodo-em-pluma-ao-produtor,89.63,algodao-bolsa-de-nova-iorque-nybot,2020-10,110.83,196.30117699763997,5.356,-106.67117699763998,-19.916201829283043,-54.340569236078714
2020-07-16,Oeste da Bahia/BA,BA,algodo-em-pluma-ao-produtor,93.47,algodao-bolsa-de-nova-iorque-nybot,2020-10,110.83,196.30117699763997,5.356,-102.83117699763997,-19.199248879320383,-52.38439145929128
2020-07-16,Sorriso/MT,MT,algodo-em-pluma-ao-produtor,100.0,algodao-bolsa-de-nova-iorque-nybot,2020-10,110.83,196.30117699763997,5.356,-96.30117699763997,-17.98005545138909,-49.05787039616057
2020-07-17,Estado de São Paulo,,algodo-em-pluma-ao-produtor,89.44,algodao-bolsa-de-nova-iorque-nybot,2020-10,110.53,195.58706199879,5.351,-106.14706199879001,-19.836864511080172,-54.27100387624141
2020-07-17,Oeste da Bahia/BA,BA,algodo-em-pluma-ao-produtor,93.47,algodao-bolsa-de-nova-iorque-nybot,2020-10,110.53,195.58706199879,5.351,-102.11706199879,-19.083734255053262,-52.21054038810693
2020-07-17,Sorriso/MT,MT,algodo-em-pluma-ao-produtor,100.0,algodao-bolsa-de-nova-iorque-nybot,2020-10,110.53,195.58706199879,5.351,-95.58706199879,-17.863401606950102,-48.8718737435615
2020-07-20,Estado de São Paulo,,algodo-em-pluma-ao-produtor,89.44,algodao-bolsa-de-nova-iorque-nybot,2020-10,111.23,197.285526048765,5.3635,-107.84552604876501,-20.10730419479165,-54.66469244282409
2020-07-20,Oeste da Bahia/BA,BA,algodo-em-pluma-ao-produtor,93.47,algodao-bolsa-de-nova-iorque-nybot,2020-10,111.23,197.285526048765,5.3635,-103.81552604876501,-19.35592915983313,-52.62196782905599
2020-07-20,Sorriso/MT,MT,algodo-em-pluma-ao-produtor,100.0,algodao-bolsa-de-nova-iorque-nybot,2020-10,111.23,197.285526048765,5.3635,-97.285526048765,-18.13844057961499,-49.3120443233722
2020-07-21,Oeste da Bahia/BA,BA,algodo-em-pluma-ao-produtor,93.47,algodao-bolsa-de-nova-iorque-nybot,2020-10,107.76,186.312967954344,5.2283,-92.842967954344,-17.757773646184038,-49.831726140015746
2020-07-21,Sorriso/MT,MT,algodo-em-pluma-ao-produtor,100.0,algodao-bolsa-de-nova-iorque-nybot,2020-10,107.76,186.312967954344,5.2283,-86.312967954344,-16.508801705017692,-46.3268708034832
2020-07-22,Estado de São Paulo,,algodo-em-pluma-ao-produtor,91.6,algodao-bolsa-de-nova-iorque-nybot,2020-10,105.81,178.840590235263,5.1111,-87.240590235263,-17.068848239178063,-48.781202366028246
2020-07-22,Oeste da Bahia/BA,BA,algodo-em-pluma-ao-produtor,93.47,algodao-bolsa-de-nova-iorque-nybot,2020-10,105.81,178.840590235263,5.1111,-85.370590235263,-16.70297787859032,-47.73557844053123
2020-07-23,Estado de São Paulo,,algodo-em-pluma-ao-produtor,91.6,algodao-bolsa-de-nova-iorque-nybot,2020-10,105.86,180.801484313406,5.1647,-89.20148431340601,-17.27137768184135,-49.336699116242784
2020-07-23,Oeste da Bahia/BA,BA,algodo-em-pluma-ao-produtor,93.47,algodao-bolsa-de-nova-iorque-nybot,2020-10,105.86,180.801484313406,5.1647,-87.33148431340601,-16.909304376518676,-48.302415572000136
2020-07-24,Estado de São Paulo,,algodo-em-pluma-ao-produtor,92.59,algodao-bolsa-de-nova-iorque-nybot,2020-10,102.51,176.77149539167797,5.2146,-84.18149539167797,-16.143423348229582,-47.6216457891893
2020-07-24,Oeste da Bahia/BA,BA,algodo-em-pluma-ao-produtor,93.47,algodao-bolsa-de-nova-iorque-nybot,2020-10,102.51,176.77149539167797,5.2146,-83.30149539167797,-15.97466639659379,-47.123827971870874
2020-07-27,Estado de São Paulo,,algodo-em-pluma-ao-produtor,92.59,algodao-bolsa-de-nova-iorque-nybot,2020-10,103.56,177.702011921412,5.1889,-85.112011921412,-16.402708073274106,-47.89591912952142
2020-07-27,Oeste da Bahia/BA,BA,algodo-em-pluma-ao-produtor,93.47,algodao-bolsa-de-nova-iorque-nybot,2020-10,103.56,177.702011921412,5.1889,-84.23201192141201,-16.233115288676213,-47.400708079018976
2020-07-28,Estado de São Paulo,,algodo-em-pluma-ao-produtor,92.59,algodao-bolsa-de-nova-iorque-nybot,2020-10,102.99,176.342479756839,5.1777,-83.752479756839,-16.17561460819263,-47.49421686273575
2020-07-28,Oeste da Bahia/BA,BA,algodo-em-pluma-ao-produtor,93.47,algodao-bolsa-de-nova-iorque-nybot,2020-10,102.99,176.342479756839,5.1777,-82.872479756839,-16.00565497360585,-46.99518792698898
2020-07-29,Estado de São Paulo,,algodo-em-pluma-ao-produtor,91.11,algodao-bolsa-de-nova-iorque-nybot,2020-10,103.94,176.65607824358997,5.1395,-85.54607824358997,-16.644825030370654,-48.42521077912248
2020-07-29,Oeste da Bahia/BA,BA,algodo-em-pluma-ao-produtor,93.47,algodao-bolsa-de-nova-iorque-nybot,2020-10,103.94,176.65607824358997,5.1395,-83.18607824358998,-16.185636393343707,-47.08928165431433
2020-07-30,Estado de São Paulo,,algodo-em-pluma-ao-produtor,91.11,algodao-bolsa-de-nova-iorque-nybot,2020-10,107.19,183.746524066479,5.1837,-92.636524066479,-17.87073404450084,-50.41538855611949
2020-07-30,Oeste da Bahia/BA,BA,algodo-em-pluma-ao-produtor,93.47,algodao-bolsa-de-nova-iorque-nybot,2020-10,107.19,183.746524066479,5.1837,-90.276524066479,-17.415460784088392,-49.131010518499494
2020-07-31,Estado de São Paulo,,algodo-em-pluma-ao-produtor,92.39,algodao-bolsa-de-nova-iorque-nybot,2020-10,107.54,185.04352813722602,5.2033,-92.65352813722602,-17.80668578348856,-50.071207066758525
2020-07-31,Oeste da Bahia/BA,BA,algodo-em-pluma-ao-produtor,93.47,algodao-bolsa-de-nova-iorque-nybot,2020-10,107.54,185.04352813722602,5.2033,-91.57352813722602,-17.599125196937717,-49.48756060753241
2020-08-03,Estado de São Paulo,,algodo-em-pluma-ao-produtor,92.39,algodao-bolsa-de-nova-iorque-nybot,2020-10,111.77,196.17346170757497,5.3075,-103.78346170757497,-19.554114311365986,-52.90392533434481
2020-08-03,Oeste da Bahia/BA,BA,algodo-em-pluma-ao-produtor,93.47,algodao-bolsa-de-nova-iorque-nybot,2020-10,111.77,196.17346170757497,5.3075,-102.70346170757497,-19.35062867782854,-52.35339215284348
2020-08-04,Estado de São Paulo,,algodo-em-pluma-ao-produtor,92.39,algodao-bolsa-de-nova-iorque-nybot,2020-10,112.05,197.606080001385,5.3329,-105.21608000138501,-19.729618031724765,-53.245365729965165
2020-08-04,Oeste da Bahia/BA,BA,algodo-em-pluma-ao-produtor,93.47,algodao-bolsa-de-nova-iorque-nybot,2020-10,112.05,197.606080001385,5.3329,-104.13608000138501,-19.52710157726284,-52.69882384218902
2020-08-04,Sorriso/MT,MT,algodo-em-pluma-ao-produtor,97.0,algodao-bolsa-de-nova-iorque-nybot,2020-10,112.05,197.606080001385,5.3329,-100.60608000138501,-18.865172795549327,-50.912441560846645
2020-08-05,Estado de São Paulo,,algodo-em-pluma-ao-produtor,91.6,algodao-bolsa-de-nova-iorque-nybot,2020-10,113.23,197.55648762564,5.276,-105.95648762564,-20.082730785754357,-53.63351459579623
2020-08-05,Oeste da Bahia/BA,BA,algodo-em-pluma-ao-produtor,93.47,algodao-bolsa-de-nova-iorque-nybot,2020-10,113.23,197.55648762564,5.276,-104.08648762563999,-19.728295607589082,-52.68694988285014
2020-08-05,Sorriso/MT,MT,algodo-em-pluma-ao-produtor,97.0,algodao-bolsa-de-nova-iorque-nybot,2020-10,113.23,197.55648762564,5.276,-100.55648762563999,-19.05922813222896,-50.900119168037484
2020-08-06,Estado de São Paulo,,algodo-em-pluma-ao-produtor,91.6,algodao-bolsa-de-nova-iorque-nybot,2020-10,114.17,201.72991496681098,5.3431,-110.12991496681099,-20.611614038069845,-54.592753377668245
2020-08-06,Oeste da Bahia/BA,BA,algodo-em-pluma-ao-produtor,93.47,algodao-bolsa-de-nova-iorque-nybot,2020-10,114.17,201.72991496681098,5.3431,-108.25991496681098,-20.261629946437647,-53.66577137784554
2020-08-06,Sorriso/MT,MT,algodo-em-pluma-ao-produtor,97.0,algodao-bolsa-de-nova-iorque-nybot,2020-10,114.17,201.72991496681098,5.3431,-104.72991496681098,-19.600964789506275,-51.915906961067904
2020-08-07,Estado de São Paulo,,algodo-em-pluma-ao-produtor,91.6,algodao-bolsa-de-nova-iorque-nybot,2020-10,110.91,198.88923894830097,5.4227,-107.28923894830098,-19.785206437439093,-53.94421513985963
2020-08-07,Oeste da Bahia/BA,BA,algodo-em-pluma-ao-produtor,93.47,algodao-bolsa-de-nova-iorque-nybot,2020-10,110.91,198.88923894830097,5.4227,-105.41923894830097,-19.440359774337686,-53.00399333103363
2020-08-07,Sorriso/MT,MT,algodo-em-pluma-ao-produtor,97.0,algodao-bolsa-de-nova-iorque-nybot,2020-10,110.91,198.88923894830097,5.4227,-101.88923894830097,-18.78939254399118,-51.22913611972035
2020-08-10,Estado de São Paulo,,algodo-em-pluma-ao-produtor,91.6,algodao-bolsa-de-nova-iorque-nybot,2020-10,112.56,200.75374924466402,5.3933,-109.15374924466403,-20.23876833194223,-54.37196050153733
2020-08-10,Oeste da Bahia/BA,BA,algodo-em-pluma-ao-produtor,93.47,algodao-bolsa-de-nova-iorque-nybot,2020-10,112.56,200.75374924466402,5.3933,-107.28374924466402,-19.892041837958953,-53.44047104889405
2020-08-10,Sorriso/MT,MT,algodo-em-pluma-ao-produtor,97.0,algodao-bolsa-de-nova-iorque-nybot,2020-10,112.56,200.75374924466402,5.3933,-103.75374924466402,-19.237526049851486,-51.68209791101661
2020-08-11,Oeste da Bahia/BA,BA,algodo-em-pluma-ao-produtor,93.47,algodao-bolsa-de-nova-iorque-nybot,2020-10,112.55,202.04604027877497,5.4285,-108.57604027877497,-20.00111269757299,-53.73826684698504
2020-08-11,Sorriso/MT,MT,algodo-em-pluma-ao-produtor,97.0,algodao-bolsa-de-nova-iorque-nybot,2020-10,112.55,202.04604027877497,5.4285,-105.04604027877497,-19.35084098347149,-51.99114030338664
2020-08-12,Estado de São Paulo,,algodo-em-pluma-ao-produtor,94.56,algodao-bolsa-de-nova-iorque-nybot,2020-10,111.66,201.430551490938,5.4551,-106.870551490938,-19.590942694164728,-53.05578061515952
2020-08-12,Oeste da Bahia/BA,BA,algodo-em-pluma-ao-produtor,93.47,algodao-bolsa-de-nova-iorque-nybot,2020-10,111.66,201.430551490938,5.4551,-107.960551490938,-19.790755713174462,-53.596910047577836
2020-08-12,Sorriso/MT,MT,algodo-em-pluma-ao-produtor,82.0,algodao-bolsa-de-nova-iorque-nybot,2020-10,111.66,201.430551490938,5.4551,-119.430551490938,-21.893375280185147,-59.29118031348436
2020-08-13,Estado de São Paulo,,algodo-em-pluma-ao-produtor,94.56,algodao-bolsa-de-nova-iorque-nybot,2020-10,111.07,197.61145773095095,5.3801,-103.05145773095094,-19.15419002080834,-52.148523630272514
2020-08-13,Oeste da Bahia/BA,BA,algodo-em-pluma-ao-produtor,93.47,algodao-bolsa-de-nova-iorque-nybot,2020-10,111.07,197.61145773095095,5.3801,-104.14145773095095,-19.35678848552089,-52.70011107996587
2020-08-13,Sorriso/MT,MT,algodo-em-pluma-ao-produtor,82.0,algodao-bolsa-de-nova-iorque-nybot,2020-10,111.07,197.61145773095095,5.3801,-115.61145773095095,-21.488719118780498,-58.50443039004174
2020-08-14,Estado de São Paulo,,algodo-em-pluma-ao-produtor,91.11,algodao-bolsa-de-nova-iorque-nybot,2020-10,111.85,199.18784249165998,5.3852,-108.07784249165998,-20.06942035424125,-54.25925655888623
2020-08-14,Oeste da Bahia/BA,BA,algodo-em-pluma-ao-produtor,101.97,algodao-bolsa-de-nova-iorque-nybot,2020-10,111.85,199.18784249165998,5.3852,-97.21784249165998,-18.052782160673694,-48.80711657677125
2020-08-14,Sorriso/MT,MT,algodo-em-pluma-ao-produtor,82.0,algodao-bolsa-de-nova-iorque-nybot,2020-10,111.85,199.18784249165998,5.3852,-117.18784249165998,-21.761093829692484,-58.832828864325215
2020-08-17,Estado de São Paulo,,algodo-em-pluma-ao-produtor,91.11,algodao-bolsa-de-nova-iorque-nybot,2020-10,114.1,205.62846896361,5.4497,-114.51846896361,-21.013719831111807,-55.691932902479714
2020-08-17,Oeste da Bahia/BA,BA,algodo-em-pluma-ao-produtor,101.97,algodao-bolsa-de-nova-iorque-nybot,2020-10,114.1,205.62846896361,5.4497,-103.65846896361,-19.020949586878178,-50.41056303441835
2020-08-17,Sorriso/MT,MT,algodo-em-pluma-ao-produtor,82.0,algodao-bolsa-de-nova-iorque-nybot,2020-10,114.1,205.62846896361,5.4497,-123.62846896361,-22.685371481661377,-60.12225329824757
2020-08-18,Estado de São Paulo,,algodo-em-pluma-ao-produtor,91.11,algodao-bolsa-de-nova-iorque-nybot,2020-10,113.27,204.739474577649,5.4659,-113.62947457764899,-20.788794997648875,-55.49954390185472
2020-08-18,Oeste da Bahia/BA,BA,algodo-em-pluma-ao-produtor,101.97,algodao-bolsa-de-nova-iorque-nybot,2020-10,113.27,204.739474577649,5.4659,-102.76947457764899,-18.80193098623264,-50.19524192374192
2020-08-18,Sorriso/MT,MT,algodo-em-pluma-ao-produtor,72.0,algodao-bolsa-de-nova-iorque-nybot,2020-10,113.27,204.739474577649,5.4659,-132.739474577649,-24.285017028787387,-64.83335705118583
2020-08-19,Estado de São Paulo,,algodo-em-pluma-ao-produtor,94.56,algodao-bolsa-de-nova-iorque-nybot,2020-10,115.38,209.49581050160398,5.4906,-114.93581050160398,-20.93319682759698,-54.86305918309712
2020-08-19,Oeste da Bahia/BA,BA,algodo-em-pluma-ao-produtor,101.97,algodao-bolsa-de-nova-iorque-nybot,2020-10,115.38,209.49581050160398,5.4906,-107.52581050160398,-19.58361754664408,-51.32599561019896
2020-08-19,Sorriso/MT,MT,algodo-em-pluma-ao-produtor,72.0,algodao-bolsa-de-nova-iorque-nybot,2020-10,115.38,209.49581050160398,5.4906,-137.49581050160398,-25.042037391469783,-65.63177095159679
2020-08-20,Estado de São Paulo,,algodo-em-pluma-ao-produtor,94.56,algodao-bolsa-de-nova-iorque-nybot,2020-10,117.74,220.02617087681995,5.651,-125.46617087681994,-22.202472283988666,-57.023294263963386
2020-08-20,Oeste da Bahia/BA,BA,algodo-em-pluma-ao-produtor,101.97,algodao-bolsa-de-nova-iorque-nybot,2020-10,117.74,220.02617087681995,5.651,-118.05617087681995,-20.891199942810115,-53.65551307208488
2020-08-20,Sorriso/MT,MT,algodo-em-pluma-ao-produtor,72.0,algodao-bolsa-de-nova-iorque-nybot,2020-10,117.74,220.02617087681995,5.651,-148.02617087681995,-26.19468605146345,-67.27661999794167
2020-08-21,Estado de São Paulo,,algodo-em-pluma-ao-produtor,95.54,algodao-bolsa-de-nova-iorque-nybot,2020-10,118.02,218.80875369830397,5.6064,-123.26875369830397,-21.98714927552511,-56.33629898933036
2020-08-21,Oeste da Bahia/BA,BA,algodo-em-pluma-ao-produtor,101.97,algodao-bolsa-de-nova-iorque-nybot,2020-10,118.02,218.80875369830397,5.6064,-116.83875369830398,-20.840245736712326,-53.3976597021354
2020-08-21,Sorriso/MT,MT,algodo-em-pluma-ao-produtor,72.0,algodao-bolsa-de-nova-iorque-nybot,2020-10,118.02,218.80875369830397,5.6064,-146.80875369830397,-26.18592210657534,-67.0945523051265
2020-08-24,Estado de São Paulo,,algodo-em-pluma-ao-produtor,95.54,algodao-bolsa-de-nova-iorque-nybot,2020-10,120.45,222.87581528949,5.5954,-127.33581528948999,-22.757231885028773,-57.13307885115101
2020-08-24,Oeste da Bahia/BA,BA,algodo-em-pluma-ao-produtor,101.97,algodao-bolsa-de-nova-iorque-nybot,2020-10,120.45,222.87581528949,5.5954,-120.90581528949,-21.60807364790542,-54.24806416633733
2020-08-24,Sorriso/MT,MT,algodo-em-pluma-ao-produtor,72.0,algodao-bolsa-de-nova-iorque-nybot,2020-10,120.45,222.87581528949,5.5954,-150.87581528949,-26.964259085943812,-67.69501441577216
2020-08-25,Estado de São Paulo,,algodo-em-pluma-ao-produtor,95.54,algodao-bolsa-de-nova-iorque-nybot,2020-10,118.83,220.047206589243,5.5997,-124.50720658924298,-22.234620888483843,-56.5820436983132
2020-08-25,Oeste da Bahia/BA,BA,algodo-em-pluma-ao-produtor,101.97,algodao-bolsa-de-nova-iorque-nybot,2020-10,118.83,220.047206589243,5.5997,-118.07720658924299,-21.086345087994534,-53.659943436434965
2020-08-25,Sorriso/MT,MT,algodo-em-pluma-ao-produtor,72.0,algodao-bolsa-de-nova-iorque-nybot,2020-10,118.83,220.047206589243,5.5997,-148.047206589243,-26.438417520446272,-67.27974823402293
2020-08-26,Estado de São Paulo,,algodo-em-pluma-ao-produtor,108.35,algodao-bolsa-de-nova-iorque-nybot,2020-10,120.55,221.96854912319995,5.568,-113.61854912319995,-20.405630230459764,-51.18677829449517
2020-08-26,Oeste da Bahia/BA,BA,algodo-em-pluma-ao-produtor,105.37,algodao-bolsa-de-nova-iorque-nybot,2020-10,120.55,221.96854912319995,5.568,-116.59854912319994,-20.94083137988505,-52.5293108342497
2020-08-26,Sorriso/MT,MT,algodo-em-pluma-ao-produtor,114.0,algodao-bolsa-de-nova-iorque-nybot,2020-10,120.55,221.96854912319995,5.568,-107.96854912319995,-19.39090321896551,-48.64137264026257
2020-08-27,Estado de São Paulo,,algodo-em-pluma-ao-produtor,107.78,algodao-bolsa-de-nova-iorque-nybot,2020-10,119.28,220.718783555424,5.5956,-112.93878355542401,-20.183498383627136,-51.168632653805965
2020-08-27,Oeste da Bahia/BA,BA,algodo-em-pluma-ao-produtor,105.37,algodao-bolsa-de-nova-iorque-nybot,2020-10,119.28,220.718783555424,5.5956,-115.348783555424,-20.614193930127957,-52.26051978782274
2020-08-27,Sorriso/MT,MT,algodo-em-pluma-ao-produtor,114.0,algodao-bolsa-de-nova-iorque-nybot,2020-10,119.28,220.718783555424,5.5956,-106.71878355542401,-19.07191070759597,-48.35056710460086
2020-08-28,Estado de São Paulo,,algodo-em-pluma-ao-produtor,106.38,algodao-bolsa-de-nova-iorque-nybot,2020-10,115.37,208.611601904739,5.4679,-102.231601904739,-18.696684632992373,-49.00571251613433
2020-08-28,Oeste da Bahia/BA,BA,algodo-em-pluma-ao-produtor,105.37,algodao-bolsa-de-nova-iorque-nybot,2020-10,115.37,208.611601904739,5.4679,-103.24160190473899,-18.88139905717716,-49.48986583779915
2020-08-28,Sorriso/MT,MT,algodo-em-pluma-ao-produtor,114.0,algodao-bolsa-de-nova-iorque-nybot,2020-10,115.37,208.611601904739,5.4679,-94.61160190473899,-17.303096601023974,-45.35299141604919
2020-08-31,Estado de São Paulo,,algodo-em-pluma-ao-produtor,106.38,algodao-bolsa-de-nova-iorque-nybot,2020-10,116.51,210.80394437595902,5.4713,-104.42394437595902,-19.085764695037565,-49.53604861857982
2020-08-31,Oeste da Bahia/BA,BA,algodo-em-pluma-ao-produtor,105.37,algodao-bolsa-de-nova-iorque-nybot,2020-10,116.51,210.80394437595902,5.4713,-105.43394437595902,-19.27036433314916,-50.01516678830378
2020-08-31,Sorriso/MT,MT,algodo-em-pluma-ao-produtor,114.0,algodao-bolsa-de-nova-iorque-nybot,2020-10,116.51,210.80394437595902,5.4713,-96.80394437595902,-17.693042672849053,-45.921315496504036
2020-09-01,Oeste da Bahia/BA,BA,algodo-em-pluma-ao-produtor,114.69,algodao-bolsa-de-nova-iorque-nybot,2020-10,115.04,204.412232359104,5.3732,-89.722232359104,-16.69810026782997,-43.892790232574356
2020-09-01,Sorriso/MT,MT,algodo-em-pluma-ao-produtor,112.0,algodao-bolsa-de-nova-iorque-nybot,2020-10,115.04,204.412232359104,5.3732,-92.412232359104,-17.198733037873893,-45.20875844492395
2020-09-02,Estado de São Paulo,,algodo-em-pluma-ao-produtor,105.88,algodao-bolsa-de-nova-iorque-nybot,2020-10,114.18,202.91809855343402,5.3741,-97.03809855343403,-18.056623165447984,-47.82131275879326
2020-09-02,Oeste da Bahia/BA,BA,algodo-em-pluma-ao-produtor,114.69,algodao-bolsa-de-nova-iorque-nybot,2020-10,114.18,202.91809855343402,5.3741,-88.22809855343402,-16.417278903152905,-43.47965961754816
2020-09-02,Sorriso/MT,MT,algodo-em-pluma-ao-produtor,112.0,algodao-bolsa-de-nova-iorque-nybot,2020-10,114.18,202.91809855343402,5.3741,-90.91809855343402,-16.91782783227592,-44.80531761413718
2020-09-03,Estado de São Paulo,,algodo-em-pluma-ao-produtor,105.88,algodao-bolsa-de-nova-iorque-nybot,2020-10,111.19,195.170180812893,5.3079,-89.290180812893,-16.822129432146987,-45.74990935653961
2020-09-03,Oeste da Bahia/BA,BA,algodo-em-pluma-ao-produtor,108.77,algodao-bolsa-de-nova-iorque-nybot,2020-10,111.19,195.170180812893,5.3079,-86.400180812893,-16.277657983928297,-44.26915036561025
2020-09-03,Sorriso/MT,MT,algodo-em-pluma-ao-produtor,112.0,algodao-bolsa-de-nova-iorque-nybot,2020-10,111.19,195.170180812893,5.3079,-83.170180812893,-15.669131071213284,-42.61418443457155
2020-09-04,Estado de São Paulo,,algodo-em-pluma-ao-produtor,103.42,algodao-bolsa-de-nova-iorque-nybot,2020-10,112.59,196.76750439297598,5.2848,-93.34750439297598,-17.663393958707232,-47.44050837100936
2020-09-04,Oeste da Bahia/BA,BA,algodo-em-pluma-ao-produtor,108.77,algodao-bolsa-de-nova-iorque-nybot,2020-10,112.59,196.76750439297598,5.2848,-87.99750439297598,-16.651056689557976,-44.72156348399428
2020-09-04,Sorriso/MT,MT,algodo-em-pluma-ao-produtor,112.0,algodao-bolsa-de-nova-iorque-nybot,2020-10,112.59,196.76750439297598,5.2848,-84.76750439297598,-16.03986988967908,-43.080032271833765
2020-09-08,Estado de São Paulo,,algodo-em-pluma-ao-produtor,103.42,algodao-bolsa-de-nova-iorque-nybot,2020-10,111.8,198.52943934251996,5.3698,-95.10943934251996,-17.71191466023315,-47.906970199230265
2020-09-08,Oeste da Bahia/BA,BA,algodo-em-pluma-ao-produtor,107.92,algodao-bolsa-de-nova-iorque-nybot,2020-10,111.8,198.52943934251996,5.3698,-90.60943934251996,-16.873894622242908,-45.64030384742729
2020-09-09,Estado de São Paulo,,algodo-em-pluma-ao-produtor,107.36,algodao-bolsa-de-nova-iorque-nybot,2020-10,111.03,194.68739251209598,5.3024,-87.32739251209598,-16.469408666282437,-44.855186247702356
2020-09-09,Oeste da Bahia/BA,BA,algodo-em-pluma-ao-produtor,107.92,algodao-bolsa-de-nova-iorque-nybot,2020-10,111.03,194.68739251209598,5.3024,-86.76739251209598,-16.36379611347616,-44.56754563945639
2020-09-09,Sorriso/MT,MT,algodo-em-pluma-ao-produtor,112.0,algodao-bolsa-de-nova-iorque-nybot,2020-10,111.03,194.68739251209598,5.3024,-82.68739251209598,-15.594333228744718,-42.47187835080722
2020-09-10,Estado de São Paulo,,algodo-em-pluma-ao-produtor,107.36,algodao-bolsa-de-nova-iorque-nybot,2020-10,112.31,196.60499656168798,5.2936,-89.24499656168798,-16.859036678571858,-45.39304601736605
2020-09-10,Oeste da Bahia/BA,BA,algodo-em-pluma-ao-produtor,107.92,algodao-bolsa-de-nova-iorque-nybot,2020-10,112.31,196.60499656168798,5.2936,-88.68499656168798,-16.753248557066645,-45.108210936979745
2020-09-10,Sorriso/MT,MT,algodo-em-pluma-ao-produtor,112.0,algodao-bolsa-de-nova-iorque-nybot,2020-10,112.31,196.60499656168798,5.2936,-84.60499656168798,-15.982506528957229,-43.03298392273657
2020-09-11,Estado de São Paulo,,algodo-em-pluma-ao-produtor,104.41,algodao-bolsa-de-nova-iorque-nybot,2020-10,113.12,197.716201762464,5.2854,-93.30620176246401,-17.653574329750636,-47.19198575064777
2020-09-11,Oeste da Bahia/BA,BA,algodo-em-pluma-ao-produtor,107.92,algodao-bolsa-de-nova-iorque-nybot,2020-10,113.12,197.716201762464,5.2854,-89.79620176246401,-16.98948078905362,-45.41671393745721
2020-09-11,Sorriso/MT,MT,algodo-em-pluma-ao-produtor,112.0,algodao-bolsa-de-nova-iorque-nybot,2020-10,113.12,197.716201762464,5.2854,-85.71620176246401,-16.217542998157946,-43.353150120415194
2020-09-14,Estado de São Paulo,,algodo-em-pluma-ao-produtor,104.41,algodao-bolsa-de-nova-iorque-nybot,2020-10,114.3,200.27003533415999,5.2984,-95.86003533415999,-18.092260934274496,-47.865390932903665
2020-09-14,Oeste da Bahia/BA,BA,algodo-em-pluma-ao-produtor,107.92,algodao-bolsa-de-nova-iorque-nybot,2020-10,114.3,200.27003533415999,5.2984,-92.35003533415998,-17.429796794156722,-46.11275729795004
2020-09-14,Sorriso/MT,MT,algodo-em-pluma-ao-produtor,112.0,algodao-bolsa-de-nova-iorque-nybot,2020-10,114.3,200.27003533415999,5.2984,-88.27003533415999,-16.65975300735316,-44.07550794449967
2020-09-15,Estado de São Paulo,,algodo-em-pluma-ao-produtor,104.41,algodao-bolsa-de-nova-iorque-nybot,2020-10,114.17,199.075723014168,5.2728,-94.66572301416801,-17.95359638411622,-47.55262047066922
2020-09-15,Oeste da Bahia/BA,BA,algodo-em-pluma-ao-produtor,107.92,algodao-bolsa-de-nova-iorque-nybot,2020-10,114.17,199.075723014168,5.2728,-91.155723014168,-17.28791591074344,-45.78947228421245
2020-09-15,Sorriso/MT,MT,algodo-em-pluma-ao-produtor,114.0,algodao-bolsa-de-nova-iorque-nybot,2020-10,114.17,199.075723014168,5.2728,-85.075723014168,-16.13482836712335,-42.73535804670329
2020-09-16,Estado de São Paulo,,algodo-em-pluma-ao-produtor,101.45,algodao-bolsa-de-nova-iorque-nybot,2020-10,112.58,195.57357832240797,5.2532,-94.12357832240797,-17.917379563391453,-48.126939809447514
2020-09-16,Oeste da Bahia/BA,BA,algodo-em-pluma-ao-produtor,106.22,algodao-bolsa-de-nova-iorque-nybot,2020-10,112.58,195.57357832240797,5.2532,-89.35357832240797,-17.009361593392214,-45.687960044943466
2020-09-16,Sorriso/MT,MT,algodo-em-pluma-ao-produtor,114.0,algodao-bolsa-de-nova-iorque-nybot,2020-10,112.58,195.57357832240797,5.2532,-81.57357832240797,-15.52835953750247,-41.70991757789075
2020-09-17,Estado de São Paulo,,algodo-em-pluma-ao-produtor,101.45,algodao-bolsa-de-nova-iorque-nybot,2020-10,111.51,193.939719118299,5.2593,-92.48971911829899,-17.585937124388987,-47.689931458486996
2020-09-17,Oeste da Bahia/BA,BA,algodo-em-pluma-ao-produtor,106.22,algodao-bolsa-de-nova-iorque-nybot,2020-10,111.51,193.939719118299,5.2593,-87.719719118299,-16.678972319186773,-45.230404332385305
2020-09-17,Sorriso/MT,MT,algodo-em-pluma-ao-produtor,114.0,algodao-bolsa-de-nova-iorque-nybot,2020-10,111.51,193.939719118299,5.2593,-79.939719118299,-15.199688003783583,-41.21884855857583
2020-09-18,Estado de São Paulo,,algodo-em-pluma-ao-produtor,106.38,algodao-bolsa-de-nova-iorque-nybot,2020-10,113.94,199.28131154533799,5.2889,-92.90131154533799,-17.565337129712795,-46.61817549519803
2020-09-18,Oeste da Bahia/BA,BA,algodo-em-pluma-ao-produtor,106.22,algodao-bolsa-de-nova-iorque-nybot,2020-10,113.94,199.28131154533799,5.2889,-93.06131154533799,-17.59558916699843,-46.69846400733159
2020-09-18,Sorriso/MT,MT,algodo-em-pluma-ao-produtor,114.0,algodao-bolsa-de-nova-iorque-nybot,2020-10,113.94,199.28131154533799,5.2889,-85.28131154533799,-16.12458385398438,-42.794435104837135
2020-09-21,Estado de São Paulo,,algodo-em-pluma-ao-produtor,106.38,algodao-bolsa-de-nova-iorque-nybot,2020-10,114.03,205.28737566875998,5.444,-98.90737566875998,-18.16814395091109,-48.17996009084908
2020-09-21,Oeste da Bahia/BA,BA,algodo-em-pluma-ao-produtor,106.22,algodao-bolsa-de-nova-iorque-nybot,2020-10,114.03,205.28737566875998,5.444,-99.06737566875998,-18.1975341052094,-48.25789961317907
2020-09-21,Sorriso/MT,MT,algodo-em-pluma-ao-produtor,114.0,algodao-bolsa-de-nova-iorque-nybot,2020-10,114.03,205.28737566875998,5.444,-91.28737566875998,-16.768437852454074,-44.46809033988339
2020-09-22,Estado de São Paulo,,algodo-em-pluma-ao-produtor,106.38,algodao-bolsa-de-nova-iorque-nybot,2020-10,115.9,208.22848976523,5.4329,-101.84848976523,-18.746615944565516,-48.9118899532242
2020-09-22,Oeste da Bahia/BA,BA,algodo-em-pluma-ao-produtor,106.22,algodao-bolsa-de-nova-iorque-nybot,2020-10,115.9,208.22848976523,5.4329,-102.00848976523,-18.776066146115333,-48.98872862221727
2020-09-22,Sorriso/MT,MT,algodo-em-pluma-ao-produtor,100.0,algodao-bolsa-de-nova-iorque-nybot,2020-10,115.9,208.22848976523,5.4329,-108.22848976523,-19.920942731364462,-51.975831879323366
2020-09-23,Estado de São Paulo,,algodo-em-pluma-ao-produtor,102.44,algodao-bolsa-de-nova-iorque-nybot,2020-10,117.65,215.19315055309502,5.5311,-112.75315055309503,-20.385303204262264,-52.39625437115166
2020-09-23,Oeste da Bahia/BA,BA,algodo-em-pluma-ao-produtor,106.22,algodao-bolsa-de-nova-iorque-nybot,2020-10,117.65,215.19315055309502,5.5311,-108.97315055309502,-19.701894840645625,-50.63969288660415
2020-09-23,Sorriso/MT,MT,algodo-em-pluma-ao-produtor,100.0,algodao-bolsa-de-nova-iorque-nybot,2020-10,117.65,215.19315055309502,5.5311,-115.19315055309502,-20.826445110935442,-53.53011945641513
2020-09-24,Estado de São Paulo,,algodo-em-pluma-ao-produtor,102.44,algodao-bolsa-de-nova-iorque-nybot,2020-10,116.56,214.752822572112,5.5714,-112.312822572112,-20.1588151222515,-52.29864791853826
2020-09-24,Oeste da Bahia/BA,BA,algodo-em-pluma-ao-produtor,106.22,algodao-bolsa-de-nova-iorque-nybot,2020-10,116.56,214.752822572112,5.5714,-108.532822572112,-19.480350104482177,-50.53848479019067
2020-09-24,Sorriso/MT,MT,algodo-em-pluma-ao-produtor,100.0,algodao-bolsa-de-nova-iorque-nybot,2020-10,116.56,214.752822572112,5.5714,-114.752822572112,-20.596766086102594,-53.43483787440282
2020-09-25,Estado de São Paulo,,algodo-em-pluma-ao-produtor,105.39,algodao-bolsa-de-nova-iorque-nybot,2020-10,118.89,218.86088248935897,5.5667,-113.47088248935897,-20.383868807257258,-51.84612307083973
2020-09-25,Oeste da Bahia/BA,BA,algodo-em-pluma-ao-produtor,106.22,algodao-bolsa-de-nova-iorque-nybot,2020-10,118.89,218.86088248935897,5.5667,-112.64088248935897,-20.234767903669855,-51.46688673104276
2020-09-25,Sorriso/MT,MT,algodo-em-pluma-ao-produtor,100.0,algodao-bolsa-de-nova-iorque-nybot,2020-10,118.89,218.86088248935897,5.5667,-118.86088248935897,-21.352126482360998,-54.30887472325622
2020-09-28,Estado de São Paulo,,algodo-em-pluma-ao-produtor,105.39,algodao-bolsa-de-nova-iorque-nybot,2020-10,119.9,221.47747663206,5.5858,-116.08747663205999,-20.78260529056894,-52.41502585155232
2020-09-28,Oeste da Bahia/BA,BA,algodo-em-pluma-ao-produtor,107.92,algodao-bolsa-de-nova-iorque-nybot,2020-10,119.9,221.47747663206,5.5858,-113.55747663205999,-20.329671064495685,-51.27269750355372
2020-09-28,Sorriso/MT,MT,algodo-em-pluma-ao-produtor,100.0,algodao-bolsa-de-nova-iorque-nybot,2020-10,119.9,221.47747663206,5.5858,-121.47747663205999,-21.747552120029358,-54.848681897288465
2020-09-29,Estado de São Paulo,,algodo-em-pluma-ao-produtor,105.39,algodao-bolsa-de-nova-iorque-nybot,2020-10,119.37,223.143281772048,5.6528,-117.753281772048,-20.83096549887631,-52.770256328998
2020-09-29,Oeste da Bahia/BA,BA,algodo-em-pluma-ao-produtor,107.92,algodao-bolsa-de-nova-iorque-nybot,2020-10,119.37,223.143281772048,5.6528,-115.223281772048,-20.383399690781204,-51.636455669659966
2020-09-29,Sorriso/MT,MT,algodo-em-pluma-ao-produtor,116.0,algodao-bolsa-de-nova-iorque-nybot,2020-10,119.37,223.143281772048,5.6528,-107.143281772048,-18.954019560580242,-48.01546384062784
2020-09-30,Estado de São Paulo,,algodo-em-pluma-ao-produtor,104.41,algodao-bolsa-de-nova-iorque-nybot,2020-10,119.85,223.56099961123496,5.6407,-119.15099961123497,-21.123442057055858,-53.296862967348744
2020-09-30,Oeste da Bahia/BA,BA,algodo-em-pluma-ao-produtor,107.92,algodao-bolsa-de-nova-iorque-nybot,2020-10,119.85,223.56099961123496,5.6407,-115.64099961123496,-20.501178862771457,-51.72682167834763
2020-09-30,Sorriso/MT,MT,algodo-em-pluma-ao-produtor,116.0,algodao-bolsa-de-nova-iorque-nybot,2020-10,119.85,223.56099961123496,5.6407,-107.56099961123496,-19.068732535188,-48.11259557717129
2020-10-01,Estado de São Paulo,,algodo-em-pluma-ao-produtor,104.41,algodao-bolsa-de-nova-iorque-nybot,2020-10,120.72,225.31957769613598,5.6441,-120.90957769613598,-21.42229544057263,-53.66137240821283
2020-10-01,Oeste da Bahia/BA,BA,algodo-em-pluma-ao-produtor,107.92,algodao-bolsa-de-nova-iorque-nybot,2020-10,120.72,225.31957769613598,5.6441,-117.39957769613598,-20.800407096992608,-52.10358500425561
2020-10-01,Sorriso/MT,MT,algodo-em-pluma-ao-produtor,116.0,algodao-bolsa-de-nova-iorque-nybot,2020-10,120.72,225.31957769613598,5.6441,-109.31957769613598,-19.368823673594726,-48.5175672766276
2020-10-02,Estado de São Paulo,,algodo-em-pluma-ao-produtor,101.45,algodao-bolsa-de-nova-iorque-nybot,2020-10,120.98,225.896875080096,5.6464,-124.446875080096,-22.04003879996033,-55.090126871374835
2020-10-02,Oeste da Bahia/BA,BA,algodo-em-pluma-ao-produtor,107.92,algodao-bolsa-de-nova-iorque-nybot,2020-10,120.98,225.896875080096,5.6464,-117.97687508009601,-20.894175949294418,-52.2259880922501
2020-10-02,Sorriso/MT,MT,algodo-em-pluma-ao-produtor,116.0,algodao-bolsa-de-nova-iorque-nybot,2020-10,120.98,225.896875080096,5.6464,-109.89687508009601,-19.463175665928027,-48.64913471739261
2020-10-05,Estado de São Paulo,,algodo-em-pluma-ao-produtor,101.45,algodao-bolsa-de-nova-iorque-nybot,2020-10,119.44,222.369632112408,5.6299,-120.919632112408,-21.478113663192595,-54.377763260085366
2020-10-05,Oeste da Bahia/BA,BA,algodo-em-pluma-ao-produtor,107.92,algodao-bolsa-de-nova-iorque-nybot,2020-10,119.44,222.369632112408,5.6299,-114.449632112408,-20.328892540259684,-51.46819330732788
2020-10-05,Sorriso/MT,MT,algodo-em-pluma-ao-produtor,116.0,algodao-bolsa-de-nova-iorque-nybot,2020-10,119.44,222.369632112408,5.6299,-106.369632112408,-18.893698309456294,-47.83460362907741
2020-10-06,Estado de São Paulo,,algodo-em-pluma-ao-produtor,101.45,algodao-bolsa-de-nova-iorque-nybot,2020-10,119.89,218.870069802285,5.5205,-117.420069802285,-21.269825161178336,-53.64829915225765
2020-10-06,Oeste da Bahia/BA,BA,algodo-em-pluma-ao-produtor,107.92,algodao-bolsa-de-nova-iorque-nybot,2020-10,119.89,218.870069802285,5.5205,-110.950069802285,-20.097829870896657,-50.69220743727596
2020-10-07,Estado de São Paulo,,algodo-em-pluma-ao-produtor,104.41,algodao-bolsa-de-nova-iorque-nybot,2020-10,123.2,228.22504903968,5.6018,-123.81504903967999,-22.102725738098467,-54.2512969372407
2020-10-07,Oeste da Bahia/BA,BA,algodo-em-pluma-ao-produtor,107.92,algodao-bolsa-de-nova-iorque-nybot,2020-10,123.2,228.22504903968,5.6018,-120.30504903967999,-21.4761414259131,-52.71334130319908
2020-10-08,Estado de São Paulo,,algodo-em-pluma-ao-produtor,104.41,algodao-bolsa-de-nova-iorque-nybot,2020-10,122.36,227.4054065976,5.62,-122.99540659760001,-21.88530366505338,-54.086403853732335
2020-10-08,Oeste da Bahia/BA,BA,algodo-em-pluma-ao-produtor,107.07,algodao-bolsa-de-nova-iorque-nybot,2020-10,122.36,227.4054065976,5.62,-120.33540659760001,-21.41199405651246,-52.91668672176153
2020-10-09,Estado de São Paulo,,algodo-em-pluma-ao-produtor,104.41,algodao-bolsa-de-nova-iorque-nybot,2020-12,123.69,226.57629872978097,5.5393,-122.16629872978098,-22.054465136349535,-53.91839279512581
2020-10-09,Oeste da Bahia/BA,BA,algodo-em-pluma-ao-produtor,107.07,algodao-bolsa-de-nova-iorque-nybot,2020-12,123.69,226.57629872978097,5.5393,-119.50629872978098,-21.57426005628527,-52.744395331616914
2020-10-13,Estado de São Paulo,,algodo-em-pluma-ao-produtor,104.41,algodao-bolsa-de-nova-iorque-nybot,2020-12,127.01,234.615161825187,5.5859,-130.205161825187,-23.309612027638696,-55.497334789557875
2020-10-13,Oeste da Bahia/BA,BA,algodo-em-pluma-ao-produtor,107.07,algodao-bolsa-de-nova-iorque-nybot,2020-12,127.01,234.615161825187,5.5859,-127.545161825187,-22.833413026582466,-54.363563221127876
2020-10-13,Sorriso/MT,MT,algodo-em-pluma-ao-produtor,110.0,algodao-bolsa-de-nova-iorque-nybot,2020-12,127.01,234.615161825187,5.5859,-124.61516182518699,-22.30887803669722,-53.1147095762031
2020-10-14,Estado de São Paulo,,algodo-em-pluma-ao-produtor,107.36,algodao-bolsa-de-nova-iorque-nybot,2020-12,127.42,234.59720221905002,5.5675,-127.23720221905002,-22.853561242757078,-54.23645338286902
2020-10-14,Oeste da Bahia/BA,BA,algodo-em-pluma-ao-produtor,108.77,algodao-bolsa-de-nova-iorque-nybot,2020-12,127.42,234.59720221905002,5.5675,-125.82720221905002,-22.600305742083524,-53.635423197230466
2020-10-14,Sorriso/MT,MT,algodo-em-pluma-ao-produtor,110.0,algodao-bolsa-de-nova-iorque-nybot,2020-12,127.42,234.59720221905002,5.5675,-124.59720221905002,-22.379380730857658,-53.111120269333014
2020-10-15,Estado de São Paulo,,algodo-em-pluma-ao-produtor,107.36,algodao-bolsa-de-nova-iorque-nybot,2020-12,128.19,238.121734165524,5.6172,-130.761734165524,-23.278810468832155,-54.913817347990765
2020-10-15,Oeste da Bahia/BA,BA,algodo-em-pluma-ao-produtor,108.77,algodao-bolsa-de-nova-iorque-nybot,2020-12,128.19,238.121734165524,5.6172,-129.35173416552402,-23.027795728392082,-54.321683242743646
2020-10-15,Sorriso/MT,MT,algodo-em-pluma-ao-produtor,110.0,algodao-bolsa-de-nova-iorque-nybot,2020-12,128.19,238.121734165524,5.6172,-128.121734165524,-22.8088254229018,-53.80514072540039
2020-10-16,Estado de São Paulo,,algodo-em-pluma-ao-produtor,101.45,algodao-bolsa-de-nova-iorque-nybot,2020-12,130.41,242.478415363338,5.6226,-141.028415363338,-25.082420119399924,-58.16122443394237
2020-10-16,Oeste da Bahia/BA,BA,algodo-em-pluma-ao-produtor,108.77,algodao-bolsa-de-nova-iorque-nybot,2020-12,130.41,242.478415363338,5.6226,-133.70841536333802,-23.78053131350941,-55.14239903085176
2020-10-16,Sorriso/MT,MT,algodo-em-pluma-ao-produtor,110.0,algodao-bolsa-de-nova-iorque-nybot,2020-12,130.41,242.478415363338,5.6226,-132.478415363338,-23.56177130924092,-54.635137385250474
2020-10-19,Estado de São Paulo,,algodo-em-pluma-ao-produtor,101.45,algodao-bolsa-de-nova-iorque-nybot,2020-12,131.78,244.14108288814197,5.6023,-142.69108288814198,-25.47008958608821,-58.44615793463925
2020-10-19,Oeste da Bahia/BA,BA,algodo-em-pluma-ao-produtor,113.02,algodao-bolsa-de-nova-iorque-nybot,2020-12,131.78,244.14108288814197,5.6023,-131.12108288814198,-23.404866374193098,-53.70709482279871
2020-10-19,Sorriso/MT,MT,algodo-em-pluma-ao-produtor,110.0,algodao-bolsa-de-nova-iorque-nybot,2020-12,131.78,244.14108288814197,5.6023,-134.14108288814197,-23.943930687064594,-54.944084502812395
2020-10-20,Oeste da Bahia/BA,BA,algodo-em-pluma-ao-produtor,113.02,algodao-bolsa-de-nova-iorque-nybot,2020-12,130.81,241.50914227539,5.583,-128.48914227539,-23.014354697365217,-53.20259972969279
2020-10-20,Sorriso/MT,MT,algodo-em-pluma-ao-produtor,110.0,algodao-bolsa-de-nova-iorque-nybot,2020-12,130.81,241.50914227539,5.583,-131.50914227539,-23.55528251395128,-54.45306998996819
2020-10-21,Estado de São Paulo,,algodo-em-pluma-ao-produtor,113.76,algodao-bolsa-de-nova-iorque-nybot,2020-12,131.79,244.085519850282,5.6006,-130.32551985028198,-23.2699210531518,-53.39338438848051
2020-10-21,Oeste da Bahia/BA,BA,algodo-em-pluma-ao-produtor,113.02,algodao-bolsa-de-nova-iorque-nybot,2020-12,131.79,244.085519850282,5.6006,-131.065519850282,-23.40204975364818,-53.696556817739705
2020-10-21,Sorriso/MT,MT,algodo-em-pluma-ao-produtor,110.0,algodao-bolsa-de-nova-iorque-nybot,2020-12,131.79,244.085519850282,5.6006,-134.085519850282,-23.941277693511765,-54.93382808309474
2020-10-22,Estado de São Paulo,,algodo-em-pluma-ao-produtor,113.76,algodao-bolsa-de-nova-iorque-nybot,2020-12,133.22,245.91457158971997,5.582,-132.15457158971998,-23.67512927082049,-53.74003286401613
2020-10-22,Oeste da Bahia/BA,BA,algodo-em-pluma-ao-produtor,116.42,algodao-bolsa-de-nova-iorque-nybot,2020-12,133.22,245.91457158971997,5.582,-129.49457158971995,-23.198597561755637,-52.658356417271065
2020-10-22,Sorriso/MT,MT,algodo-em-pluma-ao-produtor,110.0,algodao-bolsa-de-nova-iorque-nybot,2020-12,133.22,245.91457158971997,5.582,-135.91457158971997,-24.34872296483697,-55.26901911956552
2020-10-23,Estado de São Paulo,,algodo-em-pluma-ao-produtor,106.38,algodao-bolsa-de-nova-iorque-nybot,2020-12,132.49,245.88144937884002,5.612,-139.50144937884002,-24.85770658924448,-56.735247710332224
2020-10-23,Oeste da Bahia/BA,BA,algodo-em-pluma-ao-produtor,116.42,algodao-bolsa-de-nova-iorque-nybot,2020-12,132.49,245.88144937884002,5.612,-129.46144937884003,-23.06868306821811,-52.651979116721925
2020-10-23,Sorriso/MT,MT,algodo-em-pluma-ao-produtor,110.0,algodao-bolsa-de-nova-iorque-nybot,2020-12,132.49,245.88144937884002,5.612,-135.88144937884002,-24.21266025995011,-55.26299349630142
2020-10-26,Estado de São Paulo,,algodo-em-pluma-ao-produtor,106.38,algodao-bolsa-de-nova-iorque-nybot,2020-12,134.25,250.07117095619995,5.6328,-143.69117095619995,-25.509723575521935,-57.46011041847263
2020-10-26,Oeste da Bahia/BA,BA,algodo-em-pluma-ao-produtor,117.27,algodao-bolsa-de-nova-iorque-nybot,2020-12,134.25,250.07117095619995,5.6328,-132.80117095619994,-23.57640444471665,-53.105350148282426
2020-10-26,Sorriso/MT,MT,algodo-em-pluma-ao-produtor,110.0,algodao-bolsa-de-nova-iorque-nybot,2020-12,134.25,250.07117095619995,5.6328,-140.07117095619995,-24.86705918125976,-56.012522523331356
2020-10-27,Estado de São Paulo,,algodo-em-pluma-ao-produtor,106.38,algodao-bolsa-de-nova-iorque-nybot,2020-12,135.06,252.30799362007798,5.6491,-145.92799362007798,-25.832078316913844,-57.83724547380549
2020-10-27,Oeste da Bahia/BA,BA,algodo-em-pluma-ao-produtor,117.27,algodao-bolsa-de-nova-iorque-nybot,2020-12,135.06,252.30799362007798,5.6491,-135.037993620078,-23.90433761485511,-53.52109209168236
2020-10-27,Sorriso/MT,MT,algodo-em-pluma-ao-produtor,110.0,algodao-bolsa-de-nova-iorque-nybot,2020-12,135.06,252.30799362007798,5.6491,-142.30799362007798,-25.191268276376412,-56.40249108966538
2020-10-28,Estado de São Paulo,,algodo-em-pluma-ao-produtor,132.97,algodao-bolsa-de-nova-iorque-nybot,2020-12,132.96,252.05195588759997,5.7325,-119.08195588759997,-20.773127935037063,-47.245003701024
2020-10-28,Oeste da Bahia/BA,BA,algodo-em-pluma-ao-produtor,117.27,algodao-bolsa-de-nova-iorque-nybot,2020-12,132.96,252.05195588759997,5.7325,-134.78195588759996,-23.511898105119926,-53.473878198233315
2020-10-28,Sorriso/MT,MT,algodo-em-pluma-ao-produtor,110.0,algodao-bolsa-de-nova-iorque-nybot,2020-12,132.96,252.05195588759997,5.7325,-142.05195588759997,-24.78010569343218,-56.35820415967993
2020-10-29,Oeste da Bahia/BA,BA,algodo-em-pluma-ao-produtor,117.27,algodao-bolsa-de-nova-iorque-nybot,2020-12,133.22,254.650662515238,5.7803,-137.380662515238,-23.767047128217907,-53.94867665306674
2020-10-29,Sorriso/MT,MT,algodo-em-pluma-ao-produtor,110.0,algodao-bolsa-de-nova-iorque-nybot,2020-12,133.22,254.650662515238,5.7803,-144.650662515238,-25.02476731575143,-56.803568106398416
2020-10-30,Oeste da Bahia/BA,BA,algodo-em-pluma-ao-produtor,117.27,algodao-bolsa-de-nova-iorque-nybot,2020-12,130.82,249.695330425068,5.7718,-132.425330425068,-22.94350643214734,-53.03476448663825
2020-10-30,Sorriso/MT,MT,algodo-em-pluma-ao-produtor,110.0,algodao-bolsa-de-nova-iorque-nybot,2020-12,130.82,249.695330425068,5.7718,-139.695330425068,-24.20307883590353,-55.94631272729775
2020-11-03,Oeste da Bahia/BA,BA,algodo-em-pluma-ao-produtor,117.27,algodao-bolsa-de-nova-iorque-nybot,2020-12,133.56,251.29017810666,5.6895,-134.02017810666,-23.555704034916957,-53.33283581413008
2020-11-03,Sorriso/MT,MT,algodo-em-pluma-ao-produtor,116.0,algodao-bolsa-de-nova-iorque-nybot,2020-12,133.56,251.29017810666,5.6895,-135.29017810666,-23.77892224389841,-53.838227632293744
2020-11-04,Estado de São Paulo,,algodo-em-pluma-ao-produtor,132.97,algodao-bolsa-de-nova-iorque-nybot,2020-12,131.45,247.48109740001996,5.6932,-114.51109740001996,-20.113661455775304,-46.27064394131409
2020-11-04,Oeste da Bahia/BA,BA,algodo-em-pluma-ao-produtor,117.27,algodao-bolsa-de-nova-iorque-nybot,2020-12,131.45,247.48109740001996,5.6932,-130.21109740001998,-22.871337279565093,-52.61456279610367
2020-11-04,Sorriso/MT,MT,algodo-em-pluma-ao-produtor,116.0,algodao-bolsa-de-nova-iorque-nybot,2020-12,131.45,247.48109740001996,5.6932,-131.48109740001996,-23.09441041945127,-53.127733302191736
2020-11-05,Estado de São Paulo,,algodo-em-pluma-ao-produtor,132.97,algodao-bolsa-de-nova-iorque-nybot,2020-12,128.83,236.975923926456,5.5624,-104.005923926456,-18.69803033339134,-43.88881461170443
2020-11-05,Oeste da Bahia/BA,BA,algodo-em-pluma-ao-produtor,117.27,algodao-bolsa-de-nova-iorque-nybot,2020-12,128.83,236.975923926456,5.5624,-119.70592392645601,-21.520552985483963,-50.5139602129396
2020-11-05,Sorriso/MT,MT,algodo-em-pluma-ao-produtor,116.0,algodao-bolsa-de-nova-iorque-nybot,2020-12,128.83,236.975923926456,5.5624,-120.975923926456,-21.748871696831582,-51.04987963418601
2020-11-06,Estado de São Paulo,,algodo-em-pluma-ao-produtor,135.93,algodao-bolsa-de-nova-iorque-nybot,2020-12,122.54,224.145534872886,5.5313,-88.215534872886,-15.948427109881221,-39.356365016556516
2020-11-06,Oeste da Bahia/BA,BA,algodo-em-pluma-ao-produtor,117.27,algodao-bolsa-de-nova-iorque-nybot,2020-12,122.54,224.145534872886,5.5313,-106.875534872886,-19.321955936739286,-47.681313363434
2020-11-06,Sorriso/MT,MT,algodo-em-pluma-ao-produtor,116.0,algodao-bolsa-de-nova-iorque-nybot,2020-12,122.54,224.145534872886,5.5313,-108.145534872886,-19.551558381010974,-48.24790952637797
2020-11-09,Estado de São Paulo,,algodo-em-pluma-ao-produtor,135.93,algodao-bolsa-de-nova-iorque-nybot,2020-12,124.77,217.94243360858096,5.2821,-82.01243360858095,-15.526482574843518,-37.6303192777379
2020-11-09,Oeste da Bahia/BA,BA,algodo-em-pluma-ao-produtor,117.27,algodao-bolsa-de-nova-iorque-nybot,2020-12,124.77,217.94243360858096,5.2821,-100.67243360858096,-19.059168438420507,-46.192213210478364
2020-11-09,Sorriso/MT,MT,algodo-em-pluma-ao-produtor,116.0,algodao-bolsa-de-nova-iorque-nybot,2020-12,124.77,217.94243360858096,5.2821,-101.94243360858096,-19.299603114023014,-46.77493589507537
2020-11-10,Estado de São Paulo,,algodo-em-pluma-ao-produtor,135.93,algodao-bolsa-de-nova-iorque-nybot,2020-12,124.27,220.66488853305597,5.3696,-84.73488853305597,-15.780484306662688,-38.39980573998864
2020-11-10,Oeste da Bahia/BA,BA,algodo-em-pluma-ao-produtor,130.86,algodao-bolsa-de-nova-iorque-nybot,2020-12,124.27,220.66488853305597,5.3696,-89.80488853305596,-16.724688716674603,-40.69740733565006
2020-11-10,Sorriso/MT,MT,algodo-em-pluma-ao-produtor,116.0,algodao-bolsa-de-nova-iorque-nybot,2020-12,124.27,220.66488853305597,5.3696,-104.66488853305597,-19.492120182705595,-47.431600572638
2020-11-11,Estado de São Paulo,,algodo-em-pluma-ao-produtor,128.05,algodao-bolsa-de-nova-iorque-nybot,2020-12,123.94,221.40686044884004,5.402,-93.35686044884002,-17.28190678430952,-42.1652970732638
2020-11-11,Oeste da Bahia/BA,BA,algodo-em-pluma-ao-produtor,130.86,algodao-bolsa-de-nova-iorque-nybot,2020-12,123.94,221.40686044884004,5.402,-90.54686044884002,-16.761729072350985,-40.896140374910594
2020-11-11,Sorriso/MT,MT,algodo-em-pluma-ao-produtor,125.0,algodao-bolsa-de-nova-iorque-nybot,2020-12,123.94,221.40686044884004,5.402,-96.40686044884004,-17.846512485901524,-43.542851496743275
2020-11-12,Estado de São Paulo,,algodo-em-pluma-ao-produtor,128.05,algodao-bolsa-de-nova-iorque-nybot,2020-12,123.87,221.58493796795398,5.4094,-93.53493796795397,-17.291185338106622,-42.21177613682441
2020-11-12,Oeste da Bahia/BA,BA,algodo-em-pluma-ao-produtor,124.06,algodao-bolsa-de-nova-iorque-nybot,2020-12,123.87,221.58493796795398,5.4094,-97.52493796795397,-18.028790248078156,-44.0124400432209
2020-11-12,Sorriso/MT,MT,algodo-em-pluma-ao-produtor,125.0,algodao-bolsa-de-nova-iorque-nybot,2020-12,123.87,221.58493796795398,5.4094,-96.58493796795398,-17.855018665277846,-43.58822348381923
2020-11-13,Estado de São Paulo,,algodo-em-pluma-ao-produtor,127.06,algodao-bolsa-de-nova-iorque-nybot,2020-12,124.06,225.04277839573197,5.4854,-97.98277839573197,-17.86246734891384,-43.53962348590976
2020-11-13,Oeste da Bahia/BA,BA,algodo-em-pluma-ao-produtor,124.06,algodao-bolsa-de-nova-iorque-nybot,2020-12,124.06,225.04277839573197,5.4854,-100.98277839573197,-18.409373682089175,-44.87270336582689
2020-11-13,Sorriso/MT,MT,algodo-em-pluma-ao-produtor,125.0,algodao-bolsa-de-nova-iorque-nybot,2020-12,124.06,225.04277839573197,5.4854,-100.04277839573197,-18.23800969769424,-44.45500500345286
2020-11-16,Estado de São Paulo,,algodo-em-pluma-ao-produtor,127.06,algodao-bolsa-de-nova-iorque-nybot,2020-12,124.92,223.89285698128796,5.4198,-96.83285698128796,-17.86650005190006,-43.249641050129995
2020-11-16,Oeste da Bahia/BA,BA,algodo-em-pluma-ao-produtor,124.06,algodao-bolsa-de-nova-iorque-nybot,2020-12,124.92,223.89285698128796,5.4198,-99.83285698128796,-18.420026012267602,-44.589567674162815
2020-11-16,Sorriso/MT,MT,algodo-em-pluma-ao-produtor,125.0,algodao-bolsa-de-nova-iorque-nybot,2020-12,124.92,223.89285698128796,5.4198,-98.89285698128796,-18.246587878019106,-44.169723998632534
2020-11-17,Estado de São Paulo,,algodo-em-pluma-ao-produtor,127.06,algodao-bolsa-de-nova-iorque-nybot,2020-12,121.81,217.39235589614398,5.3968,-90.33235589614398,-16.738132948440555,-41.552682716819604
2020-11-17,Oeste da Bahia/BA,BA,algodo-em-pluma-ao-produtor,124.06,algodao-bolsa-de-nova-iorque-nybot,2020-12,121.81,217.39235589614398,5.3968,-93.33235589614398,-17.294017917310995,-42.93267604162317
2020-11-17,Sorriso/MT,MT,algodo-em-pluma-ao-produtor,125.0,algodao-bolsa-de-nova-iorque-nybot,2020-12,121.81,217.39235589614398,5.3968,-92.39235589614398,-17.119840627064924,-42.50027813318472
2020-11-18,Estado de São Paulo,,algodo-em-pluma-ao-produtor,124.11,algodao-bolsa-de-nova-iorque-nybot,2020-12,123.05,215.38969628417996,5.2932,-91.27969628417996,-17.244709492212642,-42.37885927641949
2020-11-18,Oeste da Bahia/BA,BA,algodo-em-pluma-ao-produtor,124.06,algodao-bolsa-de-nova-iorque-nybot,2020-12,123.05,215.38969628417996,5.2932,-91.32969628417996,-17.25415557397793,-42.40207301452423
2020-11-18,Sorriso/MT,MT,algodo-em-pluma-ao-produtor,123.0,algodao-bolsa-de-nova-iorque-nybot,2020-12,123.05,215.38969628417996,5.2932,-92.38969628417996,-17.454412507401944,-42.89420426234467
2020-11-19,Estado de São Paulo,,algodo-em-pluma-ao-produtor,124.11,algodao-bolsa-de-nova-iorque-nybot,2020-12,121.72,214.66365980268,5.333,-90.55365980268,-16.97987245503094,-42.18397277206464
2020-11-19,Oeste da Bahia/BA,BA,algodo-em-pluma-ao-produtor,124.06,algodao-bolsa-de-nova-iorque-nybot,2020-12,121.72,214.66365980268,5.333,-90.60365980268,-16.989248041005062,-42.20726502378809
2020-11-19,Sorriso/MT,MT,algodo-em-pluma-ao-produtor,123.0,algodao-bolsa-de-nova-iorque-nybot,2020-12,121.72,214.66365980268,5.333,-91.66365980268,-17.18801046365648,-42.70106076032512
2020-11-20,Oeste da Bahia/BA,BA,algodo-em-pluma-ao-produtor,124.06,algodao-bolsa-de-nova-iorque-nybot,2020-12,126.34,223.54257174381002,5.3505,-99.48257174381001,-18.59313554692272,-44.502741007123056
2020-11-20,Sorriso/MT,MT,algodo-em-pluma-ao-produtor,123.0,algodao-bolsa-de-nova-iorque-nybot,2020-12,126.34,223.54257174381002,5.3505,-100.54257174381002,-18.791247872873566,-44.976923616605966
2020-11-23,Oeste da Bahia/BA,BA,algodo-em-pluma-ao-produtor,124.06,algodao-bolsa-de-nova-iorque-nybot,2020-12,130.03,231.46045808041197,5.3828,-107.40045808041197,-19.95252620948428,-46.40121209951975
2020-11-23,Sorriso/MT,MT,algodo-em-pluma-ao-produtor,123.0,algodao-bolsa-de-nova-iorque-nybot,2020-12,130.03,231.46045808041197,5.3828,-108.46045808041197,-20.149449743704388,-46.85917369209197
2020-11-24,Oeste da Bahia/BA,BA,algodo-em-pluma-ao-produtor,129.16,algodao-bolsa-de-nova-iorque-nybot,2020-12,127.26,227.409263139366,5.4037,-98.24926313936601,-18.1818500544749,-43.203720808485585
2020-11-24,Sorriso/MT,MT,algodo-em-pluma-ao-produtor,133.0,algodao-bolsa-de-nova-iorque-nybot,2020-12,127.26,227.409263139366,5.4037,-94.409263139366,-17.471225852539188,-41.51513523945945
2020-11-25,Estado de São Paulo,,algodo-em-pluma-ao-produtor,126.08,algodao-bolsa-de-nova-iorque-nybot,2020-12,124.56,220.40544532406398,5.3508,-94.32544532406398,-17.628288353902963,-42.79633163571639
2020-11-25,Oeste da Bahia/BA,BA,algodo-em-pluma-ao-produtor,129.16,algodao-bolsa-de-nova-iorque-nybot,2020-12,124.56,220.40544532406398,5.3508,-91.24544532406398,-17.052673492573817,-41.39890699610667
2020-11-25,Sorriso/MT,MT,algodo-em-pluma-ao-produtor,133.0,algodao-bolsa-de-nova-iorque-nybot,2020-12,124.56,220.40544532406398,5.3508,-87.40544532406398,-16.335023795332283,-39.656663289580266
2020-11-27,Estado de São Paulo,,algodo-em-pluma-ao-produtor,132.97,algodao-bolsa-de-nova-iorque-nybot,2020-12,126.34,223.49661401482803,5.3494,-90.52661401482803,-16.92276031233933,-40.504691497841655
2020-11-27,Oeste da Bahia/BA,BA,algodo-em-pluma-ao-produtor,129.16,algodao-bolsa-de-nova-iorque-nybot,2020-12,126.34,223.49661401482803,5.3494,-94.33661401482803,-17.634989721245006,-42.20941531068082
2020-11-27,Sorriso/MT,MT,algodo-em-pluma-ao-produtor,133.0,algodao-bolsa-de-nova-iorque-nybot,2020-12,126.34,223.49661401482803,5.3494,-90.49661401482803,-16.917152206757397,-40.49126847569332
2020-11-30,Estado de São Paulo,,algodo-em-pluma-ao-produtor,132.97,algodao-bolsa-de-nova-iorque-nybot,2020-12,125.59,221.43474547467898,5.3317,-88.46474547467898,-16.59222114422773,-39.95070659983435
2020-11-30,Oeste da Bahia/BA,BA,algodo-em-pluma-ao-produtor,129.16,algodao-bolsa-de-nova-iorque-nybot,2020-12,125.59,221.43474547467898,5.3317,-92.27474547467898,-17.306814988592567,-41.6713037860766
2020-11-30,Sorriso/MT,MT,algodo-em-pluma-ao-produtor,133.0,algodao-bolsa-de-nova-iorque-nybot,2020-12,125.59,221.43474547467898,5.3317,-88.43474547467898,-16.586594421043753,-39.937158590493866
2020-12-02,Estado de São Paulo,,algodo-em-pluma-ao-produtor,131.0,algodao-bolsa-de-nova-iorque-nybot,2020-12,121.28,209.624366743968,5.2267,-78.62436674396801,-15.042831374283583,-37.5072650022593
2020-12-02,Oeste da Bahia/BA,BA,algodo-em-pluma-ao-produtor,129.16,algodao-bolsa-de-nova-iorque-nybot,2020-12,121.28,209.624366743968,5.2267,-80.46436674396801,-15.394869945466166,-38.38502555489933
2020-12-02,Sorriso/MT,MT,algodo-em-pluma-ao-produtor,130.0,algodao-bolsa-de-nova-iorque-nybot,2020-12,121.28,209.624366743968,5.2267,-79.62436674396801,-15.2341566847089,-37.98430878086801
2020-12-03,Estado de São Paulo,,algodo-em-pluma-ao-produtor,131.0,algodao-bolsa-de-nova-iorque-nybot,2020-12,118.0,201.44990827499996,5.1625,-70.44990827499996,-13.646471336561735,-34.971427328141814
2020-12-03,Oeste da Bahia/BA,BA,algodo-em-pluma-ao-produtor,129.16,algodao-bolsa-de-nova-iorque-nybot,2020-12,118.0,201.44990827499996,5.1625,-72.28990827499996,-14.002887801452777,-35.88480575345647
2020-12-03,Sorriso/MT,MT,algodo-em-pluma-ao-produtor,130.0,algodao-bolsa-de-nova-iorque-nybot,2020-12,118.0,201.44990827499996,5.1625,-71.44990827499996,-13.840175937045997,-35.467828646247604
2020-12-04,Estado de São Paulo,,algodo-em-pluma-ao-produtor,131.0,algodao-bolsa-de-nova-iorque-nybot,2020-12,118.51,202.638024069558,5.1706,-71.63802406955801,-13.854876430116043,-35.352705593382304
2020-12-04,Oeste da Bahia/BA,BA,algodo-em-pluma-ao-produtor,129.16,algodao-bolsa-de-nova-iorque-nybot,2020-12,118.51,202.638024069558,5.1706,-73.47802406955802,-14.210734551030443,-36.26072865985693
2020-12-04,Sorriso/MT,MT,algodo-em-pluma-ao-produtor,130.0,algodao-bolsa-de-nova-iorque-nybot,2020-12,118.51,202.638024069558,5.1706,-72.63802406955801,-14.048277582786913,-35.84619639037939
2020-12-07,Oeste da Bahia/BA,BA,algodo-em-pluma-ao-produtor,129.16,algodao-bolsa-de-nova-iorque-nybot,2020-12,119.35,201.35891148219,5.1018,-72.19891148219,-14.151654608606766,-35.855831237236266
2020-12-07,Sorriso/MT,MT,algodo-em-pluma-ao-produtor,130.0,algodao-bolsa-de-nova-iorque-nybot,2020-12,119.35,201.35891148219,5.1018,-71.35891148219,-13.987006837231958,-35.43866569247998
2020-12-08,Oeste da Bahia/BA,BA,algodo-em-pluma-ao-produtor,129.16,algodao-bolsa-de-nova-iorque-nybot,2020-12,119.06,200.48379528936,5.092,-71.32379528935999,-14.007029711186174,-35.57584052437642
2020-12-08,Sorriso/MT,MT,algodo-em-pluma-ao-produtor,130.0,algodao-bolsa-de-nova-iorque-nybot,2020-12,119.06,200.48379528936,5.092,-70.48379528935999,-13.842065060754123,-35.15685404280686
2020-12-09,Estado de São Paulo,,algodo-em-pluma-ao-produtor,126.08,algodao-bolsa-de-nova-iorque-nybot,2021-03,124.89,211.08144143859298,5.1109,-85.00144143859298,-16.631403752488403,-40.26950017930462
2020-12-09,Oeste da Bahia/BA,BA,algodo-em-pluma-ao-produtor,129.16,algodao-bolsa-de-nova-iorque-nybot,2021-03,124.89,211.08144143859298,5.1109,-81.92144143859298,-16.02877016544894,-38.81034774079144
2020-12-09,Sorriso/MT,MT,algodo-em-pluma-ao-produtor,130.0,algodao-bolsa-de-nova-iorque-nybot,2021-03,124.89,211.08144143859298,5.1109,-81.08144143859298,-15.86441555080181,-38.41239707574239
2020-12-10,Estado de São Paulo,,algodo-em-pluma-ao-produtor,126.08,algodao-bolsa-de-nova-iorque-nybot,2021-03,123.77,208.136588196372,5.0852,-82.056588196372,-16.13635416431448,-39.42439381150686
2020-12-10,Oeste da Bahia/BA,BA,algodo-em-pluma-ao-produtor,129.16,algodao-bolsa-de-nova-iorque-nybot,2021-03,123.77,208.136588196372,5.0852,-78.976588196372,-15.530674938325337,-37.944596325303195
2020-12-10,Sorriso/MT,MT,algodo-em-pluma-ao-produtor,130.0,algodao-bolsa-de-nova-iorque-nybot,2021-03,123.77,208.136588196372,5.0852,-78.136588196372,-15.36548969487375,-37.54101519270219
2020-12-11,Estado de São Paulo,,algodo-em-pluma-ao-produtor,126.08,algodao-bolsa-de-nova-iorque-nybot,2021-03,123.71,207.377038294173,5.0691,-81.29703829417299,-16.03776573635813,-39.20252645273569
2020-12-11,Oeste da Bahia/BA,BA,algodo-em-pluma-ao-produtor,129.16,algodao-bolsa-de-nova-iorque-nybot,2021-03,123.71,207.377038294173,5.0691,-78.217038294173,-15.430162808816752,-37.71730898346559
2020-12-11,Sorriso/MT,MT,algodo-em-pluma-ao-produtor,130.0,algodao-bolsa-de-nova-iorque-nybot,2021-03,123.71,207.377038294173,5.0691,-77.37703829417299,-15.264452919487285,-37.31224967366465
2020-12-14,Estado de São Paulo,,algodo-em-pluma-ao-produtor,126.08,algodao-bolsa-de-nova-iorque-nybot,2021-03,118.82,198.735843362628,5.0578,-72.655843362628,-14.36510802377081,-36.559003214158416
2020-12-14,Oeste da Bahia/BA,BA,algodo-em-pluma-ao-produtor,129.16,algodao-bolsa-de-nova-iorque-nybot,2021-03,118.82,198.735843362628,5.0578,-69.575843362628,-13.756147606197953,-35.00920729013881
2020-12-14,Sorriso/MT,MT,algodo-em-pluma-ao-produtor,130.0,algodao-bolsa-de-nova-iorque-nybot,2021-03,118.82,198.735843362628,5.0578,-68.735843362628,-13.590067492314445,-34.5865356744971
2020-12-15,Estado de São Paulo,,algodo-em-pluma-ao-produtor,126.08,algodao-bolsa-de-nova-iorque-nybot,2021-03,127.23,214.443121963752,5.0968,-88.363121963752,-17.336980451214878,-41.20585503259381
2020-12-15,Oeste da Bahia/BA,BA,algodo-em-pluma-ao-produtor,129.16,algodao-bolsa-de-nova-iorque-nybot,2021-03,127.23,214.443121963752,5.0968,-85.283121963752,-16.732679713497095,-39.76957674500172
2020-12-15,Sorriso/MT,MT,algodo-em-pluma-ao-produtor,130.0,algodao-bolsa-de-nova-iorque-nybot,2021-03,127.23,214.443121963752,5.0968,-84.44312196375199,-16.567870421392243,-39.37786448474933
2020-12-16,Estado de São Paulo,,algodo-em-pluma-ao-produtor,124.11,algodao-bolsa-de-nova-iorque-nybot,2021-03,127.84,215.84751693278398,5.1057,-91.73751693278398,-17.967666908119156,-42.5010758689207
2020-12-16,Oeste da Bahia/BA,BA,algodo-em-pluma-ao-produtor,129.16,algodao-bolsa-de-nova-iorque-nybot,2021-03,127.84,215.84751693278398,5.1057,-86.68751693278398,-16.978576283914837,-40.16146127813873
2020-12-16,Sorriso/MT,MT,algodo-em-pluma-ao-produtor,130.0,algodao-bolsa-de-nova-iorque-nybot,2021-03,127.84,215.84751693278398,5.1057,-85.84751693278398,-16.81405427909669,-39.772297663038366
2020-12-17,Estado de São Paulo,,algodo-em-pluma-ao-produtor,124.11,algodao-bolsa-de-nova-iorque-nybot,2021-03,129.67,217.029121382172,5.0612,-92.91912138217201,-18.359108784907136,-42.8141259525022
2020-12-17,Oeste da Bahia/BA,BA,algodo-em-pluma-ao-produtor,129.16,algodao-bolsa-de-nova-iorque-nybot,2021-03,129.67,217.029121382172,5.0612,-87.86912138217201,-17.36132169884059,-40.48724927906844
2020-12-17,Sorriso/MT,MT,algodo-em-pluma-ao-produtor,130.0,algodao-bolsa-de-nova-iorque-nybot,2021-03,129.67,217.029121382172,5.0612,-87.02912138217201,-17.1953531538315,-40.10020444625966
2020-12-18,Estado de São Paulo,,algodo-em-pluma-ao-produtor,124.11,algodao-bolsa-de-nova-iorque-nybot,2021-03,129.62,218.548565768676,5.0986,-94.43856576867601,-18.52245043123132,-43.21170694326818
2020-12-18,Oeste da Bahia/BA,BA,algodo-em-pluma-ao-produtor,129.16,algodao-bolsa-de-nova-iorque-nybot,2021-03,129.62,218.548565768676,5.0986,-89.38856576867602,-17.531982459631273,-40.901007725344606
2020-12-18,Sorriso/MT,MT,algodo-em-pluma-ao-produtor,130.0,algodao-bolsa-de-nova-iorque-nybot,2021-03,129.62,218.548565768676,5.0986,-88.54856576867601,-17.367231351483937,-40.516653796026624
2020-12-21,Estado de São Paulo,,algodo-em-pluma-ao-produtor,124.11,algodao-bolsa-de-nova-iorque-nybot,2021-03,126.83,216.30221583946798,5.1572,-92.19221583946798,-17.876408872928717,-42.621947020593566
2020-12-21,Oeste da Bahia/BA,BA,algodo-em-pluma-ao-produtor,129.16,algodao-bolsa-de-nova-iorque-nybot,2021-03,126.83,216.30221583946798,5.1572,-87.14221583946798,-16.897195346208793,-40.28725064201003
2020-12-21,Sorriso/MT,MT,algodo-em-pluma-ao-produtor,130.0,algodao-bolsa-de-nova-iorque-nybot,2021-03,126.83,216.30221583946798,5.1572,-86.30221583946798,-16.734316264536567,-39.89890510577039
2020-12-22,Oeste da Bahia/BA,BA,algodo-em-pluma-ao-produtor,129.16,algodao-bolsa-de-nova-iorque-nybot,2021-03,127.67,217.31681999316302,5.1473,-88.15681999316303,-17.126808228228978,-40.5660362580018
2020-12-23,Estado de São Paulo,,algodo-em-pluma-ao-produtor,124.11,algodao-bolsa-de-nova-iorque-nybot,2021-03,130.93,224.02196085126002,5.174,-99.91196085126002,-19.310390578132974,-44.59918146935462
2020-12-23,Oeste da Bahia/BA,BA,algodo-em-pluma-ao-produtor,129.16,algodao-bolsa-de-nova-iorque-nybot,2021-03,130.93,224.02196085126002,5.174,-94.86196085126002,-18.334356561897955,-42.344938188557265
2020-12-28,Oeste da Bahia/BA,BA,algodo-em-pluma-ao-produtor,132.56,algodao-bolsa-de-nova-iorque-nybot,2021-03,132.3,231.93987562746003,5.3014,-99.37987562746002,-18.745968164533902,-42.84725744489196
2020-12-29,Oeste da Bahia/BA,BA,algodo-em-pluma-ao-produtor,132.56,algodao-bolsa-de-nova-iorque-nybot,2021-03,132.17,226.51949393970597,5.1826,-93.95949393970596,-18.12979854507505,-41.47965029655051
2020-12-30,Oeste da Bahia/BA,BA,algodo-em-pluma-ao-produtor,132.56,algodao-bolsa-de-nova-iorque-nybot,2021-03,133.82,229.12165366365,5.1775,-96.56165366364999,-18.650246965456297,-42.14427231980538
2021-01-04,Oeste da Bahia/BA,BA,algodo-em-pluma-ao-produtor,132.56,algodao-bolsa-de-nova-iorque-nybot,2021-03,137.62,234.94977452931602,5.1626,-102.38977452931601,-19.832986194808043,-43.579430852588565
2021-01-05,Oeste da Bahia/BA,BA,algodo-em-pluma-ao-produtor,132.56,algodao-bolsa-de-nova-iorque-nybot,2021-03,140.03,246.672442894251,5.3269,-114.11244289425099,-21.42192323757739,-46.26071787969086
2021-01-06,Estado de São Paulo,,algodo-em-pluma-ao-produtor,126.0,algodao-bolsa-de-nova-iorque-nybot,2021-03,140.32,246.77959304803198,5.3182,-120.77959304803198,-22.71061506675792,-48.942293629815666
2021-01-06,Oeste da Bahia/BA,BA,algodo-em-pluma-ao-produtor,132.56,algodao-bolsa-de-nova-iorque-nybot,2021-03,140.32,246.77959304803198,5.3182,-114.21959304803198,-21.47711501034786,-46.28405113943146
2021-01-06,Sorriso/MT,MT,algodo-em-pluma-ao-produtor,130.0,algodao-bolsa-de-nova-iorque-nybot,2021-03,140.32,246.77959304803198,5.3182,-116.77959304803198,-21.95848088602008,-47.321414062508225
2021-01-07,Estado de São Paulo,,algodo-em-pluma-ao-produtor,126.0,algodao-bolsa-de-nova-iorque-nybot,2021-03,142.43,251.672657299767,5.3433,-125.672657299767,-23.51967085878895,-49.93496657448904
2021-01-07,Oeste da Bahia/BA,BA,algodo-em-pluma-ao-produtor,132.56,algodao-bolsa-de-nova-iorque-nybot,2021-03,142.43,251.672657299767,5.3433,-119.112657299767,-22.291965133862405,-47.32840610408148
2021-01-07,Sorriso/MT,MT,algodo-em-pluma-ao-produtor,130.0,algodao-bolsa-de-nova-iorque-nybot,2021-03,142.43,251.672657299767,5.3433,-121.672657299767,-22.771069807004473,-48.34560043399663
2021-01-08,Estado de São Paulo,,algodo-em-pluma-ao-produtor,126.0,algodao-bolsa-de-nova-iorque-nybot,2021-03,142.71,253.34724498444902,5.3683,-127.34724498444902,-23.72208054401748,-50.26588901421283
2021-01-08,Oeste da Bahia/BA,BA,algodo-em-pluma-ao-produtor,132.56,algodao-bolsa-de-nova-iorque-nybot,2021-03,142.71,253.34724498444902,5.3683,-120.78724498444902,-22.500092205064735,-47.676557521619465
2021-01-08,Sorriso/MT,MT,algodo-em-pluma-ao-produtor,130.0,algodao-bolsa-de-nova-iorque-nybot,2021-03,142.71,253.34724498444902,5.3683,-123.34724498444902,-22.976965703192636,-48.68702834799736
2021-01-11,Estado de São Paulo,,algodo-em-pluma-ao-produtor,126.0,algodao-bolsa-de-nova-iorque-nybot,2021-03,146.29,265.90945226650194,5.4966,-139.90945226650194,-25.453817317341983,-52.61544900866508
2021-01-11,Oeste da Bahia/BA,BA,algodo-em-pluma-ao-produtor,132.56,algodao-bolsa-de-nova-iorque-nybot,2021-03,146.29,265.90945226650194,5.4966,-133.34945226650194,-24.26035226621947,-50.14844381419557
2021-01-11,Sorriso/MT,MT,algodo-em-pluma-ao-produtor,130.0,algodao-bolsa-de-nova-iorque-nybot,2021-03,146.29,265.90945226650194,5.4966,-135.90945226650194,-24.72609472519411,-51.1111775486227
2021-01-12,Estado de São Paulo,,algodo-em-pluma-ao-produtor,126.0,algodao-bolsa-de-nova-iorque-nybot,2021-03,144.0,260.1802575504,5.4637,-134.18025755039997,-24.558496540878885,-51.572036561770126
2021-01-12,Oeste da Bahia/BA,BA,algodo-em-pluma-ao-produtor,132.56,algodao-bolsa-de-nova-iorque-nybot,2021-03,144.0,260.1802575504,5.4637,-127.62025755039997,-23.357844967769086,-49.050707671652766
2021-01-12,Sorriso/MT,MT,algodo-em-pluma-ao-produtor,130.0,algodao-bolsa-de-nova-iorque-nybot,2021-03,144.0,260.1802575504,5.4637,-130.18025755039997,-23.82639192312901,-50.03464089706442
2021-01-13,Estado de São Paulo,,algodo-em-pluma-ao-produtor,142.7,algodao-bolsa-de-nova-iorque-nybot,2021-03,142.09,249.36620953959005,5.307,-106.66620953959006,-20.099153860861136,-42.77492517391593
2021-01-13,Oeste da Bahia/BA,BA,algodo-em-pluma-ao-produtor,149.56,algodao-bolsa-de-nova-iorque-nybot,2021-03,142.09,249.36620953959005,5.307,-99.80620953959004,-18.806521488522712,-40.02395100918616
2021-01-13,Sorriso/MT,MT,algodo-em-pluma-ao-produtor,130.0,algodao-bolsa-de-nova-iorque-nybot,2021-03,142.09,249.36620953959005,5.307,-119.36620953959005,-22.492219623062,-47.86783652844478
2021-01-14,Estado de São Paulo,,algodo-em-pluma-ao-produtor,142.7,algodao-bolsa-de-nova-iorque-nybot,2021-03,139.81,243.270428735961,5.2617,-100.570428735961,-19.113675948070206,-41.34100032565708
2021-01-14,Oeste da Bahia/BA,BA,algodo-em-pluma-ao-produtor,149.56,algodao-bolsa-de-nova-iorque-nybot,2021-03,139.81,243.270428735961,5.2617,-93.71042873596099,-17.809914806233913,-38.52109326352678
2021-01-14,Sorriso/MT,MT,algodo-em-pluma-ao-produtor,130.0,algodao-bolsa-de-nova-iorque-nybot,2021-03,139.81,243.270428735961,5.2617,-113.27042873596099,-21.52734453426858,-46.56152797712277
2021-01-15,Estado de São Paulo,,algodo-em-pluma-ao-produtor,142.7,algodao-bolsa-de-nova-iorque-nybot,2021-03,141.44,246.560340943488,5.2714,-103.86034094348801,-19.70261049123345,-42.12370105672954
2021-01-15,Oeste da Bahia/BA,BA,algodo-em-pluma-ao-produtor,149.56,algodao-bolsa-de-nova-iorque-nybot,2021-03,141.44,246.560340943488,5.2714,-97.000340943488,-18.401248424230374,-39.341420673051644
2021-01-15,Sorriso/MT,MT,algodo-em-pluma-ao-produtor,130.0,algodao-bolsa-de-nova-iorque-nybot,2021-03,141.44,246.560340943488,5.2714,-116.560340943488,-22.111837641516107,-47.27456998861135
2021-01-19,Oeste da Bahia/BA,BA,algodo-em-pluma-ao-produtor,152.96,algodao-bolsa-de-nova-iorque-nybot,2021-03,143.57,251.37012148594496,5.2945,-98.41012148594496,-18.587236091405224,-39.149490362738845
2021-01-19,Sorriso/MT,MT,algodo-em-pluma-ao-produtor,130.0,algodao-bolsa-de-nova-iorque-nybot,2021-03,143.57,251.37012148594496,5.2945,-121.37012148594496,-22.92381178316082,-48.28343192439887
2021-01-20,Estado de São Paulo,,algodo-em-pluma-ao-produtor,146.0,algodao-bolsa-de-nova-iorque-nybot,2021-03,143.27,251.261795057163,5.3033,-105.261795057163,-19.848357637162334,-41.89327511300138
2021-01-20,Oeste da Bahia/BA,BA,algodo-em-pluma-ao-produtor,152.96,algodao-bolsa-de-nova-iorque-nybot,2021-03,143.27,251.261795057163,5.3033,-98.30179505716299,-18.535967238731164,-39.12325589921021
2021-01-20,Sorriso/MT,MT,algodo-em-pluma-ao-produtor,130.0,algodao-bolsa-de-nova-iorque-nybot,2021-03,143.27,251.261795057163,5.3033,-121.261795057163,-22.865347058843174,-48.26113537459027
2021-01-21,Estado de São Paulo,,algodo-em-pluma-ao-produtor,146.0,algodao-bolsa-de-nova-iorque-nybot,2021-03,146.36,257.32464942016804,5.3166,-111.32464942016804,-20.93906809242148,-43.26233404806608
2021-01-21,Oeste da Bahia/BA,BA,algodo-em-pluma-ao-produtor,152.96,algodao-bolsa-de-nova-iorque-nybot,2021-03,146.36,257.32464942016804,5.3166,-104.36464942016804,-19.629960768191708,-40.55757956159033
2021-01-21,Sorriso/MT,MT,algodo-em-pluma-ao-produtor,130.0,algodao-bolsa-de-nova-iorque-nybot,2021-03,146.36,257.32464942016804,5.3166,-127.32464942016804,-23.94851021708762,-49.48016045375747
2021-01-22,Estado de São Paulo,,algodo-em-pluma-ao-produtor,146.0,algodao-bolsa-de-nova-iorque-nybot,2021-03,147.8,265.40387756454,5.4301,-119.40387756453998,-21.98925941778972,-44.989500025486166
2021-01-22,Oeste da Bahia/BA,BA,algodo-em-pluma-ao-produtor,152.96,algodao-bolsa-de-nova-iorque-nybot,2021-03,147.8,265.40387756454,5.4301,-112.44387756453997,-20.707515066856956,-42.367081670536734
2021-01-22,Sorriso/MT,MT,algodo-em-pluma-ao-produtor,130.0,algodao-bolsa-de-nova-iorque-nybot,2021-03,147.8,265.40387756454,5.4301,-135.40387756453998,-24.93579815556619,-51.01804796789864
2021-01-25,Estado de São Paulo,,algodo-em-pluma-ao-produtor,146.0,algodao-bolsa-de-nova-iorque-nybot,2021-03,150.01,273.28141770167696,5.5089,-127.28141770167696,-23.104688359141928,-46.57521860510164
2021-01-25,Oeste da Bahia/BA,BA,algodo-em-pluma-ao-produtor,152.96,algodao-bolsa-de-nova-iorque-nybot,2021-03,150.01,273.28141770167696,5.5089,-120.32141770167695,-21.841278240969515,-44.02839340983798
2021-01-25,Sorriso/MT,MT,algodo-em-pluma-ao-produtor,130.0,algodao-bolsa-de-nova-iorque-nybot,2021-03,150.01,273.28141770167696,5.5089,-143.28141770167696,-26.009079435400345,-52.42998916892611
2021-01-26,Estado de São Paulo,,algodo-em-pluma-ao-produtor,146.0,algodao-bolsa-de-nova-iorque-nybot,2021-03,144.02,256.53963516489,5.3865,-110.53963516489,-20.521606825376406,-43.0887161330221
2021-01-26,Oeste da Bahia/BA,BA,algodo-em-pluma-ao-produtor,152.96,algodao-bolsa-de-nova-iorque-nybot,2021-03,144.02,256.53963516489,5.3865,-103.57963516488999,-19.229487638520375,-40.37568506648672
2021-01-26,Sorriso/MT,MT,algodo-em-pluma-ao-produtor,120.0,algodao-bolsa-de-nova-iorque-nybot,2021-03,144.02,256.53963516489,5.3865,-136.53963516489,-25.34848884524088,-53.223602301114056
2021-01-27,Estado de São Paulo,,algodo-em-pluma-ao-produtor,151.0,algodao-bolsa-de-nova-iorque-nybot,2021-03,144.63,257.430119322816,5.3824,-106.43011932281598,-19.773729065624256,-41.3433049725441
2021-01-27,Oeste da Bahia/BA,BA,algodo-em-pluma-ao-produtor,152.96,algodao-bolsa-de-nova-iorque-nybot,2021-03,144.63,257.430119322816,5.3824,-104.47011932281598,-19.40957924398335,-40.58193330198904
2021-01-27,Sorriso/MT,MT,algodo-em-pluma-ao-produtor,120.0,algodao-bolsa-de-nova-iorque-nybot,2021-03,144.63,257.430119322816,5.3824,-137.43011932281598,-25.533241550760998,-53.38540792520061
2021-01-28,Estado de São Paulo,,algodo-em-pluma-ao-produtor,151.0,algodao-bolsa-de-nova-iorque-nybot,2021-03,143.79,258.112790708454,5.4282,-107.11279070845399,-19.732653680493346,-41.49844353488125
2021-01-28,Oeste da Bahia/BA,BA,algodo-em-pluma-ao-produtor,152.96,algodao-bolsa-de-nova-iorque-nybot,2021-03,143.79,258.112790708454,5.4282,-105.15279070845398,-19.371576343622927,-40.73908558341348
2021-01-28,Sorriso/MT,MT,algodo-em-pluma-ao-produtor,120.0,algodao-bolsa-de-nova-iorque-nybot,2021-03,143.79,258.112790708454,5.4282,-138.11279070845399,-25.443570743239743,-53.50869684891225
2021-01-29,Estado de São Paulo,,algodo-em-pluma-ao-produtor,151.0,algodao-bolsa-de-nova-iorque-nybot,2021-03,145.87,264.147493176369,5.4759,-113.14749317636898,-20.662812172678276,-42.83496762197981
2021-01-29,Oeste da Bahia/BA,BA,algodo-em-pluma-ao-produtor,155.67,algodao-bolsa-de-nova-iorque-nybot,2021-03,145.87,264.147493176369,5.4759,-108.477493176369,-19.809984327027337,-41.067015958368195
2021-01-29,Sorriso/MT,MT,algodo-em-pluma-ao-produtor,120.0,algodao-bolsa-de-nova-iorque-nybot,2021-03,145.87,264.147493176369,5.4759,-144.14749317636898,-26.323982026035715,-54.57083519627535
2021-02-01,Estado de São Paulo,,algodo-em-pluma-ao-produtor,151.0,algodao-bolsa-de-nova-iorque-nybot,2021-03,144.23,260.457505270512,5.4608,-109.457505270512,-20.04422525463522,-42.02509163897162
2021-02-01,Oeste da Bahia/BA,BA,algodo-em-pluma-ao-produtor,155.67,algodao-bolsa-de-nova-iorque-nybot,2021-03,144.23,260.457505270512,5.4608,-104.78750527051201,-19.1890392013097,-40.23209281747492
2021-02-01,Sorriso/MT,MT,algodo-em-pluma-ao-produtor,120.0,algodao-bolsa-de-nova-iorque-nybot,2021-03,144.23,260.457505270512,5.4608,-140.457505270512,-25.72104916322004,-53.927225143553606
2021-02-02,Estado de São Paulo,,algodo-em-pluma-ao-produtor,151.0,algodao-bolsa-de-nova-iorque-nybot,2021-03,143.02,254.80565303325002,5.3875,-103.80565303325002,-19.267870632621815,-40.73914836563859
2021-02-02,Oeste da Bahia/BA,BA,algodo-em-pluma-ao-produtor,155.67,algodao-bolsa-de-nova-iorque-nybot,2021-03,143.02,254.80565303325002,5.3875,-99.13565303325004,-18.40104928691416,-38.90637898065537
2021-02-02,Sorriso/MT,MT,algodo-em-pluma-ao-produtor,170.0,algodao-bolsa-de-nova-iorque-nybot,2021-03,143.02,254.80565303325002,5.3875,-84.80565303325002,-15.741188498051049,-33.28248491495736
2021-02-03,Oeste da Bahia/BA,BA,algodo-em-pluma-ao-produtor,155.67,algodao-bolsa-de-nova-iorque-nybot,2021-03,143.55,253.604217255345,5.3423,-97.934217255345,-18.331845320432212,-38.61695137219999
2021-02-03,Sorriso/MT,MT,algodo-em-pluma-ao-produtor,170.0,algodao-bolsa-de-nova-iorque-nybot,2021-03,143.55,253.604217255345,5.3423,-83.60421725534499,-15.649480047048087,-32.96641442329285
2021-02-04,Estado de São Paulo,,algodo-em-pluma-ao-produtor,162.0,algodao-bolsa-de-nova-iorque-nybot,2021-03,151.89,270.78432212006993,5.391,-108.78432212006993,-20.178876297545898,-40.173788965460595
2021-02-04,Oeste da Bahia/BA,BA,algodo-em-pluma-ao-produtor,155.67,algodao-bolsa-de-nova-iorque-nybot,2021-03,151.89,270.78432212006993,5.391,-115.11432212006994,-21.35305548508068,-42.51144276699538
2021-02-04,Sorriso/MT,MT,algodo-em-pluma-ao-produtor,170.0,algodao-bolsa-de-nova-iorque-nybot,2021-03,151.89,270.78432212006993,5.391,-100.78432212006993,-18.694921558165447,-37.21940817363149
2021-02-05,Estado de São Paulo,,algodo-em-pluma-ao-produtor,162.0,algodao-bolsa-de-nova-iorque-nybot,2021-03,147.2,262.29658692863995,5.3884,-100.29658692863995,-18.613426421319865,-38.23785437052847
2021-02-05,Oeste da Bahia/BA,BA,algodo-em-pluma-ao-produtor,155.67,algodao-bolsa-de-nova-iorque-nybot,2021-03,147.2,262.29658692863995,5.3884,-106.62658692863997,-19.788172171449776,-40.65115302382819
2021-02-05,Sorriso/MT,MT,algodo-em-pluma-ao-produtor,170.0,algodao-bolsa-de-nova-iorque-nybot,2021-03,147.2,262.29658692863995,5.3884,-92.29658692863995,-17.128755647064054,-35.18787187030765
2021-02-08,Estado de São Paulo,,algodo-em-pluma-ao-produtor,162.0,algodao-bolsa-de-nova-iorque-nybot,2021-03,149.66,265.62095767746,5.367,-103.62095767746001,-19.30705378749022,-39.010836563312736
2021-02-08,Oeste da Bahia/BA,BA,algodo-em-pluma-ao-produtor,155.67,algodao-bolsa-de-nova-iorque-nybot,2021-03,149.66,265.62095767746,5.367,-109.95095767746002,-20.486483636567918,-41.393931653153665
2021-02-08,Sorriso/MT,MT,algodo-em-pluma-ao-produtor,170.0,algodao-bolsa-de-nova-iorque-nybot,2021-03,149.66,265.62095767746,5.367,-95.62095767746001,-17.816463140946528,-35.99902602322941
2021-02-09,Estado de São Paulo,,algodo-em-pluma-ao-produtor,162.0,algodao-bolsa-de-nova-iorque-nybot,2021-03,154.66,277.287620206608,5.4216,-115.28762020660798,-21.264501292350594,-41.57690852577795
2021-02-09,Oeste da Bahia/BA,BA,algodo-em-pluma-ao-produtor,155.67,algodao-bolsa-de-nova-iorque-nybot,2021-03,154.66,277.287620206608,5.4216,-121.617620206608,-22.432053306516156,-43.85973672967812
2021-02-09,Sorriso/MT,MT,algodo-em-pluma-ao-produtor,170.0,algodao-bolsa-de-nova-iorque-nybot,2021-03,154.66,277.287620206608,5.4216,-107.28762020660798,-19.7889221275284,-38.69181758877933
2021-02-10,Estado de São Paulo,,algodo-em-pluma-ao-produtor,154.0,algodao-bolsa-de-nova-iorque-nybot,2021-03,150.36,268.623532390752,5.4024,-114.62353239075202,-21.21715022781579,-42.67069655834002
2021-02-10,Oeste da Bahia/BA,BA,algodo-em-pluma-ao-produtor,155.67,algodao-bolsa-de-nova-iorque-nybot,2021-03,150.36,268.623532390752,5.4024,-112.95353239075203,-20.90802835605509,-42.04900865738176
2021-02-10,Sorriso/MT,MT,algodo-em-pluma-ao-produtor,170.0,algodao-bolsa-de-nova-iorque-nybot,2021-03,150.36,268.623532390752,5.4024,-98.62353239075202,-18.25550355226418,-36.714405291674055
2021-02-11,Estado de São Paulo,,algodo-em-pluma-ao-produtor,154.0,algodao-bolsa-de-nova-iorque-nybot,2021-03,154.02,273.135106882836,5.3626,-119.135106882836,-22.215922664908067,-43.61764704745193
2021-02-11,Oeste da Bahia/BA,BA,algodo-em-pluma-ao-produtor,155.67,algodao-bolsa-de-nova-iorque-nybot,2021-03,154.02,273.135106882836,5.3626,-117.46510688283601,-21.904506560779478,-43.00622802517431
2021-02-11,Sorriso/MT,MT,algodo-em-pluma-ao-produtor,130.0,algodao-bolsa-de-nova-iorque-nybot,2021-03,154.02,273.135106882836,5.3626,-143.135106882836,-26.691363682324994,-52.40450724784903
2021-02-12,Estado de São Paulo,,algodo-em-pluma-ao-produtor,154.0,algodao-bolsa-de-nova-iorque-nybot,2021-03,155.26,276.30448116117,5.3815,-122.30448116116997,-22.72683845789649,-44.26438566873227
2021-02-12,Oeste da Bahia/BA,BA,algodo-em-pluma-ao-produtor,155.67,algodao-bolsa-de-nova-iorque-nybot,2021-03,155.26,276.30448116117,5.3815,-120.63448116116999,-22.41651605707888,-43.65997998085424
2021-02-12,Sorriso/MT,MT,algodo-em-pluma-ao-produtor,130.0,algodao-bolsa-de-nova-iorque-nybot,2021-03,155.26,276.30448116117,5.3815,-146.30448116116997,-27.186561583419117,-52.95045543464413
2021-02-16,Estado de São Paulo,,algodo-em-pluma-ao-produtor,154.0,algodao-bolsa-de-nova-iorque-nybot,2021-03,156.48,278.47562290415993,5.3815,-124.47562290415993,-23.130283917896485,-44.69892969662175
2021-02-16,Oeste da Bahia/BA,BA,algodo-em-pluma-ao-produtor,164.85,algodao-bolsa-de-nova-iorque-nybot,2021-03,156.48,278.47562290415993,5.3815,-113.62562290415994,-21.114117421566466,-40.80271792524737
2021-02-16,Sorriso/MT,MT,algodo-em-pluma-ao-produtor,130.0,algodao-bolsa-de-nova-iorque-nybot,2021-03,156.48,278.47562290415993,5.3815,-148.47562290415993,-27.59000704341911,-53.31727831533004
2021-02-17,Estado de São Paulo,,algodo-em-pluma-ao-produtor,158.0,algodao-bolsa-de-nova-iorque-nybot,2021-03,158.37,283.530723749658,5.4138,-125.53072374965802,-23.187174212135286,-44.27411678337009
2021-02-17,Oeste da Bahia/BA,BA,algodo-em-pluma-ao-produtor,164.85,algodao-bolsa-de-nova-iorque-nybot,2021-03,158.37,283.530723749658,5.4138,-118.68072374965803,-21.92188919975951,-41.858152859104806
2021-02-17,Sorriso/MT,MT,algodo-em-pluma-ao-produtor,130.0,algodao-bolsa-de-nova-iorque-nybot,2021-03,158.37,283.530723749658,5.4138,-153.53072374965802,-28.359142145934097,-54.14958975846906
2021-02-18,Estado de São Paulo,,algodo-em-pluma-ao-produtor,158.0,algodao-bolsa-de-nova-iorque-nybot,2021-03,159.62,286.29645812050796,5.4238,-128.29645812050796,-23.654349002637996,-44.8124503400267
2021-02-18,Oeste da Bahia/BA,BA,algodo-em-pluma-ao-produtor,164.85,algodao-bolsa-de-nova-iorque-nybot,2021-03,159.62,286.29645812050796,5.4238,-121.44645812050797,-22.391396828885277,-42.41982556046457
2021-02-18,Sorriso/MT,MT,algodo-em-pluma-ao-produtor,130.0,algodao-bolsa-de-nova-iorque-nybot,2021-03,159.62,286.29645812050796,5.4238,-156.29645812050796,-28.816781245714807,-54.59252243166753
2021-02-19,Estado de São Paulo,,algodo-em-pluma-ao-produtor,158.0,algodao-bolsa-de-nova-iorque-nybot,2021-03,158.55,282.73094735886,5.3924,-124.73094735886002,-23.130878154228174,-44.11648195007942
2021-02-19,Oeste da Bahia/BA,BA,algodo-em-pluma-ao-produtor,164.85,algodao-bolsa-de-nova-iorque-nybot,2021-03,158.55,282.73094735886,5.3924,-117.88094735886003,-21.860571797133005,-41.693683857408814
2021-02-19,Sorriso/MT,MT,algodo-em-pluma-ao-produtor,130.0,algodao-bolsa-de-nova-iorque-nybot,2021-03,158.55,282.73094735886,5.3924,-152.73094735886002,-28.323371292719386,-54.01989021209066
2021-02-22,Estado de São Paulo,,algodo-em-pluma-ao-produtor,158.0,algodao-bolsa-de-nova-iorque-nybot,2021-03,163.84,298.23247142092805,5.5044,-140.23247142092805,-25.476431840151157,-47.021194825898974
2021-02-22,Oeste da Bahia/BA,BA,algodo-em-pluma-ao-produtor,164.85,algodao-bolsa-de-nova-iorque-nybot,2021-03,163.84,298.23247142092805,5.5044,-133.38247142092806,-24.231972861879232,-44.72432890537624
2021-02-22,Sorriso/MT,MT,algodo-em-pluma-ao-produtor,130.0,algodao-bolsa-de-nova-iorque-nybot,2021-03,163.84,298.23247142092805,5.5044,-168.23247142092805,-30.563271459364877,-56.409843844094084
2021-02-23,Estado de São Paulo,,algodo-em-pluma-ao-produtor,158.0,algodao-bolsa-de-nova-iorque-nybot,2021-03,164.37,296.18588982609,5.449,-138.18588982608998,-25.359862328150115,-46.65512253376686
2021-02-23,Oeste da Bahia/BA,BA,algodo-em-pluma-ao-produtor,169.95,algodao-bolsa-de-nova-iorque-nybot,2021-03,164.37,296.18588982609,5.449,-126.23588982608999,-23.166799380820333,-42.620494143124546
2021-02-23,Sorriso/MT,MT,algodo-em-pluma-ao-produtor,130.0,algodao-bolsa-de-nova-iorque-nybot,2021-03,164.37,296.18588982609,5.449,-166.18588982608998,-30.4984198616425,-56.10864512271957
2021-02-24,Estado de São Paulo,,algodo-em-pluma-ao-produtor,162.0,algodao-bolsa-de-nova-iorque-nybot,2021-03,165.49,296.51849687717396,5.4182,-134.51849687717396,-24.82715604392122,-45.36597153090763
2021-02-24,Oeste da Bahia/BA,BA,algodo-em-pluma-ao-produtor,169.95,algodao-bolsa-de-nova-iorque-nybot,2021-03,165.49,296.51849687717396,5.4182,-126.56849687717397,-23.359879088474766,-42.68485717085032
2021-02-24,Sorriso/MT,MT,algodo-em-pluma-ao-produtor,130.0,algodao-bolsa-de-nova-iorque-nybot,2021-03,165.49,296.51849687717396,5.4182,-166.51849687717396,-30.73317649351703,-56.15787838899995
2021-02-25,Estado de São Paulo,,algodo-em-pluma-ao-produtor,162.0,algodao-bolsa-de-nova-iorque-nybot,2021-03,160.78,290.3017601484,5.46,-128.30176014839998,-23.498490869670327,-44.19599801351984
2021-02-25,Oeste da Bahia/BA,BA,algodo-em-pluma-ao-produtor,169.95,algodao-bolsa-de-nova-iorque-nybot,2021-03,160.78,290.3017601484,5.46,-120.35176014839999,-22.04244691362637,-41.457468286405536
2021-02-25,Sorriso/MT,MT,algodo-em-pluma-ao-produtor,130.0,algodao-bolsa-de-nova-iorque-nybot,2021-03,160.78,290.3017601484,5.46,-160.30176014839998,-29.359296730476185,-55.21901075158999
2021-02-26,Estado de São Paulo,,algodo-em-pluma-ao-produtor,162.0,algodao-bolsa-de-nova-iorque-nybot,2021-03,162.92,297.94783998751194,5.5302,-135.94783998751194,-24.582807129491147,-45.62806697749848
2021-02-26,Oeste da Bahia/BA,BA,algodo-em-pluma-ao-produtor,169.95,algodao-bolsa-de-nova-iorque-nybot,2021-03,162.92,297.94783998751194,5.5302,-127.99783998751195,-23.14524610095692,-42.959814708801645
2021-02-26,Sorriso/MT,MT,algodo-em-pluma-ao-produtor,130.0,algodao-bolsa-de-nova-iorque-nybot,2021-03,162.92,297.94783998751194,5.5302,-167.94783998751194,-30.369216300949684,-56.36820189552347
2021-03-01,Oeste da Bahia/BA,BA,algodo-em-pluma-ao-produtor,169.95,algodao-bolsa-de-nova-iorque-nybot,2021-05,169.58,313.099820225808,5.5832,-143.149820225808,-25.639386055632617,-45.72018601689652
2021-03-01,Sorriso/MT,MT,algodo-em-pluma-ao-produtor,130.0,algodao-bolsa-de-nova-iorque-nybot,2021-05,169.58,313.099820225808,5.5832,-183.099820225808,-32.79478081132827,-58.4796950997149
2021-03-02,Oeste da Bahia/BA,BA,algodo-em-pluma-ao-produtor,175.05,algodao-bolsa-de-nova-iorque-nybot,2021-05,170.31,320.14725446365196,5.6844,-145.09725446365195,-25.525517990227982,-45.322036169492
2021-03-02,Sorriso/MT,MT,algodo-em-pluma-ao-produtor,130.0,algodao-bolsa-de-nova-iorque-nybot,2021-05,170.31,320.14725446365196,5.6844,-190.14725446365196,-33.45071677989796,-59.3936858156753
2021-03-03,Estado de São Paulo,,algodo-em-pluma-ao-produtor,170.0,algodao-bolsa-de-nova-iorque-nybot,2021-05,165.55,313.92580998933005,5.7342,-143.92580998933005,-25.099544834384925,-45.84707768826715
2021-03-03,Oeste da Bahia/BA,BA,algodo-em-pluma-ao-produtor,175.05,algodao-bolsa-de-nova-iorque-nybot,2021-05,165.55,313.92580998933005,5.7342,-138.87580998933004,-24.218864007068124,-44.238417349006845
2021-03-03,Sorriso/MT,MT,algodo-em-pluma-ao-produtor,130.0,algodao-bolsa-de-nova-iorque-nybot,2021-05,165.55,313.92580998933005,5.7342,-183.92580998933005,-32.07523455570612,-58.588941761616056
2021-03-04,Estado de São Paulo,,algodo-em-pluma-ao-produtor,170.0,algodao-bolsa-de-nova-iorque-nybot,2021-05,163.68,303.15915160819196,5.6008,-133.15915160819196,-23.77502349810598,-43.923843598919
2021-03-04,Oeste da Bahia/BA,BA,algodo-em-pluma-ao-produtor,175.05,algodao-bolsa-de-nova-iorque-nybot,2021-05,163.68,303.15915160819196,5.6008,-128.10915160819195,-22.873366591949715,-42.25805189406336
2021-03-04,Sorriso/MT,MT,algodo-em-pluma-ao-produtor,130.0,algodao-bolsa-de-nova-iorque-nybot,2021-05,163.68,303.15915160819196,5.6008,-173.15915160819196,-30.916860378551632,-57.118233340349825
2021-03-05,Estado de São Paulo,,algodo-em-pluma-ao-produtor,170.0,algodao-bolsa-de-nova-iorque-nybot,2021-05,164.84,310.00652584044,5.687,-140.00652584044002,-24.618696296894676,-45.162444713341685
2021-03-05,Oeste da Bahia/BA,BA,algodo-em-pluma-ao-produtor,175.05,algodao-bolsa-de-nova-iorque-nybot,2021-05,164.84,310.00652584044,5.687,-134.95652584044,-23.73070614391419,-43.5334467474733
2021-03-05,Sorriso/MT,MT,algodo-em-pluma-ao-produtor,130.0,algodao-bolsa-de-nova-iorque-nybot,2021-05,164.84,310.00652584044,5.687,-180.00652584044002,-31.652281667037105,-58.065398898437756
2021-03-08,Estado de São Paulo,,algodo-em-pluma-ao-produtor,170.0,algodao-bolsa-de-nova-iorque-nybot,2021-05,168.81,320.11319936781905,5.7343,-150.11319936781905,-26.178121020494054,-46.8937862182105
2021-03-08,Oeste da Bahia/BA,BA,algodo-em-pluma-ao-produtor,175.05,algodao-bolsa-de-nova-iorque-nybot,2021-05,168.81,320.11319936781905,5.7343,-145.06319936781904,-25.297455551299905,-45.316219279398524
2021-03-08,Sorriso/MT,MT,algodo-em-pluma-ao-produtor,130.0,algodao-bolsa-de-nova-iorque-nybot,2021-05,168.81,320.11319936781905,5.7343,-190.11319936781905,-33.15368909331898,-59.38936593157273
2021-03-09,Oeste da Bahia/BA,BA,algodo-em-pluma-ao-produtor,175.05,algodao-bolsa-de-nova-iorque-nybot,2021-05,161.45,311.78383040854493,5.8397,-136.73383040854492,-23.41452992594567,-43.85533086477775
2021-03-09,Sorriso/MT,MT,algodo-em-pluma-ao-produtor,130.0,algodao-bolsa-de-nova-iorque-nybot,2021-05,161.45,311.78383040854493,5.8397,-181.78383040854493,-31.128967311427804,-58.30444451540193
2021-03-10,Estado de São Paulo,,algodo-em-pluma-ao-produtor,172.0,algodao-bolsa-de-nova-iorque-nybot,2021-05,159.51,303.03681338630696,5.7449,-131.03681338630696,-22.80924182950216,-43.241219415564245
2021-03-10,Oeste da Bahia/BA,BA,algodo-em-pluma-ao-produtor,175.05,algodao-bolsa-de-nova-iorque-nybot,2021-05,159.51,303.03681338630696,5.7449,-127.98681338630695,-22.278336156644492,-42.234741038921634
2021-03-10,Sorriso/MT,MT,algodo-em-pluma-ao-produtor,130.0,algodao-bolsa-de-nova-iorque-nybot,2021-05,159.51,303.03681338630696,5.7449,-173.03681338630696,-30.120074045902793,-57.10092165129856
2021-03-11,Oeste da Bahia/BA,BA,algodo-em-pluma-ao-produtor,175.05,algodao-bolsa-de-nova-iorque-nybot,2021-05,162.15,299.69263115055,5.589,-124.64263115055002,-22.301419064331725,-41.590155444274515
2021-03-11,Sorriso/MT,MT,algodo-em-pluma-ao-produtor,130.0,algodao-bolsa-de-nova-iorque-nybot,2021-05,162.15,299.69263115055,5.589,-169.69263115055003,-30.361894999203795,-56.62222340905848
2021-03-12,Oeste da Bahia/BA,BA,algodo-em-pluma-ao-produtor,175.05,algodao-bolsa-de-nova-iorque-nybot,2021-05,160.99,296.21771241348,5.564,-121.16771241347999,-21.77708706209202,-40.90495177558667
2021-03-12,Sorriso/MT,MT,algodo-em-pluma-ao-produtor,130.0,algodao-bolsa-de-nova-iorque-nybot,2021-05,160.99,296.21771241348,5.564,-166.21771241348,-29.87378008869159,-56.11336035890469
2021-03-15,Oeste da Bahia/BA,BA,algodo-em-pluma-ao-produtor,175.05,algodao-bolsa-de-nova-iorque-nybot,2021-05,161.45,300.56651055155993,5.6296,-125.51651055155992,-22.295813299623404,-41.75997862211216
2021-03-15,Sorriso/MT,MT,algodo-em-pluma-ao-produtor,130.0,algodao-bolsa-de-nova-iorque-nybot,2021-05,161.45,300.56651055155993,5.6296,-170.56651055155993,-30.298158048806297,-56.7483417359302
2021-03-16,Oeste da Bahia/BA,BA,algodo-em-pluma-ao-produtor,169.95,algodao-bolsa-de-nova-iorque-nybot,2021-05,161.54,298.35686423842196,5.5851,-128.40686423842197,-22.99096958665413,-43.038012403766885
2021-03-16,Sorriso/MT,MT,algodo-em-pluma-ao-produtor,130.0,algodao-bolsa-de-nova-iorque-nybot,2021-05,161.54,298.35686423842196,5.5851,-168.35686423842196,-30.143930142418572,-56.428017725741064
2021-03-17,Estado de São Paulo,,algodo-em-pluma-ao-produtor,167.0,algodao-bolsa-de-nova-iorque-nybot,2021-05,159.92,299.21478571802396,5.6579,-132.21478571802396,-23.368172947210798,-44.18725010555508
2021-03-17,Oeste da Bahia/BA,BA,algodo-em-pluma-ao-produtor,169.95,algodao-bolsa-de-nova-iorque-nybot,2021-05,159.92,299.21478571802396,5.6579,-129.26478571802397,-22.846778083392067,-43.201336260114296
2021-03-17,Sorriso/MT,MT,algodo-em-pluma-ao-produtor,130.0,algodao-bolsa-de-nova-iorque-nybot,2021-05,159.92,299.21478571802396,5.6579,-169.21478571802396,-29.90770174764912,-56.55294918396504
2021-03-18,Estado de São Paulo,,algodo-em-pluma-ao-produtor,167.0,algodao-bolsa-de-nova-iorque-nybot,2021-05,156.83,287.702493988206,5.5474,-120.70249398820602,-21.758390234741686,-41.95392688989135
2021-03-18,Oeste da Bahia/BA,BA,algodo-em-pluma-ao-produtor,169.95,algodao-bolsa-de-nova-iorque-nybot,2021-05,156.83,287.702493988206,5.5474,-117.75249398820603,-21.226609580741616,-40.92856212537147
2021-03-18,Sorriso/MT,MT,algodo-em-pluma-ao-produtor,130.0,algodao-bolsa-de-nova-iorque-nybot,2021-05,156.83,287.702493988206,5.5474,-157.70249398820602,-28.428181488301913,-54.81443410590345
2021-03-19,Estado de São Paulo,,algodo-em-pluma-ao-produtor,167.0,algodao-bolsa-de-nova-iorque-nybot,2021-05,153.46,279.530947601796,5.5082,-112.53094760179602,-20.429713445734723,-40.25706225634138
2021-03-19,Oeste da Bahia/BA,BA,algodo-em-pluma-ao-produtor,169.95,algodao-bolsa-de-nova-iorque-nybot,2021-05,153.46,279.530947601796,5.5082,-109.58094760179603,-19.894148288333035,-39.20172293691747
2021-03-19,Sorriso/MT,MT,algodo-em-pluma-ao-produtor,130.0,algodao-bolsa-de-nova-iorque-nybot,2021-05,153.46,279.530947601796,5.5082,-149.53094760179602,-27.146971352128826,-53.493521516912445
2021-03-22,Estado de São Paulo,,algodo-em-pluma-ao-produtor,167.0,algodao-bolsa-de-nova-iorque-nybot,2021-05,153.91,281.30240617904695,5.5269,-114.30240617904695,-20.68110625830881,-40.63328420528842
2021-03-22,Oeste da Bahia/BA,BA,algodo-em-pluma-ao-produtor,169.95,algodao-bolsa-de-nova-iorque-nybot,2021-05,153.91,281.30240617904695,5.5269,-111.35240617904697,-20.14735315982684,-39.58459072268723
2021-03-22,Sorriso/MT,MT,algodo-em-pluma-ao-produtor,130.0,algodao-bolsa-de-nova-iorque-nybot,2021-05,153.91,281.30240617904695,5.5269,-151.30240617904695,-27.37563664604877,-53.786388902320326
2021-03-23,Estado de São Paulo,,algodo-em-pluma-ao-produtor,167.0,algodao-bolsa-de-nova-iorque-nybot,2021-05,151.37,275.06821745789097,5.4951,-108.06821745789097,-19.666287685008637,-39.28778775557183
2021-03-23,Oeste da Bahia/BA,BA,algodo-em-pluma-ao-produtor,169.95,algodao-bolsa-de-nova-iorque-nybot,2021-05,151.37,275.06821745789097,5.4951,-105.11821745789098,-19.129445771303704,-38.21532652131396
2021-03-23,Sorriso/MT,MT,algodo-em-pluma-ao-produtor,130.0,algodao-bolsa-de-nova-iorque-nybot,2021-05,151.37,275.06821745789097,5.4951,-145.06821745789097,-26.399559145036665,-52.73899645643315
2021-03-24,Estado de São Paulo,,algodo-em-pluma-ao-produtor,163.0,algodao-bolsa-de-nova-iorque-nybot,2021-05,152.4,278.8499938356,5.533,-115.8499938356,-20.93800719963853,-41.54563256110417
2021-03-24,Oeste da Bahia/BA,BA,algodo-em-pluma-ao-produtor,169.95,algodao-bolsa-de-nova-iorque-nybot,2021-05,152.4,278.8499938356,5.533,-108.89999383560001,-19.681907434592446,-39.05325309055003
2021-03-24,Sorriso/MT,MT,algodo-em-pluma-ao-produtor,130.0,algodao-bolsa-de-nova-iorque-nybot,2021-05,152.4,278.8499938356,5.533,-148.8499938356,-26.902221911368155,-53.37995234934688
2021-03-25,Estado de São Paulo,,algodo-em-pluma-ao-produtor,163.0,algodao-bolsa-de-nova-iorque-nybot,2021-05,147.08,275.21997016074,5.6585,-112.21997016073999,-19.83210571012459,-40.774646583675896
2021-03-25,Oeste da Bahia/BA,BA,algodo-em-pluma-ao-produtor,163.15,algodao-bolsa-de-nova-iorque-nybot,2021-05,147.08,275.21997016074,5.6585,-112.06997016073998,-19.805596918041882,-40.720144724703815
2021-03-25,Sorriso/MT,MT,algodo-em-pluma-ao-produtor,130.0,algodao-bolsa-de-nova-iorque-nybot,2021-05,147.08,275.21997016074,5.6585,-145.21997016074,-25.664039968320225,-52.765055557532925
2021-03-26,Oeste da Bahia/BA,BA,algodo-em-pluma-ao-produtor,163.15,algodao-bolsa-de-nova-iorque-nybot,2021-05,153.11,288.817365912966,5.7042,-125.667365912966,-22.030673172919254,-43.511014483400345
2021-03-26,Sorriso/MT,MT,algodo-em-pluma-ao-produtor,130.0,algodao-bolsa-de-nova-iorque-nybot,2021-05,153.11,288.817365912966,5.7042,-158.817365912966,-27.842180483322114,-54.98885616207198
2021-03-29,Oeste da Bahia/BA,BA,algodo-em-pluma-ao-produtor,163.15,algodao-bolsa-de-nova-iorque-nybot,2021-05,153.58,294.18851071995005,5.7925,-131.03851071995004,-22.622099390582655,-44.54236176636106
2021-03-29,Sorriso/MT,MT,algodo-em-pluma-ao-produtor,130.0,algodao-bolsa-de-nova-iorque-nybot,2021-05,153.58,294.18851071995005,5.7925,-164.18851071995005,-28.345016956400524,-55.8106468257857
2021-03-30,Oeste da Bahia/BA,BA,algodo-em-pluma-ao-produtor,163.15,algodao-bolsa-de-nova-iorque-nybot,2021-05,153.07,291.77906300314197,5.7642,-128.62906300314197,-22.315163076080285,-44.08440471335561
2021-03-31,Oeste da Bahia/BA,BA,algodo-em-pluma-ao-produtor,163.15,algodao-bolsa-de-nova-iorque-nybot,2021-05,150.85,284.21003297956497,5.6973,-121.06003297956497,-21.248667435375523,-42.5952707265156
2021-03-31,Sorriso/MT,MT,algodo-em-pluma-ao-produtor,166.0,algodao-bolsa-de-nova-iorque-nybot,2021-05,150.85,284.21003297956497,5.6973,-118.21003297956497,-20.748430481028727,-41.592491208100455
2021-04-01,Oeste da Bahia/BA,BA,algodo-em-pluma-ao-produtor,163.15,algodao-bolsa-de-nova-iorque-nybot,2021-05,147.19,276.71081720868295,5.6849,-113.56081720868295,-19.975868917427388,-41.03952940988225
2021-04-01,Sorriso/MT,MT,algodo-em-pluma-ao-produtor,166.0,algodao-bolsa-de-nova-iorque-nybot,2021-05,147.19,276.71081720868295,5.6849,-110.71081720868295,-19.47454083777779,-40.00957328863288
2021-04-05,Oeste da Bahia/BA,BA,algodo-em-pluma-ao-produtor,163.15,algodao-bolsa-de-nova-iorque-nybot,2021-05,146.03,273.226207843941,5.6579,-110.07620784394098,-19.455311660499653,-40.28757296474772
2021-04-05,Sorriso/MT,MT,algodo-em-pluma-ao-produtor,166.0,algodao-bolsa-de-nova-iorque-nybot,2021-05,146.03,273.226207843941,5.6579,-107.22620784394098,-18.95159119884427,-39.24448122677365
2021-04-06,Oeste da Bahia/BA,BA,algodo-em-pluma-ao-produtor,163.15,algodao-bolsa-de-nova-iorque-nybot,2021-05,146.7,272.94679639952994,5.6263,-109.79679639952994,-19.514920356100802,-40.22644627006841
2021-04-06,Sorriso/MT,MT,algodo-em-pluma-ao-produtor,166.0,algodao-bolsa-de-nova-iorque-nybot,2021-05,146.7,272.94679639952994,5.6263,-106.94679639952994,-19.00837075867443,-39.18228673509873
2021-04-07,Estado de São Paulo,,algodo-em-pluma-ao-produtor,159.0,algodao-bolsa-de-nova-iorque-nybot,2021-05,148.01,273.43121336335196,5.5864,-114.43121336335196,-20.483891837919224,-41.85009163942407
2021-04-07,Oeste da Bahia/BA,BA,algodo-em-pluma-ao-produtor,163.15,algodao-bolsa-de-nova-iorque-nybot,2021-05,148.01,273.43121336335196,5.5864,-110.28121336335195,-19.741016283000135,-40.33234245894363
2021-04-07,Sorriso/MT,MT,algodo-em-pluma-ao-produtor,165.0,algodao-bolsa-de-nova-iorque-nybot,2021-05,148.01,273.43121336335196,5.5864,-108.43121336335196,-19.40985489104825,-39.65575547487404
2021-04-08,Estado de São Paulo,,algodo-em-pluma-ao-produtor,159.0,algodao-bolsa-de-nova-iorque-nybot,2021-05,149.95,276.78207625909494,5.5817,-117.78207625909494,-21.101470207839,-42.55408364985291
2021-04-08,Oeste da Bahia/BA,BA,algodo-em-pluma-ao-produtor,164.85,algodao-bolsa-de-nova-iorque-nybot,2021-05,149.95,276.78207625909494,5.5817,-111.93207625909494,-20.0534024148727,-40.44050748225316
2021-04-08,Sorriso/MT,MT,algodo-em-pluma-ao-produtor,165.0,algodao-bolsa-de-nova-iorque-nybot,2021-05,149.95,276.78207625909494,5.5817,-111.78207625909494,-20.026528881719717,-40.38631322154547
2021-04-09,Estado de São Paulo,,algodo-em-pluma-ao-produtor,159.0,algodao-bolsa-de-nova-iorque-nybot,2021-05,154.77,288.893161740645,5.6445,-129.89316174064498,-23.012341525492957,-44.962352503607235
2021-04-09,Oeste da Bahia/BA,BA,algodo-em-pluma-ao-produtor,164.85,algodao-bolsa-de-nova-iorque-nybot,2021-05,154.77,288.893161740645,5.6445,-124.04316174064499,-21.97593440351581,-42.93738245421165
2021-04-09,Sorriso/MT,MT,algodo-em-pluma-ao-produtor,165.0,algodao-bolsa-de-nova-iorque-nybot,2021-05,154.77,288.893161740645,5.6445,-123.89316174064498,-21.949359861926652,-42.88546014525279
2021-04-12,Estado de São Paulo,,algodo-em-pluma-ao-produtor,159.0,algodao-bolsa-de-nova-iorque-nybot,2021-05,152.12,284.635859411112,5.6582,-125.635859411112,-22.204209715300273,-44.13915367903474
2021-04-12,Oeste da Bahia/BA,BA,algodo-em-pluma-ao-produtor,164.85,algodao-bolsa-de-nova-iorque-nybot,2021-05,152.12,284.635859411112,5.6582,-119.785859411112,-21.17031200931604,-42.08389612571621
2021-04-12,Sorriso/MT,MT,algodo-em-pluma-ao-produtor,165.0,algodao-bolsa-de-nova-iorque-nybot,2021-05,152.12,284.635859411112,5.6582,-119.635859411112,-21.143801811726696,-42.03119721409266
2021-04-13,Estado de São Paulo,,algodo-em-pluma-ao-produtor,159.0,algodao-bolsa-de-nova-iorque-nybot,2021-05,154.23,291.04227172389596,5.7064,-132.04227172389596,-23.139329826842836,-45.36876067582408
2021-04-13,Oeste da Bahia/BA,BA,algodo-em-pluma-ao-produtor,164.85,algodao-bolsa-de-nova-iorque-nybot,2021-05,154.23,291.04227172389596,5.7064,-126.19227172389597,-22.11416509951913,-43.35874337993458
2021-04-13,Sorriso/MT,MT,algodo-em-pluma-ao-produtor,165.0,algodao-bolsa-de-nova-iorque-nybot,2021-05,154.23,291.04227172389596,5.7064,-126.04227172389596,-22.087878824459548,-43.30720447491178
2021-04-14,Estado de São Paulo,,algodo-em-pluma-ao-produtor,160.0,algodao-bolsa-de-nova-iorque-nybot,2021-05,158.43,298.297337514264,5.6936,-138.29733751426397,-24.289963733712234,-46.36224334642306
2021-04-14,Oeste da Bahia/BA,BA,algodo-em-pluma-ao-produtor,164.85,algodao-bolsa-de-nova-iorque-nybot,2021-05,158.43,298.297337514264,5.6936,-133.44733751426398,-23.43813009594351,-44.73634884786151
2021-04-14,Sorriso/MT,MT,algodo-em-pluma-ao-produtor,165.0,algodao-bolsa-de-nova-iorque-nybot,2021-05,158.43,298.297337514264,5.6936,-133.29733751426397,-23.411784725703242,-44.68606345099877
2021-04-15,Estado de São Paulo,,algodo-em-pluma-ao-produtor,160.0,algodao-bolsa-de-nova-iorque-nybot,2021-05,157.73,293.31770742522593,5.6234,-133.31770742522593,-23.707669279301832,-45.45163965568358
2021-04-15,Oeste da Bahia/BA,BA,algodo-em-pluma-ao-produtor,164.85,algodao-bolsa-de-nova-iorque-nybot,2021-05,157.73,293.31770742522593,5.6234,-128.46770742522594,-22.845201732977547,-43.79814248274649
2021-04-15,Sorriso/MT,MT,algodo-em-pluma-ao-produtor,165.0,algodao-bolsa-de-nova-iorque-nybot,2021-05,157.73,293.31770742522593,5.6234,-128.31770742522593,-22.818527478967518,-43.747003394923695
2021-04-16,Estado de São Paulo,,algodo-em-pluma-ao-produtor,163.0,algodao-bolsa-de-nova-iorque-nybot,2021-05,154.47,287.735521620888,5.6328,-124.735521620888,-22.14449680813947,-43.350755206802695
2021-04-16,Oeste da Bahia/BA,BA,algodo-em-pluma-ao-produtor,164.85,algodao-bolsa-de-nova-iorque-nybot,2021-05,154.47,287.735521620888,5.6328,-122.885521620888,-21.816063346983384,-42.707803655468865
2021-04-16,Sorriso/MT,MT,algodo-em-pluma-ao-produtor,165.0,algodao-bolsa-de-nova-iorque-nybot,2021-05,154.47,287.735521620888,5.6328,-122.735521620888,-21.78943360688965,-42.65567244860395
2021-04-19,Estado de São Paulo,,algodo-em-pluma-ao-produtor,161.0,algodao-bolsa-de-nova-iorque-nybot,2021-05,152.81,281.72257511475,5.575,-120.72257511474999,-21.654273563183853,-42.85158016377559
2021-04-19,Oeste da Bahia/BA,BA,algodo-em-pluma-ao-produtor,164.85,algodao-bolsa-de-nova-iorque-nybot,2021-05,152.81,281.72257511475,5.575,-116.87257511474999,-20.9636906035426,-41.48498751551805
2021-04-19,Sorriso/MT,MT,algodo-em-pluma-ao-produtor,165.0,algodao-bolsa-de-nova-iorque-nybot,2021-05,152.81,281.72257511475,5.575,-116.72257511474999,-20.936784773946187,-41.43174364610542
2021-04-20,Estado de São Paulo,,algodo-em-pluma-ao-produtor,161.0,algodao-bolsa-de-nova-iorque-nybot,2021-05,154.02,281.488173963876,5.5266,-120.48817396387602,-21.801500735330226,-42.80399146691631
2021-04-20,Oeste da Bahia/BA,BA,algodo-em-pluma-ao-produtor,171.65,algodao-bolsa-de-nova-iorque-nybot,2021-05,154.02,281.488173963876,5.5266,-109.83817396387602,-19.874456983294614,-39.020528790659526
2021-04-20,Sorriso/MT,MT,algodo-em-pluma-ao-produtor,165.0,algodao-bolsa-de-nova-iorque-nybot,2021-05,154.02,281.488173963876,5.5266,-116.48817396387602,-21.077728434096194,-41.38297262137385
2021-04-22,Estado de São Paulo,,algodo-em-pluma-ao-produtor,161.0,algodao-bolsa-de-nova-iorque-nybot,2021-05,153.1,278.3081533551,5.497,-117.30815335509999,-21.340395371129706,-42.15045514869402
2021-04-22,Oeste da Bahia/BA,BA,algodo-em-pluma-ao-produtor,171.65,algodao-bolsa-de-nova-iorque-nybot,2021-05,153.1,278.3081533551,5.497,-106.65815335509998,-19.40297495999636,-38.3237616538716
2021-04-22,Sorriso/MT,MT,algodo-em-pluma-ao-produtor,100.0,algodao-bolsa-de-nova-iorque-nybot,2021-05,153.1,278.3081533551,5.497,-178.3081533551,-32.437357350391125,-64.06860568241865
2021-04-23,Estado de São Paulo,,algodo-em-pluma-ao-produtor,161.0,algodao-bolsa-de-nova-iorque-nybot,2021-05,159.16,288.36095335515597,5.4787,-127.36095335515597,-23.246564578304337,-44.16719804580946
2021-04-23,Oeste da Bahia/BA,BA,algodo-em-pluma-ao-produtor,171.65,algodao-bolsa-de-nova-iorque-nybot,2021-05,159.16,288.36095335515597,5.4787,-116.71095335515597,-21.302672779154904,-40.47391021467821
2021-04-23,Sorriso/MT,MT,algodo-em-pluma-ao-produtor,100.0,algodao-bolsa-de-nova-iorque-nybot,2021-05,159.16,288.36095335515597,5.4787,-188.36095335515597,-34.38059272366729,-65.3212410222419
2021-04-26,Estado de São Paulo,,algodo-em-pluma-ao-produtor,168.0,algodao-bolsa-de-nova-iorque-nybot,2021-05,158.64,286.25944299163194,5.4566,-118.25944299163194,-21.67273448514312,-41.3119797047495
2021-04-26,Oeste da Bahia/BA,BA,algodo-em-pluma-ao-produtor,171.65,algodao-bolsa-de-nova-iorque-nybot,2021-05,158.64,286.25944299163194,5.4566,-114.60944299163194,-21.003819776350095,-40.03691259714435
2021-04-26,Sorriso/MT,MT,algodo-em-pluma-ao-produtor,100.0,algodao-bolsa-de-nova-iorque-nybot,2021-05,158.64,286.25944299163194,5.4566,-186.25944299163194,-34.134707142108994,-65.06665458616041
2021-04-27,Estado de São Paulo,,algodo-em-pluma-ao-produtor,168.0,algodao-bolsa-de-nova-iorque-nybot,2021-05,162.33,292.15562246085597,5.4424,-124.15562246085597,-22.81266030810965,-42.49640017709766
2021-04-27,Oeste da Bahia/BA,BA,algodo-em-pluma-ao-produtor,171.65,algodao-bolsa-de-nova-iorque-nybot,2021-05,162.33,292.15562246085597,5.4424,-120.50562246085596,-22.14200030516977,-41.24706601427865
2021-04-27,Sorriso/MT,MT,algodo-em-pluma-ao-produtor,178.0,algodao-bolsa-de-nova-iorque-nybot,2021-05,162.33,292.15562246085597,5.4424,-114.15562246085597,-20.97523564252094,-39.07356685430585
2021-04-28,Estado de São Paulo,,algodo-em-pluma-ao-produtor,168.0,algodao-bolsa-de-nova-iorque-nybot,2021-05,157.58,281.42331117747,5.4005,-113.42331117747,-21.002372220622163,-40.303452724974676
2021-04-28,Oeste da Bahia/BA,BA,algodo-em-pluma-ao-produtor,171.65,algodao-bolsa-de-nova-iorque-nybot,2021-05,157.58,281.42331117747,5.4005,-109.77331117746999,-20.32650887463568,-39.006474168106564
2021-04-28,Sorriso/MT,MT,algodo-em-pluma-ao-produtor,178.0,algodao-bolsa-de-nova-iorque-nybot,2021-05,157.58,281.42331117747,5.4005,-103.42331117747,-19.150691820659198,-36.75008681574698
2021-04-29,Oeste da Bahia/BA,BA,algodo-em-pluma-ao-produtor,171.65,algodao-bolsa-de-nova-iorque-nybot,2021-05,152.24,270.159741589584,5.3662,-98.50974158958397,-18.357448770001856,-36.46351636626751
2021-04-29,Sorriso/MT,MT,algodo-em-pluma-ao-produtor,178.0,algodao-bolsa-de-nova-iorque-nybot,2021-05,152.24,270.159741589584,5.3662,-92.15974158958397,-17.174116057840553,-34.11305513076386
2021-04-30,Estado de São Paulo,,algodo-em-pluma-ao-produtor,165.0,algodao-bolsa-de-nova-iorque-nybot,2021-05,156.42,279.51201212061596,5.4036,-114.51201212061596,-21.19180030361536,-40.96854773854991
2021-04-30,Oeste da Bahia/BA,BA,algodo-em-pluma-ao-produtor,171.65,algodao-bolsa-de-nova-iorque-nybot,2021-05,156.42,279.51201212061596,5.4036,-107.86201212061596,-19.961139262827736,-38.5894013292248
2021-04-30,Sorriso/MT,MT,algodo-em-pluma-ao-produtor,178.0,algodao-bolsa-de-nova-iorque-nybot,2021-05,156.42,279.51201212061596,5.4036,-101.51201212061596,-18.78599676523354,-36.31758483310233
2021-05-03,Estado de São Paulo,,algodo-em-pluma-ao-produtor,180.0,algodao-bolsa-de-nova-iorque-nybot,2021-05,156.02,279.060372124182,5.4087,-99.06037212418198,-18.315005846909976,-35.49782843409241
2021-05-03,Oeste da Bahia/BA,BA,algodo-em-pluma-ao-produtor,171.65,algodao-bolsa-de-nova-iorque-nybot,2021-05,156.02,279.060372124182,5.4087,-107.41037212418198,-19.858814895294984,-38.49001250395535
2021-05-03,Sorriso/MT,MT,algodo-em-pluma-ao-produtor,178.0,algodao-bolsa-de-nova-iorque-nybot,2021-05,156.02,279.060372124182,5.4087,-101.06037212418198,-18.684780469277644,-36.21451922926917
2021-05-04,Estado de São Paulo,,algodo-em-pluma-ao-produtor,180.0,algodao-bolsa-de-nova-iorque-nybot,2021-05,155.02,279.41458930143,5.4505,-99.41458930143,-18.239535694235393,-35.57959859933528
2021-05-04,Oeste da Bahia/BA,BA,algodo-em-pluma-ao-produtor,171.65,algodao-bolsa-de-nova-iorque-nybot,2021-05,155.02,279.41458930143,5.4505,-107.76458930143,-19.771505238313914,-38.56798944208833
2021-05-04,Sorriso/MT,MT,algodo-em-pluma-ao-produtor,185.0,algodao-bolsa-de-nova-iorque-nybot,2021-05,155.02,279.41458930143,5.4505,-94.41458930143,-17.32218866185304,-33.79014300487236
2021-05-05,Estado de São Paulo,,algodo-em-pluma-ao-produtor,180.0,algodao-bolsa-de-nova-iorque-nybot,2021-05,153.13,272.80252364164795,5.3872,-92.80252364164795,-17.226485677466577,-34.018205697962266
2021-05-05,Oeste da Bahia/BA,BA,algodo-em-pluma-ao-produtor,173.35,algodao-bolsa-de-nova-iorque-nybot,2021-05,153.13,272.80252364164795,5.3872,-99.45252364164796,-18.460893161874065,-36.45586643189866
2021-05-05,Sorriso/MT,MT,algodo-em-pluma-ao-produtor,185.0,algodao-bolsa-de-nova-iorque-nybot,2021-05,153.13,272.80252364164795,5.3872,-87.80252364164795,-16.29835974934065,-32.18537807846123
2021-05-06,Estado de São Paulo,,algodo-em-pluma-ao-produtor,180.0,algodao-bolsa-de-nova-iorque-nybot,2021-05,156.24,273.305438910504,5.2897,-93.305438910504,-17.639079515001605,-34.13962022945968
2021-05-06,Oeste da Bahia/BA,BA,algodo-em-pluma-ao-produtor,173.35,algodao-bolsa-de-nova-iorque-nybot,2021-05,156.24,273.305438910504,5.2897,-99.955438910504,-18.896239656408493,-36.572795370982426
2021-05-06,Sorriso/MT,MT,algodo-em-pluma-ao-produtor,185.0,algodao-bolsa-de-nova-iorque-nybot,2021-05,156.24,273.305438910504,5.2897,-88.305438910504,-16.693846325973873,-32.31016523583356
2021-05-07,Estado de São Paulo,,algodo-em-pluma-ao-produtor,163.0,algodao-bolsa-de-nova-iorque-nybot,2021-07,155.07,267.77171848016695,5.2217,-104.77171848016695,-20.06467596379856,-39.1272532718675
2021-05-07,Oeste da Bahia/BA,BA,algodo-em-pluma-ao-produtor,173.35,algodao-bolsa-de-nova-iorque-nybot,2021-07,155.07,267.77171848016695,5.2217,-94.42171848016696,-18.08256285887105,-35.262020580848045
2021-05-07,Sorriso/MT,MT,algodo-em-pluma-ao-produtor,185.0,algodao-bolsa-de-nova-iorque-nybot,2021-07,155.07,267.77171848016695,5.2217,-82.77171848016695,-15.851488687624135,-30.911299725739187
2021-05-10,Estado de São Paulo,,algodo-em-pluma-ao-produtor,182.0,algodao-bolsa-de-nova-iorque-nybot,2021-07,153.3,264.76601375763,5.2227,-82.76601375762999,-15.847361280109904,-31.260059621320963
2021-05-10,Oeste da Bahia/BA,BA,algodo-em-pluma-ao-produtor,173.35,algodao-bolsa-de-nova-iorque-nybot,2021-07,153.3,264.76601375763,5.2227,-91.41601375763,-17.503592731275013,-34.52709524920873
2021-05-10,Sorriso/MT,MT,algodo-em-pluma-ao-produtor,185.0,algodao-bolsa-de-nova-iorque-nybot,2021-07,153.3,264.76601375763,5.2227,-79.76601375762999,-15.272945747913914,-30.126983681013066
2021-05-11,Estado de São Paulo,,algodo-em-pluma-ao-produtor,182.0,algodao-bolsa-de-nova-iorque-nybot,2021-07,151.76,262.989536914104,5.2403,-80.98953691410401,-15.455133659161499,-30.795725892530967
2021-05-11,Oeste da Bahia/BA,BA,algodo-em-pluma-ao-produtor,173.35,algodao-bolsa-de-nova-iorque-nybot,2021-07,151.76,262.989536914104,5.2403,-89.63953691410401,-17.105802513998054,-34.08483012895738
2021-05-11,Sorriso/MT,MT,algodo-em-pluma-ao-produtor,185.0,algodao-bolsa-de-nova-iorque-nybot,2021-07,151.76,262.989536914104,5.2403,-77.98953691410401,-14.8826473511257,-29.654996099550708
2021-05-12,Estado de São Paulo,,algodo-em-pluma-ao-produtor,175.0,algodao-bolsa-de-nova-iorque-nybot,2021-07,154.05,266.703231539745,5.2353,-91.70323153974499,-17.51632791621206,-34.38399715306002
2021-05-12,Oeste da Bahia/BA,BA,algodo-em-pluma-ao-produtor,173.35,algodao-bolsa-de-nova-iorque-nybot,2021-07,154.05,266.703231539745,5.2353,-93.353231539745,-17.83149610141635,-35.00266232275974
2021-05-12,Sorriso/MT,MT,algodo-em-pluma-ao-produtor,185.0,algodao-bolsa-de-nova-iorque-nybot,2021-07,154.05,266.703231539745,5.2353,-81.70323153974499,-15.60621770285275,-30.63451127609202
2021-05-13,Estado de São Paulo,,algodo-em-pluma-ao-produtor,175.0,algodao-bolsa-de-nova-iorque-nybot,2021-07,149.22,260.62094896299,5.2815,-85.62094896298998,-16.211483283724316,-32.85267331873186
2021-05-13,Oeste da Bahia/BA,BA,algodo-em-pluma-ao-produtor,173.35,algodao-bolsa-de-nova-iorque-nybot,2021-07,149.22,260.62094896299,5.2815,-87.27094896298999,-16.5238945305292,-33.48577668458382
2021-05-13,Sorriso/MT,MT,algodo-em-pluma-ao-produtor,185.0,algodao-bolsa-de-nova-iorque-nybot,2021-07,149.22,260.62094896299,5.2815,-75.62094896298998,-14.318081787937135,-29.015683222659394
2021-05-14,Estado de São Paulo,,algodo-em-pluma-ao-produtor,170.0,algodao-bolsa-de-nova-iorque-nybot,2021-07,143.65,250.35109100644502,5.2701,-80.35109100644502,-15.246597029742322,-32.09536282962572
2021-05-14,Oeste da Bahia/BA,BA,algodo-em-pluma-ao-produtor,175.05,algodao-bolsa-de-nova-iorque-nybot,2021-07,143.65,250.35109100644502,5.2701,-75.301091006445,-14.288360943140548,-30.078195666623426
2021-05-14,Sorriso/MT,MT,algodo-em-pluma-ao-produtor,185.0,algodao-bolsa-de-nova-iorque-nybot,2021-07,143.65,250.35109100644502,5.2701,-65.35109100644502,-12.40035122795488,-26.10377719694564
2021-05-17,Estado de São Paulo,,algodo-em-pluma-ao-produtor,180.3,algodao-bolsa-de-nova-iorque-nybot,2021-07,143.19,249.80511024958497,5.2755,-69.50511024958496,-13.175075395618418,-27.823734342400403
2021-05-17,Oeste da Bahia/BA,BA,algodo-em-pluma-ao-produtor,175.05,algodao-bolsa-de-nova-iorque-nybot,2021-07,143.19,249.80511024958497,5.2755,-74.75511024958496,-14.170241730562973,-29.925372693495234
2021-05-17,Sorriso/MT,MT,algodo-em-pluma-ao-produtor,185.0,algodao-bolsa-de-nova-iorque-nybot,2021-07,143.19,249.80511024958497,5.2755,-64.80511024958497,-12.28416458147758,-25.94226762808694
2021-05-18,Estado de São Paulo,,algodo-em-pluma-ao-produtor,180.3,algodao-bolsa-de-nova-iorque-nybot,2021-07,146.13,254.12713515169196,5.2588,-73.82713515169195,-14.038779788486337,-29.05126015276705
2021-05-18,Oeste da Bahia/BA,BA,algodo-em-pluma-ao-produtor,175.05,algodao-bolsa-de-nova-iorque-nybot,2021-07,146.13,254.12713515169196,5.2588,-79.07713515169195,-15.03710640292309,-31.1171552398329
2021-05-18,Sorriso/MT,MT,algodo-em-pluma-ao-produtor,185.0,algodao-bolsa-de-nova-iorque-nybot,2021-07,146.13,254.12713515169196,5.2588,-69.12713515169196,-13.145039771752483,-27.20179217006048
2021-05-19,Estado de São Paulo,,algodo-em-pluma-ao-produtor,180.3,algodao-bolsa-de-nova-iorque-nybot,2021-07,145.33,253.860491433318,5.2822,-73.56049143331799,-13.92610871101397,-28.97673876623699
2021-05-19,Oeste da Bahia/BA,BA,algodo-em-pluma-ao-produtor,175.05,algodao-bolsa-de-nova-iorque-nybot,2021-07,145.33,253.860491433318,5.2822,-78.81049143331799,-14.920012766142516,-31.044803777203466
2021-05-19,Sorriso/MT,MT,algodo-em-pluma-ao-produtor,185.0,algodao-bolsa-de-nova-iorque-nybot,2021-07,145.33,253.860491433318,5.2822,-68.860491433318,-13.036327937851276,-27.125328184990817
2021-05-20,Oeste da Bahia/BA,BA,algodo-em-pluma-ao-produtor,173.35,algodao-bolsa-de-nova-iorque-nybot,2021-07,142.35,249.04578290377498,5.2905,-75.69578290377498,-14.30786937033834,-30.394324296999613
2021-05-20,Sorriso/MT,MT,algodo-em-pluma-ao-produtor,185.0,algodao-bolsa-de-nova-iorque-nybot,2021-07,142.35,249.04578290377498,5.2905,-64.04578290377498,-12.105809073579998,-25.716469541072556
2021-05-21,Oeste da Bahia/BA,BA,algodo-em-pluma-ao-produtor,173.35,algodao-bolsa-de-nova-iorque-nybot,2021-07,146.25,256.45899402337494,5.3027,-83.10899402337495,-15.672957931501868,-32.406347977719975
2021-05-21,Sorriso/MT,MT,algodo-em-pluma-ao-produtor,185.0,algodao-bolsa-de-nova-iorque-nybot,2021-07,146.25,256.45899402337494,5.3027,-71.45899402337494,-13.475963947305136,-27.863711427044674
2021-05-24,Estado de São Paulo,,algodo-em-pluma-ao-produtor,180.0,algodao-bolsa-de-nova-iorque-nybot,2021-07,145.7,256.31844453797993,5.3198,-76.31844453797993,-14.346111609079276,-29.774854741938583
2021-05-24,Oeste da Bahia/BA,BA,algodo-em-pluma-ao-produtor,173.35,algodao-bolsa-de-nova-iorque-nybot,2021-07,145.7,256.31844453797993,5.3198,-82.96844453797993,-15.596158603327181,-32.36928371952808
2021-05-24,Sorriso/MT,MT,algodo-em-pluma-ao-produtor,185.0,algodao-bolsa-de-nova-iorque-nybot,2021-07,145.7,256.31844453797993,5.3198,-71.31844453797993,-13.406226650998144,-27.824156262547987
2021-05-25,Estado de São Paulo,,algodo-em-pluma-ao-produtor,180.0,algodao-bolsa-de-nova-iorque-nybot,2021-07,146.06,256.68610835399403,5.3143,-76.68610835399403,-14.430142888808314,-29.87544158339755
2021-05-25,Oeste da Bahia/BA,BA,algodo-em-pluma-ao-produtor,173.35,algodao-bolsa-de-nova-iorque-nybot,2021-07,146.06,256.68610835399403,5.3143,-83.33610835399404,-15.681483611010675,-32.466154436010925
2021-05-25,Sorriso/MT,MT,algodo-em-pluma-ao-produtor,185.0,algodao-bolsa-de-nova-iorque-nybot,2021-07,146.06,256.68610835399403,5.3143,-71.68610835399403,-13.489285202941879,-27.927537182936373
2021-05-26,Estado de São Paulo,,algodo-em-pluma-ao-produtor,180.0,algodao-bolsa-de-nova-iorque-nybot,2021-07,144.76,254.50201535035194,5.3164,-74.50201535035194,-14.013621125263702,-29.273644551612353
2021-05-26,Oeste da Bahia/BA,BA,algodo-em-pluma-ao-produtor,173.35,algodao-bolsa-de-nova-iorque-nybot,2021-07,144.76,254.50201535035194,5.3164,-81.15201535035195,-15.26446756270257,-31.886590461233343
2021-05-27,Estado de São Paulo,,algodo-em-pluma-ao-produtor,180.0,algodao-bolsa-de-nova-iorque-nybot,2021-07,143.42,250.60949947703995,5.284,-70.60949947703995,-13.362887864693404,-28.175108934172293
2021-05-27,Oeste da Bahia/BA,BA,algodo-em-pluma-ao-produtor,173.35,algodao-bolsa-de-nova-iorque-nybot,2021-07,143.42,250.60949947703995,5.284,-77.25949947703995,-14.621404140242232,-30.828639631882044
2021-05-28,Estado de São Paulo,,algodo-em-pluma-ao-produtor,180.0,algodao-bolsa-de-nova-iorque-nybot,2021-07,141.76,245.088307351008,5.2281,-65.08830735100801,-12.449705887608884,-26.557083874993076
2021-05-28,Oeste da Bahia/BA,BA,algodo-em-pluma-ao-produtor,173.35,algodao-bolsa-de-nova-iorque-nybot,2021-07,141.76,245.088307351008,5.2281,-71.73830735100802,-13.721678497161113,-29.270391609611384
2021-06-01,Estado de São Paulo,,algodo-em-pluma-ao-produtor,178.0,algodao-bolsa-de-nova-iorque-nybot,2021-07,143.76,245.479742041248,5.1636,-67.47974204124799,-13.06835193300178,-27.488924943513
2021-06-01,Oeste da Bahia/BA,BA,algodo-em-pluma-ao-produtor,173.35,algodao-bolsa-de-nova-iorque-nybot,2021-07,143.76,245.479742041248,5.1636,-72.129742041248,-13.968886443808195,-29.38317493796617
2021-06-02,Estado de São Paulo,,algodo-em-pluma-ao-produtor,170.0,algodao-bolsa-de-nova-iorque-nybot,2021-07,140.45,237.556496163195,5.1147,-67.55649616319499,-13.208300812011455,-28.438075680652187
2021-06-02,Oeste da Bahia/BA,BA,algodo-em-pluma-ao-produtor,173.35,algodao-bolsa-de-nova-iorque-nybot,2021-07,140.45,237.556496163195,5.1147,-64.206496163195,-12.553325935674623,-27.02788481906504
2021-06-04,Estado de São Paulo,,algodo-em-pluma-ao-produtor,176.0,algodao-bolsa-de-nova-iorque-nybot,2021-07,143.0,239.59494899339998,5.0666,-63.59494899339998,-12.551799825010852,-26.542691847461192
2021-06-04,Oeste da Bahia/BA,BA,algodo-em-pluma-ao-produtor,173.35,algodao-bolsa-de-nova-iorque-nybot,2021-07,143.0,239.59494899339998,5.0666,-66.24494899339999,-13.074833022816087,-27.648725180439765
2021-06-04,Sorriso/MT,MT,algodo-em-pluma-ao-produtor,185.0,algodao-bolsa-de-nova-iorque-nybot,2021-07,143.0,239.59494899339998,5.0666,-54.59494899339998,-10.775460662653451,-22.78635222602455
2021-06-07,Estado de São Paulo,,algodo-em-pluma-ao-produtor,175.0,algodao-bolsa-de-nova-iorque-nybot,2021-07,140.32,234.32507031964798,5.0498,-59.32507031964798,-11.74800394464097,-25.31742345738821
2021-06-07,Oeste da Bahia/BA,BA,algodo-em-pluma-ao-produtor,173.35,algodao-bolsa-de-nova-iorque-nybot,2021-07,140.32,234.32507031964798,5.0498,-60.97507031964798,-12.074749558328643,-26.02157346478998
2021-06-07,Sorriso/MT,MT,algodo-em-pluma-ao-produtor,185.0,algodao-bolsa-de-nova-iorque-nybot,2021-07,140.32,234.32507031964798,5.0498,-49.32507031964798,-9.767727498049027,-21.04984765495325
2021-06-08,Estado de São Paulo,,algodo-em-pluma-ao-produtor,175.0,algodao-bolsa-de-nova-iorque-nybot,2021-07,141.62,236.453834416074,5.0489,-61.45383441607399,-12.171727389346986,-25.98978128979599
2021-06-08,Oeste da Bahia/BA,BA,algodo-em-pluma-ao-produtor,173.35,algodao-bolsa-de-nova-iorque-nybot,2021-07,141.62,236.453834416074,5.0489,-63.103834416073994,-12.498531247613142,-26.687591923349345
2021-06-08,Sorriso/MT,MT,algodo-em-pluma-ao-produtor,180.0,algodao-bolsa-de-nova-iorque-nybot,2021-07,141.62,236.453834416074,5.0489,-56.45383441607399,-11.181412667328328,-23.875203612361588
2021-06-09,Estado de São Paulo,,algodo-em-pluma-ao-produtor,175.0,algodao-bolsa-de-nova-iorque-nybot,2021-07,145.23,242.69253676598697,5.0533,-67.69253676598697,-13.39570909425266,-27.89230260972491
2021-06-09,Oeste da Bahia/BA,BA,algodo-em-pluma-ao-produtor,173.35,algodao-bolsa-de-nova-iorque-nybot,2021-07,145.23,242.69253676598697,5.0533,-69.34253676598698,-13.722228398469708,-28.572175185118937
2021-06-09,Sorriso/MT,MT,algodo-em-pluma-ao-produtor,180.0,algodao-bolsa-de-nova-iorque-nybot,2021-07,145.23,242.69253676598697,5.0533,-62.69253676598697,-12.406256657231308,-25.832082684288483
2021-06-10,Estado de São Paulo,,algodo-em-pluma-ao-produtor,175.0,algodao-bolsa-de-nova-iorque-nybot,2021-07,146.76,245.74433744718,5.0635,-70.74433744717999,-13.971430324317168,-28.787779275844226
2021-06-10,Oeste da Bahia/BA,BA,algodo-em-pluma-ao-produtor,173.35,algodao-bolsa-de-nova-iorque-nybot,2021-07,146.76,245.74433744718,5.0635,-72.39433744717999,-14.297291882527894,-29.45920878552913
2021-06-10,Sorriso/MT,MT,algodo-em-pluma-ao-produtor,180.0,algodao-bolsa-de-nova-iorque-nybot,2021-07,146.76,245.74433744718,5.0635,-65.74433744717999,-12.983971057011944,-26.75314439801121
2021-06-11,Estado de São Paulo,,algodo-em-pluma-ao-produtor,180.0,algodao-bolsa-de-nova-iorque-nybot,2021-07,147.3,249.3520128891,5.119,-69.3520128891,-13.547961103555382,-27.81289474488602
2021-06-11,Oeste da Bahia/BA,BA,algodo-em-pluma-ao-produtor,173.35,algodao-bolsa-de-nova-iorque-nybot,2021-07,147.3,249.3520128891,5.119,-76.0020128891,-14.847042955479587,-30.47980724458884
2021-06-11,Sorriso/MT,MT,algodo-em-pluma-ao-produtor,180.0,algodao-bolsa-de-nova-iorque-nybot,2021-07,147.3,249.3520128891,5.119,-69.3520128891,-13.547961103555382,-27.81289474488602
2021-06-14,Estado de São Paulo,,algodo-em-pluma-ao-produtor,178.0,algodao-bolsa-de-nova-iorque-nybot,2021-07,142.43,238.833032652093,5.0707,-60.83303265209301,-11.996969383338199,-25.470945947710767
2021-06-14,Oeste da Bahia/BA,BA,algodo-em-pluma-ao-produtor,173.35,algodao-bolsa-de-nova-iorque-nybot,2021-07,142.43,238.833032652093,5.0707,-65.48303265209302,-12.914002534579646,-27.41791280918911
2021-06-14,Sorriso/MT,MT,algodo-em-pluma-ao-produtor,180.0,algodao-bolsa-de-nova-iorque-nybot,2021-07,142.43,238.833032652093,5.0707,-58.83303265209301,-11.60254652258919,-24.63354084599965
2021-06-15,Estado de São Paulo,,algodo-em-pluma-ao-produtor,178.0,algodao-bolsa-de-nova-iorque-nybot,2021-07,142.7,240.07385198213996,5.0874,-62.073851982139956,-12.201488379553398,-25.856148626614228
2021-06-15,Oeste da Bahia/BA,BA,algodo-em-pluma-ao-produtor,173.35,algodao-bolsa-de-nova-iorque-nybot,2021-07,142.7,240.07385198213996,5.0874,-66.72385198213996,-13.11551125961001,-27.793052609121222
2021-06-15,Sorriso/MT,MT,algodo-em-pluma-ao-produtor,180.0,algodao-bolsa-de-nova-iorque-nybot,2021-07,142.7,240.07385198213996,5.0874,-60.073851982139956,-11.808360259098942,-25.02307164489079
2021-06-16,Estado de São Paulo,,algodo-em-pluma-ao-produtor,178.0,algodao-bolsa-de-nova-iorque-nybot,2021-07,143.06,237.52399797000598,5.0207,-59.52399797000598,-11.855716925927855,-25.060203802027004
2021-06-16,Oeste da Bahia/BA,BA,algodo-em-pluma-ao-produtor,169.27,algodao-bolsa-de-nova-iorque-nybot,2021-07,143.06,237.52399797000598,5.0207,-68.25399797000597,-13.594518288287684,-28.735621896455676
2021-06-16,Sorriso/MT,MT,algodo-em-pluma-ao-produtor,180.0,algodao-bolsa-de-nova-iorque-nybot,2021-07,143.06,237.52399797000598,5.0207,-57.52399797000598,-11.457366098354012,-24.218183620027308
2021-06-17,Oeste da Bahia/BA,BA,algodo-em-pluma-ao-produtor,169.27,algodao-bolsa-de-nova-iorque-nybot,2021-07,140.01,233.16381638678695,5.0359,-63.89381638678694,-12.68766583665024,-27.4029724581261
2021-06-17,Sorriso/MT,MT,algodo-em-pluma-ao-produtor,180.0,algodao-bolsa-de-nova-iorque-nybot,2021-07,140.01,233.16381638678695,5.0359,-53.16381638678695,-10.556964273870996,-22.801057732986937
2021-06-18,Oeste da Bahia/BA,BA,algodo-em-pluma-ao-produtor,169.27,algodao-bolsa-de-nova-iorque-nybot,2021-07,141.26,235.03527586585196,5.0314,-65.76527586585195,-13.07096948480581,-27.981023539371996
2021-06-18,Sorriso/MT,MT,algodo-em-pluma-ao-produtor,180.0,algodao-bolsa-de-nova-iorque-nybot,2021-07,141.26,235.03527586585196,5.0314,-55.03527586585196,-10.938362258188965,-23.415751385874405
2021-06-21,Estado de São Paulo,,algodo-em-pluma-ao-produtor,172.0,algodao-bolsa-de-nova-iorque-nybot,2021-07,139.59,232.529000907951,5.0373,-60.529000907951,-12.016159630744843,-26.030731939502044
2021-06-21,Oeste da Bahia/BA,BA,algodo-em-pluma-ao-produtor,169.27,algodao-bolsa-de-nova-iorque-nybot,2021-07,139.59,232.529000907951,5.0373,-63.25900090795099,-12.558116631519066,-27.20477904302041
2021-06-21,Sorriso/MT,MT,algodo-em-pluma-ao-produtor,180.0,algodao-bolsa-de-nova-iorque-nybot,2021-07,139.59,232.529000907951,5.0373,-52.529000907951,-10.428007247523674,-22.590300866920746
2021-06-22,Estado de São Paulo,,algodo-em-pluma-ao-produtor,172.0,algodao-bolsa-de-nova-iorque-nybot,2021-07,138.98,230.61664859389197,5.0178,-58.616648593891966,-11.68174271471401,-25.417353409342912
2021-06-22,Oeste da Bahia/BA,BA,algodo-em-pluma-ao-produtor,169.27,algodao-bolsa-de-nova-iorque-nybot,2021-07,138.98,230.61664859389197,5.0178,-61.346648593891956,-12.22580584995256,-26.60113611395043
2021-06-22,Sorriso/MT,MT,algodo-em-pluma-ao-produtor,180.0,algodao-bolsa-de-nova-iorque-nybot,2021-07,138.98,230.61664859389197,5.0178,-50.616648593891966,-10.087418508886756,-21.948393102800722
2021-06-23,Estado de São Paulo,,algodo-em-pluma-ao-produtor,160.0,algodao-bolsa-de-nova-iorque-nybot,2021-07,142.1,232.69708653806995,4.9519,-72.69708653806995,-14.680645113606888,-31.241081536350258
2021-06-23,Oeste da Bahia/BA,BA,algodo-em-pluma-ao-produtor,169.27,algodao-bolsa-de-nova-iorque-nybot,2021-07,142.1,232.69708653806995,4.9519,-63.42708653806994,-12.808636389682736,-27.25736169786255
2021-06-23,Sorriso/MT,MT,algodo-em-pluma-ao-produtor,180.0,algodao-bolsa-de-nova-iorque-nybot,2021-07,142.1,232.69708653806995,4.9519,-52.697086538069954,-10.641791340307751,-22.646216728394037
2021-06-24,Estado de São Paulo,,algodo-em-pluma-ao-produtor,160.0,algodao-bolsa-de-nova-iorque-nybot,2021-07,139.69,227.63266312620894,4.9277,-67.63266312620894,-13.724996068390718,-29.711317434576866
2021-06-24,Oeste da Bahia/BA,BA,algodo-em-pluma-ao-produtor,169.27,algodao-bolsa-de-nova-iorque-nybot,2021-07,139.69,227.63266312620894,4.9277,-58.36266312620893,-11.843793884816229,-25.63896688844266
2021-06-24,Sorriso/MT,MT,algodo-em-pluma-ao-produtor,180.0,algodao-bolsa-de-nova-iorque-nybot,2021-07,139.69,227.63266312620894,4.9277,-47.63266312620894,-9.66630743068956,-20.92523211389897
2021-06-25,Estado de São Paulo,,algodo-em-pluma-ao-produtor,163.0,algodao-bolsa-de-nova-iorque-nybot,2021-07,142.05,231.14489296239003,4.9206,-68.14489296239003,-13.84889911035037,-29.48146164470006
2021-06-25,Oeste da Bahia/BA,BA,algodo-em-pluma-ao-produtor,169.27,algodao-bolsa-de-nova-iorque-nybot,2021-07,142.05,231.14489296239003,4.9206,-61.87489296239002,-12.57466426094176,-26.768877377904165
2021-06-25,Sorriso/MT,MT,algodo-em-pluma-ao-produtor,180.0,algodao-bolsa-de-nova-iorque-nybot,2021-07,142.05,231.14489296239003,4.9206,-51.14489296239003,-10.394035882288751,-22.126767460404977
2021-06-28,Estado de São Paulo,,algodo-em-pluma-ao-produtor,166.0,algodao-bolsa-de-nova-iorque-nybot,2021-07,141.28,230.89175739168,4.942,-64.89175739167999,-13.130667218065557,-28.104839308576512
2021-06-28,Oeste da Bahia/BA,BA,algodo-em-pluma-ao-produtor,169.27,algodao-bolsa-de-nova-iorque-nybot,2021-07,141.28,230.89175739168,4.942,-61.62175739167998,-12.468991783019016,-26.688591263630997
2021-06-28,Sorriso/MT,MT,algodo-em-pluma-ao-produtor,180.0,algodao-bolsa-de-nova-iorque-nybot,2021-07,141.28,230.89175739168,4.942,-50.89175739167999,-10.297806028263858,-22.041392021348024
2021-06-29,Estado de São Paulo,,algodo-em-pluma-ao-produtor,166.0,algodao-bolsa-de-nova-iorque-nybot,2021-07,141.29,231.04827108165,4.945,-65.04827108165,-13.154352089312436,-28.1535415855428
2021-06-29,Oeste da Bahia/BA,BA,algodo-em-pluma-ao-produtor,169.27,algodao-bolsa-de-nova-iorque-nybot,2021-07,141.29,231.04827108165,4.945,-61.77827108164999,-12.49307807515672,-26.738252916776084
2021-06-29,Sorriso/MT,MT,algodo-em-pluma-ao-produtor,180.0,algodao-bolsa-de-nova-iorque-nybot,2021-07,141.29,231.04827108165,4.945,-51.04827108165,-10.323209521061678,-22.094201719263282
2021-06-30,Estado de São Paulo,,algodo-em-pluma-ao-produtor,166.0,algodao-bolsa-de-nova-iorque-nybot,2021-07,138.66,229.37033546103598,5.0022,-63.37033546103598,-12.66849295530686,-27.62795604482208
2021-06-30,Oeste da Bahia/BA,BA,algodo-em-pluma-ao-produtor,169.27,algodao-bolsa-de-nova-iorque-nybot,2021-07,138.66,229.37033546103598,5.0022,-60.10033546103597,-12.014780588748144,-26.202313974138754
2021-06-30,Sorriso/MT,MT,algodo-em-pluma-ao-produtor,180.0,algodao-bolsa-de-nova-iorque-nybot,2021-07,138.66,229.37033546103598,5.0022,-49.37033546103598,-9.86972441346527,-21.524289687156475
2021-07-01,Estado de São Paulo,,algodo-em-pluma-ao-produtor,166.0,algodao-bolsa-de-nova-iorque-nybot,2021-07,141.4,234.05713094610002,5.0055,-68.05713094610002,-13.596470072140649,-29.077144828273827
2021-07-01,Oeste da Bahia/BA,BA,algodo-em-pluma-ao-produtor,169.27,algodao-bolsa-de-nova-iorque-nybot,2021-07,141.4,234.05713094610002,5.0055,-64.7871309461,-12.943188681670165,-27.680050030613913
2021-07-01,Sorriso/MT,MT,algodo-em-pluma-ao-produtor,180.0,algodao-bolsa-de-nova-iorque-nybot,2021-07,141.4,234.05713094610002,5.0055,-54.05713094610002,-10.799546687863355,-23.095699211381255
2021-07-02,Oeste da Bahia/BA,BA,algodo-em-pluma-ao-produtor,169.27,algodao-bolsa-de-nova-iorque-nybot,2021-07,143.38,238.463064236562,5.0293,-69.19306423656198,-13.757991019935574,-29.016260634779282
2021-07-02,Sorriso/MT,MT,algodo-em-pluma-ao-produtor,180.0,algodao-bolsa-de-nova-iorque-nybot,2021-07,143.38,238.463064236562,5.0293,-58.46306423656199,-11.624493316477837,-24.516612006027486
2021-07-06,Estado de São Paulo,,algodo-em-pluma-ao-produtor,164.0,algodao-bolsa-de-nova-iorque-nybot,2021-07,148.25,253.19083777762503,5.1645,-89.19083777762503,-17.269985047463457,-35.22672406335669
2021-07-06,Oeste da Bahia/BA,BA,algodo-em-pluma-ao-produtor,169.27,algodao-bolsa-de-nova-iorque-nybot,2021-07,148.25,253.19083777762503,5.1645,-83.92083777762502,-16.249557126077068,-33.1452901353926
2021-07-06,Sorriso/MT,MT,algodo-em-pluma-ao-produtor,180.0,algodao-bolsa-de-nova-iorque-nybot,2021-07,148.25,253.19083777762503,5.1645,-73.19083777762503,-14.171911661850137,-28.90738006953783
2021-07-07,Oeste da Bahia/BA,BA,algodo-em-pluma-ao-produtor,169.27,algodao-bolsa-de-nova-iorque-nybot,2021-07,149.83,259.27337300383203,5.2328,-90.00337300383202,-17.19984960323957,-34.71369696050577
2021-07-07,Sorriso/MT,MT,algodo-em-pluma-ao-produtor,180.0,algodao-bolsa-de-nova-iorque-nybot,2021-07,149.83,259.27337300383203,5.2328,-79.27337300383203,-15.14932216095246,-30.575207968872448
2021-07-08,Oeste da Bahia/BA,BA,algodo-em-pluma-ao-produtor,169.27,algodao-bolsa-de-nova-iorque-nybot,2021-07,149.38,259.77410239195797,5.2587,-90.50410239195796,-17.210356626534686,-34.839540030592275
2021-07-08,Sorriso/MT,MT,algodo-em-pluma-ao-produtor,180.0,algodao-bolsa-de-nova-iorque-nybot,2021-07,149.38,259.77410239195797,5.2587,-79.77410239195797,-15.169928383813103,-30.709028212362554
2021-07-09,Oeste da Bahia/BA,BA,algodo-em-pluma-ao-produtor,169.27,algodao-bolsa-de-nova-iorque-nybot,2021-10,152.47,264.11907606549295,5.2383,-94.84907606549294,-18.10684307227401,-35.911482607933046
2021-07-09,Sorriso/MT,MT,algodo-em-pluma-ao-produtor,180.0,algodao-bolsa-de-nova-iorque-nybot,2021-10,152.47,264.11907606549295,5.2383,-84.11907606549295,-16.05846859963976,-31.848921069462683
2021-07-12,Estado de São Paulo,,algodo-em-pluma-ao-produtor,166.0,algodao-bolsa-de-nova-iorque-nybot,2021-10,151.55,261.80371050718503,5.2239,-95.80371050718503,-18.33949932180651,-36.59371760682351
2021-07-12,Oeste da Bahia/BA,BA,algodo-em-pluma-ao-produtor,169.27,algodao-bolsa-de-nova-iorque-nybot,2021-10,151.55,261.80371050718503,5.2239,-92.53371050718502,-17.713530218263177,-35.34469023678925
2021-07-12,Sorriso/MT,MT,algodo-em-pluma-ao-produtor,180.0,algodao-bolsa-de-nova-iorque-nybot,2021-10,151.55,261.80371050718503,5.2239,-81.80371050718503,-15.659509276055251,-31.246199814627907
2021-07-13,Oeste da Bahia/BA,BA,algodo-em-pluma-ao-produtor,169.95,algodao-bolsa-de-nova-iorque-nybot,2021-10,151.77,259.82988500997,5.177,-89.87988500997,-17.361384008107013,-34.591819569377556
2021-07-13,Sorriso/MT,MT,algodo-em-pluma-ao-produtor,150.0,algodao-bolsa-de-nova-iorque-nybot,2021-10,151.77,259.82988500997,5.177,-109.82988500996998,-21.21496716437512,-42.26992018479925
2021-07-14,Oeste da Bahia/BA,BA,algodo-em-pluma-ao-produtor,169.95,algodao-bolsa-de-nova-iorque-nybot,2021-10,152.15,256.0024144656,5.088,-86.05241446560001,-16.912817308490567,-33.61390737084755
2021-07-14,Sorriso/MT,MT,algodo-em-pluma-ao-produtor,150.0,algodao-bolsa-de-nova-iorque-nybot,2021-10,152.15,256.0024144656,5.088,-106.0024144656,-20.8338078745283,-41.40680262210728
2021-07-15,Oeste da Bahia/BA,BA,algodo-em-pluma-ao-produtor,169.95,algodao-bolsa-de-nova-iorque-nybot,2021-10,152.41,257.044692663,5.1,-87.09469266299999,-17.077390718235293,-33.88309315422669
2021-07-15,Sorriso/MT,MT,algodo-em-pluma-ao-produtor,150.0,algodao-bolsa-de-nova-iorque-nybot,2021-10,152.41,257.044692663,5.1,-107.04469266299998,-20.989155424117644,-41.644389368249506
2021-07-16,Oeste da Bahia/BA,BA,algodo-em-pluma-ao-produtor,169.95,algodao-bolsa-de-nova-iorque-nybot,2021-10,153.27,258.196068795951,5.0941,-88.24606879595103,-17.323191298944078,-34.17792889236077
2021-07-16,Sorriso/MT,MT,algodo-em-pluma-ao-produtor,150.0,algodao-bolsa-de-nova-iorque-nybot,2021-10,153.27,258.196068795951,5.0941,-108.19606879595102,-21.2394866209833,-41.90461508593183
2021-07-19,Estado de São Paulo,,algodo-em-pluma-ao-produtor,168.0,algodao-bolsa-de-nova-iorque-nybot,2021-10,150.95,259.4643435816299,5.1978,-91.46434358162992,-17.59674161792103,-35.251218845357215
2021-07-19,Oeste da Bahia/BA,BA,algodo-em-pluma-ao-produtor,169.95,algodao-bolsa-de-nova-iorque-nybot,2021-10,150.95,259.4643435816299,5.1978,-89.51434358162993,-17.221582896923685,-34.499670492669395
2021-07-19,Sorriso/MT,MT,algodo-em-pluma-ao-produtor,150.0,algodao-bolsa-de-nova-iorque-nybot,2021-10,150.95,259.4643435816299,5.1978,-109.46434358162992,-21.059745196358058,-42.18858825478323
2021-07-20,Estado de São Paulo,,algodo-em-pluma-ao-produtor,168.0,algodao-bolsa-de-nova-iorque-nybot,2021-10,153.41,266.163408286545,5.2465,-98.163408286545,-18.71026556495664,-36.880880402938296
2021-07-20,Oeste da Bahia/BA,BA,algodo-em-pluma-ao-produtor,169.95,algodao-bolsa-de-nova-iorque-nybot,2021-10,153.41,266.163408286545,5.2465,-96.21340828654502,-18.33858920929096,-36.14824776475811
2021-07-20,Sorriso/MT,MT,algodo-em-pluma-ao-produtor,150.0,algodao-bolsa-de-nova-iorque-nybot,2021-10,153.41,266.163408286545,5.2465,-116.163408286545,-22.141124232639857,-43.64364321690919
2021-07-21,Oeste da Bahia/BA,BA,algodo-em-pluma-ao-produtor,169.95,algodao-bolsa-de-nova-iorque-nybot,2021-10,153.79,267.082073109852,5.2516,-97.132073109852,-18.495710471066342,-36.367874481003135
2021-07-21,Sorriso/MT,MT,algodo-em-pluma-ao-produtor,150.0,algodao-bolsa-de-nova-iorque-nybot,2021-10,153.79,267.082073109852,5.2516,-117.08207310985199,-22.294552728664026,-43.837488509270194
2021-07-22,Oeste da Bahia/BA,BA,algodo-em-pluma-ao-produtor,169.95,algodao-bolsa-de-nova-iorque-nybot,2021-10,155.53,267.33679600696195,5.1978,-97.38679600696196,-18.73615683692369,-36.42850421698996
2021-07-22,Sorriso/MT,MT,algodo-em-pluma-ao-produtor,150.0,algodao-bolsa-de-nova-iorque-nybot,2021-10,155.53,267.33679600696195,5.1978,-117.33679600696195,-22.574319136358064,-43.89100107413058
2021-07-23,Oeste da Bahia/BA,BA,algodo-em-pluma-ao-produtor,171.65,algodao-bolsa-de-nova-iorque-nybot,2021-10,155.01,265.0230584502929,5.1701,-93.37305845029292,-18.06020356478461,-35.23205074920141
2021-07-23,Sorriso/MT,MT,algodo-em-pluma-ao-produtor,150.0,algodao-bolsa-de-nova-iorque-nybot,2021-10,155.01,265.0230584502929,5.1701,-115.02305845029292,-22.247743457630012,-43.401151251850926
2021-07-26,Oeste da Bahia/BA,BA,algodo-em-pluma-ao-produtor,171.65,algodao-bolsa-de-nova-iorque-nybot,2021-10,154.37,264.755835357783,5.1863,-93.10583535778298,-17.95226565331411,-35.16667922803764
2021-07-26,Sorriso/MT,MT,algodo-em-pluma-ao-produtor,150.0,algodao-bolsa-de-nova-iorque-nybot,2021-10,154.37,264.755835357783,5.1863,-114.75583535778298,-22.126725287349938,-43.34402495896094
2021-07-27,Oeste da Bahia/BA,BA,algodo-em-pluma-ao-produtor,171.65,algodao-bolsa-de-nova-iorque-nybot,2021-10,155.44,265.593746934648,5.1669,-93.94374693464798,-18.181839581692692,-35.3712193976328
2021-07-27,Sorriso/MT,MT,algodo-em-pluma-ao-produtor,150.0,algodao-bolsa-de-nova-iorque-nybot,2021-10,155.44,265.593746934648,5.1669,-115.59374693464798,-22.371972930509198,-43.522766732565806
2021-07-28,Oeste da Bahia/BA,BA,algodo-em-pluma-ao-produtor,171.65,algodao-bolsa-de-nova-iorque-nybot,2021-10,153.92,262.273803503712,5.1527,-90.62380350371197,-17.58763434776175,-34.55312817867049
2021-07-28,Sorriso/MT,MT,algodo-em-pluma-ao-produtor,150.0,algodao-bolsa-de-nova-iorque-nybot,2021-10,153.92,262.273803503712,5.1527,-112.27380350371197,-21.789315020030656,-42.80786033673507
2021-07-29,Oeste da Bahia/BA,BA,algodo-em-pluma-ao-produtor,171.65,algodao-bolsa-de-nova-iorque-nybot,2021-10,152.47,255.54250449862198,5.0682,-83.89250449862197,-16.552721774717252,-32.829178325234096
2021-07-29,Sorriso/MT,MT,algodo-em-pluma-ao-produtor,150.0,algodao-bolsa-de-nova-iorque-nybot,2021-10,152.47,255.54250449862198,5.0682,-105.54250449862198,-20.82445532903634,-41.301350124003
2021-07-30,Oeste da Bahia/BA,BA,algodo-em-pluma-ao-produtor,171.65,algodao-bolsa-de-nova-iorque-nybot,2021-10,154.17,261.11422453089597,5.1216,-89.46422453089596,-17.468022596629172,-34.26248596437925
2021-07-30,Sorriso/MT,MT,algodo-em-pluma-ao-produtor,150.0,algodao-bolsa-de-nova-iorque-nybot,2021-10,154.17,261.11422453089597,5.1216,-111.11422453089597,-21.695217223308337,-42.55387646173544
2021-08-02,Oeste da Bahia/BA,BA,algodo-em-pluma-ao-produtor,171.65,algodao-bolsa-de-nova-iorque-nybot,2021-10,153.39,260.619973749333,5.1379,-88.96997374933298,-17.316408211396286,-34.13781855219786
2021-08-02,Sorriso/MT,MT,algodo-em-pluma-ao-produtor,150.0,algodao-bolsa-de-nova-iorque-nybot,2021-10,153.39,260.619973749333,5.1379,-110.61997374933298,-21.530192053043653,-42.444933194463616
2021-08-03,Oeste da Bahia/BA,BA,algodo-em-pluma-ao-produtor,171.65,algodao-bolsa-de-nova-iorque-nybot,2021-10,155.58,269.92317175401604,5.2464,-98.27317175401603,-18.731543868941756,-36.40783083401726
2021-08-03,Sorriso/MT,MT,algodo-em-pluma-ao-produtor,150.0,algodao-bolsa-de-nova-iorque-nybot,2021-10,155.58,269.92317175401604,5.2464,-119.92317175401604,-22.858183088215924,-44.42863166386595
2021-08-04,Oeste da Bahia/BA,BA,algodo-em-pluma-ao-produtor,171.65,algodao-bolsa-de-nova-iorque-nybot,2021-10,156.0,268.7276133828,5.2091,-97.07761338279997,-18.636158526962422,-36.124911824567064
2021-08-04,Sorriso/MT,MT,algodo-em-pluma-ao-produtor,150.0,algodao-bolsa-de-nova-iorque-nybot,2021-10,156.0,268.7276133828,5.2091,-118.72761338279997,-22.792346736058047,-44.18139687553195
2021-08-05,Oeste da Bahia/BA,BA,algodo-em-pluma-ao-produtor,171.65,algodao-bolsa-de-nova-iorque-nybot,2021-10,157.38,267.841631279376,5.1464,-96.19163127937597,-18.69105224610912,-35.91362209821741
2021-08-05,Sorriso/MT,MT,algodo-em-pluma-ao-produtor,150.0,algodao-bolsa-de-nova-iorque-nybot,2021-10,157.38,267.841631279376,5.1464,-117.84163127937597,-22.897876433890872,-43.99675685833156
2021-08-06,Oeste da Bahia/BA,BA,algodo-em-pluma-ao-produtor,171.65,algodao-bolsa-de-nova-iorque-nybot,2021-10,160.15,277.56589638195,5.241,-105.91589638194998,-20.209100626206826,-38.15882922309819
2021-08-06,Sorriso/MT,MT,algodo-em-pluma-ao-produtor,150.0,algodao-bolsa-de-nova-iorque-nybot,2021-10,160.15,277.56589638195,5.241,-127.56589638194998,-24.33999167753291,-45.95877881424252
2021-08-09,Oeste da Bahia/BA,BA,algodo-em-pluma-ao-produtor,171.65,algodao-bolsa-de-nova-iorque-nybot,2021-10,157.9,275.56695971178,5.2774,-103.91695971177998,-19.690938665210137,-37.710239217527544
2021-08-09,Sorriso/MT,MT,algodo-em-pluma-ao-produtor,150.0,algodao-bolsa-de-nova-iorque-nybot,2021-10,157.9,275.56695971178,5.2774,-125.56695971177999,-23.793337573763594,-45.56676890550033
2021-08-10,Oeste da Bahia/BA,BA,algodo-em-pluma-ao-produtor,171.65,algodao-bolsa-de-nova-iorque-nybot,2021-10,159.47,275.369548887807,5.2217,-103.71954888780701,-19.86317653021181,-37.665584051221714
2021-08-10,Sorriso/MT,MT,algodo-em-pluma-ao-produtor,185.0,algodao-bolsa-de-nova-iorque-nybot,2021-10,159.47,275.369548887807,5.2217,-90.36954888780701,-17.30653788762415,-32.81755344873881
2021-08-11,Oeste da Bahia/BA,BA,algodo-em-pluma-ao-produtor,171.65,algodao-bolsa-de-nova-iorque-nybot,2021-10,158.19,272.092099507371,5.2013,-100.44209950737101,-19.310960626645457,-36.91474309221904
2021-08-11,Sorriso/MT,MT,algodo-em-pluma-ao-produtor,185.0,algodao-bolsa-de-nova-iorque-nybot,2021-10,158.19,272.092099507371,5.2013,-87.09209950737102,-16.744294600844217,-32.00831617862233
2021-08-12,Oeste da Bahia/BA,BA,algodo-em-pluma-ao-produtor,171.65,algodao-bolsa-de-nova-iorque-nybot,2021-10,162.8,281.84113847604,5.2351,-110.19113847603998,-21.048526002567282,-39.09689659638087
2021-08-12,Sorriso/MT,MT,algodo-em-pluma-ao-produtor,185.0,algodao-bolsa-de-nova-iorque-nybot,2021-10,162.8,281.84113847604,5.2351,-96.84113847603999,-18.49843144849955,-34.360185670436714
2021-08-13,Oeste da Bahia/BA,BA,algodo-em-pluma-ao-produtor,171.65,algodao-bolsa-de-nova-iorque-nybot,2021-10,164.98,286.286238384036,5.2474,-114.63623838403598,-21.846293094491745,-40.042524932776644
2021-08-13,Sorriso/MT,MT,algodo-em-pluma-ao-produtor,185.0,algodao-bolsa-de-nova-iorque-nybot,2021-10,164.98,286.286238384036,5.2474,-101.28623838403598,-19.302176007934595,-35.37935981685802
2021-08-16,Oeste da Bahia/BA,BA,algodo-em-pluma-ao-produtor,171.65,algodao-bolsa-de-nova-iorque-nybot,2021-10,165.3,286.95632094855006,5.2495,-115.30632094855005,-21.965200675978675,-40.18253390181425
2021-08-16,Sorriso/MT,MT,algodo-em-pluma-ao-produtor,185.0,algodao-bolsa-de-nova-iorque-nybot,2021-10,165.3,286.95632094855006,5.2495,-101.95632094855006,-19.422101333184123,-35.53025791922889
2021-08-17,Oeste da Bahia/BA,BA,algodo-em-pluma-ao-produtor,171.65,algodao-bolsa-de-nova-iorque-nybot,2021-10,167.1,290.57840137754994,5.2585,-118.92840137754993,-22.616411786165244,-40.928162868865705
2021-08-17,Sorriso/MT,MT,algodo-em-pluma-ao-produtor,185.0,algodao-bolsa-de-nova-iorque-nybot,2021-10,167.1,290.57840137754994,5.2585,-105.57840137754994,-20.07766499525529,-36.3338778371113
2021-08-18,Oeste da Bahia/BA,BA,algodo-em-pluma-ao-produtor,171.65,algodao-bolsa-de-nova-iorque-nybot,2021-10,168.68,295.7803180101,5.3025,-124.13031801010001,-23.40977237342763,-41.96706489640779
2021-08-18,Sorriso/MT,MT,algodo-em-pluma-ao-produtor,185.0,algodao-bolsa-de-nova-iorque-nybot,2021-10,168.68,295.7803180101,5.3025,-110.78031801010002,-20.892092033965113,-37.453579993215506
2021-08-19,Oeste da Bahia/BA,BA,algodo-em-pluma-ao-produtor,171.65,algodao-bolsa-de-nova-iorque-nybot,2021-10,167.53,300.16260873522,5.418,-128.51260873521997,-23.719566027172384,-42.814329631770946
2021-08-19,Sorriso/MT,MT,algodo-em-pluma-ao-produtor,185.0,algodao-bolsa-de-nova-iorque-nybot,2021-10,167.53,300.16260873522,5.418,-115.16260873521998,-21.255557167814686,-38.366740354661374
2021-08-20,Oeste da Bahia/BA,BA,algodo-em-pluma-ao-produtor,171.65,algodao-bolsa-de-nova-iorque-nybot,2021-10,167.68,300.9525985973759,5.4274,-129.30259859737592,-23.82404071882963,-42.96443998158032
2021-08-20,Sorriso/MT,MT,algodo-em-pluma-ao-produtor,185.0,algodao-bolsa-de-nova-iorque-nybot,2021-10,167.68,300.9525985973759,5.4274,-115.95259859737592,-21.364299406230597,-38.528525468059186
2021-08-23,Oeste da Bahia/BA,BA,algodo-em-pluma-ao-produtor,171.65,algodao-bolsa-de-nova-iorque-nybot,2021-10,168.51,299.16565069069793,5.3686,-127.51565069069792,-23.75212358728494,-42.623760580901084
2021-08-23,Sorriso/MT,MT,algodo-em-pluma-ao-produtor,185.0,algodao-bolsa-de-nova-iorque-nybot,2021-10,168.51,299.16565069069793,5.3686,-114.16565069069793,-21.26544177079647,-38.16134988328984
2021-08-24,Oeste da Bahia/BA,BA,algodo-em-pluma-ao-produtor,171.65,algodao-bolsa-de-nova-iorque-nybot,2021-10,166.25,291.47533173412495,5.3017,-119.82533173412494,-22.601303682615942,-41.10993922580934
2021-08-24,Sorriso/MT,MT,algodo-em-pluma-ao-produtor,185.0,algodao-bolsa-de-nova-iorque-nybot,2021-10,166.25,291.47533173412495,5.3017,-106.47533173412495,-20.083243437788813,-36.52979176682044
2021-08-25,Oeste da Bahia/BA,BA,algodo-em-pluma-ao-produtor,171.65,algodao-bolsa-de-nova-iorque-nybot,2021-10,165.31,286.809680098095,5.2465,-115.15968009809498,-21.9498103684542,-40.1519502614793
2021-08-25,Sorriso/MT,MT,algodo-em-pluma-ao-produtor,185.0,algodao-bolsa-de-nova-iorque-nybot,2021-10,165.31,286.809680098095,5.2465,-101.80968009809499,-19.40525685658915,-35.497295650298106
2021-08-26,Oeste da Bahia/BA,BA,algodo-em-pluma-ao-produtor,171.65,algodao-bolsa-de-nova-iorque-nybot,2021-10,165.56,287.046326985132,5.2429,-115.39632698513199,-22.01001868910946,-40.20129022278314
2021-08-26,Sorriso/MT,MT,algodo-em-pluma-ao-produtor,185.0,algodao-bolsa-de-nova-iorque-nybot,2021-10,165.56,287.046326985132,5.2429,-102.046326985132,-19.463717977671138,-35.55047300445605
2021-08-27,Oeste da Bahia/BA,BA,algodo-em-pluma-ao-produtor,171.65,algodao-bolsa-de-nova-iorque-nybot,2021-10,165.54,285.75803832839995,5.22,-114.10803832839994,-21.85977745754788,-39.931698508254826
2021-08-27,Sorriso/MT,MT,algodo-em-pluma-ao-produtor,185.0,algodao-bolsa-de-nova-iorque-nybot,2021-10,165.54,285.75803832839995,5.22,-100.75803832839995,-19.30230619318007,-35.259913918014234
2021-08-30,Oeste da Bahia/BA,BA,algodo-em-pluma-ao-produtor,171.65,algodao-bolsa-de-nova-iorque-nybot,2021-10,164.09,281.90929033502397,5.1952,-110.25929033502396,-21.223300418660294,-39.11161998385745
2021-08-30,Sorriso/MT,MT,algodo-em-pluma-ao-produtor,185.0,algodao-bolsa-de-nova-iorque-nybot,2021-10,164.09,281.90929033502397,5.1952,-96.90929033502397,-18.653620714317828,-34.376054162619454
2021-08-31,Oeste da Bahia/BA,BA,algodo-em-pluma-ao-produtor,171.65,algodao-bolsa-de-nova-iorque-nybot,2021-10,160.55,273.071998422795,5.1433,-101.42199842279499,-19.719246091574473,-37.14111992755998
2021-08-31,Sorriso/MT,MT,algodo-em-pluma-ao-produtor,185.0,algodao-bolsa-de-nova-iorque-nybot,2021-10,160.55,273.071998422795,5.1433,-88.07199842279499,-17.123636269086965,-32.252299368474205
2021-09-01,Oeste da Bahia/BA,BA,algodo-em-pluma-ao-produtor,171.65,algodao-bolsa-de-nova-iorque-nybot,2021-10,160.97,274.54756943829597,5.1576,-102.89756943829596,-19.95066880686675,-37.47895843653498
2021-09-01,Sorriso/MT,MT,algodo-em-pluma-ao-produtor,185.0,algodao-bolsa-de-nova-iorque-nybot,2021-10,160.97,274.54756943829597,5.1576,-89.54756943829597,-17.362255591417707,-32.61641311249036
2021-09-02,Oeste da Bahia/BA,BA,algodo-em-pluma-ao-produtor,171.65,algodao-bolsa-de-nova-iorque-nybot,2021-10,162.97,278.81563317943494,5.1735,-107.16563317943493,-20.71433907015269,-38.43602023221821
2021-09-02,Sorriso/MT,MT,algodo-em-pluma-ao-produtor,185.0,algodao-bolsa-de-nova-iorque-nybot,2021-10,162.97,278.81563317943494,5.1735,-93.81563317943494,-18.13388096635449,-33.647909950249755
2021-09-03,Oeste da Bahia/BA,BA,algodo-em-pluma-ao-produtor,171.65,algodao-bolsa-de-nova-iorque-nybot,2021-10,164.11,280.494640906755,5.1685,-108.84464090675502,-21.05923206089872,-38.80453492975586
2021-09-03,Sorriso/MT,MT,algodo-em-pluma-ao-produtor,185.0,algodao-bolsa-de-nova-iorque-nybot,2021-10,164.11,280.494640906755,5.1685,-95.49464090675502,-18.47627762537584,-34.045085709320325
2021-09-08,Oeste da Bahia/BA,BA,algodo-em-pluma-ao-produtor,171.65,algodao-bolsa-de-nova-iorque-nybot,2021-10,166.85,289.80708971741996,5.2524,-118.15708971741995,-22.49582851980427,-40.77094519413949
2021-09-08,Sorriso/MT,MT,algodo-em-pluma-ao-produtor,185.0,algodao-bolsa-de-nova-iorque-nybot,2021-10,166.85,289.80708971741996,5.2524,-104.80708971741996,-19.95413329476429,-36.16443262986196
2021-09-09,Oeste da Bahia/BA,BA,algodo-em-pluma-ao-produtor,171.65,algodao-bolsa-de-nova-iorque-nybot,2021-10,166.04,290.05291366589995,5.2825,-118.40291366589994,-22.414181479583522,-40.821142656158045
2021-09-09,Sorriso/MT,MT,algodo-em-pluma-ao-produtor,185.0,algodao-bolsa-de-nova-iorque-nybot,2021-10,166.04,290.05291366589995,5.2825,-105.05291366589995,-19.88696898549928,-36.21853417645929
2021-09-10,Oeste da Bahia/BA,BA,algodo-em-pluma-ao-produtor,171.65,algodao-bolsa-de-nova-iorque-nybot,2021-10,165.33,285.165904072302,5.2158,-113.51590407230199,-21.76385292233253,-39.80696936458461
2021-09-10,Sorriso/MT,MT,algodo-em-pluma-ao-produtor,185.0,algodao-bolsa-de-nova-iorque-nybot,2021-10,165.33,285.165904072302,5.2158,-100.165904072302,-19.20432226548219,-35.125484022418604
2021-09-13,Oeste da Bahia/BA,BA,algodo-em-pluma-ao-produtor,171.65,algodao-bolsa-de-nova-iorque-nybot,2021-10,163.28,281.80279131576,5.219,-110.15279131575997,-21.106110618080084,-39.08860902386655
2021-09-13,Sorriso/MT,MT,algodo-em-pluma-ao-produtor,185.0,algodao-bolsa-de-nova-iorque-nybot,2021-10,163.28,281.80279131576,5.219,-96.80279131575998,-18.548149322812794,-34.35125353577228
2021-09-14,Oeste da Bahia/BA,BA,algodo-em-pluma-ao-produtor,171.65,algodao-bolsa-de-nova-iorque-nybot,2021-10,164.86,284.91131874347997,5.226,-113.26131874347996,-21.672659537596626,-39.753183286289456
2021-09-14,Sorriso/MT,MT,algodo-em-pluma-ao-produtor,185.0,algodao-bolsa-de-nova-iorque-nybot,2021-10,164.86,284.91131874347997,5.226,-99.91131874347997,-19.11812452037504,-35.06751475656015
2021-09-15,Oeste da Bahia/BA,BA,algodo-em-pluma-ao-produtor,171.65,algodao-bolsa-de-nova-iorque-nybot,2021-10,164.36,285.764763301248,5.2576,-114.11476330124802,-21.704725217066347,-39.9331121104495
2021-09-15,Sorriso/MT,MT,algodo-em-pluma-ao-produtor,185.0,algodao-bolsa-de-nova-iorque-nybot,2021-10,164.36,285.764763301248,5.2576,-100.76476330124802,-19.165543841533783,-35.261437462471065
2021-09-16,Oeste da Bahia/BA,BA,algodo-em-pluma-ao-produtor,171.65,algodao-bolsa-de-nova-iorque-nybot,2021-10,163.1,283.67114724102,5.2594,-112.02114724101997,-21.299225622888535,-39.489792434139126
2021-09-16,Sorriso/MT,MT,algodo-em-pluma-ao-produtor,185.0,algodao-bolsa-de-nova-iorque-nybot,2021-10,163.1,283.67114724102,5.2594,-98.67114724101998,-18.760913267867053,-34.78363880172292
2021-09-17,Oeste da Bahia/BA,BA,algodo-em-pluma-ao-produtor,171.65,algodao-bolsa-de-nova-iorque-nybot,2021-10,163.25,286.679902937175,5.3103,-115.02990293717497,-21.66165808658173,-40.12485764039882
2021-09-17,Sorriso/MT,MT,algodo-em-pluma-ao-produtor,185.0,algodao-bolsa-de-nova-iorque-nybot,2021-10,163.25,286.679902937175,5.3103,-101.67990293717497,-19.147675825692517,-35.46809591304271
2021-09-20,Oeste da Bahia/BA,BA,algodo-em-pluma-ao-produtor,171.65,algodao-bolsa-de-nova-iorque-nybot,2021-10,159.33,281.002658437908,5.3332,-109.35265843790799,-20.50413606050926,-38.91516864850985
2021-09-20,Sorriso/MT,MT,algodo-em-pluma-ao-produtor,185.0,algodao-bolsa-de-nova-iorque-nybot,2021-10,159.33,281.002658437908,5.3332,-96.002658437908,-18.00094848081977,-34.164323914793606
2021-09-21,Oeste da Bahia/BA,BA,algodo-em-pluma-ao-produtor,171.65,algodao-bolsa-de-nova-iorque-nybot,2021-10,159.51,279.800949176892,5.3044,-108.150949176892,-20.38891282273056,-38.65281711697063
2021-09-21,Sorriso/MT,MT,algodo-em-pluma-ao-produtor,185.0,algodao-bolsa-de-nova-iorque-nybot,2021-10,159.51,279.800949176892,5.3044,-94.800949176892,-17.87213429924063,-33.881568113251184
2021-09-22,Oeste da Bahia/BA,BA,algodo-em-pluma-ao-produtor,171.65,algodao-bolsa-de-nova-iorque-nybot,2021-10,160.04,279.34931777847595,5.2783,-107.69931777847594,-20.404167587760444,-38.5536355108916
2021-09-22,Sorriso/MT,MT,algodo-em-pluma-ao-produtor,185.0,algodao-bolsa-de-nova-iorque-nybot,2021-10,160.04,279.34931777847595,5.2783,-94.34931777847595,-17.87494416355189,-33.77467270326215
2021-09-23,Oeste da Bahia/BA,BA,algodo-em-pluma-ao-produtor,171.65,algodao-bolsa-de-nova-iorque-nybot,2021-10,163.85,286.584848541255,5.2891,-114.93484854125498,-21.730511531499683,-40.10499826710471
2021-09-23,Sorriso/MT,MT,algodo-em-pluma-ao-produtor,185.0,algodao-bolsa-de-nova-iorque-nybot,2021-10,163.85,286.584848541255,5.2891,-101.58484854125498,-19.206452617884892,-35.44669198610179
2021-09-24,Oeste da Bahia/BA,BA,algodo-em-pluma-ao-produtor,171.65,algodao-bolsa-de-nova-iorque-nybot,2021-10,171.35,302.78539609642496,5.3435,-131.13539609642496,-24.541105286127998,-43.30968328956777
2021-09-24,Sorriso/MT,MT,algodo-em-pluma-ao-produtor,185.0,algodao-bolsa-de-nova-iorque-nybot,2021-10,171.35,302.78539609642496,5.3435,-117.78539609642496,-22.042742789636936,-38.90061991593381
2021-09-27,Oeste da Bahia/BA,BA,algodo-em-pluma-ao-produtor,171.65,algodao-bolsa-de-nova-iorque-nybot,2021-10,175.97,311.199430069638,5.3478,-139.54943006963802,-26.094736166206292,-44.842443971832026
2021-09-27,Sorriso/MT,MT,algodo-em-pluma-ao-produtor,185.0,algodao-bolsa-de-nova-iorque-nybot,2021-10,175.97,311.199430069638,5.3478,-126.19943006963803,-23.598382525456827,-40.55259035705753
2021-09-28,Oeste da Bahia/BA,BA,algodo-em-pluma-ao-produtor,171.65,algodao-bolsa-de-nova-iorque-nybot,2021-10,181.53,325.402413991974,5.4206,-153.752413991974,-28.364464079986348,-47.249930357236465
2021-09-28,Sorriso/MT,MT,algodo-em-pluma-ao-produtor,185.0,algodao-bolsa-de-nova-iorque-nybot,2021-10,181.53,325.402413991974,5.4206,-140.40241399197402,-25.90163708666458,-43.1473178915744
2021-09-29,Oeste da Bahia/BA,BA,algodo-em-pluma-ao-produtor,171.65,algodao-bolsa-de-nova-iorque-nybot,2021-10,186.64,334.35868957629594,5.4173,-162.70868957629594,-30.03501551996307,-48.662916397501945
2021-09-29,Sorriso/MT,MT,algodo-em-pluma-ao-produtor,185.0,algodao-bolsa-de-nova-iorque-nybot,2021-10,186.64,334.35868957629594,5.4173,-149.35868957629594,-27.570688272072054,-44.6701982728684
2021-09-30,Oeste da Bahia/BA,BA,algodo-em-pluma-ao-produtor,171.65,algodao-bolsa-de-nova-iorque-nybot,2021-10,195.0,350.760443319,5.4394,-179.11044331899998,-32.92834564823326,-51.06346702729747
2021-09-30,Sorriso/MT,MT,algodo-em-pluma-ao-produtor,185.0,algodao-bolsa-de-nova-iorque-nybot,2021-10,195.0,350.760443319,5.4394,-165.760443319,-30.47403083409935,-47.25745062656587
2021-10-01,Oeste da Bahia/BA,BA,algodo-em-pluma-ao-produtor,171.65,algodao-bolsa-de-nova-iorque-nybot,2021-10,188.82,336.62811327888596,5.3911,-164.97811327888596,-30.60193898812598,-49.0090122515129
2021-10-01,Sorriso/MT,MT,algodo-em-pluma-ao-produtor,185.0,algodao-bolsa-de-nova-iorque-nybot,2021-10,188.82,336.62811327888596,5.3911,-151.62811327888596,-28.125635450814485,-45.043211573142365
2021-10-04,Oeste da Bahia/BA,BA,algodo-em-pluma-ao-produtor,171.65,algodao-bolsa-de-nova-iorque-nybot,2021-10,192.36,345.750876915444,5.4353,-174.100876915444,-32.03151195250382,-50.354428156091615
2021-10-04,Sorriso/MT,MT,algodo-em-pluma-ao-produtor,185.0,algodao-bolsa-de-nova-iorque-nybot,2021-10,192.36,345.750876915444,5.4353,-160.750876915444,-29.575345779523484,-46.49326658244654
2021-10-05,Oeste da Bahia/BA,BA,algodo-em-pluma-ao-produtor,171.65,algodao-bolsa-de-nova-iorque-nybot,2021-10,200.66,362.381433837918,5.4611,-190.731433837918,-34.92546077492044,-52.6327830368998
2021-10-05,Sorriso/MT,MT,algodo-em-pluma-ao-produtor,185.0,algodao-bolsa-de-nova-iorque-nybot,2021-10,200.66,362.381433837918,5.4611,-177.381433837918,-32.480898324132134,-48.948819468840455
2021-10-06,Oeste da Bahia/BA,BA,algodo-em-pluma-ao-produtor,171.65,algodao-bolsa-de-nova-iorque-nybot,2021-10,205.33,374.11520687379294,5.5097,-202.46520687379294,-36.747047366243706,-54.11841142883406
2021-10-06,Sorriso/MT,MT,algodo-em-pluma-ao-produtor,185.0,algodao-bolsa-de-nova-iorque-nybot,2021-10,205.33,374.11520687379294,5.5097,-189.11520687379294,-34.32404792888777,-50.54999192737723
2021-10-07,Oeste da Bahia/BA,BA,algodo-em-pluma-ao-produtor,171.65,algodao-bolsa-de-nova-iorque-nybot,2021-10,206.71,376.92353086542,5.514,-205.27353086541999,-37.22769874236851,-54.460258926819996
2021-10-07,Sorriso/MT,MT,algodo-em-pluma-ao-produtor,205.0,algodao-bolsa-de-nova-iorque-nybot,2021-10,206.71,376.92353086542,5.514,-171.92353086542,-31.179457900874137,-45.61231039905679
2021-10-08,Oeste da Bahia/BA,BA,algodo-em-pluma-ao-produtor,171.65,algodao-bolsa-de-nova-iorque-nybot,2021-12,201.52,367.08668000822405,5.5084,-195.43668000822404,-35.47975455817008,-53.2399268760843
2021-10-08,Sorriso/MT,MT,algodo-em-pluma-ao-produtor,205.0,algodao-bolsa-de-nova-iorque-nybot,2021-12,201.52,367.08668000822405,5.5084,-162.08668000822405,-29.425364898740842,-44.15487917038906
2021-10-11,Oeste da Bahia/BA,BA,algodo-em-pluma-ao-produtor,171.65,algodao-bolsa-de-nova-iorque-nybot,2021-12,201.14,366.9066461093219,5.5161,-195.2566461093219,-35.397589983742485,-53.216982624823885
2021-10-11,Sorriso/MT,MT,algodo-em-pluma-ao-produtor,205.0,algodao-bolsa-de-nova-iorque-nybot,2021-12,201.14,366.9066461093219,5.5161,-161.9066461093219,-29.351651730266298,-44.1274770643105
2021-10-13,Oeste da Bahia/BA,BA,algodo-em-pluma-ao-produtor,171.65,algodao-bolsa-de-nova-iorque-nybot,2021-12,189.24,347.13942243037206,5.5471,-175.48942243037206,-31.63624640449461,-50.553008702309256
2021-10-13,Sorriso/MT,MT,algodo-em-pluma-ao-produtor,205.0,algodao-bolsa-de-nova-iorque-nybot,2021-12,189.24,347.13942243037206,5.5471,-142.13942243037206,-25.624095911444186,-40.94591776273461
2021-10-14,Oeste da Bahia/BA,BA,algodo-em-pluma-ao-produtor,171.65,algodao-bolsa-de-nova-iorque-nybot,2021-12,195.86,356.154696952824,5.4988,-184.504696952824,-33.55362932873063,-51.80465076872574
2021-10-14,Sorriso/MT,MT,algodo-em-pluma-ao-produtor,205.0,algodao-bolsa-de-nova-iorque-nybot,2021-12,195.86,356.154696952824,5.4988,-151.154696952824,-27.488669701175528,-42.44074225219212
2021-10-15,Oeste da Bahia/BA,BA,algodo-em-pluma-ao-produtor,171.65,algodao-bolsa-de-nova-iorque-nybot,2021-12,193.44,348.69640311791994,5.451,-177.04640311791994,-32.479618990629234,-50.77379678563748
2021-10-15,Sorriso/MT,MT,algodo-em-pluma-ao-produtor,205.0,algodao-bolsa-de-nova-iorque-nybot,2021-12,193.44,348.69640311791994,5.451,-143.69640311791994,-26.361475530713623,-41.20960291905437
2021-10-18,Oeste da Bahia/BA,BA,algodo-em-pluma-ao-produtor,171.65,algodao-bolsa-de-nova-iorque-nybot,2021-12,195.04,355.98581336049597,5.5193,-184.33581336049596,-33.398404391951146,-51.781786364004546
2021-10-18,Sorriso/MT,MT,algodo-em-pluma-ao-produtor,205.0,algodao-bolsa-de-nova-iorque-nybot,2021-12,195.04,355.98581336049597,5.5193,-150.98581336049597,-27.355971474733384,-42.41343550609339
2021-10-19,Oeste da Bahia/BA,BA,algodo-em-pluma-ao-produtor,171.65,algodao-bolsa-de-nova-iorque-nybot,2021-12,199.69,366.63894847235696,5.5521,-194.98894847235695,-35.1198552750053,-53.18282448845129
2021-10-19,Sorriso/MT,MT,algodo-em-pluma-ao-produtor,205.0,algodao-bolsa-de-nova-iorque-nybot,2021-12,199.69,366.63894847235696,5.5521,-161.63894847235696,-29.11311908509518,-44.08668231944372
2021-10-20,Oeste da Bahia/BA,BA,algodo-em-pluma-ao-produtor,171.65,algodao-bolsa-de-nova-iorque-nybot,2021-12,202.13,371.453102429739,5.5571,-199.80310242973897,-35.95456306881988,-53.789590428183885
2021-10-20,Sorriso/MT,MT,algodo-em-pluma-ao-produtor,205.0,algodao-bolsa-de-nova-iorque-nybot,2021-12,202.13,371.453102429739,5.5571,-166.45310242973898,-29.95323143901297,-44.81133724309757
2021-10-21,Oeste da Bahia/BA,BA,algodo-em-pluma-ao-produtor,171.65,algodao-bolsa-de-nova-iorque-nybot,2021-12,199.01,371.32661235723896,5.6423,-199.67661235723895,-35.389222897974044,-53.77384914311981
2021-10-21,Sorriso/MT,MT,algodo-em-pluma-ao-produtor,205.0,algodao-bolsa-de-nova-iorque-nybot,2021-12,199.01,371.32661235723896,5.6423,-166.32661235723896,-29.478512726590036,-44.79253757261614
2021-10-22,Oeste da Bahia/BA,BA,algodo-em-pluma-ao-produtor,171.65,algodao-bolsa-de-nova-iorque-nybot,2021-12,202.99,383.4114110522191,5.7117,-211.76141105221907,-37.07502338221879,-55.230857754355675
2021-10-22,Sorriso/MT,MT,algodo-em-pluma-ao-produtor,205.0,algodao-bolsa-de-nova-iorque-nybot,2021-12,202.99,383.4114110522191,5.7117,-178.41141105221908,-31.23613128354414,-46.53262941825176
2021-10-25,Oeste da Bahia/BA,BA,algodo-em-pluma-ao-produtor,171.65,algodao-bolsa-de-nova-iorque-nybot,2021-12,198.85,368.068949661765,5.5973,-196.41894966176497,-35.09173166736908,-53.364715997441
2021-10-25,Sorriso/MT,MT,algodo-em-pluma-ao-produtor,205.0,algodao-bolsa-de-nova-iorque-nybot,2021-12,198.85,368.068949661765,5.5973,-163.06894966176498,-29.13350180654333,-44.30391365846435
2021-10-26,Oeste da Bahia/BA,BA,algodo-em-pluma-ao-produtor,171.65,algodao-bolsa-de-nova-iorque-nybot,2021-12,200.24,369.4962520656,5.58,-197.8462520656,-35.45631757448029,-53.544860322554655
2021-10-26,Sorriso/MT,MT,algodo-em-pluma-ao-produtor,205.0,algodao-bolsa-de-nova-iorque-nybot,2021-12,200.24,369.4962520656,5.58,-164.4962520656,-29.479615065519713,-44.51905835201692
2021-10-27,Oeste da Bahia/BA,BA,algodo-em-pluma-ao-produtor,171.65,algodao-bolsa-de-nova-iorque-nybot,2021-12,202.84,373.401811793604,5.5667,-201.751811793604,-36.24262342026766,-54.0307533122312
2021-10-27,Sorriso/MT,MT,algodo-em-pluma-ao-produtor,205.0,algodao-bolsa-de-nova-iorque-nybot,2021-12,202.84,373.401811793604,5.5667,-168.401811793604,-30.251641330340057,-45.09935583459013
2021-10-28,Oeste da Bahia/BA,BA,algodo-em-pluma-ao-produtor,171.65,algodao-bolsa-de-nova-iorque-nybot,2021-12,210.61,390.888241221852,5.6124,-219.238241221852,-39.06318887140118,-56.08719273226268
2021-10-28,Sorriso/MT,MT,algodo-em-pluma-ao-produtor,205.0,algodao-bolsa-de-nova-iorque-nybot,2021-12,210.61,390.888241221852,5.6124,-185.888241221852,-33.120989455821395,-47.555342325160794
2021-10-29,Oeste da Bahia/BA,BA,algodo-em-pluma-ao-produtor,171.65,algodao-bolsa-de-nova-iorque-nybot,2021-12,214.21,399.73740931179,5.643,-228.08740931178997,-40.41953026967747,-57.05931043693856
2021-10-29,Sorriso/MT,MT,algodo-em-pluma-ao-produtor,205.0,algodao-bolsa-de-nova-iorque-nybot,2021-12,214.21,399.73740931179,5.643,-194.73740931178997,-34.509553307068934,-48.71633346677777
2021-11-01,Oeste da Bahia/BA,BA,algodo-em-pluma-ao-produtor,171.65,algodao-bolsa-de-nova-iorque-nybot,2021-12,225.1,422.02443428441995,5.6694,-250.37443428441995,-44.162421823194684,-59.32699956317745
2021-11-01,Sorriso/MT,MT,algodo-em-pluma-ao-produtor,205.0,algodao-bolsa-de-nova-iorque-nybot,2021-12,225.1,422.02443428441995,5.6694,-217.02443428441995,-38.27996512583694,-51.42461351850497
2021-11-03,Oeste da Bahia/BA,BA,algodo-em-pluma-ao-produtor,171.65,algodao-bolsa-de-nova-iorque-nybot,2021-12,220.43,413.108605760928,5.6672,-241.458605760928,-42.606332185369844,-58.44918319146893
2021-11-03,Sorriso/MT,MT,algodo-em-pluma-ao-produtor,205.0,algodao-bolsa-de-nova-iorque-nybot,2021-12,220.43,413.108605760928,5.6672,-208.10860576092801,-36.72159192562959,-50.37624558258743
2021-11-04,Oeste da Bahia/BA,BA,algodo-em-pluma-ao-produtor,171.65,algodao-bolsa-de-nova-iorque-nybot,2021-12,216.05,399.68445874863,5.5942,-228.03445874863,-40.762657528981805,-57.053621615056514
2021-11-04,Sorriso/MT,MT,algodo-em-pluma-ao-produtor,205.0,algodao-bolsa-de-nova-iorque-nybot,2021-12,216.05,399.68445874863,5.5942,-194.68445874863,-34.801125942696004,-48.70953935966551
2021-11-05,Oeste da Bahia/BA,BA,algodo-em-pluma-ao-produtor,171.65,algodao-bolsa-de-nova-iorque-nybot,2021-12,212.95,390.5200678079249,5.5455,-218.87006780792487,-39.46804937479486,-56.045792739023824
2021-11-05,Sorriso/MT,MT,algodo-em-pluma-ao-produtor,205.0,algodao-bolsa-de-nova-iorque-nybot,2021-12,212.95,390.5200678079249,5.5455,-185.52006780792487,-33.45416424270578,-47.505898697931165
2021-11-08,Oeste da Bahia/BA,BA,algodo-em-pluma-ao-produtor,179.4,algodao-bolsa-de-nova-iorque-nybot,2021-12,213.91,393.497274399801,5.5627,-214.09727439980097,-38.48801380620939,-54.40883287599952
2021-11-08,Sorriso/MT,MT,algodo-em-pluma-ao-produtor,205.0,algodao-bolsa-de-nova-iorque-nybot,2021-12,213.91,393.497274399801,5.5627,-188.49727439980097,-33.88593208330504,-47.90306989732387
2021-11-09,Oeste da Bahia/BA,BA,algodo-em-pluma-ao-produtor,179.4,algodao-bolsa-de-nova-iorque-nybot,2021-12,216.34,393.174048778434,5.4957,-213.77404877843398,-38.89842036108848,-54.37135269802672
2021-11-09,Sorriso/MT,MT,algodo-em-pluma-ao-produtor,205.0,algodao-bolsa-de-nova-iorque-nybot,2021-12,216.34,393.174048778434,5.4957,-188.17404877843398,-34.240233051009696,-47.86024137734381
2021-11-10,Oeste da Bahia/BA,BA,algodo-em-pluma-ao-produtor,179.4,algodao-bolsa-de-nova-iorque-nybot,2021-12,216.25,390.38598006374997,5.459,-210.98598006374996,-38.64919949876351,-54.045480841626535
2021-11-10,Sorriso/MT,MT,algodo-em-pluma-ao-produtor,205.0,algodao-bolsa-de-nova-iorque-nybot,2021-12,216.25,390.38598006374997,5.459,-185.38598006374997,-33.95969592668071,-47.48786829728785
2021-11-11,Oeste da Bahia/BA,BA,algodo-em-pluma-ao-produtor,189.5,algodao-bolsa-de-nova-iorque-nybot,2021-12,211.68,379.20292760750397,5.4171,-189.70292760750397,-35.01927740073175,-50.026757125635115
2021-11-11,Sorriso/MT,MT,algodo-em-pluma-ao-produtor,205.0,algodao-bolsa-de-nova-iorque-nybot,2021-12,211.68,379.20292760750397,5.4171,-174.20292760750397,-32.157967843957834,-45.93923594066068
2021-11-12,Oeste da Bahia/BA,BA,algodo-em-pluma-ao-produtor,189.0,algodao-bolsa-de-nova-iorque-nybot,2021-12,212.5,380.86863552375,5.4199,-191.86863552375002,-35.40077040604993,-50.3765911991946
2021-11-12,Sorriso/MT,MT,algodo-em-pluma-ao-produtor,205.0,algodao-bolsa-de-nova-iorque-nybot,2021-12,212.5,380.86863552375,5.4199,-175.86863552375002,-32.448686419260504,-46.175667702830125
2021-11-16,Oeste da Bahia/BA,BA,algodo-em-pluma-ao-produtor,189.0,algodao-bolsa-de-nova-iorque-nybot,2021-12,214.58,388.66268130016795,5.4772,-199.66268130016795,-36.45342169359672,-51.37171406121354
2021-11-16,Sorriso/MT,MT,algodo-em-pluma-ao-produtor,205.0,algodao-bolsa-de-nova-iorque-nybot,2021-12,214.58,388.66268130016795,5.4772,-183.66268130016795,-33.53222108014459,-47.255033770099345
2021-11-17,Oeste da Bahia/BA,BA,algodo-em-pluma-ao-produtor,191.4,algodao-bolsa-de-nova-iorque-nybot,2021-12,218.9,398.08716526161004,5.4993,-206.68716526161003,-37.58426804531668,-51.92007763570622
2021-11-17,Sorriso/MT,MT,algodo-em-pluma-ao-produtor,210.0,algodao-bolsa-de-nova-iorque-nybot,2021-12,218.9,398.08716526161004,5.4993,-188.08716526161004,-34.20201939548853,-47.24773408306325
2021-11-18,Oeste da Bahia/BA,BA,algodo-em-pluma-ao-produtor,198.0,algodao-bolsa-de-nova-iorque-nybot,2021-12,216.59,397.30274823788994,5.547,-199.30274823788994,-35.92982661580854,-50.16394905946006
2021-11-18,Sorriso/MT,MT,algodo-em-pluma-ao-produtor,210.0,algodao-bolsa-de-nova-iorque-nybot,2021-12,216.59,397.30274823788994,5.547,-187.30274823788994,-33.76649508525148,-47.14358233579097
2021-11-19,Oeste da Bahia/BA,BA,algodo-em-pluma-ao-produtor,198.0,algodao-bolsa-de-nova-iorque-nybot,2021-12,221.17,406.5378787103039,5.5584,-208.53787871030391,-37.5176091519689,-51.2960512737133
2021-11-19,Sorriso/MT,MT,algodo-em-pluma-ao-produtor,210.0,algodao-bolsa-de-nova-iorque-nybot,2021-12,221.17,406.5378787103039,5.5584,-196.53787871030391,-35.35871450602762,-48.34429680545351
2021-11-22,Oeste da Bahia/BA,BA,algodo-em-pluma-ao-produtor,198.0,algodao-bolsa-de-nova-iorque-nybot,2021-12,217.59,401.8066509830671,5.5841,-203.80665098306707,-36.49767213750955,-50.722567803302965
2021-11-22,Sorriso/MT,MT,algodo-em-pluma-ao-produtor,210.0,algodao-bolsa-de-nova-iorque-nybot,2021-12,217.59,401.8066509830671,5.5841,-191.80665098306707,-34.348713487055576,-47.7360567610789
2021-11-23,Oeste da Bahia/BA,BA,algodo-em-pluma-ao-produtor,195.0,algodao-bolsa-de-nova-iorque-nybot,2021-12,223.29,416.87358789463195,5.6456,-221.87358789463195,-39.30026709200651,-53.22322985612421
2021-11-23,Sorriso/MT,MT,algodo-em-pluma-ao-produtor,210.0,algodao-bolsa-de-nova-iorque-nybot,2021-12,223.29,416.87358789463195,5.6456,-206.87358789463195,-36.64333071677624,-49.62501676813376
2021-11-24,Oeste da Bahia/BA,BA,algodo-em-pluma-ao-produtor,195.0,algodao-bolsa-de-nova-iorque-nybot,2021-12,222.93,413.0388344983229,5.6027,-218.0388344983229,-38.91674273088385,-52.788942900043025
2021-11-24,Sorriso/MT,MT,algodo-em-pluma-ao-produtor,210.0,algodao-bolsa-de-nova-iorque-nybot,2021-12,222.93,413.0388344983229,5.6027,-203.0388344983229,-36.239462134028756,-49.157323123123255
2021-11-26,Oeste da Bahia/BA,BA,algodo-em-pluma-ao-produtor,195.0,algodao-bolsa-de-nova-iorque-nybot,2021-12,215.54,398.19214044752994,5.5865,-203.19214044752994,-36.37199327799694,-51.02866676855082
2021-11-26,Sorriso/MT,MT,algodo-em-pluma-ao-produtor,210.0,algodao-bolsa-de-nova-iorque-nybot,2021-12,215.54,398.19214044752994,5.5865,-188.19214044752994,-33.68694897476594,-47.261641135362424
2021-11-29,Oeste da Bahia/BA,BA,algodo-em-pluma-ao-produtor,195.0,algodao-bolsa-de-nova-iorque-nybot,2021-12,216.79,402.31519167054597,5.6118,-207.31519167054597,-36.94272633923981,-51.53054022387388
2021-11-29,Sorriso/MT,MT,algodo-em-pluma-ao-produtor,210.0,algodao-bolsa-de-nova-iorque-nybot,2021-12,216.79,402.31519167054597,5.6118,-192.31519167054597,-34.26978717533518,-47.80212024109494
2021-11-30,Oeste da Bahia/BA,BA,algodo-em-pluma-ao-produtor,195.0,algodao-bolsa-de-nova-iorque-nybot,2021-12,208.24,387.00604164736797,5.6199,-192.00604164736797,-34.165384018820255,-49.61318971405619
2021-11-30,Sorriso/MT,MT,algodo-em-pluma-ao-produtor,218.0,algodao-bolsa-de-nova-iorque-nybot,2021-12,208.24,387.00604164736797,5.6199,-169.00604164736797,-30.072784506373416,-43.67013003930384
2021-12-01,Oeste da Bahia/BA,BA,algodo-em-pluma-ao-produtor,183.9,algodao-bolsa-de-nova-iorque-nybot,2021-12,204.75,380.31011158139995,5.6168,-196.41011158139995,-34.9683292232944,-51.64472508098464
2021-12-01,Sorriso/MT,MT,algodo-em-pluma-ao-produtor,218.0,algodao-bolsa-de-nova-iorque-nybot,2021-12,204.75,380.31011158139995,5.6168,-162.31011158139995,-28.89725672649907,-42.678358171042156
2021-12-02,Oeste da Bahia/BA,BA,algodo-em-pluma-ao-produtor,183.9,algodao-bolsa-de-nova-iorque-nybot,2021-12,203.83,379.794341283555,5.6345,-195.894341283555,-34.7669431686139,-51.57905739761931
2021-12-02,Sorriso/MT,MT,algodo-em-pluma-ao-produtor,218.0,algodao-bolsa-de-nova-iorque-nybot,2021-12,203.83,379.794341283555,5.6345,-161.794341283555,-28.714942103745678,-42.60051393518766
2021-12-03,Oeste da Bahia/BA,BA,algodo-em-pluma-ao-produtor,183.9,algodao-bolsa-de-nova-iorque-nybot,2021-12,205.3,383.12403122928004,5.6432,-199.22403122928003,-35.303379506180896,-51.999878626787236
2021-12-03,Sorriso/MT,MT,algodo-em-pluma-ao-produtor,218.0,algodao-bolsa-de-nova-iorque-nybot,2021-12,205.3,383.12403122928004,5.6432,-165.12403122928004,-29.2607086811171,-43.09936672452211
2021-12-06,Oeste da Bahia/BA,BA,algodo-em-pluma-ao-produtor,183.9,algodao-bolsa-de-nova-iorque-nybot,2021-12,211.13,397.11073829199296,5.6877,-213.21073829199295,-37.48628413805105,-53.690499332511244
2021-12-06,Sorriso/MT,MT,algodo-em-pluma-ao-produtor,218.0,algodao-bolsa-de-nova-iorque-nybot,2021-12,211.13,397.11073829199296,5.6877,-179.11073829199296,-31.49089056947324,-45.10347392325966
2021-12-07,Oeste da Bahia/BA,BA,algodo-em-pluma-ao-produtor,183.9,algodao-bolsa-de-nova-iorque-nybot,2021-12,206.79,385.7610132568169,5.6411,-201.8610132568169,-35.78398065214531,-52.32799746988164
2021-12-07,Sorriso/MT,MT,algodo-em-pluma-ao-produtor,218.0,algodao-bolsa-de-nova-iorque-nybot,2021-12,206.79,385.7610132568169,5.6411,-167.7610132568169,-29.739060335185854,-43.48832761519411
2021-12-08,Oeste da Bahia/BA,BA,algodo-em-pluma-ao-produtor,189.0,algodao-bolsa-de-nova-iorque-nybot,2021-12,204.36,376.95683297329197,5.5779,-187.95683297329197,-33.69670180055074,-49.86163309224561
2021-12-08,Sorriso/MT,MT,algodo-em-pluma-ao-produtor,218.0,algodao-bolsa-de-nova-iorque-nybot,2021-12,204.36,376.95683297329197,5.5779,-158.95683297329197,-28.497612537566464,-42.16844451909812
2021-12-09,Oeste da Bahia/BA,BA,algodo-em-pluma-ao-produtor,189.0,algodao-bolsa-de-nova-iorque-nybot,2022-03,196.69,361.41051588298797,5.5564,-172.41051588298797,-31.029176424121367,-47.70489742440379
2021-12-09,Sorriso/MT,MT,algodo-em-pluma-ao-produtor,218.0,algodao-bolsa-de-nova-iorque-nybot,2022-03,196.69,361.41051588298797,5.5564,-143.41051588298797,-25.809969743536815,-39.68078115619061
2021-12-10,Oeste da Bahia/BA,BA,algodo-em-pluma-ao-produtor,189.0,algodao-bolsa-de-nova-iorque-nybot,2022-03,197.07,364.5004785363809,5.5931,-175.5004785363809,-31.37803338691976,-48.148216222126074
2021-12-10,Sorriso/MT,MT,algodo-em-pluma-ao-produtor,218.0,algodao-bolsa-de-nova-iorque-nybot,2022-03,197.07,364.5004785363809,5.5931,-146.5004785363809,-26.193073346870413,-40.192122414939064
2021-12-13,Oeste da Bahia/BA,BA,algodo-em-pluma-ao-produtor,189.0,algodao-bolsa-de-nova-iorque-nybot,2022-03,200.27,373.24050338582697,5.6357,-184.24050338582697,-32.691680427600296,-49.362408879663704
2021-12-13,Sorriso/MT,MT,algodo-em-pluma-ao-produtor,218.0,algodao-bolsa-de-nova-iorque-nybot,2022-03,200.27,373.24050338582697,5.6357,-155.24050338582697,-27.545913264692402,-41.59261976596132
2021-12-14,Oeste da Bahia/BA,BA,algodo-em-pluma-ao-produtor,189.0,algodao-bolsa-de-nova-iorque-nybot,2022-03,199.26,372.0434764069979,5.6461,-183.0434764069979,-32.419453500114756,-49.19948554796242
2021-12-14,Sorriso/MT,MT,algodo-em-pluma-ao-produtor,240.0,algodao-bolsa-de-nova-iorque-nybot,2022-03,199.26,372.0434764069979,5.6461,-132.0434764069979,-23.386669808717155,-35.491410219634815
2021-12-15,Oeste da Bahia/BA,BA,algodo-em-pluma-ao-produtor,189.0,algodao-bolsa-de-nova-iorque-nybot,2022-03,199.76,377.3765842437359,5.7127,-188.37658424373592,-32.97505281981128,-49.9174013727543
2021-12-15,Sorriso/MT,MT,algodo-em-pluma-ao-produtor,240.0,algodao-bolsa-de-nova-iorque-nybot,2022-03,199.76,377.3765842437359,5.7127,-137.37658424373592,-24.04757544483973,-36.40304936222768
2021-12-16,Oeste da Bahia/BA,BA,algodo-em-pluma-ao-produtor,189.0,algodao-bolsa-de-nova-iorque-nybot,2022-03,206.01,388.066503660759,5.6963,-199.066503660759,-34.946632666952056,-51.297007544557225
2021-12-16,Sorriso/MT,MT,algodo-em-pluma-ao-produtor,240.0,algodao-bolsa-de-nova-iorque-nybot,2022-03,206.01,388.066503660759,5.6963,-148.066503660759,-25.993452532478802,-38.15493021531077
2021-12-17,Oeste da Bahia/BA,BA,algodo-em-pluma-ao-produtor,189.0,algodao-bolsa-de-nova-iorque-nybot,2022-03,201.54,379.619586898398,5.6959,-190.61958689839798,-33.466104899734546,-50.21331708825018
2021-12-17,Sorriso/MT,MT,algodo-em-pluma-ao-produtor,240.0,algodao-bolsa-de-nova-iorque-nybot,2022-03,201.54,379.619586898398,5.6959,-139.61958689839798,-24.512296019662912,-36.77881535015895
2021-12-20,Oeste da Bahia/BA,BA,algodo-em-pluma-ao-produtor,189.0,algodao-bolsa-de-nova-iorque-nybot,2022-03,200.33,377.976416040795,5.7055,-188.97641604079502,-33.12179757090439,-49.99688023402994
2021-12-20,Sorriso/MT,MT,algodo-em-pluma-ao-produtor,240.0,algodao-bolsa-de-nova-iorque-nybot,2022-03,200.33,377.976416040795,5.7055,-137.97641604079502,-24.183054253053196,-36.50397490035548
2021-12-21,Oeste da Bahia/BA,BA,algodo-em-pluma-ao-produtor,203.5,algodao-bolsa-de-nova-iorque-nybot,2022-03,203.62,386.31842772415195,5.7372,-182.81842772415195,-31.865444419603982,-47.323248026545656
2021-12-22,Oeste da Bahia/BA,BA,algodo-em-pluma-ao-produtor,203.5,algodao-bolsa-de-nova-iorque-nybot,2022-03,204.06,385.99928979895793,5.7201,-182.49928979895793,-31.90491246638309,-47.27969574607508
2021-12-23,Oeste da Bahia/BA,BA,algodo-em-pluma-ao-produtor,203.5,algodao-bolsa-de-nova-iorque-nybot,2022-03,204.6,385.0518523697999,5.691,-181.55185236979992,-31.901573074995593,-47.14997506243376
2021-12-27,Oeste da Bahia/BA,BA,algodo-em-pluma-ao-produtor,203.5,algodao-bolsa-de-nova-iorque-nybot,2022-03,209.41,392.30363570144993,5.665,-188.80363570144993,-33.32809103291261,-48.126914593555504
2021-12-28,Oeste da Bahia/BA,BA,algodo-em-pluma-ao-produtor,203.5,algodao-bolsa-de-nova-iorque-nybot,2022-03,205.25,383.07144773535003,5.6438,-179.57144773535003,-31.81747186919275,-46.87675074635407
2021-12-29,Oeste da Bahia/BA,BA,algodo-em-pluma-ao-produtor,203.5,algodao-bolsa-de-nova-iorque-nybot,2022-03,212.6,398.06175811841996,5.6619,-194.56175811841996,-34.36333353086772,-48.877279505091145
2021-12-30,Oeste da Bahia/BA,BA,algodo-em-pluma-ao-produtor,203.5,algodao-bolsa-de-nova-iorque-nybot,2022-03,210.57,388.592676568305,5.5805,-185.09267656830502,-33.167758546421474,-47.631540100774465
2022-01-03,Oeste da Bahia/BA,BA,algodo-em-pluma-ao-produtor,203.5,algodao-bolsa-de-nova-iorque-nybot,2022-03,211.93,394.634686359441,5.6309,-191.134686359441,-33.94389642143192,-48.433321490993265
2022-01-04,Oeste da Bahia/BA,BA,algodo-em-pluma-ao-produtor,203.5,algodao-bolsa-de-nova-iorque-nybot,2022-03,218.62,410.468358140016,5.6776,-206.968358140016,-36.453494106667605,-50.42248788137196
2022-01-05,Oeste da Bahia/BA,BA,algodo-em-pluma-ao-produtor,203.5,algodao-bolsa-de-nova-iorque-nybot,2022-03,219.18,410.447058865272,5.6628,-206.94705886527203,-36.54500580371407,-50.41991516211638
2022-01-05,Sorriso/MT,MT,algodo-em-pluma-ao-produtor,240.0,algodao-bolsa-de-nova-iorque-nybot,2022-03,219.18,410.447058865272,5.6628,-170.44705886527203,-30.09943117632126,-41.52717267276624
2022-01-06,Oeste da Bahia/BA,BA,algodo-em-pluma-ao-produtor,203.5,algodao-bolsa-de-nova-iorque-nybot,2022-03,215.86,407.185138828116,5.7042,-203.685138828116,-35.7079237803927,-50.02273398639362
2022-01-06,Sorriso/MT,MT,algodo-em-pluma-ao-produtor,240.0,algodao-bolsa-de-nova-iorque-nybot,2022-03,215.86,407.185138828116,5.7042,-167.185138828116,-29.309129909210057,-41.05875261294579
2022-01-07,Oeste da Bahia/BA,BA,algodo-em-pluma-ao-produtor,203.5,algodao-bolsa-de-nova-iorque-nybot,2022-03,214.33,402.250682394957,5.6753,-198.75068239495698,-35.020295384377384,-49.40965698594144
2022-01-07,Sorriso/MT,MT,algodo-em-pluma-ao-produtor,240.0,algodao-bolsa-de-nova-iorque-nybot,2022-03,214.33,402.250682394957,5.6753,-162.25068239495698,-28.58891730744753,-40.3357133986533
2022-01-10,Oeste da Bahia/BA,BA,algodo-em-pluma-ao-produtor,203.5,algodao-bolsa-de-nova-iorque-nybot,2022-03,216.04,405.338526628992,5.6736,-201.83852662899199,-35.57503641937958,-49.795051140977684
2022-01-10,Sorriso/MT,MT,algodo-em-pluma-ao-produtor,240.0,algodao-bolsa-de-nova-iorque-nybot,2022-03,216.04,405.338526628992,5.6736,-165.33852662899199,-29.141731286835867,-40.79023230385574
2022-01-11,Oeste da Bahia/BA,BA,algodo-em-pluma-ao-produtor,198.0,algodao-bolsa-de-nova-iorque-nybot,2022-03,214.09,398.9541725313871,5.6351,-200.9541725313871,-35.66115464346455,-50.370239583238686
2022-01-11,Sorriso/MT,MT,algodo-em-pluma-ao-produtor,235.0,algodao-bolsa-de-nova-iorque-nybot,2022-03,214.09,398.9541725313871,5.6351,-163.9541725313871,-29.095166462243274,-41.09599142455096
2022-01-12,Oeste da Bahia/BA,BA,algodo-em-pluma-ao-produtor,198.0,algodao-bolsa-de-nova-iorque-nybot,2022-03,215.52,396.344909852496,5.5611,-198.34490985249602,-35.66648861780871,-50.04351132611043
2022-01-12,Sorriso/MT,MT,algodo-em-pluma-ao-produtor,235.0,algodao-bolsa-de-nova-iorque-nybot,2022-03,215.52,396.344909852496,5.5611,-161.34490985249602,-29.01312867103559,-40.70820788705026
2022-01-13,Oeste da Bahia/BA,BA,algodo-em-pluma-ao-produtor,198.0,algodao-bolsa-de-nova-iorque-nybot,2022-03,213.67,390.36366886842603,5.5246,-192.36366886842603,-34.819474508276805,-49.27806663618154
2022-01-13,Sorriso/MT,MT,algodo-em-pluma-ao-produtor,235.0,algodao-bolsa-de-nova-iorque-nybot,2022-03,213.67,390.36366886842603,5.5246,-155.36366886842603,-28.122157055429536,-39.79972555304375
2022-01-14,Oeste da Bahia/BA,BA,algodo-em-pluma-ao-produtor,198.0,algodao-bolsa-de-nova-iorque-nybot,2022-03,218.5,399.93206182545,5.5349,-201.93206182544998,-36.48341647102025,-50.49159122270699
2022-01-14,Sorriso/MT,MT,algodo-em-pluma-ao-produtor,235.0,algodao-bolsa-de-nova-iorque-nybot,2022-03,218.5,399.93206182545,5.5349,-164.93206182544998,-29.798562182776557,-41.240019885536064
2022-01-18,Oeste da Bahia/BA,BA,algodo-em-pluma-ao-produtor,198.0,algodao-bolsa-de-nova-iorque-nybot,2022-03,222.62,406.471898181558,5.5213,-208.471898181558,-37.75775599615272,-51.288145407887534
2022-01-18,Sorriso/MT,MT,algodo-em-pluma-ao-produtor,240.0,algodao-bolsa-de-nova-iorque-nybot,2022-03,222.62,406.471898181558,5.5213,-166.471898181558,-30.150851825033598,-40.955327767136396
2022-01-19,Oeste da Bahia/BA,BA,algodo-em-pluma-ao-produtor,201.0,algodao-bolsa-de-nova-iorque-nybot,2022-03,224.21,407.63260812443394,5.4978,-206.63260812443394,-37.58459895311469,-50.690892731858504
2022-01-19,Sorriso/MT,MT,algodo-em-pluma-ao-produtor,240.0,algodao-bolsa-de-nova-iorque-nybot,2022-03,224.21,407.63260812443394,5.4978,-167.63260812443394,-30.490852363569783,-41.123454008189256
2022-01-20,Oeste da Bahia/BA,BA,algodo-em-pluma-ao-produtor,201.0,algodao-bolsa-de-nova-iorque-nybot,2022-03,220.22,394.46504581083593,5.4166,-193.46504581083593,-35.71706343662739,-49.04491484490398
2022-01-20,Sorriso/MT,MT,algodo-em-pluma-ao-produtor,240.0,algodao-bolsa-de-nova-iorque-nybot,2022-03,220.22,394.46504581083593,5.4166,-154.46504581083593,-28.516974820152114,-39.15810727749729
2022-01-21,Oeste da Bahia/BA,BA,algodo-em-pluma-ao-produtor,201.0,algodao-bolsa-de-nova-iorque-nybot,2022-03,218.02,392.218631727186,5.4401,-191.218631727186,-35.14983763665852,-48.753071949981
2022-01-21,Sorriso/MT,MT,algodo-em-pluma-ao-produtor,240.0,algodao-bolsa-de-nova-iorque-nybot,2022-03,218.02,392.218631727186,5.4401,-152.218631727186,-27.98085177242808,-38.80963814923105
2022-01-24,Oeste da Bahia/BA,BA,algodo-em-pluma-ao-produtor,201.0,algodao-bolsa-de-nova-iorque-nybot,2022-03,219.34,398.28530658642,5.491,-197.28530658642,-35.9288484040102,-49.53366426627466
2022-01-24,Sorriso/MT,MT,algodo-em-pluma-ao-produtor,240.0,algodao-bolsa-de-nova-iorque-nybot,2022-03,219.34,398.28530658642,5.491,-158.28530658642,-28.826316988967402,-39.741688676148854
2022-01-25,Oeste da Bahia/BA,BA,algodo-em-pluma-ao-produtor,201.0,algodao-bolsa-de-nova-iorque-nybot,2022-03,217.93,396.16459321107897,5.4971,-195.16459321107897,-35.50319135745738,-49.26351232683079
2022-01-25,Sorriso/MT,MT,algodo-em-pluma-ao-produtor,240.0,algodao-bolsa-de-nova-iorque-nybot,2022-03,217.93,396.16459321107897,5.4971,-156.16459321107897,-28.408541451143144,-39.419119196215874
2022-01-26,Oeste da Bahia/BA,BA,algodo-em-pluma-ao-produtor,201.0,algodao-bolsa-de-nova-iorque-nybot,2022-03,219.66,394.60966844191205,5.4324,-193.60966844191205,-35.63980348315883,-49.06358964958105
2022-01-26,Sorriso/MT,MT,algodo-em-pluma-ao-produtor,240.0,algodao-bolsa-de-nova-iorque-nybot,2022-03,219.66,394.60966844191205,5.4324,-154.60966844191205,-28.460656144965768,-39.18040555173856
2022-01-27,Oeste da Bahia/BA,BA,algodo-em-pluma-ao-produtor,201.0,algodao-bolsa-de-nova-iorque-nybot,2022-03,218.0,387.93648740879996,5.3812,-186.93648740879996,-34.73881056433509,-48.18739496700395
2022-01-27,Sorriso/MT,MT,algodo-em-pluma-ao-produtor,240.0,algodao-bolsa-de-nova-iorque-nybot,2022-03,218.0,387.93648740879996,5.3812,-147.93648740879996,-27.49135646487772,-38.13420294567635
2022-01-28,Oeste da Bahia/BA,BA,algodo-em-pluma-ao-produtor,186.0,algodao-bolsa-de-nova-iorque-nybot,2022-03,220.59,393.581313081198,5.3954,-207.581313081198,-38.473757845794196,-52.741658758166906
2022-01-28,Sorriso/MT,MT,algodo-em-pluma-ao-produtor,240.0,algodao-bolsa-de-nova-iorque-nybot,2022-03,220.59,393.581313081198,5.3954,-153.581313081198,-28.465232064573154,-39.02149517182828
2022-01-31,Oeste da Bahia/BA,BA,algodo-em-pluma-ao-produtor,210.0,algodao-bolsa-de-nova-iorque-nybot,2022-03,223.59,396.12426949873804,5.3574,-186.12426949873804,-34.74152937968754,-46.98633328734507
2022-01-31,Sorriso/MT,MT,algodo-em-pluma-ao-produtor,240.0,algodao-bolsa-de-nova-iorque-nybot,2022-03,223.59,396.12426949873804,5.3574,-156.12426949873804,-29.14179816678576,-39.41295232839436
2022-02-01,Oeste da Bahia/BA,BA,algodo-em-pluma-ao-produtor,210.0,algodao-bolsa-de-nova-iorque-nybot,2022-03,221.9,387.5238817527,5.281,-177.5238817527,-33.615580714391214,-45.80979137331918
2022-02-01,Sorriso/MT,MT,algodo-em-pluma-ao-produtor,240.0,algodao-bolsa-de-nova-iorque-nybot,2022-03,221.9,387.5238817527,5.281,-147.5238817527,-27.934838430732817,-38.06833299807907
2022-02-02,Oeste da Bahia/BA,BA,algodo-em-pluma-ao-produtor,210.0,algodao-bolsa-de-nova-iorque-nybot,2022-03,220.58,386.28363352946394,5.2956,-176.28363352946394,-33.28869883100384,-45.635801837826975
2022-02-02,Sorriso/MT,MT,algodo-em-pluma-ao-produtor,240.0,algodao-bolsa-de-nova-iorque-nybot,2022-03,220.58,386.28363352946394,5.2956,-146.28363352946394,-27.623618386861533,-37.86948781465941
2022-02-03,Oeste da Bahia/BA,BA,algodo-em-pluma-ao-produtor,210.0,algodao-bolsa-de-nova-iorque-nybot,2022-03,223.67,392.205262801275,5.3025,-182.205262801275,-34.3621429139604,-46.456608333069696
2022-02-03,Sorriso/MT,MT,algodo-em-pluma-ao-produtor,240.0,algodao-bolsa-de-nova-iorque-nybot,2022-03,223.67,392.205262801275,5.3025,-152.205262801275,-28.70443428595474,-38.807552380651074
2022-02-04,Oeste da Bahia/BA,BA,algodo-em-pluma-ao-produtor,210.0,algodao-bolsa-de-nova-iorque-nybot,2022-03,223.39,393.627606794268,5.3284,-183.627606794268,-34.4620536735733,-46.65008338458389
2022-02-04,Sorriso/MT,MT,algodo-em-pluma-ao-produtor,240.0,algodao-bolsa-de-nova-iorque-nybot,2022-03,223.39,393.627606794268,5.3284,-153.627606794268,-28.831845731226633,-39.02866672523872
2022-02-07,Oeste da Bahia/BA,BA,algodo-em-pluma-ao-produtor,211.5,algodao-bolsa-de-nova-iorque-nybot,2022-03,218.0,381.45549985619994,5.2913,-169.95549985619994,-32.119800399939514,-44.554476189298434
2022-02-07,Sorriso/MT,MT,algodo-em-pluma-ao-produtor,240.0,algodao-bolsa-de-nova-iorque-nybot,2022-03,218.0,381.45549985619994,5.2913,-141.45549985619994,-26.733600411278882,-37.08309354814007
2022-02-08,Oeste da Bahia/BA,BA,algodo-em-pluma-ao-produtor,211.5,algodao-bolsa-de-nova-iorque-nybot,2022-03,221.27,385.61144213568895,5.2699,-174.11144213568895,-33.03885123734586,-45.15204247347583
2022-02-08,Sorriso/MT,MT,algodo-em-pluma-ao-produtor,250.0,algodao-bolsa-de-nova-iorque-nybot,2022-03,221.27,385.61144213568895,5.2699,-135.61144213568895,-25.733209764073123,-35.16789890481777
2022-02-09,Oeste da Bahia/BA,BA,algodo-em-pluma-ao-produtor,211.5,algodao-bolsa-de-nova-iorque-nybot,2022-03,218.66,381.32325903243,5.2735,-169.82325903242997,-32.20314004597136,-44.535247984437056
2022-02-09,Sorriso/MT,MT,algodo-em-pluma-ao-produtor,250.0,algodao-bolsa-de-nova-iorque-nybot,2022-03,218.66,381.32325903243,5.2735,-131.32325903242997,-24.90248583150279,-34.438827404771935
2022-02-10,Oeste da Bahia/BA,BA,algodo-em-pluma-ao-produtor,211.5,algodao-bolsa-de-nova-iorque-nybot,2022-03,217.33,374.447332435869,5.2101,-162.947332435869,-31.275279252964243,-43.51675611516787
2022-02-10,Sorriso/MT,MT,algodo-em-pluma-ao-produtor,250.0,algodao-bolsa-de-nova-iorque-nybot,2022-03,217.33,374.447332435869,5.2101,-124.44733243586899,-23.885785769153948,-33.234936306345006
2022-02-11,Oeste da Bahia/BA,BA,algodo-em-pluma-ao-produtor,198.0,algodao-bolsa-de-nova-iorque-nybot,2022-03,216.67,372.49336538399695,5.1987,-174.49336538399695,-33.56480762190489,-46.84469083204066
2022-02-11,Sorriso/MT,MT,algodo-em-pluma-ao-produtor,250.0,algodao-bolsa-de-nova-iorque-nybot,2022-03,216.67,372.49336538399695,5.1987,-122.49336538399695,-23.5623069967486,-32.88471064651599
2022-02-14,Oeste da Bahia/BA,BA,algodo-em-pluma-ao-produtor,198.0,algodao-bolsa-de-nova-iorque-nybot,2022-03,212.2,365.64371829876,5.2106,-167.64371829876,-32.173591966138254,-45.84892612917303
2022-02-14,Sorriso/MT,MT,algodo-em-pluma-ao-produtor,250.0,algodao-bolsa-de-nova-iorque-nybot,2022-03,212.2,365.64371829876,5.2106,-115.64371829876,-22.19393511280083,-31.62743198127908
2022-02-15,Oeste da Bahia/BA,BA,algodo-em-pluma-ao-produtor,198.0,algodao-bolsa-de-nova-iorque-nybot,2022-03,210.76,361.594262141508,5.1881,-163.594262141508,-31.53259616073476,-45.24249394131322
2022-02-15,Sorriso/MT,MT,algodo-em-pluma-ao-produtor,250.0,algodao-bolsa-de-nova-iorque-nybot,2022-03,210.76,361.594262141508,5.1881,-111.59426214150801,-21.5096590546651,-30.86173477438538
2022-02-16,Oeste da Bahia/BA,BA,algodo-em-pluma-ao-produtor,205.5,algodao-bolsa-de-nova-iorque-nybot,2022-03,207.22,353.80078846398,5.163,-148.30078846397998,-28.723763018396276,-41.916466356060226
2022-02-16,Sorriso/MT,MT,algodo-em-pluma-ao-produtor,250.0,algodao-bolsa-de-nova-iorque-nybot,2022-03,207.22,353.80078846398,5.163,-103.80078846397998,-20.104743068754598,-29.33876685652096
2022-02-17,Oeste da Bahia/BA,BA,algodo-em-pluma-ao-produtor,203.4,algodao-bolsa-de-nova-iorque-nybot,2022-03,208.46,355.46983902507,5.1565,-152.06983902506997,-29.490902555041203,-42.779955520880364
2022-02-17,Sorriso/MT,MT,algodo-em-pluma-ao-produtor,250.0,algodao-bolsa-de-nova-iorque-nybot,2022-03,208.46,355.46983902507,5.1565,-105.46983902506997,-20.453764961712395,-29.670545133825428
2022-02-18,Oeste da Bahia/BA,BA,algodo-em-pluma-ao-produtor,203.4,algodao-bolsa-de-nova-iorque-nybot,2022-03,209.05,354.913548913935,5.1339,-151.513548913935,-29.51236855293929,-42.6902690465267
2022-02-18,Sorriso/MT,MT,algodo-em-pluma-ao-produtor,250.0,algodao-bolsa-de-nova-iorque-nybot,2022-03,209.05,354.913548913935,5.1339,-104.91354891393502,-20.43544847268841,-29.560311020804704
2022-02-22,Oeste da Bahia/BA,BA,algodo-em-pluma-ao-produtor,203.4,algodao-bolsa-de-nova-iorque-nybot,2022-03,202.65,339.16929486709495,5.0611,-135.76929486709494,-26.826044707098248,-40.029948737044954
2022-02-22,Sorriso/MT,MT,algodo-em-pluma-ao-produtor,260.0,algodao-bolsa-de-nova-iorque-nybot,2022-03,202.65,339.16929486709495,5.0611,-79.16929486709495,-15.642705116890587,-23.34211736298765
2022-02-23,Oeste da Bahia/BA,BA,algodo-em-pluma-ao-produtor,203.4,algodao-bolsa-de-nova-iorque-nybot,2022-03,202.38,335.585283485562,5.0143,-132.185283485562,-26.361662342811954,-39.389475638686356
2022-02-23,Sorriso/MT,MT,algodo-em-pluma-ao-produtor,260.0,algodao-bolsa-de-nova-iorque-nybot,2022-03,202.38,335.585283485562,5.0143,-75.585283485562,-15.073945213800929,-22.523420187111373
2022-02-24,Oeste da Bahia/BA,BA,algodo-em-pluma-ao-produtor,204.3,algodao-bolsa-de-nova-iorque-nybot,2022-03,206.75,349.88061805785003,5.1174,-145.58061805785002,-28.448160796078092,-41.60865465082132
2022-02-24,Sorriso/MT,MT,algodo-em-pluma-ao-produtor,260.0,algodao-bolsa-de-nova-iorque-nybot,2022-03,206.75,349.88061805785003,5.1174,-89.88061805785003,-17.56372729469067,-25.688938860565568
2022-02-25,Oeste da Bahia/BA,BA,algodo-em-pluma-ao-produtor,204.3,algodao-bolsa-de-nova-iorque-nybot,2022-03,207.98,353.475238401516,5.1394,-149.17523840151597,-29.025808149106116,-42.20245782310396
2022-02-25,Sorriso/MT,MT,algodo-em-pluma-ao-produtor,260.0,algodao-bolsa-de-nova-iorque-nybot,2022-03,207.98,353.475238401516,5.1394,-93.47523840151598,-18.18796715599408,-26.44463550664235
2022-03-02,Oeste da Bahia/BA,BA,algodo-em-pluma-ao-produtor,204.3,algodao-bolsa-de-nova-iorque-nybot,2022-03,206.23,350.1804676524329,5.1347,-145.8804676524329,-28.410709029238888,-41.658653502406274
2022-03-02,Sorriso/MT,MT,algodo-em-pluma-ao-produtor,260.0,algodao-bolsa-de-nova-iorque-nybot,2022-03,206.23,350.1804676524329,5.1347,-90.18046765243292,-17.562947718938386,-25.752569312900793
2022-03-03,Oeste da Bahia/BA,BA,algodo-em-pluma-ao-produtor,204.3,algodao-bolsa-de-nova-iorque-nybot,2022-03,205.1,342.37449543297,5.0479,-138.07449543296997,-27.35285870024564,-40.328499136116925
2022-03-03,Sorriso/MT,MT,algodo-em-pluma-ao-produtor,260.0,algodao-bolsa-de-nova-iorque-nybot,2022-03,205.1,342.37449543297,5.0479,-82.37449543296998,-16.318567212696365,-24.05976395198434
2022-03-04,Oeste da Bahia/BA,BA,algodo-em-pluma-ao-produtor,204.3,algodao-bolsa-de-nova-iorque-nybot,2022-03,201.53,338.274459119982,5.0758,-133.974459119982,-26.39474745261476,-39.605254108901796
2022-03-04,Sorriso/MT,MT,algodo-em-pluma-ao-produtor,260.0,algodao-bolsa-de-nova-iorque-nybot,2022-03,201.53,338.274459119982,5.0758,-78.274459119982,-15.421107829304148,-23.139334646668953
2022-03-07,Oeste da Bahia/BA,BA,algodo-em-pluma-ao-produtor,204.0,algodao-bolsa-de-nova-iorque-nybot,2022-03,202.7,339.03847767669,5.0579,-135.03847767668998,-26.698526597340788,-39.82983837175668
2022-03-07,Sorriso/MT,MT,algodo-em-pluma-ao-produtor,260.0,algodao-bolsa-de-nova-iorque-nybot,2022-03,202.7,339.03847767669,5.0579,-79.03847767668998,-15.6267379103363,-23.312539101258515
2022-03-08,Oeste da Bahia/BA,BA,algodo-em-pluma-ao-produtor,204.0,algodao-bolsa-de-nova-iorque-nybot,2022-03,204.02,343.432288423158,5.0903,-139.432288423158,-27.391762454699727,-40.59964456555621
2022-03-08,Sorriso/MT,MT,algodo-em-pluma-ao-produtor,260.0,algodao-bolsa-de-nova-iorque-nybot,2022-03,204.02,343.432288423158,5.0903,-83.43228842315801,-16.390446225793767,-24.293664642375568
2022-03-09,Oeste da Bahia/BA,BA,algodo-em-pluma-ao-produtor,198.0,algodao-bolsa-de-nova-iorque-nybot,2022-03,201.98,334.59471839811596,5.0094,-136.59471839811596,-27.267680440395246,-40.82393142727058
2022-03-09,Sorriso/MT,MT,algodo-em-pluma-ao-produtor,260.0,algodao-bolsa-de-nova-iorque-nybot,2022-03,201.98,334.59471839811596,5.0094,-74.59471839811596,-14.89094869607457,-22.294051369143187
2022-03-10,Oeste da Bahia/BA,BA,algodo-em-pluma-ao-produtor,198.0,algodao-bolsa-de-nova-iorque-nybot,2022-05,194.0,324.06333287460006,5.0513,-126.06333287460006,-24.956611738483172,-38.900832055375325
2022-03-10,Sorriso/MT,MT,algodo-em-pluma-ao-produtor,260.0,algodao-bolsa-de-nova-iorque-nybot,2022-05,194.0,324.06333287460006,5.0513,-64.06333287460006,-12.682543676796085,-19.768769365644363
2022-03-11,Oeste da Bahia/BA,BA,algodo-em-pluma-ao-produtor,198.0,algodao-bolsa-de-nova-iorque-nybot,2022-05,202.12,335.90275736358,5.0255,-137.90275736358,-27.44060439032534,-41.054368962596676
2022-03-11,Sorriso/MT,MT,algodo-em-pluma-ao-produtor,260.0,algodao-bolsa-de-nova-iorque-nybot,2022-05,202.12,335.90275736358,5.0255,-75.90275736358001,-15.10352350285146,-22.596646112500686
2022-03-14,Oeste da Bahia/BA,BA,algodo-em-pluma-ao-produtor,198.0,algodao-bolsa-de-nova-iorque-nybot,2022-05,201.49,337.46771006727903,5.0647,-139.46771006727903,-27.53721050946335,-41.32771992895976
2022-03-14,Sorriso/MT,MT,algodo-em-pluma-ao-produtor,260.0,algodao-bolsa-de-nova-iorque-nybot,2022-05,201.49,337.46771006727903,5.0647,-77.46771006727903,-15.29561673293167,-22.955591825906758
2022-03-15,Oeste da Bahia/BA,BA,algodo-em-pluma-ao-produtor,198.0,algodao-bolsa-de-nova-iorque-nybot,2022-05,202.37,343.405307842674,5.1314,-145.405307842674,-28.336381463669564,-42.34218415438391
2022-03-15,Sorriso/MT,MT,algodo-em-pluma-ao-produtor,260.0,algodao-bolsa-de-nova-iorque-nybot,2022-05,202.37,343.405307842674,5.1314,-83.405307842674,-16.25390884411155,-24.287716566362715
2022-03-16,Oeste da Bahia/BA,BA,algodo-em-pluma-ao-produtor,204.0,algodao-bolsa-de-nova-iorque-nybot,2022-05,203.23,344.683199180793,5.1287,-140.683199180793,-27.430576789594436,-40.81521800747879
2022-03-16,Sorriso/MT,MT,algodo-em-pluma-ao-produtor,260.0,algodao-bolsa-de-nova-iorque-nybot,2022-05,203.23,344.683199180793,5.1287,-84.683199180793,-16.51163046791448,-24.568415107571003
2022-03-17,Oeste da Bahia/BA,BA,algodo-em-pluma-ao-produtor,204.0,algodao-bolsa-de-nova-iorque-nybot,2022-05,203.1,340.9500518701199,5.0764,-136.95005187011992,-26.977789746694494,-40.16718904101798
2022-03-17,Sorriso/MT,MT,algodo-em-pluma-ao-produtor,260.0,algodao-bolsa-de-nova-iorque-nybot,2022-05,203.1,340.9500518701199,5.0764,-80.95005187011992,-15.946350143826319,-23.74249583659154
2022-03-18,Oeste da Bahia/BA,BA,algodo-em-pluma-ao-produtor,204.0,algodao-bolsa-de-nova-iorque-nybot,2022-05,210.18,350.381931449814,5.0411,-146.38193144981398,-29.037696425346446,-41.77781966213649
2022-03-18,Sorriso/MT,MT,algodo-em-pluma-ao-produtor,260.0,algodao-bolsa-de-nova-iorque-nybot,2022-05,210.18,350.381931449814,5.0411,-90.38193144981398,-17.929009829167043,-25.79526035370337
2022-03-21,Oeste da Bahia/BA,BA,algodo-em-pluma-ao-produtor,216.0,algodao-bolsa-de-nova-iorque-nybot,2022-05,213.25,350.24603382284994,4.9666,-134.24603382284994,-27.02976559876977,-38.329066101787724
2022-03-21,Sorriso/MT,MT,algodo-em-pluma-ao-produtor,260.0,algodao-bolsa-de-nova-iorque-nybot,2022-05,213.25,350.24603382284994,4.9666,-90.24603382284994,-18.170586280926578,-25.76646845585559
2022-03-22,Oeste da Bahia/BA,BA,algodo-em-pluma-ao-produtor,216.0,algodao-bolsa-de-nova-iorque-nybot,2022-05,211.57,344.28238438360796,4.9208,-128.28238438360796,-26.06941643302064,-37.26080398022123
2022-03-22,Sorriso/MT,MT,algodo-em-pluma-ao-produtor,260.0,algodao-bolsa-de-nova-iorque-nybot,2022-05,211.57,344.28238438360796,4.9208,-84.28238438360796,-17.12778092659892,-24.480597383599633
2022-03-23,Oeste da Bahia/BA,BA,algodo-em-pluma-ao-produtor,210.0,algodao-bolsa-de-nova-iorque-nybot,2022-05,208.12,335.199567800064,4.8704,-125.19956780006402,-25.706218750013143,-37.350754543556455
2022-03-23,Sorriso/MT,MT,algodo-em-pluma-ao-produtor,260.0,algodao-bolsa-de-nova-iorque-nybot,2022-05,208.12,335.199567800064,4.8704,-75.19956780006402,-15.440121509540083,-22.43426753011752
2022-03-24,Oeste da Bahia/BA,BA,algodo-em-pluma-ao-produtor,210.0,algodao-bolsa-de-nova-iorque-nybot,2022-05,208.64,331.642051872384,4.8067,-121.642051872384,-25.306770106805917,-36.67871766732161
2022-03-24,Sorriso/MT,MT,algodo-em-pluma-ao-produtor,260.0,algodao-bolsa-de-nova-iorque-nybot,2022-05,208.64,331.642051872384,4.8067,-71.642051872384,-14.904623103664468,-21.602221873826753
2022-03-25,Oeste da Bahia/BA,BA,algodo-em-pluma-ao-produtor,210.0,algodao-bolsa-de-nova-iorque-nybot,2022-05,213.92,338.018691232992,4.7782,-128.018691232992,-26.792242106440085,-37.87325806333897
2022-03-25,Sorriso/MT,MT,algodo-em-pluma-ao-produtor,260.0,algodao-bolsa-de-nova-iorque-nybot,2022-05,213.92,338.018691232992,4.7782,-78.01869123299201,-16.3280505698782,-23.08117664984825
2022-03-28,Oeste da Bahia/BA,BA,algodo-em-pluma-ao-produtor,210.0,algodao-bolsa-de-nova-iorque-nybot,2022-05,219.83,348.251348211195,4.7905,-138.25134821119502,-28.859481935329303,-39.698725911996554
2022-03-28,Sorriso/MT,MT,algodo-em-pluma-ao-produtor,260.0,algodao-bolsa-de-nova-iorque-nybot,2022-05,219.83,348.251348211195,4.7905,-88.25134821119502,-18.42215806516961,-25.34127970056716
2022-03-29,Oeste da Bahia/BA,BA,algodo-em-pluma-ao-produtor,210.0,algodao-bolsa-de-nova-iorque-nybot,2022-05,215.8,338.87695068083997,4.7486,-128.87695068083997,-27.13998877160426,-38.03060385839533
2022-03-29,Sorriso/MT,MT,algodo-em-pluma-ao-produtor,260.0,algodao-bolsa-de-nova-iorque-nybot,2022-05,215.8,338.87695068083997,4.7486,-78.87695068083997,-16.610569574367176,-23.27598572944184
2022-03-30,Oeste da Bahia/BA,BA,algodo-em-pluma-ao-produtor,214.5,algodao-bolsa-de-nova-iorque-nybot,2022-05,220.58,346.4633609364179,4.7497,-131.96336093641793,-27.78351494545296,-38.088691566042826
2022-03-30,Sorriso/MT,MT,algodo-em-pluma-ao-produtor,260.0,algodao-bolsa-de-nova-iorque-nybot,2022-05,220.58,346.4633609364179,4.7497,-86.46336093641793,-18.20396255267026,-24.955989777021607
2022-03-31,Oeste da Bahia/BA,BA,algodo-em-pluma-ao-produtor,214.5,algodao-bolsa-de-nova-iorque-nybot,2022-05,212.69,333.23360915862594,4.7378,-118.73360915862594,-25.060916281528545,-35.63074248675389
2022-03-31,Sorriso/MT,MT,algodo-em-pluma-ao-produtor,260.0,algodao-bolsa-de-nova-iorque-nybot,2022-05,212.69,333.23360915862594,4.7378,-73.23360915862594,-15.457302790034602,-21.97665755970169
2022-04-01,Oeste da Bahia/BA,BA,algodo-em-pluma-ao-produtor,214.5,algodao-bolsa-de-nova-iorque-nybot,2022-05,207.79,322.84913929144795,4.6984,-108.34913929144795,-23.060858865028084,-33.56029987542793
2022-04-01,Sorriso/MT,MT,algodo-em-pluma-ao-produtor,260.0,algodao-bolsa-de-nova-iorque-nybot,2022-05,207.79,322.84913929144795,4.6984,-62.849139291447955,-13.376711070034043,-19.467030152033857
2022-04-04,Oeste da Bahia/BA,BA,algodo-em-pluma-ao-produtor,219.0,algodao-bolsa-de-nova-iorque-nybot,2022-05,210.74,321.79469622135,4.6175,-102.79469622135002,-22.261980773438015,-31.944185975843915
2022-04-04,Sorriso/MT,MT,algodo-em-pluma-ao-produtor,260.0,algodao-bolsa-de-nova-iorque-nybot,2022-05,210.74,321.79469622135,4.6175,-61.79469622135002,-13.382717102620472,-19.203143167668575
2022-04-05,Oeste da Bahia/BA,BA,algodo-em-pluma-ao-produtor,219.0,algodao-bolsa-de-nova-iorque-nybot,2022-05,211.94,325.20402530879994,4.64,-106.20402530879994,-22.888798557931022,-32.65766012826966
2022-04-05,Sorriso/MT,MT,algodo-em-pluma-ao-produtor,260.0,algodao-bolsa-de-nova-iorque-nybot,2022-05,211.94,325.20402530879994,4.64,-65.20402530879994,-14.0525916613793,-20.050190106621518
2022-04-06,Oeste da Bahia/BA,BA,algodo-em-pluma-ao-produtor,219.0,algodao-bolsa-de-nova-iorque-nybot,2022-05,211.34,328.106285623314,4.6947,-109.10628562331402,-23.24031048273884,-33.25333600849533
2022-04-06,Sorriso/MT,MT,algodo-em-pluma-ao-produtor,260.0,algodao-bolsa-de-nova-iorque-nybot,2022-05,211.34,328.106285623314,4.6947,-68.10628562331402,-14.507058091744739,-20.757385215565233
2022-04-07,Oeste da Bahia/BA,BA,algodo-em-pluma-ao-produtor,222.0,algodao-bolsa-de-nova-iorque-nybot,2022-05,209.67,328.80708229228196,4.7422,-106.80708229228196,-22.522686156695617,-32.48320612429492
2022-04-07,Sorriso/MT,MT,algodo-em-pluma-ao-produtor,260.0,algodao-bolsa-de-nova-iorque-nybot,2022-05,209.67,328.80708229228196,4.7422,-68.80708229228196,-14.509527707030905,-20.92627744286792
2022-04-08,Oeste da Bahia/BA,BA,algodo-em-pluma-ao-produtor,222.0,algodao-bolsa-de-nova-iorque-nybot,2022-05,206.24,324.048753281616,4.7513,-102.04875328161597,-21.47806985069686,-31.491790123608364
2022-04-08,Sorriso/MT,MT,algodo-em-pluma-ao-produtor,260.0,algodao-bolsa-de-nova-iorque-nybot,2022-05,206.24,324.048753281616,4.7513,-64.04875328161597,-13.480258725320644,-19.765159604226014
2022-04-11,Oeste da Bahia/BA,BA,algodo-em-pluma-ao-produtor,219.0,algodao-bolsa-de-nova-iorque-nybot,2022-05,209.83,326.30324057347497,4.7025,-107.30324057347497,-22.818339303237632,-32.88451576052095
2022-04-11,Sorriso/MT,MT,algodo-em-pluma-ao-produtor,260.0,algodao-bolsa-de-nova-iorque-nybot,2022-05,209.83,326.30324057347497,4.7025,-66.30324057347497,-14.099572689734178,-20.319516428015742
2022-04-12,Oeste da Bahia/BA,BA,algodo-em-pluma-ao-produtor,219.0,algodao-bolsa-de-nova-iorque-nybot,2022-05,214.36,329.50567588448394,4.6483,-110.50567588448394,-23.773352813820953,-33.536804969400386
2022-04-12,Sorriso/MT,MT,algodo-em-pluma-ao-produtor,260.0,algodao-bolsa-de-nova-iorque-nybot,2022-05,214.36,329.50567588448394,4.6483,-69.50567588448394,-14.952923839787436,-21.093923707963928
2022-04-13,Oeste da Bahia/BA,BA,algodo-em-pluma-ao-produtor,214.5,algodao-bolsa-de-nova-iorque-nybot,2022-05,220.96,342.04762722820794,4.6811,-127.54762722820794,-27.24736220721795,-37.2894348841983
2022-04-13,Sorriso/MT,MT,algodo-em-pluma-ao-produtor,260.0,algodao-bolsa-de-nova-iorque-nybot,2022-05,220.96,342.04762722820794,4.6811,-82.04762722820794,-17.52742458571873,-23.987193799028244
2022-04-14,Oeste da Bahia/BA,BA,algodo-em-pluma-ao-produtor,214.5,algodao-bolsa-de-nova-iorque-nybot,2022-05,220.67,344.13090384109796,4.7158,-129.63090384109796,-27.48863476845879,-37.66906790241509
2022-04-14,Sorriso/MT,MT,algodo-em-pluma-ao-produtor,260.0,algodao-bolsa-de-nova-iorque-nybot,2022-05,220.67,344.13090384109796,4.7158,-84.13090384109796,-17.840218805101568,-24.44735503323041
2022-04-18,Oeste da Bahia/BA,BA,algodo-em-pluma-ao-produtor,214.5,algodao-bolsa-de-nova-iorque-nybot,2022-05,223.05,344.80351488429,4.6746,-130.30351488429,-27.874794610082144,-37.790657362648275
2022-04-18,Sorriso/MT,MT,algodo-em-pluma-ao-produtor,260.0,algodao-bolsa-de-nova-iorque-nybot,2022-05,223.05,344.80351488429,4.6746,-84.80351488429,-18.141341480402602,-24.59473619714943
2022-04-19,Oeste da Bahia/BA,BA,algodo-em-pluma-ao-produtor,228.0,algodao-bolsa-de-nova-iorque-nybot,2022-05,216.17,333.581830871784,4.6664,-105.581830871784,-22.625970956579806,-31.650953709276088
2022-04-19,Sorriso/MT,MT,algodo-em-pluma-ao-produtor,260.0,algodao-bolsa-de-nova-iorque-nybot,2022-05,216.17,333.581830871784,4.6664,-73.581830871784,-15.768436240310304,-22.058105107069224
2022-04-20,Oeste da Bahia/BA,BA,algodo-em-pluma-ao-produtor,217.5,algodao-bolsa-de-nova-iorque-nybot,2022-05,214.49,329.095505782329,4.6397,-111.59550578232898,-24.05231066282927,-33.909762917315774
2022-04-20,Sorriso/MT,MT,algodo-em-pluma-ao-produtor,250.0,algodao-bolsa-de-nova-iorque-nybot,2022-05,214.49,329.095505782329,4.6397,-79.09550578232898,-17.047547423826753,-24.034210249788245
2022-04-22,Oeste da Bahia/BA,BA,algodo-em-pluma-ao-produtor,217.5,algodao-bolsa-de-nova-iorque-nybot,2022-05,222.29,347.89222851022197,4.7326,-130.39222851022197,-27.551922518324382,-37.48063849215612
2022-04-22,Sorriso/MT,MT,algodo-em-pluma-ao-produtor,250.0,algodao-bolsa-de-nova-iorque-nybot,2022-05,222.29,347.89222851022197,4.7326,-97.89222851022197,-20.68466139336136,-28.138664933512775
2022-04-25,Oeste da Bahia/BA,BA,algodo-em-pluma-ao-produtor,217.5,algodao-bolsa-de-nova-iorque-nybot,2022-05,227.27,366.899480653398,4.8818,-149.39948065339797,-30.603359550452286,-40.71945819801594
2022-04-25,Sorriso/MT,MT,algodo-em-pluma-ao-produtor,250.0,algodao-bolsa-de-nova-iorque-nybot,2022-05,227.27,366.899480653398,4.8818,-116.89948065339797,-23.945979076037112,-31.861446204616023
2022-04-26,Oeste da Bahia/BA,BA,algodo-em-pluma-ao-produtor,217.5,algodao-bolsa-de-nova-iorque-nybot,2022-05,234.25,384.73685075264996,4.9666,-167.23685075264996,-33.67230112202512,-43.467853527804564
2022-04-26,Sorriso/MT,MT,algodo-em-pluma-ao-produtor,250.0,algodao-bolsa-de-nova-iorque-nybot,2022-05,234.25,384.73685075264996,4.9666,-134.73685075264996,-27.128589125890944,-35.02052129632709
2022-04-27,Oeste da Bahia/BA,BA,algodo-em-pluma-ao-produtor,217.5,algodao-bolsa-de-nova-iorque-nybot,2022-05,239.6,397.49342251476,5.0167,-179.99342251476003,-35.878849146801684,-45.28211344379576
2022-04-27,Sorriso/MT,MT,algodo-em-pluma-ao-produtor,250.0,algodao-bolsa-de-nova-iorque-nybot,2022-05,239.6,397.49342251476,5.0167,-147.49342251476003,-29.400486876783546,-37.10587752160432
2022-04-28,Oeste da Bahia/BA,BA,algodo-em-pluma-ao-produtor,217.5,algodao-bolsa-de-nova-iorque-nybot,2022-05,251.59,416.91044892057005,5.011,-199.41044892057005,-39.79454179217123,-47.830523182344564
2022-04-28,Sorriso/MT,MT,algodo-em-pluma-ao-produtor,250.0,algodao-bolsa-de-nova-iorque-nybot,2022-05,251.59,416.91044892057005,5.011,-166.91044892057005,-33.3088104012313,-40.03508411763743
2022-04-29,Oeste da Bahia/BA,BA,algodo-em-pluma-ao-produtor,217.5,algodao-bolsa-de-nova-iorque-nybot,2022-05,248.85,404.807265348255,4.9191,-187.307265348255,-38.07754779294078,-46.27072717855369
2022-04-29,Sorriso/MT,MT,algodo-em-pluma-ao-produtor,250.0,algodao-bolsa-de-nova-iorque-nybot,2022-05,248.85,404.807265348255,4.9191,-154.807265348255,-31.47064815682848,-38.24221514776286
2022-05-02,Oeste da Bahia/BA,BA,algodo-em-pluma-ao-produtor,217.5,algodao-bolsa-de-nova-iorque-nybot,2022-05,264.01,438.8536411375379,5.0266,-221.35364113753792,-44.03645429068116,-50.43905766938028
2022-05-02,Sorriso/MT,MT,algodo-em-pluma-ao-produtor,250.0,algodao-bolsa-de-nova-iorque-nybot,2022-05,264.01,438.8536411375379,5.0266,-188.85364113753792,-37.57085129859904,-43.03339961997733
2022-05-03,Oeste da Bahia/BA,BA,algodo-em-pluma-ao-produtor,217.5,algodao-bolsa-de-nova-iorque-nybot,2022-05,252.0,418.06486842119995,5.0167,-200.56486842119995,-39.97944234680167,-47.97458087751373
2022-05-03,Sorriso/MT,MT,algodo-em-pluma-ao-produtor,225.5,algodao-bolsa-de-nova-iorque-nybot,2022-05,252.0,418.06486842119995,5.0167,-192.56486842119995,-38.384768557258745,-46.06100224312343
2022-05-04,Oeste da Bahia/BA,BA,algodo-em-pluma-ao-produtor,217.5,algodao-bolsa-de-nova-iorque-nybot,2022-05,261.8,433.68228847482004,5.0093,-216.18228847482004,-43.15618718679657,-49.84807870182869
2022-05-04,Sorriso/MT,MT,algodo-em-pluma-ao-produtor,225.5,algodao-bolsa-de-nova-iorque-nybot,2022-05,261.8,433.68228847482004,5.0093,-208.18228847482004,-41.55915766171322,-48.00341033224078
2022-05-05,Oeste da Bahia/BA,BA,algodo-em-pluma-ao-produtor,217.5,algodao-bolsa-de-nova-iorque-nybot,2022-07,247.44,409.55069564719196,5.0051,-192.05069564719196,-38.371000708715506,-46.89302147166521
2022-05-05,Sorriso/MT,MT,algodo-em-pluma-ao-produtor,225.5,algodao-bolsa-de-nova-iorque-nybot,2022-07,247.44,409.55069564719196,5.0051,-184.05069564719196,-36.77263104577171,-44.93966134188738
2022-05-06,Oeste da Bahia/BA,BA,algodo-em-pluma-ao-produtor,217.5,algodao-bolsa-de-nova-iorque-nybot,2022-07,241.25,404.88190771875,5.075,-187.38190771875003,-36.92254339285715,-46.280632487266956
2022-05-06,Sorriso/MT,MT,algodo-em-pluma-ao-produtor,225.5,algodao-bolsa-de-nova-iorque-nybot,2022-07,241.25,404.88190771875,5.075,-179.38190771875003,-35.34618871305419,-44.30474770518941
2022-05-09,Oeste da Bahia/BA,BA,algodo-em-pluma-ao-produtor,228.0,algodao-bolsa-de-nova-iorque-nybot,2022-07,242.94,412.45815379428,5.134,-184.45815379428,-35.92874051310479,-44.72166499738575
2022-05-09,Sorriso/MT,MT,algodo-em-pluma-ao-produtor,225.5,algodao-bolsa-de-nova-iorque-nybot,2022-07,242.94,412.45815379428,5.134,-186.95815379428,-36.41569025989092,-45.327787091712665
2022-05-10,Oeste da Bahia/BA,BA,algodo-em-pluma-ao-produtor,232.5,algodao-bolsa-de-nova-iorque-nybot,2022-07,242.49,412.09510248423004,5.139,-179.59510248423004,-34.947480537892595,-43.5809844381984
2022-05-10,Sorriso/MT,MT,algodo-em-pluma-ao-produtor,225.5,algodao-bolsa-de-nova-iorque-nybot,2022-07,242.49,412.09510248423004,5.139,-186.59510248423004,-36.309613248536685,-45.279621465865546
2022-05-11,Oeste da Bahia/BA,BA,algodo-em-pluma-ao-produtor,232.5,algodao-bolsa-de-nova-iorque-nybot,2022-07,243.13,412.00887825279597,5.1244,-179.50887825279597,-35.03022368526969,-43.569177201723996
2022-05-11,Sorriso/MT,MT,algodo-em-pluma-ao-produtor,225.5,algodao-bolsa-de-nova-iorque-nybot,2022-07,243.13,412.00887825279597,5.1244,-186.50887825279597,-36.39623726734759,-45.2681697160807
2022-05-12,Oeste da Bahia/BA,BA,algodo-em-pluma-ao-produtor,229.5,algodao-bolsa-de-nova-iorque-nybot,2022-07,247.36,421.123895075136,5.1482,-191.62389507513598,-37.221532783329316,-45.50297366549264
2022-05-12,Sorriso/MT,MT,algodo-em-pluma-ao-produtor,225.5,algodao-bolsa-de-nova-iorque-nybot,2022-07,247.36,421.123895075136,5.1482,-195.62389507513598,-37.99850337499242,-46.452812904438304
2022-05-13,Oeste da Bahia/BA,BA,algodo-em-pluma-ao-produtor,229.5,algodao-bolsa-de-nova-iorque-nybot,2022-07,242.96,410.36296231259996,5.1075,-180.86296231259996,-35.41125057515418,-44.07390016227268
2022-05-13,Sorriso/MT,MT,algodo-em-pluma-ao-produtor,225.5,algodao-bolsa-de-nova-iorque-nybot,2022-07,242.96,410.36296231259996,5.1075,-184.86296231259996,-36.19441259179637,-45.048647000403
2022-05-16,Oeste da Bahia/BA,BA,algodo-em-pluma-ao-produtor,229.5,algodao-bolsa-de-nova-iorque-nybot,2022-07,251.58,421.519561313004,5.0666,-192.01956131300398,-37.89909629988631,-45.5541281915545
2022-05-16,Sorriso/MT,MT,algodo-em-pluma-ao-produtor,225.5,algodao-bolsa-de-nova-iorque-nybot,2022-07,251.58,421.519561313004,5.0666,-196.01956131300398,-38.68858037204515,-46.503075848346576
2022-05-17,Oeste da Bahia/BA,BA,algodo-em-pluma-ao-produtor,225.0,algodao-bolsa-de-nova-iorque-nybot,2022-07,242.53,398.416290115404,4.9676,-173.41629011540402,-34.909471397738145,-43.52640552553029
2022-05-17,Sorriso/MT,MT,algodo-em-pluma-ao-produtor,225.5,algodao-bolsa-de-nova-iorque-nybot,2022-07,242.53,398.416290115404,4.9676,-172.91629011540402,-34.8088191713109,-43.400908648920364
2022-05-18,Oeste da Bahia/BA,BA,algodo-em-pluma-ao-produtor,225.0,algodao-bolsa-de-nova-iorque-nybot,2022-07,237.92,390.1823108747519,4.9592,-165.18231087475192,-33.30825755661234,-42.33464877083453
2022-05-18,Sorriso/MT,MT,algodo-em-pluma-ao-produtor,225.5,algodao-bolsa-de-nova-iorque-nybot,2022-07,237.92,390.1823108747519,4.9592,-164.68231087475192,-33.20743484327148,-42.20650354588082
2022-05-19,Oeste da Bahia/BA,BA,algodo-em-pluma-ao-produtor,228.0,algodao-bolsa-de-nova-iorque-nybot,2022-07,238.84,388.579166767176,4.9198,-160.579166767176,-32.63936882945973,-41.32469789956336
2022-05-19,Sorriso/MT,MT,algodo-em-pluma-ao-produtor,225.5,algodao-bolsa-de-nova-iorque-nybot,2022-07,238.84,388.579166767176,4.9198,-163.079166767176,-33.1475195672946,-41.96806744013833
2022-05-20,Oeste da Bahia/BA,BA,algodo-em-pluma-ao-produtor,228.0,algodao-bolsa-de-nova-iorque-nybot,2022-07,228.65,368.817307920765,4.8777,-140.81730792076502,-28.86961230103635,-38.180775385687035
2022-05-20,Sorriso/MT,MT,algodo-em-pluma-ao-produtor,225.5,algodao-bolsa-de-nova-iorque-nybot,2022-07,228.65,368.817307920765,4.8777,-143.31730792076502,-29.38214894740657,-38.85861776084398
2022-05-23,Oeste da Bahia/BA,BA,algodo-em-pluma-ao-produtor,228.0,algodao-bolsa-de-nova-iorque-nybot,2022-07,227.06,360.215597072034,4.7973,-132.21559707203397,-27.56041879224438,-36.70457307976984
2022-05-23,Sorriso/MT,MT,algodo-em-pluma-ao-produtor,225.5,algodao-bolsa-de-nova-iorque-nybot,2022-07,227.06,360.215597072034,4.7973,-134.71559707203397,-28.081545259215385,-37.39860188371973
2022-05-24,Oeste da Bahia/BA,BA,algodo-em-pluma-ao-produtor,228.0,algodao-bolsa-de-nova-iorque-nybot,2022-07,224.67,357.41216832888597,4.8106,-129.41216832888597,-26.901461008790164,-36.20810363955001
2022-05-24,Sorriso/MT,MT,algodo-em-pluma-ao-produtor,225.5,algodao-bolsa-de-nova-iorque-nybot,2022-07,224.67,357.41216832888597,4.8106,-131.91216832888597,-27.42114670288238,-36.90757618736196
2022-05-25,Oeste da Bahia/BA,BA,algodo-em-pluma-ao-produtor,228.0,algodao-bolsa-de-nova-iorque-nybot,2022-07,231.85,370.77412091659494,4.8359,-142.77412091659494,-29.523795139807472,-38.50703510904197
2022-05-25,Sorriso/MT,MT,algodo-em-pluma-ao-produtor,225.5,algodao-bolsa-de-nova-iorque-nybot,2022-07,231.85,370.77412091659494,4.8359,-145.27412091659494,-30.040761991892914,-39.181300074951594
2022-05-26,Oeste da Bahia/BA,BA,algodo-em-pluma-ao-produtor,228.0,algodao-bolsa-de-nova-iorque-nybot,2022-07,221.33,351.08141758242306,4.7967,-123.08141758242306,-25.659602973382334,-35.057798965827445
2022-05-26,Sorriso/MT,MT,algodo-em-pluma-ao-produtor,225.5,algodao-bolsa-de-nova-iorque-nybot,2022-07,221.33,351.08141758242306,4.7967,-125.58141758242306,-26.180794625976826,-35.76988450348285
2022-05-27,Oeste da Bahia/BA,BA,algodo-em-pluma-ao-produtor,228.0,algodao-bolsa-de-nova-iorque-nybot,2022-07,218.54,342.803849366748,4.7434,-114.80384936674801,-24.20286068363368,-33.48966167644324
2022-05-27,Sorriso/MT,MT,algodo-em-pluma-ao-produtor,225.5,algodao-bolsa-de-nova-iorque-nybot,2022-07,218.54,342.803849366748,4.7434,-117.30384936674801,-24.729908792585068,-34.21894170192083
2022-05-31,Oeste da Bahia/BA,BA,algodo-em-pluma-ao-produtor,228.0,algodao-bolsa-de-nova-iorque-nybot,2022-07,218.31,341.396262218187,4.7289,-113.39626221818702,-23.979416400893868,-33.21543753332462
2022-05-31,Sorriso/MT,MT,algodo-em-pluma-ao-produtor,225.5,algodao-bolsa-de-nova-iorque-nybot,2022-07,218.31,341.396262218187,4.7289,-115.89626221818702,-24.508080572265644,-33.94772440247676
2022-06-01,Oeste da Bahia/BA,BA,algodo-em-pluma-ao-produtor,229.5,algodao-bolsa-de-nova-iorque-nybot,2022-07,215.97,341.136518078565,4.7765,-111.63651807856502,-23.37203351377892,-32.7248805573066
2022-06-01,Sorriso/MT,MT,algodo-em-pluma-ao-produtor,225.5,algodao-bolsa-de-nova-iorque-nybot,2022-07,215.97,341.136518078565,4.7765,-115.63651807856502,-24.209466780815454,-33.8974316587043
2022-06-02,Oeste da Bahia/BA,BA,algodo-em-pluma-ao-produtor,229.5,algodao-bolsa-de-nova-iorque-nybot,2022-07,220.81,349.613996495907,4.7879,-120.11399649590697,-25.086989389065558,-34.356175010090936
2022-06-02,Sorriso/MT,MT,algodo-em-pluma-ao-produtor,225.5,algodao-bolsa-de-nova-iorque-nybot,2022-07,220.81,349.613996495907,4.7879,-124.11399649590697,-25.922428725726725,-35.50029396416342
2022-06-03,Oeste da Bahia/BA,BA,algodo-em-pluma-ao-produtor,234.0,algodao-bolsa-de-nova-iorque-nybot,2022-07,218.88,347.115521263104,4.7956,-113.11552126310397,-23.58735533887396,-32.58728415586047
2022-06-03,Sorriso/MT,MT,algodo-em-pluma-ao-produtor,225.5,algodao-bolsa-de-nova-iorque-nybot,2022-07,218.88,347.115521263104,4.7956,-121.61552126310397,-25.359813425453325,-35.03603665447238
2022-06-06,Oeste da Bahia/BA,BA,algodo-em-pluma-ao-produtor,234.0,algodao-bolsa-de-nova-iorque-nybot,2022-07,218.64,345.88897034392795,4.7839,-111.88897034392795,-23.38865159052822,-32.34823308551103
2022-06-06,Sorriso/MT,MT,algodo-em-pluma-ao-produtor,225.5,algodao-bolsa-de-nova-iorque-nybot,2022-07,218.64,345.88897034392795,4.7839,-120.38897034392795,-25.165444583692793,-34.80566906317409
2022-06-07,Oeste da Bahia/BA,BA,algodo-em-pluma-ao-produtor,222.0,algodao-bolsa-de-nova-iorque-nybot,2022-07,220.55,356.714569130535,4.8909,-134.71456913053498,-27.54392220870085,-37.76536782865125
2022-06-07,Sorriso/MT,MT,algodo-em-pluma-ao-produtor,225.5,algodao-bolsa-de-nova-iorque-nybot,2022-07,220.55,356.714569130535,4.8909,-131.21456913053498,-26.828307495662347,-36.784191195319174
2022-06-08,Oeste da Bahia/BA,BA,algodo-em-pluma-ao-produtor,222.0,algodao-bolsa-de-nova-iorque-nybot,2022-07,227.86,367.04569987027804,4.8711,-145.04569987027804,-29.776785504357957,-39.51706828919133
2022-06-08,Sorriso/MT,MT,algodo-em-pluma-ao-produtor,225.5,algodao-bolsa-de-nova-iorque-nybot,2022-07,227.86,367.04569987027804,4.8711,-141.54569987027804,-29.058261967579814,-38.563508555011914
2022-06-09,Oeste da Bahia/BA,BA,algodo-em-pluma-ao-produtor,222.0,algodao-bolsa-de-nova-iorque-nybot,2022-07,237.4,384.29725724082004,4.8951,-162.29725724082004,-33.15504427709752,-42.2322184670489
2022-06-09,Sorriso/MT,MT,algodo-em-pluma-ao-produtor,225.5,algodao-bolsa-de-nova-iorque-nybot,2022-07,237.4,384.29725724082004,4.8951,-158.79725724082004,-32.4400435620968,-41.32146515459247
2022-06-10,Oeste da Bahia/BA,BA,algodo-em-pluma-ao-produtor,222.0,algodao-bolsa-de-nova-iorque-nybot,2022-07,238.89,393.70066613737197,4.9836,-171.70066613737197,-34.453139525116775,-43.61198263186614
2022-06-10,Sorriso/MT,MT,algodo-em-pluma-ao-produtor,225.5,algodao-bolsa-de-nova-iorque-nybot,2022-07,238.89,393.70066613737197,4.9836,-168.20066613737197,-33.7508359694542,-42.722982358044206
2022-06-13,Oeste da Bahia/BA,BA,algodo-em-pluma-ao-produtor,222.0,algodao-bolsa-de-nova-iorque-nybot,2022-07,245.66,414.582101677854,5.1033,-192.58210167785398,-37.73677849192757,-46.4521022249768
2022-06-13,Sorriso/MT,MT,algodo-em-pluma-ao-produtor,225.5,algodao-bolsa-de-nova-iorque-nybot,2022-07,245.66,414.582101677854,5.1033,-189.08210167785398,-37.05094775495346,-45.60787861140661
2022-06-14,Oeste da Bahia/BA,BA,algodo-em-pluma-ao-produtor,222.0,algodao-bolsa-de-nova-iorque-nybot,2022-07,243.88,412.949168083452,5.1203,-190.94916808345198,-37.29257427952502,-46.24035664478285
2022-06-14,Sorriso/MT,MT,algodo-em-pluma-ao-produtor,225.5,algodao-bolsa-de-nova-iorque-nybot,2022-07,243.88,412.949168083452,5.1203,-187.44916808345198,-36.609020581499514,-45.39279469999339
2022-06-15,Oeste da Bahia/BA,BA,algodo-em-pluma-ao-produtor,222.0,algodao-bolsa-de-nova-iorque-nybot,2022-07,239.58,405.002693998386,5.1119,-183.002693998386,-35.7993493609785,-45.185549802568794
2022-06-15,Sorriso/MT,MT,algodo-em-pluma-ao-produtor,225.5,algodao-bolsa-de-nova-iorque-nybot,2022-07,239.58,405.002693998386,5.1119,-179.502693998386,-35.11467243067861,-44.32135802017686
2022-06-17,Oeste da Bahia/BA,BA,algodo-em-pluma-ao-produtor,222.0,algodao-bolsa-de-nova-iorque-nybot,2022-07,242.88,412.13942658979204,5.1313,-190.13942658979204,-37.054825597761194,-46.13473361747562
2022-06-17,Sorriso/MT,MT,algodo-em-pluma-ao-produtor,225.5,algodao-bolsa-de-nova-iorque-nybot,2022-07,242.88,412.13942658979204,5.1313,-186.63942658979204,-36.37273723808626,-45.285506444778164
2022-06-21,Oeste da Bahia/BA,BA,algodo-em-pluma-ao-produtor,222.0,algodao-bolsa-de-nova-iorque-nybot,2022-07,243.93,415.12307838823807,5.1462,-193.12307838823807,-37.52731693059695,-46.52188433802816
2022-06-21,Sorriso/MT,MT,algodo-em-pluma-ao-produtor,225.5,algodao-bolsa-de-nova-iorque-nybot,2022-07,243.93,415.12307838823807,5.1462,-189.62307838823807,-36.847203448804564,-45.67876089290698
2022-06-22,Oeste da Bahia/BA,BA,algodo-em-pluma-ao-produtor,210.0,algodao-bolsa-de-nova-iorque-nybot,2022-07,245.5,418.17649384335,5.1509,-208.17649384335,-40.415557250839655,-49.781969313974265
2022-06-22,Sorriso/MT,MT,algodo-em-pluma-ao-produtor,225.5,algodao-bolsa-de-nova-iorque-nybot,2022-07,245.5,418.17649384335,5.1509,-192.67649384335,-37.40637438959211,-46.075400382386654
2022-06-23,Oeste da Bahia/BA,BA,algodo-em-pluma-ao-produtor,210.0,algodao-bolsa-de-nova-iorque-nybot,2022-07,235.77,404.128883712213,5.1833,-194.128883712213,-37.45275861173634,-48.03637936714651
2022-06-23,Sorriso/MT,MT,algodo-em-pluma-ao-produtor,225.5,algodao-bolsa-de-nova-iorque-nybot,2022-07,235.77,404.128883712213,5.1833,-178.628883712213,-34.46238568329308,-44.20096927281685
2022-06-24,Oeste da Bahia/BA,BA,algodo-em-pluma-ao-produtor,210.0,algodao-bolsa-de-nova-iorque-nybot,2022-07,179.45,310.56491750558996,5.2334,-100.56491750558996,-19.215981485380436,-32.381287079465395
2022-06-24,Sorriso/MT,MT,algodo-em-pluma-ao-produtor,225.5,algodao-bolsa-de-nova-iorque-nybot,2022-07,179.45,310.56491750558996,5.2334,-85.06491750558996,-16.254235775134706,-27.39038207818784
2022-06-27,Oeste da Bahia/BA,BA,algodo-em-pluma-ao-produtor,210.0,algodao-bolsa-de-nova-iorque-nybot,2022-07,173.56,299.682655465512,5.2214,-89.68265546551203,-17.175978753880575,-29.9258745309112
2022-06-27,Sorriso/MT,MT,algodo-em-pluma-ao-produtor,225.5,algodao-bolsa-de-nova-iorque-nybot,2022-07,173.56,299.682655465512,5.2214,-74.18265546551203,-14.207426258381282,-24.75373669866893
2022-06-28,Oeste da Bahia/BA,BA,algodo-em-pluma-ao-produtor,174.0,algodao-bolsa-de-nova-iorque-nybot,2022-07,174.48,301.06925386005594,5.2179,-127.06925386005594,-24.35256594799746,-42.20598823389675
2022-06-28,Sorriso/MT,MT,algodo-em-pluma-ao-produtor,225.5,algodao-bolsa-de-nova-iorque-nybot,2022-07,174.48,301.06925386005594,5.2179,-75.56925386005594,-14.482694927088662,-25.100289349101818
2022-06-29,Oeste da Bahia/BA,BA,algodo-em-pluma-ao-produtor,174.0,algodao-bolsa-de-nova-iorque-nybot,2022-07,179.66,310.53623253338395,5.2268,-136.53623253338395,-26.122337287323784,-43.967891095833956
2022-06-29,Sorriso/MT,MT,algodo-em-pluma-ao-produtor,225.5,algodao-bolsa-de-nova-iorque-nybot,2022-07,179.66,310.53623253338395,5.2268,-85.03623253338395,-16.26927231449146,-27.383674954658378
2022-06-30,Oeste da Bahia/BA,BA,algodo-em-pluma-ao-produtor,174.0,algodao-bolsa-de-nova-iorque-nybot,2022-07,179.08,310.19699178072,5.238,-136.19699178072,-26.001716643894614,-43.906612697584904
2022-06-30,Sorriso/MT,MT,algodo-em-pluma-ao-produtor,225.5,algodao-bolsa-de-nova-iorque-nybot,2022-07,179.08,310.19699178072,5.238,-84.69699178072,-16.16971969849561,-27.304259559226406
2022-07-01,Oeste da Bahia/BA,BA,algodo-em-pluma-ao-produtor,189.0,algodao-bolsa-de-nova-iorque-nybot,2022-07,181.72,319.34904754183196,5.3142,-130.34904754183196,-24.528442200487746,-40.81710859800118
2022-07-01,Sorriso/MT,MT,algodo-em-pluma-ao-produtor,225.5,algodao-bolsa-de-nova-iorque-nybot,2022-07,181.72,319.34904754183196,5.3142,-93.84904754183196,-17.66005185010575,-29.38760840660987
2022-07-05,Oeste da Bahia/BA,BA,algodo-em-pluma-ao-produtor,189.0,algodao-bolsa-de-nova-iorque-nybot,2022-07,178.0,317.2675917246,5.3899,-128.26759172459998,-23.797768367613497,-40.428835175809894
2022-07-05,Sorriso/MT,MT,algodo-em-pluma-ao-produtor,225.5,algodao-bolsa-de-nova-iorque-nybot,2022-07,178.0,317.2675917246,5.3899,-91.76759172459998,-17.025843099983298,-28.924350963730845
2022-07-06,Oeste da Bahia/BA,BA,algodo-em-pluma-ao-produtor,189.0,algodao-bolsa-de-nova-iorque-nybot,2022-07,170.03,305.434656424359,5.4321,-116.43465642435899,-21.434556879357704,-38.12097087718468
2022-07-06,Sorriso/MT,MT,algodo-em-pluma-ao-produtor,225.5,algodao-bolsa-de-nova-iorque-nybot,2022-07,170.03,305.434656424359,5.4321,-79.93465642435899,-14.715240224656945,-26.170788004260032
2022-07-07,Oeste da Bahia/BA,BA,algodo-em-pluma-ao-produtor,189.0,algodao-bolsa-de-nova-iorque-nybot,2022-07,173.59,307.92040857468,5.364,-118.92040857467998,-22.170098541140938,-38.62050233212723
2022-07-07,Sorriso/MT,MT,algodo-em-pluma-ao-produtor,225.5,algodao-bolsa-de-nova-iorque-nybot,2022-07,173.59,307.92040857468,5.364,-82.42040857467998,-15.365475125779266,-26.766789819548624
2022-07-08,Oeste da Bahia/BA,BA,algodo-em-pluma-ao-produtor,189.0,algodao-bolsa-de-nova-iorque-nybot,2022-10,179.16,314.518400601768,5.3086,-125.51840060176801,-23.644350789618354,-39.90812631681125
2022-07-08,Sorriso/MT,MT,algodo-em-pluma-ao-produtor,225.5,algodao-bolsa-de-nova-iorque-nybot,2022-10,179.16,314.518400601768,5.3086,-89.01840060176801,-16.768715028777457,-28.303081928258923
2022-07-11,Oeste da Bahia/BA,BA,algodo-em-pluma-ao-produtor,189.0,algodao-bolsa-de-nova-iorque-nybot,2022-10,181.57,321.0969138190769,5.3477,-132.09691381907692,-24.701631321704085,-41.139266101295306
2022-07-11,Sorriso/MT,MT,algodo-em-pluma-ao-produtor,225.5,algodao-bolsa-de-nova-iorque-nybot,2022-10,181.57,321.0969138190769,5.3477,-95.59691381907692,-17.87626714645117,-29.77198151239202
2022-07-12,Oeste da Bahia/BA,BA,algodo-em-pluma-ao-produtor,168.0,algodao-bolsa-de-nova-iorque-nybot,2022-10,176.76,316.34923080816,5.412,-148.34923080815997,-27.411166076895782,-46.89413355903548
2022-07-12,Sorriso/MT,MT,algodo-em-pluma-ao-produtor,225.5,algodao-bolsa-de-nova-iorque-nybot,2022-10,176.76,316.34923080816,5.412,-90.84923080815997,-16.786628013333328,-28.718018556919656
2022-07-13,Oeste da Bahia/BA,BA,algodo-em-pluma-ao-produtor,168.0,algodao-bolsa-de-nova-iorque-nybot,2022-10,169.75,303.08483034060004,5.3992,-135.08483034060004,-25.01941590246704,-44.56997408573524
2022-07-13,Sorriso/MT,MT,algodo-em-pluma-ao-produtor,225.5,algodao-bolsa-de-nova-iorque-nybot,2022-10,169.75,303.08483034060004,5.3992,-77.58483034060004,-14.369690017150694,-25.598387835317233
2022-07-14,Oeste da Bahia/BA,BA,algodo-em-pluma-ao-produtor,168.0,algodao-bolsa-de-nova-iorque-nybot,2022-10,164.44,296.736183481056,5.4568,-128.736183481056,-23.591882326831843,-43.384053124507034
2022-07-14,Sorriso/MT,MT,algodo-em-pluma-ao-produtor,225.5,algodao-bolsa-de-nova-iorque-nybot,2022-10,164.44,296.736183481056,5.4568,-71.236183481056,-13.054571082146312,-24.006571307002
2022-07-15,Oeste da Bahia/BA,BA,algodo-em-pluma-ao-produtor,168.0,algodao-bolsa-de-nova-iorque-nybot,2022-10,172.16,307.51308210163194,5.4014,-139.51308210163194,-25.82905952190764,-45.368177883087064
2022-07-15,Sorriso/MT,MT,algodo-em-pluma-ao-produtor,225.5,algodao-bolsa-de-nova-iorque-nybot,2022-10,172.16,307.51308210163194,5.4014,-82.01308210163194,-15.183671289227226,-26.66978638473888
2022-07-18,Oeste da Bahia/BA,BA,algodo-em-pluma-ao-produtor,162.0,algodao-bolsa-de-nova-iorque-nybot,2022-10,179.99,319.481292003225,5.3675,-157.481292003225,-29.339784257703776,-49.29280553981086
2022-07-18,Sorriso/MT,MT,algodo-em-pluma-ao-produtor,225.5,algodao-bolsa-de-nova-iorque-nybot,2022-10,179.99,319.481292003225,5.3675,-93.98129200322501,-17.509323149180254,-29.416837340909563
2022-07-19,Oeste da Bahia/BA,BA,algodo-em-pluma-ao-produtor,162.0,algodao-bolsa-de-nova-iorque-nybot,2022-10,179.26,319.543058511072,5.3904,-157.543058511072,-29.226598862991985,-49.302607055572516
2022-07-19,Sorriso/MT,MT,algodo-em-pluma-ao-produtor,225.5,algodao-bolsa-de-nova-iorque-nybot,2022-10,179.26,319.543058511072,5.3904,-94.04305851107199,-17.44639702268329,-29.43048080883705
2022-07-20,Oeste da Bahia/BA,BA,algodo-em-pluma-ao-produtor,162.0,algodao-bolsa-de-nova-iorque-nybot,2022-10,180.91,324.781600716144,5.4288,-162.781600716144,-29.984821823633954,-50.12032712358406
2022-07-20,Sorriso/MT,MT,algodo-em-pluma-ao-produtor,225.5,algodao-bolsa-de-nova-iorque-nybot,2022-10,180.91,324.781600716144,5.4288,-99.281600716144,-18.287945902620102,-30.568726952890156
2022-07-21,Oeste da Bahia/BA,BA,algodo-em-pluma-ao-produtor,172.5,algodao-bolsa-de-nova-iorque-nybot,2022-10,181.15,327.98007730125,5.475,-155.48007730125,-28.398187634931507,-47.405341989245706
2022-07-21,Sorriso/MT,MT,algodo-em-pluma-ao-produtor,225.5,algodao-bolsa-de-nova-iorque-nybot,2022-10,181.15,327.98007730125,5.475,-102.48007730124999,-18.717822338127853,-31.245823875796564
2022-07-22,Oeste da Bahia/BA,BA,algodo-em-pluma-ao-produtor,172.5,algodao-bolsa-de-nova-iorque-nybot,2022-10,180.84,326.055311102664,5.4522,-153.555311102664,-28.163917520022007,-47.09486577089203
2022-07-22,Sorriso/MT,MT,algodo-em-pluma-ao-produtor,225.5,algodao-bolsa-de-nova-iorque-nybot,2022-10,180.84,326.055311102664,5.4522,-100.555311102664,-18.443070889304135,-30.83995496426754
2022-07-25,Oeste da Bahia/BA,BA,algodo-em-pluma-ao-produtor,172.5,algodao-bolsa-de-nova-iorque-nybot,2022-10,173.18,310.07951375385596,5.4144,-137.57951375385596,-25.40992792439716,-44.36910780989803
2022-07-25,Sorriso/MT,MT,algodo-em-pluma-ao-produtor,225.5,algodao-bolsa-de-nova-iorque-nybot,2022-10,173.18,310.07951375385596,5.4144,-84.57951375385596,-15.621216340472808,-27.276717745692796
2022-07-26,Sorriso/MT,MT,algodo-em-pluma-ao-produtor,250.0,algodao-bolsa-de-nova-iorque-nybot,2022-10,177.03,313.83507245983196,5.3608,-63.83507245983196,-11.907751167704813,-20.34032460409672
2022-07-27,Sorriso/MT,MT,algodo-em-pluma-ao-produtor,250.0,algodao-bolsa-de-nova-iorque-nybot,2022-10,174.31,305.934972115542,5.3074,-55.934972115541996,-10.539053418913591,-18.283288023187204
2022-07-28,Sorriso/MT,MT,algodo-em-pluma-ao-produtor,250.0,algodao-bolsa-de-nova-iorque-nybot,2022-10,175.7,303.00008364549,5.2149,-53.00008364549001,-10.163202294481199,-17.491771951951037
2022-08-01,Oeste da Bahia/BA,BA,algodo-em-pluma-ao-produtor,172.5,algodao-bolsa-de-nova-iorque-nybot,2022-10,172.13,293.75263353605396,5.1606,-121.25263353605396,-23.495840316252757,-41.27712220873483
2022-08-01,Sorriso/MT,MT,algodo-em-pluma-ao-produtor,250.0,algodao-bolsa-de-nova-iorque-nybot,2022-10,172.13,293.75263353605396,5.1606,-43.75263353605396,-8.478206707757618,-14.894380012659173
2022-08-02,Oeste da Bahia/BA,BA,algodo-em-pluma-ao-produtor,172.5,algodao-bolsa-de-nova-iorque-nybot,2022-10,175.79,304.201676833263,5.2329,-131.70167683326298,-25.16800948484836,-43.294198179404
2022-08-02,Sorriso/MT,MT,algodo-em-pluma-ao-produtor,250.0,algodao-bolsa-de-nova-iorque-nybot,2022-10,175.79,304.201676833263,5.2329,-54.20167683326298,-10.357865969780233,-17.81767852087536
2022-08-03,Oeste da Bahia/BA,BA,algodo-em-pluma-ao-produtor,172.5,algodao-bolsa-de-nova-iorque-nybot,2022-10,175.23,306.22848331739397,5.2846,-133.72848331739397,-25.305317964915787,-43.66951168901868
2022-08-03,Sorriso/MT,MT,algodo-em-pluma-ao-produtor,250.0,algodao-bolsa-de-nova-iorque-nybot,2022-10,175.23,306.22848331739397,5.2846,-56.228483317393966,-10.640064208718535,-18.36161114350533
2022-08-04,Oeste da Bahia/BA,BA,algodo-em-pluma-ao-produtor,162.0,algodao-bolsa-de-nova-iorque-nybot,2022-10,172.5,298.96474278824996,5.2409,-136.96474278824996,-26.133821059026115,-45.81300842061468
2022-08-04,Sorriso/MT,MT,algodo-em-pluma-ao-produtor,250.0,algodao-bolsa-de-nova-iorque-nybot,2022-10,172.5,298.96474278824996,5.2409,-48.964742788249964,-9.342811881213144,-16.378099414528823
2022-08-05,Oeste da Bahia/BA,BA,algodo-em-pluma-ao-produtor,162.0,algodao-bolsa-de-nova-iorque-nybot,2022-10,174.18,300.47095680921,5.2165,-138.47095680921,-26.54480145868111,-46.0846393540574
2022-08-05,Sorriso/MT,MT,algodo-em-pluma-ao-produtor,250.0,algodao-bolsa-de-nova-iorque-nybot,2022-10,174.18,300.47095680921,5.2165,-50.47095680921001,-9.675252910804181,-16.797282953792283
2022-08-08,Oeste da Bahia/BA,BA,algodo-em-pluma-ao-produtor,162.0,algodao-bolsa-de-nova-iorque-nybot,2022-10,171.65,290.895669895215,5.1247,-128.895669895215,-25.15184691693465,-44.30993075340213
2022-08-08,Sorriso/MT,MT,algodo-em-pluma-ao-produtor,230.0,algodao-bolsa-de-nova-iorque-nybot,2022-10,171.65,290.895669895215,5.1247,-60.89566989521501,-11.88277750799364,-20.9338523042129
2022-08-09,Oeste da Bahia/BA,BA,algodo-em-pluma-ao-produtor,168.0,algodao-bolsa-de-nova-iorque-nybot,2022-10,178.04,301.589402202528,5.1224,-133.589402202528,-26.07945537297517,-44.295124837582314
2022-08-09,Sorriso/MT,MT,algodo-em-pluma-ao-produtor,230.0,algodao-bolsa-de-nova-iorque-nybot,2022-10,178.04,301.589402202528,5.1224,-71.58940220252799,-13.975753983001717,-23.73737328954721
2022-08-10,Oeste da Bahia/BA,BA,algodo-em-pluma-ao-produtor,168.0,algodao-bolsa-de-nova-iorque-nybot,2022-10,179.68,300.047711436528,5.0497,-132.047711436528,-26.149615113081573,-44.008904718628834
2022-08-10,Sorriso/MT,MT,algodo-em-pluma-ao-produtor,230.0,algodao-bolsa-de-nova-iorque-nybot,2022-10,179.68,300.047711436528,5.0497,-70.047711436528,-13.871658006718818,-23.34552431717043
2022-08-11,Oeste da Bahia/BA,BA,algodo-em-pluma-ao-produtor,168.0,algodao-bolsa-de-nova-iorque-nybot,2022-10,188.82,319.244412969702,5.1127,-151.244412969702,-29.582102014532833,-47.37574310628763
2022-08-11,Sorriso/MT,MT,algodo-em-pluma-ao-produtor,230.0,algodao-bolsa-de-nova-iorque-nybot,2022-10,188.82,319.244412969702,5.1127,-89.24441296970201,-17.455437042991377,-27.954886395512823
2022-08-12,Oeste da Bahia/BA,BA,algodo-em-pluma-ao-produtor,168.0,algodao-bolsa-de-nova-iorque-nybot,2022-10,191.87,323.74127129259296,5.1023,-155.74127129259296,-30.523738567428996,-48.106708999680215
2022-08-12,Sorriso/MT,MT,algodo-em-pluma-ao-produtor,230.0,algodao-bolsa-de-nova-iorque-nybot,2022-10,191.87,323.74127129259296,5.1023,-93.74127129259296,-18.37235585767065,-28.95561351146696
2022-08-15,Oeste da Bahia/BA,BA,algodo-em-pluma-ao-produtor,168.0,algodao-bolsa-de-nova-iorque-nybot,2022-10,201.44,339.23585840759995,5.0925,-171.23585840759995,-33.625107198350506,-50.47693342661199
2022-08-15,Sorriso/MT,MT,algodo-em-pluma-ao-produtor,230.0,algodao-bolsa-de-nova-iorque-nybot,2022-10,201.44,339.23585840759995,5.0925,-109.23585840759995,-21.45034038440843,-32.20056361976642
2022-08-16,Oeste da Bahia/BA,BA,algodo-em-pluma-ao-produtor,186.0,algodao-bolsa-de-nova-iorque-nybot,2022-10,207.79,352.78126194498,5.134,-166.78126194497997,-32.485637309111794,-47.27611127231335
2022-08-16,Sorriso/MT,MT,algodo-em-pluma-ao-produtor,220.0,algodao-bolsa-de-nova-iorque-nybot,2022-10,207.79,352.78126194498,5.134,-132.78126194497997,-25.863120752820407,-37.638411182306115
2022-08-17,Oeste da Bahia/BA,BA,algodo-em-pluma-ao-produtor,186.0,algodao-bolsa-de-nova-iorque-nybot,2022-10,202.29,346.4136610854479,5.1784,-160.41366108544793,-30.97745656678664,-46.30696739349421
2022-08-17,Sorriso/MT,MT,algodo-em-pluma-ao-produtor,220.0,algodao-bolsa-de-nova-iorque-nybot,2022-10,202.29,346.4136610854479,5.1784,-126.41366108544793,-24.41172197695194,-36.492111970799606
2022-08-18,Oeste da Bahia/BA,BA,algodo-em-pluma-ao-produtor,186.0,algodao-bolsa-de-nova-iorque-nybot,2022-12,193.42,331.15377638263794,5.1773,-145.15377638263794,-28.03657821309137,-43.83274077929199
2022-08-18,Sorriso/MT,MT,algodo-em-pluma-ao-produtor,220.0,algodao-bolsa-de-nova-iorque-nybot,2022-12,193.42,331.15377638263794,5.1773,-111.15377638263794,-21.46944862817259,-33.565607373356116
2022-08-19,Oeste da Bahia/BA,BA,algodo-em-pluma-ao-produtor,186.0,algodao-bolsa-de-nova-iorque-nybot,2022-12,199.11,342.13348009140304,5.1961,-156.13348009140304,-30.048205402398537,-45.63525324960627
2022-08-19,Sorriso/MT,MT,algodo-em-pluma-ao-produtor,220.0,algodao-bolsa-de-nova-iorque-nybot,2022-12,199.11,342.13348009140304,5.1961,-122.13348009140304,-23.50483633713805,-35.697611370502045
2022-08-22,Oeste da Bahia/BA,BA,algodo-em-pluma-ao-produtor,186.0,algodao-bolsa-de-nova-iorque-nybot,2022-12,194.76,333.03578926741193,5.1709,-147.03578926741193,-28.435241305655097,-44.150146622634956
2022-08-22,Sorriso/MT,MT,algodo-em-pluma-ao-produtor,220.0,algodao-bolsa-de-nova-iorque-nybot,2022-12,194.76,333.03578926741193,5.1709,-113.03578926741193,-21.859983613570545,-33.94103363967575
2022-08-23,Oeste da Bahia/BA,BA,algodo-em-pluma-ao-produtor,208.2,algodao-bolsa-de-nova-iorque-nybot,2022-12,189.65,320.03937777735,5.103,-111.83937777735002,-21.91639776158143,-34.94550531689766
2022-08-23,Sorriso/MT,MT,algodo-em-pluma-ao-produtor,231.0,algodao-bolsa-de-nova-iorque-nybot,2022-12,189.65,320.03937777735,5.103,-89.03937777735001,-17.448437738065845,-27.821381979843217
2022-08-24,Oeste da Bahia/BA,BA,algodo-em-pluma-ao-produtor,208.2,algodao-bolsa-de-nova-iorque-nybot,2022-12,192.76,325.41507358139995,5.105,-117.21507358139996,-22.96083713641527,-36.02017334088845
2022-08-24,Sorriso/MT,MT,algodo-em-pluma-ao-produtor,231.0,algodao-bolsa-de-nova-iorque-nybot,2022-12,192.76,325.41507358139995,5.105,-94.41507358139995,-18.49462753798236,-29.013736992052024
2022-08-25,Oeste da Bahia/BA,BA,algodo-em-pluma-ao-produtor,208.0,algodao-bolsa-de-nova-iorque-nybot,2022-12,193.2,326.94372181548,5.1173,-118.94372181547999,-23.243452956731087,-36.38048810204995
2022-08-25,Sorriso/MT,MT,algodo-em-pluma-ao-produtor,231.0,algodao-bolsa-de-nova-iorque-nybot,2022-12,193.2,326.94372181548,5.1173,-95.94372181547999,-18.748895279831157,-29.345638228718933
2022-08-26,Oeste da Bahia/BA,BA,algodo-em-pluma-ao-produtor,208.0,algodao-bolsa-de-nova-iorque-nybot,2022-12,197.69,332.776831185051,5.0903,-124.77683118505098,-24.512667462635008,-37.49564858247746
2022-08-26,Sorriso/MT,MT,algodo-em-pluma-ao-produtor,231.0,algodao-bolsa-de-nova-iorque-nybot,2022-12,197.69,332.776831185051,5.0903,-101.77683118505098,-19.99426972576292,-30.584109723809107
2022-08-29,Oeste da Bahia/BA,BA,algodo-em-pluma-ao-produtor,208.0,algodao-bolsa-de-nova-iorque-nybot,2022-12,194.11,323.701458170244,5.0428,-115.701458170244,-22.943891919220274,-35.743261344653334
2022-08-29,Sorriso/MT,MT,algodo-em-pluma-ao-produtor,231.0,algodao-bolsa-de-nova-iorque-nybot,2022-12,194.11,323.701458170244,5.0428,-92.701458170244,-18.38293372139367,-28.637948897187115
2022-08-30,Oeste da Bahia/BA,BA,algodo-em-pluma-ao-produtor,206.0,algodao-bolsa-de-nova-iorque-nybot,2022-12,190.17,318.319621727877,5.0617,-112.319621727877,-22.19009852971867,-35.28517064646931
2022-08-30,Sorriso/MT,MT,algodo-em-pluma-ao-produtor,231.0,algodao-bolsa-de-nova-iorque-nybot,2022-12,190.17,318.319621727877,5.0617,-87.319621727877,-17.251046432597153,-27.43142922006996
2022-08-31,Oeste da Bahia/BA,BA,algodo-em-pluma-ao-produtor,206.0,algodao-bolsa-de-nova-iorque-nybot,2022-12,195.05,334.05414711735,5.179,-128.05414711735,-24.72565111360301,-38.3333505128933
2022-08-31,Sorriso/MT,MT,algodo-em-pluma-ao-produtor,231.0,algodao-bolsa-de-nova-iorque-nybot,2022-12,195.05,334.05414711735,5.179,-103.05414711735,-19.898464398020852,-30.849533827564805
2022-09-01,Oeste da Bahia/BA,BA,algodo-em-pluma-ao-produtor,206.0,algodao-bolsa-de-nova-iorque-nybot,2022-12,187.15,321.86713617646507,5.2007,-115.86713617646507,-22.279142457066367,-35.99843635882739
2022-09-01,Sorriso/MT,MT,algodo-em-pluma-ao-produtor,230.0,algodao-bolsa-de-nova-iorque-nybot,2022-12,187.15,321.86713617646507,5.2007,-91.86713617646507,-17.66437905983138,-28.54194350742864
2022-09-02,Oeste da Bahia/BA,BA,algodo-em-pluma-ao-produtor,206.0,algodao-bolsa-de-nova-iorque-nybot,2022-12,176.11,302.12888219639404,5.1878,-96.12888219639404,-18.529797254403416,-31.817177324313867
2022-09-02,Sorriso/MT,MT,algodo-em-pluma-ao-produtor,230.0,algodao-bolsa-de-nova-iorque-nybot,2022-12,176.11,302.12888219639404,5.1878,-72.12888219639404,-13.903558771809639,-23.87354749802034
2022-09-06,Oeste da Bahia/BA,BA,algodo-em-pluma-ao-produtor,192.0,algodao-bolsa-de-nova-iorque-nybot,2022-12,179.09,309.314111577636,5.2228,-117.31411157763603,-22.461919196146898,-37.92717732122961
2022-09-06,Sorriso/MT,MT,algodo-em-pluma-ao-produtor,230.0,algodao-bolsa-de-nova-iorque-nybot,2022-12,179.09,309.314111577636,5.2228,-79.31411157763603,-15.186128432571804,-25.641931166056303
2022-09-08,Oeste da Bahia/BA,BA,algodo-em-pluma-ao-produtor,192.0,algodao-bolsa-de-nova-iorque-nybot,2022-12,178.91,308.5713264877649,5.2155,-116.5713264877649,-22.35093979249639,-37.77775719299928
2022-09-08,Sorriso/MT,MT,algodo-em-pluma-ao-produtor,230.0,algodao-bolsa-de-nova-iorque-nybot,2022-12,178.91,308.5713264877649,5.2155,-78.5713264877649,-15.064965293407136,-25.462938304113724
2022-09-09,Oeste da Bahia/BA,BA,algodo-em-pluma-ao-produtor,192.9,algodao-bolsa-de-nova-iorque-nybot,2022-12,178.55,304.86826264999496,5.1633,-111.96826264999495,-21.6854071330341,-36.72676902368827
2022-09-09,Sorriso/MT,MT,algodo-em-pluma-ao-produtor,230.0,algodao-bolsa-de-nova-iorque-nybot,2022-12,178.55,304.86826264999496,5.1633,-74.86826264999496,-14.500079919817745,-24.557578410825833
2022-09-12,Oeste da Bahia/BA,BA,algodo-em-pluma-ao-produtor,185.4,algodao-bolsa-de-nova-iorque-nybot,2022-12,177.93,301.1618237594669,5.1183,-115.76182375946692,-22.61724083376647,-38.43841238387639
2022-09-12,Sorriso/MT,MT,algodo-em-pluma-ao-produtor,230.0,algodao-bolsa-de-nova-iorque-nybot,2022-12,177.93,301.1618237594669,5.1183,-71.16182375946693,-13.903410069645572,-23.629098426599622
2022-09-13,Oeste da Bahia/BA,BA,algodo-em-pluma-ao-produtor,185.4,algodao-bolsa-de-nova-iorque-nybot,2022-12,175.61,300.783284442762,5.1794,-115.383284442762,-22.277345723976136,-38.36093639861794
2022-09-13,Sorriso/MT,MT,algodo-em-pluma-ao-produtor,230.0,algodao-bolsa-de-nova-iorque-nybot,2022-12,175.61,300.783284442762,5.1794,-70.78328444276201,-13.666309696637063,-23.53298474477953
2022-09-14,Oeste da Bahia/BA,BA,algodo-em-pluma-ao-produtor,187.5,algodao-bolsa-de-nova-iorque-nybot,2022-12,175.94,301.23214132690794,5.1774,-113.73214132690794,-21.967037765462962,-37.755646135875566
2022-09-14,Sorriso/MT,MT,algodo-em-pluma-ao-produtor,230.0,algodao-bolsa-de-nova-iorque-nybot,2022-12,175.94,301.23214132690794,5.1774,-71.23214132690794,-13.758284337101237,-23.646925926674026
2022-09-15,Oeste da Bahia/BA,BA,algodo-em-pluma-ao-produtor,178.5,algodao-bolsa-de-nova-iorque-nybot,2022-12,178.64,308.43646955167196,5.2211,-129.93646955167196,-24.886799630666328,-42.12746623009309
2022-09-15,Sorriso/MT,MT,algodo-em-pluma-ao-produtor,230.0,algodao-bolsa-de-nova-iorque-nybot,2022-12,178.64,308.43646955167196,5.2211,-78.43646955167196,-15.022977830662498,-25.430348643817428
2022-09-16,Oeste da Bahia/BA,BA,algodo-em-pluma-ao-produtor,178.5,algodao-bolsa-de-nova-iorque-nybot,2022-12,173.04,302.607285838704,5.2882,-124.107285838704,-23.46872013893272,-41.01265622033164
2022-09-16,Sorriso/MT,MT,algodo-em-pluma-ao-produtor,230.0,algodao-bolsa-de-nova-iorque-nybot,2022-12,173.04,302.607285838704,5.2882,-72.607285838704,-13.730056699577172,-23.99389877129568
2022-09-19,Oeste da Bahia/BA,BA,algodo-em-pluma-ao-produtor,178.5,algodao-bolsa-de-nova-iorque-nybot,2022-12,164.51,284.88855284528097,5.2367,-106.38855284528097,-20.31595333803368,-37.343919853129066
2022-09-19,Sorriso/MT,MT,algodo-em-pluma-ao-produtor,230.0,algodao-bolsa-de-nova-iorque-nybot,2022-12,164.51,284.88855284528097,5.2367,-54.88855284528097,-10.48151561962323,-19.26667544100664
2022-09-20,Oeste da Bahia/BA,BA,algodo-em-pluma-ao-produtor,178.5,algodao-bolsa-de-nova-iorque-nybot,2022-12,158.95,271.78036447567496,5.1705,-93.28036447567496,-18.04087892383231,-34.321966068311674
2022-09-20,Sorriso/MT,MT,algodo-em-pluma-ao-produtor,230.0,algodao-bolsa-de-nova-iorque-nybot,2022-12,158.95,271.78036447567496,5.1705,-41.78036447567496,-8.080526926926789,-15.372841432558463
2022-09-21,Oeste da Bahia/BA,BA,algodo-em-pluma-ao-produtor,171.0,algodao-bolsa-de-nova-iorque-nybot,2022-12,165.06,282.15657726933597,5.1692,-111.15657726933597,-21.503632529083024,-39.39535216406815
2022-09-21,Sorriso/MT,MT,algodo-em-pluma-ao-produtor,230.0,algodao-bolsa-de-nova-iorque-nybot,2022-12,165.06,282.15657726933597,5.1692,-52.15657726933597,-10.089874113854362,-18.484976594945465
2022-09-22,Oeste da Bahia/BA,BA,algodo-em-pluma-ao-produtor,171.0,algodao-bolsa-de-nova-iorque-nybot,2022-12,163.77,279.870191330697,5.1677,-108.87019133069703,-21.06743644768408,-38.900245436304814
2022-09-22,Sorriso/MT,MT,algodo-em-pluma-ao-produtor,230.0,algodao-bolsa-de-nova-iorque-nybot,2022-12,163.77,279.870191330697,5.1677,-49.870191330697025,-9.650365023259289,-17.819043569298877
2022-09-23,Oeste da Bahia/BA,BA,algodo-em-pluma-ao-produtor,171.0,algodao-bolsa-de-nova-iorque-nybot,2022-12,160.66,277.63693320666596,5.2257,-106.63693320666596,-20.406248580413333,-38.40877075503787
2022-09-23,Sorriso/MT,MT,algodo-em-pluma-ao-produtor,230.0,algodao-bolsa-de-nova-iorque-nybot,2022-12,160.66,277.63693320666596,5.2257,-47.63693320666596,-9.115895134941914,-17.157995752390125
2022-09-26,Oeste da Bahia/BA,BA,algodo-em-pluma-ao-produtor,171.0,algodao-bolsa-de-nova-iorque-nybot,2022-12,157.51,278.917900981764,5.3548,-107.91790098176398,-20.153488642295507,-38.69163671528555
2022-09-26,Sorriso/MT,MT,algodo-em-pluma-ao-produtor,230.0,algodao-bolsa-de-nova-iorque-nybot,2022-12,157.51,278.917900981764,5.3548,-48.91790098176398,-9.13533670384776,-17.538458739857752
2022-09-27,Oeste da Bahia/BA,BA,algodo-em-pluma-ao-produtor,175.5,algodao-bolsa-de-nova-iorque-nybot,2022-12,156.72,277.31166820156795,5.3508,-101.81166820156795,-19.027373140758012,-36.71380611636027
2022-09-27,Sorriso/MT,MT,algodo-em-pluma-ao-produtor,230.0,algodao-bolsa-de-nova-iorque-nybot,2022-12,156.72,277.31166820156795,5.3508,-47.311668201567954,-8.841980302303947,-17.060828528563317
2022-09-28,Oeste da Bahia/BA,BA,algodo-em-pluma-ao-produtor,175.5,algodao-bolsa-de-nova-iorque-nybot,2022-12,156.85,277.98777466977,5.3594,-102.48777466976998,-19.122994116835837,-36.867727291791255
2022-09-28,Sorriso/MT,MT,algodo-em-pluma-ao-produtor,230.0,algodao-bolsa-de-nova-iorque-nybot,2022-12,156.85,277.98777466977,5.3594,-47.987774669769976,-8.95394534271933,-17.262548587532706
2022-09-29,Oeste da Bahia/BA,BA,algodo-em-pluma-ao-produtor,175.5,algodao-bolsa-de-nova-iorque-nybot,2022-12,152.35,271.63462311018,5.3916,-96.13462311017997,-17.830444229946576,-35.391152280019185
2022-09-29,Sorriso/MT,MT,algodo-em-pluma-ao-produtor,230.0,algodao-bolsa-de-nova-iorque-nybot,2022-12,152.35,271.63462311018,5.3916,-41.63462311017997,-7.722127589246229,-15.327436036492376
2022-09-30,Oeste da Bahia/BA,BA,algodo-em-pluma-ao-produtor,156.0,algodao-bolsa-de-nova-iorque-nybot,2022-12,151.55,270.95999946939,5.4066,-114.95999946939003,-21.262900800760185,-42.4269263708708
2022-09-30,Sorriso/MT,MT,algodo-em-pluma-ao-produtor,230.0,algodao-bolsa-de-nova-iorque-nybot,2022-12,151.55,270.95999946939,5.4066,-40.95999946939003,-7.5759256222746325,-15.116622213463366
2022-10-03,Oeste da Bahia/BA,BA,algodo-em-pluma-ao-produtor,162.0,algodao-bolsa-de-nova-iorque-nybot,2022-12,143.68,247.08214804204798,5.2002,-85.08214804204798,-16.361322264922116,-34.4347613602456
2022-10-03,Sorriso/MT,MT,algodo-em-pluma-ao-produtor,230.0,algodao-bolsa-de-nova-iorque-nybot,2022-12,143.68,247.08214804204798,5.2002,-17.082148042047976,-3.2849021272351018,-6.913550079361043
2022-10-04,Oeste da Bahia/BA,BA,algodo-em-pluma-ao-produtor,162.0,algodao-bolsa-de-nova-iorque-nybot,2022-12,151.08,256.85500318988403,5.1411,-94.85500318988403,-18.450332261555705,-36.92939674597695
2022-10-04,Sorriso/MT,MT,algodo-em-pluma-ao-produtor,230.0,algodao-bolsa-de-nova-iorque-nybot,2022-12,151.08,256.85500318988403,5.1411,-26.85500318988403,-5.223590902702541,-10.455316367745056
2022-10-05,Oeste da Bahia/BA,BA,algodo-em-pluma-ao-produtor,162.0,algodao-bolsa-de-nova-iorque-nybot,2022-12,142.57,245.84280062654398,5.2144,-83.84280062654398,-16.079088797664923,-34.10423262868221
2022-10-05,Sorriso/MT,MT,algodo-em-pluma-ao-produtor,230.0,algodao-bolsa-de-nova-iorque-nybot,2022-12,142.57,245.84280062654398,5.2144,-15.842800626543976,-3.0382787332279793,-6.4442808925735156
2022-10-06,Oeste da Bahia/BA,BA,algodo-em-pluma-ao-produtor,162.0,algodao-bolsa-de-nova-iorque-nybot,2022-12,142.83,245.65349178107098,5.2009,-83.65349178107098,-16.084426114916837,-34.05345113336466
2022-10-06,Sorriso/MT,MT,algodo-em-pluma-ao-produtor,230.0,algodao-bolsa-de-nova-iorque-nybot,2022-12,142.83,245.65349178107098,5.2009,-15.653491781070983,-3.0097659599436604,-6.3721837078634085
2022-10-07,Oeste da Bahia/BA,BA,algodo-em-pluma-ao-produtor,162.0,algodao-bolsa-de-nova-iorque-nybot,2022-12,144.84,250.125921812052,5.2221,-88.12592181205201,-16.875571477384963,-35.232622502145546
2022-10-07,Sorriso/MT,MT,algodo-em-pluma-ao-produtor,230.0,algodao-bolsa-de-nova-iorque-nybot,2022-12,144.84,250.125921812052,5.2221,-20.125921812052013,-3.853990121225563,-8.046315898107876
2022-10-10,Oeste da Bahia/BA,BA,algodo-em-pluma-ao-produtor,162.0,algodao-bolsa-de-nova-iorque-nybot,2022-12,151.43,260.104119786159,5.1941,-98.104119786159,-18.88760705149285,-37.717249487172275
2022-10-10,Sorriso/MT,MT,algodo-em-pluma-ao-produtor,230.0,algodao-bolsa-de-nova-iorque-nybot,2022-12,151.43,260.104119786159,5.1941,-30.104119786159004,-5.79582984273676,-11.573872728701371
2022-10-11,Oeste da Bahia/BA,BA,algodo-em-pluma-ao-produtor,157.5,algodao-bolsa-de-nova-iorque-nybot,2022-12,153.39,264.11492619903595,5.2068,-106.61492619903595,-20.47609399228623,-40.366868973808536
2022-10-11,Sorriso/MT,MT,algodo-em-pluma-ao-produtor,230.0,algodao-bolsa-de-nova-iorque-nybot,2022-12,153.39,264.11492619903595,5.2068,-34.11492619903595,-6.551994737465612,-12.916697549053731
2022-10-13,Oeste da Bahia/BA,BA,algodo-em-pluma-ao-produtor,157.5,algodao-bolsa-de-nova-iorque-nybot,2022-12,147.21,258.093735847101,5.3017,-100.59373584710102,-18.973864203387784,-38.9756595668383
2022-10-13,Sorriso/MT,MT,algodo-em-pluma-ao-produtor,230.0,algodao-bolsa-de-nova-iorque-nybot,2022-12,147.21,258.093735847101,5.3017,-28.093735847101016,-5.299005195899619,-10.88509016109721
2022-10-14,Oeste da Bahia/BA,BA,algodo-em-pluma-ao-produtor,157.5,algodao-bolsa-de-nova-iorque-nybot,2022-12,146.28,255.52961342409594,5.2824,-98.02961342409594,-18.55777930942298,-38.3633083111188
2022-10-14,Sorriso/MT,MT,algodo-em-pluma-ao-produtor,230.0,algodao-bolsa-de-nova-iorque-nybot,2022-12,146.28,255.52961342409594,5.2824,-25.529613424095942,-4.83295725883991,-9.990862930522693
2022-10-17,Oeste da Bahia/BA,BA,algodo-em-pluma-ao-produtor,157.5,algodao-bolsa-de-nova-iorque-nybot,2022-12,145.35,253.37150528431496,5.2713,-95.87150528431496,-18.187450018840696,-37.83831381383435
2022-10-17,Sorriso/MT,MT,algodo-em-pluma-ao-produtor,230.0,algodao-bolsa-de-nova-iorque-nybot,2022-12,145.35,253.37150528431496,5.2713,-23.371505284314964,-4.433727028307052,-9.224204299567614
2022-10-18,Oeste da Bahia/BA,BA,algodo-em-pluma-ao-produtor,153.0,algodao-bolsa-de-nova-iorque-nybot,2022-12,143.41,249.91385269016098,5.2697,-96.91385269016098,-18.390772281185072,-38.77890386905169
2022-10-18,Sorriso/MT,MT,algodo-em-pluma-ao-produtor,230.0,algodao-bolsa-de-nova-iorque-nybot,2022-12,143.41,249.91385269016098,5.2697,-19.91385269016098,-3.778934795180177,-7.96828686197313
2022-10-19,Oeste da Bahia/BA,BA,algodo-em-pluma-ao-produtor,153.0,algodao-bolsa-de-nova-iorque-nybot,2022-12,136.7,238.72243535447998,5.2808,-85.72243535447998,-16.23285020346917,-35.90883078383075
2022-10-19,Sorriso/MT,MT,algodo-em-pluma-ao-produtor,230.0,algodao-bolsa-de-nova-iorque-nybot,2022-12,136.7,238.72243535447998,5.2808,-8.722435354479984,-1.651726131358882,-3.6537979103338154
2022-10-20,Oeste da Bahia/BA,BA,algodo-em-pluma-ao-produtor,153.0,algodao-bolsa-de-nova-iorque-nybot,2022-12,133.61,230.53387349044803,5.2176,-77.53387349044803,-14.860064683081882,-33.63231282090117
2022-10-20,Sorriso/MT,MT,algodo-em-pluma-ao-produtor,230.0,algodao-bolsa-de-nova-iorque-nybot,2022-12,133.61,230.53387349044803,5.2176,-0.5338734904480305,-0.10232165946949372,-0.23158136475338884
2022-10-21,Oeste da Bahia/BA,BA,algodo-em-pluma-ao-produtor,150.0,algodao-bolsa-de-nova-iorque-nybot,2022-12,135.29,232.28278145064303,5.1919,-82.28278145064303,-15.848298590235371,-35.423538902355965
2022-10-21,Sorriso/MT,MT,algodo-em-pluma-ao-produtor,230.0,algodao-bolsa-de-nova-iorque-nybot,2022-12,135.29,232.28278145064303,5.1919,-2.2827814506430286,-0.43968132102756763,-0.982759650279153
2022-10-24,Oeste da Bahia/BA,BA,algodo-em-pluma-ao-produtor,150.0,algodao-bolsa-de-nova-iorque-nybot,2022-12,132.67,231.40396381106396,5.2744,-81.40396381106396,-15.433786556018497,-35.1782927441677
2022-10-24,Sorriso/MT,MT,algodo-em-pluma-ao-produtor,230.0,algodao-bolsa-de-nova-iorque-nybot,2022-12,132.67,231.40396381106396,5.2744,-1.40396381106396,-0.26618455389503265,-0.6067155410571379
2022-10-25,Oeste da Bahia/BA,BA,algodo-em-pluma-ao-produtor,150.0,algodao-bolsa-de-nova-iorque-nybot,2022-12,138.05,242.371928579715,5.3091,-92.37192857971499,-17.39879237153472,-38.11164482661378
2022-10-25,Sorriso/MT,MT,algodo-em-pluma-ao-produtor,175.0,algodao-bolsa-de-nova-iorque-nybot,2022-12,138.05,242.371928579715,5.3091,-67.37192857971499,-12.689896325123842,-27.796918964382744
2022-10-26,Oeste da Bahia/BA,BA,algodo-em-pluma-ao-produtor,150.0,algodao-bolsa-de-nova-iorque-nybot,2022-12,138.19,243.33518999961598,5.3248,-93.33518999961598,-17.52839355461538,-38.35663473078566
2022-10-26,Sorriso/MT,MT,algodo-em-pluma-ao-produtor,175.0,algodao-bolsa-de-nova-iorque-nybot,2022-12,138.19,243.33518999961598,5.3248,-68.33518999961598,-12.833381535384612,-28.08274051924994
2022-10-27,Oeste da Bahia/BA,BA,algodo-em-pluma-ao-produtor,132.0,algodao-bolsa-de-nova-iorque-nybot,2022-12,131.89,231.173113310931,5.3003,-99.173113310931,-18.71084906720959,-42.89993411887039
2022-10-27,Sorriso/MT,MT,algodo-em-pluma-ao-produtor,175.0,algodao-bolsa-de-nova-iorque-nybot,2022-12,131.89,231.173113310931,5.3003,-56.173113310931,-10.598100732209687,-24.299155081835746
2022-10-28,Oeste da Bahia/BA,BA,algodo-em-pluma-ao-produtor,132.0,algodao-bolsa-de-nova-iorque-nybot,2022-12,126.86,224.24869190869197,5.3454,-92.24869190869197,-17.257584448065995,-41.13678038588209
2022-10-28,Sorriso/MT,MT,algodo-em-pluma-ao-produtor,175.0,algodao-bolsa-de-nova-iorque-nybot,2022-12,126.86,224.24869190869197,5.3454,-49.24869190869197,-9.213284676299617,-21.96164066310126
2022-10-31,Oeste da Bahia/BA,BA,algodo-em-pluma-ao-produtor,132.0,algodao-bolsa-de-nova-iorque-nybot,2022-12,124.05,215.65510717905,5.257,-83.65510717904999,-15.913088677772492,-38.79115513345781
2022-10-31,Sorriso/MT,MT,algodo-em-pluma-ao-produtor,175.0,algodao-bolsa-de-nova-iorque-nybot,2022-12,124.05,215.65510717905,5.257,-40.65510717904999,-7.733518580758987,-18.85191021481149
2022-11-01,Oeste da Bahia/BA,BA,algodo-em-pluma-ao-produtor,132.0,algodao-bolsa-de-nova-iorque-nybot,2022-12,126.49,215.42119148549997,5.15,-83.42119148549997,-16.198289608834944,-38.724691340830816
2022-11-01,Sorriso/MT,MT,algodo-em-pluma-ao-produtor,175.0,algodao-bolsa-de-nova-iorque-nybot,2022-12,126.49,215.42119148549997,5.15,-40.421191485499975,-7.84877504572815,-18.763795338222668
2022-11-03,Oeste da Bahia/BA,BA,algodo-em-pluma-ao-produtor,132.0,algodao-bolsa-de-nova-iorque-nybot,2022-12,140.53,238.630548005421,5.1349,-106.63054800542099,-20.765847047736273,-44.6843662291714
2022-11-03,Sorriso/MT,MT,algodo-em-pluma-ao-produtor,172.0,algodao-bolsa-de-nova-iorque-nybot,2022-12,140.53,238.630548005421,5.1349,-66.63054800542099,-12.97601667129272,-27.92205296528395
2022-11-04,Oeste da Bahia/BA,BA,algodo-em-pluma-ao-produtor,132.0,algodao-bolsa-de-nova-iorque-nybot,2022-12,144.6,240.81249448079998,5.036,-108.81249448079998,-21.606929007307386,-45.185568429662865
2022-11-04,Sorriso/MT,MT,algodo-em-pluma-ao-produtor,172.0,algodao-bolsa-de-nova-iorque-nybot,2022-12,144.6,240.81249448079998,5.036,-68.81249448079998,-13.664117251945987,-28.575134620469793
2022-11-07,Oeste da Bahia/BA,BA,algodo-em-pluma-ao-produtor,132.0,algodao-bolsa-de-nova-iorque-nybot,2022-12,149.0,250.73189557019995,5.0886,-118.73189557019995,-23.332919775616077,-47.35412513042537
2022-11-07,Sorriso/MT,MT,algodo-em-pluma-ao-produtor,172.0,algodao-bolsa-de-nova-iorque-nybot,2022-12,149.0,250.73189557019995,5.0886,-78.73189557019995,-15.472211525802766,-31.400829715402757
2022-11-08,Oeste da Bahia/BA,BA,algodo-em-pluma-ao-produtor,132.0,algodao-bolsa-de-nova-iorque-nybot,2022-12,149.9,256.49956509408,5.1744,-124.49956509408003,-24.06067661836735,-48.5379244399169
2022-11-08,Sorriso/MT,MT,algodo-em-pluma-ao-produtor,180.0,algodao-bolsa-de-nova-iorque-nybot,2022-12,149.9,256.49956509408,5.1744,-76.49956509408003,-14.784238770500933,-29.824442418068497
2022-11-09,Oeste da Bahia/BA,BA,algodo-em-pluma-ao-produtor,132.0,algodao-bolsa-de-nova-iorque-nybot,2022-12,148.17,252.97581060684894,5.1629,-120.97581060684894,-23.431755526322213,-47.821098118688546
2022-11-09,Sorriso/MT,MT,algodo-em-pluma-ao-produtor,180.0,algodao-bolsa-de-nova-iorque-nybot,2022-12,148.17,252.97581060684894,5.1629,-72.97581060684894,-14.134655059530292,-28.846951980029832
2022-11-10,Oeste da Bahia/BA,BA,algodo-em-pluma-ao-produtor,132.0,algodao-bolsa-de-nova-iorque-nybot,2022-12,153.97,270.18491394074397,5.3064,-138.18491394074397,-26.04117931945273,-51.14457055550119
2022-11-10,Sorriso/MT,MT,algodo-em-pluma-ao-produtor,180.0,algodao-bolsa-de-nova-iorque-nybot,2022-12,153.97,270.18491394074397,5.3064,-90.18491394074397,-16.995498631980997,-33.37895984841071
2022-11-11,Oeste da Bahia/BA,BA,algodo-em-pluma-ao-produtor,132.0,algodao-bolsa-de-nova-iorque-nybot,2022-12,155.75,273.24148189222495,5.3051,-141.24148189222495,-26.623717157494664,-51.69108325504362
2022-11-11,Sorriso/MT,MT,algodo-em-pluma-ao-produtor,180.0,algodao-bolsa-de-nova-iorque-nybot,2022-12,155.75,273.24148189222495,5.3051,-93.24148189222495,-17.575819851129094,-34.124204438695855
2022-11-14,Oeste da Bahia/BA,BA,algodo-em-pluma-ao-produtor,132.0,algodao-bolsa-de-nova-iorque-nybot,2022-12,148.9,261.03700705401,5.3013,-129.03700705401002,-24.34063476015506,-49.432457301853574
2022-11-14,Sorriso/MT,MT,algodo-em-pluma-ao-produtor,180.0,algodao-bolsa-de-nova-iorque-nybot,2022-12,148.9,261.03700705401,5.3013,-81.03700705401002,-15.286251872938715,-31.044259957073063
2022-11-16,Oeste da Bahia/BA,BA,algodo-em-pluma-ao-produtor,132.0,algodao-bolsa-de-nova-iorque-nybot,2022-12,157.34,276.82699131304804,5.3204,-144.82699131304804,-27.221071970725514,-52.31678841217884
2022-11-16,Sorriso/MT,MT,algodo-em-pluma-ao-produtor,180.0,algodao-bolsa-de-nova-iorque-nybot,2022-12,157.34,276.82699131304804,5.3204,-96.82699131304804,-18.199193916443882,-34.977438743880235
2022-11-17,Oeste da Bahia/BA,BA,algodo-em-pluma-ao-produtor,132.0,algodao-bolsa-de-nova-iorque-nybot,2022-12,156.29,282.47895102553497,5.4655,-150.47895102553497,-27.532513223956634,-53.27085451118525
2022-11-17,Sorriso/MT,MT,algodo-em-pluma-ao-produtor,180.0,algodao-bolsa-de-nova-iorque-nybot,2022-12,156.29,282.47895102553497,5.4655,-102.47895102553497,-18.75015113448632,-36.27843796979807
2022-11-18,Oeste da Bahia/BA,BA,algodo-em-pluma-ao-produtor,132.0,algodao-bolsa-de-nova-iorque-nybot,2022-12,151.23,267.44223317100295,5.3477,-135.44223317100295,-25.327193591825075,-50.643547043821236
2022-11-18,Sorriso/MT,MT,algodo-em-pluma-ao-produtor,180.0,algodao-bolsa-de-nova-iorque-nybot,2022-12,151.23,267.44223317100295,5.3477,-87.44223317100295,-16.35137221067056,-32.695745968847135
2022-11-21,Oeste da Bahia/BA,BA,algodo-em-pluma-ao-produtor,132.0,algodao-bolsa-de-nova-iorque-nybot,2022-12,142.78,251.46954003738597,5.3259,-119.46954003738597,-22.431803082556183,-47.50855313117622
2022-11-21,Sorriso/MT,MT,algodo-em-pluma-ao-produtor,180.0,algodao-bolsa-de-nova-iorque-nybot,2022-12,142.78,251.46954003738597,5.3259,-71.46954003738597,-13.419241825303887,-28.420754269785753
2022-11-22,Oeste da Bahia/BA,BA,algodo-em-pluma-ao-produtor,153.0,algodao-bolsa-de-nova-iorque-nybot,2022-12,148.33,261.636823639191,5.3339,-108.636823639191,-20.367240413054425,-41.52199301616889
2022-11-22,Sorriso/MT,MT,algodo-em-pluma-ao-produtor,180.0,algodao-bolsa-de-nova-iorque-nybot,2022-12,148.33,261.636823639191,5.3339,-81.636823639191,-15.305278246534618,-31.202344724904574
2022-11-23,Oeste da Bahia/BA,BA,algodo-em-pluma-ao-produtor,156.0,algodao-bolsa-de-nova-iorque-nybot,2022-12,149.06,265.83768064194,5.393,-109.83768064193998,-20.366712524001482,-41.3175740838191
2022-11-23,Sorriso/MT,MT,algodo-em-pluma-ao-produtor,180.0,algodao-bolsa-de-nova-iorque-nybot,2022-12,149.06,265.83768064194,5.393,-85.83768064193998,-15.916499284617094,-32.28950855825281
2022-11-25,Oeste da Bahia/BA,BA,algodo-em-pluma-ao-produtor,156.0,algodao-bolsa-de-nova-iorque-nybot,2022-12,145.52,257.493580632288,5.3508,-101.493580632288,-18.967926409562683,-39.41596539341508
2022-11-25,Sorriso/MT,MT,algodo-em-pluma-ao-produtor,180.0,algodao-bolsa-de-nova-iorque-nybot,2022-12,145.52,257.493580632288,5.3508,-77.493580632288,-14.482615801803096,-30.095344684709712
2022-11-28,Oeste da Bahia/BA,BA,algodo-em-pluma-ao-produtor,156.0,algodao-bolsa-de-nova-iorque-nybot,2022-12,142.15,252.88429032701995,5.3796,-96.88429032701995,-18.009571404383216,-38.31170777818307
2022-11-28,Sorriso/MT,MT,algodo-em-pluma-ao-produtor,180.0,algodao-bolsa-de-nova-iorque-nybot,2022-12,142.15,252.88429032701995,5.3796,-72.88429032701995,-13.54827316659602,-28.82120128251892
2022-11-29,Oeste da Bahia/BA,BA,algodo-em-pluma-ao-produtor,156.0,algodao-bolsa-de-nova-iorque-nybot,2022-12,142.75,250.5528253107,5.3076,-94.5528253107,-17.814610240165045,-37.73768074395051
2022-11-29,Sorriso/MT,MT,algodo-em-pluma-ao-produtor,175.0,algodao-bolsa-de-nova-iorque-nybot,2022-12,142.75,250.5528253107,5.3076,-75.5528253107,-14.234837838326174,-30.154449552508588
2022-11-30,Oeste da Bahia/BA,BA,algodo-em-pluma-ao-produtor,144.0,algodao-bolsa-de-nova-iorque-nybot,2022-12,148.05,259.19436416296503,5.2941,-115.19436416296503,-21.759007983031115,-44.44323646271031
2022-11-30,Sorriso/MT,MT,algodo-em-pluma-ao-produtor,175.0,algodao-bolsa-de-nova-iorque-nybot,2022-12,148.05,259.19436416296503,5.2941,-84.19436416296503,-15.903432908891979,-32.483099867877115
2022-12-01,Oeste da Bahia/BA,BA,algodo-em-pluma-ao-produtor,144.0,algodao-bolsa-de-nova-iorque-nybot,2022-12,147.76,253.83453930806394,5.1948,-109.83453930806394,-21.14316995997227,-43.270131640660715
2022-12-01,Sorriso/MT,MT,algodo-em-pluma-ao-produtor,175.0,algodao-bolsa-de-nova-iorque-nybot,2022-12,147.76,253.83453930806394,5.1948,-78.83453930806394,-15.175663992466301,-31.057451646636284
2022-12-02,Oeste da Bahia/BA,BA,algodo-em-pluma-ao-produtor,159.0,algodao-bolsa-de-nova-iorque-nybot,2022-12,145.48,250.04284776213598,5.1974,-91.04284776213598,-17.516998453483662,-36.41089860276443
2022-12-02,Sorriso/MT,MT,algodo-em-pluma-ao-produtor,175.0,algodao-bolsa-de-nova-iorque-nybot,2022-12,145.48,250.04284776213598,5.1974,-75.04284776213598,-14.438536145406545,-30.011995317508028
2022-12-05,Oeste da Bahia/BA,BA,algodo-em-pluma-ao-produtor,159.0,algodao-bolsa-de-nova-iorque-nybot,2022-12,148.31,257.310101573712,5.2464,-98.31010157371202,-18.738582947108878,-38.20685661870487
2022-12-05,Sorriso/MT,MT,algodo-em-pluma-ao-produtor,175.0,algodao-bolsa-de-nova-iorque-nybot,2022-12,148.31,257.310101573712,5.2464,-82.31010157371202,-15.688872669585242,-31.988678668385866
2022-12-06,Oeste da Bahia/BA,BA,algodo-em-pluma-ao-produtor,159.0,algodao-bolsa-de-nova-iorque-nybot,2022-12,148.81,257.84294455906803,5.2396,-98.84294455906803,-18.864597404204144,-38.33455467555932
2022-12-06,Sorriso/MT,MT,algodo-em-pluma-ao-produtor,175.0,algodao-bolsa-de-nova-iorque-nybot,2022-12,148.81,257.84294455906803,5.2396,-82.84294455906803,-15.810929185256132,-32.129226844169054
2022-12-07,Oeste da Bahia/BA,BA,algodo-em-pluma-ao-produtor,159.0,algodao-bolsa-de-nova-iorque-nybot,2022-12,142.33,245.730185109552,5.2208,-86.730185109552,-16.612432023741956,-35.29488453804962
2022-12-07,Sorriso/MT,MT,algodo-em-pluma-ao-produtor,180.0,algodao-bolsa-de-nova-iorque-nybot,2022-12,142.33,245.730185109552,5.2208,-65.730185109552,-12.590059973481459,-26.748925892131652
2022-12-08,Oeste da Bahia/BA,BA,algodo-em-pluma-ao-produtor,159.0,algodao-bolsa-de-nova-iorque-nybot,2023-03,139.3,239.95997784759004,5.2091,-80.95997784759004,-15.542027960221542,-33.738950375721224
2022-12-08,Sorriso/MT,MT,algodo-em-pluma-ao-produtor,180.0,algodao-bolsa-de-nova-iorque-nybot,2023-03,139.3,239.95997784759004,5.2091,-59.95997784759004,-11.510621383269669,-24.987490991382515
2022-12-09,Oeste da Bahia/BA,BA,algodo-em-pluma-ao-produtor,154.2,algodao-bolsa-de-nova-iorque-nybot,2023-03,140.54,243.51352347511195,5.2396,-89.31352347511196,-17.045866759888533,-36.67702811759453
2022-12-09,Sorriso/MT,MT,algodo-em-pluma-ao-produtor,180.0,algodao-bolsa-de-nova-iorque-nybot,2023-03,140.54,243.51352347511195,5.2396,-63.51352347511195,-12.121826756834864,-26.08213398940995
2022-12-12,Oeste da Bahia/BA,BA,algodo-em-pluma-ao-produtor,154.2,algodao-bolsa-de-nova-iorque-nybot,2023-03,139.41,244.644401602458,5.3066,-90.44440160245802,-17.04375713309049,-36.96974098325302
2022-12-12,Sorriso/MT,MT,algodo-em-pluma-ao-produtor,180.0,algodao-bolsa-de-nova-iorque-nybot,2023-03,139.41,244.644401602458,5.3066,-64.644401602458,-12.181887009093959,-26.423822159439315
2022-12-13,Oeste da Bahia/BA,BA,algodo-em-pluma-ao-produtor,154.2,algodao-bolsa-de-nova-iorque-nybot,2023-03,143.34,249.65914269007797,5.2669,-95.45914269007798,-18.124350697768705,-38.23578886857715
2022-12-13,Sorriso/MT,MT,algodo-em-pluma-ao-produtor,180.0,algodao-bolsa-de-nova-iorque-nybot,2023-03,143.34,249.65914269007797,5.2669,-69.65914269007797,-13.225833543465411,-27.901699068377994
2022-12-14,Oeste da Bahia/BA,BA,algodo-em-pluma-ao-produtor,154.2,algodao-bolsa-de-nova-iorque-nybot,2023-03,142.61,251.86338349543803,5.3406,-97.66338349543804,-18.286968410934733,-38.77633268482118
2022-12-14,Sorriso/MT,MT,algodo-em-pluma-ao-produtor,180.0,algodao-bolsa-de-nova-iorque-nybot,2023-03,142.61,251.86338349543803,5.3406,-71.86338349543803,-13.456050536538596,-28.532684067884635
2022-12-15,Oeste da Bahia/BA,BA,algodo-em-pluma-ao-produtor,154.2,algodao-bolsa-de-nova-iorque-nybot,2023-03,142.55,250.70618914984502,5.3183,-96.50618914984503,-18.146059671294406,-38.49374021323585
2022-12-15,Sorriso/MT,MT,algodo-em-pluma-ao-produtor,180.0,algodao-bolsa-de-nova-iorque-nybot,2023-03,142.55,250.70618914984502,5.3183,-70.70618914984502,-13.294885423884516,-28.202809587434842
2022-12-16,Oeste da Bahia/BA,BA,algodo-em-pluma-ao-produtor,154.2,algodao-bolsa-de-nova-iorque-nybot,2023-03,143.31,250.25615599069798,5.2806,-96.05615599069799,-18.19038669671969,-38.38313411729556
2022-12-16,Sorriso/MT,MT,algodo-em-pluma-ao-produtor,180.0,algodao-bolsa-de-nova-iorque-nybot,2023-03,143.31,250.25615599069798,5.2806,-70.25615599069798,-13.304578265859558,-28.07369741318547
2022-12-19,Oeste da Bahia/BA,BA,algodo-em-pluma-ao-produtor,154.2,algodao-bolsa-de-nova-iorque-nybot,2023-03,147.64,259.54580318831995,5.316,-105.34580318831996,-19.81674251097065,-40.588521137397734
2022-12-19,Sorriso/MT,MT,algodo-em-pluma-ao-produtor,180.0,algodao-bolsa-de-nova-iorque-nybot,2023-03,147.64,259.54580318831995,5.316,-79.54580318831995,-14.96346937327313,-30.648079148713304
2022-12-20,Oeste da Bahia/BA,BA,algodo-em-pluma-ao-produtor,151.5,algodao-bolsa-de-nova-iorque-nybot,2023-03,151.34,262.381819081074,5.2427,-110.88181908107401,-21.14975472200851,-42.25971885910752
2022-12-20,Sorriso/MT,MT,algodo-em-pluma-ao-produtor,180.0,algodao-bolsa-de-nova-iorque-nybot,2023-03,151.34,262.381819081074,5.2427,-82.38181908107401,-15.713624483772486,-31.397685773197054
2022-12-21,Oeste da Bahia/BA,BA,algodo-em-pluma-ao-produtor,151.5,algodao-bolsa-de-nova-iorque-nybot,2023-03,151.84,261.260269141872,5.2031,-109.76026914187202,-21.095168100146452,-42.011848760007574
2022-12-21,Sorriso/MT,MT,algodo-em-pluma-ao-produtor,180.0,algodao-bolsa-de-nova-iorque-nybot,2023-03,151.84,261.260269141872,5.2031,-81.26026914187202,-15.61766430433242,-31.103186645553553
2022-12-22,Oeste da Bahia/BA,BA,algodo-em-pluma-ao-produtor,151.5,algodao-bolsa-de-nova-iorque-nybot,2023-03,144.4,247.69475814731996,5.1871,-96.19475814731996,-18.544997811362794,-38.83600883071848
2022-12-22,Sorriso/MT,MT,algodo-em-pluma-ao-produtor,180.0,algodao-bolsa-de-nova-iorque-nybot,2023-03,144.4,247.69475814731996,5.1871,-67.69475814731996,-13.050598243203323,-27.32991148204176
2022-12-23,Oeste da Bahia/BA,BA,algodo-em-pluma-ao-produtor,165.0,algodao-bolsa-de-nova-iorque-nybot,2023-03,145.68,247.83812017667998,5.1445,-82.83812017667998,-16.102268476368934,-33.42428522199328
2022-12-23,Sorriso/MT,MT,algodo-em-pluma-ao-produtor,180.0,algodao-bolsa-de-nova-iorque-nybot,2023-03,145.68,247.83812017667998,5.1445,-67.83812017667998,-13.186533225129747,-27.371947514901755
2022-12-27,Oeste da Bahia/BA,BA,algodo-em-pluma-ao-produtor,165.0,algodao-bolsa-de-nova-iorque-nybot,2023-03,147.37,257.472670252512,5.2832,-92.47267025251199,-17.503155332471227,-35.9155284954403
2022-12-27,Sorriso/MT,MT,algodo-em-pluma-ao-produtor,180.0,algodao-bolsa-de-nova-iorque-nybot,2023-03,147.37,257.472670252512,5.2832,-77.47267025251199,-14.663966961786794,-30.089667449571238
2022-12-28,Oeste da Bahia/BA,BA,algodo-em-pluma-ao-produtor,165.0,algodao-bolsa-de-nova-iorque-nybot,2023-03,144.55,252.08690352384,5.2736,-87.08690352384,-16.513748392718444,-34.54638154798238
2022-12-28,Sorriso/MT,MT,algodo-em-pluma-ao-produtor,180.0,algodao-bolsa-de-nova-iorque-nybot,2023-03,144.55,252.08690352384,5.2736,-72.08690352384,-13.66939159660194,-28.596052597798955
2022-12-29,Oeste da Bahia/BA,BA,algodo-em-pluma-ao-produtor,165.0,algodao-bolsa-de-nova-iorque-nybot,2023-03,144.57,249.44929913207696,5.2177,-84.44929913207696,-16.185158045130414,-33.85429400920595
2022-12-29,Sorriso/MT,MT,algodo-em-pluma-ao-produtor,180.0,algodao-bolsa-de-nova-iorque-nybot,2023-03,144.57,249.44929913207696,5.2177,-69.44929913207696,-13.31032813923318,-27.84104801004285
2023-01-03,Oeste da Bahia/BA,BA,algodo-em-pluma-ao-produtor,165.0,algodao-bolsa-de-nova-iorque-nybot,2023-03,150.11,266.86142977985696,5.3759,-101.86142977985696,-18.947791026592192,-38.1701581468277
2023-01-03,Sorriso/MT,MT,algodo-em-pluma-ao-produtor,180.0,algodao-bolsa-de-nova-iorque-nybot,2023-03,150.11,266.86142977985696,5.3759,-86.86142977985696,-16.15756055355512,-32.54926343290295
2023-01-04,Oeste da Bahia/BA,BA,algodo-em-pluma-ao-produtor,165.0,algodao-bolsa-de-nova-iorque-nybot,2023-03,144.97,261.07951863123895,5.4459,-96.07951863123895,-17.642541844550756,-36.80086401834768
2023-01-04,Sorriso/MT,MT,algodo-em-pluma-ao-produtor,180.0,algodao-bolsa-de-nova-iorque-nybot,2023-03,144.97,261.07951863123895,5.4459,-81.07951863123895,-14.88817617496446,-31.055488020015652
2023-01-05,Oeste da Bahia/BA,BA,algodo-em-pluma-ao-produtor,165.0,algodao-bolsa-de-nova-iorque-nybot,2023-03,146.37,261.50493500346596,5.4026,-96.50493500346596,-17.862683708485907,-36.90367640755495
2023-01-05,Sorriso/MT,MT,algodo-em-pluma-ao-produtor,180.0,algodao-bolsa-de-nova-iorque-nybot,2023-03,146.37,261.50493500346596,5.4026,-81.50493500346596,-15.08624273562099,-31.16764699005994
2023-01-06,Oeste da Bahia/BA,BA,algodo-em-pluma-ao-produtor,166.5,algodao-bolsa-de-nova-iorque-nybot,2023-03,148.47,259.507424612205,5.2855,-93.007424612205,-17.59671263119951,-35.83998598544557
2023-01-06,Sorriso/MT,MT,algodo-em-pluma-ao-produtor,180.0,algodao-bolsa-de-nova-iorque-nybot,2023-03,148.47,259.507424612205,5.2855,-79.507424612205,-15.042555030215684,-30.637822686968185
2023-01-09,Oeste da Bahia/BA,BA,algodo-em-pluma-ao-produtor,166.5,algodao-bolsa-de-nova-iorque-nybot,2023-03,149.97,262.684694516607,5.2967,-96.18469451660701,-18.159362341950082,-36.616025419222204
2023-01-09,Sorriso/MT,MT,algodo-em-pluma-ao-produtor,180.0,algodao-bolsa-de-nova-iorque-nybot,2023-03,149.97,262.684694516607,5.2967,-82.68469451660701,-15.610605568864955,-31.476784236996973
2023-01-10,Oeste da Bahia/BA,BA,algodo-em-pluma-ao-produtor,166.5,algodao-bolsa-de-nova-iorque-nybot,2023-03,145.75,252.536065637625,5.2395,-86.036065637625,-16.420663352920126,-34.06882316804678
2023-01-10,Sorriso/MT,MT,algodo-em-pluma-ao-produtor,175.0,algodao-bolsa-de-nova-iorque-nybot,2023-03,145.75,252.536065637625,5.2395,-77.536065637625,-14.798371149465599,-30.702967293742855
2023-01-11,Oeste da Bahia/BA,BA,algodo-em-pluma-ao-produtor,166.5,algodao-bolsa-de-nova-iorque-nybot,2023-03,144.34,248.30304807924003,5.202,-81.80304807924003,-15.725307204775092,-32.94484248664339
2023-01-11,Sorriso/MT,MT,algodo-em-pluma-ao-produtor,175.0,algodao-bolsa-de-nova-iorque-nybot,2023-03,144.34,248.30304807924003,5.202,-73.30304807924003,-14.091320276670517,-29.521606217192755
2023-01-12,Oeste da Bahia/BA,BA,algodo-em-pluma-ao-produtor,168.0,algodao-bolsa-de-nova-iorque-nybot,2023-03,138.09,234.72013734179995,5.14,-66.72013734179995,-12.980571467276256,-28.425399753682807
2023-01-12,Sorriso/MT,MT,algodo-em-pluma-ao-produtor,175.0,algodao-bolsa-de-nova-iorque-nybot,2023-03,138.09,234.72013734179995,5.14,-59.720137341799955,-11.6187037629961,-25.44312474341959
2023-01-13,Oeste da Bahia/BA,BA,algodo-em-pluma-ao-produtor,168.0,algodao-bolsa-de-nova-iorque-nybot,2023-03,138.78,234.72727634228403,5.1146,-66.72727634228403,-13.04643106836977,-28.427576625130254
2023-01-13,Sorriso/MT,MT,algodo-em-pluma-ao-produtor,175.0,algodao-bolsa-de-nova-iorque-nybot,2023-03,138.78,234.72727634228403,5.1146,-59.72727634228403,-11.677800090385176,-25.44539231784401
2023-01-17,Oeste da Bahia/BA,BA,algodo-em-pluma-ao-produtor,168.0,algodao-bolsa-de-nova-iorque-nybot,2023-03,139.95,236.96996913760498,5.1203,-68.96996913760498,-13.469907844775692,-29.104940760470427
2023-01-17,Sorriso/MT,MT,algodo-em-pluma-ao-produtor,180.0,algodao-bolsa-de-nova-iorque-nybot,2023-03,139.95,236.96996913760498,5.1203,-56.96996913760498,-11.126295165831099,-24.041007957646883
2023-01-18,Oeste da Bahia/BA,BA,algodo-em-pluma-ao-produtor,168.0,algodao-bolsa-de-nova-iorque-nybot,2023-03,144.72,243.63973708826398,5.0909,-75.63973708826398,-14.857832031323337,-31.04573087798965
2023-01-18,Sorriso/MT,MT,algodo-em-pluma-ao-produtor,180.0,algodao-bolsa-de-nova-iorque-nybot,2023-03,144.72,243.63973708826398,5.0909,-63.639737088263985,-12.50068496498929,-26.1204259407032
2023-01-19,Oeste da Bahia/BA,BA,algodo-em-pluma-ao-produtor,164.7,algodao-bolsa-de-nova-iorque-nybot,2023-03,142.57,245.84280062654398,5.2144,-81.14280062654399,-15.56129192745934,-33.00596983916025
2023-01-19,Sorriso/MT,MT,algodo-em-pluma-ao-produtor,180.0,algodao-bolsa-de-nova-iorque-nybot,2023-03,142.57,245.84280062654398,5.2144,-65.84280062654398,-12.627109662961026,-26.782480698535792
2023-01-20,Oeste da Bahia/BA,BA,algodo-em-pluma-ao-produtor,164.7,algodao-bolsa-de-nova-iorque-nybot,2023-03,149.09,256.306676496882,5.1986,-91.60667649688202,-17.621412783611362,-35.741041844454806
2023-01-20,Sorriso/MT,MT,algodo-em-pluma-ao-produtor,180.0,algodao-bolsa-de-nova-iorque-nybot,2023-03,149.09,256.306676496882,5.1986,-76.306676496882,-14.678312718209135,-29.771630431098146
2023-01-23,Oeste da Bahia/BA,BA,algodo-em-pluma-ao-produtor,164.7,algodao-bolsa-de-nova-iorque-nybot,2023-03,150.27,258.017225722542,5.1922,-93.31722572254199,-17.972579200058163,-36.16705259163215
2023-01-23,Sorriso/MT,MT,algodo-em-pluma-ao-produtor,180.0,algodao-bolsa-de-nova-iorque-nybot,2023-03,150.27,258.017225722542,5.1922,-78.01722572254198,-15.025851416074493,-30.237215947138957
2023-01-24,Oeste da Bahia/BA,BA,algodo-em-pluma-ao-produtor,164.7,algodao-bolsa-de-nova-iorque-nybot,2023-03,146.87,251.081686752336,5.1696,-86.38168675233601,-16.709549433676884,-34.40381808392974
2023-01-24,Sorriso/MT,MT,algodo-em-pluma-ao-produtor,190.0,algodao-bolsa-de-nova-iorque-nybot,2023-03,146.87,251.081686752336,5.1696,-61.081686752336,-11.815553766700711,-24.32741612596631
2023-01-25,Oeste da Bahia/BA,BA,algodo-em-pluma-ao-produtor,164.7,algodao-bolsa-de-nova-iorque-nybot,2023-03,145.58,245.72786099914802,5.1042,-81.02786099914803,-15.8747425647796,-32.97463326693303
2023-01-25,Sorriso/MT,MT,algodo-em-pluma-ao-produtor,190.0,algodao-bolsa-de-nova-iorque-nybot,2023-03,145.58,245.72786099914802,5.1042,-55.72786099914802,-10.918040241202936,-22.678690471871743
2023-01-26,Oeste da Bahia/BA,BA,algodo-em-pluma-ao-produtor,164.7,algodao-bolsa-de-nova-iorque-nybot,2023-03,146.7,247.17686976080998,5.0951,-82.47686976080999,-16.187487931701042,-33.36755168095698
2023-01-26,Sorriso/MT,MT,algodo-em-pluma-ao-produtor,190.0,algodao-bolsa-de-nova-iorque-nybot,2023-03,146.7,247.17686976080998,5.0951,-57.17686976080998,-11.221932790486933,-23.13196611646524
2023-01-27,Oeste da Bahia/BA,BA,algodo-em-pluma-ao-produtor,164.7,algodao-bolsa-de-nova-iorque-nybot,2023-03,146.83,246.502484549673,5.0767,-81.80248454967301,-16.113318602571162,-33.18525762493436
2023-01-27,Sorriso/MT,MT,algodo-em-pluma-ao-produtor,190.0,algodao-bolsa-de-nova-iorque-nybot,2023-03,146.83,246.502484549673,5.0767,-56.502484549673,-11.129766294969764,-22.92166939124182
2023-01-30,Oeste da Bahia/BA,BA,algodo-em-pluma-ao-produtor,164.7,algodao-bolsa-de-nova-iorque-nybot,2023-03,144.09,242.817364114083,5.0959,-78.11736411408302,-15.329453897070785,-32.1712429418273
2023-01-30,Sorriso/MT,MT,algodo-em-pluma-ao-produtor,190.0,algodao-bolsa-de-nova-iorque-nybot,2023-03,144.09,242.817364114083,5.0959,-52.817364114083006,-10.364678293153908,-21.751889246795297
2023-01-31,Oeste da Bahia/BA,BA,algodo-em-pluma-ao-produtor,163.5,algodao-bolsa-de-nova-iorque-nybot,2023-03,144.84,244.24409971011602,5.0993,-80.74409971011602,-15.834349755871592,-33.0587718622264
2023-01-31,Sorriso/MT,MT,algodo-em-pluma-ao-produtor,190.0,algodao-bolsa-de-nova-iorque-nybot,2023-03,144.84,244.24409971011602,5.0993,-54.24409971011602,-10.637558039361483,-22.208970359773794
2023-02-01,Oeste da Bahia/BA,BA,algodo-em-pluma-ao-produtor,157.5,algodao-bolsa-de-nova-iorque-nybot,2023-03,144.38,242.16972403001398,5.0721,-84.66972403001398,-16.693228451728867,-34.96296837647641
2023-02-01,Sorriso/MT,MT,algodo-em-pluma-ao-produtor,190.0,algodao-bolsa-de-nova-iorque-nybot,2023-03,144.38,242.16972403001398,5.0721,-52.16972403001398,-10.285626077958634,-21.54262851765408
2023-02-02,Oeste da Bahia/BA,BA,algodo-em-pluma-ao-produtor,157.5,algodao-bolsa-de-nova-iorque-nybot,2023-03,143.98,237.59452023641393,4.9901,-80.09452023641393,-16.050684402399536,-33.71059238096796
2023-02-02,Sorriso/MT,MT,algodo-em-pluma-ao-produtor,190.0,algodao-bolsa-de-nova-iorque-nybot,2023-03,143.98,237.59452023641393,4.9901,-47.59452023641393,-9.537788869243888,-20.031825729421666
2023-02-03,Oeste da Bahia/BA,BA,algodo-em-pluma-ao-produtor,157.5,algodao-bolsa-de-nova-iorque-nybot,2023-03,145.21,245.04570549459,5.103,-87.54570549459001,-17.155732999135804,-35.726276172802706
2023-02-03,Sorriso/MT,MT,algodo-em-pluma-ao-produtor,190.0,algodao-bolsa-de-nova-iorque-nybot,2023-03,145.21,245.04570549459,5.103,-55.04570549459001,-10.786930334036844,-22.463444271952472
2023-02-06,Oeste da Bahia/BA,BA,algodo-em-pluma-ao-produtor,157.5,algodao-bolsa-de-nova-iorque-nybot,2023-03,142.64,244.16632733037596,5.1763,-86.66632733037596,-16.74291044382589,-35.49479089846394
2023-02-06,Sorriso/MT,MT,algodo-em-pluma-ao-produtor,190.0,algodao-bolsa-de-nova-iorque-nybot,2023-03,142.64,244.16632733037596,5.1763,-54.166327330375964,-10.464294443980442,-22.184192194972375
2023-02-07,Oeste da Bahia/BA,BA,algodo-em-pluma-ao-produtor,157.5,algodao-bolsa-de-nova-iorque-nybot,2023-03,146.97,251.247781610595,5.1695,-93.74778161059501,-18.13478704141503,-37.31287934549536
2023-02-07,Sorriso/MT,MT,algodo-em-pluma-ao-produtor,190.0,algodao-bolsa-de-nova-iorque-nybot,2023-03,146.97,251.247781610595,5.1695,-61.24778161059501,-11.847912101865752,-24.377441750121395
2023-02-08,Oeste da Bahia/BA,BA,algodo-em-pluma-ao-produtor,157.5,algodao-bolsa-de-nova-iorque-nybot,2023-03,146.52,252.130750770096,5.2036,-94.630750770096,-18.185631249538012,-37.532411449638886
2023-02-08,Sorriso/MT,MT,algodo-em-pluma-ao-produtor,170.0,algodao-bolsa-de-nova-iorque-nybot,2023-03,146.52,252.130750770096,5.2036,-82.130750770096,-15.783448145533093,-32.574666326594354
2023-02-09,Oeste da Bahia/BA,BA,algodo-em-pluma-ao-produtor,157.5,algodao-bolsa-de-nova-iorque-nybot,2023-03,149.0,257.77304399549996,5.2315,-100.27304399549996,-19.16716887995794,-38.89974003536633
2023-02-09,Sorriso/MT,MT,algodo-em-pluma-ao-produtor,170.0,algodao-bolsa-de-nova-iorque-nybot,2023-03,149.0,257.77304399549996,5.2315,-87.77304399549996,-16.77779680693873,-34.0505130540462
2023-02-10,Oeste da Bahia/BA,BA,algodo-em-pluma-ao-produtor,157.5,algodao-bolsa-de-nova-iorque-nybot,2023-03,147.19,255.66874324444197,5.2526,-98.16874324444197,-18.68955245867608,-38.39684976688134
2023-02-10,Sorriso/MT,MT,algodo-em-pluma-ao-produtor,170.0,algodao-bolsa-de-nova-iorque-nybot,2023-03,147.19,255.66874324444197,5.2526,-85.66874324444197,-16.309778632380528,-33.50771085949097
2023-02-13,Oeste da Bahia/BA,BA,algodo-em-pluma-ao-produtor,157.5,algodao-bolsa-de-nova-iorque-nybot,2023-03,146.7,251.46053791253993,5.1834,-93.96053791253993,-18.127201819759218,-37.365917806642166
2023-02-13,Sorriso/MT,MT,algodo-em-pluma-ao-produtor,170.0,algodao-bolsa-de-nova-iorque-nybot,2023-03,146.7,251.46053791253993,5.1834,-81.46053791253993,-15.715657273708365,-32.39495890240742
2023-02-14,Oeste da Bahia/BA,BA,algodo-em-pluma-ao-produtor,157.5,algodao-bolsa-de-nova-iorque-nybot,2023-03,146.85,250.12966889443493,5.1507,-92.62966889443493,-17.983899061182935,-37.03265962164947
2023-02-14,Sorriso/MT,MT,algodo-em-pluma-ao-produtor,220.0,algodao-bolsa-de-nova-iorque-nybot,2023-03,146.85,250.12966889443493,5.1507,-30.12966889443493,-5.849626049747593,-12.045619788970694
2023-02-15,Oeste da Bahia/BA,BA,algodo-em-pluma-ao-produtor,157.5,algodao-bolsa-de-nova-iorque-nybot,2023-03,142.5,246.18862018575004,5.2243,-88.68862018575004,-16.976172919960575,-36.02466276419853
2023-02-15,Sorriso/MT,MT,algodo-em-pluma-ao-produtor,220.0,algodao-bolsa-de-nova-iorque-nybot,2023-03,142.5,246.18862018575004,5.2243,-26.18862018575004,-5.012847689786199,-10.637624178563025
2023-02-16,Oeste da Bahia/BA,BA,algodo-em-pluma-ao-produtor,157.5,algodao-bolsa-de-nova-iorque-nybot,2023-03,140.25,243.1780076484,5.2432,-85.67800764840001,-16.340785712618253,-35.23262998859582
2023-02-16,Sorriso/MT,MT,algodo-em-pluma-ao-produtor,220.0,algodao-bolsa-de-nova-iorque-nybot,2023-03,140.25,243.1780076484,5.2432,-23.178007648400012,-4.420584308895333,-9.531292682483047
2023-02-17,Oeste da Bahia/BA,BA,algodo-em-pluma-ao-produtor,157.5,algodao-bolsa-de-nova-iorque-nybot,2023-03,136.94,235.53685910330398,5.2012,-78.03685910330398,-15.003625913886022,-33.13148498302672
2023-02-17,Sorriso/MT,MT,algodo-em-pluma-ao-produtor,220.0,algodao-bolsa-de-nova-iorque-nybot,2023-03,136.94,235.53685910330398,5.2012,-15.536859103303982,-2.9871681733646045,-6.5963599762913026
2023-02-22,Oeste da Bahia/BA,BA,algodo-em-pluma-ao-produtor,157.5,algodao-bolsa-de-nova-iorque-nybot,2023-03,140.62,240.55510289118,5.173,-83.05510289118001,-16.05550026893099,-34.52643568685868
2023-02-22,Sorriso/MT,MT,algodo-em-pluma-ao-produtor,220.0,algodao-bolsa-de-nova-iorque-nybot,2023-03,140.62,240.55510289118,5.173,-20.555102891180013,-3.9735362248559856,-8.544862546723248
2023-02-23,Oeste da Bahia/BA,BA,algodo-em-pluma-ao-produtor,157.5,algodao-bolsa-de-nova-iorque-nybot,2023-03,140.08,237.77839943352,5.133,-80.27839943352001,-15.639664802945648,-33.761855418647855
2023-02-23,Sorriso/MT,MT,algodo-em-pluma-ao-produtor,220.0,algodao-bolsa-de-nova-iorque-nybot,2023-03,140.08,237.77839943352,5.133,-17.778399433520008,-3.463549470781221,-7.476877410174778
2023-02-24,Oeste da Bahia/BA,BA,algodo-em-pluma-ao-produtor,157.5,algodao-bolsa-de-nova-iorque-nybot,2023-03,146.67,251.20055269772098,5.1791,-93.70055269772098,-18.092053194130443,-37.30109336601435
2023-02-24,Sorriso/MT,MT,algodo-em-pluma-ao-produtor,220.0,algodao-bolsa-de-nova-iorque-nybot,2023-03,146.67,251.20055269772098,5.1791,-31.20055269772098,-6.024319417991732,-12.420574860464487
2023-02-27,Oeste da Bahia/BA,BA,algodo-em-pluma-ao-produtor,157.5,algodao-bolsa-de-nova-iorque-nybot,2023-03,146.16,251.14392582047998,5.196,-93.64392582047998,-18.022310589006924,-37.28695627996893
2023-02-27,Sorriso/MT,MT,algodo-em-pluma-ao-produtor,220.0,algodao-bolsa-de-nova-iorque-nybot,2023-03,146.16,251.14392582047998,5.196,-31.14392582047998,-5.99382714020015,-12.400827819639144
2023-02-28,Oeste da Bahia/BA,BA,algodo-em-pluma-ao-produtor,157.5,algodao-bolsa-de-nova-iorque-nybot,2023-03,145.61,250.767067416294,5.2078,-93.267067416294,-17.909110836878146,-37.19270970356845
2023-02-28,Sorriso/MT,MT,algodo-em-pluma-ao-produtor,180.0,algodao-bolsa-de-nova-iorque-nybot,2023-03,145.61,250.767067416294,5.2078,-70.767067416294,-13.588668423575022,-28.22023966122108
2023-03-01,Oeste da Bahia/BA,BA,algodo-em-pluma-ao-produtor,157.5,algodao-bolsa-de-nova-iorque-nybot,2023-03,145.15,249.93646316264997,5.207,-92.43646316264997,-17.752345527683882,-36.98398464672821
2023-03-01,Sorriso/MT,MT,algodo-em-pluma-ao-produtor,180.0,algodao-bolsa-de-nova-iorque-nybot,2023-03,145.15,249.93646316264997,5.207,-69.93646316264997,-13.431239324495866,-27.98169673911795
2023-03-02,Oeste da Bahia/BA,BA,algodo-em-pluma-ao-produtor,157.5,algodao-bolsa-de-nova-iorque-nybot,2023-03,142.74,245.83384281456,5.208,-88.33384281456,-16.961183336129032,-35.932336167885936
2023-03-02,Sorriso/MT,MT,algodo-em-pluma-ao-produtor,180.0,algodao-bolsa-de-nova-iorque-nybot,2023-03,142.74,245.83384281456,5.208,-65.83384281456,-12.64090683843318,-26.77981276329821
2023-03-03,Oeste da Bahia/BA,BA,algodo-em-pluma-ao-produtor,157.5,algodao-bolsa-de-nova-iorque-nybot,2023-03,145.08,249.65760496762803,5.2037,-92.15760496762803,-17.71001498311356,-36.9135981175409
2023-03-03,Sorriso/MT,MT,algodo-em-pluma-ao-produtor,180.0,algodao-bolsa-de-nova-iorque-nybot,2023-03,145.08,249.65760496762803,5.2037,-69.65760496762803,-13.386168489272638,-27.901254991475312
2023-03-06,Oeste da Bahia/BA,BA,algodo-em-pluma-ao-produtor,157.5,algodao-bolsa-de-nova-iorque-nybot,2023-03,145.08,249.33615946668002,5.197,-91.83615946668002,-17.670994702074278,-36.832266793197526
2023-03-06,Sorriso/MT,MT,algodo-em-pluma-ao-produtor,180.0,algodao-bolsa-de-nova-iorque-nybot,2023-03,145.08,249.33615946668002,5.197,-69.33615946668002,-13.341573882370602,-27.80830490651146
2023-03-07,Oeste da Bahia/BA,BA,algodo-em-pluma-ao-produtor,157.5,algodao-bolsa-de-nova-iorque-nybot,2023-03,142.26,244.16506871281794,5.1901,-86.66506871281794,-16.698150076649377,-35.494458388210994
2023-03-08,Oeste da Bahia/BA,BA,algodo-em-pluma-ao-produtor,157.5,algodao-bolsa-de-nova-iorque-nybot,2023-03,140.64,238.99406923022397,5.1387,-81.49406923022397,-15.858888285018384,-34.098783075541675
2023-03-09,Oeste da Bahia/BA,BA,algodo-em-pluma-ao-produtor,157.5,algodao-bolsa-de-nova-iorque-nybot,2023-03,139.89,237.56228395208097,5.1353,-80.06228395208097,-15.590575809024006,-33.701597164401086
2023-03-10,Oeste da Bahia/BA,BA,algodo-em-pluma-ao-produtor,157.5,algodao-bolsa-de-nova-iorque-nybot,2023-05,134.7,230.83771554161999,5.1822,-73.33771554161999,-14.151849705071204,-31.770248362381327
2023-03-13,Oeste da Bahia/BA,BA,algodo-em-pluma-ao-produtor,157.5,algodao-bolsa-de-nova-iorque-nybot,2023-05,141.21,244.69311069719998,5.24,-87.19311069719998,-16.63990662160305,-35.633659831599715
2023-03-14,Oeste da Bahia/BA,BA,algodo-em-pluma-ao-produtor,157.5,algodao-bolsa-de-nova-iorque-nybot,2023-05,141.27,244.61955597598202,5.2362,-87.11955597598202,-16.637935139219667,-35.614305499162896
2023-03-15,Oeste da Bahia/BA,BA,algodo-em-pluma-ao-produtor,157.5,algodao-bolsa-de-nova-iorque-nybot,2023-05,138.39,242.46544988288696,5.2981,-84.96544988288696,-16.03696606007568,-35.04229156109708
2023-03-16,Oeste da Bahia/BA,BA,algodo-em-pluma-ao-produtor,157.5,algodao-bolsa-de-nova-iorque-nybot,2023-05,137.43,240.37900754590805,5.2892,-82.87900754590805,-15.669478852361047,-34.47847147387846
2023-03-17,Oeste da Bahia/BA,BA,algodo-em-pluma-ao-produtor,157.5,algodao-bolsa-de-nova-iorque-nybot,2023-05,135.89,236.72821469718298,5.2679,-79.22821469718298,-15.03980992372349,-33.46800667530476
2023-03-20,Oeste da Bahia/BA,BA,algodo-em-pluma-ao-produtor,157.5,algodao-bolsa-de-nova-iorque-nybot,2023-05,134.06,232.600395873186,5.2467,-75.10039587318599,-14.31383457662645,-32.28730354961684
2023-03-21,Oeste da Bahia/BA,BA,algodo-em-pluma-ao-produtor,157.0,algodao-bolsa-de-nova-iorque-nybot,2023-05,134.9,233.95523120507997,5.2444,-76.95523120507997,-14.673791321234074,-32.89314404670128
2023-03-21,Sorriso/MT,MT,algodo-em-pluma-ao-produtor,151.78,algodao-bolsa-de-nova-iorque-nybot,2023-05,134.9,233.95523120507997,5.2444,-82.17523120507997,-15.669138739432531,-35.12434014909758
2023-03-22,Oeste da Bahia/BA,BA,algodo-em-pluma-ao-produtor,157.5,algodao-bolsa-de-nova-iorque-nybot,2023-05,134.87,234.813054138168,5.2648,-77.31305413816801,-14.684898597889381,-32.92536457222506
2023-03-22,Sorriso/MT,MT,algodo-em-pluma-ao-produtor,152.53,algodao-bolsa-de-nova-iorque-nybot,2023-05,134.87,234.813054138168,5.2648,-82.28305413816801,-15.62890406818265,-35.04194195683484
2023-03-23,Oeste da Bahia/BA,BA,algodo-em-pluma-ao-produtor,157.5,algodao-bolsa-de-nova-iorque-nybot,2023-05,135.46,235.768590238896,5.2632,-78.268590238896,-14.870913178084814,-33.197208398111556
2023-03-23,Sorriso/MT,MT,algodo-em-pluma-ao-produtor,149.9,algodao-bolsa-de-nova-iorque-nybot,2023-05,135.46,235.768590238896,5.2632,-85.86859023889599,-16.314901626177228,-36.42070818334553
2023-03-24,Oeste da Bahia/BA,BA,algodo-em-pluma-ao-produtor,157.5,algodao-bolsa-de-nova-iorque-nybot,2023-05,132.88,232.54802931386396,5.2921,-75.04802931386396,-14.181143461738056,-32.27205559870542
2023-03-24,Sorriso/MT,MT,algodo-em-pluma-ao-produtor,150.68,algodao-bolsa-de-nova-iorque-nybot,2023-05,132.88,232.54802931386396,5.2921,-81.86802931386396,-15.469856826942795,-35.20478309595513
2023-03-27,Oeste da Bahia/BA,BA,algodo-em-pluma-ao-produtor,157.5,algodao-bolsa-de-nova-iorque-nybot,2023-05,137.0,236.9720243946,5.2306,-79.4720243946,-15.193672694260696,-33.536458405851796
2023-03-27,Sorriso/MT,MT,algodo-em-pluma-ao-produtor,146.56,algodao-bolsa-de-nova-iorque-nybot,2023-05,137.0,236.9720243946,5.2306,-90.4120243946,-17.285210949910145,-38.15303710451835
2023-03-28,Oeste da Bahia/BA,BA,algodo-em-pluma-ao-produtor,157.5,algodao-bolsa-de-nova-iorque-nybot,2023-05,141.08,241.35600959065204,5.1733,-83.85600959065204,-16.209384646289994,-34.74370069876224
2023-03-28,Sorriso/MT,MT,algodo-em-pluma-ao-produtor,145.91,algodao-bolsa-de-nova-iorque-nybot,2023-05,141.08,241.35600959065204,5.1733,-95.44600959065204,-18.449734133077925,-39.54573567591365
2023-03-29,Oeste da Bahia/BA,BA,algodo-em-pluma-ao-produtor,157.5,algodao-bolsa-de-nova-iorque-nybot,2023-05,141.22,240.474706793178,5.1493,-82.974706793178,-16.11378377511079,-34.50454640310301
2023-03-29,Sorriso/MT,MT,algodo-em-pluma-ao-produtor,146.17,algodao-bolsa-de-nova-iorque-nybot,2023-05,141.22,240.474706793178,5.1493,-94.30470679317801,-18.314082844887267,-39.21606062058138
2023-03-30,Oeste da Bahia/BA,BA,algodo-em-pluma-ao-produtor,157.5,algodao-bolsa-de-nova-iorque-nybot,2023-05,140.82,238.680592107804,5.1254,-81.18059210780399,-15.838879328014201,-34.01223006482967
2023-03-30,Sorriso/MT,MT,algodo-em-pluma-ao-produtor,147.04,algodao-bolsa-de-nova-iorque-nybot,2023-05,140.82,238.680592107804,5.1254,-91.640592107804,-17.879695654544815,-38.39465592846067
2023-03-31,Oeste da Bahia/BA,BA,algodo-em-pluma-ao-produtor,157.5,algodao-bolsa-de-nova-iorque-nybot,2023-05,138.79,233.17451662018797,5.0804,-75.67451662018797,-14.89538552479883,-32.45402530133782
2023-03-31,Sorriso/MT,MT,algodo-em-pluma-ao-produtor,146.2,algodao-bolsa-de-nova-iorque-nybot,2023-05,138.79,233.17451662018797,5.0804,-86.97451662018798,-17.11961983705771,-37.30018094638471
2023-04-03,Oeste da Bahia/BA,BA,algodo-em-pluma-ao-produtor,157.5,algodao-bolsa-de-nova-iorque-nybot,2023-05,138.39,231.73822664199895,5.0637,-74.23822664199895,-14.66086589687362,-32.035382214556236
2023-04-03,Sorriso/MT,MT,algodo-em-pluma-ao-produtor,146.2,algodao-bolsa-de-nova-iorque-nybot,2023-05,138.39,231.73822664199895,5.0637,-85.53822664199896,-16.892435697612214,-36.911573839797605
2023-04-04,Oeste da Bahia/BA,BA,algodo-em-pluma-ao-produtor,157.5,algodao-bolsa-de-nova-iorque-nybot,2023-05,136.42,229.00331649637198,5.0762,-71.50331649637198,-14.085992769467708,-31.22370347745806
2023-04-04,Sorriso/MT,MT,algodo-em-pluma-ao-produtor,146.08,algodao-bolsa-de-nova-iorque-nybot,2023-05,136.42,229.00331649637198,5.0762,-82.92331649637197,-16.335707122724077,-36.21053081896554
2023-04-05,Oeste da Bahia/BA,BA,algodo-em-pluma-ao-produtor,157.5,algodao-bolsa-de-nova-iorque-nybot,2023-05,135.65,226.297702443615,5.0447,-68.79770244361501,-13.637620164452795,-30.401414464540068
2023-04-05,Sorriso/MT,MT,algodo-em-pluma-ao-produtor,147.15,algodao-bolsa-de-nova-iorque-nybot,2023-05,135.65,226.297702443615,5.0447,-79.147702443615,-15.68927834036018,-34.97503579972743
2023-04-06,Oeste da Bahia/BA,BA,algodo-em-pluma-ao-produtor,157.5,algodao-bolsa-de-nova-iorque-nybot,2023-05,139.22,233.33986642711798,5.0683,-75.83986642711798,-14.963570906836214,-32.50188987778735
2023-04-06,Sorriso/MT,MT,algodo-em-pluma-ao-produtor,144.88,algodao-bolsa-de-nova-iorque-nybot,2023-05,139.22,233.33986642711798,5.0683,-88.45986642711799,-17.45355768741353,-37.91030987615131
2023-04-10,Oeste da Bahia/BA,BA,algodo-em-pluma-ao-produtor,157.5,algodao-bolsa-de-nova-iorque-nybot,2023-05,138.51,232.84151472166198,5.0834,-75.34151472166198,-14.821087209675015,-32.35742337947122
2023-04-10,Sorriso/MT,MT,algodo-em-pluma-ao-produtor,141.53,algodao-bolsa-de-nova-iorque-nybot,2023-05,138.51,232.84151472166198,5.0834,-91.31151472166198,-17.96268535265019,-39.21616591045436
2023-04-11,Oeste da Bahia/BA,BA,algodo-em-pluma-ao-produtor,157.5,algodao-bolsa-de-nova-iorque-nybot,2023-05,137.1,227.27037803183998,5.0128,-69.77037803183998,-13.918444388732839,-30.699283662064108
2023-04-11,Sorriso/MT,MT,algodo-em-pluma-ao-produtor,141.85,algodao-bolsa-de-nova-iorque-nybot,2023-05,137.1,227.27037803183998,5.0128,-85.42037803183999,-17.040452049122244,-37.58535484103996
2023-04-12,Oeste da Bahia/BA,BA,algodo-em-pluma-ao-produtor,157.5,algodao-bolsa-de-nova-iorque-nybot,2023-05,134.69,220.460332425432,4.9496,-62.960332425432,-12.720286977822854,-28.558576380958495
2023-04-12,Sorriso/MT,MT,algodo-em-pluma-ao-produtor,141.85,algodao-bolsa-de-nova-iorque-nybot,2023-05,134.69,220.460332425432,4.9496,-78.610332425432,-15.882158644220139,-35.65735910881881
2023-04-13,Oeste da Bahia/BA,BA,algodo-em-pluma-ao-produtor,157.5,algodao-bolsa-de-nova-iorque-nybot,2023-05,135.61,220.176860070981,4.9097,-62.67686007098101,-12.765924612701593,-28.46659728491683
2023-04-13,Sorriso/MT,MT,algodo-em-pluma-ao-produtor,139.7,algodao-bolsa-de-nova-iorque-nybot,2023-05,135.61,220.176860070981,4.9097,-80.47686007098102,-16.39140071103754,-36.55100724255798
2023-04-14,Oeste da Bahia/BA,BA,algodo-em-pluma-ao-produtor,157.5,algodao-bolsa-de-nova-iorque-nybot,2023-05,134.81,220.473967228515,4.9455,-62.973967228514994,-12.733589572038214,-28.562994543135456
2023-04-14,Sorriso/MT,MT,algodo-em-pluma-ao-produtor,137.15,algodao-bolsa-de-nova-iorque-nybot,2023-05,134.81,220.473967228515,4.9455,-83.32396722851499,-16.848441457590738,-37.79310921645097
2023-04-17,Oeste da Bahia/BA,BA,algodo-em-pluma-ao-produtor,157.5,algodao-bolsa-de-nova-iorque-nybot,2023-05,135.8,221.94036746574,4.9421,-64.44036746574,-13.039065875991987,-29.034991787011162
2023-04-17,Sorriso/MT,MT,algodo-em-pluma-ao-produtor,136.51,algodao-bolsa-de-nova-iorque-nybot,2023-05,135.8,221.94036746574,4.9421,-85.43036746574,-17.2862482478582,-38.49248716726917
2023-04-18,Oeste da Bahia/BA,BA,algodo-em-pluma-ao-produtor,157.5,algodao-bolsa-de-nova-iorque-nybot,2023-05,139.52,229.20578394700806,4.9678,-71.70578394700806,-14.434112473732448,-31.284456575313257
2023-04-18,Sorriso/MT,MT,algodo-em-pluma-ao-produtor,133.34,algodao-bolsa-de-nova-iorque-nybot,2023-05,139.52,229.20578394700806,4.9678,-95.86578394700805,-19.297432253111648,-41.825202792077896
2023-04-19,Oeste da Bahia/BA,BA,algodo-em-pluma-ao-produtor,157.5,algodao-bolsa-de-nova-iorque-nybot,2023-05,139.84,233.38014549590403,5.0467,-75.88014549590403,-15.035596626687543,-32.51353937356928
2023-04-19,Sorriso/MT,MT,algodo-em-pluma-ao-produtor,132.32,algodao-bolsa-de-nova-iorque-nybot,2023-05,139.84,233.38014549590403,5.0467,-101.06014549590404,-20.024995639904102,-43.30280336451231
2023-04-20,Oeste da Bahia/BA,BA,algodo-em-pluma-ao-produtor,157.5,algodao-bolsa-de-nova-iorque-nybot,2023-05,132.07,220.54375138814694,5.0497,-63.043751388146944,-12.48465282851396,-28.585598545112628
2023-04-20,Sorriso/MT,MT,algodo-em-pluma-ao-produtor,131.99,algodao-bolsa-de-nova-iorque-nybot,2023-05,132.07,220.54375138814694,5.0497,-88.55375138814694,-17.53643808308354,-40.152464456948664
2023-04-24,Oeste da Bahia/BA,BA,algodo-em-pluma-ao-produtor,157.5,algodao-bolsa-de-nova-iorque-nybot,2023-05,131.63,220.235580565605,5.0595,-62.735580565605005,-12.399561333255264,-28.485669937840484
2023-04-24,Sorriso/MT,MT,algodo-em-pluma-ao-produtor,131.1,algodao-bolsa-de-nova-iorque-nybot,2023-05,131.63,220.235580565605,5.0595,-89.13558056560501,-17.617468241052478,-40.472833833973894
2023-04-25,Oeste da Bahia/BA,BA,algodo-em-pluma-ao-produtor,157.5,algodao-bolsa-de-nova-iorque-nybot,2023-05,129.35,216.49781380441496,5.0613,-58.99781380441496,-11.656652204851513,-27.2509974893852
2023-04-25,Sorriso/MT,MT,algodo-em-pluma-ao-produtor,130.32,algodao-bolsa-de-nova-iorque-nybot,2023-05,129.35,216.49781380441496,5.0613,-86.17781380441497,-17.026814020985707,-39.805396779788445
2023-04-26,Oeste da Bahia/BA,BA,algodo-em-pluma-ao-produtor,157.5,algodao-bolsa-de-nova-iorque-nybot,2023-05,127.77,213.73500275968502,5.0585,-56.23500275968502,-11.116932442361374,-26.310619240458887
2023-04-26,Sorriso/MT,MT,algodo-em-pluma-ao-produtor,129.91,algodao-bolsa-de-nova-iorque-nybot,2023-05,127.77,213.73500275968502,5.0585,-83.82500275968502,-16.571118465886133,-39.219127273193735
2023-04-27,Oeste da Bahia/BA,BA,algodo-em-pluma-ao-produtor,157.5,algodao-bolsa-de-nova-iorque-nybot,2023-05,129.23,214.31831379584992,5.015,-56.81831379584992,-11.329673737956115,-26.511179931161887
2023-04-27,Sorriso/MT,MT,algodo-em-pluma-ao-produtor,129.18,algodao-bolsa-de-nova-iorque-nybot,2023-05,129.23,214.31831379584992,5.015,-85.13831379584991,-16.976732561485527,-39.72516967306344
2023-04-28,Oeste da Bahia/BA,BA,algodo-em-pluma-ao-produtor,157.5,algodao-bolsa-de-nova-iorque-nybot,2023-05,130.41,215.65855862189102,5.0007,-58.15855862189102,-11.630083512686427,-26.967888032609466
2023-04-28,Sorriso/MT,MT,algodo-em-pluma-ao-produtor,127.66,algodao-bolsa-de-nova-iorque-nybot,2023-05,130.41,215.65855862189102,5.0007,-87.99855862189102,-17.597248109642855,-40.804575150748725
2023-05-02,Oeste da Bahia/BA,BA,algodo-em-pluma-ao-produtor,157.5,algodao-bolsa-de-nova-iorque-nybot,2023-05,131.26,218.48360179021202,5.0334,-60.98360179021202,-12.115786901540115,-27.912210019664762
2023-05-02,Sorriso/MT,MT,algodo-em-pluma-ao-produtor,125.69,algodao-bolsa-de-nova-iorque-nybot,2023-05,131.26,218.48360179021202,5.0334,-92.79360179021202,-18.435570745462712,-42.47165509442327
2023-05-03,Oeste da Bahia/BA,BA,algodo-em-pluma-ao-produtor,157.5,algodao-bolsa-de-nova-iorque-nybot,2023-05,127.04,211.00984871894403,5.0227,-53.50984871894403,-10.653602388943003,-25.35893421269489
2023-05-03,Sorriso/MT,MT,algodo-em-pluma-ao-produtor,120.24,algodao-bolsa-de-nova-iorque-nybot,2023-05,127.04,211.00984871894403,5.0227,-90.76984871894403,-18.07192321240449,-43.01687777609165
2023-05-04,Oeste da Bahia/BA,BA,algodo-em-pluma-ao-produtor,157.5,algodao-bolsa-de-nova-iorque-nybot,2023-05,132.26,219.15089793550803,5.0106,-61.65089793550803,-12.304094905901096,-28.131711307726754
2023-05-04,Sorriso/MT,MT,algodo-em-pluma-ao-produtor,120.24,algodao-bolsa-de-nova-iorque-nybot,2023-05,132.26,219.15089793550803,5.0106,-98.91089793550803,-19.740330087316494,-45.13369503264168
2023-05-05,Oeste da Bahia/BA,BA,algodo-em-pluma-ao-produtor,157.5,algodao-bolsa-de-nova-iorque-nybot,2023-05,134.17,220.49657902377598,4.9696,-62.99657902377598,-12.676388245286539,-28.57032036627793
2023-05-05,Sorriso/MT,MT,algodo-em-pluma-ao-produtor,119.92,algodao-bolsa-de-nova-iorque-nybot,2023-05,134.17,220.49657902377598,4.9696,-100.57657902377598,-20.23836506434642,-45.61366868777174
2023-05-08,Oeste da Bahia/BA,BA,algodo-em-pluma-ao-produtor,157.5,algodao-bolsa-de-nova-iorque-nybot,2023-05,134.81,221.548362660768,4.9696,-64.04836266076799,-12.888031765286541,-28.90942722011357
2023-05-08,Sorriso/MT,MT,algodo-em-pluma-ao-produtor,118.83,algodao-bolsa-de-nova-iorque-nybot,2023-05,134.81,221.548362660768,4.9696,-102.718362660768,-20.669342132318093,-46.36385547026092
2023-05-09,Oeste da Bahia/BA,BA,algodo-em-pluma-ao-produtor,157.5,algodao-bolsa-de-nova-iorque-nybot,2023-07,133.65,221.01653523361503,5.0007,-63.51653523361503,-12.70152883268643,-28.73836347424318
2023-05-09,Sorriso/MT,MT,algodo-em-pluma-ao-produtor,119.21,algodao-bolsa-de-nova-iorque-nybot,2023-07,133.65,221.01653523361503,5.0007,-101.80653523361504,-20.35845686276222,-46.06285910961606
2023-05-10,Oeste da Bahia/BA,BA,algodo-em-pluma-ao-produtor,157.5,algodao-bolsa-de-nova-iorque-nybot,2023-07,132.46,217.033671056466,4.9547,-59.533671056466005,-12.015595506582843,-27.430615151405252
2023-05-10,Sorriso/MT,MT,algodo-em-pluma-ao-produtor,117.46,algodao-bolsa-de-nova-iorque-nybot,2023-07,132.46,217.033671056466,4.9547,-99.57367105646601,-20.09681132186934,-45.879365432914675
2023-05-11,Oeste da Bahia/BA,BA,algodo-em-pluma-ao-produtor,157.5,algodao-bolsa-de-nova-iorque-nybot,2023-07,129.8,213.31486887744003,4.9696,-55.814868877440034,-11.231259835286549,-26.16548446489609
2023-05-11,Sorriso/MT,MT,algodo-em-pluma-ao-produtor,115.56,algodao-bolsa-de-nova-iorque-nybot,2023-07,129.8,213.31486887744003,4.9696,-97.75486887744003,-19.670570846233105,-45.8265611731009
2023-05-12,Oeste da Bahia/BA,BA,algodo-em-pluma-ao-produtor,157.5,algodao-bolsa-de-nova-iorque-nybot,2023-07,131.02,213.318105700524,4.9234,-55.818105700524,-11.337308709534874,-26.16660480704188
2023-05-12,Sorriso/MT,MT,algodo-em-pluma-ao-produtor,114.76,algodao-bolsa-de-nova-iorque-nybot,2023-07,131.02,213.318105700524,4.9234,-98.558105700524,-20.018301519381726,-46.20240995337223
2023-05-15,Oeste da Bahia/BA,BA,algodo-em-pluma-ao-produtor,157.5,algodao-bolsa-de-nova-iorque-nybot,2023-07,133.47,216.728831304513,4.9103,-59.228831304512994,-12.062161437083883,-27.328542745332314
2023-05-15,Sorriso/MT,MT,algodo-em-pluma-ao-produtor,115.57,algodao-bolsa-de-nova-iorque-nybot,2023-07,133.47,216.728831304513,4.9103,-101.158831304513,-20.60135456174022,-46.675299587797184
2023-05-16,Oeste da Bahia/BA,BA,algodo-em-pluma-ao-produtor,157.5,algodao-bolsa-de-nova-iorque-nybot,2023-07,135.93,220.808790914778,4.9122,-63.308790914778,-12.888072740274826,-28.671318135704237
2023-05-16,Sorriso/MT,MT,algodo-em-pluma-ao-produtor,117.56,algodao-bolsa-de-nova-iorque-nybot,2023-07,135.93,220.808790914778,4.9122,-103.248790914778,-21.0188491744591,-46.7593660954501
2023-05-17,Oeste da Bahia/BA,BA,algodo-em-pluma-ao-produtor,157.5,algodao-bolsa-de-nova-iorque-nybot,2023-07,141.74,232.07944196256597,4.9513,-74.57944196256597,-15.062598097987593,-32.13530734643679
2023-05-17,Sorriso/MT,MT,algodo-em-pluma-ao-produtor,119.71,algodao-bolsa-de-nova-iorque-nybot,2023-07,141.74,232.07944196256597,4.9513,-112.36944196256597,-22.694937079669174,-48.41852471391713
2023-05-18,Oeste da Bahia/BA,BA,algodo-em-pluma-ao-produtor,157.5,algodao-bolsa-de-nova-iorque-nybot,2023-07,142.43,233.84036862915298,4.9647,-76.34036862915298,-15.376632753067252,-32.64636002615144
2023-05-18,Sorriso/MT,MT,algodo-em-pluma-ao-produtor,120.84,algodao-bolsa-de-nova-iorque-nybot,2023-07,142.43,233.84036862915298,4.9647,-113.00036862915297,-22.760764724787595,-48.323721559112
2023-05-19,Oeste da Bahia/BA,BA,algodo-em-pluma-ao-produtor,157.5,algodao-bolsa-de-nova-iorque-nybot,2023-07,143.39,236.417009766366,4.9858,-78.917009766366,-15.828354479996388,-33.3804280175754
2023-05-19,Sorriso/MT,MT,algodo-em-pluma-ao-produtor,121.22,algodao-bolsa-de-nova-iorque-nybot,2023-07,143.39,236.417009766366,4.9858,-115.197009766366,-23.105020210671505,-48.72619355105073
2023-05-22,Oeste da Bahia/BA,BA,algodo-em-pluma-ao-produtor,157.5,algodao-bolsa-de-nova-iorque-nybot,2023-07,139.94,229.90502239056,4.968,-72.40502239055999,-14.574279869275362,-31.49344961571095
2023-05-22,Sorriso/MT,MT,algodo-em-pluma-ao-produtor,122.91,algodao-bolsa-de-nova-iorque-nybot,2023-07,139.94,229.90502239056,4.968,-106.99502239056,-21.536840255748793,-46.538792966774814
2023-05-23,Oeste da Bahia/BA,BA,algodo-em-pluma-ao-produtor,157.5,algodao-bolsa-de-nova-iorque-nybot,2023-07,138.91,228.18529114306193,4.9674,-70.68529114306193,-14.229836764315726,-30.977146155641304
2023-05-23,Sorriso/MT,MT,algodo-em-pluma-ao-produtor,123.85,algodao-bolsa-de-nova-iorque-nybot,2023-07,138.91,228.18529114306193,4.9674,-104.33529114306194,-21.004004336888904,-45.723933659531276
2023-05-24,Oeste da Bahia/BA,BA,algodo-em-pluma-ao-produtor,157.5,algodao-bolsa-de-nova-iorque-nybot,2023-07,133.77,218.85715723271403,4.9474,-61.35715723271403,-12.401899428530951,-28.035252768760067
2023-05-24,Sorriso/MT,MT,algodo-em-pluma-ao-produtor,127.14,algodao-bolsa-de-nova-iorque-nybot,2023-07,133.77,218.85715723271403,4.9474,-91.71715723271403,-18.538456003701747,-41.90731452076289
2023-05-25,Oeste da Bahia/BA,BA,algodo-em-pluma-ao-produtor,157.5,algodao-bolsa-de-nova-iorque-nybot,2023-07,133.27,220.31320909388998,4.999,-62.81320909388998,-12.565154849747946,-28.510868391518517
2023-05-25,Sorriso/MT,MT,algodo-em-pluma-ao-produtor,126.46,algodao-bolsa-de-nova-iorque-nybot,2023-07,133.27,220.31320909388998,4.999,-93.85320909388999,-18.774396698117624,-42.599901058993225
2023-05-26,Oeste da Bahia/BA,BA,algodo-em-pluma-ao-produtor,157.5,algodao-bolsa-de-nova-iorque-nybot,2023-07,137.54,227.936088173508,5.0114,-70.43608817350801,-14.05517184289979,-30.90168333497551
2023-05-26,Sorriso/MT,MT,algodo-em-pluma-ao-produtor,125.56,algodao-bolsa-de-nova-iorque-nybot,2023-07,137.54,227.936088173508,5.0114,-102.37608817350801,-20.428640334738397,-44.91438323517159
2023-05-30,Oeste da Bahia/BA,BA,algodo-em-pluma-ao-produtor,157.5,algodao-bolsa-de-nova-iorque-nybot,2023-07,140.26,234.665512810674,5.0593,-77.16551281067399,-15.252211335693472,-32.8831927139334
2023-05-30,Sorriso/MT,MT,algodo-em-pluma-ao-produtor,126.62,algodao-bolsa-de-nova-iorque-nybot,2023-07,140.26,234.665512810674,5.0593,-108.04551281067398,-21.35582250719941,-46.04234832659204
2023-05-31,Oeste da Bahia/BA,BA,algodo-em-pluma-ao-produtor,157.5,algodao-bolsa-de-nova-iorque-nybot,2023-07,140.24,236.32942704808804,5.0959,-78.82942704808804,-15.469186414193377,-33.355739076897905
2023-05-31,Sorriso/MT,MT,algodo-em-pluma-ao-produtor,128.18,algodao-bolsa-de-nova-iorque-nybot,2023-07,140.24,236.32942704808804,5.0959,-108.14942704808803,-21.222831501420362,-45.76215006270967
2023-06-01,Oeste da Bahia/BA,BA,algodo-em-pluma-ao-produtor,157.5,algodao-bolsa-de-nova-iorque-nybot,2023-07,143.18,238.40032053090002,5.035,-80.90032053090002,-16.067590969394242,-33.93465258383082
2023-06-01,Sorriso/MT,MT,algodo-em-pluma-ao-produtor,128.28,algodao-bolsa-de-nova-iorque-nybot,2023-07,143.18,238.40032053090002,5.035,-110.12032053090002,-21.87096733483615,-46.19134751399249
2023-06-02,Oeste da Bahia/BA,BA,algodo-em-pluma-ao-produtor,157.5,algodao-bolsa-de-nova-iorque-nybot,2023-07,141.14,231.30705885711598,4.9558,-73.80705885711598,-14.893066479098426,-31.9086928093744
2023-06-02,Sorriso/MT,MT,algodo-em-pluma-ao-produtor,128.08,algodao-bolsa-de-nova-iorque-nybot,2023-07,141.14,231.30705885711598,4.9558,-103.22705885711596,-20.829544948770323,-44.62771666682331
2023-06-05,Oeste da Bahia/BA,BA,algodo-em-pluma-ao-produtor,157.5,algodao-bolsa-de-nova-iorque-nybot,2023-07,137.95,224.61019755966,4.9236,-67.11019755966001,-13.630310658798441,-29.87851766696144
2023-06-05,Sorriso/MT,MT,algodo-em-pluma-ao-produtor,127.08,algodao-bolsa-de-nova-iorque-nybot,2023-07,137.95,224.61019755966,4.9236,-97.53019755966001,-19.80871670315623,-43.42198111185689
2023-06-06,Oeste da Bahia/BA,BA,algodo-em-pluma-ao-produtor,157.5,algodao-bolsa-de-nova-iorque-nybot,2023-07,138.57,225.87629671609199,4.9292,-68.37629671609199,-13.871682365514078,-30.27156798220195
2023-06-06,Sorriso/MT,MT,algodo-em-pluma-ao-produtor,126.89,algodao-bolsa-de-nova-iorque-nybot,2023-07,138.57,225.87629671609199,4.9292,-98.98629671609199,-20.081615011785278,-43.82323340483559
2023-06-07,Oeste da Bahia/BA,BA,algodo-em-pluma-ao-produtor,157.5,algodao-bolsa-de-nova-iorque-nybot,2023-07,138.31,224.661213238077,4.9119,-67.16121323807701,-13.673163793659686,-29.8944407314783
2023-06-07,Sorriso/MT,MT,algodo-em-pluma-ao-produtor,127.89,algodao-bolsa-de-nova-iorque-nybot,2023-07,138.31,224.661213238077,4.9119,-96.77121323807701,-19.701380980491663,-43.07428587396038
2023-06-09,Oeste da Bahia/BA,BA,algodo-em-pluma-ao-produtor,157.5,algodao-bolsa-de-nova-iorque-nybot,2023-07,135.62,219.408245873652,4.8922,-61.90824587365199,-12.654479758319773,-28.216006935902655
2023-06-09,Sorriso/MT,MT,algodo-em-pluma-ao-produtor,127.84,algodao-bolsa-de-nova-iorque-nybot,2023-07,135.62,219.408245873652,4.8922,-91.56824587365199,-18.717191830598093,-41.734186201179654
2023-06-12,Oeste da Bahia/BA,BA,algodo-em-pluma-ao-produtor,157.5,algodao-bolsa-de-nova-iorque-nybot,2023-07,134.46,217.131394144896,4.8832,-59.63139414489601,-12.211540413027523,-27.46327604063686
2023-06-12,Sorriso/MT,MT,algodo-em-pluma-ao-produtor,126.75,algodao-bolsa-de-nova-iorque-nybot,2023-07,134.46,217.131394144896,4.8832,-90.381394144896,-18.50864067515072,-41.62520786127442
2023-06-13,Oeste da Bahia/BA,BA,algodo-em-pluma-ao-produtor,157.5,algodao-bolsa-de-nova-iorque-nybot,2023-07,132.94,213.362363667486,4.8533,-55.862363667485994,-11.510181457459048,-26.181920141522497
2023-06-13,Sorriso/MT,MT,algodo-em-pluma-ao-produtor,126.6,algodao-bolsa-de-nova-iorque-nybot,2023-07,132.94,213.362363667486,4.8533,-86.762363667486,-17.876983427252796,-40.6643243804238
2023-06-14,Oeste da Bahia/BA,BA,algodo-em-pluma-ao-produtor,157.5,algodao-bolsa-de-nova-iorque-nybot,2023-07,131.18,210.22964736958798,4.8462,-52.72964736958798,-10.880617260861703,-25.08192732535397
2023-06-14,Sorriso/MT,MT,algodo-em-pluma-ao-produtor,127.74,algodao-bolsa-de-nova-iorque-nybot,2023-07,131.18,210.22964736958798,4.8462,-82.48964736958798,-17.02151115711031,-39.23787553359185
2023-06-15,Oeste da Bahia/BA,BA,algodo-em-pluma-ao-produtor,157.5,algodao-bolsa-de-nova-iorque-nybot,2023-07,128.0,204.11747642879996,4.8222,-46.61747642879996,-9.667263163867107,-22.838552212387857
2023-06-15,Sorriso/MT,MT,algodo-em-pluma-ao-produtor,126.92,algodao-bolsa-de-nova-iorque-nybot,2023-07,128.0,204.11747642879996,4.8222,-77.19747642879996,-16.00876704176516,-37.82012093203979
2023-06-16,Oeste da Bahia/BA,BA,algodo-em-pluma-ao-produtor,157.5,algodao-bolsa-de-nova-iorque-nybot,2023-07,129.57,206.89533135948597,4.8286,-49.395331359485965,-10.22974182153957,-23.874550979432353
2023-06-16,Sorriso/MT,MT,algodo-em-pluma-ao-produtor,125.97,algodao-bolsa-de-nova-iorque-nybot,2023-07,129.57,206.89533135948597,4.8286,-80.92533135948597,-16.759584840219933,-39.11414086907361
2023-06-20,Oeste da Bahia/BA,BA,algodo-em-pluma-ao-produtor,157.5,algodao-bolsa-de-nova-iorque-nybot,2023-07,127.77,202.51692561573,4.793,-45.01692561573,-9.39222316205508,-22.228722601264607
2023-06-20,Sorriso/MT,MT,algodo-em-pluma-ao-produtor,124.11,algodao-bolsa-de-nova-iorque-nybot,2023-07,127.77,202.51692561573,4.793,-78.40692561573,-16.358632509019404,-38.71623340979651
2023-06-21,Oeste da Bahia/BA,BA,algodo-em-pluma-ao-produtor,157.5,algodao-bolsa-de-nova-iorque-nybot,2023-07,125.1,197.72645390684994,4.7795,-40.22645390684994,-8.416456513620659,-20.344497719966622
2023-06-21,Sorriso/MT,MT,algodo-em-pluma-ao-produtor,124.8,algodao-bolsa-de-nova-iorque-nybot,2023-07,125.1,197.72645390684994,4.7795,-72.92645390684994,-15.25817635879275,-36.88249724096403
2023-06-22,Oeste da Bahia/BA,BA,algodo-em-pluma-ao-produtor,157.5,algodao-bolsa-de-nova-iorque-nybot,2023-07,125.07,197.49291851025,4.775,-39.99291851025001,-8.375480316282724,-20.25030508026765
2023-06-22,Sorriso/MT,MT,algodo-em-pluma-ao-produtor,124.09,algodao-bolsa-de-nova-iorque-nybot,2023-07,125.07,197.49291851025,4.775,-73.40291851025,-15.372338955026178,-37.167367348637534
2023-06-23,Oeste da Bahia/BA,BA,algodo-em-pluma-ao-produtor,157.5,algodao-bolsa-de-nova-iorque-nybot,2023-07,123.39,195.04003988967295,4.7799,-37.540039889672954,-7.853729134432301,-19.24735039579975
2023-06-23,Sorriso/MT,MT,algodo-em-pluma-ao-produtor,123.42,algodao-bolsa-de-nova-iorque-nybot,2023-07,123.39,195.04003988967295,4.7799,-71.62003988967295,-14.983585407576092,-36.720685624441934
2023-06-26,Oeste da Bahia/BA,BA,algodo-em-pluma-ao-produtor,157.5,algodao-bolsa-de-nova-iorque-nybot,2023-07,121.31,191.347051275534,4.7698,-33.847051275534,-7.096115408514822,-17.688828257298443
2023-06-26,Sorriso/MT,MT,algodo-em-pluma-ao-produtor,120.8,algodao-bolsa-de-nova-iorque-nybot,2023-07,121.31,191.347051275534,4.7698,-70.547051275534,-14.790358353711687,-36.86863779988351
2023-06-27,Oeste da Bahia/BA,BA,algodo-em-pluma-ao-produtor,157.5,algodao-bolsa-de-nova-iorque-nybot,2023-07,123.24,195.226785864396,4.7903,-37.72678586439599,-7.875662456296263,-19.324595084304118
2023-06-27,Sorriso/MT,MT,algodo-em-pluma-ao-produtor,118.81,algodao-bolsa-de-nova-iorque-nybot,2023-07,123.24,195.226785864396,4.7903,-76.41678586439599,-15.952400865164183,-39.142572329943945
2023-06-28,Oeste da Bahia/BA,BA,algodo-em-pluma-ao-produtor,157.5,algodao-bolsa-de-nova-iorque-nybot,2023-07,128.24,205.946311895016,4.8563,-48.44631189501601,-9.975971808787762,-23.523757939259525
2023-06-28,Sorriso/MT,MT,algodo-em-pluma-ao-produtor,117.22,algodao-bolsa-de-nova-iorque-nybot,2023-07,128.24,205.946311895016,4.8563,-88.72631189501601,-18.270352304226677,-43.08225336914286
2023-06-29,Oeste da Bahia/BA,BA,algodo-em-pluma-ao-produtor,157.5,algodao-bolsa-de-nova-iorque-nybot,2023-07,130.58,209.79490380129602,4.8584,-52.294903801296016,-10.763811913653882,-24.926679749488255
2023-06-29,Sorriso/MT,MT,algodo-em-pluma-ao-produtor,115.59,algodao-bolsa-de-nova-iorque-nybot,2023-07,130.58,209.79490380129602,4.8584,-94.20490380129601,-19.390108636854936,-44.90333277614823
2023-06-30,Oeste da Bahia/BA,BA,algodo-em-pluma-ao-produtor,157.5,algodao-bolsa-de-nova-iorque-nybot,2023-07,131.22,209.122126088832,4.8192,-51.622126088832005,-10.711762551633466,-24.685157450485985
2023-06-30,Sorriso/MT,MT,algodo-em-pluma-ao-produtor,114.95,algodao-bolsa-de-nova-iorque-nybot,2023-07,131.22,209.122126088832,4.8192,-94.172126088832,-19.541028819893757,-45.03211967576738
2023-07-03,Oeste da Bahia/BA,BA,algodo-em-pluma-ao-produtor,130.0,algodao-bolsa-de-nova-iorque-nybot,2023-07,132.43,209.666593594524,4.7876,-79.66659359452399,-16.640194167124235,-37.99679874066724
2023-07-03,Sorriso/MT,MT,algodo-em-pluma-ao-produtor,113.96,algodao-bolsa-de-nova-iorque-nybot,2023-07,132.43,209.666593594524,4.7876,-95.706593594524,-19.990515831423675,-45.64703988066491
2023-07-05,Oeste da Bahia/BA,BA,algodo-em-pluma-ao-produtor,157.5,algodao-bolsa-de-nova-iorque-nybot,2023-07,132.24,212.431312737864,4.8577,-54.931312737864005,-11.308090812084732,-25.8583878383542
2023-07-05,Sorriso/MT,MT,algodo-em-pluma-ao-produtor,112.38,algodao-bolsa-de-nova-iorque-nybot,2023-07,132.24,212.431312737864,4.8577,-100.05131273786401,-20.596437148828457,-47.09819444618569
2023-07-06,Oeste da Bahia/BA,BA,algodo-em-pluma-ao-produtor,157.5,algodao-bolsa-de-nova-iorque-nybot,2023-07,134.85,218.407794057585,4.8977,-60.907794057584994,-12.43599935838965,-27.887188880048008
2023-07-06,Sorriso/MT,MT,algodo-em-pluma-ao-produtor,113.3,algodao-bolsa-de-nova-iorque-nybot,2023-07,134.85,218.407794057585,4.8977,-105.107794057585,-21.460643579146332,-48.12456190545676
2023-07-07,Oeste da Bahia/BA,BA,algodo-em-pluma-ao-produtor,127.0,algodao-bolsa-de-nova-iorque-nybot,2023-07,130.23,210.15850240826097,4.8799,-83.15850240826097,-17.041025924355207,-39.56942091579739
2023-07-07,Sorriso/MT,MT,algodo-em-pluma-ao-produtor,113.48,algodao-bolsa-de-nova-iorque-nybot,2023-07,130.23,210.15850240826097,4.8799,-96.67850240826097,-19.811574501170305,-46.00266051594242
2023-07-10,Oeste da Bahia/BA,BA,algodo-em-pluma-ao-produtor,129.0,algodao-bolsa-de-nova-iorque-nybot,2023-10,129.02,207.93280392621003,4.8735,-78.93280392621003,-16.196327880621734,-37.960726944374414
2023-07-10,Sorriso/MT,MT,algodo-em-pluma-ao-produtor,114.48,algodao-bolsa-de-nova-iorque-nybot,2023-10,129.02,207.93280392621003,4.8735,-93.45280392621002,-19.17570615085873,-44.94375209761227
2023-07-11,Oeste da Bahia/BA,BA,algodo-em-pluma-ao-produtor,127.0,algodao-bolsa-de-nova-iorque-nybot,2023-10,133.59,216.24335744586298,4.8949,-89.24335744586298,-18.231906156583992,-41.26987228646099
2023-07-11,Sorriso/MT,MT,algodo-em-pluma-ao-produtor,116.29,algodao-bolsa-de-nova-iorque-nybot,2023-10,133.59,216.24335744586298,4.8949,-99.95335744586298,-20.419897739660254,-46.222625576319274
2023-07-12,Oeste da Bahia/BA,BA,algodo-em-pluma-ao-produtor,127.0,algodao-bolsa-de-nova-iorque-nybot,2023-10,131.51,209.00153359529398,4.8058,-82.00153359529398,-17.063034998396517,-39.23489564152192
2023-07-12,Sorriso/MT,MT,algodo-em-pluma-ao-produtor,117.81,algodao-bolsa-de-nova-iorque-nybot,2023-10,131.51,209.00153359529398,4.8058,-91.19153359529398,-18.975307668919637,-43.63199256321022
2023-07-13,Oeste da Bahia/BA,BA,algodo-em-pluma-ao-produtor,127.0,algodao-bolsa-de-nova-iorque-nybot,2023-10,131.41,208.75569641909397,4.8038,-81.75569641909397,-17.018963407946618,-39.16333677188037
2023-07-13,Sorriso/MT,MT,algodo-em-pluma-ao-produtor,118.44,algodao-bolsa-de-nova-iorque-nybot,2023-10,131.41,208.75569641909397,4.8038,-90.31569641909397,-18.800886052519665,-43.26382367922449
2023-07-14,Oeste da Bahia/BA,BA,algodo-em-pluma-ao-produtor,125.84,algodao-bolsa-de-nova-iorque-nybot,2023-10,130.93,207.642465723693,4.7957,-81.80246572369299,-17.05746100124966,-39.3958265899936
2023-07-14,Sorriso/MT,MT,algodo-em-pluma-ao-produtor,118.64,algodao-bolsa-de-nova-iorque-nybot,2023-10,130.93,207.642465723693,4.7957,-89.00246572369299,-18.55880595610505,-42.863325386497465
2023-07-17,Oeste da Bahia/BA,BA,algodo-em-pluma-ao-produtor,125.84,algodao-bolsa-de-nova-iorque-nybot,2023-10,132.8,212.12321003807997,4.8302,-86.28321003807997,-17.86327896113618,-40.67598732952918
2023-07-17,Sorriso/MT,MT,algodo-em-pluma-ao-produtor,119.98,algodao-bolsa-de-nova-iorque-nybot,2023-10,132.8,212.12321003807997,4.8302,-92.14321003807997,-19.07647924269802,-43.43853273837341
2023-07-18,Oeste da Bahia/BA,BA,algodo-em-pluma-ao-produtor,125.51,algodao-bolsa-de-nova-iorque-nybot,2023-10,133.26,211.70338866071998,4.804,-86.19338866071998,-17.942004300732716,-40.71422248174553
2023-07-18,Sorriso/MT,MT,algodo-em-pluma-ao-produtor,121.09,algodao-bolsa-de-nova-iorque-nybot,2023-10,133.26,211.70338866071998,4.804,-90.61338866071998,-18.862070911890086,-42.80204924161076
2023-07-19,Oeste da Bahia/BA,BA,algodo-em-pluma-ao-produtor,125.79,algodao-bolsa-de-nova-iorque-nybot,2023-10,135.62,215.273206368,4.8,-89.48320636799998,-18.642334659999996,-41.56727531387831
2023-07-19,Sorriso/MT,MT,algodo-em-pluma-ao-produtor,121.09,algodao-bolsa-de-nova-iorque-nybot,2023-10,135.62,215.273206368,4.8,-94.18320636799999,-19.621501326666664,-43.75054748197413
2023-07-20,Oeste da Bahia/BA,BA,algodo-em-pluma-ao-produtor,126.74,algodao-bolsa-de-nova-iorque-nybot,2023-10,136.4,216.00612787775998,4.7888,-89.26612787775998,-18.640604718877377,-41.32573865139445
2023-07-20,Sorriso/MT,MT,algodo-em-pluma-ao-produtor,120.0,algodao-bolsa-de-nova-iorque-nybot,2023-10,136.4,216.00612787775998,4.7888,-96.00612787775998,-20.048055437220174,-44.446020499978964
2023-07-21,Oeste da Bahia/BA,BA,algodo-em-pluma-ao-produtor,126.74,algodao-bolsa-de-nova-iorque-nybot,2023-10,134.2,211.82984566391997,4.7732,-85.08984566391997,-17.82658293470208,-40.16895985418402
2023-07-24,Oeste da Bahia/BA,BA,algodo-em-pluma-ao-produtor,127.94,algodao-bolsa-de-nova-iorque-nybot,2023-10,134.14,210.515260961214,4.7457,-82.57526096121401,-17.400017059909814,-39.22530869456915
2023-07-24,Sorriso/MT,MT,algodo-em-pluma-ao-produtor,122.14,algodao-bolsa-de-nova-iorque-nybot,2023-10,134.14,210.515260961214,4.7457,-88.37526096121401,-18.62217606701098,-41.98045336841235
2023-07-25,Oeste da Bahia/BA,BA,algodo-em-pluma-ao-produtor,128.73,algodao-bolsa-de-nova-iorque-nybot,2023-10,139.09,218.463026071752,4.7496,-89.73302607175202,-18.892754352314306,-41.07469702551868
2023-07-25,Sorriso/MT,MT,algodo-em-pluma-ao-produtor,122.99,algodao-bolsa-de-nova-iorque-nybot,2023-10,139.09,218.463026071752,4.7496,-95.47302607175202,-20.10127717528887,-43.702143922695114
2023-07-26,Oeste da Bahia/BA,BA,algodo-em-pluma-ao-produtor,128.73,algodao-bolsa-de-nova-iorque-nybot,2023-10,140.74,220.458880021776,4.7368,-91.728880021776,-19.365157917111976,-41.608158407007885
2023-07-26,Sorriso/MT,MT,algodo-em-pluma-ao-produtor,122.03,algodao-bolsa-de-nova-iorque-nybot,2023-10,140.74,220.458880021776,4.7368,-98.428880021776,-20.779614934507684,-44.647273909789256
2023-07-27,Oeste da Bahia/BA,BA,algodo-em-pluma-ao-produtor,129.24,algodao-bolsa-de-nova-iorque-nybot,2023-10,135.77,211.928429876922,4.7202,-82.68842987692199,-17.51799285558281,-39.01714834812088
2023-07-27,Sorriso/MT,MT,algodo-em-pluma-ao-produtor,123.5,algodao-bolsa-de-nova-iorque-nybot,2023-10,135.77,211.928429876922,4.7202,-88.428429876922,-18.7340430229486,-41.72560988078713
2023-07-28,Oeste da Bahia/BA,BA,algodo-em-pluma-ao-produtor,129.24,algodao-bolsa-de-nova-iorque-nybot,2023-10,133.33,208.34460897455702,4.7253,-79.10460897455701,-16.740653286470067,-37.96815735425016
2023-07-28,Sorriso/MT,MT,algodo-em-pluma-ao-produtor,124.5,algodao-bolsa-de-nova-iorque-nybot,2023-10,133.33,208.34460897455702,4.7253,-83.84460897455702,-17.74376420006286,-40.243234220087786
2023-07-31,Oeste da Bahia/BA,BA,algodo-em-pluma-ao-produtor,131.2,algodao-bolsa-de-nova-iorque-nybot,2023-10,133.92,209.98399670423998,4.7415,-78.78399670424,-16.615838174467992,-37.519048089748644
2023-07-31,Sorriso/MT,MT,algodo-em-pluma-ao-produtor,125.47,algodao-bolsa-de-nova-iorque-nybot,2023-10,133.92,209.98399670423998,4.7415,-84.51399670423999,-17.82431650411051,-40.24782746814605
2023-08-01,Oeste da Bahia/BA,BA,algodo-em-pluma-ao-produtor,130.29,algodao-bolsa-de-nova-iorque-nybot,2023-10,137.89,217.74557570330396,4.7752,-87.45557570330396,-18.314536711196173,-40.16411145017674
2023-08-01,Sorriso/MT,MT,algodo-em-pluma-ao-produtor,124.18,algodao-bolsa-de-nova-iorque-nybot,2023-10,137.89,217.74557570330396,4.7752,-93.56557570330395,-19.594064270251287,-42.97013861296298
2023-08-02,Oeste da Bahia/BA,BA,algodo-em-pluma-ao-produtor,130.2,algodao-bolsa-de-nova-iorque-nybot,2023-10,135.33,215.18432898662704,4.8083,-84.98432898662705,-17.674506371613052,-39.493735155736424
2023-08-02,Sorriso/MT,MT,algodo-em-pluma-ao-produtor,124.08,algodao-bolsa-de-nova-iorque-nybot,2023-10,135.33,215.18432898662704,4.8083,-91.10432898662704,-18.947305489804513,-42.33780843413037
2023-08-03,Oeste da Bahia/BA,BA,algodo-em-pluma-ao-produtor,130.44,algodao-bolsa-de-nova-iorque-nybot,2023-10,137.62,222.075003829602,4.8797,-91.635003829602,-18.778819154784518,-41.263087807898216
2023-08-03,Sorriso/MT,MT,algodo-em-pluma-ao-produtor,124.41,algodao-bolsa-de-nova-iorque-nybot,2023-10,137.62,222.075003829602,4.8797,-97.665003829602,-20.014550859602437,-43.97838664658554
2023-08-04,Oeste da Bahia/BA,BA,algodo-em-pluma-ao-produtor,130.44,algodao-bolsa-de-nova-iorque-nybot,2023-10,137.32,220.73717670008398,4.8609,-90.29717670008398,-18.57622594582978,-40.90709958783741
2023-08-04,Sorriso/MT,MT,algodo-em-pluma-ao-produtor,124.36,algodao-bolsa-de-nova-iorque-nybot,2023-10,137.32,220.73717670008398,4.8609,-96.37717670008398,-19.827023123307203,-43.66150647610748
2023-08-07,Oeste da Bahia/BA,BA,algodo-em-pluma-ao-produtor,131.21,algodao-bolsa-de-nova-iorque-nybot,2023-10,139.97,226.85307322820995,4.901,-95.64307322820994,-19.51501188088348,-42.16080120369134
2023-08-07,Sorriso/MT,MT,algodo-em-pluma-ao-produtor,125.31,algodao-bolsa-de-nova-iorque-nybot,2023-10,139.97,226.85307322820995,4.901,-101.54307322820995,-20.718847832730045,-44.7616035274336
2023-08-08,Oeste da Bahia/BA,BA,algodo-em-pluma-ao-produtor,130.77,algodao-bolsa-de-nova-iorque-nybot,2023-10,139.68,227.33922037780803,4.9217,-96.56922037780802,-19.621110668632387,-42.47802918357977
2023-08-08,Sorriso/MT,MT,algodo-em-pluma-ao-produtor,124.68,algodao-bolsa-de-nova-iorque-nybot,2023-10,139.68,227.33922037780803,4.9217,-102.65922037780803,-20.858487997604083,-45.15684544321118
2023-08-09,Oeste da Bahia/BA,BA,algodo-em-pluma-ao-produtor,131.4,algodao-bolsa-de-nova-iorque-nybot,2023-10,139.82,226.63308301689,4.9015,-95.23308301688999,-19.42937529672345,-42.02082138634309
2023-08-09,Sorriso/MT,MT,algodo-em-pluma-ao-produtor,124.54,algodao-bolsa-de-nova-iorque-nybot,2023-10,139.82,226.63308301689,4.9015,-102.09308301688999,-20.828946856450063,-45.04774045247464
2023-08-10,Oeste da Bahia/BA,BA,algodo-em-pluma-ao-produtor,131.4,algodao-bolsa-de-nova-iorque-nybot,2023-10,140.58,225.554466288492,4.8518,-94.15446628849199,-19.40608975812935,-41.74356102887591
2023-08-10,Sorriso/MT,MT,algodo-em-pluma-ao-produtor,125.31,algodao-bolsa-de-nova-iorque-nybot,2023-10,140.58,225.554466288492,4.8518,-100.24446628849199,-20.66129401222062,-44.44357406794855
2023-08-11,Oeste da Bahia/BA,BA,algodo-em-pluma-ao-produtor,133.21,algodao-bolsa-de-nova-iorque-nybot,2023-10,144.68,234.04652363743202,4.8918,-100.83652363743201,-20.613378232436325,-43.08396555961697
2023-08-11,Sorriso/MT,MT,algodo-em-pluma-ao-produtor,127.13,algodao-bolsa-de-nova-iorque-nybot,2023-10,144.68,234.04652363743202,4.8918,-106.91652363743202,-21.856274507835977,-45.68173967115162
2023-08-14,Oeste da Bahia/BA,BA,algodo-em-pluma-ao-produtor,133.6,algodao-bolsa-de-nova-iorque-nybot,2023-10,143.77,235.251143327541,4.9481,-101.651143327541,-20.543469882892627,-43.20962775769033
2023-08-14,Sorriso/MT,MT,algodo-em-pluma-ao-produtor,127.52,algodao-bolsa-de-nova-iorque-nybot,2023-10,143.77,235.251143327541,4.9481,-107.731143327541,-21.772224354305894,-45.79409978787927
2023-08-15,Oeste da Bahia/BA,BA,algodo-em-pluma-ao-produtor,133.4,algodao-bolsa-de-nova-iorque-nybot,2023-10,142.24,234.30455148038402,4.9812,-100.90455148038401,-20.257076905240506,-43.06555329072715
2023-08-15,Sorriso/MT,MT,algodo-em-pluma-ao-produtor,126.84,algodao-bolsa-de-nova-iorque-nybot,2023-10,142.24,234.30455148038402,4.9812,-107.46455148038402,-21.574028643777407,-45.865328181378054
2023-08-16,Oeste da Bahia/BA,BA,algodo-em-pluma-ao-produtor,133.4,algodao-bolsa-de-nova-iorque-nybot,2023-10,140.51,231.26894979579598,4.9772,-97.86894979579597,-19.663455315397407,-42.31824024894458
2023-08-16,Sorriso/MT,MT,algodo-em-pluma-ao-produtor,127.41,algodao-bolsa-de-nova-iorque-nybot,2023-10,140.51,231.26894979579598,4.9772,-103.85894979579598,-20.866943220243506,-44.90829827674685
2023-08-17,Oeste da Bahia/BA,BA,algodo-em-pluma-ao-produtor,135.52,algodao-bolsa-de-nova-iorque-nybot,2023-10,138.93,228.87053796578402,4.9816,-93.35053796578401,-18.73906736104545,-40.787485709383816
2023-08-17,Sorriso/MT,MT,algodo-em-pluma-ao-produtor,128.97,algodao-bolsa-de-nova-iorque-nybot,2023-10,138.93,228.87053796578402,4.9816,-99.90053796578403,-20.05390596711579,-43.64936564299905
2023-08-18,Oeste da Bahia/BA,BA,algodo-em-pluma-ao-produtor,134.47,algodao-bolsa-de-nova-iorque-nybot,2023-10,138.58,227.87234246805605,4.9724,-93.40234246805605,-18.78415704047463,-40.988889417832496
2023-08-18,Sorriso/MT,MT,algodo-em-pluma-ao-produtor,127.92,algodao-bolsa-de-nova-iorque-nybot,2023-10,138.58,227.87234246805605,4.9724,-99.95234246805605,-20.101428378259197,-43.86330582530775
2023-08-21,Oeste da Bahia/BA,BA,algodo-em-pluma-ao-produtor,133.22,algodao-bolsa-de-nova-iorque-nybot,2023-10,139.37,229.73826019382702,4.9847,-96.51826019382702,-19.362902520478066,-42.01227088269751
2023-08-21,Sorriso/MT,MT,algodo-em-pluma-ao-produtor,126.66,algodao-bolsa-de-nova-iorque-nybot,2023-10,139.37,229.73826019382702,4.9847,-103.07826019382702,-20.678929563228884,-44.86769426514387
2023-08-22,Oeste da Bahia/BA,BA,algodo-em-pluma-ao-produtor,133.22,algodao-bolsa-de-nova-iorque-nybot,2023-10,138.56,226.49690562364802,4.9431,-93.27690562364802,-18.87012312590237,-41.18241940957855
2023-08-22,Sorriso/MT,MT,algodo-em-pluma-ao-produtor,127.9,algodao-bolsa-de-nova-iorque-nybot,2023-10,138.56,226.49690562364802,4.9431,-98.59690562364801,-19.946370824714858,-43.53123737040306
2023-08-23,Oeste da Bahia/BA,BA,algodo-em-pluma-ao-produtor,133.71,algodao-bolsa-de-nova-iorque-nybot,2023-10,138.84,224.87013813092403,4.8977,-91.16013813092403,-18.612846464855753,-40.539014601329015
2023-08-23,Sorriso/MT,MT,algodo-em-pluma-ao-produtor,127.24,algodao-bolsa-de-nova-iorque-nybot,2023-10,138.84,224.87013813092403,4.8977,-97.63013813092404,-19.9338747026,-43.41623078208889
2023-08-24,Oeste da Bahia/BA,BA,algodo-em-pluma-ao-produtor,132.76,algodao-bolsa-de-nova-iorque-nybot,2023-10,138.64,223.49630845449593,4.8748,-90.73630845449594,-18.613339717423475,-40.59857144037345
2023-08-24,Sorriso/MT,MT,algodo-em-pluma-ao-produtor,126.29,algodao-bolsa-de-nova-iorque-nybot,2023-10,138.64,223.49630845449593,4.8748,-97.20630845449593,-19.940573655226046,-43.493473841554405
2023-08-25,Oeste da Bahia/BA,BA,algodo-em-pluma-ao-produtor,132.4,algodao-bolsa-de-nova-iorque-nybot,2023-10,141.22,227.767510141512,4.8772,-95.36751014151199,-19.553741930105794,-41.87055040565713
2023-08-25,Sorriso/MT,MT,algodo-em-pluma-ao-produtor,125.92,algodao-bolsa-de-nova-iorque-nybot,2023-10,141.22,227.767510141512,4.8772,-101.84751014151199,-20.882373111931432,-44.715556700002615
2023-08-28,Oeste da Bahia/BA,BA,algodo-em-pluma-ao-produtor,132.44,algodao-bolsa-de-nova-iorque-nybot,2023-10,140.51,227.39371263173396,4.8938,-94.95371263173396,-19.402859256964724,-41.75740460577831
2023-08-28,Sorriso/MT,MT,algodo-em-pluma-ao-produtor,125.96,algodao-bolsa-de-nova-iorque-nybot,2023-10,140.51,227.39371263173396,4.8938,-101.43371263173397,-20.72698365926968,-44.607087618120175
2023-08-29,Oeste da Bahia/BA,BA,algodo-em-pluma-ao-produtor,132.44,algodao-bolsa-de-nova-iorque-nybot,2023-10,139.97,225.44594541222594,4.8706,-93.00594541222594,-19.095377450873805,-41.25421073426953
2023-08-29,Sorriso/MT,MT,algodo-em-pluma-ao-produtor,128.01,algodao-bolsa-de-nova-iorque-nybot,2023-10,139.97,225.44594541222594,4.8706,-97.43594541222595,-20.004916316721957,-43.21920504450198
2023-08-30,Oeste da Bahia/BA,BA,algodo-em-pluma-ao-produtor,134.1,algodao-bolsa-de-nova-iorque-nybot,2023-10,141.88,228.27366223345203,4.8653,-94.17366223345203,-19.356188155602332,-41.25472089598407
2023-08-30,Sorriso/MT,MT,algodo-em-pluma-ao-produtor,127.33,algodao-bolsa-de-nova-iorque-nybot,2023-10,141.88,228.27366223345203,4.8653,-100.94366223345203,-20.747674805963047,-44.22045944582887
2023-08-31,Oeste da Bahia/BA,BA,algodo-em-pluma-ao-produtor,134.1,algodao-bolsa-de-nova-iorque-nybot,2023-10,144.21,234.721658198907,4.9219,-100.621658198907,-20.443661634512484,-42.86850176971677
2023-08-31,Sorriso/MT,MT,algodo-em-pluma-ao-produtor,127.45,algodao-bolsa-de-nova-iorque-nybot,2023-10,144.21,234.721658198907,4.9219,-107.27165819890699,-21.794765882871857,-45.70164467226251
2023-09-01,Oeste da Bahia/BA,BA,algodo-em-pluma-ao-produtor,133.06,algodao-bolsa-de-nova-iorque-nybot,2023-10,146.39,238.74916923798597,4.9318,-105.68916923798596,-21.43014097043391,-44.26786889994773
2023-09-01,Sorriso/MT,MT,algodo-em-pluma-ao-produtor,126.4,algodao-bolsa-de-nova-iorque-nybot,2023-10,146.39,238.74916923798597,4.9318,-112.34916923798596,-22.78056069548359,-47.05740740232521
2023-09-05,Oeste da Bahia/BA,BA,algodo-em-pluma-ao-produtor,134.69,algodao-bolsa-de-nova-iorque-nybot,2023-10,144.63,237.729713156595,4.9705,-103.03971315659501,-20.73025111288502,-43.343220243033606
2023-09-05,Sorriso/MT,MT,algodo-em-pluma-ao-produtor,127.7,algodao-bolsa-de-nova-iorque-nybot,2023-10,144.63,237.729713156595,4.9705,-110.02971315659501,-22.136548266088926,-46.28353422700565
2023-09-06,Oeste da Bahia/BA,BA,algodo-em-pluma-ao-produtor,135.34,algodao-bolsa-de-nova-iorque-nybot,2023-10,141.63,233.065549969758,4.9762,-97.72554996975799,-19.638589680832357,-41.93049980249703
2023-09-06,Sorriso/MT,MT,algodo-em-pluma-ao-produtor,128.36,algodao-bolsa-de-nova-iorque-nybot,2023-10,141.63,233.065549969758,4.9762,-104.70554996975798,-21.04126642212089,-44.92536541043681
2023-09-08,Oeste da Bahia/BA,BA,algodo-em-pluma-ao-produtor,135.04,algodao-bolsa-de-nova-iorque-nybot,2023-10,139.01,229.08967069015497,4.9835,-94.04967069015498,-18.87221243907996,-41.053649606645806
2023-09-08,Sorriso/MT,MT,algodo-em-pluma-ao-produtor,128.05,algodao-bolsa-de-nova-iorque-nybot,2023-10,139.01,229.08967069015497,4.9835,-101.03967069015496,-20.274841113706223,-44.10485657679943
2023-09-11,Oeste da Bahia/BA,BA,algodo-em-pluma-ao-produtor,135.04,algodao-bolsa-de-nova-iorque-nybot,2023-10,141.79,231.47204225620197,4.9366,-96.43204225620198,-19.534100850018632,-41.660341057287326
2023-09-11,Sorriso/MT,MT,algodo-em-pluma-ao-produtor,127.04,algodao-bolsa-de-nova-iorque-nybot,2023-10,141.79,231.47204225620197,4.9366,-104.43204225620197,-21.154649405704728,-45.11648198991248
2023-09-12,Oeste da Bahia/BA,BA,algodo-em-pluma-ao-produtor,136.58,algodao-bolsa-de-nova-iorque-nybot,2023-10,143.21,234.448474695765,4.9505,-97.86847469576497,-19.769412119132404,-41.74412941810146
2023-09-12,Sorriso/MT,MT,algodo-em-pluma-ao-produtor,129.47,algodao-bolsa-de-nova-iorque-nybot,2023-10,143.21,234.448474695765,4.9505,-104.97847469576499,-21.205630682913846,-44.77677870670374
2023-09-13,Oeste da Bahia/BA,BA,algodo-em-pluma-ao-produtor,135.68,algodao-bolsa-de-nova-iorque-nybot,2023-10,139.1,226.18363154673,4.9171,-90.50363154672999,-18.405896066122306,-40.013342666678234
2023-09-13,Sorriso/MT,MT,algodo-em-pluma-ao-produtor,128.57,algodao-bolsa-de-nova-iorque-nybot,2023-10,139.1,226.18363154673,4.9171,-97.61363154673,-19.851870319238984,-43.156806210604515
2023-09-14,Oeste da Bahia/BA,BA,algodo-em-pluma-ao-produtor,134.71,algodao-bolsa-de-nova-iorque-nybot,2023-10,139.26,224.50960273321797,4.8751,-89.79960273321797,-18.42005348263994,-39.99811216980582
2023-09-14,Sorriso/MT,MT,algodo-em-pluma-ao-produtor,127.59,algodao-bolsa-de-nova-iorque-nybot,2023-10,139.26,224.50960273321797,4.8751,-96.91960273321797,-19.880536344529954,-43.169468723521085
2023-09-15,Oeste da Bahia/BA,BA,algodo-em-pluma-ao-produtor,134.17,algodao-bolsa-de-nova-iorque-nybot,2023-10,137.52,221.42248503170399,4.8689,-87.252485031704,-17.92036908371583,-39.405431214093234
2023-09-15,Sorriso/MT,MT,algodo-em-pluma-ao-produtor,127.05,algodao-bolsa-de-nova-iorque-nybot,2023-10,137.52,221.42248503170399,4.8689,-94.37248503170399,-19.38271170730637,-42.621003471346384
2023-09-18,Oeste da Bahia/BA,BA,algodo-em-pluma-ao-produtor,133.2,algodao-bolsa-de-nova-iorque-nybot,2023-10,137.19,220.19248465384499,4.8535,-86.992484653845,-17.92366017386319,-39.50747219670194
2023-09-18,Sorriso/MT,MT,algodo-em-pluma-ao-produtor,126.08,algodao-bolsa-de-nova-iorque-nybot,2023-10,137.19,220.19248465384499,4.8535,-94.11248465384499,-19.390642763746776,-42.741006715917266
2023-09-19,Oeste da Bahia/BA,BA,algodo-em-pluma-ao-produtor,131.8,algodao-bolsa-de-nova-iorque-nybot,2023-10,138.6,222.63889690349998,4.8575,-90.83889690349997,-18.70075077786927,-40.80100025956962
2023-09-19,Sorriso/MT,MT,algodo-em-pluma-ao-produtor,124.27,algodao-bolsa-de-nova-iorque-nybot,2023-10,138.6,222.63889690349998,4.8575,-98.36889690349999,-20.25093091168296,-44.18315859071865
2023-09-20,Oeste da Bahia/BA,BA,algodo-em-pluma-ao-produtor,132.66,algodao-bolsa-de-nova-iorque-nybot,2023-10,137.2,219.99075365651998,4.8487,-87.33075365651999,-18.01116869604636,-39.69746555479002
2023-09-20,Sorriso/MT,MT,algodo-em-pluma-ao-produtor,125.14,algodao-bolsa-de-nova-iorque-nybot,2023-10,137.2,219.99075365651998,4.8487,-94.85075365651998,-19.56209987347536,-43.115791041206265
2023-09-21,Oeste da Bahia/BA,BA,algodo-em-pluma-ao-produtor,130.44,algodao-bolsa-de-nova-iorque-nybot,2023-10,138.36,225.24573130369203,4.9229,-94.80573130369203,-19.258106259256135,-42.08991253906087
2023-09-21,Sorriso/MT,MT,algodo-em-pluma-ao-produtor,122.93,algodao-bolsa-de-nova-iorque-nybot,2023-10,138.36,225.24573130369203,4.9229,-102.31573130369202,-20.783629832759555,-45.424048975979396
2023-09-22,Oeste da Bahia/BA,BA,algodo-em-pluma-ao-produtor,130.36,algodao-bolsa-de-nova-iorque-nybot,2023-10,137.01,222.60395290488302,4.9131,-92.243952904883,-18.77510185114958,-41.43859608112986
2023-09-22,Sorriso/MT,MT,algodo-em-pluma-ao-produtor,122.83,algodao-bolsa-de-nova-iorque-nybot,2023-10,137.01,222.60395290488302,4.9131,-99.77395290488302,-20.307739086296436,-44.821285337873434
2023-09-25,Oeste da Bahia/BA,BA,algodo-em-pluma-ao-produtor,130.36,algodao-bolsa-de-nova-iorque-nybot,2023-10,141.75,232.53175987965,4.9606,-102.17175987964998,-20.596653606348017,-43.938840841582405
2023-09-25,Sorriso/MT,MT,algodo-em-pluma-ao-produtor,122.71,algodao-bolsa-de-nova-iorque-nybot,2023-10,141.75,232.53175987965,4.9606,-109.82175987965,-22.138805765361045,-47.22871402017933
2023-09-26,Oeste da Bahia/BA,BA,algodo-em-pluma-ao-produtor,130.36,algodao-bolsa-de-nova-iorque-nybot,2023-10,145.22,238.75712967988198,4.9717,-108.39712967988197,-21.802829953513278,-45.40058335649177
2023-09-26,Sorriso/MT,MT,algodo-em-pluma-ao-produtor,122.1,algodao-bolsa-de-nova-iorque-nybot,2023-10,145.22,238.75712967988198,4.9717,-116.65712967988199,-23.464233497572657,-48.86016590846614
2023-09-27,Oeste da Bahia/BA,BA,algodo-em-pluma-ao-produtor,130.36,algodao-bolsa-de-nova-iorque-nybot,2023-10,147.63,245.511941949351,5.0289,-115.151941949351,-22.89803773178051,-46.902786493826355
2023-09-27,Sorriso/MT,MT,algodo-em-pluma-ao-produtor,122.08,algodao-bolsa-de-nova-iorque-nybot,2023-10,147.63,245.511941949351,5.0289,-123.43194194935101,-24.54452105815407,-50.27533119949618
2023-09-28,Oeste da Bahia/BA,BA,algodo-em-pluma-ao-produtor,130.36,algodao-bolsa-de-nova-iorque-nybot,2023-10,147.88,246.83729103989998,5.0475,-116.47729103989997,-23.076233985121338,-47.18788257203488
2023-09-28,Sorriso/MT,MT,algodo-em-pluma-ao-produtor,122.43,algodao-bolsa-de-nova-iorque-nybot,2023-10,147.88,246.83729103989998,5.0475,-124.40729103989997,-24.64730877462109,-50.40052518636261
2023-09-29,Oeste da Bahia/BA,BA,algodo-em-pluma-ao-produtor,130.36,algodao-bolsa-de-nova-iorque-nybot,2023-10,144.48,239.25573998726398,5.0076,-108.89573998726397,-21.746093934672093,-45.51436884776962
2023-09-29,Sorriso/MT,MT,algodo-em-pluma-ao-produtor,123.28,algodao-bolsa-de-nova-iorque-nybot,2023-10,144.48,239.25573998726398,5.0076,-115.97573998726398,-23.159944881233322,-48.4735455013274
2023-10-02,Oeste da Bahia/BA,BA,algodo-em-pluma-ao-produtor,130.36,algodao-bolsa-de-nova-iorque-nybot,2023-10,146.64,245.7567701812079,5.0679,-115.3967701812079,-22.770135594863337,-46.95568309109876
2023-10-02,Sorriso/MT,MT,algodo-em-pluma-ao-produtor,124.74,algodao-bolsa-de-nova-iorque-nybot,2023-10,146.64,245.7567701812079,5.0679,-121.01677018120792,-23.879076181694177,-49.24249699895413
2023-10-03,Oeste da Bahia/BA,BA,algodo-em-pluma-ao-produtor,130.36,algodao-bolsa-de-nova-iorque-nybot,2023-10,148.4,250.77243853200002,5.11,-120.41243853200001,-23.564077990606656,-48.01661587568551
2023-10-03,Sorriso/MT,MT,algodo-em-pluma-ao-produtor,126.28,algodao-bolsa-de-nova-iorque-nybot,2023-10,148.4,250.77243853200002,5.11,-124.49243853200002,-24.362512432876716,-49.64358892897796
2023-10-04,Oeste da Bahia/BA,BA,algodo-em-pluma-ao-produtor,130.36,algodao-bolsa-de-nova-iorque-nybot,2023-10,147.4,251.15909801531998,5.1526,-120.79909801531997,-23.44429957988588,-48.09664430629209
2023-10-04,Sorriso/MT,MT,algodo-em-pluma-ao-produtor,126.0,algodao-bolsa-de-nova-iorque-nybot,2023-10,147.4,251.15909801531998,5.1526,-125.15909801531998,-24.290474326615687,-49.83259575477757
2023-10-05,Oeste da Bahia/BA,BA,algodo-em-pluma-ao-produtor,130.36,algodao-bolsa-de-nova-iorque-nybot,2023-10,147.46,252.173220349314,5.1713,-121.81322034931398,-23.55562824614971,-48.30537524189783
2023-10-05,Sorriso/MT,MT,algodo-em-pluma-ao-produtor,125.25,algodao-bolsa-de-nova-iorque-nybot,2023-10,147.46,252.173220349314,5.1713,-126.923220349314,-24.54377436027962,-50.331760118500334
2023-10-06,Oeste da Bahia/BA,BA,algodo-em-pluma-ao-produtor,130.36,algodao-bolsa-de-nova-iorque-nybot,2023-10,147.91,253.94548350263398,5.1918,-123.58548350263396,-23.803976174473974,-48.666147473086326
2023-10-06,Sorriso/MT,MT,algodo-em-pluma-ao-produtor,124.8,algodao-bolsa-de-nova-iorque-nybot,2023-10,147.91,253.94548350263398,5.1918,-129.14548350263397,-24.87489570142031,-50.85559377601392
2023-10-09,Oeste da Bahia/BA,BA,algodo-em-pluma-ao-produtor,130.36,algodao-bolsa-de-nova-iorque-nybot,2023-12,147.52,252.046543104576,5.1666,-121.68654310457597,-23.552538052989583,-48.27939379993295
2023-10-09,Sorriso/MT,MT,algodo-em-pluma-ao-produtor,128.32,algodao-bolsa-de-nova-iorque-nybot,2023-12,147.52,252.046543104576,5.1666,-123.726543104576,-23.94738185742577,-49.088768122180085
2023-10-10,Oeste da Bahia/BA,BA,algodo-em-pluma-ao-produtor,130.36,algodao-bolsa-de-nova-iorque-nybot,2023-12,143.27,240.975947432682,5.0862,-110.61594743268199,-21.74824966235736,-45.90331467151226
2023-10-10,Sorriso/MT,MT,algodo-em-pluma-ao-produtor,127.18,algodao-bolsa-de-nova-iorque-nybot,2023-12,143.27,240.975947432682,5.0862,-113.795947432682,-22.373470849097952,-47.22294844985371
2023-10-11,Oeste da Bahia/BA,BA,algodo-em-pluma-ao-produtor,130.36,algodao-bolsa-de-nova-iorque-nybot,2023-12,142.31,237.63882582316796,5.0496,-107.27882582316795,-21.245014619607087,-45.14364412109845
2023-10-11,Sorriso/MT,MT,algodo-em-pluma-ao-produtor,126.58,algodao-bolsa-de-nova-iorque-nybot,2023-12,142.31,237.63882582316796,5.0496,-111.05882582316796,-21.993588764093783,-46.73429328665728
2023-10-13,Oeste da Bahia/BA,BA,algodo-em-pluma-ao-produtor,130.36,algodao-bolsa-de-nova-iorque-nybot,2023-12,145.14,242.98370897624994,5.0625,-112.62370897624993,-22.246658563209863,-46.35031272292339
2023-10-13,Sorriso/MT,MT,algodo-em-pluma-ao-produtor,126.09,algodao-bolsa-de-nova-iorque-nybot,2023-12,145.14,242.98370897624994,5.0625,-116.89370897624994,-23.09011535333332,-48.107632181907114
2023-10-16,Oeste da Bahia/BA,BA,algodo-em-pluma-ao-produtor,130.36,algodao-bolsa-de-nova-iorque-nybot,2023-12,141.92,237.56014734460797,5.0618,-107.20014734460796,-21.1782660999265,-45.12547602906727
2023-10-16,Sorriso/MT,MT,algodo-em-pluma-ao-produtor,125.47,algodao-bolsa-de-nova-iorque-nybot,2023-12,141.92,237.56014734460797,5.0618,-112.09014734460797,-22.144325604450586,-47.1839020970165
2023-10-17,Oeste da Bahia/BA,BA,algodo-em-pluma-ao-produtor,130.36,algodao-bolsa-de-nova-iorque-nybot,2023-12,138.72,231.130216145664,5.0384,-100.770216145664,-20.000439851076532,-43.59889322396345
2023-10-17,Sorriso/MT,MT,algodo-em-pluma-ao-produtor,126.34,algodao-bolsa-de-nova-iorque-nybot,2023-12,138.72,231.130216145664,5.0384,-104.790216145664,-20.798312191502063,-45.33817252159822
2023-10-18,Oeste da Bahia/BA,BA,algodo-em-pluma-ao-produtor,130.36,algodao-bolsa-de-nova-iorque-nybot,2023-12,140.68,235.251899622432,5.0568,-104.89189962243199,-20.742742371150133,-44.587057443862705
2023-10-18,Sorriso/MT,MT,algodo-em-pluma-ao-produtor,126.01,algodao-bolsa-de-nova-iorque-nybot,2023-12,140.68,235.251899622432,5.0568,-109.241899622432,-21.60297018320519,-46.43613921832725
2023-10-19,Oeste da Bahia/BA,BA,algodo-em-pluma-ao-produtor,130.36,algodao-bolsa-de-nova-iorque-nybot,2023-12,140.45,234.7372341699,5.054,-104.37723416989999,-20.65240090421448,-44.46556360732827
2023-10-19,Sorriso/MT,MT,algodo-em-pluma-ao-produtor,124.97,algodao-bolsa-de-nova-iorque-nybot,2023-12,140.45,234.7372341699,5.054,-109.76723416990001,-21.718882898674316,-46.76174811297802
2023-10-20,Oeste da Bahia/BA,BA,algodo-em-pluma-ao-produtor,130.36,algodao-bolsa-de-nova-iorque-nybot,2023-12,137.33,229.46821132963206,5.0528,-99.10821132963204,-19.614513008556056,-43.190388226481915
2023-10-20,Sorriso/MT,MT,algodo-em-pluma-ao-produtor,125.4,algodao-bolsa-de-nova-iorque-nybot,2023-12,137.33,229.46821132963206,5.0528,-104.06821132963205,-20.596146954091203,-45.3519076680027
2023-10-23,Oeste da Bahia/BA,BA,algodo-em-pluma-ao-produtor,130.36,algodao-bolsa-de-nova-iorque-nybot,2023-12,139.0,230.58548276279998,5.0164,-100.22548276279997,-19.97956358400446,-43.465651680205944
2023-10-23,Sorriso/MT,MT,algodo-em-pluma-ao-produtor,124.48,algodao-bolsa-de-nova-iorque-nybot,2023-12,139.0,230.58548276279998,5.0164,-106.10548276279998,-21.15171891452037,-46.015682119914366
2023-10-24,Oeste da Bahia/BA,BA,algodo-em-pluma-ao-produtor,130.36,algodao-bolsa-de-nova-iorque-nybot,2023-12,137.12,227.01786085704,5.0065,-96.65786085703999,-19.306473755525815,-42.57720537588378
2023-10-24,Sorriso/MT,MT,algodo-em-pluma-ao-produtor,123.85,algodao-bolsa-de-nova-iorque-nybot,2023-12,137.12,227.01786085704,5.0065,-103.16786085704001,-20.60678335304904,-45.44482115528695
2023-10-25,Oeste da Bahia/BA,BA,algodo-em-pluma-ao-produtor,130.36,algodao-bolsa-de-nova-iorque-nybot,2023-12,138.85,229.49637347620498,4.9981,-99.13637347620497,-19.834811923772026,-43.197359493998185
2023-10-25,Sorriso/MT,MT,algodo-em-pluma-ao-produtor,122.26,algodao-bolsa-de-nova-iorque-nybot,2023-12,138.85,229.49637347620498,4.9981,-107.23637347620497,-21.455427757788954,-46.72682703080867
2023-10-26,Oeste da Bahia/BA,BA,algodo-em-pluma-ao-produtor,130.36,algodao-bolsa-de-nova-iorque-nybot,2023-12,139.59,231.06106724728497,5.0055,-100.70106724728495,-20.118083557543695,-43.58201424713112
2023-10-26,Sorriso/MT,MT,algodo-em-pluma-ao-produtor,122.98,algodao-bolsa-de-nova-iorque-nybot,2023-12,139.59,231.06106724728497,5.0055,-108.08106724728496,-21.5924617415413,-46.775975085242294
2023-10-27,Oeste da Bahia/BA,BA,algodo-em-pluma-ao-produtor,130.36,algodao-bolsa-de-nova-iorque-nybot,2023-12,139.8,228.7504011672,4.948,-98.3904011672,-19.88488301681487,-43.01212179963948
2023-10-27,Sorriso/MT,MT,algodo-em-pluma-ao-produtor,121.73,algodao-bolsa-de-nova-iorque-nybot,2023-12,139.8,228.7504011672,4.948,-107.0204011672,-21.629022062894098,-46.784792778997506
2023-10-30,Oeste da Bahia/BA,BA,algodo-em-pluma-ao-produtor,130.36,algodao-bolsa-de-nova-iorque-nybot,2023-12,138.46,229.27759327057197,5.0074,-98.91759327057196,-19.75428231628629,-43.14315754084119
2023-10-30,Sorriso/MT,MT,algodo-em-pluma-ao-produtor,120.53,algodao-bolsa-de-nova-iorque-nybot,2023-12,138.46,229.27759327057197,5.0074,-108.74759327057197,-21.717376936248748,-47.430536808818566
2023-10-31,Oeste da Bahia/BA,BA,algodo-em-pluma-ao-produtor,130.36,algodao-bolsa-de-nova-iorque-nybot,2023-12,135.37,226.403596956075,5.0575,-96.04359695607499,-18.99033058943648,-42.421409486134884
2023-10-31,Sorriso/MT,MT,algodo-em-pluma-ao-produtor,121.96,algodao-bolsa-de-nova-iorque-nybot,2023-12,135.37,226.403596956075,5.0575,-104.44359695607501,-20.65123024341572,-46.13159788991264
2023-11-01,Oeste da Bahia/BA,BA,algodo-em-pluma-ao-produtor,130.36,algodao-bolsa-de-nova-iorque-nybot,2023-12,131.09,217.593727430178,5.0194,-87.23372743017799,-17.379313748690677,-40.09018479550141
2023-11-01,Sorriso/MT,MT,algodo-em-pluma-ao-produtor,123.57,algodao-bolsa-de-nova-iorque-nybot,2023-12,131.09,217.593727430178,5.0194,-94.02372743017801,-18.732065073550228,-43.210679159098724
2023-11-03,Oeste da Bahia/BA,BA,algodo-em-pluma-ao-produtor,130.36,algodao-bolsa-de-nova-iorque-nybot,2023-12,129.01,208.66328492163,4.891,-78.30328492163,-16.00966774108158,-37.52614407035681
2023-11-03,Sorriso/MT,MT,algodo-em-pluma-ao-produtor,123.63,algodao-bolsa-de-nova-iorque-nybot,2023-12,129.01,208.66328492163,4.891,-85.03328492163001,-17.385664469766922,-40.751435957488596
2023-11-06,Oeste da Bahia/BA,BA,algodo-em-pluma-ao-produtor,130.36,algodao-bolsa-de-nova-iorque-nybot,2023-12,126.13,204.37633861019097,4.8999,-74.01633861019096,-15.105683505824805,-36.215708292613584
2023-11-06,Sorriso/MT,MT,algodo-em-pluma-ao-produtor,123.81,algodao-bolsa-de-nova-iorque-nybot,2023-12,126.13,204.37633861019097,4.8999,-80.56633861019097,-16.442445480558984,-39.420580267785276
2023-11-07,Oeste da Bahia/BA,BA,algodo-em-pluma-ao-produtor,130.36,algodao-bolsa-de-nova-iorque-nybot,2023-12,123.17,198.24000029426998,4.867,-67.88000029426996,-13.946989992658715,-34.241323745716315
2023-11-07,Sorriso/MT,MT,algodo-em-pluma-ao-produtor,123.81,algodao-bolsa-de-nova-iorque-nybot,2023-12,123.17,198.24000029426998,4.867,-74.43000029426997,-15.292788225656457,-37.5453996084469
2023-11-08,Oeste da Bahia/BA,BA,algodo-em-pluma-ao-produtor,130.36,algodao-bolsa-de-nova-iorque-nybot,2023-12,121.6,196.4570392224,4.8855,-66.09703922239999,-13.529227146126289,-33.64452578742906
2023-11-08,Sorriso/MT,MT,algodo-em-pluma-ao-produtor,122.81,algodao-bolsa-de-nova-iorque-nybot,2023-12,121.6,196.4570392224,4.8855,-73.6470392224,-15.074616563790807,-37.487605185288146
2023-11-09,Oeste da Bahia/BA,BA,algodo-em-pluma-ao-produtor,130.36,algodao-bolsa-de-nova-iorque-nybot,2023-12,124.75,202.17324134122498,4.9007,-71.81324134122497,-14.653670157574423,-35.52064598896134
2023-11-09,Sorriso/MT,MT,algodo-em-pluma-ao-produtor,119.78,algodao-bolsa-de-nova-iorque-nybot,2023-12,124.75,202.17324134122498,4.9007,-82.39324134122498,-16.812545420291997,-40.753781655091984
2023-11-10,Oeste da Bahia/BA,BA,algodo-em-pluma-ao-produtor,130.36,algodao-bolsa-de-nova-iorque-nybot,2023-12,125.54,204.33365904091804,4.9219,-73.97365904091802,-15.029492480732648,-36.20238554339436
2023-11-10,Sorriso/MT,MT,algodo-em-pluma-ao-produtor,118.68,algodao-bolsa-de-nova-iorque-nybot,2023-12,125.54,204.33365904091804,4.9219,-85.65365904091803,-17.40255979213678,-41.91852651342469
2023-11-13,Oeste da Bahia/BA,BA,algodo-em-pluma-ao-produtor,130.36,algodao-bolsa-de-nova-iorque-nybot,2023-12,125.8,204.87332819117998,4.9247,-74.51332819117997,-15.13053144174873,-36.37043867498797
2023-11-13,Sorriso/MT,MT,algodo-em-pluma-ao-produtor,118.69,algodao-bolsa-de-nova-iorque-nybot,2023-12,125.8,204.87332819117998,4.9247,-86.18332819117998,-17.50021893540317,-42.06664134960359
2023-11-14,Oeste da Bahia/BA,BA,algodo-em-pluma-ao-produtor,130.36,algodao-bolsa-de-nova-iorque-nybot,2023-12,126.45,203.56928333576997,4.8682,-73.20928333576995,-15.038265341557445,-35.962833948291475
2023-11-14,Sorriso/MT,MT,algodo-em-pluma-ao-produtor,118.22,algodao-bolsa-de-nova-iorque-nybot,2023-12,126.45,203.56928333576997,4.8682,-85.34928333576997,-17.532000192220938,-41.92640556433737
2023-11-16,Oeste da Bahia/BA,BA,algodo-em-pluma-ao-produtor,130.36,algodao-bolsa-de-nova-iorque-nybot,2023-12,126.71,203.539499470725,4.8575,-73.17949947072498,-15.065259798399378,-35.95346341177888
2023-11-16,Sorriso/MT,MT,algodo-em-pluma-ao-produtor,118.36,algodao-bolsa-de-nova-iorque-nybot,2023-12,126.71,203.539499470725,4.8575,-85.17949947072499,-17.535666386150282,-41.84912495718126
2023-11-17,Oeste da Bahia/BA,BA,algodo-em-pluma-ao-produtor,130.36,algodao-bolsa-de-nova-iorque-nybot,2023-12,128.14,206.99764248259797,4.8849,-76.63764248259795,-15.688681955126604,-37.02343735100306
2023-11-17,Sorriso/MT,MT,algodo-em-pluma-ao-produtor,117.5,algodao-bolsa-de-nova-iorque-nybot,2023-12,128.14,206.99764248259797,4.8849,-89.49764248259797,-18.32128446490163,-43.23606849296456
2023-11-20,Oeste da Bahia/BA,BA,algodo-em-pluma-ao-produtor,130.36,algodao-bolsa-de-nova-iorque-nybot,2023-12,125.31,201.90392099370897,4.8723,-71.54392099370895,-14.683808672230558,-35.434636752764284
2023-11-20,Sorriso/MT,MT,algodo-em-pluma-ao-produtor,118.35,algodao-bolsa-de-nova-iorque-nybot,2023-12,125.31,201.90392099370897,4.8723,-83.55392099370897,-17.14876362163844,-41.38301058368866
2023-11-21,Oeste da Bahia/BA,BA,algodo-em-pluma-ao-produtor,130.36,algodao-bolsa-de-nova-iorque-nybot,2023-12,125.32,202.264005656856,4.8806,-71.90400565685599,-14.732616001486699,-35.549580570871434
2023-11-21,Sorriso/MT,MT,algodo-em-pluma-ao-produtor,118.35,algodao-bolsa-de-nova-iorque-nybot,2023-12,125.32,202.264005656856,4.8806,-83.914005656856,-17.19337902242675,-41.48736468673393
2023-11-22,Oeste da Bahia/BA,BA,algodo-em-pluma-ao-produtor,130.36,algodao-bolsa-de-nova-iorque-nybot,2023-12,128.95,208.81356835547996,4.8968,-78.45356835547994,-16.021395269457596,-37.57110659682908
2023-11-22,Sorriso/MT,MT,algodo-em-pluma-ao-produtor,118.47,algodao-bolsa-de-nova-iorque-nybot,2023-12,128.95,208.81356835547996,4.8968,-90.34356835547996,-18.449511590320203,-43.26518102582344
2023-11-24,Oeste da Bahia/BA,BA,algodo-em-pluma-ao-produtor,130.36,algodao-bolsa-de-nova-iorque-nybot,2023-12,130.26,210.75828856968596,4.8927,-80.39828856968595,-16.432294759475536,-38.147153839267745
2023-11-24,Sorriso/MT,MT,algodo-em-pluma-ao-produtor,121.22,algodao-bolsa-de-nova-iorque-nybot,2023-12,130.26,210.75828856968596,4.8927,-89.53828856968596,-18.300383953581044,-42.4838753328938
2023-11-27,Oeste da Bahia/BA,BA,algodo-em-pluma-ao-produtor,130.36,algodao-bolsa-de-nova-iorque-nybot,2023-12,127.35,206.15103500260497,4.8951,-75.79103500260496,-15.483041205001932,-36.76480935526094
2023-11-27,Sorriso/MT,MT,algodo-em-pluma-ao-produtor,120.13,algodao-bolsa-de-nova-iorque-nybot,2023-12,127.35,206.15103500260497,4.8951,-86.02103500260498,-17.57288615198974,-41.727190456025596
2023-11-28,Oeste da Bahia/BA,BA,algodo-em-pluma-ao-produtor,130.36,algodao-bolsa-de-nova-iorque-nybot,2023-12,126.58,204.55296141079802,4.8867,-74.192961410798,-15.182630693678352,-36.27078332139047
2023-11-28,Sorriso/MT,MT,algodo-em-pluma-ao-produtor,118.78,algodao-bolsa-de-nova-iorque-nybot,2023-12,126.58,204.55296141079802,4.8867,-85.77296141079802,-17.552328035442734,-41.93190889011016
2023-11-29,Oeste da Bahia/BA,BA,algodo-em-pluma-ao-produtor,130.36,algodao-bolsa-de-nova-iorque-nybot,2023-12,127.09,205.654503431421,4.8933,-75.29450343142099,-15.387264919669954,-36.6121345144913
2023-11-29,Sorriso/MT,MT,algodo-em-pluma-ao-produtor,120.2,algodao-bolsa-de-nova-iorque-nybot,2023-12,127.09,205.654503431421,4.8933,-85.454503431421,-17.463573341389452,-41.5524591028065
2023-11-30,Oeste da Bahia/BA,BA,algodo-em-pluma-ao-produtor,130.36,algodao-bolsa-de-nova-iorque-nybot,2023-12,129.18,210.83923824777,4.9355,-80.47923824776998,-16.306197598575622,-38.170901638903636
2023-11-30,Sorriso/MT,MT,algodo-em-pluma-ao-produtor,117.23,algodao-bolsa-de-nova-iorque-nybot,2023-12,129.18,210.83923824777,4.9355,-93.60923824777,-18.966515702111234,-44.3983952065716
2023-12-01,Oeste da Bahia/BA,BA,algodo-em-pluma-ao-produtor,130.36,algodao-bolsa-de-nova-iorque-nybot,2023-12,126.55,205.860395538765,4.9191,-75.50039553876499,-15.348416486504643,-36.675532144573054
2023-12-01,Sorriso/MT,MT,algodo-em-pluma-ao-produtor,117.23,algodao-bolsa-de-nova-iorque-nybot,2023-12,126.55,205.860395538765,4.9191,-88.630395538765,-18.017603939494013,-43.053640942837525
2023-12-04,Oeste da Bahia/BA,BA,algodo-em-pluma-ao-produtor,130.36,algodao-bolsa-de-nova-iorque-nybot,2023-12,127.16,206.43218060110797,4.9091,-76.07218060110796,-15.496156240677102,-36.850931080412984
2023-12-04,Sorriso/MT,MT,algodo-em-pluma-ao-produtor,118.53,algodao-bolsa-de-nova-iorque-nybot,2023-12,127.16,206.43218060110797,4.9091,-87.90218060110797,-17.90596659288016,-42.58162673336416
2023-12-05,Oeste da Bahia/BA,BA,algodo-em-pluma-ao-produtor,130.36,algodao-bolsa-de-nova-iorque-nybot,2023-12,128.27,210.06237557494202,4.9522,-79.70237557494201,-16.094336976483582,-37.94224232530748
2023-12-05,Sorriso/MT,MT,algodo-em-pluma-ao-produtor,119.34,algodao-bolsa-de-nova-iorque-nybot,2023-12,128.27,210.06237557494202,4.9522,-90.72237557494202,-18.319610592250317,-43.188303153591555
2023-12-06,Oeste da Bahia/BA,BA,algodo-em-pluma-ao-produtor,130.36,algodao-bolsa-de-nova-iorque-nybot,2023-12,127.61,206.909514451563,4.9031,-76.549514451563,-15.612472609484406,-36.99661402930944
2023-12-06,Sorriso/MT,MT,algodo-em-pluma-ao-produtor,118.5,algodao-bolsa-de-nova-iorque-nybot,2023-12,127.61,206.909514451563,4.9031,-88.40951445156301,-18.031350462271423,-42.72858823621639
2023-12-07,Oeste da Bahia/BA,BA,algodo-em-pluma-ao-produtor,130.36,algodao-bolsa-de-nova-iorque-nybot,2023-12,127.87,206.98434101805898,4.8949,-76.62434101805897,-15.653913464638496,-37.019390279080895
2023-12-07,Sorriso/MT,MT,algodo-em-pluma-ao-produtor,118.5,algodao-bolsa-de-nova-iorque-nybot,2023-12,127.87,206.98434101805898,4.8949,-88.48434101805898,-18.076843452993725,-42.74929232948057
2023-12-08,Oeste da Bahia/BA,BA,algodo-em-pluma-ao-produtor,130.36,algodao-bolsa-de-nova-iorque-nybot,2024-03,132.77,215.833653620838,4.9158,-85.47365362083798,-17.387536844631185,-39.60163403015562
2023-12-08,Sorriso/MT,MT,algodo-em-pluma-ao-produtor,120.46,algodao-bolsa-de-nova-iorque-nybot,2024-03,132.77,215.833653620838,4.9158,-95.373653620838,-19.401451161731153,-44.188499810314106
2023-12-11,Oeste da Bahia/BA,BA,algodo-em-pluma-ao-produtor,130.36,algodao-bolsa-de-nova-iorque-nybot,2024-03,133.96,219.01739188032,4.944,-88.65739188031998,-17.93232036414239,-40.479612655037904
2023-12-11,Sorriso/MT,MT,algodo-em-pluma-ao-produtor,120.46,algodao-bolsa-de-nova-iorque-nybot,2024-03,133.96,219.01739188032,4.944,-98.55739188032,-19.934747548608414,-44.999801629532584
2023-12-12,Oeste da Bahia/BA,BA,algodo-em-pluma-ao-produtor,130.36,algodao-bolsa-de-nova-iorque-nybot,2024-03,133.21,217.949768048628,4.9476,-87.58976804862797,-17.703486144520163,-40.18805288615188
2023-12-12,Sorriso/MT,MT,algodo-em-pluma-ao-produtor,118.66,algodao-bolsa-de-nova-iorque-nybot,2024-03,133.21,217.949768048628,4.9476,-99.28976804862799,-20.06826906957474,-45.556262315670324
2023-12-13,Oeste da Bahia/BA,BA,algodo-em-pluma-ao-produtor,130.36,algodao-bolsa-de-nova-iorque-nybot,2024-03,132.35,216.99786957089998,4.958,-86.63786957089997,-17.474358525796685,-39.925677492696614
2023-12-13,Sorriso/MT,MT,algodo-em-pluma-ao-produtor,117.51,algodao-bolsa-de-nova-iorque-nybot,2024-03,132.35,216.99786957089998,4.958,-99.48786957089997,-20.066129401149652,-45.84739461619193
2023-12-14,Oeste da Bahia/BA,BA,algodo-em-pluma-ao-produtor,130.36,algodao-bolsa-de-nova-iorque-nybot,2024-03,131.21,212.23028578593602,4.8912,-81.870285785936,-16.7382821773667,-38.576155840695456
2023-12-14,Sorriso/MT,MT,algodo-em-pluma-ao-produtor,118.69,algodao-bolsa-de-nova-iorque-nybot,2024-03,131.21,212.23028578593602,4.8912,-93.54028578593602,-19.124199743608116,-44.074899790826514
2023-12-15,Oeste da Bahia/BA,BA,algodo-em-pluma-ao-produtor,130.36,algodao-bolsa-de-nova-iorque-nybot,2024-03,130.57,213.28925637389702,4.9397,-82.929256373897,-16.7883183946185,-38.881122182976554
2023-12-15,Sorriso/MT,MT,algodo-em-pluma-ao-produtor,118.63,algodao-bolsa-de-nova-iorque-nybot,2024-03,130.57,213.28925637389702,4.9397,-94.65925637389702,-19.162956530537688,-44.380695954023544
2023-12-18,Oeste da Bahia/BA,BA,algodo-em-pluma-ao-produtor,130.36,algodao-bolsa-de-nova-iorque-nybot,2024-03,128.43,209.802008740401,4.9399,-79.44200874040098,-16.081703828093886,-37.865227896220354
2023-12-18,Sorriso/MT,MT,algodo-em-pluma-ao-produtor,120.29,algodao-bolsa-de-nova-iorque-nybot,2024-03,128.43,209.802008740401,4.9399,-89.51200874040099,-18.120206631794368,-42.66499128288084
2023-12-19,Oeste da Bahia/BA,BA,algodo-em-pluma-ao-produtor,130.36,algodao-bolsa-de-nova-iorque-nybot,2024-03,127.7,205.50139687143,4.8663,-75.14139687142998,-15.441176432079809,-36.56490808110735
2023-12-19,Sorriso/MT,MT,algodo-em-pluma-ao-produtor,120.93,algodao-bolsa-de-nova-iorque-nybot,2024-03,127.7,205.50139687143,4.8663,-84.57139687142998,-17.378993664885023,-41.153684675117454
2023-12-20,Oeste da Bahia/BA,BA,algodo-em-pluma-ao-produtor,130.36,algodao-bolsa-de-nova-iorque-nybot,2024-03,128.35,206.98458804572996,4.8766,-76.62458804572995,-15.712707223419995,-37.019465443872065
2023-12-20,Sorriso/MT,MT,algodo-em-pluma-ao-produtor,122.12,algodao-bolsa-de-nova-iorque-nybot,2024-03,128.35,206.98458804572996,4.8766,-84.86458804572996,-17.40240906486691,-41.000438171261564
2023-12-21,Oeste da Bahia/BA,BA,algodo-em-pluma-ao-produtor,130.36,algodao-bolsa-de-nova-iorque-nybot,2024-03,127.96,206.30910460313996,4.8755,-75.94910460313994,-15.577705794921537,-36.813258798848
2023-12-21,Sorriso/MT,MT,algodo-em-pluma-ao-produtor,123.95,algodao-bolsa-de-nova-iorque-nybot,2024-03,127.96,206.30910460313996,4.8755,-82.35910460313995,-16.89244274497794,-39.92024722397369
2023-12-22,Oeste da Bahia/BA,BA,algodo-em-pluma-ao-produtor,130.36,algodao-bolsa-de-nova-iorque-nybot,2024-03,127.92,205.669302273864,4.8619,-75.30930227386398,-15.489685570222335,-36.61669555993535
2023-12-22,Sorriso/MT,MT,algodo-em-pluma-ao-produtor,123.78,algodao-bolsa-de-nova-iorque-nybot,2024-03,127.92,205.669302273864,4.8619,-81.88930227386399,-16.84306593592299,-39.81600626272475
2023-12-26,Oeste da Bahia/BA,BA,algodo-em-pluma-ao-produtor,130.36,algodao-bolsa-de-nova-iorque-nybot,2024-03,127.59,204.07968218721604,4.8368,-73.71968218721602,-15.241416264310292,-36.122989509356444
2023-12-27,Oeste da Bahia/BA,BA,algodo-em-pluma-ao-produtor,130.36,algodao-bolsa-de-nova-iorque-nybot,2024-03,128.63,205.47942827405396,4.8306,-75.11942827405394,-15.550744891743046,-36.55812599101889
2023-12-28,Oeste da Bahia/BA,BA,algodo-em-pluma-ao-produtor,130.36,algodao-bolsa-de-nova-iorque-nybot,2024-03,129.83,207.85575543344703,4.8413,-77.49575543344702,-16.00722025766778,-37.28343017100638
2023-12-29,Oeste da Bahia/BA,BA,algodo-em-pluma-ao-produtor,130.36,algodao-bolsa-de-nova-iorque-nybot,2024-03,129.91,207.98383415511898,4.8413,-77.62383415511897,-16.033675697667768,-37.32205172120511
2024-01-02,Oeste da Bahia/BA,BA,algodo-em-pluma-ao-produtor,130.36,algodao-bolsa-de-nova-iorque-nybot,2024-03,129.8,209.96680066824004,4.8916,-79.60680066824003,-16.274184452579938,-37.91399421950686
2024-01-03,Oeste da Bahia/BA,BA,algodo-em-pluma-ao-produtor,130.36,algodao-bolsa-de-nova-iorque-nybot,2024-03,131.67,214.28059958197198,4.9212,-83.92059958197197,-17.052873197994792,-39.1638812592871
2024-01-04,Oeste da Bahia/BA,BA,algodo-em-pluma-ao-produtor,130.36,algodao-bolsa-de-nova-iorque-nybot,2024-03,130.09,211.606049837556,4.9188,-81.24604983755597,-16.51745341090428,-38.39495605155253
2024-01-05,Oeste da Bahia/BA,BA,algodo-em-pluma-ao-produtor,130.36,algodao-bolsa-de-nova-iorque-nybot,2024-03,129.14,208.82657318839793,4.8899,-78.46657318839792,-16.046662137957405,-37.574994403421734
2024-01-08,Oeste da Bahia/BA,BA,algodo-em-pluma-ao-produtor,130.36,algodao-bolsa-de-nova-iorque-nybot,2024-03,129.51,209.21502635054995,4.885,-78.85502635054993,-16.142277656202648,-37.69089999225223
2024-01-09,Oeste da Bahia/BA,BA,algodo-em-pluma-ao-produtor,130.36,algodao-bolsa-de-nova-iorque-nybot,2024-03,130.81,211.69143642362098,4.8937,-81.33143642362097,-16.6196204147416,-38.419804691988865
2024-01-09,Sorriso/MT,MT,algodo-em-pluma-ao-produtor,122.76,algodao-bolsa-de-nova-iorque-nybot,2024-03,130.81,211.69143642362098,4.8937,-88.93143642362098,-18.1726375592335,-42.009935747073904
2024-01-10,Oeste da Bahia/BA,BA,algodo-em-pluma-ao-produtor,130.36,algodao-bolsa-de-nova-iorque-nybot,2024-03,129.66,209.67601768363798,4.8901,-79.31601768363797,-16.219712824612575,-37.82789207839261
2024-01-10,Sorriso/MT,MT,algodo-em-pluma-ao-produtor,119.44,algodao-bolsa-de-nova-iorque-nybot,2024-03,129.66,209.67601768363798,4.8901,-90.23601768363798,-18.452795992645953,-43.035926893550275
2024-01-11,Oeste da Bahia/BA,BA,algodo-em-pluma-ao-produtor,130.36,algodao-bolsa-de-nova-iorque-nybot,2024-03,131.3,211.86350359746004,4.8794,-81.50350359746002,-16.70359134267738,-38.46981769560293
2024-01-11,Sorriso/MT,MT,algodo-em-pluma-ao-produtor,120.04,algodao-bolsa-de-nova-iorque-nybot,2024-03,131.3,211.86350359746004,4.8794,-91.82350359746003,-18.818605483760305,-43.34087846103234
2024-01-12,Oeste da Bahia/BA,BA,algodo-em-pluma-ao-produtor,130.36,algodao-bolsa-de-nova-iorque-nybot,2024-03,130.68,209.77838634733203,4.8543,-79.41838634733202,-16.36041990551305,-37.858231121979486
2024-01-12,Sorriso/MT,MT,algodo-em-pluma-ao-produtor,120.92,algodao-bolsa-de-nova-iorque-nybot,2024-03,130.68,209.77838634733203,4.8543,-88.85838634733203,-18.30508751979318,-42.35821806742682
2024-01-16,Oeste da Bahia/BA,BA,algodo-em-pluma-ao-produtor,130.36,algodao-bolsa-de-nova-iorque-nybot,2024-03,132.59,215.01488288550598,4.9038,-84.65488288550597,-17.26311898639952,-39.37163872074109
2024-01-16,Sorriso/MT,MT,algodo-em-pluma-ao-produtor,120.85,algodao-bolsa-de-nova-iorque-nybot,2024-03,132.59,215.01488288550598,4.9038,-94.16488288550599,-19.2024313563983,-43.79458836607519
2024-01-17,Oeste da Bahia/BA,BA,algodo-em-pluma-ao-produtor,130.36,algodao-bolsa-de-nova-iorque-nybot,2024-03,133.2,217.36077868296,4.9346,-87.00077868295998,-17.630766157937824,-40.02597856435652
2024-01-17,Sorriso/MT,MT,algodo-em-pluma-ao-produtor,123.02,algodao-bolsa-de-nova-iorque-nybot,2024-03,133.2,217.36077868296,4.9346,-94.34077868295999,-19.118222081416935,-43.40285273847146
2024-01-18,Oeste da Bahia/BA,BA,algodo-em-pluma-ao-produtor,130.36,algodao-bolsa-de-nova-iorque-nybot,2024-03,134.52,219.741677011692,4.9397,-89.38167701169198,-18.094555744618493,-40.67579633832328
2024-01-18,Sorriso/MT,MT,algodo-em-pluma-ao-produtor,122.57,algodao-bolsa-de-nova-iorque-nybot,2024-03,134.52,219.741677011692,4.9397,-97.171677011692,-19.671574591916915,-44.22086803611756
2024-01-19,Oeste da Bahia/BA,BA,algodo-em-pluma-ao-produtor,130.36,algodao-bolsa-de-nova-iorque-nybot,2024-03,136.86,222.74946807636607,4.9217,-92.38946807636606,-18.77186095787351,-41.47685239126668
2024-01-19,Sorriso/MT,MT,algodo-em-pluma-ao-produtor,122.0,algodao-bolsa-de-nova-iorque-nybot,2024-03,136.86,222.74946807636607,4.9217,-100.74946807636607,-20.470461035082607,-45.22994777335484
2024-01-22,Oeste da Bahia/BA,BA,algodo-em-pluma-ao-produtor,130.36,algodao-bolsa-de-nova-iorque-nybot,2024-03,139.98,229.09121998685995,4.949,-98.73121998685994,-19.949731256185075,-43.09690261919374
2024-01-22,Sorriso/MT,MT,algodo-em-pluma-ao-produtor,122.74,algodao-bolsa-de-nova-iorque-nybot,2024-03,139.98,229.09121998685995,4.949,-106.35121998685996,-21.489436247092335,-46.423088581465485
2024-01-23,Oeste da Bahia/BA,BA,algodo-em-pluma-ao-produtor,130.36,algodao-bolsa-de-nova-iorque-nybot,2024-03,138.48,227.66669375076,4.9715,-97.30669375075999,-19.572904304688723,-42.74085600649487
2024-01-23,Sorriso/MT,MT,algodo-em-pluma-ao-produtor,122.17,algodao-bolsa-de-nova-iorque-nybot,2024-03,138.48,227.66669375076,4.9715,-105.49669375076,-21.220294428393846,-46.338220146620735
2024-01-24,Oeste da Bahia/BA,BA,algodo-em-pluma-ao-produtor,130.36,algodao-bolsa-de-nova-iorque-nybot,2024-03,139.23,226.49170712968794,4.9192,-96.13170712968792,-19.54214244789558,-42.44380880340287
2024-01-24,Sorriso/MT,MT,algodo-em-pluma-ao-produtor,122.43,algodao-bolsa-de-nova-iorque-nybot,2024-03,139.23,226.49170712968794,4.9192,-104.06170712968793,-21.154193187853295,-45.94504074716641
2024-01-25,Oeste da Bahia/BA,BA,algodo-em-pluma-ao-produtor,130.36,algodao-bolsa-de-nova-iorque-nybot,2024-03,139.53,227.16429700852794,4.9232,-96.80429700852793,-19.66288125782579,-42.614221637519826
2024-01-25,Sorriso/MT,MT,algodo-em-pluma-ao-produtor,122.1,algodao-bolsa-de-nova-iorque-nybot,2024-03,139.53,227.16429700852794,4.9232,-105.06429700852794,-21.3406518135619,-46.25035641255886
2024-01-26,Oeste da Bahia/BA,BA,algodo-em-pluma-ao-produtor,130.36,algodao-bolsa-de-nova-iorque-nybot,2024-03,136.99,222.544277368875,4.9125,-92.18427736887497,-18.765247301552158,-41.42289276487496
2024-01-26,Sorriso/MT,MT,algodo-em-pluma-ao-produtor,121.59,algodao-bolsa-de-nova-iorque-nybot,2024-03,136.99,222.544277368875,4.9125,-100.95427736887498,-20.550489031832058,-45.363681583930244
2024-01-29,Oeste da Bahia/BA,BA,algodo-em-pluma-ao-produtor,130.36,algodao-bolsa-de-nova-iorque-nybot,2024-03,137.93,224.527459824525,4.9225,-94.167459824525,-19.130007074560687,-41.940286456774466
2024-01-29,Sorriso/MT,MT,algodo-em-pluma-ao-produtor,121.99,algodao-bolsa-de-nova-iorque-nybot,2024-03,137.93,224.527459824525,4.9225,-102.53745982452502,-20.830362584972068,-45.66811556353113
2024-01-30,Oeste da Bahia/BA,BA,algodo-em-pluma-ao-produtor,130.36,algodao-bolsa-de-nova-iorque-nybot,2024-03,138.5,227.34690700589996,4.9638,-96.98690700589995,-19.538842621761543,-42.66031514709941
2024-01-30,Sorriso/MT,MT,algodo-em-pluma-ao-produtor,121.9,algodao-bolsa-de-nova-iorque-nybot,2024-03,138.5,227.34690700589996,4.9638,-105.44690700589996,-21.24318203914339,-46.38150058631036
2024-01-31,Oeste da Bahia/BA,BA,algodo-em-pluma-ao-produtor,130.36,algodao-bolsa-de-nova-iorque-nybot,2024-03,138.85,227.44848762817497,4.9535,-97.08848762817496,-19.59997731466134,-42.685923586747215
2024-01-31,Sorriso/MT,MT,algodo-em-pluma-ao-produtor,120.59,algodao-bolsa-de-nova-iorque-nybot,2024-03,138.85,227.44848762817497,4.9535,-106.85848762817497,-21.57232010258907,-46.981401697804905
2024-02-01,Oeste da Bahia/BA,BA,algodo-em-pluma-ao-produtor,130.36,algodao-bolsa-de-nova-iorque-nybot,2024-03,140.43,229.17754078064996,4.935,-98.81754078064995,-20.023817787365747,-43.11833543725388
2024-02-01,Sorriso/MT,MT,algodo-em-pluma-ao-produtor,120.78,algodao-bolsa-de-nova-iorque-nybot,2024-03,140.43,229.17754078064996,4.935,-108.39754078064996,-21.96505385626139,-47.298500721935596
2024-02-02,Oeste da Bahia/BA,BA,algodo-em-pluma-ao-produtor,130.36,algodao-bolsa-de-nova-iorque-nybot,2024-03,143.17,234.22201679075096,4.9471,-103.86201679075094,-20.994525437276575,-44.34340469518674
2024-02-02,Sorriso/MT,MT,algodo-em-pluma-ao-produtor,122.16,algodao-bolsa-de-nova-iorque-nybot,2024-03,143.17,234.22201679075096,4.9471,-112.06201679075096,-22.652062175971977,-47.844356532402685
2024-02-05,Oeste da Bahia/BA,BA,algodo-em-pluma-ao-produtor,130.36,algodao-bolsa-de-nova-iorque-nybot,2024-03,143.34,237.258901233486,5.0053,-106.89890123348599,-21.357141676520087,-45.05580219655784
2024-02-05,Sorriso/MT,MT,algodo-em-pluma-ao-produtor,120.84,algodao-bolsa-de-nova-iorque-nybot,2024-03,143.34,237.258901233486,5.0053,-116.418901233486,-23.259125573589195,-49.06829654366408
2024-02-06,Oeste da Bahia/BA,BA,algodo-em-pluma-ao-produtor,130.36,algodao-bolsa-de-nova-iorque-nybot,2024-03,143.59,235.934783643669,4.9687,-105.57478364366898,-21.24796901476623,-44.74744334566538
2024-02-06,Sorriso/MT,MT,algodo-em-pluma-ao-produtor,123.58,algodao-bolsa-de-nova-iorque-nybot,2024-03,143.59,235.934783643669,4.9687,-112.354783643669,-22.612511047893612,-47.621118814493165
2024-02-07,Oeste da Bahia/BA,BA,algodo-em-pluma-ao-produtor,130.36,algodao-bolsa-de-nova-iorque-nybot,2024-03,145.4,238.52896672175999,4.9608,-108.16896672175997,-21.804742525753905,-45.34835672513404
2024-02-07,Sorriso/MT,MT,algodo-em-pluma-ao-produtor,123.68,algodao-bolsa-de-nova-iorque-nybot,2024-03,145.4,238.52896672175999,4.9608,-114.84896672175998,-23.151299532688274,-48.1488551684917
2024-02-08,Oeste da Bahia/BA,BA,algodo-em-pluma-ao-produtor,130.36,algodao-bolsa-de-nova-iorque-nybot,2024-03,147.03,242.155971830916,4.9804,-111.79597183091599,-22.447187340558184,-46.16692744995646
2024-02-08,Sorriso/MT,MT,algodo-em-pluma-ao-produtor,122.88,algodao-bolsa-de-nova-iorque-nybot,2024-03,147.03,242.155971830916,4.9804,-119.275971830916,-23.94907473916071,-49.25584569692123
2024-02-09,Oeste da Bahia/BA,BA,algodo-em-pluma-ao-produtor,130.36,algodao-bolsa-de-nova-iorque-nybot,2024-03,150.54,247.503775664574,4.9717,-117.14377566457398,-23.56211671351328,-47.33009641975379
2024-02-09,Sorriso/MT,MT,algodo-em-pluma-ao-produtor,123.85,algodao-bolsa-de-nova-iorque-nybot,2024-03,150.54,247.503775664574,4.9717,-123.653775664574,-24.871527981288892,-49.9603593248428
2024-02-14,Oeste da Bahia/BA,BA,algodo-em-pluma-ao-produtor,130.36,algodao-bolsa-de-nova-iorque-nybot,2024-03,153.64,252.63099007119598,4.9723,-122.27099007119597,-24.590428990848494,-48.3990463864856
2024-02-14,Sorriso/MT,MT,algodo-em-pluma-ao-produtor,122.42,algodao-bolsa-de-nova-iorque-nybot,2024-03,153.64,252.63099007119598,4.9723,-130.21099007119597,-26.187275520623448,-51.54197037920809
2024-02-15,Oeste da Bahia/BA,BA,algodo-em-pluma-ao-produtor,130.36,algodao-bolsa-de-nova-iorque-nybot,2024-03,155.53,255.67186366359,4.971,-125.31186366358997,-25.20858251128344,-49.01277045818144
2024-02-15,Sorriso/MT,MT,algodo-em-pluma-ao-produtor,123.71,algodao-bolsa-de-nova-iorque-nybot,2024-03,155.53,255.67186366359,4.971,-131.96186366359,-26.54634151349628,-51.61376061201004
2024-02-16,Oeste da Bahia/BA,BA,algodo-em-pluma-ao-produtor,130.36,algodao-bolsa-de-nova-iorque-nybot,2024-03,154.28,253.87721854664395,4.9761,-123.51721854664393,-24.822093315376286,-48.65234433153779
2024-02-16,Sorriso/MT,MT,algodo-em-pluma-ao-produtor,123.77,algodao-bolsa-de-nova-iorque-nybot,2024-03,154.28,253.87721854664395,4.9761,-130.10721854664394,-26.146423614204686,-51.24808728071826
2024-02-20,Oeste da Bahia/BA,BA,algodo-em-pluma-ao-produtor,130.36,algodao-bolsa-de-nova-iorque-nybot,2024-03,148.67,242.910125154048,4.9408,-112.55012515404798,-22.77973711829015,-46.33406083121125
2024-02-20,Sorriso/MT,MT,algodo-em-pluma-ao-produtor,128.88,algodao-bolsa-de-nova-iorque-nybot,2024-03,148.67,242.910125154048,4.9408,-114.030125154048,-23.079283750414504,-46.94333967418308
2024-02-21,Oeste da Bahia/BA,BA,algodo-em-pluma-ao-produtor,130.36,algodao-bolsa-de-nova-iorque-nybot,2024-03,151.27,246.632982621333,4.9303,-116.272982621333,-23.58334840097621,-47.14413351593459
2024-02-21,Sorriso/MT,MT,algodo-em-pluma-ao-produtor,131.55,algodao-bolsa-de-nova-iorque-nybot,2024-03,151.27,246.632982621333,4.9303,-115.082982621333,-23.341983778133788,-46.66163519500764
2024-02-22,Oeste da Bahia/BA,BA,algodo-em-pluma-ao-produtor,130.36,algodao-bolsa-de-nova-iorque-nybot,2024-03,154.2,252.00161779913998,4.9419,-121.64161779913996,-24.614342216382354,-48.270173366940625
2024-02-22,Sorriso/MT,MT,algodo-em-pluma-ao-produtor,134.18,algodao-bolsa-de-nova-iorque-nybot,2024-03,154.2,252.00161779913998,4.9419,-117.82161779913997,-23.84136016494465,-46.754310082664105
2024-02-23,Oeste da Bahia/BA,BA,algodo-em-pluma-ao-produtor,130.36,algodao-bolsa-de-nova-iorque-nybot,2024-03,156.65,258.243426679095,4.9851,-127.88342667909501,-25.65313166819021,-49.52049634859003
2024-02-23,Sorriso/MT,MT,algodo-em-pluma-ao-produtor,132.72,algodao-bolsa-de-nova-iorque-nybot,2024-03,156.65,258.243426679095,4.9851,-125.52342667909502,-25.17972090411326,-48.60662991243379
2024-02-26,Oeste da Bahia/BA,BA,algodo-em-pluma-ao-produtor,130.36,algodao-bolsa-de-nova-iorque-nybot,2024-03,159.05,262.03160758813505,4.9819,-131.67160758813503,-26.429998110788055,-50.25027659834775
2024-02-26,Sorriso/MT,MT,algodo-em-pluma-ao-produtor,130.55,algodao-bolsa-de-nova-iorque-nybot,2024-03,159.05,262.03160758813505,4.9819,-131.48160758813503,-26.391860051011665,-50.177766261999835
2024-02-27,Oeste da Bahia/BA,BA,algodo-em-pluma-ao-produtor,130.36,algodao-bolsa-de-nova-iorque-nybot,2024-03,164.25,269.273182426875,4.9575,-138.91318242687498,-28.020813399268782,-51.588197968655436
2024-02-27,Sorriso/MT,MT,algodo-em-pluma-ao-produtor,131.11,algodao-bolsa-de-nova-iorque-nybot,2024-03,164.25,269.273182426875,4.9575,-138.16318242687498,-27.869527468860312,-51.30967041784608
2024-02-28,Oeste da Bahia/BA,BA,algodo-em-pluma-ao-produtor,130.36,algodao-bolsa-de-nova-iorque-nybot,2024-03,169.4,277.61531183693995,4.9557,-147.25531183693994,-29.714331343087743,-53.04293587503264
2024-02-28,Sorriso/MT,MT,algodo-em-pluma-ao-produtor,131.86,algodao-bolsa-de-nova-iorque-nybot,2024-03,169.4,277.61531183693995,4.9557,-145.75531183693994,-29.411649582690625,-52.502619856411506
2024-02-29,Oeste da Bahia/BA,BA,algodo-em-pluma-ao-produtor,130.36,algodao-bolsa-de-nova-iorque-nybot,2024-03,167.25,275.61837089902497,4.9833,-145.25837089902495,-29.149031946506323,-52.702717320770155
2024-02-29,Sorriso/MT,MT,algodo-em-pluma-ao-produtor,134.4,algodao-bolsa-de-nova-iorque-nybot,2024-03,167.25,275.61837089902497,4.9833,-141.21837089902496,-28.338324182574794,-51.236922429514486
2024-03-01,Oeste da Bahia/BA,BA,algodo-em-pluma-ao-produtor,130.36,algodao-bolsa-de-nova-iorque-nybot,2024-03,160.02,262.449602548056,4.9596,-132.089602548056,-26.633116087599003,-50.32951136737562
2024-03-01,Sorriso/MT,MT,algodo-em-pluma-ao-produtor,135.89,algodao-bolsa-de-nova-iorque-nybot,2024-03,160.02,262.449602548056,4.9596,-126.55960254805603,-25.51810681265748,-48.22244016349091
2024-03-04,Oeste da Bahia/BA,BA,algodo-em-pluma-ao-produtor,130.36,algodao-bolsa-de-nova-iorque-nybot,2024-03,161.14,263.64173692394996,4.9475,-133.28173692394995,-26.93920908013137,-50.55411122647715
2024-03-04,Sorriso/MT,MT,algodo-em-pluma-ao-produtor,135.89,algodao-bolsa-de-nova-iorque-nybot,2024-03,161.14,263.64173692394996,4.9475,-127.75173692394998,-25.821472849711974,-48.456567770527634
2024-03-05,Oeste da Bahia/BA,BA,algodo-em-pluma-ao-produtor,130.36,algodao-bolsa-de-nova-iorque-nybot,2024-03,160.91,263.33460844574404,4.9488,-132.97460844574402,-26.87007121842548,-50.49644223772485
2024-03-05,Sorriso/MT,MT,algodo-em-pluma-ao-produtor,135.59,algodao-bolsa-de-nova-iorque-nybot,2024-03,160.91,263.33460844574404,4.9488,-127.74460844574403,-25.813249362622056,-48.510375905286224
2024-03-06,Oeste da Bahia/BA,BA,algodo-em-pluma-ao-produtor,130.36,algodao-bolsa-de-nova-iorque-nybot,2024-03,162.28,265.09367562559197,4.9398,-134.73367562559196,-27.27512766217093,-50.82493020915542
2024-03-06,Sorriso/MT,MT,algodo-em-pluma-ao-produtor,135.57,algodao-bolsa-de-nova-iorque-nybot,2024-03,162.28,265.09367562559197,4.9398,-129.52367562559198,-26.220429091378595,-48.85958720815588
2024-03-07,Oeste da Bahia/BA,BA,algodo-em-pluma-ao-produtor,130.36,algodao-bolsa-de-nova-iorque-nybot,2024-05,162.18,264.747971808936,4.9364,-134.38797180893596,-27.223882142641592,-50.76071816176988
2024-03-07,Sorriso/MT,MT,algodo-em-pluma-ao-produtor,133.53,algodao-bolsa-de-nova-iorque-nybot,2024-05,162.18,264.747971808936,4.9364,-131.21797180893597,-26.581713760824886,-49.56335299279789
2024-03-08,Oeste da Bahia/BA,BA,algodo-em-pluma-ao-produtor,130.36,algodao-bolsa-de-nova-iorque-nybot,2024-05,156.91,258.153156088113,4.9751,-127.793156088113,-25.686550237806877,-49.502844754876655
2024-03-08,Sorriso/MT,MT,algodo-em-pluma-ao-produtor,133.3,algodao-bolsa-de-nova-iorque-nybot,2024-05,156.91,258.153156088113,4.9751,-124.853156088113,-25.09560734218669,-48.36398592992527
2024-03-11,Oeste da Bahia/BA,BA,algodo-em-pluma-ao-produtor,130.36,algodao-bolsa-de-nova-iorque-nybot,2024-05,156.23,257.16872601720297,4.9777,-126.80872601720296,-25.475365332824992,-49.309543964035605
2024-03-11,Sorriso/MT,MT,algodo-em-pluma-ao-produtor,133.65,algodao-bolsa-de-nova-iorque-nybot,2024-05,156.23,257.16872601720297,4.9777,-123.51872601720297,-24.81441750551519,-48.03022822026203
2024-03-12,Oeste da Bahia/BA,BA,algodo-em-pluma-ao-produtor,130.36,algodao-bolsa-de-nova-iorque-nybot,2024-05,156.51,257.815955711259,4.9813,-127.45595571125898,-25.586886096251778,-49.436798959798786
2024-03-12,Sorriso/MT,MT,algodo-em-pluma-ao-produtor,133.59,algodao-bolsa-de-nova-iorque-nybot,2024-05,156.51,257.815955711259,4.9813,-124.22595571125899,-24.93846098634071,-48.183967267869896
2024-03-13,Oeste da Bahia/BA,BA,algodo-em-pluma-ao-produtor,130.36,algodao-bolsa-de-nova-iorque-nybot,2024-05,155.97,256.87484576196294,4.9803,-126.51484576196293,-25.40305719775173,-49.25155103711473
2024-03-13,Sorriso/MT,MT,algodo-em-pluma-ao-produtor,134.08,algodao-bolsa-de-nova-iorque-nybot,2024-05,155.97,256.87484576196294,4.9803,-122.79484576196293,-24.65611424250807,-47.80337498509009
2024-03-14,Oeste da Bahia/BA,BA,algodo-em-pluma-ao-produtor,130.36,algodao-bolsa-de-nova-iorque-nybot,2024-05,154.26,253.88001620942399,4.9768,-123.52001620942397,-24.81916416360392,-48.65291016348963
2024-03-14,Sorriso/MT,MT,algodo-em-pluma-ao-produtor,134.66,algodao-bolsa-de-nova-iorque-nybot,2024-05,154.26,253.88001620942399,4.9768,-119.22001620942399,-23.955155161835716,-46.959196706163816
2024-03-15,Oeste da Bahia/BA,BA,algodo-em-pluma-ao-produtor,130.36,algodao-bolsa-de-nova-iorque-nybot,2024-05,155.01,255.9806671018409,4.9937,-125.6206671018409,-25.155829765873182,-49.07427913369067
2024-03-15,Sorriso/MT,MT,algodo-em-pluma-ao-produtor,133.6,algodao-bolsa-de-nova-iorque-nybot,2024-05,155.01,255.9806671018409,4.9937,-122.38066710184091,-24.507012255810505,-47.80855854756885
2024-03-18,Oeste da Bahia/BA,BA,algodo-em-pluma-ao-produtor,130.36,algodao-bolsa-de-nova-iorque-nybot,2024-05,157.3,260.73506781036,5.0124,-130.37506781036,-26.010507503463412,-50.002889486728144
2024-03-18,Sorriso/MT,MT,algodo-em-pluma-ao-produtor,134.58,algodao-bolsa-de-nova-iorque-nybot,2024-05,157.3,260.73506781036,5.0124,-126.15506781036001,-25.168595445367487,-48.38438836394502
2024-03-19,Oeste da Bahia/BA,BA,algodo-em-pluma-ao-produtor,130.36,algodao-bolsa-de-nova-iorque-nybot,2024-05,154.95,258.00808073831996,5.0352,-127.64808073831995,-25.35114409324753,-49.474450712179326
2024-03-19,Sorriso/MT,MT,algodo-em-pluma-ao-produtor,133.02,algodao-bolsa-de-nova-iorque-nybot,2024-05,154.95,258.00808073831996,5.0352,-124.98808073831995,-24.822863190800753,-48.443475251105355
2024-03-20,Oeste da Bahia/BA,BA,algodo-em-pluma-ao-produtor,130.36,algodao-bolsa-de-nova-iorque-nybot,2024-05,152.11,252.11218169676,5.012,-121.75218169675998,-24.29213521483639,-48.292859502998255
2024-03-20,Sorriso/MT,MT,algodo-em-pluma-ao-produtor,132.59,algodao-bolsa-de-nova-iorque-nybot,2024-05,152.11,252.11218169676,5.012,-119.52218169675999,-23.847203052027133,-47.40833262889336
2024-03-21,Oeste da Bahia/BA,BA,algodo-em-pluma-ao-produtor,130.36,algodao-bolsa-de-nova-iorque-nybot,2024-05,151.85,250.10949662143497,4.9807,-119.74949662143496,-24.04270416235368,-47.87882836879539
2024-03-21,Sorriso/MT,MT,algodo-em-pluma-ao-produtor,130.53,algodao-bolsa-de-nova-iorque-nybot,2024-05,151.85,250.10949662143497,4.9807,-119.57949662143497,-24.00857241380428,-47.81085813883755
2024-03-22,Oeste da Bahia/BA,BA,algodo-em-pluma-ao-produtor,130.36,algodao-bolsa-de-nova-iorque-nybot,2024-05,151.34,249.719908190214,4.9897,-119.35990819021399,-23.921259432473693,-47.79751404493406
2024-03-22,Sorriso/MT,MT,algodo-em-pluma-ao-produtor,130.37,algodao-bolsa-de-nova-iorque-nybot,2024-05,151.34,249.719908190214,4.9897,-119.349908190214,-23.919255303968974,-47.79350955843859
2024-03-25,Oeste da Bahia/BA,BA,algodo-em-pluma-ao-produtor,130.36,algodao-bolsa-de-nova-iorque-nybot,2024-05,151.24,249.41486307790805,4.9869,-119.05486307790804,-23.87352124123364,-47.73366815782734
2024-03-25,Sorriso/MT,MT,algodo-em-pluma-ao-produtor,130.37,algodao-bolsa-de-nova-iorque-nybot,2024-05,151.24,249.41486307790805,4.9869,-119.04486307790805,-23.871515987468776,-47.729658773672526
2024-03-26,Oeste da Bahia/BA,BA,algodo-em-pluma-ao-produtor,130.36,algodao-bolsa-de-nova-iorque-nybot,2024-05,153.83,253.69120439553,4.987,-123.33120439553,-24.730540283843993,-48.61469465975032
2024-03-26,Sorriso/MT,MT,algodo-em-pluma-ao-produtor,129.9,algodao-bolsa-de-nova-iorque-nybot,2024-05,153.83,253.69120439553,4.987,-123.79120439553,-24.822780107385203,-48.796017461656696
2024-03-27,Oeste da Bahia/BA,BA,algodo-em-pluma-ao-produtor,130.36,algodao-bolsa-de-nova-iorque-nybot,2024-05,149.48,246.44812754918394,4.9856,-116.08812754918392,-23.284685403799728,-47.10448754617382
2024-03-27,Sorriso/MT,MT,algodo-em-pluma-ao-produtor,129.98,algodao-bolsa-de-nova-iorque-nybot,2024-05,149.48,246.44812754918394,4.9856,-116.46812754918395,-23.360904915994855,-47.258678208435676
2024-03-28,Oeste da Bahia/BA,BA,algodo-em-pluma-ao-produtor,130.36,algodao-bolsa-de-nova-iorque-nybot,2024-05,151.39,250.127824619574,4.9962,-119.76782461957399,-23.97178347935911,-47.88264752301429
2024-03-28,Sorriso/MT,MT,algodo-em-pluma-ao-produtor,128.42,algodao-bolsa-de-nova-iorque-nybot,2024-05,151.39,250.127824619574,4.9962,-121.70782461957401,-24.36007858363837,-48.658250958158156
2024-04-01,Oeste da Bahia/BA,BA,algodo-em-pluma-ao-produtor,130.36,algodao-bolsa-de-nova-iorque-nybot,2024-05,155.52,259.882919569152,5.0532,-129.522919569152,-25.63186091370854,-49.8389504719595
2024-04-01,Sorriso/MT,MT,algodo-em-pluma-ao-produtor,128.49,algodao-bolsa-de-nova-iorque-nybot,2024-05,155.52,259.882919569152,5.0532,-131.392919569152,-26.00192344834006,-50.55850526344029
2024-04-02,Oeste da Bahia/BA,BA,algodo-em-pluma-ao-produtor,130.36,algodao-bolsa-de-nova-iorque-nybot,2024-05,151.95,253.63584969425997,5.0476,-123.27584969425996,-24.422666157037,-48.603480084877695
2024-04-02,Sorriso/MT,MT,algodo-em-pluma-ao-produtor,127.58,algodao-bolsa-de-nova-iorque-nybot,2024-05,151.95,253.63584969425997,5.0476,-126.05584969425998,-24.973422952345665,-49.699539653488
2024-04-03,Oeste da Bahia/BA,BA,algodo-em-pluma-ao-produtor,130.36,algodao-bolsa-de-nova-iorque-nybot,2024-05,148.3,248.75948378556,5.0724,-118.39948378556,-23.341905958828168,-47.59596779338261
2024-04-03,Sorriso/MT,MT,algodo-em-pluma-ao-produtor,126.89,algodao-bolsa-de-nova-iorque-nybot,2024-05,148.3,248.75948378556,5.0724,-121.86948378556,-24.026000273156694,-48.99088948528936
2024-04-04,Oeste da Bahia/BA,BA,algodo-em-pluma-ao-produtor,130.36,algodao-bolsa-de-nova-iorque-nybot,2024-05,145.23,241.27095105204293,5.0237,-110.91095105204292,-22.077542658208674,-45.969459053576266
2024-04-04,Sorriso/MT,MT,algodo-em-pluma-ao-produtor,125.54,algodao-bolsa-de-nova-iorque-nybot,2024-05,145.23,241.27095105204293,5.0237,-115.73095105204293,-23.03699485479685,-47.96721302229185
2024-04-05,Oeste da Bahia/BA,BA,algodo-em-pluma-ao-produtor,130.36,algodao-bolsa-de-nova-iorque-nybot,2024-05,144.61,241.59429241595996,5.052,-111.23429241595994,-22.01787260806808,-46.041771642702805
2024-04-05,Sorriso/MT,MT,algodo-em-pluma-ao-produtor,125.11,algodao-bolsa-de-nova-iorque-nybot,2024-05,144.61,241.59429241595996,5.052,-116.48429241595996,-23.057065007117966,-48.21483622444422
2024-04-08,Oeste da Bahia/BA,BA,algodo-em-pluma-ao-produtor,130.36,algodao-bolsa-de-nova-iorque-nybot,2024-05,144.13,240.32051357598897,5.0421,-109.96051357598895,-21.808475352727825,-45.75577504382272
2024-04-08,Sorriso/MT,MT,algodo-em-pluma-ao-produtor,125.11,algodao-bolsa-de-nova-iorque-nybot,2024-05,144.13,240.32051357598897,5.0421,-115.21051357598897,-22.849708172386304,-47.94035759230332
2024-04-09,Oeste da Bahia/BA,BA,algodo-em-pluma-ao-produtor,130.36,algodao-bolsa-de-nova-iorque-nybot,2024-05,142.55,236.07855804720003,5.008,-105.71855804720002,-21.109935712300324,-44.78109275221146
2024-04-09,Sorriso/MT,MT,algodo-em-pluma-ao-produtor,125.11,algodao-bolsa-de-nova-iorque-nybot,2024-05,142.55,236.07855804720003,5.008,-110.96855804720003,-22.158258396006396,-47.00492876825082
2024-04-10,Oeste da Bahia/BA,BA,algodo-em-pluma-ao-produtor,130.36,algodao-bolsa-de-nova-iorque-nybot,2024-05,143.31,240.057480694482,5.0654,-109.69748069448198,-21.65623261627551,-45.696339217227944
2024-04-10,Sorriso/MT,MT,algodo-em-pluma-ao-produtor,126.9,algodao-bolsa-de-nova-iorque-nybot,2024-05,143.31,240.057480694482,5.0654,-113.15748069448199,-22.33929811949342,-47.13766068323279
2024-04-11,Oeste da Bahia/BA,BA,algodo-em-pluma-ao-produtor,130.36,algodao-bolsa-de-nova-iorque-nybot,2024-05,140.05,235.11076018072504,5.0765,-104.75076018072502,-20.63444502722841,-44.55379247645032
2024-04-11,Sorriso/MT,MT,algodo-em-pluma-ao-produtor,124.03,algodao-bolsa-de-nova-iorque-nybot,2024-05,140.05,235.11076018072504,5.0765,-111.08076018072504,-21.881367119220926,-47.24614054045822
2024-04-12,Oeste da Bahia/BA,BA,algodo-em-pluma-ao-produtor,130.36,algodao-bolsa-de-nova-iorque-nybot,2024-05,140.16,238.071784972032,5.1364,-107.71178497203198,-20.97028755004127,-45.243406304819224
2024-04-12,Sorriso/MT,MT,algodo-em-pluma-ao-produtor,124.24,algodao-bolsa-de-nova-iorque-nybot,2024-05,140.16,238.071784972032,5.1364,-113.831784972032,-22.161783539450198,-47.814059522175064
2024-04-15,Oeste da Bahia/BA,BA,algodo-em-pluma-ao-produtor,130.36,algodao-bolsa-de-nova-iorque-nybot,2024-05,142.06,243.09363992746796,5.1746,-112.73363992746795,-21.78596218595987,-46.37457399589079
2024-04-15,Sorriso/MT,MT,algodo-em-pluma-ao-produtor,124.37,algodao-bolsa-de-nova-iorque-nybot,2024-05,142.06,243.09363992746796,5.1746,-118.72363992746796,-22.94353958324662,-48.83864504348679
2024-04-16,Oeste da Bahia/BA,BA,algodo-em-pluma-ao-produtor,130.36,algodao-bolsa-de-nova-iorque-nybot,2024-05,141.4,246.12120841770002,5.2635,-115.7612084177,-21.993200041360314,-47.034227225651364
2024-04-16,Sorriso/MT,MT,algodo-em-pluma-ao-produtor,125.9,algodao-bolsa-de-nova-iorque-nybot,2024-05,141.4,246.12120841770002,5.2635,-120.22120841770001,-22.84054496394035,-48.84634249547029
2024-04-17,Oeste da Bahia/BA,BA,algodo-em-pluma-ao-produtor,130.36,algodao-bolsa-de-nova-iorque-nybot,2024-05,137.34,238.300433387478,5.2469,-107.94043338747798,-20.572229961973353,-45.295945061067584
2024-04-17,Sorriso/MT,MT,algodo-em-pluma-ao-produtor,125.26,algodao-bolsa-de-nova-iorque-nybot,2024-05,137.34,238.300433387478,5.2469,-113.04043338747799,-21.544232477744572,-47.436100631707006
2024-04-18,Oeste da Bahia/BA,BA,algodo-em-pluma-ao-produtor,130.36,algodao-bolsa-de-nova-iorque-nybot,2024-05,135.59,235.45679171414398,5.2512,-105.09679171414396,-20.013861919969525,-44.6352772196678
2024-04-18,Sorriso/MT,MT,algodo-em-pluma-ao-produtor,123.6,algodao-bolsa-de-nova-iorque-nybot,2024-05,135.59,235.45679171414398,5.2512,-111.85679171414398,-21.301186721919557,-47.50629230094309
2024-04-19,Oeste da Bahia/BA,BA,algodo-em-pluma-ao-produtor,130.36,algodao-bolsa-de-nova-iorque-nybot,2024-05,135.05,233.433822591585,5.2269,-103.07382259158499,-19.71987652175955,-44.155479033525744
2024-04-19,Sorriso/MT,MT,algodo-em-pluma-ao-produtor,124.21,algodao-bolsa-de-nova-iorque-nybot,2024-05,135.05,233.433822591585,5.2269,-109.223822591585,-20.896482157987528,-46.79005868943106
2024-04-22,Oeste da Bahia/BA,BA,algodo-em-pluma-ao-produtor,130.36,algodao-bolsa-de-nova-iorque-nybot,2024-05,136.84,235.505140353516,5.2043,-105.14514035351598,-20.203512547992233,-44.6466434642076
2024-04-22,Sorriso/MT,MT,algodo-em-pluma-ao-produtor,123.24,algodao-bolsa-de-nova-iorque-nybot,2024-05,136.84,235.505140353516,5.2043,-112.265140353516,-21.571612004211133,-47.669932038423944
2024-04-23,Oeste da Bahia/BA,BA,algodo-em-pluma-ao-produtor,130.36,algodao-bolsa-de-nova-iorque-nybot,2024-05,135.82,231.87675030207595,5.1626,-101.51675030207593,-19.663880661309403,-43.780478279873094
2024-04-23,Sorriso/MT,MT,algodo-em-pluma-ao-produtor,123.33,algodao-bolsa-de-nova-iorque-nybot,2024-05,135.82,231.87675030207595,5.1626,-108.54675030207595,-21.02559762562971,-46.812261324461105
2024-04-24,Oeste da Bahia/BA,BA,algodo-em-pluma-ao-produtor,130.36,algodao-bolsa-de-nova-iorque-nybot,2024-05,135.41,231.024534599496,5.1592,-100.664534599496,-19.511655799251045,-43.57309269078627
2024-04-24,Sorriso/MT,MT,algodo-em-pluma-ao-produtor,123.5,algodao-bolsa-de-nova-iorque-nybot,2024-05,135.41,231.024534599496,5.1592,-107.52453459949601,-20.841319312974104,-46.54247428131409
2024-04-25,Oeste da Bahia/BA,BA,algodo-em-pluma-ao-produtor,130.36,algodao-bolsa-de-nova-iorque-nybot,2024-05,135.79,232.063528684713,5.1679,-101.70352868471298,-19.679856166859455,-43.82572705894247
2024-04-25,Sorriso/MT,MT,algodo-em-pluma-ao-produtor,123.07,algodao-bolsa-de-nova-iorque-nybot,2024-05,135.79,232.063528684713,5.1679,-108.993528684713,-21.090487177521428,-46.96710823215749
2024-04-26,Oeste da Bahia/BA,BA,algodo-em-pluma-ao-produtor,130.36,algodao-bolsa-de-nova-iorque-nybot,2024-05,134.17,227.098698099504,5.1184,-96.73869809950398,-18.90018327983432,-42.59764538901831
2024-04-26,Sorriso/MT,MT,algodo-em-pluma-ao-produtor,122.94,algodao-bolsa-de-nova-iorque-nybot,2024-05,134.17,227.098698099504,5.1184,-104.158698099504,-20.349855052263205,-45.864947254724704
2024-04-29,Oeste da Bahia/BA,BA,algodo-em-pluma-ao-produtor,130.36,algodao-bolsa-de-nova-iorque-nybot,2024-05,135.22,228.74627081162998,5.1155,-98.38627081162997,-19.232972497630726,-43.0110927983827
2024-04-29,Sorriso/MT,MT,algodo-em-pluma-ao-produtor,123.02,algodao-bolsa-de-nova-iorque-nybot,2024-05,135.22,228.74627081162998,5.1155,-105.72627081162999,-20.667827350528782,-46.219888279050636
2024-04-30,Oeste da Bahia/BA,BA,algodo-em-pluma-ao-produtor,130.36,algodao-bolsa-de-nova-iorque-nybot,2024-05,133.73,228.71548461610195,5.1718,-98.35548461610193,-19.017650453633536,-43.00342181955508
2024-04-30,Sorriso/MT,MT,algodo-em-pluma-ao-produtor,124.14,algodao-bolsa-de-nova-iorque-nybot,2024-05,133.73,228.71548461610195,5.1718,-104.57548461610195,-20.220326504524913,-45.722957845041186
2024-05-02,Oeste da Bahia/BA,BA,algodo-em-pluma-ao-produtor,130.36,algodao-bolsa-de-nova-iorque-nybot,2024-05,126.6,214.28557188192002,5.1184,-83.92557188192,-16.396837269834325,-39.165292905565465
2024-05-02,Sorriso/MT,MT,algodo-em-pluma-ao-produtor,123.18,algodao-bolsa-de-nova-iorque-nybot,2024-05,126.6,214.28557188192002,5.1184,-91.10557188192001,-17.79961938924664,-42.51596179892263
2024-05-03,Oeste da Bahia/BA,BA,algodo-em-pluma-ao-produtor,130.36,algodao-bolsa-de-nova-iorque-nybot,2024-05,129.7,217.31952142427994,5.0668,-86.95952142427993,-17.1626117913239,-40.01459273164238
2024-05-03,Sorriso/MT,MT,algodo-em-pluma-ao-produtor,122.22,algodao-bolsa-de-nova-iorque-nybot,2024-05,129.7,217.31952142427994,5.0668,-95.09952142427994,-18.769148461411532,-43.76022954634345
2024-05-06,Oeste da Bahia/BA,BA,algodo-em-pluma-ao-produtor,130.36,algodao-bolsa-de-nova-iorque-nybot,2024-05,128.36,215.32471907799604,5.0727,-84.96471907799602,-16.749407431544547,-39.45887840551166
2024-05-06,Sorriso/MT,MT,algodo-em-pluma-ao-produtor,122.23,algodao-bolsa-de-nova-iorque-nybot,2024-05,128.36,215.32471907799604,5.0727,-93.09471907799603,-18.35210422023696,-43.23457124505746
2024-05-07,Oeste da Bahia/BA,BA,algodo-em-pluma-ao-produtor,130.36,algodao-bolsa-de-nova-iorque-nybot,2024-05,129.1,216.0665719443,5.061,-85.70657194429998,-16.934710915688594,-39.6667430658336
2024-05-07,Sorriso/MT,MT,algodo-em-pluma-ao-produtor,119.58,algodao-bolsa-de-nova-iorque-nybot,2024-05,129.1,216.0665719443,5.061,-96.4865719443,-19.064724746947242,-44.65594611700202
2024-05-08,Oeste da Bahia/BA,BA,algodo-em-pluma-ao-produtor,130.36,algodao-bolsa-de-nova-iorque-nybot,2024-05,135.02,227.21131427788202,5.0887,-96.85131427788201,-19.03262410397194,-42.62609658576762
2024-05-08,Sorriso/MT,MT,algodo-em-pluma-ao-produtor,118.92,algodao-bolsa-de-nova-iorque-nybot,2024-05,135.02,227.21131427788202,5.0887,-108.29131427788202,-21.28074248391181,-47.66105711859072
2024-05-09,Oeste da Bahia/BA,BA,algodo-em-pluma-ao-produtor,130.36,algodao-bolsa-de-nova-iorque-nybot,2024-07,133.86,228.31366219734605,5.1577,-97.95366219734603,-18.99173317512574,-42.903110245184735
2024-05-09,Sorriso/MT,MT,algodo-em-pluma-ao-produtor,118.45,algodao-bolsa-de-nova-iorque-nybot,2024-07,133.86,228.31366219734605,5.1577,-109.86366219734604,-21.300901990683066,-48.11961804650301
2024-05-10,Oeste da Bahia/BA,BA,algodo-em-pluma-ao-produtor,130.36,algodao-bolsa-de-nova-iorque-nybot,2024-07,131.66,224.06931741163197,5.1464,-93.70931741163196,-18.208712383730756,-41.82157490107446
2024-05-10,Sorriso/MT,MT,algodo-em-pluma-ao-produtor,118.53,algodao-bolsa-de-nova-iorque-nybot,2024-07,131.66,224.06931741163197,5.1464,-105.53931741163197,-20.507406616592565,-47.10119110942281
2024-05-13,Oeste da Bahia/BA,BA,algodo-em-pluma-ao-produtor,130.36,algodao-bolsa-de-nova-iorque-nybot,2024-07,132.21,224.778001770036,5.1412,-94.418001770036,-18.364973502302185,-42.005000946058935
2024-05-13,Sorriso/MT,MT,algodo-em-pluma-ao-produtor,119.95,algodao-bolsa-de-nova-iorque-nybot,2024-07,132.21,224.778001770036,5.1412,-104.82800177003601,-20.389792610681553,-46.63623706259412
2024-05-14,Oeste da Bahia/BA,BA,algodo-em-pluma-ao-produtor,130.36,algodao-bolsa-de-nova-iorque-nybot,2024-07,126.61,215.02264557298798,5.1356,-84.66264557298797,-16.485443876662504,-39.37382750890292
2024-05-14,Sorriso/MT,MT,algodo-em-pluma-ao-produtor,121.86,algodao-bolsa-de-nova-iorque-nybot,2024-07,126.61,215.02264557298798,5.1356,-93.16264557298798,-18.140557203245574,-43.32689951085387
2024-05-15,Oeste da Bahia/BA,BA,algodo-em-pluma-ao-produtor,130.36,algodao-bolsa-de-nova-iorque-nybot,2024-07,128.18,217.972988649702,5.1423,-87.61298864970198,-17.03770465544639,-40.19442463602784
2024-05-15,Sorriso/MT,MT,algodo-em-pluma-ao-produtor,120.27,algodao-bolsa-de-nova-iorque-nybot,2024-07,128.18,217.972988649702,5.1423,-97.702988649702,-18.999861666900415,-44.82343856225122
2024-05-16,Oeste da Bahia/BA,BA,algodo-em-pluma-ao-produtor,130.36,algodao-bolsa-de-nova-iorque-nybot,2024-07,129.34,219.29118584274,5.127,-88.93118584273998,-17.345657468839473,-40.55392627887702
2024-05-16,Sorriso/MT,MT,algodo-em-pluma-ao-produtor,119.32,algodao-bolsa-de-nova-iorque-nybot,2024-07,129.34,219.29118584274,5.127,-99.97118584274,-19.498963495755802,-45.588328349153166
2024-05-17,Oeste da Bahia/BA,BA,algodo-em-pluma-ao-produtor,130.36,algodao-bolsa-de-nova-iorque-nybot,2024-07,127.99,216.52403379099903,5.1157,-86.16403379099901,-16.843058387121804,-39.794212347886194
2024-05-17,Sorriso/MT,MT,algodo-em-pluma-ao-produtor,118.32,algodao-bolsa-de-nova-iorque-nybot,2024-07,127.99,216.52403379099903,5.1157,-98.20403379099903,-19.19659749222961,-45.354795988047684
2024-05-20,Oeste da Bahia/BA,BA,algodo-em-pluma-ao-produtor,130.36,algodao-bolsa-de-nova-iorque-nybot,2024-07,128.48,217.04707007544,5.1085,-86.68707007543998,-16.96918274942546,-39.93929521615278
2024-05-20,Sorriso/MT,MT,algodo-em-pluma-ao-produtor,118.32,algodao-bolsa-de-nova-iorque-nybot,2024-07,128.48,217.04707007544,5.1085,-98.72707007544,-19.326038969450913,-45.486479057802995
2024-05-21,Oeste da Bahia/BA,BA,algodo-em-pluma-ao-produtor,130.36,algodao-bolsa-de-nova-iorque-nybot,2024-07,129.32,218.26084698541197,5.1037,-87.90084698541196,-17.222965100889937,-40.2733005939847
2024-05-21,Sorriso/MT,MT,algodo-em-pluma-ao-produtor,118.78,algodao-bolsa-de-nova-iorque-nybot,2024-07,129.32,218.26084698541197,5.1037,-99.48084698541197,-19.491907240906006,-45.578878832107264
2024-05-22,Oeste da Bahia/BA,BA,algodo-em-pluma-ao-produtor,130.36,algodao-bolsa-de-nova-iorque-nybot,2024-07,135.45,230.68964775087,5.1502,-100.32964775086998,-19.48072846702458,-43.491179049013745
2024-05-22,Sorriso/MT,MT,algodo-em-pluma-ao-produtor,119.94,algodao-bolsa-de-nova-iorque-nybot,2024-07,135.45,230.68964775087,5.1502,-110.74964775087,-21.503950866154714,-48.008070076240486
2024-05-23,Oeste da Bahia/BA,BA,algodo-em-pluma-ao-produtor,130.36,algodao-bolsa-de-nova-iorque-nybot,2024-07,139.44,237.21309694605597,5.1443,-106.85309694605596,-20.771163607498774,-45.045192833663464
2024-05-23,Sorriso/MT,MT,algodo-em-pluma-ao-produtor,118.79,algodao-bolsa-de-nova-iorque-nybot,2024-07,139.44,237.21309694605597,5.1443,-118.42309694605596,-23.020254834682262,-49.9226638287119
2024-05-24,Oeste da Bahia/BA,BA,algodo-em-pluma-ao-produtor,130.36,algodao-bolsa-de-nova-iorque-nybot,2024-07,137.66,234.480890215704,5.1508,-104.12089021570398,-20.214508467753355,-44.40485112450782
2024-05-24,Sorriso/MT,MT,algodo-em-pluma-ao-produtor,119.04,algodao-bolsa-de-nova-iorque-nybot,2024-07,137.66,234.480890215704,5.1508,-115.44089021570399,-22.412225327270324,-49.23253665128422
2024-05-28,Oeste da Bahia/BA,BA,algodo-em-pluma-ao-produtor,130.36,algodao-bolsa-de-nova-iorque-nybot,2024-07,140.66,239.73043656104403,5.1538,-109.37043656104402,-21.22131952366099,-45.622257286130775
2024-05-28,Sorriso/MT,MT,algodo-em-pluma-ao-produtor,120.74,algodao-bolsa-de-nova-iorque-nybot,2024-07,140.66,239.73043656104403,5.1538,-118.99043656104404,-23.087903403516634,-49.63509776562926
2024-05-29,Oeste da Bahia/BA,BA,algodo-em-pluma-ao-produtor,130.36,algodao-bolsa-de-nova-iorque-nybot,2024-07,139.46,239.686786407816,5.1972,-109.32678640781597,-21.035708921691675,-45.612354375598116
2024-05-29,Sorriso/MT,MT,algodo-em-pluma-ao-produtor,120.3,algodao-bolsa-de-nova-iorque-nybot,2024-07,139.46,239.686786407816,5.1972,-119.38678640781599,-22.97136658350958,-49.80949855311793
2024-05-31,Oeste da Bahia/BA,BA,algodo-em-pluma-ao-produtor,130.36,algodao-bolsa-de-nova-iorque-nybot,2024-07,132.21,229.167582291648,5.2416,-98.80758229164798,-18.850652909731373,-43.1158636416129
2024-05-31,Sorriso/MT,MT,algodo-em-pluma-ao-produtor,121.66,algodao-bolsa-de-nova-iorque-nybot,2024-07,132.21,229.167582291648,5.2416,-107.50758229164799,-20.510451444529913,-46.91221210983911
2024-06-03,Oeste da Bahia/BA,BA,algodo-em-pluma-ao-produtor,130.36,algodao-bolsa-de-nova-iorque-nybot,2024-07,126.51,219.10753317033902,5.2373,-88.74753317033901,-16.94528348010215,-40.504099464870855
2024-06-03,Sorriso/MT,MT,algodo-em-pluma-ao-produtor,121.91,algodao-bolsa-de-nova-iorque-nybot,2024-07,126.51,219.10753317033902,5.2373,-97.19753317033903,-18.55871024580204,-44.360653312077375
2024-06-04,Oeste da Bahia/BA,BA,algodo-em-pluma-ao-produtor,130.36,algodao-bolsa-de-nova-iorque-nybot,2024-07,128.54,223.95809675771397,5.2687,-93.59809675771396,-17.764931910663723,-41.792682699465786
2024-06-04,Sorriso/MT,MT,algodo-em-pluma-ao-produtor,121.14,algodao-bolsa-de-nova-iorque-nybot,2024-07,128.54,223.95809675771397,5.2687,-102.81809675771397,-19.514889205632123,-45.90952425754284
2024-06-05,Oeste da Bahia/BA,BA,algodo-em-pluma-ao-produtor,130.36,algodao-bolsa-de-nova-iorque-nybot,2024-07,130.47,227.98521956321096,5.2841,-97.62521956321095,-18.47527858352623,-42.82085468095158
2024-06-05,Sorriso/MT,MT,algodo-em-pluma-ao-produtor,121.99,algodao-bolsa-de-nova-iorque-nybot,2024-07,130.47,227.98521956321096,5.2841,-105.99521956321097,-20.05927585836963,-46.492145309368546
2024-06-06,Oeste da Bahia/BA,BA,algodo-em-pluma-ao-produtor,130.36,algodao-bolsa-de-nova-iorque-nybot,2024-07,130.97,228.16595320850095,5.2681,-97.80595320850094,-18.565697919268985,-42.866147132444695
2024-06-06,Sorriso/MT,MT,algodo-em-pluma-ao-produtor,121.74,algodao-bolsa-de-nova-iorque-nybot,2024-07,130.97,228.16595320850095,5.2681,-106.42595320850096,-20.201961467796924,-46.64409904805016
2024-06-07,Oeste da Bahia/BA,BA,algodo-em-pluma-ao-produtor,130.36,algodao-bolsa-de-nova-iorque-nybot,2024-07,129.42,225.983520614412,5.2802,-95.62352061441197,-18.10982928949888,-42.31437777163015
2024-06-07,Sorriso/MT,MT,algodo-em-pluma-ao-produtor,120.01,algodao-bolsa-de-nova-iorque-nybot,2024-07,129.42,225.983520614412,5.2802,-105.97352061441198,-20.06998231400553,-46.89435775063926
2024-06-10,Oeste da Bahia/BA,BA,algodo-em-pluma-ao-produtor,130.36,algodao-bolsa-de-nova-iorque-nybot,2024-07,127.05,225.47526068529,5.3666,-95.11526068529,-17.72356066882011,-42.18434448027908
2024-06-10,Sorriso/MT,MT,algodo-em-pluma-ao-produtor,120.52,algodao-bolsa-de-nova-iorque-nybot,2024-07,127.05,225.47526068529,5.3666,-104.95526068529001,-19.557123818672906,-46.548459625370015
2024-06-11,Oeste da Bahia/BA,BA,algodo-em-pluma-ao-produtor,130.36,algodao-bolsa-de-nova-iorque-nybot,2024-07,128.91,228.170856393612,5.3524,-97.810856393612,-18.27420528989089,-42.86737488721209
2024-06-11,Sorriso/MT,MT,algodo-em-pluma-ao-produtor,122.37,algodao-bolsa-de-nova-iorque-nybot,2024-07,128.91,228.170856393612,5.3524,-105.80085639361201,-19.766993571783125,-46.36913673633127
2024-06-12,Oeste da Bahia/BA,BA,algodo-em-pluma-ao-produtor,130.36,algodao-bolsa-de-nova-iorque-nybot,2024-07,127.63,227.45422779726897,5.3891,-97.09422779726896,-18.016779758636684,-42.68736999859572
2024-06-12,Sorriso/MT,MT,algodo-em-pluma-ao-produtor,122.63,algodao-bolsa-de-nova-iorque-nybot,2024-07,127.63,227.45422779726897,5.3891,-104.82422779726897,-19.45115655624668,-46.08585595986341
2024-06-13,Oeste da Bahia/BA,BA,algodo-em-pluma-ao-produtor,130.36,algodao-bolsa-de-nova-iorque-nybot,2024-07,126.7,226.14459985193997,5.3974,-95.78459985193996,-17.74643344053432,-42.355466332006806
2024-06-13,Sorriso/MT,MT,algodo-em-pluma-ao-produtor,120.03,algodao-bolsa-de-nova-iorque-nybot,2024-07,126.7,226.14459985193997,5.3974,-106.11459985193997,-19.660317903423866,-46.92334016439689
2024-06-14,Oeste da Bahia/BA,BA,algodo-em-pluma-ao-produtor,130.36,algodao-bolsa-de-nova-iorque-nybot,2024-07,126.26,223.92293813934003,5.363,-93.56293813934002,-17.446007484493755,-41.783543444360674
2024-06-14,Sorriso/MT,MT,algodo-em-pluma-ao-produtor,120.2,algodao-bolsa-de-nova-iorque-nybot,2024-07,126.26,223.92293813934003,5.363,-103.72293813934003,-19.340469539313823,-46.32081867146482
2024-06-17,Oeste da Bahia/BA,BA,algodo-em-pluma-ao-produtor,130.36,algodao-bolsa-de-nova-iorque-nybot,2024-07,125.59,224.81127543831,5.413,-94.45127543830998,-17.448970153022348,-42.01358461854737
2024-06-17,Sorriso/MT,MT,algodo-em-pluma-ao-produtor,121.4,algodao-bolsa-de-nova-iorque-nybot,2024-07,125.59,224.81127543831,5.413,-103.41127543830999,-19.10424449257528,-45.99914983654228
2024-06-18,Oeste da Bahia/BA,BA,algodo-em-pluma-ao-produtor,130.36,algodao-bolsa-de-nova-iorque-nybot,2024-07,127.54,228.065666918628,5.4074,-97.705666918628,-18.06888096287088,-42.84102392031177
2024-06-18,Sorriso/MT,MT,algodo-em-pluma-ao-produtor,121.4,algodao-bolsa-de-nova-iorque-nybot,2024-07,127.54,228.065666918628,5.4074,-106.665666918628,-19.7258695340881,-46.769716967826405
2024-06-20,Oeste da Bahia/BA,BA,algodo-em-pluma-ao-produtor,130.36,algodao-bolsa-de-nova-iorque-nybot,2024-07,127.69,229.09396672291797,5.4254,-98.73396672291796,-18.19846771167434,-43.09758486234324
2024-06-20,Sorriso/MT,MT,algodo-em-pluma-ao-produtor,121.89,algodao-bolsa-de-nova-iorque-nybot,2024-07,127.69,229.09396672291797,5.4254,-107.20396672291797,-19.75964292456187,-46.7947577391149
2024-06-21,Oeste da Bahia/BA,BA,algodo-em-pluma-ao-produtor,130.36,algodao-bolsa-de-nova-iorque-nybot,2024-07,123.12,221.55432042585602,5.4416,-91.194320425856,-16.758732803928257,-41.161156438100036
2024-06-21,Sorriso/MT,MT,algodo-em-pluma-ao-produtor,122.4,algodao-bolsa-de-nova-iorque-nybot,2024-07,123.12,221.55432042585602,5.4416,-99.15432042585601,-18.221537861264334,-44.75395480226637
2024-06-24,Oeste da Bahia/BA,BA,algodo-em-pluma-ao-produtor,130.36,algodao-bolsa-de-nova-iorque-nybot,2024-07,127.07,226.914261354,5.4,-96.55426135399998,-17.880418769259254,-42.55098854424556
2024-06-24,Sorriso/MT,MT,algodo-em-pluma-ao-produtor,123.34,algodao-bolsa-de-nova-iorque-nybot,2024-07,127.07,226.914261354,5.4,-103.57426135399999,-19.180418769259255,-45.64466805037779
2024-06-25,Oeste da Bahia/BA,BA,algodo-em-pluma-ao-produtor,130.36,algodao-bolsa-de-nova-iorque-nybot,2024-07,130.84,234.90127773948,5.429,-104.54127773948,-19.256083576990235,-44.504346142988084
2024-06-25,Sorriso/MT,MT,algodo-em-pluma-ao-produtor,124.63,algodao-bolsa-de-nova-iorque-nybot,2024-07,130.84,234.90127773948,5.429,-110.27127773948001,-20.31152656833303,-46.9436687618948
2024-06-26,Oeste da Bahia/BA,BA,algodo-em-pluma-ao-produtor,130.36,algodao-bolsa-de-nova-iorque-nybot,2024-07,132.71,241.800170964891,5.5097,-111.440170964891,-20.226177643953573,-46.08771388382183
2024-06-26,Sorriso/MT,MT,algodo-em-pluma-ao-produtor,123.44,algodao-bolsa-de-nova-iorque-nybot,2024-07,132.71,241.800170964891,5.5097,-118.36017096489101,-21.48214439350437,-48.94958117381841
2024-06-27,Oeste da Bahia/BA,BA,algodo-em-pluma-ao-produtor,130.36,algodao-bolsa-de-nova-iorque-nybot,2024-07,131.47,240.114753084459,5.5229,-109.754753084459,-19.87266709237158,-45.70929177594239
2024-06-27,Sorriso/MT,MT,algodo-em-pluma-ao-produtor,123.44,algodao-bolsa-de-nova-iorque-nybot,2024-07,131.47,240.114753084459,5.5229,-116.67475308445901,-21.12563202021746,-48.59124713732993
2024-06-28,Oeste da Bahia/BA,BA,algodo-em-pluma-ao-produtor,130.36,algodao-bolsa-de-nova-iorque-nybot,2024-07,128.82,236.80842990611396,5.5589,-106.44842990611394,-19.14918957097878,-44.951284018190115
2024-06-28,Sorriso/MT,MT,algodo-em-pluma-ao-produtor,122.95,algodao-bolsa-de-nova-iorque-nybot,2024-07,128.82,236.80842990611396,5.5589,-113.85842990611395,-20.48218710646242,-48.080395597088646
2024-07-01,Oeste da Bahia/BA,BA,algodo-em-pluma-ao-produtor,130.36,algodao-bolsa-de-nova-iorque-nybot,2024-07,130.69,241.559866282581,5.5893,-111.19986628258098,-19.895132893668436,-46.03408173462781
2024-07-01,Sorriso/MT,MT,algodo-em-pluma-ao-produtor,124.4,algodao-bolsa-de-nova-iorque-nybot,2024-07,130.69,241.559866282581,5.5893,-117.15986628258099,-20.961456046836098,-48.5013790103383
2024-07-02,Oeste da Bahia/BA,BA,algodo-em-pluma-ao-produtor,130.36,algodao-bolsa-de-nova-iorque-nybot,2024-07,130.45,244.49835401524498,5.6677,-114.13835401524497,-20.138390178598897,-46.682667650240376
2024-07-02,Sorriso/MT,MT,algodo-em-pluma-ao-produtor,123.47,algodao-bolsa-de-nova-iorque-nybot,2024-07,130.45,244.49835401524498,5.6677,-121.02835401524499,-21.354050852240764,-49.50068253126098
2024-07-03,Oeste da Bahia/BA,BA,algodo-em-pluma-ao-produtor,130.36,algodao-bolsa-de-nova-iorque-nybot,2024-07,126.5,233.68981369634997,5.5863,-103.32981369634996,-18.497004044958196,-44.21665286216276
2024-07-03,Sorriso/MT,MT,algodo-em-pluma-ao-produtor,123.94,algodao-bolsa-de-nova-iorque-nybot,2024-07,126.5,233.68981369634997,5.5863,-109.74981369634997,-19.646244150215704,-46.963884287637725
2024-07-05,Oeste da Bahia/BA,BA,algodo-em-pluma-ao-produtor,130.36,algodao-bolsa-de-nova-iorque-nybot,2024-07,121.53,220.91959423413,5.497,-90.55959423412997,-16.474366788089863,-40.99210599588336
2024-07-05,Sorriso/MT,MT,algodo-em-pluma-ao-produtor,128.65,algodao-bolsa-de-nova-iorque-nybot,2024-07,121.53,220.91959423413,5.497,-92.26959423412998,-16.785445558328178,-41.76614326764647
2024-07-08,Oeste da Bahia/BA,BA,algodo-em-pluma-ao-produtor,130.36,algodao-bolsa-de-nova-iorque-nybot,2024-07,122.0,220.76535571200003,5.472,-90.40535571200002,-16.521446584795324,-40.950879915206684
2024-07-08,Sorriso/MT,MT,algodo-em-pluma-ao-produtor,129.62,algodao-bolsa-de-nova-iorque-nybot,2024-07,122.0,220.76535571200003,5.472,-91.14535571200003,-16.65668050292398,-41.28607743639991
2024-07-09,Oeste da Bahia/BA,BA,algodo-em-pluma-ao-produtor,130.36,algodao-bolsa-de-nova-iorque-nybot,2024-07,120.02,215.86077309238198,5.4387,-85.50077309238196,-15.7208106886539,-39.60922212383173
2024-07-09,Sorriso/MT,MT,algodo-em-pluma-ao-produtor,130.4,algodao-bolsa-de-nova-iorque-nybot,2024-07,120.02,215.86077309238198,5.4387,-85.46077309238197,-15.713455989920748,-39.5906916611511
2024-07-10,Oeste da Bahia/BA,BA,algodo-em-pluma-ao-produtor,130.36,algodao-bolsa-de-nova-iorque-nybot,2024-10,124.03,221.350252751793,5.3967,-90.99025275179298,-16.86035035332573,-41.10691161207898
2024-07-10,Sorriso/MT,MT,algodo-em-pluma-ao-produtor,128.92,algodao-bolsa-de-nova-iorque-nybot,2024-10,124.03,221.350252751793,5.3967,-92.430252751793,-17.127180082604742,-41.757464291417804
2024-07-11,Oeste da Bahia/BA,BA,algodo-em-pluma-ao-produtor,130.36,algodao-bolsa-de-nova-iorque-nybot,2024-10,124.24,222.27146391119996,5.41,-91.91146391119995,-16.989180020554517,-41.350995892086104
2024-07-11,Sorriso/MT,MT,algodo-em-pluma-ao-produtor,128.92,algodao-bolsa-de-nova-iorque-nybot,2024-10,124.24,222.27146391119996,5.41,-93.35146391119997,-17.25535377286506,-41.998852335131495
2024-07-12,Oeste da Bahia/BA,BA,algodo-em-pluma-ao-produtor,130.36,algodao-bolsa-de-nova-iorque-nybot,2024-10,123.76,223.16846999647197,5.4529,-92.80846999647196,-17.020020538882424,-41.58673041847675
2024-07-12,Sorriso/MT,MT,algodo-em-pluma-ao-produtor,127.96,algodao-bolsa-de-nova-iorque-nybot,2024-10,123.76,223.16846999647197,5.4529,-95.20846999647198,-17.460153312269064,-42.66215115333143
2024-07-15,Oeste da Bahia/BA,BA,algodo-em-pluma-ao-produtor,130.36,algodao-bolsa-de-nova-iorque-nybot,2024-10,127.47,230.00179672077294,5.4563,-99.64179672077293,-18.26178852349998,-43.32218188788333
2024-07-15,Sorriso/MT,MT,algodo-em-pluma-ao-produtor,126.95,algodao-bolsa-de-nova-iorque-nybot,2024-10,127.47,230.00179672077294,5.4563,-103.05179672077294,-18.886754159553718,-44.80477900173972
2024-07-16,Sorriso/MT,MT,algodo-em-pluma-ao-produtor,128.11,algodao-bolsa-de-nova-iorque-nybot,2024-10,126.36,226.79133086095194,5.4274,-98.68133086095193,-18.182063393328654,-43.51195016420378
2024-07-17,Oeste da Bahia/BA,BA,algodo-em-pluma-ao-produtor,137.5,algodao-bolsa-de-nova-iorque-nybot,2024-10,129.12,233.43587123472,5.467,-95.93587123472,-17.548174727404426,-41.09731324808104
2024-07-17,Sorriso/MT,MT,algodo-em-pluma-ao-produtor,128.8,algodao-bolsa-de-nova-iorque-nybot,2024-10,129.12,233.43587123472,5.467,-104.63587123471999,-19.1395411075032,-44.8242468825661
2024-07-18,Oeste da Bahia/BA,BA,algodo-em-pluma-ao-produtor,141.6,algodao-bolsa-de-nova-iorque-nybot,2024-10,131.46,240.952905405828,5.5426,-99.35290540582801,-17.925324830553894,-41.23332949170777
2024-07-18,Sorriso/MT,MT,algodo-em-pluma-ao-produtor,128.41,algodao-bolsa-de-nova-iorque-nybot,2024-10,131.46,240.952905405828,5.5426,-112.54290540582801,-20.30507440656515,-46.70742824880082
2024-07-19,Oeste da Bahia/BA,BA,algodo-em-pluma-ao-produtor,136.27,algodao-bolsa-de-nova-iorque-nybot,2024-10,129.36,237.60432528386397,5.5543,-101.33432528386396,-18.24430176329402,-42.648350429985086
2024-07-19,Sorriso/MT,MT,algodo-em-pluma-ao-produtor,127.98,algodao-bolsa-de-nova-iorque-nybot,2024-10,129.36,237.60432528386397,5.5543,-109.62432528386397,-19.736839076726856,-46.13734415520284
2024-07-22,Oeste da Bahia/BA,BA,algodo-em-pluma-ao-produtor,136.27,algodao-bolsa-de-nova-iorque-nybot,2024-10,129.18,237.508661090052,5.5598,-101.23866109005198,-18.209047284084317,-42.6252502226296
2024-07-22,Sorriso/MT,MT,algodo-em-pluma-ao-produtor,127.98,algodao-bolsa-de-nova-iorque-nybot,2024-10,129.18,237.508661090052,5.5598,-109.52866109005198,-19.700108113610558,-46.11564925142832
2024-07-23,Oeste da Bahia/BA,BA,algodo-em-pluma-ao-produtor,136.06,algodao-bolsa-de-nova-iorque-nybot,2024-10,125.76,232.089881940576,5.5807,-96.02988194057599,-17.207497615097743,-41.376160450270454
2024-07-23,Sorriso/MT,MT,algodo-em-pluma-ao-produtor,126.1,algodao-bolsa-de-nova-iorque-nybot,2024-10,125.76,232.089881940576,5.5807,-105.989881940576,-18.992219961756767,-45.667601299273144
2024-07-24,Oeste da Bahia/BA,BA,algodo-em-pluma-ao-produtor,135.4,algodao-bolsa-de-nova-iorque-nybot,2024-10,125.42,233.69794279167598,5.6346,-98.29794279167598,-17.44541631911333,-42.06196324085794
2024-07-24,Sorriso/MT,MT,algodo-em-pluma-ao-produtor,125.28,algodao-bolsa-de-nova-iorque-nybot,2024-10,125.42,233.69794279167598,5.6346,-108.41794279167598,-19.24146217862421,-46.39233940040386
2024-07-25,Oeste da Bahia/BA,BA,algodo-em-pluma-ao-produtor,135.4,algodao-bolsa-de-nova-iorque-nybot,2024-10,125.58,234.22863362698803,5.6402,-98.82863362698802,-17.52218602655722,-42.193233208359075
2024-07-25,Sorriso/MT,MT,algodo-em-pluma-ao-produtor,126.48,algodao-bolsa-de-nova-iorque-nybot,2024-10,125.58,234.22863362698803,5.6402,-107.74863362698802,-19.10369022853587,-46.00147811073306
2024-07-26,Oeste da Bahia/BA,BA,algodo-em-pluma-ao-produtor,135.4,algodao-bolsa-de-nova-iorque-nybot,2024-10,123.88,231.31592407505997,5.6465,-95.91592407505996,-16.986792539636937,-41.46533553995015
2024-07-26,Sorriso/MT,MT,algodo-em-pluma-ao-produtor,126.48,algodao-bolsa-de-nova-iorque-nybot,2024-10,123.88,231.31592407505997,5.6465,-104.83592407505996,-18.566532201374297,-45.32153352358121
2024-07-29,Oeste da Bahia/BA,BA,algodo-em-pluma-ao-produtor,135.73,algodao-bolsa-de-nova-iorque-nybot,2024-10,125.69,234.75385182384298,5.6479,-99.02385182384299,-17.532862094556027,-42.18199235263221
2024-07-29,Sorriso/MT,MT,algodo-em-pluma-ao-produtor,125.71,algodao-bolsa-de-nova-iorque-nybot,2024-10,125.69,234.75385182384298,5.6479,-109.04385182384299,-19.306972825978328,-46.45029292455165
2024-07-30,Oeste da Bahia/BA,BA,algodo-em-pluma-ao-produtor,136.06,algodao-bolsa-de-nova-iorque-nybot,2024-10,126.88,237.19881894508796,5.6532,-101.13881894508796,-17.890543222438257,-42.63883749290582
2024-07-30,Sorriso/MT,MT,algodo-em-pluma-ao-produtor,125.71,algodao-bolsa-de-nova-iorque-nybot,2024-10,126.88,237.19881894508796,5.6532,-111.48881894508797,-19.72136470407698,-47.00226562717324
2024-07-31,Oeste da Bahia/BA,BA,algodo-em-pluma-ao-produtor,136.4,algodao-bolsa-de-nova-iorque-nybot,2024-10,126.79,237.403730547687,5.6621,-101.00373054768698,-17.838563527257907,-42.54513200558089
2024-07-31,Sorriso/MT,MT,algodo-em-pluma-ao-produtor,123.81,algodao-bolsa-de-nova-iorque-nybot,2024-10,126.79,237.403730547687,5.6621,-113.59373054768699,-20.06212015818989,-47.84833426401004
2024-08-01,Oeste da Bahia/BA,BA,algodo-em-pluma-ao-produtor,136.4,algodao-bolsa-de-nova-iorque-nybot,2024-10,126.73,237.54283788090902,5.6681,-101.14283788090901,-17.844222557983983,-42.578778119850746
2024-08-01,Sorriso/MT,MT,algodo-em-pluma-ao-produtor,124.82,algodao-bolsa-de-nova-iorque-nybot,2024-10,126.73,237.54283788090902,5.6681,-112.72283788090903,-19.88723520772552,-47.45368830586342
2024-08-02,Oeste da Bahia/BA,BA,algodo-em-pluma-ao-produtor,137.06,algodao-bolsa-de-nova-iorque-nybot,2024-10,127.07,241.058583645066,5.7366,-103.99858364506599,-18.128958554730325,-43.14245196022276
2024-08-02,Sorriso/MT,MT,algodo-em-pluma-ao-produtor,127.2,algodao-bolsa-de-nova-iorque-nybot,2024-10,127.07,241.058583645066,5.7366,-113.85858364506599,-19.847746687073524,-47.232743975925395
2024-08-05,Oeste da Bahia/BA,BA,algodo-em-pluma-ao-produtor,137.06,algodao-bolsa-de-nova-iorque-nybot,2024-10,126.32,240.80544146049596,5.7646,-103.74544146049595,-17.996988769471596,-43.08268153380386
2024-08-05,Sorriso/MT,MT,algodo-em-pluma-ao-produtor,126.8,algodao-bolsa-de-nova-iorque-nybot,2024-10,126.32,240.80544146049596,5.7646,-114.00544146049596,-19.7768173785685,-47.343382595114036
2024-08-06,Oeste da Bahia/BA,BA,algodo-em-pluma-ao-produtor,137.73,algodao-bolsa-de-nova-iorque-nybot,2024-10,123.47,230.80758147268796,5.6528,-93.07758147268797,-16.465748208443244,-40.326916853769845
2024-08-06,Sorriso/MT,MT,algodo-em-pluma-ao-produtor,127.53,algodao-bolsa-de-nova-iorque-nybot,2024-10,123.47,230.80758147268796,5.6528,-103.27758147268796,-18.270163719340495,-44.74618243201385
2024-08-07,Oeste da Bahia/BA,BA,algodo-em-pluma-ao-produtor,138.73,algodao-bolsa-de-nova-iorque-nybot,2024-10,123.53,229.142744932497,5.6093,-90.41274493249702,-16.11836502460147,-39.45695289594774
2024-08-07,Sorriso/MT,MT,algodo-em-pluma-ao-produtor,126.74,algodao-bolsa-de-nova-iorque-nybot,2024-10,123.53,229.142744932497,5.6093,-102.40274493249701,-18.25588664048937,-44.689499099202884
2024-08-08,Oeste da Bahia/BA,BA,algodo-em-pluma-ao-produtor,138.73,algodao-bolsa-de-nova-iorque-nybot,2024-10,121.18,225.100177441128,5.6172,-86.37017744112802,-15.376019625636975,-38.36966208687996
2024-08-08,Sorriso/MT,MT,algodo-em-pluma-ao-produtor,127.12,algodao-bolsa-de-nova-iorque-nybot,2024-10,121.18,225.100177441128,5.6172,-97.980177441128,-17.442885679898883,-43.52736570665451
2024-08-09,Oeste da Bahia/BA,BA,algodo-em-pluma-ao-produtor,139.73,algodao-bolsa-de-nova-iorque-nybot,2024-10,122.47,223.21559407966498,5.5115,-83.48559407966499,-15.147526822038463,-37.401326920676176
2024-08-09,Sorriso/MT,MT,algodo-em-pluma-ao-produtor,126.32,algodao-bolsa-de-nova-iorque-nybot,2024-10,122.47,223.21559407966498,5.5115,-96.89559407966499,-17.580621260938944,-43.40897170700504
2024-08-12,Oeste da Bahia/BA,BA,algodo-em-pluma-ao-produtor,137.33,algodao-bolsa-de-nova-iorque-nybot,2024-10,124.43,225.94849658808903,5.4911,-88.61849658808902,-16.138569064138153,-39.22066219791815
2024-08-12,Sorriso/MT,MT,algodo-em-pluma-ao-produtor,126.98,algodao-bolsa-de-nova-iorque-nybot,2024-10,124.43,225.94849658808903,5.4911,-98.96849658808902,-18.023437305474133,-43.80135211455361
2024-08-13,Oeste da Bahia/BA,BA,algodo-em-pluma-ao-produtor,137.33,algodao-bolsa-de-nova-iorque-nybot,2024-10,121.15,219.848220013125,5.4875,-82.51822001312499,-15.03748884066059,-37.534176991834926
2024-08-13,Sorriso/MT,MT,algodo-em-pluma-ao-produtor,126.59,algodao-bolsa-de-nova-iorque-nybot,2024-10,121.15,219.848220013125,5.4875,-93.258220013125,-16.99466423929385,-42.41936550933069
2024-08-14,Oeste da Bahia/BA,BA,algodo-em-pluma-ao-produtor,137.67,algodao-bolsa-de-nova-iorque-nybot,2024-10,119.93,216.154994622798,5.4502,-78.48499462279801,-14.40038798994496,-36.30959106901903
2024-08-14,Sorriso/MT,MT,algodo-em-pluma-ao-produtor,126.56,algodao-bolsa-de-nova-iorque-nybot,2024-10,119.93,216.154994622798,5.4502,-89.594994622798,-16.438845294264063,-41.44942141130999
2024-08-15,Oeste da Bahia/BA,BA,algodo-em-pluma-ao-produtor,138.33,algodao-bolsa-de-nova-iorque-nybot,2024-10,120.44,217.66763665429195,5.4651,-79.33763665429194,-14.517142715465765,-36.44898151777106
2024-08-15,Sorriso/MT,MT,algodo-em-pluma-ao-produtor,126.04,algodao-bolsa-de-nova-iorque-nybot,2024-10,120.44,217.66763665429195,5.4651,-91.62763665429195,-16.76595792470256,-42.09520444227474
2024-08-16,Oeste da Bahia/BA,BA,algodo-em-pluma-ao-produtor,138.0,algodao-bolsa-de-nova-iorque-nybot,2024-10,120.22,217.19450095147198,5.4632,-79.19450095147198,-14.495991534535069,-36.46247976101683
2024-08-16,Sorriso/MT,MT,algodo-em-pluma-ao-produtor,125.62,algodao-bolsa-de-nova-iorque-nybot,2024-10,120.22,217.19450095147198,5.4632,-91.57450095147198,-16.76206270161663,-42.16243990999228
2024-08-19,Oeste da Bahia/BA,BA,algodo-em-pluma-ao-produtor,137.67,algodao-bolsa-de-nova-iorque-nybot,2024-10,122.52,219.749375544732,5.4237,-82.07937554473202,-15.133465262594173,-37.35135780989921
2024-08-19,Sorriso/MT,MT,algodo-em-pluma-ao-produtor,125.85,algodao-bolsa-de-nova-iorque-nybot,2024-10,122.52,219.749375544732,5.4237,-93.89937554473201,-17.312789340253335,-42.730212685231464
2024-08-20,Oeste da Bahia/BA,BA,algodo-em-pluma-ao-produtor,137.67,algodao-bolsa-de-nova-iorque-nybot,2024-10,124.91,225.316543587861,5.4547,-87.646543587861,-16.068077728905532,-38.89929349714336
2024-08-20,Sorriso/MT,MT,algodo-em-pluma-ao-produtor,125.79,algodao-bolsa-de-nova-iorque-nybot,2024-10,124.91,225.316543587861,5.4547,-99.52654358786098,-18.24601602065393,-44.171875710072364
2024-08-21,Oeste da Bahia/BA,BA,algodo-em-pluma-ao-produtor,137.67,algodao-bolsa-de-nova-iorque-nybot,2024-10,126.33,228.54640690698295,5.4707,-90.87640690698296,-16.611476942070112,-39.762780844753834
2024-08-21,Sorriso/MT,MT,algodo-em-pluma-ao-produtor,125.79,algodao-bolsa-de-nova-iorque-nybot,2024-10,126.33,228.54640690698295,5.4707,-102.75640690698295,-18.783045479917185,-44.960849876237255
2024-08-22,Oeste da Bahia/BA,BA,algodo-em-pluma-ao-produtor,137.67,algodao-bolsa-de-nova-iorque-nybot,2024-10,128.64,236.20102557004796,5.5524,-98.53102557004797,-17.745664139840066,-41.714901674221366
2024-08-22,Sorriso/MT,MT,algodo-em-pluma-ao-produtor,124.47,algodao-bolsa-de-nova-iorque-nybot,2024-10,128.64,236.20102557004796,5.5524,-111.73102557004796,-20.123014474830338,-47.30336174468172
2024-08-23,Oeste da Bahia/BA,BA,algodo-em-pluma-ao-produtor,137.67,algodao-bolsa-de-nova-iorque-nybot,2024-10,129.43,236.53445439323704,5.5263,-98.86445439323705,-17.889809527755833,-41.797062777533256
2024-08-23,Sorriso/MT,MT,algodo-em-pluma-ao-produtor,125.16,algodao-bolsa-de-nova-iorque-nybot,2024-10,129.43,236.53445439323704,5.5263,-111.37445439323704,-20.153530281243697,-47.08593286290449
2024-08-26,Oeste da Bahia/BA,BA,algodo-em-pluma-ao-produtor,137.67,algodao-bolsa-de-nova-iorque-nybot,2024-10,128.14,232.72774310194194,5.4921,-95.05774310194195,-17.30808672492161,-40.84504143552139
2024-08-26,Sorriso/MT,MT,algodo-em-pluma-ao-produtor,125.16,algodao-bolsa-de-nova-iorque-nybot,2024-10,128.14,232.72774310194194,5.4921,-107.56774310194194,-19.58590395330419,-46.220421196120114
2024-08-27,Oeste da Bahia/BA,BA,algodo-em-pluma-ao-produtor,137.67,algodao-bolsa-de-nova-iorque-nybot,2024-10,127.35,231.49509188899495,5.4969,-93.82509188899496,-17.0687281720597,-40.53005665190749
2024-08-27,Sorriso/MT,MT,algodo-em-pluma-ao-produtor,125.16,algodao-bolsa-de-nova-iorque-nybot,2024-10,127.35,231.49509188899495,5.4969,-106.33509188899495,-19.34455636613272,-45.93405891300023
2024-08-28,Oeste da Bahia/BA,BA,algodo-em-pluma-ao-produtor,138.0,algodao-bolsa-de-nova-iorque-nybot,2024-10,126.16,230.77544604972,5.5315,-92.77544604971999,-16.77220393197505,-40.20161054297421
2024-08-28,Sorriso/MT,MT,algodo-em-pluma-ao-produtor,123.48,algodao-bolsa-de-nova-iorque-nybot,2024-10,126.16,230.77544604972,5.5315,-107.29544604971998,-19.39717003520202,-46.49344108584388
2024-08-29,Oeste da Bahia/BA,BA,algodo-em-pluma-ao-produtor,138.0,algodao-bolsa-de-nova-iorque-nybot,2024-10,130.34,242.91721388919595,5.6358,-104.91721388919595,-18.616206020298087,-43.19052248683076
2024-08-29,Sorriso/MT,MT,algodo-em-pluma-ao-produtor,123.48,algodao-bolsa-de-nova-iorque-nybot,2024-10,130.34,242.91721388919595,5.6358,-119.43721388919595,-21.192592691223243,-49.16786751212943
2024-08-30,Oeste da Bahia/BA,BA,algodo-em-pluma-ao-produtor,138.0,algodao-bolsa-de-nova-iorque-nybot,2024-10,130.4,243.90873335664,5.6562,-105.90873335664,-18.724361471772568,-43.42146010892595
2024-08-30,Sorriso/MT,MT,algodo-em-pluma-ao-produtor,123.0,algodao-bolsa-de-nova-iorque-nybot,2024-10,130.4,243.90873335664,5.6562,-120.90873335664,-21.376318616145113,-49.571301401434
2024-09-03,Oeste da Bahia/BA,BA,algodo-em-pluma-ao-produtor,137.33,algodao-bolsa-de-nova-iorque-nybot,2024-10,131.97,245.370280012704,5.6224,-108.04028001270399,-19.21604297323278,-44.0315265594147
2024-09-03,Sorriso/MT,MT,algodo-em-pluma-ao-produtor,121.22,algodao-bolsa-de-nova-iorque-nybot,2024-10,131.97,245.370280012704,5.6224,-124.150280012704,-22.081367389852023,-50.59711388285335
2024-09-04,Oeste da Bahia/BA,BA,algodo-em-pluma-ao-produtor,137.33,algodao-bolsa-de-nova-iorque-nybot,2024-10,130.12,242.511498552444,5.6359,-105.181498552444,-18.662768777381427,-43.37175728997366
2024-09-04,Sorriso/MT,MT,algodo-em-pluma-ao-produtor,121.29,algodao-bolsa-de-nova-iorque-nybot,2024-10,130.12,242.511498552444,5.6359,-121.221498552444,-21.50880933878245,-49.98587665987698
2024-09-05,Oeste da Bahia/BA,BA,algodo-em-pluma-ao-produtor,137.33,algodao-bolsa-de-nova-iorque-nybot,2024-10,128.0,237.24815304959995,5.6049,-99.91815304959994,-17.826928767614042,-42.115460864603946
2024-09-05,Sorriso/MT,MT,algodo-em-pluma-ao-produtor,123.09,algodao-bolsa-de-nova-iorque-nybot,2024-10,128.0,237.24815304959995,5.6049,-114.15815304959995,-20.36756285564416,-48.11761507190053
2024-09-06,Oeste da Bahia/BA,BA,algodo-em-pluma-ao-produtor,137.33,algodao-bolsa-de-nova-iorque-nybot,2024-10,124.08,228.55860451828795,5.5702,-91.22860451828794,-16.377976467323965,-39.914753903298504
2024-09-06,Sorriso/MT,MT,algodo-em-pluma-ao-produtor,122.91,algodao-bolsa-de-nova-iorque-nybot,2024-10,124.08,228.55860451828795,5.5702,-105.64860451828795,-18.966752453823553,-46.22385787704377
2024-09-09,Oeste da Bahia/BA,BA,algodo-em-pluma-ao-produtor,137.67,algodao-bolsa-de-nova-iorque-nybot,2024-10,124.85,231.60780198418496,5.6097,-93.93780198418497,-16.745601722763244,-40.55899722695844
2024-09-09,Sorriso/MT,MT,algodo-em-pluma-ao-produtor,121.62,algodao-bolsa-de-nova-iorque-nybot,2024-10,124.85,231.60780198418496,5.6097,-109.98780198418496,-19.606717290440656,-47.48881559339496
2024-09-10,Oeste da Bahia/BA,BA,algodo-em-pluma-ao-produtor,138.0,algodao-bolsa-de-nova-iorque-nybot,2024-10,127.43,237.055531652346,5.6254,-99.05553165234599,-17.608620125208162,-41.785792114573375
2024-09-10,Sorriso/MT,MT,algodo-em-pluma-ao-produtor,123.99,algodao-bolsa-de-nova-iorque-nybot,2024-10,127.43,237.055531652346,5.6254,-113.065531652346,-20.099109690394638,-47.69579974120256
2024-09-11,Oeste da Bahia/BA,BA,algodo-em-pluma-ao-produtor,137.67,algodao-bolsa-de-nova-iorque-nybot,2024-10,129.27,241.04700509105703,5.6387,-103.37700509105704,-18.333482024412906,-42.88665816528429
2024-09-11,Sorriso/MT,MT,algodo-em-pluma-ao-produtor,122.98,algodao-bolsa-de-nova-iorque-nybot,2024-10,129.27,241.04700509105703,5.6387,-118.06700509105703,-20.938692445254585,-48.98090521658067
2024-09-12,Oeste da Bahia/BA,BA,algodo-em-pluma-ao-produtor,137.67,algodao-bolsa-de-nova-iorque-nybot,2024-10,130.42,243.91163948672397,5.6554,-106.24163948672398,-18.785875355717362,-43.55742912076432
2024-09-12,Sorriso/MT,MT,algodo-em-pluma-ao-produtor,124.75,algodao-bolsa-de-nova-iorque-nybot,2024-10,130.42,243.91163948672397,5.6554,-119.16163948672397,-21.070417563165112,-48.85442930787643
2024-09-13,Oeste da Bahia/BA,BA,algodo-em-pluma-ao-produtor,137.67,algodao-bolsa-de-nova-iorque-nybot,2024-10,127.98,235.805989633038,5.5717,-98.13598963303801,-17.613293901868012,-41.61725908055073
2024-09-13,Sorriso/MT,MT,algodo-em-pluma-ao-produtor,125.13,algodao-bolsa-de-nova-iorque-nybot,2024-10,127.98,235.805989633038,5.5717,-110.675989633038,-19.863953485119083,-46.93519015580237
2024-09-16,Oeste da Bahia/BA,BA,algodo-em-pluma-ao-produtor,138.67,algodao-bolsa-de-nova-iorque-nybot,2024-10,130.97,239.10627700274696,5.5207,-100.43627700274698,-18.192670676317675,-42.00486840485292
2024-09-16,Sorriso/MT,MT,algodo-em-pluma-ao-produtor,124.67,algodao-bolsa-de-nova-iorque-nybot,2024-10,130.97,239.10627700274696,5.5207,-114.43627700274696,-20.728580977547587,-47.86000536549371
2024-09-17,Oeste da Bahia/BA,BA,algodo-em-pluma-ao-produtor,138.67,algodao-bolsa-de-nova-iorque-nybot,2024-10,128.32,233.43232620576,5.501,-94.76232620576002,-17.22638178617706,-40.595202792192254
2024-09-17,Sorriso/MT,MT,algodo-em-pluma-ao-produtor,122.68,algodao-bolsa-de-nova-iorque-nybot,2024-10,128.32,233.43232620576,5.501,-110.75232620576,-20.13312601449918,-47.44515380793354
2024-09-18,Oeste da Bahia/BA,BA,algodo-em-pluma-ao-produtor,138.0,algodao-bolsa-de-nova-iorque-nybot,2024-10,125.12,226.60562689987202,5.4767,-88.60562689987202,-16.178652637513835,-39.101247445644105
2024-09-18,Sorriso/MT,MT,algodo-em-pluma-ao-produtor,121.81,algodao-bolsa-de-nova-iorque-nybot,2024-10,125.12,226.60562689987202,5.4767,-104.79562689987202,-19.134812368738842,-46.2458184880718
2024-09-19,Oeste da Bahia/BA,BA,algodo-em-pluma-ao-produtor,138.67,algodao-bolsa-de-nova-iorque-nybot,2024-10,128.53,230.324770023381,5.4189,-91.65477002338102,-16.913906885785128,-39.7937095580631
2024-09-19,Sorriso/MT,MT,algodo-em-pluma-ao-produtor,121.94,algodao-bolsa-de-nova-iorque-nybot,2024-10,128.53,230.324770023381,5.4189,-108.38477002338101,-20.001249335359763,-47.057366002092834
2024-09-20,Oeste da Bahia/BA,BA,algodo-em-pluma-ao-produtor,138.67,algodao-bolsa-de-nova-iorque-nybot,2024-10,131.81,238.75679931757497,5.4775,-100.08679931757499,-18.272350400287536,-41.91997865763296
2024-09-20,Sorriso/MT,MT,algodo-em-pluma-ao-produtor,120.99,algodao-bolsa-de-nova-iorque-nybot,2024-10,131.81,238.75679931757497,5.4775,-117.76679931757498,-21.500100286184388,-49.325003373382934
2024-09-23,Oeste da Bahia/BA,BA,algodo-em-pluma-ao-produtor,138.67,algodao-bolsa-de-nova-iorque-nybot,2024-10,131.12,240.41644067073597,5.5446,-101.74644067073598,-18.350546598624966,-42.32091631790005
2024-09-23,Sorriso/MT,MT,algodo-em-pluma-ao-produtor,124.24,algodao-bolsa-de-nova-iorque-nybot,2024-10,131.12,240.41644067073597,5.5446,-116.17644067073597,-20.953078792110517,-48.32300168267038
2024-09-24,Oeste da Bahia/BA,BA,algodo-em-pluma-ao-produtor,138.33,algodao-bolsa-de-nova-iorque-nybot,2024-10,131.99,238.76421444671402,5.4702,-100.43421444671401,-18.360245410901612,-42.064182306150535
2024-09-24,Sorriso/MT,MT,algodo-em-pluma-ao-produtor,124.24,algodao-bolsa-de-nova-iorque-nybot,2024-10,131.99,238.76421444671402,5.4702,-114.52421444671403,-20.936019605629415,-47.96540164618047
2024-09-25,Oeste da Bahia/BA,BA,algodo-em-pluma-ao-produtor,138.33,algodao-bolsa-de-nova-iorque-nybot,2024-10,134.14,242.80429281187202,5.4736,-104.474292811872,-19.08694329360421,-43.028190153466554
2024-09-25,Sorriso/MT,MT,algodo-em-pluma-ao-produtor,126.41,algodao-bolsa-de-nova-iorque-nybot,2024-10,134.14,242.80429281187202,5.4736,-116.39429281187202,-21.264669104770537,-47.93749379960751
2024-09-26,Oeste da Bahia/BA,BA,algodo-em-pluma-ao-produtor,138.33,algodao-bolsa-de-nova-iorque-nybot,2024-10,132.87,239.08186028509203,5.4412,-100.75186028509202,-18.516478035192975,-42.14115624035673
2024-09-26,Sorriso/MT,MT,algodo-em-pluma-ao-produtor,126.91,algodao-bolsa-de-nova-iorque-nybot,2024-10,132.87,239.08186028509203,5.4412,-112.17186028509204,-20.615279770104394,-46.91776287474643
2024-09-27,Oeste da Bahia/BA,BA,algodo-em-pluma-ao-produtor,139.0,algodao-bolsa-de-nova-iorque-nybot,2024-10,132.05,237.68934876901506,5.4431,-98.68934876901506,-18.131092349766686,-41.52030761164679
2024-09-27,Sorriso/MT,MT,algodo-em-pluma-ao-produtor,126.79,algodao-bolsa-de-nova-iorque-nybot,2024-10,132.05,237.68934876901506,5.4431,-110.89934876901505,-20.374299345779985,-46.65726476317048
2024-09-30,Oeste da Bahia/BA,BA,algodo-em-pluma-ao-produtor,139.0,algodao-bolsa-de-nova-iorque-nybot,2024-10,132.82,239.294958192906,5.4481,-100.294958192906,-18.4091624957152,-41.912691746749594
2024-09-30,Sorriso/MT,MT,algodo-em-pluma-ao-produtor,125.57,algodao-bolsa-de-nova-iorque-nybot,2024-10,132.82,239.294958192906,5.4481,-113.724958192906,-20.874242064739267,-47.52501224920393
2024-10-01,Oeste da Bahia/BA,BA,algodo-em-pluma-ao-produtor,138.67,algodao-bolsa-de-nova-iorque-nybot,2024-10,131.81,237.64964775159297,5.4521,-98.97964775159298,-18.154407980703397,-41.64939804794199
2024-10-01,Sorriso/MT,MT,algodo-em-pluma-ao-produtor,125.57,algodao-bolsa-de-nova-iorque-nybot,2024-10,131.81,237.64964775159297,5.4521,-112.07964775159297,-20.55715187755048,-47.16171423436991
2024-10-02,Oeste da Bahia/BA,BA,algodo-em-pluma-ao-produtor,138.67,algodao-bolsa-de-nova-iorque-nybot,2024-10,131.85,236.77996616752495,5.4305,-98.10996616752496,-18.066470153305396,-41.43507905483476
2024-10-02,Sorriso/MT,MT,algodo-em-pluma-ao-produtor,125.05,algodao-bolsa-de-nova-iorque-nybot,2024-10,131.85,236.77996616752495,5.4305,-111.72996616752495,-20.574526501707936,-47.187254891520055
2024-10-03,Oeste da Bahia/BA,BA,algodo-em-pluma-ao-produtor,139.67,algodao-bolsa-de-nova-iorque-nybot,2024-10,131.13,237.85029539865,5.485,-98.18029539865,-17.899780382616225,-41.27818938971444
2024-10-03,Sorriso/MT,MT,algodo-em-pluma-ao-produtor,125.05,algodao-bolsa-de-nova-iorque-nybot,2024-10,131.13,237.85029539865,5.485,-112.80029539865,-20.565231613245214,-47.42491288883648
2024-10-04,Oeste da Bahia/BA,BA,algodo-em-pluma-ao-produtor,139.67,algodao-bolsa-de-nova-iorque-nybot,2024-10,132.1,238.89330442758,5.4686,-99.22330442758002,-18.144187621617966,-41.53456902667582
2024-10-04,Sorriso/MT,MT,algodo-em-pluma-ao-produtor,125.05,algodao-bolsa-de-nova-iorque-nybot,2024-10,132.1,238.89330442758,5.4686,-113.84330442758001,-20.817632378959882,-47.6544559088266
2024-10-07,Oeste da Bahia/BA,BA,algodo-em-pluma-ao-produtor,139.67,algodao-bolsa-de-nova-iorque-nybot,2024-10,132.81,239.913772098858,5.4626,-100.24377209885802,-18.350926683055324,-41.78325038278833
2024-10-07,Sorriso/MT,MT,algodo-em-pluma-ao-produtor,124.22,algodao-bolsa-de-nova-iorque-nybot,2024-10,132.81,239.913772098858,5.4626,-115.693772098858,-21.179250192007103,-48.22306409787332
2024-10-08,Oeste da Bahia/BA,BA,algodo-em-pluma-ao-produtor,139.33,algodao-bolsa-de-nova-iorque-nybot,2024-10,131.72,240.43196075461202,5.5197,-101.10196075461201,-18.31656806612896,-42.05013361671911
2024-10-08,Sorriso/MT,MT,algodo-em-pluma-ao-produtor,123.69,algodao-bolsa-de-nova-iorque-nybot,2024-10,131.72,240.43196075461202,5.5197,-116.74196075461202,-21.15005539333877,-48.55509242124444
2024-10-09,Oeste da Bahia/BA,BA,algodo-em-pluma-ao-produtor,139.33,algodao-bolsa-de-nova-iorque-nybot,2024-10,133.35,245.788529606235,5.5737,-106.45852960623498,-19.100154225422067,-43.31305849658104
2024-10-09,Sorriso/MT,MT,algodo-em-pluma-ao-produtor,123.38,algodao-bolsa-de-nova-iorque-nybot,2024-10,133.35,245.788529606235,5.5737,-122.40852960623499,-21.961808063985323,-49.80237678395299
2024-10-10,Oeste da Bahia/BA,BA,algodo-em-pluma-ao-produtor,139.33,algodao-bolsa-de-nova-iorque-nybot,2024-12,134.32,247.94065087994397,5.5819,-108.61065087994396,-19.45764898689406,-43.80510033126219
2024-10-10,Sorriso/MT,MT,algodo-em-pluma-ao-produtor,123.38,algodao-bolsa-de-nova-iorque-nybot,2024-12,134.32,247.94065087994397,5.5819,-124.56065087994398,-22.31509895912574,-50.23809142949207
2024-10-11,Oeste da Bahia/BA,BA,algodo-em-pluma-ao-produtor,139.0,algodao-bolsa-de-nova-iorque-nybot,2024-12,134.44,250.13610980199596,5.6263,-111.13610980199596,-19.75296550166112,-44.43025434831046
2024-10-11,Sorriso/MT,MT,algodo-em-pluma-ao-produtor,123.41,algodao-bolsa-de-nova-iorque-nybot,2024-12,134.44,250.13610980199596,5.6263,-126.72610980199596,-22.523880667933806,-50.66286107284169
2024-10-14,Oeste da Bahia/BA,BA,algodo-em-pluma-ao-produtor,139.0,algodao-bolsa-de-nova-iorque-nybot,2024-12,131.07,242.92106414779494,5.6045,-103.92106414779494,-18.54243271438932,-42.77976655189054
2024-10-14,Sorriso/MT,MT,algodo-em-pluma-ao-produtor,124.72,algodao-bolsa-de-nova-iorque-nybot,2024-12,131.07,242.92106414779494,5.6045,-118.20106414779494,-21.090385252528314,-48.658219311883364
2024-10-15,Oeste da Bahia/BA,BA,algodo-em-pluma-ao-produtor,138.67,algodao-bolsa-de-nova-iorque-nybot,2024-12,132.18,246.43387997197203,5.6378,-107.76387997197205,-19.11452693816241,-43.729328120073625
2024-10-15,Sorriso/MT,MT,algodo-em-pluma-ao-produtor,123.96,algodao-bolsa-de-nova-iorque-nybot,2024-12,132.18,246.43387997197203,5.6378,-122.47387997197204,-21.723700729357557,-49.69847489553851
2024-10-16,Oeste da Bahia/BA,BA,algodo-em-pluma-ao-produtor,139.0,algodao-bolsa-de-nova-iorque-nybot,2024-12,133.38,250.30753774626598,5.6749,-111.30753774626598,-19.614008660287578,-44.4683123602523
2024-10-16,Sorriso/MT,MT,algodo-em-pluma-ao-produtor,122.49,algodao-bolsa-de-nova-iorque-nybot,2024-12,133.38,250.30753774626598,5.6749,-127.81753774626598,-22.523311026849104,-51.06419842451297
2024-10-17,Oeste da Bahia/BA,BA,algodo-em-pluma-ao-produtor,139.0,algodao-bolsa-de-nova-iorque-nybot,2024-12,132.68,249.03337166479199,5.6758,-110.03337166479199,-19.386407495822965,-44.18418741601464
2024-10-17,Sorriso/MT,MT,algodo-em-pluma-ao-produtor,121.73,algodao-bolsa-de-nova-iorque-nybot,2024-12,132.68,249.03337166479199,5.6758,-127.30337166479198,-22.429150369074314,-51.11900096511843
2024-10-18,Oeste da Bahia/BA,BA,algodo-em-pluma-ao-produtor,138.67,algodao-bolsa-de-nova-iorque-nybot,2024-12,133.58,250.342728111168,5.6672,-111.672728111168,-19.705097422213438,-44.60793766758756
2024-10-18,Sorriso/MT,MT,algodo-em-pluma-ao-produtor,122.24,algodao-bolsa-de-nova-iorque-nybot,2024-12,133.58,250.342728111168,5.6672,-128.102728111168,-22.604236326787127,-51.170940365514554
2024-10-21,Oeste da Bahia/BA,BA,algodo-em-pluma-ao-produtor,138.67,algodao-bolsa-de-nova-iorque-nybot,2024-12,136.09,256.828886379516,5.7068,-118.15888637951602,-20.70492857284573,-46.0068522840973
2024-10-21,Sorriso/MT,MT,algodo-em-pluma-ao-produtor,122.24,algodao-bolsa-de-nova-iorque-nybot,2024-12,136.09,256.828886379516,5.7068,-134.588886379516,-23.583950091034552,-52.40410776092921
2024-10-22,Oeste da Bahia/BA,BA,algodo-em-pluma-ao-produtor,138.67,algodao-bolsa-de-nova-iorque-nybot,2024-12,135.87,255.91945880377796,5.6958,-117.24945880377797,-20.585248569784397,-45.81498388275237
2024-10-22,Sorriso/MT,MT,algodo-em-pluma-ao-produtor,121.15,algodao-bolsa-de-nova-iorque-nybot,2024-12,135.87,255.91945880377796,5.6958,-134.76945880377795,-23.661199270300564,-52.66088770026285
2024-10-23,Oeste da Bahia/BA,BA,algodo-em-pluma-ao-produtor,139.0,algodao-bolsa-de-nova-iorque-nybot,2024-12,136.44,257.854875962508,5.7149,-118.854875962508,-20.797367576424435,-46.093708920125074
2024-10-23,Sorriso/MT,MT,algodo-em-pluma-ao-produtor,121.2,algodao-bolsa-de-nova-iorque-nybot,2024-12,136.44,257.854875962508,5.7149,-136.65487596250802,-23.912032749918286,-52.99681669869899
2024-10-24,Oeste da Bahia/BA,BA,algodo-em-pluma-ao-produtor,139.0,algodao-bolsa-de-nova-iorque-nybot,2024-12,134.59,254.082653305569,5.7087,-115.08265330556901,-20.15916991706851,-45.29339244862436
2024-10-24,Sorriso/MT,MT,algodo-em-pluma-ao-produtor,121.51,algodao-bolsa-de-nova-iorque-nybot,2024-12,134.59,254.082653305569,5.7087,-132.57265330556902,-23.222914727620825,-52.17697925490897
2024-10-25,Oeste da Bahia/BA,BA,algodo-em-pluma-ao-produtor,138.33,algodao-bolsa-de-nova-iorque-nybot,2024-12,133.42,251.35326705581397,5.6969,-113.02326705581396,-19.83943321030981,-44.965903319934455
2024-10-25,Sorriso/MT,MT,algodo-em-pluma-ao-produtor,123.53,algodao-bolsa-de-nova-iorque-nybot,2024-12,133.42,251.35326705581397,5.6969,-127.82326705581397,-22.437337333604937,-50.854030485878
2024-10-28,Oeste da Bahia/BA,BA,algodo-em-pluma-ao-produtor,138.0,algodao-bolsa-de-nova-iorque-nybot,2024-12,132.62,249.92945445520803,5.6988,-111.92945445520803,-19.640881318033273,-44.784419147070906
2024-10-28,Sorriso/MT,MT,algodo-em-pluma-ao-produtor,124.2,algodao-bolsa-de-nova-iorque-nybot,2024-12,132.62,249.92945445520803,5.6988,-125.72945445520803,-22.062443752229946,-50.30597723236381
2024-10-29,Oeste da Bahia/BA,BA,algodo-em-pluma-ao-produtor,138.0,algodao-bolsa-de-nova-iorque-nybot,2024-12,134.4,253.95952538880002,5.714,-115.95952538880002,-20.293931639621984,-45.660632422143436
2024-10-29,Sorriso/MT,MT,algodo-em-pluma-ao-produtor,123.57,algodao-bolsa-de-nova-iorque-nybot,2024-12,134.4,253.95952538880002,5.714,-130.38952538880002,-22.819307908435423,-51.342640205828005
2024-10-30,Oeste da Bahia/BA,BA,algodo-em-pluma-ao-produtor,138.33,algodao-bolsa-de-nova-iorque-nybot,2024-12,133.18,254.565393986574,5.7801,-116.235393986574,-20.109581838821818,-45.660328046279666
2024-10-30,Sorriso/MT,MT,algodo-em-pluma-ao-produtor,123.76,algodao-bolsa-de-nova-iorque-nybot,2024-12,133.18,254.565393986574,5.7801,-130.80539398657402,-22.63029947346482,-51.38380827736263
2024-10-31,Oeste da Bahia/BA,BA,algodo-em-pluma-ao-produtor,138.0,algodao-bolsa-de-nova-iorque-nybot,2024-12,132.98,254.13473315405997,5.779,-116.13473315405997,-20.09599120160235,-45.698095538817
2024-10-31,Sorriso/MT,MT,algodo-em-pluma-ao-produtor,122.78,algodao-bolsa-de-nova-iorque-nybot,2024-12,132.98,254.13473315405997,5.779,-131.35473315405997,-22.729664847561857,-51.687044711999654
2024-11-01,Oeste da Bahia/BA,BA,algodo-em-pluma-ao-produtor,137.67,algodao-bolsa-de-nova-iorque-nybot,2024-12,135.98,261.14054174122197,5.8073,-123.47054174122198,-21.26126457066485,-47.281261238852565
2024-11-01,Sorriso/MT,MT,algodo-em-pluma-ao-produtor,122.2,algodao-bolsa-de-nova-iorque-nybot,2024-12,135.98,261.14054174122197,5.8073,-138.94054174122198,-23.92515312472612,-53.20527437631861
2024-11-04,Oeste da Bahia/BA,BA,algodo-em-pluma-ao-produtor,137.67,algodao-bolsa-de-nova-iorque-nybot,2024-12,133.66,255.91162865492396,5.7898,-118.24162865492397,-20.42240295950188,-46.20408586995599
2024-11-04,Sorriso/MT,MT,algodo-em-pluma-ao-produtor,122.2,algodao-bolsa-de-nova-iorque-nybot,2024-12,133.66,255.91162865492396,5.7898,-133.71162865492397,-23.094343268320838,-52.24914137654262
2024-11-05,Oeste da Bahia/BA,BA,algodo-em-pluma-ao-produtor,137.67,algodao-bolsa-de-nova-iorque-nybot,2024-12,133.01,254.43838406467796,5.7846,-116.76838406467797,-20.18607752734467,-45.89259772809891
2024-11-05,Sorriso/MT,MT,algodo-em-pluma-ao-produtor,123.02,algodao-bolsa-de-nova-iorque-nybot,2024-12,133.01,254.43838406467796,5.7846,-131.41838406467798,-22.718664050181168,-51.65037678877553
2024-11-06,Oeste da Bahia/BA,BA,algodo-em-pluma-ao-produtor,137.0,algodao-bolsa-de-nova-iorque-nybot,2024-12,130.9,249.54501193776002,5.7648,-112.54501193776002,-19.522795576214268,-45.100084775820044
2024-11-06,Sorriso/MT,MT,algodo-em-pluma-ao-produtor,123.02,algodao-bolsa-de-nova-iorque-nybot,2024-12,130.9,249.54501193776002,5.7648,-126.52501193776003,-21.9478580241743,-50.702280504535636
2024-11-07,Oeste da Bahia/BA,BA,algodo-em-pluma-ao-produtor,137.0,algodao-bolsa-de-nova-iorque-nybot,2024-12,133.45,249.88726596503994,5.6624,-112.88726596503994,-19.93629308509465,-45.17527755129117
2024-11-07,Sorriso/MT,MT,algodo-em-pluma-ao-produtor,123.02,algodao-bolsa-de-nova-iorque-nybot,2024-12,133.45,249.88726596503994,5.6624,-126.86726596503995,-22.405210858476963,-50.76980032379444
2024-11-08,Oeste da Bahia/BA,BA,algodo-em-pluma-ao-produtor,137.0,algodao-bolsa-de-nova-iorque-nybot,2024-12,135.2,257.74244166527996,5.7648,-120.74244166527996,-20.944775476214257,-46.84616196120445
2024-11-08,Sorriso/MT,MT,algodo-em-pluma-ao-produtor,123.14,algodao-bolsa-de-nova-iorque-nybot,2024-12,135.2,257.74244166527996,5.7648,-134.60244166527997,-23.349021937496524,-52.223623240165814
2024-11-11,Oeste da Bahia/BA,BA,algodo-em-pluma-ao-produtor,137.67,algodao-bolsa-de-nova-iorque-nybot,2024-12,132.97,254.95109512157998,5.798,-117.28109512158,-20.227853591165918,-46.00140864884361
2024-11-11,Sorriso/MT,MT,algodo-em-pluma-ao-produtor,122.89,algodao-bolsa-de-nova-iorque-nybot,2024-12,132.97,254.95109512157998,5.798,-132.06109512157997,-22.77700847215936,-51.79859888760362
2024-11-12,Oeste da Bahia/BA,BA,algodo-em-pluma-ao-produtor,137.67,algodao-bolsa-de-nova-iorque-nybot,2024-12,131.22,250.35466348292397,5.7694,-112.68466348292398,-19.531435414934652,-45.01001176301631
2024-11-12,Sorriso/MT,MT,algodo-em-pluma-ao-produtor,122.56,algodao-bolsa-de-nova-iorque-nybot,2024-12,131.22,250.35466348292397,5.7694,-127.79466348292397,-22.150425257899254,-51.04544956544837
2024-11-13,Oeste da Bahia/BA,BA,algodo-em-pluma-ao-produtor,137.33,algodao-bolsa-de-nova-iorque-nybot,2024-12,132.15,252.21204271543502,5.7713,-114.882042715435,-19.905747875770626,-45.549784807481906
2024-11-13,Sorriso/MT,MT,algodo-em-pluma-ao-produtor,122.28,algodao-bolsa-de-nova-iorque-nybot,2024-12,132.15,252.21204271543502,5.7713,-129.93204271543502,-22.513479236122713,-51.51698599183637
2024-11-14,Oeste da Bahia/BA,BA,algodo-em-pluma-ao-produtor,137.33,algodao-bolsa-de-nova-iorque-nybot,2024-12,130.59,249.97752365899495,5.7885,-112.64752365899494,-19.46057245555756,-45.063060874489764
2024-11-14,Sorriso/MT,MT,algodo-em-pluma-ao-produtor,122.32,algodao-bolsa-de-nova-iorque-nybot,2024-12,130.59,249.97752365899495,5.7885,-127.65752365899496,-22.053644926836824,-51.06760071482989
2024-11-18,Oeste da Bahia/BA,BA,algodo-em-pluma-ao-produtor,137.33,algodao-bolsa-de-nova-iorque-nybot,2024-12,126.68,241.311577679172,5.7603,-103.98157767917198,-18.051417057995586,-43.09017357526763
2024-11-18,Sorriso/MT,MT,algodo-em-pluma-ao-produtor,121.98,algodao-bolsa-de-nova-iorque-nybot,2024-12,126.68,241.311577679172,5.7603,-119.33157767917199,-20.71620882231342,-49.451244248970696
2024-11-19,Oeste da Bahia/BA,BA,algodo-em-pluma-ao-produtor,137.0,algodao-bolsa-de-nova-iorque-nybot,2024-12,127.63,243.71211288893696,5.7743,-106.71211288893696,-18.480528010137498,-43.78613423189481
2024-11-19,Sorriso/MT,MT,algodo-em-pluma-ao-produtor,121.39,algodao-bolsa-de-nova-iorque-nybot,2024-12,127.63,243.71211288893696,5.7743,-122.32211288893696,-21.18388599292329,-50.1912323679541
2024-11-21,Oeste da Bahia/BA,BA,algodo-em-pluma-ao-produtor,137.0,algodao-bolsa-de-nova-iorque-nybot,2024-12,132.94,255.742047300366,5.8173,-118.74204730036601,-20.411883055776048,-46.43039678215482
2024-11-21,Sorriso/MT,MT,algodo-em-pluma-ao-produtor,120.93,algodao-bolsa-de-nova-iorque-nybot,2024-12,132.94,255.742047300366,5.8173,-134.812047300366,-23.17433298959414,-52.7140721377079
2024-11-22,Oeste da Bahia/BA,BA,algodo-em-pluma-ao-produtor,137.0,algodao-bolsa-de-nova-iorque-nybot,2024-12,137.66,264.599038263912,5.8124,-127.599038263912,-21.952900396378777,-48.22354574722387
2024-11-22,Sorriso/MT,MT,algodo-em-pluma-ao-produtor,120.43,algodao-bolsa-de-nova-iorque-nybot,2024-12,137.66,264.599038263912,5.8124,-144.169038263912,-24.80370213060216,-54.4858511995487
2024-11-25,Oeste da Bahia/BA,BA,algodo-em-pluma-ao-produtor,138.0,algodao-bolsa-de-nova-iorque-nybot,2024-12,140.4,269.29920961944003,5.8002,-131.29920961944003,-22.637014175276718,-48.755883764005624
2024-11-25,Sorriso/MT,MT,algodo-em-pluma-ao-produtor,121.29,algodao-bolsa-de-nova-iorque-nybot,2024-12,140.4,269.29920961944003,5.8002,-148.00920961944,-25.517949315444298,-54.96087783866841
2024-11-26,Oeste da Bahia/BA,BA,algodo-em-pluma-ao-produtor,137.33,algodao-bolsa-de-nova-iorque-nybot,2024-12,140.97,270.33657702579,5.799,-133.00657702579,-22.93612295668046,-49.20036292872837
2024-11-26,Sorriso/MT,MT,algodo-em-pluma-ao-produtor,121.66,algodao-bolsa-de-nova-iorque-nybot,2024-12,140.97,270.33657702579,5.799,-148.67657702579,-25.63831298944473,-54.99684084984413
2024-11-27,Oeste da Bahia/BA,BA,algodo-em-pluma-ao-produtor,137.33,algodao-bolsa-de-nova-iorque-nybot,2024-12,144.03,277.63835882418897,5.8291,-140.30835882418896,-24.070329694839504,-50.53637379877954
2024-11-27,Sorriso/MT,MT,algodo-em-pluma-ao-produtor,122.31,algodao-bolsa-de-nova-iorque-nybot,2024-12,144.03,277.63835882418897,5.8291,-155.32835882418897,-26.647056805371147,-55.94628907979848
2024-11-29,Oeste da Bahia/BA,BA,algodo-em-pluma-ao-produtor,137.0,algodao-bolsa-de-nova-iorque-nybot,2024-12,145.54,291.34925998827,6.0535,-154.34925998826998,-25.497523744655155,-52.97739901398213
2024-11-29,Sorriso/MT,MT,algodo-em-pluma-ao-produtor,123.27,algodao-bolsa-de-nova-iorque-nybot,2024-12,145.54,291.34925998827,6.0535,-168.07925998827,-27.765633102877675,-57.68995603250787
2024-12-02,Oeste da Bahia/BA,BA,algodo-em-pluma-ao-produtor,137.0,algodao-bolsa-de-nova-iorque-nybot,2024-12,145.15,291.04373933943,6.0634,-154.04373933942998,-25.405505053176434,-52.92803744518151
2024-12-02,Sorriso/MT,MT,algodo-em-pluma-ao-produtor,124.29,algodao-bolsa-de-nova-iorque-nybot,2024-12,145.15,291.04373933943,6.0634,-166.75373933942996,-27.501688712509477,-57.29507864278547
2024-12-03,Oeste da Bahia/BA,BA,algodo-em-pluma-ao-produtor,137.0,algodao-bolsa-de-nova-iorque-nybot,2024-12,145.43,291.95625062739305,6.0707,-154.95625062739305,-25.52526901797042,-53.0751611908987
2024-12-03,Sorriso/MT,MT,algodo-em-pluma-ao-produtor,126.63,algodao-bolsa-de-nova-iorque-nybot,2024-12,145.43,291.95625062739305,6.0707,-165.32625062739305,-27.233474002568574,-56.627063223383225
2024-12-04,Oeste da Bahia/BA,BA,algodo-em-pluma-ao-produtor,136.67,algodao-bolsa-de-nova-iorque-nybot,2024-12,145.45,291.39035024698495,6.0581,-154.72035024698496,-25.539418340236207,-53.097280028608594
2024-12-04,Sorriso/MT,MT,algodo-em-pluma-ao-produtor,125.77,algodao-bolsa-de-nova-iorque-nybot,2024-12,145.45,291.39035024698495,6.0581,-165.62035024698497,-27.338662327624995,-56.837966702261674
2024-12-05,Oeste da Bahia/BA,BA,algodo-em-pluma-ao-produtor,139.0,algodao-bolsa-de-nova-iorque-nybot,2024-12,143.87,284.7424017511589,5.9849,-145.74240175115892,-24.35168536669935,-51.18394761540489
2024-12-05,Sorriso/MT,MT,algodo-em-pluma-ao-produtor,124.89,algodao-bolsa-de-nova-iorque-nybot,2024-12,143.87,284.7424017511589,5.9849,-159.85240175115894,-26.70928532659843,-56.13930372437351
2024-12-06,Oeste da Bahia/BA,BA,algodo-em-pluma-ao-produtor,139.0,algodao-bolsa-de-nova-iorque-nybot,2024-12,143.56,286.236719091444,6.0293,-147.236719091444,-24.420201199383676,-51.43879498018084
2024-12-06,Sorriso/MT,MT,algodo-em-pluma-ao-produtor,125.05,algodao-bolsa-de-nova-iorque-nybot,2024-12,143.56,286.236719091444,6.0293,-161.186719091444,-26.73390262409301,-56.312383541522394
2024-12-09,Oeste da Bahia/BA,BA,algodo-em-pluma-ao-produtor,139.33,algodao-bolsa-de-nova-iorque-nybot,2025-03,140.64,281.70297494064,6.057,-142.37297494063998,-23.505526653564466,-50.54010344428935
2024-12-09,Sorriso/MT,MT,algodo-em-pluma-ao-produtor,125.97,algodao-bolsa-de-nova-iorque-nybot,2025-03,140.64,281.70297494064,6.057,-155.73297494064,-25.7112390524418,-55.282687367236996
2024-12-10,Oeste da Bahia/BA,BA,algodo-em-pluma-ao-produtor,139.33,algodao-bolsa-de-nova-iorque-nybot,2025-03,139.24,278.709977096628,6.0529,-139.37997709662798,-23.026975019681142,-50.00896578894458
2024-12-10,Sorriso/MT,MT,algodo-em-pluma-ao-produtor,128.31,algodao-bolsa-de-nova-iorque-nybot,2025-03,139.24,278.709977096628,6.0529,-150.399977096628,-24.847589931541574,-53.96289672274083
2024-12-11,Oeste da Bahia/BA,BA,algodo-em-pluma-ao-produtor,138.67,algodao-bolsa-de-nova-iorque-nybot,2025-03,139.65,278.5654655784,6.032,-139.8954655784,-23.192219094562336,-50.219960068606404
2024-12-11,Sorriso/MT,MT,algodo-em-pluma-ao-produtor,131.4,algodao-bolsa-de-nova-iorque-nybot,2025-03,139.65,278.5654655784,6.032,-147.1654655784,-24.397457821352784,-52.829759522714944
2024-12-12,Oeste da Bahia/BA,BA,algodo-em-pluma-ao-produtor,138.67,algodao-bolsa-de-nova-iorque-nybot,2025-03,139.76,274.56983698214395,5.9408,-135.89983698214397,-22.875679535103682,-49.49554491339917
2024-12-12,Sorriso/MT,MT,algodo-em-pluma-ao-produtor,130.7,algodao-bolsa-de-nova-iorque-nybot,2025-03,139.76,274.56983698214395,5.9408,-143.86983698214397,-24.217249694004842,-52.39826725449825
2024-12-13,Oeste da Bahia/BA,BA,algodo-em-pluma-ao-produtor,138.67,algodao-bolsa-de-nova-iorque-nybot,2025-03,138.59,276.81768693479995,6.04,-138.14768693479996,-22.872133598476815,-49.905657569972576
2024-12-13,Sorriso/MT,MT,algodo-em-pluma-ao-produtor,130.22,algodao-bolsa-de-nova-iorque-nybot,2025-03,138.59,276.81768693479995,6.04,-146.59768693479995,-24.27114022099337,-52.95820818318185
2024-12-16,Oeste da Bahia/BA,BA,algodo-em-pluma-ao-produtor,139.0,algodao-bolsa-de-nova-iorque-nybot,2025-03,138.85,277.837499503245,6.0509,-138.837499503245,-22.94493372940306,-49.97075619794924
2024-12-16,Sorriso/MT,MT,algodo-em-pluma-ao-produtor,129.08,algodao-bolsa-de-nova-iorque-nybot,2025-03,138.85,277.837499503245,6.0509,-148.757499503245,-24.584359269405375,-53.541188561376174
2024-12-17,Oeste da Bahia/BA,BA,algodo-em-pluma-ao-produtor,138.67,algodao-bolsa-de-nova-iorque-nybot,2025-03,138.33,282.17656865326495,6.1685,-143.50656865326496,-23.264419008391823,-50.85701103325984
2024-12-17,Sorriso/MT,MT,algodo-em-pluma-ao-produtor,129.54,algodao-bolsa-de-nova-iorque-nybot,2025-03,138.33,282.17656865326495,6.1685,-152.63656865326496,-24.744519519050815,-54.09257380290242
2024-12-18,Oeste da Bahia/BA,BA,algodo-em-pluma-ao-produtor,138.67,algodao-bolsa-de-nova-iorque-nybot,2025-03,139.81,284.913562164792,6.1624,-146.243562164792,-23.731591938983513,-51.329098219692945
2024-12-18,Sorriso/MT,MT,algodo-em-pluma-ao-produtor,129.77,algodao-bolsa-de-nova-iorque-nybot,2025-03,139.81,284.913562164792,6.1624,-155.14356216479197,-25.17583444190445,-54.45285264274574
2024-12-19,Oeste da Bahia/BA,BA,algodo-em-pluma-ao-produtor,138.0,algodao-bolsa-de-nova-iorque-nybot,2025-03,137.78,281.765415731514,6.1841,-143.765415731514,-23.247589096475476,-51.023087896814076
2024-12-19,Sorriso/MT,MT,algodo-em-pluma-ao-produtor,129.77,algodao-bolsa-de-nova-iorque-nybot,2025-03,137.78,281.765415731514,6.1841,-151.995415731514,-24.578421392201612,-53.943957364996834
2024-12-20,Oeste da Bahia/BA,BA,algodo-em-pluma-ao-produtor,138.0,algodao-bolsa-de-nova-iorque-nybot,2025-03,136.39,274.13736064506,6.078,-136.13736064506003,-22.39838115252715,-49.66027261834048
2024-12-23,Oeste da Bahia/BA,BA,algodo-em-pluma-ao-produtor,138.0,algodao-bolsa-de-nova-iorque-nybot,2025-03,141.87,289.055260504692,6.1612,-151.055260504692,-24.517181799761733,-52.258263780063615
2024-12-26,Oeste da Bahia/BA,BA,algodo-em-pluma-ao-produtor,138.0,algodao-bolsa-de-nova-iorque-nybot,2025-03,140.5,286.4683668924,6.1656,-148.4683668924,-24.08011659731413,-51.82714185966858
2024-12-27,Oeste da Bahia/BA,BA,algodo-em-pluma-ao-produtor,138.33,algodao-bolsa-de-nova-iorque-nybot,2025-03,141.02,289.090855637826,6.1991,-150.76085563782598,-24.319797331520057,-52.14999115250456
2024-12-30,Oeste da Bahia/BA,BA,algodo-em-pluma-ao-produtor,138.33,algodao-bolsa-de-nova-iorque-nybot,2025-03,139.95,286.58264943280494,6.1923,-148.25264943280493,-23.941451388467115,-51.73120205505175
2025-01-02,Oeste da Bahia/BA,BA,algodo-em-pluma-ao-produtor,138.33,algodao-bolsa-de-nova-iorque-nybot,2025-03,139.68,286.782673392864,6.2086,-148.452673392864,-23.910812967957995,-51.764868371074314
2025-01-06,Oeste da Bahia/BA,BA,algodo-em-pluma-ao-produtor,139.0,algodao-bolsa-de-nova-iorque-nybot,2025-03,138.77,280.476726605559,6.1119,-141.476726605559,-23.147748916958555,-50.44152087688938
2025-01-07,Oeste da Bahia/BA,BA,algodo-em-pluma-ao-produtor,139.33,algodao-bolsa-de-nova-iorque-nybot,2025-03,138.43,278.059129290459,6.0741,-138.72912929045899,-22.839454287953604,-49.89195270964951
2025-01-07,Sorriso/MT,MT,algodo-em-pluma-ao-produtor,131.92,algodao-bolsa-de-nova-iorque-nybot,2025-03,138.43,278.059129290459,6.0741,-146.139129290459,-24.059388105309267,-52.55685352369888
2025-01-08,Oeste da Bahia/BA,BA,algodo-em-pluma-ao-produtor,139.33,algodao-bolsa-de-nova-iorque-nybot,2025-03,137.86,279.558373295058,6.1321,-140.228373295058,-22.867920173359533,-50.16067722895744
2025-01-08,Sorriso/MT,MT,algodo-em-pluma-ao-produtor,132.22,algodao-bolsa-de-nova-iorque-nybot,2025-03,137.86,279.558373295058,6.1321,-147.338373295058,-24.027392458547315,-52.70397432866398
2025-01-09,Oeste da Bahia/BA,BA,algodo-em-pluma-ao-produtor,139.33,algodao-bolsa-de-nova-iorque-nybot,2025-03,136.82,275.52648685689593,6.0896,-136.19648685689592,-22.365424142291104,-49.43135899948313
2025-01-09,Sorriso/MT,MT,algodo-em-pluma-ao-produtor,131.48,algodao-bolsa-de-nova-iorque-nybot,2025-03,136.82,275.52648685689593,6.0896,-144.04648685689594,-23.6545071690909,-52.28044987620787
2025-01-10,Oeste da Bahia/BA,BA,algodo-em-pluma-ao-produtor,139.33,algodao-bolsa-de-nova-iorque-nybot,2025-03,135.17,272.51216493616494,6.0965,-133.18216493616492,-21.84567619718936,-48.87200722483798
2025-01-10,Sorriso/MT,MT,algodo-em-pluma-ao-produtor,130.84,algodao-bolsa-de-nova-iorque-nybot,2025-03,135.17,272.51216493616494,6.0965,-141.67216493616493,-23.238278509991787,-51.98746447497167
2025-01-13,Oeste da Bahia/BA,BA,algodo-em-pluma-ao-produtor,139.33,algodao-bolsa-de-nova-iorque-nybot,2025-03,136.44,275.586938860068,6.1079,-136.256938860068,-22.308311999225268,-49.44245159936764
2025-01-13,Sorriso/MT,MT,algodo-em-pluma-ao-produtor,130.8,algodao-bolsa-de-nova-iorque-nybot,2025-03,136.44,275.586938860068,6.1079,-144.786938860068,-23.704864005643184,-52.53766359863121
2025-01-14,Oeste da Bahia/BA,BA,algodo-em-pluma-ao-produtor,139.33,algodao-bolsa-de-nova-iorque-nybot,2025-03,135.05,270.95722991551503,6.0671,-131.62722991551502,-21.69524647945724,-48.57860037783699
2025-01-14,Sorriso/MT,MT,algodo-em-pluma-ao-produtor,130.88,algodao-bolsa-de-nova-iorque-nybot,2025-03,135.05,270.95722991551503,6.0671,-140.07722991551503,-23.088004139624374,-51.697173741845305
2025-01-15,Oeste da Bahia/BA,BA,algodo-em-pluma-ao-produtor,139.0,algodao-bolsa-de-nova-iorque-nybot,2025-03,134.91,269.364695762151,6.0377,-130.36469576215097,-21.591780936805566,-48.39709799136521
2025-01-15,Sorriso/MT,MT,algodo-em-pluma-ao-produtor,131.11,algodao-bolsa-de-nova-iorque-nybot,2025-03,134.91,269.364695762151,6.0377,-138.25469576215096,-22.898569945865304,-51.32621235717908
2025-01-16,Oeste da Bahia/BA,BA,algodo-em-pluma-ao-produtor,138.67,algodao-bolsa-de-nova-iorque-nybot,2025-03,133.51,266.326591062246,6.0322,-127.65659106224601,-21.162526285972948,-47.932348982911
2025-01-16,Sorriso/MT,MT,algodo-em-pluma-ao-produtor,131.09,algodao-bolsa-de-nova-iorque-nybot,2025-03,133.51,266.326591062246,6.0322,-135.236591062246,-22.419115921595107,-50.77847860510422
2025-01-17,Oeste da Bahia/BA,BA,algodo-em-pluma-ao-produtor,138.67,algodao-bolsa-de-nova-iorque-nybot,2025-03,135.47,271.522142185239,6.0609,-132.852142185239,-21.919540362856836,-48.928658678084545
2025-01-17,Sorriso/MT,MT,algodo-em-pluma-ao-produtor,131.29,algodao-bolsa-de-nova-iorque-nybot,2025-03,135.47,271.522142185239,6.0609,-140.23214218523898,-23.137181307271028,-51.646669054919734
2025-01-21,Oeste da Bahia/BA,BA,algodo-em-pluma-ao-produtor,138.0,algodao-bolsa-de-nova-iorque-nybot,2025-03,134.92,269.66574974063997,6.044,-131.66574974063997,-21.7845383422634,-48.825536749577545
2025-01-21,Sorriso/MT,MT,algodo-em-pluma-ao-produtor,129.7,algodao-bolsa-de-nova-iorque-nybot,2025-03,134.92,269.66574974063997,6.044,-139.96574974063998,-23.157801082170746,-51.90342113347977
2025-01-22,Oeste da Bahia/BA,BA,algodo-em-pluma-ao-produtor,138.0,algodao-bolsa-de-nova-iorque-nybot,2025-03,131.88,260.24901259341596,5.9674,-122.24901259341596,-20.48614347846901,-46.97386221572498
2025-01-22,Sorriso/MT,MT,algodo-em-pluma-ao-produtor,130.45,algodao-bolsa-de-nova-iorque-nybot,2025-03,131.88,260.24901259341596,5.9674,-129.79901259341597,-21.751351106581758,-49.874929898850176
2025-01-23,Oeste da Bahia/BA,BA,algodo-em-pluma-ao-produtor,138.0,algodao-bolsa-de-nova-iorque-nybot,2025-03,132.08,259.442544960456,5.9399,-121.44254496045602,-20.445217084539475,-46.80903241176815
2025-01-23,Sorriso/MT,MT,algodo-em-pluma-ao-produtor,130.84,algodao-bolsa-de-nova-iorque-nybot,2025-03,132.08,259.442544960456,5.9399,-128.60254496045602,-21.650624582982207,-49.56879565765033
2025-01-24,Oeste da Bahia/BA,BA,algodo-em-pluma-ao-produtor,138.67,algodao-bolsa-de-nova-iorque-nybot,2025-03,132.36,257.91782139090003,5.8925,-119.24782139090004,-20.23722043120917,-46.23481260341764
2025-01-24,Sorriso/MT,MT,algodo-em-pluma-ao-produtor,130.37,algodao-bolsa-de-nova-iorque-nybot,2025-03,132.36,257.91782139090003,5.8925,-127.54782139090003,-21.64579064758592,-49.45289189520125
2025-01-27,Oeste da Bahia/BA,BA,algodo-em-pluma-ao-produtor,138.67,algodao-bolsa-de-nova-iorque-nybot,2025-03,131.47,257.69218426591203,5.9272,-119.02218426591205,-20.08067624947902,-46.1877354196716
2025-01-27,Sorriso/MT,MT,algodo-em-pluma-ao-produtor,131.4,algodao-bolsa-de-nova-iorque-nybot,2025-03,131.47,257.69218426591203,5.9272,-126.29218426591203,-21.307225041488735,-49.00893080078493
2025-01-28,Oeste da Bahia/BA,BA,algodo-em-pluma-ao-produtor,138.67,algodao-bolsa-de-nova-iorque-nybot,2025-03,130.02,253.37957584697998,5.893,-114.70957584697999,-19.465395528080773,-45.271831979170635
2025-01-28,Sorriso/MT,MT,algodo-em-pluma-ao-produtor,129.48,algodao-bolsa-de-nova-iorque-nybot,2025-03,130.02,253.37957584697998,5.893,-123.89957584697999,-21.024872874084505,-48.89880150474518
2025-01-29,Oeste da Bahia/BA,BA,algodo-em-pluma-ao-produtor,138.67,algodao-bolsa-de-nova-iorque-nybot,2025-03,129.4,250.74209414231998,5.8596,-112.07209414232,-19.126236286149222,-44.69616261508465
2025-01-29,Sorriso/MT,MT,algodo-em-pluma-ao-produtor,128.16,algodao-bolsa-de-nova-iorque-nybot,2025-03,129.4,250.74209414231998,5.8596,-122.58209414231999,-20.919874077124714,-48.88772049289139
2025-01-30,Oeste da Bahia/BA,BA,algodo-em-pluma-ao-produtor,139.0,algodao-bolsa-de-nova-iorque-nybot,2025-03,128.2,250.15500824555994,5.9006,-111.15500824555994,-18.837916185737033,-44.434452472143484
2025-01-30,Sorriso/MT,MT,algodo-em-pluma-ao-produtor,128.9,algodao-bolsa-de-nova-iorque-nybot,2025-03,128.2,250.15500824555994,5.9006,-121.25500824555994,-20.549606522312974,-48.471949091074066
2025-01-31,Oeste da Bahia/BA,BA,algodo-em-pluma-ao-produtor,138.67,algodao-bolsa-de-nova-iorque-nybot,2025-03,127.23,245.29603778073897,5.8301,-106.62603778073898,-18.28888660241488,-43.46830823090915
2025-01-31,Sorriso/MT,MT,algodo-em-pluma-ao-produtor,128.36,algodao-bolsa-de-nova-iorque-nybot,2025-03,127.23,245.29603778073897,5.8301,-116.93603778073896,-20.05729537756453,-47.671392835649364
2025-02-03,Oeste da Bahia/BA,BA,algodo-em-pluma-ao-produtor,138.67,algodao-bolsa-de-nova-iorque-nybot,2025-03,127.1,246.66780095660994,5.8687,-107.99780095660995,-18.402337989096385,-43.78269094619581
2025-02-03,Sorriso/MT,MT,algodo-em-pluma-ao-produtor,128.36,algodao-bolsa-de-nova-iorque-nybot,2025-03,127.1,246.66780095660994,5.8687,-118.30780095660992,-20.159115469628695,-47.96240145564067
2025-02-04,Oeste da Bahia/BA,BA,algodo-em-pluma-ao-produtor,138.67,algodao-bolsa-de-nova-iorque-nybot,2025-03,127.73,244.68027021870301,5.7927,-106.01027021870303,-18.300666393685677,-43.326039375364296
2025-02-04,Sorriso/MT,MT,algodo-em-pluma-ao-produtor,129.03,algodao-bolsa-de-nova-iorque-nybot,2025-03,127.73,244.68027021870301,5.7927,-115.65027021870301,-19.964829909835313,-47.26587481505196
2025-02-05,Oeste da Bahia/BA,BA,algodo-em-pluma-ao-produtor,138.67,algodao-bolsa-de-nova-iorque-nybot,2025-03,126.45,242.52100829104495,5.7997,-103.85100829104496,-17.90627244358242,-42.821448344967834
2025-02-05,Sorriso/MT,MT,algodo-em-pluma-ao-produtor,128.65,algodao-bolsa-de-nova-iorque-nybot,2025-03,126.45,242.52100829104495,5.7997,-113.87100829104494,-19.633948013008425,-46.95304917848208
2025-02-06,Oeste da Bahia/BA,BA,algodo-em-pluma-ao-produtor,138.67,algodao-bolsa-de-nova-iorque-nybot,2025-03,125.55,240.20946918143994,5.7856,-101.53946918143996,-17.550378384513266,-42.271218336002846
2025-02-06,Sorriso/MT,MT,algodo-em-pluma-ao-produtor,127.94,algodao-bolsa-de-nova-iorque-nybot,2025-03,125.55,240.20946918143994,5.7856,-112.26946918143994,-19.404982919911497,-46.738152981237505
2025-02-07,Oeste da Bahia/BA,BA,algodo-em-pluma-ao-produtor,138.67,algodao-bolsa-de-nova-iorque-nybot,2025-03,125.66,239.177436514566,5.7557,-100.50743651456602,-17.46224377826607,-42.022122980837736
2025-02-07,Sorriso/MT,MT,algodo-em-pluma-ao-produtor,128.09,algodao-bolsa-de-nova-iorque-nybot,2025-03,125.66,239.177436514566,5.7557,-111.08743651456601,-19.300421584614558,-46.44561716748759
2025-02-10,Oeste da Bahia/BA,BA,algodo-em-pluma-ao-produtor,138.67,algodao-bolsa-de-nova-iorque-nybot,2025-03,127.18,243.12620260579203,5.7808,-104.45620260579204,-18.069506401500146,-42.9637782708097
2025-02-10,Sorriso/MT,MT,algodo-em-pluma-ao-produtor,128.54,algodao-bolsa-de-nova-iorque-nybot,2025-03,127.18,243.12620260579203,5.7808,-114.58620260579204,-19.821859017055086,-47.130338637988594
2025-02-11,Oeste da Bahia/BA,BA,algodo-em-pluma-ao-produtor,138.0,algodao-bolsa-de-nova-iorque-nybot,2025-03,128.6,245.75571990024002,5.7788,-107.75571990024002,-18.646729407530977,-43.846678296635965
2025-02-11,Sorriso/MT,MT,algodo-em-pluma-ao-produtor,127.62,algodao-bolsa-de-nova-iorque-nybot,2025-03,128.6,245.75571990024002,5.7788,-118.13571990024002,-20.44295007618191,-48.07038466823683
2025-02-12,Oeste da Bahia/BA,BA,algodo-em-pluma-ao-produtor,138.0,algodao-bolsa-de-nova-iorque-nybot,2025-03,128.52,245.275584087996,5.7711,-107.27558408799601,-18.58841192978739,-43.73675614182185
2025-02-12,Sorriso/MT,MT,algodo-em-pluma-ao-produtor,128.38,algodao-bolsa-de-nova-iorque-nybot,2025-03,128.52,245.275584087996,5.7711,-116.89558408799601,-20.255338512241345,-47.65887502526876
2025-02-13,Oeste da Bahia/BA,BA,algodo-em-pluma-ao-produtor,138.33,algodao-bolsa-de-nova-iorque-nybot,2025-03,127.52,243.691830495168,5.7788,-105.361830495168,-18.232475686157677,-43.235684298927346
2025-02-13,Sorriso/MT,MT,algodo-em-pluma-ao-produtor,128.55,algodao-bolsa-de-nova-iorque-nybot,2025-03,127.52,243.691830495168,5.7788,-115.141830495168,-19.924868570493526,-47.24894973344257
2025-02-14,Oeste da Bahia/BA,BA,algodo-em-pluma-ao-produtor,138.33,algodao-bolsa-de-nova-iorque-nybot,2025-03,126.5,239.63005205535,5.7283,-101.30005205535,-17.68413875937887,-42.27351752690501
2025-02-14,Sorriso/MT,MT,algodo-em-pluma-ao-produtor,129.09,algodao-bolsa-de-nova-iorque-nybot,2025-03,126.5,239.63005205535,5.7283,-110.54005205535,-19.29718276894541,-46.129461270499306
2025-02-18,Oeste da Bahia/BA,BA,algodo-em-pluma-ao-produtor,139.0,algodao-bolsa-de-nova-iorque-nybot,2025-03,127.03,239.356994546241,5.6979,-100.356994546241,-17.612979263630635,-41.92774676858386
2025-02-18,Sorriso/MT,MT,algodo-em-pluma-ao-produtor,127.35,algodao-bolsa-de-nova-iorque-nybot,2025-03,127.03,239.356994546241,5.6979,-112.006994546241,-19.657592191200443,-46.79495360416658
2025-02-19,Oeste da Bahia/BA,BA,algodo-em-pluma-ao-produtor,139.0,algodao-bolsa-de-nova-iorque-nybot,2025-03,125.3,236.54473927623,5.7087,-97.54473927622999,-17.087031947068507,-41.237331920673206
2025-02-19,Sorriso/MT,MT,algodo-em-pluma-ao-produtor,127.24,algodao-bolsa-de-nova-iorque-nybot,2025-03,125.3,236.54473927623,5.7087,-109.30473927623,-19.14704561042444,-46.20890729198891
2025-02-20,Oeste da Bahia/BA,BA,algodo-em-pluma-ao-produtor,139.0,algodao-bolsa-de-nova-iorque-nybot,2025-03,124.57,234.886503368319,5.7019,-95.88650336831901,-16.816588044041286,-40.8224831964747
2025-02-20,Sorriso/MT,MT,algodo-em-pluma-ao-produtor,128.41,algodao-bolsa-de-nova-iorque-nybot,2025-03,124.57,234.886503368319,5.7019,-106.47650336831902,-18.673863689001738,-45.3310436493476
2025-02-21,Oeste da Bahia/BA,BA,algodo-em-pluma-ao-produtor,139.33,algodao-bolsa-de-nova-iorque-nybot,2025-03,125.21,236.12639841143096,5.7027,-96.79639841143094,-16.97378406920072,-40.993467508351664
2025-02-21,Sorriso/MT,MT,algodo-em-pluma-ao-produtor,129.41,algodao-bolsa-de-nova-iorque-nybot,2025-03,125.21,236.12639841143096,5.7027,-106.71639841143096,-18.71331095997176,-45.19460726516751
2025-02-24,Oeste da Bahia/BA,BA,algodo-em-pluma-ao-produtor,139.0,algodao-bolsa-de-nova-iorque-nybot,2025-03,126.25,239.05209989924995,5.7258,-100.05209989924995,-17.473907558638086,-41.853679570862404
2025-02-24,Sorriso/MT,MT,algodo-em-pluma-ao-produtor,128.74,algodao-bolsa-de-nova-iorque-nybot,2025-03,126.25,239.05209989924995,5.7258,-110.31209989924994,-19.265796901611992,-46.145630992466366
2025-02-25,Oeste da Bahia/BA,BA,algodo-em-pluma-ao-produtor,139.67,algodao-bolsa-de-nova-iorque-nybot,2025-03,125.42,239.641384243074,5.7779,-99.971384243074,-17.30237356878347,-41.71707844153939
2025-02-25,Sorriso/MT,MT,algodo-em-pluma-ao-produtor,129.18,algodao-bolsa-de-nova-iorque-nybot,2025-03,125.42,239.641384243074,5.7779,-110.46138424307398,-19.117912086237904,-46.09445258880259
2025-02-26,Oeste da Bahia/BA,BA,algodo-em-pluma-ao-produtor,139.67,algodao-bolsa-de-nova-iorque-nybot,2025-03,124.95,238.65244583449498,5.7757,-98.982445834495,-17.1377401586812,-41.47556313046929
2025-02-26,Sorriso/MT,MT,algodo-em-pluma-ao-produtor,129.74,algodao-bolsa-de-nova-iorque-nybot,2025-03,124.95,238.65244583449498,5.7757,-108.91244583449497,-18.85701228154076,-45.63642557848561
2025-02-27,Oeste da Bahia/BA,BA,algodo-em-pluma-ao-produtor,140.33,algodao-bolsa-de-nova-iorque-nybot,2025-03,125.7,242.04279149027994,5.8228,-101.71279149027993,-17.468020795885128,-42.02264850112859
2025-02-27,Sorriso/MT,MT,algodo-em-pluma-ao-produtor,130.8,algodao-bolsa-de-nova-iorque-nybot,2025-03,125.7,242.04279149027994,5.8228,-111.24279149027993,-19.104690439355625,-45.95996881598817
2025-02-28,Oeste da Bahia/BA,BA,algodo-em-pluma-ao-produtor,140.33,algodao-bolsa-de-nova-iorque-nybot,2025-03,125.06,241.88570173310396,5.8488,-101.55570173310394,-17.363510760002725,-41.98499580812769
2025-02-28,Sorriso/MT,MT,algodo-em-pluma-ao-produtor,130.56,algodao-bolsa-de-nova-iorque-nybot,2025-03,125.06,241.88570173310396,5.8488,-111.32570173310395,-19.033938882010663,-46.0240935844734
2025-03-05,Oeste da Bahia/BA,BA,algodo-em-pluma-ao-produtor,140.33,algodao-bolsa-de-nova-iorque-nybot,2025-03,118.78,227.48453878695602,5.7914,-87.15453878695601,-15.048958591524675,-38.31229113490567
2025-03-05,Sorriso/MT,MT,algodo-em-pluma-ao-produtor,128.39,algodao-bolsa-de-nova-iorque-nybot,2025-03,118.78,227.48453878695602,5.7914,-99.09453878695604,-17.11063625150327,-43.560999492699644
2025-03-06,Oeste da Bahia/BA,BA,algodo-em-pluma-ao-produtor,140.33,algodao-bolsa-de-nova-iorque-nybot,2025-03,121.72,231.404446622844,5.7489,-91.074446622844,-15.842064851161787,-39.357258666373966
2025-03-06,Sorriso/MT,MT,algodo-em-pluma-ao-produtor,129.07,algodao-bolsa-de-nova-iorque-nybot,2025-03,121.72,231.404446622844,5.7489,-102.33444662284401,-17.800700416226412,-44.22319800519411
2025-03-07,Oeste da Bahia/BA,BA,algodo-em-pluma-ao-produtor,140.67,algodao-bolsa-de-nova-iorque-nybot,2025-03,124.0,236.55502052159994,5.7688,-95.88502052159996,-16.621311281653025,-40.533919047744185
2025-03-07,Sorriso/MT,MT,algodo-em-pluma-ao-produtor,130.11,algodao-bolsa-de-nova-iorque-nybot,2025-03,124.0,236.55502052159994,5.7688,-106.44502052159993,-18.451847961725132,-44.99799678184399
2025-03-10,Oeste da Bahia/BA,BA,algodo-em-pluma-ao-produtor,140.67,algodao-bolsa-de-nova-iorque-nybot,2025-05,127.9,245.0186118171,5.793,-104.34861181710002,-18.012879650802695,-42.588034861202104
2025-03-10,Sorriso/MT,MT,algodo-em-pluma-ao-produtor,130.9,algodao-bolsa-de-nova-iorque-nybot,2025-05,127.9,245.0186118171,5.793,-114.1186118171,-19.699397862437426,-46.57548705005584
2025-03-11,Oeste da Bahia/BA,BA,algodo-em-pluma-ao-produtor,140.67,algodao-bolsa-de-nova-iorque-nybot,2025-05,126.81,244.67499731881801,5.8346,-104.00499731881803,-17.82555741932918,-42.5074071558267
2025-03-11,Sorriso/MT,MT,algodo-em-pluma-ao-produtor,131.08,algodao-bolsa-de-nova-iorque-nybot,2025-05,126.81,244.67499731881801,5.8346,-113.594997318818,-19.46920051397148,-46.42689222994073
2025-03-12,Oeste da Bahia/BA,BA,algodo-em-pluma-ao-produtor,140.67,algodao-bolsa-de-nova-iorque-nybot,2025-05,128.25,247.1226129603,5.8268,-106.4526129603,-18.26948118354843,-43.076840150359494
2025-03-12,Sorriso/MT,MT,algodo-em-pluma-ao-produtor,130.35,algodao-bolsa-de-nova-iorque-nybot,2025-05,128.25,247.1226129603,5.8268,-116.7726129603,-20.040607702392393,-47.25290476718106
2025-03-13,Oeste da Bahia/BA,BA,algodo-em-pluma-ao-produtor,141.33,algodao-bolsa-de-nova-iorque-nybot,2025-05,127.82,245.71496595630597,5.8131,-104.38496595630596,-17.956850210095467,-42.48213597818381
2025-03-13,Sorriso/MT,MT,algodo-em-pluma-ao-produtor,130.69,algodao-bolsa-de-nova-iorque-nybot,2025-05,127.82,245.71496595630597,5.8131,-115.02496595630598,-19.787198905283923,-46.81235654842456
2025-03-14,Oeste da Bahia/BA,BA,algodo-em-pluma-ao-produtor,141.33,algodao-bolsa-de-nova-iorque-nybot,2025-05,127.66,242.40159141112198,5.7419,-101.07159141112197,-17.602464586830486,-41.69592733395089
2025-03-14,Sorriso/MT,MT,algodo-em-pluma-ao-produtor,130.88,algodao-bolsa-de-nova-iorque-nybot,2025-05,127.66,242.40159141112198,5.7419,-111.52159141112199,-19.422419653968543,-46.0069551366836
2025-03-17,Oeste da Bahia/BA,BA,algodo-em-pluma-ao-produtor,141.33,algodao-bolsa-de-nova-iorque-nybot,2025-05,125.81,237.486728868906,5.7082,-96.15672886890599,-16.845367868838864,-40.489306213815865
2025-03-17,Sorriso/MT,MT,algodo-em-pluma-ao-produtor,134.64,algodao-bolsa-de-nova-iorque-nybot,2025-05,125.81,237.486728868906,5.7082,-102.84672886890601,-18.0173660468985,-43.30630572863631
2025-03-18,Oeste da Bahia/BA,BA,algodo-em-pluma-ao-produtor,141.67,algodao-bolsa-de-nova-iorque-nybot,2025-05,124.63,234.31135978786793,5.6852,-92.64135978786794,-16.295180431272065,-39.53771591430314
2025-03-18,Sorriso/MT,MT,algodo-em-pluma-ao-produtor,132.11,algodao-bolsa-de-nova-iorque-nybot,2025-05,124.63,234.31135978786793,5.6852,-102.20135978786791,-17.97673956727431,-43.617757107634546
2025-03-19,Oeste da Bahia/BA,BA,algodo-em-pluma-ao-produtor,141.67,algodao-bolsa-de-nova-iorque-nybot,2025-05,123.97,232.271100712497,5.6657,-90.60110071249701,-15.991157440827614,-39.00661788512477
2025-03-19,Sorriso/MT,MT,algodo-em-pluma-ao-produtor,130.75,algodao-bolsa-de-nova-iorque-nybot,2025-05,123.97,232.271100712497,5.6657,-101.521100712497,-17.918545054008682,-43.70802067113759
2025-03-20,Oeste da Bahia/BA,BA,algodo-em-pluma-ao-produtor,142.0,algodao-bolsa-de-nova-iorque-nybot,2025-05,123.9,232.02112689755995,5.6628,-90.02112689755995,-15.896928533156734,-38.79867669865483
2025-03-20,Sorriso/MT,MT,algodo-em-pluma-ao-produtor,131.71,algodao-bolsa-de-nova-iorque-nybot,2025-05,123.9,232.02112689755995,5.6628,-100.31112689755994,-17.71405080482446,-43.23361766182977
2025-03-21,Oeste da Bahia/BA,BA,algodo-em-pluma-ao-produtor,142.0,algodao-bolsa-de-nova-iorque-nybot,2025-05,123.25,233.30236551022497,5.7241,-91.30236551022497,-15.950518947996187,-39.1347791568892
2025-03-21,Sorriso/MT,MT,algodo-em-pluma-ao-produtor,130.6,algodao-bolsa-de-nova-iorque-nybot,2025-05,123.25,233.30236551022497,5.7241,-102.70236551022498,-17.942098410269733,-44.02114195696993
2025-03-24,Oeste da Bahia/BA,BA,algodo-em-pluma-ao-produtor,142.0,algodao-bolsa-de-nova-iorque-nybot,2025-05,124.39,236.12667950048103,5.7403,-94.12667950048103,-16.397519206397057,-39.86278877914314
2025-03-24,Sorriso/MT,MT,algodo-em-pluma-ao-produtor,129.38,algodao-bolsa-de-nova-iorque-nybot,2025-05,124.39,236.12667950048103,5.7403,-106.74667950048104,-18.596010574444023,-45.207377551024926
2025-03-25,Oeste da Bahia/BA,BA,algodo-em-pluma-ao-produtor,138.0,algodao-bolsa-de-nova-iorque-nybot,2025-05,122.78,231.401691288768,5.6992,-93.401691288768,-16.388561778629985,-40.36344365876363
2025-03-25,Sorriso/MT,MT,algodo-em-pluma-ao-produtor,129.49,algodao-bolsa-de-nova-iorque-nybot,2025-05,122.78,231.401691288768,5.6992,-101.911691288768,-17.881753805581134,-44.041031299806534
2025-03-26,Oeste da Bahia/BA,BA,algodo-em-pluma-ao-produtor,138.0,algodao-bolsa-de-nova-iorque-nybot,2025-05,124.45,235.80845131172998,5.7298,-97.80845131172998,-17.070133566918564,-41.47792446269488
2025-03-26,Sorriso/MT,MT,algodo-em-pluma-ao-produtor,129.49,algodao-bolsa-de-nova-iorque-nybot,2025-05,124.45,235.80845131172998,5.7298,-106.31845131172997,-18.555351201041915,-45.08678578749535
2025-03-27,Oeste da Bahia/BA,BA,algodo-em-pluma-ao-produtor,138.33,algodao-bolsa-de-nova-iorque-nybot,2025-05,127.53,242.38669964394597,5.7474,-104.05669964394596,-18.10500393985906,-42.930036919022406
2025-03-27,Sorriso/MT,MT,algodo-em-pluma-ao-produtor,131.46,algodao-bolsa-de-nova-iorque-nybot,2025-05,127.53,242.38669964394597,5.7474,-110.92669964394597,-19.300327042479378,-45.7643508521267
2025-03-28,Oeste da Bahia/BA,BA,algodo-em-pluma-ao-produtor,138.0,algodao-bolsa-de-nova-iorque-nybot,2025-05,127.41,242.94230951957996,5.766,-104.94230951957996,-18.200192424484907,-43.196390833323385
2025-03-28,Sorriso/MT,MT,algodo-em-pluma-ao-produtor,130.14,algodao-bolsa-de-nova-iorque-nybot,2025-05,127.41,242.94230951957996,5.766,-112.80230951957998,-19.563355795972942,-46.43172683368628
2025-03-31,Oeste da Bahia/BA,BA,algodo-em-pluma-ao-produtor,138.0,algodao-bolsa-de-nova-iorque-nybot,2025-05,126.19,239.62286543507403,5.7422,-101.62286543507403,-17.697548924641083,-42.40950263680442
2025-03-31,Sorriso/MT,MT,algodo-em-pluma-ao-produtor,130.66,algodao-bolsa-de-nova-iorque-nybot,2025-05,126.19,239.62286543507403,5.7422,-108.96286543507404,-18.975804645444956,-45.47264938061497
2025-04-01,Oeste da Bahia/BA,BA,algodo-em-pluma-ao-produtor,137.33,algodao-bolsa-de-nova-iorque-nybot,2025-05,128.42,243.85742435353197,5.7422,-106.52742435353196,-18.551674332752594,-43.68430636710653
2025-04-01,Sorriso/MT,MT,algodo-em-pluma-ao-produtor,132.47,algodao-bolsa-de-nova-iorque-nybot,2025-05,128.42,243.85742435353197,5.7422,-111.38742435353197,-19.398039837263063,-45.67727418954782
2025-04-02,Oeste da Bahia/BA,BA,algodo-em-pluma-ao-produtor,137.33,algodao-bolsa-de-nova-iorque-nybot,2025-05,127.57,240.13824816072298,5.6923,-102.80824816072297,-18.060932867333584,-42.81210883653739
2025-04-02,Sorriso/MT,MT,algodo-em-pluma-ao-produtor,131.61,algodao-bolsa-de-nova-iorque-nybot,2025-05,127.57,240.13824816072298,5.6923,-108.52824816072297,-19.065799090125775,-45.19407007920109
2025-04-03,Oeste da Bahia/BA,BA,algodo-em-pluma-ao-produtor,136.67,algodao-bolsa-de-nova-iorque-nybot,2025-05,122.29,226.73745402669897,5.6067,-90.06745402669898,-16.064254200634775,-39.72323602790975
2025-04-03,Sorriso/MT,MT,algodo-em-pluma-ao-produtor,132.63,algodao-bolsa-de-nova-iorque-nybot,2025-05,122.29,226.73745402669897,5.6067,-94.10745402669897,-16.784820665756857,-41.50503251907273
2025-04-04,Oeste da Bahia/BA,BA,algodo-em-pluma-ao-produtor,136.67,algodao-bolsa-de-nova-iorque-nybot,2025-05,122.36,233.78651560479602,5.7777,-97.11651560479604,-16.808853973864345,-41.54068311149582
2025-04-04,Sorriso/MT,MT,algodo-em-pluma-ao-produtor,130.95,algodao-bolsa-de-nova-iorque-nybot,2025-05,122.36,233.78651560479602,5.7777,-102.83651560479603,-17.798867300966826,-43.987359723789986
2025-04-07,Oeste da Bahia/BA,BA,algodo-em-pluma-ao-produtor,136.67,algodao-bolsa-de-nova-iorque-nybot,2025-05,128.97,251.10732108161696,5.8877,-114.43732108161697,-19.43667664480476,-45.57307233763272
2025-04-07,Sorriso/MT,MT,algodo-em-pluma-ao-produtor,130.84,algodao-bolsa-de-nova-iorque-nybot,2025-05,128.97,251.10732108161696,5.8877,-120.26732108161696,-20.426876553088125,-47.8947887953162
2025-04-08,Oeste da Bahia/BA,BA,algodo-em-pluma-ao-produtor,136.33,algodao-bolsa-de-nova-iorque-nybot,2025-05,129.63,254.497160777112,5.9368,-118.16716077711197,-19.904184203124913,-46.431622426075904
2025-04-08,Sorriso/MT,MT,algodo-em-pluma-ao-produtor,131.25,algodao-bolsa-de-nova-iorque-nybot,2025-05,129.63,254.497160777112,5.9368,-123.24716077711199,-20.75986403064142,-48.42771542156871
2025-04-09,Oeste da Bahia/BA,BA,algodo-em-pluma-ao-produtor,136.33,algodao-bolsa-de-nova-iorque-nybot,2025-05,129.12,258.77777530968,6.0605,-122.44777530968,-20.204236500235954,-47.317732430131
2025-04-09,Sorriso/MT,MT,algodo-em-pluma-ao-produtor,131.25,algodao-bolsa-de-nova-iorque-nybot,2025-05,129.12,258.77777530968,6.0605,-127.52777530968001,-21.04245116899266,-49.28080672966107
2025-04-10,Oeste da Bahia/BA,BA,algodo-em-pluma-ao-produtor,136.67,algodao-bolsa-de-nova-iorque-nybot,2025-05,129.69,253.52990061745498,5.9115,-116.859900617455,-19.768231517796668,-46.09314338579023
2025-04-10,Sorriso/MT,MT,algodo-em-pluma-ao-produtor,131.98,algodao-bolsa-de-nova-iorque-nybot,2025-05,129.69,253.52990061745498,5.9115,-121.549900617455,-20.561600375108686,-47.94302380958948
2025-04-11,Oeste da Bahia/BA,BA,algodo-em-pluma-ao-produtor,136.67,algodao-bolsa-de-nova-iorque-nybot,2025-05,127.9,248.43186953739,5.8737,-111.76186953739003,-19.027507284571907,-44.98692931205004
2025-04-11,Sorriso/MT,MT,algodo-em-pluma-ao-produtor,133.37,algodao-bolsa-de-nova-iorque-nybot,2025-05,127.9,248.43186953739,5.8737,-115.06186953739001,-19.589333731275005,-46.315261303490985
2025-04-14,Oeste da Bahia/BA,BA,algodo-em-pluma-ao-produtor,136.0,algodao-bolsa-de-nova-iorque-nybot,2025-05,123.98,239.53851623294997,5.8425,-103.53851623294997,-17.721611678724855,-43.22416196828209
2025-04-14,Sorriso/MT,MT,algodo-em-pluma-ao-produtor,134.09,algodao-bolsa-de-nova-iorque-nybot,2025-05,123.98,239.53851623294997,5.8425,-105.44851623294997,-18.048526526820705,-44.021528517109886
2025-04-15,Oeste da Bahia/BA,BA,algodo-em-pluma-ao-produtor,135.67,algodao-bolsa-de-nova-iorque-nybot,2025-05,126.98,246.518895189798,5.8707,-110.84889518979801,-18.881716863372002,-44.965679042352534
2025-04-15,Sorriso/MT,MT,algodo-em-pluma-ao-produtor,133.3,algodao-bolsa-de-nova-iorque-nybot,2025-05,126.98,246.518895189798,5.8707,-113.21889518979799,-19.28541659253547,-45.927065794542585
2025-04-16,Oeste da Bahia/BA,BA,algodo-em-pluma-ao-produtor,135.67,algodao-bolsa-de-nova-iorque-nybot,2025-05,127.49,247.93482539205596,5.8808,-112.26482539205597,-19.090060092513937,-45.279974370092276
2025-04-16,Sorriso/MT,MT,algodo-em-pluma-ao-produtor,134.48,algodao-bolsa-de-nova-iorque-nybot,2025-05,127.49,247.93482539205596,5.8808,-113.45482539205597,-19.292413513817163,-45.75993921493336
2025-04-17,Oeste da Bahia/BA,BA,algodo-em-pluma-ao-produtor,135.67,algodao-bolsa-de-nova-iorque-nybot,2025-05,127.42,246.74948477315402,5.8559,-111.07948477315404,-18.968815173270382,-45.017109103702296
2025-04-17,Sorriso/MT,MT,algodo-em-pluma-ao-produtor,135.19,algodao-bolsa-de-nova-iorque-nybot,2025-05,127.42,246.74948477315402,5.8559,-111.55948477315403,-19.050783786122377,-45.211638385269495
2025-04-22,Oeste da Bahia/BA,BA,algodo-em-pluma-ao-produtor,135.67,algodao-bolsa-de-nova-iorque-nybot,2025-05,127.25,241.9471021638,5.7496,-106.27710216380001,-18.48426015093224,-43.925759479379764
2025-04-22,Sorriso/MT,MT,algodo-em-pluma-ao-produtor,134.02,algodao-bolsa-de-nova-iorque-nybot,2025-05,127.25,241.9471021638,5.7496,-107.92710216379999,-18.771236636252954,-44.60772672975952
2025-04-23,Oeste da Bahia/BA,BA,algodo-em-pluma-ao-produtor,136.0,algodao-bolsa-de-nova-iorque-nybot,2025-05,129.36,243.32380357824,5.688,-107.32380357823999,-18.86846054469761,-44.10740009812906
2025-04-23,Sorriso/MT,MT,algodo-em-pluma-ao-produtor,134.77,algodao-bolsa-de-nova-iorque-nybot,2025-05,129.36,243.32380357824,5.688,-108.55380357823998,-19.084705270436004,-44.612899347241566
2025-04-24,Oeste da Bahia/BA,BA,algodo-em-pluma-ao-produtor,136.0,algodao-bolsa-de-nova-iorque-nybot,2025-05,126.41,237.18130610519395,5.6738,-101.18130610519395,-17.83307591124008,-42.65989919977855
2025-04-24,Sorriso/MT,MT,algodo-em-pluma-ao-produtor,135.98,algodao-bolsa-de-nova-iorque-nybot,2025-05,126.41,237.18130610519395,5.6738,-101.20130610519396,-17.836600885684014,-42.66833156754329
2025-04-25,Oeste da Bahia/BA,BA,algodo-em-pluma-ao-produtor,135.67,algodao-bolsa-de-nova-iorque-nybot,2025-05,125.79,236.46726584296198,5.6846,-100.79726584296199,-17.7316373787007,-42.6263083322076
2025-04-25,Sorriso/MT,MT,algodo-em-pluma-ao-produtor,135.32,algodao-bolsa-de-nova-iorque-nybot,2025-05,125.79,236.46726584296198,5.6846,-101.14726584296199,-17.793207234099494,-42.774320362013206
2025-04-28,Oeste da Bahia/BA,BA,algodo-em-pluma-ao-produtor,135.67,algodao-bolsa-de-nova-iorque-nybot,2025-05,124.02,232.46321118906602,5.6681,-96.79321118906603,-17.076835480860613,-41.6380771365765
2025-04-28,Sorriso/MT,MT,algodo-em-pluma-ao-produtor,136.38,algodao-bolsa-de-nova-iorque-nybot,2025-05,124.02,232.46321118906602,5.6681,-96.08321118906602,-16.951573047240878,-41.33265246470334
2025-04-29,Oeste da Bahia/BA,BA,algodo-em-pluma-ao-produtor,135.33,algodao-bolsa-de-nova-iorque-nybot,2025-05,123.75,231.08136518362502,5.6467,-95.75136518362501,-16.957048397050492,-41.4362123521028
2025-04-29,Sorriso/MT,MT,algodo-em-pluma-ao-produtor,136.8,algodao-bolsa-de-nova-iorque-nybot,2025-05,123.75,231.08136518362502,5.6467,-94.28136518362501,-16.6967193553093,-40.80007278332715
2025-04-30,Oeste da Bahia/BA,BA,algodo-em-pluma-ao-produtor,135.33,algodao-bolsa-de-nova-iorque-nybot,2025-05,123.54,231.265265875776,5.6608,-95.935265875776,-16.947298239785187,-41.48278190954432
2025-04-30,Sorriso/MT,MT,algodo-em-pluma-ao-produtor,136.44,algodao-bolsa-de-nova-iorque-nybot,2025-05,123.54,231.265265875776,5.6608,-94.82526587577601,-16.751212880825328,-41.00281359445968
2025-05-02,Oeste da Bahia/BA,BA,algodo-em-pluma-ao-produtor,135.33,algodao-bolsa-de-nova-iorque-nybot,2025-05,121.12,226.735057494528,5.6608,-91.405057494528,-16.147021179785188,-40.313597069890236
2025-05-02,Sorriso/MT,MT,algodo-em-pluma-ao-produtor,138.08,algodao-bolsa-de-nova-iorque-nybot,2025-05,121.12,226.735057494528,5.6608,-88.655057494528,-15.661224119299037,-39.10072772785372
2025-05-05,Oeste da Bahia/BA,BA,algodo-em-pluma-ao-produtor,135.33,algodao-bolsa-de-nova-iorque-nybot,2025-05,132.37,247.40970078132,5.652,-112.07970078131999,-19.83009567963906,-45.30125553984836
2025-05-05,Sorriso/MT,MT,algodo-em-pluma-ao-produtor,138.28,algodao-bolsa-de-nova-iorque-nybot,2025-05,132.37,247.40970078132,5.652,-109.12970078132,-19.308156543050245,-44.10890132306386
2025-05-06,Oeste da Bahia/BA,BA,algodo-em-pluma-ao-produtor,135.33,algodao-bolsa-de-nova-iorque-nybot,2025-05,135.84,256.99496966352,5.721,-121.66496966352,-21.266381692627164,-47.34138174876118
2025-05-06,Sorriso/MT,MT,algodo-em-pluma-ao-produtor,139.17,algodao-bolsa-de-nova-iorque-nybot,2025-05,135.84,256.99496966352,5.721,-117.82496966352002,-20.595170365936028,-45.8471890783647
2025-05-07,Oeste da Bahia/BA,BA,algodo-em-pluma-ao-produtor,135.67,algodao-bolsa-de-nova-iorque-nybot,2025-05,134.0,254.24504572499995,5.7375,-118.57504572499997,-20.666674636165574,-46.63809490834868
2025-05-07,Sorriso/MT,MT,algodo-em-pluma-ao-produtor,137.42,algodao-bolsa-de-nova-iorque-nybot,2025-05,134.0,254.24504572499995,5.7375,-116.82504572499997,-20.361663742919387,-45.94978257761683
2025-05-08,Oeste da Bahia/BA,BA,algodo-em-pluma-ao-produtor,135.67,algodao-bolsa-de-nova-iorque-nybot,2025-07,125.27,235.54773625746,5.686,-99.87773625746001,-17.565553334059096,-42.402333320788514
2025-05-08,Sorriso/MT,MT,algodo-em-pluma-ao-produtor,137.98,algodao-bolsa-de-nova-iorque-nybot,2025-07,125.27,235.54773625746,5.686,-97.56773625746001,-17.15929234214914,-41.421640389197314
2025-05-09,Oeste da Bahia/BA,BA,algodo-em-pluma-ao-produtor,135.67,algodao-bolsa-de-nova-iorque-nybot,2025-07,124.45,232.56957297073495,5.6511,-96.89957297073497,-17.14702853793686,-41.66476798017262
2025-05-09,Sorriso/MT,MT,algodo-em-pluma-ao-produtor,138.53,algodao-bolsa-de-nova-iorque-nybot,2025-07,124.45,232.56957297073495,5.6511,-94.03957297073495,-16.640932379666783,-40.4350284388097
2025-05-12,Oeste da Bahia/BA,BA,algodo-em-pluma-ao-produtor,135.67,algodao-bolsa-de-nova-iorque-nybot,2025-07,125.37,235.578224167902,5.6822,-99.908224167902,-17.582665898402382,-42.4097874584092
2025-05-12,Sorriso/MT,MT,algodo-em-pluma-ao-produtor,139.13,algodao-bolsa-de-nova-iorque-nybot,2025-07,125.37,235.578224167902,5.6822,-96.448224167902,-16.9737468177646,-40.94106087630627
2025-05-13,Oeste da Bahia/BA,BA,algodo-em-pluma-ao-produtor,135.67,algodao-bolsa-de-nova-iorque-nybot,2025-07,122.74,228.36328797308397,5.6262,-92.69328797308398,-16.475292021805835,-40.59027560682576
2025-05-13,Sorriso/MT,MT,algodo-em-pluma-ao-produtor,138.43,algodao-bolsa-de-nova-iorque-nybot,2025-07,122.74,228.36328797308397,5.6262,-89.93328797308396,-15.984730008368697,-39.38167503687543
2025-05-14,Oeste da Bahia/BA,BA,algodo-em-pluma-ao-produtor,135.33,algodao-bolsa-de-nova-iorque-nybot,2025-07,121.69,225.75779486369998,5.61,-90.42779486369997,-16.119036517593578,-40.05522596386771
2025-05-14,Sorriso/MT,MT,algodo-em-pluma-ao-produtor,139.77,algodao-bolsa-de-nova-iorque-nybot,2025-07,121.69,225.75779486369998,5.61,-85.98779486369997,-15.327592667326197,-38.088516463236466
2025-05-15,Oeste da Bahia/BA,BA,algodo-em-pluma-ao-produtor,135.33,algodao-bolsa-de-nova-iorque-nybot,2025-07,122.9,228.92921348615997,5.6328,-93.59921348615995,-16.616818187430756,-40.885657212908974
2025-05-15,Sorriso/MT,MT,algodo-em-pluma-ao-produtor,137.44,algodao-bolsa-de-nova-iorque-nybot,2025-07,122.9,228.92921348615997,5.6328,-91.48921348615997,-16.242226510112197,-39.96397493048261
2025-05-16,Oeste da Bahia/BA,BA,algodo-em-pluma-ao-produtor,135.33,algodao-bolsa-de-nova-iorque-nybot,2025-07,121.45,228.625969658625,5.6925,-93.29596965862498,-16.389278815744397,-40.807249411749126
2025-05-16,Sorriso/MT,MT,algodo-em-pluma-ao-produtor,136.54,algodao-bolsa-de-nova-iorque-nybot,2025-07,121.45,228.625969658625,5.6925,-92.085969658625,-16.17671842927097,-40.27800069962482
2025-05-19,Oeste da Bahia/BA,BA,algodo-em-pluma-ao-produtor,135.33,algodao-bolsa-de-nova-iorque-nybot,2025-07,122.64,229.51153211263195,5.6591,-94.18153211263194,-16.6424929958177,-41.035642630110935
2025-05-19,Sorriso/MT,MT,algodo-em-pluma-ao-produtor,138.05,algodao-bolsa-de-nova-iorque-nybot,2025-07,122.64,229.51153211263195,5.6591,-91.46153211263194,-16.161851197651913,-39.850516996134
2025-05-20,Oeste da Bahia/BA,BA,algodo-em-pluma-ao-produtor,135.33,algodao-bolsa-de-nova-iorque-nybot,2025-07,124.19,232.53133989953997,5.662,-97.20133989953996,-17.167315418498756,-41.80139328381871
2025-05-20,Sorriso/MT,MT,algodo-em-pluma-ao-produtor,138.05,algodao-bolsa-de-nova-iorque-nybot,2025-07,124.19,232.53133989953997,5.662,-94.48133989953996,-16.68691979857647,-40.63165848541471
2025-05-21,Oeste da Bahia/BA,BA,algodo-em-pluma-ao-produtor,135.67,algodao-bolsa-de-nova-iorque-nybot,2025-07,123.66,231.33859837129796,5.6571,-95.66859837129797,-16.911243989199054,-41.354360683793054
2025-05-21,Sorriso/MT,MT,algodo-em-pluma-ao-produtor,137.08,algodao-bolsa-de-nova-iorque-nybot,2025-07,123.66,231.33859837129796,5.6571,-94.25859837129795,-16.661999676742138,-40.74486446918517
2025-05-22,Oeste da Bahia/BA,BA,algodo-em-pluma-ao-produtor,135.67,algodao-bolsa-de-nova-iorque-nybot,2025-07,122.41,228.26745380307,5.639,-92.59745380307001,-16.420899770007093,-40.56533345439395
2025-05-22,Sorriso/MT,MT,algodo-em-pluma-ao-produtor,138.83,algodao-bolsa-de-nova-iorque-nybot,2025-07,122.41,228.26745380307,5.639,-89.43745380306999,-15.860516723367615,-39.18099243365158
2025-05-23,Oeste da Bahia/BA,BA,algodo-em-pluma-ao-produtor,135.67,algodao-bolsa-de-nova-iorque-nybot,2025-07,123.96,233.37966400689598,5.6932,-97.70966400689599,-17.162520903340123,-41.867257124857645
2025-05-23,Sorriso/MT,MT,algodo-em-pluma-ao-produtor,138.89,algodao-bolsa-de-nova-iorque-nybot,2025-07,123.96,233.37966400689598,5.6932,-94.48966400689599,-16.596933887250753,-40.487531083301235
2025-05-27,Oeste da Bahia/BA,BA,algodo-em-pluma-ao-produtor,135.67,algodao-bolsa-de-nova-iorque-nybot,2025-07,122.29,228.64624312368298,5.6539,-92.97624312368299,-16.444621079906433,-40.66379655028436
2025-05-27,Sorriso/MT,MT,algodo-em-pluma-ao-produtor,138.06,algodao-bolsa-de-nova-iorque-nybot,2025-07,122.29,228.64624312368298,5.6539,-90.58624312368298,-16.021904017347843,-39.6185136856509
2025-05-28,Oeste da Bahia/BA,BA,algodo-em-pluma-ao-produtor,136.0,algodao-bolsa-de-nova-iorque-nybot,2025-07,122.71,231.04251900760798,5.6936,-95.04251900760798,-16.6928690121554,-41.13637585663543
2025-05-28,Sorriso/MT,MT,algodo-em-pluma-ao-produtor,138.78,algodao-bolsa-de-nova-iorque-nybot,2025-07,122.71,231.04251900760798,5.6936,-92.26251900760798,-16.204601483702398,-39.93313412782254
2025-05-29,Oeste da Bahia/BA,BA,algodo-em-pluma-ao-produtor,136.0,algodao-bolsa-de-nova-iorque-nybot,2025-07,121.36,226.987683136632,5.6559,-90.987683136632,-16.087215675070635,-40.08485477243418
2025-05-29,Sorriso/MT,MT,algodo-em-pluma-ao-produtor,139.11,algodao-bolsa-de-nova-iorque-nybot,2025-07,121.36,226.987683136632,5.6559,-87.87768313663199,-15.537347395928498,-38.71473637789204
2025-05-30,Oeste da Bahia/BA,BA,algodo-em-pluma-ao-produtor,135.33,algodao-bolsa-de-nova-iorque-nybot,2025-07,122.85,231.919562809935,5.7087,-96.58956280993499,-16.919712510717847,-41.64787206376938
2025-05-30,Sorriso/MT,MT,algodo-em-pluma-ao-produtor,139.51,algodao-bolsa-de-nova-iorque-nybot,2025-07,122.85,231.919562809935,5.7087,-92.40956280993501,-16.187496769831135,-39.84552302975295
2025-06-02,Oeste da Bahia/BA,BA,algodo-em-pluma-ao-produtor,135.33,algodao-bolsa-de-nova-iorque-nybot,2025-07,124.65,234.699338405565,5.6937,-99.36933840556497,-17.452506876998257,-42.33899382956625
2025-06-02,Sorriso/MT,MT,algodo-em-pluma-ao-produtor,139.67,algodao-bolsa-de-nova-iorque-nybot,2025-07,124.65,234.699338405565,5.6937,-95.029338405565,-16.690260885815025,-40.48981946483056
2025-06-03,Oeste da Bahia/BA,BA,algodo-em-pluma-ao-produtor,135.33,algodao-bolsa-de-nova-iorque-nybot,2025-07,123.19,230.96041785649803,5.6694,-95.63041785649801,-16.86781984980739,-41.40554418113141
2025-06-03,Sorriso/MT,MT,algodo-em-pluma-ao-produtor,138.96,algodao-bolsa-de-nova-iorque-nybot,2025-07,123.19,230.96041785649803,5.6694,-92.00041785649802,-16.227540455162455,-39.83384629727349
2025-06-04,Oeste da Bahia/BA,BA,algodo-em-pluma-ao-produtor,135.67,algodao-bolsa-de-nova-iorque-nybot,2025-07,121.43,226.207066436868,5.6332,-90.537066436868,-16.07204900178726,-40.02397796981994
2025-06-04,Sorriso/MT,MT,algodo-em-pluma-ao-produtor,140.39,algodao-bolsa-de-nova-iorque-nybot,2025-07,121.43,226.207066436868,5.6332,-85.817066436868,-15.234159347594263,-37.93739417102544
2025-06-05,Oeste da Bahia/BA,BA,algodo-em-pluma-ao-produtor,135.67,algodao-bolsa-de-nova-iorque-nybot,2025-07,120.82,223.62037983839397,5.5969,-87.95037983839399,-15.714123861136342,-39.33021663855234
2025-06-05,Sorriso/MT,MT,algodo-em-pluma-ao-produtor,138.44,algodao-bolsa-de-nova-iorque-nybot,2025-07,120.82,223.62037983839397,5.5969,-85.18037983839397,-15.21920703217745,-38.09151021921712
2025-06-06,Oeste da Bahia/BA,BA,algodo-em-pluma-ao-produtor,135.67,algodao-bolsa-de-nova-iorque-nybot,2025-07,120.87,223.62498672257698,5.5947,-87.95498672257699,-15.72112655237582,-39.33146649291545
2025-06-06,Sorriso/MT,MT,algodo-em-pluma-ao-produtor,137.44,algodao-bolsa-de-nova-iorque-nybot,2025-07,120.87,223.62498672257698,5.5947,-86.18498672257698,-15.404755701391851,-38.53996281260631
2025-06-09,Oeste da Bahia/BA,BA,algodo-em-pluma-ao-produtor,136.0,algodao-bolsa-de-nova-iorque-nybot,2025-07,121.33,223.72574590343996,5.576,-87.72574590343996,-15.73273778756097,-39.211287708166765
2025-06-09,Sorriso/MT,MT,algodo-em-pluma-ao-produtor,137.6,algodao-bolsa-de-nova-iorque-nybot,2025-07,121.33,223.72574590343996,5.576,-86.12574590343996,-15.445793741649922,-38.49612638708638
2025-06-10,Oeste da Bahia/BA,BA,algodo-em-pluma-ao-produtor,136.0,algodao-bolsa-de-nova-iorque-nybot,2025-07,120.5,221.38634756205,5.5557,-85.38634756204999,-15.36914296345195,-38.56893096721692
2025-06-10,Sorriso/MT,MT,algodo-em-pluma-ao-produtor,137.25,algodao-bolsa-de-nova-iorque-nybot,2025-07,120.5,221.38634756205,5.5557,-84.13634756204999,-15.144148813299854,-38.00430717095973
2025-06-11,Oeste da Bahia/BA,BA,algodo-em-pluma-ao-produtor,136.0,algodao-bolsa-de-nova-iorque-nybot,2025-07,119.94,219.69512072837998,5.539,-83.69512072837998,-15.110149978042964,-38.09603074064463
2025-06-11,Sorriso/MT,MT,algodo-em-pluma-ao-produtor,138.78,algodao-bolsa-de-nova-iorque-nybot,2025-07,119.94,219.69512072837998,5.539,-80.91512072837997,-14.608254329008842,-36.83064078078428
2025-06-12,Oeste da Bahia/BA,BA,algodo-em-pluma-ao-produtor,136.33,algodao-bolsa-de-nova-iorque-nybot,2025-07,119.34,218.58820263165597,5.5388,-82.25820263165596,-14.851267897677468,-37.63158379149567
2025-06-12,Sorriso/MT,MT,algodo-em-pluma-ao-produtor,138.77,algodao-bolsa-de-nova-iorque-nybot,2025-07,119.34,218.58820263165597,5.5388,-79.81820263165596,-14.410739263316234,-36.51532958810133
2025-06-13,Oeste da Bahia/BA,BA,algodo-em-pluma-ao-produtor,136.0,algodao-bolsa-de-nova-iorque-nybot,2025-07,119.96,220.77110712465597,5.5652,-84.77110712465597,-15.232355912573846,-38.39773611172358
2025-06-13,Sorriso/MT,MT,algodo-em-pluma-ao-produtor,137.46,algodao-bolsa-de-nova-iorque-nybot,2025-07,119.96,220.77110712465597,5.5652,-83.31110712465596,-14.970011342747064,-37.736417690570015
2025-06-16,Oeste da Bahia/BA,BA,algodo-em-pluma-ao-produtor,136.0,algodao-bolsa-de-nova-iorque-nybot,2025-07,119.02,216.95906142457795,5.5123,-80.95906142457795,-14.68698391317199,-37.31536304268258
2025-06-16,Sorriso/MT,MT,algodo-em-pluma-ao-produtor,137.04,algodao-bolsa-de-nova-iorque-nybot,2025-07,119.02,216.95906142457795,5.5123,-79.91906142457796,-14.498314936519776,-36.83600993653839
2025-06-17,Oeste da Bahia/BA,BA,algodo-em-pluma-ao-produtor,135.67,algodao-bolsa-de-nova-iorque-nybot,2025-07,118.31,214.29546720855896,5.4773,-78.62546720855897,-14.354785607609402,-36.69021479210208
2025-06-17,Sorriso/MT,MT,algodo-em-pluma-ao-produtor,137.88,algodao-bolsa-de-nova-iorque-nybot,2025-07,118.31,214.29546720855896,5.4773,-76.41546720855897,-13.951302139477292,-35.65892839636644
2025-06-18,Oeste da Bahia/BA,BA,algodo-em-pluma-ao-produtor,135.67,algodao-bolsa-de-nova-iorque-nybot,2025-07,117.93,214.020556826571,5.4879,-78.35055682657102,-14.276965109891037,-36.60889308407017
2025-06-18,Sorriso/MT,MT,algodo-em-pluma-ao-produtor,137.52,algodao-bolsa-de-nova-iorque-nybot,2025-07,117.93,214.020556826571,5.4879,-76.500556826571,-13.939859841937901,-35.74449013725457
2025-06-20,Oeste da Bahia/BA,BA,algodo-em-pluma-ao-produtor,135.33,algodao-bolsa-de-nova-iorque-nybot,2025-07,116.9,212.45283489969003,5.4957,-77.12283489969002,-14.033305111212405,-36.30115594178995
2025-06-20,Sorriso/MT,MT,algodo-em-pluma-ao-produtor,134.58,algodao-bolsa-de-nova-iorque-nybot,2025-07,116.9,212.45283489969003,5.4957,-77.87283489969002,-14.16977544256237,-36.654175472150236
2025-06-23,Oeste da Bahia/BA,BA,algodo-em-pluma-ao-produtor,135.33,algodao-bolsa-de-nova-iorque-nybot,2025-07,116.33,212.401742500497,5.5213,-77.07174250049698,-13.958984750058315,-36.28583343675565
2025-06-23,Sorriso/MT,MT,algodo-em-pluma-ao-produtor,133.56,algodao-bolsa-de-nova-iorque-nybot,2025-07,116.33,212.401742500497,5.5213,-78.84174250049699,-14.279561425841194,-37.11915993359259
2025-06-24,Oeste da Bahia/BA,BA,algodo-em-pluma-ao-produtor,135.33,algodao-bolsa-de-nova-iorque-nybot,2025-07,120.28,218.52003754495198,5.4938,-83.19003754495196,-15.142531134178885,-38.069752540582854
2025-06-24,Sorriso/MT,MT,algodo-em-pluma-ao-produtor,132.66,algodao-bolsa-de-nova-iorque-nybot,2025-07,120.28,218.52003754495198,5.4938,-85.86003754495198,-15.628533536887396,-39.29160845365937
2025-06-25,Oeste da Bahia/BA,BA,algodo-em-pluma-ao-produtor,135.33,algodao-bolsa-de-nova-iorque-nybot,2025-07,121.94,223.50773918873398,5.5427,-88.17773918873397,-15.908806031128144,-39.45176104809288
2025-06-25,Sorriso/MT,MT,algodo-em-pluma-ao-produtor,130.74,algodao-bolsa-de-nova-iorque-nybot,2025-07,121.94,223.50773918873398,5.5427,-92.76773918873397,-16.736922292156162,-41.50538121205692
2025-06-26,Oeste da Bahia/BA,BA,algodo-em-pluma-ao-produtor,135.33,algodao-bolsa-de-nova-iorque-nybot,2025-07,121.99,222.461762851515,5.5145,-87.13176285151499,-15.800482881768971,-39.167073808397454
2025-06-26,Sorriso/MT,MT,algodo-em-pluma-ao-produtor,128.44,algodao-bolsa-de-nova-iorque-nybot,2025-07,121.99,222.461762851515,5.5145,-94.021762851515,-17.04991619394596,-42.264235276365696
2025-06-27,Oeste da Bahia/BA,BA,algodo-em-pluma-ao-produtor,135.67,algodao-bolsa-de-nova-iorque-nybot,2025-07,122.58,221.972987684646,5.4759,-86.30298768464601,-15.76051200435472,-38.879950477242524
2025-06-27,Sorriso/MT,MT,algodo-em-pluma-ao-produtor,130.23,algodao-bolsa-de-nova-iorque-nybot,2025-07,122.58,221.972987684646,5.4759,-91.74298768464601,-16.753956004427767,-41.33069912767225
2025-06-30,Oeste da Bahia/BA,BA,algodo-em-pluma-ao-produtor,135.67,algodao-bolsa-de-nova-iorque-nybot,2025-07,119.02,214.78644016110593,5.4571,-79.11644016110594,-14.497890850654366,-36.834932457450606
2025-06-30,Sorriso/MT,MT,algodo-em-pluma-ao-produtor,129.64,algodao-bolsa-de-nova-iorque-nybot,2025-07,119.02,214.78644016110593,5.4571,-85.14644016110594,-15.602873350516932,-39.642372254617065
2025-07-01,Oeste da Bahia/BA,BA,algodo-em-pluma-ao-produtor,135.67,algodao-bolsa-de-nova-iorque-nybot,2025-10,122.2,220.28268282306,5.4511,-84.61268282306,-15.522129996342022,-38.410955295575526
2025-07-01,Sorriso/MT,MT,algodo-em-pluma-ao-produtor,129.42,algodao-bolsa-de-nova-iorque-nybot,2025-10,122.2,220.28268282306,5.4511,-90.86268282306,-16.668687571877236,-41.24821872450346
2025-07-02,Oeste da Bahia/BA,BA,algodo-em-pluma-ao-produtor,135.67,algodao-bolsa-de-nova-iorque-nybot,2025-10,122.41,220.665285364656,5.4512,-84.99528536465601,-15.59203209653948,-38.51774202915459
2025-07-02,Sorriso/MT,MT,algodo-em-pluma-ao-produtor,129.92,algodao-bolsa-de-nova-iorque-nybot,2025-10,122.41,220.665285364656,5.4512,-90.74528536465601,-16.646845715559145,-41.123498521616895
2025-07-03,Oeste da Bahia/BA,BA,algodo-em-pluma-ao-produtor,135.67,algodao-bolsa-de-nova-iorque-nybot,2025-10,119.97,215.06069510956797,5.4208,-79.39069510956799,-14.645568017556078,-36.91548335651033
2025-07-03,Sorriso/MT,MT,algodo-em-pluma-ao-produtor,129.0,algodao-bolsa-de-nova-iorque-nybot,2025-10,119.97,215.06069510956797,5.4208,-86.06069510956797,-15.876013708229038,-40.01693338976805
2025-07-07,Oeste da Bahia/BA,BA,algodo-em-pluma-ao-produtor,135.33,algodao-bolsa-de-nova-iorque-nybot,2025-10,121.04,218.35573074374398,5.4552,-83.02573074374396,-15.219557622771662,-38.02315169881233
2025-07-07,Sorriso/MT,MT,algodo-em-pluma-ao-produtor,128.82,algodao-bolsa-de-nova-iorque-nybot,2025-10,121.04,218.35573074374398,5.4552,-89.53573074374398,-16.412914419956003,-41.004525248215515
2025-07-08,Oeste da Bahia/BA,BA,algodo-em-pluma-ao-produtor,135.33,algodao-bolsa-de-nova-iorque-nybot,2025-10,119.09,214.91276389502698,5.4571,-79.58276389502697,-14.583343514875478,-37.030264025592615
2025-07-08,Sorriso/MT,MT,algodo-em-pluma-ao-produtor,128.43,algodao-bolsa-de-nova-iorque-nybot,2025-10,119.09,214.91276389502698,5.4571,-86.48276389502698,-15.847751350539111,-40.24086905199778
2025-07-09,Oeste da Bahia/BA,BA,algodo-em-pluma-ao-produtor,135.33,algodao-bolsa-de-nova-iorque-nybot,2025-10,120.26,217.242905147268,5.4626,-81.91290514726799,-14.995222997705852,-37.70567563149627
2025-07-09,Sorriso/MT,MT,algodo-em-pluma-ao-produtor,129.33,algodao-bolsa-de-nova-iorque-nybot,2025-10,120.26,217.242905147268,5.4626,-87.91290514726799,-16.0936010594347,-40.46756099476401
2025-07-10,Oeste da Bahia/BA,BA,algodo-em-pluma-ao-produtor,135.33,algodao-bolsa-de-nova-iorque-nybot,2025-10,121.59,222.890338333971,5.5433,-87.56033833397098,-15.795706228053861,-39.28404388833295
2025-07-10,Sorriso/MT,MT,algodo-em-pluma-ao-produtor,127.69,algodao-bolsa-de-nova-iorque-nybot,2025-10,121.59,222.890338333971,5.5433,-95.20033833397099,-17.173946626372555,-42.71173844750784
2025-07-11,Oeste da Bahia/BA,BA,algodo-em-pluma-ao-produtor,135.0,algodao-bolsa-de-nova-iorque-nybot,2025-10,121.5,223.8865354539,5.5722,-88.8865354539,-15.951784834338323,-39.70159941672885
2025-07-11,Sorriso/MT,MT,algodo-em-pluma-ao-produtor,128.45,algodao-bolsa-de-nova-iorque-nybot,2025-10,121.5,223.8865354539,5.5722,-95.4365354539,-17.12726310145006,-42.62718848206535
2025-07-14,Oeste da Bahia/BA,BA,algodo-em-pluma-ao-produtor,135.0,algodao-bolsa-de-nova-iorque-nybot,2025-10,122.54,225.28828686309,5.5595,-90.28828686309001,-16.24036097906107,-40.0767781229386
2025-07-14,Sorriso/MT,MT,algodo-em-pluma-ao-produtor,129.12,algodao-bolsa-de-nova-iorque-nybot,2025-10,122.54,225.28828686309,5.5595,-96.16828686309,-17.298010048221965,-42.68676734247283
2025-07-15,Oeste da Bahia/BA,BA,algodo-em-pluma-ao-produtor,135.0,algodao-bolsa-de-nova-iorque-nybot,2025-10,123.57,227.10428813397596,5.5576,-92.10428813397596,-16.572673120407362,-40.55594409544603
2025-07-15,Sorriso/MT,MT,algodo-em-pluma-ao-produtor,128.21,algodao-bolsa-de-nova-iorque-nybot,2025-10,123.57,227.10428813397596,5.5576,-98.89428813397595,-17.794423516261688,-43.54575994427507
2025-07-16,Oeste da Bahia/BA,BA,algodo-em-pluma-ao-produtor,135.0,algodao-bolsa-de-nova-iorque-nybot,2025-10,123.32,227.24022676687196,5.5722,-92.24022676687196,-16.553646094338315,-40.591504452907515
2025-07-16,Sorriso/MT,MT,algodo-em-pluma-ao-produtor,129.45,algodao-bolsa-de-nova-iorque-nybot,2025-10,123.32,227.24022676687196,5.5722,-97.79022676687197,-17.549662030593296,-43.033853714287986
2025-07-17,Oeste da Bahia/BA,BA,algodo-em-pluma-ao-produtor,135.0,algodao-bolsa-de-nova-iorque-nybot,2025-10,122.88,226.49039758540795,5.5737,-91.49039758540795,-16.414661281627637,-40.39482404586603
2025-07-17,Sorriso/MT,MT,algodo-em-pluma-ao-produtor,129.45,algodao-bolsa-de-nova-iorque-nybot,2025-10,122.88,226.49039758540795,5.5737,-97.04039758540796,-17.41040916902739,-42.84525905731377
2025-07-18,Oeste da Bahia/BA,BA,algodo-em-pluma-ao-produtor,135.33,algodao-bolsa-de-nova-iorque-nybot,2025-10,124.08,227.59024017470395,5.5466,-92.26024017470394,-16.63365668602458,-40.537871968447625
2025-07-18,Sorriso/MT,MT,algodo-em-pluma-ao-produtor,128.59,algodao-bolsa-de-nova-iorque-nybot,2025-10,124.08,227.59024017470395,5.5466,-99.00024017470395,-17.848815522068286,-43.49933463698131
2025-07-21,Oeste da Bahia/BA,BA,algodo-em-pluma-ao-produtor,135.33,algodao-bolsa-de-nova-iorque-nybot,2025-10,122.56,225.44664582,5.5625,-90.11664581999997,-16.20074531595505,-39.97249348830431
2025-07-21,Sorriso/MT,MT,algodo-em-pluma-ao-produtor,130.34,algodao-bolsa-de-nova-iorque-nybot,2025-10,122.56,225.44664582,5.5625,-95.10664581999998,-17.097823967640448,-42.185877494018946
2025-07-22,Oeste da Bahia/BA,BA,algodo-em-pluma-ao-produtor,135.33,algodao-bolsa-de-nova-iorque-nybot,2025-10,122.66,225.97132134964198,5.5709,-90.64132134964197,-16.270498725455845,-40.11186942142717
2025-07-22,Sorriso/MT,MT,algodo-em-pluma-ao-produtor,128.6,algodao-bolsa-de-nova-iorque-nybot,2025-10,122.66,225.97132134964198,5.5709,-97.37132134964199,-17.478562054540916,-43.090123458180265
2025-07-23,Oeste da Bahia/BA,BA,algodo-em-pluma-ao-produtor,135.33,algodao-bolsa-de-nova-iorque-nybot,2025-10,121.61,223.345242931701,5.5537,-88.01524293170098,-15.848036972054842,-39.40770879038424
2025-07-23,Sorriso/MT,MT,algodo-em-pluma-ao-produtor,128.96,algodao-bolsa-de-nova-iorque-nybot,2025-10,121.61,223.345242931701,5.5537,-94.38524293170099,-16.99502006440769,-42.25979550438153
2025-07-24,Oeste da Bahia/BA,BA,algodo-em-pluma-ao-produtor,135.33,algodao-bolsa-de-nova-iorque-nybot,2025-10,123.15,224.95995997150501,5.5239,-89.629959971505,-16.22584767492261,-39.84262798715743
2025-07-24,Sorriso/MT,MT,algodo-em-pluma-ao-produtor,129.25,algodao-bolsa-de-nova-iorque-nybot,2025-10,123.15,224.95995997150501,5.5239,-95.70995997150501,-17.32651930185286,-42.54533117076848
2025-07-25,Oeste da Bahia/BA,BA,algodo-em-pluma-ao-produtor,135.33,algodao-bolsa-de-nova-iorque-nybot,2025-10,123.21,225.83148847597798,5.5426,-90.50148847597796,-16.32834562767978,-40.07478721710889
2025-07-25,Sorriso/MT,MT,algodo-em-pluma-ao-produtor,129.07,algodao-bolsa-de-nova-iorque-nybot,2025-10,123.21,225.83148847597798,5.5426,-96.76148847597798,-17.457779467393998,-42.84676558126244
2025-07-28,Oeste da Bahia/BA,BA,algodo-em-pluma-ao-produtor,135.33,algodao-bolsa-de-nova-iorque-nybot,2025-10,124.82,230.64405312280198,5.5877,-95.31405312280197,-17.05783294070941,-41.32517263389134
2025-07-28,Sorriso/MT,MT,algodo-em-pluma-ao-produtor,129.39,algodao-bolsa-de-nova-iorque-nybot,2025-10,124.82,230.64405312280198,5.5877,-101.25405312280199,-18.12088213805358,-43.90056962313753
2025-07-29,Oeste da Bahia/BA,BA,algodo-em-pluma-ao-produtor,135.0,algodao-bolsa-de-nova-iorque-nybot,2025-10,122.12,225.19861548782396,5.5764,-90.19861548782396,-16.175061955351833,-40.05291741800288
2025-07-29,Sorriso/MT,MT,algodo-em-pluma-ao-produtor,129.71,algodao-bolsa-de-nova-iorque-nybot,2025-10,122.12,225.19861548782396,5.5764,-95.48861548782395,-17.123702655445083,-42.40195495029002
2025-07-30,Oeste da Bahia/BA,BA,algodo-em-pluma-ao-produtor,135.0,algodao-bolsa-de-nova-iorque-nybot,2025-10,120.95,224.12097364239,5.6034,-89.12097364239,-15.904803091407004,-39.764673601941624
2025-07-30,Sorriso/MT,MT,algodo-em-pluma-ao-produtor,128.82,algodao-bolsa-de-nova-iorque-nybot,2025-10,120.95,224.12097364239,5.6034,-95.30097364239,-17.007704901022596,-42.522112988163855
2025-07-31,Oeste da Bahia/BA,BA,algodo-em-pluma-ao-produtor,135.0,algodao-bolsa-de-nova-iorque-nybot,2025-10,121.5,225.08789351895,5.6021,-90.08789351895001,-16.081093432632407,-40.023429119418886
2025-07-31,Sorriso/MT,MT,algodo-em-pluma-ao-produtor,128.82,algodao-bolsa-de-nova-iorque-nybot,2025-10,121.5,225.08789351895,5.6021,-96.26789351895002,-17.18425117704968,-42.76902325306327
2025-08-01,Oeste da Bahia/BA,BA,algodo-em-pluma-ao-produtor,135.0,algodao-bolsa-de-nova-iorque-nybot,2025-10,118.23,216.74274918080397,5.5436,-81.74274918080397,-14.745427011473407,-37.71417936228872
2025-08-01,Sorriso/MT,MT,algodo-em-pluma-ao-produtor,127.87,algodao-bolsa-de-nova-iorque-nybot,2025-10,118.23,216.74274918080397,5.5436,-88.87274918080396,-16.031594844650403,-41.0037934448582
2025-08-04,Oeste da Bahia/BA,BA,algodo-em-pluma-ao-produtor,135.0,algodao-bolsa-de-nova-iorque-nybot,2025-10,117.85,214.78732079656498,5.5113,-79.78732079656498,-14.477041858829129,-37.14712791270172
2025-08-04,Sorriso/MT,MT,algodo-em-pluma-ao-produtor,128.32,algodao-bolsa-de-nova-iorque-nybot,2025-10,117.85,214.78732079656498,5.5113,-86.46732079656499,-15.689097090807067,-40.2571811389473
2025-08-05,Oeste da Bahia/BA,BA,algodo-em-pluma-ao-produtor,135.0,algodao-bolsa-de-nova-iorque-nybot,2025-10,119.51,217.836463698117,5.5119,-82.836463698117,-15.0286586654542,-38.02690435376961
2025-08-05,Sorriso/MT,MT,algodo-em-pluma-ao-produtor,128.32,algodao-bolsa-de-nova-iorque-nybot,2025-10,119.51,217.836463698117,5.5119,-89.51646369811701,-16.240581958692466,-41.09342493833864
2025-08-06,Oeste da Bahia/BA,BA,algodo-em-pluma-ao-produtor,135.0,algodao-bolsa-de-nova-iorque-nybot,2025-10,118.84,215.36942744882398,5.4802,-80.36942744882398,-14.66541867976059,-37.31700845419266
2025-08-06,Sorriso/MT,MT,algodo-em-pluma-ao-produtor,125.65,algodao-bolsa-de-nova-iorque-nybot,2025-10,118.84,215.36942744882398,5.4802,-89.71942744882398,-16.371560791362356,-41.658386016809686
2025-08-07,Oeste da Bahia/BA,BA,algodo-em-pluma-ao-produtor,135.0,algodao-bolsa-de-nova-iorque-nybot,2025-10,117.07,211.52680719673796,5.4638,-76.52680719673796,-14.00615088340312,-36.17830203694301
2025-08-07,Sorriso/MT,MT,algodo-em-pluma-ao-produtor,124.16,algodao-bolsa-de-nova-iorque-nybot,2025-10,117.07,211.52680719673796,5.4638,-87.36680719673797,-15.990118085716528,-41.302948006717365
2025-08-08,Oeste da Bahia/BA,BA,algodo-em-pluma-ao-produtor,135.0,algodao-bolsa-de-nova-iorque-nybot,2025-10,117.29,210.43489198003797,5.4254,-75.43489198003797,-13.904024031414822,-35.847140780813945
2025-08-08,Sorriso/MT,MT,algodo-em-pluma-ao-produtor,124.54,algodao-bolsa-de-nova-iorque-nybot,2025-10,117.29,210.43489198003797,5.4254,-85.89489198003797,-15.831992476137792,-40.8177993543894
2025-08-11,Oeste da Bahia/BA,BA,algodo-em-pluma-ao-produtor,135.0,algodao-bolsa-de-nova-iorque-nybot,2025-10,117.45,211.572548321805,5.4473,-76.57254832180499,-14.05697287129495,-36.19210002865636
2025-08-11,Sorriso/MT,MT,algodo-em-pluma-ao-produtor,124.85,algodao-bolsa-de-nova-iorque-nybot,2025-10,117.45,211.572548321805,5.4473,-86.722548321805,-15.920281299323516,-40.98950880427961
2025-08-12,Oeste da Bahia/BA,BA,algodo-em-pluma-ao-produtor,135.0,algodao-bolsa-de-nova-iorque-nybot,2025-10,119.55,213.69105862037998,5.4052,-78.69105862037998,-14.558399063934726,-36.824684724022006
2025-08-12,Sorriso/MT,MT,algodo-em-pluma-ao-produtor,124.75,algodao-bolsa-de-nova-iorque-nybot,2025-10,119.55,213.69105862037998,5.4052,-88.94105862037998,-16.454721124173016,-41.62132903201293
2025-08-13,Oeste da Bahia/BA,BA,algodo-em-pluma-ao-produtor,135.0,algodao-bolsa-de-nova-iorque-nybot,2025-10,118.59,211.488805941336,5.3928,-76.48880594133601,-14.183505032883847,-36.16683426854891
2025-08-13,Sorriso/MT,MT,algodo-em-pluma-ao-produtor,125.19,algodao-bolsa-de-nova-iorque-nybot,2025-10,118.59,211.488805941336,5.3928,-86.29880594133601,-16.002597155714287,-40.805377645034355
2025-08-14,Oeste da Bahia/BA,BA,algodo-em-pluma-ao-produtor,135.0,algodao-bolsa-de-nova-iorque-nybot,2025-10,118.38,211.76806229073,5.4095,-76.76806229073,-14.191341582536278,-36.25101040275725
2025-08-14,Sorriso/MT,MT,algodo-em-pluma-ao-produtor,117.9,algodao-bolsa-de-nova-iorque-nybot,2025-10,118.38,211.76806229073,5.4095,-93.86806229073,-17.35244704514835,-44.325882418408
2025-08-15,Oeste da Bahia/BA,BA,algodo-em-pluma-ao-produtor,135.0,algodao-bolsa-de-nova-iorque-nybot,2025-10,118.04,210.50795727561598,5.3928,-75.50795727561598,-14.001623882883841,-35.869407623748
2025-08-15,Sorriso/MT,MT,algodo-em-pluma-ao-produtor,124.81,algodao-bolsa-de-nova-iorque-nybot,2025-10,118.04,210.50795727561598,5.3928,-85.69795727561598,-15.891180328515052,-40.710079744592505
2025-08-18,Oeste da Bahia/BA,BA,algodo-em-pluma-ao-produtor,135.0,algodao-bolsa-de-nova-iorque-nybot,2025-10,119.49,213.99081032983497,5.4155,-78.99081032983497,-14.586060443141903,-36.91317875196715
2025-08-18,Sorriso/MT,MT,algodo-em-pluma-ao-produtor,124.56,algodao-bolsa-de-nova-iorque-nybot,2025-10,119.49,213.99081032983497,5.4155,-89.43081032983497,-16.51386027695226,-41.79189292848169
2025-08-19,Oeste da Bahia/BA,BA,algodo-em-pluma-ao-produtor,135.67,algodao-bolsa-de-nova-iorque-nybot,2025-10,120.28,217.63701580526396,5.4716,-81.96701580526397,-14.980447365535488,-37.662258647493104
2025-08-19,Sorriso/MT,MT,algodo-em-pluma-ao-produtor,125.52,algodao-bolsa-de-nova-iorque-nybot,2025-10,120.28,217.63701580526396,5.4716,-92.11701580526396,-16.835480628200887,-42.32598736222698
2025-08-20,Oeste da Bahia/BA,BA,algodo-em-pluma-ao-produtor,135.67,algodao-bolsa-de-nova-iorque-nybot,2025-10,120.54,218.14732669237196,5.4726,-82.47732669237197,-15.070958354780538,-37.80808499600834
2025-08-20,Sorriso/MT,MT,algodo-em-pluma-ao-produtor,125.52,algodao-bolsa-de-nova-iorque-nybot,2025-10,120.54,218.14732669237196,5.4726,-92.62732669237197,-16.925652649996707,-42.46090387483575
2025-08-21,Oeste da Bahia/BA,BA,algodo-em-pluma-ao-produtor,135.67,algodao-bolsa-de-nova-iorque-nybot,2025-10,119.4,216.48695549976,5.4828,-80.81695549976001,-14.740088184825273,-37.331097069194826
2025-08-21,Sorriso/MT,MT,algodo-em-pluma-ao-produtor,124.99,algodao-bolsa-de-nova-iorque-nybot,2025-10,119.4,216.48695549976,5.4828,-91.49695549976,-16.687998011920918,-42.26441971459174
2025-08-22,Oeste da Bahia/BA,BA,algodo-em-pluma-ao-produtor,135.67,algodao-bolsa-de-nova-iorque-nybot,2025-10,119.07,214.17184788199197,5.4392,-78.50184788199198,-14.432609185540517,-36.65367258036932
2025-08-22,Sorriso/MT,MT,algodo-em-pluma-ao-produtor,122.81,algodao-bolsa-de-nova-iorque-nybot,2025-10,119.07,214.17184788199197,5.4392,-91.36184788199196,-16.796927467640824,-42.65819657695257
2025-08-25,Oeste da Bahia/BA,BA,algodo-em-pluma-ao-produtor,135.67,algodao-bolsa-de-nova-iorque-nybot,2025-10,118.06,211.50404824309197,5.4174,-75.83404824309198,-13.998236837429761,-35.85465567823657
2025-08-25,Sorriso/MT,MT,algodo-em-pluma-ao-produtor,122.55,algodao-bolsa-de-nova-iorque-nybot,2025-10,118.06,211.50404824309197,5.4174,-88.95404824309198,-16.420062805606374,-42.05784663792947
2025-08-26,Oeste da Bahia/BA,BA,algodo-em-pluma-ao-produtor,135.67,algodao-bolsa-de-nova-iorque-nybot,2025-10,117.78,211.173804985572,5.4218,-75.503804985572,-13.925966466039323,-35.75434225411179
2025-08-26,Sorriso/MT,MT,algodo-em-pluma-ao-produtor,122.91,algodao-bolsa-de-nova-iorque-nybot,2025-10,117.78,211.173804985572,5.4218,-88.263804985572,-16.279428415945258,-41.796758358169676
2025-08-27,Oeste da Bahia/BA,BA,algodo-em-pluma-ao-produtor,135.67,algodao-bolsa-de-nova-iorque-nybot,2025-10,117.24,211.01979067329597,5.4428,-75.34979067329598,-13.84393890521349,-35.70745209862978
2025-08-27,Sorriso/MT,MT,algodo-em-pluma-ao-produtor,121.77,algodao-bolsa-de-nova-iorque-nybot,2025-10,117.24,211.01979067329597,5.4428,-89.24979067329598,-16.397771491382372,-42.29451199270397
2025-08-28,Oeste da Bahia/BA,BA,algodo-em-pluma-ao-produtor,135.67,algodao-bolsa-de-nova-iorque-nybot,2025-10,118.15,211.434761776425,5.4115,-75.76476177642502,-14.000695144862796,-35.83363546271548
2025-08-28,Sorriso/MT,MT,algodo-em-pluma-ao-produtor,121.98,algodao-bolsa-de-nova-iorque-nybot,2025-10,118.15,211.434761776425,5.4115,-89.454761776425,-16.53049279800887,-42.30844588886292
2025-08-29,Oeste da Bahia/BA,BA,algodo-em-pluma-ao-produtor,135.67,algodao-bolsa-de-nova-iorque-nybot,2025-10,116.88,209.73794523897598,5.4264,-74.067945238976,-13.64955499759988,-35.3145183884503
2025-08-29,Sorriso/MT,MT,algodo-em-pluma-ao-produtor,121.77,algodao-bolsa-de-nova-iorque-nybot,2025-10,116.88,209.73794523897598,5.4264,-87.96794523897599,-16.211105933763818,-41.94183610349814
2025-09-02,Oeste da Bahia/BA,BA,algodo-em-pluma-ao-produtor,136.0,algodao-bolsa-de-nova-iorque-nybot,2025-10,116.8,211.20118504319996,5.468,-75.20118504319996,-13.75295995669348,-35.60642191842721
2025-09-02,Sorriso/MT,MT,algodo-em-pluma-ao-produtor,121.76,algodao-bolsa-de-nova-iorque-nybot,2025-10,116.8,211.20118504319996,5.468,-89.44118504319995,-16.35720282428675,-42.348808329321294
2025-09-03,Oeste da Bahia/BA,BA,algodo-em-pluma-ao-produtor,136.0,algodao-bolsa-de-nova-iorque-nybot,2025-10,116.87,210.574123323135,5.4485,-74.57412332313501,-13.687092470062405,-35.41466641117049
2025-09-03,Sorriso/MT,MT,algodo-em-pluma-ao-produtor,120.9,algodao-bolsa-de-nova-iorque-nybot,2025-10,116.87,210.574123323135,5.4485,-89.674123323135,-16.458497443908417,-42.58553800816552
2025-09-04,Oeste da Bahia/BA,BA,algodo-em-pluma-ao-produtor,136.0,algodao-bolsa-de-nova-iorque-nybot,2025-10,116.59,210.46289076426902,5.4587,-74.46289076426902,-13.641139971837436,-35.380532165963594
2025-09-04,Sorriso/MT,MT,algodo-em-pluma-ao-produtor,120.62,algodao-bolsa-de-nova-iorque-nybot,2025-10,116.59,210.46289076426902,5.4587,-89.84289076426901,-16.458660626938467,-42.68823374895977
2025-09-05,Oeste da Bahia/BA,BA,algodo-em-pluma-ao-produtor,136.0,algodao-bolsa-de-nova-iorque-nybot,2025-10,115.2,205.59559477247998,5.3968,-69.59559477247998,-12.895715011206638,-33.8507227499194
2025-09-05,Sorriso/MT,MT,algodo-em-pluma-ao-produtor,120.84,algodao-bolsa-de-nova-iorque-nybot,2025-10,115.2,205.59559477247998,5.3968,-84.75559477247998,-15.704787053898604,-41.22442159632544
2025-09-08,Oeste da Bahia/BA,BA,algodo-em-pluma-ao-produtor,136.0,algodao-bolsa-de-nova-iorque-nybot,2025-10,115.94,208.104817858476,5.4278,-72.104817858476,-13.28435422426692,-34.64831742026832
2025-09-08,Sorriso/MT,MT,algodo-em-pluma-ao-produtor,119.18,algodao-bolsa-de-nova-iorque-nybot,2025-10,115.94,208.104817858476,5.4278,-88.92481785847599,-16.38321564141567,-42.73078286873219
2025-09-09,Oeste da Bahia/BA,BA,algodo-em-pluma-ao-produtor,136.0,algodao-bolsa-de-nova-iorque-nybot,2025-10,116.09,208.37405817828602,5.4278,-72.37405817828602,-13.333958174266925,-34.73275839181591
2025-09-09,Sorriso/MT,MT,algodo-em-pluma-ao-produtor,117.72,algodao-bolsa-de-nova-iorque-nybot,2025-10,116.09,208.37405817828602,5.4278,-90.65405817828602,-16.701805184105165,-43.50544351385713
2025-09-10,Oeste da Bahia/BA,BA,algodo-em-pluma-ao-produtor,136.0,algodao-bolsa-de-nova-iorque-nybot,2025-10,117.07,209.53302437697297,5.4123,-73.53302437697297,-13.586280209332996,-35.09376366595032
2025-09-10,Sorriso/MT,MT,algodo-em-pluma-ao-produtor,116.37,algodao-bolsa-de-nova-iorque-nybot,2025-10,117.07,209.53302437697297,5.4123,-93.16302437697297,-17.213204067951327,-44.46221527798999
2025-09-11,Oeste da Bahia/BA,BA,algodo-em-pluma-ao-produtor,135.67,algodao-bolsa-de-nova-iorque-nybot,2025-10,116.52,207.52752179728796,5.3858,-71.85752179728797,-13.342033086503022,-34.62553842255106
2025-09-11,Sorriso/MT,MT,algodo-em-pluma-ao-produtor,114.69,algodao-bolsa-de-nova-iorque-nybot,2025-10,116.52,207.52752179728796,5.3858,-92.83752179728796,-17.237461806470343,-44.735040920486334
2025-09-12,Oeste da Bahia/BA,BA,algodo-em-pluma-ao-produtor,135.67,algodao-bolsa-de-nova-iorque-nybot,2025-10,115.33,204.717763920813,5.3677,-69.04776392081303,-12.863566130896478,-33.7282718404063
2025-09-12,Sorriso/MT,MT,algodo-em-pluma-ao-produtor,115.69,algodao-bolsa-de-nova-iorque-nybot,2025-10,115.33,204.717763920813,5.3677,-89.02776392081302,-16.585830788012185,-43.488050189552624
2025-09-15,Oeste da Bahia/BA,BA,algodo-em-pluma-ao-produtor,135.0,algodao-bolsa-de-nova-iorque-nybot,2025-10,115.09,202.506760774296,5.3208,-67.506760774296,-12.68733287744249,-33.33555902834063
2025-09-15,Sorriso/MT,MT,algodo-em-pluma-ao-produtor,115.16,algodao-bolsa-de-nova-iorque-nybot,2025-10,115.09,202.506760774296,5.3208,-87.346760774296,-16.416095469533904,-43.13276279780524
2025-09-16,Oeste da Bahia/BA,BA,algodo-em-pluma-ao-produtor,135.0,algodao-bolsa-de-nova-iorque-nybot,2025-10,116.36,204.31042124380795,5.3096,-69.31042124380795,-13.053793363682379,-33.92407534665026
2025-09-16,Sorriso/MT,MT,algodo-em-pluma-ao-produtor,113.53,algodao-bolsa-de-nova-iorque-nybot,2025-10,116.36,204.31042124380795,5.3096,-90.78042124380795,-17.097412468699705,-44.43259462300151
2025-09-17,Oeste da Bahia/BA,BA,algodo-em-pluma-ao-produtor,135.0,algodao-bolsa-de-nova-iorque-nybot,2025-10,115.21,201.96735386358296,5.3011,-66.96735386358296,-12.632727898659327,-33.15751411429367
2025-09-17,Sorriso/MT,MT,algodo-em-pluma-ao-produtor,113.9,algodao-bolsa-de-nova-iorque-nybot,2025-10,115.21,201.96735386358296,5.3011,-88.06735386358295,-16.61303387289109,-43.604747093467026
2025-09-18,Oeste da Bahia/BA,BA,algodo-em-pluma-ao-produtor,135.0,algodao-bolsa-de-nova-iorque-nybot,2025-10,114.26,200.29819053618002,5.301,-65.29819053618002,-12.318089140950766,-32.60048948089981
2025-09-18,Sorriso/MT,MT,algodo-em-pluma-ao-produtor,113.3,algodao-bolsa-de-nova-iorque-nybot,2025-10,114.26,200.29819053618002,5.301,-86.99819053618002,-16.411656392412755,-43.43433672730332
2025-09-19,Oeste da Bahia/BA,BA,algodo-em-pluma-ao-produtor,135.0,algodao-bolsa-de-nova-iorque-nybot,2025-10,114.25,201.2856530619,5.3276,-66.2856530619,-12.441935029262709,-32.931136448913044
2025-09-19,Sorriso/MT,MT,algodo-em-pluma-ao-produtor,113.14,algodao-bolsa-de-nova-iorque-nybot,2025-10,114.25,201.2856530619,5.3276,-88.1456530619,-16.54509592722802,-43.79132428022238
2025-09-22,Oeste da Bahia/BA,BA,algodo-em-pluma-ao-produtor,135.0,algodao-bolsa-de-nova-iorque-nybot,2025-10,113.58,200.785085051958,5.3457,-65.78508505195799,-12.306168518988718,-32.76393016689189
2025-09-22,Sorriso/MT,MT,algodo-em-pluma-ao-produtor,112.69,algodao-bolsa-de-nova-iorque-nybot,2025-10,113.58,200.785085051958,5.3457,-88.095085051958,-16.479616336861028,-43.87531326301516
2025-09-23,Oeste da Bahia/BA,BA,algodo-em-pluma-ao-produtor,135.0,algodao-bolsa-de-nova-iorque-nybot,2025-10,112.67,199.17640018316698,5.3457,-64.17640018316698,-12.005237888988715,-32.22088566926049
2025-09-24,Oeste da Bahia/BA,BA,algodo-em-pluma-ao-produtor,135.0,algodao-bolsa-de-nova-iorque-nybot,2025-10,112.66,199.15872232746597,5.3457,-64.15872232746597,-12.001930958988714,-32.21486941554748
2025-09-24,Sorriso/MT,MT,algodo-em-pluma-ao-produtor,113.86,algodao-bolsa-de-nova-iorque-nybot,2025-10,112.66,199.15872232746597,5.3457,-85.29872232746597,-15.956511275878924,-42.829518752994346
2025-09-25,Oeste da Bahia/BA,BA,algodo-em-pluma-ao-produtor,135.0,algodao-bolsa-de-nova-iorque-nybot,2025-10,113.35,200.37849437083497,5.3457,-65.37849437083497,-12.230109128988715,-32.62750055893762
2025-09-25,Sorriso/MT,MT,algodo-em-pluma-ao-produtor,113.22,algodao-bolsa-de-nova-iorque-nybot,2025-10,113.35,200.37849437083497,5.3457,-87.15849437083497,-16.304411839578535,-43.49693046876235
2025-09-26,Oeste da Bahia/BA,BA,algodo-em-pluma-ao-produtor,135.0,algodao-bolsa-de-nova-iorque-nybot,2025-10,112.93,199.636024431393,5.3457,-64.636024431393,-12.09121806898872,-32.37693428101993
2025-09-26,Sorriso/MT,MT,algodo-em-pluma-ao-produtor,113.17,algodao-bolsa-de-nova-iorque-nybot,2025-10,112.93,199.636024431393,5.3457,-86.466024431393,-16.17487409158632,-43.311834463577966
2025-09-29,Oeste da Bahia/BA,BA,algodo-em-pluma-ao-produtor,135.0,algodao-bolsa-de-nova-iorque-nybot,2025-10,110.92,196.08277543549198,5.3457,-61.08277543549198,-11.426525138988717,-31.15152531874846
2025-09-29,Sorriso/MT,MT,algodo-em-pluma-ao-produtor,112.56,algodao-bolsa-de-nova-iorque-nybot,2025-10,110.92,196.08277543549198,5.3457,-83.52277543549198,-15.624291568081258,-42.5956717768765
2025-09-30,Oeste da Bahia/BA,BA,algodo-em-pluma-ao-produtor,135.33,algodao-bolsa-de-nova-iorque-nybot,2025-10,111.61,196.30232317957797,5.3186,-60.972323179577955,-11.463979840480194,-31.060418538093554
2025-09-30,Sorriso/MT,MT,algodo-em-pluma-ao-produtor,112.67,algodao-bolsa-de-nova-iorque-nybot,2025-10,111.61,196.30232317957797,5.3186,-83.63232317957797,-15.724499526111753,-42.60383770551246
2025-10-01,Oeste da Bahia/BA,BA,algodo-em-pluma-ao-produtor,135.33,algodao-bolsa-de-nova-iorque-nybot,2025-10,111.31,195.85565680586402,5.3208,-60.525656805864,-11.375292588682905,-30.903195645688307
2025-10-01,Sorriso/MT,MT,algodo-em-pluma-ao-produtor,112.69,algodao-bolsa-de-nova-iorque-nybot,2025-10,111.31,195.85565680586402,5.3208,-83.16565680586402,-15.630291836916255,-42.46272901287679
2025-10-02,Oeste da Bahia/BA,BA,algodo-em-pluma-ao-produtor,135.33,algodao-bolsa-de-nova-iorque-nybot,2025-10,110.84,195.912029380188,5.3449,-60.582029380187976,-11.334548706278504,-30.923077858900715
2025-10-02,Sorriso/MT,MT,algodo-em-pluma-ao-produtor,113.22,algodao-bolsa-de-nova-iorque-nybot,2025-10,110.84,195.912029380188,5.3449,-82.69202938018799,-15.471202338713164,-42.20875545100672
2025-10-03,Oeste da Bahia/BA,BA,algodo-em-pluma-ao-produtor,135.67,algodao-bolsa-de-nova-iorque-nybot,2025-10,111.0,196.3746966654,5.3498,-60.70469666540001,-11.347096464428578,-30.912687681363483
2025-10-03,Sorriso/MT,MT,algodo-em-pluma-ao-produtor,112.06,algodao-bolsa-de-nova-iorque-nybot,2025-10,111.0,196.3746966654,5.3498,-84.31469666539999,-15.760345557852629,-42.93562159337798
2025-10-06,Oeste da Bahia/BA,BA,algodo-em-pluma-ao-produtor,135.67,algodao-bolsa-de-nova-iorque-nybot,2025-10,110.1,193.79213645418002,5.3226,-58.12213645418004,-10.91987683729381,-29.991999426623984
2025-10-06,Sorriso/MT,MT,algodo-em-pluma-ao-produtor,111.36,algodao-bolsa-de-nova-iorque-nybot,2025-10,110.1,193.79213645418002,5.3226,-82.43213645418002,-15.487193562202686,-42.53636807067772
2025-10-07,Oeste da Bahia/BA,BA,algodo-em-pluma-ao-produtor,135.67,algodao-bolsa-de-nova-iorque-nybot,2025-10,109.73,193.63801334390698,5.3363,-57.96801334390699,-10.862959980493411,-29.93627766721302
2025-10-07,Sorriso/MT,MT,algodo-em-pluma-ao-produtor,110.9,algodao-bolsa-de-nova-iorque-nybot,2025-10,109.73,193.63801334390698,5.3363,-82.73801334390697,-15.504752983135688,-42.72818746439096
2025-10-08,Oeste da Bahia/BA,BA,algodo-em-pluma-ao-produtor,135.67,algodao-bolsa-de-nova-iorque-nybot,2025-10,110.52,195.266016636372,5.3427,-59.59601663637201,-11.154662742877575,-30.520424220745397
2025-10-08,Sorriso/MT,MT,algodo-em-pluma-ao-produtor,111.16,algodao-bolsa-de-nova-iorque-nybot,2025-10,110.52,195.266016636372,5.3427,-84.106016636372,-15.742230826430832,-43.07253155729386
2025-10-09,Oeste da Bahia/BA,BA,algodo-em-pluma-ao-produtor,135.67,algodao-bolsa-de-nova-iorque-nybot,2025-10,110.15,195.01662980150996,5.3538,-59.34662980150998,-11.084954574603081,-30.431573892910375
2025-10-09,Sorriso/MT,MT,algodo-em-pluma-ao-produtor,109.56,algodao-bolsa-de-nova-iorque-nybot,2025-10,110.15,195.01662980150996,5.3538,-85.45662980150996,-15.961864433021399,-43.820175688857226
2025-10-10,Oeste da Bahia/BA,BA,algodo-em-pluma-ao-produtor,135.67,algodao-bolsa-de-nova-iorque-nybot,2025-12,115.9,208.67691939402002,5.4446,-73.00691939402003,-13.409051058667309,-34.98562256239257
2025-10-10,Sorriso/MT,MT,algodo-em-pluma-ao-produtor,109.16,algodao-bolsa-de-nova-iorque-nybot,2025-12,115.9,208.67691939402002,5.4446,-99.51691939402002,-18.278095616577897,-47.689471208894915
2025-10-13,Oeste da Bahia/BA,BA,algodo-em-pluma-ao-produtor,135.67,algodao-bolsa-de-nova-iorque-nybot,2025-12,114.61,207.047869127517,5.4629,-71.37786912751702,-13.065930023891525,-34.474090184215655
2025-10-13,Sorriso/MT,MT,algodo-em-pluma-ao-produtor,109.56,algodao-bolsa-de-nova-iorque-nybot,2025-12,114.61,207.047869127517,5.4629,-97.487869127517,-17.845442736919402,-47.0847005276234
2025-10-14,Oeste da Bahia/BA,BA,algodo-em-pluma-ao-produtor,135.67,algodao-bolsa-de-nova-iorque-nybot,2025-12,114.88,208.87668309868795,5.4982,-73.20668309868796,-13.314663544194094,-35.04780045942228
2025-10-14,Sorriso/MT,MT,algodo-em-pluma-ao-produtor,107.92,algodao-bolsa-de-nova-iorque-nybot,2025-12,114.88,208.87668309868795,5.4982,-100.95668309868795,-18.361769869900687,-48.33315121678227
2025-10-15,Oeste da Bahia/BA,BA,algodo-em-pluma-ao-produtor,135.67,algodao-bolsa-de-nova-iorque-nybot,2025-12,115.12,207.341061210624,5.4464,-71.671061210624,-13.159345845076382,-34.566747556972395
2025-10-15,Sorriso/MT,MT,algodo-em-pluma-ao-produtor,108.88,algodao-bolsa-de-nova-iorque-nybot,2025-12,115.12,207.341061210624,5.4464,-98.461061210624,-18.078191320987074,-47.48748783078908
2025-10-16,Oeste da Bahia/BA,BA,algodo-em-pluma-ao-produtor,135.67,algodao-bolsa-de-nova-iorque-nybot,2025-12,114.86,206.454961380492,5.4354,-70.784961380492,-13.022953486494465,-34.28590957910519
2025-10-16,Sorriso/MT,MT,algodo-em-pluma-ao-produtor,107.88,algodao-bolsa-de-nova-iorque-nybot,2025-12,114.86,206.454961380492,5.4354,-98.574961380492,-18.135732674778673,-47.74647250972114
2025-10-17,Oeste da Bahia/BA,BA,algodo-em-pluma-ao-produtor,135.67,algodao-bolsa-de-nova-iorque-nybot,2025-12,115.0,206.84351110499998,5.439,-71.17351110499999,-13.08577148464791,-34.4093516517761
2025-10-17,Sorriso/MT,MT,algodo-em-pluma-ao-produtor,108.39,algodao-bolsa-de-nova-iorque-nybot,2025-12,115.0,206.84351110499998,5.439,-98.45351110499998,-18.10139935741864,-47.59806608340835
2025-10-20,Oeste da Bahia/BA,BA,algodo-em-pluma-ao-produtor,135.67,algodao-bolsa-de-nova-iorque-nybot,2025-12,113.94,202.604613494382,5.3771,-66.934613494382,-12.448087908795076,-33.037062848639444
2025-10-20,Sorriso/MT,MT,algodo-em-pluma-ao-produtor,108.08,algodao-bolsa-de-nova-iorque-nybot,2025-12,113.94,202.604613494382,5.3771,-94.524613494382,-17.579106487582894,-46.654719191279945
2025-10-21,Oeste da Bahia/BA,BA,algodo-em-pluma-ao-produtor,135.67,algodao-bolsa-de-nova-iorque-nybot,2025-12,114.61,204.08782252610402,5.3848,-68.41782252610403,-12.705731415485074,-33.52371625080815
2025-10-21,Sorriso/MT,MT,algodo-em-pluma-ao-produtor,108.85,algodao-bolsa-de-nova-iorque-nybot,2025-12,114.61,204.08782252610402,5.3848,-95.23782252610403,-17.686417791952167,-46.66511766713693
2025-10-22,Oeste da Bahia/BA,BA,algodo-em-pluma-ao-produtor,135.33,algodao-bolsa-de-nova-iorque-nybot,2025-12,114.03,203.24355205354198,5.3898,-67.91355205354196,-12.600384439782916,-33.41486180858077
2025-10-22,Sorriso/MT,MT,algodo-em-pluma-ao-produtor,108.8,algodao-bolsa-de-nova-iorque-nybot,2025-12,114.03,203.24355205354198,5.3898,-94.44355205354198,-17.522645006037695,-46.468166443313294
2025-10-23,Oeste da Bahia/BA,BA,algodo-em-pluma-ao-produtor,135.33,algodao-bolsa-de-nova-iorque-nybot,2025-12,113.99,202.95362225688,5.384,-67.62362225688,-12.560108145780088,-33.31974147832072
2025-10-23,Sorriso/MT,MT,algodo-em-pluma-ao-produtor,107.9,algodao-bolsa-de-nova-iorque-nybot,2025-12,113.99,202.95362225688,5.384,-95.05362225688,-17.654833257221398,-46.83514450240749
2025-10-24,Oeste da Bahia/BA,BA,algodo-em-pluma-ao-produtor,135.33,algodao-bolsa-de-nova-iorque-nybot,2025-12,114.43,203.574303586203,5.3797,-68.24430358620299,-12.685522164098925,-33.52304410920169
2025-10-24,Sorriso/MT,MT,algodo-em-pluma-ao-produtor,106.76,algodao-bolsa-de-nova-iorque-nybot,2025-12,114.43,203.574303586203,5.3797,-96.814303586203,-17.996227222001785,-47.55723187097002
2025-10-27,Oeste da Bahia/BA,BA,algodo-em-pluma-ao-produtor,135.33,algodao-bolsa-de-nova-iorque-nybot,2025-12,114.65,203.76474604728,5.3744,-68.43474604727999,-12.733467186528728,-33.58517475412597
2025-10-27,Sorriso/MT,MT,algodo-em-pluma-ao-produtor,106.76,algodao-bolsa-de-nova-iorque-nybot,2025-12,114.65,203.76474604728,5.3744,-97.00474604728,-18.049409431244417,-47.60624589337537
2025-10-28,Oeste da Bahia/BA,BA,algodo-em-pluma-ao-produtor,135.33,algodao-bolsa-de-nova-iorque-nybot,2025-12,115.3,204.71407967009998,5.369,-69.38407967009996,-12.923091761985466,-33.89316444765964
2025-10-28,Sorriso/MT,MT,algodo-em-pluma-ao-produtor,106.02,algodao-bolsa-de-nova-iorque-nybot,2025-12,115.3,204.71407967009998,5.369,-98.69407967009998,-18.382208916017877,-48.210694559527646
2025-10-29,Oeste da Bahia/BA,BA,algodo-em-pluma-ao-produtor,135.33,algodao-bolsa-de-nova-iorque-nybot,2025-12,117.0,207.732413889,5.369,-72.40241388899997,-13.485269861985469,-34.85369111807827
2025-10-29,Sorriso/MT,MT,algodo-em-pluma-ao-produtor,105.44,algodao-bolsa-de-nova-iorque-nybot,2025-12,117.0,207.732413889,5.369,-102.29241388899999,-19.052414581672565,-49.242394084757066
2025-10-30,Oeste da Bahia/BA,BA,algodo-em-pluma-ao-produtor,135.67,algodao-bolsa-de-nova-iorque-nybot,2025-12,115.86,206.32137992729997,5.385,-70.65137992729998,-13.120033412683377,-34.24336341303791
2025-10-30,Sorriso/MT,MT,algodo-em-pluma-ao-produtor,106.99,algodao-bolsa-de-nova-iorque-nybot,2025-12,115.86,206.32137992729997,5.385,-99.33137992729998,-18.445938705162487,-48.1440071612068
2025-10-31,Oeste da Bahia/BA,BA,algodo-em-pluma-ao-produtor,135.67,algodao-bolsa-de-nova-iorque-nybot,2025-12,116.6,207.61216730033993,5.3843,-71.94216730033995,-13.36147081335363,-34.65219222737826
2025-10-31,Sorriso/MT,MT,algodo-em-pluma-ao-produtor,106.99,algodao-bolsa-de-nova-iorque-nybot,2025-12,116.6,207.61216730033993,5.3843,-100.62216730033994,-18.6880685140761,-48.466411486748726
2025-11-03,Oeste da Bahia/BA,BA,algodo-em-pluma-ao-produtor,135.67,algodao-bolsa-de-nova-iorque-nybot,2025-12,116.42,205.99039261053,5.3505,-70.32039261053,-13.142770322498832,-34.13770502563492
2025-11-03,Sorriso/MT,MT,algodo-em-pluma-ao-produtor,107.04,algodao-bolsa-de-nova-iorque-nybot,2025-12,116.42,205.99039261053,5.3505,-98.95039261052999,-18.493672107378746,-48.03641148333428
2025-11-04,Oeste da Bahia/BA,BA,algodo-em-pluma-ao-produtor,135.33,algodao-bolsa-de-nova-iorque-nybot,2025-12,116.43,207.321024521754,5.3846,-71.99102452175399,-13.369799896325445,-34.72442058774412
2025-11-04,Sorriso/MT,MT,algodo-em-pluma-ao-produtor,107.21,algodao-bolsa-de-nova-iorque-nybot,2025-12,116.43,207.321024521754,5.3846,-100.111024521754,-18.59210053147012,-48.2879267805516
2025-11-05,Oeste da Bahia/BA,BA,algodo-em-pluma-ao-produtor,130.0,algodao-bolsa-de-nova-iorque-nybot,2025-12,115.62,205.69517172586805,5.3798,-75.69517172586805,-14.070257579439392,-36.79968328413062
2025-11-05,Sorriso/MT,MT,algodo-em-pluma-ao-produtor,107.46,algodao-bolsa-de-nova-iorque-nybot,2025-12,115.62,205.69517172586805,5.3798,-98.23517172586806,-18.260004410176595,-47.757645890097514
2025-11-06,Oeste da Bahia/BA,BA,algodo-em-pluma-ao-produtor,130.0,algodao-bolsa-de-nova-iorque-nybot,2025-12,114.18,201.82310127797402,5.3451,-71.82310127797402,-13.437185698672431,-35.58715569386231
2025-11-06,Sorriso/MT,MT,algodo-em-pluma-ao-produtor,106.24,algodao-bolsa-de-nova-iorque-nybot,2025-12,114.18,201.82310127797402,5.3451,-95.58310127797402,-17.882378492071993,-47.359841699353325
2025-11-07,Sorriso/MT,MT,algodo-em-pluma-ao-produtor,105.84,algodao-bolsa-de-nova-iorque-nybot,2025-12,112.35,199.01939574478502,5.3567,-93.17939574478501,-17.39492518617526,-46.81925366926285
2025-11-10,Sorriso/MT,MT,algodo-em-pluma-ao-produtor,105.85,algodao-bolsa-de-nova-iorque-nybot,2025-12,112.93,198.605298001869,5.3181,-92.755298001869,-17.441435475427124,-46.7033351753769
2025-11-11,Sorriso/MT,MT,algodo-em-pluma-ao-produtor,105.89,algodao-bolsa-de-nova-iorque-nybot,2025-12,111.33,194.127358956201,5.2729,-88.23735895620099,-16.734123339377003,-45.45333508406154
2025-11-12,Sorriso/MT,MT,algodo-em-pluma-ao-produtor,105.17,algodao-bolsa-de-nova-iorque-nybot,2025-12,110.73,193.65236740426502,5.2885,-88.48236740426502,-16.731089610336582,-45.691342992750975
2025-11-13,Sorriso/MT,MT,algodo-em-pluma-ao-produtor,104.92,algodao-bolsa-de-nova-iorque-nybot,2025-12,110.24,192.55845976223998,5.282,-87.63845976223998,-16.591908323029152,-45.51265099983188
2025-11-14,Sorriso/MT,MT,algodo-em-pluma-ao-produtor,105.13,algodao-bolsa-de-nova-iorque-nybot,2025-12,109.52,191.778892020672,5.2952,-86.64889202067201,-16.363667476331774,-45.18166264686317
2025-11-17,Sorriso/MT,MT,algodo-em-pluma-ao-produtor,105.35,algodao-bolsa-de-nova-iorque-nybot,2025-12,109.91,193.02882028940402,5.3108,-87.67882028940403,-16.509531575168342,-45.422657693265194
2025-11-18,Sorriso/MT,MT,algodo-em-pluma-ao-produtor,106.12,algodao-bolsa-de-nova-iorque-nybot,2025-12,110.08,194.248369776384,5.3361,-88.128369776384,-16.51550191645284,-45.36891088344069
2025-11-19,Sorriso/MT,MT,algodo-em-pluma-ao-produtor,105.82,algodao-bolsa-de-nova-iorque-nybot,2025-12,110.01,194.070277706778,5.3346,-88.25027770677801,-16.542998107970234,-45.4733608616338
2025-11-21,Sorriso/MT,MT,algodo-em-pluma-ao-produtor,105.82,algodao-bolsa-de-nova-iorque-nybot,2025-12,109.55,195.27302931213,5.3902,-89.45302931213001,-16.5954935460892,-45.809208587196
2025-11-24,Sorriso/MT,MT,algodo-em-pluma-ao-produtor,105.9,algodao-bolsa-de-nova-iorque-nybot,2025-12,109.72,195.742959277008,5.3948,-89.84295927700799,-16.65362187236005,-45.89843722034755
2025-11-25,Sorriso/MT,MT,algodo-em-pluma-ao-produtor,106.11,algodao-bolsa-de-nova-iorque-nybot,2025-12,111.07,197.75837801699097,5.3841,-91.64837801699097,-17.0220423129197,-46.34361332045145
2025-11-26,Sorriso/MT,MT,algodo-em-pluma-ao-produtor,105.96,algodao-bolsa-de-nova-iorque-nybot,2025-12,110.84,196.81005267712797,5.3694,-90.85005267712798,-16.91996362296122,-46.16128670326097
2025-11-28,Oeste da Bahia/BA,BA,algodo-em-pluma-ao-produtor,112.0,algodao-bolsa-de-nova-iorque-nybot,2025-12,110.88,195.575723858592,5.3338,-83.575723858592,-15.669077179232817,-42.73317884740139
2025-11-28,Sorriso/MT,MT,algodo-em-pluma-ao-produtor,105.91,algodao-bolsa-de-nova-iorque-nybot,2025-12,110.88,195.575723858592,5.3338,-89.665723858592,-16.810852273912033,-45.847062247573945
2025-12-01,Oeste da Bahia/BA,BA,algodo-em-pluma-ao-produtor,112.0,algodao-bolsa-de-nova-iorque-nybot,2025-12,111.37,196.92247407732899,5.3469,-84.92247407732899,-15.882562620832443,-43.12482588654711
2025-12-01,Sorriso/MT,MT,algodo-em-pluma-ao-produtor,106.96,algodao-bolsa-de-nova-iorque-nybot,2025-12,111.37,196.92247407732899,5.3469,-89.96247407732899,-16.825164876344985,-45.68420872165249
2025-12-02,Oeste da Bahia/BA,BA,algodo-em-pluma-ao-produtor,112.0,algodao-bolsa-de-nova-iorque-nybot,2025-12,110.64,195.61706577467996,5.3465,-83.61706577467996,-15.639589595937522,-42.745281677516644
2025-12-02,Sorriso/MT,MT,algodo-em-pluma-ao-produtor,106.74,algodao-bolsa-de-nova-iorque-nybot,2025-12,110.64,195.61706577467996,5.3465,-88.87706577467996,-16.62341078737117,-45.434208627304706
2025-12-03,Oeste da Bahia/BA,BA,algodo-em-pluma-ao-produtor,112.0,algodao-bolsa-de-nova-iorque-nybot,2025-12,110.03,193.26140130600598,5.3114,-81.26140130600598,-15.299431657567869,-42.04740354611132
2025-12-03,Sorriso/MT,MT,algodo-em-pluma-ao-produtor,106.36,algodao-bolsa-de-nova-iorque-nybot,2025-12,110.03,193.26140130600598,5.3114,-86.90140130600598,-16.3612985853082,-44.96573072468214
2025-12-04,Oeste da Bahia/BA,BA,algodo-em-pluma-ao-produtor,112.5,algodao-bolsa-de-nova-iorque-nybot,2025-12,109.36,191.498718328896,5.2952,-78.99871832889599,-14.91893003642846,-41.2528705248131
2025-12-04,Sorriso/MT,MT,algodo-em-pluma-ao-produtor,106.42,algodao-bolsa-de-nova-iorque-nybot,2025-12,109.36,191.498718328896,5.2952,-85.07871832889599,-16.067139735778817,-44.427826500005416
2025-12-05,Oeste da Bahia/BA,BA,algodo-em-pluma-ao-produtor,113.67,algodao-bolsa-de-nova-iorque-nybot,2025-12,111.77,197.39319307570497,5.3405,-83.72319307570497,-15.677032689018814,-42.41442765637574
2025-12-05,Sorriso/MT,MT,algodo-em-pluma-ao-produtor,105.92,algodao-bolsa-de-nova-iorque-nybot,2025-12,111.77,197.39319307570497,5.3405,-91.47319307570497,-17.12820767263458,-46.34060154274055
2025-12-08,Oeste da Bahia/BA,BA,algodo-em-pluma-ao-produtor,113.67,algodao-bolsa-de-nova-iorque-nybot,2025-12,110.91,198.96992870168697,5.4249,-85.29992870168697,-15.72377900084554,-42.87076406886391
2025-12-08,Sorriso/MT,MT,algodo-em-pluma-ao-produtor,105.22,algodao-bolsa-de-nova-iorque-nybot,2025-12,110.91,198.96992870168697,5.4249,-93.74992870168697,-17.281411399599435,-47.117636978322
2025-12-09,Oeste da Bahia/BA,BA,algodo-em-pluma-ao-produtor,114.0,algodao-bolsa-de-nova-iorque-nybot,2026-03,114.88,207.31149461087998,5.457,-93.31149461087998,-17.09941260965365,-45.01028502352173
2025-12-09,Sorriso/MT,MT,algodo-em-pluma-ao-produtor,105.22,algodao-bolsa-de-nova-iorque-nybot,2026-03,114.88,207.31149461087998,5.457,-102.09149461087998,-18.708355252131202,-49.24545780855225
2025-12-10,Oeste da Bahia/BA,BA,algodo-em-pluma-ao-produtor,114.0,algodao-bolsa-de-nova-iorque-nybot,2026-03,116.41,210.403585273728,5.4656,-96.403585273728,-17.638243792763465,-45.81841376339199
2025-12-10,Sorriso/MT,MT,algodo-em-pluma-ao-produtor,106.4,algodao-bolsa-de-nova-iorque-nybot,2026-03,116.41,210.403585273728,5.4656,-104.00358527372799,-19.0287590152459,-49.430519512499195
2025-12-11,Oeste da Bahia/BA,BA,algodo-em-pluma-ao-produtor,114.0,algodao-bolsa-de-nova-iorque-nybot,2026-03,114.23,204.880600460943,5.4237,-90.88060046094299,-16.756199727297414,-44.357835859753756
2025-12-11,Sorriso/MT,MT,algodo-em-pluma-ao-produtor,106.64,algodao-bolsa-de-nova-iorque-nybot,2026-03,114.23,204.880600460943,5.4237,-98.24060046094299,-18.11320693639821,-47.95017207091351
2025-12-12,Oeste da Bahia/BA,BA,algodo-em-pluma-ao-produtor,115.33,algodao-bolsa-de-nova-iorque-nybot,2026-03,113.98,203.58035758295398,5.4011,-88.25035758295398,-16.33933042953361,-43.349151475477754
2025-12-12,Sorriso/MT,MT,algodo-em-pluma-ao-produtor,106.34,algodao-bolsa-de-nova-iorque-nybot,2026-03,113.98,203.58035758295398,5.4011,-97.24035758295398,-18.00380618447242,-47.765098134937176
2025-12-15,Oeste da Bahia/BA,BA,algodo-em-pluma-ao-produtor,115.33,algodao-bolsa-de-nova-iorque-nybot,2026-03,114.6,204.37698445362,5.3929,-89.04698445362,-16.511892386956923,-43.56996688823724
2025-12-15,Sorriso/MT,MT,algodo-em-pluma-ao-produtor,105.97,algodao-bolsa-de-nova-iorque-nybot,2026-03,114.6,204.37698445362,5.3929,-98.40698445362,-18.247507733060136,-48.1497389330313
2025-12-16,Oeste da Bahia/BA,BA,algodo-em-pluma-ao-produtor,115.33,algodao-bolsa-de-nova-iorque-nybot,2026-03,114.14,205.73075230850998,5.4505,-90.40075230850998,-16.585772371068707,-43.94129282769875
2025-12-16,Sorriso/MT,MT,algodo-em-pluma-ao-produtor,106.46,algodao-bolsa-de-nova-iorque-nybot,2026-03,114.14,205.73075230850998,5.4505,-99.27075230850998,-18.213146006514997,-48.2527532683327
2025-12-17,Oeste da Bahia/BA,BA,algodo-em-pluma-ao-produtor,115.33,algodao-bolsa-de-nova-iorque-nybot,2026-03,115.79,210.95628934997097,5.5093,-95.62628934997097,-17.357248534291287,-45.32990679947421
2025-12-17,Sorriso/MT,MT,algodo-em-pluma-ao-produtor,107.14,algodao-bolsa-de-nova-iorque-nybot,2026-03,115.79,210.95628934997097,5.5093,-103.81628934997097,-18.843825776409158,-49.21222764671522
2025-12-18,Oeste da Bahia/BA,BA,algodo-em-pluma-ao-produtor,115.0,algodao-bolsa-de-nova-iorque-nybot,2026-03,115.93,211.939761072567,5.5283,-96.939761072567,-17.5351846087526,-45.73929902628104
2025-12-18,Sorriso/MT,MT,algodo-em-pluma-ao-produtor,106.61,algodao-bolsa-de-nova-iorque-nybot,2026-03,115.93,211.939761072567,5.5283,-105.329761072567,-19.05283017791491,-49.697971036450625
2025-12-19,Oeste da Bahia/BA,BA,algodo-em-pluma-ao-produtor,115.67,algodao-bolsa-de-nova-iorque-nybot,2026-03,116.58,212.65387970903998,5.516,-96.98387970903998,-17.582284211211018,-45.60644736025344
2025-12-19,Sorriso/MT,MT,algodo-em-pluma-ao-produtor,107.46,algodao-bolsa-de-nova-iorque-nybot,2026-03,116.58,212.65387970903998,5.516,-105.19387970903999,-19.07068160062364,-49.46718106106021
2025-12-22,Oeste da Bahia/BA,BA,algodo-em-pluma-ao-produtor,115.67,algodao-bolsa-de-nova-iorque-nybot,2026-03,117.59,215.38671707094298,5.5389,-99.71671707094298,-18.002982012844242,-46.29659545722998
2025-12-22,Sorriso/MT,MT,algodo-em-pluma-ao-produtor,107.71,algodao-bolsa-de-nova-iorque-nybot,2026-03,117.59,215.38671707094298,5.5389,-107.67671707094298,-19.440090463980752,-49.99227368114673
2025-12-23,Oeste da Bahia/BA,BA,algodo-em-pluma-ao-produtor,115.67,algodao-bolsa-de-nova-iorque-nybot,2026-03,117.27,215.785602274473,5.5643,-100.115602274473,-17.992488232926515,-46.3958675737452
2025-12-23,Sorriso/MT,MT,algodo-em-pluma-ao-produtor,107.71,algodao-bolsa-de-nova-iorque-nybot,2026-03,117.27,215.785602274473,5.5643,-108.07560227447301,-19.423036549875636,-50.08471424196503
2025-12-29,Oeste da Bahia/BA,BA,algodo-em-pluma-ao-produtor,115.67,algodao-bolsa-de-nova-iorque-nybot,2026-03,118.53,218.48038844633098,5.5739,-102.81038844633098,-18.444964647074933,-47.057032980141386
2025-12-29,Sorriso/MT,MT,algodo-em-pluma-ao-produtor,107.71,algodao-bolsa-de-nova-iorque-nybot,2026-03,118.53,218.48038844633098,5.5739,-110.77038844633098,-19.873049112171188,-50.70038058520817
2025-12-30,Oeste da Bahia/BA,BA,algodo-em-pluma-ao-produtor,115.67,algodao-bolsa-de-nova-iorque-nybot,2026-03,116.77,212.47529490686398,5.5024,-96.80529490686398,-17.593285640241348,-45.560729754156796
2025-12-30,Sorriso/MT,MT,algodo-em-pluma-ao-produtor,107.71,algodao-bolsa-de-nova-iorque-nybot,2026-03,116.77,212.47529490686398,5.5024,-104.76529490686399,-19.039927105783658,-49.307047651251224
2026-01-08,Oeste da Bahia/BA,BA,algodo-em-pluma-ao-produtor,116.33,algodao-bolsa-de-nova-iorque-nybot,2026-03,114.89,204.63201489521998,5.386,-88.30201489521998,-16.394729835725954,-43.15161287955565
2026-01-08,Sorriso/MT,MT,algodo-em-pluma-ao-produtor,109.04,algodao-bolsa-de-nova-iorque-nybot,2026-03,114.89,204.63201489521998,5.386,-95.59201489521998,-17.748238933386553,-46.71410529000901
2026-01-09,Oeste da Bahia/BA,BA,algodo-em-pluma-ao-produtor,116.33,algodao-bolsa-de-nova-iorque-nybot,2026-03,114.38,203.144930141538,5.3707,-86.814930141538,-16.164546547291415,-42.73546481374213
2026-01-09,Sorriso/MT,MT,algodo-em-pluma-ao-produtor,109.04,algodao-bolsa-de-nova-iorque-nybot,2026-03,114.38,203.144930141538,5.3707,-94.10493014153799,-17.521911509028243,-46.32403578862238
2026-01-12,Oeste da Bahia/BA,BA,algodo-em-pluma-ao-produtor,116.67,algodao-bolsa-de-nova-iorque-nybot,2026-03,115.27,204.92764782336,5.376,-88.25764782335999,-16.416973181428567,-43.067711341436365
2026-01-12,Sorriso/MT,MT,algodo-em-pluma-ao-produtor,107.86,algodao-bolsa-de-nova-iorque-nybot,2026-03,115.27,204.92764782336,5.376,-97.06764782335999,-18.05573806238095,-47.36678962275929
2026-01-13,Oeste da Bahia/BA,BA,algodo-em-pluma-ao-produtor,116.67,algodao-bolsa-de-nova-iorque-nybot,2026-03,115.43,205.22736547143603,5.3764,-88.55736547143603,-16.47149867410089,-43.1508562554547
2026-01-13,Sorriso/MT,MT,algodo-em-pluma-ao-produtor,108.02,algodao-bolsa-de-nova-iorque-nybot,2026-03,115.43,205.22736547143603,5.3764,-97.20736547143603,-18.080381941714908,-47.36569377487115
2026-01-14,Oeste da Bahia/BA,BA,algodo-em-pluma-ao-produtor,116.0,algodao-bolsa-de-nova-iorque-nybot,2026-03,115.89,206.164021316715,5.3795,-90.16402131671501,-16.7606694519407,-43.73412040610252
2026-01-14,Sorriso/MT,MT,algodo-em-pluma-ao-produtor,107.81,algodao-bolsa-de-nova-iorque-nybot,2026-03,115.89,206.164021316715,5.3795,-98.354021316715,-18.28311577594851,-47.70668552570614
2026-01-15,Oeste da Bahia/BA,BA,algodo-em-pluma-ao-produtor,116.0,algodao-bolsa-de-nova-iorque-nybot,2026-03,114.7,204.24050083865998,5.3846,-88.24050083865998,-16.387568405946585,-43.20421291385574
2026-01-15,Sorriso/MT,MT,algodo-em-pluma-ao-produtor,107.41,algodao-bolsa-de-nova-iorque-nybot,2026-03,114.7,204.24050083865998,5.3846,-96.83050083865999,-17.982858678204508,-47.41003887135557
2026-01-16,Sorriso/MT,MT,algodo-em-pluma-ao-produtor,108.43,algodao-bolsa-de-nova-iorque-nybot,2026-03,114.82,204.271921964748,5.3798,-95.841921964748,-17.8151459096524,-46.91879385228862
2026-01-20,Sorriso/MT,MT,algodo-em-pluma-ao-produtor,109.11,algodao-bolsa-de-nova-iorque-nybot,2026-03,114.47,203.61896665209,5.379,-94.50896665209,-17.569988223106527,-46.41461854266803
2026-01-21,Sorriso/MT,MT,algodo-em-pluma-ao-produtor,105.92,algodao-bolsa-de-nova-iorque-nybot,2026-03,113.12,199.638972559488,5.3368,-93.718972559488,-17.560892774600507,-46.94422705043817
2026-01-23,Oeste da Bahia/BA,BA,algodo-em-pluma-ao-produtor,117.33,algodao-bolsa-de-nova-iorque-nybot,2026-03,111.63,195.20420118596098,5.2879,-77.87420118596098,-14.726867222519523,-39.89371166851796
2026-01-23,Sorriso/MT,MT,algodo-em-pluma-ao-produtor,108.17,algodao-bolsa-de-nova-iorque-nybot,2026-03,111.63,195.20420118596098,5.2879,-87.03420118596098,-16.45912388395412,-44.586233624679004
2026-01-26,Oeste da Bahia/BA,BA,algodo-em-pluma-ao-produtor,116.67,algodao-bolsa-de-nova-iorque-nybot,2026-03,109.95,191.83375266659996,5.276,-75.16375266659996,-14.246351907998477,-39.18171417791728
2026-01-26,Sorriso/MT,MT,algodo-em-pluma-ao-produtor,108.17,algodao-bolsa-de-nova-iorque-nybot,2026-03,109.95,191.83375266659996,5.276,-83.66375266659996,-15.857420899658825,-43.61263411867071
2026-01-27,Oeste da Bahia/BA,BA,algodo-em-pluma-ao-produtor,116.0,algodao-bolsa-de-nova-iorque-nybot,2026-03,109.97,190.530367213032,5.2392,-74.53036721303201,-14.225524357350741,-39.11731673182553
2026-01-27,Sorriso/MT,MT,algodo-em-pluma-ao-produtor,108.14,algodao-bolsa-de-nova-iorque-nybot,2026-03,109.97,190.530367213032,5.2392,-82.39036721303201,-15.725753399952666,-43.24264337396219
2026-01-28,Oeste da Bahia/BA,BA,algodo-em-pluma-ao-produtor,116.0,algodao-bolsa-de-nova-iorque-nybot,2026-03,109.8,188.22425179931997,5.1838,-72.22425179931997,-13.932684864254018,-38.371384722689015
2026-01-28,Sorriso/MT,MT,algodo-em-pluma-ao-produtor,107.51,algodao-bolsa-de-nova-iorque-nybot,2026-03,109.8,188.22425179931997,5.1838,-80.71425179931997,-15.570479532258183,-42.88196182358876
2026-01-29,Oeste da Bahia/BA,BA,algodo-em-pluma-ao-produtor,115.33,algodao-bolsa-de-nova-iorque-nybot,2026-03,108.95,187.19228460966,5.1956,-71.86228460966,-13.831373587200709,-38.389554761570324
2026-01-29,Sorriso/MT,MT,algodo-em-pluma-ao-produtor,107.0,algodao-bolsa-de-nova-iorque-nybot,2026-03,108.95,187.19228460966,5.1956,-80.19228460965999,-15.434653285406881,-42.83952449048837
2026-01-30,Oeste da Bahia/BA,BA,algodo-em-pluma-ao-produtor,114.0,algodao-bolsa-de-nova-iorque-nybot,2026-03,109.67,189.68056656143102,5.2301,-75.68056656143102,-14.470194941096924,-39.898956405173266
2026-01-30,Sorriso/MT,MT,algodo-em-pluma-ao-produtor,105.84,algodao-bolsa-de-nova-iorque-nybot,2026-03,109.67,189.68056656143102,5.2301,-83.84056656143102,-16.030394554871037,-44.20092584143455
2026-02-02,Oeste da Bahia/BA,BA,algodo-em-pluma-ao-produtor,115.67,algodao-bolsa-de-nova-iorque-nybot,2026-03,109.01,189.570055574691,5.2587,-73.900055574691,-14.052913376821456,-38.98297932690863
2026-02-02,Sorriso/MT,MT,algodo-em-pluma-ao-produtor,105.49,algodao-bolsa-de-nova-iorque-nybot,2026-03,109.01,189.570055574691,5.2587,-84.080055574691,-15.98875303301025,-44.35302575599198
2026-02-03,Oeste da Bahia/BA,BA,algodo-em-pluma-ao-produtor,115.0,algodao-bolsa-de-nova-iorque-nybot,2026-03,107.97,186.508236879756,5.2236,-71.508236879756,-13.689454950562064,-38.340524834760075
2026-02-03,Sorriso/MT,MT,algodo-em-pluma-ao-produtor,105.99,algodao-bolsa-de-nova-iorque-nybot,2026-03,107.97,186.508236879756,5.2236,-80.518236879756,-15.414319028975418,-43.171410671619306
2026-02-04,Oeste da Bahia/BA,BA,algodo-em-pluma-ao-produtor,115.0,algodao-bolsa-de-nova-iorque-nybot,2026-03,108.26,187.449535324062,5.2359,-72.449535324062,-13.837073917389942,-38.65015466632741
2026-02-04,Sorriso/MT,MT,algodo-em-pluma-ao-produtor,107.36,algodao-bolsa-de-nova-iorque-nybot,2026-03,108.26,187.449535324062,5.2359,-80.089535324062,-15.296230891358123,-42.72591830414705
2026-02-05,Oeste da Bahia/BA,BA,algodo-em-pluma-ao-produtor,115.0,algodao-bolsa-de-nova-iorque-nybot,2026-03,107.22,186.43239839268,5.258,-71.43239839268,-13.585469454674781,-38.31544249204096
2026-02-05,Sorriso/MT,MT,algodo-em-pluma-ao-produtor,108.22,algodao-bolsa-de-nova-iorque-nybot,2026-03,107.22,186.43239839268,5.258,-78.21239839268,-14.874933129075695,-41.952149447727585
2026-02-06,Oeste da Bahia/BA,BA,algodo-em-pluma-ao-produtor,115.33,algodao-bolsa-de-nova-iorque-nybot,2026-03,105.4,182.43477637901998,5.2341,-67.10477637901998,-12.820690544510036,-36.78288630650414
2026-02-06,Sorriso/MT,MT,algodo-em-pluma-ao-produtor,108.31,algodao-bolsa-de-nova-iorque-nybot,2026-03,105.4,182.43477637901998,5.2341,-74.12477637901998,-14.161895336164761,-40.630836866881666
2026-02-09,Oeste da Bahia/BA,BA,algodo-em-pluma-ao-produtor,115.33,algodao-bolsa-de-nova-iorque-nybot,2026-03,105.74,181.63157004042597,5.1943,-66.30157004042597,-12.764293560330742,-36.50332925364745
2026-02-09,Sorriso/MT,MT,algodo-em-pluma-ao-produtor,107.74,algodao-bolsa-de-nova-iorque-nybot,2026-03,105.74,181.63157004042597,5.1943,-73.89157004042598,-14.225510663694044,-40.68211821545111
2026-02-10,Oeste da Bahia/BA,BA,algodo-em-pluma-ao-produtor,115.33,algodao-bolsa-de-nova-iorque-nybot,2026-03,106.11,182.54082664788297,5.2021,-67.21082664788297,-12.919941302143936,-36.819613388478345
2026-02-10,Sorriso/MT,MT,algodo-em-pluma-ao-produtor,107.73,algodao-bolsa-de-nova-iorque-nybot,2026-03,106.11,182.54082664788297,5.2021,-74.81082664788296,-14.380889765264598,-40.98306555398224
2026-02-11,Oeste da Bahia/BA,BA,algodo-em-pluma-ao-produtor,115.67,algodao-bolsa-de-nova-iorque-nybot,2026-03,106.39,182.371635180372,5.1836,-66.70163518037201,-12.867820661388226,-36.574566606480076
2026-02-11,Sorriso/MT,MT,algodo-em-pluma-ao-produtor,107.73,algodao-bolsa-de-nova-iorque-nybot,2026-03,106.39,182.371635180372,5.1836,-74.641635180372,-14.39957465475191,-40.92831382827093
2026-02-12,Oeste da Bahia/BA,BA,algodo-em-pluma-ao-produtor,115.67,algodao-bolsa-de-nova-iorque-nybot,2026-03,107.32,183.39088524002395,5.1674,-67.72088524002395,-13.105407988548196,-36.927072548556666
2026-02-12,Sorriso/MT,MT,algodo-em-pluma-ao-produtor,107.83,algodao-bolsa-de-nova-iorque-nybot,2026-03,107.32,183.39088524002395,5.1674,-75.56088524002395,-14.622611998301652,-41.202094172307994
2026-02-13,Oeste da Bahia/BA,BA,algodo-em-pluma-ao-produtor,115.67,algodao-bolsa-de-nova-iorque-nybot,2026-03,107.42,185.74288232332796,5.2288,-70.07288232332796,-13.401331533684203,-37.7257429446745
2026-02-13,Sorriso/MT,MT,algodo-em-pluma-ao-produtor,107.29,algodao-bolsa-de-nova-iorque-nybot,2026-03,107.42,185.74288232332796,5.2288,-78.45288232332796,-15.003993712386773,-42.23735593095986
