date,location,state,physical_indicator,physical_price_brl,futures_indicator,futures_contract,futures_price_raw,futures_price_brl,ptax,basis_brl,basis_usd,basis_pct
2020-01-02,Indicador ESALQ/SP,SP,boi-gordo-indicador-esalq-bmf,192.95,boi-gordo-b3-prego-regular,2020-01,198.9,198.9,,-5.950000000000017,,-2.991452991453
2020-01-03,Indicador ESALQ/SP,SP,boi-gordo-indicador-esalq-bmf,196.7,boi-gordo-b3-prego-regular,2020-01,196.9,196.9,,-0.20000000000001705,,-0.10157440325038956
2020-01-06,Indicador ESALQ/SP,SP,boi-gordo-indicador-esalq-bmf,196.4,boi-gordo-b3-prego-regular,2020-01,198.95,198.95,,-2.549999999999983,,-1.2817290776576944
2020-01-07,Indicador ESALQ/SP,SP,boi-gordo-indicador-esalq-bmf,196.6,boi-gordo-b3-prego-regular,2020-01,196.5,196.5,,0.09999999999999432,,0.05089058524172738
2020-01-08,Indicador ESALQ/SP,SP,boi-gordo-indicador-esalq-bmf,196.7,boi-gordo-b3-prego-regular,2020-01,195.3,195.3,,1.3999999999999773,,0.716845878136189
2020-01-09,Indicador ESALQ/SP,SP,boi-gordo-indicador-esalq-bmf,198.45,boi-gordo-b3-prego-regular,2020-01,193.0,193.0,,5.449999999999989,,2.8238341968911858
2020-01-10,Indicador ESALQ/SP,SP,boi-gordo-indicador-esalq-bmf,196.25,boi-gordo-b3-prego-regular,2020-01,192.5,192.5,,3.75,,1.948051948051948
2020-01-13,Indicador ESALQ/SP,SP,boi-gordo-indicador-esalq-bmf,196.3,boi-gordo-b3-prego-regular,2020-01,193.1,193.1,,3.200000000000017,,1.6571724495080358
2020-01-14,Indicador ESALQ/SP,SP,boi-gordo-indicador-esalq-bmf,193.95,boi-gordo-b3-prego-regular,2020-01,192.0,192.0,,1.9499999999999886,,1.0156249999999942
2020-01-15,Indicador ESALQ/SP,SP,boi-gordo-indicador-esalq-bmf,194.25,boi-gordo-b3-prego-regular,2020-01,189.5,189.5,,4.75,,2.5065963060686016
2020-01-16,Indicador ESALQ/SP,SP,boi-gordo-indicador-esalq-bmf,192.15,boi-gordo-b3-prego-regular,2020-01,187.5,187.5,,4.650000000000006,,2.480000000000003
2020-01-17,Indicador ESALQ/SP,SP,boi-gordo-indicador-esalq-bmf,192.5,boi-gordo-b3-prego-regular,2020-01,187.3,187.3,,5.199999999999989,,2.77629471436198
2020-01-20,Indicador ESALQ/SP,SP,boi-gordo-indicador-esalq-bmf,192.6,boi-gordo-b3-prego-regular,2020-01,188.4,188.4,,4.199999999999989,,2.2292993630573186
2020-01-21,Indicador ESALQ/SP,SP,boi-gordo-indicador-esalq-bmf,190.6,boi-gordo-b3-prego-regular,2020-01,189.0,189.0,,1.5999999999999943,,0.8465608465608435
2020-01-22,Indicador ESALQ/SP,SP,boi-gordo-indicador-esalq-bmf,194.05,boi-gordo-b3-prego-regular,2020-01,187.05,187.05,,7.0,,3.742314889067094
2020-01-23,Indicador ESALQ/SP,SP,boi-gordo-indicador-esalq-bmf,191.2,boi-gordo-b3-prego-regular,2020-01,188.5,188.5,,2.6999999999999886,,1.4323607427055642
2020-01-24,Indicador ESALQ/SP,SP,boi-gordo-indicador-esalq-bmf,187.0,boi-gordo-b3-prego-regular,2020-01,189.0,189.0,,-2.0,,-1.0582010582010581
2020-01-27,Indicador ESALQ/SP,SP,boi-gordo-indicador-esalq-bmf,190.7,boi-gordo-b3-prego-regular,2020-01,188.5,188.5,,2.1999999999999886,,1.1671087533156437
2020-01-28,Indicador ESALQ/SP,SP,boi-gordo-indicador-esalq-bmf,189.7,boi-gordo-b3-prego-regular,2020-01,189.95,189.95,,-0.25,,-0.13161358252171626
2020-01-29,Indicador ESALQ/SP,SP,boi-gordo-indicador-esalq-bmf,186.1,boi-gordo-b3-prego-regular,2020-01,189.5,189.5,,-3.4000000000000057,,-1.7941952506596335
2020-01-30,Indicador ESALQ/SP,SP,boi-gordo-indicador-esalq-bmf,191.1,boi-gordo-b3-prego-regular,2020-01,188.2,188.2,,2.9000000000000057,,1.5409139213602583
2020-01-31,Indicador ESALQ/SP,SP,boi-gordo-indicador-esalq-bmf,190.8,boi-gordo-b3-prego-regular,2020-01,190.25,190.25,,0.5500000000000114,,0.28909329829172736
2020-02-03,Indicador ESALQ/SP,SP,boi-gordo-indicador-esalq-bmf,196.2,boi-gordo-b3-prego-regular,2020-02,197.95,197.95,,-1.75,,-0.8840616317251832
2020-02-04,Indicador ESALQ/SP,SP,boi-gordo-indicador-esalq-bmf,193.45,boi-gordo-b3-prego-regular,2020-02,196.0,196.0,,-2.5500000000000114,,-1.3010204081632712
2020-02-05,Indicador ESALQ/SP,SP,boi-gordo-indicador-esalq-bmf,192.85,boi-gordo-b3-prego-regular,2020-02,196.1,196.1,,-3.25,,-1.657317695053544
2020-02-06,Indicador ESALQ/SP,SP,boi-gordo-indicador-esalq-bmf,194.5,boi-gordo-b3-prego-regular,2020-02,197.8,197.8,,-3.3000000000000114,,-1.6683518705763452
2020-02-07,Indicador ESALQ/SP,SP,boi-gordo-indicador-esalq-bmf,195.4,boi-gordo-b3-prego-regular,2020-02,195.6,195.6,,-0.19999999999998863,,-0.10224948875255044
2020-02-10,Indicador ESALQ/SP,SP,boi-gordo-indicador-esalq-bmf,195.7,boi-gordo-b3-prego-regular,2020-02,195.05,195.05,,0.6499999999999773,,0.3332478851576402
2020-02-11,Indicador ESALQ/SP,SP,boi-gordo-indicador-esalq-bmf,194.15,boi-gordo-b3-prego-regular,2020-02,197.95,197.95,,-3.799999999999983,,-1.9196766860318177
2020-02-12,Indicador ESALQ/SP,SP,boi-gordo-indicador-esalq-bmf,197.55,boi-gordo-b3-prego-regular,2020-02,199.0,199.0,,-1.4499999999999886,,-0.7286432160803963
2020-02-13,Indicador ESALQ/SP,SP,boi-gordo-indicador-esalq-bmf,195.55,boi-gordo-b3-prego-regular,2020-02,198.5,198.5,,-2.9499999999999886,,-1.4861460957178785
2020-02-14,Indicador ESALQ/SP,SP,boi-gordo-indicador-esalq-bmf,196.55,boi-gordo-b3-prego-regular,2020-02,197.8,197.8,,-1.25,,-0.6319514661274014
2020-02-17,Indicador ESALQ/SP,SP,boi-gordo-indicador-esalq-bmf,197.05,boi-gordo-b3-prego-regular,2020-02,197.55,197.55,,-0.5,,-0.25310048089091364
2020-02-18,Indicador ESALQ/SP,SP,boi-gordo-indicador-esalq-bmf,197.05,boi-gordo-b3-prego-regular,2020-02,197.6,197.6,,-0.549999999999983,,-0.2783400809716513
2020-02-19,Indicador ESALQ/SP,SP,boi-gordo-indicador-esalq-bmf,193.1,boi-gordo-b3-prego-regular,2020-02,198.0,198.0,,-4.900000000000006,,-2.4747474747474776
2020-02-20,Indicador ESALQ/SP,SP,boi-gordo-indicador-esalq-bmf,202.85,boi-gordo-b3-prego-regular,2020-02,199.5,199.5,,3.3499999999999943,,1.6791979949874656
2020-02-21,Indicador ESALQ/SP,SP,boi-gordo-indicador-esalq-bmf,198.4,boi-gordo-b3-prego-regular,2020-02,200.1,200.1,,-1.6999999999999886,,-0.8495752123937975
2020-02-26,Indicador ESALQ/SP,SP,boi-gordo-indicador-esalq-bmf,202.8,boi-gordo-b3-prego-regular,2020-02,199.0,199.0,,3.8000000000000114,,1.909547738693473
2020-02-27,Indicador ESALQ/SP,SP,boi-gordo-indicador-esalq-bmf,202.05,boi-gordo-b3-prego-regular,2020-02,201.0,201.0,,1.0500000000000114,,0.5223880597014982
2020-02-28,Indicador ESALQ/SP,SP,boi-gordo-indicador-esalq-bmf,201.75,boi-gordo-b3-prego-regular,2020-02,201.1,201.1,,0.6500000000000057,,0.3232222774738964
2020-03-02,Indicador ESALQ/SP,SP,boi-gordo-indicador-esalq-bmf,204.15,boi-gordo-b3-prego-regular,2020-03,203.9,203.9,,0.25,,0.12260912211868563
2020-03-03,Indicador ESALQ/SP,SP,boi-gordo-indicador-esalq-bmf,202.1,boi-gordo-b3-prego-regular,2020-03,205.3,205.3,,-3.200000000000017,,-1.5586945932781378
2020-03-04,Indicador ESALQ/SP,SP,boi-gordo-indicador-esalq-bmf,202.0,boi-gordo-b3-prego-regular,2020-03,204.0,204.0,,-2.0,,-0.9803921568627451
2020-03-05,Indicador ESALQ/SP,SP,boi-gordo-indicador-esalq-bmf,201.2,boi-gordo-b3-prego-regular,2020-03,204.65,204.65,,-3.450000000000017,,-1.6858050329831502
2020-03-06,Indicador ESALQ/SP,SP,boi-gordo-indicador-esalq-bmf,203.25,boi-gordo-b3-prego-regular,2020-03,204.0,204.0,,-0.75,,-0.3676470588235294
2020-03-09,Indicador ESALQ/SP,SP,boi-gordo-indicador-esalq-bmf,199.4,boi-gordo-b3-prego-regular,2020-03,200.0,200.0,,-0.5999999999999943,,-0.29999999999999716
2020-03-10,Indicador ESALQ/SP,SP,boi-gordo-indicador-esalq-bmf,202.7,boi-gordo-b3-prego-regular,2020-03,201.3,201.3,,1.3999999999999773,,0.6954793840039628
2020-03-11,Indicador ESALQ/SP,SP,boi-gordo-indicador-esalq-bmf,203.25,boi-gordo-b3-prego-regular,2020-03,199.3,199.3,,3.9499999999999886,,1.9819367787255335
2020-03-12,Indicador ESALQ/SP,SP,boi-gordo-indicador-esalq-bmf,204.35,boi-gordo-b3-prego-regular,2020-03,192.0,192.0,,12.349999999999994,,6.432291666666663
2020-03-13,Indicador ESALQ/SP,SP,boi-gordo-indicador-esalq-bmf,204.7,boi-gordo-b3-prego-regular,2020-03,192.1,192.1,,12.599999999999994,,6.559083810515354
2020-03-16,Indicador ESALQ/SP,SP,boi-gordo-indicador-esalq-bmf,204.7,boi-gordo-b3-prego-regular,2020-03,187.0,187.0,,17.69999999999999,,9.465240641711224
2020-03-17,Indicador ESALQ/SP,SP,boi-gordo-indicador-esalq-bmf,199.4,boi-gordo-b3-prego-regular,2020-03,186.5,186.5,,12.900000000000006,,6.916890080428957
2020-03-18,Indicador ESALQ/SP,SP,boi-gordo-indicador-esalq-bmf,187.4,boi-gordo-b3-prego-regular,2020-03,186.0,186.0,,1.4000000000000057,,0.7526881720430139
2020-03-19,Indicador ESALQ/SP,SP,boi-gordo-indicador-esalq-bmf,189.25,boi-gordo-b3-prego-regular,2020-03,193.0,193.0,,-3.75,,-1.9430051813471503
2020-03-20,Indicador ESALQ/SP,SP,boi-gordo-indicador-esalq-bmf,197.85,boi-gordo-b3-prego-regular,2020-03,196.0,196.0,,1.8499999999999943,,0.9438775510204053
2020-03-23,Indicador ESALQ/SP,SP,boi-gordo-indicador-esalq-bmf,199.65,boi-gordo-b3-prego-regular,2020-03,197.35,197.35,,2.3000000000000114,,1.1654421079300794
2020-03-24,Indicador ESALQ/SP,SP,boi-gordo-indicador-esalq-bmf,195.05,boi-gordo-b3-prego-regular,2020-03,199.45,199.45,,-4.399999999999977,,-2.206066683379282
2020-03-25,Indicador ESALQ/SP,SP,boi-gordo-indicador-esalq-bmf,199.5,boi-gordo-b3-prego-regular,2020-03,199.9,199.9,,-0.4000000000000057,,-0.20010005002501535
2020-03-26,Indicador ESALQ/SP,SP,boi-gordo-indicador-esalq-bmf,201.85,boi-gordo-b3-prego-regular,2020-03,200.0,200.0,,1.8499999999999943,,0.9249999999999972
2020-03-27,Indicador ESALQ/SP,SP,boi-gordo-indicador-esalq-bmf,200.5,boi-gordo-b3-prego-regular,2020-03,200.85,200.85,,-0.3499999999999943,,-0.1742593975603656
2020-03-30,Indicador ESALQ/SP,SP,boi-gordo-indicador-esalq-bmf,202.5,boi-gordo-b3-prego-regular,2020-03,200.9,200.9,,1.5999999999999943,,0.7964161274265776
2020-03-31,Indicador ESALQ/SP,SP,boi-gordo-indicador-esalq-bmf,203.15,boi-gordo-b3-prego-regular,2020-03,201.0,201.0,,2.1500000000000057,,1.0696517412935351
2020-04-01,Indicador ESALQ/SP,SP,boi-gordo-indicador-esalq-bmf,203.0,boi-gordo-b3-prego-regular,2020-04,192.55,192.55,,10.449999999999989,,5.42716177616203
2020-04-02,Indicador ESALQ/SP,SP,boi-gordo-indicador-esalq-bmf,195.4,boi-gordo-b3-prego-regular,2020-04,191.5,191.5,,3.9000000000000057,,2.0365535248041806
2020-04-03,Indicador ESALQ/SP,SP,boi-gordo-indicador-esalq-bmf,200.65,boi-gordo-b3-prego-regular,2020-04,188.0,188.0,,12.650000000000006,,6.728723404255323
2020-04-06,Indicador ESALQ/SP,SP,boi-gordo-indicador-esalq-bmf,201.0,boi-gordo-b3-prego-regular,2020-04,190.0,190.0,,11.0,,5.7894736842105265
2020-04-07,Indicador ESALQ/SP,SP,boi-gordo-indicador-esalq-bmf,199.9,boi-gordo-b3-prego-regular,2020-04,192.5,192.5,,7.400000000000006,,3.844155844155847
2020-04-08,Indicador ESALQ/SP,SP,boi-gordo-indicador-esalq-bmf,201.8,boi-gordo-b3-prego-regular,2020-04,193.5,193.5,,8.300000000000011,,4.289405684754528
2020-04-09,Indicador ESALQ/SP,SP,boi-gordo-indicador-esalq-bmf,198.05,boi-gordo-b3-prego-regular,2020-04,193.0,193.0,,5.050000000000011,,2.6165803108808348
2020-04-13,Indicador ESALQ/SP,SP,boi-gordo-indicador-esalq-bmf,202.3,boi-gordo-b3-prego-regular,2020-04,192.35,192.35,,9.950000000000017,,5.172861970366529
2020-04-14,Indicador ESALQ/SP,SP,boi-gordo-indicador-esalq-bmf,199.1,boi-gordo-b3-prego-regular,2020-04,194.3,194.3,,4.799999999999983,,2.4704065877508916
2020-04-15,Indicador ESALQ/SP,SP,boi-gordo-indicador-esalq-bmf,198.5,boi-gordo-b3-prego-regular,2020-04,196.0,196.0,,2.5,,1.2755102040816326
2020-04-16,Indicador ESALQ/SP,SP,boi-gordo-indicador-esalq-bmf,200.55,boi-gordo-b3-prego-regular,2020-04,197.0,197.0,,3.5500000000000114,,1.8020304568527976
2020-04-17,Indicador ESALQ/SP,SP,boi-gordo-indicador-esalq-bmf,201.5,boi-gordo-b3-prego-regular,2020-04,197.0,197.0,,4.5,,2.284263959390863
2020-04-20,Indicador ESALQ/SP,SP,boi-gordo-indicador-esalq-bmf,196.45,boi-gordo-b3-prego-regular,2020-04,196.0,196.0,,0.44999999999998863,,0.22959183673468808
2020-04-22,Indicador ESALQ/SP,SP,boi-gordo-indicador-esalq-bmf,201.0,boi-gordo-b3-prego-regular,2020-04,196.55,196.55,,4.449999999999989,,2.264054947850414
2020-04-23,Indicador ESALQ/SP,SP,boi-gordo-indicador-esalq-bmf,196.7,boi-gordo-b3-prego-regular,2020-04,197.7,197.7,,-1.0,,-0.5058168942842691
2020-04-24,Indicador ESALQ/SP,SP,boi-gordo-indicador-esalq-bmf,199.95,boi-gordo-b3-prego-regular,2020-04,198.0,198.0,,1.9499999999999886,,0.9848484848484791
2020-04-27,Indicador ESALQ/SP,SP,boi-gordo-indicador-esalq-bmf,200.05,boi-gordo-b3-prego-regular,2020-04,199.0,199.0,,1.0500000000000114,,0.5276381909547796
2020-04-28,Indicador ESALQ/SP,SP,boi-gordo-indicador-esalq-bmf,198.9,boi-gordo-b3-prego-regular,2020-04,199.5,199.5,,-0.5999999999999943,,-0.3007518796992453
2020-04-29,Indicador ESALQ/SP,SP,boi-gordo-indicador-esalq-bmf,197.7,boi-gordo-b3-prego-regular,2020-05,193.8,193.8,,3.8999999999999773,,2.0123839009287807
2020-04-30,Indicador ESALQ/SP,SP,boi-gordo-indicador-esalq-bmf,198.85,boi-gordo-b3-prego-regular,2020-04,199.0,199.0,,-0.15000000000000568,,-0.0753768844221134
2020-05-04,Indicador ESALQ/SP,SP,boi-gordo-indicador-esalq-bmf,200.35,boi-gordo-b3-prego-regular,2020-05,195.7,195.7,,4.650000000000006,,2.37608584568217
2020-05-05,Indicador ESALQ/SP,SP,boi-gordo-indicador-esalq-bmf,201.9,boi-gordo-b3-prego-regular,2020-05,196.7,196.7,,5.200000000000017,,2.643619725470268
2020-05-06,Indicador ESALQ/SP,SP,boi-gordo-indicador-esalq-bmf,199.95,boi-gordo-b3-prego-regular,2020-05,196.55,196.55,,3.3999999999999773,,1.729839735436264
2020-05-07,Indicador ESALQ/SP,SP,boi-gordo-indicador-esalq-bmf,199.75,boi-gordo-b3-prego-regular,2020-05,194.6,194.6,,5.150000000000006,,2.646454265159304
2020-05-08,Indicador ESALQ/SP,SP,boi-gordo-indicador-esalq-bmf,201.3,boi-gordo-b3-prego-regular,2020-05,194.65,194.65,,6.650000000000006,,3.416388389416905
2020-05-11,Indicador ESALQ/SP,SP,boi-gordo-indicador-esalq-bmf,200.25,boi-gordo-b3-prego-regular,2020-05,197.4,197.4,,2.8499999999999943,,1.4437689969604834
2020-05-12,Indicador ESALQ/SP,SP,boi-gordo-indicador-esalq-bmf,198.7,boi-gordo-b3-prego-regular,2020-05,198.05,198.05,,0.6499999999999773,,0.32819994950768855
2020-05-13,Indicador ESALQ/SP,SP,boi-gordo-indicador-esalq-bmf,199.9,boi-gordo-b3-prego-regular,2020-05,198.9,198.9,,1.0,,0.5027652086475616
2020-05-14,Indicador ESALQ/SP,SP,boi-gordo-indicador-esalq-bmf,199.35,boi-gordo-b3-prego-regular,2020-05,200.8,200.8,,-1.450000000000017,,-0.722111553784869
2020-05-15,Indicador ESALQ/SP,SP,boi-gordo-indicador-esalq-bmf,194.9,boi-gordo-b3-prego-regular,2020-05,200.5,200.5,,-5.599999999999994,,-2.7930174563590997
2020-05-18,Indicador ESALQ/SP,SP,boi-gordo-indicador-esalq-bmf,194.9,boi-gordo-b3-prego-regular,2020-05,200.2,200.2,,-5.299999999999983,,-2.6473526473526388
2020-05-19,Indicador ESALQ/SP,SP,boi-gordo-indicador-esalq-bmf,200.5,boi-gordo-b3-prego-regular,2020-05,201.9,201.9,,-1.4000000000000057,,-0.6934125804853917
2020-05-20,Indicador ESALQ/SP,SP,boi-gordo-indicador-esalq-bmf,202.15,boi-gordo-b3-prego-regular,2020-05,202.6,202.6,,-0.44999999999998863,,-0.22211253701875056
2020-05-21,Indicador ESALQ/SP,SP,boi-gordo-indicador-esalq-bmf,202.0,boi-gordo-b3-prego-regular,2020-05,203.45,203.45,,-1.4499999999999886,,-0.7127058245269052
2020-05-22,Indicador ESALQ/SP,SP,boi-gordo-indicador-esalq-bmf,203.55,boi-gordo-b3-prego-regular,2020-05,203.8,203.8,,-0.25,,-0.1226692836113837
2020-05-25,Indicador ESALQ/SP,SP,boi-gordo-indicador-esalq-bmf,206.65,boi-gordo-b3-prego-regular,2020-05,203.6,203.6,,3.0500000000000114,,1.498035363457766
2020-05-26,Indicador ESALQ/SP,SP,boi-gordo-indicador-esalq-bmf,204.3,boi-gordo-b3-prego-regular,2020-05,205.15,205.15,,-0.8499999999999943,,-0.4143309773336555
2020-05-27,Indicador ESALQ/SP,SP,boi-gordo-indicador-esalq-bmf,205.65,boi-gordo-b3-prego-regular,2020-05,205.45,205.45,,0.20000000000001705,,0.09734728644439868
2020-05-28,Indicador ESALQ/SP,SP,boi-gordo-indicador-esalq-bmf,203.4,boi-gordo-b3-prego-regular,2020-05,205.55,205.55,,-2.1500000000000057,,-1.0459742155193412
2020-05-29,Indicador ESALQ/SP,SP,boi-gordo-indicador-esalq-bmf,204.75,boi-gordo-b3-prego-regular,2020-05,204.95,204.95,,-0.19999999999998863,,-0.09758477677481758
2020-06-01,Indicador ESALQ/SP,SP,boi-gordo-indicador-esalq-bmf,204.0,boi-gordo-b3-prego-regular,2020-06,201.8,201.8,,2.1999999999999886,,1.0901883052527197
2020-06-02,Indicador ESALQ/SP,SP,boi-gordo-indicador-esalq-bmf,202.5,boi-gordo-b3-prego-regular,2020-06,202.85,202.85,,-0.3499999999999943,,-0.1725412866650206
2020-06-03,Indicador ESALQ/SP,SP,boi-gordo-indicador-esalq-bmf,203.65,boi-gordo-b3-prego-regular,2020-06,203.5,203.5,,0.15000000000000568,,0.07371007371007651
2020-06-04,Indicador ESALQ/SP,SP,boi-gordo-indicador-esalq-bmf,205.45,boi-gordo-b3-prego-regular,2020-06,206.0,206.0,,-0.5500000000000114,,-0.2669902912621414
2020-06-05,Indicador ESALQ/SP,SP,boi-gordo-indicador-esalq-bmf,202.65,boi-gordo-b3-prego-regular,2020-06,206.5,206.5,,-3.8499999999999943,,-1.8644067796610142
2020-06-08,Indicador ESALQ/SP,SP,boi-gordo-indicador-esalq-bmf,205.2,boi-gordo-b3-prego-regular,2020-06,206.0,206.0,,-0.8000000000000114,,-0.38834951456311234
2020-06-09,Indicador ESALQ/SP,SP,boi-gordo-indicador-esalq-bmf,206.4,boi-gordo-b3-prego-regular,2020-06,205.15,205.15,,1.25,,0.6093102607847916
2020-06-10,Indicador ESALQ/SP,SP,boi-gordo-indicador-esalq-bmf,206.4,boi-gordo-b3-prego-regular,2020-06,208.7,208.7,,-2.299999999999983,,-1.1020603737422057
2020-06-12,Indicador ESALQ/SP,SP,boi-gordo-indicador-esalq-bmf,205.25,boi-gordo-b3-prego-regular,2020-06,209.65,209.65,,-4.400000000000006,,-2.098735988552352
2020-06-15,Indicador ESALQ/SP,SP,boi-gordo-indicador-esalq-bmf,209.95,boi-gordo-b3-prego-regular,2020-06,209.5,209.5,,0.44999999999998863,,0.2147971360381807
2020-06-16,Indicador ESALQ/SP,SP,boi-gordo-indicador-esalq-bmf,208.6,boi-gordo-b3-prego-regular,2020-06,211.0,211.0,,-2.4000000000000057,,-1.1374407582938415
2020-06-17,Indicador ESALQ/SP,SP,boi-gordo-indicador-esalq-bmf,206.4,boi-gordo-b3-prego-regular,2020-06,212.35,212.35,,-5.949999999999989,,-2.801977866729451
2020-06-18,Indicador ESALQ/SP,SP,boi-gordo-indicador-esalq-bmf,212.35,boi-gordo-b3-prego-regular,2020-06,213.6,213.6,,-1.25,,-0.5852059925093633
2020-06-19,Indicador ESALQ/SP,SP,boi-gordo-indicador-esalq-bmf,210.4,boi-gordo-b3-prego-regular,2020-06,214.1,214.1,,-3.6999999999999886,,-1.7281644091545953
2020-06-22,Indicador ESALQ/SP,SP,boi-gordo-indicador-esalq-bmf,214.0,boi-gordo-b3-prego-regular,2020-06,213.95,213.95,,0.05000000000001137,,0.023369946249128942
2020-06-23,Indicador ESALQ/SP,SP,boi-gordo-indicador-esalq-bmf,211.3,boi-gordo-b3-prego-regular,2020-06,215.0,215.0,,-3.6999999999999886,,-1.7209302325581342
2020-06-24,Indicador ESALQ/SP,SP,boi-gordo-indicador-esalq-bmf,218.95,boi-gordo-b3-prego-regular,2020-06,216.0,216.0,,2.9499999999999886,,1.3657407407407354
2020-06-25,Indicador ESALQ/SP,SP,boi-gordo-indicador-esalq-bmf,217.35,boi-gordo-b3-prego-regular,2020-06,218.0,218.0,,-0.6500000000000057,,-0.2981651376146815
2020-06-26,Indicador ESALQ/SP,SP,boi-gordo-indicador-esalq-bmf,218.35,boi-gordo-b3-prego-regular,2020-06,217.7,217.7,,0.6500000000000057,,0.2985760220486935
2020-06-29,Indicador ESALQ/SP,SP,boi-gordo-indicador-esalq-bmf,219.65,boi-gordo-b3-prego-regular,2020-06,217.8,217.8,,1.8499999999999943,,0.8494031221303923
2020-06-30,Indicador ESALQ/SP,SP,boi-gordo-indicador-esalq-bmf,218.4,boi-gordo-b3-prego-regular,2020-06,218.5,218.5,,-0.09999999999999432,,-0.04576659038901342
2020-07-01,Indicador ESALQ/SP,SP,boi-gordo-indicador-esalq-bmf,219.9,boi-gordo-b3-prego-regular,2020-07,218.3,218.3,,1.5999999999999943,,0.7329363261566625
2020-07-02,Indicador ESALQ/SP,SP,boi-gordo-indicador-esalq-bmf,219.65,boi-gordo-b3-prego-regular,2020-07,217.0,217.0,,2.6500000000000057,,1.2211981566820302
2020-07-03,Indicador ESALQ/SP,SP,boi-gordo-indicador-esalq-bmf,220.95,boi-gordo-b3-prego-regular,2020-07,214.7,214.7,,6.25,,2.911038658593386
2020-07-06,Indicador ESALQ/SP,SP,boi-gordo-indicador-esalq-bmf,220.95,boi-gordo-b3-prego-regular,2020-07,218.0,218.0,,2.9499999999999886,,1.3532110091743068
2020-07-07,Indicador ESALQ/SP,SP,boi-gordo-indicador-esalq-bmf,219.55,boi-gordo-b3-prego-regular,2020-07,220.0,220.0,,-0.44999999999998863,,-0.20454545454544937
2020-07-08,Indicador ESALQ/SP,SP,boi-gordo-indicador-esalq-bmf,218.75,boi-gordo-b3-prego-regular,2020-07,218.75,218.75,,0.0,,0.0
2020-07-09,Indicador ESALQ/SP,SP,boi-gordo-indicador-esalq-bmf,218.6,boi-gordo-b3-prego-regular,2020-07,218.0,218.0,,0.5999999999999943,,0.27522935779816254
2020-07-10,Indicador ESALQ/SP,SP,boi-gordo-indicador-esalq-bmf,218.6,boi-gordo-b3-prego-regular,2020-07,218.1,218.1,,0.5,,0.22925263640531865
2020-07-13,Indicador ESALQ/SP,SP,boi-gordo-indicador-esalq-bmf,217.95,boi-gordo-b3-prego-regular,2020-07,219.95,219.95,,-2.0,,-0.9092975676290067
2020-07-14,Indicador ESALQ/SP,SP,boi-gordo-indicador-esalq-bmf,221.9,boi-gordo-b3-prego-regular,2020-07,220.0,220.0,,1.9000000000000057,,0.8636363636363662
2020-07-15,Indicador ESALQ/SP,SP,boi-gordo-indicador-esalq-bmf,217.85,boi-gordo-b3-prego-regular,2020-07,219.0,219.0,,-1.1500000000000057,,-0.5251141552511441
2020-07-16,Indicador ESALQ/SP,SP,boi-gordo-indicador-esalq-bmf,222.25,boi-gordo-b3-prego-regular,2020-07,217.65,217.65,,4.599999999999994,,2.113484952906039
2020-07-17,Indicador ESALQ/SP,SP,boi-gordo-indicador-esalq-bmf,222.55,boi-gordo-b3-prego-regular,2020-07,218.9,218.9,,3.6500000000000057,,1.6674280493375997
2020-07-20,Indicador ESALQ/SP,SP,boi-gordo-indicador-esalq-bmf,215.3,boi-gordo-b3-prego-regular,2020-07,219.05,219.05,,-3.75,,-1.711937913718329
2020-07-22,Indicador ESALQ/SP,SP,boi-gordo-indicador-esalq-bmf,221.65,boi-gordo-b3-prego-regular,2020-07,222.3,222.3,,-0.6500000000000057,,-0.292397660818716
2020-07-23,Indicador ESALQ/SP,SP,boi-gordo-indicador-esalq-bmf,222.4,boi-gordo-b3-prego-regular,2020-07,223.75,223.75,,-1.3499999999999943,,-0.60335195530726
2020-07-24,Indicador ESALQ/SP,SP,boi-gordo-indicador-esalq-bmf,223.45,boi-gordo-b3-prego-regular,2020-07,223.3,223.3,,0.14999999999997726,,0.06717420510522941
2020-07-27,Indicador ESALQ/SP,SP,boi-gordo-indicador-esalq-bmf,219.65,boi-gordo-b3-prego-regular,2020-07,224.4,224.4,,-4.75,,-2.1167557932263814
2020-07-28,Indicador ESALQ/SP,SP,boi-gordo-indicador-esalq-bmf,226.4,boi-gordo-b3-prego-regular,2020-07,223.55,223.55,,2.8499999999999943,,1.2748825766047838
2020-07-29,Indicador ESALQ/SP,SP,boi-gordo-indicador-esalq-bmf,226.6,boi-gordo-b3-prego-regular,2020-07,223.95,223.95,,2.6500000000000057,,1.1832998437151176
2020-07-30,Indicador ESALQ/SP,SP,boi-gordo-indicador-esalq-bmf,227.0,boi-gordo-b3-prego-regular,2020-07,224.5,224.5,,2.5,,1.1135857461024499
2020-07-31,Indicador ESALQ/SP,SP,boi-gordo-indicador-esalq-bmf,228.3,boi-gordo-b3-prego-regular,2020-07,225.3,225.3,,3.0,,1.3315579227696404
2020-08-03,Indicador ESALQ/SP,SP,boi-gordo-indicador-esalq-bmf,227.8,boi-gordo-b3-prego-regular,2020-08,226.7,226.7,,1.1000000000000227,,0.4852227613586338
2020-08-04,Indicador ESALQ/SP,SP,boi-gordo-indicador-esalq-bmf,226.85,boi-gordo-b3-prego-regular,2020-08,226.8,226.8,,0.04999999999998295,,0.022045855379181193
2020-08-05,Indicador ESALQ/SP,SP,boi-gordo-indicador-esalq-bmf,226.25,boi-gordo-b3-prego-regular,2020-08,226.5,226.5,,-0.25,,-0.11037527593818984
2020-08-06,Indicador ESALQ/SP,SP,boi-gordo-indicador-esalq-bmf,227.4,boi-gordo-b3-prego-regular,2020-08,225.9,225.9,,1.5,,0.6640106241699867
2020-08-07,Indicador ESALQ/SP,SP,boi-gordo-indicador-esalq-bmf,225.45,boi-gordo-b3-prego-regular,2020-08,224.15,224.15,,1.299999999999983,,0.5799687709123279
2020-08-10,Indicador ESALQ/SP,SP,boi-gordo-indicador-esalq-bmf,228.5,boi-gordo-b3-prego-regular,2020-08,225.0,225.0,,3.5,,1.5555555555555556
2020-08-11,Indicador ESALQ/SP,SP,boi-gordo-indicador-esalq-bmf,227.2,boi-gordo-b3-prego-regular,2020-08,225.45,225.45,,1.75,,0.7762253271235308
2020-08-12,Indicador ESALQ/SP,SP,boi-gordo-indicador-esalq-bmf,226.3,boi-gordo-b3-prego-regular,2020-08,226.25,226.25,,0.05000000000001137,,0.02209944751381718
2020-08-13,Indicador ESALQ/SP,SP,boi-gordo-indicador-esalq-bmf,227.85,boi-gordo-b3-prego-regular,2020-08,227.0,227.0,,0.8499999999999943,,0.374449339207046
2020-08-14,Indicador ESALQ/SP,SP,boi-gordo-indicador-esalq-bmf,224.75,boi-gordo-b3-prego-regular,2020-08,227.4,227.4,,-2.6500000000000057,,-1.165347405452949
2020-08-17,Indicador ESALQ/SP,SP,boi-gordo-indicador-esalq-bmf,227.4,boi-gordo-b3-prego-regular,2020-08,227.85,227.85,,-0.44999999999998863,,-0.19749835418037687
2020-08-18,Indicador ESALQ/SP,SP,boi-gordo-indicador-esalq-bmf,226.2,boi-gordo-b3-prego-regular,2020-08,228.6,228.6,,-2.4000000000000057,,-1.0498687664042021
2020-08-19,Indicador ESALQ/SP,SP,boi-gordo-indicador-esalq-bmf,227.2,boi-gordo-b3-prego-regular,2020-08,229.8,229.8,,-2.6000000000000227,,-1.1314186248912195
2020-08-20,Indicador ESALQ/SP,SP,boi-gordo-indicador-esalq-bmf,225.2,boi-gordo-b3-prego-regular,2020-08,229.2,229.2,,-4.0,,-1.7452006980802792
2020-08-21,Indicador ESALQ/SP,SP,boi-gordo-indicador-esalq-bmf,229.25,boi-gordo-b3-prego-regular,2020-08,229.7,229.7,,-0.44999999999998863,,-0.19590770570308605
2020-08-24,Indicador ESALQ/SP,SP,boi-gordo-indicador-esalq-bmf,229.45,boi-gordo-b3-prego-regular,2020-08,230.1,230.1,,-0.6500000000000057,,-0.28248587570621714
2020-08-25,Indicador ESALQ/SP,SP,boi-gordo-indicador-esalq-bmf,228.6,boi-gordo-b3-prego-regular,2020-08,232.2,232.2,,-3.5999999999999943,,-1.5503875968992225
2020-08-26,Indicador ESALQ/SP,SP,boi-gordo-indicador-esalq-bmf,227.85,boi-gordo-b3-prego-regular,2020-08,230.85,230.85,,-3.0,,-1.2995451591942822
2020-08-27,Indicador ESALQ/SP,SP,boi-gordo-indicador-esalq-bmf,234.25,boi-gordo-b3-prego-regular,2020-08,230.05,230.05,,4.199999999999989,,1.825690067376652
2020-08-28,Indicador ESALQ/SP,SP,boi-gordo-indicador-esalq-bmf,236.65,boi-gordo-b3-prego-regular,2020-08,231.15,231.15,,5.5,,2.379407311269738
2020-08-31,Indicador ESALQ/SP,SP,boi-gordo-indicador-esalq-bmf,237.6,boi-gordo-b3-prego-regular,2020-08,232.5,232.5,,5.099999999999994,,2.193548387096772
2020-09-01,Indicador ESALQ/SP,SP,boi-gordo-indicador-esalq-bmf,237.6,boi-gordo-b3-prego-regular,2020-09,242.1,242.1,,-4.5,,-1.858736059479554
2020-09-02,Indicador ESALQ/SP,SP,boi-gordo-indicador-esalq-bmf,238.95,boi-gordo-b3-prego-regular,2020-09,241.45,241.45,,-2.5,,-1.0354110581901015
2020-09-03,Indicador ESALQ/SP,SP,boi-gordo-indicador-esalq-bmf,239.85,boi-gordo-b3-prego-regular,2020-09,238.1,238.1,,1.75,,0.7349853002939941
2020-09-04,Indicador ESALQ/SP,SP,boi-gordo-indicador-esalq-bmf,240.45,boi-gordo-b3-prego-regular,2020-09,240.95,240.95,,-0.5,,-0.20751193193608636
2020-09-08,Indicador ESALQ/SP,SP,boi-gordo-indicador-esalq-bmf,243.9,boi-gordo-b3-prego-regular,2020-09,243.0,243.0,,0.9000000000000057,,0.37037037037037274
2020-09-09,Indicador ESALQ/SP,SP,boi-gordo-indicador-esalq-bmf,247.1,boi-gordo-b3-prego-regular,2020-09,245.0,245.0,,2.0999999999999943,,0.8571428571428548
2020-09-10,Indicador ESALQ/SP,SP,boi-gordo-indicador-esalq-bmf,247.45,boi-gordo-b3-prego-regular,2020-09,247.15,247.15,,0.29999999999998295,,0.12138377503539671
2020-09-11,Indicador ESALQ/SP,SP,boi-gordo-indicador-esalq-bmf,245.65,boi-gordo-b3-prego-regular,2020-09,248.0,248.0,,-2.3499999999999943,,-0.947580645161288
2020-09-14,Indicador ESALQ/SP,SP,boi-gordo-indicador-esalq-bmf,248.6,boi-gordo-b3-prego-regular,2020-09,248.2,248.2,,0.4000000000000057,,0.1611603545527823
2020-09-15,Indicador ESALQ/SP,SP,boi-gordo-indicador-esalq-bmf,247.5,boi-gordo-b3-prego-regular,2020-09,250.0,250.0,,-2.5,,-1.0
2020-09-16,Indicador ESALQ/SP,SP,boi-gordo-indicador-esalq-bmf,250.9,boi-gordo-b3-prego-regular,2020-09,249.35,249.35,,1.5500000000000114,,0.6216162021255309
2020-09-17,Indicador ESALQ/SP,SP,boi-gordo-indicador-esalq-bmf,250.5,boi-gordo-b3-prego-regular,2020-09,249.0,249.0,,1.5,,0.6024096385542169
2020-09-18,Indicador ESALQ/SP,SP,boi-gordo-indicador-esalq-bmf,248.0,boi-gordo-b3-prego-regular,2020-09,249.0,249.0,,-1.0,,-0.4016064257028112
2020-09-21,Indicador ESALQ/SP,SP,boi-gordo-indicador-esalq-bmf,249.85,boi-gordo-b3-prego-regular,2020-09,248.6,248.6,,1.25,,0.502815768302494
2020-09-22,Indicador ESALQ/SP,SP,boi-gordo-indicador-esalq-bmf,251.3,boi-gordo-b3-prego-regular,2020-09,250.5,250.5,,0.8000000000000114,,0.31936127744511433
2020-09-23,Indicador ESALQ/SP,SP,boi-gordo-indicador-esalq-bmf,254.2,boi-gordo-b3-prego-regular,2020-09,251.2,251.2,,3.0,,1.194267515923567
2020-09-24,Indicador ESALQ/SP,SP,boi-gordo-indicador-esalq-bmf,252.55,boi-gordo-b3-prego-regular,2020-09,253.0,253.0,,-0.44999999999998863,,-0.17786561264821685
2020-09-25,Indicador ESALQ/SP,SP,boi-gordo-indicador-esalq-bmf,252.55,boi-gordo-b3-prego-regular,2020-09,252.9,252.9,,-0.3499999999999943,,-0.13839462238038525
2020-09-28,Indicador ESALQ/SP,SP,boi-gordo-indicador-esalq-bmf,255.7,boi-gordo-b3-prego-regular,2020-09,254.3,254.3,,1.3999999999999773,,0.5505308690522914
2020-09-29,Indicador ESALQ/SP,SP,boi-gordo-indicador-esalq-bmf,256.0,boi-gordo-b3-prego-regular,2020-09,254.85,254.85,,1.1500000000000057,,0.4512458308809125
2020-09-30,Indicador ESALQ/SP,SP,boi-gordo-indicador-esalq-bmf,256.7,boi-gordo-b3-prego-regular,2020-09,255.15,255.15,,1.549999999999983,,0.6074857926709711
2020-10-01,Indicador ESALQ/SP,SP,boi-gordo-indicador-esalq-bmf,256.8,boi-gordo-b3-prego-regular,2020-10,257.5,257.5,,-0.6999999999999886,,-0.2718446601941703
2020-10-02,Indicador ESALQ/SP,SP,boi-gordo-indicador-esalq-bmf,258.05,boi-gordo-b3-prego-regular,2020-10,258.5,258.5,,-0.44999999999998863,,-0.17408123791102073
2020-10-05,Indicador ESALQ/SP,SP,boi-gordo-indicador-esalq-bmf,257.7,boi-gordo-b3-prego-regular,2020-10,261.8,261.8,,-4.100000000000023,,-1.5660809778456926
2020-10-06,Indicador ESALQ/SP,SP,boi-gordo-indicador-esalq-bmf,253.55,boi-gordo-b3-prego-regular,2020-10,261.5,261.5,,-7.949999999999989,,-3.0401529636711238
2020-10-07,Indicador ESALQ/SP,SP,boi-gordo-indicador-esalq-bmf,258.0,boi-gordo-b3-prego-regular,2020-10,260.75,260.75,,-2.75,,-1.0546500479386385
2020-10-08,Indicador ESALQ/SP,SP,boi-gordo-indicador-esalq-bmf,255.3,boi-gordo-b3-prego-regular,2020-10,261.45,261.45,,-6.149999999999977,,-2.3522662076878857
2020-10-09,Indicador ESALQ/SP,SP,boi-gordo-indicador-esalq-bmf,261.6,boi-gordo-b3-prego-regular,2020-10,259.15,259.15,,2.4500000000000455,,0.945398417904706
2020-10-13,Indicador ESALQ/SP,SP,boi-gordo-indicador-esalq-bmf,261.9,boi-gordo-b3-prego-regular,2020-10,262.55,262.55,,-0.6500000000000341,,-0.24757189106838093
2020-10-14,Indicador ESALQ/SP,SP,boi-gordo-indicador-esalq-bmf,263.35,boi-gordo-b3-prego-regular,2020-10,265.7,265.7,,-2.349999999999966,,-0.88445615355663
2020-10-15,Indicador ESALQ/SP,SP,boi-gordo-indicador-esalq-bmf,261.45,boi-gordo-b3-prego-regular,2020-10,266.45,266.45,,-5.0,,-1.8765246762994934
2020-10-16,Indicador ESALQ/SP,SP,boi-gordo-indicador-esalq-bmf,263.65,boi-gordo-b3-prego-regular,2020-10,267.0,267.0,,-3.3500000000000227,,-1.2546816479400833
2020-10-19,Indicador ESALQ/SP,SP,boi-gordo-indicador-esalq-bmf,264.3,boi-gordo-b3-prego-regular,2020-10,267.5,267.5,,-3.1999999999999886,,-1.1962616822429863
2020-10-20,Indicador ESALQ/SP,SP,boi-gordo-indicador-esalq-bmf,266.45,boi-gordo-b3-prego-regular,2020-10,269.4,269.4,,-2.9499999999999886,,-1.095025983667405
2020-10-21,Indicador ESALQ/SP,SP,boi-gordo-indicador-esalq-bmf,268.7,boi-gordo-b3-prego-regular,2020-10,271.6,271.6,,-2.900000000000034,,-1.0677466863033998
2020-10-22,Indicador ESALQ/SP,SP,boi-gordo-indicador-esalq-bmf,269.65,boi-gordo-b3-prego-regular,2020-10,270.0,270.0,,-0.35000000000002274,,-0.12962962962963806
2020-10-23,Indicador ESALQ/SP,SP,boi-gordo-indicador-esalq-bmf,269.1,boi-gordo-b3-prego-regular,2020-10,270.5,270.5,,-1.3999999999999773,,-0.517560073937145
2020-10-26,Indicador ESALQ/SP,SP,boi-gordo-indicador-esalq-bmf,270.5,boi-gordo-b3-prego-regular,2020-10,271.9,271.9,,-1.3999999999999773,,-0.5148951820522167
2020-10-27,Indicador ESALQ/SP,SP,boi-gordo-indicador-esalq-bmf,274.7,boi-gordo-b3-prego-regular,2020-10,272.0,272.0,,2.6999999999999886,,0.9926470588235252
2020-10-28,Indicador ESALQ/SP,SP,boi-gordo-indicador-esalq-bmf,268.8,boi-gordo-b3-prego-regular,2020-10,273.05,273.05,,-4.25,,-1.5564914850759934
2020-10-29,Indicador ESALQ/SP,SP,boi-gordo-indicador-esalq-bmf,275.6,boi-gordo-b3-prego-regular,2020-10,272.95,272.95,,2.650000000000034,,0.9708737864077795
2020-10-30,Indicador ESALQ/SP,SP,boi-gordo-indicador-esalq-bmf,278.4,boi-gordo-b3-prego-regular,2020-10,273.15,273.15,,5.25,,1.922020867655135
2020-11-03,Indicador ESALQ/SP,SP,boi-gordo-indicador-esalq-bmf,276.95,boi-gordo-b3-prego-regular,2020-11,289.1,289.1,,-12.150000000000034,,-4.2026980283638995
2020-11-04,Indicador ESALQ/SP,SP,boi-gordo-indicador-esalq-bmf,277.65,boi-gordo-b3-prego-regular,2020-11,290.3,290.3,,-12.650000000000034,,-4.357561143644517
2020-11-05,Indicador ESALQ/SP,SP,boi-gordo-indicador-esalq-bmf,279.9,boi-gordo-b3-prego-regular,2020-11,291.05,291.05,,-11.150000000000034,,-3.8309568802611347
2020-11-06,Indicador ESALQ/SP,SP,boi-gordo-indicador-esalq-bmf,287.85,boi-gordo-b3-prego-regular,2020-11,294.0,294.0,,-6.149999999999977,,-2.0918367346938695
2020-11-09,Indicador ESALQ/SP,SP,boi-gordo-indicador-esalq-bmf,287.25,boi-gordo-b3-prego-regular,2020-11,292.5,292.5,,-5.25,,-1.7948717948717947
2020-11-10,Indicador ESALQ/SP,SP,boi-gordo-indicador-esalq-bmf,288.0,boi-gordo-b3-prego-regular,2020-11,295.9,295.9,,-7.899999999999977,,-2.6698208854342607
2020-11-11,Indicador ESALQ/SP,SP,boi-gordo-indicador-esalq-bmf,292.0,boi-gordo-b3-prego-regular,2020-11,287.7,287.7,,4.300000000000011,,1.4946124435175572
2020-11-12,Indicador ESALQ/SP,SP,boi-gordo-indicador-esalq-bmf,288.55,boi-gordo-b3-prego-regular,2020-11,290.5,290.5,,-1.9499999999999886,,-0.6712564543889806
2020-11-13,Indicador ESALQ/SP,SP,boi-gordo-indicador-esalq-bmf,291.8,boi-gordo-b3-prego-regular,2020-11,289.45,289.45,,2.3500000000000227,,0.811884608740723
2020-11-16,Indicador ESALQ/SP,SP,boi-gordo-indicador-esalq-bmf,290.55,boi-gordo-b3-prego-regular,2020-11,286.0,286.0,,4.550000000000011,,1.5909090909090948
2020-11-17,Indicador ESALQ/SP,SP,boi-gordo-indicador-esalq-bmf,285.45,boi-gordo-b3-prego-regular,2020-11,283.65,283.65,,1.8000000000000114,,0.6345848757271326
2020-11-18,Indicador ESALQ/SP,SP,boi-gordo-indicador-esalq-bmf,282.15,boi-gordo-b3-prego-regular,2020-11,278.5,278.5,,3.6499999999999773,,1.310592459605019
2020-11-19,Indicador ESALQ/SP,SP,boi-gordo-indicador-esalq-bmf,287.65,boi-gordo-b3-prego-regular,2020-11,279.1,279.1,,8.549999999999955,,3.063418129702599
2020-11-20,Indicador ESALQ/SP,SP,boi-gordo-indicador-esalq-bmf,287.05,boi-gordo-b3-prego-regular,2020-11,278.5,278.5,,8.550000000000011,,3.0700179533213685
2020-11-23,Indicador ESALQ/SP,SP,boi-gordo-indicador-esalq-bmf,289.7,boi-gordo-b3-prego-regular,2020-11,279.3,279.3,,10.399999999999977,,3.723594701038302
2020-11-24,Indicador ESALQ/SP,SP,boi-gordo-indicador-esalq-bmf,286.9,boi-gordo-b3-prego-regular,2020-11,282.4,282.4,,4.5,,1.593484419263456
2020-11-25,Indicador ESALQ/SP,SP,boi-gordo-indicador-esalq-bmf,278.3,boi-gordo-b3-prego-regular,2020-11,282.0,282.0,,-3.6999999999999886,,-1.3120567375886485
2020-11-26,Indicador ESALQ/SP,SP,boi-gordo-indicador-esalq-bmf,285.25,boi-gordo-b3-prego-regular,2020-11,280.0,280.0,,5.25,,1.875
2020-11-27,Indicador ESALQ/SP,SP,boi-gordo-indicador-esalq-bmf,279.8,boi-gordo-b3-prego-regular,2020-11,282.0,282.0,,-2.1999999999999886,,-0.7801418439716272
2020-11-30,Indicador ESALQ/SP,SP,boi-gordo-indicador-esalq-bmf,283.75,boi-gordo-b3-prego-regular,2020-11,281.75,281.75,,2.0,,0.709849157054126
2020-12-01,Indicador ESALQ/SP,SP,boi-gordo-indicador-esalq-bmf,271.6,boi-gordo-b3-prego-regular,2020-12,267.55,267.55,,4.050000000000011,,1.5137357503270459
2020-12-02,Indicador ESALQ/SP,SP,boi-gordo-indicador-esalq-bmf,274.3,boi-gordo-b3-prego-regular,2020-12,264.1,264.1,,10.199999999999989,,3.8621734191594044
2020-12-03,Indicador ESALQ/SP,SP,boi-gordo-indicador-esalq-bmf,275.35,boi-gordo-b3-prego-regular,2020-12,261.1,261.1,,14.25,,5.457679050172348
2020-12-04,Indicador ESALQ/SP,SP,boi-gordo-indicador-esalq-bmf,271.0,boi-gordo-b3-prego-regular,2020-12,260.3,260.3,,10.699999999999989,,4.1106415674222
2020-12-07,Indicador ESALQ/SP,SP,boi-gordo-indicador-esalq-bmf,270.25,boi-gordo-b3-prego-regular,2020-12,255.5,255.5,,14.75,,5.772994129158512
2020-12-08,Indicador ESALQ/SP,SP,boi-gordo-indicador-esalq-bmf,266.8,boi-gordo-b3-prego-regular,2020-12,257.8,257.8,,9.0,,3.491078355314197
2020-12-09,Indicador ESALQ/SP,SP,boi-gordo-indicador-esalq-bmf,265.3,boi-gordo-b3-prego-regular,2020-12,257.6,257.6,,7.699999999999989,,2.989130434782604
2020-12-10,Indicador ESALQ/SP,SP,boi-gordo-indicador-esalq-bmf,263.0,boi-gordo-b3-prego-regular,2020-12,256.9,256.9,,6.100000000000023,,2.3744647722849446
2020-12-11,Indicador ESALQ/SP,SP,boi-gordo-indicador-esalq-bmf,263.0,boi-gordo-b3-prego-regular,2020-12,251.65,251.65,,11.349999999999994,,4.5102324657262045
2020-12-14,Indicador ESALQ/SP,SP,boi-gordo-indicador-esalq-bmf,259.7,boi-gordo-b3-prego-regular,2020-12,251.3,251.3,,8.399999999999977,,3.3426183844011046
2020-12-15,Indicador ESALQ/SP,SP,boi-gordo-indicador-esalq-bmf,262.55,boi-gordo-b3-prego-regular,2020-12,254.2,254.2,,8.350000000000023,,3.2848151062155875
2020-12-16,Indicador ESALQ/SP,SP,boi-gordo-indicador-esalq-bmf,265.15,boi-gordo-b3-prego-regular,2020-12,255.25,255.25,,9.899999999999977,,3.878550440744359
2020-12-17,Indicador ESALQ/SP,SP,boi-gordo-indicador-esalq-bmf,259.0,boi-gordo-b3-prego-regular,2020-12,259.9,259.9,,-0.8999999999999773,,-0.34628703347440454
2020-12-18,Indicador ESALQ/SP,SP,boi-gordo-indicador-esalq-bmf,255.3,boi-gordo-b3-prego-regular,2020-12,260.4,260.4,,-5.099999999999966,,-1.9585253456221068
2020-12-21,Indicador ESALQ/SP,SP,boi-gordo-indicador-esalq-bmf,261.15,boi-gordo-b3-prego-regular,2020-12,260.4,260.4,,0.75,,0.28801843317972353
2020-12-22,Indicador ESALQ/SP,SP,boi-gordo-indicador-esalq-bmf,262.8,boi-gordo-b3-prego-regular,2020-12,264.5,264.5,,-1.6999999999999886,,-0.6427221172022641
2020-12-23,Indicador ESALQ/SP,SP,boi-gordo-indicador-esalq-bmf,266.3,boi-gordo-b3-prego-regular,2020-12,266.0,266.0,,0.30000000000001137,,0.11278195488722233
2020-12-28,Indicador ESALQ/SP,SP,boi-gordo-indicador-esalq-bmf,270.3,boi-gordo-b3-prego-regular,2020-12,266.85,266.85,,3.4499999999999886,,1.2928611579539024
2020-12-29,Indicador ESALQ/SP,SP,boi-gordo-indicador-esalq-bmf,272.5,boi-gordo-b3-prego-regular,2020-12,269.8,269.8,,2.6999999999999886,,1.0007412898443249
2020-12-30,Indicador ESALQ/SP,SP,boi-gordo-indicador-esalq-bmf,267.15,boi-gordo-b3-prego-regular,2020-12,269.1,269.1,,-1.9500000000000455,,-0.7246376811594372
2021-01-04,Indicador ESALQ/SP,SP,boi-gordo-indicador-esalq-bmf,273.7,boi-gordo-b3-prego-regular,2021-01,277.15,277.15,,-3.4499999999999886,,-1.2448132780082948
2021-01-05,Indicador ESALQ/SP,SP,boi-gordo-indicador-esalq-bmf,276.9,boi-gordo-b3-prego-regular,2021-01,277.95,277.95,,-1.0500000000000114,,-0.37776578521317195
2021-01-06,Indicador ESALQ/SP,SP,boi-gordo-indicador-esalq-bmf,278.3,boi-gordo-b3-prego-regular,2021-01,277.5,277.5,,0.8000000000000114,,0.2882882882882924
2021-01-07,Indicador ESALQ/SP,SP,boi-gordo-indicador-esalq-bmf,280.1,boi-gordo-b3-prego-regular,2021-01,279.85,279.85,,0.25,,0.08933357155619082
2021-01-08,Indicador ESALQ/SP,SP,boi-gordo-indicador-esalq-bmf,279.5,boi-gordo-b3-prego-regular,2021-01,282.3,282.3,,-2.8000000000000114,,-0.99185263903649
2021-01-11,Indicador ESALQ/SP,SP,boi-gordo-indicador-esalq-bmf,284.7,boi-gordo-b3-prego-regular,2021-01,285.55,285.55,,-0.8500000000000227,,-0.29767116091753554
2021-01-12,Indicador ESALQ/SP,SP,boi-gordo-indicador-esalq-bmf,283.95,boi-gordo-b3-prego-regular,2021-01,289.5,289.5,,-5.550000000000011,,-1.9170984455958588
2021-01-13,Indicador ESALQ/SP,SP,boi-gordo-indicador-esalq-bmf,285.95,boi-gordo-b3-prego-regular,2021-01,289.0,289.0,,-3.0500000000000114,,-1.055363321799312
2021-01-14,Indicador ESALQ/SP,SP,boi-gordo-indicador-esalq-bmf,290.2,boi-gordo-b3-prego-regular,2021-01,289.5,289.5,,0.6999999999999886,,0.24179620034541924
2021-01-15,Indicador ESALQ/SP,SP,boi-gordo-indicador-esalq-bmf,287.9,boi-gordo-b3-prego-regular,2021-01,289.8,289.8,,-1.900000000000034,,-0.6556245686680587
2021-01-18,Indicador ESALQ/SP,SP,boi-gordo-indicador-esalq-bmf,289.7,boi-gordo-b3-prego-regular,2021-01,292.5,292.5,,-2.8000000000000114,,-0.9572649572649611
2021-01-19,Indicador ESALQ/SP,SP,boi-gordo-indicador-esalq-bmf,292.35,boi-gordo-b3-prego-regular,2021-01,295.4,295.4,,-3.0499999999999545,,-1.0324983073798086
2021-01-20,Indicador ESALQ/SP,SP,boi-gordo-indicador-esalq-bmf,294.6,boi-gordo-b3-prego-regular,2021-01,295.0,295.0,,-0.39999999999997726,,-0.13559322033897533
2021-01-21,Indicador ESALQ/SP,SP,boi-gordo-indicador-esalq-bmf,297.05,boi-gordo-b3-prego-regular,2021-01,295.45,295.45,,1.6000000000000227,,0.5415467930275928
2021-01-22,Indicador ESALQ/SP,SP,boi-gordo-indicador-esalq-bmf,294.95,boi-gordo-b3-prego-regular,2021-01,297.2,297.2,,-2.25,,-0.7570659488559892
2021-01-26,Indicador ESALQ/SP,SP,boi-gordo-indicador-esalq-bmf,298.0,boi-gordo-b3-prego-regular,2021-01,296.8,296.8,,1.1999999999999886,,0.40431266846360797
2021-01-27,Indicador ESALQ/SP,SP,boi-gordo-indicador-esalq-bmf,297.85,boi-gordo-b3-prego-regular,2021-01,296.7,296.7,,1.150000000000034,,0.3875968992248177
2021-01-28,Indicador ESALQ/SP,SP,boi-gordo-indicador-esalq-bmf,299.7,boi-gordo-b3-prego-regular,2021-01,296.5,296.5,,3.1999999999999886,,1.07925801011804
2021-01-29,Indicador ESALQ/SP,SP,boi-gordo-indicador-esalq-bmf,299.85,boi-gordo-b3-prego-regular,2021-01,297.75,297.75,,2.1000000000000227,,0.7052896725440883
2021-02-01,Indicador ESALQ/SP,SP,boi-gordo-indicador-esalq-bmf,301.0,boi-gordo-b3-prego-regular,2021-02,297.85,297.85,,3.1499999999999773,,1.057579318448876
2021-02-02,Indicador ESALQ/SP,SP,boi-gordo-indicador-esalq-bmf,301.05,boi-gordo-b3-prego-regular,2021-02,299.8,299.8,,1.25,,0.4169446297531688
2021-02-03,Indicador ESALQ/SP,SP,boi-gordo-indicador-esalq-bmf,301.9,boi-gordo-b3-prego-regular,2021-02,298.5,298.5,,3.3999999999999773,,1.1390284757118851
2021-02-04,Indicador ESALQ/SP,SP,boi-gordo-indicador-esalq-bmf,300.1,boi-gordo-b3-prego-regular,2021-02,298.4,298.4,,1.7000000000000455,,0.5697050938337954
2021-02-05,Indicador ESALQ/SP,SP,boi-gordo-indicador-esalq-bmf,301.7,boi-gordo-b3-prego-regular,2021-02,296.95,296.95,,4.75,,1.5995958915642365
2021-02-08,Indicador ESALQ/SP,SP,boi-gordo-indicador-esalq-bmf,301.5,boi-gordo-b3-prego-regular,2021-02,299.35,299.35,,2.1499999999999773,,0.7182228161015457
2021-02-09,Indicador ESALQ/SP,SP,boi-gordo-indicador-esalq-bmf,302.2,boi-gordo-b3-prego-regular,2021-02,299.1,299.1,,3.099999999999966,,1.0364426613172737
2021-02-10,Indicador ESALQ/SP,SP,boi-gordo-indicador-esalq-bmf,299.95,boi-gordo-b3-prego-regular,2021-02,296.85,296.85,,3.099999999999966,,1.0442984672393347
2021-02-11,Indicador ESALQ/SP,SP,boi-gordo-indicador-esalq-bmf,301.2,boi-gordo-b3-prego-regular,2021-02,296.8,296.8,,4.399999999999977,,1.4824797843665691
2021-02-12,Indicador ESALQ/SP,SP,boi-gordo-indicador-esalq-bmf,303.0,boi-gordo-b3-prego-regular,2021-02,297.9,297.9,,5.100000000000023,,1.7119838872104811
2021-02-17,Indicador ESALQ/SP,SP,boi-gordo-indicador-esalq-bmf,302.25,boi-gordo-b3-prego-regular,2021-02,299.95,299.95,,2.3000000000000114,,0.7667944657442946
2021-02-18,Indicador ESALQ/SP,SP,boi-gordo-indicador-esalq-bmf,303.75,boi-gordo-b3-prego-regular,2021-02,299.9,299.9,,3.8500000000000227,,1.2837612537512582
2021-02-19,Indicador ESALQ/SP,SP,boi-gordo-indicador-esalq-bmf,303.05,boi-gordo-b3-prego-regular,2021-02,301.6,301.6,,1.4499999999999886,,0.48076923076922695
2021-02-22,Indicador ESALQ/SP,SP,boi-gordo-indicador-esalq-bmf,302.45,boi-gordo-b3-prego-regular,2021-02,302.85,302.85,,-0.4000000000000341,,-0.13207858675913295
2021-02-23,Indicador ESALQ/SP,SP,boi-gordo-indicador-esalq-bmf,300.8,boi-gordo-b3-prego-regular,2021-02,302.8,302.8,,-2.0,,-0.6605019815059444
2021-02-24,Indicador ESALQ/SP,SP,boi-gordo-indicador-esalq-bmf,299.5,boi-gordo-b3-prego-regular,2021-02,301.8,301.8,,-2.3000000000000114,,-0.7620941020543444
2021-02-25,Indicador ESALQ/SP,SP,boi-gordo-indicador-esalq-bmf,302.55,boi-gordo-b3-prego-regular,2021-02,301.35,301.35,,1.1999999999999886,,0.3982080637132864
2021-02-26,Indicador ESALQ/SP,SP,boi-gordo-indicador-esalq-bmf,303.15,boi-gordo-b3-prego-regular,2021-02,302.0,302.0,,1.1499999999999773,,0.3807947019867474
2021-03-01,Indicador ESALQ/SP,SP,boi-gordo-indicador-esalq-bmf,299.8,boi-gordo-b3-prego-regular,2021-03,305.45,305.45,,-5.649999999999977,,-1.8497299066950328
2021-03-02,Indicador ESALQ/SP,SP,boi-gordo-indicador-esalq-bmf,301.5,boi-gordo-b3-prego-regular,2021-03,305.7,305.7,,-4.199999999999989,,-1.3738959764474938
2021-03-03,Indicador ESALQ/SP,SP,boi-gordo-indicador-esalq-bmf,298.15,boi-gordo-b3-prego-regular,2021-03,308.5,308.5,,-10.350000000000023,,-3.354943273906004
2021-03-04,Indicador ESALQ/SP,SP,boi-gordo-indicador-esalq-bmf,303.95,boi-gordo-b3-prego-regular,2021-03,308.5,308.5,,-4.550000000000011,,-1.4748784440842826
2021-03-05,Indicador ESALQ/SP,SP,boi-gordo-indicador-esalq-bmf,301.1,boi-gordo-b3-prego-regular,2021-03,308.0,308.0,,-6.899999999999977,,-2.240259740259733
2021-03-08,Indicador ESALQ/SP,SP,boi-gordo-indicador-esalq-bmf,307.5,boi-gordo-b3-prego-regular,2021-03,307.2,307.2,,0.30000000000001137,,0.0976562500000037
2021-03-09,Indicador ESALQ/SP,SP,boi-gordo-indicador-esalq-bmf,306.15,boi-gordo-b3-prego-regular,2021-03,308.5,308.5,,-2.3500000000000227,,-0.7617504051863931
2021-03-10,Indicador ESALQ/SP,SP,boi-gordo-indicador-esalq-bmf,308.8,boi-gordo-b3-prego-regular,2021-03,308.75,308.75,,0.05000000000001137,,0.016194331983809353
2021-03-11,Indicador ESALQ/SP,SP,boi-gordo-indicador-esalq-bmf,308.8,boi-gordo-b3-prego-regular,2021-03,309.75,309.75,,-0.9499999999999886,,-0.3066989507667437
2021-03-12,Indicador ESALQ/SP,SP,boi-gordo-indicador-esalq-bmf,310.5,boi-gordo-b3-prego-regular,2021-03,310.0,310.0,,0.5,,0.16129032258064516
2021-03-15,Indicador ESALQ/SP,SP,boi-gordo-indicador-esalq-bmf,309.6,boi-gordo-b3-prego-regular,2021-03,313.9,313.9,,-4.2999999999999545,,-1.3698630136986156
2021-03-16,Indicador ESALQ/SP,SP,boi-gordo-indicador-esalq-bmf,309.9,boi-gordo-b3-prego-regular,2021-03,313.7,313.7,,-3.8000000000000114,,-1.211348422059296
2021-03-17,Indicador ESALQ/SP,SP,boi-gordo-indicador-esalq-bmf,309.5,boi-gordo-b3-prego-regular,2021-03,311.3,311.3,,-1.8000000000000114,,-0.5782203662062356
2021-03-18,Indicador ESALQ/SP,SP,boi-gordo-indicador-esalq-bmf,313.5,boi-gordo-b3-prego-regular,2021-03,312.7,312.7,,0.8000000000000114,,0.2558362647905377
2021-03-19,Indicador ESALQ/SP,SP,boi-gordo-indicador-esalq-bmf,311.5,boi-gordo-b3-prego-regular,2021-03,309.5,309.5,,2.0,,0.6462035541195477
2021-03-22,Indicador ESALQ/SP,SP,boi-gordo-indicador-esalq-bmf,315.2,boi-gordo-b3-prego-regular,2021-03,310.0,310.0,,5.199999999999989,,1.6774193548387062
2021-03-23,Indicador ESALQ/SP,SP,boi-gordo-indicador-esalq-bmf,313.8,boi-gordo-b3-prego-regular,2021-03,312.3,312.3,,1.5,,0.48030739673390965
2021-03-24,Indicador ESALQ/SP,SP,boi-gordo-indicador-esalq-bmf,310.8,boi-gordo-b3-prego-regular,2021-03,313.8,313.8,,-3.0,,-0.9560229445506693
2021-03-25,Indicador ESALQ/SP,SP,boi-gordo-indicador-esalq-bmf,315.8,boi-gordo-b3-prego-regular,2021-03,313.3,313.3,,2.5,,0.7979572294924991
2021-03-26,Indicador ESALQ/SP,SP,boi-gordo-indicador-esalq-bmf,314.45,boi-gordo-b3-prego-regular,2021-03,314.15,314.15,,0.30000000000001137,,0.09549578226962005
2021-03-29,Indicador ESALQ/SP,SP,boi-gordo-indicador-esalq-bmf,315.6,boi-gordo-b3-prego-regular,2021-03,314.1,314.1,,1.5,,0.47755491881566375
2021-03-30,Indicador ESALQ/SP,SP,boi-gordo-indicador-esalq-bmf,313.1,boi-gordo-b3-prego-regular,2021-03,315.2,315.2,,-2.099999999999966,,-0.6662436548223243
2021-03-31,Indicador ESALQ/SP,SP,boi-gordo-indicador-esalq-bmf,315.8,boi-gordo-b3-prego-regular,2021-03,315.0,315.0,,0.8000000000000114,,0.25396825396825756
2021-04-01,Indicador ESALQ/SP,SP,boi-gordo-indicador-esalq-bmf,316.1,boi-gordo-b3-prego-regular,2021-04,316.5,316.5,,-0.39999999999997726,,-0.126382306477086
2021-04-05,Indicador ESALQ/SP,SP,boi-gordo-indicador-esalq-bmf,317.45,boi-gordo-b3-prego-regular,2021-04,316.15,316.15,,1.3000000000000114,,0.4111972165111534
2021-04-06,Indicador ESALQ/SP,SP,boi-gordo-indicador-esalq-bmf,318.95,boi-gordo-b3-prego-regular,2021-04,316.75,316.75,,2.1999999999999886,,0.694554064719807
2021-04-07,Indicador ESALQ/SP,SP,boi-gordo-indicador-esalq-bmf,316.3,boi-gordo-b3-prego-regular,2021-04,316.6,316.6,,-0.30000000000001137,,-0.09475679090335166
2021-04-08,Indicador ESALQ/SP,SP,boi-gordo-indicador-esalq-bmf,316.8,boi-gordo-b3-prego-regular,2021-04,317.55,317.55,,-0.75,,-0.23618327822390173
2021-04-09,Indicador ESALQ/SP,SP,boi-gordo-indicador-esalq-bmf,319.4,boi-gordo-b3-prego-regular,2021-04,317.5,317.5,,1.8999999999999773,,0.5984251968503865
2021-04-12,Indicador ESALQ/SP,SP,boi-gordo-indicador-esalq-bmf,316.45,boi-gordo-b3-prego-regular,2021-04,318.0,318.0,,-1.5500000000000114,,-0.4874213836478023
2021-04-13,Indicador ESALQ/SP,SP,boi-gordo-indicador-esalq-bmf,316.7,boi-gordo-b3-prego-regular,2021-04,313.85,313.85,,2.849999999999966,,0.9080771068981889
2021-04-14,Indicador ESALQ/SP,SP,boi-gordo-indicador-esalq-bmf,320.0,boi-gordo-b3-prego-regular,2021-04,313.0,313.0,,7.0,,2.2364217252396164
2021-04-15,Indicador ESALQ/SP,SP,boi-gordo-indicador-esalq-bmf,319.4,boi-gordo-b3-prego-regular,2021-04,314.25,314.25,,5.149999999999977,,1.638822593476524
2021-04-16,Indicador ESALQ/SP,SP,boi-gordo-indicador-esalq-bmf,312.6,boi-gordo-b3-prego-regular,2021-04,311.5,311.5,,1.1000000000000227,,0.3531300160513717
2021-04-19,Indicador ESALQ/SP,SP,boi-gordo-indicador-esalq-bmf,315.4,boi-gordo-b3-prego-regular,2021-04,312.05,312.05,,3.349999999999966,,1.07354590610478
2021-04-20,Indicador ESALQ/SP,SP,boi-gordo-indicador-esalq-bmf,315.85,boi-gordo-b3-prego-regular,2021-04,310.7,310.7,,5.150000000000034,,1.657547473447066
2021-04-22,Indicador ESALQ/SP,SP,boi-gordo-indicador-esalq-bmf,316.65,boi-gordo-b3-prego-regular,2021-04,311.5,311.5,,5.149999999999977,,1.6532905296950167
2021-04-23,Indicador ESALQ/SP,SP,boi-gordo-indicador-esalq-bmf,315.4,boi-gordo-b3-prego-regular,2021-04,312.0,312.0,,3.3999999999999773,,1.0897435897435823
2021-04-26,Indicador ESALQ/SP,SP,boi-gordo-indicador-esalq-bmf,315.6,boi-gordo-b3-prego-regular,2021-04,313.55,313.55,,2.0500000000000114,,0.6538032211768494
2021-04-27,Indicador ESALQ/SP,SP,boi-gordo-indicador-esalq-bmf,313.4,boi-gordo-b3-prego-regular,2021-04,313.7,313.7,,-0.30000000000001137,,-0.09563277016257933
2021-04-28,Indicador ESALQ/SP,SP,boi-gordo-indicador-esalq-bmf,312.1,boi-gordo-b3-prego-regular,2021-04,311.5,311.5,,0.6000000000000227,,0.1926163723916606
2021-04-29,Indicador ESALQ/SP,SP,boi-gordo-indicador-esalq-bmf,313.7,boi-gordo-b3-prego-regular,2021-04,312.5,312.5,,1.1999999999999886,,0.38399999999999634
2021-04-30,Indicador ESALQ/SP,SP,boi-gordo-indicador-esalq-bmf,312.95,boi-gordo-b3-prego-regular,2021-04,313.3,313.3,,-0.35000000000002274,,-0.11171401212895715
2021-05-03,Indicador ESALQ/SP,SP,boi-gordo-indicador-esalq-bmf,314.2,boi-gordo-b3-prego-regular,2021-05,306.5,306.5,,7.699999999999989,,2.512234910277321
2021-05-04,Indicador ESALQ/SP,SP,boi-gordo-indicador-esalq-bmf,313.1,boi-gordo-b3-prego-regular,2021-05,306.7,306.7,,6.400000000000034,,2.0867297032931313
2021-05-05,Indicador ESALQ/SP,SP,boi-gordo-indicador-esalq-bmf,307.5,boi-gordo-b3-prego-regular,2021-05,303.85,303.85,,3.6499999999999773,,1.201250617080789
2021-05-06,Indicador ESALQ/SP,SP,boi-gordo-indicador-esalq-bmf,309.6,boi-gordo-b3-prego-regular,2021-05,304.0,304.0,,5.600000000000023,,1.8421052631579022
2021-05-07,Indicador ESALQ/SP,SP,boi-gordo-indicador-esalq-bmf,311.45,boi-gordo-b3-prego-regular,2021-05,303.35,303.35,,8.099999999999966,,2.670182956980374
2021-05-10,Indicador ESALQ/SP,SP,boi-gordo-indicador-esalq-bmf,311.4,boi-gordo-b3-prego-regular,2021-05,306.8,306.8,,4.599999999999966,,1.4993481095175898
2021-05-11,Indicador ESALQ/SP,SP,boi-gordo-indicador-esalq-bmf,312.1,boi-gordo-b3-prego-regular,2021-05,307.95,307.95,,4.150000000000034,,1.3476213671050608
2021-05-12,Indicador ESALQ/SP,SP,boi-gordo-indicador-esalq-bmf,307.7,boi-gordo-b3-prego-regular,2021-05,309.65,309.65,,-1.9499999999999886,,-0.6297432585176777
2021-05-13,Indicador ESALQ/SP,SP,boi-gordo-indicador-esalq-bmf,311.85,boi-gordo-b3-prego-regular,2021-05,309.0,309.0,,2.8500000000000227,,0.9223300970873861
2021-05-14,Indicador ESALQ/SP,SP,boi-gordo-indicador-esalq-bmf,307.0,boi-gordo-b3-prego-regular,2021-05,312.0,312.0,,-5.0,,-1.6025641025641024
2021-05-17,Indicador ESALQ/SP,SP,boi-gordo-indicador-esalq-bmf,303.2,boi-gordo-b3-prego-regular,2021-05,311.7,311.7,,-8.5,,-2.7269810715431504
2021-05-18,Indicador ESALQ/SP,SP,boi-gordo-indicador-esalq-bmf,306.55,boi-gordo-b3-prego-regular,2021-05,310.55,310.55,,-4.0,,-1.2880373530832394
2021-05-19,Indicador ESALQ/SP,SP,boi-gordo-indicador-esalq-bmf,309.35,boi-gordo-b3-prego-regular,2021-05,310.3,310.3,,-0.9499999999999886,,-0.3061553335481755
2021-05-20,Indicador ESALQ/SP,SP,boi-gordo-indicador-esalq-bmf,305.45,boi-gordo-b3-prego-regular,2021-05,313.05,313.05,,-7.600000000000023,,-2.4277272001277823
2021-05-21,Indicador ESALQ/SP,SP,boi-gordo-indicador-esalq-bmf,312.4,boi-gordo-b3-prego-regular,2021-05,311.5,311.5,,0.8999999999999773,,0.2889245585874726
2021-05-24,Indicador ESALQ/SP,SP,boi-gordo-indicador-esalq-bmf,307.5,boi-gordo-b3-prego-regular,2021-05,313.3,313.3,,-5.800000000000011,,-1.8512607724226016
2021-05-25,Indicador ESALQ/SP,SP,boi-gordo-indicador-esalq-bmf,309.0,boi-gordo-b3-prego-regular,2021-05,312.85,312.85,,-3.8500000000000227,,-1.2306217036918723
2021-05-26,Indicador ESALQ/SP,SP,boi-gordo-indicador-esalq-bmf,312.75,boi-gordo-b3-prego-regular,2021-05,312.0,312.0,,0.75,,0.2403846153846154
2021-05-27,Indicador ESALQ/SP,SP,boi-gordo-indicador-esalq-bmf,314.6,boi-gordo-b3-prego-regular,2021-05,312.15,312.15,,2.4500000000000455,,0.7848790645523133
2021-05-28,Indicador ESALQ/SP,SP,boi-gordo-indicador-esalq-bmf,317.1,boi-gordo-b3-prego-regular,2021-05,312.5,312.5,,4.600000000000023,,1.4720000000000073
2021-05-31,Indicador ESALQ/SP,SP,boi-gordo-indicador-esalq-bmf,316.15,boi-gordo-b3-prego-regular,2021-05,313.6,313.6,,2.5499999999999545,,0.8131377551020262
2021-06-01,Indicador ESALQ/SP,SP,boi-gordo-indicador-esalq-bmf,313.0,boi-gordo-b3-prego-regular,2021-06,323.45,323.45,,-10.449999999999989,,-3.2307930128304188
2021-06-02,Indicador ESALQ/SP,SP,boi-gordo-indicador-esalq-bmf,307.9,boi-gordo-b3-prego-regular,2021-06,321.45,321.45,,-13.550000000000011,,-4.215274537253076
2021-06-04,Indicador ESALQ/SP,SP,boi-gordo-indicador-esalq-bmf,311.45,boi-gordo-b3-prego-regular,2021-06,321.85,321.85,,-10.400000000000034,,-3.2313189373932056
2021-06-07,Indicador ESALQ/SP,SP,boi-gordo-indicador-esalq-bmf,308.75,boi-gordo-b3-prego-regular,2021-06,321.5,321.5,,-12.75,,-3.9657853810264383
2021-06-08,Indicador ESALQ/SP,SP,boi-gordo-indicador-esalq-bmf,316.7,boi-gordo-b3-prego-regular,2021-06,320.7,320.7,,-4.0,,-1.2472715933894607
2021-06-09,Indicador ESALQ/SP,SP,boi-gordo-indicador-esalq-bmf,315.85,boi-gordo-b3-prego-regular,2021-06,319.5,319.5,,-3.6499999999999773,,-1.1424100156494452
2021-06-10,Indicador ESALQ/SP,SP,boi-gordo-indicador-esalq-bmf,317.35,boi-gordo-b3-prego-regular,2021-06,319.85,319.85,,-2.5,,-0.7816163826793809
2021-06-11,Indicador ESALQ/SP,SP,boi-gordo-indicador-esalq-bmf,319.45,boi-gordo-b3-prego-regular,2021-06,318.05,318.05,,1.3999999999999773,,0.44018236126394505
2021-06-14,Indicador ESALQ/SP,SP,boi-gordo-indicador-esalq-bmf,319.45,boi-gordo-b3-prego-regular,2021-06,318.4,318.4,,1.0500000000000114,,0.32977386934673725
2021-06-15,Indicador ESALQ/SP,SP,boi-gordo-indicador-esalq-bmf,317.35,boi-gordo-b3-prego-regular,2021-06,320.5,320.5,,-3.1499999999999773,,-0.9828393135725357
2021-06-16,Indicador ESALQ/SP,SP,boi-gordo-indicador-esalq-bmf,319.65,boi-gordo-b3-prego-regular,2021-06,321.0,321.0,,-1.3500000000000227,,-0.42056074766355855
2021-06-17,Indicador ESALQ/SP,SP,boi-gordo-indicador-esalq-bmf,318.9,boi-gordo-b3-prego-regular,2021-06,318.3,318.3,,0.5999999999999659,,0.18850141376059248
2021-06-18,Indicador ESALQ/SP,SP,boi-gordo-indicador-esalq-bmf,320.9,boi-gordo-b3-prego-regular,2021-06,316.4,316.4,,4.5,,1.422250316055626
2021-06-21,Indicador ESALQ/SP,SP,boi-gordo-indicador-esalq-bmf,318.25,boi-gordo-b3-prego-regular,2021-06,317.8,317.8,,0.44999999999998863,,0.14159848961610716
2021-06-22,Indicador ESALQ/SP,SP,boi-gordo-indicador-esalq-bmf,319.55,boi-gordo-b3-prego-regular,2021-06,317.9,317.9,,1.650000000000034,,0.5190311418685228
2021-06-23,Indicador ESALQ/SP,SP,boi-gordo-indicador-esalq-bmf,319.9,boi-gordo-b3-prego-regular,2021-06,318.55,318.55,,1.349999999999966,,0.4237953225553181
2021-06-24,Indicador ESALQ/SP,SP,boi-gordo-indicador-esalq-bmf,318.9,boi-gordo-b3-prego-regular,2021-06,319.0,319.0,,-0.10000000000002274,,-0.031347962382452264
2021-06-25,Indicador ESALQ/SP,SP,boi-gordo-indicador-esalq-bmf,319.45,boi-gordo-b3-prego-regular,2021-06,318.05,318.05,,1.3999999999999773,,0.44018236126394505
2021-06-28,Indicador ESALQ/SP,SP,boi-gordo-indicador-esalq-bmf,321.9,boi-gordo-b3-prego-regular,2021-06,319.1,319.1,,2.7999999999999545,,0.8774678784080083
2021-06-29,Indicador ESALQ/SP,SP,boi-gordo-indicador-esalq-bmf,319.65,boi-gordo-b3-prego-regular,2021-06,320.0,320.0,,-0.35000000000002274,,-0.1093750000000071
2021-06-30,Indicador ESALQ/SP,SP,boi-gordo-indicador-esalq-bmf,318.5,boi-gordo-b3-prego-regular,2021-06,319.65,319.65,,-1.1499999999999773,,-0.35976849679336065
2021-07-01,Indicador ESALQ/SP,SP,boi-gordo-indicador-esalq-bmf,316.2,boi-gordo-b3-prego-regular,2021-07,315.2,315.2,,1.0,,0.31725888324873097
2021-07-02,Indicador ESALQ/SP,SP,boi-gordo-indicador-esalq-bmf,316.05,boi-gordo-b3-prego-regular,2021-07,313.9,313.9,,2.150000000000034,,0.6849315068493259
2021-07-05,Indicador ESALQ/SP,SP,boi-gordo-indicador-esalq-bmf,318.0,boi-gordo-b3-prego-regular,2021-07,315.0,315.0,,3.0,,0.9523809523809524
2021-07-06,Indicador ESALQ/SP,SP,boi-gordo-indicador-esalq-bmf,319.65,boi-gordo-b3-prego-regular,2021-07,316.1,316.1,,3.5499999999999545,,1.1230623220499698
2021-07-07,Indicador ESALQ/SP,SP,boi-gordo-indicador-esalq-bmf,319.2,boi-gordo-b3-prego-regular,2021-07,318.0,318.0,,1.1999999999999886,,0.37735849056603415
2021-07-08,Indicador ESALQ/SP,SP,boi-gordo-indicador-esalq-bmf,319.5,boi-gordo-b3-prego-regular,2021-07,316.95,316.95,,2.5500000000000114,,0.804543303360155
2021-07-12,Indicador ESALQ/SP,SP,boi-gordo-indicador-esalq-bmf,319.15,boi-gordo-b3-prego-regular,2021-07,317.5,317.5,,1.6499999999999773,,0.5196850393700716
2021-07-13,Indicador ESALQ/SP,SP,boi-gordo-indicador-esalq-bmf,318.0,boi-gordo-b3-prego-regular,2021-07,317.0,317.0,,1.0,,0.31545741324921134
2021-07-14,Indicador ESALQ/SP,SP,boi-gordo-indicador-esalq-bmf,320.7,boi-gordo-b3-prego-regular,2021-07,317.5,317.5,,3.1999999999999886,,1.007874015748028
2021-07-15,Indicador ESALQ/SP,SP,boi-gordo-indicador-esalq-bmf,320.55,boi-gordo-b3-prego-regular,2021-07,318.5,318.5,,2.0500000000000114,,0.6436420722135043
2021-07-16,Indicador ESALQ/SP,SP,boi-gordo-indicador-esalq-bmf,321.85,boi-gordo-b3-prego-regular,2021-07,318.5,318.5,,3.3500000000000227,,1.0518053375196303
2021-07-19,Indicador ESALQ/SP,SP,boi-gordo-indicador-esalq-bmf,319.25,boi-gordo-b3-prego-regular,2021-07,318.5,318.5,,0.75,,0.23547880690737832
2021-07-20,Indicador ESALQ/SP,SP,boi-gordo-indicador-esalq-bmf,319.5,boi-gordo-b3-prego-regular,2021-07,318.0,318.0,,1.5,,0.4716981132075472
2021-07-21,Indicador ESALQ/SP,SP,boi-gordo-indicador-esalq-bmf,314.5,boi-gordo-b3-prego-regular,2021-07,318.05,318.05,,-3.5500000000000114,,-1.1161767017764537
2021-07-22,Indicador ESALQ/SP,SP,boi-gordo-indicador-esalq-bmf,317.5,boi-gordo-b3-prego-regular,2021-07,315.55,315.55,,1.9499999999999886,,0.6179686262082043
2021-07-23,Indicador ESALQ/SP,SP,boi-gordo-indicador-esalq-bmf,320.6,boi-gordo-b3-prego-regular,2021-07,316.4,316.4,,4.2000000000000455,,1.3274336283185986
2021-07-26,Indicador ESALQ/SP,SP,boi-gordo-indicador-esalq-bmf,321.5,boi-gordo-b3-prego-regular,2021-07,317.6,317.6,,3.8999999999999773,,1.2279596977329903
2021-07-27,Indicador ESALQ/SP,SP,boi-gordo-indicador-esalq-bmf,317.15,boi-gordo-b3-prego-regular,2021-07,319.45,319.45,,-2.3000000000000114,,-0.7199874784786388
2021-07-28,Indicador ESALQ/SP,SP,boi-gordo-indicador-esalq-bmf,316.85,boi-gordo-b3-prego-regular,2021-07,318.8,318.8,,-1.9499999999999886,,-0.6116687578419036
2021-07-29,Indicador ESALQ/SP,SP,boi-gordo-indicador-esalq-bmf,315.55,boi-gordo-b3-prego-regular,2021-07,317.8,317.8,,-2.25,,-0.7079924480805538
2021-07-30,Indicador ESALQ/SP,SP,boi-gordo-indicador-esalq-bmf,319.9,boi-gordo-b3-prego-regular,2021-07,317.4,317.4,,2.5,,0.7876496534341526
2021-08-02,Indicador ESALQ/SP,SP,boi-gordo-indicador-esalq-bmf,316.2,boi-gordo-b3-prego-regular,2021-08,317.5,317.5,,-1.3000000000000114,,-0.4094488188976414
2021-08-04,Indicador ESALQ/SP,SP,boi-gordo-indicador-esalq-bmf,316.7,boi-gordo-b3-prego-regular,2021-08,317.05,317.05,,-0.35000000000002274,,-0.11039268254219295
2021-08-05,Indicador ESALQ/SP,SP,boi-gordo-indicador-esalq-bmf,319.2,boi-gordo-b3-prego-regular,2021-08,318.0,318.0,,1.1999999999999886,,0.37735849056603415
2021-08-06,Indicador ESALQ/SP,SP,boi-gordo-indicador-esalq-bmf,312.95,boi-gordo-b3-prego-regular,2021-08,318.0,318.0,,-5.050000000000011,,-1.5880503144654123
2021-08-09,Indicador ESALQ/SP,SP,boi-gordo-indicador-esalq-bmf,318.6,boi-gordo-b3-prego-regular,2021-08,316.55,316.55,,2.0500000000000114,,0.6476070131100967
2021-08-10,Indicador ESALQ/SP,SP,boi-gordo-indicador-esalq-bmf,316.45,boi-gordo-b3-prego-regular,2021-08,318.1,318.1,,-1.650000000000034,,-0.5187048098082471
2021-08-11,Indicador ESALQ/SP,SP,boi-gordo-indicador-esalq-bmf,318.65,boi-gordo-b3-prego-regular,2021-08,318.5,318.5,,0.14999999999997726,,0.04709576138146852
2021-08-12,Indicador ESALQ/SP,SP,boi-gordo-indicador-esalq-bmf,314.3,boi-gordo-b3-prego-regular,2021-08,318.3,318.3,,-4.0,,-1.2566760917373547
2021-08-13,Indicador ESALQ/SP,SP,boi-gordo-indicador-esalq-bmf,317.35,boi-gordo-b3-prego-regular,2021-08,319.0,319.0,,-1.6499999999999773,,-0.5172413793103378
2021-08-16,Indicador ESALQ/SP,SP,boi-gordo-indicador-esalq-bmf,313.25,boi-gordo-b3-prego-regular,2021-08,318.0,318.0,,-4.75,,-1.4937106918238994
2021-08-17,Indicador ESALQ/SP,SP,boi-gordo-indicador-esalq-bmf,319.3,boi-gordo-b3-prego-regular,2021-08,314.5,314.5,,4.800000000000011,,1.5262321144674122
2021-08-18,Indicador ESALQ/SP,SP,boi-gordo-indicador-esalq-bmf,312.2,boi-gordo-b3-prego-regular,2021-08,314.0,314.0,,-1.8000000000000114,,-0.5732484076433157
2021-08-19,Indicador ESALQ/SP,SP,boi-gordo-indicador-esalq-bmf,314.7,boi-gordo-b3-prego-regular,2021-08,311.65,311.65,,3.0500000000000114,,0.9786619605326525
2021-08-20,Indicador ESALQ/SP,SP,boi-gordo-indicador-esalq-bmf,313.4,boi-gordo-b3-prego-regular,2021-08,311.7,311.7,,1.6999999999999886,,0.5453962143086265
2021-08-23,Indicador ESALQ/SP,SP,boi-gordo-indicador-esalq-bmf,313.75,boi-gordo-b3-prego-regular,2021-08,312.0,312.0,,1.75,,0.5608974358974359
2021-08-24,Indicador ESALQ/SP,SP,boi-gordo-indicador-esalq-bmf,313.0,boi-gordo-b3-prego-regular,2021-08,311.5,311.5,,1.5,,0.4815409309791332
2021-08-25,Indicador ESALQ/SP,SP,boi-gordo-indicador-esalq-bmf,313.4,boi-gordo-b3-prego-regular,2021-08,311.5,311.5,,1.8999999999999773,,0.6099518459068948
2021-08-26,Indicador ESALQ/SP,SP,boi-gordo-indicador-esalq-bmf,312.45,boi-gordo-b3-prego-regular,2021-08,312.0,312.0,,0.44999999999998863,,0.1442307692307656
2021-08-27,Indicador ESALQ/SP,SP,boi-gordo-indicador-esalq-bmf,310.85,boi-gordo-b3-prego-regular,2021-08,312.3,312.3,,-1.4499999999999886,,-0.464297150176109
2021-08-30,Indicador ESALQ/SP,SP,boi-gordo-indicador-esalq-bmf,317.3,boi-gordo-b3-prego-regular,2021-08,312.25,312.25,,5.050000000000011,,1.617293835068058
2021-08-31,Indicador ESALQ/SP,SP,boi-gordo-indicador-esalq-bmf,313.4,boi-gordo-b3-prego-regular,2021-08,313.0,313.0,,0.39999999999997726,,0.12779552715654227
2021-09-01,Indicador ESALQ/SP,SP,boi-gordo-indicador-esalq-bmf,305.5,boi-gordo-b3-prego-regular,2021-09,298.9,298.9,,6.600000000000023,,2.2080963532954243
2021-09-02,Indicador ESALQ/SP,SP,boi-gordo-indicador-esalq-bmf,305.1,boi-gordo-b3-prego-regular,2021-09,294.2,294.2,,10.900000000000034,,3.7049626104690807
2021-09-03,Indicador ESALQ/SP,SP,boi-gordo-indicador-esalq-bmf,305.1,boi-gordo-b3-prego-regular,2021-09,295.0,295.0,,10.100000000000023,,3.42372881355933
2021-09-06,Indicador ESALQ/SP,SP,boi-gordo-indicador-esalq-bmf,305.1,boi-gordo-b3-prego-regular,2021-09,304.6,304.6,,0.5,,0.16414970453053182
2021-09-08,Indicador ESALQ/SP,SP,boi-gordo-indicador-esalq-bmf,312.25,boi-gordo-b3-prego-regular,2021-09,302.0,302.0,,10.25,,3.3940397350993377
2021-09-09,Indicador ESALQ/SP,SP,boi-gordo-indicador-esalq-bmf,305.95,boi-gordo-b3-prego-regular,2021-09,294.8,294.8,,11.149999999999977,,3.7822252374491097
2021-09-10,Indicador ESALQ/SP,SP,boi-gordo-indicador-esalq-bmf,305.25,boi-gordo-b3-prego-regular,2021-09,295.55,295.55,,9.699999999999989,,3.282016579259005
2021-09-13,Indicador ESALQ/SP,SP,boi-gordo-indicador-esalq-bmf,310.6,boi-gordo-b3-prego-regular,2021-09,298.35,298.35,,12.25,,4.105915870621753
2021-09-14,Indicador ESALQ/SP,SP,boi-gordo-indicador-esalq-bmf,303.1,boi-gordo-b3-prego-regular,2021-09,298.0,298.0,,5.100000000000023,,1.711409395973162
2021-09-15,Indicador ESALQ/SP,SP,boi-gordo-indicador-esalq-bmf,295.0,boi-gordo-b3-prego-regular,2021-09,303.0,303.0,,-8.0,,-2.6402640264026402
2021-09-16,Indicador ESALQ/SP,SP,boi-gordo-indicador-esalq-bmf,302.45,boi-gordo-b3-prego-regular,2021-09,299.0,299.0,,3.4499999999999886,,1.1538461538461502
2021-09-17,Indicador ESALQ/SP,SP,boi-gordo-indicador-esalq-bmf,302.75,boi-gordo-b3-prego-regular,2021-09,301.5,301.5,,1.25,,0.41459369817578773
2021-09-20,Indicador ESALQ/SP,SP,boi-gordo-indicador-esalq-bmf,300.4,boi-gordo-b3-prego-regular,2021-09,302.5,302.5,,-2.1000000000000227,,-0.6942148760330654
2021-09-21,Indicador ESALQ/SP,SP,boi-gordo-indicador-esalq-bmf,300.6,boi-gordo-b3-prego-regular,2021-09,303.0,303.0,,-2.3999999999999773,,-0.7920792079207847
2021-09-22,Indicador ESALQ/SP,SP,boi-gordo-indicador-esalq-bmf,299.3,boi-gordo-b3-prego-regular,2021-09,302.85,302.85,,-3.5500000000000114,,-1.1721974574872085
2021-09-23,Indicador ESALQ/SP,SP,boi-gordo-indicador-esalq-bmf,298.8,boi-gordo-b3-prego-regular,2021-09,299.35,299.35,,-0.5500000000000114,,-0.18373141807249418
2021-09-24,Indicador ESALQ/SP,SP,boi-gordo-indicador-esalq-bmf,300.25,boi-gordo-b3-prego-regular,2021-09,299.65,299.65,,0.6000000000000227,,0.2002336058735267
2021-09-27,Indicador ESALQ/SP,SP,boi-gordo-indicador-esalq-bmf,304.45,boi-gordo-b3-prego-regular,2021-09,298.55,298.55,,5.899999999999977,,1.9762183888795768
2021-09-28,Indicador ESALQ/SP,SP,boi-gordo-indicador-esalq-bmf,294.7,boi-gordo-b3-prego-regular,2021-09,301.5,301.5,,-6.800000000000011,,-2.255389718076289
2021-09-29,Indicador ESALQ/SP,SP,boi-gordo-indicador-esalq-bmf,294.8,boi-gordo-b3-prego-regular,2021-09,298.8,298.8,,-4.0,,-1.3386880856760375
2021-09-30,Indicador ESALQ/SP,SP,boi-gordo-indicador-esalq-bmf,291.6,boi-gordo-b3-prego-regular,2021-09,297.1,297.1,,-5.5,,-1.8512285425782562
2021-10-01,Indicador ESALQ/SP,SP,boi-gordo-indicador-esalq-bmf,292.25,boi-gordo-b3-prego-regular,2021-10,283.5,283.5,,8.75,,3.0864197530864197
2021-10-04,Indicador ESALQ/SP,SP,boi-gordo-indicador-esalq-bmf,286.55,boi-gordo-b3-prego-regular,2021-10,274.8,274.8,,11.75,,4.275836972343523
2021-10-05,Indicador ESALQ/SP,SP,boi-gordo-indicador-esalq-bmf,283.0,boi-gordo-b3-prego-regular,2021-10,285.45,285.45,,-2.4499999999999886,,-0.8582939218777329
2021-10-06,Indicador ESALQ/SP,SP,boi-gordo-indicador-esalq-bmf,280.9,boi-gordo-b3-prego-regular,2021-10,282.35,282.35,,-1.4500000000000455,,-0.5135470161147673
2021-10-07,Indicador ESALQ/SP,SP,boi-gordo-indicador-esalq-bmf,282.7,boi-gordo-b3-prego-regular,2021-10,275.25,275.25,,7.449999999999989,,2.706630336058125
2021-10-08,Indicador ESALQ/SP,SP,boi-gordo-indicador-esalq-bmf,271.25,boi-gordo-b3-prego-regular,2021-10,279.3,279.3,,-8.050000000000011,,-2.882205513784465
2021-10-11,Indicador ESALQ/SP,SP,boi-gordo-indicador-esalq-bmf,271.25,boi-gordo-b3-prego-regular,2021-10,277.7,277.7,,-6.449999999999989,,-2.3226503420957827
2021-10-13,Indicador ESALQ/SP,SP,boi-gordo-indicador-esalq-bmf,270.5,boi-gordo-b3-prego-regular,2021-10,272.5,272.5,,-2.0,,-0.7339449541284404
2021-10-14,Indicador ESALQ/SP,SP,boi-gordo-indicador-esalq-bmf,271.55,boi-gordo-b3-prego-regular,2021-10,268.05,268.05,,3.5,,1.3057265435553067
2021-10-15,Indicador ESALQ/SP,SP,boi-gordo-indicador-esalq-bmf,266.8,boi-gordo-b3-prego-regular,2021-10,270.5,270.5,,-3.6999999999999886,,-1.3678373382624727
2021-10-18,Indicador ESALQ/SP,SP,boi-gordo-indicador-esalq-bmf,267.8,boi-gordo-b3-prego-regular,2021-10,271.05,271.05,,-3.25,,-1.1990407673860912
2021-10-19,Indicador ESALQ/SP,SP,boi-gordo-indicador-esalq-bmf,272.55,boi-gordo-b3-prego-regular,2021-10,269.0,269.0,,3.5500000000000114,,1.3197026022304876
2021-10-20,Indicador ESALQ/SP,SP,boi-gordo-indicador-esalq-bmf,262.9,boi-gordo-b3-prego-regular,2021-10,267.5,267.5,,-4.600000000000023,,-1.7196261682243075
2021-10-21,Indicador ESALQ/SP,SP,boi-gordo-indicador-esalq-bmf,262.8,boi-gordo-b3-prego-regular,2021-10,264.6,264.6,,-1.8000000000000114,,-0.6802721088435416
2021-10-22,Indicador ESALQ/SP,SP,boi-gordo-indicador-esalq-bmf,260.2,boi-gordo-b3-prego-regular,2021-10,264.4,264.4,,-4.199999999999989,,-1.5885022692889519
2021-10-25,Indicador ESALQ/SP,SP,boi-gordo-indicador-esalq-bmf,263.35,boi-gordo-b3-prego-regular,2021-10,263.95,263.95,,-0.5999999999999659,,-0.22731577950368098
2021-10-26,Indicador ESALQ/SP,SP,boi-gordo-indicador-esalq-bmf,257.25,boi-gordo-b3-prego-regular,2021-10,264.0,264.0,,-6.75,,-2.556818181818182
2021-10-27,Indicador ESALQ/SP,SP,boi-gordo-indicador-esalq-bmf,256.45,boi-gordo-b3-prego-regular,2021-10,259.4,259.4,,-2.9499999999999886,,-1.1372397841171893
2021-10-28,Indicador ESALQ/SP,SP,boi-gordo-indicador-esalq-bmf,254.1,boi-gordo-b3-prego-regular,2021-10,259.0,259.0,,-4.900000000000006,,-1.891891891891894
2021-10-29,Indicador ESALQ/SP,SP,boi-gordo-indicador-esalq-bmf,257.1,boi-gordo-b3-prego-regular,2021-10,257.7,257.7,,-0.5999999999999659,,-0.23282887077996348
2021-11-01,Indicador ESALQ/SP,SP,boi-gordo-indicador-esalq-bmf,263.95,boi-gordo-b3-prego-regular,2021-11,274.85,274.85,,-10.900000000000034,,-3.9657995270147475
2021-11-03,Indicador ESALQ/SP,SP,boi-gordo-indicador-esalq-bmf,256.65,boi-gordo-b3-prego-regular,2021-11,273.0,273.0,,-16.350000000000023,,-5.989010989010998
2021-11-04,Indicador ESALQ/SP,SP,boi-gordo-indicador-esalq-bmf,267.75,boi-gordo-b3-prego-regular,2021-11,277.4,277.4,,-9.649999999999977,,-3.478731074260987
2021-11-05,Indicador ESALQ/SP,SP,boi-gordo-indicador-esalq-bmf,264.6,boi-gordo-b3-prego-regular,2021-11,284.5,284.5,,-19.899999999999977,,-6.994727592267128
2021-11-08,Indicador ESALQ/SP,SP,boi-gordo-indicador-esalq-bmf,267.85,boi-gordo-b3-prego-regular,2021-11,289.4,289.4,,-21.549999999999955,,-7.44644091223219
2021-11-09,Indicador ESALQ/SP,SP,boi-gordo-indicador-esalq-bmf,280.7,boi-gordo-b3-prego-regular,2021-11,291.95,291.95,,-11.25,,-3.853399554718274
2021-11-10,Indicador ESALQ/SP,SP,boi-gordo-indicador-esalq-bmf,291.2,boi-gordo-b3-prego-regular,2021-11,300.0,300.0,,-8.800000000000011,,-2.933333333333337
2021-11-11,Indicador ESALQ/SP,SP,boi-gordo-indicador-esalq-bmf,294.8,boi-gordo-b3-prego-regular,2021-11,303.5,303.5,,-8.699999999999989,,-2.866556836902797
2021-11-12,Indicador ESALQ/SP,SP,boi-gordo-indicador-esalq-bmf,301.0,boi-gordo-b3-prego-regular,2021-11,306.5,306.5,,-5.5,,-1.794453507340946
2021-11-16,Indicador ESALQ/SP,SP,boi-gordo-indicador-esalq-bmf,303.15,boi-gordo-b3-prego-regular,2021-11,306.4,306.4,,-3.25,,-1.0607049608355092
2021-11-17,Indicador ESALQ/SP,SP,boi-gordo-indicador-esalq-bmf,304.8,boi-gordo-b3-prego-regular,2021-11,312.7,312.7,,-7.899999999999977,,-2.5263831148065163
2021-11-18,Indicador ESALQ/SP,SP,boi-gordo-indicador-esalq-bmf,313.0,boi-gordo-b3-prego-regular,2021-11,314.25,314.25,,-1.25,,-0.3977724741447892
2021-11-19,Indicador ESALQ/SP,SP,boi-gordo-indicador-esalq-bmf,314.15,boi-gordo-b3-prego-regular,2021-11,318.0,318.0,,-3.8500000000000227,,-1.2106918238993782
2021-11-22,Indicador ESALQ/SP,SP,boi-gordo-indicador-esalq-bmf,315.9,boi-gordo-b3-prego-regular,2021-11,318.9,318.9,,-3.0,,-0.9407337723424272
2021-11-23,Indicador ESALQ/SP,SP,boi-gordo-indicador-esalq-bmf,316.9,boi-gordo-b3-prego-regular,2021-11,319.05,319.05,,-2.150000000000034,,-0.673875568092786
2021-11-24,Indicador ESALQ/SP,SP,boi-gordo-indicador-esalq-bmf,316.65,boi-gordo-b3-prego-regular,2021-11,317.4,317.4,,-0.75,,-0.23629489603024575
2021-11-25,Indicador ESALQ/SP,SP,boi-gordo-indicador-esalq-bmf,317.9,boi-gordo-b3-prego-regular,2021-11,318.05,318.05,,-0.1500000000000341,,-0.04716239584971989
2021-11-26,Indicador ESALQ/SP,SP,boi-gordo-indicador-esalq-bmf,318.1,boi-gordo-b3-prego-regular,2021-11,319.65,319.65,,-1.5499999999999545,,-0.48490536524322064
2021-11-29,Indicador ESALQ/SP,SP,boi-gordo-indicador-esalq-bmf,321.8,boi-gordo-b3-prego-regular,2021-11,318.4,318.4,,3.400000000000034,,1.0678391959799103
2021-11-30,Indicador ESALQ/SP,SP,boi-gordo-indicador-esalq-bmf,322.3,boi-gordo-b3-prego-regular,2021-11,319.35,319.35,,2.9499999999999886,,0.9237513699702484
2021-12-01,Indicador ESALQ/SP,SP,boi-gordo-indicador-esalq-bmf,321.6,boi-gordo-b3-prego-regular,2021-12,322.0,322.0,,-0.39999999999997726,,-0.12422360248446498
2021-12-02,Indicador ESALQ/SP,SP,boi-gordo-indicador-esalq-bmf,324.35,boi-gordo-b3-prego-regular,2021-12,317.25,317.25,,7.100000000000023,,2.2379826635145856
2021-12-03,Indicador ESALQ/SP,SP,boi-gordo-indicador-esalq-bmf,312.95,boi-gordo-b3-prego-regular,2021-12,315.45,315.45,,-2.5,,-0.7925186241876684
2021-12-06,Indicador ESALQ/SP,SP,boi-gordo-indicador-esalq-bmf,322.1,boi-gordo-b3-prego-regular,2021-12,315.0,315.0,,7.100000000000023,,2.2539682539682615
2021-12-07,Indicador ESALQ/SP,SP,boi-gordo-indicador-esalq-bmf,316.5,boi-gordo-b3-prego-regular,2021-12,313.4,313.4,,3.1000000000000227,,0.989151244416089
2021-12-08,Indicador ESALQ/SP,SP,boi-gordo-indicador-esalq-bmf,319.5,boi-gordo-b3-prego-regular,2021-12,307.6,307.6,,11.899999999999977,,3.8686605981794466
2021-12-09,Indicador ESALQ/SP,SP,boi-gordo-indicador-esalq-bmf,312.25,boi-gordo-b3-prego-regular,2021-12,306.5,306.5,,5.75,,1.8760195758564437
2021-12-10,Indicador ESALQ/SP,SP,boi-gordo-indicador-esalq-bmf,311.2,boi-gordo-b3-prego-regular,2021-12,307.6,307.6,,3.599999999999966,,1.1703511053315883
2021-12-13,Indicador ESALQ/SP,SP,boi-gordo-indicador-esalq-bmf,316.35,boi-gordo-b3-prego-regular,2021-12,309.95,309.95,,6.400000000000034,,2.064849169220853
2021-12-14,Indicador ESALQ/SP,SP,boi-gordo-indicador-esalq-bmf,310.4,boi-gordo-b3-prego-regular,2021-12,311.6,311.6,,-1.2000000000000455,,-0.3851091142490518
2021-12-15,Indicador ESALQ/SP,SP,boi-gordo-indicador-esalq-bmf,308.0,boi-gordo-b3-prego-regular,2021-12,326.95,326.95,,-18.94999999999999,,-5.795993271142373
2021-12-16,Indicador ESALQ/SP,SP,boi-gordo-indicador-esalq-bmf,316.65,boi-gordo-b3-prego-regular,2021-12,325.55,325.55,,-8.900000000000034,,-2.733835048379676
2021-12-17,Indicador ESALQ/SP,SP,boi-gordo-indicador-esalq-bmf,318.85,boi-gordo-b3-prego-regular,2021-12,327.6,327.6,,-8.75,,-2.6709401709401708
2021-12-20,Indicador ESALQ/SP,SP,boi-gordo-indicador-esalq-bmf,317.7,boi-gordo-b3-prego-regular,2021-12,330.0,330.0,,-12.300000000000011,,-3.7272727272727306
2021-12-21,Indicador ESALQ/SP,SP,boi-gordo-indicador-esalq-bmf,327.75,boi-gordo-b3-prego-regular,2021-12,328.5,328.5,,-0.75,,-0.228310502283105
2021-12-22,Indicador ESALQ/SP,SP,boi-gordo-indicador-esalq-bmf,322.4,boi-gordo-b3-prego-regular,2021-12,328.5,328.5,,-6.100000000000023,,-1.8569254185692612
2021-12-23,Indicador ESALQ/SP,SP,boi-gordo-indicador-esalq-bmf,327.5,boi-gordo-b3-prego-regular,2021-12,327.95,327.95,,-0.44999999999998863,,-0.13721603903033652
2021-12-27,Indicador ESALQ/SP,SP,boi-gordo-indicador-esalq-bmf,329.1,boi-gordo-b3-prego-regular,2021-12,329.05,329.05,,0.05000000000001137,,0.015195259079170752
2021-12-28,Indicador ESALQ/SP,SP,boi-gordo-indicador-esalq-bmf,331.4,boi-gordo-b3-prego-regular,2021-12,330.65,330.65,,0.75,,0.22682594888855287
2021-12-30,Indicador ESALQ/SP,SP,boi-gordo-indicador-esalq-bmf,335.85,boi-gordo-b3-prego-regular,2021-12,331.5,331.5,,4.350000000000023,,1.3122171945701426
2022-01-03,Indicador ESALQ/SP,SP,boi-gordo-indicador-esalq-bmf,334.5,boi-gordo-b3-prego-regular,2022-01,343.9,343.9,,-9.399999999999977,,-2.733352718813602
2022-01-04,Indicador ESALQ/SP,SP,boi-gordo-indicador-esalq-bmf,339.65,boi-gordo-b3-prego-regular,2022-01,344.0,344.0,,-4.350000000000023,,-1.264534883720937
2022-01-05,Indicador ESALQ/SP,SP,boi-gordo-indicador-esalq-bmf,345.25,boi-gordo-b3-prego-regular,2022-01,337.35,337.35,,7.899999999999977,,2.3417815325329707
2022-01-06,Indicador ESALQ/SP,SP,boi-gordo-indicador-esalq-bmf,337.6,boi-gordo-b3-prego-regular,2022-01,337.05,337.05,,0.5500000000000114,,0.16318053701231608
2022-01-07,Indicador ESALQ/SP,SP,boi-gordo-indicador-esalq-bmf,331.4,boi-gordo-b3-prego-regular,2022-01,337.4,337.4,,-6.0,,-1.7783046828689986
2022-01-10,Indicador ESALQ/SP,SP,boi-gordo-indicador-esalq-bmf,339.0,boi-gordo-b3-prego-regular,2022-01,340.95,340.95,,-1.9499999999999886,,-0.5719313682358085
2022-01-11,Indicador ESALQ/SP,SP,boi-gordo-indicador-esalq-bmf,333.7,boi-gordo-b3-prego-regular,2022-01,338.3,338.3,,-4.600000000000023,,-1.359739875849844
2022-01-12,Indicador ESALQ/SP,SP,boi-gordo-indicador-esalq-bmf,335.05,boi-gordo-b3-prego-regular,2022-01,338.2,338.2,,-3.1499999999999773,,-0.9314015375517378
2022-01-13,Indicador ESALQ/SP,SP,boi-gordo-indicador-esalq-bmf,333.7,boi-gordo-b3-prego-regular,2022-01,336.7,336.7,,-3.0,,-0.8910008910008911
2022-01-14,Indicador ESALQ/SP,SP,boi-gordo-indicador-esalq-bmf,335.5,boi-gordo-b3-prego-regular,2022-01,336.6,336.6,,-1.1000000000000227,,-0.32679738562092175
2022-01-17,Indicador ESALQ/SP,SP,boi-gordo-indicador-esalq-bmf,337.15,boi-gordo-b3-prego-regular,2022-01,338.3,338.3,,-1.150000000000034,,-0.33993496896246944
2022-01-18,Indicador ESALQ/SP,SP,boi-gordo-indicador-esalq-bmf,333.95,boi-gordo-b3-prego-regular,2022-01,339.0,339.0,,-5.050000000000011,,-1.4896755162241921
2022-01-19,Indicador ESALQ/SP,SP,boi-gordo-indicador-esalq-bmf,337.2,boi-gordo-b3-prego-regular,2022-01,338.6,338.6,,-1.400000000000034,,-0.41346721795630065
2022-01-20,Indicador ESALQ/SP,SP,boi-gordo-indicador-esalq-bmf,339.25,boi-gordo-b3-prego-regular,2022-01,337.0,337.0,,2.25,,0.6676557863501483
2022-01-21,Indicador ESALQ/SP,SP,boi-gordo-indicador-esalq-bmf,344.2,boi-gordo-b3-prego-regular,2022-01,337.0,337.0,,7.199999999999989,,2.1364985163204713
2022-01-24,Indicador ESALQ/SP,SP,boi-gordo-indicador-esalq-bmf,338.2,boi-gordo-b3-prego-regular,2022-01,339.2,339.2,,-1.0,,-0.294811320754717
2022-01-25,Indicador ESALQ/SP,SP,boi-gordo-indicador-esalq-bmf,343.1,boi-gordo-b3-prego-regular,2022-01,339.0,339.0,,4.100000000000023,,1.2094395280236057
2022-01-26,Indicador ESALQ/SP,SP,boi-gordo-indicador-esalq-bmf,342.3,boi-gordo-b3-prego-regular,2022-01,341.4,341.4,,0.9000000000000341,,0.2636203866432438
2022-01-27,Indicador ESALQ/SP,SP,boi-gordo-indicador-esalq-bmf,343.7,boi-gordo-b3-prego-regular,2022-01,341.15,341.15,,2.5500000000000114,,0.7474717866041365
2022-01-28,Indicador ESALQ/SP,SP,boi-gordo-indicador-esalq-bmf,339.4,boi-gordo-b3-prego-regular,2022-01,342.35,342.35,,-2.9500000000000455,,-0.8616912516430686
2022-01-31,Indicador ESALQ/SP,SP,boi-gordo-indicador-esalq-bmf,343.8,boi-gordo-b3-prego-regular,2022-01,341.5,341.5,,2.3000000000000114,,0.6734992679355817
2022-02-01,Indicador ESALQ/SP,SP,boi-gordo-indicador-esalq-bmf,333.9,boi-gordo-b3-prego-regular,2022-02,335.5,335.5,,-1.6000000000000227,,-0.47690014903130334
2022-02-02,Indicador ESALQ/SP,SP,boi-gordo-indicador-esalq-bmf,334.7,boi-gordo-b3-prego-regular,2022-02,337.85,337.85,,-3.150000000000034,,-0.9323664348083569
2022-02-03,Indicador ESALQ/SP,SP,boi-gordo-indicador-esalq-bmf,334.0,boi-gordo-b3-prego-regular,2022-02,341.6,341.6,,-7.600000000000023,,-2.2248243559719034
2022-02-04,Indicador ESALQ/SP,SP,boi-gordo-indicador-esalq-bmf,343.9,boi-gordo-b3-prego-regular,2022-02,340.1,340.1,,3.7999999999999545,,1.1173184357541766
2022-02-07,Indicador ESALQ/SP,SP,boi-gordo-indicador-esalq-bmf,330.3,boi-gordo-b3-prego-regular,2022-02,342.3,342.3,,-12.0,,-3.5056967572304996
2022-02-08,Indicador ESALQ/SP,SP,boi-gordo-indicador-esalq-bmf,339.35,boi-gordo-b3-prego-regular,2022-02,343.5,343.5,,-4.149999999999977,,-1.2081513828238652
2022-02-09,Indicador ESALQ/SP,SP,boi-gordo-indicador-esalq-bmf,341.05,boi-gordo-b3-prego-regular,2022-02,343.25,343.25,,-2.1999999999999886,,-0.6409322651128881
2022-02-10,Indicador ESALQ/SP,SP,boi-gordo-indicador-esalq-bmf,342.1,boi-gordo-b3-prego-regular,2022-02,341.0,341.0,,1.1000000000000227,,0.322580645161297
2022-02-11,Indicador ESALQ/SP,SP,boi-gordo-indicador-esalq-bmf,342.05,boi-gordo-b3-prego-regular,2022-02,342.2,342.2,,-0.14999999999997726,,-0.043834015195785295
2022-02-14,Indicador ESALQ/SP,SP,boi-gordo-indicador-esalq-bmf,338.9,boi-gordo-b3-prego-regular,2022-02,341.0,341.0,,-2.1000000000000227,,-0.6158357771261064
2022-02-15,Indicador ESALQ/SP,SP,boi-gordo-indicador-esalq-bmf,338.15,boi-gordo-b3-prego-regular,2022-02,340.35,340.35,,-2.2000000000000455,,-0.6463934185397517
2022-02-16,Indicador ESALQ/SP,SP,boi-gordo-indicador-esalq-bmf,340.65,boi-gordo-b3-prego-regular,2022-02,341.45,341.45,,-0.8000000000000114,,-0.23429491872895342
2022-02-17,Indicador ESALQ/SP,SP,boi-gordo-indicador-esalq-bmf,345.9,boi-gordo-b3-prego-regular,2022-02,342.3,342.3,,3.599999999999966,,1.0517090271691398
2022-02-18,Indicador ESALQ/SP,SP,boi-gordo-indicador-esalq-bmf,340.9,boi-gordo-b3-prego-regular,2022-02,345.05,345.05,,-4.150000000000034,,-1.2027242428633629
2022-02-21,Indicador ESALQ/SP,SP,boi-gordo-indicador-esalq-bmf,343.6,boi-gordo-b3-prego-regular,2022-02,344.35,344.35,,-0.75,,-0.2178016552925802
2022-02-22,Indicador ESALQ/SP,SP,boi-gordo-indicador-esalq-bmf,348.4,boi-gordo-b3-prego-regular,2022-02,343.95,343.95,,4.449999999999989,,1.2937927024276752
2022-02-23,Indicador ESALQ/SP,SP,boi-gordo-indicador-esalq-bmf,343.95,boi-gordo-b3-prego-regular,2022-02,346.4,346.4,,-2.4499999999999886,,-0.7072748267898351
2022-02-24,Indicador ESALQ/SP,SP,boi-gordo-indicador-esalq-bmf,340.7,boi-gordo-b3-prego-regular,2022-02,345.0,345.0,,-4.300000000000011,,-1.2463768115942062
2022-02-25,Indicador ESALQ/SP,SP,boi-gordo-indicador-esalq-bmf,343.05,boi-gordo-b3-prego-regular,2022-02,344.5,344.5,,-1.4499999999999886,,-0.42089985486211573
2022-03-02,Indicador ESALQ/SP,SP,boi-gordo-indicador-esalq-bmf,339.85,boi-gordo-b3-prego-regular,2022-03,347.6,347.6,,-7.75,,-2.2295742232451095
2022-03-03,Indicador ESALQ/SP,SP,boi-gordo-indicador-esalq-bmf,342.35,boi-gordo-b3-prego-regular,2022-03,348.8,348.8,,-6.449999999999989,,-1.8491972477064185
2022-03-04,Indicador ESALQ/SP,SP,boi-gordo-indicador-esalq-bmf,341.15,boi-gordo-b3-prego-regular,2022-03,347.4,347.4,,-6.25,,-1.799078871617732
2022-03-07,Indicador ESALQ/SP,SP,boi-gordo-indicador-esalq-bmf,345.35,boi-gordo-b3-prego-regular,2022-03,344.4,344.4,,0.9500000000000455,,0.2758420441347403
2022-03-08,Indicador ESALQ/SP,SP,boi-gordo-indicador-esalq-bmf,350.35,boi-gordo-b3-prego-regular,2022-03,343.05,343.05,,7.300000000000011,,2.1279696837195776
2022-03-09,Indicador ESALQ/SP,SP,boi-gordo-indicador-esalq-bmf,342.8,boi-gordo-b3-prego-regular,2022-03,346.5,346.5,,-3.6999999999999886,,-1.0678210678210647
2022-03-10,Indicador ESALQ/SP,SP,boi-gordo-indicador-esalq-bmf,345.2,boi-gordo-b3-prego-regular,2022-03,345.2,345.2,,0.0,,0.0
2022-03-11,Indicador ESALQ/SP,SP,boi-gordo-indicador-esalq-bmf,347.0,boi-gordo-b3-prego-regular,2022-03,346.45,346.45,,0.5500000000000114,,0.15875306682061233
2022-03-14,Indicador ESALQ/SP,SP,boi-gordo-indicador-esalq-bmf,345.05,boi-gordo-b3-prego-regular,2022-03,346.8,346.8,,-1.75,,-0.5046136101499423
2022-03-15,Indicador ESALQ/SP,SP,boi-gordo-indicador-esalq-bmf,341.1,boi-gordo-b3-prego-regular,2022-03,345.6,345.6,,-4.5,,-1.3020833333333333
2022-03-16,Indicador ESALQ/SP,SP,boi-gordo-indicador-esalq-bmf,343.3,boi-gordo-b3-prego-regular,2022-03,343.6,343.6,,-0.30000000000001137,,-0.08731082654249457
2022-03-17,Indicador ESALQ/SP,SP,boi-gordo-indicador-esalq-bmf,349.45,boi-gordo-b3-prego-regular,2022-03,341.5,341.5,,7.949999999999989,,2.327964860907757
2022-03-18,Indicador ESALQ/SP,SP,boi-gordo-indicador-esalq-bmf,349.05,boi-gordo-b3-prego-regular,2022-03,342.75,342.75,,6.300000000000011,,1.8380743982494563
2022-03-21,Indicador ESALQ/SP,SP,boi-gordo-indicador-esalq-bmf,346.0,boi-gordo-b3-prego-regular,2022-03,343.0,343.0,,3.0,,0.8746355685131195
2022-03-22,Indicador ESALQ/SP,SP,boi-gordo-indicador-esalq-bmf,349.1,boi-gordo-b3-prego-regular,2022-03,343.85,343.85,,5.25,,1.5268285589646646
2022-03-23,Indicador ESALQ/SP,SP,boi-gordo-indicador-esalq-bmf,345.3,boi-gordo-b3-prego-regular,2022-03,343.75,343.75,,1.5500000000000114,,0.45090909090909415
2022-03-24,Indicador ESALQ/SP,SP,boi-gordo-indicador-esalq-bmf,352.05,boi-gordo-b3-prego-regular,2022-03,342.85,342.85,,9.199999999999989,,2.6833892372757733
2022-03-25,Indicador ESALQ/SP,SP,boi-gordo-indicador-esalq-bmf,347.0,boi-gordo-b3-prego-regular,2022-03,344.0,344.0,,3.0,,0.872093023255814
2022-03-28,Indicador ESALQ/SP,SP,boi-gordo-indicador-esalq-bmf,349.95,boi-gordo-b3-prego-regular,2022-03,343.65,343.65,,6.300000000000011,,1.8332605848974282
2022-03-29,Indicador ESALQ/SP,SP,boi-gordo-indicador-esalq-bmf,341.6,boi-gordo-b3-prego-regular,2022-03,345.2,345.2,,-3.599999999999966,,-1.0428736964078695
2022-03-30,Indicador ESALQ/SP,SP,boi-gordo-indicador-esalq-bmf,347.35,boi-gordo-b3-prego-regular,2022-03,343.95,343.95,,3.400000000000034,,0.9885157726413821
2022-03-31,Indicador ESALQ/SP,SP,boi-gordo-indicador-esalq-bmf,323.25,boi-gordo-b3-prego-regular,2022-03,345.7,345.7,,-22.44999999999999,,-6.494070002892678
2022-04-01,Indicador ESALQ/SP,SP,boi-gordo-indicador-esalq-bmf,341.6,boi-gordo-b3-prego-regular,2022-04,326.85,326.85,,14.75,,4.5127734434755995
2022-04-04,Indicador ESALQ/SP,SP,boi-gordo-indicador-esalq-bmf,335.4,boi-gordo-b3-prego-regular,2022-04,326.05,326.05,,9.349999999999966,,2.8676583346112454
2022-04-05,Indicador ESALQ/SP,SP,boi-gordo-indicador-esalq-bmf,333.4,boi-gordo-b3-prego-regular,2022-04,324.05,324.05,,9.349999999999966,,2.8853571979632666
2022-04-06,Indicador ESALQ/SP,SP,boi-gordo-indicador-esalq-bmf,336.7,boi-gordo-b3-prego-regular,2022-04,324.0,324.0,,12.699999999999989,,3.919753086419749
2022-04-07,Indicador ESALQ/SP,SP,boi-gordo-indicador-esalq-bmf,327.4,boi-gordo-b3-prego-regular,2022-04,323.05,323.05,,4.349999999999966,,1.3465407831604908
2022-04-11,Indicador ESALQ/SP,SP,boi-gordo-indicador-esalq-bmf,338.6,boi-gordo-b3-prego-regular,2022-04,325.0,325.0,,13.600000000000023,,4.184615384615391
2022-04-12,Indicador ESALQ/SP,SP,boi-gordo-indicador-esalq-bmf,337.1,boi-gordo-b3-prego-regular,2022-04,329.8,329.8,,7.300000000000011,,2.2134627046695
2022-04-13,Indicador ESALQ/SP,SP,boi-gordo-indicador-esalq-bmf,336.3,boi-gordo-b3-prego-regular,2022-04,327.3,327.3,,9.0,,2.749770852428964
2022-04-14,Indicador ESALQ/SP,SP,boi-gordo-indicador-esalq-bmf,338.9,boi-gordo-b3-prego-regular,2022-04,327.1,327.1,,11.799999999999955,,3.6074594925099213
2022-04-18,Indicador ESALQ/SP,SP,boi-gordo-indicador-esalq-bmf,328.8,boi-gordo-b3-prego-regular,2022-04,326.4,326.4,,2.400000000000034,,0.7352941176470693
2022-04-19,Indicador ESALQ/SP,SP,boi-gordo-indicador-esalq-bmf,340.25,boi-gordo-b3-prego-regular,2022-04,326.0,326.0,,14.25,,4.3711656441717786
2022-04-20,Indicador ESALQ/SP,SP,boi-gordo-indicador-esalq-bmf,331.4,boi-gordo-b3-prego-regular,2022-04,329.65,329.65,,1.75,,0.5308660700743213
2022-04-22,Indicador ESALQ/SP,SP,boi-gordo-indicador-esalq-bmf,327.75,boi-gordo-b3-prego-regular,2022-04,329.3,329.3,,-1.5500000000000114,,-0.4706954145156427
2022-04-25,Indicador ESALQ/SP,SP,boi-gordo-indicador-esalq-bmf,328.9,boi-gordo-b3-prego-regular,2022-04,330.0,330.0,,-1.1000000000000227,,-0.3333333333333402
2022-04-26,Indicador ESALQ/SP,SP,boi-gordo-indicador-esalq-bmf,334.0,boi-gordo-b3-prego-regular,2022-04,330.0,330.0,,4.0,,1.2121212121212122
2022-04-27,Indicador ESALQ/SP,SP,boi-gordo-indicador-esalq-bmf,335.6,boi-gordo-b3-prego-regular,2022-04,332.25,332.25,,3.3500000000000227,,1.0082768999247622
2022-04-28,Indicador ESALQ/SP,SP,boi-gordo-indicador-esalq-bmf,333.3,boi-gordo-b3-prego-regular,2022-04,332.85,332.85,,0.44999999999998863,,0.1351960342496586
2022-04-29,Indicador ESALQ/SP,SP,boi-gordo-indicador-esalq-bmf,334.85,boi-gordo-b3-prego-regular,2022-04,332.55,332.55,,2.3000000000000114,,0.6916253195008304
2022-05-02,Indicador ESALQ/SP,SP,boi-gordo-indicador-esalq-bmf,328.9,boi-gordo-b3-prego-regular,2022-05,321.75,321.75,,7.149999999999977,,2.222222222222215
2022-05-03,Indicador ESALQ/SP,SP,boi-gordo-indicador-esalq-bmf,339.3,boi-gordo-b3-prego-regular,2022-05,324.45,324.45,,14.850000000000023,,4.576976421636623
2022-05-04,Indicador ESALQ/SP,SP,boi-gordo-indicador-esalq-bmf,331.95,boi-gordo-b3-prego-regular,2022-05,323.05,323.05,,8.899999999999977,,2.7549914873858463
2022-05-05,Indicador ESALQ/SP,SP,boi-gordo-indicador-esalq-bmf,333.25,boi-gordo-b3-prego-regular,2022-05,323.5,323.5,,9.75,,3.0139103554868623
2022-05-06,Indicador ESALQ/SP,SP,boi-gordo-indicador-esalq-bmf,333.25,boi-gordo-b3-prego-regular,2022-05,322.65,322.65,,10.600000000000023,,3.2852936618627067
2022-05-09,Indicador ESALQ/SP,SP,boi-gordo-indicador-esalq-bmf,331.3,boi-gordo-b3-prego-regular,2022-05,318.65,318.65,,12.650000000000034,,3.969872901302381
2022-05-10,Indicador ESALQ/SP,SP,boi-gordo-indicador-esalq-bmf,330.5,boi-gordo-b3-prego-regular,2022-05,319.9,319.9,,10.600000000000023,,3.3135354798374568
2022-05-11,Indicador ESALQ/SP,SP,boi-gordo-indicador-esalq-bmf,311.15,boi-gordo-b3-prego-regular,2022-05,319.35,319.35,,-8.200000000000045,,-2.567715672459698
2022-05-12,Indicador ESALQ/SP,SP,boi-gordo-indicador-esalq-bmf,325.4,boi-gordo-b3-prego-regular,2022-05,316.7,316.7,,8.699999999999989,,2.747079254815279
2022-05-13,Indicador ESALQ/SP,SP,boi-gordo-indicador-esalq-bmf,327.45,boi-gordo-b3-prego-regular,2022-05,316.8,316.8,,10.649999999999977,,3.361742424242417
2022-05-16,Indicador ESALQ/SP,SP,boi-gordo-indicador-esalq-bmf,334.8,boi-gordo-b3-prego-regular,2022-05,319.0,319.0,,15.800000000000011,,4.952978056426336
2022-05-17,Indicador ESALQ/SP,SP,boi-gordo-indicador-esalq-bmf,323.4,boi-gordo-b3-prego-regular,2022-05,320.4,320.4,,3.0,,0.9363295880149813
2022-05-18,Indicador ESALQ/SP,SP,boi-gordo-indicador-esalq-bmf,307.25,boi-gordo-b3-prego-regular,2022-05,318.7,318.7,,-11.449999999999989,,-3.5927204267336017
2022-05-19,Indicador ESALQ/SP,SP,boi-gordo-indicador-esalq-bmf,311.5,boi-gordo-b3-prego-regular,2022-05,315.1,315.1,,-3.6000000000000227,,-1.1424944462075604
2022-05-20,Indicador ESALQ/SP,SP,boi-gordo-indicador-esalq-bmf,324.45,boi-gordo-b3-prego-regular,2022-05,312.55,312.55,,11.899999999999977,,3.807390817469197
2022-05-23,Indicador ESALQ/SP,SP,boi-gordo-indicador-esalq-bmf,305.2,boi-gordo-b3-prego-regular,2022-05,312.0,312.0,,-6.800000000000011,,-2.1794871794871833
2022-05-24,Indicador ESALQ/SP,SP,boi-gordo-indicador-esalq-bmf,314.15,boi-gordo-b3-prego-regular,2022-05,308.3,308.3,,5.849999999999966,,1.8975024326954155
2022-05-25,Indicador ESALQ/SP,SP,boi-gordo-indicador-esalq-bmf,318.2,boi-gordo-b3-prego-regular,2022-05,309.9,309.9,,8.300000000000011,,2.6782833171991003
2022-05-26,Indicador ESALQ/SP,SP,boi-gordo-indicador-esalq-bmf,319.1,boi-gordo-b3-prego-regular,2022-05,312.15,312.15,,6.9500000000000455,,2.226493672913678
2022-05-27,Indicador ESALQ/SP,SP,boi-gordo-indicador-esalq-bmf,315.8,boi-gordo-b3-prego-regular,2022-05,313.3,313.3,,2.5,,0.7979572294924991
2022-05-30,Indicador ESALQ/SP,SP,boi-gordo-indicador-esalq-bmf,320.4,boi-gordo-b3-prego-regular,2022-05,315.3,315.3,,5.099999999999966,,1.6175071360608833
2022-05-31,Indicador ESALQ/SP,SP,boi-gordo-indicador-esalq-bmf,321.4,boi-gordo-b3-prego-regular,2022-05,317.8,317.8,,3.599999999999966,,1.1327879169288755
2022-06-01,Indicador ESALQ/SP,SP,boi-gordo-indicador-esalq-bmf,314.6,boi-gordo-b3-prego-regular,2022-06,310.5,310.5,,4.100000000000023,,1.3204508856682844
2022-06-02,Indicador ESALQ/SP,SP,boi-gordo-indicador-esalq-bmf,308.65,boi-gordo-b3-prego-regular,2022-06,313.3,313.3,,-4.650000000000034,,-1.4842004468560595
2022-06-03,Indicador ESALQ/SP,SP,boi-gordo-indicador-esalq-bmf,312.5,boi-gordo-b3-prego-regular,2022-06,318.0,318.0,,-5.5,,-1.729559748427673
2022-06-06,Indicador ESALQ/SP,SP,boi-gordo-indicador-esalq-bmf,311.4,boi-gordo-b3-prego-regular,2022-06,318.0,318.0,,-6.600000000000023,,-2.0754716981132146
2022-06-07,Indicador ESALQ/SP,SP,boi-gordo-indicador-esalq-bmf,315.15,boi-gordo-b3-prego-regular,2022-06,316.05,316.05,,-0.9000000000000341,,-0.28476506881823577
2022-06-08,Indicador ESALQ/SP,SP,boi-gordo-indicador-esalq-bmf,316.15,boi-gordo-b3-prego-regular,2022-06,319.0,319.0,,-2.8500000000000227,,-0.8934169278996937
2022-06-09,Indicador ESALQ/SP,SP,boi-gordo-indicador-esalq-bmf,312.1,boi-gordo-b3-prego-regular,2022-06,321.4,321.4,,-9.299999999999955,,-2.893590541381442
2022-06-10,Indicador ESALQ/SP,SP,boi-gordo-indicador-esalq-bmf,314.4,boi-gordo-b3-prego-regular,2022-06,322.85,322.85,,-8.450000000000045,,-2.617314542357146
2022-06-13,Indicador ESALQ/SP,SP,boi-gordo-indicador-esalq-bmf,311.05,boi-gordo-b3-prego-regular,2022-06,322.0,322.0,,-10.949999999999989,,-3.4006211180124186
2022-06-14,Indicador ESALQ/SP,SP,boi-gordo-indicador-esalq-bmf,319.75,boi-gordo-b3-prego-regular,2022-06,324.0,324.0,,-4.25,,-1.3117283950617282
2022-06-15,Indicador ESALQ/SP,SP,boi-gordo-indicador-esalq-bmf,317.7,boi-gordo-b3-prego-regular,2022-06,324.55,324.55,,-6.850000000000023,,-2.1106146972731543
2022-06-17,Indicador ESALQ/SP,SP,boi-gordo-indicador-esalq-bmf,320.5,boi-gordo-b3-prego-regular,2022-06,323.85,323.85,,-3.3500000000000227,,-1.0344295198394389
2022-06-20,Indicador ESALQ/SP,SP,boi-gordo-indicador-esalq-bmf,323.6,boi-gordo-b3-prego-regular,2022-06,323.55,323.55,,0.05000000000001137,,0.015453562046055129
2022-06-21,Indicador ESALQ/SP,SP,boi-gordo-indicador-esalq-bmf,321.4,boi-gordo-b3-prego-regular,2022-06,324.0,324.0,,-2.6000000000000227,,-0.8024691358024761
2022-06-22,Indicador ESALQ/SP,SP,boi-gordo-indicador-esalq-bmf,321.5,boi-gordo-b3-prego-regular,2022-06,323.8,323.8,,-2.3000000000000114,,-0.7103150092649818
2022-06-23,Indicador ESALQ/SP,SP,boi-gordo-indicador-esalq-bmf,321.75,boi-gordo-b3-prego-regular,2022-06,325.55,325.55,,-3.8000000000000114,,-1.1672554139149165
2022-06-24,Indicador ESALQ/SP,SP,boi-gordo-indicador-esalq-bmf,322.9,boi-gordo-b3-prego-regular,2022-06,324.85,324.85,,-1.9500000000000455,,-0.6002770509466047
2022-06-27,Indicador ESALQ/SP,SP,boi-gordo-indicador-esalq-bmf,326.25,boi-gordo-b3-prego-regular,2022-06,324.0,324.0,,2.25,,0.6944444444444444
2022-06-28,Indicador ESALQ/SP,SP,boi-gordo-indicador-esalq-bmf,326.0,boi-gordo-b3-prego-regular,2022-06,325.05,325.05,,0.9499999999999886,,0.29226272881094867
2022-06-29,Indicador ESALQ/SP,SP,boi-gordo-indicador-esalq-bmf,319.65,boi-gordo-b3-prego-regular,2022-06,324.8,324.8,,-5.150000000000034,,-1.5855911330049366
2022-06-30,Indicador ESALQ/SP,SP,boi-gordo-indicador-esalq-bmf,320.25,boi-gordo-b3-prego-regular,2022-06,323.5,323.5,,-3.25,,-1.0046367851622875
2022-07-01,Indicador ESALQ/SP,SP,boi-gordo-indicador-esalq-bmf,314.75,boi-gordo-b3-prego-regular,2022-07,331.0,331.0,,-16.25,,-4.909365558912387
2022-07-04,Indicador ESALQ/SP,SP,boi-gordo-indicador-esalq-bmf,324.95,boi-gordo-b3-prego-regular,2022-07,329.4,329.4,,-4.449999999999989,,-1.3509411050394624
2022-07-05,Indicador ESALQ/SP,SP,boi-gordo-indicador-esalq-bmf,323.55,boi-gordo-b3-prego-regular,2022-07,330.0,330.0,,-6.449999999999989,,-1.9545454545454513
2022-07-06,Indicador ESALQ/SP,SP,boi-gordo-indicador-esalq-bmf,316.0,boi-gordo-b3-prego-regular,2022-07,327.65,327.65,,-11.649999999999977,,-3.5556233786052127
2022-07-07,Indicador ESALQ/SP,SP,boi-gordo-indicador-esalq-bmf,324.8,boi-gordo-b3-prego-regular,2022-07,324.7,324.7,,0.10000000000002274,,0.030797659377894283
2022-07-08,Indicador ESALQ/SP,SP,boi-gordo-indicador-esalq-bmf,324.95,boi-gordo-b3-prego-regular,2022-07,324.05,324.05,,0.8999999999999773,,0.27773491745100365
2022-07-11,Indicador ESALQ/SP,SP,boi-gordo-indicador-esalq-bmf,334.0,boi-gordo-b3-prego-regular,2022-07,323.75,323.75,,10.25,,3.166023166023166
2022-07-12,Indicador ESALQ/SP,SP,boi-gordo-indicador-esalq-bmf,324.7,boi-gordo-b3-prego-regular,2022-07,323.0,323.0,,1.6999999999999886,,0.5263157894736807
2022-07-13,Indicador ESALQ/SP,SP,boi-gordo-indicador-esalq-bmf,330.35,boi-gordo-b3-prego-regular,2022-07,320.7,320.7,,9.650000000000034,,3.009042719052084
2022-07-14,Indicador ESALQ/SP,SP,boi-gordo-indicador-esalq-bmf,324.65,boi-gordo-b3-prego-regular,2022-07,319.5,319.5,,5.149999999999977,,1.6118935837245625
2022-07-15,Indicador ESALQ/SP,SP,boi-gordo-indicador-esalq-bmf,325.95,boi-gordo-b3-prego-regular,2022-07,320.3,320.3,,5.649999999999977,,1.763971276927873
2022-07-18,Indicador ESALQ/SP,SP,boi-gordo-indicador-esalq-bmf,327.05,boi-gordo-b3-prego-regular,2022-07,322.75,322.75,,4.300000000000011,,1.3323005422153404
2022-07-19,Indicador ESALQ/SP,SP,boi-gordo-indicador-esalq-bmf,321.4,boi-gordo-b3-prego-regular,2022-07,322.3,322.3,,-0.9000000000000341,,-0.27924294135899286
2022-07-20,Indicador ESALQ/SP,SP,boi-gordo-indicador-esalq-bmf,323.7,boi-gordo-b3-prego-regular,2022-07,320.8,320.8,,2.8999999999999773,,0.9039900249376488
2022-07-21,Indicador ESALQ/SP,SP,boi-gordo-indicador-esalq-bmf,320.65,boi-gordo-b3-prego-regular,2022-07,320.5,320.5,,0.14999999999997726,,0.046801872074875905
2022-07-22,Indicador ESALQ/SP,SP,boi-gordo-indicador-esalq-bmf,324.1,boi-gordo-b3-prego-regular,2022-07,320.4,320.4,,3.7000000000000455,,1.154806491885158
2022-07-25,Indicador ESALQ/SP,SP,boi-gordo-indicador-esalq-bmf,330.0,boi-gordo-b3-prego-regular,2022-07,320.6,320.6,,9.399999999999977,,2.9320024953212656
2022-07-26,Indicador ESALQ/SP,SP,boi-gordo-indicador-esalq-bmf,322.75,boi-gordo-b3-prego-regular,2022-07,322.75,322.75,,0.0,,0.0
2022-07-27,Indicador ESALQ/SP,SP,boi-gordo-indicador-esalq-bmf,325.05,boi-gordo-b3-prego-regular,2022-07,322.65,322.65,,2.400000000000034,,0.7438400743840181
2022-07-28,Indicador ESALQ/SP,SP,boi-gordo-indicador-esalq-bmf,323.5,boi-gordo-b3-prego-regular,2022-07,324.0,324.0,,-0.5,,-0.15432098765432098
2022-07-29,Indicador ESALQ/SP,SP,boi-gordo-indicador-esalq-bmf,325.7,boi-gordo-b3-prego-regular,2022-07,324.0,324.0,,1.6999999999999886,,0.5246913580246878
2022-08-01,Indicador ESALQ/SP,SP,boi-gordo-indicador-esalq-bmf,326.65,boi-gordo-b3-prego-regular,2022-08,318.3,318.3,,8.349999999999966,,2.6233113415017173
2022-08-02,Indicador ESALQ/SP,SP,boi-gordo-indicador-esalq-bmf,322.5,boi-gordo-b3-prego-regular,2022-08,318.2,318.2,,4.300000000000011,,1.3513513513513549
2022-08-03,Indicador ESALQ/SP,SP,boi-gordo-indicador-esalq-bmf,299.55,boi-gordo-b3-prego-regular,2022-08,318.8,318.8,,-19.25,,-6.038268506900878
2022-08-04,Indicador ESALQ/SP,SP,boi-gordo-indicador-esalq-bmf,297.6,boi-gordo-b3-prego-regular,2022-08,318.15,318.15,,-20.549999999999955,,-6.459217350306446
2022-08-05,Indicador ESALQ/SP,SP,boi-gordo-indicador-esalq-bmf,310.65,boi-gordo-b3-prego-regular,2022-08,316.25,316.25,,-5.600000000000023,,-1.7707509881422996
2022-08-08,Indicador ESALQ/SP,SP,boi-gordo-indicador-esalq-bmf,315.75,boi-gordo-b3-prego-regular,2022-08,312.25,312.25,,3.5,,1.120896717373899
2022-08-09,Indicador ESALQ/SP,SP,boi-gordo-indicador-esalq-bmf,317.0,boi-gordo-b3-prego-regular,2022-08,309.25,309.25,,7.75,,2.506063055780113
2022-08-10,Indicador ESALQ/SP,SP,boi-gordo-indicador-esalq-bmf,311.2,boi-gordo-b3-prego-regular,2022-08,308.0,308.0,,3.1999999999999886,,1.0389610389610353
2022-08-11,Indicador ESALQ/SP,SP,boi-gordo-indicador-esalq-bmf,307.8,boi-gordo-b3-prego-regular,2022-08,306.0,306.0,,1.8000000000000114,,0.5882352941176507
2022-08-12,Indicador ESALQ/SP,SP,boi-gordo-indicador-esalq-bmf,316.5,boi-gordo-b3-prego-regular,2022-08,308.0,308.0,,8.5,,2.75974025974026
2022-08-15,Indicador ESALQ/SP,SP,boi-gordo-indicador-esalq-bmf,313.5,boi-gordo-b3-prego-regular,2022-08,309.0,309.0,,4.5,,1.4563106796116505
2022-08-16,Indicador ESALQ/SP,SP,boi-gordo-indicador-esalq-bmf,314.2,boi-gordo-b3-prego-regular,2022-08,308.15,308.15,,6.050000000000011,,1.9633295472983974
2022-08-17,Indicador ESALQ/SP,SP,boi-gordo-indicador-esalq-bmf,316.6,boi-gordo-b3-prego-regular,2022-08,304.8,304.8,,11.800000000000011,,3.8713910761154895
2022-08-18,Indicador ESALQ/SP,SP,boi-gordo-indicador-esalq-bmf,313.0,boi-gordo-b3-prego-regular,2022-08,307.35,307.35,,5.649999999999977,,1.8382951033024164
2022-08-19,Indicador ESALQ/SP,SP,boi-gordo-indicador-esalq-bmf,318.35,boi-gordo-b3-prego-regular,2022-08,307.6,307.6,,10.75,,3.494798439531859
2022-08-22,Indicador ESALQ/SP,SP,boi-gordo-indicador-esalq-bmf,326.6,boi-gordo-b3-prego-regular,2022-08,308.7,308.7,,17.900000000000034,,5.798509880142545
2022-08-23,Indicador ESALQ/SP,SP,boi-gordo-indicador-esalq-bmf,303.2,boi-gordo-b3-prego-regular,2022-08,310.5,310.5,,-7.300000000000011,,-2.3510466988727896
2022-08-24,Indicador ESALQ/SP,SP,boi-gordo-indicador-esalq-bmf,307.9,boi-gordo-b3-prego-regular,2022-08,306.15,306.15,,1.75,,0.57161522129675
2022-08-25,Indicador ESALQ/SP,SP,boi-gordo-indicador-esalq-bmf,313.45,boi-gordo-b3-prego-regular,2022-08,305.1,305.1,,8.349999999999966,,2.73680760406423
2022-08-26,Indicador ESALQ/SP,SP,boi-gordo-indicador-esalq-bmf,323.6,boi-gordo-b3-prego-regular,2022-08,309.5,309.5,,14.100000000000023,,4.555735056542818
2022-08-29,Indicador ESALQ/SP,SP,boi-gordo-indicador-esalq-bmf,311.35,boi-gordo-b3-prego-regular,2022-08,312.85,312.85,,-1.5,,-0.47946300143838894
2022-08-30,Indicador ESALQ/SP,SP,boi-gordo-indicador-esalq-bmf,312.0,boi-gordo-b3-prego-regular,2022-08,312.6,312.6,,-0.6000000000000227,,-0.19193857965451783
2022-08-31,Indicador ESALQ/SP,SP,boi-gordo-indicador-esalq-bmf,309.1,boi-gordo-b3-prego-regular,2022-09,306.35,306.35,,2.75,,0.8976660682226211
2022-09-01,Indicador ESALQ/SP,SP,boi-gordo-indicador-esalq-bmf,314.75,boi-gordo-b3-prego-regular,2022-09,310.15,310.15,,4.600000000000023,,1.483153312913114
2022-09-02,Indicador ESALQ/SP,SP,boi-gordo-indicador-esalq-bmf,310.25,boi-gordo-b3-prego-regular,2022-09,310.35,310.35,,-0.10000000000002274,,-0.03222168519414298
2022-09-05,Indicador ESALQ/SP,SP,boi-gordo-indicador-esalq-bmf,314.95,boi-gordo-b3-prego-regular,2022-09,306.0,306.0,,8.949999999999989,,2.924836601307186
2022-09-06,Indicador ESALQ/SP,SP,boi-gordo-indicador-esalq-bmf,303.95,boi-gordo-b3-prego-regular,2022-09,308.05,308.05,,-4.100000000000023,,-1.3309527674078958
2022-09-08,Indicador ESALQ/SP,SP,boi-gordo-indicador-esalq-bmf,307.0,boi-gordo-b3-prego-regular,2022-09,312.0,312.0,,-5.0,,-1.6025641025641024
2022-09-09,Indicador ESALQ/SP,SP,boi-gordo-indicador-esalq-bmf,292.3,boi-gordo-b3-prego-regular,2022-09,313.15,313.15,,-20.849999999999966,,-6.658151045824674
2022-09-12,Indicador ESALQ/SP,SP,boi-gordo-indicador-esalq-bmf,306.25,boi-gordo-b3-prego-regular,2022-09,310.45,310.45,,-4.199999999999989,,-1.352874859075532
2022-09-13,Indicador ESALQ/SP,SP,boi-gordo-indicador-esalq-bmf,308.4,boi-gordo-b3-prego-regular,2022-09,306.0,306.0,,2.3999999999999773,,0.7843137254901886
2022-09-14,Indicador ESALQ/SP,SP,boi-gordo-indicador-esalq-bmf,296.4,boi-gordo-b3-prego-regular,2022-09,305.5,305.5,,-9.100000000000023,,-2.9787234042553266
2022-09-15,Indicador ESALQ/SP,SP,boi-gordo-indicador-esalq-bmf,291.6,boi-gordo-b3-prego-regular,2022-09,306.05,306.05,,-14.449999999999989,,-4.721450743342587
2022-09-16,Indicador ESALQ/SP,SP,boi-gordo-indicador-esalq-bmf,294.55,boi-gordo-b3-prego-regular,2022-09,304.5,304.5,,-9.949999999999989,,-3.2676518883415397
2022-09-19,Indicador ESALQ/SP,SP,boi-gordo-indicador-esalq-bmf,308.05,boi-gordo-b3-prego-regular,2022-09,304.05,304.05,,4.0,,1.315573096530176
2022-09-20,Indicador ESALQ/SP,SP,boi-gordo-indicador-esalq-bmf,308.0,boi-gordo-b3-prego-regular,2022-09,304.6,304.6,,3.3999999999999773,,1.1162179908076089
2022-09-21,Indicador ESALQ/SP,SP,boi-gordo-indicador-esalq-bmf,297.5,boi-gordo-b3-prego-regular,2022-09,305.9,305.9,,-8.399999999999977,,-2.745995423340954
2022-09-22,Indicador ESALQ/SP,SP,boi-gordo-indicador-esalq-bmf,299.05,boi-gordo-b3-prego-regular,2022-09,302.25,302.25,,-3.1999999999999886,,-1.0587262200165388
2022-09-23,Indicador ESALQ/SP,SP,boi-gordo-indicador-esalq-bmf,300.6,boi-gordo-b3-prego-regular,2022-09,303.15,303.15,,-2.5499999999999545,,-0.8411677387431815
2022-09-26,Indicador ESALQ/SP,SP,boi-gordo-indicador-esalq-bmf,301.8,boi-gordo-b3-prego-regular,2022-09,303.0,303.0,,-1.1999999999999886,,-0.39603960396039234
2022-09-27,Indicador ESALQ/SP,SP,boi-gordo-indicador-esalq-bmf,306.7,boi-gordo-b3-prego-regular,2022-09,301.5,301.5,,5.199999999999989,,1.724709784411273
2022-09-28,Indicador ESALQ/SP,SP,boi-gordo-indicador-esalq-bmf,301.9,boi-gordo-b3-prego-regular,2022-09,302.7,302.7,,-0.8000000000000114,,-0.26428807400066445
2022-09-29,Indicador ESALQ/SP,SP,boi-gordo-indicador-esalq-bmf,302.3,boi-gordo-b3-prego-regular,2022-09,302.8,302.8,,-0.5,,-0.1651254953764861
2022-09-30,Indicador ESALQ/SP,SP,boi-gordo-indicador-esalq-bmf,303.95,boi-gordo-b3-prego-regular,2022-10,299.7,299.7,,4.25,,1.418084751418085
2022-10-03,Indicador ESALQ/SP,SP,boi-gordo-indicador-esalq-bmf,290.1,boi-gordo-b3-prego-regular,2022-10,298.7,298.7,,-8.599999999999966,,-2.8791429527954358
2022-10-04,Indicador ESALQ/SP,SP,boi-gordo-indicador-esalq-bmf,294.9,boi-gordo-b3-prego-regular,2022-10,300.35,300.35,,-5.4500000000000455,,-1.8145496920259847
2022-10-05,Indicador ESALQ/SP,SP,boi-gordo-indicador-esalq-bmf,295.0,boi-gordo-b3-prego-regular,2022-10,297.0,297.0,,-2.0,,-0.6734006734006733
2022-10-06,Indicador ESALQ/SP,SP,boi-gordo-indicador-esalq-bmf,301.55,boi-gordo-b3-prego-regular,2022-10,294.8,294.8,,6.75,,2.2896879240162824
2022-10-07,Indicador ESALQ/SP,SP,boi-gordo-indicador-esalq-bmf,303.5,boi-gordo-b3-prego-regular,2022-10,296.4,296.4,,7.100000000000023,,2.3954116059379293
2022-10-10,Indicador ESALQ/SP,SP,boi-gordo-indicador-esalq-bmf,304.05,boi-gordo-b3-prego-regular,2022-10,294.0,294.0,,10.050000000000011,,3.41836734693878
2022-10-11,Indicador ESALQ/SP,SP,boi-gordo-indicador-esalq-bmf,302.3,boi-gordo-b3-prego-regular,2022-10,298.0,298.0,,4.300000000000011,,1.442953020134232
2022-10-13,Indicador ESALQ/SP,SP,boi-gordo-indicador-esalq-bmf,306.3,boi-gordo-b3-prego-regular,2022-10,295.0,295.0,,11.300000000000011,,3.830508474576275
2022-10-14,Indicador ESALQ/SP,SP,boi-gordo-indicador-esalq-bmf,297.4,boi-gordo-b3-prego-regular,2022-10,296.4,296.4,,1.0,,0.33738191632928477
2022-10-17,Indicador ESALQ/SP,SP,boi-gordo-indicador-esalq-bmf,286.4,boi-gordo-b3-prego-regular,2022-10,297.25,297.25,,-10.850000000000023,,-3.650126156433986
2022-10-18,Indicador ESALQ/SP,SP,boi-gordo-indicador-esalq-bmf,302.45,boi-gordo-b3-prego-regular,2022-10,293.7,293.7,,8.75,,2.9792305073203953
2022-10-19,Indicador ESALQ/SP,SP,boi-gordo-indicador-esalq-bmf,295.7,boi-gordo-b3-prego-regular,2022-10,290.4,290.4,,5.300000000000011,,1.8250688705234202
2022-10-20,Indicador ESALQ/SP,SP,boi-gordo-indicador-esalq-bmf,299.7,boi-gordo-b3-prego-regular,2022-10,288.25,288.25,,11.449999999999989,,3.972246313963569
2022-10-21,Indicador ESALQ/SP,SP,boi-gordo-indicador-esalq-bmf,295.3,boi-gordo-b3-prego-regular,2022-10,286.55,286.55,,8.75,,3.053568312685395
2022-10-24,Indicador ESALQ/SP,SP,boi-gordo-indicador-esalq-bmf,310.8,boi-gordo-b3-prego-regular,2022-10,287.4,287.4,,23.400000000000034,,8.141962421711913
2022-10-25,Indicador ESALQ/SP,SP,boi-gordo-indicador-esalq-bmf,292.8,boi-gordo-b3-prego-regular,2022-10,293.5,293.5,,-0.6999999999999886,,-0.2385008517887525
2022-10-26,Indicador ESALQ/SP,SP,boi-gordo-indicador-esalq-bmf,284.2,boi-gordo-b3-prego-regular,2022-10,291.75,291.75,,-7.550000000000011,,-2.5878320479862933
2022-10-27,Indicador ESALQ/SP,SP,boi-gordo-indicador-esalq-bmf,294.9,boi-gordo-b3-prego-regular,2022-10,290.65,290.65,,4.25,,1.462239807328402
2022-10-28,Indicador ESALQ/SP,SP,boi-gordo-indicador-esalq-bmf,285.4,boi-gordo-b3-prego-regular,2022-10,292.55,292.55,,-7.150000000000034,,-2.444026662109053
2022-10-31,Indicador ESALQ/SP,SP,boi-gordo-indicador-esalq-bmf,292.0,boi-gordo-b3-prego-regular,2022-11,280.2,280.2,,11.800000000000011,,4.211277658815137
2022-11-01,Indicador ESALQ/SP,SP,boi-gordo-indicador-esalq-bmf,281.35,boi-gordo-b3-prego-regular,2022-11,285.2,285.2,,-3.849999999999966,,-1.3499298737727792
2022-11-03,Indicador ESALQ/SP,SP,boi-gordo-indicador-esalq-bmf,289.3,boi-gordo-b3-prego-regular,2022-11,287.6,287.6,,1.6999999999999886,,0.5910987482614702
2022-11-04,Indicador ESALQ/SP,SP,boi-gordo-indicador-esalq-bmf,287.7,boi-gordo-b3-prego-regular,2022-11,291.8,291.8,,-4.100000000000023,,-1.4050719671007617
2022-11-07,Indicador ESALQ/SP,SP,boi-gordo-indicador-esalq-bmf,288.0,boi-gordo-b3-prego-regular,2022-11,290.5,290.5,,-2.5,,-0.8605851979345954
2022-11-08,Indicador ESALQ/SP,SP,boi-gordo-indicador-esalq-bmf,283.8,boi-gordo-b3-prego-regular,2022-11,287.1,287.1,,-3.3000000000000114,,-1.1494252873563255
2022-11-09,Indicador ESALQ/SP,SP,boi-gordo-indicador-esalq-bmf,292.3,boi-gordo-b3-prego-regular,2022-11,286.95,286.95,,5.350000000000023,,1.8644363129465145
2022-11-10,Indicador ESALQ/SP,SP,boi-gordo-indicador-esalq-bmf,279.1,boi-gordo-b3-prego-regular,2022-11,286.5,286.5,,-7.399999999999977,,-2.582897033158805
2022-11-11,Indicador ESALQ/SP,SP,boi-gordo-indicador-esalq-bmf,270.5,boi-gordo-b3-prego-regular,2022-11,289.9,289.9,,-19.399999999999977,,-6.691962745774398
2022-11-14,Indicador ESALQ/SP,SP,boi-gordo-indicador-esalq-bmf,270.5,boi-gordo-b3-prego-regular,2022-11,291.25,291.25,,-20.75,,-7.124463519313305
2022-11-16,Indicador ESALQ/SP,SP,boi-gordo-indicador-esalq-bmf,268.1,boi-gordo-b3-prego-regular,2022-11,289.55,289.55,,-21.44999999999999,,-7.408046969435326
2022-11-17,Indicador ESALQ/SP,SP,boi-gordo-indicador-esalq-bmf,286.45,boi-gordo-b3-prego-regular,2022-11,286.5,286.5,,-0.05000000000001137,,-0.01745200698080676
2022-11-18,Indicador ESALQ/SP,SP,boi-gordo-indicador-esalq-bmf,279.05,boi-gordo-b3-prego-regular,2022-11,290.1,290.1,,-11.050000000000011,,-3.809031368493627
2022-11-21,Indicador ESALQ/SP,SP,boi-gordo-indicador-esalq-bmf,291.4,boi-gordo-b3-prego-regular,2022-11,290.55,290.55,,0.8499999999999659,,0.29254861469625393
2022-11-22,Indicador ESALQ/SP,SP,boi-gordo-indicador-esalq-bmf,281.0,boi-gordo-b3-prego-regular,2022-11,290.85,290.85,,-9.850000000000023,,-3.3866254082860654
2022-11-23,Indicador ESALQ/SP,SP,boi-gordo-indicador-esalq-bmf,283.65,boi-gordo-b3-prego-regular,2022-11,291.65,291.65,,-8.0,,-2.7430138865078004
2022-11-24,Indicador ESALQ/SP,SP,boi-gordo-indicador-esalq-bmf,293.95,boi-gordo-b3-prego-regular,2022-11,291.15,291.15,,2.8000000000000114,,0.9617035892151852
2022-11-25,Indicador ESALQ/SP,SP,boi-gordo-indicador-esalq-bmf,287.75,boi-gordo-b3-prego-regular,2022-11,291.55,291.55,,-3.8000000000000114,,-1.3033784942548488
2022-11-28,Indicador ESALQ/SP,SP,boi-gordo-indicador-esalq-bmf,287.75,boi-gordo-b3-prego-regular,2022-11,290.75,290.75,,-3.0,,-1.0318142734307825
2022-11-29,Indicador ESALQ/SP,SP,boi-gordo-indicador-esalq-bmf,280.45,boi-gordo-b3-prego-regular,2022-11,290.05,290.05,,-9.600000000000023,,-3.309774176866066
2022-11-30,Indicador ESALQ/SP,SP,boi-gordo-indicador-esalq-bmf,284.9,boi-gordo-b3-prego-regular,2022-12,301.9,301.9,,-17.0,,-5.631003643590593
2022-12-01,Indicador ESALQ/SP,SP,boi-gordo-indicador-esalq-bmf,290.7,boi-gordo-b3-prego-regular,2022-12,297.0,297.0,,-6.300000000000011,,-2.121212121212125
2022-12-02,Indicador ESALQ/SP,SP,boi-gordo-indicador-esalq-bmf,290.7,boi-gordo-b3-prego-regular,2022-12,295.2,295.2,,-4.5,,-1.5243902439024393
2022-12-05,Indicador ESALQ/SP,SP,boi-gordo-indicador-esalq-bmf,293.5,boi-gordo-b3-prego-regular,2022-12,296.2,296.2,,-2.6999999999999886,,-0.9115462525320691
2022-12-06,Indicador ESALQ/SP,SP,boi-gordo-indicador-esalq-bmf,290.5,boi-gordo-b3-prego-regular,2022-12,297.0,297.0,,-6.5,,-2.1885521885521886
2022-12-07,Indicador ESALQ/SP,SP,boi-gordo-indicador-esalq-bmf,284.9,boi-gordo-b3-prego-regular,2022-12,295.0,295.0,,-10.100000000000023,,-3.42372881355933
2022-12-08,Indicador ESALQ/SP,SP,boi-gordo-indicador-esalq-bmf,280.65,boi-gordo-b3-prego-regular,2022-12,292.65,292.65,,-12.0,,-4.1004613018964635
2022-12-09,Indicador ESALQ/SP,SP,boi-gordo-indicador-esalq-bmf,295.85,boi-gordo-b3-prego-regular,2022-12,288.0,288.0,,7.850000000000023,,2.7256944444444526
2022-12-12,Indicador ESALQ/SP,SP,boi-gordo-indicador-esalq-bmf,298.8,boi-gordo-b3-prego-regular,2022-12,290.95,290.95,,7.850000000000023,,2.698058085581723
2022-12-13,Indicador ESALQ/SP,SP,boi-gordo-indicador-esalq-bmf,291.25,boi-gordo-b3-prego-regular,2022-12,291.0,291.0,,0.25,,0.0859106529209622
2022-12-14,Indicador ESALQ/SP,SP,boi-gordo-indicador-esalq-bmf,293.7,boi-gordo-b3-prego-regular,2022-12,290.0,290.0,,3.6999999999999886,,1.2758620689655134
2022-12-15,Indicador ESALQ/SP,SP,boi-gordo-indicador-esalq-bmf,296.45,boi-gordo-b3-prego-regular,2022-12,290.7,290.7,,5.75,,1.977984176126591
2022-12-16,Indicador ESALQ/SP,SP,boi-gordo-indicador-esalq-bmf,297.2,boi-gordo-b3-prego-regular,2022-12,293.0,293.0,,4.199999999999989,,1.4334470989761052
2022-12-19,Indicador ESALQ/SP,SP,boi-gordo-indicador-esalq-bmf,304.55,boi-gordo-b3-prego-regular,2022-12,293.85,293.85,,10.699999999999989,,3.641313595371784
2022-12-20,Indicador ESALQ/SP,SP,boi-gordo-indicador-esalq-bmf,290.3,boi-gordo-b3-prego-regular,2022-12,293.7,293.7,,-3.3999999999999773,,-1.15764385427306
2022-12-21,Indicador ESALQ/SP,SP,boi-gordo-indicador-esalq-bmf,288.3,boi-gordo-b3-prego-regular,2022-12,292.0,292.0,,-3.6999999999999886,,-1.267123287671229
2022-12-22,Indicador ESALQ/SP,SP,boi-gordo-indicador-esalq-bmf,297.1,boi-gordo-b3-prego-regular,2022-12,291.0,291.0,,6.100000000000023,,2.0962199312714853
2022-12-23,Indicador ESALQ/SP,SP,boi-gordo-indicador-esalq-bmf,290.0,boi-gordo-b3-prego-regular,2022-12,291.5,291.5,,-1.5,,-0.5145797598627788
2022-12-26,Indicador ESALQ/SP,SP,boi-gordo-indicador-esalq-bmf,297.7,boi-gordo-b3-prego-regular,2022-12,291.45,291.45,,6.25,,2.1444501629782122
2022-12-27,Indicador ESALQ/SP,SP,boi-gordo-indicador-esalq-bmf,286.6,boi-gordo-b3-prego-regular,2022-12,292.05,292.05,,-5.449999999999989,,-1.866118815271354
2022-12-28,Indicador ESALQ/SP,SP,boi-gordo-indicador-esalq-bmf,288.45,boi-gordo-b3-prego-regular,2022-12,289.95,289.95,,-1.5,,-0.5173305742369374
2022-12-29,Indicador ESALQ/SP,SP,boi-gordo-indicador-esalq-bmf,286.85,boi-gordo-b3-prego-regular,2023-01,290.4,290.4,,-3.5499999999999545,,-1.2224517906335932
2023-01-02,Indicador ESALQ/SP,SP,boi-gordo-indicador-esalq-bmf,286.85,boi-gordo-b3-prego-regular,2023-01,288.85,288.85,,-2.0,,-0.6924009001211701
2023-01-03,Indicador ESALQ/SP,SP,boi-gordo-indicador-esalq-bmf,293.45,boi-gordo-b3-prego-regular,2023-01,286.15,286.15,,7.300000000000011,,2.55110955792417
2023-01-04,Indicador ESALQ/SP,SP,boi-gordo-indicador-esalq-bmf,288.2,boi-gordo-b3-prego-regular,2023-01,285.4,285.4,,2.8000000000000114,,0.9810791871058204
2023-01-05,Indicador ESALQ/SP,SP,boi-gordo-indicador-esalq-bmf,284.95,boi-gordo-b3-prego-regular,2023-01,283.5,283.5,,1.4499999999999886,,0.5114638447971741
2023-01-06,Indicador ESALQ/SP,SP,boi-gordo-indicador-esalq-bmf,289.75,boi-gordo-b3-prego-regular,2023-01,284.25,284.25,,5.5,,1.9349164467897977
2023-01-09,Indicador ESALQ/SP,SP,boi-gordo-indicador-esalq-bmf,271.85,boi-gordo-b3-prego-regular,2023-01,284.0,284.0,,-12.149999999999977,,-4.278169014084499
2023-01-10,Indicador ESALQ/SP,SP,boi-gordo-indicador-esalq-bmf,287.5,boi-gordo-b3-prego-regular,2023-01,281.5,281.5,,6.0,,2.1314387211367674
2023-01-11,Indicador ESALQ/SP,SP,boi-gordo-indicador-esalq-bmf,287.15,boi-gordo-b3-prego-regular,2023-01,280.55,280.55,,6.599999999999966,,2.352521832115475
2023-01-12,Indicador ESALQ/SP,SP,boi-gordo-indicador-esalq-bmf,289.8,boi-gordo-b3-prego-regular,2023-01,279.8,279.8,,10.0,,3.5739814152966405
2023-01-13,Indicador ESALQ/SP,SP,boi-gordo-indicador-esalq-bmf,288.75,boi-gordo-b3-prego-regular,2023-01,279.9,279.9,,8.850000000000023,,3.161843515541273
2023-01-16,Indicador ESALQ/SP,SP,boi-gordo-indicador-esalq-bmf,287.6,boi-gordo-b3-prego-regular,2023-01,277.8,277.8,,9.800000000000011,,3.5277177825773975
2023-01-17,Indicador ESALQ/SP,SP,boi-gordo-indicador-esalq-bmf,279.5,boi-gordo-b3-prego-regular,2023-01,287.45,287.45,,-7.949999999999989,,-2.7656983823273573
2023-01-18,Indicador ESALQ/SP,SP,boi-gordo-indicador-esalq-bmf,287.0,boi-gordo-b3-prego-regular,2023-01,289.3,289.3,,-2.3000000000000114,,-0.7950224680262743
2023-01-19,Indicador ESALQ/SP,SP,boi-gordo-indicador-esalq-bmf,284.9,boi-gordo-b3-prego-regular,2023-01,289.0,289.0,,-4.100000000000023,,-1.4186851211072744
2023-01-20,Indicador ESALQ/SP,SP,boi-gordo-indicador-esalq-bmf,277.5,boi-gordo-b3-prego-regular,2023-01,290.2,290.2,,-12.699999999999989,,-4.376292212267398
2023-01-23,Indicador ESALQ/SP,SP,boi-gordo-indicador-esalq-bmf,286.7,boi-gordo-b3-prego-regular,2023-01,288.0,288.0,,-1.3000000000000114,,-0.45138888888889284
2023-01-24,Indicador ESALQ/SP,SP,boi-gordo-indicador-esalq-bmf,276.95,boi-gordo-b3-prego-regular,2023-01,286.55,286.55,,-9.600000000000023,,-3.3502006630605554
2023-01-25,Indicador ESALQ/SP,SP,boi-gordo-indicador-esalq-bmf,284.7,boi-gordo-b3-prego-regular,2023-01,285.85,285.85,,-1.150000000000034,,-0.4023089032709582
2023-01-26,Indicador ESALQ/SP,SP,boi-gordo-indicador-esalq-bmf,290.05,boi-gordo-b3-prego-regular,2023-01,286.5,286.5,,3.5500000000000114,,1.2390924956370022
2023-01-27,Indicador ESALQ/SP,SP,boi-gordo-indicador-esalq-bmf,290.2,boi-gordo-b3-prego-regular,2023-01,288.95,288.95,,1.25,,0.4326007959854646
2023-01-30,Indicador ESALQ/SP,SP,boi-gordo-indicador-esalq-bmf,289.35,boi-gordo-b3-prego-regular,2023-01,288.8,288.8,,0.5500000000000114,,0.19044321329640282
2023-01-31,Indicador ESALQ/SP,SP,boi-gordo-indicador-esalq-bmf,288.7,boi-gordo-b3-prego-regular,2023-02,298.2,298.2,,-9.5,,-3.1857813547954397
2023-02-01,Indicador ESALQ/SP,SP,boi-gordo-indicador-esalq-bmf,291.1,boi-gordo-b3-prego-regular,2023-02,297.5,297.5,,-6.399999999999977,,-2.151260504201673
2023-02-02,Indicador ESALQ/SP,SP,boi-gordo-indicador-esalq-bmf,290.1,boi-gordo-b3-prego-regular,2023-02,299.3,299.3,,-9.199999999999989,,-3.073838957567654
2023-02-03,Indicador ESALQ/SP,SP,boi-gordo-indicador-esalq-bmf,286.4,boi-gordo-b3-prego-regular,2023-02,300.0,300.0,,-13.600000000000023,,-4.53333333333334
2023-02-06,Indicador ESALQ/SP,SP,boi-gordo-indicador-esalq-bmf,293.1,boi-gordo-b3-prego-regular,2023-02,301.3,301.3,,-8.199999999999989,,-2.721539993362094
2023-02-07,Indicador ESALQ/SP,SP,boi-gordo-indicador-esalq-bmf,289.25,boi-gordo-b3-prego-regular,2023-02,301.65,301.65,,-12.399999999999977,,-4.110724349411562
2023-02-08,Indicador ESALQ/SP,SP,boi-gordo-indicador-esalq-bmf,296.6,boi-gordo-b3-prego-regular,2023-02,300.05,300.05,,-3.4499999999999886,,-1.1498083652724507
2023-02-09,Indicador ESALQ/SP,SP,boi-gordo-indicador-esalq-bmf,295.15,boi-gordo-b3-prego-regular,2023-02,299.8,299.8,,-4.650000000000034,,-1.5510340226817991
2023-02-10,Indicador ESALQ/SP,SP,boi-gordo-indicador-esalq-bmf,295.0,boi-gordo-b3-prego-regular,2023-02,301.4,301.4,,-6.399999999999977,,-2.123424021234233
2023-02-13,Indicador ESALQ/SP,SP,boi-gordo-indicador-esalq-bmf,302.7,boi-gordo-b3-prego-regular,2023-02,300.05,300.05,,2.6499999999999773,,0.8831861356440518
2023-02-14,Indicador ESALQ/SP,SP,boi-gordo-indicador-esalq-bmf,300.9,boi-gordo-b3-prego-regular,2023-02,301.0,301.0,,-0.10000000000002274,,-0.0332225913621338
2023-02-15,Indicador ESALQ/SP,SP,boi-gordo-indicador-esalq-bmf,296.0,boi-gordo-b3-prego-regular,2023-02,301.0,301.0,,-5.0,,-1.6611295681063125
2023-02-16,Indicador ESALQ/SP,SP,boi-gordo-indicador-esalq-bmf,302.95,boi-gordo-b3-prego-regular,2023-02,301.45,301.45,,1.5,,0.4975949577044286
2023-02-17,Indicador ESALQ/SP,SP,boi-gordo-indicador-esalq-bmf,294.6,boi-gordo-b3-prego-regular,2023-02,301.7,301.7,,-7.099999999999966,,-2.3533311236327363
2023-02-22,Indicador ESALQ/SP,SP,boi-gordo-indicador-esalq-bmf,299.5,boi-gordo-b3-prego-regular,2023-02,291.0,291.0,,8.5,,2.9209621993127146
2023-02-23,Indicador ESALQ/SP,SP,boi-gordo-indicador-esalq-bmf,267.45,boi-gordo-b3-prego-regular,2023-02,292.5,292.5,,-25.05000000000001,,-8.56410256410257
2023-02-24,Indicador ESALQ/SP,SP,boi-gordo-indicador-esalq-bmf,273.1,boi-gordo-b3-prego-regular,2023-02,282.35,282.35,,-9.25,,-3.2760757924561714
2023-02-27,Indicador ESALQ/SP,SP,boi-gordo-indicador-esalq-bmf,273.1,boi-gordo-b3-prego-regular,2023-02,278.5,278.5,,-5.399999999999977,,-1.9389587073608536
2023-02-28,Indicador ESALQ/SP,SP,boi-gordo-indicador-esalq-bmf,267.95,boi-gordo-b3-prego-regular,2023-03,296.3,296.3,,-28.350000000000023,,-9.568005399932508
2023-03-01,Indicador ESALQ/SP,SP,boi-gordo-indicador-esalq-bmf,273.85,boi-gordo-b3-prego-regular,2023-03,294.35,294.35,,-20.5,,-6.96449804654323
2023-03-02,Indicador ESALQ/SP,SP,boi-gordo-indicador-esalq-bmf,273.85,boi-gordo-b3-prego-regular,2023-03,293.75,293.75,,-19.899999999999977,,-6.774468085106375
2023-03-03,Indicador ESALQ/SP,SP,boi-gordo-indicador-esalq-bmf,273.85,boi-gordo-b3-prego-regular,2023-03,295.0,295.0,,-21.149999999999977,,-7.169491525423721
2023-03-06,Indicador ESALQ/SP,SP,boi-gordo-indicador-esalq-bmf,273.85,boi-gordo-b3-prego-regular,2023-03,292.5,292.5,,-18.649999999999977,,-6.3760683760683685
2023-03-07,Indicador ESALQ/SP,SP,boi-gordo-indicador-esalq-bmf,266.95,boi-gordo-b3-prego-regular,2023-03,291.15,291.15,,-24.19999999999999,,-8.311866735359777
2023-03-08,Indicador ESALQ/SP,SP,boi-gordo-indicador-esalq-bmf,266.95,boi-gordo-b3-prego-regular,2023-03,285.6,285.6,,-18.650000000000034,,-6.530112044817939
2023-03-09,Indicador ESALQ/SP,SP,boi-gordo-indicador-esalq-bmf,276.8,boi-gordo-b3-prego-regular,2023-03,285.5,285.5,,-8.699999999999989,,-3.0472854640980698
2023-03-10,Indicador ESALQ/SP,SP,boi-gordo-indicador-esalq-bmf,282.2,boi-gordo-b3-prego-regular,2023-03,286.8,286.8,,-4.600000000000023,,-1.603905160390524
2023-03-13,Indicador ESALQ/SP,SP,boi-gordo-indicador-esalq-bmf,280.2,boi-gordo-b3-prego-regular,2023-03,287.5,287.5,,-7.300000000000011,,-2.5391304347826127
2023-03-14,Indicador ESALQ/SP,SP,boi-gordo-indicador-esalq-bmf,276.25,boi-gordo-b3-prego-regular,2023-03,285.1,285.1,,-8.850000000000023,,-3.1041739740442025
2023-03-15,Indicador ESALQ/SP,SP,boi-gordo-indicador-esalq-bmf,276.05,boi-gordo-b3-prego-regular,2023-03,283.95,283.95,,-7.899999999999977,,-2.7821799612607774
2023-03-16,Indicador ESALQ/SP,SP,boi-gordo-indicador-esalq-bmf,278.9,boi-gordo-b3-prego-regular,2023-03,284.0,284.0,,-5.100000000000023,,-1.795774647887332
2023-03-17,Indicador ESALQ/SP,SP,boi-gordo-indicador-esalq-bmf,278.9,boi-gordo-b3-prego-regular,2023-03,284.0,284.0,,-5.100000000000023,,-1.795774647887332
2023-03-20,Indicador ESALQ/SP,SP,boi-gordo-indicador-esalq-bmf,277.8,boi-gordo-b3-prego-regular,2023-03,283.85,283.85,,-6.050000000000011,,-2.131407433503615
2023-03-21,Indicador ESALQ/SP,SP,boi-gordo-indicador-esalq-bmf,279.65,boi-gordo-b3-prego-regular,2023-03,283.5,283.5,,-3.8500000000000227,,-1.3580246913580327
2023-03-22,Indicador ESALQ/SP,SP,boi-gordo-indicador-esalq-bmf,276.25,boi-gordo-b3-prego-regular,2023-03,286.45,286.45,,-10.199999999999989,,-3.5608308605341206
2023-03-23,Indicador ESALQ/SP,SP,boi-gordo-indicador-esalq-bmf,292.9,boi-gordo-b3-prego-regular,2023-03,293.65,293.65,,-0.75,,-0.25540609569215056
2023-03-24,Indicador ESALQ/SP,SP,boi-gordo-indicador-esalq-bmf,298.8,boi-gordo-b3-prego-regular,2023-03,295.15,295.15,,3.650000000000034,,1.236659325766571
2023-03-27,Indicador ESALQ/SP,SP,boi-gordo-indicador-esalq-bmf,295.35,boi-gordo-b3-prego-regular,2023-03,296.85,296.85,,-1.5,,-0.5053057099545224
2023-03-28,Indicador ESALQ/SP,SP,boi-gordo-indicador-esalq-bmf,295.2,boi-gordo-b3-prego-regular,2023-03,294.6,294.6,,0.5999999999999659,,0.20366598778002915
2023-03-29,Indicador ESALQ/SP,SP,boi-gordo-indicador-esalq-bmf,295.75,boi-gordo-b3-prego-regular,2023-03,294.45,294.45,,1.3000000000000114,,0.4415011037527633
2023-03-30,Indicador ESALQ/SP,SP,boi-gordo-indicador-esalq-bmf,295.1,boi-gordo-b3-prego-regular,2023-03,294.95,294.95,,0.1500000000000341,,0.05085607730124906
2023-03-31,Indicador ESALQ/SP,SP,boi-gordo-indicador-esalq-bmf,295.95,boi-gordo-b3-prego-regular,2023-04,291.8,291.8,,4.149999999999977,,1.4222069910897797
2023-04-03,Indicador ESALQ/SP,SP,boi-gordo-indicador-esalq-bmf,296.85,boi-gordo-b3-prego-regular,2023-04,290.5,290.5,,6.350000000000023,,2.1858864027538805
2023-04-04,Indicador ESALQ/SP,SP,boi-gordo-indicador-esalq-bmf,294.25,boi-gordo-b3-prego-regular,2023-04,288.65,288.65,,5.600000000000023,,1.9400658236618824
2023-04-05,Indicador ESALQ/SP,SP,boi-gordo-indicador-esalq-bmf,290.3,boi-gordo-b3-prego-regular,2023-04,287.25,287.25,,3.0500000000000114,,1.061792863359447
2023-04-06,Indicador ESALQ/SP,SP,boi-gordo-indicador-esalq-bmf,294.15,boi-gordo-b3-prego-regular,2023-04,283.15,283.15,,11.0,,3.8848666784389905
2023-04-10,Indicador ESALQ/SP,SP,boi-gordo-indicador-esalq-bmf,284.9,boi-gordo-b3-prego-regular,2023-04,285.0,285.0,,-0.10000000000002274,,-0.03508771929825359
2023-04-11,Indicador ESALQ/SP,SP,boi-gordo-indicador-esalq-bmf,293.0,boi-gordo-b3-prego-regular,2023-04,283.5,283.5,,9.5,,3.3509700176366843
2023-04-12,Indicador ESALQ/SP,SP,boi-gordo-indicador-esalq-bmf,291.55,boi-gordo-b3-prego-regular,2023-04,282.0,282.0,,9.550000000000011,,3.3865248226950397
2023-04-13,Indicador ESALQ/SP,SP,boi-gordo-indicador-esalq-bmf,285.35,boi-gordo-b3-prego-regular,2023-04,281.5,281.5,,3.8500000000000227,,1.3676731793961003
2023-04-14,Indicador ESALQ/SP,SP,boi-gordo-indicador-esalq-bmf,285.9,boi-gordo-b3-prego-regular,2023-04,281.05,281.05,,4.849999999999966,,1.725671588685275
2023-04-17,Indicador ESALQ/SP,SP,boi-gordo-indicador-esalq-bmf,286.8,boi-gordo-b3-prego-regular,2023-04,279.2,279.2,,7.600000000000023,,2.7220630372492916
2023-04-18,Indicador ESALQ/SP,SP,boi-gordo-indicador-esalq-bmf,284.4,boi-gordo-b3-prego-regular,2023-04,278.75,278.75,,5.649999999999977,,2.0269058295964046
2023-04-19,Indicador ESALQ/SP,SP,boi-gordo-indicador-esalq-bmf,278.4,boi-gordo-b3-prego-regular,2023-04,277.5,277.5,,0.8999999999999773,,0.3243243243243161
2023-04-20,Indicador ESALQ/SP,SP,boi-gordo-indicador-esalq-bmf,285.4,boi-gordo-b3-prego-regular,2023-04,275.5,275.5,,9.899999999999977,,3.5934664246823873
2023-04-24,Indicador ESALQ/SP,SP,boi-gordo-indicador-esalq-bmf,282.9,boi-gordo-b3-prego-regular,2023-04,277.0,277.0,,5.899999999999977,,2.129963898916959
2023-04-25,Indicador ESALQ/SP,SP,boi-gordo-indicador-esalq-bmf,281.6,boi-gordo-b3-prego-regular,2023-04,277.4,277.4,,4.2000000000000455,,1.5140591204037657
2023-04-26,Indicador ESALQ/SP,SP,boi-gordo-indicador-esalq-bmf,279.15,boi-gordo-b3-prego-regular,2023-04,277.8,277.8,,1.349999999999966,,0.4859611231101389
2023-04-27,Indicador ESALQ/SP,SP,boi-gordo-indicador-esalq-bmf,278.2,boi-gordo-b3-prego-regular,2023-04,277.65,277.65,,0.5500000000000114,,0.1980911219160855
2023-04-28,Indicador ESALQ/SP,SP,boi-gordo-indicador-esalq-bmf,271.4,boi-gordo-b3-prego-regular,2023-05,264.2,264.2,,7.199999999999989,,2.7252081756245228
2023-05-02,Indicador ESALQ/SP,SP,boi-gordo-indicador-esalq-bmf,273.35,boi-gordo-b3-prego-regular,2023-05,262.75,262.75,,10.600000000000023,,4.034253092293063
2023-05-03,Indicador ESALQ/SP,SP,boi-gordo-indicador-esalq-bmf,262.3,boi-gordo-b3-prego-regular,2023-05,263.0,263.0,,-0.6999999999999886,,-0.26615969581748616
2023-05-04,Indicador ESALQ/SP,SP,boi-gordo-indicador-esalq-bmf,260.45,boi-gordo-b3-prego-regular,2023-05,264.35,264.35,,-3.900000000000034,,-1.4753168148288383
2023-05-05,Indicador ESALQ/SP,SP,boi-gordo-indicador-esalq-bmf,269.6,boi-gordo-b3-prego-regular,2023-05,265.5,265.5,,4.100000000000023,,1.5442561205273155
2023-05-08,Indicador ESALQ/SP,SP,boi-gordo-indicador-esalq-bmf,274.35,boi-gordo-b3-prego-regular,2023-05,265.4,265.4,,8.950000000000045,,3.3722682743029564
2023-05-09,Indicador ESALQ/SP,SP,boi-gordo-indicador-esalq-bmf,272.55,boi-gordo-b3-prego-regular,2023-05,264.6,264.6,,7.949999999999989,,3.0045351473922857
2023-05-10,Indicador ESALQ/SP,SP,boi-gordo-indicador-esalq-bmf,274.7,boi-gordo-b3-prego-regular,2023-05,263.2,263.2,,11.5,,4.369300911854103
2023-05-11,Indicador ESALQ/SP,SP,boi-gordo-indicador-esalq-bmf,271.25,boi-gordo-b3-prego-regular,2023-05,263.35,263.35,,7.899999999999977,,2.999810138598814
2023-05-12,Indicador ESALQ/SP,SP,boi-gordo-indicador-esalq-bmf,272.55,boi-gordo-b3-prego-regular,2023-05,262.85,262.85,,9.699999999999989,,3.6903176716758557
2023-05-15,Indicador ESALQ/SP,SP,boi-gordo-indicador-esalq-bmf,273.6,boi-gordo-b3-prego-regular,2023-05,263.0,263.0,,10.600000000000023,,4.0304182509505795
2023-05-16,Indicador ESALQ/SP,SP,boi-gordo-indicador-esalq-bmf,267.2,boi-gordo-b3-prego-regular,2023-05,260.3,260.3,,6.899999999999977,,2.6507875528236564
2023-05-17,Indicador ESALQ/SP,SP,boi-gordo-indicador-esalq-bmf,267.75,boi-gordo-b3-prego-regular,2023-05,256.8,256.8,,10.949999999999989,,4.264018691588781
2023-05-18,Indicador ESALQ/SP,SP,boi-gordo-indicador-esalq-bmf,267.3,boi-gordo-b3-prego-regular,2023-05,251.1,251.1,,16.200000000000017,,6.451612903225813
2023-05-19,Indicador ESALQ/SP,SP,boi-gordo-indicador-esalq-bmf,263.6,boi-gordo-b3-prego-regular,2023-05,251.0,251.0,,12.600000000000023,,5.0199203187251085
2023-05-22,Indicador ESALQ/SP,SP,boi-gordo-indicador-esalq-bmf,263.55,boi-gordo-b3-prego-regular,2023-05,255.0,255.0,,8.550000000000011,,3.3529411764705928
2023-05-23,Indicador ESALQ/SP,SP,boi-gordo-indicador-esalq-bmf,261.85,boi-gordo-b3-prego-regular,2023-05,260.5,260.5,,1.3500000000000227,,0.5182341650671872
2023-05-24,Indicador ESALQ/SP,SP,boi-gordo-indicador-esalq-bmf,257.3,boi-gordo-b3-prego-regular,2023-05,258.0,258.0,,-0.6999999999999886,,-0.27131782945735994
2023-05-25,Indicador ESALQ/SP,SP,boi-gordo-indicador-esalq-bmf,255.85,boi-gordo-b3-prego-regular,2023-05,255.25,255.25,,0.5999999999999943,,0.23506366307541404
2023-05-26,Indicador ESALQ/SP,SP,boi-gordo-indicador-esalq-bmf,253.3,boi-gordo-b3-prego-regular,2023-05,254.2,254.2,,-0.8999999999999773,,-0.35405192761604143
2023-05-29,Indicador ESALQ/SP,SP,boi-gordo-indicador-esalq-bmf,256.9,boi-gordo-b3-prego-regular,2023-05,251.35,251.35,,5.549999999999983,,2.208076387507453
2023-05-30,Indicador ESALQ/SP,SP,boi-gordo-indicador-esalq-bmf,241.75,boi-gordo-b3-prego-regular,2023-05,252.5,252.5,,-10.75,,-4.257425742574258
2023-05-31,Indicador ESALQ/SP,SP,boi-gordo-indicador-esalq-bmf,243.25,boi-gordo-b3-prego-regular,2023-06,237.0,237.0,,6.25,,2.6371308016877637
2023-06-01,Indicador ESALQ/SP,SP,boi-gordo-indicador-esalq-bmf,243.9,boi-gordo-b3-prego-regular,2023-06,236.5,236.5,,7.400000000000006,,3.12896405919662
2023-06-02,Indicador ESALQ/SP,SP,boi-gordo-indicador-esalq-bmf,248.3,boi-gordo-b3-prego-regular,2023-06,235.65,235.65,,12.650000000000006,,5.368130702312754
2023-06-05,Indicador ESALQ/SP,SP,boi-gordo-indicador-esalq-bmf,248.85,boi-gordo-b3-prego-regular,2023-06,240.05,240.05,,8.799999999999983,,3.665902936888141
2023-06-06,Indicador ESALQ/SP,SP,boi-gordo-indicador-esalq-bmf,244.9,boi-gordo-b3-prego-regular,2023-06,243.85,243.85,,1.0500000000000114,,0.4305925774041466
2023-06-07,Indicador ESALQ/SP,SP,boi-gordo-indicador-esalq-bmf,244.4,boi-gordo-b3-prego-regular,2023-06,244.5,244.5,,-0.09999999999999432,,-0.04089979550102017
2023-06-09,Indicador ESALQ/SP,SP,boi-gordo-indicador-esalq-bmf,251.1,boi-gordo-b3-prego-regular,2023-06,246.15,246.15,,4.949999999999989,,2.010968921389392
2023-06-12,Indicador ESALQ/SP,SP,boi-gordo-indicador-esalq-bmf,237.65,boi-gordo-b3-prego-regular,2023-06,245.05,245.05,,-7.400000000000006,,-3.019791879208327
2023-06-13,Indicador ESALQ/SP,SP,boi-gordo-indicador-esalq-bmf,243.65,boi-gordo-b3-prego-regular,2023-06,243.0,243.0,,0.6500000000000057,,0.2674897119341587
2023-06-14,Indicador ESALQ/SP,SP,boi-gordo-indicador-esalq-bmf,249.4,boi-gordo-b3-prego-regular,2023-06,244.0,244.0,,5.400000000000006,,2.213114754098363
2023-06-15,Indicador ESALQ/SP,SP,boi-gordo-indicador-esalq-bmf,236.15,boi-gordo-b3-prego-regular,2023-06,246.9,246.9,,-10.75,,-4.353989469420818
2023-06-16,Indicador ESALQ/SP,SP,boi-gordo-indicador-esalq-bmf,244.2,boi-gordo-b3-prego-regular,2023-06,249.5,249.5,,-5.300000000000011,,-2.1242484969939928
2023-06-19,Indicador ESALQ/SP,SP,boi-gordo-indicador-esalq-bmf,243.15,boi-gordo-b3-prego-regular,2023-06,249.9,249.9,,-6.75,,-2.701080432172869
2023-06-20,Indicador ESALQ/SP,SP,boi-gordo-indicador-esalq-bmf,251.6,boi-gordo-b3-prego-regular,2023-06,247.9,247.9,,3.6999999999999886,,1.4925373134328312
2023-06-21,Indicador ESALQ/SP,SP,boi-gordo-indicador-esalq-bmf,252.95,boi-gordo-b3-prego-regular,2023-06,250.25,250.25,,2.6999999999999886,,1.0789210789210744
2023-06-22,Indicador ESALQ/SP,SP,boi-gordo-indicador-esalq-bmf,249.9,boi-gordo-b3-prego-regular,2023-06,251.5,251.5,,-1.5999999999999943,,-0.6361829025844908
2023-06-23,Indicador ESALQ/SP,SP,boi-gordo-indicador-esalq-bmf,252.4,boi-gordo-b3-prego-regular,2023-06,251.5,251.5,,0.9000000000000057,,0.3578528827037796
2023-06-26,Indicador ESALQ/SP,SP,boi-gordo-indicador-esalq-bmf,257.8,boi-gordo-b3-prego-regular,2023-06,251.0,251.0,,6.800000000000011,,2.70916334661355
2023-06-27,Indicador ESALQ/SP,SP,boi-gordo-indicador-esalq-bmf,258.0,boi-gordo-b3-prego-regular,2023-06,254.65,254.65,,3.3499999999999943,,1.3155311211466696
2023-06-28,Indicador ESALQ/SP,SP,boi-gordo-indicador-esalq-bmf,252.2,boi-gordo-b3-prego-regular,2023-06,255.9,255.9,,-3.700000000000017,,-1.4458772958186858
2023-06-29,Indicador ESALQ/SP,SP,boi-gordo-indicador-esalq-bmf,260.0,boi-gordo-b3-prego-regular,2023-06,256.8,256.8,,3.1999999999999886,,1.2461059190031107
2023-06-30,Indicador ESALQ/SP,SP,boi-gordo-indicador-esalq-bmf,254.2,boi-gordo-b3-prego-regular,2023-07,264.0,264.0,,-9.800000000000011,,-3.7121212121212164
2023-07-03,Indicador ESALQ/SP,SP,boi-gordo-indicador-esalq-bmf,259.05,boi-gordo-b3-prego-regular,2023-07,263.35,263.35,,-4.300000000000011,,-1.632808050123414
2023-07-04,Indicador ESALQ/SP,SP,boi-gordo-indicador-esalq-bmf,258.65,boi-gordo-b3-prego-regular,2023-07,263.0,263.0,,-4.350000000000023,,-1.653992395437271
2023-07-05,Indicador ESALQ/SP,SP,boi-gordo-indicador-esalq-bmf,244.7,boi-gordo-b3-prego-regular,2023-07,259.0,259.0,,-14.300000000000011,,-5.521235521235526
2023-07-06,Indicador ESALQ/SP,SP,boi-gordo-indicador-esalq-bmf,257.3,boi-gordo-b3-prego-regular,2023-07,255.2,255.2,,2.1000000000000227,,0.822884012539194
2023-07-07,Indicador ESALQ/SP,SP,boi-gordo-indicador-esalq-bmf,256.25,boi-gordo-b3-prego-regular,2023-07,253.6,253.6,,2.6500000000000057,,1.044952681388015
2023-07-10,Indicador ESALQ/SP,SP,boi-gordo-indicador-esalq-bmf,254.7,boi-gordo-b3-prego-regular,2023-07,252.5,252.5,,2.1999999999999886,,0.8712871287128668
2023-07-11,Indicador ESALQ/SP,SP,boi-gordo-indicador-esalq-bmf,257.15,boi-gordo-b3-prego-regular,2023-07,250.15,250.15,,6.999999999999972,,2.7983210073955513
2023-07-12,Indicador ESALQ/SP,SP,boi-gordo-indicador-esalq-bmf,258.0,boi-gordo-b3-prego-regular,2023-07,249.0,249.0,,9.0,,3.614457831325301
2023-07-13,Indicador ESALQ/SP,SP,boi-gordo-indicador-esalq-bmf,253.2,boi-gordo-b3-prego-regular,2023-07,249.95,249.95,,3.25,,1.3002600520104022
2023-07-14,Indicador ESALQ/SP,SP,boi-gordo-indicador-esalq-bmf,254.9,boi-gordo-b3-prego-regular,2023-07,248.2,248.2,,6.700000000000017,,2.699435938759072
2023-07-17,Indicador ESALQ/SP,SP,boi-gordo-indicador-esalq-bmf,257.0,boi-gordo-b3-prego-regular,2023-07,248.0,248.0,,9.0,,3.6290322580645165
2023-07-18,Indicador ESALQ/SP,SP,boi-gordo-indicador-esalq-bmf,248.2,boi-gordo-b3-prego-regular,2023-07,248.0,248.0,,0.19999999999998863,,0.080645161290318
2023-07-19,Indicador ESALQ/SP,SP,boi-gordo-indicador-esalq-bmf,246.15,boi-gordo-b3-prego-regular,2023-07,246.7,246.7,,-0.549999999999983,,-0.22294284556140373
2023-07-20,Indicador ESALQ/SP,SP,boi-gordo-indicador-esalq-bmf,250.9,boi-gordo-b3-prego-regular,2023-07,245.0,245.0,,5.900000000000006,,2.4081632653061247
2023-07-21,Indicador ESALQ/SP,SP,boi-gordo-indicador-esalq-bmf,246.35,boi-gordo-b3-prego-regular,2023-07,243.85,243.85,,2.5,,1.0252204223908141
2023-07-24,Indicador ESALQ/SP,SP,boi-gordo-indicador-esalq-bmf,247.1,boi-gordo-b3-prego-regular,2023-07,244.0,244.0,,3.0999999999999943,,1.2704918032786863
2023-07-25,Indicador ESALQ/SP,SP,boi-gordo-indicador-esalq-bmf,243.6,boi-gordo-b3-prego-regular,2023-07,242.55,242.55,,1.049999999999983,,0.4329004329004259
2023-07-26,Indicador ESALQ/SP,SP,boi-gordo-indicador-esalq-bmf,243.5,boi-gordo-b3-prego-regular,2023-07,240.15,240.15,,3.3499999999999943,,1.3949614824068266
2023-07-27,Indicador ESALQ/SP,SP,boi-gordo-indicador-esalq-bmf,241.4,boi-gordo-b3-prego-regular,2023-07,241.0,241.0,,0.4000000000000057,,0.1659751037344422
2023-07-28,Indicador ESALQ/SP,SP,boi-gordo-indicador-esalq-bmf,245.05,boi-gordo-b3-prego-regular,2023-07,241.9,241.9,,3.1500000000000057,,1.3021909880115774
2023-07-31,Indicador ESALQ/SP,SP,boi-gordo-indicador-esalq-bmf,243.85,boi-gordo-b3-prego-regular,2023-08,232.9,232.9,,10.949999999999989,,4.70158866466294
2023-08-01,Indicador ESALQ/SP,SP,boi-gordo-indicador-esalq-bmf,240.1,boi-gordo-b3-prego-regular,2023-08,234.5,234.5,,5.599999999999994,,2.388059701492535
2023-08-02,Indicador ESALQ/SP,SP,boi-gordo-indicador-esalq-bmf,242.1,boi-gordo-b3-prego-regular,2023-08,229.1,229.1,,13.0,,5.674378000872982
2023-08-03,Indicador ESALQ/SP,SP,boi-gordo-indicador-esalq-bmf,232.4,boi-gordo-b3-prego-regular,2023-08,231.8,231.8,,0.5999999999999943,,0.2588438308886947
2023-08-04,Indicador ESALQ/SP,SP,boi-gordo-indicador-esalq-bmf,240.2,boi-gordo-b3-prego-regular,2023-08,230.4,230.4,,9.799999999999983,,4.253472222222214
2023-08-07,Indicador ESALQ/SP,SP,boi-gordo-indicador-esalq-bmf,237.7,boi-gordo-b3-prego-regular,2023-08,233.25,233.25,,4.449999999999989,,1.9078242229367584
2023-08-08,Indicador ESALQ/SP,SP,boi-gordo-indicador-esalq-bmf,238.0,boi-gordo-b3-prego-regular,2023-08,228.1,228.1,,9.900000000000006,,4.340201665935996
2023-08-09,Indicador ESALQ/SP,SP,boi-gordo-indicador-esalq-bmf,237.35,boi-gordo-b3-prego-regular,2023-08,224.5,224.5,,12.849999999999994,,5.723830734966589
2023-08-10,Indicador ESALQ/SP,SP,boi-gordo-indicador-esalq-bmf,233.95,boi-gordo-b3-prego-regular,2023-08,220.6,220.6,,13.349999999999994,,6.051677243880324
2023-08-11,Indicador ESALQ/SP,SP,boi-gordo-indicador-esalq-bmf,230.1,boi-gordo-b3-prego-regular,2023-08,221.0,221.0,,9.099999999999994,,4.117647058823526
2023-08-14,Indicador ESALQ/SP,SP,boi-gordo-indicador-esalq-bmf,230.4,boi-gordo-b3-prego-regular,2023-08,216.85,216.85,,13.550000000000011,,6.248558911690114
2023-08-15,Indicador ESALQ/SP,SP,boi-gordo-indicador-esalq-bmf,221.2,boi-gordo-b3-prego-regular,2023-08,216.35,216.35,,4.849999999999994,,2.2417379246591143
2023-08-16,Indicador ESALQ/SP,SP,boi-gordo-indicador-esalq-bmf,217.15,boi-gordo-b3-prego-regular,2023-08,213.9,213.9,,3.25,,1.5194015895278168
2023-08-17,Indicador ESALQ/SP,SP,boi-gordo-indicador-esalq-bmf,219.05,boi-gordo-b3-prego-regular,2023-08,207.2,207.2,,11.850000000000023,,5.719111969111981
2023-08-18,Indicador ESALQ/SP,SP,boi-gordo-indicador-esalq-bmf,211.85,boi-gordo-b3-prego-regular,2023-08,208.2,208.2,,3.6500000000000057,,1.7531219980787733
2023-08-21,Indicador ESALQ/SP,SP,boi-gordo-indicador-esalq-bmf,215.1,boi-gordo-b3-prego-regular,2023-08,209.5,209.5,,5.599999999999994,,2.6730310262529806
2023-08-22,Indicador ESALQ/SP,SP,boi-gordo-indicador-esalq-bmf,214.95,boi-gordo-b3-prego-regular,2023-08,205.0,205.0,,9.949999999999989,,4.85365853658536
2023-08-23,Indicador ESALQ/SP,SP,boi-gordo-indicador-esalq-bmf,205.3,boi-gordo-b3-prego-regular,2023-08,204.05,204.05,,1.25,,0.6125949522175936
2023-08-24,Indicador ESALQ/SP,SP,boi-gordo-indicador-esalq-bmf,199.75,boi-gordo-b3-prego-regular,2023-08,201.7,201.7,,-1.9499999999999886,,-0.9667823500247837
2023-08-25,Indicador ESALQ/SP,SP,boi-gordo-indicador-esalq-bmf,199.9,boi-gordo-b3-prego-regular,2023-08,201.0,201.0,,-1.0999999999999943,,-0.547263681592037
2023-08-28,Indicador ESALQ/SP,SP,boi-gordo-indicador-esalq-bmf,199.25,boi-gordo-b3-prego-regular,2023-08,198.0,198.0,,1.25,,0.6313131313131313
2023-08-29,Indicador ESALQ/SP,SP,boi-gordo-indicador-esalq-bmf,202.95,boi-gordo-b3-prego-regular,2023-08,199.0,199.0,,3.9499999999999886,,1.984924623115572
2023-08-30,Indicador ESALQ/SP,SP,boi-gordo-indicador-esalq-bmf,199.75,boi-gordo-b3-prego-regular,2023-08,201.0,201.0,,-1.25,,-0.6218905472636816
2023-08-31,Indicador ESALQ/SP,SP,boi-gordo-indicador-esalq-bmf,199.8,boi-gordo-b3-prego-regular,2023-09,195.15,195.15,,4.650000000000006,,2.382782475019219
2023-09-01,Indicador ESALQ/SP,SP,boi-gordo-indicador-esalq-bmf,199.65,boi-gordo-b3-prego-regular,2023-09,197.35,197.35,,2.3000000000000114,,1.1654421079300794
2023-09-04,Indicador ESALQ/SP,SP,boi-gordo-indicador-esalq-bmf,199.2,boi-gordo-b3-prego-regular,2023-09,202.85,202.85,,-3.6500000000000057,,-1.7993591323638185
2023-09-05,Indicador ESALQ/SP,SP,boi-gordo-indicador-esalq-bmf,201.0,boi-gordo-b3-prego-regular,2023-09,209.3,209.3,,-8.300000000000011,,-3.965599617773536
2023-09-06,Indicador ESALQ/SP,SP,boi-gordo-indicador-esalq-bmf,200.35,boi-gordo-b3-prego-regular,2023-09,210.6,210.6,,-10.25,,-4.867046533713201
2023-09-08,Indicador ESALQ/SP,SP,boi-gordo-indicador-esalq-bmf,202.7,boi-gordo-b3-prego-regular,2023-09,207.0,207.0,,-4.300000000000011,,-2.077294685990344
2023-09-11,Indicador ESALQ/SP,SP,boi-gordo-indicador-esalq-bmf,204.15,boi-gordo-b3-prego-regular,2023-09,216.9,216.9,,-12.75,,-5.878284923928077
2023-09-12,Indicador ESALQ/SP,SP,boi-gordo-indicador-esalq-bmf,196.35,boi-gordo-b3-prego-regular,2023-09,216.8,216.8,,-20.450000000000017,,-9.432656826568273
2023-09-13,Indicador ESALQ/SP,SP,boi-gordo-indicador-esalq-bmf,202.0,boi-gordo-b3-prego-regular,2023-09,215.5,215.5,,-13.5,,-6.2645011600928076
2023-09-14,Indicador ESALQ/SP,SP,boi-gordo-indicador-esalq-bmf,204.0,boi-gordo-b3-prego-regular,2023-09,213.0,213.0,,-9.0,,-4.225352112676056
2023-09-15,Indicador ESALQ/SP,SP,boi-gordo-indicador-esalq-bmf,213.7,boi-gordo-b3-prego-regular,2023-09,217.75,217.75,,-4.050000000000011,,-1.859931113662462
2023-09-18,Indicador ESALQ/SP,SP,boi-gordo-indicador-esalq-bmf,214.9,boi-gordo-b3-prego-regular,2023-09,226.0,226.0,,-11.099999999999994,,-4.911504424778759
2023-09-19,Indicador ESALQ/SP,SP,boi-gordo-indicador-esalq-bmf,209.85,boi-gordo-b3-prego-regular,2023-09,226.0,226.0,,-16.150000000000006,,-7.146017699115046
2023-09-20,Indicador ESALQ/SP,SP,boi-gordo-indicador-esalq-bmf,215.4,boi-gordo-b3-prego-regular,2023-09,224.0,224.0,,-8.599999999999994,,-3.8392857142857117
2023-09-21,Indicador ESALQ/SP,SP,boi-gordo-indicador-esalq-bmf,218.65,boi-gordo-b3-prego-regular,2023-09,226.15,226.15,,-7.5,,-3.3163829316825115
2023-09-22,Indicador ESALQ/SP,SP,boi-gordo-indicador-esalq-bmf,222.1,boi-gordo-b3-prego-regular,2023-09,226.5,226.5,,-4.400000000000006,,-1.9426048565121437
2023-09-25,Indicador ESALQ/SP,SP,boi-gordo-indicador-esalq-bmf,220.8,boi-gordo-b3-prego-regular,2023-09,227.25,227.25,,-6.449999999999989,,-2.838283828382833
2023-09-26,Indicador ESALQ/SP,SP,boi-gordo-indicador-esalq-bmf,226.55,boi-gordo-b3-prego-regular,2023-09,227.5,227.5,,-0.9499999999999886,,-0.4175824175824126
2023-09-27,Indicador ESALQ/SP,SP,boi-gordo-indicador-esalq-bmf,228.3,boi-gordo-b3-prego-regular,2023-09,227.05,227.05,,1.25,,0.5505395287381634
2023-09-28,Indicador ESALQ/SP,SP,boi-gordo-indicador-esalq-bmf,234.5,boi-gordo-b3-prego-regular,2023-09,227.0,227.0,,7.5,,3.303964757709251
2023-09-29,Indicador ESALQ/SP,SP,boi-gordo-indicador-esalq-bmf,236.15,boi-gordo-b3-prego-regular,2023-10,240.5,240.5,,-4.349999999999994,,-1.8087318087318065
2023-10-02,Indicador ESALQ/SP,SP,boi-gordo-indicador-esalq-bmf,236.05,boi-gordo-b3-prego-regular,2023-10,240.4,240.4,,-4.349999999999994,,-1.809484193011645
2023-10-03,Indicador ESALQ/SP,SP,boi-gordo-indicador-esalq-bmf,238.8,boi-gordo-b3-prego-regular,2023-10,237.7,237.7,,1.1000000000000227,,0.46276819520404827
2023-10-04,Indicador ESALQ/SP,SP,boi-gordo-indicador-esalq-bmf,233.95,boi-gordo-b3-prego-regular,2023-10,237.9,237.9,,-3.950000000000017,,-1.6603614964270774
2023-10-05,Indicador ESALQ/SP,SP,boi-gordo-indicador-esalq-bmf,239.2,boi-gordo-b3-prego-regular,2023-10,238.5,238.5,,0.6999999999999886,,0.2935010482180246
2023-10-06,Indicador ESALQ/SP,SP,boi-gordo-indicador-esalq-bmf,239.8,boi-gordo-b3-prego-regular,2023-10,241.8,241.8,,-2.0,,-0.8271298593879239
2023-10-09,Indicador ESALQ/SP,SP,boi-gordo-indicador-esalq-bmf,238.0,boi-gordo-b3-prego-regular,2023-10,244.75,244.75,,-6.75,,-2.7579162410623086
2023-10-10,Indicador ESALQ/SP,SP,boi-gordo-indicador-esalq-bmf,237.8,boi-gordo-b3-prego-regular,2023-10,240.0,240.0,,-2.1999999999999886,,-0.916666666666662
2023-10-11,Indicador ESALQ/SP,SP,boi-gordo-indicador-esalq-bmf,233.05,boi-gordo-b3-prego-regular,2023-10,241.6,241.6,,-8.549999999999983,,-3.538907284768205
2023-10-13,Indicador ESALQ/SP,SP,boi-gordo-indicador-esalq-bmf,231.9,boi-gordo-b3-prego-regular,2023-10,239.35,239.35,,-7.449999999999989,,-3.1125966158345473
2023-10-16,Indicador ESALQ/SP,SP,boi-gordo-indicador-esalq-bmf,243.45,boi-gordo-b3-prego-regular,2023-10,237.1,237.1,,6.349999999999994,,2.6781948544917733
2023-10-17,Indicador ESALQ/SP,SP,boi-gordo-indicador-esalq-bmf,241.7,boi-gordo-b3-prego-regular,2023-10,237.9,237.9,,3.799999999999983,,1.5973097940310983
2023-10-18,Indicador ESALQ/SP,SP,boi-gordo-indicador-esalq-bmf,230.8,boi-gordo-b3-prego-regular,2023-10,238.45,238.45,,-7.649999999999977,,-3.208219752568663
2023-10-19,Indicador ESALQ/SP,SP,boi-gordo-indicador-esalq-bmf,242.1,boi-gordo-b3-prego-regular,2023-10,238.4,238.4,,3.6999999999999886,,1.5520134228187872
2023-10-20,Indicador ESALQ/SP,SP,boi-gordo-indicador-esalq-bmf,241.1,boi-gordo-b3-prego-regular,2023-10,237.85,237.85,,3.25,,1.3664073996216104
2023-10-23,Indicador ESALQ/SP,SP,boi-gordo-indicador-esalq-bmf,237.4,boi-gordo-b3-prego-regular,2023-10,238.0,238.0,,-0.5999999999999943,,-0.25210084033613206
2023-10-24,Indicador ESALQ/SP,SP,boi-gordo-indicador-esalq-bmf,239.45,boi-gordo-b3-prego-regular,2023-10,237.75,237.75,,1.6999999999999886,,0.7150368033648743
2023-10-25,Indicador ESALQ/SP,SP,boi-gordo-indicador-esalq-bmf,240.05,boi-gordo-b3-prego-regular,2023-10,237.95,237.95,,2.1000000000000227,,0.882538348392529
2023-10-26,Indicador ESALQ/SP,SP,boi-gordo-indicador-esalq-bmf,240.75,boi-gordo-b3-prego-regular,2023-10,238.95,238.95,,1.8000000000000114,,0.7532956685499107
2023-10-27,Indicador ESALQ/SP,SP,boi-gordo-indicador-esalq-bmf,230.0,boi-gordo-b3-prego-regular,2023-10,240.25,240.25,,-10.25,,-4.266389177939646
2023-10-30,Indicador ESALQ/SP,SP,boi-gordo-indicador-esalq-bmf,241.7,boi-gordo-b3-prego-regular,2023-10,237.9,237.9,,3.799999999999983,,1.5973097940310983
2023-10-31,Indicador ESALQ/SP,SP,boi-gordo-indicador-esalq-bmf,237.5,boi-gordo-b3-prego-regular,2023-11,235.1,235.1,,2.4000000000000057,,1.0208421948107214
2023-11-01,Indicador ESALQ/SP,SP,boi-gordo-indicador-esalq-bmf,232.85,boi-gordo-b3-prego-regular,2023-11,233.2,233.2,,-0.3499999999999943,,-0.15008576329330803
2023-11-03,Indicador ESALQ/SP,SP,boi-gordo-indicador-esalq-bmf,234.95,boi-gordo-b3-prego-regular,2023-11,235.15,235.15,,-0.20000000000001705,,-0.08505209440783204
2023-11-06,Indicador ESALQ/SP,SP,boi-gordo-indicador-esalq-bmf,240.6,boi-gordo-b3-prego-regular,2023-11,237.5,237.5,,3.0999999999999943,,1.3052631578947345
2023-11-07,Indicador ESALQ/SP,SP,boi-gordo-indicador-esalq-bmf,228.5,boi-gordo-b3-prego-regular,2023-11,236.4,236.4,,-7.900000000000006,,-3.341793570219968
2023-11-08,Indicador ESALQ/SP,SP,boi-gordo-indicador-esalq-bmf,229.5,boi-gordo-b3-prego-regular,2023-11,238.45,238.45,,-8.949999999999989,,-3.7534074229398153
2023-11-09,Indicador ESALQ/SP,SP,boi-gordo-indicador-esalq-bmf,228.25,boi-gordo-b3-prego-regular,2023-11,238.5,238.5,,-10.25,,-4.29769392033543
2023-11-10,Indicador ESALQ/SP,SP,boi-gordo-indicador-esalq-bmf,234.65,boi-gordo-b3-prego-regular,2023-11,237.6,237.6,,-2.9499999999999886,,-1.241582491582487
2023-11-13,Indicador ESALQ/SP,SP,boi-gordo-indicador-esalq-bmf,231.75,boi-gordo-b3-prego-regular,2023-11,240.9,240.9,,-9.150000000000006,,-3.7982565379825672
2023-11-14,Indicador ESALQ/SP,SP,boi-gordo-indicador-esalq-bmf,231.25,boi-gordo-b3-prego-regular,2023-11,240.5,240.5,,-9.25,,-3.8461538461538463
2023-11-16,Indicador ESALQ/SP,SP,boi-gordo-indicador-esalq-bmf,227.95,boi-gordo-b3-prego-regular,2023-11,239.0,239.0,,-11.050000000000011,,-4.623430962343101
2023-11-17,Indicador ESALQ/SP,SP,boi-gordo-indicador-esalq-bmf,235.6,boi-gordo-b3-prego-regular,2023-11,239.75,239.75,,-4.150000000000006,,-1.730969760166843
2023-11-20,Indicador ESALQ/SP,SP,boi-gordo-indicador-esalq-bmf,235.6,boi-gordo-b3-prego-regular,2023-11,239.8,239.8,,-4.200000000000017,,-1.7514595496246943
2023-11-21,Indicador ESALQ/SP,SP,boi-gordo-indicador-esalq-bmf,235.65,boi-gordo-b3-prego-regular,2023-11,239.1,239.1,,-3.4499999999999886,,-1.4429109159347506
2023-11-22,Indicador ESALQ/SP,SP,boi-gordo-indicador-esalq-bmf,232.8,boi-gordo-b3-prego-regular,2023-11,239.95,239.95,,-7.149999999999977,,-2.9797874557199324
2023-11-23,Indicador ESALQ/SP,SP,boi-gordo-indicador-esalq-bmf,237.8,boi-gordo-b3-prego-regular,2023-11,237.6,237.6,,0.20000000000001705,,0.08417508417509136
2023-11-24,Indicador ESALQ/SP,SP,boi-gordo-indicador-esalq-bmf,232.35,boi-gordo-b3-prego-regular,2023-11,237.75,237.75,,-5.400000000000006,,-2.271293375394324
2023-11-27,Indicador ESALQ/SP,SP,boi-gordo-indicador-esalq-bmf,241.7,boi-gordo-b3-prego-regular,2023-11,236.55,236.55,,5.149999999999977,,2.17712957091523
2023-11-28,Indicador ESALQ/SP,SP,boi-gordo-indicador-esalq-bmf,244.7,boi-gordo-b3-prego-regular,2023-11,238.1,238.1,,6.599999999999994,,2.7719445611087754
2023-11-29,Indicador ESALQ/SP,SP,boi-gordo-indicador-esalq-bmf,241.2,boi-gordo-b3-prego-regular,2023-11,240.3,240.3,,0.8999999999999773,,0.374531835205983
2023-11-30,Indicador ESALQ/SP,SP,boi-gordo-indicador-esalq-bmf,239.7,boi-gordo-b3-prego-regular,2023-12,248.9,248.9,,-9.200000000000017,,-3.6962635596625217
2023-12-01,Indicador ESALQ/SP,SP,boi-gordo-indicador-esalq-bmf,248.1,boi-gordo-b3-prego-regular,2023-12,249.6,249.6,,-1.5,,-0.6009615384615385
2023-12-04,Indicador ESALQ/SP,SP,boi-gordo-indicador-esalq-bmf,249.45,boi-gordo-b3-prego-regular,2023-12,248.9,248.9,,0.549999999999983,,0.22097227802329567
2023-12-05,Indicador ESALQ/SP,SP,boi-gordo-indicador-esalq-bmf,246.35,boi-gordo-b3-prego-regular,2023-12,250.7,250.7,,-4.349999999999994,,-1.7351416035101694
2023-12-06,Indicador ESALQ/SP,SP,boi-gordo-indicador-esalq-bmf,240.7,boi-gordo-b3-prego-regular,2023-12,250.85,250.85,,-10.150000000000006,,-4.046242774566476
2023-12-07,Indicador ESALQ/SP,SP,boi-gordo-indicador-esalq-bmf,243.05,boi-gordo-b3-prego-regular,2023-12,248.55,248.55,,-5.5,,-2.212834439750553
2023-12-08,Indicador ESALQ/SP,SP,boi-gordo-indicador-esalq-bmf,247.95,boi-gordo-b3-prego-regular,2023-12,247.15,247.15,,0.799999999999983,,0.3236900667610694
2023-12-11,Indicador ESALQ/SP,SP,boi-gordo-indicador-esalq-bmf,249.4,boi-gordo-b3-prego-regular,2023-12,249.45,249.45,,-0.04999999999998295,,-0.02004409701342271
2023-12-12,Indicador ESALQ/SP,SP,boi-gordo-indicador-esalq-bmf,250.8,boi-gordo-b3-prego-regular,2023-12,247.6,247.6,,3.200000000000017,,1.2924071082391022
2023-12-13,Indicador ESALQ/SP,SP,boi-gordo-indicador-esalq-bmf,248.65,boi-gordo-b3-prego-regular,2023-12,248.0,248.0,,0.6500000000000057,,0.26209677419355065
2023-12-14,Indicador ESALQ/SP,SP,boi-gordo-indicador-esalq-bmf,249.4,boi-gordo-b3-prego-regular,2023-12,247.3,247.3,,2.0999999999999943,,0.8491710473109559
2023-12-15,Indicador ESALQ/SP,SP,boi-gordo-indicador-esalq-bmf,249.15,boi-gordo-b3-prego-regular,2023-12,247.5,247.5,,1.6500000000000057,,0.666666666666669
2023-12-18,Indicador ESALQ/SP,SP,boi-gordo-indicador-esalq-bmf,250.35,boi-gordo-b3-prego-regular,2023-12,249.0,249.0,,1.3499999999999943,,0.5421686746987929
2023-12-19,Indicador ESALQ/SP,SP,boi-gordo-indicador-esalq-bmf,242.8,boi-gordo-b3-prego-regular,2023-12,247.15,247.15,,-4.349999999999994,,-1.7600647380133498
2023-12-20,Indicador ESALQ/SP,SP,boi-gordo-indicador-esalq-bmf,248.9,boi-gordo-b3-prego-regular,2023-12,247.2,247.2,,1.700000000000017,,0.6877022653721752
2023-12-21,Indicador ESALQ/SP,SP,boi-gordo-indicador-esalq-bmf,250.2,boi-gordo-b3-prego-regular,2023-12,246.85,246.85,,3.3499999999999943,,1.3570994531091733
2023-12-22,Indicador ESALQ/SP,SP,boi-gordo-indicador-esalq-bmf,251.9,boi-gordo-b3-prego-regular,2023-12,248.05,248.05,,3.8499999999999943,,1.5521064301552083
2023-12-26,Indicador ESALQ/SP,SP,boi-gordo-indicador-esalq-bmf,252.5,boi-gordo-b3-prego-regular,2023-12,251.0,251.0,,1.5,,0.5976095617529881
2023-12-27,Indicador ESALQ/SP,SP,boi-gordo-indicador-esalq-bmf,252.05,boi-gordo-b3-prego-regular,2023-12,251.4,251.4,,0.6500000000000057,,0.2585521081941152
2023-12-28,Indicador ESALQ/SP,SP,boi-gordo-indicador-esalq-bmf,252.3,boi-gordo-b3-prego-regular,2024-01,248.0,248.0,,4.300000000000011,,1.73387096774194
2024-01-02,Indicador ESALQ/SP,SP,boi-gordo-indicador-esalq-bmf,255.5,boi-gordo-b3-prego-regular,2024-01,247.0,247.0,,8.5,,3.4412955465587043
2024-01-03,Indicador ESALQ/SP,SP,boi-gordo-indicador-esalq-bmf,250.15,boi-gordo-b3-prego-regular,2024-01,247.5,247.5,,2.6500000000000057,,1.070707070707073
2024-01-04,Indicador ESALQ/SP,SP,boi-gordo-indicador-esalq-bmf,251.75,boi-gordo-b3-prego-regular,2024-01,244.3,244.3,,7.449999999999989,,3.0495292672943055
2024-01-05,Indicador ESALQ/SP,SP,boi-gordo-indicador-esalq-bmf,251.45,boi-gordo-b3-prego-regular,2024-01,246.0,246.0,,5.449999999999989,,2.21544715447154
2024-01-08,Indicador ESALQ/SP,SP,boi-gordo-indicador-esalq-bmf,252.65,boi-gordo-b3-prego-regular,2024-01,248.4,248.4,,4.25,,1.710950080515298
2024-01-09,Indicador ESALQ/SP,SP,boi-gordo-indicador-esalq-bmf,249.05,boi-gordo-b3-prego-regular,2024-01,247.65,247.65,,1.4000000000000057,,0.565313951140725
2024-01-10,Indicador ESALQ/SP,SP,boi-gordo-indicador-esalq-bmf,250.4,boi-gordo-b3-prego-regular,2024-01,247.2,247.2,,3.200000000000017,,1.2944983818770297
2024-01-11,Indicador ESALQ/SP,SP,boi-gordo-indicador-esalq-bmf,250.95,boi-gordo-b3-prego-regular,2024-01,247.7,247.7,,3.25,,1.3120710536939848
2024-01-12,Indicador ESALQ/SP,SP,boi-gordo-indicador-esalq-bmf,251.3,boi-gordo-b3-prego-regular,2024-01,247.9,247.9,,3.4000000000000057,,1.3715207745058513
2024-01-15,Indicador ESALQ/SP,SP,boi-gordo-indicador-esalq-bmf,248.55,boi-gordo-b3-prego-regular,2024-01,247.85,247.85,,0.700000000000017,,0.28242888844059594
2024-01-16,Indicador ESALQ/SP,SP,boi-gordo-indicador-esalq-bmf,249.7,boi-gordo-b3-prego-regular,2024-01,243.85,243.85,,5.849999999999994,,2.3990157883945025
2024-01-17,Indicador ESALQ/SP,SP,boi-gordo-indicador-esalq-bmf,249.5,boi-gordo-b3-prego-regular,2024-01,243.4,243.4,,6.099999999999994,,2.5061626951520104
2024-01-18,Indicador ESALQ/SP,SP,boi-gordo-indicador-esalq-bmf,251.1,boi-gordo-b3-prego-regular,2024-01,243.35,243.35,,7.75,,3.1847133757961785
2024-01-19,Indicador ESALQ/SP,SP,boi-gordo-indicador-esalq-bmf,249.6,boi-gordo-b3-prego-regular,2024-01,245.7,245.7,,3.9000000000000057,,1.5873015873015897
2024-01-22,Indicador ESALQ/SP,SP,boi-gordo-indicador-esalq-bmf,249.1,boi-gordo-b3-prego-regular,2024-01,246.7,246.7,,2.4000000000000057,,0.9728415079043395
2024-01-23,Indicador ESALQ/SP,SP,boi-gordo-indicador-esalq-bmf,248.0,boi-gordo-b3-prego-regular,2024-01,246.7,246.7,,1.3000000000000114,,0.5269558167815207
2024-01-24,Indicador ESALQ/SP,SP,boi-gordo-indicador-esalq-bmf,248.0,boi-gordo-b3-prego-regular,2024-01,245.55,245.55,,2.4499999999999886,,0.9977601303196857
2024-01-25,Indicador ESALQ/SP,SP,boi-gordo-indicador-esalq-bmf,247.7,boi-gordo-b3-prego-regular,2024-01,246.65,246.65,,1.049999999999983,,0.42570443948914777
2024-01-26,Indicador ESALQ/SP,SP,boi-gordo-indicador-esalq-bmf,247.1,boi-gordo-b3-prego-regular,2024-01,246.5,246.5,,0.5999999999999943,,0.2434077079107482
2024-01-29,Indicador ESALQ/SP,SP,boi-gordo-indicador-esalq-bmf,248.55,boi-gordo-b3-prego-regular,2024-01,247.0,247.0,,1.5500000000000114,,0.6275303643724742
2024-01-30,Indicador ESALQ/SP,SP,boi-gordo-indicador-esalq-bmf,247.2,boi-gordo-b3-prego-regular,2024-01,247.15,247.15,,0.04999999999998295,,0.020230629172560365
2024-01-31,Indicador ESALQ/SP,SP,boi-gordo-indicador-esalq-bmf,245.0,boi-gordo-b3-prego-regular,2024-02,239.0,239.0,,6.0,,2.510460251046025
2024-02-01,Indicador ESALQ/SP,SP,boi-gordo-indicador-esalq-bmf,242.9,boi-gordo-b3-prego-regular,2024-02,238.8,238.8,,4.099999999999994,,1.716917922948071
2024-02-02,Indicador ESALQ/SP,SP,boi-gordo-indicador-esalq-bmf,240.2,boi-gordo-b3-prego-regular,2024-02,240.45,240.45,,-0.25,,-0.10397171969224372
2024-02-05,Indicador ESALQ/SP,SP,boi-gordo-indicador-esalq-bmf,239.7,boi-gordo-b3-prego-regular,2024-02,240.95,240.95,,-1.25,,-0.5187798298402159
2024-02-06,Indicador ESALQ/SP,SP,boi-gordo-indicador-esalq-bmf,237.55,boi-gordo-b3-prego-regular,2024-02,239.5,239.5,,-1.9499999999999886,,-0.8141962421711852
2024-02-07,Indicador ESALQ/SP,SP,boi-gordo-indicador-esalq-bmf,238.0,boi-gordo-b3-prego-regular,2024-02,240.5,240.5,,-2.5,,-1.0395010395010396
2024-02-08,Indicador ESALQ/SP,SP,boi-gordo-indicador-esalq-bmf,239.15,boi-gordo-b3-prego-regular,2024-02,239.15,239.15,,0.0,,0.0
2024-02-09,Indicador ESALQ/SP,SP,boi-gordo-indicador-esalq-bmf,239.35,boi-gordo-b3-prego-regular,2024-02,240.2,240.2,,-0.8499999999999943,,-0.3538717735220626
2024-02-14,Indicador ESALQ/SP,SP,boi-gordo-indicador-esalq-bmf,237.8,boi-gordo-b3-prego-regular,2024-02,240.15,240.15,,-2.3499999999999943,,-0.9785550697480718
2024-02-15,Indicador ESALQ/SP,SP,boi-gordo-indicador-esalq-bmf,238.95,boi-gordo-b3-prego-regular,2024-02,237.65,237.65,,1.299999999999983,,0.5470229328844868
2024-02-16,Indicador ESALQ/SP,SP,boi-gordo-indicador-esalq-bmf,240.45,boi-gordo-b3-prego-regular,2024-02,237.9,237.9,,2.549999999999983,,1.0718789407313924
2024-02-19,Indicador ESALQ/SP,SP,boi-gordo-indicador-esalq-bmf,239.2,boi-gordo-b3-prego-regular,2024-02,237.6,237.6,,1.5999999999999943,,0.673400673400671
2024-02-20,Indicador ESALQ/SP,SP,boi-gordo-indicador-esalq-bmf,235.5,boi-gordo-b3-prego-regular,2024-02,238.25,238.25,,-2.75,,-1.154249737670514
2024-02-21,Indicador ESALQ/SP,SP,boi-gordo-indicador-esalq-bmf,236.35,boi-gordo-b3-prego-regular,2024-02,237.85,237.85,,-1.5,,-0.6306495690561278
2024-02-22,Indicador ESALQ/SP,SP,boi-gordo-indicador-esalq-bmf,235.6,boi-gordo-b3-prego-regular,2024-02,237.9,237.9,,-2.3000000000000114,,-0.9667927700714634
2024-02-23,Indicador ESALQ/SP,SP,boi-gordo-indicador-esalq-bmf,236.25,boi-gordo-b3-prego-regular,2024-02,236.75,236.75,,-0.5,,-0.21119324181626187
2024-02-26,Indicador ESALQ/SP,SP,boi-gordo-indicador-esalq-bmf,236.45,boi-gordo-b3-prego-regular,2024-02,236.3,236.3,,0.14999999999997726,,0.06347862886160696
2024-02-27,Indicador ESALQ/SP,SP,boi-gordo-indicador-esalq-bmf,235.2,boi-gordo-b3-prego-regular,2024-02,235.8,235.8,,-0.6000000000000227,,-0.25445292620866106
2024-02-28,Indicador ESALQ/SP,SP,boi-gordo-indicador-esalq-bmf,234.9,boi-gordo-b3-prego-regular,2024-02,235.15,235.15,,-0.25,,-0.106315118009781
2024-02-29,Indicador ESALQ/SP,SP,boi-gordo-indicador-esalq-bmf,235.4,boi-gordo-b3-prego-regular,2024-03,226.65,226.65,,8.75,,3.8605779836752703
2024-03-01,Indicador ESALQ/SP,SP,boi-gordo-indicador-esalq-bmf,235.05,boi-gordo-b3-prego-regular,2024-03,228.15,228.15,,6.900000000000006,,3.024326101249181
2024-03-04,Indicador ESALQ/SP,SP,boi-gordo-indicador-esalq-bmf,235.1,boi-gordo-b3-prego-regular,2024-03,228.8,228.8,,6.299999999999983,,2.7534965034964958
2024-03-05,Indicador ESALQ/SP,SP,boi-gordo-indicador-esalq-bmf,233.3,boi-gordo-b3-prego-regular,2024-03,230.0,230.0,,3.3000000000000114,,1.4347826086956572
2024-03-06,Indicador ESALQ/SP,SP,boi-gordo-indicador-esalq-bmf,234.05,boi-gordo-b3-prego-regular,2024-03,229.4,229.4,,4.650000000000006,,2.0270270270270294
2024-03-07,Indicador ESALQ/SP,SP,boi-gordo-indicador-esalq-bmf,236.7,boi-gordo-b3-prego-regular,2024-03,229.35,229.35,,7.349999999999994,,3.2047089601046417
2024-03-08,Indicador ESALQ/SP,SP,boi-gordo-indicador-esalq-bmf,234.6,boi-gordo-b3-prego-regular,2024-03,230.05,230.05,,4.549999999999983,,1.9778309063247044
2024-03-11,Indicador ESALQ/SP,SP,boi-gordo-indicador-esalq-bmf,233.85,boi-gordo-b3-prego-regular,2024-03,234.2,234.2,,-0.3499999999999943,,-0.1494449188727559
2024-03-12,Indicador ESALQ/SP,SP,boi-gordo-indicador-esalq-bmf,233.15,boi-gordo-b3-prego-regular,2024-03,234.15,234.15,,-1.0,,-0.42707666026051677
2024-03-13,Indicador ESALQ/SP,SP,boi-gordo-indicador-esalq-bmf,232.3,boi-gordo-b3-prego-regular,2024-03,232.6,232.6,,-0.29999999999998295,,-0.12897678417884048
2024-03-14,Indicador ESALQ/SP,SP,boi-gordo-indicador-esalq-bmf,233.6,boi-gordo-b3-prego-regular,2024-03,230.5,230.5,,3.0999999999999943,,1.344902386117134
2024-03-15,Indicador ESALQ/SP,SP,boi-gordo-indicador-esalq-bmf,231.5,boi-gordo-b3-prego-regular,2024-03,229.5,229.5,,2.0,,0.8714596949891068
2024-03-18,Indicador ESALQ/SP,SP,boi-gordo-indicador-esalq-bmf,231.25,boi-gordo-b3-prego-regular,2024-03,229.3,229.3,,1.9499999999999886,,0.850414304404705
2024-03-19,Indicador ESALQ/SP,SP,boi-gordo-indicador-esalq-bmf,228.5,boi-gordo-b3-prego-regular,2024-03,229.2,229.2,,-0.6999999999999886,,-0.3054101221640439
2024-03-20,Indicador ESALQ/SP,SP,boi-gordo-indicador-esalq-bmf,230.9,boi-gordo-b3-prego-regular,2024-03,228.0,228.0,,2.9000000000000057,,1.2719298245614061
2024-03-21,Indicador ESALQ/SP,SP,boi-gordo-indicador-esalq-bmf,231.7,boi-gordo-b3-prego-regular,2024-03,228.75,228.75,,2.9499999999999886,,1.2896174863387928
2024-03-22,Indicador ESALQ/SP,SP,boi-gordo-indicador-esalq-bmf,232.3,boi-gordo-b3-prego-regular,2024-03,229.3,229.3,,3.0,,1.308329699084169
2024-03-25,Indicador ESALQ/SP,SP,boi-gordo-indicador-esalq-bmf,232.0,boi-gordo-b3-prego-regular,2024-03,230.8,230.8,,1.1999999999999886,,0.5199306759098737
2024-03-26,Indicador ESALQ/SP,SP,boi-gordo-indicador-esalq-bmf,232.2,boi-gordo-b3-prego-regular,2024-03,231.3,231.3,,0.8999999999999773,,0.38910505836574893
2024-03-27,Indicador ESALQ/SP,SP,boi-gordo-indicador-esalq-bmf,231.8,boi-gordo-b3-prego-regular,2024-03,232.0,232.0,,-0.19999999999998863,,-0.08620689655171923
2024-03-28,Indicador ESALQ/SP,SP,boi-gordo-indicador-esalq-bmf,232.3,boi-gordo-b3-prego-regular,2024-04,229.2,229.2,,3.1000000000000227,,1.3525305410122264
2024-04-01,Indicador ESALQ/SP,SP,boi-gordo-indicador-esalq-bmf,228.05,boi-gordo-b3-prego-regular,2024-04,230.0,230.0,,-1.9499999999999886,,-0.8478260869565167
2024-04-02,Indicador ESALQ/SP,SP,boi-gordo-indicador-esalq-bmf,228.6,boi-gordo-b3-prego-regular,2024-04,232.0,232.0,,-3.4000000000000057,,-1.4655172413793127
2024-04-03,Indicador ESALQ/SP,SP,boi-gordo-indicador-esalq-bmf,227.3,boi-gordo-b3-prego-regular,2024-04,231.8,231.8,,-4.5,,-1.9413287316652286
2024-04-04,Indicador ESALQ/SP,SP,boi-gordo-indicador-esalq-bmf,227.95,boi-gordo-b3-prego-regular,2024-04,231.55,231.55,,-3.6000000000000227,,-1.5547397970200918
2024-04-05,Indicador ESALQ/SP,SP,boi-gordo-indicador-esalq-bmf,230.4,boi-gordo-b3-prego-regular,2024-04,231.6,231.6,,-1.1999999999999886,,-0.5181347150259018
2024-04-08,Indicador ESALQ/SP,SP,boi-gordo-indicador-esalq-bmf,225.9,boi-gordo-b3-prego-regular,2024-04,231.7,231.7,,-5.799999999999983,,-2.5032369443245504
2024-04-09,Indicador ESALQ/SP,SP,boi-gordo-indicador-esalq-bmf,229.0,boi-gordo-b3-prego-regular,2024-04,231.1,231.1,,-2.0999999999999943,,-0.9086975335352637
2024-04-10,Indicador ESALQ/SP,SP,boi-gordo-indicador-esalq-bmf,233.2,boi-gordo-b3-prego-regular,2024-04,231.1,231.1,,2.0999999999999943,,0.9086975335352637
2024-04-11,Indicador ESALQ/SP,SP,boi-gordo-indicador-esalq-bmf,230.4,boi-gordo-b3-prego-regular,2024-04,232.5,232.5,,-2.0999999999999943,,-0.9032258064516104
2024-04-12,Indicador ESALQ/SP,SP,boi-gordo-indicador-esalq-bmf,231.2,boi-gordo-b3-prego-regular,2024-04,233.4,233.4,,-2.200000000000017,,-0.9425878320479937
2024-04-15,Indicador ESALQ/SP,SP,boi-gordo-indicador-esalq-bmf,230.7,boi-gordo-b3-prego-regular,2024-04,235.35,235.35,,-4.650000000000006,,-1.9757807520713857
2024-04-16,Indicador ESALQ/SP,SP,boi-gordo-indicador-esalq-bmf,230.8,boi-gordo-b3-prego-regular,2024-04,235.6,235.6,,-4.799999999999983,,-2.037351443123932
2024-04-17,Indicador ESALQ/SP,SP,boi-gordo-indicador-esalq-bmf,229.2,boi-gordo-b3-prego-regular,2024-04,234.3,234.3,,-5.100000000000023,,-2.176696542893736
2024-04-18,Indicador ESALQ/SP,SP,boi-gordo-indicador-esalq-bmf,232.05,boi-gordo-b3-prego-regular,2024-04,234.1,234.1,,-2.049999999999983,,-0.8756941478000781
2024-04-19,Indicador ESALQ/SP,SP,boi-gordo-indicador-esalq-bmf,234.5,boi-gordo-b3-prego-regular,2024-04,234.0,234.0,,0.5,,0.2136752136752137
2024-04-22,Indicador ESALQ/SP,SP,boi-gordo-indicador-esalq-bmf,231.0,boi-gordo-b3-prego-regular,2024-04,233.5,233.5,,-2.5,,-1.070663811563169
2024-04-23,Indicador ESALQ/SP,SP,boi-gordo-indicador-esalq-bmf,233.95,boi-gordo-b3-prego-regular,2024-04,232.2,232.2,,1.75,,0.7536606373815676
2024-04-24,Indicador ESALQ/SP,SP,boi-gordo-indicador-esalq-bmf,232.6,boi-gordo-b3-prego-regular,2024-04,232.8,232.8,,-0.20000000000001705,,-0.08591065292096951
2024-04-25,Indicador ESALQ/SP,SP,boi-gordo-indicador-esalq-bmf,233.15,boi-gordo-b3-prego-regular,2024-04,232.0,232.0,,1.1500000000000057,,0.49568965517241625
2024-04-26,Indicador ESALQ/SP,SP,boi-gordo-indicador-esalq-bmf,232.25,boi-gordo-b3-prego-regular,2024-04,232.55,232.55,,-0.30000000000001137,,-0.1290045151580354
2024-04-29,Indicador ESALQ/SP,SP,boi-gordo-indicador-esalq-bmf,229.6,boi-gordo-b3-prego-regular,2024-04,232.1,232.1,,-2.5,,-1.0771219302024988
2024-04-30,Indicador ESALQ/SP,SP,boi-gordo-indicador-esalq-bmf,229.35,boi-gordo-b3-prego-regular,2024-05,230.55,230.55,,-1.200000000000017,,-0.5204944697462663
2024-05-02,Indicador ESALQ/SP,SP,boi-gordo-indicador-esalq-bmf,231.1,boi-gordo-b3-prego-regular,2024-05,229.8,229.8,,1.299999999999983,,0.5657093124455974
2024-05-03,Indicador ESALQ/SP,SP,boi-gordo-indicador-esalq-bmf,233.8,boi-gordo-b3-prego-regular,2024-05,229.85,229.85,,3.950000000000017,,1.7185120730911538
2024-05-06,Indicador ESALQ/SP,SP,boi-gordo-indicador-esalq-bmf,233.75,boi-gordo-b3-prego-regular,2024-05,228.8,228.8,,4.949999999999989,,2.1634615384615334
2024-05-07,Indicador ESALQ/SP,SP,boi-gordo-indicador-esalq-bmf,233.15,boi-gordo-b3-prego-regular,2024-05,228.15,228.15,,5.0,,2.1915406530791146
2024-05-08,Indicador ESALQ/SP,SP,boi-gordo-indicador-esalq-bmf,233.05,boi-gordo-b3-prego-regular,2024-05,226.8,226.8,,6.25,,2.755731922398589
2024-05-09,Indicador ESALQ/SP,SP,boi-gordo-indicador-esalq-bmf,231.8,boi-gordo-b3-prego-regular,2024-05,226.3,226.3,,5.5,,2.4304021210782145
2024-05-10,Indicador ESALQ/SP,SP,boi-gordo-indicador-esalq-bmf,230.15,boi-gordo-b3-prego-regular,2024-05,225.5,225.5,,4.650000000000006,,2.062084257206211
2024-05-13,Indicador ESALQ/SP,SP,boi-gordo-indicador-esalq-bmf,228.65,boi-gordo-b3-prego-regular,2024-05,225.25,225.25,,3.4000000000000057,,1.5094339622641533
2024-05-14,Indicador ESALQ/SP,SP,boi-gordo-indicador-esalq-bmf,227.0,boi-gordo-b3-prego-regular,2024-05,224.1,224.1,,2.9000000000000057,,1.294065149486839
2024-05-15,Indicador ESALQ/SP,SP,boi-gordo-indicador-esalq-bmf,226.5,boi-gordo-b3-prego-regular,2024-05,224.15,224.15,,2.3499999999999943,,1.0484050858799885
2024-05-16,Indicador ESALQ/SP,SP,boi-gordo-indicador-esalq-bmf,225.9,boi-gordo-b3-prego-regular,2024-05,225.3,225.3,,0.5999999999999943,,0.26631158455392556
2024-05-17,Indicador ESALQ/SP,SP,boi-gordo-indicador-esalq-bmf,225.6,boi-gordo-b3-prego-regular,2024-05,224.8,224.8,,0.799999999999983,,0.35587188612098886
2024-05-20,Indicador ESALQ/SP,SP,boi-gordo-indicador-esalq-bmf,225.6,boi-gordo-b3-prego-regular,2024-05,225.9,225.9,,-0.30000000000001137,,-0.13280212483400236
2024-05-21,Indicador ESALQ/SP,SP,boi-gordo-indicador-esalq-bmf,225.1,boi-gordo-b3-prego-regular,2024-05,226.3,226.3,,-1.200000000000017,,-0.5302695536897998
2024-05-22,Indicador ESALQ/SP,SP,boi-gordo-indicador-esalq-bmf,223.7,boi-gordo-b3-prego-regular,2024-05,225.2,225.2,,-1.5,,-0.6660746003552398
2024-05-23,Indicador ESALQ/SP,SP,boi-gordo-indicador-esalq-bmf,222.5,boi-gordo-b3-prego-regular,2024-05,224.35,224.35,,-1.8499999999999943,,-0.8246044127479359
2024-05-24,Indicador ESALQ/SP,SP,boi-gordo-indicador-esalq-bmf,222.05,boi-gordo-b3-prego-regular,2024-05,223.5,223.5,,-1.4499999999999886,,-0.6487695749440665
2024-05-27,Indicador ESALQ/SP,SP,boi-gordo-indicador-esalq-bmf,221.4,boi-gordo-b3-prego-regular,2024-05,222.4,222.4,,-1.0,,-0.44964028776978415
2024-05-28,Indicador ESALQ/SP,SP,boi-gordo-indicador-esalq-bmf,221.9,boi-gordo-b3-prego-regular,2024-05,221.5,221.5,,0.4000000000000057,,0.1805869074492125
2024-05-29,Indicador ESALQ/SP,SP,boi-gordo-indicador-esalq-bmf,221.5,boi-gordo-b3-prego-regular,2024-05,221.85,221.85,,-0.3499999999999943,,-0.15776425512733572
2024-05-31,Indicador ESALQ/SP,SP,boi-gordo-indicador-esalq-bmf,221.15,boi-gordo-b3-prego-regular,2024-06,226.05,226.05,,-4.900000000000006,,-2.1676620216766227
2024-06-03,Indicador ESALQ/SP,SP,boi-gordo-indicador-esalq-bmf,216.7,boi-gordo-b3-prego-regular,2024-06,225.95,225.95,,-9.25,,-4.0938260677140965
2024-06-04,Indicador ESALQ/SP,SP,boi-gordo-indicador-esalq-bmf,216.6,boi-gordo-b3-prego-regular,2024-06,223.5,223.5,,-6.900000000000006,,-3.087248322147653
2024-06-05,Indicador ESALQ/SP,SP,boi-gordo-indicador-esalq-bmf,216.55,boi-gordo-b3-prego-regular,2024-06,222.55,222.55,,-6.0,,-2.6960233655358343
2024-06-06,Indicador ESALQ/SP,SP,boi-gordo-indicador-esalq-bmf,215.95,boi-gordo-b3-prego-regular,2024-06,223.5,223.5,,-7.550000000000011,,-3.378076062639826
2024-06-07,Indicador ESALQ/SP,SP,boi-gordo-indicador-esalq-bmf,215.3,boi-gordo-b3-prego-regular,2024-06,222.7,222.7,,-7.399999999999977,,-3.3228558599012024
2024-06-10,Indicador ESALQ/SP,SP,boi-gordo-indicador-esalq-bmf,215.8,boi-gordo-b3-prego-regular,2024-06,224.5,224.5,,-8.699999999999989,,-3.8752783964365203
2024-06-11,Indicador ESALQ/SP,SP,boi-gordo-indicador-esalq-bmf,216.0,boi-gordo-b3-prego-regular,2024-06,223.1,223.1,,-7.099999999999994,,-3.182429403854771
2024-06-12,Indicador ESALQ/SP,SP,boi-gordo-indicador-esalq-bmf,219.25,boi-gordo-b3-prego-regular,2024-06,225.1,225.1,,-5.849999999999994,,-2.5988449577965325
2024-06-13,Indicador ESALQ/SP,SP,boi-gordo-indicador-esalq-bmf,220.5,boi-gordo-b3-prego-regular,2024-06,224.55,224.55,,-4.050000000000011,,-1.8036072144288626
2024-06-14,Indicador ESALQ/SP,SP,boi-gordo-indicador-esalq-bmf,221.25,boi-gordo-b3-prego-regular,2024-06,225.2,225.2,,-3.9499999999999886,,-1.7539964476021266
2024-06-17,Indicador ESALQ/SP,SP,boi-gordo-indicador-esalq-bmf,221.5,boi-gordo-b3-prego-regular,2024-06,224.9,224.9,,-3.4000000000000057,,-1.5117830146731905
2024-06-18,Indicador ESALQ/SP,SP,boi-gordo-indicador-esalq-bmf,221.5,boi-gordo-b3-prego-regular,2024-06,223.55,223.55,,-2.0500000000000114,,-0.9170208007157286
2024-06-19,Indicador ESALQ/SP,SP,boi-gordo-indicador-esalq-bmf,222.6,boi-gordo-b3-prego-regular,2024-06,225.0,225.0,,-2.4000000000000057,,-1.0666666666666693
2024-06-20,Indicador ESALQ/SP,SP,boi-gordo-indicador-esalq-bmf,223.6,boi-gordo-b3-prego-regular,2024-06,226.85,226.85,,-3.25,,-1.4326647564469914
2024-06-21,Indicador ESALQ/SP,SP,boi-gordo-indicador-esalq-bmf,223.75,boi-gordo-b3-prego-regular,2024-06,226.0,226.0,,-2.25,,-0.995575221238938
2024-06-24,Indicador ESALQ/SP,SP,boi-gordo-indicador-esalq-bmf,225.65,boi-gordo-b3-prego-regular,2024-06,225.2,225.2,,0.45000000000001705,,0.19982238010657952
2024-06-25,Indicador ESALQ/SP,SP,boi-gordo-indicador-esalq-bmf,225.4,boi-gordo-b3-prego-regular,2024-06,225.6,225.6,,-0.19999999999998863,,-0.08865248226949851
2024-06-26,Indicador ESALQ/SP,SP,boi-gordo-indicador-esalq-bmf,225.0,boi-gordo-b3-prego-regular,2024-06,225.75,225.75,,-0.75,,-0.33222591362126247
2024-06-27,Indicador ESALQ/SP,SP,boi-gordo-indicador-esalq-bmf,226.0,boi-gordo-b3-prego-regular,2024-06,225.15,225.15,,0.8499999999999943,,0.3775260937152984
2024-06-28,Indicador ESALQ/SP,SP,boi-gordo-indicador-esalq-bmf,225.15,boi-gordo-b3-prego-regular,2024-07,234.15,234.15,,-9.0,,-3.843689942344651
2024-07-01,Indicador ESALQ/SP,SP,boi-gordo-indicador-esalq-bmf,225.65,boi-gordo-b3-prego-regular,2024-07,234.0,234.0,,-8.349999999999994,,-3.568376068376066
2024-07-02,Indicador ESALQ/SP,SP,boi-gordo-indicador-esalq-bmf,225.3,boi-gordo-b3-prego-regular,2024-07,234.25,234.25,,-8.949999999999989,,-3.8207043756670176
2024-07-03,Indicador ESALQ/SP,SP,boi-gordo-indicador-esalq-bmf,224.25,boi-gordo-b3-prego-regular,2024-07,234.0,234.0,,-9.75,,-4.166666666666666
2024-07-04,Indicador ESALQ/SP,SP,boi-gordo-indicador-esalq-bmf,227.15,boi-gordo-b3-prego-regular,2024-07,232.85,232.85,,-5.699999999999989,,-2.4479278505475577
2024-07-05,Indicador ESALQ/SP,SP,boi-gordo-indicador-esalq-bmf,227.3,boi-gordo-b3-prego-regular,2024-07,233.15,233.15,,-5.849999999999994,,-2.509114304096073
2024-07-08,Indicador ESALQ/SP,SP,boi-gordo-indicador-esalq-bmf,228.0,boi-gordo-b3-prego-regular,2024-07,234.2,234.2,,-6.199999999999989,,-2.6473099914602853
2024-07-09,Indicador ESALQ/SP,SP,boi-gordo-indicador-esalq-bmf,228.0,boi-gordo-b3-prego-regular,2024-07,234.6,234.6,,-6.599999999999994,,-2.8132992327365707
2024-07-10,Indicador ESALQ/SP,SP,boi-gordo-indicador-esalq-bmf,227.25,boi-gordo-b3-prego-regular,2024-07,232.9,232.9,,-5.650000000000006,,-2.4259338772005177
2024-07-11,Indicador ESALQ/SP,SP,boi-gordo-indicador-esalq-bmf,226.55,boi-gordo-b3-prego-regular,2024-07,232.45,232.45,,-5.899999999999977,,-2.538180253818016
2024-07-12,Indicador ESALQ/SP,SP,boi-gordo-indicador-esalq-bmf,227.1,boi-gordo-b3-prego-regular,2024-07,231.05,231.05,,-3.950000000000017,,-1.7095866695520525
2024-07-15,Indicador ESALQ/SP,SP,boi-gordo-indicador-esalq-bmf,226.5,boi-gordo-b3-prego-regular,2024-07,232.5,232.5,,-6.0,,-2.5806451612903225
2024-07-16,Indicador ESALQ/SP,SP,boi-gordo-indicador-esalq-bmf,230.4,boi-gordo-b3-prego-regular,2024-07,230.6,230.6,,-0.19999999999998863,,-0.08673026886382855
2024-07-17,Indicador ESALQ/SP,SP,boi-gordo-indicador-esalq-bmf,231.2,boi-gordo-b3-prego-regular,2024-07,230.85,230.85,,0.3499999999999943,,0.1516136019059971
2024-07-18,Indicador ESALQ/SP,SP,boi-gordo-indicador-esalq-bmf,232.75,boi-gordo-b3-prego-regular,2024-07,230.85,230.85,,1.9000000000000057,,0.8230452674897144
2024-07-19,Indicador ESALQ/SP,SP,boi-gordo-indicador-esalq-bmf,232.3,boi-gordo-b3-prego-regular,2024-07,231.3,231.3,,1.0,,0.4323389537397319
2024-07-22,Indicador ESALQ/SP,SP,boi-gordo-indicador-esalq-bmf,231.5,boi-gordo-b3-prego-regular,2024-07,230.5,230.5,,1.0,,0.43383947939262474
2024-07-23,Indicador ESALQ/SP,SP,boi-gordo-indicador-esalq-bmf,230.4,boi-gordo-b3-prego-regular,2024-07,230.55,230.55,,-0.15000000000000568,,-0.06506180871828483
2024-07-24,Indicador ESALQ/SP,SP,boi-gordo-indicador-esalq-bmf,229.7,boi-gordo-b3-prego-regular,2024-07,231.5,231.5,,-1.8000000000000114,,-0.7775377969762468
2024-07-25,Indicador ESALQ/SP,SP,boi-gordo-indicador-esalq-bmf,232.2,boi-gordo-b3-prego-regular,2024-07,231.7,231.7,,0.5,,0.21579628830384118
2024-07-26,Indicador ESALQ/SP,SP,boi-gordo-indicador-esalq-bmf,232.35,boi-gordo-b3-prego-regular,2024-07,232.05,232.05,,0.29999999999998295,,0.12928248222365135
2024-07-29,Indicador ESALQ/SP,SP,boi-gordo-indicador-esalq-bmf,232.35,boi-gordo-b3-prego-regular,2024-07,232.5,232.5,,-0.15000000000000568,,-0.06451612903226052
2024-07-30,Indicador ESALQ/SP,SP,boi-gordo-indicador-esalq-bmf,232.6,boi-gordo-b3-prego-regular,2024-07,232.2,232.2,,0.4000000000000057,,0.17226528854436077
2024-07-31,Indicador ESALQ/SP,SP,boi-gordo-indicador-esalq-bmf,232.5,boi-gordo-b3-prego-regular,2024-09,237.6,237.6,,-5.099999999999994,,-2.146464646464644
2024-08-01,Indicador ESALQ/SP,SP,boi-gordo-indicador-esalq-bmf,231.95,boi-gordo-b3-prego-regular,2024-08,237.25,237.25,,-5.300000000000011,,-2.23393045310854
2024-08-05,Indicador ESALQ/SP,SP,boi-gordo-indicador-esalq-bmf,234.4,boi-gordo-b3-prego-regular,2024-08,237.0,237.0,,-2.5999999999999943,,-1.0970464135021074
2024-08-06,Indicador ESALQ/SP,SP,boi-gordo-indicador-esalq-bmf,234.7,boi-gordo-b3-prego-regular,2024-08,238.0,238.0,,-3.3000000000000114,,-1.3865546218487443
2024-08-07,Indicador ESALQ/SP,SP,boi-gordo-indicador-esalq-bmf,230.55,boi-gordo-b3-prego-regular,2024-08,238.8,238.8,,-8.25,,-3.4547738693467336
2024-08-08,Indicador ESALQ/SP,SP,boi-gordo-indicador-esalq-bmf,231.2,boi-gordo-b3-prego-regular,2024-08,237.9,237.9,,-6.700000000000017,,-2.8163093736864298
2024-08-09,Indicador ESALQ/SP,SP,boi-gordo-indicador-esalq-bmf,234.3,boi-gordo-b3-prego-regular,2024-08,237.5,237.5,,-3.1999999999999886,,-1.3473684210526269
2024-08-12,Indicador ESALQ/SP,SP,boi-gordo-indicador-esalq-bmf,235.4,boi-gordo-b3-prego-regular,2024-08,238.0,238.0,,-2.5999999999999943,,-1.0924369747899136
2024-08-13,Indicador ESALQ/SP,SP,boi-gordo-indicador-esalq-bmf,235.4,boi-gordo-b3-prego-regular,2024-08,237.15,237.15,,-1.75,,-0.7379295804343242
2024-08-14,Indicador ESALQ/SP,SP,boi-gordo-indicador-esalq-bmf,234.2,boi-gordo-b3-prego-regular,2024-08,235.9,235.9,,-1.700000000000017,,-0.7206443408223896
2024-08-15,Indicador ESALQ/SP,SP,boi-gordo-indicador-esalq-bmf,232.85,boi-gordo-b3-prego-regular,2024-08,236.4,236.4,,-3.5500000000000114,,-1.5016920473773314
2024-08-16,Indicador ESALQ/SP,SP,boi-gordo-indicador-esalq-bmf,233.5,boi-gordo-b3-prego-regular,2024-08,236.65,236.65,,-3.1500000000000057,,-1.3310796534967275
2024-08-19,Indicador ESALQ/SP,SP,boi-gordo-indicador-esalq-bmf,233.45,boi-gordo-b3-prego-regular,2024-08,238.0,238.0,,-4.550000000000011,,-1.9117647058823577
2024-08-20,Indicador ESALQ/SP,SP,boi-gordo-indicador-esalq-bmf,234.75,boi-gordo-b3-prego-regular,2024-08,236.85,236.85,,-2.0999999999999943,,-0.8866371120962611
2024-08-21,Indicador ESALQ/SP,SP,boi-gordo-indicador-esalq-bmf,235.5,boi-gordo-b3-prego-regular,2024-08,237.75,237.75,,-2.25,,-0.9463722397476341
2024-08-22,Indicador ESALQ/SP,SP,boi-gordo-indicador-esalq-bmf,236.3,boi-gordo-b3-prego-regular,2024-08,237.75,237.75,,-1.4499999999999886,,-0.6098843322818038
2024-08-23,Indicador ESALQ/SP,SP,boi-gordo-indicador-esalq-bmf,237.7,boi-gordo-b3-prego-regular,2024-08,237.7,237.7,,0.0,,0.0
2024-08-26,Indicador ESALQ/SP,SP,boi-gordo-indicador-esalq-bmf,237.8,boi-gordo-b3-prego-regular,2024-08,239.0,239.0,,-1.1999999999999886,,-0.5020920502092002
2024-08-27,Indicador ESALQ/SP,SP,boi-gordo-indicador-esalq-bmf,237.85,boi-gordo-b3-prego-regular,2024-08,239.0,239.0,,-1.1500000000000057,,-0.4811715481171572
2024-08-28,Indicador ESALQ/SP,SP,boi-gordo-indicador-esalq-bmf,237.9,boi-gordo-b3-prego-regular,2024-08,239.0,239.0,,-1.0999999999999943,,-0.4602510460251022
2024-08-29,Indicador ESALQ/SP,SP,boi-gordo-indicador-esalq-bmf,239.0,boi-gordo-b3-prego-regular,2024-08,239.0,239.0,,0.0,,0.0
2024-08-30,Indicador ESALQ/SP,SP,boi-gordo-indicador-esalq-bmf,239.75,boi-gordo-b3-prego-regular,2024-09,247.0,247.0,,-7.25,,-2.935222672064777
2024-09-02,Indicador ESALQ/SP,SP,boi-gordo-indicador-esalq-bmf,237.4,boi-gordo-b3-prego-regular,2024-09,248.0,248.0,,-10.599999999999994,,-4.274193548387094
2024-09-03,Indicador ESALQ/SP,SP,boi-gordo-indicador-esalq-bmf,241.8,boi-gordo-b3-prego-regular,2024-09,248.7,248.7,,-6.899999999999977,,-2.7744270205066255
2024-09-04,Indicador ESALQ/SP,SP,boi-gordo-indicador-esalq-bmf,243.6,boi-gordo-b3-prego-regular,2024-09,248.2,248.2,,-4.599999999999994,,-1.8533440773569678
2024-09-05,Indicador ESALQ/SP,SP,boi-gordo-indicador-esalq-bmf,246.8,boi-gordo-b3-prego-regular,2024-09,248.15,248.15,,-1.3499999999999943,,-0.5440257908523048
2024-09-06,Indicador ESALQ/SP,SP,boi-gordo-indicador-esalq-bmf,246.9,boi-gordo-b3-prego-regular,2024-09,250.8,250.8,,-3.9000000000000057,,-1.5550239234449783
2024-09-09,Indicador ESALQ/SP,SP,boi-gordo-indicador-esalq-bmf,247.15,boi-gordo-b3-prego-regular,2024-09,253.7,253.7,,-6.549999999999983,,-2.5817895151753976
2024-09-10,Indicador ESALQ/SP,SP,boi-gordo-indicador-esalq-bmf,247.2,boi-gordo-b3-prego-regular,2024-09,254.05,254.05,,-6.850000000000023,,-2.6963196221216386
2024-09-11,Indicador ESALQ/SP,SP,boi-gordo-indicador-esalq-bmf,249.35,boi-gordo-b3-prego-regular,2024-09,254.7,254.7,,-5.349999999999994,,-2.100510404397328
2024-09-12,Indicador ESALQ/SP,SP,boi-gordo-indicador-esalq-bmf,251.35,boi-gordo-b3-prego-regular,2024-09,253.7,253.7,,-2.3499999999999943,,-0.9262908947575855
2024-09-13,Indicador ESALQ/SP,SP,boi-gordo-indicador-esalq-bmf,254.0,boi-gordo-b3-prego-regular,2024-09,254.8,254.8,,-0.8000000000000114,,-0.31397174254317556
2024-09-16,Indicador ESALQ/SP,SP,boi-gordo-indicador-esalq-bmf,252.45,boi-gordo-b3-prego-regular,2024-09,255.35,255.35,,-2.9000000000000057,,-1.1356961033875095
2024-09-17,Indicador ESALQ/SP,SP,boi-gordo-indicador-esalq-bmf,257.05,boi-gordo-b3-prego-regular,2024-09,256.2,256.2,,0.8500000000000227,,0.33177205308353735
2024-09-18,Indicador ESALQ/SP,SP,boi-gordo-indicador-esalq-bmf,257.3,boi-gordo-b3-prego-regular,2024-09,258.9,258.9,,-1.599999999999966,,-0.6179992275009525
2024-09-19,Indicador ESALQ/SP,SP,boi-gordo-indicador-esalq-bmf,259.95,boi-gordo-b3-prego-regular,2024-09,261.75,261.75,,-1.8000000000000114,,-0.6876790830945602
2024-09-20,Indicador ESALQ/SP,SP,boi-gordo-indicador-esalq-bmf,261.05,boi-gordo-b3-prego-regular,2024-09,263.05,263.05,,-2.0,,-0.7603117278084015
2024-09-23,Indicador ESALQ/SP,SP,boi-gordo-indicador-esalq-bmf,261.7,boi-gordo-b3-prego-regular,2024-09,263.1,263.1,,-1.400000000000034,,-0.5321170657544788
2024-09-24,Indicador ESALQ/SP,SP,boi-gordo-indicador-esalq-bmf,265.05,boi-gordo-b3-prego-regular,2024-09,263.9,263.9,,1.150000000000034,,0.4357711254263108
2024-09-25,Indicador ESALQ/SP,SP,boi-gordo-indicador-esalq-bmf,265.6,boi-gordo-b3-prego-regular,2024-09,267.55,267.55,,-1.9499999999999886,,-0.7288357316389417
2024-09-26,Indicador ESALQ/SP,SP,boi-gordo-indicador-esalq-bmf,270.55,boi-gordo-b3-prego-regular,2024-09,267.45,267.45,,3.1000000000000227,,1.1590951579734614
2024-09-27,Indicador ESALQ/SP,SP,boi-gordo-indicador-esalq-bmf,273.9,boi-gordo-b3-prego-regular,2024-09,268.5,268.5,,5.399999999999977,,2.0111731843575336
2024-09-30,Indicador ESALQ/SP,SP,boi-gordo-indicador-esalq-bmf,274.35,boi-gordo-b3-prego-regular,2024-10,274.0,274.0,,0.35000000000002274,,0.12773722627738057
2024-10-01,Indicador ESALQ/SP,SP,boi-gordo-indicador-esalq-bmf,276.35,boi-gordo-b3-prego-regular,2024-10,279.0,279.0,,-2.6499999999999773,,-0.9498207885304578
2024-10-02,Indicador ESALQ/SP,SP,boi-gordo-indicador-esalq-bmf,281.0,boi-gordo-b3-prego-regular,2024-10,288.3,288.3,,-7.300000000000011,,-2.532084634061745
2024-10-03,Indicador ESALQ/SP,SP,boi-gordo-indicador-esalq-bmf,285.8,boi-gordo-b3-prego-regular,2024-10,286.8,286.8,,-1.0,,-0.3486750348675035
2024-10-04,Indicador ESALQ/SP,SP,boi-gordo-indicador-esalq-bmf,291.8,boi-gordo-b3-prego-regular,2024-10,285.1,285.1,,6.699999999999989,,2.3500526131182
2024-10-07,Indicador ESALQ/SP,SP,boi-gordo-indicador-esalq-bmf,293.15,boi-gordo-b3-prego-regular,2024-10,288.4,288.4,,4.75,,1.647018030513176
2024-10-08,Indicador ESALQ/SP,SP,boi-gordo-indicador-esalq-bmf,294.2,boi-gordo-b3-prego-regular,2024-10,290.85,290.85,,3.349999999999966,,1.1517964586556526
2024-10-09,Indicador ESALQ/SP,SP,boi-gordo-indicador-esalq-bmf,293.9,boi-gordo-b3-prego-regular,2024-10,295.35,295.35,,-1.4500000000000455,,-0.49094294904352304
2024-10-10,Indicador ESALQ/SP,SP,boi-gordo-indicador-esalq-bmf,294.5,boi-gordo-b3-prego-regular,2024-10,302.3,302.3,,-7.800000000000011,,-2.580218326166064
2024-10-11,Indicador ESALQ/SP,SP,boi-gordo-indicador-esalq-bmf,297.5,boi-gordo-b3-prego-regular,2024-10,304.95,304.95,,-7.449999999999989,,-2.4430234464666305
2024-10-14,Indicador ESALQ/SP,SP,boi-gordo-indicador-esalq-bmf,298.55,boi-gordo-b3-prego-regular,2024-10,311.0,311.0,,-12.449999999999989,,-4.0032154340835975
2024-10-15,Indicador ESALQ/SP,SP,boi-gordo-indicador-esalq-bmf,299.25,boi-gordo-b3-prego-regular,2024-10,310.5,310.5,,-11.25,,-3.6231884057971016
2024-10-16,Indicador ESALQ/SP,SP,boi-gordo-indicador-esalq-bmf,300.3,boi-gordo-b3-prego-regular,2024-10,308.65,308.65,,-8.349999999999966,,-2.705329661428792
2024-10-17,Indicador ESALQ/SP,SP,boi-gordo-indicador-esalq-bmf,301.95,boi-gordo-b3-prego-regular,2024-10,308.95,308.95,,-7.0,,-2.2657387926849006
2024-10-18,Indicador ESALQ/SP,SP,boi-gordo-indicador-esalq-bmf,302.1,boi-gordo-b3-prego-regular,2024-10,308.0,308.0,,-5.899999999999977,,-1.9155844155844082
2024-10-21,Indicador ESALQ/SP,SP,boi-gordo-indicador-esalq-bmf,306.3,boi-gordo-b3-prego-regular,2024-10,309.7,309.7,,-3.3999999999999773,,-1.0978366160800703
2024-10-22,Indicador ESALQ/SP,SP,boi-gordo-indicador-esalq-bmf,308.1,boi-gordo-b3-prego-regular,2024-10,312.8,312.8,,-4.699999999999989,,-1.5025575447570296
2024-10-23,Indicador ESALQ/SP,SP,boi-gordo-indicador-esalq-bmf,308.8,boi-gordo-b3-prego-regular,2024-10,314.0,314.0,,-5.199999999999989,,-1.6560509554140093
2024-10-24,Indicador ESALQ/SP,SP,boi-gordo-indicador-esalq-bmf,312.75,boi-gordo-b3-prego-regular,2024-10,312.9,312.9,,-0.14999999999997726,,-0.047938638542658125
2024-10-25,Indicador ESALQ/SP,SP,boi-gordo-indicador-esalq-bmf,313.1,boi-gordo-b3-prego-regular,2024-10,312.65,312.65,,0.4500000000000455,,0.14393091316169696
2024-10-28,Indicador ESALQ/SP,SP,boi-gordo-indicador-esalq-bmf,314.1,boi-gordo-b3-prego-regular,2024-10,315.5,315.5,,-1.3999999999999773,,-0.44374009508715606
2024-10-29,Indicador ESALQ/SP,SP,boi-gordo-indicador-esalq-bmf,315.7,boi-gordo-b3-prego-regular,2024-10,314.95,314.95,,0.75,,0.23813303698999844
2024-10-30,Indicador ESALQ/SP,SP,boi-gordo-indicador-esalq-bmf,318.3,boi-gordo-b3-prego-regular,2024-10,315.05,315.05,,3.25,,1.0315822885256307
2024-10-31,Indicador ESALQ/SP,SP,boi-gordo-indicador-esalq-bmf,318.6,boi-gordo-b3-prego-regular,2024-11,325.5,325.5,,-6.899999999999977,,-2.119815668202758
2024-11-01,Indicador ESALQ/SP,SP,boi-gordo-indicador-esalq-bmf,320.55,boi-gordo-b3-prego-regular,2024-11,325.45,325.45,,-4.899999999999977,,-1.5056076202181525
2024-11-04,Indicador ESALQ/SP,SP,boi-gordo-indicador-esalq-bmf,320.8,boi-gordo-b3-prego-regular,2024-11,324.5,324.5,,-3.6999999999999886,,-1.1402157164868996
2024-11-05,Indicador ESALQ/SP,SP,boi-gordo-indicador-esalq-bmf,320.9,boi-gordo-b3-prego-regular,2024-11,328.6,328.6,,-7.7000000000000455,,-2.343274497869764
2024-11-06,Indicador ESALQ/SP,SP,boi-gordo-indicador-esalq-bmf,325.5,boi-gordo-b3-prego-regular,2024-11,334.5,334.5,,-9.0,,-2.690582959641256
2024-11-07,Indicador ESALQ/SP,SP,boi-gordo-indicador-esalq-bmf,326.3,boi-gordo-b3-prego-regular,2024-11,334.05,334.05,,-7.75,,-2.320011974255351
2024-11-08,Indicador ESALQ/SP,SP,boi-gordo-indicador-esalq-bmf,329.05,boi-gordo-b3-prego-regular,2024-11,332.65,332.65,,-3.599999999999966,,-1.0822185480234379
2024-11-11,Indicador ESALQ/SP,SP,boi-gordo-indicador-esalq-bmf,334.6,boi-gordo-b3-prego-regular,2024-11,334.25,334.25,,0.35000000000002274,,0.10471204188482355
2024-11-12,Indicador ESALQ/SP,SP,boi-gordo-indicador-esalq-bmf,335.15,boi-gordo-b3-prego-regular,2024-11,338.2,338.2,,-3.0500000000000114,,-0.9018332347723275
2024-11-13,Indicador ESALQ/SP,SP,boi-gordo-indicador-esalq-bmf,339.6,boi-gordo-b3-prego-regular,2024-11,343.25,343.25,,-3.6499999999999773,,-1.0633648943918361
2024-11-14,Indicador ESALQ/SP,SP,boi-gordo-indicador-esalq-bmf,342.2,boi-gordo-b3-prego-regular,2024-11,342.5,342.5,,-0.30000000000001137,,-0.08759124087591573
2024-11-18,Indicador ESALQ/SP,SP,boi-gordo-indicador-esalq-bmf,344.2,boi-gordo-b3-prego-regular,2024-11,344.15,344.15,,0.05000000000001137,,0.014528548597998365
2024-11-19,Indicador ESALQ/SP,SP,boi-gordo-indicador-esalq-bmf,344.45,boi-gordo-b3-prego-regular,2024-11,341.2,341.2,,3.25,,0.9525205158264948
2024-11-21,Indicador ESALQ/SP,SP,boi-gordo-indicador-esalq-bmf,347.05,boi-gordo-b3-prego-regular,2024-11,344.75,344.75,,2.3000000000000114,,0.6671501087744776
2024-11-22,Indicador ESALQ/SP,SP,boi-gordo-indicador-esalq-bmf,347.55,boi-gordo-b3-prego-regular,2024-11,349.65,349.65,,-2.099999999999966,,-0.6006006006005908
2024-11-25,Indicador ESALQ/SP,SP,boi-gordo-indicador-esalq-bmf,349.75,boi-gordo-b3-prego-regular,2024-11,352.95,352.95,,-3.1999999999999886,,-0.9066440005666494
2024-11-26,Indicador ESALQ/SP,SP,boi-gordo-indicador-esalq-bmf,352.0,boi-gordo-b3-prego-regular,2024-11,349.85,349.85,,2.1499999999999773,,0.6145490924681941
2024-11-27,Indicador ESALQ/SP,SP,boi-gordo-indicador-esalq-bmf,352.65,boi-gordo-b3-prego-regular,2024-11,352.15,352.15,,0.5,,0.1419849495953429
2024-11-28,Indicador ESALQ/SP,SP,boi-gordo-indicador-esalq-bmf,352.1,boi-gordo-b3-prego-regular,2024-11,350.2,350.2,,1.900000000000034,,0.5425471159337619
2024-11-29,Indicador ESALQ/SP,SP,boi-gordo-indicador-esalq-bmf,351.95,boi-gordo-b3-prego-regular,2024-12,319.8,319.8,,32.14999999999998,,10.053158223889923
2024-12-02,Indicador ESALQ/SP,SP,boi-gordo-indicador-esalq-bmf,351.8,boi-gordo-b3-prego-regular,2024-12,315.0,315.0,,36.80000000000001,,11.682539682539685
2024-12-03,Indicador ESALQ/SP,SP,boi-gordo-indicador-esalq-bmf,336.4,boi-gordo-b3-prego-regular,2024-12,313.8,313.8,,22.599999999999966,,7.20203951561503
2024-12-04,Indicador ESALQ/SP,SP,boi-gordo-indicador-esalq-bmf,332.35,boi-gordo-b3-prego-regular,2024-12,307.6,307.6,,24.75,,8.046163849154746
2024-12-05,Indicador ESALQ/SP,SP,boi-gordo-indicador-esalq-bmf,323.9,boi-gordo-b3-prego-regular,2024-12,305.75,305.75,,18.149999999999977,,5.936222403924768
2024-12-06,Indicador ESALQ/SP,SP,boi-gordo-indicador-esalq-bmf,323.7,boi-gordo-b3-prego-regular,2024-12,309.3,309.3,,14.399999999999977,,4.655674102812796
2024-12-09,Indicador ESALQ/SP,SP,boi-gordo-indicador-esalq-bmf,322.15,boi-gordo-b3-prego-regular,2024-12,309.85,309.85,,12.299999999999955,,3.969662740035486
2024-12-10,Indicador ESALQ/SP,SP,boi-gordo-indicador-esalq-bmf,316.1,boi-gordo-b3-prego-regular,2024-12,310.25,310.25,,5.850000000000023,,1.8855761482675335
2024-12-11,Indicador ESALQ/SP,SP,boi-gordo-indicador-esalq-bmf,316.45,boi-gordo-b3-prego-regular,2024-12,306.85,306.85,,9.599999999999966,,3.128564445168638
2024-12-12,Indicador ESALQ/SP,SP,boi-gordo-indicador-esalq-bmf,316.85,boi-gordo-b3-prego-regular,2024-12,305.8,305.8,,11.050000000000011,,3.6134728580771784
2024-12-13,Indicador ESALQ/SP,SP,boi-gordo-indicador-esalq-bmf,313.8,boi-gordo-b3-prego-regular,2024-12,308.5,308.5,,5.300000000000011,,1.717990275526746
2024-12-16,Indicador ESALQ/SP,SP,boi-gordo-indicador-esalq-bmf,309.8,boi-gordo-b3-prego-regular,2024-12,311.5,311.5,,-1.6999999999999886,,-0.545746388443014
2024-12-17,Indicador ESALQ/SP,SP,boi-gordo-indicador-esalq-bmf,310.9,boi-gordo-b3-prego-regular,2024-12,311.1,311.1,,-0.20000000000004547,,-0.06428801028609625
2024-12-18,Indicador ESALQ/SP,SP,boi-gordo-indicador-esalq-bmf,315.15,boi-gordo-b3-prego-regular,2024-12,312.5,312.5,,2.6499999999999773,,0.8479999999999926
2024-12-19,Indicador ESALQ/SP,SP,boi-gordo-indicador-esalq-bmf,315.55,boi-gordo-b3-prego-regular,2024-12,318.45,318.45,,-2.8999999999999773,,-0.9106610142879501
2024-12-20,Indicador ESALQ/SP,SP,boi-gordo-indicador-esalq-bmf,315.1,boi-gordo-b3-prego-regular,2024-12,318.8,318.8,,-3.6999999999999886,,-1.1606022584692561
2024-12-23,Indicador ESALQ/SP,SP,boi-gordo-indicador-esalq-bmf,314.6,boi-gordo-b3-prego-regular,2024-12,317.4,317.4,,-2.7999999999999545,,-0.8821676118462365
2024-12-26,Indicador ESALQ/SP,SP,boi-gordo-indicador-esalq-bmf,315.85,boi-gordo-b3-prego-regular,2024-12,315.6,315.6,,0.25,,0.07921419518377693
2024-12-27,Indicador ESALQ/SP,SP,boi-gordo-indicador-esalq-bmf,318.35,boi-gordo-b3-prego-regular,2024-12,315.6,315.6,,2.75,,0.8713561470215462
2024-12-30,Indicador ESALQ/SP,SP,boi-gordo-indicador-esalq-bmf,317.4,boi-gordo-b3-prego-regular,2025-01,315.6,315.6,,1.7999999999999545,,0.5703422053231795
2025-01-02,Indicador ESALQ/SP,SP,boi-gordo-indicador-esalq-bmf,321.55,boi-gordo-b3-prego-regular,2025-01,321.5,321.5,,0.05000000000001137,,0.01555209953344055
2025-01-03,Indicador ESALQ/SP,SP,boi-gordo-indicador-esalq-bmf,321.85,boi-gordo-b3-prego-regular,2025-01,325.9,325.9,,-4.0499999999999545,,-1.242712488493389
2025-01-06,Indicador ESALQ/SP,SP,boi-gordo-indicador-esalq-bmf,321.85,boi-gordo-b3-prego-regular,2025-01,322.95,322.95,,-1.099999999999966,,-0.34061000154821675
2025-01-07,Indicador ESALQ/SP,SP,boi-gordo-indicador-esalq-bmf,322.5,boi-gordo-b3-prego-regular,2025-01,322.25,322.25,,0.25,,0.07757951900698215
2025-01-08,Indicador ESALQ/SP,SP,boi-gordo-indicador-esalq-bmf,323.7,boi-gordo-b3-prego-regular,2025-01,324.55,324.55,,-0.8500000000000227,,-0.2619010938222224
2025-01-09,Indicador ESALQ/SP,SP,boi-gordo-indicador-esalq-bmf,323.9,boi-gordo-b3-prego-regular,2025-01,326.5,326.5,,-2.6000000000000227,,-0.796324655436454
2025-01-10,Indicador ESALQ/SP,SP,boi-gordo-indicador-esalq-bmf,324.35,boi-gordo-b3-prego-regular,2025-01,327.35,327.35,,-3.0,,-0.9164502825721704
2025-01-13,Indicador ESALQ/SP,SP,boi-gordo-indicador-esalq-bmf,325.6,boi-gordo-b3-prego-regular,2025-01,329.0,329.0,,-3.3999999999999773,,-1.0334346504559202
2025-01-14,Indicador ESALQ/SP,SP,boi-gordo-indicador-esalq-bmf,325.7,boi-gordo-b3-prego-regular,2025-01,328.3,328.3,,-2.6000000000000227,,-0.7919585744745729
2025-01-15,Indicador ESALQ/SP,SP,boi-gordo-indicador-esalq-bmf,326.95,boi-gordo-b3-prego-regular,2025-01,328.7,328.7,,-1.75,,-0.532400365074536
2025-01-16,Indicador ESALQ/SP,SP,boi-gordo-indicador-esalq-bmf,325.3,boi-gordo-b3-prego-regular,2025-01,328.05,328.05,,-2.75,,-0.8382868465172992
2025-01-17,Indicador ESALQ/SP,SP,boi-gordo-indicador-esalq-bmf,326.65,boi-gordo-b3-prego-regular,2025-01,325.65,325.65,,1.0,,0.30707815138952865
2025-01-20,Indicador ESALQ/SP,SP,boi-gordo-indicador-esalq-bmf,326.6,boi-gordo-b3-prego-regular,2025-01,327.7,327.7,,-1.099999999999966,,-0.33567287152882697
2025-01-21,Indicador ESALQ/SP,SP,boi-gordo-indicador-esalq-bmf,326.6,boi-gordo-b3-prego-regular,2025-01,326.5,326.5,,0.10000000000002274,,0.03062787136294724
2025-01-22,Indicador ESALQ/SP,SP,boi-gordo-indicador-esalq-bmf,327.15,boi-gordo-b3-prego-regular,2025-01,323.1,323.1,,4.0499999999999545,,1.2534818941504036
2025-01-23,Indicador ESALQ/SP,SP,boi-gordo-indicador-esalq-bmf,325.4,boi-gordo-b3-prego-regular,2025-01,322.0,322.0,,3.3999999999999773,,1.0559006211180053
2025-01-24,Indicador ESALQ/SP,SP,boi-gordo-indicador-esalq-bmf,325.1,boi-gordo-b3-prego-regular,2025-01,325.15,325.15,,-0.049999999999954525,,-0.015377518068569745
2025-01-27,Indicador ESALQ/SP,SP,boi-gordo-indicador-esalq-bmf,326.7,boi-gordo-b3-prego-regular,2025-01,325.25,325.25,,1.4499999999999886,,0.4458109146810111
2025-01-28,Indicador ESALQ/SP,SP,boi-gordo-indicador-esalq-bmf,325.2,boi-gordo-b3-prego-regular,2025-01,325.95,325.95,,-0.75,,-0.2300966405890474
2025-01-29,Indicador ESALQ/SP,SP,boi-gordo-indicador-esalq-bmf,325.85,boi-gordo-b3-prego-regular,2025-01,325.8,325.8,,0.05000000000001137,,0.01534683855126193
2025-01-30,Indicador ESALQ/SP,SP,boi-gordo-indicador-esalq-bmf,326.0,boi-gordo-b3-prego-regular,2025-01,325.75,325.75,,0.25,,0.07674597083653108
2025-01-31,Indicador ESALQ/SP,SP,boi-gordo-indicador-esalq-bmf,324.45,boi-gordo-b3-prego-regular,2025-02,319.75,319.75,,4.699999999999989,,1.469898358092256
2025-02-03,Indicador ESALQ/SP,SP,boi-gordo-indicador-esalq-bmf,326.1,boi-gordo-b3-prego-regular,2025-02,319.5,319.5,,6.600000000000023,,2.0657276995305236
2025-02-04,Indicador ESALQ/SP,SP,boi-gordo-indicador-esalq-bmf,327.1,boi-gordo-b3-prego-regular,2025-02,323.7,323.7,,3.400000000000034,,1.0503552672227476
2025-02-05,Indicador ESALQ/SP,SP,boi-gordo-indicador-esalq-bmf,325.85,boi-gordo-b3-prego-regular,2025-02,323.2,323.2,,2.650000000000034,,0.8199257425742681
2025-02-06,Indicador ESALQ/SP,SP,boi-gordo-indicador-esalq-bmf,326.9,boi-gordo-b3-prego-regular,2025-02,323.3,323.3,,3.599999999999966,,1.1135168574079697
2025-02-07,Indicador ESALQ/SP,SP,boi-gordo-indicador-esalq-bmf,324.6,boi-gordo-b3-prego-regular,2025-02,319.0,319.0,,5.600000000000023,,1.7554858934169348
2025-02-10,Indicador ESALQ/SP,SP,boi-gordo-indicador-esalq-bmf,324.65,boi-gordo-b3-prego-regular,2025-02,315.4,315.4,,9.25,,2.9327837666455294
2025-02-11,Indicador ESALQ/SP,SP,boi-gordo-indicador-esalq-bmf,324.25,boi-gordo-b3-prego-regular,2025-02,314.9,314.9,,9.350000000000023,,2.969196570339798
2025-02-12,Indicador ESALQ/SP,SP,boi-gordo-indicador-esalq-bmf,322.8,boi-gordo-b3-prego-regular,2025-02,314.2,314.2,,8.600000000000023,,2.7371101209420825
2025-02-13,Indicador ESALQ/SP,SP,boi-gordo-indicador-esalq-bmf,320.05,boi-gordo-b3-prego-regular,2025-02,311.6,311.6,,8.449999999999989,,2.7118100128369664
2025-02-14,Indicador ESALQ/SP,SP,boi-gordo-indicador-esalq-bmf,320.3,boi-gordo-b3-prego-regular,2025-02,313.1,313.1,,7.199999999999989,,2.2995847971893926
2025-02-17,Indicador ESALQ/SP,SP,boi-gordo-indicador-esalq-bmf,320.3,boi-gordo-b3-prego-regular,2025-02,313.2,313.2,,7.100000000000023,,2.266922094508309
2025-02-18,Indicador ESALQ/SP,SP,boi-gordo-indicador-esalq-bmf,317.45,boi-gordo-b3-prego-regular,2025-02,312.1,312.1,,5.349999999999966,,1.7141941685357147
2025-02-19,Indicador ESALQ/SP,SP,boi-gordo-indicador-esalq-bmf,315.3,boi-gordo-b3-prego-regular,2025-02,312.7,312.7,,2.6000000000000227,,0.8314678605692429
2025-02-20,Indicador ESALQ/SP,SP,boi-gordo-indicador-esalq-bmf,314.2,boi-gordo-b3-prego-regular,2025-02,311.95,311.95,,2.25,,0.7212694342041994
2025-02-21,Indicador ESALQ/SP,SP,boi-gordo-indicador-esalq-bmf,314.2,boi-gordo-b3-prego-regular,2025-02,312.7,312.7,,1.5,,0.4796929964822514
2025-02-24,Indicador ESALQ/SP,SP,boi-gordo-indicador-esalq-bmf,314.25,boi-gordo-b3-prego-regular,2025-02,312.25,312.25,,2.0,,0.6405124099279423
2025-02-25,Indicador ESALQ/SP,SP,boi-gordo-indicador-esalq-bmf,312.1,boi-gordo-b3-prego-regular,2025-02,314.35,314.35,,-2.25,,-0.7157626849053602
2025-02-26,Indicador ESALQ/SP,SP,boi-gordo-indicador-esalq-bmf,311.4,boi-gordo-b3-prego-regular,2025-02,313.9,313.9,,-2.5,,-0.796431984708506
2025-02-27,Indicador ESALQ/SP,SP,boi-gordo-indicador-esalq-bmf,311.4,boi-gordo-b3-prego-regular,2025-02,314.0,314.0,,-2.6000000000000227,,-0.8280254777070136
2025-02-28,Indicador ESALQ/SP,SP,boi-gordo-indicador-esalq-bmf,310.95,boi-gordo-b3-prego-regular,2025-03,301.55,301.55,,9.399999999999977,,3.11722765710495
2025-03-05,Indicador ESALQ/SP,SP,boi-gordo-indicador-esalq-bmf,309.7,boi-gordo-b3-prego-regular,2025-03,298.55,298.55,,11.149999999999977,,3.7347178027131056
2025-03-06,Indicador ESALQ/SP,SP,boi-gordo-indicador-esalq-bmf,311.0,boi-gordo-b3-prego-regular,2025-03,301.95,301.95,,9.050000000000011,,2.997184964398083
2025-03-07,Indicador ESALQ/SP,SP,boi-gordo-indicador-esalq-bmf,311.65,boi-gordo-b3-prego-regular,2025-03,302.4,302.4,,9.25,,3.0588624338624344
2025-03-10,Indicador ESALQ/SP,SP,boi-gordo-indicador-esalq-bmf,311.45,boi-gordo-b3-prego-regular,2025-03,307.45,307.45,,4.0,,1.3010245568385104
2025-03-11,Indicador ESALQ/SP,SP,boi-gordo-indicador-esalq-bmf,311.95,boi-gordo-b3-prego-regular,2025-03,305.05,305.05,,6.899999999999977,,2.2619242747090564
2025-03-12,Indicador ESALQ/SP,SP,boi-gordo-indicador-esalq-bmf,312.1,boi-gordo-b3-prego-regular,2025-03,309.85,309.85,,2.25,,0.7261578182991769
2025-03-13,Indicador ESALQ/SP,SP,boi-gordo-indicador-esalq-bmf,312.1,boi-gordo-b3-prego-regular,2025-03,310.0,310.0,,2.1000000000000227,,0.6774193548387171
2025-03-14,Indicador ESALQ/SP,SP,boi-gordo-indicador-esalq-bmf,309.7,boi-gordo-b3-prego-regular,2025-03,310.3,310.3,,-0.6000000000000227,,-0.19336126329359415
2025-03-17,Indicador ESALQ/SP,SP,boi-gordo-indicador-esalq-bmf,309.2,boi-gordo-b3-prego-regular,2025-03,313.4,313.4,,-4.199999999999989,,-1.3401403956604943
2025-03-18,Indicador ESALQ/SP,SP,boi-gordo-indicador-esalq-bmf,310.1,boi-gordo-b3-prego-regular,2025-03,315.1,315.1,,-5.0,,-1.586797841954935
2025-03-19,Indicador ESALQ/SP,SP,boi-gordo-indicador-esalq-bmf,310.25,boi-gordo-b3-prego-regular,2025-03,314.95,314.95,,-4.699999999999989,,-1.49230036513732
2025-03-20,Indicador ESALQ/SP,SP,boi-gordo-indicador-esalq-bmf,311.25,boi-gordo-b3-prego-regular,2025-03,313.2,313.2,,-1.9499999999999886,,-0.6226053639846707
2025-03-21,Indicador ESALQ/SP,SP,boi-gordo-indicador-esalq-bmf,312.6,boi-gordo-b3-prego-regular,2025-03,314.3,314.3,,-1.6999999999999886,,-0.5408845052497577
2025-03-24,Indicador ESALQ/SP,SP,boi-gordo-indicador-esalq-bmf,312.75,boi-gordo-b3-prego-regular,2025-03,313.6,313.6,,-0.8500000000000227,,-0.2710459183673542
2025-03-25,Indicador ESALQ/SP,SP,boi-gordo-indicador-esalq-bmf,312.95,boi-gordo-b3-prego-regular,2025-03,313.95,313.95,,-1.0,,-0.3185220576524925
2025-03-26,Indicador ESALQ/SP,SP,boi-gordo-indicador-esalq-bmf,312.95,boi-gordo-b3-prego-regular,2025-03,314.35,314.35,,-1.400000000000034,,-0.44536344838556835
2025-03-27,Indicador ESALQ/SP,SP,boi-gordo-indicador-esalq-bmf,316.55,boi-gordo-b3-prego-regular,2025-03,317.3,317.3,,-0.75,,-0.2363693665300977
2025-03-28,Indicador ESALQ/SP,SP,boi-gordo-indicador-esalq-bmf,319.1,boi-gordo-b3-prego-regular,2025-03,318.0,318.0,,1.1000000000000227,,0.34591194968554173
2025-03-31,Indicador ESALQ/SP,SP,boi-gordo-indicador-esalq-bmf,319.5,boi-gordo-b3-prego-regular,2025-04,321.2,321.2,,-1.6999999999999886,,-0.529265255292649
2025-04-01,Indicador ESALQ/SP,SP,boi-gordo-indicador-esalq-bmf,320.75,boi-gordo-b3-prego-regular,2025-04,324.5,324.5,,-3.75,,-1.155624036979969
2025-04-02,Indicador ESALQ/SP,SP,boi-gordo-indicador-esalq-bmf,320.8,boi-gordo-b3-prego-regular,2025-04,326.4,326.4,,-5.599999999999966,,-1.7156862745097936
2025-04-03,Indicador ESALQ/SP,SP,boi-gordo-indicador-esalq-bmf,321.6,boi-gordo-b3-prego-regular,2025-04,327.0,327.0,,-5.399999999999977,,-1.651376146788984
2025-04-04,Indicador ESALQ/SP,SP,boi-gordo-indicador-esalq-bmf,324.6,boi-gordo-b3-prego-regular,2025-04,323.3,323.3,,1.3000000000000114,,0.4021033096195519
2025-04-07,Indicador ESALQ/SP,SP,boi-gordo-indicador-esalq-bmf,324.6,boi-gordo-b3-prego-regular,2025-04,326.35,326.35,,-1.75,,-0.5362341044890455
2025-04-08,Indicador ESALQ/SP,SP,boi-gordo-indicador-esalq-bmf,324.4,boi-gordo-b3-prego-regular,2025-04,327.05,327.05,,-2.650000000000034,,-0.8102736584620192
2025-04-09,Indicador ESALQ/SP,SP,boi-gordo-indicador-esalq-bmf,322.0,boi-gordo-b3-prego-regular,2025-04,327.6,327.6,,-5.600000000000023,,-1.7094017094017162
2025-04-10,Indicador ESALQ/SP,SP,boi-gordo-indicador-esalq-bmf,323.8,boi-gordo-b3-prego-regular,2025-04,325.4,325.4,,-1.599999999999966,,-0.49170251997540443
2025-04-11,Indicador ESALQ/SP,SP,boi-gordo-indicador-esalq-bmf,324.5,boi-gordo-b3-prego-regular,2025-04,325.1,325.1,,-0.6000000000000227,,-0.1845585973546671
2025-04-14,Indicador ESALQ/SP,SP,boi-gordo-indicador-esalq-bmf,328.5,boi-gordo-b3-prego-regular,2025-04,327.95,327.95,,0.5500000000000114,,0.1677084921481968
2025-04-15,Indicador ESALQ/SP,SP,boi-gordo-indicador-esalq-bmf,327.0,boi-gordo-b3-prego-regular,2025-04,325.2,325.2,,1.8000000000000114,,0.553505535055354
2025-04-16,Indicador ESALQ/SP,SP,boi-gordo-indicador-esalq-bmf,326.0,boi-gordo-b3-prego-regular,2025-04,323.05,323.05,,2.9499999999999886,,0.9131713357065434
2025-04-17,Indicador ESALQ/SP,SP,boi-gordo-indicador-esalq-bmf,326.65,boi-gordo-b3-prego-regular,2025-04,324.6,324.6,,2.0499999999999545,,0.6315465187923457
2025-04-22,Indicador ESALQ/SP,SP,boi-gordo-indicador-esalq-bmf,327.3,boi-gordo-b3-prego-regular,2025-04,324.25,324.25,,3.0500000000000114,,0.9406322282189704
2025-04-23,Indicador ESALQ/SP,SP,boi-gordo-indicador-esalq-bmf,325.95,boi-gordo-b3-prego-regular,2025-04,322.9,322.9,,3.0500000000000114,,0.9445648807680432
2025-04-24,Indicador ESALQ/SP,SP,boi-gordo-indicador-esalq-bmf,324.15,boi-gordo-b3-prego-regular,2025-04,323.65,323.65,,0.5,,0.1544878727019929
2025-04-25,Indicador ESALQ/SP,SP,boi-gordo-indicador-esalq-bmf,323.9,boi-gordo-b3-prego-regular,2025-04,323.2,323.2,,0.6999999999999886,,0.21658415841583809
2025-04-28,Indicador ESALQ/SP,SP,boi-gordo-indicador-esalq-bmf,323.9,boi-gordo-b3-prego-regular,2025-04,323.7,323.7,,0.19999999999998863,,0.06178560395427514
2025-04-29,Indicador ESALQ/SP,SP,boi-gordo-indicador-esalq-bmf,319.9,boi-gordo-b3-prego-regular,2025-04,322.75,322.75,,-2.8500000000000227,,-0.8830364058869165
2025-04-30,Indicador ESALQ/SP,SP,boi-gordo-indicador-esalq-bmf,318.85,boi-gordo-b3-prego-regular,2025-05,308.05,308.05,,10.800000000000011,,3.5059243629281
2025-05-02,Indicador ESALQ/SP,SP,boi-gordo-indicador-esalq-bmf,318.85,boi-gordo-b3-prego-regular,2025-05,309.4,309.4,,9.450000000000045,,3.0542986425339516
2025-05-05,Indicador ESALQ/SP,SP,boi-gordo-indicador-esalq-bmf,319.45,boi-gordo-b3-prego-regular,2025-05,313.25,313.25,,6.199999999999989,,1.979249800478847
2025-05-06,Indicador ESALQ/SP,SP,boi-gordo-indicador-esalq-bmf,316.5,boi-gordo-b3-prego-regular,2025-05,308.35,308.35,,8.149999999999977,,2.643100372952806
2025-05-07,Indicador ESALQ/SP,SP,boi-gordo-indicador-esalq-bmf,315.75,boi-gordo-b3-prego-regular,2025-05,309.2,309.2,,6.550000000000011,,2.118369987063393
2025-05-08,Indicador ESALQ/SP,SP,boi-gordo-indicador-esalq-bmf,309.2,boi-gordo-b3-prego-regular,2025-05,307.5,307.5,,1.6999999999999886,,0.5528455284552808
2025-05-09,Indicador ESALQ/SP,SP,boi-gordo-indicador-esalq-bmf,309.2,boi-gordo-b3-prego-regular,2025-05,304.7,304.7,,4.5,,1.4768624876928127
2025-05-12,Indicador ESALQ/SP,SP,boi-gordo-indicador-esalq-bmf,313.8,boi-gordo-b3-prego-regular,2025-05,304.1,304.1,,9.699999999999989,,3.1897402170338665
2025-05-13,Indicador ESALQ/SP,SP,boi-gordo-indicador-esalq-bmf,308.35,boi-gordo-b3-prego-regular,2025-05,304.7,304.7,,3.650000000000034,,1.197899573350848
2025-05-14,Indicador ESALQ/SP,SP,boi-gordo-indicador-esalq-bmf,308.0,boi-gordo-b3-prego-regular,2025-05,303.4,303.4,,4.600000000000023,,1.516150296638109
2025-05-15,Indicador ESALQ/SP,SP,boi-gordo-indicador-esalq-bmf,308.0,boi-gordo-b3-prego-regular,2025-05,302.75,302.75,,5.25,,1.7341040462427744
2025-05-16,Indicador ESALQ/SP,SP,boi-gordo-indicador-esalq-bmf,302.6,boi-gordo-b3-prego-regular,2025-05,298.1,298.1,,4.5,,1.509560550150956
2025-05-19,Indicador ESALQ/SP,SP,boi-gordo-indicador-esalq-bmf,302.15,boi-gordo-b3-prego-regular,2025-05,302.4,302.4,,-0.25,,-0.08267195767195767
2025-05-20,Indicador ESALQ/SP,SP,boi-gordo-indicador-esalq-bmf,306.4,boi-gordo-b3-prego-regular,2025-05,302.25,302.25,,4.149999999999977,,1.3730355665839462
2025-05-21,Indicador ESALQ/SP,SP,boi-gordo-indicador-esalq-bmf,303.65,boi-gordo-b3-prego-regular,2025-05,302.0,302.0,,1.6499999999999773,,0.5463576158940322
2025-05-22,Indicador ESALQ/SP,SP,boi-gordo-indicador-esalq-bmf,303.65,boi-gordo-b3-prego-regular,2025-05,300.7,300.7,,2.9499999999999886,,0.9810442301296937
2025-05-23,Indicador ESALQ/SP,SP,boi-gordo-indicador-esalq-bmf,301.0,boi-gordo-b3-prego-regular,2025-05,304.25,304.25,,-3.25,,-1.0682004930156122
2025-05-26,Indicador ESALQ/SP,SP,boi-gordo-indicador-esalq-bmf,301.4,boi-gordo-b3-prego-regular,2025-05,305.5,305.5,,-4.100000000000023,,-1.3420621931260304
2025-05-27,Indicador ESALQ/SP,SP,boi-gordo-indicador-esalq-bmf,305.6,boi-gordo-b3-prego-regular,2025-05,304.5,304.5,,1.1000000000000227,,0.36124794745485145
2025-05-28,Indicador ESALQ/SP,SP,boi-gordo-indicador-esalq-bmf,305.1,boi-gordo-b3-prego-regular,2025-05,304.65,304.65,,0.4500000000000455,,0.1477104874446235
2025-05-29,Indicador ESALQ/SP,SP,boi-gordo-indicador-esalq-bmf,306.5,boi-gordo-b3-prego-regular,2025-05,305.0,305.0,,1.5,,0.49180327868852464
2025-05-30,Indicador ESALQ/SP,SP,boi-gordo-indicador-esalq-bmf,306.1,boi-gordo-b3-prego-regular,2025-06,312.55,312.55,,-6.449999999999989,,-2.0636698128299438
2025-06-02,Indicador ESALQ/SP,SP,boi-gordo-indicador-esalq-bmf,306.1,boi-gordo-b3-prego-regular,2025-06,316.95,316.95,,-10.849999999999966,,-3.4232528790029866
2025-06-03,Indicador ESALQ/SP,SP,boi-gordo-indicador-esalq-bmf,306.4,boi-gordo-b3-prego-regular,2025-06,318.2,318.2,,-11.800000000000011,,-3.7083595223130144
2025-06-04,Indicador ESALQ/SP,SP,boi-gordo-indicador-esalq-bmf,311.2,boi-gordo-b3-prego-regular,2025-06,318.8,318.8,,-7.600000000000023,,-2.383939774153081
2025-06-05,Indicador ESALQ/SP,SP,boi-gordo-indicador-esalq-bmf,311.15,boi-gordo-b3-prego-regular,2025-06,317.05,317.05,,-5.900000000000034,,-1.8609052199968568
2025-06-06,Indicador ESALQ/SP,SP,boi-gordo-indicador-esalq-bmf,311.15,boi-gordo-b3-prego-regular,2025-06,315.85,315.85,,-4.7000000000000455,,-1.48804812410956
2025-06-09,Indicador ESALQ/SP,SP,boi-gordo-indicador-esalq-bmf,311.75,boi-gordo-b3-prego-regular,2025-06,318.95,318.95,,-7.199999999999989,,-2.2574071171029906
2025-06-10,Indicador ESALQ/SP,SP,boi-gordo-indicador-esalq-bmf,312.2,boi-gordo-b3-prego-regular,2025-06,317.7,317.7,,-5.5,,-1.7311929493232612
2025-06-11,Indicador ESALQ/SP,SP,boi-gordo-indicador-esalq-bmf,314.2,boi-gordo-b3-prego-regular,2025-06,318.4,318.4,,-4.199999999999989,,-1.3190954773869312
2025-06-12,Indicador ESALQ/SP,SP,boi-gordo-indicador-esalq-bmf,315.85,boi-gordo-b3-prego-regular,2025-06,316.85,316.85,,-1.0,,-0.31560675398453525
2025-06-13,Indicador ESALQ/SP,SP,boi-gordo-indicador-esalq-bmf,314.35,boi-gordo-b3-prego-regular,2025-06,318.8,318.8,,-4.449999999999989,,-1.3958594730238356
2025-06-16,Indicador ESALQ/SP,SP,boi-gordo-indicador-esalq-bmf,314.35,boi-gordo-b3-prego-regular,2025-06,317.45,317.45,,-3.099999999999966,,-0.9765317372814509
2025-06-17,Indicador ESALQ/SP,SP,boi-gordo-indicador-esalq-bmf,313.85,boi-gordo-b3-prego-regular,2025-06,316.85,316.85,,-3.0,,-0.9468202619536058
2025-06-18,Indicador ESALQ/SP,SP,boi-gordo-indicador-esalq-bmf,314.4,boi-gordo-b3-prego-regular,2025-06,315.9,315.9,,-1.5,,-0.47483380816714155
2025-06-20,Indicador ESALQ/SP,SP,boi-gordo-indicador-esalq-bmf,314.4,boi-gordo-b3-prego-regular,2025-06,316.85,316.85,,-2.4500000000000455,,-0.7732365472621257
2025-06-23,Indicador ESALQ/SP,SP,boi-gordo-indicador-esalq-bmf,314.4,boi-gordo-b3-prego-regular,2025-06,318.1,318.1,,-3.7000000000000455,,-1.1631562401760596
2025-06-24,Indicador ESALQ/SP,SP,boi-gordo-indicador-esalq-bmf,317.7,boi-gordo-b3-prego-regular,2025-06,317.0,317.0,,0.6999999999999886,,0.22082018927444438
2025-06-25,Indicador ESALQ/SP,SP,boi-gordo-indicador-esalq-bmf,316.2,boi-gordo-b3-prego-regular,2025-06,316.0,316.0,,0.19999999999998863,,0.06329113924050273
2025-06-26,Indicador ESALQ/SP,SP,boi-gordo-indicador-esalq-bmf,315.75,boi-gordo-b3-prego-regular,2025-06,316.65,316.65,,-0.8999999999999773,,-0.284225485551864
2025-06-27,Indicador ESALQ/SP,SP,boi-gordo-indicador-esalq-bmf,317.4,boi-gordo-b3-prego-regular,2025-06,316.9,316.9,,0.5,,0.1577784790154623
2025-06-30,Indicador ESALQ/SP,SP,boi-gordo-indicador-esalq-bmf,317.4,boi-gordo-b3-prego-regular,2025-07,317.0,317.0,,0.39999999999997726,,0.12618296529967737
2025-07-01,Indicador ESALQ/SP,SP,boi-gordo-indicador-esalq-bmf,310.65,boi-gordo-b3-prego-regular,2025-07,315.5,315.5,,-4.850000000000023,,-1.5372424722662512
2025-07-02,Indicador ESALQ/SP,SP,boi-gordo-indicador-esalq-bmf,310.65,boi-gordo-b3-prego-regular,2025-07,312.85,312.85,,-2.2000000000000455,,-0.7032124021096516
2025-07-03,Indicador ESALQ/SP,SP,boi-gordo-indicador-esalq-bmf,310.4,boi-gordo-b3-prego-regular,2025-07,313.9,313.9,,-3.5,,-1.1150047785919084
2025-07-04,Indicador ESALQ/SP,SP,boi-gordo-indicador-esalq-bmf,310.4,boi-gordo-b3-prego-regular,2025-07,312.4,312.4,,-2.0,,-0.6402048655569783
2025-07-07,Indicador ESALQ/SP,SP,boi-gordo-indicador-esalq-bmf,305.55,boi-gordo-b3-prego-regular,2025-07,312.0,312.0,,-6.449999999999989,,-2.067307692307689
2025-07-08,Indicador ESALQ/SP,SP,boi-gordo-indicador-esalq-bmf,305.6,boi-gordo-b3-prego-regular,2025-07,310.3,310.3,,-4.699999999999989,,-1.5146632291330933
2025-07-09,Indicador ESALQ/SP,SP,boi-gordo-indicador-esalq-bmf,305.0,boi-gordo-b3-prego-regular,2025-07,309.9,309.9,,-4.899999999999977,,-1.5811552113584955
2025-07-10,Indicador ESALQ/SP,SP,boi-gordo-indicador-esalq-bmf,299.7,boi-gordo-b3-prego-regular,2025-07,303.5,303.5,,-3.8000000000000114,,-1.2520593080724916
2025-07-14,Indicador ESALQ/SP,SP,boi-gordo-indicador-esalq-bmf,299.25,boi-gordo-b3-prego-regular,2025-07,302.25,302.25,,-3.0,,-0.9925558312655087
2025-07-15,Indicador ESALQ/SP,SP,boi-gordo-indicador-esalq-bmf,300.6,boi-gordo-b3-prego-regular,2025-07,299.8,299.8,,0.8000000000000114,,0.2668445630420318
2025-07-16,Indicador ESALQ/SP,SP,boi-gordo-indicador-esalq-bmf,298.5,boi-gordo-b3-prego-regular,2025-07,296.5,296.5,,2.0,,0.6745362563237773
2025-07-17,Indicador ESALQ/SP,SP,boi-gordo-indicador-esalq-bmf,298.5,boi-gordo-b3-prego-regular,2025-07,300.0,300.0,,-1.5,,-0.5
2025-07-18,Indicador ESALQ/SP,SP,boi-gordo-indicador-esalq-bmf,296.75,boi-gordo-b3-prego-regular,2025-07,297.75,297.75,,-1.0,,-0.33585222502099077
2025-07-21,Indicador ESALQ/SP,SP,boi-gordo-indicador-esalq-bmf,293.9,boi-gordo-b3-prego-regular,2025-07,295.2,295.2,,-1.3000000000000114,,-0.44037940379404183
2025-07-22,Indicador ESALQ/SP,SP,boi-gordo-indicador-esalq-bmf,296.1,boi-gordo-b3-prego-regular,2025-07,296.7,296.7,,-0.5999999999999659,,-0.20222446916075698
2025-07-23,Indicador ESALQ/SP,SP,boi-gordo-indicador-esalq-bmf,296.1,boi-gordo-b3-prego-regular,2025-07,295.95,295.95,,0.1500000000000341,,0.05068423720224163
2025-07-24,Indicador ESALQ/SP,SP,boi-gordo-indicador-esalq-bmf,294.45,boi-gordo-b3-prego-regular,2025-07,295.6,295.6,,-1.150000000000034,,-0.3890392422192267
2025-07-25,Indicador ESALQ/SP,SP,boi-gordo-indicador-esalq-bmf,291.8,boi-gordo-b3-prego-regular,2025-07,295.8,295.8,,-4.0,,-1.352265043948614
2025-07-28,Indicador ESALQ/SP,SP,boi-gordo-indicador-esalq-bmf,292.65,boi-gordo-b3-prego-regular,2025-07,295.75,295.75,,-3.1000000000000227,,-1.0481825866441328
2025-07-29,Indicador ESALQ/SP,SP,boi-gordo-indicador-esalq-bmf,294.5,boi-gordo-b3-prego-regular,2025-07,294.65,294.65,,-0.14999999999997726,,-0.050907856779221876
2025-07-30,Indicador ESALQ/SP,SP,boi-gordo-indicador-esalq-bmf,294.2,boi-gordo-b3-prego-regular,2025-07,295.8,295.8,,-1.6000000000000227,,-0.5409060175794532
2025-07-31,Indicador ESALQ/SP,SP,boi-gordo-indicador-esalq-bmf,294.35,boi-gordo-b3-prego-regular,2025-08,313.9,313.9,,-19.549999999999955,,-6.228098120420502
2025-08-01,Indicador ESALQ/SP,SP,boi-gordo-indicador-esalq-bmf,294.35,boi-gordo-b3-prego-regular,2025-08,316.05,316.05,,-21.69999999999999,,-6.86600221483942
2025-08-04,Indicador ESALQ/SP,SP,boi-gordo-indicador-esalq-bmf,298.95,boi-gordo-b3-prego-regular,2025-08,318.75,318.75,,-19.80000000000001,,-6.211764705882357
2025-08-05,Indicador ESALQ/SP,SP,boi-gordo-indicador-esalq-bmf,301.0,boi-gordo-b3-prego-regular,2025-08,316.15,316.15,,-15.149999999999977,,-4.7920291001107
2025-08-07,Indicador ESALQ/SP,SP,boi-gordo-indicador-esalq-bmf,305.3,boi-gordo-b3-prego-regular,2025-08,316.55,316.55,,-11.25,,-3.5539409256041696
2025-08-08,Indicador ESALQ/SP,SP,boi-gordo-indicador-esalq-bmf,305.6,boi-gordo-b3-prego-regular,2025-08,315.5,315.5,,-9.899999999999977,,-3.13787638668779
2025-08-11,Indicador ESALQ/SP,SP,boi-gordo-indicador-esalq-bmf,305.6,boi-gordo-b3-prego-regular,2025-08,312.15,312.15,,-6.5499999999999545,,-2.098350152170416
2025-08-12,Indicador ESALQ/SP,SP,boi-gordo-indicador-esalq-bmf,309.85,boi-gordo-b3-prego-regular,2025-08,313.2,313.2,,-3.349999999999966,,-1.0696040868454553
2025-08-13,Indicador ESALQ/SP,SP,boi-gordo-indicador-esalq-bmf,308.7,boi-gordo-b3-prego-regular,2025-08,312.8,312.8,,-4.100000000000023,,-1.3107416879795468
2025-08-14,Indicador ESALQ/SP,SP,boi-gordo-indicador-esalq-bmf,308.9,boi-gordo-b3-prego-regular,2025-08,311.85,311.85,,-2.9500000000000455,,-0.9459676126342939
2025-08-15,Indicador ESALQ/SP,SP,boi-gordo-indicador-esalq-bmf,308.3,boi-gordo-b3-prego-regular,2025-08,310.55,310.55,,-2.25,,-0.7245210111093222
2025-08-18,Indicador ESALQ/SP,SP,boi-gordo-indicador-esalq-bmf,307.05,boi-gordo-b3-prego-regular,2025-08,310.15,310.15,,-3.099999999999966,,-0.9995163630501261
2025-08-19,Indicador ESALQ/SP,SP,boi-gordo-indicador-esalq-bmf,307.75,boi-gordo-b3-prego-regular,2025-08,311.0,311.0,,-3.25,,-1.045016077170418
2025-08-20,Indicador ESALQ/SP,SP,boi-gordo-indicador-esalq-bmf,310.55,boi-gordo-b3-prego-regular,2025-08,312.5,312.5,,-1.9499999999999886,,-0.6239999999999963
2025-08-21,Indicador ESALQ/SP,SP,boi-gordo-indicador-esalq-bmf,310.75,boi-gordo-b3-prego-regular,2025-08,310.5,310.5,,0.25,,0.08051529790660225
2025-08-22,Indicador ESALQ/SP,SP,boi-gordo-indicador-esalq-bmf,310.55,boi-gordo-b3-prego-regular,2025-08,312.0,312.0,,-1.4499999999999886,,-0.4647435897435861
2025-08-25,Indicador ESALQ/SP,SP,boi-gordo-indicador-esalq-bmf,310.55,boi-gordo-b3-prego-regular,2025-08,312.0,312.0,,-1.4499999999999886,,-0.4647435897435861
2025-08-26,Indicador ESALQ/SP,SP,boi-gordo-indicador-esalq-bmf,310.95,boi-gordo-b3-prego-regular,2025-08,311.4,311.4,,-0.44999999999998863,,-0.14450867052022756
2025-08-27,Indicador ESALQ/SP,SP,boi-gordo-indicador-esalq-bmf,311.35,boi-gordo-b3-prego-regular,2025-08,311.1,311.1,,0.25,,0.08036001285760205
2025-08-28,Indicador ESALQ/SP,SP,boi-gordo-indicador-esalq-bmf,311.4,boi-gordo-b3-prego-regular,2025-08,311.3,311.3,,0.0999999999999659,,0.03212335367811304
2025-08-29,Indicador ESALQ/SP,SP,boi-gordo-indicador-esalq-bmf,310.5,boi-gordo-b3-prego-regular,2025-09,317.25,317.25,,-6.75,,-2.127659574468085
2025-09-01,Indicador ESALQ/SP,SP,boi-gordo-indicador-esalq-bmf,310.5,boi-gordo-b3-prego-regular,2025-09,316.5,316.5,,-6.0,,-1.8957345971563981
2025-09-02,Indicador ESALQ/SP,SP,boi-gordo-indicador-esalq-bmf,313.65,boi-gordo-b3-prego-regular,2025-09,316.05,316.05,,-2.400000000000034,,-0.7593735168486107
2025-09-03,Indicador ESALQ/SP,SP,boi-gordo-indicador-esalq-bmf,313.4,boi-gordo-b3-prego-regular,2025-09,313.45,313.45,,-0.05000000000001137,,-0.015951507417454575
2025-09-04,Indicador ESALQ/SP,SP,boi-gordo-indicador-esalq-bmf,313.4,boi-gordo-b3-prego-regular,2025-09,311.8,311.8,,1.599999999999966,,0.5131494547786933
2025-09-05,Indicador ESALQ/SP,SP,boi-gordo-indicador-esalq-bmf,312.1,boi-gordo-b3-prego-regular,2025-09,310.85,310.85,,1.25,,0.402123210551713
2025-09-08,Indicador ESALQ/SP,SP,boi-gordo-indicador-esalq-bmf,312.25,boi-gordo-b3-prego-regular,2025-09,311.15,311.15,,1.1000000000000227,,0.35352723766672756
2025-09-09,Indicador ESALQ/SP,SP,boi-gordo-indicador-esalq-bmf,311.7,boi-gordo-b3-prego-regular,2025-09,306.15,306.15,,5.550000000000011,,1.8128368446839824
2025-09-10,Indicador ESALQ/SP,SP,boi-gordo-indicador-esalq-bmf,311.65,boi-gordo-b3-prego-regular,2025-09,307.5,307.5,,4.149999999999977,,1.349593495934952
2025-09-11,Indicador ESALQ/SP,SP,boi-gordo-indicador-esalq-bmf,310.75,boi-gordo-b3-prego-regular,2025-09,305.5,305.5,,5.25,,1.718494271685761
2025-09-12,Indicador ESALQ/SP,SP,boi-gordo-indicador-esalq-bmf,310.75,boi-gordo-b3-prego-regular,2025-09,305.1,305.1,,5.649999999999977,,1.851851851851844
2025-09-15,Indicador ESALQ/SP,SP,boi-gordo-indicador-esalq-bmf,307.9,boi-gordo-b3-prego-regular,2025-09,304.55,304.55,,3.349999999999966,,1.0999835823345807
2025-09-16,Indicador ESALQ/SP,SP,boi-gordo-indicador-esalq-bmf,307.05,boi-gordo-b3-prego-regular,2025-09,301.8,301.8,,5.25,,1.7395626242544733
2025-09-17,Indicador ESALQ/SP,SP,boi-gordo-indicador-esalq-bmf,305.1,boi-gordo-b3-prego-regular,2025-09,302.9,302.9,,2.2000000000000455,,0.726312314295162
2025-09-18,Indicador ESALQ/SP,SP,boi-gordo-indicador-esalq-bmf,305.2,boi-gordo-b3-prego-regular,2025-09,303.8,303.8,,1.3999999999999773,,0.46082949308755017
2025-09-19,Indicador ESALQ/SP,SP,boi-gordo-indicador-esalq-bmf,304.1,boi-gordo-b3-prego-regular,2025-09,304.15,304.15,,-0.049999999999954525,,-0.01643925694557111
2025-09-22,Indicador ESALQ/SP,SP,boi-gordo-indicador-esalq-bmf,304.45,boi-gordo-b3-prego-regular,2025-09,305.2,305.2,,-0.75,,-0.24574049803407602
2025-09-23,Indicador ESALQ/SP,SP,boi-gordo-indicador-esalq-bmf,304.45,boi-gordo-b3-prego-regular,2025-09,303.5,303.5,,0.9499999999999886,,0.31301482701811817
2025-09-24,Indicador ESALQ/SP,SP,boi-gordo-indicador-esalq-bmf,301.8,boi-gordo-b3-prego-regular,2025-09,304.35,304.35,,-2.5500000000000114,,-0.8378511582060165
2025-09-25,Indicador ESALQ/SP,SP,boi-gordo-indicador-esalq-bmf,302.0,boi-gordo-b3-prego-regular,2025-09,304.9,304.9,,-2.8999999999999773,,-0.9511315185306584
2025-09-26,Indicador ESALQ/SP,SP,boi-gordo-indicador-esalq-bmf,302.95,boi-gordo-b3-prego-regular,2025-09,303.75,303.75,,-0.8000000000000114,,-0.26337448559671156
2025-09-29,Indicador ESALQ/SP,SP,boi-gordo-indicador-esalq-bmf,303.95,boi-gordo-b3-prego-regular,2025-09,304.5,304.5,,-0.5500000000000114,,-0.18062397372742572
2025-09-30,Indicador ESALQ/SP,SP,boi-gordo-indicador-esalq-bmf,304.1,boi-gordo-b3-prego-regular,2025-10,305.5,305.5,,-1.3999999999999773,,-0.45826513911619554
2025-10-01,Indicador ESALQ/SP,SP,boi-gordo-indicador-esalq-bmf,305.6,boi-gordo-b3-prego-regular,2025-10,307.15,307.15,,-1.5499999999999545,,-0.5046394269900553
2025-10-02,Indicador ESALQ/SP,SP,boi-gordo-indicador-esalq-bmf,305.8,boi-gordo-b3-prego-regular,2025-10,308.85,308.85,,-3.0500000000000114,,-0.9875344018131815
2025-10-03,Indicador ESALQ/SP,SP,boi-gordo-indicador-esalq-bmf,307.35,boi-gordo-b3-prego-regular,2025-10,313.0,313.0,,-5.649999999999977,,-1.8051118210862547
2025-10-06,Indicador ESALQ/SP,SP,boi-gordo-indicador-esalq-bmf,307.35,boi-gordo-b3-prego-regular,2025-10,311.0,311.0,,-3.6499999999999773,,-1.1736334405144622
2025-10-07,Indicador ESALQ/SP,SP,boi-gordo-indicador-esalq-bmf,306.5,boi-gordo-b3-prego-regular,2025-10,313.7,313.7,,-7.199999999999989,,-2.2951864839018135
2025-10-08,Indicador ESALQ/SP,SP,boi-gordo-indicador-esalq-bmf,307.6,boi-gordo-b3-prego-regular,2025-10,312.9,312.9,,-5.2999999999999545,,-1.6938318951741627
2025-10-09,Indicador ESALQ/SP,SP,boi-gordo-indicador-esalq-bmf,307.95,boi-gordo-b3-prego-regular,2025-10,313.45,313.45,,-5.5,,-1.7546658159196045
2025-10-10,Indicador ESALQ/SP,SP,boi-gordo-indicador-esalq-bmf,307.95,boi-gordo-b3-prego-regular,2025-10,312.65,312.65,,-4.699999999999989,,-1.5032784263553458
2025-10-13,Indicador ESALQ/SP,SP,boi-gordo-indicador-esalq-bmf,308.3,boi-gordo-b3-prego-regular,2025-10,312.7,312.7,,-4.399999999999977,,-1.4070994563479302
2025-10-14,Indicador ESALQ/SP,SP,boi-gordo-indicador-esalq-bmf,308.7,boi-gordo-b3-prego-regular,2025-10,313.4,313.4,,-4.699999999999989,,-1.4996809189534106
2025-10-15,Indicador ESALQ/SP,SP,boi-gordo-indicador-esalq-bmf,309.15,boi-gordo-b3-prego-regular,2025-10,312.0,312.0,,-2.8500000000000227,,-0.9134615384615458
2025-10-16,Indicador ESALQ/SP,SP,boi-gordo-indicador-esalq-bmf,309.15,boi-gordo-b3-prego-regular,2025-10,312.65,312.65,,-3.5,,-1.1194626579241964
2025-10-17,Indicador ESALQ/SP,SP,boi-gordo-indicador-esalq-bmf,309.7,boi-gordo-b3-prego-regular,2025-10,312.8,312.8,,-3.1000000000000227,,-0.9910485933503907
2025-10-20,Indicador ESALQ/SP,SP,boi-gordo-indicador-esalq-bmf,310.2,boi-gordo-b3-prego-regular,2025-10,312.65,312.65,,-2.4499999999999886,,-0.7836238605469339
2025-10-21,Indicador ESALQ/SP,SP,boi-gordo-indicador-esalq-bmf,310.9,boi-gordo-b3-prego-regular,2025-10,312.55,312.55,,-1.650000000000034,,-0.5279155335146486
2025-10-22,Indicador ESALQ/SP,SP,boi-gordo-indicador-esalq-bmf,311.4,boi-gordo-b3-prego-regular,2025-10,312.1,312.1,,-0.7000000000000455,,-0.22428708747197867
2025-10-23,Indicador ESALQ/SP,SP,boi-gordo-indicador-esalq-bmf,311.4,boi-gordo-b3-prego-regular,2025-10,313.8,313.8,,-2.400000000000034,,-0.7648183556405462
2025-10-24,Indicador ESALQ/SP,SP,boi-gordo-indicador-esalq-bmf,313.15,boi-gordo-b3-prego-regular,2025-10,313.55,313.55,,-0.4000000000000341,,-0.12757136022963933
2025-10-27,Indicador ESALQ/SP,SP,boi-gordo-indicador-esalq-bmf,313.35,boi-gordo-b3-prego-regular,2025-10,314.25,314.25,,-0.8999999999999773,,-0.28639618138424094
2025-10-28,Indicador ESALQ/SP,SP,boi-gordo-indicador-esalq-bmf,314.65,boi-gordo-b3-prego-regular,2025-10,315.25,315.25,,-0.6000000000000227,,-0.19032513877875423
2025-10-29,Indicador ESALQ/SP,SP,boi-gordo-indicador-esalq-bmf,317.9,boi-gordo-b3-prego-regular,2025-10,316.8,316.8,,1.099999999999966,,0.34722222222221144
2025-10-30,Indicador ESALQ/SP,SP,boi-gordo-indicador-esalq-bmf,318.85,boi-gordo-b3-prego-regular,2025-10,317.0,317.0,,1.8500000000000227,,0.5835962145110482
2025-11-03,Indicador ESALQ/SP,SP,boi-gordo-indicador-esalq-bmf,320.2,boi-gordo-b3-prego-regular,2025-11,332.45,332.45,,-12.25,,-3.684764626259588
2025-11-04,Indicador ESALQ/SP,SP,boi-gordo-indicador-esalq-bmf,322.55,boi-gordo-b3-prego-regular,2025-11,332.65,332.65,,-10.099999999999966,,-3.036224259732441
2025-11-05,Indicador ESALQ/SP,SP,boi-gordo-indicador-esalq-bmf,323.4,boi-gordo-b3-prego-regular,2025-11,326.6,326.6,,-3.2000000000000455,,-0.9797917942437371
2025-11-06,Indicador ESALQ/SP,SP,boi-gordo-indicador-esalq-bmf,323.7,boi-gordo-b3-prego-regular,2025-11,320.0,320.0,,3.6999999999999886,,1.1562499999999964
2025-11-07,Indicador ESALQ/SP,SP,boi-gordo-indicador-esalq-bmf,323.7,boi-gordo-b3-prego-regular,2025-11,320.8,320.8,,2.8999999999999773,,0.9039900249376488
2025-11-10,Indicador ESALQ/SP,SP,boi-gordo-indicador-esalq-bmf,322.65,boi-gordo-b3-prego-regular,2025-11,319.0,319.0,,3.6499999999999773,,1.1442006269592404
2025-11-11,Indicador ESALQ/SP,SP,boi-gordo-indicador-esalq-bmf,322.15,boi-gordo-b3-prego-regular,2025-11,318.4,318.4,,3.75,,1.1777638190954776
2025-11-12,Indicador ESALQ/SP,SP,boi-gordo-indicador-esalq-bmf,321.85,boi-gordo-b3-prego-regular,2025-11,318.6,318.6,,3.25,,1.0200878844946641
2025-11-13,Indicador ESALQ/SP,SP,boi-gordo-indicador-esalq-bmf,322.45,boi-gordo-b3-prego-regular,2025-11,319.9,319.9,,2.5500000000000114,,0.7971241012816541
2025-11-14,Indicador ESALQ/SP,SP,boi-gordo-indicador-esalq-bmf,322.65,boi-gordo-b3-prego-regular,2025-11,319.0,319.0,,3.6499999999999773,,1.1442006269592404
2025-11-17,Indicador ESALQ/SP,SP,boi-gordo-indicador-esalq-bmf,321.35,boi-gordo-b3-prego-regular,2025-11,316.1,316.1,,5.25,,1.6608668142992722
2025-11-18,Indicador ESALQ/SP,SP,boi-gordo-indicador-esalq-bmf,321.25,boi-gordo-b3-prego-regular,2025-11,315.85,315.85,,5.399999999999977,,1.7096723128067048
2025-11-19,Indicador ESALQ/SP,SP,boi-gordo-indicador-esalq-bmf,321.5,boi-gordo-b3-prego-regular,2025-11,315.8,315.8,,5.699999999999989,,1.8049398353388184
2025-11-21,Indicador ESALQ/SP,SP,boi-gordo-indicador-esalq-bmf,322.45,boi-gordo-b3-prego-regular,2025-11,321.35,321.35,,1.099999999999966,,0.34230589699703307
2025-11-24,Indicador ESALQ/SP,SP,boi-gordo-indicador-esalq-bmf,322.45,boi-gordo-b3-prego-regular,2025-11,321.0,321.0,,1.4499999999999886,,0.4517133956386257
2025-11-25,Indicador ESALQ/SP,SP,boi-gordo-indicador-esalq-bmf,321.25,boi-gordo-b3-prego-regular,2025-11,319.95,319.95,,1.3000000000000114,,0.40631348648226645
2025-11-26,Indicador ESALQ/SP,SP,boi-gordo-indicador-esalq-bmf,321.1,boi-gordo-b3-prego-regular,2025-11,320.85,320.85,,0.25,,0.07791803023219572
2025-11-27,Indicador ESALQ/SP,SP,boi-gordo-indicador-esalq-bmf,321.3,boi-gordo-b3-prego-regular,2025-11,320.6,320.6,,0.6999999999999886,,0.21834061135370822
2025-11-28,Indicador ESALQ/SP,SP,boi-gordo-indicador-esalq-bmf,321.6,boi-gordo-b3-prego-regular,2025-11,320.5,320.5,,1.1000000000000227,,0.34321372854914906
2025-12-01,Indicador ESALQ/SP,SP,boi-gordo-indicador-esalq-bmf,321.6,boi-gordo-b3-prego-regular,2025-12,319.5,319.5,,2.1000000000000227,,0.6572769953051714
2025-12-02,Indicador ESALQ/SP,SP,boi-gordo-indicador-esalq-bmf,321.75,boi-gordo-b3-prego-regular,2025-12,322.5,322.5,,-0.75,,-0.23255813953488372
2025-12-03,Indicador ESALQ/SP,SP,boi-gordo-indicador-esalq-bmf,321.2,boi-gordo-b3-prego-regular,2025-12,322.7,322.7,,-1.5,,-0.4648280136349551
2025-12-04,Indicador ESALQ/SP,SP,boi-gordo-indicador-esalq-bmf,322.05,boi-gordo-b3-prego-regular,2025-12,321.3,321.3,,0.75,,0.2334267040149393
2025-12-05,Indicador ESALQ/SP,SP,boi-gordo-indicador-esalq-bmf,322.1,boi-gordo-b3-prego-regular,2025-12,321.2,321.2,,0.9000000000000341,,0.28019925280200314
2025-12-08,Indicador ESALQ/SP,SP,boi-gordo-indicador-esalq-bmf,322.1,boi-gordo-b3-prego-regular,2025-12,322.0,322.0,,0.10000000000002274,,0.031055900621125072
2025-12-09,Indicador ESALQ/SP,SP,boi-gordo-indicador-esalq-bmf,322.5,boi-gordo-b3-prego-regular,2025-12,322.25,322.25,,0.25,,0.07757951900698215
2025-12-10,Indicador ESALQ/SP,SP,boi-gordo-indicador-esalq-bmf,320.9,boi-gordo-b3-prego-regular,2025-12,319.85,319.85,,1.0499999999999545,,0.3282788807253258
2025-12-11,Indicador ESALQ/SP,SP,boi-gordo-indicador-esalq-bmf,320.9,boi-gordo-b3-prego-regular,2025-12,319.9,319.9,,1.0,,0.31259768677711786
2025-12-12,Indicador ESALQ/SP,SP,boi-gordo-indicador-esalq-bmf,320.8,boi-gordo-b3-prego-regular,2025-12,320.8,320.8,,0.0,,0.0
2025-12-15,Indicador ESALQ/SP,SP,boi-gordo-indicador-esalq-bmf,321.15,boi-gordo-b3-prego-regular,2025-12,320.8,320.8,,0.3499999999999659,,0.10910224438901679
2025-12-16,Indicador ESALQ/SP,SP,boi-gordo-indicador-esalq-bmf,319.25,boi-gordo-b3-prego-regular,2025-12,320.55,320.55,,-1.3000000000000114,,-0.4055529558571241
2025-12-17,Indicador ESALQ/SP,SP,boi-gordo-indicador-esalq-bmf,319.2,boi-gordo-b3-prego-regular,2025-12,319.9,319.9,,-0.6999999999999886,,-0.21881838074397897
2025-12-18,Indicador ESALQ/SP,SP,boi-gordo-indicador-esalq-bmf,318.0,boi-gordo-b3-prego-regular,2025-12,320.2,320.2,,-2.1999999999999886,,-0.6870705808869422
2025-12-19,Indicador ESALQ/SP,SP,boi-gordo-indicador-esalq-bmf,318.0,boi-gordo-b3-prego-regular,2025-12,318.0,318.0,,0.0,,0.0
2025-12-22,Indicador ESALQ/SP,SP,boi-gordo-indicador-esalq-bmf,317.85,boi-gordo-b3-prego-regular,2025-12,319.1,319.1,,-1.25,,-0.3917267314321529
2025-12-23,Indicador ESALQ/SP,SP,boi-gordo-indicador-esalq-bmf,319.5,boi-gordo-b3-prego-regular,2025-12,320.1,320.1,,-0.6000000000000227,,-0.1874414245548337
2025-12-26,Indicador ESALQ/SP,SP,boi-gordo-indicador-esalq-bmf,319.5,boi-gordo-b3-prego-regular,2025-12,320.85,320.85,,-1.3500000000000227,,-0.420757363253864
2025-12-29,Indicador ESALQ/SP,SP,boi-gordo-indicador-esalq-bmf,318.0,boi-gordo-b3-prego-regular,2025-12,320.0,320.0,,-2.0,,-0.625
2025-12-30,Indicador ESALQ/SP,SP,boi-gordo-indicador-esalq-bmf,319.2,boi-gordo-b3-prego-regular,2026-01,314.1,314.1,,5.099999999999966,,1.6236867239732458
2026-01-02,Indicador ESALQ/SP,SP,boi-gordo-indicador-esalq-bmf,319.2,boi-gordo-b3-prego-regular,2026-01,317.55,317.55,,1.6499999999999773,,0.5196032120925766
2026-01-05,Indicador ESALQ/SP,SP,boi-gordo-indicador-esalq-bmf,318.5,boi-gordo-b3-prego-regular,2026-01,321.75,321.75,,-3.25,,-1.0101010101010102
2026-01-06,Indicador ESALQ/SP,SP,boi-gordo-indicador-esalq-bmf,318.65,boi-gordo-b3-prego-regular,2026-01,320.35,320.35,,-1.7000000000000455,,-0.5306695801467287
2026-01-07,Indicador ESALQ/SP,SP,boi-gordo-indicador-esalq-bmf,318.15,boi-gordo-b3-prego-regular,2026-01,318.7,318.7,,-0.5500000000000114,,-0.17257609036711996
2026-01-08,Indicador ESALQ/SP,SP,boi-gordo-indicador-esalq-bmf,319.3,boi-gordo-b3-prego-regular,2026-01,319.5,319.5,,-0.19999999999998863,,-0.06259780907667875
2026-01-09,Indicador ESALQ/SP,SP,boi-gordo-indicador-esalq-bmf,319.4,boi-gordo-b3-prego-regular,2026-01,318.05,318.05,,1.349999999999966,,0.4244615626473718
2026-01-12,Indicador ESALQ/SP,SP,boi-gordo-indicador-esalq-bmf,319.4,boi-gordo-b3-prego-regular,2026-01,319.5,319.5,,-0.10000000000002274,,-0.03129890453834827
2026-01-13,Indicador ESALQ/SP,SP,boi-gordo-indicador-esalq-bmf,318.65,boi-gordo-b3-prego-regular,2026-01,319.3,319.3,,-0.6500000000000341,,-0.20357031005325213
2026-01-14,Indicador ESALQ/SP,SP,boi-gordo-indicador-esalq-bmf,318.55,boi-gordo-b3-prego-regular,2026-01,317.9,317.9,,0.6500000000000341,,0.204466813463364
2026-01-15,Indicador ESALQ/SP,SP,boi-gordo-indicador-esalq-bmf,317.85,boi-gordo-b3-prego-regular,2026-01,317.4,317.4,,0.4500000000000455,,0.1417769376181618
2026-01-16,Indicador ESALQ/SP,SP,boi-gordo-indicador-esalq-bmf,318.05,boi-gordo-b3-prego-regular,2026-01,317.7,317.7,,0.35000000000002274,,0.11016682404785105
2026-01-19,Indicador ESALQ/SP,SP,boi-gordo-indicador-esalq-bmf,318.65,boi-gordo-b3-prego-regular,2026-01,320.0,320.0,,-1.3500000000000227,,-0.42187500000000716
2026-01-20,Indicador ESALQ/SP,SP,boi-gordo-indicador-esalq-bmf,321.0,boi-gordo-b3-prego-regular,2026-01,321.35,321.35,,-0.35000000000002274,,-0.10891551268088463
2026-01-21,Indicador ESALQ/SP,SP,boi-gordo-indicador-esalq-bmf,319.1,boi-gordo-b3-prego-regular,2026-01,321.7,321.7,,-2.599999999999966,,-0.8082064034814939
2026-01-22,Indicador ESALQ/SP,SP,boi-gordo-indicador-esalq-bmf,321.2,boi-gordo-b3-prego-regular,2026-01,322.0,322.0,,-0.8000000000000114,,-0.24844720496894762
2026-01-23,Indicador ESALQ/SP,SP,boi-gordo-indicador-esalq-bmf,321.4,boi-gordo-b3-prego-regular,2026-01,321.75,321.75,,-0.35000000000002274,,-0.10878010878011585
2026-01-26,Indicador ESALQ/SP,SP,boi-gordo-indicador-esalq-bmf,322.7,boi-gordo-b3-prego-regular,2026-01,322.4,322.4,,0.30000000000001137,,0.09305210918114497
2026-01-27,Indicador ESALQ/SP,SP,boi-gordo-indicador-esalq-bmf,323.1,boi-gordo-b3-prego-regular,2026-01,323.1,323.1,,0.0,,0.0
2026-01-28,Indicador ESALQ/SP,SP,boi-gordo-indicador-esalq-bmf,326.0,boi-gordo-b3-prego-regular,2026-01,324.6,324.6,,1.3999999999999773,,0.43130006161428747
2026-01-29,Indicador ESALQ/SP,SP,boi-gordo-indicador-esalq-bmf,326.8,boi-gordo-b3-prego-regular,2026-01,325.0,325.0,,1.8000000000000114,,0.5538461538461573
2026-01-30,Indicador ESALQ/SP,SP,boi-gordo-indicador-esalq-bmf,326.9,boi-gordo-b3-prego-regular,2026-02,339.85,339.85,,-12.950000000000045,,-3.8105046343975415
2026-02-02,Indicador ESALQ/SP,SP,boi-gordo-indicador-esalq-bmf,327.2,boi-gordo-b3-prego-regular,2026-02,339.2,339.2,,-12.0,,-3.5377358490566038
2026-02-03,Indicador ESALQ/SP,SP,boi-gordo-indicador-esalq-bmf,328.9,boi-gordo-b3-prego-regular,2026-02,340.0,340.0,,-11.100000000000023,,-3.2647058823529482
2026-02-04,Indicador ESALQ/SP,SP,boi-gordo-indicador-esalq-bmf,333.25,boi-gordo-b3-prego-regular,2026-02,342.7,342.7,,-9.449999999999989,,-2.7575138605194014
2026-02-05,Acre,AC,boi-gordo-scot-consultoria,261.0,boi-gordo-b3-prego-regular,2026-02,344.05,344.05,,-83.05000000000001,,-24.138933294579278
2026-02-05,Alagoas,AL,boi-gordo-scot-consultoria,300.0,boi-gordo-b3-prego-regular,2026-02,344.05,344.05,,-44.05000000000001,,-12.803371602964688
2026-02-05,BA Oeste,,boi-gordo-scot-consultoria,296.0,boi-gordo-b3-prego-regular,2026-02,344.05,344.05,,-48.05000000000001,,-13.965993314925159
2026-02-05,BA Sul,,boi-gordo-scot-consultoria,294.0,boi-gordo-b3-prego-regular,2026-02,344.05,344.05,,-50.05000000000001,,-14.547304170905395
2026-02-05,ES,,boi-gordo-scot-consultoria,299.0,boi-gordo-b3-prego-regular,2026-02,344.05,344.05,,-45.05000000000001,,-13.094027030954805
2026-02-05,GO Goiânia,,boi-gordo-scot-consultoria,303.0,boi-gordo-b3-prego-regular,2026-02,344.05,344.05,,-41.05000000000001,,-11.931405318994335
2026-02-05,GO Reg. Sul,,boi-gordo-scot-consultoria,301.0,boi-gordo-b3-prego-regular,2026-02,344.05,344.05,,-43.05000000000001,,-12.51271617497457
2026-02-05,Indicador ESALQ/SP,SP,boi-gordo-indicador-esalq-bmf,336.15,boi-gordo-b3-prego-regular,2026-02,344.05,344.05,,-7.900000000000034,,-2.29617788112194
2026-02-05,MA Oeste,,boi-gordo-scot-consultoria,295.8333333333333,boi-gordo-b3-prego-regular,2026-02,344.05,344.05,,-48.2166666666667,,-14.014435886256852
2026-02-05,MG B.Horizonte,,boi-gordo-scot-consultoria,311.0,boi-gordo-b3-prego-regular,2026-02,344.05,344.05,,-33.05000000000001,,-9.606161895073393
2026-02-05,MG Norte,,boi-gordo-scot-consultoria,305.0,boi-gordo-b3-prego-regular,2026-02,344.05,344.05,,-39.05000000000001,,-11.3500944630141
2026-02-05,MG Sul,,boi-gordo-scot-consultoria,303.0,boi-gordo-b3-prego-regular,2026-02,344.05,344.05,,-41.05000000000001,,-11.931405318994335
2026-02-05,MG Triângulo,,boi-gordo-scot-consultoria,304.6666666666667,boi-gordo-b3-prego-regular,2026-02,344.05,344.05,,-39.383333333333326,,-11.446979605677466
2026-02-05,MS C. Grande,,boi-gordo-scot-consultoria,305.0,boi-gordo-b3-prego-regular,2026-02,344.05,344.05,,-39.05000000000001,,-11.3500944630141
2026-02-05,MS Dourados,,boi-gordo-scot-consultoria,305.0,boi-gordo-b3-prego-regular,2026-02,344.05,344.05,,-39.05000000000001,,-11.3500944630141
2026-02-05,MS Três Lagoas,,boi-gordo-scot-consultoria,302.3333333333333,boi-gordo-b3-prego-regular,2026-02,344.05,344.05,,-41.7166666666667,,-12.125175604321086
2026-02-05,MT Cuiabá*,,boi-gordo-scot-consultoria,298.0,boi-gordo-b3-prego-regular,2026-02,344.05,344.05,,-46.05000000000001,,-13.384682458944924
2026-02-05,MT Norte,,boi-gordo-scot-consultoria,297.8333333333333,boi-gordo-b3-prego-regular,2026-02,344.05,344.05,,-46.2166666666667,,-13.433125030276615
2026-02-05,MT Sudeste,,boi-gordo-scot-consultoria,297.3333333333333,boi-gordo-b3-prego-regular,2026-02,344.05,344.05,,-46.7166666666667,,-13.578452744271674
2026-02-05,MT Sudoeste,,boi-gordo-scot-consultoria,291.8333333333333,boi-gordo-b3-prego-regular,2026-02,344.05,344.05,,-52.2166666666667,,-15.177057598217322
2026-02-05,PA Marabá,,boi-gordo-scot-consultoria,301.3333333333333,boi-gordo-b3-prego-regular,2026-02,344.05,344.05,,-42.7166666666667,,-12.415831032311203
2026-02-05,PA Paragominas,,boi-gordo-scot-consultoria,304.0,boi-gordo-b3-prego-regular,2026-02,344.05,344.05,,-40.05000000000001,,-11.640749891004218
2026-02-05,PA Redenção,,boi-gordo-scot-consultoria,296.0,boi-gordo-b3-prego-regular,2026-02,344.05,344.05,,-48.05000000000001,,-13.965993314925159
2026-02-05,PR Noroeste,,boi-gordo-scot-consultoria,320.5,boi-gordo-b3-prego-regular,2026-02,344.05,344.05,,-23.55000000000001,,-6.844935329167274
2026-02-05,RJ,,boi-gordo-scot-consultoria,313.0,boi-gordo-b3-prego-regular,2026-02,344.05,344.05,,-31.05000000000001,,-9.024851039093159
2026-02-05,RO Sudeste,,boi-gordo-scot-consultoria,277.5,boi-gordo-b3-prego-regular,2026-02,344.05,344.05,,-66.55000000000001,,-19.343118732742337
2026-02-05,RS Oeste,,boi-gordo-scot-consultoria,162.25,boi-gordo-b3-prego-regular,2026-02,344.05,344.05,,-181.8,,-52.84115680860341
2026-02-05,RS Pelotas,,boi-gordo-scot-consultoria,158.25,boi-gordo-b3-prego-regular,2026-02,344.05,344.05,,-185.8,,-54.00377852056387
2026-02-05,Roraima,RR,boi-gordo-scot-consultoria,284.1666666666667,boi-gordo-b3-prego-regular,2026-02,344.05,344.05,,-59.883333333333326,,-17.40541587947488
2026-02-05,SC,,boi-gordo-scot-consultoria,318.8333333333333,boi-gordo-b3-prego-regular,2026-02,344.05,344.05,,-25.216666666666697,,-7.329361042484144
2026-02-05,SP Araçatuba,,boi-gordo-scot-consultoria,321.5,boi-gordo-b3-prego-regular,2026-02,344.05,344.05,,-22.55000000000001,,-6.554279901177158
2026-02-05,SP Barretos,,boi-gordo-scot-consultoria,321.5,boi-gordo-b3-prego-regular,2026-02,344.05,344.05,,-22.55000000000001,,-6.554279901177158
2026-02-05,TO Norte,,boi-gordo-scot-consultoria,296.0,boi-gordo-b3-prego-regular,2026-02,344.05,344.05,,-48.05000000000001,,-13.965993314925159
2026-02-05,TO Sul,,boi-gordo-scot-consultoria,293.3333333333333,boi-gordo-b3-prego-regular,2026-02,344.05,344.05,,-50.7166666666667,,-14.741074456232145
2026-02-06,Indicador ESALQ/SP,SP,boi-gordo-indicador-esalq-bmf,336.95,boi-gordo-b3-prego-regular,2026-02,343.9,343.9,,-6.949999999999989,,-2.0209363186972924
2026-02-09,Indicador ESALQ/SP,SP,boi-gordo-indicador-esalq-bmf,337.2,boi-gordo-b3-prego-regular,2026-02,343.1,343.1,,-5.900000000000034,,-1.7196152725153113
2026-02-10,Indicador ESALQ/SP,SP,boi-gordo-indicador-esalq-bmf,337.3,boi-gordo-b3-prego-regular,2026-02,342.55,342.55,,-5.25,,-1.5326229747482119
2026-02-11,Acre,AC,boi-gordo-scot-consultoria,267.6666666666667,boi-gordo-b3-prego-regular,2026-02,344.3,344.3,,-76.63333333333333,,-22.257720979765704
2026-02-11,Alagoas,AL,boi-gordo-scot-consultoria,301.3333333333333,boi-gordo-b3-prego-regular,2026-02,344.3,344.3,,-42.9666666666667,,-12.47942685642367
2026-02-11,BA Oeste,,boi-gordo-scot-consultoria,301.6666666666667,boi-gordo-b3-prego-regular,2026-02,344.3,344.3,,-42.633333333333326,,-12.382612063123242
2026-02-11,BA Sul,,boi-gordo-scot-consultoria,299.3333333333333,boi-gordo-b3-prego-regular,2026-02,344.3,344.3,,-44.9666666666667,,-13.060315616226168
2026-02-11,ES,,boi-gordo-scot-consultoria,303.0,boi-gordo-b3-prego-regular,2026-02,344.3,344.3,,-41.30000000000001,,-11.995352889921582
2026-02-11,GO Goiânia,,boi-gordo-scot-consultoria,310.0,boi-gordo-b3-prego-regular,2026-02,344.3,344.3,,-34.30000000000001,,-9.96224223061284
2026-02-11,GO Reg. Sul,,boi-gordo-scot-consultoria,305.6666666666667,boi-gordo-b3-prego-regular,2026-02,344.3,344.3,,-38.633333333333326,,-11.220834543518247
2026-02-11,Indicador ESALQ/SP,SP,boi-gordo-indicador-esalq-bmf,341.9,boi-gordo-b3-prego-regular,2026-02,344.3,344.3,,-2.400000000000034,,-0.6970665117630073
2026-02-11,MA Oeste,,boi-gordo-scot-consultoria,299.3333333333333,boi-gordo-b3-prego-regular,2026-02,344.3,344.3,,-44.9666666666667,,-13.060315616226168
2026-02-11,MG B.Horizonte,,boi-gordo-scot-consultoria,314.6666666666667,boi-gordo-b3-prego-regular,2026-02,344.3,344.3,,-29.633333333333326,,-8.606835124407008
2026-02-11,MG Norte,,boi-gordo-scot-consultoria,307.0,boi-gordo-b3-prego-regular,2026-02,344.3,344.3,,-37.30000000000001,,-10.833575370316588
2026-02-11,MG Sul,,boi-gordo-scot-consultoria,309.0,boi-gordo-b3-prego-regular,2026-02,344.3,344.3,,-35.30000000000001,,-10.25268661051409
2026-02-11,MG Triângulo,,boi-gordo-scot-consultoria,309.0,boi-gordo-b3-prego-regular,2026-02,344.3,344.3,,-35.30000000000001,,-10.25268661051409
2026-02-11,MS C. Grande,,boi-gordo-scot-consultoria,311.0,boi-gordo-b3-prego-regular,2026-02,344.3,344.3,,-33.30000000000001,,-9.671797850711592
2026-02-11,MS Dourados,,boi-gordo-scot-consultoria,309.6666666666667,boi-gordo-b3-prego-regular,2026-02,344.3,344.3,,-34.633333333333326,,-10.059057023913251
2026-02-11,MS Três Lagoas,,boi-gordo-scot-consultoria,307.0,boi-gordo-b3-prego-regular,2026-02,344.3,344.3,,-37.30000000000001,,-10.833575370316588
2026-02-11,MT Cuiabá*,,boi-gordo-scot-consultoria,304.6666666666667,boi-gordo-b3-prego-regular,2026-02,344.3,344.3,,-39.633333333333326,,-11.511278923419496
2026-02-11,MT Norte,,boi-gordo-scot-consultoria,303.6666666666667,boi-gordo-b3-prego-regular,2026-02,344.3,344.3,,-40.633333333333326,,-11.801723303320745
2026-02-11,MT Sudeste,,boi-gordo-scot-consultoria,300.6666666666667,boi-gordo-b3-prego-regular,2026-02,344.3,344.3,,-43.633333333333326,,-12.67305644302449
2026-02-11,MT Sudoeste,,boi-gordo-scot-consultoria,300.3333333333333,boi-gordo-b3-prego-regular,2026-02,344.3,344.3,,-43.9666666666667,,-12.76987123632492
2026-02-11,PA Marabá,,boi-gordo-scot-consultoria,303.0,boi-gordo-b3-prego-regular,2026-02,344.3,344.3,,-41.30000000000001,,-11.995352889921582
2026-02-11,PA Paragominas,,boi-gordo-scot-consultoria,305.0,boi-gordo-b3-prego-regular,2026-02,344.3,344.3,,-39.30000000000001,,-11.414464130119086
2026-02-11,PA Redenção,,boi-gordo-scot-consultoria,298.0,boi-gordo-b3-prego-regular,2026-02,344.3,344.3,,-46.30000000000001,,-13.447574789427827
2026-02-11,PR Noroeste,,boi-gordo-scot-consultoria,326.1666666666667,boi-gordo-b3-prego-regular,2026-02,344.3,344.3,,-18.133333333333326,,-5.266724755542644
2026-02-11,RJ,,boi-gordo-scot-consultoria,317.8333333333333,boi-gordo-b3-prego-regular,2026-02,344.3,344.3,,-26.466666666666697,,-7.687094588053063
2026-02-11,RO Sudeste,,boi-gordo-scot-consultoria,285.5,boi-gordo-b3-prego-regular,2026-02,344.3,344.3,,-58.80000000000001,,-17.07812953819344
2026-02-11,RS Oeste,,boi-gordo-scot-consultoria,163.75,boi-gordo-b3-prego-regular,2026-02,344.3,344.3,,-180.55,,-52.43973279117049
2026-02-11,RS Pelotas,,boi-gordo-scot-consultoria,158.75,boi-gordo-b3-prego-regular,2026-02,344.3,344.3,,-185.55,,-53.891954690676734
2026-02-11,Roraima,RR,boi-gordo-scot-consultoria,284.1666666666667,boi-gordo-b3-prego-regular,2026-02,344.3,344.3,,-60.133333333333326,,-17.4653887113951
2026-02-11,SC,,boi-gordo-scot-consultoria,327.5,boi-gordo-b3-prego-regular,2026-02,344.3,344.3,,-16.80000000000001,,-4.879465582340985
2026-02-11,SP Araçatuba,,boi-gordo-scot-consultoria,329.1666666666667,boi-gordo-b3-prego-regular,2026-02,344.3,344.3,,-15.133333333333326,,-4.395391615838898
2026-02-11,SP Barretos,,boi-gordo-scot-consultoria,329.1666666666667,boi-gordo-b3-prego-regular,2026-02,344.3,344.3,,-15.133333333333326,,-4.395391615838898
2026-02-11,TO Norte,,boi-gordo-scot-consultoria,301.0,boi-gordo-b3-prego-regular,2026-02,344.3,344.3,,-43.30000000000001,,-12.576241649724082
2026-02-11,TO Sul,,boi-gordo-scot-consultoria,301.0,boi-gordo-b3-prego-regular,2026-02,344.3,344.3,,-43.30000000000001,,-12.576241649724082
2026-02-12,Acre,AC,boi-gordo-scot-consultoria,271.6666666666667,boi-gordo-b3-prego-regular,2026-02,344.75,344.75,,-73.08333333333331,,-21.19893642736282
2026-02-12,Alagoas,AL,boi-gordo-scot-consultoria,302.3333333333333,boi-gordo-b3-prego-regular,2026-02,344.75,344.75,,-42.416666666666686,,-12.303601643703171
2026-02-12,BA Oeste,,boi-gordo-scot-consultoria,301.6666666666667,boi-gordo-b3-prego-regular,2026-02,344.75,344.75,,-43.083333333333314,,-12.496978486826197
2026-02-12,BA Sul,,boi-gordo-scot-consultoria,299.3333333333333,boi-gordo-b3-prego-regular,2026-02,344.75,344.75,,-45.416666666666686,,-13.173797437756834
2026-02-12,ES,,boi-gordo-scot-consultoria,303.0,boi-gordo-b3-prego-regular,2026-02,344.75,344.75,,-41.75,,-12.11022480058013
2026-02-12,GO Goiânia,,boi-gordo-scot-consultoria,311.0,boi-gordo-b3-prego-regular,2026-02,344.75,344.75,,-33.75,,-9.789702683103698
2026-02-12,GO Reg. Sul,,boi-gordo-scot-consultoria,307.6666666666667,boi-gordo-b3-prego-regular,2026-02,344.75,344.75,,-37.083333333333314,,-10.756586898718872
2026-02-12,Indicador ESALQ/SP,SP,boi-gordo-indicador-esalq-bmf,342.95,boi-gordo-b3-prego-regular,2026-02,344.75,344.75,,-1.8000000000000114,,-0.5221174764322005
2026-02-12,MA Oeste,,boi-gordo-scot-consultoria,299.3333333333333,boi-gordo-b3-prego-regular,2026-02,344.75,344.75,,-45.416666666666686,,-13.173797437756834
2026-02-12,MG B.Horizonte,,boi-gordo-scot-consultoria,315.6666666666667,boi-gordo-b3-prego-regular,2026-02,344.75,344.75,,-29.083333333333314,,-8.43606478124244
2026-02-12,MG Norte,,boi-gordo-scot-consultoria,308.3333333333333,boi-gordo-b3-prego-regular,2026-02,344.75,344.75,,-36.416666666666686,,-10.563210055595848
2026-02-12,MG Sul,,boi-gordo-scot-consultoria,309.0,boi-gordo-b3-prego-regular,2026-02,344.75,344.75,,-35.75,,-10.369833212472807
2026-02-12,MG Triângulo,,boi-gordo-scot-consultoria,311.6666666666667,boi-gordo-b3-prego-regular,2026-02,344.75,344.75,,-33.083333333333314,,-9.596325839980658
2026-02-12,MS C. Grande,,boi-gordo-scot-consultoria,311.6666666666667,boi-gordo-b3-prego-regular,2026-02,344.75,344.75,,-33.083333333333314,,-9.596325839980658
2026-02-12,MS Dourados,,boi-gordo-scot-consultoria,311.0,boi-gordo-b3-prego-regular,2026-02,344.75,344.75,,-33.75,,-9.789702683103698
2026-02-12,MS Três Lagoas,,boi-gordo-scot-consultoria,310.0,boi-gordo-b3-prego-regular,2026-02,344.75,344.75,,-34.75,,-10.079767947788252
2026-02-12,MT Cuiabá*,,boi-gordo-scot-consultoria,307.6666666666667,boi-gordo-b3-prego-regular,2026-02,344.75,344.75,,-37.083333333333314,,-10.756586898718872
2026-02-12,MT Norte,,boi-gordo-scot-consultoria,304.3333333333333,boi-gordo-b3-prego-regular,2026-02,344.75,344.75,,-40.416666666666686,,-11.723471114334064
2026-02-12,MT Sudeste,,boi-gordo-scot-consultoria,301.0,boi-gordo-b3-prego-regular,2026-02,344.75,344.75,,-43.75,,-12.690355329949238
2026-02-12,MT Sudoeste,,boi-gordo-scot-consultoria,301.0,boi-gordo-b3-prego-regular,2026-02,344.75,344.75,,-43.75,,-12.690355329949238
2026-02-12,PA Marabá,,boi-gordo-scot-consultoria,303.0,boi-gordo-b3-prego-regular,2026-02,344.75,344.75,,-41.75,,-12.11022480058013
2026-02-12,PA Paragominas,,boi-gordo-scot-consultoria,306.6666666666667,boi-gordo-b3-prego-regular,2026-02,344.75,344.75,,-38.083333333333314,,-11.046652163403428
2026-02-12,PA Redenção,,boi-gordo-scot-consultoria,301.0,boi-gordo-b3-prego-regular,2026-02,344.75,344.75,,-43.75,,-12.690355329949238
2026-02-12,PR Noroeste,,boi-gordo-scot-consultoria,326.1666666666667,boi-gordo-b3-prego-regular,2026-02,344.75,344.75,,-18.583333333333314,,-5.390379502054624
2026-02-12,RJ,,boi-gordo-scot-consultoria,319.8333333333333,boi-gordo-b3-prego-regular,2026-02,344.75,344.75,,-24.916666666666686,,-7.227459511723476
2026-02-12,RO Sudeste,,boi-gordo-scot-consultoria,285.5,boi-gordo-b3-prego-regular,2026-02,344.75,344.75,,-59.25,,-17.186366932559828
2026-02-12,RS Oeste,,boi-gordo-scot-consultoria,163.75,boi-gordo-b3-prego-regular,2026-02,344.75,344.75,,-181.0,,-52.50181290790428
2026-02-12,RS Pelotas,,boi-gordo-scot-consultoria,160.25,boi-gordo-b3-prego-regular,2026-02,344.75,344.75,,-184.5,,-53.51704133430022
2026-02-12,Roraima,RR,boi-gordo-scot-consultoria,284.1666666666667,boi-gordo-b3-prego-regular,2026-02,344.75,344.75,,-60.583333333333314,,-17.573120618805895
2026-02-12,SC,,boi-gordo-scot-consultoria,327.5,boi-gordo-b3-prego-regular,2026-02,344.75,344.75,,-17.25,,-5.003625815808557
2026-02-12,SP Araçatuba,,boi-gordo-scot-consultoria,331.1666666666667,boi-gordo-b3-prego-regular,2026-02,344.75,344.75,,-13.583333333333314,,-3.9400531786318536
2026-02-12,SP Barretos,,boi-gordo-scot-consultoria,331.1666666666667,boi-gordo-b3-prego-regular,2026-02,344.75,344.75,,-13.583333333333314,,-3.9400531786318536
2026-02-12,TO Norte,,boi-gordo-scot-consultoria,301.0,boi-gordo-b3-prego-regular,2026-02,344.75,344.75,,-43.75,,-12.690355329949238
2026-02-12,TO Sul,,boi-gordo-scot-consultoria,301.0,boi-gordo-b3-prego-regular,2026-02,344.75,344.75,,-43.75,,-12.690355329949238
2026-02-13,Acre,AC,boi-gordo-scot-consultoria,273.6666666666667,boi-gordo-b3-prego-regular,2026-02,344.75,344.75,,-71.08333333333331,,-20.61880589799371
2026-02-13,Alagoas,AL,boi-gordo-scot-consultoria,304.3333333333333,boi-gordo-b3-prego-regular,2026-02,344.75,344.75,,-40.416666666666686,,-11.723471114334064
2026-02-13,BA Oeste,,boi-gordo-scot-consultoria,301.6666666666667,boi-gordo-b3-prego-regular,2026-02,344.75,344.75,,-43.083333333333314,,-12.496978486826197
2026-02-13,BA Sul,,boi-gordo-scot-consultoria,300.0,boi-gordo-b3-prego-regular,2026-02,344.75,344.75,,-44.75,,-12.980420594633793
2026-02-13,ES,,boi-gordo-scot-consultoria,306.6666666666667,boi-gordo-b3-prego-regular,2026-02,344.75,344.75,,-38.083333333333314,,-11.046652163403428
2026-02-13,GO Goiânia,,boi-gordo-scot-consultoria,312.0,boi-gordo-b3-prego-regular,2026-02,344.75,344.75,,-32.75,,-9.499637418419145
2026-02-13,GO Reg. Sul,,boi-gordo-scot-consultoria,307.6666666666667,boi-gordo-b3-prego-regular,2026-02,344.75,344.75,,-37.083333333333314,,-10.756586898718872
2026-02-13,Indicador ESALQ/SP,SP,boi-gordo-indicador-esalq-bmf,344.05,boi-gordo-b3-prego-regular,2026-02,344.75,344.75,,-0.6999999999999886,,-0.20304568527918454
2026-02-13,MA Oeste,,boi-gordo-scot-consultoria,301.0,boi-gordo-b3-prego-regular,2026-02,344.75,344.75,,-43.75,,-12.690355329949238
2026-02-13,MG B.Horizonte,,boi-gordo-scot-consultoria,315.6666666666667,boi-gordo-b3-prego-regular,2026-02,344.75,344.75,,-29.083333333333314,,-8.43606478124244
2026-02-13,MG Norte,,boi-gordo-scot-consultoria,310.0,boi-gordo-b3-prego-regular,2026-02,344.75,344.75,,-34.75,,-10.079767947788252
2026-02-13,MG Sul,,boi-gordo-scot-consultoria,311.0,boi-gordo-b3-prego-regular,2026-02,344.75,344.75,,-33.75,,-9.789702683103698
2026-02-13,MG Triângulo,,boi-gordo-scot-consultoria,313.0,boi-gordo-b3-prego-regular,2026-02,344.75,344.75,,-31.75,,-9.209572153734591
2026-02-13,MS C. Grande,,boi-gordo-scot-consultoria,312.6666666666667,boi-gordo-b3-prego-regular,2026-02,344.75,344.75,,-32.083333333333314,,-9.306260575296104
2026-02-13,MS Dourados,,boi-gordo-scot-consultoria,312.0,boi-gordo-b3-prego-regular,2026-02,344.75,344.75,,-32.75,,-9.499637418419145
2026-02-13,MS Três Lagoas,,boi-gordo-scot-consultoria,311.6666666666667,boi-gordo-b3-prego-regular,2026-02,344.75,344.75,,-33.083333333333314,,-9.596325839980658
2026-02-13,MT Cuiabá*,,boi-gordo-scot-consultoria,309.3333333333333,boi-gordo-b3-prego-regular,2026-02,344.75,344.75,,-35.416666666666686,,-10.273144790911294
2026-02-13,MT Norte,,boi-gordo-scot-consultoria,306.0,boi-gordo-b3-prego-regular,2026-02,344.75,344.75,,-38.75,,-11.240029006526468
2026-02-13,MT Sudeste,,boi-gordo-scot-consultoria,305.6666666666667,boi-gordo-b3-prego-regular,2026-02,344.75,344.75,,-39.083333333333314,,-11.336717428087981
2026-02-13,MT Sudoeste,,boi-gordo-scot-consultoria,307.6666666666667,boi-gordo-b3-prego-regular,2026-02,344.75,344.75,,-37.083333333333314,,-10.756586898718872
2026-02-13,PA Marabá,,boi-gordo-scot-consultoria,303.0,boi-gordo-b3-prego-regular,2026-02,344.75,344.75,,-41.75,,-12.11022480058013
2026-02-13,PA Paragominas,,boi-gordo-scot-consultoria,308.0,boi-gordo-b3-prego-regular,2026-02,344.75,344.75,,-36.75,,-10.65989847715736
2026-02-13,PA Redenção,,boi-gordo-scot-consultoria,302.0,boi-gordo-b3-prego-regular,2026-02,344.75,344.75,,-42.75,,-12.400290065264684
2026-02-13,PR Noroeste,,boi-gordo-scot-consultoria,328.1666666666667,boi-gordo-b3-prego-regular,2026-02,344.75,344.75,,-16.583333333333314,,-4.810248972685515
2026-02-13,RJ,,boi-gordo-scot-consultoria,320.8333333333333,boi-gordo-b3-prego-regular,2026-02,344.75,344.75,,-23.916666666666686,,-6.937394247038922
2026-02-13,RO Sudeste,,boi-gordo-scot-consultoria,287.8333333333333,boi-gordo-b3-prego-regular,2026-02,344.75,344.75,,-56.916666666666686,,-16.509547981629204
2026-02-13,RS Oeste,,boi-gordo-scot-consultoria,164.75,boi-gordo-b3-prego-regular,2026-02,344.75,344.75,,-180.0,,-52.21174764321972
2026-02-13,RS Pelotas,,boi-gordo-scot-consultoria,161.25,boi-gordo-b3-prego-regular,2026-02,344.75,344.75,,-183.5,,-53.22697606961566
2026-02-13,Roraima,RR,boi-gordo-scot-consultoria,284.1666666666667,boi-gordo-b3-prego-regular,2026-02,344.75,344.75,,-60.583333333333314,,-17.573120618805895
2026-02-13,SC,,boi-gordo-scot-consultoria,329.1666666666667,boi-gordo-b3-prego-regular,2026-02,344.75,344.75,,-15.583333333333314,,-4.520183708000961
2026-02-13,SP Araçatuba,,boi-gordo-scot-consultoria,334.1666666666667,boi-gordo-b3-prego-regular,2026-02,344.75,344.75,,-10.583333333333314,,-3.0698573845781914
2026-02-13,SP Barretos,,boi-gordo-scot-consultoria,334.1666666666667,boi-gordo-b3-prego-regular,2026-02,344.75,344.75,,-10.583333333333314,,-3.0698573845781914
2026-02-13,TO Norte,,boi-gordo-scot-consultoria,301.0,boi-gordo-b3-prego-regular,2026-02,344.75,344.75,,-43.75,,-12.690355329949238
2026-02-13,TO Sul,,boi-gordo-scot-consultoria,301.0,boi-gordo-b3-prego-regular,2026-02,344.75,344.75,,-43.75,,-12.690355329949238
2026-02-18,Indicador ESALQ/SP,SP,boi-gordo-indicador-esalq-bmf,343.9,boi-gordo-b3-prego-regular,2026-02,345.5,345.5,,-1.6000000000000227,,-0.4630969609262005
2026-02-19,Acre,AC,boi-gordo-scot-consultoria,273.6666666666667,boi-gordo-b3-prego-regular,2026-02,345.3,345.3,,-71.63333333333333,,-20.74524568008495
2026-02-19,Alagoas,AL,boi-gordo-scot-consultoria,306.3333333333333,boi-gordo-b3-prego-regular,2026-02,345.3,345.3,,-38.9666666666667,,-11.284873057244917
2026-02-19,BA Oeste,,boi-gordo-scot-consultoria,305.0,boi-gordo-b3-prego-regular,2026-02,345.3,345.3,,-40.30000000000001,,-11.671010715320014
2026-02-19,BA Sul,,boi-gordo-scot-consultoria,301.3333333333333,boi-gordo-b3-prego-regular,2026-02,345.3,345.3,,-43.9666666666667,,-12.732889275026555
2026-02-19,ES,,boi-gordo-scot-consultoria,306.6666666666667,boi-gordo-b3-prego-regular,2026-02,345.3,345.3,,-38.633333333333326,,-11.18833864272613
2026-02-19,GO Goiânia,,boi-gordo-scot-consultoria,314.3333333333333,boi-gordo-b3-prego-regular,2026-02,345.3,345.3,,-30.966666666666697,,-8.968047108794295
2026-02-19,GO Reg. Sul,,boi-gordo-scot-consultoria,309.6666666666667,boi-gordo-b3-prego-regular,2026-02,345.3,345.3,,-35.633333333333326,,-10.319528912057146
2026-02-19,Indicador ESALQ/SP,SP,boi-gordo-indicador-esalq-bmf,345.4,boi-gordo-b3-prego-regular,2026-02,345.3,345.3,,0.0999999999999659,,0.028960324355622905
2026-02-19,MA Oeste,,boi-gordo-scot-consultoria,304.3333333333333,boi-gordo-b3-prego-regular,2026-02,345.3,345.3,,-40.9666666666667,,-11.864079544357573
2026-02-19,MG B.Horizonte,,boi-gordo-scot-consultoria,316.3333333333333,boi-gordo-b3-prego-regular,2026-02,345.3,345.3,,-28.966666666666697,,-8.388840621681638
2026-02-19,MG Norte,,boi-gordo-scot-consultoria,314.0,boi-gordo-b3-prego-regular,2026-02,345.3,345.3,,-31.30000000000001,,-9.064581523313064
2026-02-19,MG Sul,,boi-gordo-scot-consultoria,311.0,boi-gordo-b3-prego-regular,2026-02,345.3,345.3,,-34.30000000000001,,-9.933391253982048
2026-02-19,MG Triângulo,,boi-gordo-scot-consultoria,314.0,boi-gordo-b3-prego-regular,2026-02,345.3,345.3,,-31.30000000000001,,-9.064581523313064
2026-02-19,MS C. Grande,,boi-gordo-scot-consultoria,315.8333333333333,boi-gordo-b3-prego-regular,2026-02,345.3,345.3,,-29.466666666666697,,-8.533642243459802
2026-02-19,MS Dourados,,boi-gordo-scot-consultoria,315.1666666666667,boi-gordo-b3-prego-regular,2026-02,345.3,345.3,,-30.133333333333326,,-8.726711072497343
2026-02-19,MS Três Lagoas,,boi-gordo-scot-consultoria,314.8333333333333,boi-gordo-b3-prego-regular,2026-02,345.3,345.3,,-30.466666666666697,,-8.823245487016129
2026-02-19,MT Cuiabá*,,boi-gordo-scot-consultoria,312.6666666666667,boi-gordo-b3-prego-regular,2026-02,345.3,345.3,,-32.633333333333326,,-9.450719181388163
2026-02-19,MT Norte,,boi-gordo-scot-consultoria,311.0,boi-gordo-b3-prego-regular,2026-02,345.3,345.3,,-34.30000000000001,,-9.933391253982048
2026-02-19,MT Sudeste,,boi-gordo-scot-consultoria,312.3333333333333,boi-gordo-b3-prego-regular,2026-02,345.3,345.3,,-32.9666666666667,,-9.547253595906948
2026-02-19,MT Sudoeste,,boi-gordo-scot-consultoria,314.1666666666667,boi-gordo-b3-prego-regular,2026-02,345.3,345.3,,-31.133333333333326,,-9.016314316053672
2026-02-19,PA Marabá,,boi-gordo-scot-consultoria,304.6666666666667,boi-gordo-b3-prego-regular,2026-02,345.3,345.3,,-40.633333333333326,,-11.767545129838783
2026-02-19,PA Paragominas,,boi-gordo-scot-consultoria,308.6666666666667,boi-gordo-b3-prego-regular,2026-02,345.3,345.3,,-36.633333333333326,,-10.609132155613473
2026-02-19,PA Redenção,,boi-gordo-scot-consultoria,304.0,boi-gordo-b3-prego-regular,2026-02,345.3,345.3,,-41.30000000000001,,-11.960613958876342
2026-02-19,PR Noroeste,,boi-gordo-scot-consultoria,328.1666666666667,boi-gordo-b3-prego-regular,2026-02,345.3,345.3,,-17.133333333333326,,-4.961868906265081
2026-02-19,RJ,,boi-gordo-scot-consultoria,324.1666666666667,boi-gordo-b3-prego-regular,2026-02,345.3,345.3,,-21.133333333333326,,-6.120281880490393
2026-02-19,RO Sudeste,,boi-gordo-scot-consultoria,291.1666666666667,boi-gordo-b3-prego-regular,2026-02,345.3,345.3,,-54.133333333333326,,-15.677188917849211
2026-02-19,RS Oeste,,boi-gordo-scot-consultoria,165.0,boi-gordo-b3-prego-regular,2026-02,345.3,345.3,,-180.3,,-52.21546481320591
2026-02-19,RS Pelotas,,boi-gordo-scot-consultoria,161.25,boi-gordo-b3-prego-regular,2026-02,345.3,345.3,,-184.05,,-53.30147697654214
2026-02-19,Roraima,RR,boi-gordo-scot-consultoria,284.1666666666667,boi-gordo-b3-prego-regular,2026-02,345.3,345.3,,-61.133333333333326,,-17.704411622743503
2026-02-19,SC,,boi-gordo-scot-consultoria,332.5,boi-gordo-b3-prego-regular,2026-02,345.3,345.3,,-12.800000000000011,,-3.7069215175209993
2026-02-19,SP Araçatuba,,boi-gordo-scot-consultoria,334.1666666666667,boi-gordo-b3-prego-regular,2026-02,345.3,345.3,,-11.133333333333326,,-3.2242494449271146
2026-02-19,SP Barretos,,boi-gordo-scot-consultoria,334.1666666666667,boi-gordo-b3-prego-regular,2026-02,345.3,345.3,,-11.133333333333326,,-3.2242494449271146
2026-02-19,TO Norte,,boi-gordo-scot-consultoria,304.0,boi-gordo-b3-prego-regular,2026-02,345.3,345.3,,-41.30000000000001,,-11.960613958876342
2026-02-19,TO Sul,,boi-gordo-scot-consultoria,301.0,boi-gordo-b3-prego-regular,2026-02,345.3,345.3,,-44.30000000000001,,-12.829423689545324
2026-02-20,Acre,AC,boi-gordo-scot-consultoria,274.6666666666667,boi-gordo-b3-prego-regular,2026-02,349.5,349.5,,-74.83333333333331,,-21.411540295660462
2026-02-20,Alagoas,AL,boi-gordo-scot-consultoria,309.3333333333333,boi-gordo-b3-prego-regular,2026-02,349.5,349.5,,-40.166666666666686,,-11.492608488316648
2026-02-20,BA Oeste,,boi-gordo-scot-consultoria,305.0,boi-gordo-b3-prego-regular,2026-02,349.5,349.5,,-44.5,,-12.732474964234623
2026-02-20,BA Sul,,boi-gordo-scot-consultoria,301.3333333333333,boi-gordo-b3-prego-regular,2026-02,349.5,349.5,,-48.166666666666686,,-13.781592751549839
2026-02-20,ES,,boi-gordo-scot-consultoria,306.6666666666667,boi-gordo-b3-prego-regular,2026-02,349.5,349.5,,-42.833333333333314,,-12.255603242727702
2026-02-20,GO Goiânia,,boi-gordo-scot-consultoria,315.1666666666667,boi-gordo-b3-prego-regular,2026-02,349.5,349.5,,-34.333333333333314,,-9.823557463042436
2026-02-20,GO Reg. Sul,,boi-gordo-scot-consultoria,310.6666666666667,boi-gordo-b3-prego-regular,2026-02,349.5,349.5,,-38.833333333333314,,-11.111111111111107
2026-02-20,Indicador ESALQ/SP,SP,boi-gordo-indicador-esalq-bmf,348.55,boi-gordo-b3-prego-regular,2026-02,349.5,349.5,,-0.9499999999999886,,-0.27181688125893805
2026-02-20,MA Oeste,,boi-gordo-scot-consultoria,306.0,boi-gordo-b3-prego-regular,2026-02,349.5,349.5,,-43.5,,-12.446351931330472
2026-02-20,MG B.Horizonte,,boi-gordo-scot-consultoria,317.5,boi-gordo-b3-prego-regular,2026-02,349.5,349.5,,-32.0,,-9.15593705293276
2026-02-20,MG Norte,,boi-gordo-scot-consultoria,315.8333333333333,boi-gordo-b3-prego-regular,2026-02,349.5,349.5,,-33.666666666666686,,-9.632808774439681
2026-02-20,MG Sul,,boi-gordo-scot-consultoria,314.1666666666667,boi-gordo-b3-prego-regular,2026-02,349.5,349.5,,-35.333333333333314,,-10.109680495946586
2026-02-20,MG Triângulo,,boi-gordo-scot-consultoria,315.8333333333333,boi-gordo-b3-prego-regular,2026-02,349.5,349.5,,-33.666666666666686,,-9.632808774439681
2026-02-20,MS C. Grande,,boi-gordo-scot-consultoria,317.1666666666667,boi-gordo-b3-prego-regular,2026-02,349.5,349.5,,-32.333333333333314,,-9.251311397234138
2026-02-20,MS Dourados,,boi-gordo-scot-consultoria,315.1666666666667,boi-gordo-b3-prego-regular,2026-02,349.5,349.5,,-34.333333333333314,,-9.823557463042436
2026-02-20,MS Três Lagoas,,boi-gordo-scot-consultoria,314.8333333333333,boi-gordo-b3-prego-regular,2026-02,349.5,349.5,,-34.666666666666686,,-9.91893180734383
2026-02-20,MT Cuiabá*,,boi-gordo-scot-consultoria,315.8333333333333,boi-gordo-b3-prego-regular,2026-02,349.5,349.5,,-33.666666666666686,,-9.632808774439681
2026-02-20,MT Norte,,boi-gordo-scot-consultoria,314.1666666666667,boi-gordo-b3-prego-regular,2026-02,349.5,349.5,,-35.333333333333314,,-10.109680495946586
2026-02-20,MT Sudeste,,boi-gordo-scot-consultoria,314.1666666666667,boi-gordo-b3-prego-regular,2026-02,349.5,349.5,,-35.333333333333314,,-10.109680495946586
2026-02-20,MT Sudoeste,,boi-gordo-scot-consultoria,315.5,boi-gordo-b3-prego-regular,2026-02,349.5,349.5,,-34.0,,-9.72818311874106
2026-02-20,PA Marabá,,boi-gordo-scot-consultoria,306.0,boi-gordo-b3-prego-regular,2026-02,349.5,349.5,,-43.5,,-12.446351931330472
2026-02-20,PA Paragominas,,boi-gordo-scot-consultoria,311.0,boi-gordo-b3-prego-regular,2026-02,349.5,349.5,,-38.5,,-11.015736766809727
2026-02-20,PA Redenção,,boi-gordo-scot-consultoria,304.0,boi-gordo-b3-prego-regular,2026-02,349.5,349.5,,-45.5,,-13.01859799713877
2026-02-20,PR Noroeste,,boi-gordo-scot-consultoria,333.1666666666667,boi-gordo-b3-prego-regular,2026-02,349.5,349.5,,-16.333333333333314,,-4.673342870767758
2026-02-20,RJ,,boi-gordo-scot-consultoria,325.8333333333333,boi-gordo-b3-prego-regular,2026-02,349.5,349.5,,-23.666666666666686,,-6.771578445398194
2026-02-20,RO Sudeste,,boi-gordo-scot-consultoria,293.1666666666667,boi-gordo-b3-prego-regular,2026-02,349.5,349.5,,-56.333333333333314,,-16.118264186933708
2026-02-20,RS Oeste,,boi-gordo-scot-consultoria,168.0,boi-gordo-b3-prego-regular,2026-02,349.5,349.5,,-181.5,,-51.931330472103
2026-02-20,RS Pelotas,,boi-gordo-scot-consultoria,163.25,boi-gordo-b3-prego-regular,2026-02,349.5,349.5,,-186.25,,-53.290414878397705
2026-02-20,Roraima,RR,boi-gordo-scot-consultoria,284.1666666666667,boi-gordo-b3-prego-regular,2026-02,349.5,349.5,,-65.33333333333331,,-18.693371483071047
2026-02-20,SC,,boi-gordo-scot-consultoria,332.5,boi-gordo-b3-prego-regular,2026-02,349.5,349.5,,-17.0,,-4.86409155937053
2026-02-20,SP Araçatuba,,boi-gordo-scot-consultoria,337.0,boi-gordo-b3-prego-regular,2026-02,349.5,349.5,,-12.5,,-3.5765379113018603
2026-02-20,SP Barretos,,boi-gordo-scot-consultoria,337.0,boi-gordo-b3-prego-regular,2026-02,349.5,349.5,,-12.5,,-3.5765379113018603
2026-02-20,TO Norte,,boi-gordo-scot-consultoria,308.0,boi-gordo-b3-prego-regular,2026-02,349.5,349.5,,-41.5,,-11.874105865522175
2026-02-20,TO Sul,,boi-gordo-scot-consultoria,303.0,boi-gordo-b3-prego-regular,2026-02,349.5,349.5,,-46.5,,-13.304721030042918
2026-02-23,Acre,AC,boi-gordo-scot-consultoria,276.5,boi-gordo-b3-prego-regular,2026-02,349.9,349.9,,-73.39999999999998,,-20.977422120605883
2026-02-23,Alagoas,AL,boi-gordo-scot-consultoria,311.0,boi-gordo-b3-prego-regular,2026-02,349.9,349.9,,-38.89999999999998,,-11.11746213203772
2026-02-23,BA Oeste,,boi-gordo-scot-consultoria,305.6666666666667,boi-gordo-b3-prego-regular,2026-02,349.9,349.9,,-44.23333333333329,,-12.641707154425063
2026-02-23,BA Sul,,boi-gordo-scot-consultoria,302.3333333333333,boi-gordo-b3-prego-regular,2026-02,349.9,349.9,,-47.56666666666666,,-13.594360293417166
2026-02-23,ES,,boi-gordo-scot-consultoria,306.6666666666667,boi-gordo-b3-prego-regular,2026-02,349.9,349.9,,-43.23333333333329,,-12.355911212727435
2026-02-23,GO Goiânia,,boi-gordo-scot-consultoria,316.5,boi-gordo-b3-prego-regular,2026-02,349.9,349.9,,-33.39999999999998,,-9.545584452700766
2026-02-23,GO Reg. Sul,,boi-gordo-scot-consultoria,312.6666666666667,boi-gordo-b3-prego-regular,2026-02,349.9,349.9,,-37.23333333333329,,-10.641135562541667
2026-02-23,Indicador ESALQ/SP,SP,boi-gordo-indicador-esalq-bmf,349.75,boi-gordo-b3-prego-regular,2026-02,349.9,349.9,,-0.14999999999997726,,-0.04286939125463769
2026-02-23,MA Oeste,,boi-gordo-scot-consultoria,311.0,boi-gordo-b3-prego-regular,2026-02,349.9,349.9,,-38.89999999999998,,-11.11746213203772
2026-02-23,MG B.Horizonte,,boi-gordo-scot-consultoria,321.5,boi-gordo-b3-prego-regular,2026-02,349.9,349.9,,-28.399999999999977,,-8.116604744212626
2026-02-23,MG Norte,,boi-gordo-scot-consultoria,317.1666666666667,boi-gordo-b3-prego-regular,2026-02,349.9,349.9,,-32.73333333333329,,-9.355053824902342
2026-02-23,MG Sul,,boi-gordo-scot-consultoria,317.1666666666667,boi-gordo-b3-prego-regular,2026-02,349.9,349.9,,-32.73333333333329,,-9.355053824902342
2026-02-23,MG Triângulo,,boi-gordo-scot-consultoria,319.8333333333333,boi-gordo-b3-prego-regular,2026-02,349.9,349.9,,-30.066666666666663,,-8.592931313708679
2026-02-23,MS C. Grande,,boi-gordo-scot-consultoria,317.1666666666667,boi-gordo-b3-prego-regular,2026-02,349.9,349.9,,-32.73333333333329,,-9.355053824902342
2026-02-23,MS Dourados,,boi-gordo-scot-consultoria,317.1666666666667,boi-gordo-b3-prego-regular,2026-02,349.9,349.9,,-32.73333333333329,,-9.355053824902342
2026-02-23,MS Três Lagoas,,boi-gordo-scot-consultoria,314.8333333333333,boi-gordo-b3-prego-regular,2026-02,349.9,349.9,,-35.06666666666666,,-10.021911022196818
2026-02-23,MT Cuiabá*,,boi-gordo-scot-consultoria,317.1666666666667,boi-gordo-b3-prego-regular,2026-02,349.9,349.9,,-32.73333333333329,,-9.355053824902342
2026-02-23,MT Norte,,boi-gordo-scot-consultoria,315.8333333333333,boi-gordo-b3-prego-regular,2026-02,349.9,349.9,,-34.06666666666666,,-9.73611508049919
2026-02-23,MT Sudeste,,boi-gordo-scot-consultoria,317.1666666666667,boi-gordo-b3-prego-regular,2026-02,349.9,349.9,,-32.73333333333329,,-9.355053824902342
2026-02-23,MT Sudoeste,,boi-gordo-scot-consultoria,317.1666666666667,boi-gordo-b3-prego-regular,2026-02,349.9,349.9,,-32.73333333333329,,-9.355053824902342
2026-02-23,PA Marabá,,boi-gordo-scot-consultoria,306.0,boi-gordo-b3-prego-regular,2026-02,349.9,349.9,,-43.89999999999998,,-12.54644184052586
2026-02-23,PA Paragominas,,boi-gordo-scot-consultoria,311.0,boi-gordo-b3-prego-regular,2026-02,349.9,349.9,,-38.89999999999998,,-11.11746213203772
2026-02-23,PA Redenção,,boi-gordo-scot-consultoria,304.6666666666667,boi-gordo-b3-prego-regular,2026-02,349.9,349.9,,-45.23333333333329,,-12.927503096122692
2026-02-23,PR Noroeste,,boi-gordo-scot-consultoria,334.5,boi-gordo-b3-prego-regular,2026-02,349.9,349.9,,-15.399999999999977,,-4.401257502143463
2026-02-23,RJ,,boi-gordo-scot-consultoria,327.1666666666667,boi-gordo-b3-prego-regular,2026-02,349.9,349.9,,-22.73333333333329,,-6.497094407926063
2026-02-23,RO Sudeste,,boi-gordo-scot-consultoria,294.5,boi-gordo-b3-prego-regular,2026-02,349.9,349.9,,-55.39999999999998,,-15.83309517004858
2026-02-23,RS Oeste,,boi-gordo-scot-consultoria,168.5,boi-gordo-b3-prego-regular,2026-02,349.9,349.9,,-181.39999999999998,,-51.843383823949694
2026-02-23,RS Pelotas,,boi-gordo-scot-consultoria,163.25,boi-gordo-b3-prego-regular,2026-02,349.9,349.9,,-186.64999999999998,,-53.34381251786225
2026-02-23,Roraima,RR,boi-gordo-scot-consultoria,284.1666666666667,boi-gordo-b3-prego-regular,2026-02,349.9,349.9,,-65.73333333333329,,-18.786319900924063
2026-02-23,SC,,boi-gordo-scot-consultoria,333.1666666666667,boi-gordo-b3-prego-regular,2026-02,349.9,349.9,,-16.73333333333329,,-4.7823187577402955
2026-02-23,SP Araçatuba,,boi-gordo-scot-consultoria,337.0,boi-gordo-b3-prego-regular,2026-02,349.9,349.9,,-12.899999999999977,,-3.686767647899394
2026-02-23,SP Barretos,,boi-gordo-scot-consultoria,337.0,boi-gordo-b3-prego-regular,2026-02,349.9,349.9,,-12.899999999999977,,-3.686767647899394
2026-02-23,TO Norte,,boi-gordo-scot-consultoria,308.6666666666667,boi-gordo-b3-prego-regular,2026-02,349.9,349.9,,-41.23333333333329,,-11.78431932933218
2026-02-23,TO Sul,,boi-gordo-scot-consultoria,303.6666666666667,boi-gordo-b3-prego-regular,2026-02,349.9,349.9,,-46.23333333333329,,-13.21329903782032
2026-02-24,Acre,AC,boi-gordo-scot-consultoria,280.1666666666667,boi-gordo-b3-prego-regular,2026-02,350.6,350.6,,-70.43333333333334,,-20.089370602776192
2026-02-24,Alagoas,AL,boi-gordo-scot-consultoria,312.6666666666667,boi-gordo-b3-prego-regular,2026-02,350.6,350.6,,-37.93333333333334,,-10.819547442479559
2026-02-24,BA Oeste,,boi-gordo-scot-consultoria,308.3333333333333,boi-gordo-b3-prego-regular,2026-02,350.6,350.6,,-42.26666666666671,,-12.055523863852455
2026-02-24,BA Sul,,boi-gordo-scot-consultoria,304.3333333333333,boi-gordo-b3-prego-regular,2026-02,350.6,350.6,,-46.26666666666671,,-13.196425175888962
2026-02-24,ES,,boi-gordo-scot-consultoria,307.6666666666667,boi-gordo-b3-prego-regular,2026-02,350.6,350.6,,-42.93333333333334,,-12.245674082525197
2026-02-24,GO Goiânia,,boi-gordo-scot-consultoria,318.8333333333333,boi-gordo-b3-prego-regular,2026-02,350.6,350.6,,-31.76666666666671,,-9.060657919756618
2026-02-24,GO Reg. Sul,,boi-gordo-scot-consultoria,315.6666666666667,boi-gordo-b3-prego-regular,2026-02,350.6,350.6,,-34.93333333333334,,-9.963871458452179
2026-02-24,Indicador ESALQ/SP,SP,boi-gordo-indicador-esalq-bmf,350.1,boi-gordo-b3-prego-regular,2026-02,350.6,350.6,,-0.5,,-0.1426126640045636
2026-02-24,MA Oeste,,boi-gordo-scot-consultoria,312.3333333333333,boi-gordo-b3-prego-regular,2026-02,350.6,350.6,,-38.26666666666671,,-10.914622551815945
2026-02-24,MG B.Horizonte,,boi-gordo-scot-consultoria,322.5,boi-gordo-b3-prego-regular,2026-02,350.6,350.6,,-28.100000000000023,,-8.014831717056481
2026-02-24,MG Norte,,boi-gordo-scot-consultoria,317.1666666666667,boi-gordo-b3-prego-regular,2026-02,350.6,350.6,,-33.43333333333334,,-9.536033466438488
2026-02-24,MG Sul,,boi-gordo-scot-consultoria,319.1666666666667,boi-gordo-b3-prego-regular,2026-02,350.6,350.6,,-31.433333333333337,,-8.965582810420232
2026-02-24,MG Triângulo,,boi-gordo-scot-consultoria,320.8333333333333,boi-gordo-b3-prego-regular,2026-02,350.6,350.6,,-29.76666666666671,,-8.490207263738364
2026-02-24,MS C. Grande,,boi-gordo-scot-consultoria,319.1666666666667,boi-gordo-b3-prego-regular,2026-02,350.6,350.6,,-31.433333333333337,,-8.965582810420232
2026-02-24,MS Dourados,,boi-gordo-scot-consultoria,320.8333333333333,boi-gordo-b3-prego-regular,2026-02,350.6,350.6,,-29.76666666666671,,-8.490207263738364
2026-02-24,MS Três Lagoas,,boi-gordo-scot-consultoria,318.1666666666667,boi-gordo-b3-prego-regular,2026-02,350.6,350.6,,-32.43333333333334,,-9.25080813842936
2026-02-24,MT Cuiabá*,,boi-gordo-scot-consultoria,320.1666666666667,boi-gordo-b3-prego-regular,2026-02,350.6,350.6,,-30.433333333333337,,-8.680357482411106
2026-02-24,MT Norte,,boi-gordo-scot-consultoria,320.8333333333333,boi-gordo-b3-prego-regular,2026-02,350.6,350.6,,-29.76666666666671,,-8.490207263738364
2026-02-24,MT Sudeste,,boi-gordo-scot-consultoria,320.8333333333333,boi-gordo-b3-prego-regular,2026-02,350.6,350.6,,-29.76666666666671,,-8.490207263738364
2026-02-24,MT Sudoeste,,boi-gordo-scot-consultoria,319.1666666666667,boi-gordo-b3-prego-regular,2026-02,350.6,350.6,,-31.433333333333337,,-8.965582810420232
2026-02-24,PA Marabá,,boi-gordo-scot-consultoria,307.3333333333333,boi-gordo-b3-prego-regular,2026-02,350.6,350.6,,-43.26666666666671,,-12.340749191861581
2026-02-24,PA Paragominas,,boi-gordo-scot-consultoria,311.0,boi-gordo-b3-prego-regular,2026-02,350.6,350.6,,-39.60000000000002,,-11.294922989161444
2026-02-24,PA Redenção,,boi-gordo-scot-consultoria,306.0,boi-gordo-b3-prego-regular,2026-02,350.6,350.6,,-44.60000000000002,,-12.721049629207078
2026-02-24,PR Noroeste,,boi-gordo-scot-consultoria,337.5,boi-gordo-b3-prego-regular,2026-02,350.6,350.6,,-13.100000000000023,,-3.7364517969195723
2026-02-24,RJ,,boi-gordo-scot-consultoria,327.1666666666667,boi-gordo-b3-prego-regular,2026-02,350.6,350.6,,-23.433333333333337,,-6.683780186347215
2026-02-24,RO Sudeste,,boi-gordo-scot-consultoria,296.0,boi-gordo-b3-prego-regular,2026-02,350.6,350.6,,-54.60000000000002,,-15.57330290929835
2026-02-24,RS Oeste,,boi-gordo-scot-consultoria,169.0,boi-gordo-b3-prego-regular,2026-02,350.6,350.6,,-181.60000000000002,,-51.7969195664575
2026-02-24,RS Pelotas,,boi-gordo-scot-consultoria,164.25,boi-gordo-b3-prego-regular,2026-02,350.6,350.6,,-186.35000000000002,,-53.15173987450086
2026-02-24,Roraima,RR,boi-gordo-scot-consultoria,285.8333333333333,boi-gordo-b3-prego-regular,2026-02,350.6,350.6,,-64.76666666666671,,-18.473093744057817
2026-02-24,SC,,boi-gordo-scot-consultoria,334.8333333333333,boi-gordo-b3-prego-regular,2026-02,350.6,350.6,,-15.766666666666708,,-4.497052671610584
2026-02-24,SP Araçatuba,,boi-gordo-scot-consultoria,339.0,boi-gordo-b3-prego-regular,2026-02,350.6,350.6,,-11.600000000000023,,-3.308613804905882
2026-02-24,SP Barretos,,boi-gordo-scot-consultoria,339.0,boi-gordo-b3-prego-regular,2026-02,350.6,350.6,,-11.600000000000023,,-3.308613804905882
2026-02-24,TO Norte,,boi-gordo-scot-consultoria,310.0,boi-gordo-b3-prego-regular,2026-02,350.6,350.6,,-40.60000000000002,,-11.58014831717057
2026-02-24,TO Sul,,boi-gordo-scot-consultoria,306.0,boi-gordo-b3-prego-regular,2026-02,350.6,350.6,,-44.60000000000002,,-12.721049629207078
2026-02-25,Acre,AC,boi-gordo-scot-consultoria,283.5,boi-gordo-b3-prego-regular,2026-02,350.25,350.25,,-66.75,,-19.05781584582441
2026-02-25,Alagoas,AL,boi-gordo-scot-consultoria,315.8333333333333,boi-gordo-b3-prego-regular,2026-02,350.25,350.25,,-34.416666666666686,,-9.826314537235312
2026-02-25,BA Oeste,,boi-gordo-scot-consultoria,308.3333333333333,boi-gordo-b3-prego-regular,2026-02,350.25,350.25,,-41.916666666666686,,-11.967642160361653
2026-02-25,BA Sul,,boi-gordo-scot-consultoria,304.3333333333333,boi-gordo-b3-prego-regular,2026-02,350.25,350.25,,-45.916666666666686,,-13.109683559362365
2026-02-25,ES,,boi-gordo-scot-consultoria,311.0,boi-gordo-b3-prego-regular,2026-02,350.25,350.25,,-39.25,,-11.206281227694504
2026-02-25,GO Goiânia,,boi-gordo-scot-consultoria,318.8333333333333,boi-gordo-b3-prego-regular,2026-02,350.25,350.25,,-31.416666666666686,,-8.969783487984778
2026-02-25,GO Reg. Sul,,boi-gordo-scot-consultoria,317.5,boi-gordo-b3-prego-regular,2026-02,350.25,350.25,,-32.75,,-9.350463954318345
2026-02-25,Indicador ESALQ/SP,SP,boi-gordo-indicador-esalq-bmf,351.0,boi-gordo-b3-prego-regular,2026-02,350.25,350.25,,0.75,,0.21413276231263384
2026-02-25,MA Oeste,,boi-gordo-scot-consultoria,312.3333333333333,boi-gordo-b3-prego-regular,2026-02,350.25,350.25,,-37.916666666666686,,-10.825600761360938
2026-02-25,MG B.Horizonte,,boi-gordo-scot-consultoria,323.8333333333333,boi-gordo-b3-prego-regular,2026-02,350.25,350.25,,-26.416666666666686,,-7.542231739233886
2026-02-25,MG Norte,,boi-gordo-scot-consultoria,321.5,boi-gordo-b3-prego-regular,2026-02,350.25,350.25,,-28.75,,-8.20842255531763
2026-02-25,MG Sul,,boi-gordo-scot-consultoria,319.1666666666667,boi-gordo-b3-prego-regular,2026-02,350.25,350.25,,-31.083333333333314,,-8.874613371401374
2026-02-25,MG Triângulo,,boi-gordo-scot-consultoria,320.8333333333333,boi-gordo-b3-prego-regular,2026-02,350.25,350.25,,-29.416666666666686,,-8.39876278848442
2026-02-25,MS C. Grande,,boi-gordo-scot-consultoria,320.1666666666667,boi-gordo-b3-prego-regular,2026-02,350.25,350.25,,-30.083333333333314,,-8.589103021651196
2026-02-25,MS Dourados,,boi-gordo-scot-consultoria,320.8333333333333,boi-gordo-b3-prego-regular,2026-02,350.25,350.25,,-29.416666666666686,,-8.39876278848442
2026-02-25,MS Três Lagoas,,boi-gordo-scot-consultoria,319.1666666666667,boi-gordo-b3-prego-regular,2026-02,350.25,350.25,,-31.083333333333314,,-8.874613371401374
2026-02-25,MT Cuiabá*,,boi-gordo-scot-consultoria,322.8333333333333,boi-gordo-b3-prego-regular,2026-02,350.25,350.25,,-27.416666666666686,,-7.827742088984064
2026-02-25,MT Norte,,boi-gordo-scot-consultoria,320.8333333333333,boi-gordo-b3-prego-regular,2026-02,350.25,350.25,,-29.416666666666686,,-8.39876278848442
2026-02-25,MT Sudeste,,boi-gordo-scot-consultoria,322.1666666666667,boi-gordo-b3-prego-regular,2026-02,350.25,350.25,,-28.083333333333314,,-8.018082322150839
2026-02-25,MT Sudoeste,,boi-gordo-scot-consultoria,320.5,boi-gordo-b3-prego-regular,2026-02,350.25,350.25,,-29.75,,-8.493932905067808
2026-02-25,PA Marabá,,boi-gordo-scot-consultoria,309.3333333333333,boi-gordo-b3-prego-regular,2026-02,350.25,350.25,,-40.916666666666686,,-11.682131810611473
2026-02-25,PA Paragominas,,boi-gordo-scot-consultoria,311.6666666666667,boi-gordo-b3-prego-regular,2026-02,350.25,350.25,,-38.583333333333314,,-11.015940994527714
2026-02-25,PA Redenção,,boi-gordo-scot-consultoria,306.0,boi-gordo-b3-prego-regular,2026-02,350.25,350.25,,-44.25,,-12.633832976445397
2026-02-25,PR Noroeste,,boi-gordo-scot-consultoria,337.5,boi-gordo-b3-prego-regular,2026-02,350.25,350.25,,-12.75,,-3.640256959314775
2026-02-25,RJ,,boi-gordo-scot-consultoria,329.1666666666667,boi-gordo-b3-prego-regular,2026-02,350.25,350.25,,-21.083333333333314,,-6.01950987389959
2026-02-25,RO Sudeste,,boi-gordo-scot-consultoria,296.0,boi-gordo-b3-prego-regular,2026-02,350.25,350.25,,-54.25,,-15.488936473947183
2026-02-25,RS Oeste,,boi-gordo-scot-consultoria,170.5,boi-gordo-b3-prego-regular,2026-02,350.25,350.25,,-179.75,,-51.32048536759457
2026-02-25,RS Pelotas,,boi-gordo-scot-consultoria,164.25,boi-gordo-b3-prego-regular,2026-02,350.25,350.25,,-186.0,,-53.104925053533194
2026-02-25,Roraima,RR,boi-gordo-scot-consultoria,291.1666666666667,boi-gordo-b3-prego-regular,2026-02,350.25,350.25,,-59.083333333333314,,-16.868903164406372
2026-02-25,SC,,boi-gordo-scot-consultoria,337.5,boi-gordo-b3-prego-regular,2026-02,350.25,350.25,,-12.75,,-3.640256959314775
2026-02-25,SP Araçatuba,,boi-gordo-scot-consultoria,339.0,boi-gordo-b3-prego-regular,2026-02,350.25,350.25,,-11.25,,-3.2119914346895073
2026-02-25,SP Barretos,,boi-gordo-scot-consultoria,339.0,boi-gordo-b3-prego-regular,2026-02,350.25,350.25,,-11.25,,-3.2119914346895073
2026-02-25,TO Norte,,boi-gordo-scot-consultoria,310.0,boi-gordo-b3-prego-regular,2026-02,350.25,350.25,,-40.25,,-11.491791577444681
2026-02-25,TO Sul,,boi-gordo-scot-consultoria,307.3333333333333,boi-gordo-b3-prego-regular,2026-02,350.25,350.25,,-42.916666666666686,,-12.25315251011183
2026-02-26,Acre,AC,boi-gordo-scot-consultoria,283.5,boi-gordo-b3-prego-regular,2026-02,350.15,350.15,,-66.64999999999998,,-19.03469941453662
2026-02-26,Alagoas,AL,boi-gordo-scot-consultoria,315.8333333333333,boi-gordo-b3-prego-regular,2026-02,350.15,350.15,,-34.31666666666666,,-9.80056166404874
2026-02-26,BA Oeste,,boi-gordo-scot-consultoria,310.6666666666667,boi-gordo-b3-prego-regular,2026-02,350.15,350.15,,-39.48333333333329,,-11.276119758198856
2026-02-26,BA Sul,,boi-gordo-scot-consultoria,304.3333333333333,boi-gordo-b3-prego-regular,2026-02,350.15,350.15,,-45.81666666666666,,-13.08486838973773
2026-02-26,ES,,boi-gordo-scot-consultoria,311.6666666666667,boi-gordo-b3-prego-regular,2026-02,350.15,350.15,,-38.48333333333329,,-10.99052786900851
2026-02-26,GO Goiânia,,boi-gordo-scot-consultoria,318.8333333333333,boi-gordo-b3-prego-regular,2026-02,350.15,350.15,,-31.316666666666663,,-8.943785996477699
2026-02-26,GO Reg. Sul,,boi-gordo-scot-consultoria,317.5,boi-gordo-b3-prego-regular,2026-02,350.15,350.15,,-32.64999999999998,,-9.324575182064823
2026-02-26,Indicador ESALQ/SP,SP,boi-gordo-indicador-esalq-bmf,352.8,boi-gordo-b3-prego-regular,2026-02,350.15,350.15,,2.650000000000034,,0.7568185063544293
2026-02-26,MA Oeste,,boi-gordo-scot-consultoria,312.3333333333333,boi-gordo-b3-prego-regular,2026-02,350.15,350.15,,-37.81666666666666,,-10.800133276214956
2026-02-26,MG B.Horizonte,,boi-gordo-scot-consultoria,323.8333333333333,boi-gordo-b3-prego-regular,2026-02,350.15,350.15,,-26.316666666666663,,-7.515826550525964
2026-02-26,MG Norte,,boi-gordo-scot-consultoria,322.1666666666667,boi-gordo-b3-prego-regular,2026-02,350.15,350.15,,-27.98333333333329,,-7.991813032509866
2026-02-26,MG Sul,,boi-gordo-scot-consultoria,319.1666666666667,boi-gordo-b3-prego-regular,2026-02,350.15,350.15,,-30.98333333333329,,-8.848588700080906
2026-02-26,MG Triângulo,,boi-gordo-scot-consultoria,320.8333333333333,boi-gordo-b3-prego-regular,2026-02,350.15,350.15,,-29.316666666666663,,-8.372602218097006
2026-02-26,MS C. Grande,,boi-gordo-scot-consultoria,320.8333333333333,boi-gordo-b3-prego-regular,2026-02,350.15,350.15,,-29.316666666666663,,-8.372602218097006
2026-02-26,MS Dourados,,boi-gordo-scot-consultoria,320.8333333333333,boi-gordo-b3-prego-regular,2026-02,350.15,350.15,,-29.316666666666663,,-8.372602218097006
2026-02-26,MS Três Lagoas,,boi-gordo-scot-consultoria,319.1666666666667,boi-gordo-b3-prego-regular,2026-02,350.15,350.15,,-30.98333333333329,,-8.848588700080906
2026-02-26,MT Cuiabá*,,boi-gordo-scot-consultoria,324.1666666666667,boi-gordo-b3-prego-regular,2026-02,350.15,350.15,,-25.98333333333329,,-7.420629254129171
2026-02-26,MT Norte,,boi-gordo-scot-consultoria,321.5,boi-gordo-b3-prego-regular,2026-02,350.15,350.15,,-28.649999999999977,,-8.182207625303436
2026-02-26,MT Sudeste,,boi-gordo-scot-consultoria,322.1666666666667,boi-gordo-b3-prego-regular,2026-02,350.15,350.15,,-27.98333333333329,,-7.991813032509866
2026-02-26,MT Sudoeste,,boi-gordo-scot-consultoria,322.1666666666667,boi-gordo-b3-prego-regular,2026-02,350.15,350.15,,-27.98333333333329,,-7.991813032509866
2026-02-26,PA Marabá,,boi-gordo-scot-consultoria,310.0,boi-gordo-b3-prego-regular,2026-02,350.15,350.15,,-40.14999999999998,,-11.466514350992426
2026-02-26,PA Paragominas,,boi-gordo-scot-consultoria,314.3333333333333,boi-gordo-b3-prego-regular,2026-02,350.15,350.15,,-35.81666666666666,,-10.228949497834261
2026-02-26,PA Redenção,,boi-gordo-scot-consultoria,307.0,boi-gordo-b3-prego-regular,2026-02,350.15,350.15,,-43.14999999999998,,-12.323290018563467
2026-02-26,PR Noroeste,,boi-gordo-scot-consultoria,337.5,boi-gordo-b3-prego-regular,2026-02,350.15,350.15,,-12.649999999999977,,-3.6127373982578836
2026-02-26,RJ,,boi-gordo-scot-consultoria,329.1666666666667,boi-gordo-b3-prego-regular,2026-02,350.15,350.15,,-20.98333333333329,,-5.992669808177436
2026-02-26,RO Sudeste,,boi-gordo-scot-consultoria,296.0,boi-gordo-b3-prego-regular,2026-02,350.15,350.15,,-54.14999999999998,,-15.464800799657286
2026-02-26,RS Oeste,,boi-gordo-scot-consultoria,170.5,boi-gordo-b3-prego-regular,2026-02,350.15,350.15,,-179.64999999999998,,-51.306582893045835
2026-02-26,RS Pelotas,,boi-gordo-scot-consultoria,164.25,boi-gordo-b3-prego-regular,2026-02,350.15,350.15,,-185.89999999999998,,-53.0915322004855
2026-02-26,Roraima,RR,boi-gordo-scot-consultoria,291.1666666666667,boi-gordo-b3-prego-regular,2026-02,350.15,350.15,,-58.98333333333329,,-16.845161597410623
2026-02-26,SC,,boi-gordo-scot-consultoria,337.5,boi-gordo-b3-prego-regular,2026-02,350.15,350.15,,-12.649999999999977,,-3.6127373982578836
2026-02-26,SP Araçatuba,,boi-gordo-scot-consultoria,339.0,boi-gordo-b3-prego-regular,2026-02,350.15,350.15,,-11.149999999999977,,-3.1843495644723627
2026-02-26,SP Barretos,,boi-gordo-scot-consultoria,339.0,boi-gordo-b3-prego-regular,2026-02,350.15,350.15,,-11.149999999999977,,-3.1843495644723627
2026-02-26,TO Norte,,boi-gordo-scot-consultoria,310.6666666666667,boi-gordo-b3-prego-regular,2026-02,350.15,350.15,,-39.48333333333329,,-11.276119758198856
2026-02-26,TO Sul,,boi-gordo-scot-consultoria,309.3333333333333,boi-gordo-b3-prego-regular,2026-02,350.15,350.15,,-40.81666666666666,,-11.656908943785997
2026-02-27,Acre,AC,boi-gordo-scot-consultoria,284.5,boi-gordo-b3-prego-regular,2026-03,354.05,354.05,,-69.55000000000001,,-19.644118062420564
2026-02-27,Alagoas,AL,boi-gordo-scot-consultoria,317.1666666666667,boi-gordo-b3-prego-regular,2026-03,354.05,354.05,,-36.883333333333326,,-10.417549310361057
2026-02-27,BA Oeste,,boi-gordo-scot-consultoria,313.1666666666667,boi-gordo-b3-prego-regular,2026-03,354.05,354.05,,-40.883333333333326,,-11.54733323918467
2026-02-27,BA Sul,,boi-gordo-scot-consultoria,307.6666666666667,boi-gordo-b3-prego-regular,2026-03,354.05,354.05,,-46.383333333333326,,-13.100786141317137
2026-02-27,ES,,boi-gordo-scot-consultoria,311.6666666666667,boi-gordo-b3-prego-regular,2026-03,354.05,354.05,,-42.383333333333326,,-11.971002212493524
2026-02-27,GO Goiânia,,boi-gordo-scot-consultoria,318.8333333333333,boi-gordo-b3-prego-regular,2026-03,354.05,354.05,,-35.2166666666667,,-9.946806006684564
2026-02-27,GO Reg. Sul,,boi-gordo-scot-consultoria,317.5,boi-gordo-b3-prego-regular,2026-03,354.05,354.05,,-36.55000000000001,,-10.323400649625762
2026-02-27,Indicador ESALQ/SP,SP,boi-gordo-indicador-esalq-bmf,353.15,boi-gordo-b3-prego-regular,2026-03,354.05,354.05,,-0.9000000000000341,,-0.25420138398532244
2026-02-27,MA Oeste,,boi-gordo-scot-consultoria,314.1666666666667,boi-gordo-b3-prego-regular,2026-03,354.05,354.05,,-39.883333333333326,,-11.264887256978767
2026-02-27,MG B.Horizonte,,boi-gordo-scot-consultoria,324.5,boi-gordo-b3-prego-regular,2026-03,354.05,354.05,,-29.55000000000001,,-8.34627877418444
2026-02-27,MG Norte,,boi-gordo-scot-consultoria,322.1666666666667,boi-gordo-b3-prego-regular,2026-03,354.05,354.05,,-31.883333333333326,,-9.005319399331542
2026-02-27,MG Sul,,boi-gordo-scot-consultoria,319.1666666666667,boi-gordo-b3-prego-regular,2026-03,354.05,354.05,,-34.883333333333326,,-9.852657345949252
2026-02-27,MG Triângulo,,boi-gordo-scot-consultoria,322.1666666666667,boi-gordo-b3-prego-regular,2026-03,354.05,354.05,,-31.883333333333326,,-9.005319399331542
2026-02-27,MS C. Grande,,boi-gordo-scot-consultoria,324.8333333333333,boi-gordo-b3-prego-regular,2026-03,354.05,354.05,,-29.216666666666697,,-8.252130113449144
2026-02-27,MS Dourados,,boi-gordo-scot-consultoria,322.8333333333333,boi-gordo-b3-prego-regular,2026-03,354.05,354.05,,-31.216666666666697,,-8.817022077860951
2026-02-27,MS Três Lagoas,,boi-gordo-scot-consultoria,321.1666666666667,boi-gordo-b3-prego-regular,2026-03,354.05,354.05,,-32.883333333333326,,-9.287765381537445
2026-02-27,MT Cuiabá*,,boi-gordo-scot-consultoria,324.1666666666667,boi-gordo-b3-prego-regular,2026-03,354.05,354.05,,-29.883333333333326,,-8.440427434919735
2026-02-27,MT Norte,,boi-gordo-scot-consultoria,323.5,boi-gordo-b3-prego-regular,2026-03,354.05,354.05,,-30.55000000000001,,-8.628724756390344
2026-02-27,MT Sudeste,,boi-gordo-scot-consultoria,323.5,boi-gordo-b3-prego-regular,2026-03,354.05,354.05,,-30.55000000000001,,-8.628724756390344
2026-02-27,MT Sudoeste,,boi-gordo-scot-consultoria,322.1666666666667,boi-gordo-b3-prego-regular,2026-03,354.05,354.05,,-31.883333333333326,,-9.005319399331542
2026-02-27,PA Marabá,,boi-gordo-scot-consultoria,310.0,boi-gordo-b3-prego-regular,2026-03,354.05,354.05,,-44.05000000000001,,-12.441745516170036
2026-02-27,PA Paragominas,,boi-gordo-scot-consultoria,314.3333333333333,boi-gordo-b3-prego-regular,2026-03,354.05,354.05,,-39.7166666666667,,-11.217812926611128
2026-02-27,PA Redenção,,boi-gordo-scot-consultoria,309.0,boi-gordo-b3-prego-regular,2026-03,354.05,354.05,,-45.05000000000001,,-12.724191498375939
2026-02-27,PR Noroeste,,boi-gordo-scot-consultoria,337.5,boi-gordo-b3-prego-regular,2026-03,354.05,354.05,,-16.55000000000001,,-4.674481005507699
2026-02-27,RJ,,boi-gordo-scot-consultoria,329.1666666666667,boi-gordo-b3-prego-regular,2026-03,354.05,354.05,,-24.883333333333326,,-7.02819752389022
2026-02-27,RO Sudeste,,boi-gordo-scot-consultoria,296.6666666666667,boi-gordo-b3-prego-regular,2026-03,354.05,354.05,,-57.383333333333326,,-16.20769194558207
2026-02-27,RS Oeste,,boi-gordo-scot-consultoria,170.5,boi-gordo-b3-prego-regular,2026-03,354.05,354.05,,-183.55,,-51.84296003389351
2026-02-27,RS Pelotas,,boi-gordo-scot-consultoria,165.25,boi-gordo-b3-prego-regular,2026-03,354.05,354.05,,-188.8,,-53.32580144047451
2026-02-27,Roraima,RR,boi-gordo-scot-consultoria,291.1666666666667,boi-gordo-b3-prego-regular,2026-03,354.05,354.05,,-62.883333333333326,,-17.76114484771454
2026-02-27,SC,,boi-gordo-scot-consultoria,337.5,boi-gordo-b3-prego-regular,2026-03,354.05,354.05,,-16.55000000000001,,-4.674481005507699
2026-02-27,SP Araçatuba,,boi-gordo-scot-consultoria,339.0,boi-gordo-b3-prego-regular,2026-03,354.05,354.05,,-15.050000000000011,,-4.250812032198845
2026-02-27,SP Barretos,,boi-gordo-scot-consultoria,339.0,boi-gordo-b3-prego-regular,2026-03,354.05,354.05,,-15.050000000000011,,-4.250812032198845
2026-02-27,TO Norte,,boi-gordo-scot-consultoria,313.0,boi-gordo-b3-prego-regular,2026-03,354.05,354.05,,-41.05000000000001,,-11.594407569552326
2026-02-27,TO Sul,,boi-gordo-scot-consultoria,310.6666666666667,boi-gordo-b3-prego-regular,2026-03,354.05,354.05,,-43.383333333333326,,-12.253448194699427
2026-03-02,Acre,AC,boi-gordo-scot-consultoria,286.1666666666667,boi-gordo-b3-prego-regular,2026-03,349.5,349.5,,-63.333333333333314,,-18.12112541726275
2026-03-02,Alagoas,AL,boi-gordo-scot-consultoria,321.0,boi-gordo-b3-prego-regular,2026-03,349.5,349.5,,-28.5,,-8.15450643776824
2026-03-02,BA Oeste,,boi-gordo-scot-consultoria,313.3333333333333,boi-gordo-b3-prego-regular,2026-03,349.5,349.5,,-36.166666666666686,,-10.348116356700054
2026-03-02,BA Sul,,boi-gordo-scot-consultoria,307.8333333333333,boi-gordo-b3-prego-regular,2026-03,349.5,349.5,,-41.666666666666686,,-11.921793037672872
2026-03-02,ES,,boi-gordo-scot-consultoria,312.8333333333333,boi-gordo-b3-prego-regular,2026-03,349.5,349.5,,-36.666666666666686,,-10.491177873152127
2026-03-02,GO Goiânia,,boi-gordo-scot-consultoria,321.0,boi-gordo-b3-prego-regular,2026-03,349.5,349.5,,-28.5,,-8.15450643776824
2026-03-02,GO Reg. Sul,,boi-gordo-scot-consultoria,317.6666666666667,boi-gordo-b3-prego-regular,2026-03,349.5,349.5,,-31.833333333333314,,-9.108249880782065
2026-03-02,Indicador ESALQ/SP,SP,boi-gordo-indicador-esalq-bmf,353.1,boi-gordo-b3-prego-regular,2026-03,349.5,349.5,,3.6000000000000227,,1.030042918454942
2026-03-02,MA Oeste,,boi-gordo-scot-consultoria,316.0,boi-gordo-b3-prego-regular,2026-03,349.5,349.5,,-33.5,,-9.585121602288984
2026-03-02,MG B.Horizonte,,boi-gordo-scot-consultoria,327.6666666666667,boi-gordo-b3-prego-regular,2026-03,349.5,349.5,,-21.833333333333314,,-6.247019551740577
2026-03-02,MG Norte,,boi-gordo-scot-consultoria,322.3333333333333,boi-gordo-b3-prego-regular,2026-03,349.5,349.5,,-27.166666666666686,,-7.773009060562715
2026-03-02,MG Sul,,boi-gordo-scot-consultoria,319.3333333333333,boi-gordo-b3-prego-regular,2026-03,349.5,349.5,,-30.166666666666686,,-8.63137815927516
2026-03-02,MG Triângulo,,boi-gordo-scot-consultoria,322.3333333333333,boi-gordo-b3-prego-regular,2026-03,349.5,349.5,,-27.166666666666686,,-7.773009060562715
2026-03-02,MS C. Grande,,boi-gordo-scot-consultoria,326.3333333333333,boi-gordo-b3-prego-regular,2026-03,349.5,349.5,,-23.166666666666686,,-6.628516928946119
2026-03-02,MS Dourados,,boi-gordo-scot-consultoria,325.0,boi-gordo-b3-prego-regular,2026-03,349.5,349.5,,-24.5,,-7.0100143061516444
2026-03-02,MS Três Lagoas,,boi-gordo-scot-consultoria,324.3333333333333,boi-gordo-b3-prego-regular,2026-03,349.5,349.5,,-25.166666666666686,,-7.200762994754417
2026-03-02,MT Cuiabá*,,boi-gordo-scot-consultoria,324.3333333333333,boi-gordo-b3-prego-regular,2026-03,349.5,349.5,,-25.166666666666686,,-7.200762994754417
2026-03-02,MT Norte,,boi-gordo-scot-consultoria,324.6666666666667,boi-gordo-b3-prego-regular,2026-03,349.5,349.5,,-24.833333333333314,,-7.1053886504530235
2026-03-02,MT Sudeste,,boi-gordo-scot-consultoria,325.3333333333333,boi-gordo-b3-prego-regular,2026-03,349.5,349.5,,-24.166666666666686,,-6.914639961850268
2026-03-02,MT Sudoeste,,boi-gordo-scot-consultoria,324.0,boi-gordo-b3-prego-regular,2026-03,349.5,349.5,,-25.5,,-7.296137339055794
2026-03-02,PA Marabá,,boi-gordo-scot-consultoria,311.1666666666667,boi-gordo-b3-prego-regular,2026-03,349.5,349.5,,-38.333333333333314,,-10.96804959465903
2026-03-02,PA Paragominas,,boi-gordo-scot-consultoria,314.8333333333333,boi-gordo-b3-prego-regular,2026-03,349.5,349.5,,-34.666666666666686,,-9.91893180734383
2026-03-02,PA Redenção,,boi-gordo-scot-consultoria,311.1666666666667,boi-gordo-b3-prego-regular,2026-03,349.5,349.5,,-38.333333333333314,,-10.96804959465903
2026-03-02,PR Noroeste,,boi-gordo-scot-consultoria,338.3333333333333,boi-gordo-b3-prego-regular,2026-03,349.5,349.5,,-11.166666666666686,,-3.1950405340963335
2026-03-02,RJ,,boi-gordo-scot-consultoria,330.0,boi-gordo-b3-prego-regular,2026-03,349.5,349.5,,-19.5,,-5.579399141630901
2026-03-02,RO Sudeste,,boi-gordo-scot-consultoria,296.8333333333333,boi-gordo-b3-prego-regular,2026-03,349.5,349.5,,-52.666666666666686,,-15.069146399618507
2026-03-02,RS Oeste,,boi-gordo-scot-consultoria,170.75,boi-gordo-b3-prego-regular,2026-03,349.5,349.5,,-178.75,,-51.144492131616595
2026-03-02,RS Pelotas,,boi-gordo-scot-consultoria,165.25,boi-gordo-b3-prego-regular,2026-03,349.5,349.5,,-184.25,,-52.71816881258942
2026-03-02,Roraima,RR,boi-gordo-scot-consultoria,291.1666666666667,boi-gordo-b3-prego-regular,2026-03,349.5,349.5,,-58.333333333333314,,-16.69051025274201
2026-03-02,SC,,boi-gordo-scot-consultoria,338.3333333333333,boi-gordo-b3-prego-regular,2026-03,349.5,349.5,,-11.166666666666686,,-3.1950405340963335
2026-03-02,SP Araçatuba,,boi-gordo-scot-consultoria,340.6666666666667,boi-gordo-b3-prego-regular,2026-03,349.5,349.5,,-8.833333333333314,,-2.527420123986642
2026-03-02,SP Barretos,,boi-gordo-scot-consultoria,340.6666666666667,boi-gordo-b3-prego-regular,2026-03,349.5,349.5,,-8.833333333333314,,-2.527420123986642
2026-03-02,TO Norte,,boi-gordo-scot-consultoria,316.0,boi-gordo-b3-prego-regular,2026-03,349.5,349.5,,-33.5,,-9.585121602288984
2026-03-02,TO Sul,,boi-gordo-scot-consultoria,311.5,boi-gordo-b3-prego-regular,2026-03,349.5,349.5,,-38.0,,-10.872675250357654
2026-03-03,Acre,AC,boi-gordo-scot-consultoria,286.3333333333333,boi-gordo-b3-prego-regular,2026-03,343.1,343.1,,-56.76666666666671,,-16.54522491013311
2026-03-03,Alagoas,AL,boi-gordo-scot-consultoria,322.5,boi-gordo-b3-prego-regular,2026-03,343.1,343.1,,-20.600000000000023,,-6.004080443019534
2026-03-03,BA Oeste,,boi-gordo-scot-consultoria,313.6666666666667,boi-gordo-b3-prego-regular,2026-03,343.1,343.1,,-29.433333333333337,,-8.578645681531139
2026-03-03,BA Sul,,boi-gordo-scot-consultoria,308.0,boi-gordo-b3-prego-regular,2026-03,343.1,343.1,,-35.10000000000002,,-10.23025357038765
2026-03-03,ES,,boi-gordo-scot-consultoria,313.0,boi-gordo-b3-prego-regular,2026-03,343.1,343.1,,-30.100000000000023,,-8.772952491984851
2026-03-03,GO Goiânia,,boi-gordo-scot-consultoria,322.5,boi-gordo-b3-prego-regular,2026-03,343.1,343.1,,-20.600000000000023,,-6.004080443019534
2026-03-03,GO Reg. Sul,,boi-gordo-scot-consultoria,318.0,boi-gordo-b3-prego-regular,2026-03,343.1,343.1,,-25.100000000000023,,-7.315651413582053
2026-03-03,Indicador ESALQ/SP,SP,boi-gordo-indicador-esalq-bmf,350.5,boi-gordo-b3-prego-regular,2026-03,343.1,343.1,,7.399999999999977,,2.156805596036134
2026-03-03,MA Oeste,,boi-gordo-scot-consultoria,319.5,boi-gordo-b3-prego-regular,2026-03,343.1,343.1,,-23.600000000000023,,-6.878461090061212
2026-03-03,MG B.Horizonte,,boi-gordo-scot-consultoria,327.8333333333333,boi-gordo-b3-prego-regular,2026-03,343.1,343.1,,-15.266666666666708,,-4.449625959389889
2026-03-03,MG Norte,,boi-gordo-scot-consultoria,322.5,boi-gordo-b3-prego-regular,2026-03,343.1,343.1,,-20.600000000000023,,-6.004080443019534
2026-03-03,MG Sul,,boi-gordo-scot-consultoria,319.5,boi-gordo-b3-prego-regular,2026-03,343.1,343.1,,-23.600000000000023,,-6.878461090061212
2026-03-03,MG Triângulo,,boi-gordo-scot-consultoria,324.5,boi-gordo-b3-prego-regular,2026-03,343.1,343.1,,-18.600000000000023,,-5.421160011658415
2026-03-03,MS C. Grande,,boi-gordo-scot-consultoria,326.5,boi-gordo-b3-prego-regular,2026-03,343.1,343.1,,-16.600000000000023,,-4.838239580297296
2026-03-03,MS Dourados,,boi-gordo-scot-consultoria,326.5,boi-gordo-b3-prego-regular,2026-03,343.1,343.1,,-16.600000000000023,,-4.838239580297296
2026-03-03,MS Três Lagoas,,boi-gordo-scot-consultoria,325.8333333333333,boi-gordo-b3-prego-regular,2026-03,343.1,343.1,,-17.26666666666671,,-5.0325463907510075
2026-03-03,MT Cuiabá*,,boi-gordo-scot-consultoria,324.5,boi-gordo-b3-prego-regular,2026-03,343.1,343.1,,-18.600000000000023,,-5.421160011658415
2026-03-03,MT Norte,,boi-gordo-scot-consultoria,324.8333333333333,boi-gordo-b3-prego-regular,2026-03,343.1,343.1,,-18.26666666666671,,-5.324006606431567
2026-03-03,MT Sudeste,,boi-gordo-scot-consultoria,326.1666666666667,boi-gordo-b3-prego-regular,2026-03,343.1,343.1,,-16.933333333333337,,-4.935392985524143
2026-03-03,MT Sudoeste,,boi-gordo-scot-consultoria,326.1666666666667,boi-gordo-b3-prego-regular,2026-03,343.1,343.1,,-16.933333333333337,,-4.935392985524143
2026-03-03,PA Marabá,,boi-gordo-scot-consultoria,311.3333333333333,boi-gordo-b3-prego-regular,2026-03,343.1,343.1,,-31.76666666666671,,-9.258719518119122
2026-03-03,PA Paragominas,,boi-gordo-scot-consultoria,316.3333333333333,boi-gordo-b3-prego-regular,2026-03,343.1,343.1,,-26.76666666666671,,-7.801418439716324
2026-03-03,PA Redenção,,boi-gordo-scot-consultoria,311.3333333333333,boi-gordo-b3-prego-regular,2026-03,343.1,343.1,,-31.76666666666671,,-9.258719518119122
2026-03-03,PR Noroeste,,boi-gordo-scot-consultoria,338.5,boi-gordo-b3-prego-regular,2026-03,343.1,343.1,,-4.600000000000023,,-1.3407169921305808
2026-03-03,RJ,,boi-gordo-scot-consultoria,331.5,boi-gordo-b3-prego-regular,2026-03,343.1,343.1,,-11.600000000000023,,-3.3809385018944975
2026-03-03,RO Sudeste,,boi-gordo-scot-consultoria,297.6666666666667,boi-gordo-b3-prego-regular,2026-03,343.1,343.1,,-45.43333333333334,,-13.24200913242009
2026-03-03,RS Oeste,,boi-gordo-scot-consultoria,171.0,boi-gordo-b3-prego-regular,2026-03,343.1,343.1,,-172.10000000000002,,-50.16030311862431
2026-03-03,RS Pelotas,,boi-gordo-scot-consultoria,165.5,boi-gordo-b3-prego-regular,2026-03,343.1,343.1,,-177.60000000000002,,-51.76333430486739
2026-03-03,Roraima,RR,boi-gordo-scot-consultoria,291.3333333333333,boi-gordo-b3-prego-regular,2026-03,343.1,343.1,,-51.76666666666671,,-15.087923831730313
2026-03-03,SC,,boi-gordo-scot-consultoria,339.8333333333333,boi-gordo-b3-prego-regular,2026-03,343.1,343.1,,-3.2666666666667084,,-0.9521033712231736
2026-03-03,SP Araçatuba,,boi-gordo-scot-consultoria,340.8333333333333,boi-gordo-b3-prego-regular,2026-03,343.1,343.1,,-2.2666666666667084,,-0.6606431555426139
2026-03-03,SP Barretos,,boi-gordo-scot-consultoria,340.8333333333333,boi-gordo-b3-prego-regular,2026-03,343.1,343.1,,-2.2666666666667084,,-0.6606431555426139
2026-03-03,TO Norte,,boi-gordo-scot-consultoria,317.5,boi-gordo-b3-prego-regular,2026-03,343.1,343.1,,-25.600000000000023,,-7.461381521422332
2026-03-03,TO Sul,,boi-gordo-scot-consultoria,311.6666666666667,boi-gordo-b3-prego-regular,2026-03,343.1,343.1,,-31.433333333333337,,-9.161566112892256
2026-03-04,Acre,AC,boi-gordo-scot-consultoria,286.3333333333333,boi-gordo-b3-prego-regular,2026-03,346.0,346.0,,-59.666666666666686,,-17.244701348747597
2026-03-04,Alagoas,AL,boi-gordo-scot-consultoria,325.5,boi-gordo-b3-prego-regular,2026-03,346.0,346.0,,-20.5,,-5.924855491329479
2026-03-04,BA Oeste,,boi-gordo-scot-consultoria,313.6666666666667,boi-gordo-b3-prego-regular,2026-03,346.0,346.0,,-32.333333333333314,,-9.344894026974947
2026-03-04,BA Sul,,boi-gordo-scot-consultoria,309.6666666666667,boi-gordo-b3-prego-regular,2026-03,346.0,346.0,,-36.333333333333314,,-10.500963391136796
2026-03-04,ES,,boi-gordo-scot-consultoria,313.0,boi-gordo-b3-prego-regular,2026-03,346.0,346.0,,-33.0,,-9.53757225433526
2026-03-04,GO Goiânia,,boi-gordo-scot-consultoria,322.5,boi-gordo-b3-prego-regular,2026-03,346.0,346.0,,-23.5,,-6.791907514450866
2026-03-04,GO Reg. Sul,,boi-gordo-scot-consultoria,318.0,boi-gordo-b3-prego-regular,2026-03,346.0,346.0,,-28.0,,-8.092485549132949
2026-03-04,Indicador ESALQ/SP,SP,boi-gordo-indicador-esalq-bmf,348.65,boi-gordo-b3-prego-regular,2026-03,346.0,346.0,,2.6499999999999773,,0.7658959537572189
2026-03-04,MA Oeste,,boi-gordo-scot-consultoria,319.5,boi-gordo-b3-prego-regular,2026-03,346.0,346.0,,-26.5,,-7.658959537572255
2026-03-04,MG B.Horizonte,,boi-gordo-scot-consultoria,326.8333333333333,boi-gordo-b3-prego-regular,2026-03,346.0,346.0,,-19.166666666666686,,-5.539499036608868
2026-03-04,MG Norte,,boi-gordo-scot-consultoria,322.5,boi-gordo-b3-prego-regular,2026-03,346.0,346.0,,-23.5,,-6.791907514450866
2026-03-04,MG Sul,,boi-gordo-scot-consultoria,320.1666666666667,boi-gordo-b3-prego-regular,2026-03,346.0,346.0,,-25.833333333333314,,-7.46628131021194
2026-03-04,MG Triângulo,,boi-gordo-scot-consultoria,324.5,boi-gordo-b3-prego-regular,2026-03,346.0,346.0,,-21.5,,-6.213872832369942
2026-03-04,MS C. Grande,,boi-gordo-scot-consultoria,326.5,boi-gordo-b3-prego-regular,2026-03,346.0,346.0,,-19.5,,-5.635838150289017
2026-03-04,MS Dourados,,boi-gordo-scot-consultoria,326.5,boi-gordo-b3-prego-regular,2026-03,346.0,346.0,,-19.5,,-5.635838150289017
2026-03-04,MS Três Lagoas,,boi-gordo-scot-consultoria,325.8333333333333,boi-gordo-b3-prego-regular,2026-03,346.0,346.0,,-20.166666666666686,,-5.828516377649331
2026-03-04,MT Cuiabá*,,boi-gordo-scot-consultoria,324.5,boi-gordo-b3-prego-regular,2026-03,346.0,346.0,,-21.5,,-6.213872832369942
2026-03-04,MT Norte,,boi-gordo-scot-consultoria,326.8333333333333,boi-gordo-b3-prego-regular,2026-03,346.0,346.0,,-19.166666666666686,,-5.539499036608868
2026-03-04,MT Sudeste,,boi-gordo-scot-consultoria,326.1666666666667,boi-gordo-b3-prego-regular,2026-03,346.0,346.0,,-19.833333333333314,,-5.732177263969166
2026-03-04,MT Sudoeste,,boi-gordo-scot-consultoria,326.1666666666667,boi-gordo-b3-prego-regular,2026-03,346.0,346.0,,-19.833333333333314,,-5.732177263969166
2026-03-04,PA Marabá,,boi-gordo-scot-consultoria,311.3333333333333,boi-gordo-b3-prego-regular,2026-03,346.0,346.0,,-34.666666666666686,,-10.019267822736037
2026-03-04,PA Paragominas,,boi-gordo-scot-consultoria,317.0,boi-gordo-b3-prego-regular,2026-03,346.0,346.0,,-29.0,,-8.38150289017341
2026-03-04,PA Redenção,,boi-gordo-scot-consultoria,311.3333333333333,boi-gordo-b3-prego-regular,2026-03,346.0,346.0,,-34.666666666666686,,-10.019267822736037
2026-03-04,PR Noroeste,,boi-gordo-scot-consultoria,338.5,boi-gordo-b3-prego-regular,2026-03,346.0,346.0,,-7.5,,-2.167630057803468
2026-03-04,RJ,,boi-gordo-scot-consultoria,331.5,boi-gordo-b3-prego-regular,2026-03,346.0,346.0,,-14.5,,-4.190751445086705
2026-03-04,RO Sudeste,,boi-gordo-scot-consultoria,299.0,boi-gordo-b3-prego-regular,2026-03,346.0,346.0,,-47.0,,-13.583815028901732
2026-03-04,RS Oeste,,boi-gordo-scot-consultoria,171.0,boi-gordo-b3-prego-regular,2026-03,346.0,346.0,,-175.0,,-50.57803468208093
2026-03-04,RS Pelotas,,boi-gordo-scot-consultoria,165.5,boi-gordo-b3-prego-regular,2026-03,346.0,346.0,,-180.5,,-52.16763005780347
2026-03-04,Roraima,RR,boi-gordo-scot-consultoria,291.3333333333333,boi-gordo-b3-prego-regular,2026-03,346.0,346.0,,-54.666666666666686,,-15.799614643545285
2026-03-04,SC,,boi-gordo-scot-consultoria,339.8333333333333,boi-gordo-b3-prego-regular,2026-03,346.0,346.0,,-6.166666666666686,,-1.7822736030828572
2026-03-04,SP Araçatuba,,boi-gordo-scot-consultoria,340.8333333333333,boi-gordo-b3-prego-regular,2026-03,346.0,346.0,,-5.166666666666686,,-1.4932562620423946
2026-03-04,SP Barretos,,boi-gordo-scot-consultoria,340.8333333333333,boi-gordo-b3-prego-regular,2026-03,346.0,346.0,,-5.166666666666686,,-1.4932562620423946
2026-03-04,TO Norte,,boi-gordo-scot-consultoria,317.8333333333333,boi-gordo-b3-prego-regular,2026-03,346.0,346.0,,-28.166666666666686,,-8.140655105973032
2026-03-04,TO Sul,,boi-gordo-scot-consultoria,312.6666666666667,boi-gordo-b3-prego-regular,2026-03,346.0,346.0,,-33.333333333333314,,-9.63391136801541
2026-03-05,Acre,AC,boi-gordo-scot-consultoria,287.6666666666667,boi-gordo-b3-prego-regular,2026-03,343.55,343.55,,-55.883333333333326,,-16.266433803910154
2026-03-05,Alagoas,AL,boi-gordo-scot-consultoria,325.5,boi-gordo-b3-prego-regular,2026-03,343.55,343.55,,-18.05000000000001,,-5.253965943821863
2026-03-05,BA Oeste,,boi-gordo-scot-consultoria,313.6666666666667,boi-gordo-b3-prego-regular,2026-03,343.55,343.55,,-29.883333333333326,,-8.698394217241544
2026-03-05,BA Sul,,boi-gordo-scot-consultoria,309.6666666666667,boi-gordo-b3-prego-regular,2026-03,343.55,343.55,,-33.883333333333326,,-9.862707999805945
2026-03-05,ES,,boi-gordo-scot-consultoria,313.0,boi-gordo-b3-prego-regular,2026-03,343.55,343.55,,-30.55000000000001,,-8.892446514335617
2026-03-05,GO Goiânia,,boi-gordo-scot-consultoria,322.5,boi-gordo-b3-prego-regular,2026-03,343.55,343.55,,-21.05000000000001,,-6.127201280745164
2026-03-05,GO Reg. Sul,,boi-gordo-scot-consultoria,319.1666666666667,boi-gordo-b3-prego-regular,2026-03,343.55,343.55,,-24.383333333333326,,-7.097462766215493
2026-03-05,Indicador ESALQ/SP,SP,boi-gordo-indicador-esalq-bmf,347.3,boi-gordo-b3-prego-regular,2026-03,343.55,343.55,,3.75,,1.091544171154126
2026-03-05,MA Oeste,,boi-gordo-scot-consultoria,319.8333333333333,boi-gordo-b3-prego-regular,2026-03,343.55,343.55,,-23.716666666666697,,-6.903410469121436
2026-03-05,MG B.Horizonte,,boi-gordo-scot-consultoria,326.1666666666667,boi-gordo-b3-prego-regular,2026-03,343.55,343.55,,-17.383333333333326,,-5.05991364672779
2026-03-05,MG Norte,,boi-gordo-scot-consultoria,323.8333333333333,boi-gordo-b3-prego-regular,2026-03,343.55,343.55,,-19.716666666666697,,-5.739096686557036
2026-03-05,MG Sul,,boi-gordo-scot-consultoria,320.1666666666667,boi-gordo-b3-prego-regular,2026-03,343.55,343.55,,-23.383333333333326,,-6.806384320574392
2026-03-05,MG Triângulo,,boi-gordo-scot-consultoria,324.5,boi-gordo-b3-prego-regular,2026-03,343.55,343.55,,-19.05000000000001,,-5.545044389462964
2026-03-05,MS C. Grande,,boi-gordo-scot-consultoria,326.5,boi-gordo-b3-prego-regular,2026-03,343.55,343.55,,-17.05000000000001,,-4.962887498180764
2026-03-05,MS Dourados,,boi-gordo-scot-consultoria,326.5,boi-gordo-b3-prego-regular,2026-03,343.55,343.55,,-17.05000000000001,,-4.962887498180764
2026-03-05,MS Três Lagoas,,boi-gordo-scot-consultoria,325.5,boi-gordo-b3-prego-regular,2026-03,343.55,343.55,,-18.05000000000001,,-5.253965943821863
2026-03-05,MT Cuiabá*,,boi-gordo-scot-consultoria,324.5,boi-gordo-b3-prego-regular,2026-03,343.55,343.55,,-19.05000000000001,,-5.545044389462964
2026-03-05,MT Norte,,boi-gordo-scot-consultoria,326.8333333333333,boi-gordo-b3-prego-regular,2026-03,343.55,343.55,,-16.716666666666697,,-4.865861349633735
2026-03-05,MT Sudeste,,boi-gordo-scot-consultoria,326.1666666666667,boi-gordo-b3-prego-regular,2026-03,343.55,343.55,,-17.383333333333326,,-5.05991364672779
2026-03-05,MT Sudoeste,,boi-gordo-scot-consultoria,326.1666666666667,boi-gordo-b3-prego-regular,2026-03,343.55,343.55,,-17.383333333333326,,-5.05991364672779
2026-03-05,PA Marabá,,boi-gordo-scot-consultoria,311.3333333333333,boi-gordo-b3-prego-regular,2026-03,343.55,343.55,,-32.2166666666667,,-9.377577257070788
2026-03-05,PA Paragominas,,boi-gordo-scot-consultoria,320.1666666666667,boi-gordo-b3-prego-regular,2026-03,343.55,343.55,,-23.383333333333326,,-6.806384320574392
2026-03-05,PA Redenção,,boi-gordo-scot-consultoria,311.3333333333333,boi-gordo-b3-prego-regular,2026-03,343.55,343.55,,-32.2166666666667,,-9.377577257070788
2026-03-05,PR Noroeste,,boi-gordo-scot-consultoria,338.5,boi-gordo-b3-prego-regular,2026-03,343.55,343.55,,-5.050000000000011,,-1.4699461504875597
2026-03-05,RJ,,boi-gordo-scot-consultoria,331.5,boi-gordo-b3-prego-regular,2026-03,343.55,343.55,,-12.050000000000011,,-3.5074952699752617
2026-03-05,RO Sudeste,,boi-gordo-scot-consultoria,299.0,boi-gordo-b3-prego-regular,2026-03,343.55,343.55,,-44.55000000000001,,-12.967544753311019
2026-03-05,RS Oeste,,boi-gordo-scot-consultoria,171.0,boi-gordo-b3-prego-regular,2026-03,343.55,343.55,,-172.55,,-50.22558579537185
2026-03-05,RS Pelotas,,boi-gordo-scot-consultoria,166.0,boi-gordo-b3-prego-regular,2026-03,343.55,343.55,,-177.55,,-51.68097802357735
2026-03-05,Roraima,RR,boi-gordo-scot-consultoria,291.3333333333333,boi-gordo-b3-prego-regular,2026-03,343.55,343.55,,-52.2166666666667,,-15.199146169892794
2026-03-05,SC,,boi-gordo-scot-consultoria,339.8333333333333,boi-gordo-b3-prego-regular,2026-03,343.55,343.55,,-3.716666666666697,,-1.0818415562994315
2026-03-05,SP Araçatuba,,boi-gordo-scot-consultoria,340.8333333333333,boi-gordo-b3-prego-regular,2026-03,343.55,343.55,,-2.716666666666697,,-0.7907631106583312
2026-03-05,SP Barretos,,boi-gordo-scot-consultoria,340.8333333333333,boi-gordo-b3-prego-regular,2026-03,343.55,343.55,,-2.716666666666697,,-0.7907631106583312
2026-03-05,TO Norte,,boi-gordo-scot-consultoria,318.5,boi-gordo-b3-prego-regular,2026-03,343.55,343.55,,-25.05000000000001,,-7.291515063309564
2026-03-05,TO Sul,,boi-gordo-scot-consultoria,314.6666666666667,boi-gordo-b3-prego-regular,2026-03,343.55,343.55,,-28.883333333333326,,-8.407315771600443
2026-03-06,Acre,AC,boi-gordo-scot-consultoria,287.6666666666667,boi-gordo-b3-prego-regular,2026-03,344.05,344.05,,-56.383333333333326,,-16.38812188150947
2026-03-06,Alagoas,AL,boi-gordo-scot-consultoria,325.5,boi-gordo-b3-prego-regular,2026-03,344.05,344.05,,-18.55000000000001,,-5.391658189216686
2026-03-06,BA Oeste,,boi-gordo-scot-consultoria,313.6666666666667,boi-gordo-b3-prego-regular,2026-03,344.05,344.05,,-30.383333333333326,,-8.831080753766408
2026-03-06,BA Sul,,boi-gordo-scot-consultoria,309.6666666666667,boi-gordo-b3-prego-regular,2026-03,344.05,344.05,,-34.383333333333326,,-9.993702465726878
2026-03-06,ES,,boi-gordo-scot-consultoria,313.0,boi-gordo-b3-prego-regular,2026-03,344.05,344.05,,-31.05000000000001,,-9.024851039093159
2026-03-06,GO Goiânia,,boi-gordo-scot-consultoria,322.5,boi-gordo-b3-prego-regular,2026-03,344.05,344.05,,-21.55000000000001,,-6.263624473187041
2026-03-06,GO Reg. Sul,,boi-gordo-scot-consultoria,319.1666666666667,boi-gordo-b3-prego-regular,2026-03,344.05,344.05,,-24.883333333333326,,-7.23247589982076
2026-03-06,Indicador ESALQ/SP,SP,boi-gordo-indicador-esalq-bmf,346.05,boi-gordo-b3-prego-regular,2026-03,344.05,344.05,,2.0,,0.5813108559802354
2026-03-06,MA Oeste,,boi-gordo-scot-consultoria,319.8333333333333,boi-gordo-b3-prego-regular,2026-03,344.05,344.05,,-24.216666666666697,,-7.038705614494026
2026-03-06,MG B.Horizonte,,boi-gordo-scot-consultoria,326.1666666666667,boi-gordo-b3-prego-regular,2026-03,344.05,344.05,,-17.883333333333326,,-5.197887903889936
2026-03-06,MG Norte,,boi-gordo-scot-consultoria,323.8333333333333,boi-gordo-b3-prego-regular,2026-03,344.05,344.05,,-20.216666666666697,,-5.876083902533555
2026-03-06,MG Sul,,boi-gordo-scot-consultoria,320.1666666666667,boi-gordo-b3-prego-regular,2026-03,344.05,344.05,,-23.883333333333326,,-6.941820471830643
2026-03-06,MG Triângulo,,boi-gordo-scot-consultoria,324.5,boi-gordo-b3-prego-regular,2026-03,344.05,344.05,,-19.55000000000001,,-5.6823136172068045
2026-03-06,MS C. Grande,,boi-gordo-scot-consultoria,325.1666666666667,boi-gordo-b3-prego-regular,2026-03,344.05,344.05,,-18.883333333333326,,-5.488543331880054
2026-03-06,MS Dourados,,boi-gordo-scot-consultoria,325.1666666666667,boi-gordo-b3-prego-regular,2026-03,344.05,344.05,,-18.883333333333326,,-5.488543331880054
2026-03-06,MS Três Lagoas,,boi-gordo-scot-consultoria,322.8333333333333,boi-gordo-b3-prego-regular,2026-03,344.05,344.05,,-21.216666666666697,,-6.166739330523672
2026-03-06,MT Cuiabá*,,boi-gordo-scot-consultoria,323.1666666666667,boi-gordo-b3-prego-regular,2026-03,344.05,344.05,,-20.883333333333326,,-6.069854187860289
2026-03-06,MT Norte,,boi-gordo-scot-consultoria,325.1666666666667,boi-gordo-b3-prego-regular,2026-03,344.05,344.05,,-18.883333333333326,,-5.488543331880054
2026-03-06,MT Sudeste,,boi-gordo-scot-consultoria,324.5,boi-gordo-b3-prego-regular,2026-03,344.05,344.05,,-19.55000000000001,,-5.6823136172068045
2026-03-06,MT Sudoeste,,boi-gordo-scot-consultoria,323.8333333333333,boi-gordo-b3-prego-regular,2026-03,344.05,344.05,,-20.216666666666697,,-5.876083902533555
2026-03-06,PA Marabá,,boi-gordo-scot-consultoria,311.3333333333333,boi-gordo-b3-prego-regular,2026-03,344.05,344.05,,-32.7166666666667,,-9.509276752410026
2026-03-06,PA Paragominas,,boi-gordo-scot-consultoria,320.1666666666667,boi-gordo-b3-prego-regular,2026-03,344.05,344.05,,-23.883333333333326,,-6.941820471830643
2026-03-06,PA Redenção,,boi-gordo-scot-consultoria,311.3333333333333,boi-gordo-b3-prego-regular,2026-03,344.05,344.05,,-32.7166666666667,,-9.509276752410026
2026-03-06,PR Noroeste,,boi-gordo-scot-consultoria,338.5,boi-gordo-b3-prego-regular,2026-03,344.05,344.05,,-5.550000000000011,,-1.6131376253451564
2026-03-06,RJ,,boi-gordo-scot-consultoria,331.5,boi-gordo-b3-prego-regular,2026-03,344.05,344.05,,-12.550000000000011,,-3.6477256212759803
2026-03-06,RO Sudeste,,boi-gordo-scot-consultoria,297.6666666666667,boi-gordo-b3-prego-regular,2026-03,344.05,344.05,,-46.383333333333326,,-13.48156760160829
2026-03-06,RS Oeste,,boi-gordo-scot-consultoria,171.0,boi-gordo-b3-prego-regular,2026-03,344.05,344.05,,-173.05,,-50.297921813689875
2026-03-06,RS Pelotas,,boi-gordo-scot-consultoria,166.0,boi-gordo-b3-prego-regular,2026-03,344.05,344.05,,-178.05,,-51.75119895364047
2026-03-06,Roraima,RR,boi-gordo-scot-consultoria,291.3333333333333,boi-gordo-b3-prego-regular,2026-03,344.05,344.05,,-52.7166666666667,,-15.322385312212381
2026-03-06,SC,,boi-gordo-scot-consultoria,339.8333333333333,boi-gordo-b3-prego-regular,2026-03,344.05,344.05,,-4.216666666666697,,-1.225597054691672
2026-03-06,SP Araçatuba,,boi-gordo-scot-consultoria,340.8333333333333,boi-gordo-b3-prego-regular,2026-03,344.05,344.05,,-3.216666666666697,,-0.9349416267015541
2026-03-06,SP Barretos,,boi-gordo-scot-consultoria,340.8333333333333,boi-gordo-b3-prego-regular,2026-03,344.05,344.05,,-3.216666666666697,,-0.9349416267015541
2026-03-06,TO Norte,,boi-gordo-scot-consultoria,318.5,boi-gordo-b3-prego-regular,2026-03,344.05,344.05,,-25.55000000000001,,-7.42624618514751
2026-03-06,TO Sul,,boi-gordo-scot-consultoria,314.6666666666667,boi-gordo-b3-prego-regular,2026-03,344.05,344.05,,-29.383333333333326,,-8.540425325776289
2026-03-09,Acre,AC,boi-gordo-scot-consultoria,286.0,boi-gordo-b3-prego-regular,2026-03,348.4,348.4,,-62.39999999999998,,-17.910447761194025
2026-03-09,Alagoas,AL,boi-gordo-scot-consultoria,325.5,boi-gordo-b3-prego-regular,2026-03,348.4,348.4,,-22.899999999999977,,-6.57290470723306
2026-03-09,BA Oeste,,boi-gordo-scot-consultoria,313.6666666666667,boi-gordo-b3-prego-regular,2026-03,348.4,348.4,,-34.73333333333329,,-9.969383849980854
2026-03-09,BA Sul,,boi-gordo-scot-consultoria,309.6666666666667,boi-gordo-b3-prego-regular,2026-03,348.4,348.4,,-38.73333333333329,,-11.11748947569842
2026-03-09,ES,,boi-gordo-scot-consultoria,313.0,boi-gordo-b3-prego-regular,2026-03,348.4,348.4,,-35.39999999999998,,-10.160734787600454
2026-03-09,GO Goiânia,,boi-gordo-scot-consultoria,321.1666666666667,boi-gordo-b3-prego-regular,2026-03,348.4,348.4,,-27.23333333333329,,-7.816685801760418
2026-03-09,GO Reg. Sul,,boi-gordo-scot-consultoria,319.1666666666667,boi-gordo-b3-prego-regular,2026-03,348.4,348.4,,-29.23333333333329,,-8.3907386146192
2026-03-09,Indicador ESALQ/SP,SP,boi-gordo-indicador-esalq-bmf,347.4,boi-gordo-b3-prego-regular,2026-03,348.4,348.4,,-1.0,,-0.28702640642939153
2026-03-09,MA Oeste,,boi-gordo-scot-consultoria,319.8333333333333,boi-gordo-b3-prego-regular,2026-03,348.4,348.4,,-28.566666666666663,,-8.199387676999617
2026-03-09,MG B.Horizonte,,boi-gordo-scot-consultoria,324.5,boi-gordo-b3-prego-regular,2026-03,348.4,348.4,,-23.899999999999977,,-6.8599311136624515
2026-03-09,MG Norte,,boi-gordo-scot-consultoria,321.1666666666667,boi-gordo-b3-prego-regular,2026-03,348.4,348.4,,-27.23333333333329,,-7.816685801760418
2026-03-09,MG Sul,,boi-gordo-scot-consultoria,320.1666666666667,boi-gordo-b3-prego-regular,2026-03,348.4,348.4,,-28.23333333333329,,-8.103712208189808
2026-03-09,MG Triângulo,,boi-gordo-scot-consultoria,322.8333333333333,boi-gordo-b3-prego-regular,2026-03,348.4,348.4,,-25.566666666666663,,-7.338308457711443
2026-03-09,MS C. Grande,,boi-gordo-scot-consultoria,325.1666666666667,boi-gordo-b3-prego-regular,2026-03,348.4,348.4,,-23.23333333333329,,-6.668580176042852
2026-03-09,MS Dourados,,boi-gordo-scot-consultoria,325.1666666666667,boi-gordo-b3-prego-regular,2026-03,348.4,348.4,,-23.23333333333329,,-6.668580176042852
2026-03-09,MS Três Lagoas,,boi-gordo-scot-consultoria,320.8333333333333,boi-gordo-b3-prego-regular,2026-03,348.4,348.4,,-27.566666666666663,,-7.9123612705702255
2026-03-09,MT Cuiabá*,,boi-gordo-scot-consultoria,323.1666666666667,boi-gordo-b3-prego-regular,2026-03,348.4,348.4,,-25.23333333333329,,-7.242632988901635
2026-03-09,MT Norte,,boi-gordo-scot-consultoria,322.5,boi-gordo-b3-prego-regular,2026-03,348.4,348.4,,-25.899999999999977,,-7.433983926521234
2026-03-09,MT Sudeste,,boi-gordo-scot-consultoria,324.5,boi-gordo-b3-prego-regular,2026-03,348.4,348.4,,-23.899999999999977,,-6.8599311136624515
2026-03-09,MT Sudoeste,,boi-gordo-scot-consultoria,323.8333333333333,boi-gordo-b3-prego-regular,2026-03,348.4,348.4,,-24.566666666666663,,-7.051282051282051
2026-03-09,PA Marabá,,boi-gordo-scot-consultoria,311.3333333333333,boi-gordo-b3-prego-regular,2026-03,348.4,348.4,,-37.06666666666666,,-10.639112131649444
2026-03-09,PA Paragominas,,boi-gordo-scot-consultoria,320.1666666666667,boi-gordo-b3-prego-regular,2026-03,348.4,348.4,,-28.23333333333329,,-8.103712208189808
2026-03-09,PA Redenção,,boi-gordo-scot-consultoria,311.3333333333333,boi-gordo-b3-prego-regular,2026-03,348.4,348.4,,-37.06666666666666,,-10.639112131649444
2026-03-09,PR Noroeste,,boi-gordo-scot-consultoria,337.8333333333333,boi-gordo-b3-prego-regular,2026-03,348.4,348.4,,-10.566666666666663,,-3.0329123612705695
2026-03-09,RJ,,boi-gordo-scot-consultoria,331.5,boi-gordo-b3-prego-regular,2026-03,348.4,348.4,,-16.899999999999977,,-4.85074626865671
2026-03-09,RO Sudeste,,boi-gordo-scot-consultoria,296.3333333333333,boi-gordo-b3-prego-regular,2026-03,348.4,348.4,,-52.06666666666666,,-14.944508228090317
2026-03-09,RS Oeste,,boi-gordo-scot-consultoria,171.0,boi-gordo-b3-prego-regular,2026-03,348.4,348.4,,-177.39999999999998,,-50.918484500574046
2026-03-09,RS Pelotas,,boi-gordo-scot-consultoria,166.0,boi-gordo-b3-prego-regular,2026-03,348.4,348.4,,-182.39999999999998,,-52.353616532721006
2026-03-09,Roraima,RR,boi-gordo-scot-consultoria,291.3333333333333,boi-gordo-b3-prego-regular,2026-03,348.4,348.4,,-57.06666666666666,,-16.379640260237274
2026-03-09,SC,,boi-gordo-scot-consultoria,339.1666666666667,boi-gordo-b3-prego-regular,2026-03,348.4,348.4,,-9.233333333333292,,-2.6502104860313698
2026-03-09,SP Araçatuba,,boi-gordo-scot-consultoria,337.5,boi-gordo-b3-prego-regular,2026-03,348.4,348.4,,-10.899999999999977,,-3.128587830080361
2026-03-09,SP Barretos,,boi-gordo-scot-consultoria,337.5,boi-gordo-b3-prego-regular,2026-03,348.4,348.4,,-10.899999999999977,,-3.128587830080361
2026-03-09,TO Norte,,boi-gordo-scot-consultoria,318.5,boi-gordo-b3-prego-regular,2026-03,348.4,348.4,,-29.899999999999977,,-8.5820895522388
2026-03-09,TO Sul,,boi-gordo-scot-consultoria,314.6666666666667,boi-gordo-b3-prego-regular,2026-03,348.4,348.4,,-33.73333333333329,,-9.682357443551462
2026-03-10,Acre,AC,boi-gordo-scot-consultoria,284.6666666666667,boi-gordo-b3-prego-regular,2026-03,347.8,347.8,,-63.133333333333326,,-18.152194747939426
2026-03-10,Alagoas,AL,boi-gordo-scot-consultoria,325.5,boi-gordo-b3-prego-regular,2026-03,347.8,347.8,,-22.30000000000001,,-6.411730879815989
2026-03-10,BA Oeste,,boi-gordo-scot-consultoria,313.6666666666667,boi-gordo-b3-prego-regular,2026-03,347.8,347.8,,-34.133333333333326,,-9.81406938853747
2026-03-10,BA Sul,,boi-gordo-scot-consultoria,309.6666666666667,boi-gordo-b3-prego-regular,2026-03,347.8,347.8,,-38.133333333333326,,-10.964155645006707
2026-03-10,ES,,boi-gordo-scot-consultoria,311.3333333333333,boi-gordo-b3-prego-regular,2026-03,347.8,347.8,,-36.4666666666667,,-10.484953038144535
2026-03-10,GO Goiânia,,boi-gordo-scot-consultoria,320.1666666666667,boi-gordo-b3-prego-regular,2026-03,347.8,347.8,,-27.633333333333326,,-7.945179221774964
2026-03-10,GO Reg. Sul,,boi-gordo-scot-consultoria,318.1666666666667,boi-gordo-b3-prego-regular,2026-03,347.8,347.8,,-29.633333333333326,,-8.520222350009583
2026-03-10,Indicador ESALQ/SP,SP,boi-gordo-indicador-esalq-bmf,346.8,boi-gordo-b3-prego-regular,2026-03,347.8,347.8,,-1.0,,-0.2875215641173088
2026-03-10,MA Oeste,,boi-gordo-scot-consultoria,319.1666666666667,boi-gordo-b3-prego-regular,2026-03,347.8,347.8,,-28.633333333333326,,-8.232700785892273
2026-03-10,MG B.Horizonte,,boi-gordo-scot-consultoria,320.1666666666667,boi-gordo-b3-prego-regular,2026-03,347.8,347.8,,-27.633333333333326,,-7.945179221774964
2026-03-10,MG Norte,,boi-gordo-scot-consultoria,321.1666666666667,boi-gordo-b3-prego-regular,2026-03,347.8,347.8,,-26.633333333333326,,-7.657657657657656
2026-03-10,MG Sul,,boi-gordo-scot-consultoria,319.5,boi-gordo-b3-prego-regular,2026-03,347.8,347.8,,-28.30000000000001,,-8.136860264519843
2026-03-10,MG Triângulo,,boi-gordo-scot-consultoria,317.8333333333333,boi-gordo-b3-prego-regular,2026-03,347.8,347.8,,-29.966666666666697,,-8.616062871382029
2026-03-10,MS C. Grande,,boi-gordo-scot-consultoria,324.5,boi-gordo-b3-prego-regular,2026-03,347.8,347.8,,-23.30000000000001,,-6.6992524439332986
2026-03-10,MS Dourados,,boi-gordo-scot-consultoria,324.5,boi-gordo-b3-prego-regular,2026-03,347.8,347.8,,-23.30000000000001,,-6.6992524439332986
2026-03-10,MS Três Lagoas,,boi-gordo-scot-consultoria,320.8333333333333,boi-gordo-b3-prego-regular,2026-03,347.8,347.8,,-26.966666666666697,,-7.753498179030102
2026-03-10,MT Cuiabá*,,boi-gordo-scot-consultoria,323.1666666666667,boi-gordo-b3-prego-regular,2026-03,347.8,347.8,,-24.633333333333326,,-7.082614529423038
2026-03-10,MT Norte,,boi-gordo-scot-consultoria,322.5,boi-gordo-b3-prego-regular,2026-03,347.8,347.8,,-25.30000000000001,,-7.274295572167916
2026-03-10,MT Sudeste,,boi-gordo-scot-consultoria,323.8333333333333,boi-gordo-b3-prego-regular,2026-03,347.8,347.8,,-23.966666666666697,,-6.890933486678176
2026-03-10,MT Sudoeste,,boi-gordo-scot-consultoria,323.8333333333333,boi-gordo-b3-prego-regular,2026-03,347.8,347.8,,-23.966666666666697,,-6.890933486678176
2026-03-10,PA Marabá,,boi-gordo-scot-consultoria,312.6666666666667,boi-gordo-b3-prego-regular,2026-03,347.8,347.8,,-35.133333333333326,,-10.10159095265478
2026-03-10,PA Paragominas,,boi-gordo-scot-consultoria,320.1666666666667,boi-gordo-b3-prego-regular,2026-03,347.8,347.8,,-27.633333333333326,,-7.945179221774964
2026-03-10,PA Redenção,,boi-gordo-scot-consultoria,311.3333333333333,boi-gordo-b3-prego-regular,2026-03,347.8,347.8,,-36.4666666666667,,-10.484953038144535
2026-03-10,PR Noroeste,,boi-gordo-scot-consultoria,336.1666666666667,boi-gordo-b3-prego-regular,2026-03,347.8,347.8,,-11.633333333333326,,-3.3448341958980237
2026-03-10,RJ,,boi-gordo-scot-consultoria,331.5,boi-gordo-b3-prego-regular,2026-03,347.8,347.8,,-16.30000000000001,,-4.686601495112137
2026-03-10,RO Sudeste,,boi-gordo-scot-consultoria,295.3333333333333,boi-gordo-b3-prego-regular,2026-03,347.8,347.8,,-52.4666666666667,,-15.085298064021476
2026-03-10,RS Oeste,,boi-gordo-scot-consultoria,171.0,boi-gordo-b3-prego-regular,2026-03,347.8,347.8,,-176.8,,-50.83381253594019
2026-03-10,RS Pelotas,,boi-gordo-scot-consultoria,166.0,boi-gordo-b3-prego-regular,2026-03,347.8,347.8,,-181.8,,-52.27142035652675
2026-03-10,Roraima,RR,boi-gordo-scot-consultoria,291.3333333333333,boi-gordo-b3-prego-regular,2026-03,347.8,347.8,,-56.4666666666667,,-16.235384320490713
2026-03-10,SC,,boi-gordo-scot-consultoria,337.8333333333333,boi-gordo-b3-prego-regular,2026-03,347.8,347.8,,-9.966666666666697,,-2.865631589035853
2026-03-10,SP Araçatuba,,boi-gordo-scot-consultoria,336.5,boi-gordo-b3-prego-regular,2026-03,347.8,347.8,,-11.300000000000011,,-3.2489936745255923
2026-03-10,SP Barretos,,boi-gordo-scot-consultoria,336.5,boi-gordo-b3-prego-regular,2026-03,347.8,347.8,,-11.300000000000011,,-3.2489936745255923
2026-03-10,TO Norte,,boi-gordo-scot-consultoria,314.6666666666667,boi-gordo-b3-prego-regular,2026-03,347.8,347.8,,-33.133333333333326,,-9.526547824420161
2026-03-10,TO Sul,,boi-gordo-scot-consultoria,314.6666666666667,boi-gordo-b3-prego-regular,2026-03,347.8,347.8,,-33.133333333333326,,-9.526547824420161
2026-03-11,Acre,AC,boi-gordo-scot-consultoria,284.6666666666667,boi-gordo-b3-prego-regular,2026-03,348.95,348.95,,-64.2833333333333,,-18.421932464058834
2026-03-11,Alagoas,AL,boi-gordo-scot-consultoria,325.5,boi-gordo-b3-prego-regular,2026-03,348.95,348.95,,-23.44999999999999,,-6.7201604814443305
2026-03-11,BA Oeste,,boi-gordo-scot-consultoria,313.6666666666667,boi-gordo-b3-prego-regular,2026-03,348.95,348.95,,-35.2833333333333,,-10.111286239671387
2026-03-11,BA Sul,,boi-gordo-scot-consultoria,309.6666666666667,boi-gordo-b3-prego-regular,2026-03,348.95,348.95,,-39.2833333333333,,-11.25758227062138
2026-03-11,ES,,boi-gordo-scot-consultoria,308.0,boi-gordo-b3-prego-regular,2026-03,348.95,348.95,,-40.94999999999999,,-11.735205616850548
2026-03-11,GO Goiânia,,boi-gordo-scot-consultoria,320.1666666666667,boi-gordo-b3-prego-regular,2026-03,348.95,348.95,,-28.783333333333303,,-8.24855518937765
2026-03-11,GO Reg. Sul,,boi-gordo-scot-consultoria,317.0,boi-gordo-b3-prego-regular,2026-03,348.95,348.95,,-31.94999999999999,,-9.156039547213064
2026-03-11,Indicador ESALQ/SP,SP,boi-gordo-indicador-esalq-bmf,347.25,boi-gordo-b3-prego-regular,2026-03,348.95,348.95,,-1.6999999999999886,,-0.48717581315374375
2026-03-11,MA Oeste,,boi-gordo-scot-consultoria,317.8333333333333,boi-gordo-b3-prego-regular,2026-03,348.95,348.95,,-31.116666666666674,,-8.917227874098488
2026-03-11,MG B.Horizonte,,boi-gordo-scot-consultoria,318.1666666666667,boi-gordo-b3-prego-regular,2026-03,348.95,348.95,,-30.783333333333303,,-8.821703204852644
2026-03-11,MG Norte,,boi-gordo-scot-consultoria,319.5,boi-gordo-b3-prego-regular,2026-03,348.95,348.95,,-29.44999999999999,,-8.439604527869319
2026-03-11,MG Sul,,boi-gordo-scot-consultoria,317.5,boi-gordo-b3-prego-regular,2026-03,348.95,348.95,,-31.44999999999999,,-9.012752543344316
2026-03-11,MG Triângulo,,boi-gordo-scot-consultoria,314.6666666666667,boi-gordo-b3-prego-regular,2026-03,348.95,348.95,,-34.2833333333333,,-9.824712231933889
2026-03-11,MS C. Grande,,boi-gordo-scot-consultoria,322.5,boi-gordo-b3-prego-regular,2026-03,348.95,348.95,,-26.44999999999999,,-7.579882504656825
2026-03-11,MS Dourados,,boi-gordo-scot-consultoria,322.5,boi-gordo-b3-prego-regular,2026-03,348.95,348.95,,-26.44999999999999,,-7.579882504656825
2026-03-11,MS Três Lagoas,,boi-gordo-scot-consultoria,320.8333333333333,boi-gordo-b3-prego-regular,2026-03,348.95,348.95,,-28.116666666666674,,-8.057505850885994
2026-03-11,MT Cuiabá*,,boi-gordo-scot-consultoria,322.5,boi-gordo-b3-prego-regular,2026-03,348.95,348.95,,-26.44999999999999,,-7.579882504656825
2026-03-11,MT Norte,,boi-gordo-scot-consultoria,322.5,boi-gordo-b3-prego-regular,2026-03,348.95,348.95,,-26.44999999999999,,-7.579882504656825
2026-03-11,MT Sudeste,,boi-gordo-scot-consultoria,322.5,boi-gordo-b3-prego-regular,2026-03,348.95,348.95,,-26.44999999999999,,-7.579882504656825
2026-03-11,MT Sudoeste,,boi-gordo-scot-consultoria,323.8333333333333,boi-gordo-b3-prego-regular,2026-03,348.95,348.95,,-25.116666666666674,,-7.197783827673499
2026-03-11,PA Marabá,,boi-gordo-scot-consultoria,312.6666666666667,boi-gordo-b3-prego-regular,2026-03,348.95,348.95,,-36.2833333333333,,-10.397860247408886
2026-03-11,PA Paragominas,,boi-gordo-scot-consultoria,320.1666666666667,boi-gordo-b3-prego-regular,2026-03,348.95,348.95,,-28.783333333333303,,-8.24855518937765
2026-03-11,PA Redenção,,boi-gordo-scot-consultoria,311.3333333333333,boi-gordo-b3-prego-regular,2026-03,348.95,348.95,,-37.616666666666674,,-10.779958924392227
2026-03-11,PR Noroeste,,boi-gordo-scot-consultoria,332.8333333333333,boi-gordo-b3-prego-regular,2026-03,348.95,348.95,,-16.116666666666674,,-4.618617758036015
2026-03-11,RJ,,boi-gordo-scot-consultoria,329.5,boi-gordo-b3-prego-regular,2026-03,348.95,348.95,,-19.44999999999999,,-5.573864450494337
2026-03-11,RO Sudeste,,boi-gordo-scot-consultoria,292.0,boi-gordo-b3-prego-regular,2026-03,348.95,348.95,,-56.94999999999999,,-16.32038974065052
2026-03-11,RS Oeste,,boi-gordo-scot-consultoria,170.5,boi-gordo-b3-prego-regular,2026-03,348.95,348.95,,-178.45,,-51.139131680756556
2026-03-11,RS Pelotas,,boi-gordo-scot-consultoria,166.5,boi-gordo-b3-prego-regular,2026-03,348.95,348.95,,-182.45,,-52.28542771170655
2026-03-11,Roraima,RR,boi-gordo-scot-consultoria,291.3333333333333,boi-gordo-b3-prego-regular,2026-03,348.95,348.95,,-57.616666666666674,,-16.51143907914219
2026-03-11,SC,,boi-gordo-scot-consultoria,334.5,boi-gordo-b3-prego-regular,2026-03,348.95,348.95,,-14.449999999999989,,-4.1409944118068465
2026-03-11,SP Araçatuba,,boi-gordo-scot-consultoria,336.5,boi-gordo-b3-prego-regular,2026-03,348.95,348.95,,-12.449999999999989,,-3.5678463963318494
2026-03-11,SP Barretos,,boi-gordo-scot-consultoria,336.5,boi-gordo-b3-prego-regular,2026-03,348.95,348.95,,-12.449999999999989,,-3.5678463963318494
2026-03-11,TO Norte,,boi-gordo-scot-consultoria,314.6666666666667,boi-gordo-b3-prego-regular,2026-03,348.95,348.95,,-34.2833333333333,,-9.824712231933889
2026-03-11,TO Sul,,boi-gordo-scot-consultoria,310.6666666666667,boi-gordo-b3-prego-regular,2026-03,348.95,348.95,,-38.2833333333333,,-10.971008262883881
2026-03-12,Acre,AC,boi-gordo-scot-consultoria,284.6666666666667,boi-gordo-b3-prego-regular,2026-03,350.0,350.0,,-65.33333333333331,,-18.66666666666666
2026-03-12,Alagoas,AL,boi-gordo-scot-consultoria,325.5,boi-gordo-b3-prego-regular,2026-03,350.0,350.0,,-24.5,,-7.000000000000001
2026-03-12,BA Oeste,,boi-gordo-scot-consultoria,313.6666666666667,boi-gordo-b3-prego-regular,2026-03,350.0,350.0,,-36.333333333333314,,-10.380952380952376
2026-03-12,BA Sul,,boi-gordo-scot-consultoria,309.6666666666667,boi-gordo-b3-prego-regular,2026-03,350.0,350.0,,-40.333333333333314,,-11.523809523809518
2026-03-12,ES,,boi-gordo-scot-consultoria,308.0,boi-gordo-b3-prego-regular,2026-03,350.0,350.0,,-42.0,,-12.0
2026-03-12,GO Goiânia,,boi-gordo-scot-consultoria,320.1666666666667,boi-gordo-b3-prego-regular,2026-03,350.0,350.0,,-29.833333333333314,,-8.523809523809518
2026-03-12,GO Reg. Sul,,boi-gordo-scot-consultoria,317.0,boi-gordo-b3-prego-regular,2026-03,350.0,350.0,,-33.0,,-9.428571428571429
2026-03-12,Indicador ESALQ/SP,SP,boi-gordo-indicador-esalq-bmf,347.5,boi-gordo-b3-prego-regular,2026-03,350.0,350.0,,-2.5,,-0.7142857142857143
2026-03-12,MA Oeste,,boi-gordo-scot-consultoria,317.8333333333333,boi-gordo-b3-prego-regular,2026-03,350.0,350.0,,-32.166666666666686,,-9.190476190476197
2026-03-12,MG B.Horizonte,,boi-gordo-scot-consultoria,318.1666666666667,boi-gordo-b3-prego-regular,2026-03,350.0,350.0,,-31.833333333333314,,-9.09523809523809
2026-03-12,MG Norte,,boi-gordo-scot-consultoria,316.3333333333333,boi-gordo-b3-prego-regular,2026-03,350.0,350.0,,-33.666666666666686,,-9.619047619047624
2026-03-12,MG Sul,,boi-gordo-scot-consultoria,316.3333333333333,boi-gordo-b3-prego-regular,2026-03,350.0,350.0,,-33.666666666666686,,-9.619047619047624
2026-03-12,MG Triângulo,,boi-gordo-scot-consultoria,314.6666666666667,boi-gordo-b3-prego-regular,2026-03,350.0,350.0,,-35.333333333333314,,-10.095238095238091
2026-03-12,MS C. Grande,,boi-gordo-scot-consultoria,322.5,boi-gordo-b3-prego-regular,2026-03,350.0,350.0,,-27.5,,-7.857142857142857
2026-03-12,MS Dourados,,boi-gordo-scot-consultoria,322.5,boi-gordo-b3-prego-regular,2026-03,350.0,350.0,,-27.5,,-7.857142857142857
2026-03-12,MS Três Lagoas,,boi-gordo-scot-consultoria,320.8333333333333,boi-gordo-b3-prego-regular,2026-03,350.0,350.0,,-29.166666666666686,,-8.33333333333334
2026-03-12,MT Cuiabá*,,boi-gordo-scot-consultoria,322.5,boi-gordo-b3-prego-regular,2026-03,350.0,350.0,,-27.5,,-7.857142857142857
2026-03-12,MT Norte,,boi-gordo-scot-consultoria,322.5,boi-gordo-b3-prego-regular,2026-03,350.0,350.0,,-27.5,,-7.857142857142857
2026-03-12,MT Sudeste,,boi-gordo-scot-consultoria,322.5,boi-gordo-b3-prego-regular,2026-03,350.0,350.0,,-27.5,,-7.857142857142857
2026-03-12,MT Sudoeste,,boi-gordo-scot-consultoria,323.8333333333333,boi-gordo-b3-prego-regular,2026-03,350.0,350.0,,-26.166666666666686,,-7.4761904761904825
2026-03-12,PA Marabá,,boi-gordo-scot-consultoria,312.6666666666667,boi-gordo-b3-prego-regular,2026-03,350.0,350.0,,-37.333333333333314,,-10.666666666666663
2026-03-12,PA Paragominas,,boi-gordo-scot-consultoria,320.1666666666667,boi-gordo-b3-prego-regular,2026-03,350.0,350.0,,-29.833333333333314,,-8.523809523809518
2026-03-12,PA Redenção,,boi-gordo-scot-consultoria,311.3333333333333,boi-gordo-b3-prego-regular,2026-03,350.0,350.0,,-38.666666666666686,,-11.047619047619053
2026-03-12,PR Noroeste,,boi-gordo-scot-consultoria,332.8333333333333,boi-gordo-b3-prego-regular,2026-03,350.0,350.0,,-17.166666666666686,,-4.90476190476191
2026-03-12,RJ,,boi-gordo-scot-consultoria,329.5,boi-gordo-b3-prego-regular,2026-03,350.0,350.0,,-20.5,,-5.857142857142858
2026-03-12,RO Sudeste,,boi-gordo-scot-consultoria,292.0,boi-gordo-b3-prego-regular,2026-03,350.0,350.0,,-58.0,,-16.57142857142857
2026-03-12,RS Oeste,,boi-gordo-scot-consultoria,170.5,boi-gordo-b3-prego-regular,2026-03,350.0,350.0,,-179.5,,-51.28571428571429
2026-03-12,RS Pelotas,,boi-gordo-scot-consultoria,166.5,boi-gordo-b3-prego-regular,2026-03,350.0,350.0,,-183.5,,-52.42857142857142
2026-03-12,Roraima,RR,boi-gordo-scot-consultoria,291.3333333333333,boi-gordo-b3-prego-regular,2026-03,350.0,350.0,,-58.666666666666686,,-16.761904761904766
2026-03-12,SC,,boi-gordo-scot-consultoria,334.5,boi-gordo-b3-prego-regular,2026-03,350.0,350.0,,-15.5,,-4.428571428571428
2026-03-12,SP Araçatuba,,boi-gordo-scot-consultoria,336.5,boi-gordo-b3-prego-regular,2026-03,350.0,350.0,,-13.5,,-3.8571428571428568
2026-03-12,SP Barretos,,boi-gordo-scot-consultoria,336.5,boi-gordo-b3-prego-regular,2026-03,350.0,350.0,,-13.5,,-3.8571428571428568
2026-03-12,TO Norte,,boi-gordo-scot-consultoria,314.6666666666667,boi-gordo-b3-prego-regular,2026-03,350.0,350.0,,-35.333333333333314,,-10.095238095238091
2026-03-12,TO Sul,,boi-gordo-scot-consultoria,310.6666666666667,boi-gordo-b3-prego-regular,2026-03,350.0,350.0,,-39.333333333333314,,-11.238095238095234
2026-03-13,Acre,AC,boi-gordo-scot-consultoria,284.6666666666667,boi-gordo-b3-prego-regular,2026-03,347.9,347.9,,-63.23333333333329,,-18.17572099262239
2026-03-13,Alagoas,AL,boi-gordo-scot-consultoria,326.1666666666667,boi-gordo-b3-prego-regular,2026-03,347.9,347.9,,-21.73333333333329,,-6.247005844591346
2026-03-13,BA Oeste,,boi-gordo-scot-consultoria,313.6666666666667,boi-gordo-b3-prego-regular,2026-03,347.9,347.9,,-34.23333333333329,,-9.839992334962142
2026-03-13,BA Sul,,boi-gordo-scot-consultoria,309.0,boi-gordo-b3-prego-regular,2026-03,347.9,347.9,,-38.89999999999998,,-11.181373958033912
2026-03-13,ES,,boi-gordo-scot-consultoria,308.0,boi-gordo-b3-prego-regular,2026-03,347.9,347.9,,-39.89999999999998,,-11.468812877263575
2026-03-13,GO Goiânia,,boi-gordo-scot-consultoria,320.1666666666667,boi-gordo-b3-prego-regular,2026-03,347.9,347.9,,-27.73333333333329,,-7.971639359969328
2026-03-13,GO Reg. Sul,,boi-gordo-scot-consultoria,317.0,boi-gordo-b3-prego-regular,2026-03,347.9,347.9,,-30.899999999999977,,-8.881862604196602
2026-03-13,Indicador ESALQ/SP,SP,boi-gordo-indicador-esalq-bmf,346.6,boi-gordo-b3-prego-regular,2026-03,347.9,347.9,,-1.2999999999999545,,-0.37367059499854977
2026-03-13,MA Oeste,,boi-gordo-scot-consultoria,317.8333333333333,boi-gordo-b3-prego-regular,2026-03,347.9,347.9,,-30.066666666666663,,-8.64233017150522
2026-03-13,MG B.Horizonte,,boi-gordo-scot-consultoria,318.1666666666667,boi-gordo-b3-prego-regular,2026-03,347.9,347.9,,-29.73333333333329,,-8.546517198428656
2026-03-13,MG Norte,,boi-gordo-scot-consultoria,314.6666666666667,boi-gordo-b3-prego-regular,2026-03,347.9,347.9,,-33.23333333333329,,-9.55255341573248
2026-03-13,MG Sul,,boi-gordo-scot-consultoria,316.3333333333333,boi-gordo-b3-prego-regular,2026-03,347.9,347.9,,-31.566666666666663,,-9.073488550349715
2026-03-13,MG Triângulo,,boi-gordo-scot-consultoria,314.6666666666667,boi-gordo-b3-prego-regular,2026-03,347.9,347.9,,-33.23333333333329,,-9.55255341573248
2026-03-13,MS C. Grande,,boi-gordo-scot-consultoria,322.5,boi-gordo-b3-prego-regular,2026-03,347.9,347.9,,-25.399999999999977,,-7.3009485484334515
2026-03-13,MS Dourados,,boi-gordo-scot-consultoria,322.5,boi-gordo-b3-prego-regular,2026-03,347.9,347.9,,-25.399999999999977,,-7.3009485484334515
2026-03-13,MS Três Lagoas,,boi-gordo-scot-consultoria,321.5,boi-gordo-b3-prego-regular,2026-03,347.9,347.9,,-26.399999999999977,,-7.588387467663116
2026-03-13,MT Cuiabá*,,boi-gordo-scot-consultoria,322.5,boi-gordo-b3-prego-regular,2026-03,347.9,347.9,,-25.399999999999977,,-7.3009485484334515
2026-03-13,MT Norte,,boi-gordo-scot-consultoria,322.5,boi-gordo-b3-prego-regular,2026-03,347.9,347.9,,-25.399999999999977,,-7.3009485484334515
2026-03-13,MT Sudeste,,boi-gordo-scot-consultoria,322.5,boi-gordo-b3-prego-regular,2026-03,347.9,347.9,,-25.399999999999977,,-7.3009485484334515
2026-03-13,MT Sudoeste,,boi-gordo-scot-consultoria,323.8333333333333,boi-gordo-b3-prego-regular,2026-03,347.9,347.9,,-24.066666666666663,,-6.91769665612724
2026-03-13,PA Marabá,,boi-gordo-scot-consultoria,312.6666666666667,boi-gordo-b3-prego-regular,2026-03,347.9,347.9,,-35.23333333333329,,-10.127431254191805
2026-03-13,PA Paragominas,,boi-gordo-scot-consultoria,320.1666666666667,boi-gordo-b3-prego-regular,2026-03,347.9,347.9,,-27.73333333333329,,-7.971639359969328
2026-03-13,PA Redenção,,boi-gordo-scot-consultoria,311.3333333333333,boi-gordo-b3-prego-regular,2026-03,347.9,347.9,,-36.56666666666666,,-10.510683146498035
2026-03-13,PR Noroeste,,boi-gordo-scot-consultoria,332.8333333333333,boi-gordo-b3-prego-regular,2026-03,347.9,347.9,,-15.066666666666663,,-4.330746383060266
2026-03-13,RJ,,boi-gordo-scot-consultoria,329.5,boi-gordo-b3-prego-regular,2026-03,347.9,347.9,,-18.399999999999977,,-5.288876113825806
2026-03-13,RO Sudeste,,boi-gordo-scot-consultoria,292.0,boi-gordo-b3-prego-regular,2026-03,347.9,347.9,,-55.89999999999998,,-16.067835584938194
2026-03-13,RS Oeste,,boi-gordo-scot-consultoria,170.5,boi-gordo-b3-prego-regular,2026-03,347.9,347.9,,-177.39999999999998,,-50.991664271342344
2026-03-13,RS Pelotas,,boi-gordo-scot-consultoria,166.5,boi-gordo-b3-prego-regular,2026-03,347.9,347.9,,-181.39999999999998,,-52.14141994826099
2026-03-13,Roraima,RR,boi-gordo-scot-consultoria,291.3333333333333,boi-gordo-b3-prego-regular,2026-03,347.9,347.9,,-56.56666666666666,,-16.25946153109131
2026-03-13,SC,,boi-gordo-scot-consultoria,334.5,boi-gordo-b3-prego-regular,2026-03,347.9,347.9,,-13.399999999999977,,-3.8516815176774877
2026-03-13,SP Araçatuba,,boi-gordo-scot-consultoria,336.5,boi-gordo-b3-prego-regular,2026-03,347.9,347.9,,-11.399999999999977,,-3.27680367921816
2026-03-13,SP Barretos,,boi-gordo-scot-consultoria,336.5,boi-gordo-b3-prego-regular,2026-03,347.9,347.9,,-11.399999999999977,,-3.27680367921816
2026-03-13,TO Norte,,boi-gordo-scot-consultoria,314.6666666666667,boi-gordo-b3-prego-regular,2026-03,347.9,347.9,,-33.23333333333329,,-9.55255341573248
2026-03-13,TO Sul,,boi-gordo-scot-consultoria,310.6666666666667,boi-gordo-b3-prego-regular,2026-03,347.9,347.9,,-37.23333333333329,,-10.702309092651134
2026-03-16,Acre,AC,boi-gordo-scot-consultoria,284.6666666666667,boi-gordo-b3-prego-regular,2026-03,348.25,348.25,,-63.583333333333314,,-18.257956448911216
2026-03-16,Alagoas,AL,boi-gordo-scot-consultoria,327.5,boi-gordo-b3-prego-regular,2026-03,348.25,348.25,,-20.75,,-5.958363244795406
2026-03-16,BA Oeste,,boi-gordo-scot-consultoria,313.6666666666667,boi-gordo-b3-prego-regular,2026-03,348.25,348.25,,-34.583333333333314,,-9.930605407992338
2026-03-16,BA Sul,,boi-gordo-scot-consultoria,307.3333333333333,boi-gordo-b3-prego-regular,2026-03,348.25,348.25,,-40.916666666666686,,-11.749222301986126
2026-03-16,ES,,boi-gordo-scot-consultoria,307.3333333333333,boi-gordo-b3-prego-regular,2026-03,348.25,348.25,,-40.916666666666686,,-11.749222301986126
2026-03-16,GO Goiânia,,boi-gordo-scot-consultoria,318.1666666666667,boi-gordo-b3-prego-regular,2026-03,348.25,348.25,,-30.083333333333314,,-8.638430246470442
2026-03-16,GO Reg. Sul,,boi-gordo-scot-consultoria,317.0,boi-gordo-b3-prego-regular,2026-03,348.25,348.25,,-31.25,,-8.973438621679827
2026-03-16,Indicador ESALQ/SP,SP,boi-gordo-indicador-esalq-bmf,346.45,boi-gordo-b3-prego-regular,2026-03,348.25,348.25,,-1.8000000000000114,,-0.5168700646087613
2026-03-16,MA Oeste,,boi-gordo-scot-consultoria,317.8333333333333,boi-gordo-b3-prego-regular,2026-03,348.25,348.25,,-30.416666666666686,,-8.734146925101705
2026-03-16,MG B.Horizonte,,boi-gordo-scot-consultoria,317.5,boi-gordo-b3-prego-regular,2026-03,348.25,348.25,,-30.75,,-8.82986360373295
2026-03-16,MG Norte,,boi-gordo-scot-consultoria,312.6666666666667,boi-gordo-b3-prego-regular,2026-03,348.25,348.25,,-35.583333333333314,,-10.217755443886093
2026-03-16,MG Sul,,boi-gordo-scot-consultoria,316.3333333333333,boi-gordo-b3-prego-regular,2026-03,348.25,348.25,,-31.916666666666686,,-9.164871978942337
2026-03-16,MG Triângulo,,boi-gordo-scot-consultoria,314.6666666666667,boi-gordo-b3-prego-regular,2026-03,348.25,348.25,,-33.583333333333314,,-9.643455372098583
2026-03-16,MS C. Grande,,boi-gordo-scot-consultoria,323.1666666666667,boi-gordo-b3-prego-regular,2026-03,348.25,348.25,,-25.083333333333314,,-7.20268006700167
2026-03-16,MS Dourados,,boi-gordo-scot-consultoria,321.8333333333333,boi-gordo-b3-prego-regular,2026-03,348.25,348.25,,-26.416666666666686,,-7.585546781526686
2026-03-16,MS Três Lagoas,,boi-gordo-scot-consultoria,321.5,boi-gordo-b3-prego-regular,2026-03,348.25,348.25,,-26.75,,-7.681263460157932
2026-03-16,MT Cuiabá*,,boi-gordo-scot-consultoria,324.5,boi-gordo-b3-prego-regular,2026-03,348.25,348.25,,-23.75,,-6.81981335247667
2026-03-16,MT Norte,,boi-gordo-scot-consultoria,322.5,boi-gordo-b3-prego-regular,2026-03,348.25,348.25,,-25.75,,-7.394113424264178
2026-03-16,MT Sudeste,,boi-gordo-scot-consultoria,323.1666666666667,boi-gordo-b3-prego-regular,2026-03,348.25,348.25,,-25.083333333333314,,-7.20268006700167
2026-03-16,MT Sudoeste,,boi-gordo-scot-consultoria,323.8333333333333,boi-gordo-b3-prego-regular,2026-03,348.25,348.25,,-24.416666666666686,,-7.0112467097391775
2026-03-16,PA Marabá,,boi-gordo-scot-consultoria,312.6666666666667,boi-gordo-b3-prego-regular,2026-03,348.25,348.25,,-35.583333333333314,,-10.217755443886093
2026-03-16,PA Paragominas,,boi-gordo-scot-consultoria,320.1666666666667,boi-gordo-b3-prego-regular,2026-03,348.25,348.25,,-28.083333333333314,,-8.064130174682933
2026-03-16,PA Redenção,,boi-gordo-scot-consultoria,311.3333333333333,boi-gordo-b3-prego-regular,2026-03,348.25,348.25,,-36.916666666666686,,-10.60062215841111
2026-03-16,PR Noroeste,,boi-gordo-scot-consultoria,332.8333333333333,boi-gordo-b3-prego-regular,2026-03,348.25,348.25,,-15.416666666666686,,-4.426896386695387
2026-03-16,RJ,,boi-gordo-scot-consultoria,329.5,boi-gordo-b3-prego-regular,2026-03,348.25,348.25,,-18.75,,-5.384063173007897
2026-03-16,RO Sudeste,,boi-gordo-scot-consultoria,295.3333333333333,boi-gordo-b3-prego-regular,2026-03,348.25,348.25,,-52.916666666666686,,-15.19502273271118
2026-03-16,RS Oeste,,boi-gordo-scot-consultoria,170.5,boi-gordo-b3-prego-regular,2026-03,348.25,348.25,,-177.75,,-51.04091888011486
2026-03-16,RS Pelotas,,boi-gordo-scot-consultoria,166.5,boi-gordo-b3-prego-regular,2026-03,348.25,348.25,,-181.75,,-52.189519023689876
2026-03-16,Roraima,RR,boi-gordo-scot-consultoria,289.3333333333333,boi-gordo-b3-prego-regular,2026-03,348.25,348.25,,-58.916666666666686,,-16.91792294807371
2026-03-16,SC,,boi-gordo-scot-consultoria,334.5,boi-gordo-b3-prego-regular,2026-03,348.25,348.25,,-13.75,,-3.9483129935391243
2026-03-16,SP Araçatuba,,boi-gordo-scot-consultoria,336.5,boi-gordo-b3-prego-regular,2026-03,348.25,348.25,,-11.75,,-3.374012921751615
2026-03-16,SP Barretos,,boi-gordo-scot-consultoria,336.5,boi-gordo-b3-prego-regular,2026-03,348.25,348.25,,-11.75,,-3.374012921751615
2026-03-16,TO Norte,,boi-gordo-scot-consultoria,314.6666666666667,boi-gordo-b3-prego-regular,2026-03,348.25,348.25,,-33.583333333333314,,-9.643455372098583
2026-03-16,TO Sul,,boi-gordo-scot-consultoria,309.6666666666667,boi-gordo-b3-prego-regular,2026-03,348.25,348.25,,-38.583333333333314,,-11.079205551567355
2026-03-17,Acre,AC,boi-gordo-scot-consultoria,284.6666666666667,boi-gordo-b3-prego-regular,2026-03,345.55,345.55,,-60.883333333333326,,-17.619254328847727
2026-03-17,Alagoas,AL,boi-gordo-scot-consultoria,327.5,boi-gordo-b3-prego-regular,2026-03,345.55,345.55,,-18.05000000000001,,-5.223556648820724
2026-03-17,BA Oeste,,boi-gordo-scot-consultoria,313.6666666666667,boi-gordo-b3-prego-regular,2026-03,345.55,345.55,,-31.883333333333326,,-9.226836444315822
2026-03-17,BA Sul,,boi-gordo-scot-consultoria,306.0,boi-gordo-b3-prego-regular,2026-03,345.55,345.55,,-39.55000000000001,,-11.445521632180585
2026-03-17,ES,,boi-gordo-scot-consultoria,307.3333333333333,boi-gordo-b3-prego-regular,2026-03,345.55,345.55,,-38.2166666666667,,-11.059663338638893
2026-03-17,GO Goiânia,,boi-gordo-scot-consultoria,317.5,boi-gordo-b3-prego-regular,2026-03,345.55,345.55,,-28.05000000000001,,-8.11749385038345
2026-03-17,GO Reg. Sul,,boi-gordo-scot-consultoria,316.6666666666667,boi-gordo-b3-prego-regular,2026-03,345.55,345.55,,-28.883333333333326,,-8.358655283847005
2026-03-17,Indicador ESALQ/SP,SP,boi-gordo-indicador-esalq-bmf,347.7,boi-gordo-b3-prego-regular,2026-03,345.55,345.55,,2.1499999999999773,,0.6221964983359796
2026-03-17,MA Oeste,,boi-gordo-scot-consultoria,317.8333333333333,boi-gordo-b3-prego-regular,2026-03,345.55,345.55,,-27.716666666666697,,-8.02102927699803
2026-03-17,MG B.Horizonte,,boi-gordo-scot-consultoria,315.6666666666667,boi-gordo-b3-prego-regular,2026-03,345.55,345.55,,-29.883333333333326,,-8.648049004003278
2026-03-17,MG Norte,,boi-gordo-scot-consultoria,312.6666666666667,boi-gordo-b3-prego-regular,2026-03,345.55,345.55,,-32.883333333333326,,-9.516230164472095
2026-03-17,MG Sul,,boi-gordo-scot-consultoria,316.3333333333333,boi-gordo-b3-prego-regular,2026-03,345.55,345.55,,-29.216666666666697,,-8.45511985723244
2026-03-17,MG Triângulo,,boi-gordo-scot-consultoria,315.6666666666667,boi-gordo-b3-prego-regular,2026-03,345.55,345.55,,-29.883333333333326,,-8.648049004003278
2026-03-17,MS C. Grande,,boi-gordo-scot-consultoria,323.1666666666667,boi-gordo-b3-prego-regular,2026-03,345.55,345.55,,-22.383333333333326,,-6.477596102831233
2026-03-17,MS Dourados,,boi-gordo-scot-consultoria,322.5,boi-gordo-b3-prego-regular,2026-03,345.55,345.55,,-23.05000000000001,,-6.670525249602087
2026-03-17,MS Três Lagoas,,boi-gordo-scot-consultoria,322.1666666666667,boi-gordo-b3-prego-regular,2026-03,345.55,345.55,,-23.383333333333326,,-6.766989822987505
2026-03-17,MT Cuiabá*,,boi-gordo-scot-consultoria,326.1666666666667,boi-gordo-b3-prego-regular,2026-03,345.55,345.55,,-19.383333333333326,,-5.609414942362415
2026-03-17,MT Norte,,boi-gordo-scot-consultoria,322.5,boi-gordo-b3-prego-regular,2026-03,345.55,345.55,,-23.05000000000001,,-6.670525249602087
2026-03-17,MT Sudeste,,boi-gordo-scot-consultoria,326.1666666666667,boi-gordo-b3-prego-regular,2026-03,345.55,345.55,,-19.383333333333326,,-5.609414942362415
2026-03-17,MT Sudoeste,,boi-gordo-scot-consultoria,326.1666666666667,boi-gordo-b3-prego-regular,2026-03,345.55,345.55,,-19.383333333333326,,-5.609414942362415
2026-03-17,PA Marabá,,boi-gordo-scot-consultoria,313.3333333333333,boi-gordo-b3-prego-regular,2026-03,345.55,345.55,,-32.2166666666667,,-9.323301017701258
2026-03-17,PA Paragominas,,boi-gordo-scot-consultoria,321.1666666666667,boi-gordo-b3-prego-regular,2026-03,345.55,345.55,,-24.383333333333326,,-7.056383543143778
2026-03-17,PA Redenção,,boi-gordo-scot-consultoria,311.3333333333333,boi-gordo-b3-prego-regular,2026-03,345.55,345.55,,-34.2166666666667,,-9.902088458013802
2026-03-17,PR Noroeste,,boi-gordo-scot-consultoria,332.8333333333333,boi-gordo-b3-prego-regular,2026-03,345.55,345.55,,-12.716666666666697,,-3.6801234746539424
2026-03-17,RJ,,boi-gordo-scot-consultoria,328.8333333333333,boi-gordo-b3-prego-regular,2026-03,345.55,345.55,,-16.716666666666697,,-4.8376983552790325
2026-03-17,RO Sudeste,,boi-gordo-scot-consultoria,296.3333333333333,boi-gordo-b3-prego-regular,2026-03,345.55,345.55,,-49.2166666666667,,-14.242994260357891
2026-03-17,RS Oeste,,boi-gordo-scot-consultoria,170.5,boi-gordo-b3-prego-regular,2026-03,345.55,345.55,,-175.05,,-50.658370713355524
2026-03-17,RS Pelotas,,boi-gordo-scot-consultoria,168.5,boi-gordo-b3-prego-regular,2026-03,345.55,345.55,,-177.05,,-51.23715815366807
2026-03-17,Roraima,RR,boi-gordo-scot-consultoria,288.3333333333333,boi-gordo-b3-prego-regular,2026-03,345.55,345.55,,-57.2166666666667,,-16.558144021608072
2026-03-17,SC,,boi-gordo-scot-consultoria,334.5,boi-gordo-b3-prego-regular,2026-03,345.55,345.55,,-11.050000000000011,,-3.1978006077268155
2026-03-17,SP Araçatuba,,boi-gordo-scot-consultoria,336.5,boi-gordo-b3-prego-regular,2026-03,345.55,345.55,,-9.050000000000011,,-2.6190131674142703
2026-03-17,SP Barretos,,boi-gordo-scot-consultoria,336.5,boi-gordo-b3-prego-regular,2026-03,345.55,345.55,,-9.050000000000011,,-2.6190131674142703
2026-03-17,TO Norte,,boi-gordo-scot-consultoria,314.6666666666667,boi-gordo-b3-prego-regular,2026-03,345.55,345.55,,-30.883333333333326,,-8.937442724159549
2026-03-17,TO Sul,,boi-gordo-scot-consultoria,309.6666666666667,boi-gordo-b3-prego-regular,2026-03,345.55,345.55,,-35.883333333333326,,-10.384411324940913
2026-03-18,Acre,AC,boi-gordo-scot-consultoria,283.3333333333333,boi-gordo-b3-prego-regular,2026-03,347.05,347.05,,-63.7166666666667,,-18.359506315132315
2026-03-18,Alagoas,AL,boi-gordo-scot-consultoria,328.5,boi-gordo-b3-prego-regular,2026-03,347.05,347.05,,-18.55000000000001,,-5.345051145368106
2026-03-18,BA Oeste,,boi-gordo-scot-consultoria,313.0,boi-gordo-b3-prego-regular,2026-03,347.05,347.05,,-34.05000000000001,,-9.811266388128514
2026-03-18,BA Sul,,boi-gordo-scot-consultoria,304.6666666666667,boi-gordo-b3-prego-regular,2026-03,347.05,347.05,,-42.383333333333326,,-12.212457378859911
2026-03-18,ES,,boi-gordo-scot-consultoria,307.3333333333333,boi-gordo-b3-prego-regular,2026-03,347.05,347.05,,-39.7166666666667,,-11.444076261825874
2026-03-18,GO Goiânia,,boi-gordo-scot-consultoria,318.1666666666667,boi-gordo-b3-prego-regular,2026-03,347.05,347.05,,-28.883333333333326,,-8.32252797387504
2026-03-18,GO Reg. Sul,,boi-gordo-scot-consultoria,316.6666666666667,boi-gordo-b3-prego-regular,2026-03,347.05,347.05,,-30.383333333333326,,-8.754742352206693
2026-03-18,Indicador ESALQ/SP,SP,boi-gordo-indicador-esalq-bmf,348.85,boi-gordo-b3-prego-regular,2026-03,347.05,347.05,,1.8000000000000114,,0.5186572539979862
2026-03-18,MA Oeste,,boi-gordo-scot-consultoria,317.8333333333333,boi-gordo-b3-prego-regular,2026-03,347.05,347.05,,-29.216666666666697,,-8.418575613504306
2026-03-18,MG B.Horizonte,,boi-gordo-scot-consultoria,315.6666666666667,boi-gordo-b3-prego-regular,2026-03,347.05,347.05,,-31.383333333333326,,-9.04288527109446
2026-03-18,MG Norte,,boi-gordo-scot-consultoria,312.6666666666667,boi-gordo-b3-prego-regular,2026-03,347.05,347.05,,-34.383333333333326,,-9.907314027757765
2026-03-18,MG Sul,,boi-gordo-scot-consultoria,316.3333333333333,boi-gordo-b3-prego-regular,2026-03,347.05,347.05,,-30.716666666666697,,-8.85078999183596
2026-03-18,MG Triângulo,,boi-gordo-scot-consultoria,317.1666666666667,boi-gordo-b3-prego-regular,2026-03,347.05,347.05,,-29.883333333333326,,-8.610670892762808
2026-03-18,MS C. Grande,,boi-gordo-scot-consultoria,324.5,boi-gordo-b3-prego-regular,2026-03,347.05,347.05,,-22.55000000000001,,-6.497622820919179
2026-03-18,MS Dourados,,boi-gordo-scot-consultoria,323.8333333333333,boi-gordo-b3-prego-regular,2026-03,347.05,347.05,,-23.216666666666697,,-6.689718100177696
2026-03-18,MS Três Lagoas,,boi-gordo-scot-consultoria,322.1666666666667,boi-gordo-b3-prego-regular,2026-03,347.05,347.05,,-24.883333333333326,,-7.169956298323966
2026-03-18,MT Cuiabá*,,boi-gordo-scot-consultoria,327.8333333333333,boi-gordo-b3-prego-regular,2026-03,347.05,347.05,,-19.216666666666697,,-5.5371464246266235
2026-03-18,MT Norte,,boi-gordo-scot-consultoria,323.1666666666667,boi-gordo-b3-prego-regular,2026-03,347.05,347.05,,-23.883333333333326,,-6.881813379436198
2026-03-18,MT Sudeste,,boi-gordo-scot-consultoria,327.5,boi-gordo-b3-prego-regular,2026-03,347.05,347.05,,-19.55000000000001,,-5.633194064255874
2026-03-18,MT Sudoeste,,boi-gordo-scot-consultoria,326.8333333333333,boi-gordo-b3-prego-regular,2026-03,347.05,347.05,,-20.216666666666697,,-5.825289343514392
2026-03-18,PA Marabá,,boi-gordo-scot-consultoria,316.0,boi-gordo-b3-prego-regular,2026-03,347.05,347.05,,-31.05000000000001,,-8.94683763146521
2026-03-18,PA Paragominas,,boi-gordo-scot-consultoria,321.5,boi-gordo-b3-prego-regular,2026-03,347.05,347.05,,-25.55000000000001,,-7.362051577582484
2026-03-18,PA Redenção,,boi-gordo-scot-consultoria,312.0,boi-gordo-b3-prego-regular,2026-03,347.05,347.05,,-35.05000000000001,,-10.099409307016282
2026-03-18,PR Noroeste,,boi-gordo-scot-consultoria,332.8333333333333,boi-gordo-b3-prego-regular,2026-03,347.05,347.05,,-14.216666666666697,,-4.096431830187782
2026-03-18,RJ,,boi-gordo-scot-consultoria,326.8333333333333,boi-gordo-b3-prego-regular,2026-03,347.05,347.05,,-20.216666666666697,,-5.825289343514392
2026-03-18,RO Sudeste,,boi-gordo-scot-consultoria,297.0,boi-gordo-b3-prego-regular,2026-03,347.05,347.05,,-50.05000000000001,,-14.421553090332809
2026-03-18,RS Oeste,,boi-gordo-scot-consultoria,170.5,boi-gordo-b3-prego-regular,2026-03,347.05,347.05,,-176.55,,-50.871632329635496
2026-03-18,RS Pelotas,,boi-gordo-scot-consultoria,168.5,boi-gordo-b3-prego-regular,2026-03,347.05,347.05,,-178.55,,-51.44791816741103
2026-03-18,Roraima,RR,boi-gordo-scot-consultoria,285.8333333333333,boi-gordo-b3-prego-regular,2026-03,347.05,347.05,,-61.2166666666667,,-17.639149017912892
2026-03-18,SC,,boi-gordo-scot-consultoria,334.5,boi-gordo-b3-prego-regular,2026-03,347.05,347.05,,-12.550000000000011,,-3.6161936320414956
2026-03-18,SP Araçatuba,,boi-gordo-scot-consultoria,336.5,boi-gordo-b3-prego-regular,2026-03,347.05,347.05,,-10.550000000000011,,-3.039907794265959
2026-03-18,SP Barretos,,boi-gordo-scot-consultoria,336.5,boi-gordo-b3-prego-regular,2026-03,347.05,347.05,,-10.550000000000011,,-3.039907794265959
2026-03-18,TO Norte,,boi-gordo-scot-consultoria,314.6666666666667,boi-gordo-b3-prego-regular,2026-03,347.05,347.05,,-32.383333333333326,,-9.331028189982229
2026-03-18,TO Sul,,boi-gordo-scot-consultoria,310.3333333333333,boi-gordo-b3-prego-regular,2026-03,347.05,347.05,,-36.7166666666667,,-10.57964750516257
2026-03-19,Acre,AC,boi-gordo-scot-consultoria,283.3333333333333,boi-gordo-b3-prego-regular,2026-03,350.95,350.95,,-67.61666666666667,,-19.2667521489291
2026-03-19,Alagoas,AL,boi-gordo-scot-consultoria,328.5,boi-gordo-b3-prego-regular,2026-03,350.95,350.95,,-22.44999999999999,,-6.396922638552498
2026-03-19,BA Oeste,,boi-gordo-scot-consultoria,311.0,boi-gordo-b3-prego-regular,2026-03,350.95,350.95,,-39.94999999999999,,-11.383387947000994
2026-03-19,BA Sul,,boi-gordo-scot-consultoria,304.6666666666667,boi-gordo-b3-prego-regular,2026-03,350.95,350.95,,-46.2833333333333,,-13.188013487201397
2026-03-19,ES,,boi-gordo-scot-consultoria,307.3333333333333,boi-gordo-b3-prego-regular,2026-03,350.95,350.95,,-43.616666666666674,,-12.428171154485447
2026-03-19,GO Goiânia,,boi-gordo-scot-consultoria,318.1666666666667,boi-gordo-b3-prego-regular,2026-03,350.95,350.95,,-32.7833333333333,,-9.341311677826843
2026-03-19,GO Reg. Sul,,boi-gordo-scot-consultoria,316.6666666666667,boi-gordo-b3-prego-regular,2026-03,350.95,350.95,,-34.2833333333333,,-9.76872298997957
2026-03-19,Indicador ESALQ/SP,SP,boi-gordo-indicador-esalq-bmf,349.6,boi-gordo-b3-prego-regular,2026-03,350.95,350.95,,-1.349999999999966,,-0.38467018093744576
2026-03-19,MA Oeste,,boi-gordo-scot-consultoria,317.8333333333333,boi-gordo-b3-prego-regular,2026-03,350.95,350.95,,-33.116666666666674,,-9.436291969416349
2026-03-19,MG B.Horizonte,,boi-gordo-scot-consultoria,315.6666666666667,boi-gordo-b3-prego-regular,2026-03,350.95,350.95,,-35.2833333333333,,-10.053663864748057
2026-03-19,MG Norte,,boi-gordo-scot-consultoria,314.6666666666667,boi-gordo-b3-prego-regular,2026-03,350.95,350.95,,-36.2833333333333,,-10.338604739516542
2026-03-19,MG Sul,,boi-gordo-scot-consultoria,316.3333333333333,boi-gordo-b3-prego-regular,2026-03,350.95,350.95,,-34.616666666666674,,-9.863703281569077
2026-03-19,MG Triângulo,,boi-gordo-scot-consultoria,317.8333333333333,boi-gordo-b3-prego-regular,2026-03,350.95,350.95,,-33.116666666666674,,-9.436291969416349
2026-03-19,MS C. Grande,,boi-gordo-scot-consultoria,325.8333333333333,boi-gordo-b3-prego-regular,2026-03,350.95,350.95,,-25.116666666666674,,-7.156764971268465
2026-03-19,MS Dourados,,boi-gordo-scot-consultoria,324.1666666666667,boi-gordo-b3-prego-regular,2026-03,350.95,350.95,,-26.783333333333303,,-7.631666429215929
2026-03-19,MS Três Lagoas,,boi-gordo-scot-consultoria,324.5,boi-gordo-b3-prego-regular,2026-03,350.95,350.95,,-26.44999999999999,,-7.5366861376264405
2026-03-19,MT Cuiabá*,,boi-gordo-scot-consultoria,328.5,boi-gordo-b3-prego-regular,2026-03,350.95,350.95,,-22.44999999999999,,-6.396922638552498
2026-03-19,MT Norte,,boi-gordo-scot-consultoria,324.5,boi-gordo-b3-prego-regular,2026-03,350.95,350.95,,-26.44999999999999,,-7.5366861376264405
2026-03-19,MT Sudeste,,boi-gordo-scot-consultoria,327.5,boi-gordo-b3-prego-regular,2026-03,350.95,350.95,,-23.44999999999999,,-6.681863513320983
2026-03-19,MT Sudoeste,,boi-gordo-scot-consultoria,326.8333333333333,boi-gordo-b3-prego-regular,2026-03,350.95,350.95,,-24.116666666666674,,-6.871824096499979
2026-03-19,PA Marabá,,boi-gordo-scot-consultoria,317.5,boi-gordo-b3-prego-regular,2026-03,350.95,350.95,,-33.44999999999999,,-9.531272261005839
2026-03-19,PA Paragominas,,boi-gordo-scot-consultoria,322.8333333333333,boi-gordo-b3-prego-regular,2026-03,350.95,350.95,,-28.116666666666674,,-8.011587595573921
2026-03-19,PA Redenção,,boi-gordo-scot-consultoria,314.0,boi-gordo-b3-prego-regular,2026-03,350.95,350.95,,-36.94999999999999,,-10.528565322695538
2026-03-19,PR Noroeste,,boi-gordo-scot-consultoria,332.8333333333333,boi-gordo-b3-prego-regular,2026-03,350.95,350.95,,-18.116666666666674,,-5.162178847889065
2026-03-19,RJ,,boi-gordo-scot-consultoria,326.8333333333333,boi-gordo-b3-prego-regular,2026-03,350.95,350.95,,-24.116666666666674,,-6.871824096499979
2026-03-19,RO Sudeste,,boi-gordo-scot-consultoria,299.0,boi-gordo-b3-prego-regular,2026-03,350.95,350.95,,-51.94999999999999,,-14.802678444222822
2026-03-19,RS Oeste,,boi-gordo-scot-consultoria,170.5,boi-gordo-b3-prego-regular,2026-03,350.95,350.95,,-180.45,,-51.41758085197321
2026-03-19,RS Pelotas,,boi-gordo-scot-consultoria,168.5,boi-gordo-b3-prego-regular,2026-03,350.95,350.95,,-182.45,,-51.98746260151018
2026-03-19,Roraima,RR,boi-gordo-scot-consultoria,285.8333333333333,boi-gordo-b3-prego-regular,2026-03,350.95,350.95,,-65.11666666666667,,-18.554399962007885
2026-03-19,SC,,boi-gordo-scot-consultoria,334.5,boi-gordo-b3-prego-regular,2026-03,350.95,350.95,,-16.44999999999999,,-4.687277389941584
2026-03-19,SP Araçatuba,,boi-gordo-scot-consultoria,336.5,boi-gordo-b3-prego-regular,2026-03,350.95,350.95,,-14.449999999999989,,-4.117395640404613
2026-03-19,SP Barretos,,boi-gordo-scot-consultoria,336.5,boi-gordo-b3-prego-regular,2026-03,350.95,350.95,,-14.449999999999989,,-4.117395640404613
2026-03-19,TO Norte,,boi-gordo-scot-consultoria,314.6666666666667,boi-gordo-b3-prego-regular,2026-03,350.95,350.95,,-36.2833333333333,,-10.338604739516542
2026-03-19,TO Sul,,boi-gordo-scot-consultoria,310.3333333333333,boi-gordo-b3-prego-regular,2026-03,350.95,350.95,,-40.616666666666674,,-11.57334853017999
2026-03-20,Acre,AC,boi-gordo-scot-consultoria,283.3333333333333,boi-gordo-b3-prego-regular,2026-03,354.2,354.2,,-70.86666666666667,,-20.00752870318088
2026-03-20,Alagoas,AL,boi-gordo-scot-consultoria,328.5,boi-gordo-b3-prego-regular,2026-03,354.2,354.2,,-25.69999999999999,,-7.255787690570297
2026-03-20,BA Oeste,,boi-gordo-scot-consultoria,311.0,boi-gordo-b3-prego-regular,2026-03,354.2,354.2,,-43.19999999999999,,-12.19649915302089
2026-03-20,BA Sul,,boi-gordo-scot-consultoria,306.0,boi-gordo-b3-prego-regular,2026-03,354.2,354.2,,-48.19999999999999,,-13.608130999435344
2026-03-20,ES,,boi-gordo-scot-consultoria,307.3333333333333,boi-gordo-b3-prego-regular,2026-03,354.2,354.2,,-46.866666666666674,,-13.231695840391493
2026-03-20,GO Goiânia,,boi-gordo-scot-consultoria,318.1666666666667,boi-gordo-b3-prego-regular,2026-03,354.2,354.2,,-36.0333333333333,,-10.173160173160165
2026-03-20,GO Reg. Sul,,boi-gordo-scot-consultoria,316.6666666666667,boi-gordo-b3-prego-regular,2026-03,354.2,354.2,,-37.5333333333333,,-10.596649727084502
2026-03-20,Indicador ESALQ/SP,SP,boi-gordo-indicador-esalq-bmf,350.65,boi-gordo-b3-prego-regular,2026-03,354.2,354.2,,-3.5500000000000114,,-1.0022586109542664
2026-03-20,MA Oeste,,boi-gordo-scot-consultoria,317.8333333333333,boi-gordo-b3-prego-regular,2026-03,354.2,354.2,,-36.366666666666674,,-10.26726896292114
2026-03-20,MG B.Horizonte,,boi-gordo-scot-consultoria,315.6666666666667,boi-gordo-b3-prego-regular,2026-03,354.2,354.2,,-38.5333333333333,,-10.878976096367394
2026-03-20,MG Norte,,boi-gordo-scot-consultoria,314.6666666666667,boi-gordo-b3-prego-regular,2026-03,354.2,354.2,,-39.5333333333333,,-11.161302465650284
2026-03-20,MG Sul,,boi-gordo-scot-consultoria,316.3333333333333,boi-gordo-b3-prego-regular,2026-03,354.2,354.2,,-37.866666666666674,,-10.690758516845476
2026-03-20,MG Triângulo,,boi-gordo-scot-consultoria,318.5,boi-gordo-b3-prego-regular,2026-03,354.2,354.2,,-35.69999999999999,,-10.079051383399207
2026-03-20,MS C. Grande,,boi-gordo-scot-consultoria,325.8333333333333,boi-gordo-b3-prego-regular,2026-03,354.2,354.2,,-28.366666666666674,,-8.008658008658012
2026-03-20,MS Dourados,,boi-gordo-scot-consultoria,325.5,boi-gordo-b3-prego-regular,2026-03,354.2,354.2,,-28.69999999999999,,-8.102766798418969
2026-03-20,MS Três Lagoas,,boi-gordo-scot-consultoria,325.1666666666667,boi-gordo-b3-prego-regular,2026-03,354.2,354.2,,-29.033333333333303,,-8.196875588179928
2026-03-20,MT Cuiabá*,,boi-gordo-scot-consultoria,329.8333333333333,boi-gordo-b3-prego-regular,2026-03,354.2,354.2,,-24.366666666666674,,-6.879352531526448
2026-03-20,MT Norte,,boi-gordo-scot-consultoria,325.1666666666667,boi-gordo-b3-prego-regular,2026-03,354.2,354.2,,-29.033333333333303,,-8.196875588179928
2026-03-20,MT Sudeste,,boi-gordo-scot-consultoria,327.5,boi-gordo-b3-prego-regular,2026-03,354.2,354.2,,-26.69999999999999,,-7.5381140598531875
2026-03-20,MT Sudoeste,,boi-gordo-scot-consultoria,326.8333333333333,boi-gordo-b3-prego-regular,2026-03,354.2,354.2,,-27.366666666666674,,-7.72633163937512
2026-03-20,PA Marabá,,boi-gordo-scot-consultoria,317.5,boi-gordo-b3-prego-regular,2026-03,354.2,354.2,,-36.69999999999999,,-10.361377752682097
2026-03-20,PA Paragominas,,boi-gordo-scot-consultoria,323.5,boi-gordo-b3-prego-regular,2026-03,354.2,354.2,,-30.69999999999999,,-8.66741953698475
2026-03-20,PA Redenção,,boi-gordo-scot-consultoria,315.3333333333333,boi-gordo-b3-prego-regular,2026-03,354.2,354.2,,-38.866666666666674,,-10.973084886128367
2026-03-20,PR Noroeste,,boi-gordo-scot-consultoria,332.8333333333333,boi-gordo-b3-prego-regular,2026-03,354.2,354.2,,-21.366666666666674,,-6.032373423677774
2026-03-20,RJ,,boi-gordo-scot-consultoria,327.5,boi-gordo-b3-prego-regular,2026-03,354.2,354.2,,-26.69999999999999,,-7.5381140598531875
2026-03-20,RO Sudeste,,boi-gordo-scot-consultoria,299.0,boi-gordo-b3-prego-regular,2026-03,354.2,354.2,,-55.19999999999999,,-15.58441558441558
2026-03-20,RS Oeste,,boi-gordo-scot-consultoria,171.5,boi-gordo-b3-prego-regular,2026-03,354.2,354.2,,-182.7,,-51.581027667984195
2026-03-20,RS Pelotas,,boi-gordo-scot-consultoria,169.5,boi-gordo-b3-prego-regular,2026-03,354.2,354.2,,-184.7,,-52.145680406549964
2026-03-20,Roraima,RR,boi-gordo-scot-consultoria,285.8333333333333,boi-gordo-b3-prego-regular,2026-03,354.2,354.2,,-68.36666666666667,,-19.301712779973652
2026-03-20,SC,,boi-gordo-scot-consultoria,334.5,boi-gordo-b3-prego-regular,2026-03,354.2,354.2,,-19.69999999999999,,-5.56182947487295
2026-03-20,SP Araçatuba,,boi-gordo-scot-consultoria,336.5,boi-gordo-b3-prego-regular,2026-03,354.2,354.2,,-17.69999999999999,,-4.997176736307168
2026-03-20,SP Barretos,,boi-gordo-scot-consultoria,336.5,boi-gordo-b3-prego-regular,2026-03,354.2,354.2,,-17.69999999999999,,-4.997176736307168
2026-03-20,TO Norte,,boi-gordo-scot-consultoria,315.3333333333333,boi-gordo-b3-prego-regular,2026-03,354.2,354.2,,-38.866666666666674,,-10.973084886128367
2026-03-20,TO Sul,,boi-gordo-scot-consultoria,311.6666666666667,boi-gordo-b3-prego-regular,2026-03,354.2,354.2,,-42.5333333333333,,-12.008281573498957
2026-03-23,Acre,AC,boi-gordo-scot-consultoria,283.3333333333333,boi-gordo-b3-prego-regular,2026-03,354.15,354.15,,-70.81666666666666,,-19.996235116946682
2026-03-23,Alagoas,AL,boi-gordo-scot-consultoria,329.1666666666667,boi-gordo-b3-prego-regular,2026-03,354.15,354.15,,-24.98333333333329,,-7.054449621158632
2026-03-23,BA Oeste,,boi-gordo-scot-consultoria,311.0,boi-gordo-b3-prego-regular,2026-03,354.15,354.15,,-43.14999999999998,,-12.18410278130735
2026-03-23,BA Sul,,boi-gordo-scot-consultoria,306.0,boi-gordo-b3-prego-regular,2026-03,354.15,354.15,,-48.14999999999998,,-13.59593392630241
2026-03-23,ES,,boi-gordo-scot-consultoria,307.3333333333333,boi-gordo-b3-prego-regular,2026-03,354.15,354.15,,-46.81666666666666,,-13.219445620970399
2026-03-23,GO Goiânia,,boi-gordo-scot-consultoria,319.1666666666667,boi-gordo-b3-prego-regular,2026-03,354.15,354.15,,-34.98333333333329,,-9.878111911148748
2026-03-23,GO Reg. Sul,,boi-gordo-scot-consultoria,316.6666666666667,boi-gordo-b3-prego-regular,2026-03,354.15,354.15,,-37.48333333333329,,-10.58402748364628
2026-03-23,Indicador ESALQ/SP,SP,boi-gordo-indicador-esalq-bmf,350.7,boi-gordo-b3-prego-regular,2026-03,354.15,354.15,,-3.4499999999999886,,-0.9741634900465873
2026-03-23,MA Oeste,,boi-gordo-scot-consultoria,317.8333333333333,boi-gordo-b3-prego-regular,2026-03,354.15,354.15,,-36.31666666666666,,-10.254600216480775
2026-03-23,MG B.Horizonte,,boi-gordo-scot-consultoria,315.6666666666667,boi-gordo-b3-prego-regular,2026-03,354.15,354.15,,-38.48333333333329,,-10.866393712645289
2026-03-23,MG Norte,,boi-gordo-scot-consultoria,314.6666666666667,boi-gordo-b3-prego-regular,2026-03,354.15,354.15,,-39.48333333333329,,-11.1487599416443
2026-03-23,MG Sul,,boi-gordo-scot-consultoria,316.3333333333333,boi-gordo-b3-prego-regular,2026-03,354.15,354.15,,-37.81666666666666,,-10.678149559979293
2026-03-23,MG Triângulo,,boi-gordo-scot-consultoria,319.5,boi-gordo-b3-prego-regular,2026-03,354.15,354.15,,-34.64999999999998,,-9.783989834815749
2026-03-23,MS C. Grande,,boi-gordo-scot-consultoria,325.8333333333333,boi-gordo-b3-prego-regular,2026-03,354.15,354.15,,-28.316666666666663,,-7.995670384488681
2026-03-23,MS Dourados,,boi-gordo-scot-consultoria,326.1666666666667,boi-gordo-b3-prego-regular,2026-03,354.15,354.15,,-27.98333333333329,,-7.901548308155666
2026-03-23,MS Três Lagoas,,boi-gordo-scot-consultoria,326.5,boi-gordo-b3-prego-regular,2026-03,354.15,354.15,,-27.649999999999977,,-7.807426231822669
2026-03-23,MT Cuiabá*,,boi-gordo-scot-consultoria,331.1666666666667,boi-gordo-b3-prego-regular,2026-03,354.15,354.15,,-22.98333333333329,,-6.489717163160607
2026-03-23,MT Norte,,boi-gordo-scot-consultoria,326.1666666666667,boi-gordo-b3-prego-regular,2026-03,354.15,354.15,,-27.98333333333329,,-7.901548308155666
2026-03-23,MT Sudeste,,boi-gordo-scot-consultoria,329.1666666666667,boi-gordo-b3-prego-regular,2026-03,354.15,354.15,,-24.98333333333329,,-7.054449621158632
2026-03-23,MT Sudoeste,,boi-gordo-scot-consultoria,326.8333333333333,boi-gordo-b3-prego-regular,2026-03,354.15,354.15,,-27.316666666666663,,-7.71330415548967
2026-03-23,PA Marabá,,boi-gordo-scot-consultoria,317.5,boi-gordo-b3-prego-regular,2026-03,354.15,354.15,,-36.64999999999998,,-10.348722292813774
2026-03-23,PA Paragominas,,boi-gordo-scot-consultoria,324.8333333333333,boi-gordo-b3-prego-regular,2026-03,354.15,354.15,,-29.316666666666663,,-8.278036613487693
2026-03-23,PA Redenção,,boi-gordo-scot-consultoria,316.3333333333333,boi-gordo-b3-prego-regular,2026-03,354.15,354.15,,-37.81666666666666,,-10.678149559979293
2026-03-23,PR Noroeste,,boi-gordo-scot-consultoria,332.8333333333333,boi-gordo-b3-prego-regular,2026-03,354.15,354.15,,-21.316666666666663,,-6.0191067814956
2026-03-23,RJ,,boi-gordo-scot-consultoria,327.5,boi-gordo-b3-prego-regular,2026-03,354.15,354.15,,-26.649999999999977,,-7.525060002823657
2026-03-23,RO Sudeste,,boi-gordo-scot-consultoria,300.0,boi-gordo-b3-prego-regular,2026-03,354.15,354.15,,-54.14999999999998,,-15.290131300296478
2026-03-23,RS Oeste,,boi-gordo-scot-consultoria,172.0,boi-gordo-b3-prego-regular,2026-03,354.15,354.15,,-182.14999999999998,,-51.433008612169985
2026-03-23,RS Pelotas,,boi-gordo-scot-consultoria,169.75,boi-gordo-b3-prego-regular,2026-03,354.15,354.15,,-184.39999999999998,,-52.06833262741776
2026-03-23,Roraima,RR,boi-gordo-scot-consultoria,285.8333333333333,boi-gordo-b3-prego-regular,2026-03,354.15,354.15,,-68.31666666666666,,-19.29031954444915
2026-03-23,SC,,boi-gordo-scot-consultoria,334.5,boi-gordo-b3-prego-regular,2026-03,354.15,354.15,,-19.649999999999977,,-5.548496399830574
2026-03-23,SP Araçatuba,,boi-gordo-scot-consultoria,336.5,boi-gordo-b3-prego-regular,2026-03,354.15,354.15,,-17.649999999999977,,-4.983763941832551
2026-03-23,SP Barretos,,boi-gordo-scot-consultoria,336.5,boi-gordo-b3-prego-regular,2026-03,354.15,354.15,,-17.649999999999977,,-4.983763941832551
2026-03-23,TO Norte,,boi-gordo-scot-consultoria,316.8333333333333,boi-gordo-b3-prego-regular,2026-03,354.15,354.15,,-37.31666666666666,,-10.536966445479786
2026-03-23,TO Sul,,boi-gordo-scot-consultoria,312.6666666666667,boi-gordo-b3-prego-regular,2026-03,354.15,354.15,,-41.48333333333329,,-11.713492399642325
2026-03-24,Acre,AC,boi-gordo-scot-consultoria,283.3333333333333,boi-gordo-b3-prego-regular,2026-03,354.0,354.0,,-70.66666666666669,,-19.96233521657251
2026-03-24,Alagoas,AL,boi-gordo-scot-consultoria,331.1666666666667,boi-gordo-b3-prego-regular,2026-03,354.0,354.0,,-22.833333333333314,,-6.450094161958564
2026-03-24,BA Oeste,,boi-gordo-scot-consultoria,311.0,boi-gordo-b3-prego-regular,2026-03,354.0,354.0,,-43.0,,-12.146892655367232
2026-03-24,BA Sul,,boi-gordo-scot-consultoria,306.0,boi-gordo-b3-prego-regular,2026-03,354.0,354.0,,-48.0,,-13.559322033898304
2026-03-24,ES,,boi-gordo-scot-consultoria,308.0,boi-gordo-b3-prego-regular,2026-03,354.0,354.0,,-46.0,,-12.994350282485875
2026-03-24,GO Goiânia,,boi-gordo-scot-consultoria,321.1666666666667,boi-gordo-b3-prego-regular,2026-03,354.0,354.0,,-32.833333333333314,,-9.27495291902071
2026-03-24,GO Reg. Sul,,boi-gordo-scot-consultoria,318.3333333333333,boi-gordo-b3-prego-regular,2026-03,354.0,354.0,,-35.666666666666686,,-10.075329566854997
2026-03-24,Indicador ESALQ/SP,SP,boi-gordo-indicador-esalq-bmf,351.4,boi-gordo-b3-prego-regular,2026-03,354.0,354.0,,-2.6000000000000227,,-0.7344632768361646
2026-03-24,MA Oeste,,boi-gordo-scot-consultoria,317.8333333333333,boi-gordo-b3-prego-regular,2026-03,354.0,354.0,,-36.166666666666686,,-10.216572504708104
2026-03-24,MG B.Horizonte,,boi-gordo-scot-consultoria,315.6666666666667,boi-gordo-b3-prego-regular,2026-03,354.0,354.0,,-38.333333333333314,,-10.82862523540489
2026-03-24,MG Norte,,boi-gordo-scot-consultoria,314.6666666666667,boi-gordo-b3-prego-regular,2026-03,354.0,354.0,,-39.333333333333314,,-11.111111111111107
2026-03-24,MG Sul,,boi-gordo-scot-consultoria,316.3333333333333,boi-gordo-b3-prego-regular,2026-03,354.0,354.0,,-37.666666666666686,,-10.640301318267426
2026-03-24,MG Triângulo,,boi-gordo-scot-consultoria,320.8333333333333,boi-gordo-b3-prego-regular,2026-03,354.0,354.0,,-33.166666666666686,,-9.369114877589459
2026-03-24,MS C. Grande,,boi-gordo-scot-consultoria,327.5,boi-gordo-b3-prego-regular,2026-03,354.0,354.0,,-26.5,,-7.4858757062146895
2026-03-24,MS Dourados,,boi-gordo-scot-consultoria,327.5,boi-gordo-b3-prego-regular,2026-03,354.0,354.0,,-26.5,,-7.4858757062146895
2026-03-24,MS Três Lagoas,,boi-gordo-scot-consultoria,326.5,boi-gordo-b3-prego-regular,2026-03,354.0,354.0,,-27.5,,-7.768361581920905
2026-03-24,MT Cuiabá*,,boi-gordo-scot-consultoria,332.8333333333333,boi-gordo-b3-prego-regular,2026-03,354.0,354.0,,-21.166666666666686,,-5.979284369114883
2026-03-24,MT Norte,,boi-gordo-scot-consultoria,328.1666666666667,boi-gordo-b3-prego-regular,2026-03,354.0,354.0,,-25.833333333333314,,-7.2975517890772075
2026-03-24,MT Sudeste,,boi-gordo-scot-consultoria,330.5,boi-gordo-b3-prego-regular,2026-03,354.0,354.0,,-23.5,,-6.638418079096045
2026-03-24,MT Sudoeste,,boi-gordo-scot-consultoria,326.8333333333333,boi-gordo-b3-prego-regular,2026-03,354.0,354.0,,-27.166666666666686,,-7.6741996233521705
2026-03-24,PA Marabá,,boi-gordo-scot-consultoria,319.5,boi-gordo-b3-prego-regular,2026-03,354.0,354.0,,-34.5,,-9.745762711864407
2026-03-24,PA Paragominas,,boi-gordo-scot-consultoria,327.5,boi-gordo-b3-prego-regular,2026-03,354.0,354.0,,-26.5,,-7.4858757062146895
2026-03-24,PA Redenção,,boi-gordo-scot-consultoria,316.3333333333333,boi-gordo-b3-prego-regular,2026-03,354.0,354.0,,-37.666666666666686,,-10.640301318267426
2026-03-24,PR Noroeste,,boi-gordo-scot-consultoria,332.8333333333333,boi-gordo-b3-prego-regular,2026-03,354.0,354.0,,-21.166666666666686,,-5.979284369114883
2026-03-24,RJ,,boi-gordo-scot-consultoria,327.5,boi-gordo-b3-prego-regular,2026-03,354.0,354.0,,-26.5,,-7.4858757062146895
2026-03-24,RO Sudeste,,boi-gordo-scot-consultoria,302.0,boi-gordo-b3-prego-regular,2026-03,354.0,354.0,,-52.0,,-14.689265536723164
2026-03-24,RS Oeste,,boi-gordo-scot-consultoria,173.75,boi-gordo-b3-prego-regular,2026-03,354.0,354.0,,-180.25,,-50.9180790960452
2026-03-24,RS Pelotas,,boi-gordo-scot-consultoria,170.5,boi-gordo-b3-prego-regular,2026-03,354.0,354.0,,-183.5,,-51.836158192090394
2026-03-24,Roraima,RR,boi-gordo-scot-consultoria,285.8333333333333,boi-gordo-b3-prego-regular,2026-03,354.0,354.0,,-68.16666666666669,,-19.256120527306976
2026-03-24,SC,,boi-gordo-scot-consultoria,334.5,boi-gordo-b3-prego-regular,2026-03,354.0,354.0,,-19.5,,-5.508474576271186
2026-03-24,SP Araçatuba,,boi-gordo-scot-consultoria,338.5,boi-gordo-b3-prego-regular,2026-03,354.0,354.0,,-15.5,,-4.378531073446328
2026-03-24,SP Barretos,,boi-gordo-scot-consultoria,338.5,boi-gordo-b3-prego-regular,2026-03,354.0,354.0,,-15.5,,-4.378531073446328
2026-03-24,TO Norte,,boi-gordo-scot-consultoria,318.1666666666667,boi-gordo-b3-prego-regular,2026-03,354.0,354.0,,-35.833333333333314,,-10.122410546139355
2026-03-24,TO Sul,,boi-gordo-scot-consultoria,312.6666666666667,boi-gordo-b3-prego-regular,2026-03,354.0,354.0,,-41.333333333333314,,-11.676082862523534
2026-03-25,Acre,AC,boi-gordo-scot-consultoria,283.3333333333333,boi-gordo-b3-prego-regular,2026-03,354.7,354.7,,-71.36666666666667,,-20.120289446480598
2026-03-25,Alagoas,AL,boi-gordo-scot-consultoria,331.1666666666667,boi-gordo-b3-prego-regular,2026-03,354.7,354.7,,-23.533333333333303,,-6.634714782445251
2026-03-25,BA Oeste,,boi-gordo-scot-consultoria,311.0,boi-gordo-b3-prego-regular,2026-03,354.7,354.7,,-43.69999999999999,,-12.320270651254578
2026-03-25,BA Sul,,boi-gordo-scot-consultoria,306.6666666666667,boi-gordo-b3-prego-regular,2026-03,354.7,354.7,,-48.0333333333333,,-13.541960342073105
2026-03-25,ES,,boi-gordo-scot-consultoria,309.3333333333333,boi-gordo-b3-prego-regular,2026-03,354.7,354.7,,-45.366666666666674,,-12.790151301569406
2026-03-25,GO Goiânia,,boi-gordo-scot-consultoria,321.8333333333333,boi-gordo-b3-prego-regular,2026-03,354.7,354.7,,-32.866666666666674,,-9.266046424208254
2026-03-25,GO Reg. Sul,,boi-gordo-scot-consultoria,322.8333333333333,boi-gordo-b3-prego-regular,2026-03,354.7,354.7,,-31.866666666666674,,-8.984118034019362
2026-03-25,Indicador ESALQ/SP,SP,boi-gordo-indicador-esalq-bmf,354.65,boi-gordo-b3-prego-regular,2026-03,354.7,354.7,,-0.05000000000001137,,-0.014096419509447808
2026-03-25,MA Oeste,,boi-gordo-scot-consultoria,317.8333333333333,boi-gordo-b3-prego-regular,2026-03,354.7,354.7,,-36.866666666666674,,-10.393759984963822
2026-03-25,MG B.Horizonte,,boi-gordo-scot-consultoria,317.5,boi-gordo-b3-prego-regular,2026-03,354.7,354.7,,-37.19999999999999,,-10.487736115026781
2026-03-25,MG Norte,,boi-gordo-scot-consultoria,316.3333333333333,boi-gordo-b3-prego-regular,2026-03,354.7,354.7,,-38.366666666666674,,-10.81665257024716
2026-03-25,MG Sul,,boi-gordo-scot-consultoria,316.3333333333333,boi-gordo-b3-prego-regular,2026-03,354.7,354.7,,-38.366666666666674,,-10.81665257024716
2026-03-25,MG Triângulo,,boi-gordo-scot-consultoria,321.5,boi-gordo-b3-prego-regular,2026-03,354.7,354.7,,-33.19999999999999,,-9.360022554271213
2026-03-25,MS C. Grande,,boi-gordo-scot-consultoria,327.5,boi-gordo-b3-prego-regular,2026-03,354.7,354.7,,-27.19999999999999,,-7.66845221313786
2026-03-25,MS Dourados,,boi-gordo-scot-consultoria,330.1666666666667,boi-gordo-b3-prego-regular,2026-03,354.7,354.7,,-24.533333333333303,,-6.916643172634143
2026-03-25,MS Três Lagoas,,boi-gordo-scot-consultoria,326.5,boi-gordo-b3-prego-regular,2026-03,354.7,354.7,,-28.19999999999999,,-7.950380603326752
2026-03-25,MT Cuiabá*,,boi-gordo-scot-consultoria,334.8333333333333,boi-gordo-b3-prego-regular,2026-03,354.7,354.7,,-19.866666666666674,,-5.600977351752657
2026-03-25,MT Norte,,boi-gordo-scot-consultoria,330.1666666666667,boi-gordo-b3-prego-regular,2026-03,354.7,354.7,,-24.533333333333303,,-6.916643172634143
2026-03-25,MT Sudeste,,boi-gordo-scot-consultoria,330.5,boi-gordo-b3-prego-regular,2026-03,354.7,354.7,,-24.19999999999999,,-6.822667042571185
2026-03-25,MT Sudoeste,,boi-gordo-scot-consultoria,329.5,boi-gordo-b3-prego-regular,2026-03,354.7,354.7,,-25.19999999999999,,-7.104595432760076
2026-03-25,PA Marabá,,boi-gordo-scot-consultoria,320.5,boi-gordo-b3-prego-regular,2026-03,354.7,354.7,,-34.19999999999999,,-9.641950944460104
2026-03-25,PA Paragominas,,boi-gordo-scot-consultoria,328.8333333333333,boi-gordo-b3-prego-regular,2026-03,354.7,354.7,,-25.866666666666674,,-7.292547692886009
2026-03-25,PA Redenção,,boi-gordo-scot-consultoria,316.3333333333333,boi-gordo-b3-prego-regular,2026-03,354.7,354.7,,-38.366666666666674,,-10.81665257024716
2026-03-25,PR Noroeste,,boi-gordo-scot-consultoria,334.8333333333333,boi-gordo-b3-prego-regular,2026-03,354.7,354.7,,-19.866666666666674,,-5.600977351752657
2026-03-25,RJ,,boi-gordo-scot-consultoria,329.5,boi-gordo-b3-prego-regular,2026-03,354.7,354.7,,-25.19999999999999,,-7.104595432760076
2026-03-25,RO Sudeste,,boi-gordo-scot-consultoria,303.3333333333333,boi-gordo-b3-prego-regular,2026-03,354.7,354.7,,-51.366666666666674,,-14.481721642702755
2026-03-25,RS Oeste,,boi-gordo-scot-consultoria,173.75,boi-gordo-b3-prego-regular,2026-03,354.7,354.7,,-180.95,,-51.01494220468001
2026-03-25,RS Pelotas,,boi-gordo-scot-consultoria,170.5,boi-gordo-b3-prego-regular,2026-03,354.7,354.7,,-184.2,,-51.9312094727939
2026-03-25,Roraima,RR,boi-gordo-scot-consultoria,285.8333333333333,boi-gordo-b3-prego-regular,2026-03,354.7,354.7,,-68.86666666666667,,-19.415468471008364
2026-03-25,SC,,boi-gordo-scot-consultoria,334.5,boi-gordo-b3-prego-regular,2026-03,354.7,354.7,,-20.19999999999999,,-5.694953481815616
2026-03-25,SP Araçatuba,,boi-gordo-scot-consultoria,339.8333333333333,boi-gordo-b3-prego-regular,2026-03,354.7,354.7,,-14.866666666666674,,-4.191335400808197
2026-03-25,SP Barretos,,boi-gordo-scot-consultoria,339.8333333333333,boi-gordo-b3-prego-regular,2026-03,354.7,354.7,,-14.866666666666674,,-4.191335400808197
2026-03-25,TO Norte,,boi-gordo-scot-consultoria,318.8333333333333,boi-gordo-b3-prego-regular,2026-03,354.7,354.7,,-35.866666666666674,,-10.11183159477493
2026-03-25,TO Sul,,boi-gordo-scot-consultoria,313.6666666666667,boi-gordo-b3-prego-regular,2026-03,354.7,354.7,,-41.0333333333333,,-11.568461610750862
2026-03-26,Acre,AC,boi-gordo-scot-consultoria,283.3333333333333,boi-gordo-b3-prego-regular,2026-03,355.0,355.0,,-71.66666666666669,,-20.18779342723005
2026-03-26,Alagoas,AL,boi-gordo-scot-consultoria,331.1666666666667,boi-gordo-b3-prego-regular,2026-03,355.0,355.0,,-23.833333333333314,,-6.713615023474173
2026-03-26,BA Oeste,,boi-gordo-scot-consultoria,313.0,boi-gordo-b3-prego-regular,2026-03,355.0,355.0,,-42.0,,-11.830985915492958
2026-03-26,BA Sul,,boi-gordo-scot-consultoria,309.3333333333333,boi-gordo-b3-prego-regular,2026-03,355.0,355.0,,-45.666666666666686,,-12.86384976525822
2026-03-26,ES,,boi-gordo-scot-consultoria,309.3333333333333,boi-gordo-b3-prego-regular,2026-03,355.0,355.0,,-45.666666666666686,,-12.86384976525822
2026-03-26,GO Goiânia,,boi-gordo-scot-consultoria,323.1666666666667,boi-gordo-b3-prego-regular,2026-03,355.0,355.0,,-31.833333333333314,,-8.967136150234737
2026-03-26,GO Reg. Sul,,boi-gordo-scot-consultoria,324.8333333333333,boi-gordo-b3-prego-regular,2026-03,355.0,355.0,,-30.166666666666686,,-8.49765258215963
2026-03-26,Indicador ESALQ/SP,SP,boi-gordo-indicador-esalq-bmf,355.55,boi-gordo-b3-prego-regular,2026-03,355.0,355.0,,0.5500000000000114,,0.15492957746479194
2026-03-26,MA Oeste,,boi-gordo-scot-consultoria,317.8333333333333,boi-gordo-b3-prego-regular,2026-03,355.0,355.0,,-37.166666666666686,,-10.469483568075123
2026-03-26,MG B.Horizonte,,boi-gordo-scot-consultoria,319.5,boi-gordo-b3-prego-regular,2026-03,355.0,355.0,,-35.5,,-10.0
2026-03-26,MG Norte,,boi-gordo-scot-consultoria,317.5,boi-gordo-b3-prego-regular,2026-03,355.0,355.0,,-37.5,,-10.56338028169014
2026-03-26,MG Sul,,boi-gordo-scot-consultoria,316.3333333333333,boi-gordo-b3-prego-regular,2026-03,355.0,355.0,,-38.666666666666686,,-10.89201877934273
2026-03-26,MG Triângulo,,boi-gordo-scot-consultoria,322.8333333333333,boi-gordo-b3-prego-regular,2026-03,355.0,355.0,,-32.166666666666686,,-9.06103286384977
2026-03-26,MS C. Grande,,boi-gordo-scot-consultoria,329.5,boi-gordo-b3-prego-regular,2026-03,355.0,355.0,,-25.5,,-7.183098591549296
2026-03-26,MS Dourados,,boi-gordo-scot-consultoria,330.8333333333333,boi-gordo-b3-prego-regular,2026-03,355.0,355.0,,-24.166666666666686,,-6.807511737089207
2026-03-26,MS Três Lagoas,,boi-gordo-scot-consultoria,326.5,boi-gordo-b3-prego-regular,2026-03,355.0,355.0,,-28.5,,-8.028169014084508
2026-03-26,MT Cuiabá*,,boi-gordo-scot-consultoria,334.8333333333333,boi-gordo-b3-prego-regular,2026-03,355.0,355.0,,-20.166666666666686,,-5.680751173708925
2026-03-26,MT Norte,,boi-gordo-scot-consultoria,332.5,boi-gordo-b3-prego-regular,2026-03,355.0,355.0,,-22.5,,-6.338028169014084
2026-03-26,MT Sudeste,,boi-gordo-scot-consultoria,331.8333333333333,boi-gordo-b3-prego-regular,2026-03,355.0,355.0,,-23.166666666666686,,-6.525821596244137
2026-03-26,MT Sudoeste,,boi-gordo-scot-consultoria,332.1666666666667,boi-gordo-b3-prego-regular,2026-03,355.0,355.0,,-22.833333333333314,,-6.431924882629103
2026-03-26,PA Marabá,,boi-gordo-scot-consultoria,321.8333333333333,boi-gordo-b3-prego-regular,2026-03,355.0,355.0,,-33.166666666666686,,-9.34272300469484
2026-03-26,PA Paragominas,,boi-gordo-scot-consultoria,330.1666666666667,boi-gordo-b3-prego-regular,2026-03,355.0,355.0,,-24.833333333333314,,-6.995305164319243
2026-03-26,PA Redenção,,boi-gordo-scot-consultoria,316.3333333333333,boi-gordo-b3-prego-regular,2026-03,355.0,355.0,,-38.666666666666686,,-10.89201877934273
2026-03-26,PR Noroeste,,boi-gordo-scot-consultoria,334.8333333333333,boi-gordo-b3-prego-regular,2026-03,355.0,355.0,,-20.166666666666686,,-5.680751173708925
2026-03-26,RJ,,boi-gordo-scot-consultoria,329.5,boi-gordo-b3-prego-regular,2026-03,355.0,355.0,,-25.5,,-7.183098591549296
2026-03-26,RO Sudeste,,boi-gordo-scot-consultoria,303.3333333333333,boi-gordo-b3-prego-regular,2026-03,355.0,355.0,,-51.666666666666686,,-14.553990610328643
2026-03-26,RS Oeste,,boi-gordo-scot-consultoria,173.75,boi-gordo-b3-prego-regular,2026-03,355.0,355.0,,-181.25,,-51.056338028169016
2026-03-26,RS Pelotas,,boi-gordo-scot-consultoria,170.5,boi-gordo-b3-prego-regular,2026-03,355.0,355.0,,-184.5,,-51.97183098591549
2026-03-26,Roraima,RR,boi-gordo-scot-consultoria,285.8333333333333,boi-gordo-b3-prego-regular,2026-03,355.0,355.0,,-69.16666666666669,,-19.48356807511738
2026-03-26,SC,,boi-gordo-scot-consultoria,336.1666666666667,boi-gordo-b3-prego-regular,2026-03,355.0,355.0,,-18.833333333333314,,-5.305164319248821
2026-03-26,SP Araçatuba,,boi-gordo-scot-consultoria,340.8333333333333,boi-gordo-b3-prego-regular,2026-03,355.0,355.0,,-14.166666666666686,,-3.9906103286385033
2026-03-26,SP Barretos,,boi-gordo-scot-consultoria,340.8333333333333,boi-gordo-b3-prego-regular,2026-03,355.0,355.0,,-14.166666666666686,,-3.9906103286385033
2026-03-26,TO Norte,,boi-gordo-scot-consultoria,318.8333333333333,boi-gordo-b3-prego-regular,2026-03,355.0,355.0,,-36.166666666666686,,-10.187793427230051
2026-03-26,TO Sul,,boi-gordo-scot-consultoria,313.6666666666667,boi-gordo-b3-prego-regular,2026-03,355.0,355.0,,-41.333333333333314,,-11.643192488262907
2026-03-27,Acre,AC,boi-gordo-scot-consultoria,283.3333333333333,boi-gordo-b3-prego-regular,2026-03,355.35,355.35,,-72.01666666666671,,-20.26640401482108
2026-03-27,Alagoas,AL,boi-gordo-scot-consultoria,331.1666666666667,boi-gordo-b3-prego-regular,2026-03,355.35,355.35,,-24.183333333333337,,-6.805496927911449
2026-03-27,BA Oeste,,boi-gordo-scot-consultoria,313.0,boi-gordo-b3-prego-regular,2026-03,355.35,355.35,,-42.35000000000002,,-11.917827494019987
2026-03-27,BA Sul,,boi-gordo-scot-consultoria,309.3333333333333,boi-gordo-b3-prego-regular,2026-03,355.35,355.35,,-46.01666666666671,,-12.949674030298777
2026-03-27,ES,,boi-gordo-scot-consultoria,312.0,boi-gordo-b3-prego-regular,2026-03,355.35,355.35,,-43.35000000000002,,-12.199240185732382
2026-03-27,GO Goiânia,,boi-gordo-scot-consultoria,323.1666666666667,boi-gordo-b3-prego-regular,2026-03,355.35,355.35,,-32.18333333333334,,-9.05679846161062
2026-03-27,GO Reg. Sul,,boi-gordo-scot-consultoria,326.1666666666667,boi-gordo-b3-prego-regular,2026-03,355.35,355.35,,-29.183333333333337,,-8.212560386473431
2026-03-27,Indicador ESALQ/SP,SP,boi-gordo-indicador-esalq-bmf,355.45,boi-gordo-b3-prego-regular,2026-03,355.35,355.35,,0.0999999999999659,,0.02814126917123002
2026-03-27,MA Oeste,,boi-gordo-scot-consultoria,317.8333333333333,boi-gordo-b3-prego-regular,2026-03,355.35,355.35,,-37.51666666666671,,-10.55766615074341
2026-03-27,MG B.Horizonte,,boi-gordo-scot-consultoria,319.5,boi-gordo-b3-prego-regular,2026-03,355.35,355.35,,-35.85000000000002,,-10.08864499788941
2026-03-27,MG Norte,,boi-gordo-scot-consultoria,319.5,boi-gordo-b3-prego-regular,2026-03,355.35,355.35,,-35.85000000000002,,-10.08864499788941
2026-03-27,MG Sul,,boi-gordo-scot-consultoria,316.3333333333333,boi-gordo-b3-prego-regular,2026-03,355.35,355.35,,-39.01666666666671,,-10.979785188312004
2026-03-27,MG Triângulo,,boi-gordo-scot-consultoria,323.5,boi-gordo-b3-prego-regular,2026-03,355.35,355.35,,-31.850000000000023,,-8.962994231039826
2026-03-27,MS C. Grande,,boi-gordo-scot-consultoria,329.5,boi-gordo-b3-prego-regular,2026-03,355.35,355.35,,-25.850000000000023,,-7.274518080765449
2026-03-27,MS Dourados,,boi-gordo-scot-consultoria,330.8333333333333,boi-gordo-b3-prego-regular,2026-03,355.35,355.35,,-24.51666666666671,,-6.899301158482259
2026-03-27,MS Três Lagoas,,boi-gordo-scot-consultoria,327.1666666666667,boi-gordo-b3-prego-regular,2026-03,355.35,355.35,,-28.183333333333337,,-7.931147694761035
2026-03-27,MT Cuiabá*,,boi-gordo-scot-consultoria,334.8333333333333,boi-gordo-b3-prego-regular,2026-03,355.35,355.35,,-20.51666666666671,,-5.773650391632674
2026-03-27,MT Norte,,boi-gordo-scot-consultoria,334.5,boi-gordo-b3-prego-regular,2026-03,355.35,355.35,,-20.850000000000023,,-5.867454622203468
2026-03-27,MT Sudeste,,boi-gordo-scot-consultoria,333.8333333333333,boi-gordo-b3-prego-regular,2026-03,355.35,355.35,,-21.51666666666671,,-6.055063083345071
2026-03-27,MT Sudoeste,,boi-gordo-scot-consultoria,332.1666666666667,boi-gordo-b3-prego-regular,2026-03,355.35,355.35,,-23.183333333333337,,-6.5240842361990525
2026-03-27,PA Marabá,,boi-gordo-scot-consultoria,322.5,boi-gordo-b3-prego-regular,2026-03,355.35,355.35,,-32.85000000000002,,-9.244406922752221
2026-03-27,PA Paragominas,,boi-gordo-scot-consultoria,330.1666666666667,boi-gordo-b3-prego-regular,2026-03,355.35,355.35,,-25.183333333333337,,-7.086909619623846
2026-03-27,PA Redenção,,boi-gordo-scot-consultoria,316.3333333333333,boi-gordo-b3-prego-regular,2026-03,355.35,355.35,,-39.01666666666671,,-10.979785188312004
2026-03-27,PR Noroeste,,boi-gordo-scot-consultoria,336.8333333333333,boi-gordo-b3-prego-regular,2026-03,355.35,355.35,,-18.51666666666671,,-5.210825008207882
2026-03-27,RJ,,boi-gordo-scot-consultoria,329.5,boi-gordo-b3-prego-regular,2026-03,355.35,355.35,,-25.850000000000023,,-7.274518080765449
2026-03-27,RO Sudeste,,boi-gordo-scot-consultoria,304.6666666666667,boi-gordo-b3-prego-regular,2026-03,355.35,355.35,,-50.68333333333334,,-14.26293325828995
2026-03-27,RS Oeste,,boi-gordo-scot-consultoria,173.25,boi-gordo-b3-prego-regular,2026-03,355.35,355.35,,-182.10000000000002,,-51.24525116082735
2026-03-27,RS Pelotas,,boi-gordo-scot-consultoria,170.5,boi-gordo-b3-prego-regular,2026-03,355.35,355.35,,-184.85000000000002,,-52.01913606303644
2026-03-27,Roraima,RR,boi-gordo-scot-consultoria,285.8333333333333,boi-gordo-b3-prego-regular,2026-03,355.35,355.35,,-69.51666666666671,,-19.562872285540088
2026-03-27,SC,,boi-gordo-scot-consultoria,337.5,boi-gordo-b3-prego-regular,2026-03,355.35,355.35,,-17.850000000000023,,-5.023216547066279
2026-03-27,SP Araçatuba,,boi-gordo-scot-consultoria,340.8333333333333,boi-gordo-b3-prego-regular,2026-03,355.35,355.35,,-14.516666666666708,,-4.085174241358297
2026-03-27,SP Barretos,,boi-gordo-scot-consultoria,340.8333333333333,boi-gordo-b3-prego-regular,2026-03,355.35,355.35,,-14.516666666666708,,-4.085174241358297
2026-03-27,TO Norte,,boi-gordo-scot-consultoria,319.8333333333333,boi-gordo-b3-prego-regular,2026-03,355.35,355.35,,-35.51666666666671,,-9.994840767318617
2026-03-27,TO Sul,,boi-gordo-scot-consultoria,316.3333333333333,boi-gordo-b3-prego-regular,2026-03,355.35,355.35,,-39.01666666666671,,-10.979785188312004
2026-03-30,Acre,AC,boi-gordo-scot-consultoria,284.3333333333333,boi-gordo-b3-prego-regular,2026-03,355.1,355.1,,-70.76666666666671,,-19.928658593823346
2026-03-30,Alagoas,AL,boi-gordo-scot-consultoria,331.1666666666667,boi-gordo-b3-prego-regular,2026-03,355.1,355.1,,-23.933333333333337,,-6.7398854782690325
2026-03-30,BA Oeste,,boi-gordo-scot-consultoria,313.0,boi-gordo-b3-prego-regular,2026-03,355.1,355.1,,-42.10000000000002,,-11.855815263306118
2026-03-30,BA Sul,,boi-gordo-scot-consultoria,309.3333333333333,boi-gordo-b3-prego-regular,2026-03,355.1,355.1,,-45.76666666666671,,-12.888388247442045
2026-03-30,ES,,boi-gordo-scot-consultoria,312.0,boi-gordo-b3-prego-regular,2026-03,355.1,355.1,,-43.10000000000002,,-12.137426077161368
2026-03-30,GO Goiânia,,boi-gordo-scot-consultoria,325.1666666666667,boi-gordo-b3-prego-regular,2026-03,355.1,355.1,,-29.933333333333337,,-8.429550361400546
2026-03-30,GO Reg. Sul,,boi-gordo-scot-consultoria,326.1666666666667,boi-gordo-b3-prego-regular,2026-03,355.1,355.1,,-28.933333333333337,,-8.147939547545292
2026-03-30,Indicador ESALQ/SP,SP,boi-gordo-indicador-esalq-bmf,355.75,boi-gordo-b3-prego-regular,2026-03,355.1,355.1,,0.6499999999999773,,0.1830470290059074
2026-03-30,MA Oeste,,boi-gordo-scot-consultoria,319.5,boi-gordo-b3-prego-regular,2026-03,355.1,355.1,,-35.60000000000002,,-10.025344973246979
2026-03-30,MG B.Horizonte,,boi-gordo-scot-consultoria,321.1666666666667,boi-gordo-b3-prego-regular,2026-03,355.1,355.1,,-33.93333333333334,,-9.555993616821553
2026-03-30,MG Norte,,boi-gordo-scot-consultoria,321.1666666666667,boi-gordo-b3-prego-regular,2026-03,355.1,355.1,,-33.93333333333334,,-9.555993616821553
2026-03-30,MG Sul,,boi-gordo-scot-consultoria,318.0,boi-gordo-b3-prego-regular,2026-03,355.1,355.1,,-37.10000000000002,,-10.447761194029855
2026-03-30,MG Triângulo,,boi-gordo-scot-consultoria,325.8333333333333,boi-gordo-b3-prego-regular,2026-03,355.1,355.1,,-29.26666666666671,,-8.241809818830388
2026-03-30,MS C. Grande,,boi-gordo-scot-consultoria,330.8333333333333,boi-gordo-b3-prego-regular,2026-03,355.1,355.1,,-24.26666666666671,,-6.833755749554128
2026-03-30,MS Dourados,,boi-gordo-scot-consultoria,333.5,boi-gordo-b3-prego-regular,2026-03,355.1,355.1,,-21.600000000000023,,-6.08279357927345
2026-03-30,MS Três Lagoas,,boi-gordo-scot-consultoria,329.5,boi-gordo-b3-prego-regular,2026-03,355.1,355.1,,-25.600000000000023,,-7.209236834694459
2026-03-30,MT Cuiabá*,,boi-gordo-scot-consultoria,334.8333333333333,boi-gordo-b3-prego-regular,2026-03,355.1,355.1,,-20.26666666666671,,-5.707312494133119
2026-03-30,MT Norte,,boi-gordo-scot-consultoria,334.5,boi-gordo-b3-prego-regular,2026-03,355.1,355.1,,-20.600000000000023,,-5.801182765418198
2026-03-30,MT Sudeste,,boi-gordo-scot-consultoria,334.5,boi-gordo-b3-prego-regular,2026-03,355.1,355.1,,-20.600000000000023,,-5.801182765418198
2026-03-30,MT Sudoeste,,boi-gordo-scot-consultoria,334.5,boi-gordo-b3-prego-regular,2026-03,355.1,355.1,,-20.600000000000023,,-5.801182765418198
2026-03-30,PA Marabá,,boi-gordo-scot-consultoria,324.5,boi-gordo-b3-prego-regular,2026-03,355.1,355.1,,-30.600000000000023,,-8.61729090397072
2026-03-30,PA Paragominas,,boi-gordo-scot-consultoria,331.1666666666667,boi-gordo-b3-prego-regular,2026-03,355.1,355.1,,-23.933333333333337,,-6.7398854782690325
2026-03-30,PA Redenção,,boi-gordo-scot-consultoria,318.0,boi-gordo-b3-prego-regular,2026-03,355.1,355.1,,-37.10000000000002,,-10.447761194029855
2026-03-30,PR Noroeste,,boi-gordo-scot-consultoria,336.8333333333333,boi-gordo-b3-prego-regular,2026-03,355.1,355.1,,-18.26666666666671,,-5.144090866422616
2026-03-30,RJ,,boi-gordo-scot-consultoria,329.5,boi-gordo-b3-prego-regular,2026-03,355.1,355.1,,-25.600000000000023,,-7.209236834694459
2026-03-30,RO Sudeste,,boi-gordo-scot-consultoria,304.6666666666667,boi-gordo-b3-prego-regular,2026-03,355.1,355.1,,-50.43333333333334,,-14.202572045433213
2026-03-30,RS Oeste,,boi-gordo-scot-consultoria,172.75,boi-gordo-b3-prego-regular,2026-03,355.1,355.1,,-182.35000000000002,,-51.351731906505215
2026-03-30,RS Pelotas,,boi-gordo-scot-consultoria,170.5,boi-gordo-b3-prego-regular,2026-03,355.1,355.1,,-184.60000000000002,,-51.985356237679525
2026-03-30,Roraima,RR,boi-gordo-scot-consultoria,285.8333333333333,boi-gordo-b3-prego-regular,2026-03,355.1,355.1,,-69.26666666666671,,-19.506242373040468
2026-03-30,SC,,boi-gordo-scot-consultoria,337.5,boi-gordo-b3-prego-regular,2026-03,355.1,355.1,,-17.600000000000023,,-4.956350323852441
2026-03-30,SP Araçatuba,,boi-gordo-scot-consultoria,342.8333333333333,boi-gordo-b3-prego-regular,2026-03,355.1,355.1,,-12.266666666666708,,-3.4544259832911033
2026-03-30,SP Barretos,,boi-gordo-scot-consultoria,342.8333333333333,boi-gordo-b3-prego-regular,2026-03,355.1,355.1,,-12.266666666666708,,-3.4544259832911033
2026-03-30,TO Norte,,boi-gordo-scot-consultoria,321.1666666666667,boi-gordo-b3-prego-regular,2026-03,355.1,355.1,,-33.93333333333334,,-9.555993616821553
2026-03-30,TO Sul,,boi-gordo-scot-consultoria,318.0,boi-gordo-b3-prego-regular,2026-03,355.1,355.1,,-37.10000000000002,,-10.447761194029855
2026-03-31,Acre,AC,boi-gordo-scot-consultoria,289.0,boi-gordo-b3-prego-regular,2026-04,364.8,364.8,,-75.80000000000001,,-20.778508771929825
2026-03-31,Alagoas,AL,boi-gordo-scot-consultoria,332.8333333333333,boi-gordo-b3-prego-regular,2026-04,364.8,364.8,,-31.966666666666697,,-8.762792397660826
2026-03-31,BA Oeste,,boi-gordo-scot-consultoria,314.1666666666667,boi-gordo-b3-prego-regular,2026-04,364.8,364.8,,-50.633333333333326,,-13.879751461988302
2026-03-31,BA Sul,,boi-gordo-scot-consultoria,309.3333333333333,boi-gordo-b3-prego-regular,2026-04,364.8,364.8,,-55.4666666666667,,-15.204678362573107
2026-03-31,ES,,boi-gordo-scot-consultoria,312.0,boi-gordo-b3-prego-regular,2026-04,364.8,364.8,,-52.80000000000001,,-14.473684210526319
2026-03-31,GO Goiânia,,boi-gordo-scot-consultoria,326.5,boi-gordo-b3-prego-regular,2026-04,364.8,364.8,,-38.30000000000001,,-10.498903508771933
2026-03-31,GO Reg. Sul,,boi-gordo-scot-consultoria,328.1666666666667,boi-gordo-b3-prego-regular,2026-04,364.8,364.8,,-36.633333333333326,,-10.042032163742688
2026-03-31,Indicador ESALQ/SP,SP,boi-gordo-indicador-esalq-bmf,356.0,boi-gordo-b3-prego-regular,2026-04,364.8,364.8,,-8.800000000000011,,-2.412280701754389
2026-03-31,MA Oeste,,boi-gordo-scot-consultoria,326.1666666666667,boi-gordo-b3-prego-regular,2026-04,364.8,364.8,,-38.633333333333326,,-10.590277777777775
2026-03-31,MG B.Horizonte,,boi-gordo-scot-consultoria,322.5,boi-gordo-b3-prego-regular,2026-04,364.8,364.8,,-42.30000000000001,,-11.595394736842108
2026-03-31,MG Norte,,boi-gordo-scot-consultoria,327.8333333333333,boi-gordo-b3-prego-regular,2026-04,364.8,364.8,,-36.9666666666667,,-10.133406432748545
2026-03-31,MG Sul,,boi-gordo-scot-consultoria,321.1666666666667,boi-gordo-b3-prego-regular,2026-04,364.8,364.8,,-43.633333333333326,,-11.960891812865494
2026-03-31,MG Triângulo,,boi-gordo-scot-consultoria,331.1666666666667,boi-gordo-b3-prego-regular,2026-04,364.8,364.8,,-33.633333333333326,,-9.219663742690056
2026-03-31,MS C. Grande,,boi-gordo-scot-consultoria,333.1666666666667,boi-gordo-b3-prego-regular,2026-04,364.8,364.8,,-31.633333333333326,,-8.671418128654969
2026-03-31,MS Dourados,,boi-gordo-scot-consultoria,335.5,boi-gordo-b3-prego-regular,2026-04,364.8,364.8,,-29.30000000000001,,-8.031798245614038
2026-03-31,MS Três Lagoas,,boi-gordo-scot-consultoria,332.1666666666667,boi-gordo-b3-prego-regular,2026-04,364.8,364.8,,-32.633333333333326,,-8.945540935672511
2026-03-31,MT Cuiabá*,,boi-gordo-scot-consultoria,338.1666666666667,boi-gordo-b3-prego-regular,2026-04,364.8,364.8,,-26.633333333333326,,-7.300804093567249
2026-03-31,MT Norte,,boi-gordo-scot-consultoria,335.8333333333333,boi-gordo-b3-prego-regular,2026-04,364.8,364.8,,-28.966666666666697,,-7.940423976608195
2026-03-31,MT Sudeste,,boi-gordo-scot-consultoria,337.8333333333333,boi-gordo-b3-prego-regular,2026-04,364.8,364.8,,-26.966666666666697,,-7.392178362573107
2026-03-31,MT Sudoeste,,boi-gordo-scot-consultoria,336.5,boi-gordo-b3-prego-regular,2026-04,364.8,364.8,,-28.30000000000001,,-7.757675438596494
2026-03-31,PA Marabá,,boi-gordo-scot-consultoria,327.8333333333333,boi-gordo-b3-prego-regular,2026-04,364.8,364.8,,-36.9666666666667,,-10.133406432748545
2026-03-31,PA Paragominas,,boi-gordo-scot-consultoria,335.1666666666667,boi-gordo-b3-prego-regular,2026-04,364.8,364.8,,-29.633333333333326,,-8.123172514619881
2026-03-31,PA Redenção,,boi-gordo-scot-consultoria,322.5,boi-gordo-b3-prego-regular,2026-04,364.8,364.8,,-42.30000000000001,,-11.595394736842108
2026-03-31,PR Noroeste,,boi-gordo-scot-consultoria,338.1666666666667,boi-gordo-b3-prego-regular,2026-04,364.8,364.8,,-26.633333333333326,,-7.300804093567249
2026-03-31,RJ,,boi-gordo-scot-consultoria,332.8333333333333,boi-gordo-b3-prego-regular,2026-04,364.8,364.8,,-31.966666666666697,,-8.762792397660826
2026-03-31,RO Sudeste,,boi-gordo-scot-consultoria,306.3333333333333,boi-gordo-b3-prego-regular,2026-04,364.8,364.8,,-58.4666666666667,,-16.02704678362574
2026-03-31,RS Oeste,,boi-gordo-scot-consultoria,172.75,boi-gordo-b3-prego-regular,2026-04,364.8,364.8,,-192.05,,-52.645285087719294
2026-03-31,RS Pelotas,,boi-gordo-scot-consultoria,170.5,boi-gordo-b3-prego-regular,2026-04,364.8,364.8,,-194.3,,-53.262061403508774
2026-03-31,Roraima,RR,boi-gordo-scot-consultoria,285.8333333333333,boi-gordo-b3-prego-regular,2026-04,364.8,364.8,,-78.9666666666667,,-21.646564327485386
2026-03-31,SC,,boi-gordo-scot-consultoria,337.5,boi-gordo-b3-prego-regular,2026-04,364.8,364.8,,-27.30000000000001,,-7.4835526315789505
2026-03-31,SP Araçatuba,,boi-gordo-scot-consultoria,342.8333333333333,boi-gordo-b3-prego-regular,2026-04,364.8,364.8,,-21.966666666666697,,-6.021564327485388
2026-03-31,SP Barretos,,boi-gordo-scot-consultoria,342.8333333333333,boi-gordo-b3-prego-regular,2026-04,364.8,364.8,,-21.966666666666697,,-6.021564327485388
2026-03-31,TO Norte,,boi-gordo-scot-consultoria,321.8333333333333,boi-gordo-b3-prego-regular,2026-04,364.8,364.8,,-42.9666666666667,,-11.778143274853809
2026-03-31,TO Sul,,boi-gordo-scot-consultoria,321.1666666666667,boi-gordo-b3-prego-regular,2026-04,364.8,364.8,,-43.633333333333326,,-11.960891812865494
2026-04-01,Acre,AC,boi-gordo-scot-consultoria,288.8333333333333,boi-gordo-b3-prego-regular,2026-04,367.15,367.15,,-78.31666666666666,,-21.330972808570518
2026-04-01,Alagoas,AL,boi-gordo-scot-consultoria,337.1666666666667,boi-gordo-b3-prego-regular,2026-04,367.15,367.15,,-29.98333333333329,,-8.166507785192236
2026-04-01,BA Oeste,,boi-gordo-scot-consultoria,314.0,boi-gordo-b3-prego-regular,2026-04,367.15,367.15,,-53.14999999999998,,-14.47637205501838
2026-04-01,BA Sul,,boi-gordo-scot-consultoria,311.1666666666667,boi-gordo-b3-prego-regular,2026-04,367.15,367.15,,-55.98333333333329,,-15.248082073630204
2026-04-01,ES,,boi-gordo-scot-consultoria,311.8333333333333,boi-gordo-b3-prego-regular,2026-04,367.15,367.15,,-55.31666666666666,,-15.066503245721549
2026-04-01,GO Goiânia,,boi-gordo-scot-consultoria,327.8333333333333,boi-gordo-b3-prego-regular,2026-04,367.15,367.15,,-39.31666666666666,,-10.708611375913568
2026-04-01,GO Reg. Sul,,boi-gordo-scot-consultoria,329.5,boi-gordo-b3-prego-regular,2026-04,367.15,367.15,,-37.64999999999998,,-10.2546643061419
2026-04-01,Indicador ESALQ/SP,SP,boi-gordo-indicador-esalq-bmf,358.9,boi-gordo-b3-prego-regular,2026-04,367.15,367.15,,-8.25,,-2.24703799536974
2026-04-01,MA Oeste,,boi-gordo-scot-consultoria,329.1666666666667,boi-gordo-b3-prego-regular,2026-04,367.15,367.15,,-37.98333333333329,,-10.345453720096225
2026-04-01,MG B.Horizonte,,boi-gordo-scot-consultoria,323.8333333333333,boi-gordo-b3-prego-regular,2026-04,367.15,367.15,,-43.31666666666666,,-11.798084343365563
2026-04-01,MG Norte,,boi-gordo-scot-consultoria,327.5,boi-gordo-b3-prego-regular,2026-04,367.15,367.15,,-39.64999999999998,,-10.799400789867896
2026-04-01,MG Sul,,boi-gordo-scot-consultoria,320.8333333333333,boi-gordo-b3-prego-regular,2026-04,367.15,367.15,,-46.31666666666666,,-12.61518906895456
2026-04-01,MG Triângulo,,boi-gordo-scot-consultoria,330.8333333333333,boi-gordo-b3-prego-regular,2026-04,367.15,367.15,,-36.31666666666666,,-9.891506650324573
2026-04-01,MS C. Grande,,boi-gordo-scot-consultoria,334.8333333333333,boi-gordo-b3-prego-regular,2026-04,367.15,367.15,,-32.31666666666666,,-8.802033682872576
2026-04-01,MS Dourados,,boi-gordo-scot-consultoria,336.1666666666667,boi-gordo-b3-prego-regular,2026-04,367.15,367.15,,-30.98333333333329,,-8.438876027055235
2026-04-01,MS Três Lagoas,,boi-gordo-scot-consultoria,333.1666666666667,boi-gordo-b3-prego-regular,2026-04,367.15,367.15,,-33.98333333333329,,-9.25598075264423
2026-04-01,MT Cuiabá*,,boi-gordo-scot-consultoria,337.8333333333333,boi-gordo-b3-prego-regular,2026-04,367.15,367.15,,-29.316666666666663,,-7.9849289572835795
2026-04-01,MT Norte,,boi-gordo-scot-consultoria,337.5,boi-gordo-b3-prego-regular,2026-04,367.15,367.15,,-29.649999999999977,,-8.075718371237908
2026-04-01,MT Sudeste,,boi-gordo-scot-consultoria,337.5,boi-gordo-b3-prego-regular,2026-04,367.15,367.15,,-29.649999999999977,,-8.075718371237908
2026-04-01,MT Sudoeste,,boi-gordo-scot-consultoria,337.8333333333333,boi-gordo-b3-prego-regular,2026-04,367.15,367.15,,-29.316666666666663,,-7.9849289572835795
2026-04-01,PA Marabá,,boi-gordo-scot-consultoria,327.5,boi-gordo-b3-prego-regular,2026-04,367.15,367.15,,-39.64999999999998,,-10.799400789867896
2026-04-01,PA Paragominas,,boi-gordo-scot-consultoria,334.8333333333333,boi-gordo-b3-prego-regular,2026-04,367.15,367.15,,-32.31666666666666,,-8.802033682872576
2026-04-01,PA Redenção,,boi-gordo-scot-consultoria,322.1666666666667,boi-gordo-b3-prego-regular,2026-04,367.15,367.15,,-44.98333333333329,,-12.252031413137217
2026-04-01,PR Noroeste,,boi-gordo-scot-consultoria,337.8333333333333,boi-gordo-b3-prego-regular,2026-04,367.15,367.15,,-29.316666666666663,,-7.9849289572835795
2026-04-01,RJ,,boi-gordo-scot-consultoria,332.5,boi-gordo-b3-prego-regular,2026-04,367.15,367.15,,-34.64999999999998,,-9.437559580552902
2026-04-01,RO Sudeste,,boi-gordo-scot-consultoria,311.1666666666667,boi-gordo-b3-prego-regular,2026-04,367.15,367.15,,-55.98333333333329,,-15.248082073630204
2026-04-01,RS Oeste,,boi-gordo-scot-consultoria,172.5,boi-gordo-b3-prego-regular,2026-04,367.15,367.15,,-194.64999999999998,,-53.016478278632704
2026-04-01,RS Pelotas,,boi-gordo-scot-consultoria,170.25,boi-gordo-b3-prego-regular,2026-04,367.15,367.15,,-196.89999999999998,,-53.629306822824454
2026-04-01,Roraima,RR,boi-gordo-scot-consultoria,285.5,boi-gordo-b3-prego-regular,2026-04,367.15,367.15,,-81.64999999999998,,-22.238866948113845
2026-04-01,SC,,boi-gordo-scot-consultoria,337.1666666666667,boi-gordo-b3-prego-regular,2026-04,367.15,367.15,,-29.98333333333329,,-8.166507785192236
2026-04-01,SP Araçatuba,,boi-gordo-scot-consultoria,343.1666666666667,boi-gordo-b3-prego-regular,2026-04,367.15,367.15,,-23.98333333333329,,-6.532298334014243
2026-04-01,SP Barretos,,boi-gordo-scot-consultoria,343.1666666666667,boi-gordo-b3-prego-regular,2026-04,367.15,367.15,,-23.98333333333329,,-6.532298334014243
2026-04-01,TO Norte,,boi-gordo-scot-consultoria,322.8333333333333,boi-gordo-b3-prego-regular,2026-04,367.15,367.15,,-44.31666666666666,,-12.070452585228562
2026-04-01,TO Sul,,boi-gordo-scot-consultoria,320.8333333333333,boi-gordo-b3-prego-regular,2026-04,367.15,367.15,,-46.31666666666666,,-12.61518906895456
2026-04-02,Acre,AC,boi-gordo-scot-consultoria,292.0,boi-gordo-b3-prego-regular,2026-04,367.1,367.1,,-75.10000000000002,,-20.457640969763013
2026-04-02,Alagoas,AL,boi-gordo-scot-consultoria,337.0,boi-gordo-b3-prego-regular,2026-04,367.1,367.1,,-30.100000000000023,,-8.199400708253886
2026-04-02,BA Oeste,,boi-gordo-scot-consultoria,313.8333333333333,boi-gordo-b3-prego-regular,2026-04,367.1,367.1,,-53.26666666666671,,-14.51012439843822
2026-04-02,BA Sul,,boi-gordo-scot-consultoria,310.8333333333333,boi-gordo-b3-prego-regular,2026-04,367.1,367.1,,-56.26666666666671,,-15.327340415872163
2026-04-02,ES,,boi-gordo-scot-consultoria,313.5,boi-gordo-b3-prego-regular,2026-04,367.1,367.1,,-53.60000000000002,,-14.600926178153099
2026-04-02,GO Goiânia,,boi-gordo-scot-consultoria,330.6666666666667,boi-gordo-b3-prego-regular,2026-04,367.1,367.1,,-36.43333333333334,,-9.924634522836648
2026-04-02,GO Reg. Sul,,boi-gordo-scot-consultoria,330.6666666666667,boi-gordo-b3-prego-regular,2026-04,367.1,367.1,,-36.43333333333334,,-9.924634522836648
2026-04-02,MA Oeste,,boi-gordo-scot-consultoria,329.6666666666667,boi-gordo-b3-prego-regular,2026-04,367.1,367.1,,-37.43333333333334,,-10.197039861981295
2026-04-02,MG B.Horizonte,,boi-gordo-scot-consultoria,327.6666666666667,boi-gordo-b3-prego-regular,2026-04,367.1,367.1,,-39.43333333333334,,-10.741850540270589
2026-04-02,MG Norte,,boi-gordo-scot-consultoria,327.3333333333333,boi-gordo-b3-prego-regular,2026-04,367.1,367.1,,-39.76666666666671,,-10.832652319985483
2026-04-02,MG Sul,,boi-gordo-scot-consultoria,320.6666666666667,boi-gordo-b3-prego-regular,2026-04,367.1,367.1,,-46.43333333333334,,-12.648687914283121
2026-04-02,MG Triângulo,,boi-gordo-scot-consultoria,331.3333333333333,boi-gordo-b3-prego-regular,2026-04,367.1,367.1,,-35.76666666666671,,-9.743030963406893
2026-04-02,MS C. Grande,,boi-gordo-scot-consultoria,335.3333333333333,boi-gordo-b3-prego-regular,2026-04,367.1,367.1,,-31.76666666666671,,-8.653409606828305
2026-04-02,MS Dourados,,boi-gordo-scot-consultoria,338.0,boi-gordo-b3-prego-regular,2026-04,367.1,367.1,,-29.100000000000023,,-7.92699536910924
2026-04-02,MS Três Lagoas,,boi-gordo-scot-consultoria,333.0,boi-gordo-b3-prego-regular,2026-04,367.1,367.1,,-34.10000000000002,,-9.289022064832476
2026-04-02,MT Cuiabá*,,boi-gordo-scot-consultoria,339.0,boi-gordo-b3-prego-regular,2026-04,367.1,367.1,,-28.100000000000023,,-7.654590029964593
2026-04-02,MT Norte,,boi-gordo-scot-consultoria,339.0,boi-gordo-b3-prego-regular,2026-04,367.1,367.1,,-28.100000000000023,,-7.654590029964593
2026-04-02,MT Sudeste,,boi-gordo-scot-consultoria,339.0,boi-gordo-b3-prego-regular,2026-04,367.1,367.1,,-28.100000000000023,,-7.654590029964593
2026-04-02,MT Sudoeste,,boi-gordo-scot-consultoria,342.5,boi-gordo-b3-prego-regular,2026-04,367.1,367.1,,-24.600000000000023,,-6.701171342958327
2026-04-02,PA Marabá,,boi-gordo-scot-consultoria,328.0,boi-gordo-b3-prego-regular,2026-04,367.1,367.1,,-39.10000000000002,,-10.651048760555712
2026-04-02,PA Paragominas,,boi-gordo-scot-consultoria,335.6666666666667,boi-gordo-b3-prego-regular,2026-04,367.1,367.1,,-31.433333333333337,,-8.562607827113412
2026-04-02,PA Redenção,,boi-gordo-scot-consultoria,322.0,boi-gordo-b3-prego-regular,2026-04,367.1,367.1,,-45.10000000000002,,-12.285480795423595
2026-04-02,PR Noroeste,,boi-gordo-scot-consultoria,337.5,boi-gordo-b3-prego-regular,2026-04,367.1,367.1,,-29.600000000000023,,-8.063198038681564
2026-04-02,RJ,,boi-gordo-scot-consultoria,333.0,boi-gordo-b3-prego-regular,2026-04,367.1,367.1,,-34.10000000000002,,-9.289022064832476
2026-04-02,RO Sudeste,,boi-gordo-scot-consultoria,310.8333333333333,boi-gordo-b3-prego-regular,2026-04,367.1,367.1,,-56.26666666666671,,-15.327340415872163
2026-04-02,RS Oeste,,boi-gordo-scot-consultoria,172.75,boi-gordo-b3-prego-regular,2026-04,367.1,367.1,,-194.35000000000002,,-52.9419776627622
2026-04-02,RS Pelotas,,boi-gordo-scot-consultoria,170.0,boi-gordo-b3-prego-regular,2026-04,367.1,367.1,,-197.10000000000002,,-53.69109234540998
2026-04-02,Roraima,RR,boi-gordo-scot-consultoria,285.3333333333333,boi-gordo-b3-prego-regular,2026-04,367.1,367.1,,-81.76666666666671,,-22.273676564060665
2026-04-02,SC,,boi-gordo-scot-consultoria,337.0,boi-gordo-b3-prego-regular,2026-04,367.1,367.1,,-30.100000000000023,,-8.199400708253886
2026-04-02,SP Araçatuba,,boi-gordo-scot-consultoria,347.1666666666667,boi-gordo-b3-prego-regular,2026-04,367.1,367.1,,-19.933333333333337,,-5.429946426949969
2026-04-02,SP Barretos,,boi-gordo-scot-consultoria,347.1666666666667,boi-gordo-b3-prego-regular,2026-04,367.1,367.1,,-19.933333333333337,,-5.429946426949969
2026-04-02,TO Norte,,boi-gordo-scot-consultoria,324.0,boi-gordo-b3-prego-regular,2026-04,367.1,367.1,,-43.10000000000002,,-11.740670117134302
2026-04-02,TO Sul,,boi-gordo-scot-consultoria,323.6666666666667,boi-gordo-b3-prego-regular,2026-04,367.1,367.1,,-43.43333333333334,,-11.831471896849179
2026-04-06,Acre,AC,boi-gordo-scot-consultoria,292.6666666666667,boi-gordo-b3-prego-regular,2026-04,371.75,371.75,,-79.08333333333331,,-21.27325711723828
2026-04-06,Alagoas,AL,boi-gordo-scot-consultoria,339.0,boi-gordo-b3-prego-regular,2026-04,371.75,371.75,,-32.75,,-8.809683927370545
2026-04-06,BA Oeste,,boi-gordo-scot-consultoria,313.8333333333333,boi-gordo-b3-prego-regular,2026-04,371.75,371.75,,-57.916666666666686,,-15.579466487334685
2026-04-06,BA Sul,,boi-gordo-scot-consultoria,311.5,boi-gordo-b3-prego-regular,2026-04,371.75,371.75,,-60.25,,-16.20712844653665
2026-04-06,ES,,boi-gordo-scot-consultoria,313.5,boi-gordo-b3-prego-regular,2026-04,371.75,371.75,,-58.25,,-15.66913248150639
2026-04-06,GO Goiânia,,boi-gordo-scot-consultoria,330.6666666666667,boi-gordo-b3-prego-regular,2026-04,371.75,371.75,,-41.083333333333314,,-11.051333781663299
2026-04-06,GO Reg. Sul,,boi-gordo-scot-consultoria,330.6666666666667,boi-gordo-b3-prego-regular,2026-04,371.75,371.75,,-41.083333333333314,,-11.051333781663299
2026-04-06,Indicador ESALQ/SP,SP,boi-gordo-indicador-esalq-bmf,361.05,boi-gordo-b3-prego-regular,2026-04,371.75,371.75,,-10.699999999999989,,-2.8782784129119
2026-04-06,MA Oeste,,boi-gordo-scot-consultoria,333.0,boi-gordo-b3-prego-regular,2026-04,371.75,371.75,,-38.75,,-10.423671822461332
2026-04-06,MG B.Horizonte,,boi-gordo-scot-consultoria,329.6666666666667,boi-gordo-b3-prego-regular,2026-04,371.75,371.75,,-42.083333333333314,,-11.32033176417843
2026-04-06,MG Norte,,boi-gordo-scot-consultoria,327.3333333333333,boi-gordo-b3-prego-regular,2026-04,371.75,371.75,,-44.416666666666686,,-11.947993723380414
2026-04-06,MG Sul,,boi-gordo-scot-consultoria,320.6666666666667,boi-gordo-b3-prego-regular,2026-04,371.75,371.75,,-51.083333333333314,,-13.74131360681461
2026-04-06,MG Triângulo,,boi-gordo-scot-consultoria,332.0,boi-gordo-b3-prego-regular,2026-04,371.75,371.75,,-39.75,,-10.692669804976463
2026-04-06,MS C. Grande,,boi-gordo-scot-consultoria,338.0,boi-gordo-b3-prego-regular,2026-04,371.75,371.75,,-33.75,,-9.078681909885676
2026-04-06,MS Dourados,,boi-gordo-scot-consultoria,339.6666666666667,boi-gordo-b3-prego-regular,2026-04,371.75,371.75,,-32.083333333333314,,-8.630351939027118
2026-04-06,MS Três Lagoas,,boi-gordo-scot-consultoria,336.0,boi-gordo-b3-prego-regular,2026-04,371.75,371.75,,-35.75,,-9.616677874915938
2026-04-06,MT Cuiabá*,,boi-gordo-scot-consultoria,340.1666666666667,boi-gordo-b3-prego-regular,2026-04,371.75,371.75,,-31.583333333333314,,-8.495852947769553
2026-04-06,MT Norte,,boi-gordo-scot-consultoria,340.1666666666667,boi-gordo-b3-prego-regular,2026-04,371.75,371.75,,-31.583333333333314,,-8.495852947769553
2026-04-06,MT Sudeste,,boi-gordo-scot-consultoria,342.1666666666667,boi-gordo-b3-prego-regular,2026-04,371.75,371.75,,-29.583333333333314,,-7.95785698273929
2026-04-06,MT Sudoeste,,boi-gordo-scot-consultoria,343.8333333333333,boi-gordo-b3-prego-regular,2026-04,371.75,371.75,,-27.916666666666686,,-7.50952701188075
2026-04-06,PA Marabá,,boi-gordo-scot-consultoria,329.0,boi-gordo-b3-prego-regular,2026-04,371.75,371.75,,-42.75,,-11.499663752521856
2026-04-06,PA Paragominas,,boi-gordo-scot-consultoria,337.0,boi-gordo-b3-prego-regular,2026-04,371.75,371.75,,-34.75,,-9.347679892400807
2026-04-06,PA Redenção,,boi-gordo-scot-consultoria,322.6666666666667,boi-gordo-b3-prego-regular,2026-04,371.75,371.75,,-49.083333333333314,,-13.203317641784349
2026-04-06,PR Noroeste,,boi-gordo-scot-consultoria,337.5,boi-gordo-b3-prego-regular,2026-04,371.75,371.75,,-34.25,,-9.213180901143241
2026-04-06,RJ,,boi-gordo-scot-consultoria,333.0,boi-gordo-b3-prego-regular,2026-04,371.75,371.75,,-38.75,,-10.423671822461332
2026-04-06,RO Sudeste,,boi-gordo-scot-consultoria,311.8333333333333,boi-gordo-b3-prego-regular,2026-04,371.75,371.75,,-59.916666666666686,,-16.117462452364943
2026-04-06,RS Oeste,,boi-gordo-scot-consultoria,172.75,boi-gordo-b3-prego-regular,2026-04,371.75,371.75,,-199.0,,-53.5305985205111
2026-04-06,RS Pelotas,,boi-gordo-scot-consultoria,170.0,boi-gordo-b3-prego-regular,2026-04,371.75,371.75,,-201.75,,-54.27034297242771
2026-04-06,Roraima,RR,boi-gordo-scot-consultoria,285.3333333333333,boi-gordo-b3-prego-regular,2026-04,371.75,371.75,,-86.41666666666669,,-23.24590898901592
2026-04-06,SC,,boi-gordo-scot-consultoria,339.0,boi-gordo-b3-prego-regular,2026-04,371.75,371.75,,-32.75,,-8.809683927370545
2026-04-06,SP Araçatuba,,boi-gordo-scot-consultoria,348.5,boi-gordo-b3-prego-regular,2026-04,371.75,371.75,,-23.25,,-6.254203093476798
2026-04-06,SP Barretos,,boi-gordo-scot-consultoria,348.5,boi-gordo-b3-prego-regular,2026-04,371.75,371.75,,-23.25,,-6.254203093476798
2026-04-06,TO Norte,,boi-gordo-scot-consultoria,326.0,boi-gordo-b3-prego-regular,2026-04,371.75,371.75,,-45.75,,-12.30665770006725
2026-04-06,TO Sul,,boi-gordo-scot-consultoria,326.6666666666667,boi-gordo-b3-prego-regular,2026-04,371.75,371.75,,-45.083333333333314,,-12.127325711723824
2026-04-07,Acre,AC,boi-gordo-scot-consultoria,292.6666666666667,boi-gordo-b3-prego-regular,2026-04,368.5,368.5,,-75.83333333333331,,-20.578923563998185
2026-04-07,Alagoas,AL,boi-gordo-scot-consultoria,339.0,boi-gordo-b3-prego-regular,2026-04,368.5,368.5,,-29.5,,-8.005427408412483
2026-04-07,BA Oeste,,boi-gordo-scot-consultoria,315.8333333333333,boi-gordo-b3-prego-regular,2026-04,368.5,368.5,,-52.666666666666686,,-14.292175486205341
2026-04-07,BA Sul,,boi-gordo-scot-consultoria,311.5,boi-gordo-b3-prego-regular,2026-04,368.5,368.5,,-57.0,,-15.468113975576662
2026-04-07,ES,,boi-gordo-scot-consultoria,313.5,boi-gordo-b3-prego-regular,2026-04,368.5,368.5,,-55.0,,-14.925373134328357
2026-04-07,GO Goiânia,,boi-gordo-scot-consultoria,332.0,boi-gordo-b3-prego-regular,2026-04,368.5,368.5,,-36.5,,-9.905020352781547
2026-04-07,GO Reg. Sul,,boi-gordo-scot-consultoria,330.6666666666667,boi-gordo-b3-prego-regular,2026-04,368.5,368.5,,-37.833333333333314,,-10.26684758028041
2026-04-07,Indicador ESALQ/SP,SP,boi-gordo-indicador-esalq-bmf,364.25,boi-gordo-b3-prego-regular,2026-04,368.5,368.5,,-4.25,,-1.1533242876526457
2026-04-07,MA Oeste,,boi-gordo-scot-consultoria,334.0,boi-gordo-b3-prego-regular,2026-04,368.5,368.5,,-34.5,,-9.362279511533243
2026-04-07,MG B.Horizonte,,boi-gordo-scot-consultoria,329.6666666666667,boi-gordo-b3-prego-regular,2026-04,368.5,368.5,,-38.833333333333314,,-10.538218000904562
2026-04-07,MG Norte,,boi-gordo-scot-consultoria,327.3333333333333,boi-gordo-b3-prego-regular,2026-04,368.5,368.5,,-41.166666666666686,,-11.171415649027594
2026-04-07,MG Sul,,boi-gordo-scot-consultoria,324.0,boi-gordo-b3-prego-regular,2026-04,368.5,368.5,,-44.5,,-12.075983717774763
2026-04-07,MG Triângulo,,boi-gordo-scot-consultoria,334.0,boi-gordo-b3-prego-regular,2026-04,368.5,368.5,,-34.5,,-9.362279511533243
2026-04-07,MS C. Grande,,boi-gordo-scot-consultoria,339.1666666666667,boi-gordo-b3-prego-regular,2026-04,368.5,368.5,,-29.333333333333314,,-7.960199004975118
2026-04-07,MS Dourados,,boi-gordo-scot-consultoria,340.8333333333333,boi-gordo-b3-prego-regular,2026-04,368.5,368.5,,-27.666666666666686,,-7.507914970601543
2026-04-07,MS Três Lagoas,,boi-gordo-scot-consultoria,337.3333333333333,boi-gordo-b3-prego-regular,2026-04,368.5,368.5,,-31.166666666666686,,-8.457711442786074
2026-04-07,MT Cuiabá*,,boi-gordo-scot-consultoria,342.1666666666667,boi-gordo-b3-prego-regular,2026-04,368.5,368.5,,-26.333333333333314,,-7.1460877431026635
2026-04-07,MT Norte,,boi-gordo-scot-consultoria,341.5,boi-gordo-b3-prego-regular,2026-04,368.5,368.5,,-27.0,,-7.327001356852103
2026-04-07,MT Sudeste,,boi-gordo-scot-consultoria,342.1666666666667,boi-gordo-b3-prego-regular,2026-04,368.5,368.5,,-26.333333333333314,,-7.1460877431026635
2026-04-07,MT Sudoeste,,boi-gordo-scot-consultoria,345.1666666666667,boi-gordo-b3-prego-regular,2026-04,368.5,368.5,,-23.333333333333314,,-6.331976481230208
2026-04-07,PA Marabá,,boi-gordo-scot-consultoria,331.3333333333333,boi-gordo-b3-prego-regular,2026-04,368.5,368.5,,-37.166666666666686,,-10.085933966530988
2026-04-07,PA Paragominas,,boi-gordo-scot-consultoria,337.0,boi-gordo-b3-prego-regular,2026-04,368.5,368.5,,-31.5,,-8.548168249660787
2026-04-07,PA Redenção,,boi-gordo-scot-consultoria,327.6666666666667,boi-gordo-b3-prego-regular,2026-04,368.5,368.5,,-40.833333333333314,,-11.080958842152867
2026-04-07,PR Noroeste,,boi-gordo-scot-consultoria,337.5,boi-gordo-b3-prego-regular,2026-04,368.5,368.5,,-31.0,,-8.412483039348711
2026-04-07,RJ,,boi-gordo-scot-consultoria,333.6666666666667,boi-gordo-b3-prego-regular,2026-04,368.5,368.5,,-34.833333333333314,,-9.452736318407954
2026-04-07,RO Sudeste,,boi-gordo-scot-consultoria,313.8333333333333,boi-gordo-b3-prego-regular,2026-04,368.5,368.5,,-54.666666666666686,,-14.834916327453646
2026-04-07,RS Oeste,,boi-gordo-scot-consultoria,172.75,boi-gordo-b3-prego-regular,2026-04,368.5,368.5,,-195.75,,-53.120759837177744
2026-04-07,RS Pelotas,,boi-gordo-scot-consultoria,170.0,boi-gordo-b3-prego-regular,2026-04,368.5,368.5,,-198.5,,-53.86702849389417
2026-04-07,Roraima,RR,boi-gordo-scot-consultoria,285.3333333333333,boi-gordo-b3-prego-regular,2026-04,368.5,368.5,,-83.16666666666669,,-22.568973315241976
2026-04-07,SC,,boi-gordo-scot-consultoria,339.0,boi-gordo-b3-prego-regular,2026-04,368.5,368.5,,-29.5,,-8.005427408412483
2026-04-07,SP Araçatuba,,boi-gordo-scot-consultoria,348.5,boi-gordo-b3-prego-regular,2026-04,368.5,368.5,,-20.0,,-5.4274084124830395
2026-04-07,SP Barretos,,boi-gordo-scot-consultoria,348.5,boi-gordo-b3-prego-regular,2026-04,368.5,368.5,,-20.0,,-5.4274084124830395
2026-04-07,TO Norte,,boi-gordo-scot-consultoria,328.0,boi-gordo-b3-prego-regular,2026-04,368.5,368.5,,-40.5,,-10.990502035278155
2026-04-07,TO Sul,,boi-gordo-scot-consultoria,331.0,boi-gordo-b3-prego-regular,2026-04,368.5,368.5,,-37.5,,-10.176390773405698
2026-04-08,Acre,AC,boi-gordo-scot-consultoria,292.6666666666667,boi-gordo-b3-prego-regular,2026-04,361.55,361.55,,-68.88333333333333,,-19.05222882957636
2026-04-08,Alagoas,AL,boi-gordo-scot-consultoria,339.0,boi-gordo-b3-prego-regular,2026-04,361.55,361.55,,-22.55000000000001,,-6.237034988245059
2026-04-08,BA Oeste,,boi-gordo-scot-consultoria,315.8333333333333,boi-gordo-b3-prego-regular,2026-04,361.55,361.55,,-45.7166666666667,,-12.644631908910716
2026-04-08,BA Sul,,boi-gordo-scot-consultoria,311.5,boi-gordo-b3-prego-regular,2026-04,361.55,361.55,,-50.05000000000001,,-13.8431752178122
2026-04-08,ES,,boi-gordo-scot-consultoria,313.5,boi-gordo-b3-prego-regular,2026-04,361.55,361.55,,-48.05000000000001,,-13.29000138293459
2026-04-08,GO Goiânia,,boi-gordo-scot-consultoria,334.0,boi-gordo-b3-prego-regular,2026-04,361.55,361.55,,-27.55000000000001,,-7.619969575439085
2026-04-08,GO Reg. Sul,,boi-gordo-scot-consultoria,332.0,boi-gordo-b3-prego-regular,2026-04,361.55,361.55,,-29.55000000000001,,-8.173143410316696
2026-04-08,Indicador ESALQ/SP,SP,boi-gordo-indicador-esalq-bmf,365.0,boi-gordo-b3-prego-regular,2026-04,361.55,361.55,,3.4499999999999886,,0.9542248651638746
2026-04-08,MA Oeste,,boi-gordo-scot-consultoria,334.0,boi-gordo-b3-prego-regular,2026-04,361.55,361.55,,-27.55000000000001,,-7.619969575439085
2026-04-08,MG B.Horizonte,,boi-gordo-scot-consultoria,330.6666666666667,boi-gordo-b3-prego-regular,2026-04,361.55,361.55,,-30.883333333333326,,-8.541925966901763
2026-04-08,MG Norte,,boi-gordo-scot-consultoria,327.3333333333333,boi-gordo-b3-prego-regular,2026-04,361.55,361.55,,-34.2166666666667,,-9.463882358364458
2026-04-08,MG Sul,,boi-gordo-scot-consultoria,324.0,boi-gordo-b3-prego-regular,2026-04,361.55,361.55,,-37.55000000000001,,-10.385838749827137
2026-04-08,MG Triângulo,,boi-gordo-scot-consultoria,334.0,boi-gordo-b3-prego-regular,2026-04,361.55,361.55,,-27.55000000000001,,-7.619969575439085
2026-04-08,MS C. Grande,,boi-gordo-scot-consultoria,339.1666666666667,boi-gordo-b3-prego-regular,2026-04,361.55,361.55,,-22.383333333333326,,-6.190937168671919
2026-04-08,MS Dourados,,boi-gordo-scot-consultoria,340.8333333333333,boi-gordo-b3-prego-regular,2026-04,361.55,361.55,,-20.716666666666697,,-5.729958972940588
2026-04-08,MS Três Lagoas,,boi-gordo-scot-consultoria,338.5,boi-gordo-b3-prego-regular,2026-04,361.55,361.55,,-23.05000000000001,,-6.375328446964462
2026-04-08,MT Cuiabá*,,boi-gordo-scot-consultoria,344.1666666666667,boi-gordo-b3-prego-regular,2026-04,361.55,361.55,,-17.383333333333326,,-4.8080025814778935
2026-04-08,MT Norte,,boi-gordo-scot-consultoria,342.8333333333333,boi-gordo-b3-prego-regular,2026-04,361.55,361.55,,-18.716666666666697,,-5.176785138062979
2026-04-08,MT Sudeste,,boi-gordo-scot-consultoria,342.8333333333333,boi-gordo-b3-prego-regular,2026-04,361.55,361.55,,-18.716666666666697,,-5.176785138062979
2026-04-08,MT Sudoeste,,boi-gordo-scot-consultoria,345.1666666666667,boi-gordo-b3-prego-regular,2026-04,361.55,361.55,,-16.383333333333326,,-4.531415664039089
2026-04-08,PA Marabá,,boi-gordo-scot-consultoria,333.3333333333333,boi-gordo-b3-prego-regular,2026-04,361.55,361.55,,-28.216666666666697,,-7.804360853731626
2026-04-08,PA Paragominas,,boi-gordo-scot-consultoria,337.6666666666667,boi-gordo-b3-prego-regular,2026-04,361.55,361.55,,-23.883333333333326,,-6.605817544830127
2026-04-08,PA Redenção,,boi-gordo-scot-consultoria,331.0,boi-gordo-b3-prego-regular,2026-04,361.55,361.55,,-30.55000000000001,,-8.4497303277555
2026-04-08,PR Noroeste,,boi-gordo-scot-consultoria,337.5,boi-gordo-b3-prego-regular,2026-04,361.55,361.55,,-24.05000000000001,,-6.651915364403267
2026-04-08,RJ,,boi-gordo-scot-consultoria,333.6666666666667,boi-gordo-b3-prego-regular,2026-04,361.55,361.55,,-27.883333333333326,,-7.712165214585348
2026-04-08,RO Sudeste,,boi-gordo-scot-consultoria,315.8333333333333,boi-gordo-b3-prego-regular,2026-04,361.55,361.55,,-45.7166666666667,,-12.644631908910716
2026-04-08,RS Oeste,,boi-gordo-scot-consultoria,172.75,boi-gordo-b3-prego-regular,2026-04,361.55,361.55,,-188.8,,-52.21961001244642
2026-04-08,RS Pelotas,,boi-gordo-scot-consultoria,170.0,boi-gordo-b3-prego-regular,2026-04,361.55,361.55,,-191.55,,-52.980224035403126
2026-04-08,Roraima,RR,boi-gordo-scot-consultoria,285.3333333333333,boi-gordo-b3-prego-regular,2026-04,361.55,361.55,,-76.2166666666667,,-21.080532890794274
2026-04-08,SC,,boi-gordo-scot-consultoria,342.1666666666667,boi-gordo-b3-prego-regular,2026-04,361.55,361.55,,-19.383333333333326,,-5.361176416355504
2026-04-08,SP Araçatuba,,boi-gordo-scot-consultoria,348.5,boi-gordo-b3-prego-regular,2026-04,361.55,361.55,,-13.050000000000011,,-3.6094592725764105
2026-04-08,SP Barretos,,boi-gordo-scot-consultoria,348.5,boi-gordo-b3-prego-regular,2026-04,361.55,361.55,,-13.050000000000011,,-3.6094592725764105
2026-04-08,TO Norte,,boi-gordo-scot-consultoria,330.0,boi-gordo-b3-prego-regular,2026-04,361.55,361.55,,-31.55000000000001,,-8.726317245194306
2026-04-08,TO Sul,,boi-gordo-scot-consultoria,334.0,boi-gordo-b3-prego-regular,2026-04,361.55,361.55,,-27.55000000000001,,-7.619969575439085
2026-04-09,Acre,AC,boi-gordo-scot-consultoria,293.3333333333333,boi-gordo-b3-prego-regular,2026-04,364.65,364.65,,-71.31666666666666,,-19.557566616390147
2026-04-09,Alagoas,AL,boi-gordo-scot-consultoria,339.6666666666667,boi-gordo-b3-prego-regular,2026-04,364.65,364.65,,-24.98333333333329,,-6.851318616024487
2026-04-09,BA Oeste,,boi-gordo-scot-consultoria,315.8333333333333,boi-gordo-b3-prego-regular,2026-04,364.65,364.65,,-48.81666666666666,,-13.387266328442799
2026-04-09,BA Sul,,boi-gordo-scot-consultoria,311.5,boi-gordo-b3-prego-regular,2026-04,364.65,364.65,,-53.14999999999998,,-14.575620457973393
2026-04-09,ES,,boi-gordo-scot-consultoria,313.5,boi-gordo-b3-prego-regular,2026-04,364.65,364.65,,-51.14999999999998,,-14.027149321266963
2026-04-09,GO Goiânia,,boi-gordo-scot-consultoria,335.3333333333333,boi-gordo-b3-prego-regular,2026-04,364.65,364.65,,-29.316666666666663,,-8.039672745555098
2026-04-09,GO Reg. Sul,,boi-gordo-scot-consultoria,332.0,boi-gordo-b3-prego-regular,2026-04,364.65,364.65,,-32.64999999999998,,-8.953791306732478
2026-04-09,Indicador ESALQ/SP,SP,boi-gordo-indicador-esalq-bmf,365.45,boi-gordo-b3-prego-regular,2026-04,364.65,364.65,,0.8000000000000114,,0.21938845468257545
2026-04-09,MA Oeste,,boi-gordo-scot-consultoria,334.0,boi-gordo-b3-prego-regular,2026-04,364.65,364.65,,-30.649999999999977,,-8.405320170026046
2026-04-09,MG B.Horizonte,,boi-gordo-scot-consultoria,330.6666666666667,boi-gordo-b3-prego-regular,2026-04,364.65,364.65,,-33.98333333333329,,-9.319438731203427
2026-04-09,MG Norte,,boi-gordo-scot-consultoria,327.3333333333333,boi-gordo-b3-prego-regular,2026-04,364.65,364.65,,-37.31666666666666,,-10.233557292380821
2026-04-09,MG Sul,,boi-gordo-scot-consultoria,324.0,boi-gordo-b3-prego-regular,2026-04,364.65,364.65,,-40.64999999999998,,-11.1476758535582
2026-04-09,MG Triângulo,,boi-gordo-scot-consultoria,334.0,boi-gordo-b3-prego-regular,2026-04,364.65,364.65,,-30.649999999999977,,-8.405320170026046
2026-04-09,MS C. Grande,,boi-gordo-scot-consultoria,341.1666666666667,boi-gordo-b3-prego-regular,2026-04,364.65,364.65,,-23.48333333333329,,-6.439965263494664
2026-04-09,MS Dourados,,boi-gordo-scot-consultoria,341.5,boi-gordo-b3-prego-regular,2026-04,364.65,364.65,,-23.149999999999977,,-6.34855340737693
2026-04-09,MS Três Lagoas,,boi-gordo-scot-consultoria,339.1666666666667,boi-gordo-b3-prego-regular,2026-04,364.65,364.65,,-25.48333333333329,,-6.9884364002010955
2026-04-09,MT Cuiabá*,,boi-gordo-scot-consultoria,346.1666666666667,boi-gordo-b3-prego-regular,2026-04,364.65,364.65,,-18.48333333333329,,-5.068787421728587
2026-04-09,MT Norte,,boi-gordo-scot-consultoria,345.1666666666667,boi-gordo-b3-prego-regular,2026-04,364.65,364.65,,-19.48333333333329,,-5.343022990081803
2026-04-09,MT Sudeste,,boi-gordo-scot-consultoria,344.1666666666667,boi-gordo-b3-prego-regular,2026-04,364.65,364.65,,-20.48333333333329,,-5.617258558435018
2026-04-09,MT Sudoeste,,boi-gordo-scot-consultoria,347.1666666666667,boi-gordo-b3-prego-regular,2026-04,364.65,364.65,,-17.48333333333329,,-4.7945518533753715
2026-04-09,PA Marabá,,boi-gordo-scot-consultoria,334.0,boi-gordo-b3-prego-regular,2026-04,364.65,364.65,,-30.649999999999977,,-8.405320170026046
2026-04-09,PA Paragominas,,boi-gordo-scot-consultoria,337.6666666666667,boi-gordo-b3-prego-regular,2026-04,364.65,364.65,,-26.98333333333329,,-7.399789752730918
2026-04-09,PA Redenção,,boi-gordo-scot-consultoria,333.0,boi-gordo-b3-prego-regular,2026-04,364.65,364.65,,-31.649999999999977,,-8.679555738379262
2026-04-09,PR Noroeste,,boi-gordo-scot-consultoria,337.5,boi-gordo-b3-prego-regular,2026-04,364.65,364.65,,-27.149999999999977,,-7.445495680789794
2026-04-09,RJ,,boi-gordo-scot-consultoria,334.0,boi-gordo-b3-prego-regular,2026-04,364.65,364.65,,-30.649999999999977,,-8.405320170026046
2026-04-09,RO Sudeste,,boi-gordo-scot-consultoria,315.8333333333333,boi-gordo-b3-prego-regular,2026-04,364.65,364.65,,-48.81666666666666,,-13.387266328442799
2026-04-09,RS Oeste,,boi-gordo-scot-consultoria,172.75,boi-gordo-b3-prego-regular,2026-04,364.65,364.65,,-191.89999999999998,,-52.62580556698203
2026-04-09,RS Pelotas,,boi-gordo-scot-consultoria,170.0,boi-gordo-b3-prego-regular,2026-04,364.65,364.65,,-194.64999999999998,,-53.379953379953385
2026-04-09,Roraima,RR,boi-gordo-scot-consultoria,285.3333333333333,boi-gordo-b3-prego-regular,2026-04,364.65,364.65,,-79.31666666666666,,-21.751451163215872
2026-04-09,SC,,boi-gordo-scot-consultoria,342.1666666666667,boi-gordo-b3-prego-regular,2026-04,364.65,364.65,,-22.48333333333329,,-6.165729695141449
2026-04-09,SP Araçatuba,,boi-gordo-scot-consultoria,351.1666666666667,boi-gordo-b3-prego-regular,2026-04,364.65,364.65,,-13.483333333333292,,-3.6976095799625104
2026-04-09,SP Barretos,,boi-gordo-scot-consultoria,351.1666666666667,boi-gordo-b3-prego-regular,2026-04,364.65,364.65,,-13.483333333333292,,-3.6976095799625104
2026-04-09,TO Norte,,boi-gordo-scot-consultoria,330.6666666666667,boi-gordo-b3-prego-regular,2026-04,364.65,364.65,,-33.98333333333329,,-9.319438731203427
2026-04-09,TO Sul,,boi-gordo-scot-consultoria,334.0,boi-gordo-b3-prego-regular,2026-04,364.65,364.65,,-30.649999999999977,,-8.405320170026046
2026-04-10,Acre,AC,boi-gordo-scot-consultoria,294.6666666666667,boi-gordo-b3-prego-regular,2026-04,364.25,364.25,,-69.58333333333331,,-19.103180050331726
2026-04-10,Alagoas,AL,boi-gordo-scot-consultoria,339.6666666666667,boi-gordo-b3-prego-regular,2026-04,364.25,364.25,,-24.583333333333314,,-6.749027682452523
2026-04-10,BA Oeste,,boi-gordo-scot-consultoria,317.1666666666667,boi-gordo-b3-prego-regular,2026-04,364.25,364.25,,-47.083333333333314,,-12.926103866392125
2026-04-10,BA Sul,,boi-gordo-scot-consultoria,312.5,boi-gordo-b3-prego-regular,2026-04,364.25,364.25,,-51.75,,-14.207275223061083
2026-04-10,ES,,boi-gordo-scot-consultoria,314.8333333333333,boi-gordo-b3-prego-regular,2026-04,364.25,364.25,,-49.416666666666686,,-13.566689544726612
2026-04-10,GO Goiânia,,boi-gordo-scot-consultoria,335.3333333333333,boi-gordo-b3-prego-regular,2026-04,364.25,364.25,,-28.916666666666686,,-7.938686799359419
2026-04-10,GO Reg. Sul,,boi-gordo-scot-consultoria,332.0,boi-gordo-b3-prego-regular,2026-04,364.25,364.25,,-32.25,,-8.853809196980096
2026-04-10,Indicador ESALQ/SP,SP,boi-gordo-indicador-esalq-bmf,365.6,boi-gordo-b3-prego-regular,2026-04,364.25,364.25,,1.3500000000000227,,0.37062457103638236
2026-04-10,MA Oeste,,boi-gordo-scot-consultoria,335.3333333333333,boi-gordo-b3-prego-regular,2026-04,364.25,364.25,,-28.916666666666686,,-7.938686799359419
2026-04-10,MG B.Horizonte,,boi-gordo-scot-consultoria,332.0,boi-gordo-b3-prego-regular,2026-04,364.25,364.25,,-32.25,,-8.853809196980096
2026-04-10,MG Norte,,boi-gordo-scot-consultoria,327.3333333333333,boi-gordo-b3-prego-regular,2026-04,364.25,364.25,,-36.916666666666686,,-10.134980553649056
2026-04-10,MG Sul,,boi-gordo-scot-consultoria,324.0,boi-gordo-b3-prego-regular,2026-04,364.25,364.25,,-40.25,,-11.050102951269732
2026-04-10,MG Triângulo,,boi-gordo-scot-consultoria,335.3333333333333,boi-gordo-b3-prego-regular,2026-04,364.25,364.25,,-28.916666666666686,,-7.938686799359419
2026-04-10,MS C. Grande,,boi-gordo-scot-consultoria,342.1666666666667,boi-gordo-b3-prego-regular,2026-04,364.25,364.25,,-22.083333333333314,,-6.062685884237012
2026-04-10,MS Dourados,,boi-gordo-scot-consultoria,342.5,boi-gordo-b3-prego-regular,2026-04,364.25,364.25,,-21.75,,-5.971173644474949
2026-04-10,MS Três Lagoas,,boi-gordo-scot-consultoria,339.1666666666667,boi-gordo-b3-prego-regular,2026-04,364.25,364.25,,-25.083333333333314,,-6.886296042095625
2026-04-10,MT Cuiabá*,,boi-gordo-scot-consultoria,346.1666666666667,boi-gordo-b3-prego-regular,2026-04,364.25,364.25,,-18.083333333333314,,-4.964539007092193
2026-04-10,MT Norte,,boi-gordo-scot-consultoria,347.1666666666667,boi-gordo-b3-prego-regular,2026-04,364.25,364.25,,-17.083333333333314,,-4.690002287805989
2026-04-10,MT Sudeste,,boi-gordo-scot-consultoria,344.1666666666667,boi-gordo-b3-prego-regular,2026-04,364.25,364.25,,-20.083333333333314,,-5.513612445664602
2026-04-10,MT Sudoeste,,boi-gordo-scot-consultoria,347.1666666666667,boi-gordo-b3-prego-regular,2026-04,364.25,364.25,,-17.083333333333314,,-4.690002287805989
2026-04-10,PA Marabá,,boi-gordo-scot-consultoria,335.3333333333333,boi-gordo-b3-prego-regular,2026-04,364.25,364.25,,-28.916666666666686,,-7.938686799359419
2026-04-10,PA Paragominas,,boi-gordo-scot-consultoria,339.0,boi-gordo-b3-prego-regular,2026-04,364.25,364.25,,-25.25,,-6.9320521619766655
2026-04-10,PA Redenção,,boi-gordo-scot-consultoria,333.0,boi-gordo-b3-prego-regular,2026-04,364.25,364.25,,-31.25,,-8.579272477693891
2026-04-10,PR Noroeste,,boi-gordo-scot-consultoria,339.5,boi-gordo-b3-prego-regular,2026-04,364.25,364.25,,-24.75,,-6.794783802333562
2026-04-10,RJ,,boi-gordo-scot-consultoria,334.0,boi-gordo-b3-prego-regular,2026-04,364.25,364.25,,-30.25,,-8.304735758407688
2026-04-10,RO Sudeste,,boi-gordo-scot-consultoria,315.8333333333333,boi-gordo-b3-prego-regular,2026-04,364.25,364.25,,-48.416666666666686,,-13.292152825440409
2026-04-10,RS Oeste,,boi-gordo-scot-consultoria,172.75,boi-gordo-b3-prego-regular,2026-04,364.25,364.25,,-191.5,,-52.57378174330817
2026-04-10,RS Pelotas,,boi-gordo-scot-consultoria,170.0,boi-gordo-b3-prego-regular,2026-04,364.25,364.25,,-194.25,,-53.328757721345234
2026-04-10,Roraima,RR,boi-gordo-scot-consultoria,285.3333333333333,boi-gordo-b3-prego-regular,2026-04,364.25,364.25,,-78.91666666666669,,-21.665522763669646
2026-04-10,SC,,boi-gordo-scot-consultoria,342.1666666666667,boi-gordo-b3-prego-regular,2026-04,364.25,364.25,,-22.083333333333314,,-6.062685884237012
2026-04-10,SP Araçatuba,,boi-gordo-scot-consultoria,351.1666666666667,boi-gordo-b3-prego-regular,2026-04,364.25,364.25,,-13.083333333333314,,-3.59185541066117
2026-04-10,SP Barretos,,boi-gordo-scot-consultoria,351.1666666666667,boi-gordo-b3-prego-regular,2026-04,364.25,364.25,,-13.083333333333314,,-3.59185541066117
2026-04-10,TO Norte,,boi-gordo-scot-consultoria,335.6666666666667,boi-gordo-b3-prego-regular,2026-04,364.25,364.25,,-28.583333333333314,,-7.847174559597341
2026-04-10,TO Sul,,boi-gordo-scot-consultoria,334.0,boi-gordo-b3-prego-regular,2026-04,364.25,364.25,,-30.25,,-8.304735758407688
2026-04-13,Acre,AC,boi-gordo-scot-consultoria,295.6666666666667,boi-gordo-b3-prego-regular,2026-04,362.9,362.9,,-67.23333333333329,,-18.526683200146955
2026-04-13,Alagoas,AL,boi-gordo-scot-consultoria,339.6666666666667,boi-gordo-b3-prego-regular,2026-04,362.9,362.9,,-23.23333333333329,,-6.402130981905013
2026-04-13,BA Oeste,,boi-gordo-scot-consultoria,319.1666666666667,boi-gordo-b3-prego-regular,2026-04,362.9,362.9,,-43.73333333333329,,-12.051070083585918
2026-04-13,BA Sul,,boi-gordo-scot-consultoria,313.8333333333333,boi-gordo-b3-prego-regular,2026-04,362.9,362.9,,-49.06666666666666,,-13.520712776706162
2026-04-13,ES,,boi-gordo-scot-consultoria,315.8333333333333,boi-gordo-b3-prego-regular,2026-04,362.9,362.9,,-47.06666666666666,,-12.969596766786076
2026-04-13,GO Goiânia,,boi-gordo-scot-consultoria,335.3333333333333,boi-gordo-b3-prego-regular,2026-04,362.9,362.9,,-27.566666666666663,,-7.596215670065215
2026-04-13,GO Reg. Sul,,boi-gordo-scot-consultoria,334.0,boi-gordo-b3-prego-regular,2026-04,362.9,362.9,,-28.899999999999977,,-7.963626343345269
2026-04-13,Indicador ESALQ/SP,SP,boi-gordo-indicador-esalq-bmf,366.2,boi-gordo-b3-prego-regular,2026-04,362.9,362.9,,3.3000000000000114,,0.9093414163681486
2026-04-13,MA Oeste,,boi-gordo-scot-consultoria,335.3333333333333,boi-gordo-b3-prego-regular,2026-04,362.9,362.9,,-27.566666666666663,,-7.596215670065215
2026-04-13,MG B.Horizonte,,boi-gordo-scot-consultoria,333.6666666666667,boi-gordo-b3-prego-regular,2026-04,362.9,362.9,,-29.23333333333329,,-8.055479011665279
2026-04-13,MG Norte,,boi-gordo-scot-consultoria,329.0,boi-gordo-b3-prego-regular,2026-04,362.9,362.9,,-33.89999999999998,,-9.341416368145488
2026-04-13,MG Sul,,boi-gordo-scot-consultoria,325.6666666666667,boi-gordo-b3-prego-regular,2026-04,362.9,362.9,,-37.23333333333329,,-10.259943051345632
2026-04-13,MG Triângulo,,boi-gordo-scot-consultoria,338.3333333333333,boi-gordo-b3-prego-regular,2026-04,362.9,362.9,,-24.566666666666663,,-6.769541655185082
2026-04-13,MS C. Grande,,boi-gordo-scot-consultoria,342.8333333333333,boi-gordo-b3-prego-regular,2026-04,362.9,362.9,,-20.066666666666663,,-5.529530632864884
2026-04-13,MS Dourados,,boi-gordo-scot-consultoria,342.5,boi-gordo-b3-prego-regular,2026-04,362.9,362.9,,-20.399999999999977,,-5.621383301184894
2026-04-13,MS Três Lagoas,,boi-gordo-scot-consultoria,341.1666666666667,boi-gordo-b3-prego-regular,2026-04,362.9,362.9,,-21.73333333333329,,-5.988793974464947
2026-04-13,MT Cuiabá*,,boi-gordo-scot-consultoria,347.8333333333333,boi-gordo-b3-prego-regular,2026-04,362.9,362.9,,-15.066666666666663,,-4.151740608064664
2026-04-13,MT Norte,,boi-gordo-scot-consultoria,347.8333333333333,boi-gordo-b3-prego-regular,2026-04,362.9,362.9,,-15.066666666666663,,-4.151740608064664
2026-04-13,MT Sudeste,,boi-gordo-scot-consultoria,345.1666666666667,boi-gordo-b3-prego-regular,2026-04,362.9,362.9,,-17.73333333333329,,-4.886561954624771
2026-04-13,MT Sudoeste,,boi-gordo-scot-consultoria,348.1666666666667,boi-gordo-b3-prego-regular,2026-04,362.9,362.9,,-14.733333333333292,,-4.059887939744638
2026-04-13,PA Marabá,,boi-gordo-scot-consultoria,337.0,boi-gordo-b3-prego-regular,2026-04,362.9,362.9,,-25.899999999999977,,-7.136952328465136
2026-04-13,PA Paragominas,,boi-gordo-scot-consultoria,340.3333333333333,boi-gordo-b3-prego-regular,2026-04,362.9,362.9,,-22.566666666666663,,-6.218425645264994
2026-04-13,PA Redenção,,boi-gordo-scot-consultoria,334.6666666666667,boi-gordo-b3-prego-regular,2026-04,362.9,362.9,,-28.23333333333329,,-7.7799210067052345
2026-04-13,PR Noroeste,,boi-gordo-scot-consultoria,340.5,boi-gordo-b3-prego-regular,2026-04,362.9,362.9,,-22.399999999999977,,-6.172499311104981
2026-04-13,RJ,,boi-gordo-scot-consultoria,334.0,boi-gordo-b3-prego-regular,2026-04,362.9,362.9,,-28.899999999999977,,-7.963626343345269
2026-04-13,RO Sudeste,,boi-gordo-scot-consultoria,317.3333333333333,boi-gordo-b3-prego-regular,2026-04,362.9,362.9,,-45.56666666666666,,-12.556259759346009
2026-04-13,RS Oeste,,boi-gordo-scot-consultoria,172.5,boi-gordo-b3-prego-regular,2026-04,362.9,362.9,,-190.39999999999998,,-52.46624414439239
2026-04-13,RS Pelotas,,boi-gordo-scot-consultoria,171.0,boi-gordo-b3-prego-regular,2026-04,362.9,362.9,,-191.89999999999998,,-52.879581151832454
2026-04-13,Roraima,RR,boi-gordo-scot-consultoria,285.3333333333333,boi-gordo-b3-prego-regular,2026-04,362.9,362.9,,-77.56666666666666,,-21.37411591806742
2026-04-13,SC,,boi-gordo-scot-consultoria,342.1666666666667,boi-gordo-b3-prego-regular,2026-04,362.9,362.9,,-20.73333333333329,,-5.713235969504903
2026-04-13,SP Araçatuba,,boi-gordo-scot-consultoria,352.1666666666667,boi-gordo-b3-prego-regular,2026-04,362.9,362.9,,-10.733333333333292,,-2.957655919904462
2026-04-13,SP Barretos,,boi-gordo-scot-consultoria,352.1666666666667,boi-gordo-b3-prego-regular,2026-04,362.9,362.9,,-10.733333333333292,,-2.957655919904462
2026-04-13,TO Norte,,boi-gordo-scot-consultoria,336.3333333333333,boi-gordo-b3-prego-regular,2026-04,362.9,362.9,,-26.566666666666663,,-7.320657665105171
2026-04-13,TO Sul,,boi-gordo-scot-consultoria,334.0,boi-gordo-b3-prego-regular,2026-04,362.9,362.9,,-28.899999999999977,,-7.963626343345269
2026-04-14,Acre,AC,boi-gordo-scot-consultoria,296.3333333333333,boi-gordo-b3-prego-regular,2026-04,363.0,363.0,,-66.66666666666669,,-18.365472910927462
2026-04-14,Alagoas,AL,boi-gordo-scot-consultoria,341.8333333333333,boi-gordo-b3-prego-regular,2026-04,363.0,363.0,,-21.166666666666686,,-5.831037649219473
2026-04-14,BA Oeste,,boi-gordo-scot-consultoria,319.8333333333333,boi-gordo-b3-prego-regular,2026-04,363.0,363.0,,-43.166666666666686,,-11.891643709825534
2026-04-14,BA Sul,,boi-gordo-scot-consultoria,315.1666666666667,boi-gordo-b3-prego-regular,2026-04,363.0,363.0,,-47.833333333333314,,-13.177226813590446
2026-04-14,ES,,boi-gordo-scot-consultoria,317.1666666666667,boi-gordo-b3-prego-regular,2026-04,363.0,363.0,,-45.833333333333314,,-12.626262626262621
2026-04-14,GO Goiânia,,boi-gordo-scot-consultoria,338.5,boi-gordo-b3-prego-regular,2026-04,363.0,363.0,,-24.5,,-6.749311294765841
2026-04-14,GO Reg. Sul,,boi-gordo-scot-consultoria,335.3333333333333,boi-gordo-b3-prego-regular,2026-04,363.0,363.0,,-27.666666666666686,,-7.621671258034899
2026-04-14,Indicador ESALQ/SP,SP,boi-gordo-indicador-esalq-bmf,367.05,boi-gordo-b3-prego-regular,2026-04,363.0,363.0,,4.050000000000011,,1.1157024793388461
2026-04-14,MA Oeste,,boi-gordo-scot-consultoria,335.3333333333333,boi-gordo-b3-prego-regular,2026-04,363.0,363.0,,-27.666666666666686,,-7.621671258034899
2026-04-14,MG B.Horizonte,,boi-gordo-scot-consultoria,335.6666666666667,boi-gordo-b3-prego-regular,2026-04,363.0,363.0,,-27.333333333333314,,-7.529843893480252
2026-04-14,MG Norte,,boi-gordo-scot-consultoria,332.3333333333333,boi-gordo-b3-prego-regular,2026-04,363.0,363.0,,-30.666666666666686,,-8.448117539026635
2026-04-14,MG Sul,,boi-gordo-scot-consultoria,325.6666666666667,boi-gordo-b3-prego-regular,2026-04,363.0,363.0,,-37.333333333333314,,-10.28466483011937
2026-04-14,MG Triângulo,,boi-gordo-scot-consultoria,338.3333333333333,boi-gordo-b3-prego-regular,2026-04,363.0,363.0,,-24.666666666666686,,-6.795224977043164
2026-04-14,MS C. Grande,,boi-gordo-scot-consultoria,342.8333333333333,boi-gordo-b3-prego-regular,2026-04,363.0,363.0,,-20.166666666666686,,-5.555555555555561
2026-04-14,MS Dourados,,boi-gordo-scot-consultoria,344.5,boi-gordo-b3-prego-regular,2026-04,363.0,363.0,,-18.5,,-5.096418732782369
2026-04-14,MS Três Lagoas,,boi-gordo-scot-consultoria,341.5,boi-gordo-b3-prego-regular,2026-04,363.0,363.0,,-21.5,,-5.922865013774105
2026-04-14,MT Cuiabá*,,boi-gordo-scot-consultoria,347.8333333333333,boi-gordo-b3-prego-regular,2026-04,363.0,363.0,,-15.166666666666686,,-4.178145087236001
2026-04-14,MT Norte,,boi-gordo-scot-consultoria,347.8333333333333,boi-gordo-b3-prego-regular,2026-04,363.0,363.0,,-15.166666666666686,,-4.178145087236001
2026-04-14,MT Sudeste,,boi-gordo-scot-consultoria,345.1666666666667,boi-gordo-b3-prego-regular,2026-04,363.0,363.0,,-17.833333333333314,,-4.9127640036730895
2026-04-14,MT Sudoeste,,boi-gordo-scot-consultoria,348.1666666666667,boi-gordo-b3-prego-regular,2026-04,363.0,363.0,,-14.833333333333314,,-4.086317722681354
2026-04-14,PA Marabá,,boi-gordo-scot-consultoria,339.0,boi-gordo-b3-prego-regular,2026-04,363.0,363.0,,-24.0,,-6.6115702479338845
2026-04-14,PA Paragominas,,boi-gordo-scot-consultoria,341.5,boi-gordo-b3-prego-regular,2026-04,363.0,363.0,,-21.5,,-5.922865013774105
2026-04-14,PA Redenção,,boi-gordo-scot-consultoria,337.0,boi-gordo-b3-prego-regular,2026-04,363.0,363.0,,-26.0,,-7.162534435261708
2026-04-14,PR Noroeste,,boi-gordo-scot-consultoria,342.1666666666667,boi-gordo-b3-prego-regular,2026-04,363.0,363.0,,-20.833333333333314,,-5.739210284664825
2026-04-14,RJ,,boi-gordo-scot-consultoria,334.0,boi-gordo-b3-prego-regular,2026-04,363.0,363.0,,-29.0,,-7.988980716253444
2026-04-14,RO Sudeste,,boi-gordo-scot-consultoria,322.3333333333333,boi-gordo-b3-prego-regular,2026-04,363.0,363.0,,-40.666666666666686,,-11.202938475665754
2026-04-14,RS Oeste,,boi-gordo-scot-consultoria,173.5,boi-gordo-b3-prego-regular,2026-04,363.0,363.0,,-189.5,,-52.20385674931129
2026-04-14,RS Pelotas,,boi-gordo-scot-consultoria,172.0,boi-gordo-b3-prego-regular,2026-04,363.0,363.0,,-191.0,,-52.61707988980716
2026-04-14,Roraima,RR,boi-gordo-scot-consultoria,287.3333333333333,boi-gordo-b3-prego-regular,2026-04,363.0,363.0,,-75.66666666666669,,-20.84481175390267
2026-04-14,SC,,boi-gordo-scot-consultoria,342.1666666666667,boi-gordo-b3-prego-regular,2026-04,363.0,363.0,,-20.833333333333314,,-5.739210284664825
2026-04-14,SP Araçatuba,,boi-gordo-scot-consultoria,352.1666666666667,boi-gordo-b3-prego-regular,2026-04,363.0,363.0,,-10.833333333333314,,-2.984389348025706
2026-04-14,SP Barretos,,boi-gordo-scot-consultoria,352.1666666666667,boi-gordo-b3-prego-regular,2026-04,363.0,363.0,,-10.833333333333314,,-2.984389348025706
2026-04-14,TO Norte,,boi-gordo-scot-consultoria,337.6666666666667,boi-gordo-b3-prego-regular,2026-04,363.0,363.0,,-25.333333333333314,,-6.978879706152428
2026-04-14,TO Sul,,boi-gordo-scot-consultoria,334.6666666666667,boi-gordo-b3-prego-regular,2026-04,363.0,363.0,,-28.333333333333314,,-7.8053259871441645
2026-04-15,Acre,AC,boi-gordo-scot-consultoria,296.3333333333333,boi-gordo-b3-prego-regular,2026-04,362.55,362.55,,-66.2166666666667,,-18.264147473911652
2026-04-15,Alagoas,AL,boi-gordo-scot-consultoria,342.5,boi-gordo-b3-prego-regular,2026-04,362.55,362.55,,-20.05000000000001,,-5.5302716866639114
2026-04-15,BA Oeste,,boi-gordo-scot-consultoria,319.8333333333333,boi-gordo-b3-prego-regular,2026-04,362.55,362.55,,-42.7166666666667,,-11.78228290350757
2026-04-15,BA Sul,,boi-gordo-scot-consultoria,316.5,boi-gordo-b3-prego-regular,2026-04,362.55,362.55,,-46.05000000000001,,-12.701696317749278
2026-04-15,ES,,boi-gordo-scot-consultoria,317.1666666666667,boi-gordo-b3-prego-regular,2026-04,362.55,362.55,,-45.383333333333326,,-12.517813634900932
2026-04-15,GO Goiânia,,boi-gordo-scot-consultoria,338.5,boi-gordo-b3-prego-regular,2026-04,362.55,362.55,,-24.05000000000001,,-6.633567783753967
2026-04-15,GO Reg. Sul,,boi-gordo-scot-consultoria,337.3333333333333,boi-gordo-b3-prego-regular,2026-04,362.55,362.55,,-25.216666666666697,,-6.955362478738573
2026-04-15,Indicador ESALQ/SP,SP,boi-gordo-indicador-esalq-bmf,367.3,boi-gordo-b3-prego-regular,2026-04,362.55,362.55,,4.75,,1.310164115294442
2026-04-15,MA Oeste,,boi-gordo-scot-consultoria,337.3333333333333,boi-gordo-b3-prego-regular,2026-04,362.55,362.55,,-25.216666666666697,,-6.955362478738573
2026-04-15,MG B.Horizonte,,boi-gordo-scot-consultoria,337.0,boi-gordo-b3-prego-regular,2026-04,362.55,362.55,,-25.55000000000001,,-7.04730382016274
2026-04-15,MG Norte,,boi-gordo-scot-consultoria,332.3333333333333,boi-gordo-b3-prego-regular,2026-04,362.55,362.55,,-30.216666666666697,,-8.334482600101143
2026-04-15,MG Sul,,boi-gordo-scot-consultoria,325.6666666666667,boi-gordo-b3-prego-regular,2026-04,362.55,362.55,,-36.883333333333326,,-10.173309428584561
2026-04-15,MG Triângulo,,boi-gordo-scot-consultoria,338.3333333333333,boi-gordo-b3-prego-regular,2026-04,362.55,362.55,,-24.216666666666697,,-6.679538454466059
2026-04-15,MS C. Grande,,boi-gordo-scot-consultoria,342.8333333333333,boi-gordo-b3-prego-regular,2026-04,362.55,362.55,,-19.716666666666697,,-5.438330345239746
2026-04-15,MS Dourados,,boi-gordo-scot-consultoria,344.5,boi-gordo-b3-prego-regular,2026-04,362.55,362.55,,-18.05000000000001,,-4.978623638118883
2026-04-15,MS Três Lagoas,,boi-gordo-scot-consultoria,341.5,boi-gordo-b3-prego-regular,2026-04,362.55,362.55,,-21.05000000000001,,-5.806095710936425
2026-04-15,MT Cuiabá*,,boi-gordo-scot-consultoria,347.8333333333333,boi-gordo-b3-prego-regular,2026-04,362.55,362.55,,-14.716666666666697,,-4.059210223877175
2026-04-15,MT Norte,,boi-gordo-scot-consultoria,347.8333333333333,boi-gordo-b3-prego-regular,2026-04,362.55,362.55,,-14.716666666666697,,-4.059210223877175
2026-04-15,MT Sudeste,,boi-gordo-scot-consultoria,345.1666666666667,boi-gordo-b3-prego-regular,2026-04,362.55,362.55,,-17.383333333333326,,-4.794740955270535
2026-04-15,MT Sudoeste,,boi-gordo-scot-consultoria,349.5,boi-gordo-b3-prego-regular,2026-04,362.55,362.55,,-13.050000000000011,,-3.5995035167563123
2026-04-15,PA Marabá,,boi-gordo-scot-consultoria,339.0,boi-gordo-b3-prego-regular,2026-04,362.55,362.55,,-23.55000000000001,,-6.49565577161771
2026-04-15,PA Paragominas,,boi-gordo-scot-consultoria,343.5,boi-gordo-b3-prego-regular,2026-04,362.55,362.55,,-19.05000000000001,,-5.254447662391398
2026-04-15,PA Redenção,,boi-gordo-scot-consultoria,337.0,boi-gordo-b3-prego-regular,2026-04,362.55,362.55,,-25.55000000000001,,-7.04730382016274
2026-04-15,PR Noroeste,,boi-gordo-scot-consultoria,342.1666666666667,boi-gordo-b3-prego-regular,2026-04,362.55,362.55,,-20.383333333333326,,-5.622213028088077
2026-04-15,RJ,,boi-gordo-scot-consultoria,335.3333333333333,boi-gordo-b3-prego-regular,2026-04,362.55,362.55,,-27.216666666666697,,-7.507010527283602
2026-04-15,RO Sudeste,,boi-gordo-scot-consultoria,323.6666666666667,boi-gordo-b3-prego-regular,2026-04,362.55,362.55,,-38.883333333333326,,-10.724957477129589
2026-04-15,RS Oeste,,boi-gordo-scot-consultoria,173.5,boi-gordo-b3-prego-regular,2026-04,362.55,362.55,,-189.05,,-52.144531788718794
2026-04-15,RS Pelotas,,boi-gordo-scot-consultoria,172.0,boi-gordo-b3-prego-regular,2026-04,362.55,362.55,,-190.55,,-52.55826782512757
2026-04-15,Roraima,RR,boi-gordo-scot-consultoria,287.3333333333333,boi-gordo-b3-prego-regular,2026-04,362.55,362.55,,-75.2166666666667,,-20.74656369236428
2026-04-15,SC,,boi-gordo-scot-consultoria,342.1666666666667,boi-gordo-b3-prego-regular,2026-04,362.55,362.55,,-20.383333333333326,,-5.622213028088077
2026-04-15,SP Araçatuba,,boi-gordo-scot-consultoria,352.1666666666667,boi-gordo-b3-prego-regular,2026-04,362.55,362.55,,-10.383333333333326,,-2.863972785362936
2026-04-15,SP Barretos,,boi-gordo-scot-consultoria,352.1666666666667,boi-gordo-b3-prego-regular,2026-04,362.55,362.55,,-10.383333333333326,,-2.863972785362936
2026-04-15,TO Norte,,boi-gordo-scot-consultoria,338.3333333333333,boi-gordo-b3-prego-regular,2026-04,362.55,362.55,,-24.216666666666697,,-6.679538454466059
2026-04-15,TO Sul,,boi-gordo-scot-consultoria,334.6666666666667,boi-gordo-b3-prego-regular,2026-04,362.55,362.55,,-27.883333333333326,,-7.690893210131934
2026-04-16,Acre,AC,boi-gordo-scot-consultoria,296.3333333333333,boi-gordo-b3-prego-regular,2026-04,361.95,361.95,,-65.61666666666667,,-18.128654970760234
2026-04-16,Alagoas,AL,boi-gordo-scot-consultoria,342.5,boi-gordo-b3-prego-regular,2026-04,361.95,361.95,,-19.44999999999999,,-5.373670396463597
2026-04-16,BA Oeste,,boi-gordo-scot-consultoria,319.8333333333333,boi-gordo-b3-prego-regular,2026-04,361.95,361.95,,-42.116666666666674,,-11.636045494313214
2026-04-16,BA Sul,,boi-gordo-scot-consultoria,315.8333333333333,boi-gordo-b3-prego-regular,2026-04,361.95,361.95,,-46.116666666666674,,-12.74117051158079
2026-04-16,ES,,boi-gordo-scot-consultoria,319.1666666666667,boi-gordo-b3-prego-regular,2026-04,361.95,361.95,,-42.7833333333333,,-11.820232997191132
2026-04-16,GO Goiânia,,boi-gordo-scot-consultoria,338.5,boi-gordo-b3-prego-regular,2026-04,361.95,361.95,,-23.44999999999999,,-6.478795413731175
2026-04-16,GO Reg. Sul,,boi-gordo-scot-consultoria,337.3333333333333,boi-gordo-b3-prego-regular,2026-04,361.95,361.95,,-24.616666666666674,,-6.801123543767558
2026-04-16,Indicador ESALQ/SP,SP,boi-gordo-indicador-esalq-bmf,365.5,boi-gordo-b3-prego-regular,2026-04,361.95,361.95,,3.5500000000000114,,0.980798452824979
2026-04-16,MA Oeste,,boi-gordo-scot-consultoria,337.3333333333333,boi-gordo-b3-prego-regular,2026-04,361.95,361.95,,-24.616666666666674,,-6.801123543767558
2026-04-16,MG B.Horizonte,,boi-gordo-scot-consultoria,337.0,boi-gordo-b3-prego-regular,2026-04,361.95,361.95,,-24.94999999999999,,-6.893217295206518
2026-04-16,MG Norte,,boi-gordo-scot-consultoria,332.3333333333333,boi-gordo-b3-prego-regular,2026-04,361.95,361.95,,-29.616666666666674,,-8.182529815352032
2026-04-16,MG Sul,,boi-gordo-scot-consultoria,324.6666666666667,boi-gordo-b3-prego-regular,2026-04,361.95,361.95,,-37.2833333333333,,-10.300686098448212
2026-04-16,MG Triângulo,,boi-gordo-scot-consultoria,338.3333333333333,boi-gordo-b3-prego-regular,2026-04,361.95,361.95,,-23.616666666666674,,-6.524842289450664
2026-04-16,MS C. Grande,,boi-gordo-scot-consultoria,343.8333333333333,boi-gordo-b3-prego-regular,2026-04,361.95,361.95,,-18.116666666666674,,-5.005295390707742
2026-04-16,MS Dourados,,boi-gordo-scot-consultoria,345.1666666666667,boi-gordo-b3-prego-regular,2026-04,361.95,361.95,,-16.783333333333303,,-4.636920384951873
2026-04-16,MS Três Lagoas,,boi-gordo-scot-consultoria,341.5,boi-gordo-b3-prego-regular,2026-04,361.95,361.95,,-20.44999999999999,,-5.649951650780491
2026-04-16,MT Cuiabá*,,boi-gordo-scot-consultoria,347.8333333333333,boi-gordo-b3-prego-regular,2026-04,361.95,361.95,,-14.116666666666674,,-3.9001703734401643
2026-04-16,MT Norte,,boi-gordo-scot-consultoria,347.8333333333333,boi-gordo-b3-prego-regular,2026-04,361.95,361.95,,-14.116666666666674,,-3.9001703734401643
2026-04-16,MT Sudeste,,boi-gordo-scot-consultoria,345.1666666666667,boi-gordo-b3-prego-regular,2026-04,361.95,361.95,,-16.783333333333303,,-4.636920384951873
2026-04-16,MT Sudoeste,,boi-gordo-scot-consultoria,349.5,boi-gordo-b3-prego-regular,2026-04,361.95,361.95,,-12.449999999999989,,-3.4397016162453347
2026-04-16,PA Marabá,,boi-gordo-scot-consultoria,339.0,boi-gordo-b3-prego-regular,2026-04,361.95,361.95,,-22.94999999999999,,-6.340654786572728
2026-04-16,PA Paragominas,,boi-gordo-scot-consultoria,343.5,boi-gordo-b3-prego-regular,2026-04,361.95,361.95,,-18.44999999999999,,-5.097389142146702
2026-04-16,PA Redenção,,boi-gordo-scot-consultoria,339.0,boi-gordo-b3-prego-regular,2026-04,361.95,361.95,,-22.94999999999999,,-6.340654786572728
2026-04-16,PR Noroeste,,boi-gordo-scot-consultoria,343.5,boi-gordo-b3-prego-regular,2026-04,361.95,361.95,,-18.44999999999999,,-5.097389142146702
2026-04-16,RJ,,boi-gordo-scot-consultoria,336.0,boi-gordo-b3-prego-regular,2026-04,361.95,361.95,,-25.94999999999999,,-7.1694985495234125
2026-04-16,RO Sudeste,,boi-gordo-scot-consultoria,323.6666666666667,boi-gordo-b3-prego-regular,2026-04,361.95,361.95,,-38.2833333333333,,-10.576967352765108
2026-04-16,RS Oeste,,boi-gordo-scot-consultoria,173.5,boi-gordo-b3-prego-regular,2026-04,361.95,361.95,,-188.45,,-52.06520237601878
2026-04-16,RS Pelotas,,boi-gordo-scot-consultoria,174.0,boi-gordo-b3-prego-regular,2026-04,361.95,361.95,,-187.95,,-51.92706174886034
2026-04-16,Roraima,RR,boi-gordo-scot-consultoria,289.3333333333333,boi-gordo-b3-prego-regular,2026-04,361.95,361.95,,-72.61666666666667,,-20.0626237509785
2026-04-16,SC,,boi-gordo-scot-consultoria,342.1666666666667,boi-gordo-b3-prego-regular,2026-04,361.95,361.95,,-19.783333333333303,,-5.465764147902557
2026-04-16,SP Araçatuba,,boi-gordo-scot-consultoria,352.1666666666667,boi-gordo-b3-prego-regular,2026-04,361.95,361.95,,-9.783333333333303,,-2.7029516047336104
2026-04-16,SP Barretos,,boi-gordo-scot-consultoria,352.1666666666667,boi-gordo-b3-prego-regular,2026-04,361.95,361.95,,-9.783333333333303,,-2.7029516047336104
2026-04-16,TO Norte,,boi-gordo-scot-consultoria,338.3333333333333,boi-gordo-b3-prego-regular,2026-04,361.95,361.95,,-23.616666666666674,,-6.524842289450664
2026-04-16,TO Sul,,boi-gordo-scot-consultoria,334.6666666666667,boi-gordo-b3-prego-regular,2026-04,361.95,361.95,,-27.283333333333303,,-7.537873555279266
2026-04-17,Acre,AC,boi-gordo-scot-consultoria,297.6666666666667,boi-gordo-b3-prego-regular,2026-04,359.5,359.5,,-61.833333333333314,,-17.19981455725544
2026-04-17,Alagoas,AL,boi-gordo-scot-consultoria,342.5,boi-gordo-b3-prego-regular,2026-04,359.5,359.5,,-17.0,,-4.728789986091794
2026-04-17,BA Oeste,,boi-gordo-scot-consultoria,319.8333333333333,boi-gordo-b3-prego-regular,2026-04,359.5,359.5,,-39.666666666666686,,-11.033843300880857
2026-04-17,BA Sul,,boi-gordo-scot-consultoria,315.8333333333333,boi-gordo-b3-prego-regular,2026-04,359.5,359.5,,-43.666666666666686,,-12.146499768196573
2026-04-17,ES,,boi-gordo-scot-consultoria,319.1666666666667,boi-gordo-b3-prego-regular,2026-04,359.5,359.5,,-40.333333333333314,,-11.219286045433467
2026-04-17,GO Goiânia,,boi-gordo-scot-consultoria,338.5,boi-gordo-b3-prego-regular,2026-04,359.5,359.5,,-21.0,,-5.84144645340751
2026-04-17,GO Reg. Sul,,boi-gordo-scot-consultoria,337.3333333333333,boi-gordo-b3-prego-regular,2026-04,359.5,359.5,,-22.166666666666686,,-6.1659712563746
2026-04-17,Indicador ESALQ/SP,SP,boi-gordo-indicador-esalq-bmf,365.1,boi-gordo-b3-prego-regular,2026-04,359.5,359.5,,5.600000000000023,,1.5577190542420092
2026-04-17,MA Oeste,,boi-gordo-scot-consultoria,337.3333333333333,boi-gordo-b3-prego-regular,2026-04,359.5,359.5,,-22.166666666666686,,-6.1659712563746
2026-04-17,MG B.Horizonte,,boi-gordo-scot-consultoria,335.3333333333333,boi-gordo-b3-prego-regular,2026-04,359.5,359.5,,-24.166666666666686,,-6.722299490032457
2026-04-17,MG Norte,,boi-gordo-scot-consultoria,332.3333333333333,boi-gordo-b3-prego-regular,2026-04,359.5,359.5,,-27.166666666666686,,-7.556791840519245
2026-04-17,MG Sul,,boi-gordo-scot-consultoria,322.0,boi-gordo-b3-prego-regular,2026-04,359.5,359.5,,-37.5,,-10.43115438108484
2026-04-17,MG Triângulo,,boi-gordo-scot-consultoria,337.3333333333333,boi-gordo-b3-prego-regular,2026-04,359.5,359.5,,-22.166666666666686,,-6.1659712563746
2026-04-17,MS C. Grande,,boi-gordo-scot-consultoria,343.8333333333333,boi-gordo-b3-prego-regular,2026-04,359.5,359.5,,-15.666666666666686,,-4.357904496986561
2026-04-17,MS Dourados,,boi-gordo-scot-consultoria,346.5,boi-gordo-b3-prego-regular,2026-04,359.5,359.5,,-13.0,,-3.616133518776078
2026-04-17,MS Três Lagoas,,boi-gordo-scot-consultoria,341.5,boi-gordo-b3-prego-regular,2026-04,359.5,359.5,,-18.0,,-5.006954102920723
2026-04-17,MT Cuiabá*,,boi-gordo-scot-consultoria,347.1666666666667,boi-gordo-b3-prego-regular,2026-04,359.5,359.5,,-12.333333333333314,,-3.4306907742234536
2026-04-17,MT Norte,,boi-gordo-scot-consultoria,347.8333333333333,boi-gordo-b3-prego-regular,2026-04,359.5,359.5,,-11.666666666666686,,-3.245248029670844
2026-04-17,MT Sudeste,,boi-gordo-scot-consultoria,347.8333333333333,boi-gordo-b3-prego-regular,2026-04,359.5,359.5,,-11.666666666666686,,-3.245248029670844
2026-04-17,MT Sudoeste,,boi-gordo-scot-consultoria,349.5,boi-gordo-b3-prego-regular,2026-04,359.5,359.5,,-10.0,,-2.781641168289291
2026-04-17,PA Marabá,,boi-gordo-scot-consultoria,340.1666666666667,boi-gordo-b3-prego-regular,2026-04,359.5,359.5,,-19.333333333333314,,-5.377839592025957
2026-04-17,PA Paragominas,,boi-gordo-scot-consultoria,343.5,boi-gordo-b3-prego-regular,2026-04,359.5,359.5,,-16.0,,-4.450625869262865
2026-04-17,PA Redenção,,boi-gordo-scot-consultoria,339.0,boi-gordo-b3-prego-regular,2026-04,359.5,359.5,,-20.5,,-5.702364394993046
2026-04-17,PR Noroeste,,boi-gordo-scot-consultoria,343.5,boi-gordo-b3-prego-regular,2026-04,359.5,359.5,,-16.0,,-4.450625869262865
2026-04-17,RJ,,boi-gordo-scot-consultoria,339.0,boi-gordo-b3-prego-regular,2026-04,359.5,359.5,,-20.5,,-5.702364394993046
2026-04-17,RO Sudeste,,boi-gordo-scot-consultoria,323.6666666666667,boi-gordo-b3-prego-regular,2026-04,359.5,359.5,,-35.833333333333314,,-9.967547519703286
2026-04-17,RS Oeste,,boi-gordo-scot-consultoria,174.5,boi-gordo-b3-prego-regular,2026-04,359.5,359.5,,-185.0,,-51.46036161335188
2026-04-17,RS Pelotas,,boi-gordo-scot-consultoria,174.0,boi-gordo-b3-prego-regular,2026-04,359.5,359.5,,-185.5,,-51.599443671766345
2026-04-17,Roraima,RR,boi-gordo-scot-consultoria,290.0,boi-gordo-b3-prego-regular,2026-04,359.5,359.5,,-69.5,,-19.33240611961057
2026-04-17,SC,,boi-gordo-scot-consultoria,342.1666666666667,boi-gordo-b3-prego-regular,2026-04,359.5,359.5,,-17.333333333333314,,-4.821511358368098
2026-04-17,SP Araçatuba,,boi-gordo-scot-consultoria,352.1666666666667,boi-gordo-b3-prego-regular,2026-04,359.5,359.5,,-7.333333333333314,,-2.039870190078808
2026-04-17,SP Barretos,,boi-gordo-scot-consultoria,352.1666666666667,boi-gordo-b3-prego-regular,2026-04,359.5,359.5,,-7.333333333333314,,-2.039870190078808
2026-04-17,TO Norte,,boi-gordo-scot-consultoria,338.3333333333333,boi-gordo-b3-prego-regular,2026-04,359.5,359.5,,-21.166666666666686,,-5.887807139545671
2026-04-17,TO Sul,,boi-gordo-scot-consultoria,334.6666666666667,boi-gordo-b3-prego-regular,2026-04,359.5,359.5,,-24.833333333333314,,-6.907742234585067
2026-04-20,Acre,AC,boi-gordo-scot-consultoria,300.0,boi-gordo-b3-prego-regular,2026-04,359.0,359.0,,-59.0,,-16.434540389972145
2026-04-20,Alagoas,AL,boi-gordo-scot-consultoria,342.5,boi-gordo-b3-prego-regular,2026-04,359.0,359.0,,-16.5,,-4.596100278551532
2026-04-20,BA Oeste,,boi-gordo-scot-consultoria,320.8333333333333,boi-gordo-b3-prego-regular,2026-04,359.0,359.0,,-38.166666666666686,,-10.631383472609105
2026-04-20,BA Sul,,boi-gordo-scot-consultoria,315.8333333333333,boi-gordo-b3-prego-regular,2026-04,359.0,359.0,,-43.166666666666686,,-12.024141132776235
2026-04-20,ES,,boi-gordo-scot-consultoria,317.1666666666667,boi-gordo-b3-prego-regular,2026-04,359.0,359.0,,-41.833333333333314,,-11.65273909006499
2026-04-20,GO Goiânia,,boi-gordo-scot-consultoria,337.3333333333333,boi-gordo-b3-prego-regular,2026-04,359.0,359.0,,-21.666666666666686,,-6.035283194057572
2026-04-20,GO Reg. Sul,,boi-gordo-scot-consultoria,335.3333333333333,boi-gordo-b3-prego-regular,2026-04,359.0,359.0,,-23.666666666666686,,-6.592386258124424
2026-04-20,Indicador ESALQ/SP,SP,boi-gordo-indicador-esalq-bmf,366.0,boi-gordo-b3-prego-regular,2026-04,359.0,359.0,,7.0,,1.9498607242339834
2026-04-20,MA Oeste,,boi-gordo-scot-consultoria,337.3333333333333,boi-gordo-b3-prego-regular,2026-04,359.0,359.0,,-21.666666666666686,,-6.035283194057572
2026-04-20,MG B.Horizonte,,boi-gordo-scot-consultoria,334.6666666666667,boi-gordo-b3-prego-regular,2026-04,359.0,359.0,,-24.333333333333314,,-6.778087279480031
2026-04-20,MG Norte,,boi-gordo-scot-consultoria,332.3333333333333,boi-gordo-b3-prego-regular,2026-04,359.0,359.0,,-26.666666666666686,,-7.428040854224703
2026-04-20,MG Sul,,boi-gordo-scot-consultoria,320.6666666666667,boi-gordo-b3-prego-regular,2026-04,359.0,359.0,,-38.333333333333314,,-10.677808727948
2026-04-20,MG Triângulo,,boi-gordo-scot-consultoria,337.0,boi-gordo-b3-prego-regular,2026-04,359.0,359.0,,-22.0,,-6.128133704735376
2026-04-20,MS C. Grande,,boi-gordo-scot-consultoria,343.8333333333333,boi-gordo-b3-prego-regular,2026-04,359.0,359.0,,-15.166666666666686,,-4.224698235840303
2026-04-20,MS Dourados,,boi-gordo-scot-consultoria,345.8333333333333,boi-gordo-b3-prego-regular,2026-04,359.0,359.0,,-13.166666666666686,,-3.66759517177345
2026-04-20,MS Três Lagoas,,boi-gordo-scot-consultoria,341.5,boi-gordo-b3-prego-regular,2026-04,359.0,359.0,,-17.5,,-4.874651810584958
2026-04-20,MT Cuiabá*,,boi-gordo-scot-consultoria,347.1666666666667,boi-gordo-b3-prego-regular,2026-04,359.0,359.0,,-11.833333333333314,,-3.2961931290622046
2026-04-20,MT Norte,,boi-gordo-scot-consultoria,347.8333333333333,boi-gordo-b3-prego-regular,2026-04,359.0,359.0,,-11.166666666666686,,-3.1104921077065977
2026-04-20,MT Sudeste,,boi-gordo-scot-consultoria,347.8333333333333,boi-gordo-b3-prego-regular,2026-04,359.0,359.0,,-11.166666666666686,,-3.1104921077065977
2026-04-20,MT Sudoeste,,boi-gordo-scot-consultoria,349.5,boi-gordo-b3-prego-regular,2026-04,359.0,359.0,,-9.5,,-2.6462395543175488
2026-04-20,PA Marabá,,boi-gordo-scot-consultoria,339.0,boi-gordo-b3-prego-regular,2026-04,359.0,359.0,,-20.0,,-5.571030640668524
2026-04-20,PA Paragominas,,boi-gordo-scot-consultoria,343.8333333333333,boi-gordo-b3-prego-regular,2026-04,359.0,359.0,,-15.166666666666686,,-4.224698235840303
2026-04-20,PA Redenção,,boi-gordo-scot-consultoria,339.0,boi-gordo-b3-prego-regular,2026-04,359.0,359.0,,-20.0,,-5.571030640668524
2026-04-20,PR Noroeste,,boi-gordo-scot-consultoria,343.5,boi-gordo-b3-prego-regular,2026-04,359.0,359.0,,-15.5,,-4.3175487465181055
2026-04-20,RJ,,boi-gordo-scot-consultoria,339.0,boi-gordo-b3-prego-regular,2026-04,359.0,359.0,,-20.0,,-5.571030640668524
2026-04-20,RO Sudeste,,boi-gordo-scot-consultoria,324.6666666666667,boi-gordo-b3-prego-regular,2026-04,359.0,359.0,,-34.333333333333314,,-9.563602599814294
2026-04-20,RS Oeste,,boi-gordo-scot-consultoria,174.5,boi-gordo-b3-prego-regular,2026-04,359.0,359.0,,-184.5,,-51.392757660167135
2026-04-20,RS Pelotas,,boi-gordo-scot-consultoria,174.25,boi-gordo-b3-prego-regular,2026-04,359.0,359.0,,-184.75,,-51.46239554317549
2026-04-20,Roraima,RR,boi-gordo-scot-consultoria,292.3333333333333,boi-gordo-b3-prego-regular,2026-04,359.0,359.0,,-66.66666666666669,,-18.57010213556175
2026-04-20,SC,,boi-gordo-scot-consultoria,342.1666666666667,boi-gordo-b3-prego-regular,2026-04,359.0,359.0,,-16.833333333333314,,-4.688950789229335
2026-04-20,SP Araçatuba,,boi-gordo-scot-consultoria,352.1666666666667,boi-gordo-b3-prego-regular,2026-04,359.0,359.0,,-6.833333333333314,,-1.9034354688950736
2026-04-20,SP Barretos,,boi-gordo-scot-consultoria,352.1666666666667,boi-gordo-b3-prego-regular,2026-04,359.0,359.0,,-6.833333333333314,,-1.9034354688950736
2026-04-20,TO Norte,,boi-gordo-scot-consultoria,338.3333333333333,boi-gordo-b3-prego-regular,2026-04,359.0,359.0,,-20.666666666666686,,-5.756731662024146
2026-04-20,TO Sul,,boi-gordo-scot-consultoria,334.0,boi-gordo-b3-prego-regular,2026-04,359.0,359.0,,-25.0,,-6.963788300835655
2026-04-22,Acre,AC,boi-gordo-scot-consultoria,303.1666666666667,boi-gordo-b3-prego-regular,2026-04,361.1,361.1,,-57.93333333333334,,-16.043570571402196
2026-04-22,Alagoas,AL,boi-gordo-scot-consultoria,342.5,boi-gordo-b3-prego-regular,2026-04,361.1,361.1,,-18.600000000000023,,-5.150927720852955
2026-04-22,BA Oeste,,boi-gordo-scot-consultoria,320.8333333333333,boi-gordo-b3-prego-regular,2026-04,361.1,361.1,,-40.26666666666671,,-11.151112341918223
2026-04-22,BA Sul,,boi-gordo-scot-consultoria,315.8333333333333,boi-gordo-b3-prego-regular,2026-04,361.1,361.1,,-45.26666666666671,,-12.535770331394822
2026-04-22,ES,,boi-gordo-scot-consultoria,317.8333333333333,boi-gordo-b3-prego-regular,2026-04,361.1,361.1,,-43.26666666666671,,-11.981907135604184
2026-04-22,GO Goiânia,,boi-gordo-scot-consultoria,337.3333333333333,boi-gordo-b3-prego-regular,2026-04,361.1,361.1,,-23.76666666666671,,-6.581740976645446
2026-04-22,GO Reg. Sul,,boi-gordo-scot-consultoria,335.3333333333333,boi-gordo-b3-prego-regular,2026-04,361.1,361.1,,-25.76666666666671,,-7.135604172436086
2026-04-22,Indicador ESALQ/SP,SP,boi-gordo-indicador-esalq-bmf,363.85,boi-gordo-b3-prego-regular,2026-04,361.1,361.1,,2.75,,0.7615618942121295
2026-04-22,MA Oeste,,boi-gordo-scot-consultoria,340.1666666666667,boi-gordo-b3-prego-regular,2026-04,361.1,361.1,,-20.933333333333337,,-5.797101449275363
2026-04-22,MG B.Horizonte,,boi-gordo-scot-consultoria,332.3333333333333,boi-gordo-b3-prego-regular,2026-04,361.1,361.1,,-28.76666666666671,,-7.966398966122046
2026-04-22,MG Norte,,boi-gordo-scot-consultoria,332.3333333333333,boi-gordo-b3-prego-regular,2026-04,361.1,361.1,,-28.76666666666671,,-7.966398966122046
2026-04-22,MG Sul,,boi-gordo-scot-consultoria,320.6666666666667,boi-gordo-b3-prego-regular,2026-04,361.1,361.1,,-40.43333333333334,,-11.1972676082341
2026-04-22,MG Triângulo,,boi-gordo-scot-consultoria,335.6666666666667,boi-gordo-b3-prego-regular,2026-04,361.1,361.1,,-25.433333333333337,,-7.043293639804301
2026-04-22,MS C. Grande,,boi-gordo-scot-consultoria,342.1666666666667,boi-gordo-b3-prego-regular,2026-04,361.1,361.1,,-18.933333333333337,,-5.243238253484724
2026-04-22,MS Dourados,,boi-gordo-scot-consultoria,342.1666666666667,boi-gordo-b3-prego-regular,2026-04,361.1,361.1,,-18.933333333333337,,-5.243238253484724
2026-04-22,MS Três Lagoas,,boi-gordo-scot-consultoria,340.8333333333333,boi-gordo-b3-prego-regular,2026-04,361.1,361.1,,-20.26666666666671,,-5.6124803840118265
2026-04-22,MT Cuiabá*,,boi-gordo-scot-consultoria,347.1666666666667,boi-gordo-b3-prego-regular,2026-04,361.1,361.1,,-13.933333333333337,,-3.858580264008124
2026-04-22,MT Norte,,boi-gordo-scot-consultoria,347.1666666666667,boi-gordo-b3-prego-regular,2026-04,361.1,361.1,,-13.933333333333337,,-3.858580264008124
2026-04-22,MT Sudeste,,boi-gordo-scot-consultoria,347.8333333333333,boi-gordo-b3-prego-regular,2026-04,361.1,361.1,,-13.266666666666708,,-3.6739591987445883
2026-04-22,MT Sudoeste,,boi-gordo-scot-consultoria,347.1666666666667,boi-gordo-b3-prego-regular,2026-04,361.1,361.1,,-13.933333333333337,,-3.858580264008124
2026-04-22,PA Marabá,,boi-gordo-scot-consultoria,339.0,boi-gordo-b3-prego-regular,2026-04,361.1,361.1,,-22.100000000000023,,-6.120188313486575
2026-04-22,PA Paragominas,,boi-gordo-scot-consultoria,345.1666666666667,boi-gordo-b3-prego-regular,2026-04,361.1,361.1,,-15.933333333333337,,-4.412443459798763
2026-04-22,PA Redenção,,boi-gordo-scot-consultoria,339.0,boi-gordo-b3-prego-regular,2026-04,361.1,361.1,,-22.100000000000023,,-6.120188313486575
2026-04-22,PR Noroeste,,boi-gordo-scot-consultoria,342.5,boi-gordo-b3-prego-regular,2026-04,361.1,361.1,,-18.600000000000023,,-5.150927720852955
2026-04-22,RJ,,boi-gordo-scot-consultoria,339.0,boi-gordo-b3-prego-regular,2026-04,361.1,361.1,,-22.100000000000023,,-6.120188313486575
2026-04-22,RO Sudeste,,boi-gordo-scot-consultoria,322.0,boi-gordo-b3-prego-regular,2026-04,361.1,361.1,,-39.10000000000002,,-10.828025477707012
2026-04-22,RS Oeste,,boi-gordo-scot-consultoria,174.5,boi-gordo-b3-prego-regular,2026-04,361.1,361.1,,-186.60000000000002,,-51.67543616726669
2026-04-22,RS Pelotas,,boi-gordo-scot-consultoria,174.75,boi-gordo-b3-prego-regular,2026-04,361.1,361.1,,-186.35000000000002,,-51.606203267792864
2026-04-22,Roraima,RR,boi-gordo-scot-consultoria,293.0,boi-gordo-b3-prego-regular,2026-04,361.1,361.1,,-68.10000000000002,,-18.859041816671287
2026-04-22,SC,,boi-gordo-scot-consultoria,342.1666666666667,boi-gordo-b3-prego-regular,2026-04,361.1,361.1,,-18.933333333333337,,-5.243238253484724
2026-04-22,SP Araçatuba,,boi-gordo-scot-consultoria,352.1666666666667,boi-gordo-b3-prego-regular,2026-04,361.1,361.1,,-8.933333333333337,,-2.473922274531525
2026-04-22,SP Barretos,,boi-gordo-scot-consultoria,352.1666666666667,boi-gordo-b3-prego-regular,2026-04,361.1,361.1,,-8.933333333333337,,-2.473922274531525
2026-04-22,TO Norte,,boi-gordo-scot-consultoria,338.3333333333333,boi-gordo-b3-prego-regular,2026-04,361.1,361.1,,-22.76666666666671,,-6.304809378750127
2026-04-22,TO Sul,,boi-gordo-scot-consultoria,334.0,boi-gordo-b3-prego-regular,2026-04,361.1,361.1,,-27.100000000000023,,-7.504846302963173
2026-04-23,Acre,AC,boi-gordo-scot-consultoria,303.1666666666667,boi-gordo-b3-prego-regular,2026-04,357.05,357.05,,-53.883333333333326,,-15.091257060168974
2026-04-23,Alagoas,AL,boi-gordo-scot-consultoria,342.5,boi-gordo-b3-prego-regular,2026-04,357.05,357.05,,-14.550000000000011,,-4.075059515474027
2026-04-23,BA Oeste,,boi-gordo-scot-consultoria,320.8333333333333,boi-gordo-b3-prego-regular,2026-04,357.05,357.05,,-36.2166666666667,,-10.143303925687354
2026-04-23,BA Sul,,boi-gordo-scot-consultoria,315.1666666666667,boi-gordo-b3-prego-regular,2026-04,357.05,357.05,,-41.883333333333326,,-11.730383232973903
2026-04-23,ES,,boi-gordo-scot-consultoria,317.8333333333333,boi-gordo-b3-prego-regular,2026-04,357.05,357.05,,-39.2166666666667,,-10.983522382486122
2026-04-23,GO Goiânia,,boi-gordo-scot-consultoria,337.3333333333333,boi-gordo-b3-prego-regular,2026-04,357.05,357.05,,-19.716666666666697,,-5.522102413294131
2026-04-23,GO Reg. Sul,,boi-gordo-scot-consultoria,335.3333333333333,boi-gordo-b3-prego-regular,2026-04,357.05,357.05,,-21.716666666666697,,-6.082248051159977
2026-04-23,Indicador ESALQ/SP,SP,boi-gordo-indicador-esalq-bmf,362.4,boi-gordo-b3-prego-regular,2026-04,357.05,357.05,,5.349999999999966,,1.498389581291126
2026-04-23,MA Oeste,,boi-gordo-scot-consultoria,340.1666666666667,boi-gordo-b3-prego-regular,2026-04,357.05,357.05,,-16.883333333333326,,-4.72856275965084
2026-04-23,MG B.Horizonte,,boi-gordo-scot-consultoria,329.3333333333333,boi-gordo-b3-prego-regular,2026-04,357.05,357.05,,-27.716666666666697,,-7.762684964757511
2026-04-23,MG Norte,,boi-gordo-scot-consultoria,329.0,boi-gordo-b3-prego-regular,2026-04,357.05,357.05,,-28.05000000000001,,-7.856042571068481
2026-04-23,MG Sul,,boi-gordo-scot-consultoria,320.6666666666667,boi-gordo-b3-prego-regular,2026-04,357.05,357.05,,-36.383333333333326,,-10.18998272884283
2026-04-23,MG Triângulo,,boi-gordo-scot-consultoria,333.6666666666667,boi-gordo-b3-prego-regular,2026-04,357.05,357.05,,-23.383333333333326,,-6.549036082714838
2026-04-23,MS C. Grande,,boi-gordo-scot-consultoria,339.5,boi-gordo-b3-prego-regular,2026-04,357.05,357.05,,-17.55000000000001,,-4.915277972272794
2026-04-23,MS Dourados,,boi-gordo-scot-consultoria,340.5,boi-gordo-b3-prego-regular,2026-04,357.05,357.05,,-16.55000000000001,,-4.6352051533398715
2026-04-23,MS Três Lagoas,,boi-gordo-scot-consultoria,339.5,boi-gordo-b3-prego-regular,2026-04,357.05,357.05,,-17.55000000000001,,-4.915277972272794
2026-04-23,MT Cuiabá*,,boi-gordo-scot-consultoria,345.8333333333333,boi-gordo-b3-prego-regular,2026-04,357.05,357.05,,-11.216666666666697,,-3.1414834523642896
2026-04-23,MT Norte,,boi-gordo-scot-consultoria,345.1666666666667,boi-gordo-b3-prego-regular,2026-04,357.05,357.05,,-11.883333333333326,,-3.3281986649862274
2026-04-23,MT Sudeste,,boi-gordo-scot-consultoria,343.5,boi-gordo-b3-prego-regular,2026-04,357.05,357.05,,-13.550000000000011,,-3.7949866965411037
2026-04-23,MT Sudoeste,,boi-gordo-scot-consultoria,342.8333333333333,boi-gordo-b3-prego-regular,2026-04,357.05,357.05,,-14.216666666666697,,-3.9817019091630574
2026-04-23,PA Marabá,,boi-gordo-scot-consultoria,339.0,boi-gordo-b3-prego-regular,2026-04,357.05,357.05,,-18.05000000000001,,-5.055314381739255
2026-04-23,PA Paragominas,,boi-gordo-scot-consultoria,345.1666666666667,boi-gordo-b3-prego-regular,2026-04,357.05,357.05,,-11.883333333333326,,-3.3281986649862274
2026-04-23,PA Redenção,,boi-gordo-scot-consultoria,337.6666666666667,boi-gordo-b3-prego-regular,2026-04,357.05,357.05,,-19.383333333333326,,-5.428744806983147
2026-04-23,PR Noroeste,,boi-gordo-scot-consultoria,342.5,boi-gordo-b3-prego-regular,2026-04,357.05,357.05,,-14.550000000000011,,-4.075059515474027
2026-04-23,RJ,,boi-gordo-scot-consultoria,339.0,boi-gordo-b3-prego-regular,2026-04,357.05,357.05,,-18.05000000000001,,-5.055314381739255
2026-04-23,RO Sudeste,,boi-gordo-scot-consultoria,321.5,boi-gordo-b3-prego-regular,2026-04,357.05,357.05,,-35.55000000000001,,-9.956588713065399
2026-04-23,RS Oeste,,boi-gordo-scot-consultoria,174.5,boi-gordo-b3-prego-regular,2026-04,357.05,357.05,,-182.55,,-51.127293096205015
2026-04-23,RS Pelotas,,boi-gordo-scot-consultoria,174.75,boi-gordo-b3-prego-regular,2026-04,357.05,357.05,,-182.3,,-51.057274891471785
2026-04-23,Roraima,RR,boi-gordo-scot-consultoria,293.0,boi-gordo-b3-prego-regular,2026-04,357.05,357.05,,-64.05000000000001,,-17.938664052653692
2026-04-23,SC,,boi-gordo-scot-consultoria,342.1666666666667,boi-gordo-b3-prego-regular,2026-04,357.05,357.05,,-14.883333333333326,,-4.168417121784995
2026-04-23,SP Araçatuba,,boi-gordo-scot-consultoria,349.8333333333333,boi-gordo-b3-prego-regular,2026-04,357.05,357.05,,-7.216666666666697,,-2.0211921766325998
2026-04-23,SP Barretos,,boi-gordo-scot-consultoria,349.8333333333333,boi-gordo-b3-prego-regular,2026-04,357.05,357.05,,-7.216666666666697,,-2.0211921766325998
2026-04-23,TO Norte,,boi-gordo-scot-consultoria,338.3333333333333,boi-gordo-b3-prego-regular,2026-04,357.05,357.05,,-18.716666666666697,,-5.242029594361209
2026-04-23,TO Sul,,boi-gordo-scot-consultoria,334.0,boi-gordo-b3-prego-regular,2026-04,357.05,357.05,,-23.05000000000001,,-6.455678476403868
2026-04-24,Acre,AC,boi-gordo-scot-consultoria,303.1666666666667,boi-gordo-b3-prego-regular,2026-04,358.6,358.6,,-55.43333333333334,,-15.458263617772822
2026-04-24,Alagoas,AL,boi-gordo-scot-consultoria,342.5,boi-gordo-b3-prego-regular,2026-04,358.6,358.6,,-16.100000000000023,,-4.489682097044066
2026-04-24,BA Oeste,,boi-gordo-scot-consultoria,320.8333333333333,boi-gordo-b3-prego-regular,2026-04,358.6,358.6,,-37.76666666666671,,-10.531697341513304
2026-04-24,BA Sul,,boi-gordo-scot-consultoria,313.8333333333333,boi-gordo-b3-prego-regular,2026-04,358.6,358.6,,-44.76666666666671,,-12.483733035880286
2026-04-24,ES,,boi-gordo-scot-consultoria,317.8333333333333,boi-gordo-b3-prego-regular,2026-04,358.6,358.6,,-40.76666666666671,,-11.368284067670581
2026-04-24,GO Goiânia,,boi-gordo-scot-consultoria,337.3333333333333,boi-gordo-b3-prego-regular,2026-04,358.6,358.6,,-21.26666666666671,,-5.9304703476482725
2026-04-24,GO Reg. Sul,,boi-gordo-scot-consultoria,335.3333333333333,boi-gordo-b3-prego-regular,2026-04,358.6,358.6,,-23.26666666666671,,-6.488194831753125
2026-04-24,Indicador ESALQ/SP,SP,boi-gordo-indicador-esalq-bmf,362.0,boi-gordo-b3-prego-regular,2026-04,358.6,358.6,,3.3999999999999773,,0.9481316229782424
2026-04-24,MA Oeste,,boi-gordo-scot-consultoria,339.0,boi-gordo-b3-prego-regular,2026-04,358.6,358.6,,-19.600000000000023,,-5.465699944227557
2026-04-24,MG B.Horizonte,,boi-gordo-scot-consultoria,327.3333333333333,boi-gordo-b3-prego-regular,2026-04,358.6,358.6,,-31.26666666666671,,-8.719092768172535
2026-04-24,MG Norte,,boi-gordo-scot-consultoria,327.0,boi-gordo-b3-prego-regular,2026-04,358.6,358.6,,-31.600000000000023,,-8.81204684885667
2026-04-24,MG Sul,,boi-gordo-scot-consultoria,320.6666666666667,boi-gordo-b3-prego-regular,2026-04,358.6,358.6,,-37.93333333333334,,-10.578174381855364
2026-04-24,MG Triângulo,,boi-gordo-scot-consultoria,330.3333333333333,boi-gordo-b3-prego-regular,2026-04,358.6,358.6,,-28.26666666666671,,-7.8825060420152555
2026-04-24,MS C. Grande,,boi-gordo-scot-consultoria,339.5,boi-gordo-b3-prego-regular,2026-04,358.6,358.6,,-19.100000000000023,,-5.326268823201344
2026-04-24,MS Dourados,,boi-gordo-scot-consultoria,338.5,boi-gordo-b3-prego-regular,2026-04,358.6,358.6,,-20.100000000000023,,-5.6051310652537705
2026-04-24,MS Três Lagoas,,boi-gordo-scot-consultoria,338.8333333333333,boi-gordo-b3-prego-regular,2026-04,358.6,358.6,,-19.76666666666671,,-5.512176984569634
2026-04-24,MT Cuiabá*,,boi-gordo-scot-consultoria,345.8333333333333,boi-gordo-b3-prego-regular,2026-04,358.6,358.6,,-12.766666666666708,,-3.5601412902026515
2026-04-24,MT Norte,,boi-gordo-scot-consultoria,345.1666666666667,boi-gordo-b3-prego-regular,2026-04,358.6,358.6,,-13.433333333333337,,-3.746049451570925
2026-04-24,MT Sudeste,,boi-gordo-scot-consultoria,341.5,boi-gordo-b3-prego-regular,2026-04,358.6,358.6,,-17.100000000000023,,-4.768544339096492
2026-04-24,MT Sudoeste,,boi-gordo-scot-consultoria,340.1666666666667,boi-gordo-b3-prego-regular,2026-04,358.6,358.6,,-18.433333333333337,,-5.140360661833055
2026-04-24,PA Marabá,,boi-gordo-scot-consultoria,337.3333333333333,boi-gordo-b3-prego-regular,2026-04,358.6,358.6,,-21.26666666666671,,-5.9304703476482725
2026-04-24,PA Paragominas,,boi-gordo-scot-consultoria,345.1666666666667,boi-gordo-b3-prego-regular,2026-04,358.6,358.6,,-13.433333333333337,,-3.746049451570925
2026-04-24,PA Redenção,,boi-gordo-scot-consultoria,337.6666666666667,boi-gordo-b3-prego-regular,2026-04,358.6,358.6,,-20.933333333333337,,-5.83751626696412
2026-04-24,PR Noroeste,,boi-gordo-scot-consultoria,341.1666666666667,boi-gordo-b3-prego-regular,2026-04,358.6,358.6,,-17.433333333333337,,-4.861498419780629
2026-04-24,RJ,,boi-gordo-scot-consultoria,339.0,boi-gordo-b3-prego-regular,2026-04,358.6,358.6,,-19.600000000000023,,-5.465699944227557
2026-04-24,RO Sudeste,,boi-gordo-scot-consultoria,320.1666666666667,boi-gordo-b3-prego-regular,2026-04,358.6,358.6,,-38.43333333333334,,-10.717605502881577
2026-04-24,RS Oeste,,boi-gordo-scot-consultoria,174.5,boi-gordo-b3-prego-regular,2026-04,358.6,358.6,,-184.10000000000002,,-51.33853876185165
2026-04-24,RS Pelotas,,boi-gordo-scot-consultoria,174.75,boi-gordo-b3-prego-regular,2026-04,358.6,358.6,,-183.85000000000002,,-51.26882320133854
2026-04-24,Roraima,RR,boi-gordo-scot-consultoria,293.0,boi-gordo-b3-prego-regular,2026-04,358.6,358.6,,-65.60000000000002,,-18.293363078639157
2026-04-24,SC,,boi-gordo-scot-consultoria,342.1666666666667,boi-gordo-b3-prego-regular,2026-04,358.6,358.6,,-16.433333333333337,,-4.582636177728204
2026-04-24,SP Araçatuba,,boi-gordo-scot-consultoria,349.8333333333333,boi-gordo-b3-prego-regular,2026-04,358.6,358.6,,-8.766666666666708,,-2.444692321992947
2026-04-24,SP Barretos,,boi-gordo-scot-consultoria,349.8333333333333,boi-gordo-b3-prego-regular,2026-04,358.6,358.6,,-8.766666666666708,,-2.444692321992947
2026-04-24,TO Norte,,boi-gordo-scot-consultoria,336.3333333333333,boi-gordo-b3-prego-regular,2026-04,358.6,358.6,,-22.26666666666671,,-6.2093325897007
2026-04-24,TO Sul,,boi-gordo-scot-consultoria,334.0,boi-gordo-b3-prego-regular,2026-04,358.6,358.6,,-24.600000000000023,,-6.860011154489689
2026-04-27,Acre,AC,boi-gordo-scot-consultoria,302.5,boi-gordo-b3-prego-regular,2026-04,358.4,358.4,,-55.89999999999998,,-15.59709821428571
2026-04-27,Alagoas,AL,boi-gordo-scot-consultoria,342.5,boi-gordo-b3-prego-regular,2026-04,358.4,358.4,,-15.899999999999977,,-4.436383928571423
2026-04-27,BA Oeste,,boi-gordo-scot-consultoria,320.8333333333333,boi-gordo-b3-prego-regular,2026-04,358.4,358.4,,-37.56666666666666,,-10.481770833333332
2026-04-27,BA Sul,,boi-gordo-scot-consultoria,313.8333333333333,boi-gordo-b3-prego-regular,2026-04,358.4,358.4,,-44.56666666666666,,-12.434895833333332
2026-04-27,ES,,boi-gordo-scot-consultoria,317.1666666666667,boi-gordo-b3-prego-regular,2026-04,358.4,358.4,,-41.23333333333329,,-11.504836309523798
2026-04-27,GO Goiânia,,boi-gordo-scot-consultoria,332.3333333333333,boi-gordo-b3-prego-regular,2026-04,358.4,358.4,,-26.066666666666663,,-7.273065476190475
2026-04-27,GO Reg. Sul,,boi-gordo-scot-consultoria,334.0,boi-gordo-b3-prego-regular,2026-04,358.4,358.4,,-24.399999999999977,,-6.808035714285708
2026-04-27,Indicador ESALQ/SP,SP,boi-gordo-indicador-esalq-bmf,360.7,boi-gordo-b3-prego-regular,2026-04,358.4,358.4,,2.3000000000000114,,0.6417410714285746
2026-04-27,MA Oeste,,boi-gordo-scot-consultoria,339.0,boi-gordo-b3-prego-regular,2026-04,358.4,358.4,,-19.399999999999977,,-5.412946428571423
2026-04-27,MG B.Horizonte,,boi-gordo-scot-consultoria,324.6666666666667,boi-gordo-b3-prego-regular,2026-04,358.4,358.4,,-33.73333333333329,,-9.412202380952369
2026-04-27,MG Norte,,boi-gordo-scot-consultoria,325.6666666666667,boi-gordo-b3-prego-regular,2026-04,358.4,358.4,,-32.73333333333329,,-9.133184523809511
2026-04-27,MG Sul,,boi-gordo-scot-consultoria,320.6666666666667,boi-gordo-b3-prego-regular,2026-04,358.4,358.4,,-37.73333333333329,,-10.528273809523798
2026-04-27,MG Triângulo,,boi-gordo-scot-consultoria,328.3333333333333,boi-gordo-b3-prego-regular,2026-04,358.4,358.4,,-30.066666666666663,,-8.389136904761903
2026-04-27,MS C. Grande,,boi-gordo-scot-consultoria,338.5,boi-gordo-b3-prego-regular,2026-04,358.4,358.4,,-19.899999999999977,,-5.552455357142851
2026-04-27,MS Dourados,,boi-gordo-scot-consultoria,337.3333333333333,boi-gordo-b3-prego-regular,2026-04,358.4,358.4,,-21.066666666666663,,-5.87797619047619
2026-04-27,MS Três Lagoas,,boi-gordo-scot-consultoria,338.8333333333333,boi-gordo-b3-prego-regular,2026-04,358.4,358.4,,-19.566666666666663,,-5.459449404761904
2026-04-27,MT Cuiabá*,,boi-gordo-scot-consultoria,345.8333333333333,boi-gordo-b3-prego-regular,2026-04,358.4,358.4,,-12.566666666666663,,-3.506324404761904
2026-04-27,MT Norte,,boi-gordo-scot-consultoria,344.5,boi-gordo-b3-prego-regular,2026-04,358.4,358.4,,-13.899999999999977,,-3.878348214285708
2026-04-27,MT Sudeste,,boi-gordo-scot-consultoria,341.5,boi-gordo-b3-prego-regular,2026-04,358.4,358.4,,-16.899999999999977,,-4.715401785714279
2026-04-27,MT Sudoeste,,boi-gordo-scot-consultoria,340.1666666666667,boi-gordo-b3-prego-regular,2026-04,358.4,358.4,,-18.23333333333329,,-5.087425595238084
2026-04-27,PA Marabá,,boi-gordo-scot-consultoria,337.3333333333333,boi-gordo-b3-prego-regular,2026-04,358.4,358.4,,-21.066666666666663,,-5.87797619047619
2026-04-27,PA Paragominas,,boi-gordo-scot-consultoria,345.1666666666667,boi-gordo-b3-prego-regular,2026-04,358.4,358.4,,-13.233333333333292,,-3.6923363095237978
2026-04-27,PA Redenção,,boi-gordo-scot-consultoria,335.6666666666667,boi-gordo-b3-prego-regular,2026-04,358.4,358.4,,-22.73333333333329,,-6.343005952380941
2026-04-27,PR Noroeste,,boi-gordo-scot-consultoria,340.1666666666667,boi-gordo-b3-prego-regular,2026-04,358.4,358.4,,-18.23333333333329,,-5.087425595238084
2026-04-27,RJ,,boi-gordo-scot-consultoria,339.0,boi-gordo-b3-prego-regular,2026-04,358.4,358.4,,-19.399999999999977,,-5.412946428571423
2026-04-27,RO Sudeste,,boi-gordo-scot-consultoria,320.1666666666667,boi-gordo-b3-prego-regular,2026-04,358.4,358.4,,-38.23333333333329,,-10.667782738095227
2026-04-27,RS Oeste,,boi-gordo-scot-consultoria,174.5,boi-gordo-b3-prego-regular,2026-04,358.4,358.4,,-183.89999999999998,,-51.31138392857143
2026-04-27,RS Pelotas,,boi-gordo-scot-consultoria,174.75,boi-gordo-b3-prego-regular,2026-04,358.4,358.4,,-183.64999999999998,,-51.24162946428571
2026-04-27,Roraima,RR,boi-gordo-scot-consultoria,293.0,boi-gordo-b3-prego-regular,2026-04,358.4,358.4,,-65.39999999999998,,-18.24776785714285
2026-04-27,SC,,boi-gordo-scot-consultoria,342.1666666666667,boi-gordo-b3-prego-regular,2026-04,358.4,358.4,,-16.23333333333329,,-4.52938988095237
2026-04-27,SP Araçatuba,,boi-gordo-scot-consultoria,349.5,boi-gordo-b3-prego-regular,2026-04,358.4,358.4,,-8.899999999999977,,-2.4832589285714226
2026-04-27,SP Barretos,,boi-gordo-scot-consultoria,349.5,boi-gordo-b3-prego-regular,2026-04,358.4,358.4,,-8.899999999999977,,-2.4832589285714226
2026-04-27,TO Norte,,boi-gordo-scot-consultoria,335.3333333333333,boi-gordo-b3-prego-regular,2026-04,358.4,358.4,,-23.066666666666663,,-6.436011904761904
2026-04-27,TO Sul,,boi-gordo-scot-consultoria,334.0,boi-gordo-b3-prego-regular,2026-04,358.4,358.4,,-24.399999999999977,,-6.808035714285708
2026-04-28,Indicador ESALQ/SP,SP,boi-gordo-indicador-esalq-bmf,358.4,boi-gordo-b3-prego-regular,2026-04,357.0,357.0,,1.3999999999999773,,0.3921568627450917
