date,commodity,indicator,indicator_name,location,contract_month,column_name,value,value_raw,unit,measure,currency,unit_std,price_basis,contract,state,market_type
2026-01-26,suinos,indicador-do-suino-vivo-cepea-esalq,Indicador do Suíno Vivo Cepea/Esalq,MG - posto,,kg,7.32,"7,32",R$,price,BRL,,spot,,,physical
2026-01-26,suinos,indicador-do-suino-vivo-cepea-esalq,Indicador do Suíno Vivo Cepea/Esalq,MG - posto,,variacao_pct,-4.06,"-4,06%",%,change_pct,,pct,spot,,,physical
2026-01-26,suinos,indicador-do-suino-vivo-cepea-esalq,Indicador do Suíno Vivo Cepea/Esalq,PR - a retirar,,kg,7.24,"7,24",R$,price,BRL,,spot,,,physical
2026-01-26,suinos,indicador-do-suino-vivo-cepea-esalq,Indicador do Suíno Vivo Cepea/Esalq,PR - a retirar,,variacao_pct,-3.98,"-3,98%",%,change_pct,,pct,spot,,,physical
2026-01-26,suinos,indicador-do-suino-vivo-cepea-esalq,Indicador do Suíno Vivo Cepea/Esalq,RS - a retirar,,kg,7.43,"7,43",R$,price,BRL,,spot,,,physical
2026-01-26,suinos,indicador-do-suino-vivo-cepea-esalq,Indicador do Suíno Vivo Cepea/Esalq,RS - a retirar,,variacao_pct,-2.88,"-2,88%",%,change_pct,,pct,spot,,,physical
2026-01-26,suinos,indicador-do-suino-vivo-cepea-esalq,Indicador do Suíno Vivo Cepea/Esalq,SC - a retirar,,kg,7.25,"7,25",R$,price,BRL,,spot,,,physical
2026-01-26,suinos,indicador-do-suino-vivo-cepea-esalq,Indicador do Suíno Vivo Cepea/Esalq,SC - a retirar,,variacao_pct,-3.07,"-3,07%",%,change_pct,,pct,spot,,,physical
2026-01-26,suinos,indicador-do-suino-vivo-cepea-esalq,Indicador do Suíno Vivo Cepea/Esalq,SP - posto,,kg,7.54,"7,54",R$,price,BRL,,spot,,,physical
2026-01-26,suinos,indicador-do-suino-vivo-cepea-esalq,Indicador do Suíno Vivo Cepea/Esalq,SP - posto,,variacao_pct,-4.19,"-4,19%",%,change_pct,,pct,spot,,,physical
2026-01-26,suinos,suinos-bolsas-e-associaces,Suínos - Bolsas e Associações,Mato Grosso,,preco_kg,7.15,"7,15",R$,price,BRL,,spot,,MT,physical
2026-01-26,suinos,suinos-bolsas-e-associaces,Suínos - Bolsas e Associações,Mato Grosso,,variacao_pct,0.0,"0,00",%,change_pct,,pct,spot,,MT,physical
2026-01-26,suinos,suinos-bolsas-e-associaces,Suínos - Bolsas e Associações,Minas Gerais,,preco_kg,7.3,"7,30",R$,price,BRL,,spot,,MG,physical
2026-01-26,suinos,suinos-bolsas-e-associaces,Suínos - Bolsas e Associações,Minas Gerais,,variacao_pct,0.0,"0,00",%,change_pct,,pct,spot,,MG,physical
2026-01-26,suinos,suinos-bolsas-e-associaces,Suínos - Bolsas e Associações,Paraná,,preco_kg,7.54,"7,54",R$,price,BRL,,spot,,PR,physical
2026-01-26,suinos,suinos-bolsas-e-associaces,Suínos - Bolsas e Associações,Paraná,,variacao_pct,-9.92,"-9,92",%,change_pct,,pct,spot,,PR,physical
2026-01-26,suinos,suinos-bolsas-e-associaces,Suínos - Bolsas e Associações,Rio Grande do Sul,,preco_kg,7.83,"7,83",R$,price,BRL,,spot,,RS,physical
2026-01-26,suinos,suinos-bolsas-e-associaces,Suínos - Bolsas e Associações,Rio Grande do Sul,,variacao_pct,0.0,"0,00",%,change_pct,,pct,spot,,RS,physical
2026-01-26,suinos,suinos-bolsas-e-associaces,Suínos - Bolsas e Associações,Santa Catarina,,preco_kg,7.6,"7,60",R$,price,BRL,,spot,,SC,physical
2026-01-26,suinos,suinos-bolsas-e-associaces,Suínos - Bolsas e Associações,Santa Catarina,,variacao_pct,0.0,"0,00",%,change_pct,,pct,spot,,SC,physical
2026-01-26,suinos,suinos-bolsas-e-associaces,Suínos - Bolsas e Associações,São Paulo,,preco_kg,,s/ cotação,R$,price,BRL,,spot,,SP,physical
2026-01-26,suinos,suinos-bolsas-e-associaces,Suínos - Bolsas e Associações,São Paulo,,variacao_pct,,-,%,change_pct,,pct,spot,,SP,physical
2026-01-27,suinos,indicador-do-suino-vivo-cepea-esalq,Indicador do Suíno Vivo Cepea/Esalq,MG - posto,,kg,7.26,"7,26",R$,price,BRL,,spot,,,physical
2026-01-27,suinos,indicador-do-suino-vivo-cepea-esalq,Indicador do Suíno Vivo Cepea/Esalq,MG - posto,,variacao_pct,-0.82,"-0,82%",%,change_pct,,pct,spot,,,physical
2026-01-27,suinos,indicador-do-suino-vivo-cepea-esalq,Indicador do Suíno Vivo Cepea/Esalq,PR - a retirar,,kg,6.99,"6,99",R$,price,BRL,,spot,,,physical
2026-01-27,suinos,indicador-do-suino-vivo-cepea-esalq,Indicador do Suíno Vivo Cepea/Esalq,PR - a retirar,,variacao_pct,-3.45,"-3,45%",%,change_pct,,pct,spot,,,physical
2026-01-27,suinos,indicador-do-suino-vivo-cepea-esalq,Indicador do Suíno Vivo Cepea/Esalq,RS - a retirar,,kg,7.12,"7,12",R$,price,BRL,,spot,,,physical
2026-01-27,suinos,indicador-do-suino-vivo-cepea-esalq,Indicador do Suíno Vivo Cepea/Esalq,RS - a retirar,,variacao_pct,-4.17,"-4,17%",%,change_pct,,pct,spot,,,physical
2026-01-27,suinos,indicador-do-suino-vivo-cepea-esalq,Indicador do Suíno Vivo Cepea/Esalq,SC - a retirar,,kg,7.02,"7,02",R$,price,BRL,,spot,,,physical
2026-01-27,suinos,indicador-do-suino-vivo-cepea-esalq,Indicador do Suíno Vivo Cepea/Esalq,SC - a retirar,,variacao_pct,-3.17,"-3,17%",%,change_pct,,pct,spot,,,physical
2026-01-27,suinos,indicador-do-suino-vivo-cepea-esalq,Indicador do Suíno Vivo Cepea/Esalq,SP - posto,,kg,7.37,"7,37",R$,price,BRL,,spot,,,physical
2026-01-27,suinos,indicador-do-suino-vivo-cepea-esalq,Indicador do Suíno Vivo Cepea/Esalq,SP - posto,,variacao_pct,-2.25,"-2,25%",%,change_pct,,pct,spot,,,physical
2026-01-27,suinos,suinos-bolsas-e-associaces,Suínos - Bolsas e Associações,Mato Grosso,,preco_kg,7.15,"7,15",R$,price,BRL,,spot,,MT,physical
2026-01-27,suinos,suinos-bolsas-e-associaces,Suínos - Bolsas e Associações,Mato Grosso,,variacao_pct,0.0,"0,00",%,change_pct,,pct,spot,,MT,physical
2026-01-27,suinos,suinos-bolsas-e-associaces,Suínos - Bolsas e Associações,Minas Gerais,,preco_kg,7.3,"7,30",R$,price,BRL,,spot,,MG,physical
2026-01-27,suinos,suinos-bolsas-e-associaces,Suínos - Bolsas e Associações,Minas Gerais,,variacao_pct,0.0,"0,00",%,change_pct,,pct,spot,,MG,physical
2026-01-27,suinos,suinos-bolsas-e-associaces,Suínos - Bolsas e Associações,Paraná,,preco_kg,7.54,"7,54",R$,price,BRL,,spot,,PR,physical
2026-01-27,suinos,suinos-bolsas-e-associaces,Suínos - Bolsas e Associações,Paraná,,variacao_pct,0.0,"0,00",%,change_pct,,pct,spot,,PR,physical
2026-01-27,suinos,suinos-bolsas-e-associaces,Suínos - Bolsas e Associações,Rio Grande do Sul,,preco_kg,7.83,"7,83",R$,price,BRL,,spot,,RS,physical
2026-01-27,suinos,suinos-bolsas-e-associaces,Suínos - Bolsas e Associações,Rio Grande do Sul,,variacao_pct,0.0,"0,00",%,change_pct,,pct,spot,,RS,physical
2026-01-27,suinos,suinos-bolsas-e-associaces,Suínos - Bolsas e Associações,Santa Catarina,,preco_kg,7.6,"7,60",R$,price,BRL,,spot,,SC,physical
2026-01-27,suinos,suinos-bolsas-e-associaces,Suínos - Bolsas e Associações,Santa Catarina,,variacao_pct,0.0,"0,00",%,change_pct,,pct,spot,,SC,physical
2026-01-27,suinos,suinos-bolsas-e-associaces,Suínos - Bolsas e Associações,São Paulo,,preco_kg,,s/ cotação,R$,price,BRL,,spot,,SP,physical
2026-01-27,suinos,suinos-bolsas-e-associaces,Suínos - Bolsas e Associações,São Paulo,,variacao_pct,,-,%,change_pct,,pct,spot,,SP,physical
2026-01-28,suinos,indicador-do-suino-vivo-cepea-esalq,Indicador do Suíno Vivo Cepea/Esalq,MG - posto,,kg,7.25,"7,25",R$,price,BRL,,spot,,,physical
2026-01-28,suinos,indicador-do-suino-vivo-cepea-esalq,Indicador do Suíno Vivo Cepea/Esalq,MG - posto,,variacao_pct,-0.14,"-0,14%",%,change_pct,,pct,spot,,,physical
2026-01-28,suinos,indicador-do-suino-vivo-cepea-esalq,Indicador do Suíno Vivo Cepea/Esalq,PR - a retirar,,kg,6.99,"6,99",R$,price,BRL,,spot,,,physical
2026-01-28,suinos,indicador-do-suino-vivo-cepea-esalq,Indicador do Suíno Vivo Cepea/Esalq,PR - a retirar,,variacao_pct,0.0,"0,00%",%,change_pct,,pct,spot,,,physical
2026-01-28,suinos,indicador-do-suino-vivo-cepea-esalq,Indicador do Suíno Vivo Cepea/Esalq,RS - a retirar,,kg,7.01,"7,01",R$,price,BRL,,spot,,,physical
2026-01-28,suinos,indicador-do-suino-vivo-cepea-esalq,Indicador do Suíno Vivo Cepea/Esalq,RS - a retirar,,variacao_pct,-1.54,"-1,54%",%,change_pct,,pct,spot,,,physical
2026-01-28,suinos,indicador-do-suino-vivo-cepea-esalq,Indicador do Suíno Vivo Cepea/Esalq,SC - a retirar,,kg,6.75,"6,75",R$,price,BRL,,spot,,,physical
2026-01-28,suinos,indicador-do-suino-vivo-cepea-esalq,Indicador do Suíno Vivo Cepea/Esalq,SC - a retirar,,variacao_pct,-3.85,"-3,85%",%,change_pct,,pct,spot,,,physical
2026-01-28,suinos,indicador-do-suino-vivo-cepea-esalq,Indicador do Suíno Vivo Cepea/Esalq,SP - posto,,kg,7.27,"7,27",R$,price,BRL,,spot,,,physical
2026-01-28,suinos,indicador-do-suino-vivo-cepea-esalq,Indicador do Suíno Vivo Cepea/Esalq,SP - posto,,variacao_pct,-1.36,"-1,36%",%,change_pct,,pct,spot,,,physical
2026-01-28,suinos,suinos-bolsas-e-associaces,Suínos - Bolsas e Associações,Mato Grosso,,preco_kg,7.15,"7,15",R$,price,BRL,,spot,,MT,physical
2026-01-28,suinos,suinos-bolsas-e-associaces,Suínos - Bolsas e Associações,Mato Grosso,,variacao_pct,0.0,"0,00",%,change_pct,,pct,spot,,MT,physical
2026-01-28,suinos,suinos-bolsas-e-associaces,Suínos - Bolsas e Associações,Minas Gerais,,preco_kg,7.3,"7,30",R$,price,BRL,,spot,,MG,physical
2026-01-28,suinos,suinos-bolsas-e-associaces,Suínos - Bolsas e Associações,Minas Gerais,,variacao_pct,0.0,"0,00",%,change_pct,,pct,spot,,MG,physical
2026-01-28,suinos,suinos-bolsas-e-associaces,Suínos - Bolsas e Associações,Paraná,,preco_kg,7.54,"7,54",R$,price,BRL,,spot,,PR,physical
2026-01-28,suinos,suinos-bolsas-e-associaces,Suínos - Bolsas e Associações,Paraná,,variacao_pct,0.0,"0,00",%,change_pct,,pct,spot,,PR,physical
2026-01-28,suinos,suinos-bolsas-e-associaces,Suínos - Bolsas e Associações,Rio Grande do Sul,,preco_kg,7.83,"7,83",R$,price,BRL,,spot,,RS,physical
2026-01-28,suinos,suinos-bolsas-e-associaces,Suínos - Bolsas e Associações,Rio Grande do Sul,,variacao_pct,0.0,"0,00",%,change_pct,,pct,spot,,RS,physical
2026-01-28,suinos,suinos-bolsas-e-associaces,Suínos - Bolsas e Associações,Santa Catarina,,preco_kg,7.6,"7,60",R$,price,BRL,,spot,,SC,physical
2026-01-28,suinos,suinos-bolsas-e-associaces,Suínos - Bolsas e Associações,Santa Catarina,,variacao_pct,0.0,"0,00",%,change_pct,,pct,spot,,SC,physical
2026-01-28,suinos,suinos-bolsas-e-associaces,Suínos - Bolsas e Associações,São Paulo,,preco_kg,,s/ cotação,R$,price,BRL,,spot,,SP,physical
2026-01-28,suinos,suinos-bolsas-e-associaces,Suínos - Bolsas e Associações,São Paulo,,variacao_pct,,-,%,change_pct,,pct,spot,,SP,physical
2026-01-29,suinos,indicador-do-suino-vivo-cepea-esalq,Indicador do Suíno Vivo Cepea/Esalq,MG - posto,,kg,7.16,"7,16",R$,price,BRL,,spot,,,physical
2026-01-29,suinos,indicador-do-suino-vivo-cepea-esalq,Indicador do Suíno Vivo Cepea/Esalq,MG - posto,,variacao_pct,-1.24,"-1,24",%,change_pct,,pct,spot,,,physical
2026-01-29,suinos,indicador-do-suino-vivo-cepea-esalq,Indicador do Suíno Vivo Cepea/Esalq,PR - a retirar,,kg,6.79,"6,79",R$,price,BRL,,spot,,,physical
2026-01-29,suinos,indicador-do-suino-vivo-cepea-esalq,Indicador do Suíno Vivo Cepea/Esalq,PR - a retirar,,variacao_pct,-2.86,"-2,86",%,change_pct,,pct,spot,,,physical
2026-01-29,suinos,indicador-do-suino-vivo-cepea-esalq,Indicador do Suíno Vivo Cepea/Esalq,RS - a retirar,,kg,6.93,"6,93",R$,price,BRL,,spot,,,physical
2026-01-29,suinos,indicador-do-suino-vivo-cepea-esalq,Indicador do Suíno Vivo Cepea/Esalq,RS - a retirar,,variacao_pct,-1.14,"-1,14",%,change_pct,,pct,spot,,,physical
2026-01-29,suinos,indicador-do-suino-vivo-cepea-esalq,Indicador do Suíno Vivo Cepea/Esalq,SC - a retirar,,kg,6.71,"6,71",R$,price,BRL,,spot,,,physical
2026-01-29,suinos,indicador-do-suino-vivo-cepea-esalq,Indicador do Suíno Vivo Cepea/Esalq,SC - a retirar,,variacao_pct,-0.59,"-0,59",%,change_pct,,pct,spot,,,physical
2026-01-29,suinos,indicador-do-suino-vivo-cepea-esalq,Indicador do Suíno Vivo Cepea/Esalq,SP - posto,,kg,7.14,"7,14",R$,price,BRL,,spot,,,physical
2026-01-29,suinos,indicador-do-suino-vivo-cepea-esalq,Indicador do Suíno Vivo Cepea/Esalq,SP - posto,,variacao_pct,-1.79,"-1,79",%,change_pct,,pct,spot,,,physical
2026-01-29,suinos,suinos-bolsas-e-associaces,Suínos - Bolsas e Associações,Mato Grosso,,preco_kg,6.65,"6,65",R$,price,BRL,,spot,,MT,physical
2026-01-29,suinos,suinos-bolsas-e-associaces,Suínos - Bolsas e Associações,Mato Grosso,,variacao_pct,-6.99,"-6,99",%,change_pct,,pct,spot,,MT,physical
2026-01-29,suinos,suinos-bolsas-e-associaces,Suínos - Bolsas e Associações,Minas Gerais,,preco_kg,6.8,"6,80",R$,price,BRL,,spot,,MG,physical
2026-01-29,suinos,suinos-bolsas-e-associaces,Suínos - Bolsas e Associações,Minas Gerais,,variacao_pct,-6.85,"-6,85",%,change_pct,,pct,spot,,MG,physical
2026-01-29,suinos,suinos-bolsas-e-associaces,Suínos - Bolsas e Associações,Paraná,,preco_kg,7.54,"7,54",R$,price,BRL,,spot,,PR,physical
2026-01-29,suinos,suinos-bolsas-e-associaces,Suínos - Bolsas e Associações,Paraná,,variacao_pct,0.0,"0,00",%,change_pct,,pct,spot,,PR,physical
2026-01-29,suinos,suinos-bolsas-e-associaces,Suínos - Bolsas e Associações,Rio Grande do Sul,,preco_kg,7.83,"7,83",R$,price,BRL,,spot,,RS,physical
2026-01-29,suinos,suinos-bolsas-e-associaces,Suínos - Bolsas e Associações,Rio Grande do Sul,,variacao_pct,0.0,"0,00",%,change_pct,,pct,spot,,RS,physical
2026-01-29,suinos,suinos-bolsas-e-associaces,Suínos - Bolsas e Associações,Santa Catarina,,preco_kg,6.95,"6,95",R$,price,BRL,,spot,,SC,physical
2026-01-29,suinos,suinos-bolsas-e-associaces,Suínos - Bolsas e Associações,Santa Catarina,,variacao_pct,-8.55,"-8,55",%,change_pct,,pct,spot,,SC,physical
2026-01-29,suinos,suinos-bolsas-e-associaces,Suínos - Bolsas e Associações,São Paulo,,preco_kg,7.09,"7,09",R$,price,BRL,,spot,,SP,physical
2026-01-29,suinos,suinos-bolsas-e-associaces,Suínos - Bolsas e Associações,São Paulo,,variacao_pct,,-,%,change_pct,,pct,spot,,SP,physical
2026-01-30,suinos,indicador-do-suino-vivo-cepea-esalq,Indicador do Suíno Vivo Cepea/Esalq,MG - posto,,kg,7.08,"7,08",R$,price,BRL,,spot,,,physical
2026-01-30,suinos,indicador-do-suino-vivo-cepea-esalq,Indicador do Suíno Vivo Cepea/Esalq,MG - posto,,variacao_pct,-1.12,"-1,12",%,change_pct,,pct,spot,,,physical
2026-01-30,suinos,indicador-do-suino-vivo-cepea-esalq,Indicador do Suíno Vivo Cepea/Esalq,PR - a retirar,,kg,6.79,"6,79",R$,price,BRL,,spot,,,physical
2026-01-30,suinos,indicador-do-suino-vivo-cepea-esalq,Indicador do Suíno Vivo Cepea/Esalq,PR - a retirar,,variacao_pct,0.0,"0,00",%,change_pct,,pct,spot,,,physical
2026-01-30,suinos,indicador-do-suino-vivo-cepea-esalq,Indicador do Suíno Vivo Cepea/Esalq,RS - a retirar,,kg,6.76,"6,76",R$,price,BRL,,spot,,,physical
2026-01-30,suinos,indicador-do-suino-vivo-cepea-esalq,Indicador do Suíno Vivo Cepea/Esalq,RS - a retirar,,variacao_pct,-2.45,"-2,45",%,change_pct,,pct,spot,,,physical
2026-01-30,suinos,indicador-do-suino-vivo-cepea-esalq,Indicador do Suíno Vivo Cepea/Esalq,SC - a retirar,,kg,6.71,"6,71",R$,price,BRL,,spot,,,physical
2026-01-30,suinos,indicador-do-suino-vivo-cepea-esalq,Indicador do Suíno Vivo Cepea/Esalq,SC - a retirar,,variacao_pct,0.0,"0,00",%,change_pct,,pct,spot,,,physical
2026-01-30,suinos,indicador-do-suino-vivo-cepea-esalq,Indicador do Suíno Vivo Cepea/Esalq,SP - posto,,kg,7.09,"7,09",R$,price,BRL,,spot,,,physical
2026-01-30,suinos,indicador-do-suino-vivo-cepea-esalq,Indicador do Suíno Vivo Cepea/Esalq,SP - posto,,variacao_pct,-0.7,"-0,70",%,change_pct,,pct,spot,,,physical
2026-01-30,suinos,suinos-bolsas-e-associaces,Suínos - Bolsas e Associações,Mato Grosso,,preco_kg,6.65,"6,65",R$,price,BRL,,spot,,MT,physical
2026-01-30,suinos,suinos-bolsas-e-associaces,Suínos - Bolsas e Associações,Mato Grosso,,variacao_pct,0.0,"0,00",%,change_pct,,pct,spot,,MT,physical
2026-01-30,suinos,suinos-bolsas-e-associaces,Suínos - Bolsas e Associações,Minas Gerais,,preco_kg,6.8,"6,80",R$,price,BRL,,spot,,MG,physical
2026-01-30,suinos,suinos-bolsas-e-associaces,Suínos - Bolsas e Associações,Minas Gerais,,variacao_pct,0.0,"0,00",%,change_pct,,pct,spot,,MG,physical
2026-01-30,suinos,suinos-bolsas-e-associaces,Suínos - Bolsas e Associações,Paraná,,preco_kg,7.54,"7,54",R$,price,BRL,,spot,,PR,physical
2026-01-30,suinos,suinos-bolsas-e-associaces,Suínos - Bolsas e Associações,Paraná,,variacao_pct,0.0,"0,00",%,change_pct,,pct,spot,,PR,physical
2026-01-30,suinos,suinos-bolsas-e-associaces,Suínos - Bolsas e Associações,Rio Grande do Sul,,preco_kg,7.28,"7,28",R$,price,BRL,,spot,,RS,physical
2026-01-30,suinos,suinos-bolsas-e-associaces,Suínos - Bolsas e Associações,Rio Grande do Sul,,variacao_pct,-7.02,"-7,02",%,change_pct,,pct,spot,,RS,physical
2026-01-30,suinos,suinos-bolsas-e-associaces,Suínos - Bolsas e Associações,Santa Catarina,,preco_kg,6.95,"6,95",R$,price,BRL,,spot,,SC,physical
2026-01-30,suinos,suinos-bolsas-e-associaces,Suínos - Bolsas e Associações,Santa Catarina,,variacao_pct,0.0,"0,00",%,change_pct,,pct,spot,,SC,physical
2026-01-30,suinos,suinos-bolsas-e-associaces,Suínos - Bolsas e Associações,São Paulo,,preco_kg,7.09,"7,09",R$,price,BRL,,spot,,SP,physical
2026-01-30,suinos,suinos-bolsas-e-associaces,Suínos - Bolsas e Associações,São Paulo,,variacao_pct,0.0,"0,00",%,change_pct,,pct,spot,,SP,physical
2026-02-02,suinos,indicador-do-suino-vivo-cepea-esalq,Indicador do Suíno Vivo Cepea/Esalq,MG - posto,,kg,6.75,"6,75",R$,price,BRL,,spot,,,physical
2026-02-02,suinos,indicador-do-suino-vivo-cepea-esalq,Indicador do Suíno Vivo Cepea/Esalq,MG - posto,,variacao_pct,-4.66,"-4,66",%,change_pct,,pct,spot,,,physical
2026-02-02,suinos,indicador-do-suino-vivo-cepea-esalq,Indicador do Suíno Vivo Cepea/Esalq,PR - a retirar,,kg,6.76,"6,76",R$,price,BRL,,spot,,,physical
2026-02-02,suinos,indicador-do-suino-vivo-cepea-esalq,Indicador do Suíno Vivo Cepea/Esalq,PR - a retirar,,variacao_pct,-0.44,"-0,44",%,change_pct,,pct,spot,,,physical
2026-02-02,suinos,indicador-do-suino-vivo-cepea-esalq,Indicador do Suíno Vivo Cepea/Esalq,RS - a retirar,,kg,6.79,"6,79",R$,price,BRL,,spot,,,physical
2026-02-02,suinos,indicador-do-suino-vivo-cepea-esalq,Indicador do Suíno Vivo Cepea/Esalq,RS - a retirar,,variacao_pct,0.44,"+0,44",%,change_pct,,pct,spot,,,physical
2026-02-02,suinos,indicador-do-suino-vivo-cepea-esalq,Indicador do Suíno Vivo Cepea/Esalq,SC - a retirar,,kg,6.73,"6,73",R$,price,BRL,,spot,,,physical
2026-02-02,suinos,indicador-do-suino-vivo-cepea-esalq,Indicador do Suíno Vivo Cepea/Esalq,SC - a retirar,,variacao_pct,0.3,"+0,30",%,change_pct,,pct,spot,,,physical
2026-02-02,suinos,indicador-do-suino-vivo-cepea-esalq,Indicador do Suíno Vivo Cepea/Esalq,SP - posto,,kg,7.05,"7,05",R$,price,BRL,,spot,,,physical
2026-02-02,suinos,indicador-do-suino-vivo-cepea-esalq,Indicador do Suíno Vivo Cepea/Esalq,SP - posto,,variacao_pct,-0.56,"-0,56",%,change_pct,,pct,spot,,,physical
2026-02-02,suinos,suinos-bolsas-e-associaces,Suínos - Bolsas e Associações,Mato Grosso,,preco_kg,6.65,"6,65",R$,price,BRL,,spot,,MT,physical
2026-02-02,suinos,suinos-bolsas-e-associaces,Suínos - Bolsas e Associações,Mato Grosso,,variacao_pct,0.0,"0,00",%,change_pct,,pct,spot,,MT,physical
2026-02-02,suinos,suinos-bolsas-e-associaces,Suínos - Bolsas e Associações,Minas Gerais,,preco_kg,6.8,"6,80",R$,price,BRL,,spot,,MG,physical
2026-02-02,suinos,suinos-bolsas-e-associaces,Suínos - Bolsas e Associações,Minas Gerais,,variacao_pct,0.0,"0,00",%,change_pct,,pct,spot,,MG,physical
2026-02-02,suinos,suinos-bolsas-e-associaces,Suínos - Bolsas e Associações,Paraná,,preco_kg,7.54,"7,54",R$,price,BRL,,spot,,PR,physical
2026-02-02,suinos,suinos-bolsas-e-associaces,Suínos - Bolsas e Associações,Paraná,,variacao_pct,0.0,"0,00",%,change_pct,,pct,spot,,PR,physical
2026-02-02,suinos,suinos-bolsas-e-associaces,Suínos - Bolsas e Associações,Rio Grande do Sul,,preco_kg,7.28,"7,28",R$,price,BRL,,spot,,RS,physical
2026-02-02,suinos,suinos-bolsas-e-associaces,Suínos - Bolsas e Associações,Rio Grande do Sul,,variacao_pct,0.0,"0,00",%,change_pct,,pct,spot,,RS,physical
2026-02-02,suinos,suinos-bolsas-e-associaces,Suínos - Bolsas e Associações,Santa Catarina,,preco_kg,6.95,"6,95",R$,price,BRL,,spot,,SC,physical
2026-02-02,suinos,suinos-bolsas-e-associaces,Suínos - Bolsas e Associações,Santa Catarina,,variacao_pct,0.0,"0,00",%,change_pct,,pct,spot,,SC,physical
2026-02-02,suinos,suinos-bolsas-e-associaces,Suínos - Bolsas e Associações,São Paulo,,preco_kg,7.09,"7,09",R$,price,BRL,,spot,,SP,physical
2026-02-02,suinos,suinos-bolsas-e-associaces,Suínos - Bolsas e Associações,São Paulo,,variacao_pct,0.0,"0,00",%,change_pct,,pct,spot,,SP,physical
2026-02-03,suinos,indicador-do-suino-vivo-cepea-esalq,Indicador do Suíno Vivo Cepea/Esalq,MG - posto,,kg,6.76,"6,76",R$,price,BRL,,spot,,,physical
2026-02-03,suinos,indicador-do-suino-vivo-cepea-esalq,Indicador do Suíno Vivo Cepea/Esalq,MG - posto,,variacao_pct,0.15,"+0,15",%,change_pct,,pct,spot,,,physical
2026-02-03,suinos,indicador-do-suino-vivo-cepea-esalq,Indicador do Suíno Vivo Cepea/Esalq,PR - a retirar,,kg,6.72,"6,72",R$,price,BRL,,spot,,,physical
2026-02-03,suinos,indicador-do-suino-vivo-cepea-esalq,Indicador do Suíno Vivo Cepea/Esalq,PR - a retirar,,variacao_pct,-0.59,"-0,59",%,change_pct,,pct,spot,,,physical
2026-02-03,suinos,indicador-do-suino-vivo-cepea-esalq,Indicador do Suíno Vivo Cepea/Esalq,RS - a retirar,,kg,6.8,"6,80",R$,price,BRL,,spot,,,physical
2026-02-03,suinos,indicador-do-suino-vivo-cepea-esalq,Indicador do Suíno Vivo Cepea/Esalq,RS - a retirar,,variacao_pct,0.15,"+0,15",%,change_pct,,pct,spot,,,physical
2026-02-03,suinos,indicador-do-suino-vivo-cepea-esalq,Indicador do Suíno Vivo Cepea/Esalq,SC - a retirar,,kg,6.68,"6,68",R$,price,BRL,,spot,,,physical
2026-02-03,suinos,indicador-do-suino-vivo-cepea-esalq,Indicador do Suíno Vivo Cepea/Esalq,SC - a retirar,,variacao_pct,-0.74,"-0,74",%,change_pct,,pct,spot,,,physical
2026-02-03,suinos,indicador-do-suino-vivo-cepea-esalq,Indicador do Suíno Vivo Cepea/Esalq,SP - posto,,kg,6.94,"6,94",R$,price,BRL,,spot,,,physical
2026-02-03,suinos,indicador-do-suino-vivo-cepea-esalq,Indicador do Suíno Vivo Cepea/Esalq,SP - posto,,variacao_pct,-1.56,"-1,56",%,change_pct,,pct,spot,,,physical
2026-02-03,suinos,suinos-bolsas-e-associaces,Suínos - Bolsas e Associações,Mato Grosso,,preco_kg,6.65,"6,65",R$,price,BRL,,spot,,MT,physical
2026-02-03,suinos,suinos-bolsas-e-associaces,Suínos - Bolsas e Associações,Mato Grosso,,variacao_pct,0.0,"0,00",%,change_pct,,pct,spot,,MT,physical
2026-02-03,suinos,suinos-bolsas-e-associaces,Suínos - Bolsas e Associações,Minas Gerais,,preco_kg,6.8,"6,80",R$,price,BRL,,spot,,MG,physical
2026-02-03,suinos,suinos-bolsas-e-associaces,Suínos - Bolsas e Associações,Minas Gerais,,variacao_pct,0.0,"0,00",%,change_pct,,pct,spot,,MG,physical
2026-02-03,suinos,suinos-bolsas-e-associaces,Suínos - Bolsas e Associações,Paraná,,preco_kg,7.54,"7,54",R$,price,BRL,,spot,,PR,physical
2026-02-03,suinos,suinos-bolsas-e-associaces,Suínos - Bolsas e Associações,Paraná,,variacao_pct,0.0,"0,00",%,change_pct,,pct,spot,,PR,physical
2026-02-03,suinos,suinos-bolsas-e-associaces,Suínos - Bolsas e Associações,Rio Grande do Sul,,preco_kg,7.28,"7,28",R$,price,BRL,,spot,,RS,physical
2026-02-03,suinos,suinos-bolsas-e-associaces,Suínos - Bolsas e Associações,Rio Grande do Sul,,variacao_pct,0.0,"0,00",%,change_pct,,pct,spot,,RS,physical
2026-02-03,suinos,suinos-bolsas-e-associaces,Suínos - Bolsas e Associações,Santa Catarina,,preco_kg,6.95,"6,95",R$,price,BRL,,spot,,SC,physical
2026-02-03,suinos,suinos-bolsas-e-associaces,Suínos - Bolsas e Associações,Santa Catarina,,variacao_pct,0.0,"0,00",%,change_pct,,pct,spot,,SC,physical
2026-02-03,suinos,suinos-bolsas-e-associaces,Suínos - Bolsas e Associações,São Paulo,,preco_kg,7.09,"7,09",R$,price,BRL,,spot,,SP,physical
2026-02-03,suinos,suinos-bolsas-e-associaces,Suínos - Bolsas e Associações,São Paulo,,variacao_pct,0.0,"0,00",%,change_pct,,pct,spot,,SP,physical
2026-02-04,suinos,indicador-do-suino-vivo-cepea-esalq,Indicador do Suíno Vivo Cepea/Esalq,MG - posto,,kg,6.76,"6,76",R$,price,BRL,,spot,,,physical
2026-02-04,suinos,indicador-do-suino-vivo-cepea-esalq,Indicador do Suíno Vivo Cepea/Esalq,MG - posto,,variacao_pct,0.0,"0,00",%,change_pct,,pct,spot,,,physical
2026-02-04,suinos,indicador-do-suino-vivo-cepea-esalq,Indicador do Suíno Vivo Cepea/Esalq,PR - a retirar,,kg,6.72,"6,72",R$,price,BRL,,spot,,,physical
2026-02-04,suinos,indicador-do-suino-vivo-cepea-esalq,Indicador do Suíno Vivo Cepea/Esalq,PR - a retirar,,variacao_pct,0.0,"0,00",%,change_pct,,pct,spot,,,physical
2026-02-04,suinos,indicador-do-suino-vivo-cepea-esalq,Indicador do Suíno Vivo Cepea/Esalq,RS - a retirar,,kg,6.76,"6,76",R$,price,BRL,,spot,,,physical
2026-02-04,suinos,indicador-do-suino-vivo-cepea-esalq,Indicador do Suíno Vivo Cepea/Esalq,RS - a retirar,,variacao_pct,-0.59,"-0,59",%,change_pct,,pct,spot,,,physical
2026-02-04,suinos,indicador-do-suino-vivo-cepea-esalq,Indicador do Suíno Vivo Cepea/Esalq,SC - a retirar,,kg,6.64,"6,64",R$,price,BRL,,spot,,,physical
2026-02-04,suinos,indicador-do-suino-vivo-cepea-esalq,Indicador do Suíno Vivo Cepea/Esalq,SC - a retirar,,variacao_pct,-0.6,"-0,60",%,change_pct,,pct,spot,,,physical
2026-02-04,suinos,indicador-do-suino-vivo-cepea-esalq,Indicador do Suíno Vivo Cepea/Esalq,SP - posto,,kg,6.94,"6,94",R$,price,BRL,,spot,,,physical
2026-02-04,suinos,indicador-do-suino-vivo-cepea-esalq,Indicador do Suíno Vivo Cepea/Esalq,SP - posto,,variacao_pct,0.0,"0,00",%,change_pct,,pct,spot,,,physical
2026-02-04,suinos,suinos-bolsas-e-associaces,Suínos - Bolsas e Associações,Mato Grosso,,preco_kg,6.65,"6,65",R$,price,BRL,,spot,,MT,physical
2026-02-04,suinos,suinos-bolsas-e-associaces,Suínos - Bolsas e Associações,Mato Grosso,,variacao_pct,0.0,"0,00",%,change_pct,,pct,spot,,MT,physical
2026-02-04,suinos,suinos-bolsas-e-associaces,Suínos - Bolsas e Associações,Minas Gerais,,preco_kg,6.8,"6,80",R$,price,BRL,,spot,,MG,physical
2026-02-04,suinos,suinos-bolsas-e-associaces,Suínos - Bolsas e Associações,Minas Gerais,,variacao_pct,0.0,"0,00",%,change_pct,,pct,spot,,MG,physical
2026-02-04,suinos,suinos-bolsas-e-associaces,Suínos - Bolsas e Associações,Paraná,,preco_kg,7.54,"7,54",R$,price,BRL,,spot,,PR,physical
2026-02-04,suinos,suinos-bolsas-e-associaces,Suínos - Bolsas e Associações,Paraná,,variacao_pct,0.0,"0,00",%,change_pct,,pct,spot,,PR,physical
2026-02-04,suinos,suinos-bolsas-e-associaces,Suínos - Bolsas e Associações,Rio Grande do Sul,,preco_kg,7.28,"7,28",R$,price,BRL,,spot,,RS,physical
2026-02-04,suinos,suinos-bolsas-e-associaces,Suínos - Bolsas e Associações,Rio Grande do Sul,,variacao_pct,0.0,"0,00",%,change_pct,,pct,spot,,RS,physical
2026-02-04,suinos,suinos-bolsas-e-associaces,Suínos - Bolsas e Associações,Santa Catarina,,preco_kg,6.95,"6,95",R$,price,BRL,,spot,,SC,physical
2026-02-04,suinos,suinos-bolsas-e-associaces,Suínos - Bolsas e Associações,Santa Catarina,,variacao_pct,0.0,"0,00",%,change_pct,,pct,spot,,SC,physical
2026-02-04,suinos,suinos-bolsas-e-associaces,Suínos - Bolsas e Associações,São Paulo,,preco_kg,7.09,"7,09",R$,price,BRL,,spot,,SP,physical
2026-02-04,suinos,suinos-bolsas-e-associaces,Suínos - Bolsas e Associações,São Paulo,,variacao_pct,0.0,"0,00",%,change_pct,,pct,spot,,SP,physical
2026-02-05,suinos,indicador-do-suino-vivo-cepea-esalq,Indicador do Suíno Vivo Cepea/Esalq,MG - posto,,kg,6.76,"6,76",R$,price,BRL,,spot,,,physical
2026-02-05,suinos,indicador-do-suino-vivo-cepea-esalq,Indicador do Suíno Vivo Cepea/Esalq,MG - posto,,variacao_pct,0.0,"0,00",%,change_pct,,pct,spot,,,physical
2026-02-05,suinos,indicador-do-suino-vivo-cepea-esalq,Indicador do Suíno Vivo Cepea/Esalq,PR - a retirar,,kg,6.7,"6,70",R$,price,BRL,,spot,,,physical
2026-02-05,suinos,indicador-do-suino-vivo-cepea-esalq,Indicador do Suíno Vivo Cepea/Esalq,PR - a retirar,,variacao_pct,-0.3,"-0,30",%,change_pct,,pct,spot,,,physical
2026-02-05,suinos,indicador-do-suino-vivo-cepea-esalq,Indicador do Suíno Vivo Cepea/Esalq,RS - a retirar,,kg,6.76,"6,76",R$,price,BRL,,spot,,,physical
2026-02-05,suinos,indicador-do-suino-vivo-cepea-esalq,Indicador do Suíno Vivo Cepea/Esalq,RS - a retirar,,variacao_pct,0.0,"0,00",%,change_pct,,pct,spot,,,physical
2026-02-05,suinos,indicador-do-suino-vivo-cepea-esalq,Indicador do Suíno Vivo Cepea/Esalq,SC - a retirar,,kg,6.61,"6,61",R$,price,BRL,,spot,,,physical
2026-02-05,suinos,indicador-do-suino-vivo-cepea-esalq,Indicador do Suíno Vivo Cepea/Esalq,SC - a retirar,,variacao_pct,-0.45,"-0,45",%,change_pct,,pct,spot,,,physical
2026-02-05,suinos,indicador-do-suino-vivo-cepea-esalq,Indicador do Suíno Vivo Cepea/Esalq,SP - posto,,kg,6.94,"6,94",R$,price,BRL,,spot,,,physical
2026-02-05,suinos,indicador-do-suino-vivo-cepea-esalq,Indicador do Suíno Vivo Cepea/Esalq,SP - posto,,variacao_pct,0.0,"0,00",%,change_pct,,pct,spot,,,physical
2026-02-05,suinos,suinos-bolsas-e-associaces,Suínos - Bolsas e Associações,Mato Grosso,,preco_kg,6.7,"6,70",R$,price,BRL,,spot,,MT,physical
2026-02-05,suinos,suinos-bolsas-e-associaces,Suínos - Bolsas e Associações,Mato Grosso,,variacao_pct,0.75,"+0,75",%,change_pct,,pct,spot,,MT,physical
2026-02-05,suinos,suinos-bolsas-e-associaces,Suínos - Bolsas e Associações,Minas Gerais,,preco_kg,6.8,"6,80",R$,price,BRL,,spot,,MG,physical
2026-02-05,suinos,suinos-bolsas-e-associaces,Suínos - Bolsas e Associações,Minas Gerais,,variacao_pct,0.0,"0,00",%,change_pct,,pct,spot,,MG,physical
2026-02-05,suinos,suinos-bolsas-e-associaces,Suínos - Bolsas e Associações,Paraná,,preco_kg,7.54,"7,54",R$,price,BRL,,spot,,PR,physical
2026-02-05,suinos,suinos-bolsas-e-associaces,Suínos - Bolsas e Associações,Paraná,,variacao_pct,0.0,"0,00",%,change_pct,,pct,spot,,PR,physical
2026-02-05,suinos,suinos-bolsas-e-associaces,Suínos - Bolsas e Associações,Rio Grande do Sul,,preco_kg,7.28,"7,28",R$,price,BRL,,spot,,RS,physical
2026-02-05,suinos,suinos-bolsas-e-associaces,Suínos - Bolsas e Associações,Rio Grande do Sul,,variacao_pct,0.0,"0,00",%,change_pct,,pct,spot,,RS,physical
2026-02-05,suinos,suinos-bolsas-e-associaces,Suínos - Bolsas e Associações,Santa Catarina,,preco_kg,6.8,"6,80",R$,price,BRL,,spot,,SC,physical
2026-02-05,suinos,suinos-bolsas-e-associaces,Suínos - Bolsas e Associações,Santa Catarina,,variacao_pct,-2.16,"-2,16",%,change_pct,,pct,spot,,SC,physical
2026-02-05,suinos,suinos-bolsas-e-associaces,Suínos - Bolsas e Associações,São Paulo,,preco_kg,7.09,"7,09",R$,price,BRL,,spot,,SP,physical
2026-02-05,suinos,suinos-bolsas-e-associaces,Suínos - Bolsas e Associações,São Paulo,,variacao_pct,0.0,"0,00",%,change_pct,,pct,spot,,SP,physical
2026-02-06,suinos,indicador-do-suino-vivo-cepea-esalq,Indicador do Suíno Vivo Cepea/Esalq,MG - posto,,kg,6.76,"6,76",R$,price,BRL,,spot,,,physical
2026-02-06,suinos,indicador-do-suino-vivo-cepea-esalq,Indicador do Suíno Vivo Cepea/Esalq,MG - posto,,variacao_pct,0.0,"0,00",%,change_pct,,pct,spot,,,physical
2026-02-06,suinos,indicador-do-suino-vivo-cepea-esalq,Indicador do Suíno Vivo Cepea/Esalq,PR - a retirar,,kg,6.69,"6,69",R$,price,BRL,,spot,,,physical
2026-02-06,suinos,indicador-do-suino-vivo-cepea-esalq,Indicador do Suíno Vivo Cepea/Esalq,PR - a retirar,,variacao_pct,-0.15,"-0,15",%,change_pct,,pct,spot,,,physical
2026-02-06,suinos,indicador-do-suino-vivo-cepea-esalq,Indicador do Suíno Vivo Cepea/Esalq,RS - a retirar,,kg,6.81,"6,81",R$,price,BRL,,spot,,,physical
2026-02-06,suinos,indicador-do-suino-vivo-cepea-esalq,Indicador do Suíno Vivo Cepea/Esalq,RS - a retirar,,variacao_pct,0.74,"+0,74",%,change_pct,,pct,spot,,,physical
2026-02-06,suinos,indicador-do-suino-vivo-cepea-esalq,Indicador do Suíno Vivo Cepea/Esalq,SC - a retirar,,kg,6.61,"6,61",R$,price,BRL,,spot,,,physical
2026-02-06,suinos,indicador-do-suino-vivo-cepea-esalq,Indicador do Suíno Vivo Cepea/Esalq,SC - a retirar,,variacao_pct,0.0,"0,00",%,change_pct,,pct,spot,,,physical
2026-02-06,suinos,indicador-do-suino-vivo-cepea-esalq,Indicador do Suíno Vivo Cepea/Esalq,SP - posto,,kg,6.91,"6,91",R$,price,BRL,,spot,,,physical
2026-02-06,suinos,indicador-do-suino-vivo-cepea-esalq,Indicador do Suíno Vivo Cepea/Esalq,SP - posto,,variacao_pct,-0.43,"-0,43",%,change_pct,,pct,spot,,,physical
2026-02-06,suinos,suino-sp,Suíno (SP),Suíno CIF (@),,valor,130.0,"130,00",R$,price,BRL,,spot,,,physical
2026-02-06,suinos,suino-sp,Suíno (SP),Suíno CIF (@),,variacao_pct,0.0,"0,00",%,change_pct,,pct,spot,,,physical
2026-02-06,suinos,suino-sp,Suíno (SP),Suíno Carcaça Especial (kg),,valor,10.3,"10,30",R$,price,BRL,,spot,,,physical
2026-02-06,suinos,suino-sp,Suíno (SP),Suíno Carcaça Especial (kg),,variacao_pct,-0.96,"-0,96",%,change_pct,,pct,spot,,,physical
2026-02-06,suinos,suinos-bolsas-e-associaces,Suínos - Bolsas e Associações,Mato Grosso,,preco_kg,6.7,"6,70",R$,price,BRL,,spot,,MT,physical
2026-02-06,suinos,suinos-bolsas-e-associaces,Suínos - Bolsas e Associações,Mato Grosso,,variacao_pct,0.0,"0,00",%,change_pct,,pct,spot,,MT,physical
2026-02-06,suinos,suinos-bolsas-e-associaces,Suínos - Bolsas e Associações,Minas Gerais,,preco_kg,6.8,"6,80",R$,price,BRL,,spot,,MG,physical
2026-02-06,suinos,suinos-bolsas-e-associaces,Suínos - Bolsas e Associações,Minas Gerais,,variacao_pct,0.0,"0,00",%,change_pct,,pct,spot,,MG,physical
2026-02-06,suinos,suinos-bolsas-e-associaces,Suínos - Bolsas e Associações,Paraná,,preco_kg,7.54,"7,54",R$,price,BRL,,spot,,PR,physical
2026-02-06,suinos,suinos-bolsas-e-associaces,Suínos - Bolsas e Associações,Paraná,,variacao_pct,0.0,"0,00",%,change_pct,,pct,spot,,PR,physical
2026-02-06,suinos,suinos-bolsas-e-associaces,Suínos - Bolsas e Associações,Rio Grande do Sul,,preco_kg,7.21,"7,21",R$,price,BRL,,spot,,RS,physical
2026-02-06,suinos,suinos-bolsas-e-associaces,Suínos - Bolsas e Associações,Rio Grande do Sul,,variacao_pct,-0.96,"-0,96",%,change_pct,,pct,spot,,RS,physical
2026-02-06,suinos,suinos-bolsas-e-associaces,Suínos - Bolsas e Associações,Santa Catarina,,preco_kg,6.8,"6,80",R$,price,BRL,,spot,,SC,physical
2026-02-06,suinos,suinos-bolsas-e-associaces,Suínos - Bolsas e Associações,Santa Catarina,,variacao_pct,0.0,"0,00",%,change_pct,,pct,spot,,SC,physical
2026-02-06,suinos,suinos-bolsas-e-associaces,Suínos - Bolsas e Associações,São Paulo,,preco_kg,7.09,"7,09",R$,price,BRL,,spot,,SP,physical
2026-02-06,suinos,suinos-bolsas-e-associaces,Suínos - Bolsas e Associações,São Paulo,,variacao_pct,0.0,"0,00",%,change_pct,,pct,spot,,SP,physical
2026-02-09,suinos,indicador-do-suino-vivo-cepea-esalq,Indicador do Suíno Vivo Cepea/Esalq,MG - posto,,kg,6.78,"6,78",R$,price,BRL,,spot,,,physical
2026-02-09,suinos,indicador-do-suino-vivo-cepea-esalq,Indicador do Suíno Vivo Cepea/Esalq,MG - posto,,variacao_pct,0.3,"+0,30",%,change_pct,,pct,spot,,,physical
2026-02-09,suinos,indicador-do-suino-vivo-cepea-esalq,Indicador do Suíno Vivo Cepea/Esalq,PR - a retirar,,kg,6.71,"6,71",R$,price,BRL,,spot,,,physical
2026-02-09,suinos,indicador-do-suino-vivo-cepea-esalq,Indicador do Suíno Vivo Cepea/Esalq,PR - a retirar,,variacao_pct,0.3,"+0,30",%,change_pct,,pct,spot,,,physical
2026-02-09,suinos,indicador-do-suino-vivo-cepea-esalq,Indicador do Suíno Vivo Cepea/Esalq,RS - a retirar,,kg,6.84,"6,84",R$,price,BRL,,spot,,,physical
2026-02-09,suinos,indicador-do-suino-vivo-cepea-esalq,Indicador do Suíno Vivo Cepea/Esalq,RS - a retirar,,variacao_pct,0.44,"+0,44",%,change_pct,,pct,spot,,,physical
2026-02-09,suinos,indicador-do-suino-vivo-cepea-esalq,Indicador do Suíno Vivo Cepea/Esalq,SC - a retirar,,kg,6.61,"6,61",R$,price,BRL,,spot,,,physical
2026-02-09,suinos,indicador-do-suino-vivo-cepea-esalq,Indicador do Suíno Vivo Cepea/Esalq,SC - a retirar,,variacao_pct,0.0,"0,00",%,change_pct,,pct,spot,,,physical
2026-02-09,suinos,indicador-do-suino-vivo-cepea-esalq,Indicador do Suíno Vivo Cepea/Esalq,SP - posto,,kg,6.88,"6,88",R$,price,BRL,,spot,,,physical
2026-02-09,suinos,indicador-do-suino-vivo-cepea-esalq,Indicador do Suíno Vivo Cepea/Esalq,SP - posto,,variacao_pct,-0.43,"-0,43",%,change_pct,,pct,spot,,,physical
2026-02-09,suinos,suinos-bolsas-e-associaces,Suínos - Bolsas e Associações,Mato Grosso,,preco_kg,6.7,"6,70",R$,price,BRL,,spot,,MT,physical
2026-02-09,suinos,suinos-bolsas-e-associaces,Suínos - Bolsas e Associações,Mato Grosso,,variacao_pct,0.0,"0,00",%,change_pct,,pct,spot,,MT,physical
2026-02-09,suinos,suinos-bolsas-e-associaces,Suínos - Bolsas e Associações,Minas Gerais,,preco_kg,6.8,"6,80",R$,price,BRL,,spot,,MG,physical
2026-02-09,suinos,suinos-bolsas-e-associaces,Suínos - Bolsas e Associações,Minas Gerais,,variacao_pct,0.0,"0,00",%,change_pct,,pct,spot,,MG,physical
2026-02-09,suinos,suinos-bolsas-e-associaces,Suínos - Bolsas e Associações,Paraná,,preco_kg,7.54,"7,54",R$,price,BRL,,spot,,PR,physical
2026-02-09,suinos,suinos-bolsas-e-associaces,Suínos - Bolsas e Associações,Paraná,,variacao_pct,0.0,"0,00",%,change_pct,,pct,spot,,PR,physical
2026-02-09,suinos,suinos-bolsas-e-associaces,Suínos - Bolsas e Associações,Rio Grande do Sul,,preco_kg,7.21,"7,21",R$,price,BRL,,spot,,RS,physical
2026-02-09,suinos,suinos-bolsas-e-associaces,Suínos - Bolsas e Associações,Rio Grande do Sul,,variacao_pct,0.0,"0,00",%,change_pct,,pct,spot,,RS,physical
2026-02-09,suinos,suinos-bolsas-e-associaces,Suínos - Bolsas e Associações,Santa Catarina,,preco_kg,6.8,"6,80",R$,price,BRL,,spot,,SC,physical
2026-02-09,suinos,suinos-bolsas-e-associaces,Suínos - Bolsas e Associações,Santa Catarina,,variacao_pct,0.0,"0,00",%,change_pct,,pct,spot,,SC,physical
2026-02-09,suinos,suinos-bolsas-e-associaces,Suínos - Bolsas e Associações,São Paulo,,preco_kg,7.1,"7,10",R$,price,BRL,,spot,,SP,physical
2026-02-09,suinos,suinos-bolsas-e-associaces,Suínos - Bolsas e Associações,São Paulo,,variacao_pct,0.14,"+0,14",%,change_pct,,pct,spot,,SP,physical
2026-02-10,suinos,indicador-do-suino-vivo-cepea-esalq,Indicador do Suíno Vivo Cepea/Esalq,MG - posto,,kg,6.79,"6,79",R$,price,BRL,,spot,,,physical
2026-02-10,suinos,indicador-do-suino-vivo-cepea-esalq,Indicador do Suíno Vivo Cepea/Esalq,MG - posto,,variacao_pct,0.15,"+0,15",%,change_pct,,pct,spot,,,physical
2026-02-10,suinos,indicador-do-suino-vivo-cepea-esalq,Indicador do Suíno Vivo Cepea/Esalq,PR - a retirar,,kg,6.67,"6,67",R$,price,BRL,,spot,,,physical
2026-02-10,suinos,indicador-do-suino-vivo-cepea-esalq,Indicador do Suíno Vivo Cepea/Esalq,PR - a retirar,,variacao_pct,-0.6,"-0,60",%,change_pct,,pct,spot,,,physical
2026-02-10,suinos,indicador-do-suino-vivo-cepea-esalq,Indicador do Suíno Vivo Cepea/Esalq,RS - a retirar,,kg,6.81,"6,81",R$,price,BRL,,spot,,,physical
2026-02-10,suinos,indicador-do-suino-vivo-cepea-esalq,Indicador do Suíno Vivo Cepea/Esalq,RS - a retirar,,variacao_pct,-0.44,"-0,44",%,change_pct,,pct,spot,,,physical
2026-02-10,suinos,indicador-do-suino-vivo-cepea-esalq,Indicador do Suíno Vivo Cepea/Esalq,SC - a retirar,,kg,6.61,"6,61",R$,price,BRL,,spot,,,physical
2026-02-10,suinos,indicador-do-suino-vivo-cepea-esalq,Indicador do Suíno Vivo Cepea/Esalq,SC - a retirar,,variacao_pct,0.0,"0,00",%,change_pct,,pct,spot,,,physical
2026-02-10,suinos,indicador-do-suino-vivo-cepea-esalq,Indicador do Suíno Vivo Cepea/Esalq,SP - posto,,kg,6.97,"6,97",R$,price,BRL,,spot,,,physical
2026-02-10,suinos,indicador-do-suino-vivo-cepea-esalq,Indicador do Suíno Vivo Cepea/Esalq,SP - posto,,variacao_pct,1.31,"+1,31",%,change_pct,,pct,spot,,,physical
2026-02-10,suinos,suinos-bolsas-e-associaces,Suínos - Bolsas e Associações,Mato Grosso,,preco_kg,6.7,"6,70",R$,price,BRL,,spot,,MT,physical
2026-02-10,suinos,suinos-bolsas-e-associaces,Suínos - Bolsas e Associações,Mato Grosso,,variacao_pct,0.0,"0,00",%,change_pct,,pct,spot,,MT,physical
2026-02-10,suinos,suinos-bolsas-e-associaces,Suínos - Bolsas e Associações,Minas Gerais,,preco_kg,6.8,"6,80",R$,price,BRL,,spot,,MG,physical
2026-02-10,suinos,suinos-bolsas-e-associaces,Suínos - Bolsas e Associações,Minas Gerais,,variacao_pct,0.0,"0,00",%,change_pct,,pct,spot,,MG,physical
2026-02-10,suinos,suinos-bolsas-e-associaces,Suínos - Bolsas e Associações,Paraná,,preco_kg,7.54,"7,54",R$,price,BRL,,spot,,PR,physical
2026-02-10,suinos,suinos-bolsas-e-associaces,Suínos - Bolsas e Associações,Paraná,,variacao_pct,0.0,"0,00",%,change_pct,,pct,spot,,PR,physical
2026-02-10,suinos,suinos-bolsas-e-associaces,Suínos - Bolsas e Associações,Rio Grande do Sul,,preco_kg,7.21,"7,21",R$,price,BRL,,spot,,RS,physical
2026-02-10,suinos,suinos-bolsas-e-associaces,Suínos - Bolsas e Associações,Rio Grande do Sul,,variacao_pct,0.0,"0,00",%,change_pct,,pct,spot,,RS,physical
2026-02-10,suinos,suinos-bolsas-e-associaces,Suínos - Bolsas e Associações,Santa Catarina,,preco_kg,6.8,"6,80",R$,price,BRL,,spot,,SC,physical
2026-02-10,suinos,suinos-bolsas-e-associaces,Suínos - Bolsas e Associações,Santa Catarina,,variacao_pct,0.0,"0,00",%,change_pct,,pct,spot,,SC,physical
2026-02-10,suinos,suinos-bolsas-e-associaces,Suínos - Bolsas e Associações,São Paulo,,preco_kg,7.1,"7,10",R$,price,BRL,,spot,,SP,physical
2026-02-10,suinos,suinos-bolsas-e-associaces,Suínos - Bolsas e Associações,São Paulo,,variacao_pct,0.0,"0,00",%,change_pct,,pct,spot,,SP,physical
2026-02-11,suinos,indicador-do-suino-vivo-cepea-esalq,Indicador do Suíno Vivo Cepea/Esalq,MG - posto,,kg,6.78,"6,78",R$,price,BRL,,spot,,,physical
2026-02-11,suinos,indicador-do-suino-vivo-cepea-esalq,Indicador do Suíno Vivo Cepea/Esalq,MG - posto,,variacao_pct,-0.15,"-0,15",%,change_pct,,pct,spot,,,physical
2026-02-11,suinos,indicador-do-suino-vivo-cepea-esalq,Indicador do Suíno Vivo Cepea/Esalq,PR - a retirar,,kg,6.66,"6,66",R$,price,BRL,,spot,,,physical
2026-02-11,suinos,indicador-do-suino-vivo-cepea-esalq,Indicador do Suíno Vivo Cepea/Esalq,PR - a retirar,,variacao_pct,-0.15,"-0,15",%,change_pct,,pct,spot,,,physical
2026-02-11,suinos,indicador-do-suino-vivo-cepea-esalq,Indicador do Suíno Vivo Cepea/Esalq,RS - a retirar,,kg,6.81,"6,81",R$,price,BRL,,spot,,,physical
2026-02-11,suinos,indicador-do-suino-vivo-cepea-esalq,Indicador do Suíno Vivo Cepea/Esalq,RS - a retirar,,variacao_pct,0.0,"0,00",%,change_pct,,pct,spot,,,physical
2026-02-11,suinos,indicador-do-suino-vivo-cepea-esalq,Indicador do Suíno Vivo Cepea/Esalq,SC - a retirar,,kg,6.59,"6,59",R$,price,BRL,,spot,,,physical
2026-02-11,suinos,indicador-do-suino-vivo-cepea-esalq,Indicador do Suíno Vivo Cepea/Esalq,SC - a retirar,,variacao_pct,-0.3,"-0,30",%,change_pct,,pct,spot,,,physical
2026-02-11,suinos,indicador-do-suino-vivo-cepea-esalq,Indicador do Suíno Vivo Cepea/Esalq,SP - posto,,kg,6.96,"6,96",R$,price,BRL,,spot,,,physical
2026-02-11,suinos,indicador-do-suino-vivo-cepea-esalq,Indicador do Suíno Vivo Cepea/Esalq,SP - posto,,variacao_pct,-0.14,"-0,14",%,change_pct,,pct,spot,,,physical
2026-02-11,suinos,suinos-bolsas-e-associaces,Suínos - Bolsas e Associações,Mato Grosso,,preco_kg,6.7,"6,70",R$,price,BRL,,spot,,MT,physical
2026-02-11,suinos,suinos-bolsas-e-associaces,Suínos - Bolsas e Associações,Mato Grosso,,variacao_pct,0.0,"0,00",%,change_pct,,pct,spot,,MT,physical
2026-02-11,suinos,suinos-bolsas-e-associaces,Suínos - Bolsas e Associações,Minas Gerais,,preco_kg,6.8,"6,80",R$,price,BRL,,spot,,MG,physical
2026-02-11,suinos,suinos-bolsas-e-associaces,Suínos - Bolsas e Associações,Minas Gerais,,variacao_pct,0.0,"0,00",%,change_pct,,pct,spot,,MG,physical
2026-02-11,suinos,suinos-bolsas-e-associaces,Suínos - Bolsas e Associações,Paraná,,preco_kg,7.54,"7,54",R$,price,BRL,,spot,,PR,physical
2026-02-11,suinos,suinos-bolsas-e-associaces,Suínos - Bolsas e Associações,Paraná,,variacao_pct,0.0,"0,00",%,change_pct,,pct,spot,,PR,physical
2026-02-11,suinos,suinos-bolsas-e-associaces,Suínos - Bolsas e Associações,Rio Grande do Sul,,preco_kg,7.21,"7,21",R$,price,BRL,,spot,,RS,physical
2026-02-11,suinos,suinos-bolsas-e-associaces,Suínos - Bolsas e Associações,Rio Grande do Sul,,variacao_pct,0.0,"0,00",%,change_pct,,pct,spot,,RS,physical
2026-02-11,suinos,suinos-bolsas-e-associaces,Suínos - Bolsas e Associações,Santa Catarina,,preco_kg,6.8,"6,80",R$,price,BRL,,spot,,SC,physical
2026-02-11,suinos,suinos-bolsas-e-associaces,Suínos - Bolsas e Associações,Santa Catarina,,variacao_pct,0.0,"0,00",%,change_pct,,pct,spot,,SC,physical
2026-02-11,suinos,suinos-bolsas-e-associaces,Suínos - Bolsas e Associações,São Paulo,,preco_kg,7.1,"7,10",R$,price,BRL,,spot,,SP,physical
2026-02-11,suinos,suinos-bolsas-e-associaces,Suínos - Bolsas e Associações,São Paulo,,variacao_pct,0.0,"0,00",%,change_pct,,pct,spot,,SP,physical
2026-02-12,suinos,indicador-do-suino-vivo-cepea-esalq,Indicador do Suíno Vivo Cepea/Esalq,MG - posto,,kg,6.78,"6,78",R$,price,BRL,,spot,,,physical
2026-02-12,suinos,indicador-do-suino-vivo-cepea-esalq,Indicador do Suíno Vivo Cepea/Esalq,MG - posto,,variacao_pct,0.0,"0,00",%,change_pct,,pct,spot,,,physical
2026-02-12,suinos,indicador-do-suino-vivo-cepea-esalq,Indicador do Suíno Vivo Cepea/Esalq,PR - a retirar,,kg,6.67,"6,67",R$,price,BRL,,spot,,,physical
2026-02-12,suinos,indicador-do-suino-vivo-cepea-esalq,Indicador do Suíno Vivo Cepea/Esalq,PR - a retirar,,variacao_pct,0.15,"+0,15",%,change_pct,,pct,spot,,,physical
2026-02-12,suinos,indicador-do-suino-vivo-cepea-esalq,Indicador do Suíno Vivo Cepea/Esalq,RS - a retirar,,kg,6.81,"6,81",R$,price,BRL,,spot,,,physical
2026-02-12,suinos,indicador-do-suino-vivo-cepea-esalq,Indicador do Suíno Vivo Cepea/Esalq,RS - a retirar,,variacao_pct,0.0,"0,00",%,change_pct,,pct,spot,,,physical
2026-02-12,suinos,indicador-do-suino-vivo-cepea-esalq,Indicador do Suíno Vivo Cepea/Esalq,SC - a retirar,,kg,6.63,"6,63",R$,price,BRL,,spot,,,physical
2026-02-12,suinos,indicador-do-suino-vivo-cepea-esalq,Indicador do Suíno Vivo Cepea/Esalq,SC - a retirar,,variacao_pct,0.61,"+0,61",%,change_pct,,pct,spot,,,physical
2026-02-12,suinos,indicador-do-suino-vivo-cepea-esalq,Indicador do Suíno Vivo Cepea/Esalq,SP - posto,,kg,6.96,"6,96",R$,price,BRL,,spot,,,physical
2026-02-12,suinos,indicador-do-suino-vivo-cepea-esalq,Indicador do Suíno Vivo Cepea/Esalq,SP - posto,,variacao_pct,0.0,"0,00",%,change_pct,,pct,spot,,,physical
2026-02-12,suinos,suino-sp,Suíno (SP),Suíno CIF (@),,valor,130.0,"130,00",R$,price,BRL,,spot,,,physical
2026-02-12,suinos,suino-sp,Suíno (SP),Suíno CIF (@),,variacao_pct,0.0,"0,00",%,change_pct,,pct,spot,,,physical
2026-02-12,suinos,suino-sp,Suíno (SP),Suíno Carcaça Especial (kg),,valor,10.3,"10,30",R$,price,BRL,,spot,,,physical
2026-02-12,suinos,suino-sp,Suíno (SP),Suíno Carcaça Especial (kg),,variacao_pct,0.0,"0,00",%,change_pct,,pct,spot,,,physical
2026-02-12,suinos,suinos-bolsas-e-associaces,Suínos - Bolsas e Associações,Mato Grosso,,preco_kg,6.7,"6,70",R$,price,BRL,,spot,,MT,physical
2026-02-12,suinos,suinos-bolsas-e-associaces,Suínos - Bolsas e Associações,Mato Grosso,,variacao_pct,0.0,"0,00",%,change_pct,,pct,spot,,MT,physical
2026-02-12,suinos,suinos-bolsas-e-associaces,Suínos - Bolsas e Associações,Minas Gerais,,preco_kg,6.8,"6,80",R$,price,BRL,,spot,,MG,physical
2026-02-12,suinos,suinos-bolsas-e-associaces,Suínos - Bolsas e Associações,Minas Gerais,,variacao_pct,0.0,"0,00",%,change_pct,,pct,spot,,MG,physical
2026-02-12,suinos,suinos-bolsas-e-associaces,Suínos - Bolsas e Associações,Paraná,,preco_kg,7.54,"7,54",R$,price,BRL,,spot,,PR,physical
2026-02-12,suinos,suinos-bolsas-e-associaces,Suínos - Bolsas e Associações,Paraná,,variacao_pct,0.0,"0,00",%,change_pct,,pct,spot,,PR,physical
2026-02-12,suinos,suinos-bolsas-e-associaces,Suínos - Bolsas e Associações,Rio Grande do Sul,,preco_kg,7.21,"7,21",R$,price,BRL,,spot,,RS,physical
2026-02-12,suinos,suinos-bolsas-e-associaces,Suínos - Bolsas e Associações,Rio Grande do Sul,,variacao_pct,0.0,"0,00",%,change_pct,,pct,spot,,RS,physical
2026-02-12,suinos,suinos-bolsas-e-associaces,Suínos - Bolsas e Associações,Santa Catarina,,preco_kg,6.7,"6,70",R$,price,BRL,,spot,,SC,physical
2026-02-12,suinos,suinos-bolsas-e-associaces,Suínos - Bolsas e Associações,Santa Catarina,,variacao_pct,-1.47,"-1,47",%,change_pct,,pct,spot,,SC,physical
2026-02-12,suinos,suinos-bolsas-e-associaces,Suínos - Bolsas e Associações,São Paulo,,preco_kg,7.1,"7,10",R$,price,BRL,,spot,,SP,physical
2026-02-12,suinos,suinos-bolsas-e-associaces,Suínos - Bolsas e Associações,São Paulo,,variacao_pct,0.0,"0,00",%,change_pct,,pct,spot,,SP,physical
2026-02-13,suinos,indicador-do-suino-vivo-cepea-esalq,Indicador do Suíno Vivo Cepea/Esalq,MG - posto,,kg,6.76,"6,76",R$,price,BRL,,spot,,,physical
2026-02-13,suinos,indicador-do-suino-vivo-cepea-esalq,Indicador do Suíno Vivo Cepea/Esalq,MG - posto,,variacao_pct,-0.29,"-0,29",%,change_pct,,pct,spot,,,physical
2026-02-13,suinos,indicador-do-suino-vivo-cepea-esalq,Indicador do Suíno Vivo Cepea/Esalq,PR - a retirar,,kg,6.65,"6,65",R$,price,BRL,,spot,,,physical
2026-02-13,suinos,indicador-do-suino-vivo-cepea-esalq,Indicador do Suíno Vivo Cepea/Esalq,PR - a retirar,,variacao_pct,-0.3,"-0,30",%,change_pct,,pct,spot,,,physical
2026-02-13,suinos,indicador-do-suino-vivo-cepea-esalq,Indicador do Suíno Vivo Cepea/Esalq,RS - a retirar,,kg,6.8,"6,80",R$,price,BRL,,spot,,,physical
2026-02-13,suinos,indicador-do-suino-vivo-cepea-esalq,Indicador do Suíno Vivo Cepea/Esalq,RS - a retirar,,variacao_pct,-0.15,"-0,15",%,change_pct,,pct,spot,,,physical
2026-02-13,suinos,indicador-do-suino-vivo-cepea-esalq,Indicador do Suíno Vivo Cepea/Esalq,SC - a retirar,,kg,6.59,"6,59",R$,price,BRL,,spot,,,physical
2026-02-13,suinos,indicador-do-suino-vivo-cepea-esalq,Indicador do Suíno Vivo Cepea/Esalq,SC - a retirar,,variacao_pct,-0.6,"-0,60",%,change_pct,,pct,spot,,,physical
2026-02-13,suinos,indicador-do-suino-vivo-cepea-esalq,Indicador do Suíno Vivo Cepea/Esalq,SP - posto,,kg,6.92,"6,92",R$,price,BRL,,spot,,,physical
2026-02-13,suinos,indicador-do-suino-vivo-cepea-esalq,Indicador do Suíno Vivo Cepea/Esalq,SP - posto,,variacao_pct,-0.57,"-0,57",%,change_pct,,pct,spot,,,physical
2026-02-13,suinos,suino-sp,Suíno (SP),Suíno CIF (@),,valor,130.0,"130,00",R$,price,BRL,,spot,,,physical
2026-02-13,suinos,suino-sp,Suíno (SP),Suíno CIF (@),,variacao_pct,0.0,"0,00",%,change_pct,,pct,spot,,,physical
2026-02-13,suinos,suino-sp,Suíno (SP),Suíno Carcaça Especial (kg),,valor,10.3,"10,30",R$,price,BRL,,spot,,,physical
2026-02-13,suinos,suino-sp,Suíno (SP),Suíno Carcaça Especial (kg),,variacao_pct,0.0,"0,00",%,change_pct,,pct,spot,,,physical
2026-02-13,suinos,suinos-bolsas-e-associaces,Suínos - Bolsas e Associações,Mato Grosso,,preco_kg,6.7,"6,70",R$,price,BRL,,spot,,MT,physical
2026-02-13,suinos,suinos-bolsas-e-associaces,Suínos - Bolsas e Associações,Mato Grosso,,variacao_pct,0.0,"0,00",%,change_pct,,pct,spot,,MT,physical
2026-02-13,suinos,suinos-bolsas-e-associaces,Suínos - Bolsas e Associações,Minas Gerais,,preco_kg,6.8,"6,80",R$,price,BRL,,spot,,MG,physical
2026-02-13,suinos,suinos-bolsas-e-associaces,Suínos - Bolsas e Associações,Minas Gerais,,variacao_pct,0.0,"0,00",%,change_pct,,pct,spot,,MG,physical
2026-02-13,suinos,suinos-bolsas-e-associaces,Suínos - Bolsas e Associações,Paraná,,preco_kg,7.54,"7,54",R$,price,BRL,,spot,,PR,physical
2026-02-13,suinos,suinos-bolsas-e-associaces,Suínos - Bolsas e Associações,Paraná,,variacao_pct,0.0,"0,00",%,change_pct,,pct,spot,,PR,physical
2026-02-13,suinos,suinos-bolsas-e-associaces,Suínos - Bolsas e Associações,Rio Grande do Sul,,preco_kg,7.21,"7,21",R$,price,BRL,,spot,,RS,physical
2026-02-13,suinos,suinos-bolsas-e-associaces,Suínos - Bolsas e Associações,Rio Grande do Sul,,variacao_pct,0.0,"0,00",%,change_pct,,pct,spot,,RS,physical
2026-02-13,suinos,suinos-bolsas-e-associaces,Suínos - Bolsas e Associações,Santa Catarina,,preco_kg,6.7,"6,70",R$,price,BRL,,spot,,SC,physical
2026-02-13,suinos,suinos-bolsas-e-associaces,Suínos - Bolsas e Associações,Santa Catarina,,variacao_pct,0.0,"0,00",%,change_pct,,pct,spot,,SC,physical
2026-02-13,suinos,suinos-bolsas-e-associaces,Suínos - Bolsas e Associações,São Paulo,,preco_kg,7.1,"7,10",R$,price,BRL,,spot,,SP,physical
2026-02-13,suinos,suinos-bolsas-e-associaces,Suínos - Bolsas e Associações,São Paulo,,variacao_pct,0.0,"0,00",%,change_pct,,pct,spot,,SP,physical
2026-02-18,suinos,indicador-do-suino-vivo-cepea-esalq,Indicador do Suíno Vivo Cepea/Esalq,MG - posto,,kg,6.76,"6,76",R$,price,BRL,,spot,,,physical
2026-02-18,suinos,indicador-do-suino-vivo-cepea-esalq,Indicador do Suíno Vivo Cepea/Esalq,MG - posto,,variacao_pct,0.0,"0,00",%,change_pct,,pct,spot,,,physical
2026-02-18,suinos,indicador-do-suino-vivo-cepea-esalq,Indicador do Suíno Vivo Cepea/Esalq,PR - a retirar,,kg,6.64,"6,64",R$,price,BRL,,spot,,,physical
2026-02-18,suinos,indicador-do-suino-vivo-cepea-esalq,Indicador do Suíno Vivo Cepea/Esalq,PR - a retirar,,variacao_pct,-0.15,"-0,15",%,change_pct,,pct,spot,,,physical
2026-02-18,suinos,indicador-do-suino-vivo-cepea-esalq,Indicador do Suíno Vivo Cepea/Esalq,RS - a retirar,,kg,6.74,"6,74",R$,price,BRL,,spot,,,physical
2026-02-18,suinos,indicador-do-suino-vivo-cepea-esalq,Indicador do Suíno Vivo Cepea/Esalq,RS - a retirar,,variacao_pct,-0.88,"-0,88",%,change_pct,,pct,spot,,,physical
2026-02-18,suinos,indicador-do-suino-vivo-cepea-esalq,Indicador do Suíno Vivo Cepea/Esalq,SC - a retirar,,kg,6.58,"6,58",R$,price,BRL,,spot,,,physical
2026-02-18,suinos,indicador-do-suino-vivo-cepea-esalq,Indicador do Suíno Vivo Cepea/Esalq,SC - a retirar,,variacao_pct,-0.15,"-0,15",%,change_pct,,pct,spot,,,physical
2026-02-18,suinos,indicador-do-suino-vivo-cepea-esalq,Indicador do Suíno Vivo Cepea/Esalq,SP - posto,,kg,6.87,"6,87",R$,price,BRL,,spot,,,physical
2026-02-18,suinos,indicador-do-suino-vivo-cepea-esalq,Indicador do Suíno Vivo Cepea/Esalq,SP - posto,,variacao_pct,-0.72,"-0,72",%,change_pct,,pct,spot,,,physical
2026-02-18,suinos,suinos-bolsas-e-associaces,Suínos - Bolsas e Associações,Mato Grosso,,preco_kg,6.7,"6,70",R$,price,BRL,,spot,,MT,physical
2026-02-18,suinos,suinos-bolsas-e-associaces,Suínos - Bolsas e Associações,Mato Grosso,,variacao_pct,0.0,"0,00",%,change_pct,,pct,spot,,MT,physical
2026-02-18,suinos,suinos-bolsas-e-associaces,Suínos - Bolsas e Associações,Minas Gerais,,preco_kg,6.8,"6,80",R$,price,BRL,,spot,,MG,physical
2026-02-18,suinos,suinos-bolsas-e-associaces,Suínos - Bolsas e Associações,Minas Gerais,,variacao_pct,0.0,"0,00",%,change_pct,,pct,spot,,MG,physical
2026-02-18,suinos,suinos-bolsas-e-associaces,Suínos - Bolsas e Associações,Paraná,,preco_kg,7.54,"7,54",R$,price,BRL,,spot,,PR,physical
2026-02-18,suinos,suinos-bolsas-e-associaces,Suínos - Bolsas e Associações,Paraná,,variacao_pct,0.0,"0,00",%,change_pct,,pct,spot,,PR,physical
2026-02-18,suinos,suinos-bolsas-e-associaces,Suínos - Bolsas e Associações,Rio Grande do Sul,,preco_kg,7.21,"7,21",R$,price,BRL,,spot,,RS,physical
2026-02-18,suinos,suinos-bolsas-e-associaces,Suínos - Bolsas e Associações,Rio Grande do Sul,,variacao_pct,0.0,"0,00",%,change_pct,,pct,spot,,RS,physical
2026-02-18,suinos,suinos-bolsas-e-associaces,Suínos - Bolsas e Associações,Santa Catarina,,preco_kg,6.7,"6,70",R$,price,BRL,,spot,,SC,physical
2026-02-18,suinos,suinos-bolsas-e-associaces,Suínos - Bolsas e Associações,Santa Catarina,,variacao_pct,0.0,"0,00",%,change_pct,,pct,spot,,SC,physical
2026-02-18,suinos,suinos-bolsas-e-associaces,Suínos - Bolsas e Associações,São Paulo,,preco_kg,7.1,"7,10",R$,price,BRL,,spot,,SP,physical
2026-02-18,suinos,suinos-bolsas-e-associaces,Suínos - Bolsas e Associações,São Paulo,,variacao_pct,0.0,"0,00",%,change_pct,,pct,spot,,SP,physical
2026-02-19,suinos,indicador-do-suino-vivo-cepea-esalq,Indicador do Suíno Vivo Cepea/Esalq,MG - posto,,kg,6.76,"6,76",R$,price,BRL,,spot,,,physical
2026-02-19,suinos,indicador-do-suino-vivo-cepea-esalq,Indicador do Suíno Vivo Cepea/Esalq,MG - posto,,variacao_pct,0.0,"0,00",%,change_pct,,pct,spot,,,physical
2026-02-19,suinos,indicador-do-suino-vivo-cepea-esalq,Indicador do Suíno Vivo Cepea/Esalq,PR - a retirar,,kg,6.64,"6,64",R$,price,BRL,,spot,,,physical
2026-02-19,suinos,indicador-do-suino-vivo-cepea-esalq,Indicador do Suíno Vivo Cepea/Esalq,PR - a retirar,,variacao_pct,0.0,"0,00",%,change_pct,,pct,spot,,,physical
2026-02-19,suinos,indicador-do-suino-vivo-cepea-esalq,Indicador do Suíno Vivo Cepea/Esalq,RS - a retirar,,kg,6.74,"6,74",R$,price,BRL,,spot,,,physical
2026-02-19,suinos,indicador-do-suino-vivo-cepea-esalq,Indicador do Suíno Vivo Cepea/Esalq,RS - a retirar,,variacao_pct,0.0,"0,00",%,change_pct,,pct,spot,,,physical
2026-02-19,suinos,indicador-do-suino-vivo-cepea-esalq,Indicador do Suíno Vivo Cepea/Esalq,SC - a retirar,,kg,6.59,"6,59",R$,price,BRL,,spot,,,physical
2026-02-19,suinos,indicador-do-suino-vivo-cepea-esalq,Indicador do Suíno Vivo Cepea/Esalq,SC - a retirar,,variacao_pct,0.15,"+0,15",%,change_pct,,pct,spot,,,physical
2026-02-19,suinos,indicador-do-suino-vivo-cepea-esalq,Indicador do Suíno Vivo Cepea/Esalq,SP - posto,,kg,6.84,"6,84",R$,price,BRL,,spot,,,physical
2026-02-19,suinos,indicador-do-suino-vivo-cepea-esalq,Indicador do Suíno Vivo Cepea/Esalq,SP - posto,,variacao_pct,-0.44,"-0,44",%,change_pct,,pct,spot,,,physical
2026-02-19,suinos,suino-sp,Suíno (SP),Suíno CIF (@),,valor,130.0,"130,00",R$,price,BRL,,spot,,,physical
2026-02-19,suinos,suino-sp,Suíno (SP),Suíno CIF (@),,variacao_pct,0.0,"0,00",%,change_pct,,pct,spot,,,physical
2026-02-19,suinos,suino-sp,Suíno (SP),Suíno Carcaça Especial (kg),,valor,10.3,"10,30",R$,price,BRL,,spot,,,physical
2026-02-19,suinos,suino-sp,Suíno (SP),Suíno Carcaça Especial (kg),,variacao_pct,0.0,"0,00",%,change_pct,,pct,spot,,,physical
2026-02-19,suinos,suinos-bolsas-e-associaces,Suínos - Bolsas e Associações,Mato Grosso,,preco_kg,6.5,"6,50",R$,price,BRL,,spot,,MT,physical
2026-02-19,suinos,suinos-bolsas-e-associaces,Suínos - Bolsas e Associações,Mato Grosso,,variacao_pct,-2.99,"-2,99",%,change_pct,,pct,spot,,MT,physical
2026-02-19,suinos,suinos-bolsas-e-associaces,Suínos - Bolsas e Associações,Minas Gerais,,preco_kg,6.8,"6,80",R$,price,BRL,,spot,,MG,physical
2026-02-19,suinos,suinos-bolsas-e-associaces,Suínos - Bolsas e Associações,Minas Gerais,,variacao_pct,0.0,"0,00",%,change_pct,,pct,spot,,MG,physical
2026-02-19,suinos,suinos-bolsas-e-associaces,Suínos - Bolsas e Associações,Paraná,,preco_kg,7.54,"7,54",R$,price,BRL,,spot,,PR,physical
2026-02-19,suinos,suinos-bolsas-e-associaces,Suínos - Bolsas e Associações,Paraná,,variacao_pct,0.0,"0,00",%,change_pct,,pct,spot,,PR,physical
2026-02-19,suinos,suinos-bolsas-e-associaces,Suínos - Bolsas e Associações,Rio Grande do Sul,,preco_kg,7.21,"7,21",R$,price,BRL,,spot,,RS,physical
2026-02-19,suinos,suinos-bolsas-e-associaces,Suínos - Bolsas e Associações,Rio Grande do Sul,,variacao_pct,0.0,"0,00",%,change_pct,,pct,spot,,RS,physical
2026-02-19,suinos,suinos-bolsas-e-associaces,Suínos - Bolsas e Associações,Santa Catarina,,preco_kg,6.72,"6,72",R$,price,BRL,,spot,,SC,physical
2026-02-19,suinos,suinos-bolsas-e-associaces,Suínos - Bolsas e Associações,Santa Catarina,,variacao_pct,0.3,"+0,30",%,change_pct,,pct,spot,,SC,physical
2026-02-19,suinos,suinos-bolsas-e-associaces,Suínos - Bolsas e Associações,São Paulo,,preco_kg,7.1,"7,10",R$,price,BRL,,spot,,SP,physical
2026-02-19,suinos,suinos-bolsas-e-associaces,Suínos - Bolsas e Associações,São Paulo,,variacao_pct,0.0,"0,00",%,change_pct,,pct,spot,,SP,physical
2026-02-20,suinos,indicador-do-suino-vivo-cepea-esalq,Indicador do Suíno Vivo Cepea/Esalq,MG - posto,,kg,6.76,"6,76",R$,price,BRL,,spot,,,physical
2026-02-20,suinos,indicador-do-suino-vivo-cepea-esalq,Indicador do Suíno Vivo Cepea/Esalq,MG - posto,,variacao_pct,0.0,"0,00",%,change_pct,,pct,spot,,,physical
2026-02-20,suinos,indicador-do-suino-vivo-cepea-esalq,Indicador do Suíno Vivo Cepea/Esalq,PR - a retirar,,kg,6.64,"6,64",R$,price,BRL,,spot,,,physical
2026-02-20,suinos,indicador-do-suino-vivo-cepea-esalq,Indicador do Suíno Vivo Cepea/Esalq,PR - a retirar,,variacao_pct,0.0,"0,00",%,change_pct,,pct,spot,,,physical
2026-02-20,suinos,indicador-do-suino-vivo-cepea-esalq,Indicador do Suíno Vivo Cepea/Esalq,RS - a retirar,,kg,6.74,"6,74",R$,price,BRL,,spot,,,physical
2026-02-20,suinos,indicador-do-suino-vivo-cepea-esalq,Indicador do Suíno Vivo Cepea/Esalq,RS - a retirar,,variacao_pct,0.0,"0,00",%,change_pct,,pct,spot,,,physical
2026-02-20,suinos,indicador-do-suino-vivo-cepea-esalq,Indicador do Suíno Vivo Cepea/Esalq,SC - a retirar,,kg,6.59,"6,59",R$,price,BRL,,spot,,,physical
2026-02-20,suinos,indicador-do-suino-vivo-cepea-esalq,Indicador do Suíno Vivo Cepea/Esalq,SC - a retirar,,variacao_pct,0.0,"0,00",%,change_pct,,pct,spot,,,physical
2026-02-20,suinos,indicador-do-suino-vivo-cepea-esalq,Indicador do Suíno Vivo Cepea/Esalq,SP - posto,,kg,6.87,"6,87",R$,price,BRL,,spot,,,physical
2026-02-20,suinos,indicador-do-suino-vivo-cepea-esalq,Indicador do Suíno Vivo Cepea/Esalq,SP - posto,,variacao_pct,0.44,"+0,44",%,change_pct,,pct,spot,,,physical
2026-02-20,suinos,suino-sp,Suíno (SP),Suíno CIF (@),,valor,130.0,"130,00",R$,price,BRL,,spot,,,physical
2026-02-20,suinos,suino-sp,Suíno (SP),Suíno CIF (@),,variacao_pct,0.0,"0,00",%,change_pct,,pct,spot,,,physical
2026-02-20,suinos,suino-sp,Suíno (SP),Suíno Carcaça Especial (kg),,valor,10.3,"10,30",R$,price,BRL,,spot,,,physical
2026-02-20,suinos,suino-sp,Suíno (SP),Suíno Carcaça Especial (kg),,variacao_pct,0.0,"0,00",%,change_pct,,pct,spot,,,physical
2026-02-20,suinos,suinos-bolsas-e-associaces,Suínos - Bolsas e Associações,Mato Grosso,,preco_kg,6.5,"6,50",R$,price,BRL,,spot,,MT,physical
2026-02-20,suinos,suinos-bolsas-e-associaces,Suínos - Bolsas e Associações,Mato Grosso,,variacao_pct,0.0,"0,00",%,change_pct,,pct,spot,,MT,physical
2026-02-20,suinos,suinos-bolsas-e-associaces,Suínos - Bolsas e Associações,Minas Gerais,,preco_kg,6.8,"6,80",R$,price,BRL,,spot,,MG,physical
2026-02-20,suinos,suinos-bolsas-e-associaces,Suínos - Bolsas e Associações,Minas Gerais,,variacao_pct,0.0,"0,00",%,change_pct,,pct,spot,,MG,physical
2026-02-20,suinos,suinos-bolsas-e-associaces,Suínos - Bolsas e Associações,Paraná,,preco_kg,7.54,"7,54",R$,price,BRL,,spot,,PR,physical
2026-02-20,suinos,suinos-bolsas-e-associaces,Suínos - Bolsas e Associações,Paraná,,variacao_pct,0.0,"0,00",%,change_pct,,pct,spot,,PR,physical
2026-02-20,suinos,suinos-bolsas-e-associaces,Suínos - Bolsas e Associações,Rio Grande do Sul,,preco_kg,7.21,"7,21",R$,price,BRL,,spot,,RS,physical
2026-02-20,suinos,suinos-bolsas-e-associaces,Suínos - Bolsas e Associações,Rio Grande do Sul,,variacao_pct,0.0,"0,00",%,change_pct,,pct,spot,,RS,physical
2026-02-20,suinos,suinos-bolsas-e-associaces,Suínos - Bolsas e Associações,Santa Catarina,,preco_kg,6.72,"6,72",R$,price,BRL,,spot,,SC,physical
2026-02-20,suinos,suinos-bolsas-e-associaces,Suínos - Bolsas e Associações,Santa Catarina,,variacao_pct,0.0,"0,00",%,change_pct,,pct,spot,,SC,physical
2026-02-20,suinos,suinos-bolsas-e-associaces,Suínos - Bolsas e Associações,São Paulo,,preco_kg,7.1,"7,10",R$,price,BRL,,spot,,SP,physical
2026-02-20,suinos,suinos-bolsas-e-associaces,Suínos - Bolsas e Associações,São Paulo,,variacao_pct,0.0,"0,00",%,change_pct,,pct,spot,,SP,physical
2026-02-23,suinos,indicador-do-suino-vivo-cepea-esalq,Indicador do Suíno Vivo Cepea/Esalq,MG - posto,,kg,6.77,"6,77",R$,price,BRL,,spot,,,physical
2026-02-23,suinos,indicador-do-suino-vivo-cepea-esalq,Indicador do Suíno Vivo Cepea/Esalq,MG - posto,,variacao_pct,0.15,"+0,15",%,change_pct,,pct,spot,,,physical
2026-02-23,suinos,indicador-do-suino-vivo-cepea-esalq,Indicador do Suíno Vivo Cepea/Esalq,PR - a retirar,,kg,6.59,"6,59",R$,price,BRL,,spot,,,physical
2026-02-23,suinos,indicador-do-suino-vivo-cepea-esalq,Indicador do Suíno Vivo Cepea/Esalq,PR - a retirar,,variacao_pct,-0.75,"-0,75",%,change_pct,,pct,spot,,,physical
2026-02-23,suinos,indicador-do-suino-vivo-cepea-esalq,Indicador do Suíno Vivo Cepea/Esalq,RS - a retirar,,kg,6.61,"6,61",R$,price,BRL,,spot,,,physical
2026-02-23,suinos,indicador-do-suino-vivo-cepea-esalq,Indicador do Suíno Vivo Cepea/Esalq,RS - a retirar,,variacao_pct,-1.93,"-1,93",%,change_pct,,pct,spot,,,physical
2026-02-23,suinos,indicador-do-suino-vivo-cepea-esalq,Indicador do Suíno Vivo Cepea/Esalq,SC - a retirar,,kg,6.58,"6,58",R$,price,BRL,,spot,,,physical
2026-02-23,suinos,indicador-do-suino-vivo-cepea-esalq,Indicador do Suíno Vivo Cepea/Esalq,SC - a retirar,,variacao_pct,-0.15,"-0,15",%,change_pct,,pct,spot,,,physical
2026-02-23,suinos,indicador-do-suino-vivo-cepea-esalq,Indicador do Suíno Vivo Cepea/Esalq,SP - posto,,kg,6.86,"6,86",R$,price,BRL,,spot,,,physical
2026-02-23,suinos,indicador-do-suino-vivo-cepea-esalq,Indicador do Suíno Vivo Cepea/Esalq,SP - posto,,variacao_pct,-0.15,"-0,15",%,change_pct,,pct,spot,,,physical
2026-02-23,suinos,suino-sp,Suíno (SP),Suíno CIF (@),,valor,130.0,"130,00",R$,price,BRL,,spot,,,physical
2026-02-23,suinos,suino-sp,Suíno (SP),Suíno CIF (@),,variacao_pct,0.0,"0,00",%,change_pct,,pct,spot,,,physical
2026-02-23,suinos,suino-sp,Suíno (SP),Suíno Carcaça Especial (kg),,valor,10.3,"10,30",R$,price,BRL,,spot,,,physical
2026-02-23,suinos,suino-sp,Suíno (SP),Suíno Carcaça Especial (kg),,variacao_pct,0.0,"0,00",%,change_pct,,pct,spot,,,physical
2026-02-23,suinos,suinos-bolsas-e-associaces,Suínos - Bolsas e Associações,Mato Grosso,,preco_kg,6.5,"6,50",R$,price,BRL,,spot,,MT,physical
2026-02-23,suinos,suinos-bolsas-e-associaces,Suínos - Bolsas e Associações,Mato Grosso,,variacao_pct,0.0,"0,00",%,change_pct,,pct,spot,,MT,physical
2026-02-23,suinos,suinos-bolsas-e-associaces,Suínos - Bolsas e Associações,Minas Gerais,,preco_kg,6.8,"6,80",R$,price,BRL,,spot,,MG,physical
2026-02-23,suinos,suinos-bolsas-e-associaces,Suínos - Bolsas e Associações,Minas Gerais,,variacao_pct,0.0,"0,00",%,change_pct,,pct,spot,,MG,physical
2026-02-23,suinos,suinos-bolsas-e-associaces,Suínos - Bolsas e Associações,Paraná,,preco_kg,7.54,"7,54",R$,price,BRL,,spot,,PR,physical
2026-02-23,suinos,suinos-bolsas-e-associaces,Suínos - Bolsas e Associações,Paraná,,variacao_pct,0.0,"0,00",%,change_pct,,pct,spot,,PR,physical
2026-02-23,suinos,suinos-bolsas-e-associaces,Suínos - Bolsas e Associações,Rio Grande do Sul,,preco_kg,7.21,"7,21",R$,price,BRL,,spot,,RS,physical
2026-02-23,suinos,suinos-bolsas-e-associaces,Suínos - Bolsas e Associações,Rio Grande do Sul,,variacao_pct,0.0,"0,00",%,change_pct,,pct,spot,,RS,physical
2026-02-23,suinos,suinos-bolsas-e-associaces,Suínos - Bolsas e Associações,Santa Catarina,,preco_kg,6.72,"6,72",R$,price,BRL,,spot,,SC,physical
2026-02-23,suinos,suinos-bolsas-e-associaces,Suínos - Bolsas e Associações,Santa Catarina,,variacao_pct,0.0,"0,00",%,change_pct,,pct,spot,,SC,physical
2026-02-23,suinos,suinos-bolsas-e-associaces,Suínos - Bolsas e Associações,São Paulo,,preco_kg,7.1,"7,10",R$,price,BRL,,spot,,SP,physical
2026-02-23,suinos,suinos-bolsas-e-associaces,Suínos - Bolsas e Associações,São Paulo,,variacao_pct,0.0,"0,00",%,change_pct,,pct,spot,,SP,physical
2026-02-24,suinos,indicador-do-suino-vivo-cepea-esalq,Indicador do Suíno Vivo Cepea/Esalq,MG - posto,,kg,6.77,"6,77",R$,price,BRL,,spot,,,physical
2026-02-24,suinos,indicador-do-suino-vivo-cepea-esalq,Indicador do Suíno Vivo Cepea/Esalq,MG - posto,,variacao_pct,0.0,"0,00",%,change_pct,,pct,spot,,,physical
2026-02-24,suinos,indicador-do-suino-vivo-cepea-esalq,Indicador do Suíno Vivo Cepea/Esalq,PR - a retirar,,kg,6.59,"6,59",R$,price,BRL,,spot,,,physical
2026-02-24,suinos,indicador-do-suino-vivo-cepea-esalq,Indicador do Suíno Vivo Cepea/Esalq,PR - a retirar,,variacao_pct,0.0,"0,00",%,change_pct,,pct,spot,,,physical
2026-02-24,suinos,indicador-do-suino-vivo-cepea-esalq,Indicador do Suíno Vivo Cepea/Esalq,RS - a retirar,,kg,6.63,"6,63",R$,price,BRL,,spot,,,physical
2026-02-24,suinos,indicador-do-suino-vivo-cepea-esalq,Indicador do Suíno Vivo Cepea/Esalq,RS - a retirar,,variacao_pct,0.3,"+0,30",%,change_pct,,pct,spot,,,physical
2026-02-24,suinos,indicador-do-suino-vivo-cepea-esalq,Indicador do Suíno Vivo Cepea/Esalq,SC - a retirar,,kg,6.57,"6,57",R$,price,BRL,,spot,,,physical
2026-02-24,suinos,indicador-do-suino-vivo-cepea-esalq,Indicador do Suíno Vivo Cepea/Esalq,SC - a retirar,,variacao_pct,-0.15,"-0,15",%,change_pct,,pct,spot,,,physical
2026-02-24,suinos,indicador-do-suino-vivo-cepea-esalq,Indicador do Suíno Vivo Cepea/Esalq,SP - posto,,kg,6.85,"6,85",R$,price,BRL,,spot,,,physical
2026-02-24,suinos,indicador-do-suino-vivo-cepea-esalq,Indicador do Suíno Vivo Cepea/Esalq,SP - posto,,variacao_pct,-0.15,"-0,15",%,change_pct,,pct,spot,,,physical
2026-02-24,suinos,suino-sp,Suíno (SP),Suíno CIF (@),,valor,130.0,"130,00",R$,price,BRL,,spot,,,physical
2026-02-24,suinos,suino-sp,Suíno (SP),Suíno CIF (@),,variacao_pct,0.0,"0,00",%,change_pct,,pct,spot,,,physical
2026-02-24,suinos,suino-sp,Suíno (SP),Suíno Carcaça Especial (kg),,valor,10.2,"10,20",R$,price,BRL,,spot,,,physical
2026-02-24,suinos,suino-sp,Suíno (SP),Suíno Carcaça Especial (kg),,variacao_pct,-0.97,"-0,97",%,change_pct,,pct,spot,,,physical
2026-02-24,suinos,suinos-bolsas-e-associaces,Suínos - Bolsas e Associações,Mato Grosso,,preco_kg,6.5,"6,50",R$,price,BRL,,spot,,MT,physical
2026-02-24,suinos,suinos-bolsas-e-associaces,Suínos - Bolsas e Associações,Mato Grosso,,variacao_pct,0.0,"0,00",%,change_pct,,pct,spot,,MT,physical
2026-02-24,suinos,suinos-bolsas-e-associaces,Suínos - Bolsas e Associações,Minas Gerais,,preco_kg,6.8,"6,80",R$,price,BRL,,spot,,MG,physical
2026-02-24,suinos,suinos-bolsas-e-associaces,Suínos - Bolsas e Associações,Minas Gerais,,variacao_pct,0.0,"0,00",%,change_pct,,pct,spot,,MG,physical
2026-02-24,suinos,suinos-bolsas-e-associaces,Suínos - Bolsas e Associações,Paraná,,preco_kg,7.54,"7,54",R$,price,BRL,,spot,,PR,physical
2026-02-24,suinos,suinos-bolsas-e-associaces,Suínos - Bolsas e Associações,Paraná,,variacao_pct,0.0,"0,00",%,change_pct,,pct,spot,,PR,physical
2026-02-24,suinos,suinos-bolsas-e-associaces,Suínos - Bolsas e Associações,Rio Grande do Sul,,preco_kg,7.21,"7,21",R$,price,BRL,,spot,,RS,physical
2026-02-24,suinos,suinos-bolsas-e-associaces,Suínos - Bolsas e Associações,Rio Grande do Sul,,variacao_pct,0.0,"0,00",%,change_pct,,pct,spot,,RS,physical
2026-02-24,suinos,suinos-bolsas-e-associaces,Suínos - Bolsas e Associações,Santa Catarina,,preco_kg,6.72,"6,72",R$,price,BRL,,spot,,SC,physical
2026-02-24,suinos,suinos-bolsas-e-associaces,Suínos - Bolsas e Associações,Santa Catarina,,variacao_pct,0.0,"0,00",%,change_pct,,pct,spot,,SC,physical
2026-02-24,suinos,suinos-bolsas-e-associaces,Suínos - Bolsas e Associações,São Paulo,,preco_kg,7.1,"7,10",R$,price,BRL,,spot,,SP,physical
2026-02-24,suinos,suinos-bolsas-e-associaces,Suínos - Bolsas e Associações,São Paulo,,variacao_pct,0.0,"0,00",%,change_pct,,pct,spot,,SP,physical
2026-02-25,suinos,indicador-do-suino-vivo-cepea-esalq,Indicador do Suíno Vivo Cepea/Esalq,MG - posto,,kg,6.77,"6,77",R$,price,BRL,,spot,,,physical
2026-02-25,suinos,indicador-do-suino-vivo-cepea-esalq,Indicador do Suíno Vivo Cepea/Esalq,MG - posto,,variacao_pct,0.0,"0,00",%,change_pct,,pct,spot,,,physical
2026-02-25,suinos,indicador-do-suino-vivo-cepea-esalq,Indicador do Suíno Vivo Cepea/Esalq,PR - a retirar,,kg,6.6,"6,60",R$,price,BRL,,spot,,,physical
2026-02-25,suinos,indicador-do-suino-vivo-cepea-esalq,Indicador do Suíno Vivo Cepea/Esalq,PR - a retirar,,variacao_pct,0.15,"+0,15",%,change_pct,,pct,spot,,,physical
2026-02-25,suinos,indicador-do-suino-vivo-cepea-esalq,Indicador do Suíno Vivo Cepea/Esalq,RS - a retirar,,kg,6.67,"6,67",R$,price,BRL,,spot,,,physical
2026-02-25,suinos,indicador-do-suino-vivo-cepea-esalq,Indicador do Suíno Vivo Cepea/Esalq,RS - a retirar,,variacao_pct,0.6,"+0,60",%,change_pct,,pct,spot,,,physical
2026-02-25,suinos,indicador-do-suino-vivo-cepea-esalq,Indicador do Suíno Vivo Cepea/Esalq,SC - a retirar,,kg,6.52,"6,52",R$,price,BRL,,spot,,,physical
2026-02-25,suinos,indicador-do-suino-vivo-cepea-esalq,Indicador do Suíno Vivo Cepea/Esalq,SC - a retirar,,variacao_pct,-0.76,"-0,76",%,change_pct,,pct,spot,,,physical
2026-02-25,suinos,indicador-do-suino-vivo-cepea-esalq,Indicador do Suíno Vivo Cepea/Esalq,SP - posto,,kg,6.85,"6,85",R$,price,BRL,,spot,,,physical
2026-02-25,suinos,indicador-do-suino-vivo-cepea-esalq,Indicador do Suíno Vivo Cepea/Esalq,SP - posto,,variacao_pct,0.0,"0,00",%,change_pct,,pct,spot,,,physical
2026-02-25,suinos,suino-sp,Suíno (SP),Suíno CIF (@),,valor,130.0,"130,00",R$,price,BRL,,spot,,,physical
2026-02-25,suinos,suino-sp,Suíno (SP),Suíno CIF (@),,variacao_pct,0.0,"0,00",%,change_pct,,pct,spot,,,physical
2026-02-25,suinos,suino-sp,Suíno (SP),Suíno Carcaça Especial (kg),,valor,10.2,"10,20",R$,price,BRL,,spot,,,physical
2026-02-25,suinos,suino-sp,Suíno (SP),Suíno Carcaça Especial (kg),,variacao_pct,0.0,"0,00",%,change_pct,,pct,spot,,,physical
2026-02-25,suinos,suinos-bolsas-e-associaces,Suínos - Bolsas e Associações,Mato Grosso,,preco_kg,6.5,"6,50",R$,price,BRL,,spot,,MT,physical
2026-02-25,suinos,suinos-bolsas-e-associaces,Suínos - Bolsas e Associações,Mato Grosso,,variacao_pct,0.0,"0,00",%,change_pct,,pct,spot,,MT,physical
2026-02-25,suinos,suinos-bolsas-e-associaces,Suínos - Bolsas e Associações,Minas Gerais,,preco_kg,6.8,"6,80",R$,price,BRL,,spot,,MG,physical
2026-02-25,suinos,suinos-bolsas-e-associaces,Suínos - Bolsas e Associações,Minas Gerais,,variacao_pct,0.0,"0,00",%,change_pct,,pct,spot,,MG,physical
2026-02-25,suinos,suinos-bolsas-e-associaces,Suínos - Bolsas e Associações,Paraná,,preco_kg,7.54,"7,54",R$,price,BRL,,spot,,PR,physical
2026-02-25,suinos,suinos-bolsas-e-associaces,Suínos - Bolsas e Associações,Paraná,,variacao_pct,0.0,"0,00",%,change_pct,,pct,spot,,PR,physical
2026-02-25,suinos,suinos-bolsas-e-associaces,Suínos - Bolsas e Associações,Rio Grande do Sul,,preco_kg,7.21,"7,21",R$,price,BRL,,spot,,RS,physical
2026-02-25,suinos,suinos-bolsas-e-associaces,Suínos - Bolsas e Associações,Rio Grande do Sul,,variacao_pct,0.0,"0,00",%,change_pct,,pct,spot,,RS,physical
2026-02-25,suinos,suinos-bolsas-e-associaces,Suínos - Bolsas e Associações,Santa Catarina,,preco_kg,6.72,"6,72",R$,price,BRL,,spot,,SC,physical
2026-02-25,suinos,suinos-bolsas-e-associaces,Suínos - Bolsas e Associações,Santa Catarina,,variacao_pct,0.0,"0,00",%,change_pct,,pct,spot,,SC,physical
2026-02-25,suinos,suinos-bolsas-e-associaces,Suínos - Bolsas e Associações,São Paulo,,preco_kg,7.1,"7,10",R$,price,BRL,,spot,,SP,physical
2026-02-25,suinos,suinos-bolsas-e-associaces,Suínos - Bolsas e Associações,São Paulo,,variacao_pct,0.0,"0,00",%,change_pct,,pct,spot,,SP,physical
2026-02-26,suinos,indicador-do-suino-vivo-cepea-esalq,Indicador do Suíno Vivo Cepea/Esalq,MG - posto,,kg,6.77,"6,77",R$,price,BRL,,spot,,,physical
2026-02-26,suinos,indicador-do-suino-vivo-cepea-esalq,Indicador do Suíno Vivo Cepea/Esalq,MG - posto,,variacao_pct,0.0,"0,00",%,change_pct,,pct,spot,,,physical
2026-02-26,suinos,indicador-do-suino-vivo-cepea-esalq,Indicador do Suíno Vivo Cepea/Esalq,PR - a retirar,,kg,6.59,"6,59",R$,price,BRL,,spot,,,physical
2026-02-26,suinos,indicador-do-suino-vivo-cepea-esalq,Indicador do Suíno Vivo Cepea/Esalq,PR - a retirar,,variacao_pct,-0.15,"-0,15",%,change_pct,,pct,spot,,,physical
2026-02-26,suinos,indicador-do-suino-vivo-cepea-esalq,Indicador do Suíno Vivo Cepea/Esalq,RS - a retirar,,kg,6.67,"6,67",R$,price,BRL,,spot,,,physical
2026-02-26,suinos,indicador-do-suino-vivo-cepea-esalq,Indicador do Suíno Vivo Cepea/Esalq,RS - a retirar,,variacao_pct,0.0,"0,00",%,change_pct,,pct,spot,,,physical
2026-02-26,suinos,indicador-do-suino-vivo-cepea-esalq,Indicador do Suíno Vivo Cepea/Esalq,SC - a retirar,,kg,6.51,"6,51",R$,price,BRL,,spot,,,physical
2026-02-26,suinos,indicador-do-suino-vivo-cepea-esalq,Indicador do Suíno Vivo Cepea/Esalq,SC - a retirar,,variacao_pct,-0.15,"-0,15",%,change_pct,,pct,spot,,,physical
2026-02-26,suinos,indicador-do-suino-vivo-cepea-esalq,Indicador do Suíno Vivo Cepea/Esalq,SP - posto,,kg,6.85,"6,85",R$,price,BRL,,spot,,,physical
2026-02-26,suinos,indicador-do-suino-vivo-cepea-esalq,Indicador do Suíno Vivo Cepea/Esalq,SP - posto,,variacao_pct,0.0,"0,00",%,change_pct,,pct,spot,,,physical
2026-02-26,suinos,suino-sp,Suíno (SP),Suíno CIF (@),,valor,130.0,"130,00",R$,price,BRL,,spot,,,physical
2026-02-26,suinos,suino-sp,Suíno (SP),Suíno CIF (@),,variacao_pct,0.0,"0,00",%,change_pct,,pct,spot,,,physical
2026-02-26,suinos,suino-sp,Suíno (SP),Suíno Carcaça Especial (kg),,valor,10.2,"10,20",R$,price,BRL,,spot,,,physical
2026-02-26,suinos,suino-sp,Suíno (SP),Suíno Carcaça Especial (kg),,variacao_pct,0.0,"0,00",%,change_pct,,pct,spot,,,physical
2026-02-26,suinos,suinos-bolsas-e-associaces,Suínos - Bolsas e Associações,Mato Grosso,,preco_kg,6.5,"6,50",R$,price,BRL,,spot,,MT,physical
2026-02-26,suinos,suinos-bolsas-e-associaces,Suínos - Bolsas e Associações,Mato Grosso,,variacao_pct,0.0,"0,00",%,change_pct,,pct,spot,,MT,physical
2026-02-26,suinos,suinos-bolsas-e-associaces,Suínos - Bolsas e Associações,Minas Gerais,,preco_kg,6.8,"6,80",R$,price,BRL,,spot,,MG,physical
2026-02-26,suinos,suinos-bolsas-e-associaces,Suínos - Bolsas e Associações,Minas Gerais,,variacao_pct,0.0,"0,00",%,change_pct,,pct,spot,,MG,physical
2026-02-26,suinos,suinos-bolsas-e-associaces,Suínos - Bolsas e Associações,Paraná,,preco_kg,7.54,"7,54",R$,price,BRL,,spot,,PR,physical
2026-02-26,suinos,suinos-bolsas-e-associaces,Suínos - Bolsas e Associações,Paraná,,variacao_pct,0.0,"0,00",%,change_pct,,pct,spot,,PR,physical
2026-02-26,suinos,suinos-bolsas-e-associaces,Suínos - Bolsas e Associações,Rio Grande do Sul,,preco_kg,7.21,"7,21",R$,price,BRL,,spot,,RS,physical
2026-02-26,suinos,suinos-bolsas-e-associaces,Suínos - Bolsas e Associações,Rio Grande do Sul,,variacao_pct,0.0,"0,00",%,change_pct,,pct,spot,,RS,physical
2026-02-26,suinos,suinos-bolsas-e-associaces,Suínos - Bolsas e Associações,Santa Catarina,,preco_kg,6.77,"6,77",R$,price,BRL,,spot,,SC,physical
2026-02-26,suinos,suinos-bolsas-e-associaces,Suínos - Bolsas e Associações,Santa Catarina,,variacao_pct,0.74,"+0,74",%,change_pct,,pct,spot,,SC,physical
2026-02-26,suinos,suinos-bolsas-e-associaces,Suínos - Bolsas e Associações,São Paulo,,preco_kg,7.2,"7,20",R$,price,BRL,,spot,,SP,physical
2026-02-26,suinos,suinos-bolsas-e-associaces,Suínos - Bolsas e Associações,São Paulo,,variacao_pct,1.41,"+1,41",%,change_pct,,pct,spot,,SP,physical
2026-02-27,suinos,indicador-do-suino-vivo-cepea-esalq,Indicador do Suíno Vivo Cepea/Esalq,MG - posto,,kg,6.76,"6,76",R$,price,BRL,,spot,,,physical
2026-02-27,suinos,indicador-do-suino-vivo-cepea-esalq,Indicador do Suíno Vivo Cepea/Esalq,MG - posto,,variacao_pct,-0.15,"-0,15",%,change_pct,,pct,spot,,,physical
2026-02-27,suinos,indicador-do-suino-vivo-cepea-esalq,Indicador do Suíno Vivo Cepea/Esalq,PR - a retirar,,kg,6.59,"6,59",R$,price,BRL,,spot,,,physical
2026-02-27,suinos,indicador-do-suino-vivo-cepea-esalq,Indicador do Suíno Vivo Cepea/Esalq,PR - a retirar,,variacao_pct,0.0,"0,00",%,change_pct,,pct,spot,,,physical
2026-02-27,suinos,indicador-do-suino-vivo-cepea-esalq,Indicador do Suíno Vivo Cepea/Esalq,RS - a retirar,,kg,6.73,"6,73",R$,price,BRL,,spot,,,physical
2026-02-27,suinos,indicador-do-suino-vivo-cepea-esalq,Indicador do Suíno Vivo Cepea/Esalq,RS - a retirar,,variacao_pct,0.9,"+0,90",%,change_pct,,pct,spot,,,physical
2026-02-27,suinos,indicador-do-suino-vivo-cepea-esalq,Indicador do Suíno Vivo Cepea/Esalq,SC - a retirar,,kg,6.51,"6,51",R$,price,BRL,,spot,,,physical
2026-02-27,suinos,indicador-do-suino-vivo-cepea-esalq,Indicador do Suíno Vivo Cepea/Esalq,SC - a retirar,,variacao_pct,0.0,"0,00",%,change_pct,,pct,spot,,,physical
2026-02-27,suinos,indicador-do-suino-vivo-cepea-esalq,Indicador do Suíno Vivo Cepea/Esalq,SP - posto,,kg,6.9,"6,90",R$,price,BRL,,spot,,,physical
2026-02-27,suinos,indicador-do-suino-vivo-cepea-esalq,Indicador do Suíno Vivo Cepea/Esalq,SP - posto,,variacao_pct,0.73,"+0,73",%,change_pct,,pct,spot,,,physical
2026-02-27,suinos,suino-sp,Suíno (SP),Suíno CIF (@),,valor,130.0,"130,00",R$,price,BRL,,spot,,,physical
2026-02-27,suinos,suino-sp,Suíno (SP),Suíno CIF (@),,variacao_pct,0.0,"0,00",%,change_pct,,pct,spot,,,physical
2026-02-27,suinos,suino-sp,Suíno (SP),Suíno Carcaça Especial (kg),,valor,10.2,"10,20",R$,price,BRL,,spot,,,physical
2026-02-27,suinos,suino-sp,Suíno (SP),Suíno Carcaça Especial (kg),,variacao_pct,0.0,"0,00",%,change_pct,,pct,spot,,,physical
2026-02-27,suinos,suinos-bolsas-e-associaces,Suínos - Bolsas e Associações,Mato Grosso,,preco_kg,6.5,"6,50",R$,price,BRL,,spot,,MT,physical
2026-02-27,suinos,suinos-bolsas-e-associaces,Suínos - Bolsas e Associações,Mato Grosso,,variacao_pct,0.0,"0,00",%,change_pct,,pct,spot,,MT,physical
2026-02-27,suinos,suinos-bolsas-e-associaces,Suínos - Bolsas e Associações,Minas Gerais,,preco_kg,6.8,"6,80",R$,price,BRL,,spot,,MG,physical
2026-02-27,suinos,suinos-bolsas-e-associaces,Suínos - Bolsas e Associações,Minas Gerais,,variacao_pct,0.0,"0,00",%,change_pct,,pct,spot,,MG,physical
2026-02-27,suinos,suinos-bolsas-e-associaces,Suínos - Bolsas e Associações,Paraná,,preco_kg,7.54,"7,54",R$,price,BRL,,spot,,PR,physical
2026-02-27,suinos,suinos-bolsas-e-associaces,Suínos - Bolsas e Associações,Paraná,,variacao_pct,0.0,"0,00",%,change_pct,,pct,spot,,PR,physical
2026-02-27,suinos,suinos-bolsas-e-associaces,Suínos - Bolsas e Associações,Rio Grande do Sul,,preco_kg,7.21,"7,21",R$,price,BRL,,spot,,RS,physical
2026-02-27,suinos,suinos-bolsas-e-associaces,Suínos - Bolsas e Associações,Rio Grande do Sul,,variacao_pct,0.0,"0,00",%,change_pct,,pct,spot,,RS,physical
2026-02-27,suinos,suinos-bolsas-e-associaces,Suínos - Bolsas e Associações,Santa Catarina,,preco_kg,6.77,"6,77",R$,price,BRL,,spot,,SC,physical
2026-02-27,suinos,suinos-bolsas-e-associaces,Suínos - Bolsas e Associações,Santa Catarina,,variacao_pct,0.0,"0,00",%,change_pct,,pct,spot,,SC,physical
2026-02-27,suinos,suinos-bolsas-e-associaces,Suínos - Bolsas e Associações,São Paulo,,preco_kg,7.2,"7,20",R$,price,BRL,,spot,,SP,physical
2026-02-27,suinos,suinos-bolsas-e-associaces,Suínos - Bolsas e Associações,São Paulo,,variacao_pct,0.0,"0,00",%,change_pct,,pct,spot,,SP,physical
2026-03-02,suinos,indicador-do-suino-vivo-cepea-esalq,Indicador do Suíno Vivo Cepea/Esalq,MG - posto,,kg,6.76,"6,76",R$,price,BRL,,spot,,,physical
2026-03-02,suinos,indicador-do-suino-vivo-cepea-esalq,Indicador do Suíno Vivo Cepea/Esalq,MG - posto,,variacao_pct,0.0,"0,00",%,change_pct,,pct,spot,,,physical
2026-03-02,suinos,indicador-do-suino-vivo-cepea-esalq,Indicador do Suíno Vivo Cepea/Esalq,PR - a retirar,,kg,6.6,"6,60",R$,price,BRL,,spot,,,physical
2026-03-02,suinos,indicador-do-suino-vivo-cepea-esalq,Indicador do Suíno Vivo Cepea/Esalq,PR - a retirar,,variacao_pct,0.15,"+0,15",%,change_pct,,pct,spot,,,physical
2026-03-02,suinos,indicador-do-suino-vivo-cepea-esalq,Indicador do Suíno Vivo Cepea/Esalq,RS - a retirar,,kg,6.74,"6,74",R$,price,BRL,,spot,,,physical
2026-03-02,suinos,indicador-do-suino-vivo-cepea-esalq,Indicador do Suíno Vivo Cepea/Esalq,RS - a retirar,,variacao_pct,0.15,"+0,15",%,change_pct,,pct,spot,,,physical
2026-03-02,suinos,indicador-do-suino-vivo-cepea-esalq,Indicador do Suíno Vivo Cepea/Esalq,SC - a retirar,,kg,6.51,"6,51",R$,price,BRL,,spot,,,physical
2026-03-02,suinos,indicador-do-suino-vivo-cepea-esalq,Indicador do Suíno Vivo Cepea/Esalq,SC - a retirar,,variacao_pct,0.0,"0,00",%,change_pct,,pct,spot,,,physical
2026-03-02,suinos,indicador-do-suino-vivo-cepea-esalq,Indicador do Suíno Vivo Cepea/Esalq,SP - posto,,kg,6.91,"6,91",R$,price,BRL,,spot,,,physical
2026-03-02,suinos,indicador-do-suino-vivo-cepea-esalq,Indicador do Suíno Vivo Cepea/Esalq,SP - posto,,variacao_pct,0.14,"+0,14",%,change_pct,,pct,spot,,,physical
2026-03-02,suinos,suino-sp,Suíno (SP),Suíno CIF (@),,valor,130.0,"130,00",R$,price,BRL,,spot,,,physical
2026-03-02,suinos,suino-sp,Suíno (SP),Suíno CIF (@),,variacao_pct,0.0,"0,00",%,change_pct,,pct,spot,,,physical
2026-03-02,suinos,suino-sp,Suíno (SP),Suíno Carcaça Especial (kg),,valor,10.2,"10,20",R$,price,BRL,,spot,,,physical
2026-03-02,suinos,suino-sp,Suíno (SP),Suíno Carcaça Especial (kg),,variacao_pct,0.0,"0,00",%,change_pct,,pct,spot,,,physical
2026-03-02,suinos,suinos-bolsas-e-associaces,Suínos - Bolsas e Associações,Mato Grosso,,preco_kg,6.5,"6,50",R$,price,BRL,,spot,,MT,physical
2026-03-02,suinos,suinos-bolsas-e-associaces,Suínos - Bolsas e Associações,Mato Grosso,,variacao_pct,0.0,"0,00",%,change_pct,,pct,spot,,MT,physical
2026-03-02,suinos,suinos-bolsas-e-associaces,Suínos - Bolsas e Associações,Minas Gerais,,preco_kg,6.8,"6,80",R$,price,BRL,,spot,,MG,physical
2026-03-02,suinos,suinos-bolsas-e-associaces,Suínos - Bolsas e Associações,Minas Gerais,,variacao_pct,0.0,"0,00",%,change_pct,,pct,spot,,MG,physical
2026-03-02,suinos,suinos-bolsas-e-associaces,Suínos - Bolsas e Associações,Paraná,,preco_kg,7.54,"7,54",R$,price,BRL,,spot,,PR,physical
2026-03-02,suinos,suinos-bolsas-e-associaces,Suínos - Bolsas e Associações,Paraná,,variacao_pct,0.0,"0,00",%,change_pct,,pct,spot,,PR,physical
2026-03-02,suinos,suinos-bolsas-e-associaces,Suínos - Bolsas e Associações,Rio Grande do Sul,,preco_kg,7.21,"7,21",R$,price,BRL,,spot,,RS,physical
2026-03-02,suinos,suinos-bolsas-e-associaces,Suínos - Bolsas e Associações,Rio Grande do Sul,,variacao_pct,0.0,"0,00",%,change_pct,,pct,spot,,RS,physical
2026-03-02,suinos,suinos-bolsas-e-associaces,Suínos - Bolsas e Associações,Santa Catarina,,preco_kg,6.77,"6,77",R$,price,BRL,,spot,,SC,physical
2026-03-02,suinos,suinos-bolsas-e-associaces,Suínos - Bolsas e Associações,Santa Catarina,,variacao_pct,0.0,"0,00",%,change_pct,,pct,spot,,SC,physical
2026-03-02,suinos,suinos-bolsas-e-associaces,Suínos - Bolsas e Associações,São Paulo,,preco_kg,7.2,"7,20",R$,price,BRL,,spot,,SP,physical
2026-03-02,suinos,suinos-bolsas-e-associaces,Suínos - Bolsas e Associações,São Paulo,,variacao_pct,0.0,"0,00",%,change_pct,,pct,spot,,SP,physical
2026-03-03,suinos,indicador-do-suino-vivo-cepea-esalq,Indicador do Suíno Vivo Cepea/Esalq,MG - posto,,kg,6.76,"6,76",R$,price,BRL,,spot,,,physical
2026-03-03,suinos,indicador-do-suino-vivo-cepea-esalq,Indicador do Suíno Vivo Cepea/Esalq,MG - posto,,variacao_pct,0.0,"0,00",%,change_pct,,pct,spot,,,physical
2026-03-03,suinos,indicador-do-suino-vivo-cepea-esalq,Indicador do Suíno Vivo Cepea/Esalq,PR - a retirar,,kg,6.65,"6,65",R$,price,BRL,,spot,,,physical
2026-03-03,suinos,indicador-do-suino-vivo-cepea-esalq,Indicador do Suíno Vivo Cepea/Esalq,PR - a retirar,,variacao_pct,0.76,"+0,76",%,change_pct,,pct,spot,,,physical
2026-03-03,suinos,indicador-do-suino-vivo-cepea-esalq,Indicador do Suíno Vivo Cepea/Esalq,RS - a retirar,,kg,6.74,"6,74",R$,price,BRL,,spot,,,physical
2026-03-03,suinos,indicador-do-suino-vivo-cepea-esalq,Indicador do Suíno Vivo Cepea/Esalq,RS - a retirar,,variacao_pct,0.0,"0,00",%,change_pct,,pct,spot,,,physical
2026-03-03,suinos,indicador-do-suino-vivo-cepea-esalq,Indicador do Suíno Vivo Cepea/Esalq,SC - a retirar,,kg,6.51,"6,51",R$,price,BRL,,spot,,,physical
2026-03-03,suinos,indicador-do-suino-vivo-cepea-esalq,Indicador do Suíno Vivo Cepea/Esalq,SC - a retirar,,variacao_pct,0.0,"0,00",%,change_pct,,pct,spot,,,physical
2026-03-03,suinos,indicador-do-suino-vivo-cepea-esalq,Indicador do Suíno Vivo Cepea/Esalq,SP - posto,,kg,6.93,"6,93",R$,price,BRL,,spot,,,physical
2026-03-03,suinos,indicador-do-suino-vivo-cepea-esalq,Indicador do Suíno Vivo Cepea/Esalq,SP - posto,,variacao_pct,0.29,"+0,29",%,change_pct,,pct,spot,,,physical
2026-03-03,suinos,suino-sp,Suíno (SP),Suíno CIF (@),,valor,132.0,"132,00",R$,price,BRL,,spot,,,physical
2026-03-03,suinos,suino-sp,Suíno (SP),Suíno CIF (@),,variacao_pct,1.54,"+1,54",%,change_pct,,pct,spot,,,physical
2026-03-03,suinos,suino-sp,Suíno (SP),Suíno Carcaça Especial (kg),,valor,10.3,"10,30",R$,price,BRL,,spot,,,physical
2026-03-03,suinos,suino-sp,Suíno (SP),Suíno Carcaça Especial (kg),,variacao_pct,0.98,"+0,98",%,change_pct,,pct,spot,,,physical
2026-03-03,suinos,suinos-bolsas-e-associaces,Suínos - Bolsas e Associações,Mato Grosso,,preco_kg,6.5,"6,50",R$,price,BRL,,spot,,MT,physical
2026-03-03,suinos,suinos-bolsas-e-associaces,Suínos - Bolsas e Associações,Mato Grosso,,variacao_pct,0.0,"0,00",%,change_pct,,pct,spot,,MT,physical
2026-03-03,suinos,suinos-bolsas-e-associaces,Suínos - Bolsas e Associações,Minas Gerais,,preco_kg,6.8,"6,80",R$,price,BRL,,spot,,MG,physical
2026-03-03,suinos,suinos-bolsas-e-associaces,Suínos - Bolsas e Associações,Minas Gerais,,variacao_pct,0.0,"0,00",%,change_pct,,pct,spot,,MG,physical
2026-03-03,suinos,suinos-bolsas-e-associaces,Suínos - Bolsas e Associações,Paraná,,preco_kg,7.54,"7,54",R$,price,BRL,,spot,,PR,physical
2026-03-03,suinos,suinos-bolsas-e-associaces,Suínos - Bolsas e Associações,Paraná,,variacao_pct,0.0,"0,00",%,change_pct,,pct,spot,,PR,physical
2026-03-03,suinos,suinos-bolsas-e-associaces,Suínos - Bolsas e Associações,Rio Grande do Sul,,preco_kg,7.21,"7,21",R$,price,BRL,,spot,,RS,physical
2026-03-03,suinos,suinos-bolsas-e-associaces,Suínos - Bolsas e Associações,Rio Grande do Sul,,variacao_pct,0.0,"0,00",%,change_pct,,pct,spot,,RS,physical
2026-03-03,suinos,suinos-bolsas-e-associaces,Suínos - Bolsas e Associações,Santa Catarina,,preco_kg,6.77,"6,77",R$,price,BRL,,spot,,SC,physical
2026-03-03,suinos,suinos-bolsas-e-associaces,Suínos - Bolsas e Associações,Santa Catarina,,variacao_pct,0.0,"0,00",%,change_pct,,pct,spot,,SC,physical
2026-03-03,suinos,suinos-bolsas-e-associaces,Suínos - Bolsas e Associações,São Paulo,,preco_kg,7.2,"7,20",R$,price,BRL,,spot,,SP,physical
2026-03-03,suinos,suinos-bolsas-e-associaces,Suínos - Bolsas e Associações,São Paulo,,variacao_pct,0.0,"0,00",%,change_pct,,pct,spot,,SP,physical
2026-03-04,suinos,indicador-do-suino-vivo-cepea-esalq,Indicador do Suíno Vivo Cepea/Esalq,MG - posto,,kg,6.76,"6,76",R$,price,BRL,,spot,,,physical
2026-03-04,suinos,indicador-do-suino-vivo-cepea-esalq,Indicador do Suíno Vivo Cepea/Esalq,MG - posto,,variacao_pct,0.0,"0,00",%,change_pct,,pct,spot,,,physical
2026-03-04,suinos,indicador-do-suino-vivo-cepea-esalq,Indicador do Suíno Vivo Cepea/Esalq,PR - a retirar,,kg,6.69,"6,69",R$,price,BRL,,spot,,,physical
2026-03-04,suinos,indicador-do-suino-vivo-cepea-esalq,Indicador do Suíno Vivo Cepea/Esalq,PR - a retirar,,variacao_pct,0.6,"+0,60",%,change_pct,,pct,spot,,,physical
2026-03-04,suinos,indicador-do-suino-vivo-cepea-esalq,Indicador do Suíno Vivo Cepea/Esalq,RS - a retirar,,kg,6.74,"6,74",R$,price,BRL,,spot,,,physical
2026-03-04,suinos,indicador-do-suino-vivo-cepea-esalq,Indicador do Suíno Vivo Cepea/Esalq,RS - a retirar,,variacao_pct,0.0,"0,00",%,change_pct,,pct,spot,,,physical
2026-03-04,suinos,indicador-do-suino-vivo-cepea-esalq,Indicador do Suíno Vivo Cepea/Esalq,SC - a retirar,,kg,6.51,"6,51",R$,price,BRL,,spot,,,physical
2026-03-04,suinos,indicador-do-suino-vivo-cepea-esalq,Indicador do Suíno Vivo Cepea/Esalq,SC - a retirar,,variacao_pct,0.0,"0,00",%,change_pct,,pct,spot,,,physical
2026-03-04,suinos,indicador-do-suino-vivo-cepea-esalq,Indicador do Suíno Vivo Cepea/Esalq,SP - posto,,kg,6.96,"6,96",R$,price,BRL,,spot,,,physical
2026-03-04,suinos,indicador-do-suino-vivo-cepea-esalq,Indicador do Suíno Vivo Cepea/Esalq,SP - posto,,variacao_pct,0.43,"+0,43",%,change_pct,,pct,spot,,,physical
2026-03-04,suinos,suino-sp,Suíno (SP),Suíno CIF (@),,valor,132.0,"132,00",R$,price,BRL,,spot,,,physical
2026-03-04,suinos,suino-sp,Suíno (SP),Suíno CIF (@),,variacao_pct,0.0,"0,00",%,change_pct,,pct,spot,,,physical
2026-03-04,suinos,suino-sp,Suíno (SP),Suíno Carcaça Especial (kg),,valor,10.3,"10,30",R$,price,BRL,,spot,,,physical
2026-03-04,suinos,suino-sp,Suíno (SP),Suíno Carcaça Especial (kg),,variacao_pct,0.0,"0,00",%,change_pct,,pct,spot,,,physical
2026-03-04,suinos,suinos-bolsas-e-associaces,Suínos - Bolsas e Associações,Mato Grosso,,preco_kg,6.5,"6,50",R$,price,BRL,,spot,,MT,physical
2026-03-04,suinos,suinos-bolsas-e-associaces,Suínos - Bolsas e Associações,Mato Grosso,,variacao_pct,0.0,"0,00",%,change_pct,,pct,spot,,MT,physical
2026-03-04,suinos,suinos-bolsas-e-associaces,Suínos - Bolsas e Associações,Minas Gerais,,preco_kg,6.8,"6,80",R$,price,BRL,,spot,,MG,physical
2026-03-04,suinos,suinos-bolsas-e-associaces,Suínos - Bolsas e Associações,Minas Gerais,,variacao_pct,0.0,"0,00",%,change_pct,,pct,spot,,MG,physical
2026-03-04,suinos,suinos-bolsas-e-associaces,Suínos - Bolsas e Associações,Paraná,,preco_kg,7.54,"7,54",R$,price,BRL,,spot,,PR,physical
2026-03-04,suinos,suinos-bolsas-e-associaces,Suínos - Bolsas e Associações,Paraná,,variacao_pct,0.0,"0,00",%,change_pct,,pct,spot,,PR,physical
2026-03-04,suinos,suinos-bolsas-e-associaces,Suínos - Bolsas e Associações,Rio Grande do Sul,,preco_kg,7.21,"7,21",R$,price,BRL,,spot,,RS,physical
2026-03-04,suinos,suinos-bolsas-e-associaces,Suínos - Bolsas e Associações,Rio Grande do Sul,,variacao_pct,0.0,"0,00",%,change_pct,,pct,spot,,RS,physical
2026-03-04,suinos,suinos-bolsas-e-associaces,Suínos - Bolsas e Associações,Santa Catarina,,preco_kg,6.77,"6,77",R$,price,BRL,,spot,,SC,physical
2026-03-04,suinos,suinos-bolsas-e-associaces,Suínos - Bolsas e Associações,Santa Catarina,,variacao_pct,0.0,"0,00",%,change_pct,,pct,spot,,SC,physical
2026-03-04,suinos,suinos-bolsas-e-associaces,Suínos - Bolsas e Associações,São Paulo,,preco_kg,7.2,"7,20",R$,price,BRL,,spot,,SP,physical
2026-03-04,suinos,suinos-bolsas-e-associaces,Suínos - Bolsas e Associações,São Paulo,,variacao_pct,0.0,"0,00",%,change_pct,,pct,spot,,SP,physical
2026-03-05,suinos,indicador-do-suino-vivo-cepea-esalq,Indicador do Suíno Vivo Cepea/Esalq,MG - posto,,kg,6.76,"6,76",R$,price,BRL,,spot,,,physical
2026-03-05,suinos,indicador-do-suino-vivo-cepea-esalq,Indicador do Suíno Vivo Cepea/Esalq,MG - posto,,variacao_pct,0.0,"0,00",%,change_pct,,pct,spot,,,physical
2026-03-05,suinos,indicador-do-suino-vivo-cepea-esalq,Indicador do Suíno Vivo Cepea/Esalq,PR - a retirar,,kg,6.71,"6,71",R$,price,BRL,,spot,,,physical
2026-03-05,suinos,indicador-do-suino-vivo-cepea-esalq,Indicador do Suíno Vivo Cepea/Esalq,PR - a retirar,,variacao_pct,0.3,"+0,30",%,change_pct,,pct,spot,,,physical
2026-03-05,suinos,indicador-do-suino-vivo-cepea-esalq,Indicador do Suíno Vivo Cepea/Esalq,RS - a retirar,,kg,6.74,"6,74",R$,price,BRL,,spot,,,physical
2026-03-05,suinos,indicador-do-suino-vivo-cepea-esalq,Indicador do Suíno Vivo Cepea/Esalq,RS - a retirar,,variacao_pct,0.0,"0,00",%,change_pct,,pct,spot,,,physical
2026-03-05,suinos,indicador-do-suino-vivo-cepea-esalq,Indicador do Suíno Vivo Cepea/Esalq,SC - a retirar,,kg,6.51,"6,51",R$,price,BRL,,spot,,,physical
2026-03-05,suinos,indicador-do-suino-vivo-cepea-esalq,Indicador do Suíno Vivo Cepea/Esalq,SC - a retirar,,variacao_pct,0.0,"0,00",%,change_pct,,pct,spot,,,physical
2026-03-05,suinos,indicador-do-suino-vivo-cepea-esalq,Indicador do Suíno Vivo Cepea/Esalq,SP - posto,,kg,6.95,"6,95",R$,price,BRL,,spot,,,physical
2026-03-05,suinos,indicador-do-suino-vivo-cepea-esalq,Indicador do Suíno Vivo Cepea/Esalq,SP - posto,,variacao_pct,-0.14,"-0,14",%,change_pct,,pct,spot,,,physical
2026-03-05,suinos,suino-sp,Suíno (SP),Suíno CIF (@),,valor,132.0,"132,00",R$,price,BRL,,spot,,,physical
2026-03-05,suinos,suino-sp,Suíno (SP),Suíno CIF (@),,variacao_pct,0.0,"0,00",%,change_pct,,pct,spot,,,physical
2026-03-05,suinos,suino-sp,Suíno (SP),Suíno Carcaça Especial (kg),,valor,10.3,"10,30",R$,price,BRL,,spot,,,physical
2026-03-05,suinos,suino-sp,Suíno (SP),Suíno Carcaça Especial (kg),,variacao_pct,0.0,"0,00",%,change_pct,,pct,spot,,,physical
2026-03-05,suinos,suinos-bolsas-e-associaces,Suínos - Bolsas e Associações,Mato Grosso,,preco_kg,6.5,"6,50",R$,price,BRL,,spot,,MT,physical
2026-03-05,suinos,suinos-bolsas-e-associaces,Suínos - Bolsas e Associações,Mato Grosso,,variacao_pct,0.0,"0,00",%,change_pct,,pct,spot,,MT,physical
2026-03-05,suinos,suinos-bolsas-e-associaces,Suínos - Bolsas e Associações,Minas Gerais,,preco_kg,6.8,"6,80",R$,price,BRL,,spot,,MG,physical
2026-03-05,suinos,suinos-bolsas-e-associaces,Suínos - Bolsas e Associações,Minas Gerais,,variacao_pct,0.0,"0,00",%,change_pct,,pct,spot,,MG,physical
2026-03-05,suinos,suinos-bolsas-e-associaces,Suínos - Bolsas e Associações,Paraná,,preco_kg,7.54,"7,54",R$,price,BRL,,spot,,PR,physical
2026-03-05,suinos,suinos-bolsas-e-associaces,Suínos - Bolsas e Associações,Paraná,,variacao_pct,0.0,"0,00",%,change_pct,,pct,spot,,PR,physical
2026-03-05,suinos,suinos-bolsas-e-associaces,Suínos - Bolsas e Associações,Rio Grande do Sul,,preco_kg,7.21,"7,21",R$,price,BRL,,spot,,RS,physical
2026-03-05,suinos,suinos-bolsas-e-associaces,Suínos - Bolsas e Associações,Rio Grande do Sul,,variacao_pct,0.0,"0,00",%,change_pct,,pct,spot,,RS,physical
2026-03-05,suinos,suinos-bolsas-e-associaces,Suínos - Bolsas e Associações,Santa Catarina,,preco_kg,6.77,"6,77",R$,price,BRL,,spot,,SC,physical
2026-03-05,suinos,suinos-bolsas-e-associaces,Suínos - Bolsas e Associações,Santa Catarina,,variacao_pct,0.0,"0,00",%,change_pct,,pct,spot,,SC,physical
2026-03-05,suinos,suinos-bolsas-e-associaces,Suínos - Bolsas e Associações,São Paulo,,preco_kg,7.2,"7,20",R$,price,BRL,,spot,,SP,physical
2026-03-05,suinos,suinos-bolsas-e-associaces,Suínos - Bolsas e Associações,São Paulo,,variacao_pct,0.0,"0,00",%,change_pct,,pct,spot,,SP,physical
2026-03-06,suinos,indicador-do-suino-vivo-cepea-esalq,Indicador do Suíno Vivo Cepea/Esalq,MG - posto,,kg,6.76,"6,76",R$,price,BRL,,spot,,,physical
2026-03-06,suinos,indicador-do-suino-vivo-cepea-esalq,Indicador do Suíno Vivo Cepea/Esalq,MG - posto,,variacao_pct,0.0,"0,00",%,change_pct,,pct,spot,,,physical
2026-03-06,suinos,indicador-do-suino-vivo-cepea-esalq,Indicador do Suíno Vivo Cepea/Esalq,PR - a retirar,,kg,6.71,"6,71",R$,price,BRL,,spot,,,physical
2026-03-06,suinos,indicador-do-suino-vivo-cepea-esalq,Indicador do Suíno Vivo Cepea/Esalq,PR - a retirar,,variacao_pct,0.0,"0,00",%,change_pct,,pct,spot,,,physical
2026-03-06,suinos,indicador-do-suino-vivo-cepea-esalq,Indicador do Suíno Vivo Cepea/Esalq,RS - a retirar,,kg,6.77,"6,77",R$,price,BRL,,spot,,,physical
2026-03-06,suinos,indicador-do-suino-vivo-cepea-esalq,Indicador do Suíno Vivo Cepea/Esalq,RS - a retirar,,variacao_pct,0.45,"+0,45",%,change_pct,,pct,spot,,,physical
2026-03-06,suinos,indicador-do-suino-vivo-cepea-esalq,Indicador do Suíno Vivo Cepea/Esalq,SC - a retirar,,kg,6.63,"6,63",R$,price,BRL,,spot,,,physical
2026-03-06,suinos,indicador-do-suino-vivo-cepea-esalq,Indicador do Suíno Vivo Cepea/Esalq,SC - a retirar,,variacao_pct,1.84,"+1,84",%,change_pct,,pct,spot,,,physical
2026-03-06,suinos,indicador-do-suino-vivo-cepea-esalq,Indicador do Suíno Vivo Cepea/Esalq,SP - posto,,kg,6.95,"6,95",R$,price,BRL,,spot,,,physical
2026-03-06,suinos,indicador-do-suino-vivo-cepea-esalq,Indicador do Suíno Vivo Cepea/Esalq,SP - posto,,variacao_pct,0.0,"0,00",%,change_pct,,pct,spot,,,physical
2026-03-06,suinos,suino-sp,Suíno (SP),Suíno CIF (@),,valor,132.0,"132,00",R$,price,BRL,,spot,,,physical
2026-03-06,suinos,suino-sp,Suíno (SP),Suíno CIF (@),,variacao_pct,0.0,"0,00",%,change_pct,,pct,spot,,,physical
2026-03-06,suinos,suino-sp,Suíno (SP),Suíno Carcaça Especial (kg),,valor,10.3,"10,30",R$,price,BRL,,spot,,,physical
2026-03-06,suinos,suino-sp,Suíno (SP),Suíno Carcaça Especial (kg),,variacao_pct,0.0,"0,00",%,change_pct,,pct,spot,,,physical
2026-03-06,suinos,suinos-bolsas-e-associaces,Suínos - Bolsas e Associações,Mato Grosso,,preco_kg,6.5,"6,50",R$,price,BRL,,spot,,MT,physical
2026-03-06,suinos,suinos-bolsas-e-associaces,Suínos - Bolsas e Associações,Mato Grosso,,variacao_pct,0.0,"0,00",%,change_pct,,pct,spot,,MT,physical
2026-03-06,suinos,suinos-bolsas-e-associaces,Suínos - Bolsas e Associações,Minas Gerais,,preco_kg,6.8,"6,80",R$,price,BRL,,spot,,MG,physical
2026-03-06,suinos,suinos-bolsas-e-associaces,Suínos - Bolsas e Associações,Minas Gerais,,variacao_pct,0.0,"0,00",%,change_pct,,pct,spot,,MG,physical
2026-03-06,suinos,suinos-bolsas-e-associaces,Suínos - Bolsas e Associações,Paraná,,preco_kg,7.54,"7,54",R$,price,BRL,,spot,,PR,physical
2026-03-06,suinos,suinos-bolsas-e-associaces,Suínos - Bolsas e Associações,Paraná,,variacao_pct,0.0,"0,00",%,change_pct,,pct,spot,,PR,physical
2026-03-06,suinos,suinos-bolsas-e-associaces,Suínos - Bolsas e Associações,Rio Grande do Sul,,preco_kg,7.21,"7,21",R$,price,BRL,,spot,,RS,physical
2026-03-06,suinos,suinos-bolsas-e-associaces,Suínos - Bolsas e Associações,Rio Grande do Sul,,variacao_pct,0.0,"0,00",%,change_pct,,pct,spot,,RS,physical
2026-03-06,suinos,suinos-bolsas-e-associaces,Suínos - Bolsas e Associações,Santa Catarina,,preco_kg,6.77,"6,77",R$,price,BRL,,spot,,SC,physical
2026-03-06,suinos,suinos-bolsas-e-associaces,Suínos - Bolsas e Associações,Santa Catarina,,variacao_pct,0.0,"0,00",%,change_pct,,pct,spot,,SC,physical
2026-03-06,suinos,suinos-bolsas-e-associaces,Suínos - Bolsas e Associações,São Paulo,,preco_kg,7.2,"7,20",R$,price,BRL,,spot,,SP,physical
2026-03-06,suinos,suinos-bolsas-e-associaces,Suínos - Bolsas e Associações,São Paulo,,variacao_pct,0.0,"0,00",%,change_pct,,pct,spot,,SP,physical
2026-03-09,suinos,indicador-do-suino-vivo-cepea-esalq,Indicador do Suíno Vivo Cepea/Esalq,MG - posto,,kg,6.76,"6,76",R$,price,BRL,,spot,,,physical
2026-03-09,suinos,indicador-do-suino-vivo-cepea-esalq,Indicador do Suíno Vivo Cepea/Esalq,MG - posto,,variacao_pct,0.0,"0,00",%,change_pct,,pct,spot,,,physical
2026-03-09,suinos,indicador-do-suino-vivo-cepea-esalq,Indicador do Suíno Vivo Cepea/Esalq,PR - a retirar,,kg,6.7,"6,70",R$,price,BRL,,spot,,,physical
2026-03-09,suinos,indicador-do-suino-vivo-cepea-esalq,Indicador do Suíno Vivo Cepea/Esalq,PR - a retirar,,variacao_pct,-0.15,"-0,15",%,change_pct,,pct,spot,,,physical
2026-03-09,suinos,indicador-do-suino-vivo-cepea-esalq,Indicador do Suíno Vivo Cepea/Esalq,RS - a retirar,,kg,6.78,"6,78",R$,price,BRL,,spot,,,physical
2026-03-09,suinos,indicador-do-suino-vivo-cepea-esalq,Indicador do Suíno Vivo Cepea/Esalq,RS - a retirar,,variacao_pct,0.15,"+0,15",%,change_pct,,pct,spot,,,physical
2026-03-09,suinos,indicador-do-suino-vivo-cepea-esalq,Indicador do Suíno Vivo Cepea/Esalq,SC - a retirar,,kg,6.63,"6,63",R$,price,BRL,,spot,,,physical
2026-03-09,suinos,indicador-do-suino-vivo-cepea-esalq,Indicador do Suíno Vivo Cepea/Esalq,SC - a retirar,,variacao_pct,0.0,"0,00",%,change_pct,,pct,spot,,,physical
2026-03-09,suinos,indicador-do-suino-vivo-cepea-esalq,Indicador do Suíno Vivo Cepea/Esalq,SP - posto,,kg,6.94,"6,94",R$,price,BRL,,spot,,,physical
2026-03-09,suinos,indicador-do-suino-vivo-cepea-esalq,Indicador do Suíno Vivo Cepea/Esalq,SP - posto,,variacao_pct,-0.14,"-0,14",%,change_pct,,pct,spot,,,physical
2026-03-09,suinos,suino-sp,Suíno (SP),Suíno CIF (@),,valor,132.0,"132,00",R$,price,BRL,,spot,,,physical
2026-03-09,suinos,suino-sp,Suíno (SP),Suíno CIF (@),,variacao_pct,0.0,"0,00",%,change_pct,,pct,spot,,,physical
2026-03-09,suinos,suino-sp,Suíno (SP),Suíno Carcaça Especial (kg),,valor,10.3,"10,30",R$,price,BRL,,spot,,,physical
2026-03-09,suinos,suino-sp,Suíno (SP),Suíno Carcaça Especial (kg),,variacao_pct,0.0,"0,00",%,change_pct,,pct,spot,,,physical
2026-03-09,suinos,suinos-bolsas-e-associaces,Suínos - Bolsas e Associações,Mato Grosso,,preco_kg,6.5,"6,50",R$,price,BRL,,spot,,MT,physical
2026-03-09,suinos,suinos-bolsas-e-associaces,Suínos - Bolsas e Associações,Mato Grosso,,variacao_pct,0.0,"0,00",%,change_pct,,pct,spot,,MT,physical
2026-03-09,suinos,suinos-bolsas-e-associaces,Suínos - Bolsas e Associações,Minas Gerais,,preco_kg,6.8,"6,80",R$,price,BRL,,spot,,MG,physical
2026-03-09,suinos,suinos-bolsas-e-associaces,Suínos - Bolsas e Associações,Minas Gerais,,variacao_pct,0.0,"0,00",%,change_pct,,pct,spot,,MG,physical
2026-03-09,suinos,suinos-bolsas-e-associaces,Suínos - Bolsas e Associações,Paraná,,preco_kg,7.54,"7,54",R$,price,BRL,,spot,,PR,physical
2026-03-09,suinos,suinos-bolsas-e-associaces,Suínos - Bolsas e Associações,Paraná,,variacao_pct,0.0,"0,00",%,change_pct,,pct,spot,,PR,physical
2026-03-09,suinos,suinos-bolsas-e-associaces,Suínos - Bolsas e Associações,Rio Grande do Sul,,preco_kg,7.21,"7,21",R$,price,BRL,,spot,,RS,physical
2026-03-09,suinos,suinos-bolsas-e-associaces,Suínos - Bolsas e Associações,Rio Grande do Sul,,variacao_pct,0.0,"0,00",%,change_pct,,pct,spot,,RS,physical
2026-03-09,suinos,suinos-bolsas-e-associaces,Suínos - Bolsas e Associações,Santa Catarina,,preco_kg,6.77,"6,77",R$,price,BRL,,spot,,SC,physical
2026-03-09,suinos,suinos-bolsas-e-associaces,Suínos - Bolsas e Associações,Santa Catarina,,variacao_pct,0.0,"0,00",%,change_pct,,pct,spot,,SC,physical
2026-03-09,suinos,suinos-bolsas-e-associaces,Suínos - Bolsas e Associações,São Paulo,,preco_kg,7.2,"7,20",R$,price,BRL,,spot,,SP,physical
2026-03-09,suinos,suinos-bolsas-e-associaces,Suínos - Bolsas e Associações,São Paulo,,variacao_pct,0.0,"0,00",%,change_pct,,pct,spot,,SP,physical
2026-03-10,suinos,indicador-do-suino-vivo-cepea-esalq,Indicador do Suíno Vivo Cepea/Esalq,MG - posto,,kg,6.76,"6,76",R$,price,BRL,,spot,,,physical
2026-03-10,suinos,indicador-do-suino-vivo-cepea-esalq,Indicador do Suíno Vivo Cepea/Esalq,MG - posto,,variacao_pct,0.0,"0,00",%,change_pct,,pct,spot,,,physical
2026-03-10,suinos,indicador-do-suino-vivo-cepea-esalq,Indicador do Suíno Vivo Cepea/Esalq,PR - a retirar,,kg,6.67,"6,67",R$,price,BRL,,spot,,,physical
2026-03-10,suinos,indicador-do-suino-vivo-cepea-esalq,Indicador do Suíno Vivo Cepea/Esalq,PR - a retirar,,variacao_pct,-0.45,"-0,45",%,change_pct,,pct,spot,,,physical
2026-03-10,suinos,indicador-do-suino-vivo-cepea-esalq,Indicador do Suíno Vivo Cepea/Esalq,RS - a retirar,,kg,6.78,"6,78",R$,price,BRL,,spot,,,physical
2026-03-10,suinos,indicador-do-suino-vivo-cepea-esalq,Indicador do Suíno Vivo Cepea/Esalq,RS - a retirar,,variacao_pct,0.0,"0,00",%,change_pct,,pct,spot,,,physical
2026-03-10,suinos,indicador-do-suino-vivo-cepea-esalq,Indicador do Suíno Vivo Cepea/Esalq,SC - a retirar,,kg,6.64,"6,64",R$,price,BRL,,spot,,,physical
2026-03-10,suinos,indicador-do-suino-vivo-cepea-esalq,Indicador do Suíno Vivo Cepea/Esalq,SC - a retirar,,variacao_pct,0.15,"+0,15",%,change_pct,,pct,spot,,,physical
2026-03-10,suinos,indicador-do-suino-vivo-cepea-esalq,Indicador do Suíno Vivo Cepea/Esalq,SP - posto,,kg,6.94,"6,94",R$,price,BRL,,spot,,,physical
2026-03-10,suinos,indicador-do-suino-vivo-cepea-esalq,Indicador do Suíno Vivo Cepea/Esalq,SP - posto,,variacao_pct,0.0,"0,00",%,change_pct,,pct,spot,,,physical
2026-03-10,suinos,suino-sp,Suíno (SP),Suíno CIF (@),,valor,132.0,"132,00",R$,price,BRL,,spot,,,physical
2026-03-10,suinos,suino-sp,Suíno (SP),Suíno CIF (@),,variacao_pct,0.0,"0,00",%,change_pct,,pct,spot,,,physical
2026-03-10,suinos,suino-sp,Suíno (SP),Suíno Carcaça Especial (kg),,valor,10.2,"10,20",R$,price,BRL,,spot,,,physical
2026-03-10,suinos,suino-sp,Suíno (SP),Suíno Carcaça Especial (kg),,variacao_pct,-0.97,"-0,97",%,change_pct,,pct,spot,,,physical
2026-03-10,suinos,suinos-bolsas-e-associaces,Suínos - Bolsas e Associações,Mato Grosso,,preco_kg,6.5,"6,50",R$,price,BRL,,spot,,MT,physical
2026-03-10,suinos,suinos-bolsas-e-associaces,Suínos - Bolsas e Associações,Mato Grosso,,variacao_pct,0.0,"0,00",%,change_pct,,pct,spot,,MT,physical
2026-03-10,suinos,suinos-bolsas-e-associaces,Suínos - Bolsas e Associações,Minas Gerais,,preco_kg,6.8,"6,80",R$,price,BRL,,spot,,MG,physical
2026-03-10,suinos,suinos-bolsas-e-associaces,Suínos - Bolsas e Associações,Minas Gerais,,variacao_pct,0.0,"0,00",%,change_pct,,pct,spot,,MG,physical
2026-03-10,suinos,suinos-bolsas-e-associaces,Suínos - Bolsas e Associações,Paraná,,preco_kg,7.54,"7,54",R$,price,BRL,,spot,,PR,physical
2026-03-10,suinos,suinos-bolsas-e-associaces,Suínos - Bolsas e Associações,Paraná,,variacao_pct,0.0,"0,00",%,change_pct,,pct,spot,,PR,physical
2026-03-10,suinos,suinos-bolsas-e-associaces,Suínos - Bolsas e Associações,Rio Grande do Sul,,preco_kg,7.21,"7,21",R$,price,BRL,,spot,,RS,physical
2026-03-10,suinos,suinos-bolsas-e-associaces,Suínos - Bolsas e Associações,Rio Grande do Sul,,variacao_pct,0.0,"0,00",%,change_pct,,pct,spot,,RS,physical
2026-03-10,suinos,suinos-bolsas-e-associaces,Suínos - Bolsas e Associações,Santa Catarina,,preco_kg,6.77,"6,77",R$,price,BRL,,spot,,SC,physical
2026-03-10,suinos,suinos-bolsas-e-associaces,Suínos - Bolsas e Associações,Santa Catarina,,variacao_pct,0.0,"0,00",%,change_pct,,pct,spot,,SC,physical
2026-03-10,suinos,suinos-bolsas-e-associaces,Suínos - Bolsas e Associações,São Paulo,,preco_kg,7.2,"7,20",R$,price,BRL,,spot,,SP,physical
2026-03-10,suinos,suinos-bolsas-e-associaces,Suínos - Bolsas e Associações,São Paulo,,variacao_pct,0.0,"0,00",%,change_pct,,pct,spot,,SP,physical
2026-03-11,suinos,indicador-do-suino-vivo-cepea-esalq,Indicador do Suíno Vivo Cepea/Esalq,MG - posto,,kg,6.76,"6,76",R$,price,BRL,,spot,,,physical
2026-03-11,suinos,indicador-do-suino-vivo-cepea-esalq,Indicador do Suíno Vivo Cepea/Esalq,MG - posto,,variacao_pct,0.0,"0,00",%,change_pct,,pct,spot,,,physical
2026-03-11,suinos,indicador-do-suino-vivo-cepea-esalq,Indicador do Suíno Vivo Cepea/Esalq,PR - a retirar,,kg,6.69,"6,69",R$,price,BRL,,spot,,,physical
2026-03-11,suinos,indicador-do-suino-vivo-cepea-esalq,Indicador do Suíno Vivo Cepea/Esalq,PR - a retirar,,variacao_pct,0.3,"+0,30",%,change_pct,,pct,spot,,,physical
2026-03-11,suinos,indicador-do-suino-vivo-cepea-esalq,Indicador do Suíno Vivo Cepea/Esalq,RS - a retirar,,kg,6.8,"6,80",R$,price,BRL,,spot,,,physical
2026-03-11,suinos,indicador-do-suino-vivo-cepea-esalq,Indicador do Suíno Vivo Cepea/Esalq,RS - a retirar,,variacao_pct,0.29,"+0,29",%,change_pct,,pct,spot,,,physical
2026-03-11,suinos,indicador-do-suino-vivo-cepea-esalq,Indicador do Suíno Vivo Cepea/Esalq,SC - a retirar,,kg,6.64,"6,64",R$,price,BRL,,spot,,,physical
2026-03-11,suinos,indicador-do-suino-vivo-cepea-esalq,Indicador do Suíno Vivo Cepea/Esalq,SC - a retirar,,variacao_pct,0.0,"0,00",%,change_pct,,pct,spot,,,physical
2026-03-11,suinos,indicador-do-suino-vivo-cepea-esalq,Indicador do Suíno Vivo Cepea/Esalq,SP - posto,,kg,6.96,"6,96",R$,price,BRL,,spot,,,physical
2026-03-11,suinos,indicador-do-suino-vivo-cepea-esalq,Indicador do Suíno Vivo Cepea/Esalq,SP - posto,,variacao_pct,0.29,"+0,29",%,change_pct,,pct,spot,,,physical
2026-03-11,suinos,suino-sp,Suíno (SP),Suíno CIF (@),,valor,132.0,"132,00",R$,price,BRL,,spot,,,physical
2026-03-11,suinos,suino-sp,Suíno (SP),Suíno CIF (@),,variacao_pct,0.0,"0,00",%,change_pct,,pct,spot,,,physical
2026-03-11,suinos,suino-sp,Suíno (SP),Suíno Carcaça Especial (kg),,valor,10.2,"10,20",R$,price,BRL,,spot,,,physical
2026-03-11,suinos,suino-sp,Suíno (SP),Suíno Carcaça Especial (kg),,variacao_pct,0.0,"0,00",%,change_pct,,pct,spot,,,physical
2026-03-11,suinos,suinos-bolsas-e-associaces,Suínos - Bolsas e Associações,Mato Grosso,,preco_kg,6.5,"6,50",R$,price,BRL,,spot,,MT,physical
2026-03-11,suinos,suinos-bolsas-e-associaces,Suínos - Bolsas e Associações,Mato Grosso,,variacao_pct,0.0,"0,00",%,change_pct,,pct,spot,,MT,physical
2026-03-11,suinos,suinos-bolsas-e-associaces,Suínos - Bolsas e Associações,Minas Gerais,,preco_kg,6.8,"6,80",R$,price,BRL,,spot,,MG,physical
2026-03-11,suinos,suinos-bolsas-e-associaces,Suínos - Bolsas e Associações,Minas Gerais,,variacao_pct,0.0,"0,00",%,change_pct,,pct,spot,,MG,physical
2026-03-11,suinos,suinos-bolsas-e-associaces,Suínos - Bolsas e Associações,Paraná,,preco_kg,7.54,"7,54",R$,price,BRL,,spot,,PR,physical
2026-03-11,suinos,suinos-bolsas-e-associaces,Suínos - Bolsas e Associações,Paraná,,variacao_pct,0.0,"0,00",%,change_pct,,pct,spot,,PR,physical
2026-03-11,suinos,suinos-bolsas-e-associaces,Suínos - Bolsas e Associações,Rio Grande do Sul,,preco_kg,7.21,"7,21",R$,price,BRL,,spot,,RS,physical
2026-03-11,suinos,suinos-bolsas-e-associaces,Suínos - Bolsas e Associações,Rio Grande do Sul,,variacao_pct,0.0,"0,00",%,change_pct,,pct,spot,,RS,physical
2026-03-11,suinos,suinos-bolsas-e-associaces,Suínos - Bolsas e Associações,Santa Catarina,,preco_kg,6.77,"6,77",R$,price,BRL,,spot,,SC,physical
2026-03-11,suinos,suinos-bolsas-e-associaces,Suínos - Bolsas e Associações,Santa Catarina,,variacao_pct,0.0,"0,00",%,change_pct,,pct,spot,,SC,physical
2026-03-11,suinos,suinos-bolsas-e-associaces,Suínos - Bolsas e Associações,São Paulo,,preco_kg,7.2,"7,20",R$,price,BRL,,spot,,SP,physical
2026-03-11,suinos,suinos-bolsas-e-associaces,Suínos - Bolsas e Associações,São Paulo,,variacao_pct,0.0,"0,00",%,change_pct,,pct,spot,,SP,physical
2026-03-12,suinos,indicador-do-suino-vivo-cepea-esalq,Indicador do Suíno Vivo Cepea/Esalq,MG - posto,,kg,6.75,"6,75",R$,price,BRL,,spot,,,physical
2026-03-12,suinos,indicador-do-suino-vivo-cepea-esalq,Indicador do Suíno Vivo Cepea/Esalq,MG - posto,,variacao_pct,-0.15,"-0,15",%,change_pct,,pct,spot,,,physical
2026-03-12,suinos,indicador-do-suino-vivo-cepea-esalq,Indicador do Suíno Vivo Cepea/Esalq,PR - a retirar,,kg,6.68,"6,68",R$,price,BRL,,spot,,,physical
2026-03-12,suinos,indicador-do-suino-vivo-cepea-esalq,Indicador do Suíno Vivo Cepea/Esalq,PR - a retirar,,variacao_pct,-0.15,"-0,15",%,change_pct,,pct,spot,,,physical
2026-03-12,suinos,indicador-do-suino-vivo-cepea-esalq,Indicador do Suíno Vivo Cepea/Esalq,RS - a retirar,,kg,6.8,"6,80",R$,price,BRL,,spot,,,physical
2026-03-12,suinos,indicador-do-suino-vivo-cepea-esalq,Indicador do Suíno Vivo Cepea/Esalq,RS - a retirar,,variacao_pct,0.0,"0,00",%,change_pct,,pct,spot,,,physical
2026-03-12,suinos,indicador-do-suino-vivo-cepea-esalq,Indicador do Suíno Vivo Cepea/Esalq,SC - a retirar,,kg,6.63,"6,63",R$,price,BRL,,spot,,,physical
2026-03-12,suinos,indicador-do-suino-vivo-cepea-esalq,Indicador do Suíno Vivo Cepea/Esalq,SC - a retirar,,variacao_pct,-0.15,"-0,15",%,change_pct,,pct,spot,,,physical
2026-03-12,suinos,indicador-do-suino-vivo-cepea-esalq,Indicador do Suíno Vivo Cepea/Esalq,SP - posto,,kg,6.96,"6,96",R$,price,BRL,,spot,,,physical
2026-03-12,suinos,indicador-do-suino-vivo-cepea-esalq,Indicador do Suíno Vivo Cepea/Esalq,SP - posto,,variacao_pct,0.0,"0,00",%,change_pct,,pct,spot,,,physical
2026-03-12,suinos,suino-sp,Suíno (SP),Suíno CIF (@),,valor,132.0,"132,00",R$,price,BRL,,spot,,,physical
2026-03-12,suinos,suino-sp,Suíno (SP),Suíno CIF (@),,variacao_pct,0.0,"0,00",%,change_pct,,pct,spot,,,physical
2026-03-12,suinos,suino-sp,Suíno (SP),Suíno Carcaça Especial (kg),,valor,10.4,"10,40",R$,price,BRL,,spot,,,physical
2026-03-12,suinos,suino-sp,Suíno (SP),Suíno Carcaça Especial (kg),,variacao_pct,1.96,"+1,96",%,change_pct,,pct,spot,,,physical
2026-03-12,suinos,suinos-bolsas-e-associaces,Suínos - Bolsas e Associações,Mato Grosso,,preco_kg,6.5,"6,50",R$,price,BRL,,spot,,MT,physical
2026-03-12,suinos,suinos-bolsas-e-associaces,Suínos - Bolsas e Associações,Mato Grosso,,variacao_pct,0.0,"0,00",%,change_pct,,pct,spot,,MT,physical
2026-03-12,suinos,suinos-bolsas-e-associaces,Suínos - Bolsas e Associações,Minas Gerais,,preco_kg,6.8,"6,80",R$,price,BRL,,spot,,MG,physical
2026-03-12,suinos,suinos-bolsas-e-associaces,Suínos - Bolsas e Associações,Minas Gerais,,variacao_pct,0.0,"0,00",%,change_pct,,pct,spot,,MG,physical
2026-03-12,suinos,suinos-bolsas-e-associaces,Suínos - Bolsas e Associações,Paraná,,preco_kg,7.54,"7,54",R$,price,BRL,,spot,,PR,physical
2026-03-12,suinos,suinos-bolsas-e-associaces,Suínos - Bolsas e Associações,Paraná,,variacao_pct,0.0,"0,00",%,change_pct,,pct,spot,,PR,physical
2026-03-12,suinos,suinos-bolsas-e-associaces,Suínos - Bolsas e Associações,Rio Grande do Sul,,preco_kg,7.21,"7,21",R$,price,BRL,,spot,,RS,physical
2026-03-12,suinos,suinos-bolsas-e-associaces,Suínos - Bolsas e Associações,Rio Grande do Sul,,variacao_pct,0.0,"0,00",%,change_pct,,pct,spot,,RS,physical
2026-03-12,suinos,suinos-bolsas-e-associaces,Suínos - Bolsas e Associações,Santa Catarina,,preco_kg,6.77,"6,77",R$,price,BRL,,spot,,SC,physical
2026-03-12,suinos,suinos-bolsas-e-associaces,Suínos - Bolsas e Associações,Santa Catarina,,variacao_pct,0.0,"0,00",%,change_pct,,pct,spot,,SC,physical
2026-03-12,suinos,suinos-bolsas-e-associaces,Suínos - Bolsas e Associações,São Paulo,,preco_kg,7.2,"7,20",R$,price,BRL,,spot,,SP,physical
2026-03-12,suinos,suinos-bolsas-e-associaces,Suínos - Bolsas e Associações,São Paulo,,variacao_pct,0.0,"0,00",%,change_pct,,pct,spot,,SP,physical
2026-03-13,suinos,indicador-do-suino-vivo-cepea-esalq,Indicador do Suíno Vivo Cepea/Esalq,MG - posto,,kg,6.76,"6,76",R$,price,BRL,,spot,,,physical
2026-03-13,suinos,indicador-do-suino-vivo-cepea-esalq,Indicador do Suíno Vivo Cepea/Esalq,MG - posto,,variacao_pct,0.15,"+0,15",%,change_pct,,pct,spot,,,physical
2026-03-13,suinos,indicador-do-suino-vivo-cepea-esalq,Indicador do Suíno Vivo Cepea/Esalq,PR - a retirar,,kg,6.68,"6,68",R$,price,BRL,,spot,,,physical
2026-03-13,suinos,indicador-do-suino-vivo-cepea-esalq,Indicador do Suíno Vivo Cepea/Esalq,PR - a retirar,,variacao_pct,0.0,"0,00",%,change_pct,,pct,spot,,,physical
2026-03-13,suinos,indicador-do-suino-vivo-cepea-esalq,Indicador do Suíno Vivo Cepea/Esalq,RS - a retirar,,kg,6.8,"6,80",R$,price,BRL,,spot,,,physical
2026-03-13,suinos,indicador-do-suino-vivo-cepea-esalq,Indicador do Suíno Vivo Cepea/Esalq,RS - a retirar,,variacao_pct,0.0,"0,00",%,change_pct,,pct,spot,,,physical
2026-03-13,suinos,indicador-do-suino-vivo-cepea-esalq,Indicador do Suíno Vivo Cepea/Esalq,SC - a retirar,,kg,6.65,"6,65",R$,price,BRL,,spot,,,physical
2026-03-13,suinos,indicador-do-suino-vivo-cepea-esalq,Indicador do Suíno Vivo Cepea/Esalq,SC - a retirar,,variacao_pct,0.3,"+0,30",%,change_pct,,pct,spot,,,physical
2026-03-13,suinos,indicador-do-suino-vivo-cepea-esalq,Indicador do Suíno Vivo Cepea/Esalq,SP - posto,,kg,6.96,"6,96",R$,price,BRL,,spot,,,physical
2026-03-13,suinos,indicador-do-suino-vivo-cepea-esalq,Indicador do Suíno Vivo Cepea/Esalq,SP - posto,,variacao_pct,0.0,"0,00",%,change_pct,,pct,spot,,,physical
2026-03-13,suinos,suino-sp,Suíno (SP),Suíno CIF (@),,valor,132.0,"132,00",R$,price,BRL,,spot,,,physical
2026-03-13,suinos,suino-sp,Suíno (SP),Suíno CIF (@),,variacao_pct,0.0,"0,00",%,change_pct,,pct,spot,,,physical
2026-03-13,suinos,suino-sp,Suíno (SP),Suíno Carcaça Especial (kg),,valor,10.4,"10,40",R$,price,BRL,,spot,,,physical
2026-03-13,suinos,suino-sp,Suíno (SP),Suíno Carcaça Especial (kg),,variacao_pct,0.0,"0,00",%,change_pct,,pct,spot,,,physical
2026-03-13,suinos,suinos-bolsas-e-associaces,Suínos - Bolsas e Associações,Mato Grosso,,preco_kg,6.5,"6,50",R$,price,BRL,,spot,,MT,physical
2026-03-13,suinos,suinos-bolsas-e-associaces,Suínos - Bolsas e Associações,Mato Grosso,,variacao_pct,0.0,"0,00",%,change_pct,,pct,spot,,MT,physical
2026-03-13,suinos,suinos-bolsas-e-associaces,Suínos - Bolsas e Associações,Minas Gerais,,preco_kg,6.8,"6,80",R$,price,BRL,,spot,,MG,physical
2026-03-13,suinos,suinos-bolsas-e-associaces,Suínos - Bolsas e Associações,Minas Gerais,,variacao_pct,0.0,"0,00",%,change_pct,,pct,spot,,MG,physical
2026-03-13,suinos,suinos-bolsas-e-associaces,Suínos - Bolsas e Associações,Paraná,,preco_kg,7.54,"7,54",R$,price,BRL,,spot,,PR,physical
2026-03-13,suinos,suinos-bolsas-e-associaces,Suínos - Bolsas e Associações,Paraná,,variacao_pct,0.0,"0,00",%,change_pct,,pct,spot,,PR,physical
2026-03-13,suinos,suinos-bolsas-e-associaces,Suínos - Bolsas e Associações,Rio Grande do Sul,,preco_kg,7.21,"7,21",R$,price,BRL,,spot,,RS,physical
2026-03-13,suinos,suinos-bolsas-e-associaces,Suínos - Bolsas e Associações,Rio Grande do Sul,,variacao_pct,0.0,"0,00",%,change_pct,,pct,spot,,RS,physical
2026-03-13,suinos,suinos-bolsas-e-associaces,Suínos - Bolsas e Associações,Santa Catarina,,preco_kg,6.77,"6,77",R$,price,BRL,,spot,,SC,physical
2026-03-13,suinos,suinos-bolsas-e-associaces,Suínos - Bolsas e Associações,Santa Catarina,,variacao_pct,0.0,"0,00",%,change_pct,,pct,spot,,SC,physical
2026-03-13,suinos,suinos-bolsas-e-associaces,Suínos - Bolsas e Associações,São Paulo,,preco_kg,7.2,"7,20",R$,price,BRL,,spot,,SP,physical
2026-03-13,suinos,suinos-bolsas-e-associaces,Suínos - Bolsas e Associações,São Paulo,,variacao_pct,0.0,"0,00",%,change_pct,,pct,spot,,SP,physical
2026-03-16,suinos,indicador-do-suino-vivo-cepea-esalq,Indicador do Suíno Vivo Cepea/Esalq,MG - posto,,kg,6.76,"6,76",R$,price,BRL,,spot,,,physical
2026-03-16,suinos,indicador-do-suino-vivo-cepea-esalq,Indicador do Suíno Vivo Cepea/Esalq,MG - posto,,variacao_pct,0.0,"0,00",%,change_pct,,pct,spot,,,physical
2026-03-16,suinos,indicador-do-suino-vivo-cepea-esalq,Indicador do Suíno Vivo Cepea/Esalq,PR - a retirar,,kg,6.68,"6,68",R$,price,BRL,,spot,,,physical
2026-03-16,suinos,indicador-do-suino-vivo-cepea-esalq,Indicador do Suíno Vivo Cepea/Esalq,PR - a retirar,,variacao_pct,0.0,"0,00",%,change_pct,,pct,spot,,,physical
2026-03-16,suinos,indicador-do-suino-vivo-cepea-esalq,Indicador do Suíno Vivo Cepea/Esalq,RS - a retirar,,kg,6.8,"6,80",R$,price,BRL,,spot,,,physical
2026-03-16,suinos,indicador-do-suino-vivo-cepea-esalq,Indicador do Suíno Vivo Cepea/Esalq,RS - a retirar,,variacao_pct,0.0,"0,00",%,change_pct,,pct,spot,,,physical
2026-03-16,suinos,indicador-do-suino-vivo-cepea-esalq,Indicador do Suíno Vivo Cepea/Esalq,SC - a retirar,,kg,6.66,"6,66",R$,price,BRL,,spot,,,physical
2026-03-16,suinos,indicador-do-suino-vivo-cepea-esalq,Indicador do Suíno Vivo Cepea/Esalq,SC - a retirar,,variacao_pct,0.15,"+0,15",%,change_pct,,pct,spot,,,physical
2026-03-16,suinos,indicador-do-suino-vivo-cepea-esalq,Indicador do Suíno Vivo Cepea/Esalq,SP - posto,,kg,6.96,"6,96",R$,price,BRL,,spot,,,physical
2026-03-16,suinos,indicador-do-suino-vivo-cepea-esalq,Indicador do Suíno Vivo Cepea/Esalq,SP - posto,,variacao_pct,0.0,"0,00",%,change_pct,,pct,spot,,,physical
2026-03-16,suinos,suino-sp,Suíno (SP),Suíno CIF (@),,valor,132.0,"132,00",R$,price,BRL,,spot,,,physical
2026-03-16,suinos,suino-sp,Suíno (SP),Suíno CIF (@),,variacao_pct,0.0,"0,00",%,change_pct,,pct,spot,,,physical
2026-03-16,suinos,suino-sp,Suíno (SP),Suíno Carcaça Especial (kg),,valor,10.4,"10,40",R$,price,BRL,,spot,,,physical
2026-03-16,suinos,suino-sp,Suíno (SP),Suíno Carcaça Especial (kg),,variacao_pct,0.0,"0,00",%,change_pct,,pct,spot,,,physical
2026-03-16,suinos,suinos-bolsas-e-associaces,Suínos - Bolsas e Associações,Mato Grosso,,preco_kg,6.5,"6,50",R$,price,BRL,,spot,,MT,physical
2026-03-16,suinos,suinos-bolsas-e-associaces,Suínos - Bolsas e Associações,Mato Grosso,,variacao_pct,0.0,"0,00",%,change_pct,,pct,spot,,MT,physical
2026-03-16,suinos,suinos-bolsas-e-associaces,Suínos - Bolsas e Associações,Minas Gerais,,preco_kg,6.8,"6,80",R$,price,BRL,,spot,,MG,physical
2026-03-16,suinos,suinos-bolsas-e-associaces,Suínos - Bolsas e Associações,Minas Gerais,,variacao_pct,0.0,"0,00",%,change_pct,,pct,spot,,MG,physical
2026-03-16,suinos,suinos-bolsas-e-associaces,Suínos - Bolsas e Associações,Paraná,,preco_kg,7.54,"7,54",R$,price,BRL,,spot,,PR,physical
2026-03-16,suinos,suinos-bolsas-e-associaces,Suínos - Bolsas e Associações,Paraná,,variacao_pct,0.0,"0,00",%,change_pct,,pct,spot,,PR,physical
2026-03-16,suinos,suinos-bolsas-e-associaces,Suínos - Bolsas e Associações,Rio Grande do Sul,,preco_kg,7.21,"7,21",R$,price,BRL,,spot,,RS,physical
2026-03-16,suinos,suinos-bolsas-e-associaces,Suínos - Bolsas e Associações,Rio Grande do Sul,,variacao_pct,0.0,"0,00",%,change_pct,,pct,spot,,RS,physical
2026-03-16,suinos,suinos-bolsas-e-associaces,Suínos - Bolsas e Associações,Santa Catarina,,preco_kg,6.77,"6,77",R$,price,BRL,,spot,,SC,physical
2026-03-16,suinos,suinos-bolsas-e-associaces,Suínos - Bolsas e Associações,Santa Catarina,,variacao_pct,0.0,"0,00",%,change_pct,,pct,spot,,SC,physical
2026-03-16,suinos,suinos-bolsas-e-associaces,Suínos - Bolsas e Associações,São Paulo,,preco_kg,7.2,"7,20",R$,price,BRL,,spot,,SP,physical
2026-03-16,suinos,suinos-bolsas-e-associaces,Suínos - Bolsas e Associações,São Paulo,,variacao_pct,0.0,"0,00",%,change_pct,,pct,spot,,SP,physical
2026-03-17,suinos,indicador-do-suino-vivo-cepea-esalq,Indicador do Suíno Vivo Cepea/Esalq,MG - posto,,kg,6.76,"6,76",R$,price,BRL,,spot,,,physical
2026-03-17,suinos,indicador-do-suino-vivo-cepea-esalq,Indicador do Suíno Vivo Cepea/Esalq,MG - posto,,variacao_pct,0.0,"0,00",%,change_pct,,pct,spot,,,physical
2026-03-17,suinos,indicador-do-suino-vivo-cepea-esalq,Indicador do Suíno Vivo Cepea/Esalq,PR - a retirar,,kg,6.65,"6,65",R$,price,BRL,,spot,,,physical
2026-03-17,suinos,indicador-do-suino-vivo-cepea-esalq,Indicador do Suíno Vivo Cepea/Esalq,PR - a retirar,,variacao_pct,-0.45,"-0,45",%,change_pct,,pct,spot,,,physical
2026-03-17,suinos,indicador-do-suino-vivo-cepea-esalq,Indicador do Suíno Vivo Cepea/Esalq,RS - a retirar,,kg,6.81,"6,81",R$,price,BRL,,spot,,,physical
2026-03-17,suinos,indicador-do-suino-vivo-cepea-esalq,Indicador do Suíno Vivo Cepea/Esalq,RS - a retirar,,variacao_pct,0.15,"+0,15",%,change_pct,,pct,spot,,,physical
2026-03-17,suinos,indicador-do-suino-vivo-cepea-esalq,Indicador do Suíno Vivo Cepea/Esalq,SC - a retirar,,kg,6.65,"6,65",R$,price,BRL,,spot,,,physical
2026-03-17,suinos,indicador-do-suino-vivo-cepea-esalq,Indicador do Suíno Vivo Cepea/Esalq,SC - a retirar,,variacao_pct,-0.15,"-0,15",%,change_pct,,pct,spot,,,physical
2026-03-17,suinos,indicador-do-suino-vivo-cepea-esalq,Indicador do Suíno Vivo Cepea/Esalq,SP - posto,,kg,6.97,"6,97",R$,price,BRL,,spot,,,physical
2026-03-17,suinos,indicador-do-suino-vivo-cepea-esalq,Indicador do Suíno Vivo Cepea/Esalq,SP - posto,,variacao_pct,0.14,"+0,14",%,change_pct,,pct,spot,,,physical
2026-03-17,suinos,suino-sp,Suíno (SP),Suíno CIF (@),,valor,132.0,"132,00",R$,price,BRL,,spot,,,physical
2026-03-17,suinos,suino-sp,Suíno (SP),Suíno CIF (@),,variacao_pct,0.0,"0,00",%,change_pct,,pct,spot,,,physical
2026-03-17,suinos,suino-sp,Suíno (SP),Suíno Carcaça Especial (kg),,valor,10.4,"10,40",R$,price,BRL,,spot,,,physical
2026-03-17,suinos,suino-sp,Suíno (SP),Suíno Carcaça Especial (kg),,variacao_pct,0.0,"0,00",%,change_pct,,pct,spot,,,physical
2026-03-17,suinos,suinos-bolsas-e-associaces,Suínos - Bolsas e Associações,Mato Grosso,,preco_kg,6.5,"6,50",R$,price,BRL,,spot,,MT,physical
2026-03-17,suinos,suinos-bolsas-e-associaces,Suínos - Bolsas e Associações,Mato Grosso,,variacao_pct,0.0,"0,00",%,change_pct,,pct,spot,,MT,physical
2026-03-17,suinos,suinos-bolsas-e-associaces,Suínos - Bolsas e Associações,Minas Gerais,,preco_kg,6.8,"6,80",R$,price,BRL,,spot,,MG,physical
2026-03-17,suinos,suinos-bolsas-e-associaces,Suínos - Bolsas e Associações,Minas Gerais,,variacao_pct,0.0,"0,00",%,change_pct,,pct,spot,,MG,physical
2026-03-17,suinos,suinos-bolsas-e-associaces,Suínos - Bolsas e Associações,Paraná,,preco_kg,7.54,"7,54",R$,price,BRL,,spot,,PR,physical
2026-03-17,suinos,suinos-bolsas-e-associaces,Suínos - Bolsas e Associações,Paraná,,variacao_pct,0.0,"0,00",%,change_pct,,pct,spot,,PR,physical
2026-03-17,suinos,suinos-bolsas-e-associaces,Suínos - Bolsas e Associações,Rio Grande do Sul,,preco_kg,7.21,"7,21",R$,price,BRL,,spot,,RS,physical
2026-03-17,suinos,suinos-bolsas-e-associaces,Suínos - Bolsas e Associações,Rio Grande do Sul,,variacao_pct,0.0,"0,00",%,change_pct,,pct,spot,,RS,physical
2026-03-17,suinos,suinos-bolsas-e-associaces,Suínos - Bolsas e Associações,Santa Catarina,,preco_kg,6.77,"6,77",R$,price,BRL,,spot,,SC,physical
2026-03-17,suinos,suinos-bolsas-e-associaces,Suínos - Bolsas e Associações,Santa Catarina,,variacao_pct,0.0,"0,00",%,change_pct,,pct,spot,,SC,physical
2026-03-17,suinos,suinos-bolsas-e-associaces,Suínos - Bolsas e Associações,São Paulo,,preco_kg,7.2,"7,20",R$,price,BRL,,spot,,SP,physical
2026-03-17,suinos,suinos-bolsas-e-associaces,Suínos - Bolsas e Associações,São Paulo,,variacao_pct,0.0,"0,00",%,change_pct,,pct,spot,,SP,physical
2026-03-18,suinos,indicador-do-suino-vivo-cepea-esalq,Indicador do Suíno Vivo Cepea/Esalq,MG - posto,,kg,6.76,"6,76",R$,price,BRL,,spot,,,physical
2026-03-18,suinos,indicador-do-suino-vivo-cepea-esalq,Indicador do Suíno Vivo Cepea/Esalq,MG - posto,,variacao_pct,0.0,"0,00",%,change_pct,,pct,spot,,,physical
2026-03-18,suinos,indicador-do-suino-vivo-cepea-esalq,Indicador do Suíno Vivo Cepea/Esalq,PR - a retirar,,kg,6.65,"6,65",R$,price,BRL,,spot,,,physical
2026-03-18,suinos,indicador-do-suino-vivo-cepea-esalq,Indicador do Suíno Vivo Cepea/Esalq,PR - a retirar,,variacao_pct,0.0,"0,00",%,change_pct,,pct,spot,,,physical
2026-03-18,suinos,indicador-do-suino-vivo-cepea-esalq,Indicador do Suíno Vivo Cepea/Esalq,RS - a retirar,,kg,6.79,"6,79",R$,price,BRL,,spot,,,physical
2026-03-18,suinos,indicador-do-suino-vivo-cepea-esalq,Indicador do Suíno Vivo Cepea/Esalq,RS - a retirar,,variacao_pct,-0.29,"-0,29",%,change_pct,,pct,spot,,,physical
2026-03-18,suinos,indicador-do-suino-vivo-cepea-esalq,Indicador do Suíno Vivo Cepea/Esalq,SC - a retirar,,kg,6.64,"6,64",R$,price,BRL,,spot,,,physical
2026-03-18,suinos,indicador-do-suino-vivo-cepea-esalq,Indicador do Suíno Vivo Cepea/Esalq,SC - a retirar,,variacao_pct,-0.15,"-0,15",%,change_pct,,pct,spot,,,physical
2026-03-18,suinos,indicador-do-suino-vivo-cepea-esalq,Indicador do Suíno Vivo Cepea/Esalq,SP - posto,,kg,6.98,"6,98",R$,price,BRL,,spot,,,physical
2026-03-18,suinos,indicador-do-suino-vivo-cepea-esalq,Indicador do Suíno Vivo Cepea/Esalq,SP - posto,,variacao_pct,0.14,"+0,14",%,change_pct,,pct,spot,,,physical
2026-03-18,suinos,suino-sp,Suíno (SP),Suíno CIF (@),,valor,132.0,"132,00",R$,price,BRL,,spot,,,physical
2026-03-18,suinos,suino-sp,Suíno (SP),Suíno CIF (@),,variacao_pct,0.0,"0,00",%,change_pct,,pct,spot,,,physical
2026-03-18,suinos,suino-sp,Suíno (SP),Suíno Carcaça Especial (kg),,valor,10.4,"10,40",R$,price,BRL,,spot,,,physical
2026-03-18,suinos,suino-sp,Suíno (SP),Suíno Carcaça Especial (kg),,variacao_pct,0.0,"0,00",%,change_pct,,pct,spot,,,physical
2026-03-18,suinos,suinos-bolsas-e-associaces,Suínos - Bolsas e Associações,Mato Grosso,,preco_kg,6.5,"6,50",R$,price,BRL,,spot,,MT,physical
2026-03-18,suinos,suinos-bolsas-e-associaces,Suínos - Bolsas e Associações,Mato Grosso,,variacao_pct,0.0,"0,00",%,change_pct,,pct,spot,,MT,physical
2026-03-18,suinos,suinos-bolsas-e-associaces,Suínos - Bolsas e Associações,Minas Gerais,,preco_kg,6.8,"6,80",R$,price,BRL,,spot,,MG,physical
2026-03-18,suinos,suinos-bolsas-e-associaces,Suínos - Bolsas e Associações,Minas Gerais,,variacao_pct,0.0,"0,00",%,change_pct,,pct,spot,,MG,physical
2026-03-18,suinos,suinos-bolsas-e-associaces,Suínos - Bolsas e Associações,Paraná,,preco_kg,7.54,"7,54",R$,price,BRL,,spot,,PR,physical
2026-03-18,suinos,suinos-bolsas-e-associaces,Suínos - Bolsas e Associações,Paraná,,variacao_pct,0.0,"0,00",%,change_pct,,pct,spot,,PR,physical
2026-03-18,suinos,suinos-bolsas-e-associaces,Suínos - Bolsas e Associações,Rio Grande do Sul,,preco_kg,7.21,"7,21",R$,price,BRL,,spot,,RS,physical
2026-03-18,suinos,suinos-bolsas-e-associaces,Suínos - Bolsas e Associações,Rio Grande do Sul,,variacao_pct,0.0,"0,00",%,change_pct,,pct,spot,,RS,physical
2026-03-18,suinos,suinos-bolsas-e-associaces,Suínos - Bolsas e Associações,Santa Catarina,,preco_kg,6.77,"6,77",R$,price,BRL,,spot,,SC,physical
2026-03-18,suinos,suinos-bolsas-e-associaces,Suínos - Bolsas e Associações,Santa Catarina,,variacao_pct,0.0,"0,00",%,change_pct,,pct,spot,,SC,physical
2026-03-18,suinos,suinos-bolsas-e-associaces,Suínos - Bolsas e Associações,São Paulo,,preco_kg,7.2,"7,20",R$,price,BRL,,spot,,SP,physical
2026-03-18,suinos,suinos-bolsas-e-associaces,Suínos - Bolsas e Associações,São Paulo,,variacao_pct,0.0,"0,00",%,change_pct,,pct,spot,,SP,physical
2026-03-19,suinos,indicador-do-suino-vivo-cepea-esalq,Indicador do Suíno Vivo Cepea/Esalq,MG - posto,,kg,6.75,"6,75",R$,price,BRL,,spot,,,physical
2026-03-19,suinos,indicador-do-suino-vivo-cepea-esalq,Indicador do Suíno Vivo Cepea/Esalq,MG - posto,,variacao_pct,-0.15,"-0,15",%,change_pct,,pct,spot,,,physical
2026-03-19,suinos,indicador-do-suino-vivo-cepea-esalq,Indicador do Suíno Vivo Cepea/Esalq,PR - a retirar,,kg,6.63,"6,63",R$,price,BRL,,spot,,,physical
2026-03-19,suinos,indicador-do-suino-vivo-cepea-esalq,Indicador do Suíno Vivo Cepea/Esalq,PR - a retirar,,variacao_pct,-0.3,"-0,30",%,change_pct,,pct,spot,,,physical
2026-03-19,suinos,indicador-do-suino-vivo-cepea-esalq,Indicador do Suíno Vivo Cepea/Esalq,RS - a retirar,,kg,6.79,"6,79",R$,price,BRL,,spot,,,physical
2026-03-19,suinos,indicador-do-suino-vivo-cepea-esalq,Indicador do Suíno Vivo Cepea/Esalq,RS - a retirar,,variacao_pct,0.0,"0,00",%,change_pct,,pct,spot,,,physical
2026-03-19,suinos,indicador-do-suino-vivo-cepea-esalq,Indicador do Suíno Vivo Cepea/Esalq,SC - a retirar,,kg,6.65,"6,65",R$,price,BRL,,spot,,,physical
2026-03-19,suinos,indicador-do-suino-vivo-cepea-esalq,Indicador do Suíno Vivo Cepea/Esalq,SC - a retirar,,variacao_pct,0.15,"+0,15",%,change_pct,,pct,spot,,,physical
2026-03-19,suinos,indicador-do-suino-vivo-cepea-esalq,Indicador do Suíno Vivo Cepea/Esalq,SP - posto,,kg,6.98,"6,98",R$,price,BRL,,spot,,,physical
2026-03-19,suinos,indicador-do-suino-vivo-cepea-esalq,Indicador do Suíno Vivo Cepea/Esalq,SP - posto,,variacao_pct,0.0,"0,00",%,change_pct,,pct,spot,,,physical
2026-03-19,suinos,suino-sp,Suíno (SP),Suíno CIF (@),,valor,132.0,"132,00",R$,price,BRL,,spot,,,physical
2026-03-19,suinos,suino-sp,Suíno (SP),Suíno CIF (@),,variacao_pct,0.0,"0,00",%,change_pct,,pct,spot,,,physical
2026-03-19,suinos,suino-sp,Suíno (SP),Suíno Carcaça Especial (kg),,valor,10.4,"10,40",R$,price,BRL,,spot,,,physical
2026-03-19,suinos,suino-sp,Suíno (SP),Suíno Carcaça Especial (kg),,variacao_pct,0.0,"0,00",%,change_pct,,pct,spot,,,physical
2026-03-19,suinos,suinos-bolsas-e-associaces,Suínos - Bolsas e Associações,Mato Grosso,,preco_kg,6.5,"6,50",R$,price,BRL,,spot,,MT,physical
2026-03-19,suinos,suinos-bolsas-e-associaces,Suínos - Bolsas e Associações,Mato Grosso,,variacao_pct,0.0,"0,00",%,change_pct,,pct,spot,,MT,physical
2026-03-19,suinos,suinos-bolsas-e-associaces,Suínos - Bolsas e Associações,Minas Gerais,,preco_kg,6.8,"6,80",R$,price,BRL,,spot,,MG,physical
2026-03-19,suinos,suinos-bolsas-e-associaces,Suínos - Bolsas e Associações,Minas Gerais,,variacao_pct,0.0,"0,00",%,change_pct,,pct,spot,,MG,physical
2026-03-19,suinos,suinos-bolsas-e-associaces,Suínos - Bolsas e Associações,Paraná,,preco_kg,7.54,"7,54",R$,price,BRL,,spot,,PR,physical
2026-03-19,suinos,suinos-bolsas-e-associaces,Suínos - Bolsas e Associações,Paraná,,variacao_pct,0.0,"0,00",%,change_pct,,pct,spot,,PR,physical
2026-03-19,suinos,suinos-bolsas-e-associaces,Suínos - Bolsas e Associações,Rio Grande do Sul,,preco_kg,7.21,"7,21",R$,price,BRL,,spot,,RS,physical
2026-03-19,suinos,suinos-bolsas-e-associaces,Suínos - Bolsas e Associações,Rio Grande do Sul,,variacao_pct,0.0,"0,00",%,change_pct,,pct,spot,,RS,physical
2026-03-19,suinos,suinos-bolsas-e-associaces,Suínos - Bolsas e Associações,Santa Catarina,,preco_kg,6.77,"6,77",R$,price,BRL,,spot,,SC,physical
2026-03-19,suinos,suinos-bolsas-e-associaces,Suínos - Bolsas e Associações,Santa Catarina,,variacao_pct,0.0,"0,00",%,change_pct,,pct,spot,,SC,physical
2026-03-19,suinos,suinos-bolsas-e-associaces,Suínos - Bolsas e Associações,São Paulo,,preco_kg,7.2,"7,20",R$,price,BRL,,spot,,SP,physical
2026-03-19,suinos,suinos-bolsas-e-associaces,Suínos - Bolsas e Associações,São Paulo,,variacao_pct,0.0,"0,00",%,change_pct,,pct,spot,,SP,physical
2026-03-20,suinos,indicador-do-suino-vivo-cepea-esalq,Indicador do Suíno Vivo Cepea/Esalq,MG - posto,,kg,6.75,"6,75",R$,price,BRL,,spot,,,physical
2026-03-20,suinos,indicador-do-suino-vivo-cepea-esalq,Indicador do Suíno Vivo Cepea/Esalq,MG - posto,,variacao_pct,0.0,"0,00",%,change_pct,,pct,spot,,,physical
2026-03-20,suinos,indicador-do-suino-vivo-cepea-esalq,Indicador do Suíno Vivo Cepea/Esalq,PR - a retirar,,kg,6.63,"6,63",R$,price,BRL,,spot,,,physical
2026-03-20,suinos,indicador-do-suino-vivo-cepea-esalq,Indicador do Suíno Vivo Cepea/Esalq,PR - a retirar,,variacao_pct,0.0,"0,00",%,change_pct,,pct,spot,,,physical
2026-03-20,suinos,indicador-do-suino-vivo-cepea-esalq,Indicador do Suíno Vivo Cepea/Esalq,RS - a retirar,,kg,6.85,"6,85",R$,price,BRL,,spot,,,physical
2026-03-20,suinos,indicador-do-suino-vivo-cepea-esalq,Indicador do Suíno Vivo Cepea/Esalq,RS - a retirar,,variacao_pct,0.88,"+0,88",%,change_pct,,pct,spot,,,physical
2026-03-20,suinos,indicador-do-suino-vivo-cepea-esalq,Indicador do Suíno Vivo Cepea/Esalq,SC - a retirar,,kg,6.65,"6,65",R$,price,BRL,,spot,,,physical
2026-03-20,suinos,indicador-do-suino-vivo-cepea-esalq,Indicador do Suíno Vivo Cepea/Esalq,SC - a retirar,,variacao_pct,0.0,"0,00",%,change_pct,,pct,spot,,,physical
2026-03-20,suinos,indicador-do-suino-vivo-cepea-esalq,Indicador do Suíno Vivo Cepea/Esalq,SP - posto,,kg,6.97,"6,97",R$,price,BRL,,spot,,,physical
2026-03-20,suinos,indicador-do-suino-vivo-cepea-esalq,Indicador do Suíno Vivo Cepea/Esalq,SP - posto,,variacao_pct,-0.14,"-0,14",%,change_pct,,pct,spot,,,physical
2026-03-20,suinos,suino-sp,Suíno (SP),Suíno CIF (@),,valor,132.0,"132,00",R$,price,BRL,,spot,,,physical
2026-03-20,suinos,suino-sp,Suíno (SP),Suíno CIF (@),,variacao_pct,0.0,"0,00",%,change_pct,,pct,spot,,,physical
2026-03-20,suinos,suino-sp,Suíno (SP),Suíno Carcaça Especial (kg),,valor,10.4,"10,40",R$,price,BRL,,spot,,,physical
2026-03-20,suinos,suino-sp,Suíno (SP),Suíno Carcaça Especial (kg),,variacao_pct,0.0,"0,00",%,change_pct,,pct,spot,,,physical
2026-03-20,suinos,suinos-bolsas-e-associaces,Suínos - Bolsas e Associações,Mato Grosso,,preco_kg,6.5,"6,50",R$,price,BRL,,spot,,MT,physical
2026-03-20,suinos,suinos-bolsas-e-associaces,Suínos - Bolsas e Associações,Mato Grosso,,variacao_pct,0.0,"0,00",%,change_pct,,pct,spot,,MT,physical
2026-03-20,suinos,suinos-bolsas-e-associaces,Suínos - Bolsas e Associações,Minas Gerais,,preco_kg,6.8,"6,80",R$,price,BRL,,spot,,MG,physical
2026-03-20,suinos,suinos-bolsas-e-associaces,Suínos - Bolsas e Associações,Minas Gerais,,variacao_pct,0.0,"0,00",%,change_pct,,pct,spot,,MG,physical
2026-03-20,suinos,suinos-bolsas-e-associaces,Suínos - Bolsas e Associações,Paraná,,preco_kg,7.54,"7,54",R$,price,BRL,,spot,,PR,physical
2026-03-20,suinos,suinos-bolsas-e-associaces,Suínos - Bolsas e Associações,Paraná,,variacao_pct,0.0,"0,00",%,change_pct,,pct,spot,,PR,physical
2026-03-20,suinos,suinos-bolsas-e-associaces,Suínos - Bolsas e Associações,Rio Grande do Sul,,preco_kg,7.21,"7,21",R$,price,BRL,,spot,,RS,physical
2026-03-20,suinos,suinos-bolsas-e-associaces,Suínos - Bolsas e Associações,Rio Grande do Sul,,variacao_pct,0.0,"0,00",%,change_pct,,pct,spot,,RS,physical
2026-03-20,suinos,suinos-bolsas-e-associaces,Suínos - Bolsas e Associações,Santa Catarina,,preco_kg,6.77,"6,77",R$,price,BRL,,spot,,SC,physical
2026-03-20,suinos,suinos-bolsas-e-associaces,Suínos - Bolsas e Associações,Santa Catarina,,variacao_pct,0.0,"0,00",%,change_pct,,pct,spot,,SC,physical
2026-03-20,suinos,suinos-bolsas-e-associaces,Suínos - Bolsas e Associações,São Paulo,,preco_kg,7.2,"7,20",R$,price,BRL,,spot,,SP,physical
2026-03-20,suinos,suinos-bolsas-e-associaces,Suínos - Bolsas e Associações,São Paulo,,variacao_pct,0.0,"0,00",%,change_pct,,pct,spot,,SP,physical
2026-03-23,suinos,indicador-do-suino-vivo-cepea-esalq,Indicador do Suíno Vivo Cepea/Esalq,MG - posto,,kg,6.75,"6,75",R$,price,BRL,,spot,,,physical
2026-03-23,suinos,indicador-do-suino-vivo-cepea-esalq,Indicador do Suíno Vivo Cepea/Esalq,MG - posto,,variacao_pct,0.0,"0,00",%,change_pct,,pct,spot,,,physical
2026-03-23,suinos,indicador-do-suino-vivo-cepea-esalq,Indicador do Suíno Vivo Cepea/Esalq,PR - a retirar,,kg,6.66,"6,66",R$,price,BRL,,spot,,,physical
2026-03-23,suinos,indicador-do-suino-vivo-cepea-esalq,Indicador do Suíno Vivo Cepea/Esalq,PR - a retirar,,variacao_pct,0.45,"+0,45",%,change_pct,,pct,spot,,,physical
2026-03-23,suinos,indicador-do-suino-vivo-cepea-esalq,Indicador do Suíno Vivo Cepea/Esalq,RS - a retirar,,kg,6.85,"6,85",R$,price,BRL,,spot,,,physical
2026-03-23,suinos,indicador-do-suino-vivo-cepea-esalq,Indicador do Suíno Vivo Cepea/Esalq,RS - a retirar,,variacao_pct,0.0,"0,00",%,change_pct,,pct,spot,,,physical
2026-03-23,suinos,indicador-do-suino-vivo-cepea-esalq,Indicador do Suíno Vivo Cepea/Esalq,SC - a retirar,,kg,6.61,"6,61",R$,price,BRL,,spot,,,physical
2026-03-23,suinos,indicador-do-suino-vivo-cepea-esalq,Indicador do Suíno Vivo Cepea/Esalq,SC - a retirar,,variacao_pct,-0.6,"-0,60",%,change_pct,,pct,spot,,,physical
2026-03-23,suinos,indicador-do-suino-vivo-cepea-esalq,Indicador do Suíno Vivo Cepea/Esalq,SP - posto,,kg,6.94,"6,94",R$,price,BRL,,spot,,,physical
2026-03-23,suinos,indicador-do-suino-vivo-cepea-esalq,Indicador do Suíno Vivo Cepea/Esalq,SP - posto,,variacao_pct,-0.43,"-0,43",%,change_pct,,pct,spot,,,physical
2026-03-23,suinos,suino-sp,Suíno (SP),Suíno CIF (@),,valor,132.0,"132,00",R$,price,BRL,,spot,,,physical
2026-03-23,suinos,suino-sp,Suíno (SP),Suíno CIF (@),,variacao_pct,0.0,"0,00",%,change_pct,,pct,spot,,,physical
2026-03-23,suinos,suino-sp,Suíno (SP),Suíno Carcaça Especial (kg),,valor,10.4,"10,40",R$,price,BRL,,spot,,,physical
2026-03-23,suinos,suino-sp,Suíno (SP),Suíno Carcaça Especial (kg),,variacao_pct,0.0,"0,00",%,change_pct,,pct,spot,,,physical
2026-03-23,suinos,suinos-bolsas-e-associaces,Suínos - Bolsas e Associações,Mato Grosso,,preco_kg,6.5,"6,50",R$,price,BRL,,spot,,MT,physical
2026-03-23,suinos,suinos-bolsas-e-associaces,Suínos - Bolsas e Associações,Mato Grosso,,variacao_pct,0.0,"0,00",%,change_pct,,pct,spot,,MT,physical
2026-03-23,suinos,suinos-bolsas-e-associaces,Suínos - Bolsas e Associações,Minas Gerais,,preco_kg,6.8,"6,80",R$,price,BRL,,spot,,MG,physical
2026-03-23,suinos,suinos-bolsas-e-associaces,Suínos - Bolsas e Associações,Minas Gerais,,variacao_pct,0.0,"0,00",%,change_pct,,pct,spot,,MG,physical
2026-03-23,suinos,suinos-bolsas-e-associaces,Suínos - Bolsas e Associações,Paraná,,preco_kg,7.54,"7,54",R$,price,BRL,,spot,,PR,physical
2026-03-23,suinos,suinos-bolsas-e-associaces,Suínos - Bolsas e Associações,Paraná,,variacao_pct,0.0,"0,00",%,change_pct,,pct,spot,,PR,physical
2026-03-23,suinos,suinos-bolsas-e-associaces,Suínos - Bolsas e Associações,Rio Grande do Sul,,preco_kg,7.21,"7,21",R$,price,BRL,,spot,,RS,physical
2026-03-23,suinos,suinos-bolsas-e-associaces,Suínos - Bolsas e Associações,Rio Grande do Sul,,variacao_pct,0.0,"0,00",%,change_pct,,pct,spot,,RS,physical
2026-03-23,suinos,suinos-bolsas-e-associaces,Suínos - Bolsas e Associações,Santa Catarina,,preco_kg,6.77,"6,77",R$,price,BRL,,spot,,SC,physical
2026-03-23,suinos,suinos-bolsas-e-associaces,Suínos - Bolsas e Associações,Santa Catarina,,variacao_pct,0.0,"0,00",%,change_pct,,pct,spot,,SC,physical
2026-03-23,suinos,suinos-bolsas-e-associaces,Suínos - Bolsas e Associações,São Paulo,,preco_kg,7.2,"7,20",R$,price,BRL,,spot,,SP,physical
2026-03-23,suinos,suinos-bolsas-e-associaces,Suínos - Bolsas e Associações,São Paulo,,variacao_pct,0.0,"0,00",%,change_pct,,pct,spot,,SP,physical
2026-03-24,suinos,indicador-do-suino-vivo-cepea-esalq,Indicador do Suíno Vivo Cepea/Esalq,MG - posto,,kg,6.76,"6,76",R$,price,BRL,,spot,,,physical
2026-03-24,suinos,indicador-do-suino-vivo-cepea-esalq,Indicador do Suíno Vivo Cepea/Esalq,MG - posto,,variacao_pct,0.15,"+0,15",%,change_pct,,pct,spot,,,physical
2026-03-24,suinos,indicador-do-suino-vivo-cepea-esalq,Indicador do Suíno Vivo Cepea/Esalq,PR - a retirar,,kg,6.65,"6,65",R$,price,BRL,,spot,,,physical
2026-03-24,suinos,indicador-do-suino-vivo-cepea-esalq,Indicador do Suíno Vivo Cepea/Esalq,PR - a retirar,,variacao_pct,-0.15,"-0,15",%,change_pct,,pct,spot,,,physical
2026-03-24,suinos,indicador-do-suino-vivo-cepea-esalq,Indicador do Suíno Vivo Cepea/Esalq,RS - a retirar,,kg,6.84,"6,84",R$,price,BRL,,spot,,,physical
2026-03-24,suinos,indicador-do-suino-vivo-cepea-esalq,Indicador do Suíno Vivo Cepea/Esalq,RS - a retirar,,variacao_pct,-0.15,"-0,15",%,change_pct,,pct,spot,,,physical
2026-03-24,suinos,indicador-do-suino-vivo-cepea-esalq,Indicador do Suíno Vivo Cepea/Esalq,SC - a retirar,,kg,6.59,"6,59",R$,price,BRL,,spot,,,physical
2026-03-24,suinos,indicador-do-suino-vivo-cepea-esalq,Indicador do Suíno Vivo Cepea/Esalq,SC - a retirar,,variacao_pct,-0.3,"-0,30",%,change_pct,,pct,spot,,,physical
2026-03-24,suinos,indicador-do-suino-vivo-cepea-esalq,Indicador do Suíno Vivo Cepea/Esalq,SP - posto,,kg,6.95,"6,95",R$,price,BRL,,spot,,,physical
2026-03-24,suinos,indicador-do-suino-vivo-cepea-esalq,Indicador do Suíno Vivo Cepea/Esalq,SP - posto,,variacao_pct,0.14,"+0,14",%,change_pct,,pct,spot,,,physical
2026-03-24,suinos,suino-sp,Suíno (SP),Suíno CIF (@),,valor,131.0,"131,00",R$,price,BRL,,spot,,,physical
2026-03-24,suinos,suino-sp,Suíno (SP),Suíno CIF (@),,variacao_pct,-0.76,"-0,76",%,change_pct,,pct,spot,,,physical
2026-03-24,suinos,suino-sp,Suíno (SP),Suíno Carcaça Especial (kg),,valor,10.3,"10,30",R$,price,BRL,,spot,,,physical
2026-03-24,suinos,suino-sp,Suíno (SP),Suíno Carcaça Especial (kg),,variacao_pct,-0.96,"-0,96",%,change_pct,,pct,spot,,,physical
2026-03-24,suinos,suinos-bolsas-e-associaces,Suínos - Bolsas e Associações,Mato Grosso,,preco_kg,6.5,"6,50",R$,price,BRL,,spot,,MT,physical
2026-03-24,suinos,suinos-bolsas-e-associaces,Suínos - Bolsas e Associações,Mato Grosso,,variacao_pct,0.0,"0,00",%,change_pct,,pct,spot,,MT,physical
2026-03-24,suinos,suinos-bolsas-e-associaces,Suínos - Bolsas e Associações,Minas Gerais,,preco_kg,6.8,"6,80",R$,price,BRL,,spot,,MG,physical
2026-03-24,suinos,suinos-bolsas-e-associaces,Suínos - Bolsas e Associações,Minas Gerais,,variacao_pct,0.0,"0,00",%,change_pct,,pct,spot,,MG,physical
2026-03-24,suinos,suinos-bolsas-e-associaces,Suínos - Bolsas e Associações,Paraná,,preco_kg,7.54,"7,54",R$,price,BRL,,spot,,PR,physical
2026-03-24,suinos,suinos-bolsas-e-associaces,Suínos - Bolsas e Associações,Paraná,,variacao_pct,0.0,"0,00",%,change_pct,,pct,spot,,PR,physical
2026-03-24,suinos,suinos-bolsas-e-associaces,Suínos - Bolsas e Associações,Rio Grande do Sul,,preco_kg,7.21,"7,21",R$,price,BRL,,spot,,RS,physical
2026-03-24,suinos,suinos-bolsas-e-associaces,Suínos - Bolsas e Associações,Rio Grande do Sul,,variacao_pct,0.0,"0,00",%,change_pct,,pct,spot,,RS,physical
2026-03-24,suinos,suinos-bolsas-e-associaces,Suínos - Bolsas e Associações,Santa Catarina,,preco_kg,6.77,"6,77",R$,price,BRL,,spot,,SC,physical
2026-03-24,suinos,suinos-bolsas-e-associaces,Suínos - Bolsas e Associações,Santa Catarina,,variacao_pct,0.0,"0,00",%,change_pct,,pct,spot,,SC,physical
2026-03-24,suinos,suinos-bolsas-e-associaces,Suínos - Bolsas e Associações,São Paulo,,preco_kg,7.2,"7,20",R$,price,BRL,,spot,,SP,physical
2026-03-24,suinos,suinos-bolsas-e-associaces,Suínos - Bolsas e Associações,São Paulo,,variacao_pct,0.0,"0,00",%,change_pct,,pct,spot,,SP,physical
2026-03-25,suinos,indicador-do-suino-vivo-cepea-esalq,Indicador do Suíno Vivo Cepea/Esalq,MG - posto,,kg,6.73,"6,73",R$,price,BRL,,spot,,,physical
2026-03-25,suinos,indicador-do-suino-vivo-cepea-esalq,Indicador do Suíno Vivo Cepea/Esalq,MG - posto,,variacao_pct,-0.44,"-0,44",%,change_pct,,pct,spot,,,physical
2026-03-25,suinos,indicador-do-suino-vivo-cepea-esalq,Indicador do Suíno Vivo Cepea/Esalq,PR - a retirar,,kg,6.63,"6,63",R$,price,BRL,,spot,,,physical
2026-03-25,suinos,indicador-do-suino-vivo-cepea-esalq,Indicador do Suíno Vivo Cepea/Esalq,PR - a retirar,,variacao_pct,-0.3,"-0,30",%,change_pct,,pct,spot,,,physical
2026-03-25,suinos,indicador-do-suino-vivo-cepea-esalq,Indicador do Suíno Vivo Cepea/Esalq,RS - a retirar,,kg,6.74,"6,74",R$,price,BRL,,spot,,,physical
2026-03-25,suinos,indicador-do-suino-vivo-cepea-esalq,Indicador do Suíno Vivo Cepea/Esalq,RS - a retirar,,variacao_pct,-1.46,"-1,46",%,change_pct,,pct,spot,,,physical
2026-03-25,suinos,indicador-do-suino-vivo-cepea-esalq,Indicador do Suíno Vivo Cepea/Esalq,SC - a retirar,,kg,6.51,"6,51",R$,price,BRL,,spot,,,physical
2026-03-25,suinos,indicador-do-suino-vivo-cepea-esalq,Indicador do Suíno Vivo Cepea/Esalq,SC - a retirar,,variacao_pct,-1.21,"-1,21",%,change_pct,,pct,spot,,,physical
2026-03-25,suinos,indicador-do-suino-vivo-cepea-esalq,Indicador do Suíno Vivo Cepea/Esalq,SP - posto,,kg,6.93,"6,93",R$,price,BRL,,spot,,,physical
2026-03-25,suinos,indicador-do-suino-vivo-cepea-esalq,Indicador do Suíno Vivo Cepea/Esalq,SP - posto,,variacao_pct,-0.29,"-0,29",%,change_pct,,pct,spot,,,physical
2026-03-25,suinos,suino-sp,Suíno (SP),Suíno CIF (@),,valor,131.0,"131,00",R$,price,BRL,,spot,,,physical
2026-03-25,suinos,suino-sp,Suíno (SP),Suíno CIF (@),,variacao_pct,0.0,"0,00",%,change_pct,,pct,spot,,,physical
2026-03-25,suinos,suino-sp,Suíno (SP),Suíno Carcaça Especial (kg),,valor,10.2,"10,20",R$,price,BRL,,spot,,,physical
2026-03-25,suinos,suino-sp,Suíno (SP),Suíno Carcaça Especial (kg),,variacao_pct,-0.97,"-0,97",%,change_pct,,pct,spot,,,physical
2026-03-25,suinos,suinos-bolsas-e-associaces,Suínos - Bolsas e Associações,Mato Grosso,,preco_kg,6.5,"6,50",R$,price,BRL,,spot,,MT,physical
2026-03-25,suinos,suinos-bolsas-e-associaces,Suínos - Bolsas e Associações,Mato Grosso,,variacao_pct,0.0,"0,00",%,change_pct,,pct,spot,,MT,physical
2026-03-25,suinos,suinos-bolsas-e-associaces,Suínos - Bolsas e Associações,Minas Gerais,,preco_kg,6.8,"6,80",R$,price,BRL,,spot,,MG,physical
2026-03-25,suinos,suinos-bolsas-e-associaces,Suínos - Bolsas e Associações,Minas Gerais,,variacao_pct,0.0,"0,00",%,change_pct,,pct,spot,,MG,physical
2026-03-25,suinos,suinos-bolsas-e-associaces,Suínos - Bolsas e Associações,Paraná,,preco_kg,7.54,"7,54",R$,price,BRL,,spot,,PR,physical
2026-03-25,suinos,suinos-bolsas-e-associaces,Suínos - Bolsas e Associações,Paraná,,variacao_pct,0.0,"0,00",%,change_pct,,pct,spot,,PR,physical
2026-03-25,suinos,suinos-bolsas-e-associaces,Suínos - Bolsas e Associações,Rio Grande do Sul,,preco_kg,7.21,"7,21",R$,price,BRL,,spot,,RS,physical
2026-03-25,suinos,suinos-bolsas-e-associaces,Suínos - Bolsas e Associações,Rio Grande do Sul,,variacao_pct,0.0,"0,00",%,change_pct,,pct,spot,,RS,physical
2026-03-25,suinos,suinos-bolsas-e-associaces,Suínos - Bolsas e Associações,Santa Catarina,,preco_kg,6.77,"6,77",R$,price,BRL,,spot,,SC,physical
2026-03-25,suinos,suinos-bolsas-e-associaces,Suínos - Bolsas e Associações,Santa Catarina,,variacao_pct,0.0,"0,00",%,change_pct,,pct,spot,,SC,physical
2026-03-25,suinos,suinos-bolsas-e-associaces,Suínos - Bolsas e Associações,São Paulo,,preco_kg,7.2,"7,20",R$,price,BRL,,spot,,SP,physical
2026-03-25,suinos,suinos-bolsas-e-associaces,Suínos - Bolsas e Associações,São Paulo,,variacao_pct,0.0,"0,00",%,change_pct,,pct,spot,,SP,physical
2026-03-26,suinos,indicador-do-suino-vivo-cepea-esalq,Indicador do Suíno Vivo Cepea/Esalq,MG - posto,,kg,6.72,"6,72",R$,price,BRL,,spot,,,physical
2026-03-26,suinos,indicador-do-suino-vivo-cepea-esalq,Indicador do Suíno Vivo Cepea/Esalq,MG - posto,,variacao_pct,-0.15,"-0,15",%,change_pct,,pct,spot,,,physical
2026-03-26,suinos,indicador-do-suino-vivo-cepea-esalq,Indicador do Suíno Vivo Cepea/Esalq,PR - a retirar,,kg,6.62,"6,62",R$,price,BRL,,spot,,,physical
2026-03-26,suinos,indicador-do-suino-vivo-cepea-esalq,Indicador do Suíno Vivo Cepea/Esalq,PR - a retirar,,variacao_pct,-0.15,"-0,15",%,change_pct,,pct,spot,,,physical
2026-03-26,suinos,indicador-do-suino-vivo-cepea-esalq,Indicador do Suíno Vivo Cepea/Esalq,RS - a retirar,,kg,6.74,"6,74",R$,price,BRL,,spot,,,physical
2026-03-26,suinos,indicador-do-suino-vivo-cepea-esalq,Indicador do Suíno Vivo Cepea/Esalq,RS - a retirar,,variacao_pct,0.0,"0,00",%,change_pct,,pct,spot,,,physical
2026-03-26,suinos,indicador-do-suino-vivo-cepea-esalq,Indicador do Suíno Vivo Cepea/Esalq,SC - a retirar,,kg,6.43,"6,43",R$,price,BRL,,spot,,,physical
2026-03-26,suinos,indicador-do-suino-vivo-cepea-esalq,Indicador do Suíno Vivo Cepea/Esalq,SC - a retirar,,variacao_pct,-1.23,"-1,23",%,change_pct,,pct,spot,,,physical
2026-03-26,suinos,indicador-do-suino-vivo-cepea-esalq,Indicador do Suíno Vivo Cepea/Esalq,SP - posto,,kg,6.96,"6,96",R$,price,BRL,,spot,,,physical
2026-03-26,suinos,indicador-do-suino-vivo-cepea-esalq,Indicador do Suíno Vivo Cepea/Esalq,SP - posto,,variacao_pct,0.43,"+0,43",%,change_pct,,pct,spot,,,physical
2026-03-26,suinos,suino-sp,Suíno (SP),Suíno CIF (@),,valor,131.0,"131,00",R$,price,BRL,,spot,,,physical
2026-03-26,suinos,suino-sp,Suíno (SP),Suíno CIF (@),,variacao_pct,0.0,"0,00",%,change_pct,,pct,spot,,,physical
2026-03-26,suinos,suino-sp,Suíno (SP),Suíno Carcaça Especial (kg),,valor,10.1,"10,10",R$,price,BRL,,spot,,,physical
2026-03-26,suinos,suino-sp,Suíno (SP),Suíno Carcaça Especial (kg),,variacao_pct,-0.98,"-0,98",%,change_pct,,pct,spot,,,physical
2026-03-26,suinos,suinos-bolsas-e-associaces,Suínos - Bolsas e Associações,Mato Grosso,,preco_kg,6.3,"6,30",R$,price,BRL,,spot,,MT,physical
2026-03-26,suinos,suinos-bolsas-e-associaces,Suínos - Bolsas e Associações,Mato Grosso,,variacao_pct,-3.08,"-3,08",%,change_pct,,pct,spot,,MT,physical
2026-03-26,suinos,suinos-bolsas-e-associaces,Suínos - Bolsas e Associações,Minas Gerais,,preco_kg,6.8,"6,80",R$,price,BRL,,spot,,MG,physical
2026-03-26,suinos,suinos-bolsas-e-associaces,Suínos - Bolsas e Associações,Minas Gerais,,variacao_pct,0.0,"0,00",%,change_pct,,pct,spot,,MG,physical
2026-03-26,suinos,suinos-bolsas-e-associaces,Suínos - Bolsas e Associações,Paraná,,preco_kg,7.54,"7,54",R$,price,BRL,,spot,,PR,physical
2026-03-26,suinos,suinos-bolsas-e-associaces,Suínos - Bolsas e Associações,Paraná,,variacao_pct,0.0,"0,00",%,change_pct,,pct,spot,,PR,physical
2026-03-26,suinos,suinos-bolsas-e-associaces,Suínos - Bolsas e Associações,Rio Grande do Sul,,preco_kg,7.21,"7,21",R$,price,BRL,,spot,,RS,physical
2026-03-26,suinos,suinos-bolsas-e-associaces,Suínos - Bolsas e Associações,Rio Grande do Sul,,variacao_pct,0.0,"0,00",%,change_pct,,pct,spot,,RS,physical
2026-03-26,suinos,suinos-bolsas-e-associaces,Suínos - Bolsas e Associações,Santa Catarina,,preco_kg,6.77,"6,77",R$,price,BRL,,spot,,SC,physical
2026-03-26,suinos,suinos-bolsas-e-associaces,Suínos - Bolsas e Associações,Santa Catarina,,variacao_pct,0.0,"0,00",%,change_pct,,pct,spot,,SC,physical
2026-03-26,suinos,suinos-bolsas-e-associaces,Suínos - Bolsas e Associações,São Paulo,,preco_kg,6.88,"6,88",R$,price,BRL,,spot,,SP,physical
2026-03-26,suinos,suinos-bolsas-e-associaces,Suínos - Bolsas e Associações,São Paulo,,variacao_pct,-4.44,"-4,44",%,change_pct,,pct,spot,,SP,physical
2026-03-27,suinos,indicador-do-suino-vivo-cepea-esalq,Indicador do Suíno Vivo Cepea/Esalq,MG - posto,,kg,6.69,"6,69",R$,price,BRL,,spot,,,physical
2026-03-27,suinos,indicador-do-suino-vivo-cepea-esalq,Indicador do Suíno Vivo Cepea/Esalq,MG - posto,,variacao_pct,-0.45,"-0,45",%,change_pct,,pct,spot,,,physical
2026-03-27,suinos,indicador-do-suino-vivo-cepea-esalq,Indicador do Suíno Vivo Cepea/Esalq,PR - a retirar,,kg,6.53,"6,53",R$,price,BRL,,spot,,,physical
2026-03-27,suinos,indicador-do-suino-vivo-cepea-esalq,Indicador do Suíno Vivo Cepea/Esalq,PR - a retirar,,variacao_pct,-1.36,"-1,36",%,change_pct,,pct,spot,,,physical
2026-03-27,suinos,indicador-do-suino-vivo-cepea-esalq,Indicador do Suíno Vivo Cepea/Esalq,RS - a retirar,,kg,6.63,"6,63",R$,price,BRL,,spot,,,physical
2026-03-27,suinos,indicador-do-suino-vivo-cepea-esalq,Indicador do Suíno Vivo Cepea/Esalq,RS - a retirar,,variacao_pct,-1.63,"-1,63",%,change_pct,,pct,spot,,,physical
2026-03-27,suinos,indicador-do-suino-vivo-cepea-esalq,Indicador do Suíno Vivo Cepea/Esalq,SC - a retirar,,kg,6.35,"6,35",R$,price,BRL,,spot,,,physical
2026-03-27,suinos,indicador-do-suino-vivo-cepea-esalq,Indicador do Suíno Vivo Cepea/Esalq,SC - a retirar,,variacao_pct,-1.24,"-1,24",%,change_pct,,pct,spot,,,physical
2026-03-27,suinos,indicador-do-suino-vivo-cepea-esalq,Indicador do Suíno Vivo Cepea/Esalq,SP - posto,,kg,6.92,"6,92",R$,price,BRL,,spot,,,physical
2026-03-27,suinos,indicador-do-suino-vivo-cepea-esalq,Indicador do Suíno Vivo Cepea/Esalq,SP - posto,,variacao_pct,-0.57,"-0,57",%,change_pct,,pct,spot,,,physical
2026-03-27,suinos,suino-sp,Suíno (SP),Suíno CIF (@),,valor,130.0,"130,00",R$,price,BRL,,spot,,,physical
2026-03-27,suinos,suino-sp,Suíno (SP),Suíno CIF (@),,variacao_pct,-0.76,"-0,76",%,change_pct,,pct,spot,,,physical
2026-03-27,suinos,suino-sp,Suíno (SP),Suíno Carcaça Especial (kg),,valor,10.0,"10,00",R$,price,BRL,,spot,,,physical
2026-03-27,suinos,suino-sp,Suíno (SP),Suíno Carcaça Especial (kg),,variacao_pct,-0.99,"-0,99",%,change_pct,,pct,spot,,,physical
2026-03-27,suinos,suinos-bolsas-e-associaces,Suínos - Bolsas e Associações,Mato Grosso,,preco_kg,6.3,"6,30",R$,price,BRL,,spot,,MT,physical
2026-03-27,suinos,suinos-bolsas-e-associaces,Suínos - Bolsas e Associações,Mato Grosso,,variacao_pct,0.0,"0,00",%,change_pct,,pct,spot,,MT,physical
2026-03-27,suinos,suinos-bolsas-e-associaces,Suínos - Bolsas e Associações,Minas Gerais,,preco_kg,6.8,"6,80",R$,price,BRL,,spot,,MG,physical
2026-03-27,suinos,suinos-bolsas-e-associaces,Suínos - Bolsas e Associações,Minas Gerais,,variacao_pct,0.0,"0,00",%,change_pct,,pct,spot,,MG,physical
2026-03-27,suinos,suinos-bolsas-e-associaces,Suínos - Bolsas e Associações,Paraná,,preco_kg,6.62,"6,62",R$,price,BRL,,spot,,PR,physical
2026-03-27,suinos,suinos-bolsas-e-associaces,Suínos - Bolsas e Associações,Paraná,,variacao_pct,-12.2,"-12,20",%,change_pct,,pct,spot,,PR,physical
2026-03-27,suinos,suinos-bolsas-e-associaces,Suínos - Bolsas e Associações,Rio Grande do Sul,,preco_kg,6.88,"6,88",R$,price,BRL,,spot,,RS,physical
2026-03-27,suinos,suinos-bolsas-e-associaces,Suínos - Bolsas e Associações,Rio Grande do Sul,,variacao_pct,-4.58,"-4,58",%,change_pct,,pct,spot,,RS,physical
2026-03-27,suinos,suinos-bolsas-e-associaces,Suínos - Bolsas e Associações,Santa Catarina,,preco_kg,6.77,"6,77",R$,price,BRL,,spot,,SC,physical
2026-03-27,suinos,suinos-bolsas-e-associaces,Suínos - Bolsas e Associações,Santa Catarina,,variacao_pct,0.0,"0,00",%,change_pct,,pct,spot,,SC,physical
2026-03-27,suinos,suinos-bolsas-e-associaces,Suínos - Bolsas e Associações,São Paulo,,preco_kg,6.88,"6,88",R$,price,BRL,,spot,,SP,physical
2026-03-27,suinos,suinos-bolsas-e-associaces,Suínos - Bolsas e Associações,São Paulo,,variacao_pct,0.0,"0,00",%,change_pct,,pct,spot,,SP,physical
2026-03-30,suinos,indicador-do-suino-vivo-cepea-esalq,Indicador do Suíno Vivo Cepea/Esalq,MG - posto,,kg,6.62,"6,62",R$,price,BRL,,spot,,,physical
2026-03-30,suinos,indicador-do-suino-vivo-cepea-esalq,Indicador do Suíno Vivo Cepea/Esalq,MG - posto,,variacao_pct,-1.05,"-1,05",%,change_pct,,pct,spot,,,physical
2026-03-30,suinos,indicador-do-suino-vivo-cepea-esalq,Indicador do Suíno Vivo Cepea/Esalq,PR - a retirar,,kg,6.3,"6,30",R$,price,BRL,,spot,,,physical
2026-03-30,suinos,indicador-do-suino-vivo-cepea-esalq,Indicador do Suíno Vivo Cepea/Esalq,PR - a retirar,,variacao_pct,-3.52,"-3,52",%,change_pct,,pct,spot,,,physical
2026-03-30,suinos,indicador-do-suino-vivo-cepea-esalq,Indicador do Suíno Vivo Cepea/Esalq,RS - a retirar,,kg,6.46,"6,46",R$,price,BRL,,spot,,,physical
2026-03-30,suinos,indicador-do-suino-vivo-cepea-esalq,Indicador do Suíno Vivo Cepea/Esalq,RS - a retirar,,variacao_pct,-2.56,"-2,56",%,change_pct,,pct,spot,,,physical
2026-03-30,suinos,indicador-do-suino-vivo-cepea-esalq,Indicador do Suíno Vivo Cepea/Esalq,SC - a retirar,,kg,6.33,"6,33",R$,price,BRL,,spot,,,physical
2026-03-30,suinos,indicador-do-suino-vivo-cepea-esalq,Indicador do Suíno Vivo Cepea/Esalq,SC - a retirar,,variacao_pct,-0.31,"-0,31",%,change_pct,,pct,spot,,,physical
2026-03-30,suinos,indicador-do-suino-vivo-cepea-esalq,Indicador do Suíno Vivo Cepea/Esalq,SP - posto,,kg,6.87,"6,87",R$,price,BRL,,spot,,,physical
2026-03-30,suinos,indicador-do-suino-vivo-cepea-esalq,Indicador do Suíno Vivo Cepea/Esalq,SP - posto,,variacao_pct,-0.72,"-0,72",%,change_pct,,pct,spot,,,physical
2026-03-30,suinos,suino-sp,Suíno (SP),Suíno CIF (@),,valor,127.0,"127,00",R$,price,BRL,,spot,,,physical
2026-03-30,suinos,suino-sp,Suíno (SP),Suíno CIF (@),,variacao_pct,-2.31,"-2,31",%,change_pct,,pct,spot,,,physical
2026-03-30,suinos,suino-sp,Suíno (SP),Suíno Carcaça Especial (kg),,valor,9.9,"9,90",R$,price,BRL,,spot,,,physical
2026-03-30,suinos,suino-sp,Suíno (SP),Suíno Carcaça Especial (kg),,variacao_pct,-1.0,"-1,00",%,change_pct,,pct,spot,,,physical
2026-03-30,suinos,suinos-bolsas-e-associaces,Suínos - Bolsas e Associações,Mato Grosso,,preco_kg,6.3,"6,30",R$,price,BRL,,spot,,MT,physical
2026-03-30,suinos,suinos-bolsas-e-associaces,Suínos - Bolsas e Associações,Mato Grosso,,variacao_pct,0.0,"0,00",%,change_pct,,pct,spot,,MT,physical
2026-03-30,suinos,suinos-bolsas-e-associaces,Suínos - Bolsas e Associações,Minas Gerais,,preco_kg,6.8,"6,80",R$,price,BRL,,spot,,MG,physical
2026-03-30,suinos,suinos-bolsas-e-associaces,Suínos - Bolsas e Associações,Minas Gerais,,variacao_pct,0.0,"0,00",%,change_pct,,pct,spot,,MG,physical
2026-03-30,suinos,suinos-bolsas-e-associaces,Suínos - Bolsas e Associações,Paraná,,preco_kg,6.62,"6,62",R$,price,BRL,,spot,,PR,physical
2026-03-30,suinos,suinos-bolsas-e-associaces,Suínos - Bolsas e Associações,Paraná,,variacao_pct,0.0,"0,00",%,change_pct,,pct,spot,,PR,physical
2026-03-30,suinos,suinos-bolsas-e-associaces,Suínos - Bolsas e Associações,Rio Grande do Sul,,preco_kg,6.88,"6,88",R$,price,BRL,,spot,,RS,physical
2026-03-30,suinos,suinos-bolsas-e-associaces,Suínos - Bolsas e Associações,Rio Grande do Sul,,variacao_pct,0.0,"0,00",%,change_pct,,pct,spot,,RS,physical
2026-03-30,suinos,suinos-bolsas-e-associaces,Suínos - Bolsas e Associações,Santa Catarina,,preco_kg,6.77,"6,77",R$,price,BRL,,spot,,SC,physical
2026-03-30,suinos,suinos-bolsas-e-associaces,Suínos - Bolsas e Associações,Santa Catarina,,variacao_pct,0.0,"0,00",%,change_pct,,pct,spot,,SC,physical
2026-03-30,suinos,suinos-bolsas-e-associaces,Suínos - Bolsas e Associações,São Paulo,,preco_kg,6.88,"6,88",R$,price,BRL,,spot,,SP,physical
2026-03-30,suinos,suinos-bolsas-e-associaces,Suínos - Bolsas e Associações,São Paulo,,variacao_pct,0.0,"0,00",%,change_pct,,pct,spot,,SP,physical
2026-03-31,suinos,indicador-do-suino-vivo-cepea-esalq,Indicador do Suíno Vivo Cepea/Esalq,MG - posto,,kg,6.57,"6,57",R$,price,BRL,,spot,,,physical
2026-03-31,suinos,indicador-do-suino-vivo-cepea-esalq,Indicador do Suíno Vivo Cepea/Esalq,MG - posto,,variacao_pct,-0.76,"-0,76",%,change_pct,,pct,spot,,,physical
2026-03-31,suinos,indicador-do-suino-vivo-cepea-esalq,Indicador do Suíno Vivo Cepea/Esalq,PR - a retirar,,kg,6.15,"6,15",R$,price,BRL,,spot,,,physical
2026-03-31,suinos,indicador-do-suino-vivo-cepea-esalq,Indicador do Suíno Vivo Cepea/Esalq,PR - a retirar,,variacao_pct,-2.38,"-2,38",%,change_pct,,pct,spot,,,physical
2026-03-31,suinos,indicador-do-suino-vivo-cepea-esalq,Indicador do Suíno Vivo Cepea/Esalq,RS - a retirar,,kg,6.29,"6,29",R$,price,BRL,,spot,,,physical
2026-03-31,suinos,indicador-do-suino-vivo-cepea-esalq,Indicador do Suíno Vivo Cepea/Esalq,RS - a retirar,,variacao_pct,-2.63,"-2,63",%,change_pct,,pct,spot,,,physical
2026-03-31,suinos,indicador-do-suino-vivo-cepea-esalq,Indicador do Suíno Vivo Cepea/Esalq,SC - a retirar,,kg,6.16,"6,16",R$,price,BRL,,spot,,,physical
2026-03-31,suinos,indicador-do-suino-vivo-cepea-esalq,Indicador do Suíno Vivo Cepea/Esalq,SC - a retirar,,variacao_pct,-2.69,"-2,69",%,change_pct,,pct,spot,,,physical
2026-03-31,suinos,indicador-do-suino-vivo-cepea-esalq,Indicador do Suíno Vivo Cepea/Esalq,SP - posto,,kg,6.61,"6,61",R$,price,BRL,,spot,,,physical
2026-03-31,suinos,indicador-do-suino-vivo-cepea-esalq,Indicador do Suíno Vivo Cepea/Esalq,SP - posto,,variacao_pct,-3.78,"-3,78",%,change_pct,,pct,spot,,,physical
2026-03-31,suinos,suino-sp,Suíno (SP),Suíno CIF (@),,valor,124.0,"124,00",R$,price,BRL,,spot,,,physical
2026-03-31,suinos,suino-sp,Suíno (SP),Suíno CIF (@),,variacao_pct,-2.36,"-2,36",%,change_pct,,pct,spot,,,physical
2026-03-31,suinos,suino-sp,Suíno (SP),Suíno Carcaça Especial (kg),,valor,9.9,"9,90",R$,price,BRL,,spot,,,physical
2026-03-31,suinos,suino-sp,Suíno (SP),Suíno Carcaça Especial (kg),,variacao_pct,0.0,"0,00",%,change_pct,,pct,spot,,,physical
2026-03-31,suinos,suinos-bolsas-e-associaces,Suínos - Bolsas e Associações,Mato Grosso,,preco_kg,6.3,"6,30",R$,price,BRL,,spot,,MT,physical
2026-03-31,suinos,suinos-bolsas-e-associaces,Suínos - Bolsas e Associações,Mato Grosso,,variacao_pct,0.0,"0,00",%,change_pct,,pct,spot,,MT,physical
2026-03-31,suinos,suinos-bolsas-e-associaces,Suínos - Bolsas e Associações,Minas Gerais,,preco_kg,6.8,"6,80",R$,price,BRL,,spot,,MG,physical
2026-03-31,suinos,suinos-bolsas-e-associaces,Suínos - Bolsas e Associações,Minas Gerais,,variacao_pct,0.0,"0,00",%,change_pct,,pct,spot,,MG,physical
2026-03-31,suinos,suinos-bolsas-e-associaces,Suínos - Bolsas e Associações,Paraná,,preco_kg,6.62,"6,62",R$,price,BRL,,spot,,PR,physical
2026-03-31,suinos,suinos-bolsas-e-associaces,Suínos - Bolsas e Associações,Paraná,,variacao_pct,0.0,"0,00",%,change_pct,,pct,spot,,PR,physical
2026-03-31,suinos,suinos-bolsas-e-associaces,Suínos - Bolsas e Associações,Rio Grande do Sul,,preco_kg,6.88,"6,88",R$,price,BRL,,spot,,RS,physical
2026-03-31,suinos,suinos-bolsas-e-associaces,Suínos - Bolsas e Associações,Rio Grande do Sul,,variacao_pct,0.0,"0,00",%,change_pct,,pct,spot,,RS,physical
2026-03-31,suinos,suinos-bolsas-e-associaces,Suínos - Bolsas e Associações,Santa Catarina,,preco_kg,6.77,"6,77",R$,price,BRL,,spot,,SC,physical
2026-03-31,suinos,suinos-bolsas-e-associaces,Suínos - Bolsas e Associações,Santa Catarina,,variacao_pct,0.0,"0,00",%,change_pct,,pct,spot,,SC,physical
2026-03-31,suinos,suinos-bolsas-e-associaces,Suínos - Bolsas e Associações,São Paulo,,preco_kg,6.88,"6,88",R$,price,BRL,,spot,,SP,physical
2026-03-31,suinos,suinos-bolsas-e-associaces,Suínos - Bolsas e Associações,São Paulo,,variacao_pct,0.0,"0,00",%,change_pct,,pct,spot,,SP,physical
2026-04-01,suinos,indicador-do-suino-vivo-cepea-esalq,Indicador do Suíno Vivo Cepea/Esalq,MG - posto,,kg,6.54,"6,54",R$,price,BRL,,spot,,,physical
2026-04-01,suinos,indicador-do-suino-vivo-cepea-esalq,Indicador do Suíno Vivo Cepea/Esalq,MG - posto,,variacao_pct,-0.46,"-0,46",%,change_pct,,pct,spot,,,physical
2026-04-01,suinos,indicador-do-suino-vivo-cepea-esalq,Indicador do Suíno Vivo Cepea/Esalq,PR - a retirar,,kg,6.1,"6,10",R$,price,BRL,,spot,,,physical
2026-04-01,suinos,indicador-do-suino-vivo-cepea-esalq,Indicador do Suíno Vivo Cepea/Esalq,PR - a retirar,,variacao_pct,-0.81,"-0,81",%,change_pct,,pct,spot,,,physical
2026-04-01,suinos,indicador-do-suino-vivo-cepea-esalq,Indicador do Suíno Vivo Cepea/Esalq,RS - a retirar,,kg,6.07,"6,07",R$,price,BRL,,spot,,,physical
2026-04-01,suinos,indicador-do-suino-vivo-cepea-esalq,Indicador do Suíno Vivo Cepea/Esalq,RS - a retirar,,variacao_pct,-3.5,"-3,50",%,change_pct,,pct,spot,,,physical
2026-04-01,suinos,indicador-do-suino-vivo-cepea-esalq,Indicador do Suíno Vivo Cepea/Esalq,SC - a retirar,,kg,6.04,"6,04",R$,price,BRL,,spot,,,physical
2026-04-01,suinos,indicador-do-suino-vivo-cepea-esalq,Indicador do Suíno Vivo Cepea/Esalq,SC - a retirar,,variacao_pct,-1.95,"-1,95",%,change_pct,,pct,spot,,,physical
2026-04-01,suinos,indicador-do-suino-vivo-cepea-esalq,Indicador do Suíno Vivo Cepea/Esalq,SP - posto,,kg,6.61,"6,61",R$,price,BRL,,spot,,,physical
2026-04-01,suinos,indicador-do-suino-vivo-cepea-esalq,Indicador do Suíno Vivo Cepea/Esalq,SP - posto,,variacao_pct,0.0,"0,00",%,change_pct,,pct,spot,,,physical
2026-04-01,suinos,suino-sp,Suíno (SP),Suíno CIF (@),,valor,124.0,"124,00",R$,price,BRL,,spot,,,physical
2026-04-01,suinos,suino-sp,Suíno (SP),Suíno CIF (@),,variacao_pct,0.0,"0,00",%,change_pct,,pct,spot,,,physical
2026-04-01,suinos,suino-sp,Suíno (SP),Suíno Carcaça Especial (kg),,valor,9.8,"9,80",R$,price,BRL,,spot,,,physical
2026-04-01,suinos,suino-sp,Suíno (SP),Suíno Carcaça Especial (kg),,variacao_pct,-1.01,"-1,01",%,change_pct,,pct,spot,,,physical
2026-04-01,suinos,suinos-bolsas-e-associaces,Suínos - Bolsas e Associações,Mato Grosso,,preco_kg,6.3,"6,30",R$,price,BRL,,spot,,MT,physical
2026-04-01,suinos,suinos-bolsas-e-associaces,Suínos - Bolsas e Associações,Mato Grosso,,variacao_pct,0.0,"0,00",%,change_pct,,pct,spot,,MT,physical
2026-04-01,suinos,suinos-bolsas-e-associaces,Suínos - Bolsas e Associações,Minas Gerais,,preco_kg,6.8,"6,80",R$,price,BRL,,spot,,MG,physical
2026-04-01,suinos,suinos-bolsas-e-associaces,Suínos - Bolsas e Associações,Minas Gerais,,variacao_pct,0.0,"0,00",%,change_pct,,pct,spot,,MG,physical
2026-04-01,suinos,suinos-bolsas-e-associaces,Suínos - Bolsas e Associações,Paraná,,preco_kg,6.62,"6,62",R$,price,BRL,,spot,,PR,physical
2026-04-01,suinos,suinos-bolsas-e-associaces,Suínos - Bolsas e Associações,Paraná,,variacao_pct,0.0,"0,00",%,change_pct,,pct,spot,,PR,physical
2026-04-01,suinos,suinos-bolsas-e-associaces,Suínos - Bolsas e Associações,Rio Grande do Sul,,preco_kg,6.88,"6,88",R$,price,BRL,,spot,,RS,physical
2026-04-01,suinos,suinos-bolsas-e-associaces,Suínos - Bolsas e Associações,Rio Grande do Sul,,variacao_pct,0.0,"0,00",%,change_pct,,pct,spot,,RS,physical
2026-04-01,suinos,suinos-bolsas-e-associaces,Suínos - Bolsas e Associações,Santa Catarina,,preco_kg,6.77,"6,77",R$,price,BRL,,spot,,SC,physical
2026-04-01,suinos,suinos-bolsas-e-associaces,Suínos - Bolsas e Associações,Santa Catarina,,variacao_pct,0.0,"0,00",%,change_pct,,pct,spot,,SC,physical
2026-04-01,suinos,suinos-bolsas-e-associaces,Suínos - Bolsas e Associações,São Paulo,,preco_kg,6.88,"6,88",R$,price,BRL,,spot,,SP,physical
2026-04-01,suinos,suinos-bolsas-e-associaces,Suínos - Bolsas e Associações,São Paulo,,variacao_pct,0.0,"0,00",%,change_pct,,pct,spot,,SP,physical
2026-04-02,suinos,suino-sp,Suíno (SP),Suíno CIF (@),,valor,124.0,"124,00",R$,price,BRL,,spot,,,physical
2026-04-02,suinos,suino-sp,Suíno (SP),Suíno CIF (@),,variacao_pct,0.0,"0,00",%,change_pct,,pct,spot,,,physical
2026-04-02,suinos,suino-sp,Suíno (SP),Suíno Carcaça Especial (kg),,valor,9.8,"9,80",R$,price,BRL,,spot,,,physical
2026-04-02,suinos,suino-sp,Suíno (SP),Suíno Carcaça Especial (kg),,variacao_pct,0.0,"0,00",%,change_pct,,pct,spot,,,physical
2026-04-02,suinos,suinos-bolsas-e-associaces,Suínos - Bolsas e Associações,Mato Grosso,,preco_kg,6.2,"6,20",R$,price,BRL,,spot,,MT,physical
2026-04-02,suinos,suinos-bolsas-e-associaces,Suínos - Bolsas e Associações,Mato Grosso,,variacao_pct,-1.59,"-1,59",%,change_pct,,pct,spot,,MT,physical
2026-04-02,suinos,suinos-bolsas-e-associaces,Suínos - Bolsas e Associações,Minas Gerais,,preco_kg,6.8,"6,80",R$,price,BRL,,spot,,MG,physical
2026-04-02,suinos,suinos-bolsas-e-associaces,Suínos - Bolsas e Associações,Minas Gerais,,variacao_pct,0.0,"0,00",%,change_pct,,pct,spot,,MG,physical
2026-04-02,suinos,suinos-bolsas-e-associaces,Suínos - Bolsas e Associações,Paraná,,preco_kg,6.62,"6,62",R$,price,BRL,,spot,,PR,physical
2026-04-02,suinos,suinos-bolsas-e-associaces,Suínos - Bolsas e Associações,Paraná,,variacao_pct,0.0,"0,00",%,change_pct,,pct,spot,,PR,physical
2026-04-02,suinos,suinos-bolsas-e-associaces,Suínos - Bolsas e Associações,Rio Grande do Sul,,preco_kg,6.5,"6,50",R$,price,BRL,,spot,,RS,physical
2026-04-02,suinos,suinos-bolsas-e-associaces,Suínos - Bolsas e Associações,Rio Grande do Sul,,variacao_pct,-5.52,"-5,52",%,change_pct,,pct,spot,,RS,physical
2026-04-02,suinos,suinos-bolsas-e-associaces,Suínos - Bolsas e Associações,Santa Catarina,,preco_kg,6.77,"6,77",R$,price,BRL,,spot,,SC,physical
2026-04-02,suinos,suinos-bolsas-e-associaces,Suínos - Bolsas e Associações,Santa Catarina,,variacao_pct,0.0,"0,00",%,change_pct,,pct,spot,,SC,physical
2026-04-02,suinos,suinos-bolsas-e-associaces,Suínos - Bolsas e Associações,São Paulo,,preco_kg,6.51,"6,51",R$,price,BRL,,spot,,SP,physical
2026-04-02,suinos,suinos-bolsas-e-associaces,Suínos - Bolsas e Associações,São Paulo,,variacao_pct,-5.38,"-5,38",%,change_pct,,pct,spot,,SP,physical
2026-04-06,suinos,indicador-do-suino-vivo-cepea-esalq,Indicador do Suíno Vivo Cepea/Esalq,"5,99",,kg,-0.5,"-0,50",R$,price,BRL,,spot,,,physical
2026-04-06,suinos,indicador-do-suino-vivo-cepea-esalq,Indicador do Suíno Vivo Cepea/Esalq,"5,99",,variacao_pct,-0.81,"-0,81",%,change_pct,,pct,spot,,,physical
2026-04-06,suinos,indicador-do-suino-vivo-cepea-esalq,Indicador do Suíno Vivo Cepea/Esalq,MG - posto,,kg,6.55,"6,55",R$,price,BRL,,spot,,,physical
2026-04-06,suinos,indicador-do-suino-vivo-cepea-esalq,Indicador do Suíno Vivo Cepea/Esalq,MG - posto,,variacao_pct,-0.15,"-0,15",%,change_pct,,pct,spot,,,physical
2026-04-06,suinos,indicador-do-suino-vivo-cepea-esalq,Indicador do Suíno Vivo Cepea/Esalq,RS - a retirar,,kg,6.06,"6,06",R$,price,BRL,,spot,,,physical
2026-04-06,suinos,indicador-do-suino-vivo-cepea-esalq,Indicador do Suíno Vivo Cepea/Esalq,RS - a retirar,,variacao_pct,-0.16,"-0,16",%,change_pct,,pct,spot,,,physical
2026-04-06,suinos,indicador-do-suino-vivo-cepea-esalq,Indicador do Suíno Vivo Cepea/Esalq,SC - a retirar,,kg,5.96,"5,96",R$,price,BRL,,spot,,,physical
2026-04-06,suinos,indicador-do-suino-vivo-cepea-esalq,Indicador do Suíno Vivo Cepea/Esalq,SC - a retirar,,variacao_pct,-1.49,"-1,49",%,change_pct,,pct,spot,,,physical
2026-04-06,suinos,indicador-do-suino-vivo-cepea-esalq,Indicador do Suíno Vivo Cepea/Esalq,SP - posto,,kg,6.48,"6,48",R$,price,BRL,,spot,,,physical
2026-04-06,suinos,indicador-do-suino-vivo-cepea-esalq,Indicador do Suíno Vivo Cepea/Esalq,SP - posto,,variacao_pct,-0.61,"-0,61",%,change_pct,,pct,spot,,,physical
2026-04-06,suinos,suino-sp,Suíno (SP),Suíno CIF (@),,valor,120.0,"120,00",R$,price,BRL,,spot,,,physical
2026-04-06,suinos,suino-sp,Suíno (SP),Suíno CIF (@),,variacao_pct,-3.23,"-3,23",%,change_pct,,pct,spot,,,physical
2026-04-06,suinos,suino-sp,Suíno (SP),Suíno Carcaça Especial (kg),,valor,9.8,"9,80",R$,price,BRL,,spot,,,physical
2026-04-06,suinos,suino-sp,Suíno (SP),Suíno Carcaça Especial (kg),,variacao_pct,0.0,"0,00",%,change_pct,,pct,spot,,,physical
2026-04-06,suinos,suinos-bolsas-e-associaces,Suínos - Bolsas e Associações,Mato Grosso,,preco_kg,6.2,"6,20",R$,price,BRL,,spot,,MT,physical
2026-04-06,suinos,suinos-bolsas-e-associaces,Suínos - Bolsas e Associações,Mato Grosso,,variacao_pct,0.0,"0,00",%,change_pct,,pct,spot,,MT,physical
2026-04-06,suinos,suinos-bolsas-e-associaces,Suínos - Bolsas e Associações,Minas Gerais,,preco_kg,6.8,"6,80",R$,price,BRL,,spot,,MG,physical
2026-04-06,suinos,suinos-bolsas-e-associaces,Suínos - Bolsas e Associações,Minas Gerais,,variacao_pct,0.0,"0,00",%,change_pct,,pct,spot,,MG,physical
2026-04-06,suinos,suinos-bolsas-e-associaces,Suínos - Bolsas e Associações,Paraná,,preco_kg,6.62,"6,62",R$,price,BRL,,spot,,PR,physical
2026-04-06,suinos,suinos-bolsas-e-associaces,Suínos - Bolsas e Associações,Paraná,,variacao_pct,0.0,"0,00",%,change_pct,,pct,spot,,PR,physical
2026-04-06,suinos,suinos-bolsas-e-associaces,Suínos - Bolsas e Associações,Rio Grande do Sul,,preco_kg,6.5,"6,50",R$,price,BRL,,spot,,RS,physical
2026-04-06,suinos,suinos-bolsas-e-associaces,Suínos - Bolsas e Associações,Rio Grande do Sul,,variacao_pct,0.0,"0,00",%,change_pct,,pct,spot,,RS,physical
2026-04-06,suinos,suinos-bolsas-e-associaces,Suínos - Bolsas e Associações,Santa Catarina,,preco_kg,6.77,"6,77",R$,price,BRL,,spot,,SC,physical
2026-04-06,suinos,suinos-bolsas-e-associaces,Suínos - Bolsas e Associações,Santa Catarina,,variacao_pct,0.0,"0,00",%,change_pct,,pct,spot,,SC,physical
2026-04-06,suinos,suinos-bolsas-e-associaces,Suínos - Bolsas e Associações,São Paulo,,preco_kg,6.51,"6,51",R$,price,BRL,,spot,,SP,physical
2026-04-06,suinos,suinos-bolsas-e-associaces,Suínos - Bolsas e Associações,São Paulo,,variacao_pct,0.0,"0,00",%,change_pct,,pct,spot,,SP,physical
2026-04-07,suinos,indicador-do-suino-vivo-cepea-esalq,Indicador do Suíno Vivo Cepea/Esalq,MG - posto,,kg,6.53,"6,53",R$,price,BRL,,spot,,,physical
2026-04-07,suinos,indicador-do-suino-vivo-cepea-esalq,Indicador do Suíno Vivo Cepea/Esalq,MG - posto,,variacao_pct,-0.31,"-0,31",%,change_pct,,pct,spot,,,physical
2026-04-07,suinos,indicador-do-suino-vivo-cepea-esalq,Indicador do Suíno Vivo Cepea/Esalq,PR - a retirar,,kg,5.86,"5,86",R$,price,BRL,,spot,,,physical
2026-04-07,suinos,indicador-do-suino-vivo-cepea-esalq,Indicador do Suíno Vivo Cepea/Esalq,PR - a retirar,,variacao_pct,-2.17,"-2,17",%,change_pct,,pct,spot,,,physical
2026-04-07,suinos,indicador-do-suino-vivo-cepea-esalq,Indicador do Suíno Vivo Cepea/Esalq,RS - a retirar,,kg,6.01,"6,01",R$,price,BRL,,spot,,,physical
2026-04-07,suinos,indicador-do-suino-vivo-cepea-esalq,Indicador do Suíno Vivo Cepea/Esalq,RS - a retirar,,variacao_pct,-0.83,"-0,83",%,change_pct,,pct,spot,,,physical
2026-04-07,suinos,indicador-do-suino-vivo-cepea-esalq,Indicador do Suíno Vivo Cepea/Esalq,SC - a retirar,,kg,5.82,"5,82",R$,price,BRL,,spot,,,physical
2026-04-07,suinos,indicador-do-suino-vivo-cepea-esalq,Indicador do Suíno Vivo Cepea/Esalq,SC - a retirar,,variacao_pct,-2.35,"-2,35",%,change_pct,,pct,spot,,,physical
2026-04-07,suinos,indicador-do-suino-vivo-cepea-esalq,Indicador do Suíno Vivo Cepea/Esalq,SP - posto,,kg,6.43,"6,43",R$,price,BRL,,spot,,,physical
2026-04-07,suinos,indicador-do-suino-vivo-cepea-esalq,Indicador do Suíno Vivo Cepea/Esalq,SP - posto,,variacao_pct,-0.77,"-0,77",%,change_pct,,pct,spot,,,physical
2026-04-07,suinos,suino-sp,Suíno (SP),Suíno CIF (@),,valor,118.0,"118,00",R$,price,BRL,,spot,,,physical
2026-04-07,suinos,suino-sp,Suíno (SP),Suíno CIF (@),,variacao_pct,-1.67,"-1,67",%,change_pct,,pct,spot,,,physical
2026-04-07,suinos,suino-sp,Suíno (SP),Suíno Carcaça Especial (kg),,valor,9.6,"9,60",R$,price,BRL,,spot,,,physical
2026-04-07,suinos,suino-sp,Suíno (SP),Suíno Carcaça Especial (kg),,variacao_pct,-2.04,"-2,04",%,change_pct,,pct,spot,,,physical
2026-04-07,suinos,suinos-bolsas-e-associaces,Suínos - Bolsas e Associações,Mato Grosso,,preco_kg,6.2,"6,20",R$,price,BRL,,spot,,MT,physical
2026-04-07,suinos,suinos-bolsas-e-associaces,Suínos - Bolsas e Associações,Mato Grosso,,variacao_pct,0.0,"0,00",%,change_pct,,pct,spot,,MT,physical
2026-04-07,suinos,suinos-bolsas-e-associaces,Suínos - Bolsas e Associações,Minas Gerais,,preco_kg,6.8,"6,80",R$,price,BRL,,spot,,MG,physical
2026-04-07,suinos,suinos-bolsas-e-associaces,Suínos - Bolsas e Associações,Minas Gerais,,variacao_pct,0.0,"0,00",%,change_pct,,pct,spot,,MG,physical
2026-04-07,suinos,suinos-bolsas-e-associaces,Suínos - Bolsas e Associações,Paraná,,preco_kg,6.62,"6,62",R$,price,BRL,,spot,,PR,physical
2026-04-07,suinos,suinos-bolsas-e-associaces,Suínos - Bolsas e Associações,Paraná,,variacao_pct,0.0,"0,00",%,change_pct,,pct,spot,,PR,physical
2026-04-07,suinos,suinos-bolsas-e-associaces,Suínos - Bolsas e Associações,Rio Grande do Sul,,preco_kg,6.5,"6,50",R$,price,BRL,,spot,,RS,physical
2026-04-07,suinos,suinos-bolsas-e-associaces,Suínos - Bolsas e Associações,Rio Grande do Sul,,variacao_pct,0.0,"0,00",%,change_pct,,pct,spot,,RS,physical
2026-04-07,suinos,suinos-bolsas-e-associaces,Suínos - Bolsas e Associações,Santa Catarina,,preco_kg,6.77,"6,77",R$,price,BRL,,spot,,SC,physical
2026-04-07,suinos,suinos-bolsas-e-associaces,Suínos - Bolsas e Associações,Santa Catarina,,variacao_pct,0.0,"0,00",%,change_pct,,pct,spot,,SC,physical
2026-04-07,suinos,suinos-bolsas-e-associaces,Suínos - Bolsas e Associações,São Paulo,,preco_kg,6.51,"6,51",R$,price,BRL,,spot,,SP,physical
2026-04-07,suinos,suinos-bolsas-e-associaces,Suínos - Bolsas e Associações,São Paulo,,variacao_pct,0.0,"0,00",%,change_pct,,pct,spot,,SP,physical
2026-04-08,suinos,indicador-do-suino-vivo-cepea-esalq,Indicador do Suíno Vivo Cepea/Esalq,MG - posto,,kg,6.55,"6,55",R$,price,BRL,,spot,,,physical
2026-04-08,suinos,indicador-do-suino-vivo-cepea-esalq,Indicador do Suíno Vivo Cepea/Esalq,MG - posto,,variacao_pct,0.31,"+0,31",%,change_pct,,pct,spot,,,physical
2026-04-08,suinos,indicador-do-suino-vivo-cepea-esalq,Indicador do Suíno Vivo Cepea/Esalq,PR - a retirar,,kg,5.83,"5,83",R$,price,BRL,,spot,,,physical
2026-04-08,suinos,indicador-do-suino-vivo-cepea-esalq,Indicador do Suíno Vivo Cepea/Esalq,PR - a retirar,,variacao_pct,-0.51,"-0,51",%,change_pct,,pct,spot,,,physical
2026-04-08,suinos,indicador-do-suino-vivo-cepea-esalq,Indicador do Suíno Vivo Cepea/Esalq,RS - a retirar,,kg,5.97,"5,97",R$,price,BRL,,spot,,,physical
2026-04-08,suinos,indicador-do-suino-vivo-cepea-esalq,Indicador do Suíno Vivo Cepea/Esalq,RS - a retirar,,variacao_pct,-0.67,"-0,67",%,change_pct,,pct,spot,,,physical
2026-04-08,suinos,indicador-do-suino-vivo-cepea-esalq,Indicador do Suíno Vivo Cepea/Esalq,SC - a retirar,,kg,5.79,"5,79",R$,price,BRL,,spot,,,physical
2026-04-08,suinos,indicador-do-suino-vivo-cepea-esalq,Indicador do Suíno Vivo Cepea/Esalq,SC - a retirar,,variacao_pct,-0.52,"-0,52",%,change_pct,,pct,spot,,,physical
2026-04-08,suinos,indicador-do-suino-vivo-cepea-esalq,Indicador do Suíno Vivo Cepea/Esalq,SP - posto,,kg,6.42,"6,42",R$,price,BRL,,spot,,,physical
2026-04-08,suinos,indicador-do-suino-vivo-cepea-esalq,Indicador do Suíno Vivo Cepea/Esalq,SP - posto,,variacao_pct,-0.16,"-0,16",%,change_pct,,pct,spot,,,physical
2026-04-08,suinos,suino-sp,Suíno (SP),Suíno CIF (@),,valor,118.0,"118,00",R$,price,BRL,,spot,,,physical
2026-04-08,suinos,suino-sp,Suíno (SP),Suíno CIF (@),,variacao_pct,0.0,"0,00",%,change_pct,,pct,spot,,,physical
2026-04-08,suinos,suino-sp,Suíno (SP),Suíno Carcaça Especial (kg),,valor,9.6,"9,60",R$,price,BRL,,spot,,,physical
2026-04-08,suinos,suino-sp,Suíno (SP),Suíno Carcaça Especial (kg),,variacao_pct,0.0,"0,00",%,change_pct,,pct,spot,,,physical
2026-04-08,suinos,suinos-bolsas-e-associaces,Suínos - Bolsas e Associações,Mato Grosso,,preco_kg,6.2,"6,20",R$,price,BRL,,spot,,MT,physical
2026-04-08,suinos,suinos-bolsas-e-associaces,Suínos - Bolsas e Associações,Mato Grosso,,variacao_pct,0.0,"0,00",%,change_pct,,pct,spot,,MT,physical
2026-04-08,suinos,suinos-bolsas-e-associaces,Suínos - Bolsas e Associações,Minas Gerais,,preco_kg,6.8,"6,80",R$,price,BRL,,spot,,MG,physical
2026-04-08,suinos,suinos-bolsas-e-associaces,Suínos - Bolsas e Associações,Minas Gerais,,variacao_pct,0.0,"0,00",%,change_pct,,pct,spot,,MG,physical
2026-04-08,suinos,suinos-bolsas-e-associaces,Suínos - Bolsas e Associações,Paraná,,preco_kg,6.62,"6,62",R$,price,BRL,,spot,,PR,physical
2026-04-08,suinos,suinos-bolsas-e-associaces,Suínos - Bolsas e Associações,Paraná,,variacao_pct,0.0,"0,00",%,change_pct,,pct,spot,,PR,physical
2026-04-08,suinos,suinos-bolsas-e-associaces,Suínos - Bolsas e Associações,Rio Grande do Sul,,preco_kg,6.5,"6,50",R$,price,BRL,,spot,,RS,physical
2026-04-08,suinos,suinos-bolsas-e-associaces,Suínos - Bolsas e Associações,Rio Grande do Sul,,variacao_pct,0.0,"0,00",%,change_pct,,pct,spot,,RS,physical
2026-04-08,suinos,suinos-bolsas-e-associaces,Suínos - Bolsas e Associações,Santa Catarina,,preco_kg,6.77,"6,77",R$,price,BRL,,spot,,SC,physical
2026-04-08,suinos,suinos-bolsas-e-associaces,Suínos - Bolsas e Associações,Santa Catarina,,variacao_pct,0.0,"0,00",%,change_pct,,pct,spot,,SC,physical
2026-04-08,suinos,suinos-bolsas-e-associaces,Suínos - Bolsas e Associações,São Paulo,,preco_kg,6.51,"6,51",R$,price,BRL,,spot,,SP,physical
2026-04-08,suinos,suinos-bolsas-e-associaces,Suínos - Bolsas e Associações,São Paulo,,variacao_pct,0.0,"0,00",%,change_pct,,pct,spot,,SP,physical
2026-04-09,suinos,indicador-do-suino-vivo-cepea-esalq,Indicador do Suíno Vivo Cepea/Esalq,MG - posto,,kg,6.32,"6,32",R$,price,BRL,,spot,,,physical
2026-04-09,suinos,indicador-do-suino-vivo-cepea-esalq,Indicador do Suíno Vivo Cepea/Esalq,MG - posto,,variacao_pct,-3.51,"-3,51",%,change_pct,,pct,spot,,,physical
2026-04-09,suinos,indicador-do-suino-vivo-cepea-esalq,Indicador do Suíno Vivo Cepea/Esalq,PR - a retirar,,kg,5.69,"5,69",R$,price,BRL,,spot,,,physical
2026-04-09,suinos,indicador-do-suino-vivo-cepea-esalq,Indicador do Suíno Vivo Cepea/Esalq,PR - a retirar,,variacao_pct,-2.4,"-2,40",%,change_pct,,pct,spot,,,physical
2026-04-09,suinos,indicador-do-suino-vivo-cepea-esalq,Indicador do Suíno Vivo Cepea/Esalq,RS - a retirar,,kg,5.87,"5,87",R$,price,BRL,,spot,,,physical
2026-04-09,suinos,indicador-do-suino-vivo-cepea-esalq,Indicador do Suíno Vivo Cepea/Esalq,RS - a retirar,,variacao_pct,-1.68,"-1,68",%,change_pct,,pct,spot,,,physical
2026-04-09,suinos,indicador-do-suino-vivo-cepea-esalq,Indicador do Suíno Vivo Cepea/Esalq,SC - a retirar,,kg,5.77,"5,77",R$,price,BRL,,spot,,,physical
2026-04-09,suinos,indicador-do-suino-vivo-cepea-esalq,Indicador do Suíno Vivo Cepea/Esalq,SC - a retirar,,variacao_pct,-0.35,"-0,35",%,change_pct,,pct,spot,,,physical
2026-04-09,suinos,indicador-do-suino-vivo-cepea-esalq,Indicador do Suíno Vivo Cepea/Esalq,SP - posto,,kg,6.32,"6,32",R$,price,BRL,,spot,,,physical
2026-04-09,suinos,indicador-do-suino-vivo-cepea-esalq,Indicador do Suíno Vivo Cepea/Esalq,SP - posto,,variacao_pct,-1.56,"-1,56",%,change_pct,,pct,spot,,,physical
2026-04-09,suinos,suino-sp,Suíno (SP),Suíno CIF (@),,valor,118.0,"118,00",R$,price,BRL,,spot,,,physical
2026-04-09,suinos,suino-sp,Suíno (SP),Suíno CIF (@),,variacao_pct,0.0,"0,00",%,change_pct,,pct,spot,,,physical
2026-04-09,suinos,suino-sp,Suíno (SP),Suíno Carcaça Especial (kg),,valor,9.6,"9,60",R$,price,BRL,,spot,,,physical
2026-04-09,suinos,suino-sp,Suíno (SP),Suíno Carcaça Especial (kg),,variacao_pct,0.0,"0,00",%,change_pct,,pct,spot,,,physical
2026-04-09,suinos,suinos-bolsas-e-associaces,Suínos - Bolsas e Associações,Mato Grosso,,preco_kg,5.9,"5,90",R$,price,BRL,,spot,,MT,physical
2026-04-09,suinos,suinos-bolsas-e-associaces,Suínos - Bolsas e Associações,Mato Grosso,,variacao_pct,-4.84,"-4,84",%,change_pct,,pct,spot,,MT,physical
2026-04-09,suinos,suinos-bolsas-e-associaces,Suínos - Bolsas e Associações,Minas Gerais,,preco_kg,5.7,"5,70",R$,price,BRL,,spot,,MG,physical
2026-04-09,suinos,suinos-bolsas-e-associaces,Suínos - Bolsas e Associações,Minas Gerais,,variacao_pct,-16.18,"-16,18",%,change_pct,,pct,spot,,MG,physical
2026-04-09,suinos,suinos-bolsas-e-associaces,Suínos - Bolsas e Associações,Paraná,,preco_kg,6.62,"6,62",R$,price,BRL,,spot,,PR,physical
2026-04-09,suinos,suinos-bolsas-e-associaces,Suínos - Bolsas e Associações,Paraná,,variacao_pct,0.0,"0,00",%,change_pct,,pct,spot,,PR,physical
2026-04-09,suinos,suinos-bolsas-e-associaces,Suínos - Bolsas e Associações,Rio Grande do Sul,,preco_kg,6.5,"6,50",R$,price,BRL,,spot,,RS,physical
2026-04-09,suinos,suinos-bolsas-e-associaces,Suínos - Bolsas e Associações,Rio Grande do Sul,,variacao_pct,0.0,"0,00",%,change_pct,,pct,spot,,RS,physical
2026-04-09,suinos,suinos-bolsas-e-associaces,Suínos - Bolsas e Associações,Santa Catarina,,preco_kg,5.95,"5,95",R$,price,BRL,,spot,,SC,physical
2026-04-09,suinos,suinos-bolsas-e-associaces,Suínos - Bolsas e Associações,Santa Catarina,,variacao_pct,-12.11,"-12,11",%,change_pct,,pct,spot,,SC,physical
2026-04-09,suinos,suinos-bolsas-e-associaces,Suínos - Bolsas e Associações,São Paulo,,preco_kg,6.51,"6,51",R$,price,BRL,,spot,,SP,physical
2026-04-09,suinos,suinos-bolsas-e-associaces,Suínos - Bolsas e Associações,São Paulo,,variacao_pct,0.0,"0,00",%,change_pct,,pct,spot,,SP,physical
2026-04-10,suinos,indicador-do-suino-vivo-cepea-esalq,Indicador do Suíno Vivo Cepea/Esalq,MG - posto,,kg,6.05,"6,05",R$,price,BRL,,spot,,,physical
2026-04-10,suinos,indicador-do-suino-vivo-cepea-esalq,Indicador do Suíno Vivo Cepea/Esalq,MG - posto,,variacao_pct,-4.27,"-4,27",%,change_pct,,pct,spot,,,physical
2026-04-10,suinos,indicador-do-suino-vivo-cepea-esalq,Indicador do Suíno Vivo Cepea/Esalq,PR - a retirar,,kg,5.67,"5,67",R$,price,BRL,,spot,,,physical
2026-04-10,suinos,indicador-do-suino-vivo-cepea-esalq,Indicador do Suíno Vivo Cepea/Esalq,PR - a retirar,,variacao_pct,-0.35,"-0,35",%,change_pct,,pct,spot,,,physical
2026-04-10,suinos,indicador-do-suino-vivo-cepea-esalq,Indicador do Suíno Vivo Cepea/Esalq,RS - a retirar,,kg,5.84,"5,84",R$,price,BRL,,spot,,,physical
2026-04-10,suinos,indicador-do-suino-vivo-cepea-esalq,Indicador do Suíno Vivo Cepea/Esalq,RS - a retirar,,variacao_pct,-0.51,"-0,51",%,change_pct,,pct,spot,,,physical
2026-04-10,suinos,indicador-do-suino-vivo-cepea-esalq,Indicador do Suíno Vivo Cepea/Esalq,SC - a retirar,,kg,5.77,"5,77",R$,price,BRL,,spot,,,physical
2026-04-10,suinos,indicador-do-suino-vivo-cepea-esalq,Indicador do Suíno Vivo Cepea/Esalq,SC - a retirar,,variacao_pct,0.0,"0,00",%,change_pct,,pct,spot,,,physical
2026-04-10,suinos,indicador-do-suino-vivo-cepea-esalq,Indicador do Suíno Vivo Cepea/Esalq,SP - posto,,kg,6.17,"6,17",R$,price,BRL,,spot,,,physical
2026-04-10,suinos,indicador-do-suino-vivo-cepea-esalq,Indicador do Suíno Vivo Cepea/Esalq,SP - posto,,variacao_pct,-2.37,"-2,37",%,change_pct,,pct,spot,,,physical
2026-04-10,suinos,suinos-bolsas-e-associaces,Suínos - Bolsas e Associações,Mato Grosso,,preco_kg,5.9,"5,90",R$,price,BRL,,spot,,MT,physical
2026-04-10,suinos,suinos-bolsas-e-associaces,Suínos - Bolsas e Associações,Mato Grosso,,variacao_pct,0.0,"0,00",%,change_pct,,pct,spot,,MT,physical
2026-04-10,suinos,suinos-bolsas-e-associaces,Suínos - Bolsas e Associações,Minas Gerais,,preco_kg,5.7,"5,70",R$,price,BRL,,spot,,MG,physical
2026-04-10,suinos,suinos-bolsas-e-associaces,Suínos - Bolsas e Associações,Minas Gerais,,variacao_pct,0.0,"0,00",%,change_pct,,pct,spot,,MG,physical
2026-04-10,suinos,suinos-bolsas-e-associaces,Suínos - Bolsas e Associações,Paraná,,preco_kg,6.62,"6,62",R$,price,BRL,,spot,,PR,physical
2026-04-10,suinos,suinos-bolsas-e-associaces,Suínos - Bolsas e Associações,Paraná,,variacao_pct,0.0,"0,00",%,change_pct,,pct,spot,,PR,physical
2026-04-10,suinos,suinos-bolsas-e-associaces,Suínos - Bolsas e Associações,Rio Grande do Sul,,preco_kg,6.15,"6,15",R$,price,BRL,,spot,,RS,physical
2026-04-10,suinos,suinos-bolsas-e-associaces,Suínos - Bolsas e Associações,Rio Grande do Sul,,variacao_pct,-5.38,"-5,38",%,change_pct,,pct,spot,,RS,physical
2026-04-10,suinos,suinos-bolsas-e-associaces,Suínos - Bolsas e Associações,Santa Catarina,,preco_kg,5.95,"5,95",R$,price,BRL,,spot,,SC,physical
2026-04-10,suinos,suinos-bolsas-e-associaces,Suínos - Bolsas e Associações,Santa Catarina,,variacao_pct,0.0,"0,00",%,change_pct,,pct,spot,,SC,physical
2026-04-10,suinos,suinos-bolsas-e-associaces,Suínos - Bolsas e Associações,São Paulo,,preco_kg,6.51,"6,51",R$,price,BRL,,spot,,SP,physical
2026-04-10,suinos,suinos-bolsas-e-associaces,Suínos - Bolsas e Associações,São Paulo,,variacao_pct,0.0,"0,00",%,change_pct,,pct,spot,,SP,physical
2026-04-13,suinos,indicador-do-suino-vivo-cepea-esalq,Indicador do Suíno Vivo Cepea/Esalq,MG - posto,,kg,5.83,"5,83",R$,price,BRL,,spot,,,physical
2026-04-13,suinos,indicador-do-suino-vivo-cepea-esalq,Indicador do Suíno Vivo Cepea/Esalq,MG - posto,,variacao_pct,-3.64,"-3,64",%,change_pct,,pct,spot,,,physical
2026-04-13,suinos,indicador-do-suino-vivo-cepea-esalq,Indicador do Suíno Vivo Cepea/Esalq,PR - a retirar,,kg,5.6,"5,60",R$,price,BRL,,spot,,,physical
2026-04-13,suinos,indicador-do-suino-vivo-cepea-esalq,Indicador do Suíno Vivo Cepea/Esalq,PR - a retirar,,variacao_pct,-1.23,"-1,23",%,change_pct,,pct,spot,,,physical
2026-04-13,suinos,indicador-do-suino-vivo-cepea-esalq,Indicador do Suíno Vivo Cepea/Esalq,RS - a retirar,,kg,5.71,"5,71",R$,price,BRL,,spot,,,physical
2026-04-13,suinos,indicador-do-suino-vivo-cepea-esalq,Indicador do Suíno Vivo Cepea/Esalq,RS - a retirar,,variacao_pct,-2.23,"-2,23",%,change_pct,,pct,spot,,,physical
2026-04-13,suinos,indicador-do-suino-vivo-cepea-esalq,Indicador do Suíno Vivo Cepea/Esalq,SC - a retirar,,kg,5.65,"5,65",R$,price,BRL,,spot,,,physical
2026-04-13,suinos,indicador-do-suino-vivo-cepea-esalq,Indicador do Suíno Vivo Cepea/Esalq,SC - a retirar,,variacao_pct,-2.08,"-2,08",%,change_pct,,pct,spot,,,physical
2026-04-13,suinos,indicador-do-suino-vivo-cepea-esalq,Indicador do Suíno Vivo Cepea/Esalq,SP - posto,,kg,5.83,"5,83",R$,price,BRL,,spot,,,physical
2026-04-13,suinos,indicador-do-suino-vivo-cepea-esalq,Indicador do Suíno Vivo Cepea/Esalq,SP - posto,,variacao_pct,-5.51,"-5,51",%,change_pct,,pct,spot,,,physical
2026-04-13,suinos,suino-sp,Suíno (SP),Suíno CIF (@),,valor,112.0,"112,00",R$,price,BRL,,spot,,,physical
2026-04-13,suinos,suino-sp,Suíno (SP),Suíno CIF (@),,variacao_pct,-5.08,"-5,08",%,change_pct,,pct,spot,,,physical
2026-04-13,suinos,suino-sp,Suíno (SP),Suíno Carcaça Especial (kg),,valor,9.4,"9,40",R$,price,BRL,,spot,,,physical
2026-04-13,suinos,suino-sp,Suíno (SP),Suíno Carcaça Especial (kg),,variacao_pct,-2.08,"-2,08",%,change_pct,,pct,spot,,,physical
2026-04-13,suinos,suinos-bolsas-e-associaces,Suínos - Bolsas e Associações,Mato Grosso,,preco_kg,5.9,"5,90",R$,price,BRL,,spot,,MT,physical
2026-04-13,suinos,suinos-bolsas-e-associaces,Suínos - Bolsas e Associações,Mato Grosso,,variacao_pct,0.0,"0,00",%,change_pct,,pct,spot,,MT,physical
2026-04-13,suinos,suinos-bolsas-e-associaces,Suínos - Bolsas e Associações,Minas Gerais,,preco_kg,5.7,"5,70",R$,price,BRL,,spot,,MG,physical
2026-04-13,suinos,suinos-bolsas-e-associaces,Suínos - Bolsas e Associações,Minas Gerais,,variacao_pct,0.0,"0,00",%,change_pct,,pct,spot,,MG,physical
2026-04-13,suinos,suinos-bolsas-e-associaces,Suínos - Bolsas e Associações,Paraná,,preco_kg,6.62,"6,62",R$,price,BRL,,spot,,PR,physical
2026-04-13,suinos,suinos-bolsas-e-associaces,Suínos - Bolsas e Associações,Paraná,,variacao_pct,0.0,"0,00",%,change_pct,,pct,spot,,PR,physical
2026-04-13,suinos,suinos-bolsas-e-associaces,Suínos - Bolsas e Associações,Rio Grande do Sul,,preco_kg,6.15,"6,15",R$,price,BRL,,spot,,RS,physical
2026-04-13,suinos,suinos-bolsas-e-associaces,Suínos - Bolsas e Associações,Rio Grande do Sul,,variacao_pct,0.0,"0,00",%,change_pct,,pct,spot,,RS,physical
2026-04-13,suinos,suinos-bolsas-e-associaces,Suínos - Bolsas e Associações,Santa Catarina,,preco_kg,5.95,"5,95",R$,price,BRL,,spot,,SC,physical
2026-04-13,suinos,suinos-bolsas-e-associaces,Suínos - Bolsas e Associações,Santa Catarina,,variacao_pct,0.0,"0,00",%,change_pct,,pct,spot,,SC,physical
2026-04-13,suinos,suinos-bolsas-e-associaces,Suínos - Bolsas e Associações,São Paulo,,preco_kg,6.51,"6,51",R$,price,BRL,,spot,,SP,physical
2026-04-13,suinos,suinos-bolsas-e-associaces,Suínos - Bolsas e Associações,São Paulo,,variacao_pct,0.0,"0,00",%,change_pct,,pct,spot,,SP,physical
2026-04-14,suinos,indicador-do-suino-vivo-cepea-esalq,Indicador do Suíno Vivo Cepea/Esalq,MG - posto,,kg,5.65,"5,65",R$,price,BRL,,spot,,,physical
2026-04-14,suinos,indicador-do-suino-vivo-cepea-esalq,Indicador do Suíno Vivo Cepea/Esalq,MG - posto,,variacao_pct,-3.09,"-3,09",%,change_pct,,pct,spot,,,physical
2026-04-14,suinos,indicador-do-suino-vivo-cepea-esalq,Indicador do Suíno Vivo Cepea/Esalq,PR - a retirar,,kg,5.47,"5,47",R$,price,BRL,,spot,,,physical
2026-04-14,suinos,indicador-do-suino-vivo-cepea-esalq,Indicador do Suíno Vivo Cepea/Esalq,PR - a retirar,,variacao_pct,-2.32,"-2,32",%,change_pct,,pct,spot,,,physical
2026-04-14,suinos,indicador-do-suino-vivo-cepea-esalq,Indicador do Suíno Vivo Cepea/Esalq,RS - a retirar,,kg,5.66,"5,66",R$,price,BRL,,spot,,,physical
2026-04-14,suinos,indicador-do-suino-vivo-cepea-esalq,Indicador do Suíno Vivo Cepea/Esalq,RS - a retirar,,variacao_pct,-0.88,"-0,88",%,change_pct,,pct,spot,,,physical
2026-04-14,suinos,indicador-do-suino-vivo-cepea-esalq,Indicador do Suíno Vivo Cepea/Esalq,SC - a retirar,,kg,5.48,"5,48",R$,price,BRL,,spot,,,physical
2026-04-14,suinos,indicador-do-suino-vivo-cepea-esalq,Indicador do Suíno Vivo Cepea/Esalq,SC - a retirar,,variacao_pct,-3.01,"-3,01",%,change_pct,,pct,spot,,,physical
2026-04-14,suinos,indicador-do-suino-vivo-cepea-esalq,Indicador do Suíno Vivo Cepea/Esalq,SP - posto,,kg,5.81,"5,81",R$,price,BRL,,spot,,,physical
2026-04-14,suinos,indicador-do-suino-vivo-cepea-esalq,Indicador do Suíno Vivo Cepea/Esalq,SP - posto,,variacao_pct,-0.34,"-0,34",%,change_pct,,pct,spot,,,physical
2026-04-14,suinos,suino-sp,Suíno (SP),Suíno CIF (@),,valor,109.0,"109,00",R$,price,BRL,,spot,,,physical
2026-04-14,suinos,suino-sp,Suíno (SP),Suíno CIF (@),,variacao_pct,-2.68,"-2,68",%,change_pct,,pct,spot,,,physical
2026-04-14,suinos,suino-sp,Suíno (SP),Suíno Carcaça Especial (kg),,valor,9.4,"9,40",R$,price,BRL,,spot,,,physical
2026-04-14,suinos,suino-sp,Suíno (SP),Suíno Carcaça Especial (kg),,variacao_pct,0.0,"0,00",%,change_pct,,pct,spot,,,physical
2026-04-14,suinos,suinos-bolsas-e-associaces,Suínos - Bolsas e Associações,Mato Grosso,,preco_kg,5.9,"5,90",R$,price,BRL,,spot,,MT,physical
2026-04-14,suinos,suinos-bolsas-e-associaces,Suínos - Bolsas e Associações,Mato Grosso,,variacao_pct,0.0,"0,00",%,change_pct,,pct,spot,,MT,physical
2026-04-14,suinos,suinos-bolsas-e-associaces,Suínos - Bolsas e Associações,Minas Gerais,,preco_kg,5.7,"5,70",R$,price,BRL,,spot,,MG,physical
2026-04-14,suinos,suinos-bolsas-e-associaces,Suínos - Bolsas e Associações,Minas Gerais,,variacao_pct,0.0,"0,00",%,change_pct,,pct,spot,,MG,physical
2026-04-14,suinos,suinos-bolsas-e-associaces,Suínos - Bolsas e Associações,Paraná,,preco_kg,6.62,"6,62",R$,price,BRL,,spot,,PR,physical
2026-04-14,suinos,suinos-bolsas-e-associaces,Suínos - Bolsas e Associações,Paraná,,variacao_pct,0.0,"0,00",%,change_pct,,pct,spot,,PR,physical
2026-04-14,suinos,suinos-bolsas-e-associaces,Suínos - Bolsas e Associações,Rio Grande do Sul,,preco_kg,6.15,"6,15",R$,price,BRL,,spot,,RS,physical
2026-04-14,suinos,suinos-bolsas-e-associaces,Suínos - Bolsas e Associações,Rio Grande do Sul,,variacao_pct,0.0,"0,00",%,change_pct,,pct,spot,,RS,physical
2026-04-14,suinos,suinos-bolsas-e-associaces,Suínos - Bolsas e Associações,Santa Catarina,,preco_kg,5.95,"5,95",R$,price,BRL,,spot,,SC,physical
2026-04-14,suinos,suinos-bolsas-e-associaces,Suínos - Bolsas e Associações,Santa Catarina,,variacao_pct,0.0,"0,00",%,change_pct,,pct,spot,,SC,physical
2026-04-14,suinos,suinos-bolsas-e-associaces,Suínos - Bolsas e Associações,São Paulo,,preco_kg,6.51,"6,51",R$,price,BRL,,spot,,SP,physical
2026-04-14,suinos,suinos-bolsas-e-associaces,Suínos - Bolsas e Associações,São Paulo,,variacao_pct,0.0,"0,00",%,change_pct,,pct,spot,,SP,physical
2026-04-15,suinos,indicador-do-suino-vivo-cepea-esalq,Indicador do Suíno Vivo Cepea/Esalq,MG - posto,,kg,5.66,"5,66",R$,price,BRL,,spot,,,physical
2026-04-15,suinos,indicador-do-suino-vivo-cepea-esalq,Indicador do Suíno Vivo Cepea/Esalq,MG - posto,,variacao_pct,0.18,"+0,18",%,change_pct,,pct,spot,,,physical
2026-04-15,suinos,indicador-do-suino-vivo-cepea-esalq,Indicador do Suíno Vivo Cepea/Esalq,PR - a retirar,,kg,5.44,"5,44",R$,price,BRL,,spot,,,physical
2026-04-15,suinos,indicador-do-suino-vivo-cepea-esalq,Indicador do Suíno Vivo Cepea/Esalq,PR - a retirar,,variacao_pct,-0.55,"-0,55",%,change_pct,,pct,spot,,,physical
2026-04-15,suinos,indicador-do-suino-vivo-cepea-esalq,Indicador do Suíno Vivo Cepea/Esalq,RS - a retirar,,kg,5.57,"5,57",R$,price,BRL,,spot,,,physical
2026-04-15,suinos,indicador-do-suino-vivo-cepea-esalq,Indicador do Suíno Vivo Cepea/Esalq,RS - a retirar,,variacao_pct,-1.59,"-1,59",%,change_pct,,pct,spot,,,physical
2026-04-15,suinos,indicador-do-suino-vivo-cepea-esalq,Indicador do Suíno Vivo Cepea/Esalq,SC - a retirar,,kg,5.37,"5,37",R$,price,BRL,,spot,,,physical
2026-04-15,suinos,indicador-do-suino-vivo-cepea-esalq,Indicador do Suíno Vivo Cepea/Esalq,SC - a retirar,,variacao_pct,-2.01,"-2,01",%,change_pct,,pct,spot,,,physical
2026-04-15,suinos,indicador-do-suino-vivo-cepea-esalq,Indicador do Suíno Vivo Cepea/Esalq,SP - posto,,kg,5.81,"5,81",R$,price,BRL,,spot,,,physical
2026-04-15,suinos,indicador-do-suino-vivo-cepea-esalq,Indicador do Suíno Vivo Cepea/Esalq,SP - posto,,variacao_pct,0.0,"0,00",%,change_pct,,pct,spot,,,physical
2026-04-15,suinos,suino-sp,Suíno (SP),Suíno CIF (@),,valor,109.0,"109,00",R$,price,BRL,,spot,,,physical
2026-04-15,suinos,suino-sp,Suíno (SP),Suíno CIF (@),,variacao_pct,0.0,"0,00",%,change_pct,,pct,spot,,,physical
2026-04-15,suinos,suino-sp,Suíno (SP),Suíno Carcaça Especial (kg),,valor,9.3,"9,30",R$,price,BRL,,spot,,,physical
2026-04-15,suinos,suino-sp,Suíno (SP),Suíno Carcaça Especial (kg),,variacao_pct,-1.06,"-1,06",%,change_pct,,pct,spot,,,physical
2026-04-15,suinos,suinos-bolsas-e-associaces,Suínos - Bolsas e Associações,Mato Grosso,,preco_kg,5.9,"5,90",R$,price,BRL,,spot,,MT,physical
2026-04-15,suinos,suinos-bolsas-e-associaces,Suínos - Bolsas e Associações,Mato Grosso,,variacao_pct,0.0,"0,00",%,change_pct,,pct,spot,,MT,physical
2026-04-15,suinos,suinos-bolsas-e-associaces,Suínos - Bolsas e Associações,Minas Gerais,,preco_kg,5.7,"5,70",R$,price,BRL,,spot,,MG,physical
2026-04-15,suinos,suinos-bolsas-e-associaces,Suínos - Bolsas e Associações,Minas Gerais,,variacao_pct,0.0,"0,00",%,change_pct,,pct,spot,,MG,physical
2026-04-15,suinos,suinos-bolsas-e-associaces,Suínos - Bolsas e Associações,Paraná,,preco_kg,6.62,"6,62",R$,price,BRL,,spot,,PR,physical
2026-04-15,suinos,suinos-bolsas-e-associaces,Suínos - Bolsas e Associações,Paraná,,variacao_pct,0.0,"0,00",%,change_pct,,pct,spot,,PR,physical
2026-04-15,suinos,suinos-bolsas-e-associaces,Suínos - Bolsas e Associações,Rio Grande do Sul,,preco_kg,6.15,"6,15",R$,price,BRL,,spot,,RS,physical
2026-04-15,suinos,suinos-bolsas-e-associaces,Suínos - Bolsas e Associações,Rio Grande do Sul,,variacao_pct,0.0,"0,00",%,change_pct,,pct,spot,,RS,physical
2026-04-15,suinos,suinos-bolsas-e-associaces,Suínos - Bolsas e Associações,Santa Catarina,,preco_kg,5.95,"5,95",R$,price,BRL,,spot,,SC,physical
2026-04-15,suinos,suinos-bolsas-e-associaces,Suínos - Bolsas e Associações,Santa Catarina,,variacao_pct,0.0,"0,00",%,change_pct,,pct,spot,,SC,physical
2026-04-15,suinos,suinos-bolsas-e-associaces,Suínos - Bolsas e Associações,São Paulo,,preco_kg,6.51,"6,51",R$,price,BRL,,spot,,SP,physical
2026-04-15,suinos,suinos-bolsas-e-associaces,Suínos - Bolsas e Associações,São Paulo,,variacao_pct,0.0,"0,00",%,change_pct,,pct,spot,,SP,physical
2026-04-16,suinos,indicador-do-suino-vivo-cepea-esalq,Indicador do Suíno Vivo Cepea/Esalq,MG - posto,,kg,5.66,"5,66",R$,price,BRL,,spot,,,physical
2026-04-16,suinos,indicador-do-suino-vivo-cepea-esalq,Indicador do Suíno Vivo Cepea/Esalq,MG - posto,,variacao_pct,0.0,"0,00",%,change_pct,,pct,spot,,,physical
2026-04-16,suinos,indicador-do-suino-vivo-cepea-esalq,Indicador do Suíno Vivo Cepea/Esalq,PR - a retirar,,kg,5.36,"5,36",R$,price,BRL,,spot,,,physical
2026-04-16,suinos,indicador-do-suino-vivo-cepea-esalq,Indicador do Suíno Vivo Cepea/Esalq,PR - a retirar,,variacao_pct,-1.47,"-1,47",%,change_pct,,pct,spot,,,physical
2026-04-16,suinos,indicador-do-suino-vivo-cepea-esalq,Indicador do Suíno Vivo Cepea/Esalq,RS - a retirar,,kg,5.57,"5,57",R$,price,BRL,,spot,,,physical
2026-04-16,suinos,indicador-do-suino-vivo-cepea-esalq,Indicador do Suíno Vivo Cepea/Esalq,RS - a retirar,,variacao_pct,0.0,"0,00",%,change_pct,,pct,spot,,,physical
2026-04-16,suinos,indicador-do-suino-vivo-cepea-esalq,Indicador do Suíno Vivo Cepea/Esalq,SC - a retirar,,kg,5.19,"5,19",R$,price,BRL,,spot,,,physical
2026-04-16,suinos,indicador-do-suino-vivo-cepea-esalq,Indicador do Suíno Vivo Cepea/Esalq,SC - a retirar,,variacao_pct,-3.35,"-3,35",%,change_pct,,pct,spot,,,physical
2026-04-16,suinos,indicador-do-suino-vivo-cepea-esalq,Indicador do Suíno Vivo Cepea/Esalq,SP - posto,,kg,5.81,"5,81",R$,price,BRL,,spot,,,physical
2026-04-16,suinos,indicador-do-suino-vivo-cepea-esalq,Indicador do Suíno Vivo Cepea/Esalq,SP - posto,,variacao_pct,0.0,"0,00",%,change_pct,,pct,spot,,,physical
2026-04-16,suinos,suinos-bolsas-e-associaces,Suínos - Bolsas e Associações,Mato Grosso,,preco_kg,5.8,"5,80",R$,price,BRL,,spot,,MT,physical
2026-04-16,suinos,suinos-bolsas-e-associaces,Suínos - Bolsas e Associações,Mato Grosso,,variacao_pct,-1.69,"-1,69",%,change_pct,,pct,spot,,MT,physical
2026-04-16,suinos,suinos-bolsas-e-associaces,Suínos - Bolsas e Associações,Minas Gerais,,preco_kg,5.7,"5,70",R$,price,BRL,,spot,,MG,physical
2026-04-16,suinos,suinos-bolsas-e-associaces,Suínos - Bolsas e Associações,Minas Gerais,,variacao_pct,0.0,"0,00",%,change_pct,,pct,spot,,MG,physical
2026-04-16,suinos,suinos-bolsas-e-associaces,Suínos - Bolsas e Associações,Paraná,,preco_kg,5.8,"5,80",R$,price,BRL,,spot,,PR,physical
2026-04-16,suinos,suinos-bolsas-e-associaces,Suínos - Bolsas e Associações,Paraná,,variacao_pct,-12.39,"-12,39",%,change_pct,,pct,spot,,PR,physical
2026-04-16,suinos,suinos-bolsas-e-associaces,Suínos - Bolsas e Associações,Rio Grande do Sul,,preco_kg,6.15,"6,15",R$,price,BRL,,spot,,RS,physical
2026-04-16,suinos,suinos-bolsas-e-associaces,Suínos - Bolsas e Associações,Rio Grande do Sul,,variacao_pct,0.0,"0,00",%,change_pct,,pct,spot,,RS,physical
2026-04-16,suinos,suinos-bolsas-e-associaces,Suínos - Bolsas e Associações,Santa Catarina,,preco_kg,5.68,"5,68",R$,price,BRL,,spot,,SC,physical
2026-04-16,suinos,suinos-bolsas-e-associaces,Suínos - Bolsas e Associações,Santa Catarina,,variacao_pct,-4.54,"-4,54",%,change_pct,,pct,spot,,SC,physical
2026-04-16,suinos,suinos-bolsas-e-associaces,Suínos - Bolsas e Associações,São Paulo,,preco_kg,5.86,"5,86",R$,price,BRL,,spot,,SP,physical
2026-04-16,suinos,suinos-bolsas-e-associaces,Suínos - Bolsas e Associações,São Paulo,,variacao_pct,-9.98,"-9,98",%,change_pct,,pct,spot,,SP,physical
